{"type":"Feature","properties":{"GID_1":"IDN.34_1","GID_0":"IDN","country":"Indonesia","province":"KalimantanTimur","VARNAME_1":"NA","NL_NAME_1":"NA","TYPE_1":"Propinisi","ENGTYPE_1":"Province","CC_1":"64","HASC_1":"ID.KM","ISO_1":"ID-KI","name":"Kalimantan_Timur.province"},
"geometry":{"type": "MultiPolygon","coordinates": [[[[117.8559,1.9753,15.8186],[117.8557,1.9775,11.4296],[117.8458,1.989,12.8572],[117.8447,1.9951,5.2662],[117.84,2.0042,3.4067],[117.834,2.0093,2.638],[117.8295,2.0097,16.8114],[117.8258,2.0075,13.0888],[117.8242,2.0008,4.0282],[117.8206,1.9965,3.9269],[117.8209,1.9867,8.7623],[117.8181,1.9856,6.8644],[117.8112,1.9877,9.376],[117.8073,1.9864,5.8497],[117.808,1.9837,44.8776],[117.8137,1.9815,2.6039],[117.8156,1.9758,5.5842],[117.8202,1.9716,10.3905],[117.8159,1.974,7.8834],[117.8158,1.9706,3.9236],[117.8209,1.9657,4.7593],[117.8214,1.9616,3.2378],[117.8244,1.9577,7.4642],[117.8282,1.9565,4.6458],[117.831,1.9536,7.1197],[117.8378,1.9545,7.0136],[117.8395,1.9512,8.2561],[117.844,1.9507,3.0587],[117.8401,1.9549,9.0846],[117.84031768397034,1.95608516828294,5.566],[117.8434,1.9535,11.7561],[117.8465,1.958,7.8802],[117.8573,1.9606,3.675],[117.8621,1.9661,13.1295],[117.8584,1.9742,5.5098],[117.8559,1.9753,15.8186]],
[[117.84031768397034,1.95608516828294,5.566],[117.8403,1.9561,5.566],[117.841,1.9598,10.6656],[117.84031768397034,1.95608516828294,5.566]]],
[[[117.8149,2.091,1.4932],[117.8308,2.0968,1.4431],[117.8271,2.1061,1.0034],[117.8123,2.1103,1.0],[117.7956,2.1097,0.666],[117.7905,2.0994,3.0732],[117.7882,2.0978,0.0],[117.7844,2.0963,5.382],[117.7762,2.0967,3.666],[117.7785,2.092,1.7561],[117.7783,2.0832,2.6503],[117.7801,2.0799,2.6536],[117.7795,2.0724,4.749],[117.775,2.0727,3.5288],[117.7738,2.0692,8.7004],[117.7688,2.0651,2.6253],[117.7665,2.0658,3.74],[117.7627,2.0713,12.4999],[117.7566,2.072,8.7563],[117.7545,2.0654,4.498],[117.752,2.0635,3.216],[117.7529,2.0567,2.4674],[117.7568,2.0544,2.7571],[117.761,2.0543,1.5459],[117.7645,2.0498,0.5],[117.7664,2.0507,3.468],[117.7684,2.0555,10.1521],[117.7708,2.0554,2.4524],[117.7741,2.048,0.5],[117.7804,2.0525,2.7765],[117.7843,2.0512,3.9558],[117.7871,2.0467,0.5],[117.7881,2.0359,3.7666],[117.7973,2.0411,2.4294],[117.8015,2.0419,0.0],[117.8056,2.0486,4.9187],[117.8051,2.057,1.2208],[117.8129,2.0589,8.1616],[117.8192,2.0646,7.1226],[117.8231,2.0716,2.459],[117.8227,2.0784,5.7122],[117.8189,2.0803,3.7471],[117.8143,2.0801,1.7988],[117.813,2.0751,4.3532],[117.8081,2.0735,6.6486],[117.8028,2.0749,1.5],[117.7994,2.0795,4.4183],[117.7939,2.0787,1.7622],[117.7924,2.0749,3.5809],[117.7948,2.0696,2.6962],[117.7949,2.0674,3.4733],[117.7928,2.0612,6.1366],[117.7868,2.0579,5.7743],[117.7835,2.0592,6.1721],[117.7819,2.062,8.3849],[117.786,2.0585,7.9724],[117.7916,2.0607,5.1561],[117.7947,2.0685,3.4733],[117.7922,2.0735,3.5774],[117.7919,2.0768,3.8457],[117.7929,2.0787,1.7622],[117.7951,2.08,2.172],[117.8005,2.0799,4.4183],[117.8023,2.0763,4.2132],[117.8057,2.0744,3.4157],[117.8124,2.0754,3.3069],[117.8135,2.0795,1.7988],[117.8116,2.082,2.3903],[117.8097,2.0834,2.3087],[117.8077,2.0802,5.0142],[117.8092,2.084,0.0],[117.8029,2.0845,5.2535],[117.8016,2.0855,3.7072],[117.8019,2.088,5.6153],[117.8064,2.0903,6.5214],[117.8064,2.0889,6.5214],[117.8019,2.0872,5.6153],[117.8037,2.0849,5.2535],[117.8091,2.0846,0.0],[117.8098,2.0884,1.9926],[117.8149,2.091,1.4932]],
[[117.8064,2.0903,6.5214],[117.8029,2.0941,4.9],[117.8007,2.0887,5.6153],[117.8014,2.093,3.9601],[117.8022,2.0942,1.776],[117.8046,2.0942,4.9],[117.8064,2.091,6.2536],[117.8064,2.0903,6.5214]]],
[[[117.3469,-0.6914,6.6308],[117.3462,-0.6868,4.7439],[117.3416,-0.6838,5.8093],[117.3399,-0.685,6.9802],[117.3377,-0.6839,4.8088],[117.3394,-0.684,4.8088],[117.34,-0.6846,6.9802],[117.3418,-0.6833,5.5504],[117.3465,-0.6863,4.7439],[117.3525,-0.6826,0.0],[117.3437,-0.6773,9.6217],[117.3396,-0.6716,9.111],[117.3309,-0.6714,9.4918],[117.3282,-0.6683,7.1178],[117.3255,-0.6688,7.7395],[117.3256,-0.6719,9.3777],[117.3225,-0.6775,7.9466],[117.3253,-0.6714,8.9192],[117.3241,-0.6699,8.3661],[117.3241,-0.6677,7.6067],[117.322,-0.6671,9.6437],[117.3244,-0.6673,7.6067],[117.3257,-0.6684,7.7395],[117.3291,-0.6654,4.3007],[117.336,-0.6637,6.175],[117.3381,-0.6582,5.7034],[117.3354,-0.6554,4.1548],[117.3325,-0.6586,4.3906],[117.3279,-0.6601,7.6681],[117.3247,-0.6551,8.2553],[117.3204,-0.6553,7.865],[117.3227,-0.6538,8.048],[117.3243,-0.6545,4.6885],[117.3239,-0.6493,4.6131],[117.3197,-0.6476,3.3982],[117.3225,-0.6461,6.2008],[117.3236,-0.6434,2.1951],[117.3201,-0.6398,4.6808],[117.322,-0.6358,2.9513],[117.3198,-0.6336,2.886],[117.3221,-0.6325,3.6427],[117.3085,-0.6172,3.3959],[117.3008,-0.6133,1.4808],[117.3,-0.6296,2.2914],[117.3038,-0.6431,0.0],[117.3045,-0.6347,3.6991],[117.3052,-0.6356,4.8308],[117.3044,-0.6478,0.0],[117.3068,-0.6621,1.2249],[117.315,-0.6793,0.0],[117.313,-0.6584,5.2413],[117.3111,-0.6556,4.5444],[117.3119,-0.647,5.7216],[117.3123,-0.6506,5.7769],[117.3118,-0.6555,4.5444],[117.3136,-0.6584,5.2413],[117.3157,-0.6796,0.0],[117.32,-0.6878,1.6012],[117.3242,-0.7177,1.6089],[117.3303,-0.7141,5.7406],[117.3265,-0.71,6.8798],[117.3265,-0.7067,4.1395],[117.329,-0.7062,9.2319],[117.3321,-0.7091,6.3535],[117.3338,-0.7079,7.125],[117.3316,-0.7041,6.4541],[117.3315,-0.7018,6.9977],[117.3346,-0.6956,8.1069],[117.3305,-0.6947,9.1461],[117.3311,-0.6978,7.944],[117.3299,-0.6948,9.1461],[117.3317,-0.6936,6.9404],[117.3299,-0.6932,7.8685],[117.329,-0.6912,7.7107],[117.3301,-0.692,8.5111],[117.33,-0.6929,8.5111],[117.3319,-0.6927,7.7099],[117.3329,-0.6947,8.6938],[117.3376,-0.6957,9.4456],[117.3387,-0.6985,9.0494],[117.3416,-0.6947,8.2052],[117.3391,-0.6989,9.0494],[117.3376,-0.6991,9.3534],[117.3379,-0.6967,8.9253],[117.3362,-0.6959,9.4456],[117.3321,-0.7009,5.2125],[117.3322,-0.7043,6.4541],[117.3345,-0.7074,7.125],[117.3337,-0.7093,5.8416],[117.332,-0.7098,9.8894],[117.3283,-0.7065,8.9623],[117.3268,-0.7073,4.1395],[117.3271,-0.7097,6.8798],[117.3306,-0.712,6.2443],[117.3318,-0.7149,8.9069],[117.3261,-0.7176,7.7918],[117.3265,-0.7221,5.9706],[117.3402,-0.7361,8.3391],[117.3388,-0.7378,9.9758],[117.3404,-0.7392,9.901],[117.3385,-0.7396,8.6656],[117.3373,-0.7446,11.2437],[117.332,-0.75,4.3946],[117.3338,-0.7582,0.0],[117.338,-0.763,1.064],[117.349,-0.769,5.0453],[117.3534,-0.7753,5.3043],[117.3541,-0.7822,0.0],[117.3616,-0.8035,2.567],[117.3658,-0.8095,0.9365],[117.3775,-0.8199,0.0],[117.3826,-0.8284,3.2198],[117.3868,-0.8433,0.0],[117.3997,-0.8564,0.125],[117.4033,-0.8636,0.0],[117.4084,-0.8831,0.0],[117.416,-0.8862,2.8822],[117.4232,-0.8807,1.405],[117.4222,-0.8762,0.1549],[117.4153,-0.8719,1.095],[117.4191,-0.8651,0.25],[117.4129,-0.8645,1.8129],[117.4138,-0.8658,0.25],[117.41358,-0.866372,1.5727],[117.4126,-0.865,0.6186],[117.4131,-0.8641,1.8129],[117.4193,-0.8647,0.25],[117.4254,-0.8614,0.6927],[117.4262,-0.8579,2.2311],[117.4245,-0.8571,5.7735],[117.425,-0.8567,5.7735],[117.4257,-0.8573,5.7735],[117.4261,-0.8567,5.7735],[117.4247,-0.8535,1.3293],[117.4258,-0.854,1.3293],[117.4263,-0.8566,2.2311],[117.4291,-0.8569,2.1284],[117.428,-0.8594,1.6336],[117.4287,-0.8575,2.1284],[117.4264,-0.857,2.2311],[117.4268,-0.8631,1.1694],[117.4249,-0.867,3.306],[117.4279,-0.8683,4.4343],[117.4327,-0.8667,0.8661],[117.4329,-0.8693,1.1372],[117.4357,-0.8707,1.5919],[117.4374,-0.8754,1.5337],[117.4392,-0.8748,2.5621],[117.4391,-0.8756,2.5621],[117.4366,-0.8758,1.5337],[117.4369,-0.8784,1.1227],[117.4363,-0.8737,1.2921],[117.4334,-0.8757,1.6625],[117.4368,-0.8842,1.2551],[117.4396,-0.8825,2.6127],[117.4369,-0.8785,1.1227],[117.4381,-0.8795,1.1227],[117.4399,-0.8825,2.6127],[117.4379,-0.8844,1.2551],[117.4352,-0.8858,0.8905],[117.4363,-0.8892,1.9577],[117.4422,-0.8892,5.6847],[117.4458,-0.8853,0.0],[117.4464,-0.8793,2.7528],[117.4365,-0.8641,0.0],[117.4343,-0.8544,1.4082],[117.4343,-0.8446,2.6692],[117.4307,-0.8437,1.6531],[117.4314,-0.8462,3.835],[117.4294,-0.8489,1.5474],[117.4294,-0.8485,1.5474],[117.4311,-0.8464,1.4341],[117.4304,-0.8439,1.6531],[117.4186,-0.8432,1.9711],[117.4035,-0.8379,1.1141],[117.4032,-0.8433,0.5],[117.4045,-0.846,2.7716],[117.4059,-0.8461,5.5674],[117.4058,-0.8446,5.5674],[117.4069,-0.8441,3.6159],[117.4065,-0.8457,5.5674],[117.4075,-0.8452,5.5674],[117.4081,-0.8453,1.6223],[117.4082,-0.8459,1.6223],[117.4066,-0.8471,2.3206],[117.4067,-0.8463,2.3206],[117.4081,-0.8457,1.6223],[117.4064,-0.846,5.5674],[117.4066,-0.8443,3.6159],[117.4059,-0.8463,2.3206],[117.4017,-0.8466,4.3006],[117.4014,-0.8476,0.631],[117.4027,-0.8472,4.3006],[117.4041,-0.848,1.7437],[117.4043,-0.8493,1.7437],[117.403,-0.8503,0.5],[117.4053,-0.8517,2.3535],[117.4049,-0.8531,0.5],[117.4073,-0.8527,0.689],[117.4079,-0.8546,3.7736],[117.409,-0.8533,3.0447],[117.4076,-0.856,0.5],[117.4088,-0.8564,1.288],[117.4075,-0.8563,0.5],[117.4072,-0.8531,1.9279],[117.406,-0.8538,1.9279],[117.405,-0.8534,0.5],[117.4028,-0.8505,0.5],[117.4029,-0.8499,0.5],[117.4041,-0.8492,1.7437],[117.4039,-0.8481,1.7437],[117.4029,-0.8474,4.3006],[117.4017,-0.848,0.8387],[117.4012,-0.8476,0.631],[117.4012,-0.847,0.631],[117.4015,-0.8465,4.3006],[117.4041,-0.846,2.7716],[117.4028,-0.8434,0.5],[117.4031,-0.838,0.9731],[117.3984,-0.8389,1.3172],[117.3995,-0.8394,0.8986],[117.3996,-0.84,0.6243],[117.3975,-0.8439,0.5],[117.398,-0.8415,1.5303],[117.3992,-0.8395,1.3172],[117.3909,-0.8368,1.7356],[117.3904,-0.8359,0.571],[117.3942,-0.83,1.1945],[117.3931,-0.8272,1.6123],[117.3914,-0.8287,2.2992],[117.3897,-0.8274,1.421],[117.3915,-0.8281,2.2992],[117.3925,-0.8266,1.6123],[117.3922,-0.8253,1.3594],[117.3929,-0.8245,1.802],[117.3911,-0.8228,0.1472],[117.3939,-0.8251,3.1897],[117.3953,-0.8242,1.8078],[117.3942,-0.8253,3.1897],[117.3925,-0.8255,1.3594],[117.3947,-0.8306,1.1945],[117.3967,-0.8304,1.941],[117.3985,-0.8315,3.4409],[117.3977,-0.8318,3.4409],[117.3966,-0.8308,1.941],[117.3962,-0.8317,4.2129],[117.3943,-0.8312,1.1945],[117.3908,-0.8365,1.7356],[117.3936,-0.8367,1.6192],[117.3978,-0.8388,1.3172],[117.4013,-0.8373,0.8141],[117.4035,-0.8372,1.1141],[117.4109,-0.8398,0.9991],[117.3983,-0.8035,0.25],[117.3953,-0.8056,2.332],[117.3978,-0.8085,2.7944],[117.3975,-0.8102,1.3279],[117.393,-0.8134,1.6255],[117.3893,-0.8116,3.9709],[117.392,-0.8148,3.272],[117.3876,-0.8185,0.3131],[117.3857,-0.8176,2.6699],[117.3864,-0.8154,5.096],[117.3838,-0.8168,3.1353],[117.3845,-0.8155,1.39],[117.3858,-0.8151,5.096],[117.3848,-0.8125,1.07],[117.3813,-0.8126,1.8441],[117.3826,-0.8091,0.125],[117.3783,-0.8103,0.5],[117.376,-0.8088,3.564],[117.3741,-0.8103,2.7049],[117.3746,-0.8093,3.228],[117.3762,-0.8085,3.564],[117.3776,-0.8087,0.6879],[117.3781,-0.8097,0.5],[117.377,-0.8063,1.4579],[117.3781,-0.8072,1.4579],[117.3806,-0.8057,2.2255],[117.3776,-0.8003,1.5813],[117.3791,-0.8007,3.3738],[117.3809,-0.8035,1.5965],[117.3811,-0.8051,5.918],[117.3843,-0.8044,3.0717],[117.3855,-0.8015,2.9677],[117.3832,-0.8018,5.2042],[117.3813,-0.7979,5.5686],[117.3836,-0.7962,3.869],[117.3831,-0.7973,2.0977],[117.3818,-0.7981,4.4148],[117.3819,-0.7987,4.4148],[117.3831,-0.799,1.1764],[117.3835,-0.8011,1.4849],[117.3858,-0.8012,1.7588],[117.3877,-0.8039,5.845],[117.389,-0.8027,6.6692],[117.3889,-0.8041,5.845],[117.3874,-0.8044,5.845],[117.3857,-0.8031,6.5786],[117.3836,-0.806,5.2179],[117.3814,-0.8054,5.918],[117.3785,-0.8083,0.6879],[117.383,-0.8088,7.9867],[117.383,-0.8105,4.5173],[117.3816,-0.8119,1.8441],[117.3851,-0.8117,3.424],[117.3875,-0.8153,3.6179],[117.3864,-0.8176,2.6699],[117.3876,-0.8177,0.8849],[117.3913,-0.8149,3.272],[117.3887,-0.8126,4.0889],[117.3891,-0.8109,5.4845],[117.3925,-0.8126,1.7243],[117.3971,-0.8095,4.8316],[117.3946,-0.8053,4.5996],[117.397,-0.8015,0.25],[117.3908,-0.7792,1.0141],[117.388,-0.7769,0.6788],[117.3807,-0.7809,2.6463],[117.3829,-0.7846,7.2742],[117.3804,-0.781,2.6463],[117.374,-0.7812,0.0],[117.3736,-0.7822,0.5],[117.3738,-0.7849,2.0664],[117.3733,-0.7864,1.2556],[117.3694,-0.7912,1.5859],[117.3695,-0.7937,3.3996],[117.3721,-0.7961,1.125],[117.3692,-0.7942,3.3996],[117.3692,-0.7896,1.5859],[117.3676,-0.7884,2.2227],[117.3701,-0.789,4.1248],[117.3735,-0.7849,2.0664],[117.3712,-0.7732,0.0],[117.3685,-0.771,3.781],[117.3706,-0.7716,0.0],[117.3711,-0.7726,0.0],[117.3737,-0.7685,0.9322],[117.3783,-0.7665,11.1033],[117.3777,-0.764,2.8702],[117.3723,-0.7592,0.5866],[117.3713,-0.7495,1.0821],[117.3674,-0.7483,1.9305],[117.3677,-0.7574,0.0],[117.3664,-0.7589,1.3555],[117.3638,-0.7578,1.2982],[117.363,-0.7543,0.0],[117.3599,-0.7543,0.0],[117.3548,-0.7559,1.0248],[117.3587,-0.7571,1.2719],[117.3598,-0.7606,2.6843],[117.3566,-0.7591,0.7046],[117.3522,-0.7605,0.9347],[117.35,-0.7585,1.8046],[117.3484,-0.7592,1.8046],[117.3478,-0.7626,3.6548],[117.3508,-0.7621,2.4804],[117.3514,-0.764,3.9952],[117.3509,-0.7663,1.5127],[117.3539,-0.7648,3.7942],[117.3544,-0.7661,0.8401],[117.3536,-0.7651,3.7942],[117.3518,-0.7665,1.5127],[117.3508,-0.7664,1.5127],[117.3505,-0.7655,2.0665],[117.3513,-0.7641,3.9952],[117.3508,-0.7623,2.4804],[117.3479,-0.763,1.0],[117.3475,-0.7625,3.6548],[117.3471,-0.7613,3.6548],[117.3482,-0.7585,1.8046],[117.3497,-0.7577,1.6882],[117.3486,-0.7552,3.0552],[117.3464,-0.756,2.2072],[117.3457,-0.7557,2.9198],[117.3451,-0.7529,2.3411],[117.3461,-0.7534,0.75],[117.3462,-0.7536,0.75],[117.346,-0.7558,2.2072],[117.3474,-0.7548,2.2072],[117.3486,-0.7549,3.0552],[117.3519,-0.7599,1.1002],[117.3582,-0.7579,0.4777],[117.3538,-0.7562,1.3854],[117.357,-0.754,0.25],[117.3555,-0.7495,1.2068],[117.3562,-0.7471,0.599],[117.3587,-0.7467,0.5871],[117.357,-0.7439,1.1676],[117.3543,-0.7429,1.4022],[117.3512,-0.7445,0.375],[117.3511,-0.7422,0.7675],[117.3595,-0.7417,0.0],[117.3546,-0.7342,2.3554],[117.3511,-0.7336,0.821],[117.3491,-0.7313,3.0417],[117.3519,-0.7334,0.821],[117.3538,-0.7331,2.6478],[117.3534,-0.7313,1.0],[117.3569,-0.7368,1.2911],[117.3606,-0.7377,0.25],[117.3613,-0.7345,0.8755],[117.3581,-0.7329,1.4924],[117.3582,-0.7302,1.2251],[117.3587,-0.7326,1.5428],[117.3606,-0.7331,0.8755],[117.3628,-0.7292,1.7619],[117.3612,-0.7378,0.25],[117.3602,-0.7382,0.0],[117.3586,-0.7373,1.8057],[117.3608,-0.7412,0.7601],[117.3585,-0.7431,1.1563],[117.3602,-0.7469,0.5871],[117.3563,-0.7493,0.5088],[117.3582,-0.7529,0.0],[117.3632,-0.7525,6.0322],[117.3657,-0.7568,0.0],[117.3664,-0.7474,0.8605],[117.37,-0.7471,0.0],[117.374,-0.7504,1.7458],[117.3776,-0.7491,7.566],[117.3807,-0.7388,4.1994],[117.3879,-0.7389,1.8508],[117.3891,-0.7373,8.556],[117.3863,-0.7306,9.0971],[117.3814,-0.7256,1.5046],[117.3808,-0.7367,9.641],[117.3744,-0.7433,8.1483],[117.3805,-0.7367,9.641],[117.3803,-0.7247,4.4012],[117.3743,-0.7179,0.0],[117.3642,-0.7206,6.093],[117.361,-0.7169,1.1429],[117.3602,-0.711,8.0708],[117.3573,-0.7093,4.1889],[117.3534,-0.709,4.6912],[117.3509,-0.7111,1.794],[117.3522,-0.716,9.7785],[117.3506,-0.7181,7.9828],[117.3445,-0.7193,4.7897],[117.3424,-0.7214,8.2634],[117.3408,-0.7209,6.9757],[117.34,-0.7191,8.5434],[117.3397,-0.7201,7.9251],[117.3396,-0.7186,9.1281],[117.3417,-0.7207,6.9757],[117.3438,-0.7187,9.2155],[117.3501,-0.7176,4.3741],[117.3497,-0.7113,8.8032],[117.3529,-0.7086,4.6912],[117.3568,-0.7086,4.1889],[117.3612,-0.7106,1.4106],[117.3643,-0.7068,8.2677],[117.3625,-0.7049,4.313],[117.3573,-0.7036,6.9944],[117.3563,-0.6966,1.8484],[117.3534,-0.6977,6.5276],[117.351,-0.6966,6.5561],[117.3484,-0.6994,6.9931],[117.3505,-0.6963,6.5561],[117.3531,-0.6973,6.5276],[117.3543,-0.6961,4.0724],[117.349,-0.6943,6.2054],[117.3469,-0.6914,6.6308]],
[[117.41358,-0.866372,1.5727],[117.4136,-0.8664,1.5727],[117.4135,-0.86658,1.5727],[117.41358,-0.866372,1.5727]],
[[117.4135,-0.86658,1.5727],[117.4128,-0.8684,2.3843],[117.4093,-0.8692,1.7413],[117.4094,-0.8714,1.0735],[117.409,-0.8688,1.7413],[117.4096,-0.8677,0.6586],[117.4126,-0.8682,2.3843],[117.4135,-0.86658,1.5727]]],
[[[117.5089,-0.663,0.5408],[117.4997,-0.6641,0.6789],[117.4945,-0.6603,0.0],[117.4898,-0.6502,0.5],[117.4841,-0.6496,0.5],[117.4831,-0.6525,0.0],[117.4873,-0.6599,0.0],[117.4913,-0.6619,1.5755],[117.4928,-0.6665,2.7292],[117.4985,-0.6696,0.6465],[117.5,-0.6756,2.9224],[117.4982,-0.6767,0.0],[117.4953,-0.6739,3.4504],[117.4935,-0.6745,1.3284],[117.4938,-0.681,0.8577],[117.4905,-0.6823,0.9122],[117.4895,-0.6845,0.9537],[117.49,-0.6828,0.9122],[117.4866,-0.6825,0.2183],[117.4933,-0.681,0.8577],[117.4931,-0.6751,0.7103],[117.4915,-0.6765,0.0],[117.4904,-0.675,0.0],[117.4919,-0.6759,0.0],[117.4931,-0.6729,2.537],[117.4987,-0.6754,2.9224],[117.4977,-0.6705,3.7979],[117.4927,-0.6674,2.7292],[117.4901,-0.6618,1.5755],[117.4869,-0.6612,0.0],[117.4775,-0.6727,0.0],[117.47904384384384,-0.67302042042042,1.3685],[117.4758,-0.6742,0.0],[117.4723,-0.6808,1.6834],[117.4729,-0.6859,0.0],[117.4884,-0.6928,1.0245],[117.4989,-0.6938,0.0],[117.5261,-0.6869,2.3766],[117.5288,-0.6703,0.5],[117.5198,-0.6569,0.0],[117.5128,-0.659,0.0],[117.5089,-0.663,0.5408]],
[[117.47904384384384,-0.67302042042042,1.3685],[117.4791,-0.673,1.3685],[117.4790881533101,-0.67302961672474,1.3685],[117.47904384384384,-0.67302042042042,1.3685]],
[[117.4790881533101,-0.67302961672474,1.3685],[117.4828,-0.6738,1.6578],[117.4823,-0.6781,1.1257],[117.4825,-0.6744,1.6578],[117.4799,-0.6741,1.9096],[117.4793,-0.6763,0.5248],[117.4781,-0.6755,3.4116],[117.4790881533101,-0.67302961672474,1.3685]]],
[[[117.4912,-0.6272,0.0],[117.4784,-0.6256,1.9102],[117.4625,-0.6264,1.0559],[117.4587,-0.6315,0.8952],[117.4676,-0.6458,2.2222],[117.4717,-0.6433,4.2303],[117.4742,-0.6393,2.5537],[117.4742,-0.6413,7.6841],[117.4681,-0.6469,3.5177],[117.4701,-0.6478,4.7565],[117.4683,-0.6479,3.5177],[117.4706,-0.6568,0.7988],[117.4775,-0.6649,0.0],[117.4821,-0.664,0.25],[117.4845,-0.6601,0.0],[117.4803,-0.6544,1.6108],[117.4805,-0.6519,6.2777],[117.4777,-0.6498,3.024],[117.4808,-0.651,2.8627],[117.4885,-0.6452,2.6118],[117.48644562910562,-0.64128691258211,3.3732],[117.4882,-0.6423,3.544],[117.489,-0.647,0.6045],[117.4925,-0.65,0.375],[117.5001,-0.6615,0.0],[117.505,-0.6597,1.0285],[117.507,-0.6548,1.5395],[117.5123,-0.6499,0.5],[117.5111,-0.6426,1.9595],[117.5013,-0.642,0.6161],[117.4988,-0.6398,1.4911],[117.4976,-0.637,2.7281],[117.4986,-0.6264,1.9277],[117.4912,-0.6272,0.0]],
[[117.48644562910562,-0.64128691258211,3.3732],[117.4811,-0.6382,5.0708],[117.4864,-0.6412,1.4484],[117.48644562910562,-0.64128691258211,3.3732]]],
[[[117.4439,-0.636,4.4018],[117.442,-0.6329,0.0],[117.4357,-0.6331,2.7018],[117.432,-0.6297,2.678],[117.4308,-0.6316,1.3991],[117.4269,-0.6327,2.3219],[117.42505833333334,-0.63645416666665,5.9486],[117.4268,-0.6321,2.3219],[117.4306,-0.6311,2.678],[117.4319,-0.6271,2.0185],[117.4311,-0.6234,1.2459],[117.4268,-0.6291,0.7339],[117.4228,-0.6307,1.2749],[117.4201,-0.6297,8.1766],[117.4186,-0.6248,7.9437],[117.4112,-0.6184,7.5617],[117.4073,-0.618,1.1512],[117.4046,-0.6224,2.3037],[117.399,-0.6178,3.8555],[117.3982,-0.6224,5.4174],[117.3959,-0.6243,5.7029],[117.3917,-0.622,0.464],[117.3914,-0.6199,3.8393],[117.3938,-0.6168,5.5014],[117.3927,-0.6147,9.6155],[117.3902,-0.6146,5.0272],[117.3911,-0.6186,4.9997],[117.3893,-0.6207,3.1181],[117.3829,-0.6173,3.616],[117.3816,-0.6153,2.0358],[117.3825,-0.6136,4.952],[117.3857,-0.6156,4.9987],[117.3878,-0.6146,5.6952],[117.386,-0.6094,4.0669],[117.3834,-0.609,2.1981],[117.3822,-0.613,4.952],[117.3775,-0.612,6.6621],[117.3776,-0.6098,3.0532],[117.3801,-0.6093,5.598],[117.3805,-0.6076,5.3163],[117.375,-0.6073,5.52],[117.3753,-0.6042,5.3523],[117.3727,-0.6056,5.6606],[117.3692,-0.6029,8.7621],[117.3685,-0.5995,9.3223],[117.3697,-0.5998,9.2418],[117.3696,-0.6026,8.7621],[117.3719,-0.6034,6.6592],[117.3732,-0.6051,5.6606],[117.3757,-0.6036,5.3523],[117.3756,-0.6068,5.52],[117.3811,-0.6071,8.8353],[117.3806,-0.6095,5.598],[117.3779,-0.6106,3.0532],[117.3792,-0.6123,8.4688],[117.3822,-0.6124,7.3812],[117.3836,-0.6077,5.7734],[117.3867,-0.6088,4.0669],[117.3882,-0.6149,5.6952],[117.3862,-0.6163,6.2221],[117.3827,-0.6143,4.952],[117.383,-0.6166,5.6819],[117.386,-0.6174,6.2221],[117.3893,-0.62,3.1181],[117.3905,-0.6179,4.4763],[117.3894,-0.6141,1.185],[117.3938,-0.6146,4.5787],[117.3945,-0.6177,5.5014],[117.3919,-0.6208,3.8393],[117.3953,-0.6236,5.7029],[117.3977,-0.6215,5.4174],[117.3985,-0.6167,3.8555],[117.401,-0.6178,2.4668],[117.4043,-0.6213,2.3037],[117.407,-0.6174,1.806],[117.4133,-0.6175,6.4965],[117.4159,-0.6146,2.8239],[117.4109,-0.6128,7.0161],[117.4112,-0.6083,8.9458],[117.4099,-0.6067,6.8328],[117.4055,-0.6125,7.1613],[117.4032,-0.6116,9.8913],[117.4017,-0.6072,4.3988],[117.3988,-0.6109,3.1843],[117.3956,-0.6121,3.1632],[117.3881,-0.6088,2.2611],[117.3869,-0.6036,5.9127],[117.393,-0.6052,3.4653],[117.395,-0.6001,11.7318],[117.394,-0.5976,3.3553],[117.3916,-0.5965,3.9198],[117.3909,-0.6024,4.8171],[117.3847,-0.6022,0.8615],[117.3837,-0.6002,1.0792],[117.3866,-0.5952,7.1943],[117.385,-0.5921,3.754],[117.3825,-0.5923,0.9617],[117.3833,-0.5965,3.4161],[117.3815,-0.5995,1.5221],[117.3789,-0.5991,3.3019],[117.3795,-0.5941,1.1854],[117.3774,-0.5925,3.4198],[117.3734,-0.593,6.8619],[117.3717,-0.5981,8.8325],[117.3714,-0.5968,3.9901],[117.3726,-0.5927,4.8908],[117.3712,-0.5904,2.0175],[117.3765,-0.5876,4.7743],[117.377,-0.5852,3.9723],[117.3684,-0.5859,0.0],[117.3543,-0.5944,6.8962],[117.3468,-0.5976,7.6516],[117.357,-0.5925,7.8929],[117.3634,-0.5871,1.6452],[117.3443,-0.5896,5.9229],[117.3253,-0.5807,1.6264],[117.322,-0.5828,3.6335],[117.3242,-0.5808,1.6264],[117.3228,-0.5798,4.2218],[117.3063,-0.5771,0.0],[117.2962,-0.5784,0.0],[117.2847,-0.583,2.0298],[117.2941,-0.5972,0.5811],[117.2995,-0.6013,4.9106],[117.3039,-0.6084,0.0],[117.3218,-0.6272,2.5483],[117.3281,-0.6303,3.0156],[117.322,-0.6236,5.1099],[117.321,-0.6201,4.2445],[117.3146,-0.6142,3.2001],[117.3135,-0.6079,6.4187],[117.315,-0.6136,3.2001],[117.3205,-0.6183,6.6924],[117.3233,-0.6243,7.0405],[117.3287,-0.6304,3.0156],[117.3398,-0.6343,5.4487],[117.3309,-0.6272,5.8275],[117.3318,-0.6241,6.6676],[117.329,-0.617,6.6654],[117.3245,-0.6179,8.6786],[117.322,-0.6132,7.2186],[117.3247,-0.615,7.4276],[117.3251,-0.6175,8.6786],[117.3292,-0.6164,6.6654],[117.3323,-0.6232,6.6676],[117.3317,-0.6271,7.5603],[117.3408,-0.6342,5.4487],[117.3474,-0.636,4.7019],[117.346,-0.6325,3.3008],[117.3417,-0.6291,7.9983],[117.3436,-0.6271,5.4546],[117.3468,-0.6272,4.2235],[117.3528,-0.6329,7.0129],[117.3573,-0.6408,1.3359],[117.3681,-0.6439,1.8793],[117.3671,-0.6459,3.6196],[117.3607,-0.6469,8.0496],[117.3615,-0.65,3.519],[117.3646,-0.6523,5.5402],[117.367,-0.6529,9.0001],[117.3688,-0.6512,6.1865],[117.3727,-0.6311,2.8591],[117.3742,-0.6305,2.8591],[117.381,-0.6341,3.7357],[117.3851,-0.632,1.4719],[117.3842,-0.6236,7.4271],[117.3814,-0.6209,1.7929],[117.3767,-0.6241,4.1611],[117.3731,-0.6232,8.657],[117.3723,-0.6213,5.8598],[117.3696,-0.6216,1.3644],[117.3683,-0.6244,7.2195],[117.3643,-0.6247,6.9031],[117.3639,-0.6267,6.3567],[117.3614,-0.6277,6.1373],[117.3621,-0.6311,8.0517],[117.3608,-0.6287,8.2108],[117.3616,-0.6264,6.1373],[117.3643,-0.6241,6.4711],[117.3679,-0.6235,7.2195],[117.3645,-0.6166,6.2652],[117.3623,-0.6194,4.4995],[117.3541,-0.6193,5.6619],[117.3571,-0.6215,6.895],[117.3574,-0.6235,5.9229],[117.3562,-0.6247,8.7819],[117.3531,-0.6223,6.255],[117.3524,-0.624,6.6592],[117.3508,-0.624,6.1633],[117.3514,-0.6219,7.2609],[117.3492,-0.6235,7.0818],[117.3514,-0.6215,7.2609],[117.3517,-0.6223,7.2609],[117.3511,-0.6238,6.1633],[117.3533,-0.6219,6.255],[117.3562,-0.6243,5.9229],[117.357,-0.6228,6.895],[117.3533,-0.6205,5.3408],[117.3535,-0.6176,8.1573],[117.3616,-0.6189,4.4995],[117.3624,-0.6186,6.4366],[117.3638,-0.6163,6.0345],[117.3646,-0.6159,6.9052],[117.3677,-0.6212,3.4035],[117.3729,-0.6205,3.9611],[117.3688,-0.6136,4.5362],[117.3732,-0.6119,4.7238],[117.3738,-0.6078,3.0531],[117.3696,-0.6054,5.8263],[117.3666,-0.6056,5.162],[117.3691,-0.6075,6.408],[117.369,-0.6095,2.8809],[117.3668,-0.6136,6.307],[117.3648,-0.6147,6.9052],[117.3577,-0.611,11.5106],[117.358,-0.6096,11.5106],[117.3617,-0.6083,6.7161],[117.3612,-0.6049,6.3016],[117.358,-0.6063,8.6103],[117.3572,-0.6085,8.8932],[117.3509,-0.6083,7.8226],[117.3491,-0.6062,7.1738],[117.3463,-0.6065,8.8777],[117.3453,-0.6083,6.4176],[117.3482,-0.6118,8.046],[117.3439,-0.6133,5.6512],[117.3412,-0.6038,7.8533],[117.3378,-0.6019,8.092],[117.3376,-0.5991,5.4562],[117.3356,-0.5979,6.9415],[117.34,-0.5993,6.5809],[117.3467,-0.5977,7.6516],[117.3424,-0.5995,6.0084],[117.3385,-0.5997,7.3517],[117.3379,-0.6005,7.3517],[117.3415,-0.6032,7.8533],[117.3444,-0.6131,5.6512],[117.3475,-0.6115,6.7718],[117.345,-0.6089,6.4176],[117.3452,-0.6066,5.136],[117.3488,-0.6058,7.1738],[117.3509,-0.6079,6.7104],[117.3569,-0.6082,8.8932],[117.3576,-0.606,10.8872],[117.3608,-0.6043,9.4632],[117.3625,-0.6055,10.1775],[117.3625,-0.6078,10.2941],[117.358,-0.6111,11.5106],[117.3651,-0.6145,8.7707],[117.3682,-0.61,11.1291],[117.366,-0.6052,7.2397],[117.3683,-0.6047,5.162],[117.3724,-0.6061,4.0398],[117.3748,-0.608,5.3265],[117.3746,-0.6105,9.1168],[117.3733,-0.6126,4.7238],[117.3695,-0.6145,4.5362],[117.3733,-0.6184,5.617],[117.3749,-0.6222,4.5792],[117.3768,-0.6227,5.4334],[117.382,-0.6199,1.7929],[117.3855,-0.6238,2.2415],[117.3872,-0.6309,4.9372],[117.3949,-0.6291,0.9338],[117.4124,-0.6369,0.9881],[117.4145,-0.6411,0.375],[117.4133,-0.6472,0.0],[117.4211,-0.6453,0.0],[117.4241,-0.6498,0.5002],[117.425,-0.6565,1.5117],[117.4335,-0.6545,3.557],[117.4402,-0.6599,0.0],[117.4383,-0.6542,2.8744],[117.4395,-0.6519,1.4326],[117.4361,-0.6505,0.8511],[117.4368,-0.6476,1.6066],[117.433,-0.6495,2.1846],[117.4268,-0.647,6.0711],[117.4331,-0.6489,2.1846],[117.4374,-0.6453,5.1446],[117.4352,-0.6446,1.1757],[117.43708976377953,-0.64337165354332,6.5981],[117.4358,-0.6446,1.1757],[117.4376,-0.6444,6.5981],[117.4379,-0.6453,5.1446],[117.4371,-0.6465,1.6066],[117.4425,-0.6509,2.5563],[117.4477,-0.6507,2.9824],[117.4511,-0.6486,3.4202],[117.4502,-0.6463,3.2086],[117.4519,-0.6469,3.9085],[117.452,-0.6454,2.794],[117.4543,-0.645,3.3038],[117.4524,-0.6474,3.9085],[117.4506,-0.6465,3.2086],[117.4517,-0.648,3.4202],[117.4516,-0.649,3.4202],[117.4475,-0.6516,4.2585],[117.4417,-0.6513,2.4157],[117.4376,-0.6483,5.4435],[117.4366,-0.6501,2.7517],[117.4402,-0.6513,1.4326],[117.4393,-0.6546,3.8441],[117.4428,-0.6614,1.588],[117.45,-0.6633,2.9174],[117.4511,-0.6625,1.2985],[117.449,-0.6628,4.3668],[117.4491,-0.6611,2.3002],[117.4525,-0.6578,3.7211],[117.4508,-0.6565,1.7633],[117.4523,-0.6567,3.7211],[117.4531,-0.6581,0.5],[117.4492,-0.6623,4.3668],[117.4516,-0.6623,1.2985],[117.4502,-0.664,2.9174],[117.4551,-0.667,4.269],[117.4551,-0.664,2.1227],[117.4576,-0.6638,0.952],[117.4562,-0.6608,0.5],[117.4586,-0.6598,4.3651],[117.4606,-0.6605,1.9836],[117.4615,-0.6624,2.3285],[117.4589,-0.6611,4.3651],[117.4587,-0.6601,4.3651],[117.4567,-0.6611,0.5],[117.4581,-0.6641,0.952],[117.4554,-0.6643,2.1227],[117.4556,-0.6682,0.0],[117.4616,-0.6808,3.3174],[117.466,-0.6824,4.3439],[117.4689,-0.6817,0.0],[117.4701,-0.6794,4.1627],[117.4681,-0.6776,1.3777],[117.4705,-0.6791,4.1627],[117.4736,-0.6721,3.5076],[117.4708,-0.6711,2.9356],[117.4692,-0.6694,3.6289],[117.4696,-0.6685,4.2372],[117.4675,-0.6689,3.6289],[117.4691,-0.668,3.6289],[117.4703,-0.6685,4.2372],[117.4699,-0.667,0.8859],[117.4707,-0.6691,4.2372],[117.4695,-0.6693,4.2372],[117.4739,-0.6712,6.3904],[117.4757,-0.6668,0.0],[117.4676,-0.6539,0.0],[117.466,-0.6545,1.1953],[117.4671,-0.6511,1.6547],[117.4647,-0.6437,1.68],[117.4573,-0.6343,0.0],[117.4434,-0.6328,0.0],[117.4442,-0.6358,4.4018],[117.4426,-0.639,2.1295],[117.4439,-0.636,4.4018]],
[[117.43708976377953,-0.64337165354332,6.5981],[117.43718063829787,-0.64328510638298,6.5981],[117.4372,-0.6433,6.5981],[117.43708976377953,-0.64337165354332,6.5981]],
[[117.43718063829787,-0.64328510638298,6.5981],[117.4359,-0.6423,2.213],[117.4371,-0.6403,4.4788],[117.4373,-0.6414,5.2128],[117.4364,-0.6422,2.213],[117.4379,-0.6426,5.2128],[117.43718063829787,-0.64328510638298,6.5981]],
[[117.42505833333334,-0.63645416666665,5.9486],[117.4248,-0.6371,5.9486],[117.42474218472471,-0.63709862344583,5.9486],[117.42505833333334,-0.63645416666665,5.9486]],
[[117.42474218472471,-0.63709862344583,5.9486],[117.4243,-0.638,2.0391],[117.4198,-0.6382,2.0145],[117.4206,-0.637,4.5528],[117.42474218472471,-0.63709862344583,5.9486]]],
[[[117.4386,-0.5562,2.0151],[117.4372,-0.5473,1.1459],[117.4327,-0.5468,4.1561],[117.4317,-0.5496,3.7375],[117.4297,-0.5506,6.6554],[117.4291,-0.5473,8.5792],[117.427,-0.5467,7.1988],[117.4255,-0.5489,2.7405],[117.4285,-0.5509,6.6554],[117.4271,-0.5538,7.8052],[117.429,-0.5538,8.7416],[117.427,-0.5543,7.8052],[117.4267,-0.553,7.8052],[117.4282,-0.5512,3.5588],[117.42529999999999,-0.5497,3.6081],[117.4254,-0.5454,8.9262],[117.4222,-0.5449,6.4758],[117.4221,-0.5439,9.6653],[117.4239,-0.5433,9.6653],[117.4224,-0.5433,9.6653],[117.4238,-0.5426,9.1067],[117.424,-0.5431,9.6653],[117.4237,-0.5439,9.6653],[117.4226,-0.5443,9.6653],[117.4257,-0.5449,8.9262],[117.4259,-0.5467,4.5353],[117.4273,-0.5456,7.2218],[117.4293,-0.5465,8.5792],[117.4308,-0.5498,3.7375],[117.43,-0.5463,8.5792],[117.432,-0.5457,8.538],[117.429,-0.5447,7.9391],[117.4307,-0.5432,8.1594],[117.4286,-0.5412,5.8506],[117.4303,-0.5415,8.0026],[117.4311,-0.5431,8.1594],[117.4296,-0.5445,6.8731],[117.4321,-0.545,8.538],[117.4321,-0.546,8.538],[117.4305,-0.5465,4.9874],[117.4316,-0.5477,4.9874],[117.4328,-0.5463,4.1561],[117.4362,-0.5467,4.1686],[117.4362,-0.5408,5.6639],[117.437,-0.5409,4.4125],[117.4372,-0.5427,6.0386],[117.4429,-0.5432,0.7127],[117.4484,-0.5336,5.5494],[117.4553,-0.5349,0.0],[117.4955,-0.5167,0.7657],[117.5086,-0.5074,1.3808],[117.509,-0.5033,1.8778],[117.502,-0.5035,2.3241],[117.499,-0.5087,1.1295],[117.4963,-0.5071,0.0],[117.496,-0.5022,4.8708],[117.4942,-0.4996,1.0912],[117.4855,-0.5009,1.5608],[117.4842,-0.5026,8.4717],[117.4849,-0.5059,4.7388],[117.4875,-0.504,7.724],[117.4884,-0.5047,5.3002],[117.4867,-0.5053,5.3922],[117.4877,-0.5061,5.3922],[117.4862,-0.5056,5.3922],[117.4859,-0.5064,6.963],[117.4842,-0.506,4.7388],[117.4845,-0.5088,2.2728],[117.4889,-0.5098,1.1868],[117.4904,-0.508,2.3285],[117.4891,-0.5106,1.1868],[117.4952,-0.5122,1.1588],[117.494,-0.512,3.8775],[117.4942,-0.5134,1.7396],[117.4917,-0.5118,0.9261],[117.4908,-0.5162,1.5474],[117.4907,-0.5121,0.9261],[117.488,-0.5117,1.0713],[117.4881,-0.5103,1.1868],[117.4859,-0.5092,2.1642],[117.4856,-0.5101,1.8985],[117.483,-0.5073,0.0],[117.4822,-0.5117,3.3515],[117.4841,-0.5127,1.7865],[117.486,-0.5155,1.6378],[117.4847,-0.5165,4.7291],[117.4836,-0.5142,3.3143],[117.4829,-0.5176,2.4195],[117.4821,-0.5156,3.3039],[117.4837,-0.513,3.3143],[117.4813,-0.513,4.9076],[117.4826,-0.5083,6.7466],[117.4793,-0.5103,5.785],[117.4777,-0.5092,2.8187],[117.4785,-0.5121,2.2179],[117.4769,-0.5181,2.0591],[117.4787,-0.5196,2.5017],[117.4773,-0.5207,1.7911],[117.4761,-0.5183,2.0591],[117.4752,-0.5199,3.6509],[117.4719,-0.5205,3.8093],[117.4707,-0.5226,2.3076],[117.4713,-0.5201,1.6167],[117.4754,-0.5191,2.0706],[117.4778,-0.5124,2.2179],[117.4765,-0.5102,0.8793],[117.4757,-0.511,0.8793],[117.477,-0.5094,1.2735],[117.476,-0.5076,3.4734],[117.4725,-0.5074,1.5274],[117.4752,-0.5069,2.4229],[117.4752,-0.5031,4.9488],[117.4724,-0.503,2.5339],[117.4749,-0.5025,1.9147],[117.4753,-0.5029,1.9147],[117.4756,-0.5047,3.7627],[117.4772,-0.5047,3.7627],[117.4779,-0.5057,3.8029],[117.4778,-0.5084,2.8187],[117.4794,-0.5063,4.6529],[117.4822,-0.5062,2.1325],[117.4815,-0.5015,0.6434],[117.4798,-0.5014,0.6434],[117.4805,-0.4997,0.6698],[117.4786,-0.4997,0.5],[117.4801,-0.4995,2.7131],[117.4792,-0.498,0.5],[117.481,-0.4989,2.7131],[117.4821,-0.4968,0.7092],[117.4809,-0.5003,0.6698],[117.4826,-0.5031,0.25],[117.4842,-0.4991,5.6248],[117.4851,-0.4982,5.6248],[117.4845,-0.4976,7.1476],[117.4841,-0.4958,9.0947],[117.4858,-0.4937,6.9079],[117.4842,-0.4961,9.0947],[117.4853,-0.4981,5.6248],[117.4844,-0.4994,5.6248],[117.4898,-0.4998,0.0],[117.4888,-0.4967,7.2325],[117.49,-0.4961,4.5472],[117.4906,-0.4974,6.2736],[117.492,-0.4966,1.293],[117.4912,-0.4962,4.5472],[117.4917,-0.4949,4.5472],[117.4899,-0.4953,8.5124],[117.4906,-0.4939,4.0767],[117.4891,-0.4944,7.3712],[117.4889,-0.4901,2.3286],[117.4899,-0.493,7.3712],[117.4893,-0.4941,7.3712],[117.491,-0.4935,4.0767],[117.491,-0.4945,4.0767],[117.4903,-0.4952,4.5472],[117.4918,-0.4946,4.5472],[117.4917,-0.496,4.5472],[117.4934,-0.4929,2.4987],[117.4931,-0.4906,2.3151],[117.4936,-0.4936,2.8939],[117.4958,-0.4919,2.0096],[117.4954,-0.4934,2.092],[117.4909,-0.498,6.1404],[117.4904,-0.4979,6.2736],[117.4898,-0.4964,7.2325],[117.4891,-0.4974,7.2325],[117.4909,-0.4997,0.5779],[117.4952,-0.4974,1.7604],[117.4942,-0.4988,1.9415],[117.4967,-0.5004,2.276],[117.4984,-0.5064,0.0],[117.5016,-0.5017,0.8116],[117.5081,-0.5015,2.358],[117.5106,-0.5028,3.5967],[117.5106,-0.5073,1.3475],[117.5121,-0.5077,1.3475],[117.5235,-0.5022,0.0],[117.536,-0.5,0.0],[117.5377,-0.4946,1.5927],[117.5334,-0.491,1.2003],[117.5304,-0.4967,1.0],[117.5278,-0.4966,1.1342],[117.5258,-0.4937,0.75],[117.5219,-0.4939,1.3784],[117.5198,-0.4958,1.0],[117.5192,-0.4947,1.0],[117.5247,-0.4925,1.4729],[117.5277,-0.4873,2.5716],[117.53095479452055,-0.48828630136986,0.6412],[117.5269,-0.4893,3.2534],[117.5281,-0.4951,1.0],[117.5309,-0.4952,1.0],[117.5326,-0.489,1.3989],[117.5396,-0.4944,2.0186],[117.5385,-0.4874,1.3251],[117.543,-0.4771,2.4898],[117.5464,-0.4765,4.1046],[117.5475,-0.4744,5.1785],[117.5508,-0.4739,1.2108],[117.5526,-0.4753,1.7531],[117.5483,-0.4746,5.5613],[117.5469,-0.4771,4.1046],[117.5435,-0.4773,3.4798],[117.5439,-0.4798,0.7606],[117.5421,-0.4806,1.123],[117.5392,-0.4884,1.4346],[117.5414,-0.4932,2.0684],[117.5383,-0.4999,0.0],[117.5668,-0.492,0.0],[117.5762,-0.4925,0.0],[117.5827,-0.4904,0.0],[117.5864,-0.4861,0.0],[117.5864,-0.4839,0.0],[117.583,-0.4817,0.0],[117.5753,-0.4835,1.775],[117.573,-0.4793,0.8418],[117.5689,-0.4796,4.7885],[117.5703,-0.4818,1.8401],[117.5681,-0.4877,10.4372],[117.5666,-0.4882,0.0],[117.5689,-0.4811,4.7885],[117.5672,-0.48,3.6117],[117.5675,-0.4778,2.1972],[117.5576,-0.4793,1.0],[117.5672,-0.4764,2.1972],[117.5686,-0.479,3.2648],[117.5707,-0.479,4.3837],[117.573,-0.4769,1.0],[117.5754,-0.4825,1.8443],[117.5839,-0.4808,3.805],[117.5892,-0.484,0.0],[117.5976,-0.4778,0.0],[117.5923,-0.4771,1.8425],[117.5902,-0.4745,1.5],[117.5924,-0.4688,2.0455],[117.5919,-0.4651,2.9769],[117.5844,-0.4644,9.1668],[117.5803,-0.4659,2.2317],[117.5719,-0.4644,1.0],[117.5718,-0.4678,1.1793],[117.5691,-0.469,1.9709],[117.5629,-0.4658,1.2311],[117.5573,-0.4706,6.7702],[117.5472,-0.4682,2.5664],[117.5451,-0.4716,2.4532],[117.5404,-0.4703,1.8487],[117.5349,-0.4711,2.4558],[117.5315,-0.4671,0.75],[117.5358,-0.4706,1.8789],[117.5402,-0.4689,1.2447],[117.5457,-0.4704,5.7306],[117.5478,-0.4669,4.9182],[117.5513,-0.4688,3.5832],[117.5489,-0.4646,0.75],[117.5525,-0.4627,2.1406],[117.554,-0.4581,1.8078],[117.556,-0.4578,9.6362],[117.5609,-0.4612,3.6961],[117.5612,-0.4547,2.4844],[117.5658,-0.4514,1.149],[117.5538,-0.4425,1.5558],[117.548,-0.4441,4.5799],[117.5328,-0.4575,3.9363],[117.5245,-0.4626,1.0],[117.5062,-0.469,8.1754],[117.5059,-0.4719,2.0394],[117.509,-0.4739,9.0543],[117.5064,-0.4781,9.2276],[117.4986,-0.4749,10.8157],[117.4969,-0.4764,9.8445],[117.4969,-0.4793,7.1437],[117.5,-0.4803,7.7663],[117.4972,-0.4804,7.6244],[117.4962,-0.4774,9.8445],[117.497,-0.4752,7.163],[117.4981,-0.4744,12.318],[117.5022,-0.4751,4.2524],[117.5046,-0.4771,9.9707],[117.5073,-0.4752,7.9242],[117.5039,-0.4712,8.7285],[117.4981,-0.4715,6.4452],[117.4913,-0.4796,3.1405],[117.4897,-0.4854,2.4513],[117.4858,-0.489,1.0951],[117.4671,-0.5006,8.1808],[117.469,-0.5045,3.3242],[117.466,-0.5084,4.1822],[117.4714,-0.5105,5.1904],[117.4721,-0.5128,2.9356],[117.4708,-0.5147,2.8375],[117.46858213256483,-0.51376167146974,6.4649],[117.4715,-0.5124,2.9356],[117.4706,-0.5103,5.1904],[117.4654,-0.5092,4.1822],[117.4677,-0.504,3.3242],[117.4656,-0.4996,8.1808],[117.462,-0.5,4.8771],[117.4393,-0.5186,1.0998],[117.4365,-0.5235,9.557],[117.4398,-0.5249,9.4054],[117.4375,-0.5262,6.9227],[117.4385,-0.5292,6.9949],[117.4366,-0.5318,4.3217],[117.4342,-0.5318,10.821],[117.4363,-0.5313,9.8101],[117.4365,-0.5299,5.1616],[117.438,-0.5295,5.3392],[117.4372,-0.5288,5.3392],[117.4368,-0.5261,6.9227],[117.4392,-0.5247,9.4054],[117.4361,-0.5238,10.4572],[117.4364,-0.521,0.0],[117.4331,-0.5241,8.5068],[117.4313,-0.5236,7.1524],[117.4231,-0.5282,7.5297],[117.4172,-0.5334,1.9528],[117.4148,-0.5399,1.0046],[117.4212,-0.5491,0.0],[117.4182,-0.5614,1.5399],[117.438,-0.5637,5.3762],[117.4454,-0.5618,1.731],[117.4389,-0.5622,5.4263],[117.4386,-0.5562,2.0151]],
[[117.46858213256483,-0.51376167146974,6.4649],[117.4685,-0.5138,6.4649],[117.468025,-0.51352596153848,6.4649],[117.46858213256483,-0.51376167146974,6.4649]],
[[117.468025,-0.51352596153848,6.4649],[117.4656,-0.5125,8.2514],[117.4595,-0.5139,3.3853],[117.4583,-0.5174,2.1604],[117.4552,-0.517,2.9689],[117.4533,-0.5191,3.026],[117.4572,-0.5243,0.6401],[117.453,-0.5217,7.2813],[117.4517,-0.5235,6.5181],[117.4539,-0.526,7.1856],[117.4503,-0.5293,4.4657],[117.4439,-0.5312,8.2372],[117.4534,-0.5259,7.1856],[117.4527,-0.5247,8.2945],[117.45,-0.526,5.31],[117.4527,-0.5214,4.4417],[117.4538,-0.5215,7.2813],[117.4552,-0.5228,1.6967],[117.4522,-0.5191,4.7173],[117.4479,-0.5183,3.6266],[117.452,-0.5185,4.7173],[117.4536,-0.5162,7.7763],[117.4578,-0.5171,2.1604],[117.4583,-0.5126,8.9608],[117.4605,-0.5129,7.7482],[117.4611,-0.5109,10.879],[117.4622,-0.512,6.9131],[117.4659,-0.5123,8.2514],[117.468025,-0.51352596153848,6.4649]],
[[117.53095479452055,-0.48828630136986,0.6412],[117.53098266666667,-0.48827933333333,0.6412],[117.531,-0.4883,0.6412],[117.53095479452055,-0.48828630136986,0.6412]],
[[117.53098266666667,-0.48827933333333,0.6412],[117.5284,-0.4852,2.0735],[117.5306,-0.4822,3.1443],[117.5296,-0.4843,1.3699],[117.5313,-0.4882,1.3989],[117.53098266666667,-0.48827933333333,0.6412]]],
[[[117.5078,-0.403,1.9419],[117.5048,-0.3988,0.25],[117.5033,-0.4004,0.0],[117.5016,-0.3986,1.0],[117.5004,-0.407,0.0],[117.499,-0.4029,0.75],[117.4955,-0.4039,1.0],[117.4972,-0.4013,0.9745],[117.4954,-0.4031,1.0],[117.4947,-0.4008,1.0],[117.4944,-0.4026,0.25],[117.4914,-0.4033,2.3126],[117.4916,-0.4053,4.953],[117.4893,-0.4059,3.0475],[117.4899,-0.4054,3.0475],[117.4914,-0.405,4.953],[117.4907,-0.404,2.3126],[117.4915,-0.4028,1.0],[117.4943,-0.4023,0.25],[117.4933,-0.4013,2.8752],[117.4939,-0.4006,1.5513],[117.4944,-0.4004,1.0],[117.4952,-0.4008,1.0],[117.4956,-0.4025,0.25],[117.4961,-0.4007,1.0],[117.4968,-0.4008,1.2528],[117.4973,-0.4014,0.9745],[117.4983,-0.3998,1.0],[117.502,-0.398,1.0],[117.5034,-0.3996,0.0],[117.5044,-0.3983,0.25],[117.5065,-0.3992,0.0],[117.5076,-0.3968,1.0],[117.5308,-0.3952,2.1182],[117.5325,-0.3938,2.3558],[117.5336,-0.3855,0.0],[117.5289,-0.3819,1.0],[117.5303,-0.3807,1.0],[117.5329,-0.3821,0.5],[117.5355,-0.3791,2.4332],[117.5343,-0.3783,1.0],[117.5334,-0.3806,0.75],[117.5297,-0.379,1.9956],[117.5317,-0.3768,2.9341],[117.5291,-0.376,1.821],[117.5304,-0.3728,2.3047],[117.5296,-0.3702,2.4691],[117.5277,-0.3711,1.9458],[117.5277,-0.3687,1.7448],[117.5315,-0.3699,2.4364],[117.534,-0.3652,1.1599],[117.5354,-0.3642,0.0],[117.5354,-0.3647,0.0],[117.5342,-0.3655,1.1599],[117.5333,-0.3676,4.3996],[117.5347,-0.367,4.3996],[117.5345,-0.3684,3.9705],[117.5302,-0.3708,2.4691],[117.5305,-0.3721,2.3047],[117.5339,-0.3724,2.0547],[117.5462,-0.3661,0.0],[117.534,-0.3731,2.4576],[117.531,-0.3731,3.6899],[117.5302,-0.3757,1.821],[117.5324,-0.3767,2.9341],[117.5305,-0.3786,1.9956],[117.5333,-0.3797,0.75],[117.5345,-0.3776,2.3085],[117.5361,-0.3787,2.4332],[117.5336,-0.3826,0.0],[117.5297,-0.3818,1.0],[117.5335,-0.3838,0.0],[117.5346,-0.3876,1.7336],[117.5408,-0.3822,0.0],[117.56,-0.3703,0.0],[117.5603,-0.3668,0.0],[117.5426,-0.3475,0.0],[117.5337,-0.3459,0.0],[117.5287,-0.3477,0.0],[117.5241,-0.3567,2.0446],[117.5163,-0.3646,1.3411],[117.5068,-0.3794,1.8258],[117.4743,-0.411,1.417],[117.4678,-0.4218,1.8794],[117.4583,-0.4622,3.1336],[117.4414,-0.4813,5.4728],[117.4405,-0.4868,0.0],[117.4424,-0.5006,0.0],[117.4489,-0.4985,1.7763],[117.4498,-0.4957,8.074],[117.4526,-0.4924,7.336],[117.4568,-0.49,7.8734],[117.4608,-0.4849,3.0334],[117.4653,-0.4831,1.0],[117.4655,-0.4805,1.0],[117.4631,-0.4788,0.375],[117.463,-0.4768,0.375],[117.4651,-0.4749,0.375],[117.4706,-0.4735,0.125],[117.4723,-0.4651,0.125],[117.4689,-0.4643,2.1027],[117.4689,-0.468,3.2893],[117.46849914529913,-0.46868717948717,3.2893],[117.4682,-0.4642,2.1027],[117.4688,-0.4638,2.1027],[117.4719,-0.4645,0.125],[117.4748,-0.4593,1.0],[117.4834,-0.4513,2.039],[117.4859,-0.442,2.9944],[117.4902,-0.4402,0.0],[117.4986,-0.4395,2.5366],[117.5003,-0.4374,1.7811],[117.5068,-0.4363,3.2505],[117.5088,-0.4342,2.6933],[117.509,-0.4294,4.8757],[117.5025,-0.424,0.5],[117.5008,-0.425,0.25],[117.5009,-0.4316,0.375],[117.49,-0.4352,2.6025],[117.49,-0.4374,1.4357],[117.4888,-0.4388,1.9794],[117.4813,-0.4432,0.9465],[117.4808,-0.441,1.889],[117.4853,-0.4403,2.729],[117.4893,-0.4375,1.6498],[117.4869,-0.4362,1.2421],[117.4865,-0.4339,0.5],[117.478,-0.4308,2.0528],[117.474,-0.4316,2.0379],[117.4713,-0.434,3.6689],[117.4723,-0.4311,1.6993],[117.4777,-0.4302,2.0528],[117.4898,-0.4344,0.5],[117.5,-0.4309,0.5],[117.4968,-0.4284,0.8861],[117.4982,-0.4272,0.0],[117.4983,-0.4225,0.4971],[117.5056,-0.4239,1.0],[117.5075,-0.4204,1.0],[117.4996,-0.4208,0.5],[117.4963,-0.4191,0.5],[117.4962,-0.4222,0.9259],[117.4921,-0.4248,0.375],[117.4916,-0.4276,0.5],[117.4907,-0.4286,0.5],[117.4777,-0.4282,1.5729],[117.4855,-0.4272,1.0],[117.4911,-0.4277,0.5],[117.4916,-0.4226,1.0727],[117.4836,-0.4244,1.6341],[117.4879,-0.4224,0.5],[117.4951,-0.4219,1.0789],[117.4949,-0.4196,1.0584],[117.4924,-0.419,0.5],[117.4922,-0.4176,1.609],[117.48779999999999,-0.4173,4.3289],[117.4909,-0.4174,0.6825],[117.4935,-0.415,1.5442],[117.4914,-0.4134,1.5353],[117.4937,-0.4139,1.8313],[117.4955,-0.412,2.2969],[117.502,-0.415,0.5],[117.498,-0.4144,1.7024],[117.4958,-0.4127,2.2969],[117.4924,-0.4164,1.609],[117.4937,-0.4188,0.5],[117.4954,-0.4181,0.5],[117.4999,-0.42,0.5],[117.5104,-0.4187,1.2658],[117.5138,-0.4117,3.8413],[117.5078,-0.403,1.9419]],
[[117.46849914529913,-0.46868717948717,3.2893],[117.4685,-0.4687,3.2893],[117.46849492385788,-0.46869441624365,3.2893],[117.46849914529913,-0.46868717948717,3.2893]],
[[117.46849492385788,-0.46869441624365,3.2893],[117.4682,-0.4692,3.2893],[117.4672,-0.4678,0.75],[117.463,-0.4678,0.5],[117.464,-0.4684,6.622],[117.4637,-0.4704,2.0549],[117.4615,-0.4723,3.0256],[117.4613,-0.4714,3.0256],[117.4637,-0.4687,6.622],[117.4623,-0.4685,1.662],[117.4622,-0.4682,1.662],[117.4632,-0.4672,4.9194],[117.4654,-0.4671,0.75],[117.4675,-0.4676,1.9835],[117.46849492385788,-0.46869441624365,3.2893]]],
[[[116.2136,-2.3192,46.2302],[116.2514,-2.3168,31.8282],[116.2637,-2.3223,32.1555],[116.3204,-2.3414,23.4623],[116.3774,-2.3557,34.6421],[116.4545,-2.3705,31.4855],[116.4928,-2.381,20.0225],[116.5396,-2.4003,8.3863],[116.541,-2.402,7.1893],[116.5486,-2.4021,5.1876],[116.5479,-2.4051,5.0882],[116.5517,-2.4064,6.9143],[116.5497,-2.4073,4.3392],[116.5502,-2.4094,8.4977],[116.5523,-2.4081,3.4462],[116.5564,-2.4087,0.0],[116.5805,-2.3193,0.0],[116.5934,-2.1953,3.6586],[116.5883,-2.1745,4.281],[116.5781,-2.1612,0.0],[116.5636,-2.1612,0.0],[116.5628,-2.1663,0.0],[116.5652,-2.1706,0.0],[116.5742,-2.1788,0.0],[116.5742,-2.1886,0.0],[116.5582,-2.2011,0.0],[116.5159,-2.2215,7.0339],[116.5045,-2.2324,1.0],[116.4975,-2.2234,4.5069],[116.5374,-2.2007,9.6375],[116.5527,-2.1847,0.0],[116.5499,-2.1718,5.8681],[116.537,-2.169,0.0],[116.5194,-2.169,4.1091],[116.5049,-2.1667,3.197],[116.4803,-2.1839,1.3478],[116.4482,-2.2003,5.1045],[116.4318,-2.207,1.3926],[116.4095,-2.2121,3.2446],[116.411,-2.2105,1.0],[116.4067,-2.2043,7.2265],[116.4509,-2.1902,0.5],[116.4748,-2.1777,1.8026],[116.4948,-2.1644,3.4246],[116.5249,-2.1518,0.0],[116.5178,-2.1389,1.1996],[116.518,-2.1213,0.0],[116.513,-2.1143,0.0],[116.4977,-2.1064,0.0],[116.4879,-2.1182,0.0],[116.455,-2.1334,8.4183],[116.4296,-2.1287,0.5],[116.3971,-2.1291,1.3243],[116.3917,-2.1256,0.5],[116.3893,-2.1135,0.5],[116.3697,-2.1131,1.0],[116.3697,-2.1111,1.0],[116.3611,-2.1107,1.0],[116.378,-2.0967,0.5],[116.3928,-2.081,1.0],[116.41,-2.0783,0.5],[116.4288,-2.0802,0.0],[116.4367,-2.0681,4.1458],[116.4496,-2.0646,3.7534],[116.4597,-2.0524,0.7892],[116.4617,-2.0348,0.0],[116.457,-2.0341,2.4572],[116.4611,-2.0286,0.0],[116.4631,-2.0184,0.0],[116.4588,-1.9973,0.0],[116.4525,-1.9503,1.8601],[116.4578,-1.9045,0.0],[116.4554,-1.892,0.0],[116.4449,-1.8748,0.0],[116.428,-1.8662,0.0],[116.4265,-1.8635,0.0],[116.4269,-1.8576,0.0],[116.4521,-1.8153,0.0],[116.4525,-1.7672,0.0],[116.4177,-1.7652,0.0],[116.4095,-1.7676,0.0],[116.3962,-1.7672,0.0],[116.384,-1.7602,0.0],[116.3692,-1.7602,0.0],[116.366,-1.7813,0.0],[116.3562,-1.7731,0.0],[116.3335,-1.7754,0.0],[116.3203,-1.784,1.1871],[116.2811,-1.7997,0.0],[116.2623,-1.8102,1.8074],[116.251,-1.8048,2.8774],[116.2432,-1.7985,0.0],[116.2263,-1.7973,2.218],[116.2166,-1.7903,0.0],[116.2123,-1.7801,0.0],[116.2256,-1.7774,5.5653],[116.2526,-1.7801,0.0],[116.2655,-1.7703,0.0],[116.2831,-1.7472,0.0],[116.2808,-1.7339,0.0],[116.2901,-1.7335,0.0],[116.2958,-1.7308,9.0182],[116.3032,-1.7234,2.3055],[116.3126,-1.7069,10.2682],[116.3189,-1.7015,0.0],[116.3572,-1.6815,4.1782],[116.4752,-1.6443,7.3448],[116.492,-1.6412,12.1508],[116.5132,-1.6349,0.0],[116.5421,-1.622,0.0],[116.5413,-1.6154,0.0],[116.5488,-1.6087,0.0],[116.5507,-1.6048,9.6136],[116.5501,-1.603,2.5353],[116.5522,-1.6056,4.7501],[116.5578,-1.6029,1.8834],[116.5607,-1.5967,3.8373],[116.5599,-1.5901,0.2566],[116.5572,-1.5876,1.0664],[116.5558,-1.5813,0.0],[116.5533,-1.553,0.5926],[116.5483,-1.5342,3.895],[116.5412,-1.5195,5.4385],[116.538,-1.5165,8.3563],[116.5327,-1.5156,0.0],[116.53,-1.5095,0.2032],[116.5333,-1.4988,1.3922],[116.5364,-1.4714,7.1209],[116.5396,-1.4641,0.8715],[116.5487,-1.4538,4.4443],[116.5691,-1.4379,3.4498],[116.5871,-1.4262,3.4592],[116.6123,-1.4139,2.9723],[116.6277,-1.4081,2.5417],[116.6315,-1.4088,2.7245],[116.6507,-1.4043,4.1017],[116.6725,-1.3944,6.5665],[116.6905,-1.3899,1.9692],[116.7109,-1.3798,5.6435],[116.7379,-1.3711,2.3179],[116.7501,-1.3693,7.2226],[116.7597,-1.3619,5.976],[116.7653,-1.3561,6.4075],[116.7661,-1.3515,0.0],[116.7621,-1.3357,2.6577],[116.7581,-1.3291,0.0],[116.7617,-1.3268,0.0],[116.7633,-1.3236,1.3425],[116.7633,-1.3138,2.8801],[116.7811,-1.2951,0.0],[116.7857,-1.2928,0.0],[116.7845,-1.2835,0.0],[116.7963,-1.2398,0.0],[116.792,-1.2358,0.0],[116.8123,-1.2394,0.0],[116.8128,-1.2567,0.0],[116.8106,-1.264,0.0],[116.805,-1.272,0.7655],[116.8051,-1.2746,0.0],[116.8092,-1.278,4.3313],[116.8109,-1.2828,0.7111],[116.8306,-1.2789,0.6989],[116.842,-1.2789,3.5768],[116.8484,-1.2763,0.0],[116.856,-1.2755,0.5298],[116.8727,-1.277,0.0],[116.8807,-1.2751,0.0],[116.8834,-1.277,0.0],[116.9066,-1.2683,0.0],[116.9077,-1.2641,0.0],[116.918,-1.2618,0.0],[116.9336,-1.2546,0.0],[116.9377,-1.2497,1.2398],[116.9533,-1.238,0.0],[116.9936,-1.2101,0.0],[117.0073,-1.1949,0.0],[117.013,-1.1759,1.215],[117.0164,-1.171,2.3271],[117.0164,-1.1546,7.4715],[117.0219,-1.1403,4.61],[117.0322,-1.1302,2.2087],[117.0497,-1.1206,2.1969],[117.0548,-1.113,1.6755],[117.0594,-1.11,5.3814],[117.0599,-1.1071,3.7629],[117.0647,-1.1062,3.4101],[117.0676,-1.0972,11.1013],[117.0707,-1.0956,5.3501],[117.0729,-1.091,9.9227],[117.074,-1.0915,3.0357],[117.0762,-1.0888,11.5118],[117.0786,-1.0832,18.6522],[117.098,-1.0586,1.9963],[117.1005,-1.0492,8.1298],[117.1044,-1.045,3.69],[117.1101,-1.0331,6.1263],[117.1165,-1.0258,0.2218],[117.1196,-1.0161,7.0851],[117.1267,-1.0107,4.0982],[117.1409,-0.995,3.7426],[117.1497,-0.9802,4.0351],[117.1546,-0.9755,0.0],[117.153,-0.9738,2.8915],[117.1566,-0.9761,0.0],[117.1561,-0.9706,3.8412],[117.1631,-0.9643,0.3695],[117.1663,-0.9577,2.9731],[117.1752,-0.9487,0.2833],[117.1774,-0.9446,1.0827],[117.2052,-0.9267,2.205],[117.2074,-0.9271,0.0],[117.2246,-0.9201,0.0],[117.2475,-0.9095,0.0],[117.2491,-0.905,2.1036],[117.2513,-0.8453,0.0],[117.25,-0.8313,0.7813],[117.2533,-0.8113,0.9697],[117.2495,-0.8061,0.0],[117.2445,-0.8029,2.7116],[117.2337,-0.8004,2.509],[117.2301,-0.8005,1.5982],[117.2295,-0.8029,6.2314],[117.2292,-0.8003,1.5982],[117.2122,-0.8007,3.7452],[117.2035,-0.7944,2.0729],[117.197,-0.7949,8.9055],[117.1907,-0.7926,3.7842],[117.1855,-0.7854,0.0],[117.1805,-0.7825,7.1094],[117.1815,-0.7792,1.3848],[117.1839,-0.7789,0.5],[117.1906,-0.7891,1.9622],[117.2046,-0.7902,0.0],[117.2173,-0.7971,0.0],[117.225,-0.7939,1.3051],[117.2342,-0.7939,0.0],[117.2409,-0.7959,1.1602],[117.2572,-0.8047,0.0],[117.2625,-0.8044,4.5413],[117.2612,-0.8001,9.6865],[117.2638,-0.7963,6.8375],[117.2599,-0.7984,10.0543],[117.2577,-0.7951,4.2667],[117.2532,-0.7994,5.6088],[117.25,-0.7976,4.7801],[117.2533,-0.7986,5.0294],[117.255,-0.7961,10.7355],[117.258,-0.7944,7.433],[117.2603,-0.7973,2.5304],[117.2625,-0.7955,2.1581],[117.2648,-0.796,4.8556],[117.2665,-0.791,7.1073],[117.2651,-0.7897,8.262],[117.2653,-0.7883,5.5955],[117.2665,-0.7874,2.4892],[117.2686,-0.7877,6.2773],[117.2696,-0.7888,7.9098],[117.2707,-0.7875,8.3681],[117.2718,-0.7884,7.957],[117.2722,-0.7859,8.5962],[117.272,-0.7886,8.8012],[117.2705,-0.7881,7.957],[117.2699,-0.7903,8.8017],[117.2682,-0.7881,7.9098],[117.2653,-0.7892,5.5955],[117.2665,-0.7902,7.1073],[117.2666,-0.7939,6.7373],[117.2646,-0.798,9.7637],[117.2619,-0.8003,2.8014],[117.2645,-0.8075,1.0852],[117.2701,-0.8056,0.0],[117.2776,-0.7986,1.7706],[117.2817,-0.7909,11.209],[117.2822,-0.7869,0.0],[117.2685,-0.7671,2.387],[117.2622,-0.7608,5.7091],[117.2569,-0.7569,6.636],[117.2496,-0.7545,9.8051],[117.2376,-0.7458,47.258],[117.2303,-0.7434,38.4051],[117.2246,-0.7382,45.0355],[117.2301,-0.732,26.4414],[117.233,-0.731,33.1483],[117.2343,-0.7266,38.1835],[117.2399,-0.7244,31.2478],[117.2435,-0.721,4.493],[117.2462,-0.7145,21.8701],[117.25,-0.7102,4.6548],[117.277,-0.7016,8.447],[117.2786,-0.698,4.4353],[117.2857,-0.6944,5.9469],[117.2892,-0.6904,5.5614],[117.2902,-0.6881,5.7775],[117.2887,-0.6882,5.7775],[117.2874,-0.6848,6.2736],[117.2891,-0.6851,6.0257],[117.2936,-0.6808,4.3258],[117.3043,-0.6684,0.0],[117.3018,-0.6455,0.0],[117.2938,-0.612,0.0],[117.286,-0.599,0.0],[117.283,-0.5899,0.0],[117.274,-0.5822,0.0],[117.2643,-0.5778,0.0],[117.2519,-0.5744,0.0],[117.2414,-0.5743,0.0],[117.2392,-0.5667,3.7878],[117.2407,-0.5702,0.5614],[117.2495,-0.5705,1.8354],[117.2712,-0.5765,0.0],[117.281,-0.5775,1.709],[117.3071,-0.5714,0.0],[117.3091,-0.5692,0.0],[117.3082,-0.5667,6.0871],[117.3043,-0.5674,5.4907],[117.3072,-0.5663,6.0871],[117.309,-0.5664,0.0],[117.3091,-0.5647,2.254],[117.3325,-0.5795,2.2403],[117.3501,-0.5798,0.0],[117.3472,-0.5765,3.5731],[117.3479,-0.5751,3.3068],[117.3691,-0.5683,1.6872],[117.3796,-0.5599,0.9112],[117.3843,-0.552,2.8982],[117.3945,-0.5452,2.7582],[117.411,-0.5398,1.8014],[117.4156,-0.5302,3.7606],[117.4286,-0.517,3.1722],[117.4294,-0.5152,9.8267],[117.4272,-0.5134,8.619],[117.425,-0.5064,3.8592],[117.4219,-0.5039,9.7127],[117.4183,-0.504,6.434],[117.4179,-0.5104,0.4887],[117.416,-0.5121,5.185],[117.419,-0.5133,7.7975],[117.4162,-0.5165,7.5155],[117.4198,-0.5205,8.3155],[117.4159,-0.5169,7.5155],[117.4143,-0.5199,6.4352],[117.4161,-0.5153,7.5353],[117.418,-0.514,7.7975],[117.4084,-0.5078,1.8399],[117.4067,-0.5132,6.1724],[117.4034,-0.5149,3.3955],[117.4049,-0.5167,9.592],[117.4044,-0.5195,5.7284],[117.4068,-0.52,3.5596],[117.407,-0.5221,3.4765],[117.4079,-0.5207,6.4624],[117.4094515151515,-0.52128181818182,8.0107],[117.4083,-0.5211,6.4624],[117.4044,-0.5255,5.2622],[117.4056,-0.5268,8.5676],[117.4086,-0.5253,8.5703],[117.4091,-0.5264,9.7762],[117.4062,-0.5273,8.5676],[117.4039,-0.526,5.2622],[117.4029,-0.5312,9.7728],[117.4095,-0.5315,7.0422],[117.412,-0.5253,4.8965],[117.4144,-0.5277,8.6008],[117.412,-0.5259,4.8965],[117.41,-0.5314,5.3922],[117.411,-0.5327,5.3922],[117.4023,-0.5327,7.1727],[117.4033,-0.5259,9.9899],[117.4064,-0.521,3.5596],[117.4039,-0.5201,7.7871],[117.4043,-0.5165,9.592],[117.4007,-0.5164,6.6828],[117.396,-0.5317,5.9841],[117.398,-0.5326,7.906],[117.3987,-0.5336,7.4639],[117.4009,-0.5327,7.4973],[117.4046,-0.5341,8.0396],[117.3977,-0.5338,7.4639],[117.3988,-0.5351,8.9859],[117.3982,-0.5362,8.9859],[117.3984,-0.535,8.9859],[117.3974,-0.5341,7.4639],[117.3975,-0.5327,7.906],[117.3957,-0.5326,5.9841],[117.3916,-0.5386,8.4602],[117.3911,-0.5365,8.0662],[117.3884,-0.5353,5.9497],[117.3899,-0.5373,8.0662],[117.3877,-0.5379,7.915],[117.3878,-0.5398,8.4836],[117.3874,-0.5375,7.915],[117.3893,-0.5374,8.0662],[117.3877,-0.5366,7.915],[117.3879,-0.5352,5.9497],[117.3892,-0.5349,6.057],[117.3901,-0.5356,6.057],[117.3904,-0.5338,6.3469],[117.3914,-0.5336,7.7039],[117.392,-0.5341,7.7039],[117.3925,-0.5363,6.185],[117.3951,-0.5324,9.1698],[117.3985,-0.5156,4.8142],[117.4056,-0.5118,3.3546],[117.4072,-0.506,5.9506],[117.4085,-0.5039,8.3576],[117.4099,-0.5045,8.0639],[117.4103,-0.5022,7.2858],[117.4104,-0.5046,5.6522],[117.4098,-0.505,5.6522],[117.4087,-0.5045,8.3576],[117.4079,-0.5062,3.8671],[117.4119,-0.5069,2.1442],[117.4151,-0.5106,4.6087],[117.4174,-0.5034,0.6395],[117.4201,-0.5021,1.711],[117.4251,-0.5043,4.9077],[117.429,-0.5133,2.1304],[117.4322,-0.5111,6.2966],[117.4338,-0.5074,5.1505],[117.4303,-0.4984,11.7084],[117.434,-0.5063,5.1505],[117.4385,-0.4966,3.8307],[117.4372,-0.4841,2.5948],[117.4367,-0.4847,3.6274],[117.4326,-0.4831,6.1245],[117.43,-0.485,3.156],[117.4331,-0.4905,9.3789],[117.4294,-0.4941,3.8346],[117.4265,-0.493,5.5118],[117.4266,-0.488,2.7991],[117.4229,-0.4888,2.8806],[117.4187,-0.484,5.6718],[117.4179,-0.4896,8.285],[117.4138,-0.4888,7.2314],[117.4121,-0.4838,7.6239],[117.4101,-0.4867,10.2148],[117.408,-0.4864,8.0749],[117.4078,-0.4913,8.0539],[117.405,-0.4913,9.0071],[117.404,-0.4929,9.0071],[117.4037,-0.4919,9.0071],[117.4052,-0.4901,9.2397],[117.4077,-0.4911,6.9035],[117.4071,-0.4895,8.2389],[117.4076,-0.486,7.5536],[117.4095,-0.486,8.2206],[117.4101,-0.4843,7.9242],[117.4113,-0.4835,7.9242],[117.4131,-0.4839,7.6239],[117.4141,-0.4884,7.2314],[117.417,-0.4888,4.6684],[117.4156,-0.4842,4.7364],[117.4176,-0.4883,4.6684],[117.417,-0.4844,4.044],[117.418,-0.4832,5.6718],[117.4206,-0.4842,4.7917],[117.4228,-0.4878,5.0627],[117.4269,-0.4876,5.7385],[117.4278,-0.4893,2.7991],[117.4275,-0.4931,5.5118],[117.4313,-0.4922,1.9902],[117.4318,-0.4889,2.9842],[117.4289,-0.4861,3.156],[117.4309,-0.4827,4.5744],[117.4293,-0.4811,6.192],[117.429,-0.479,2.2484],[117.4302,-0.4768,5.6003],[117.435,-0.4764,2.9535],[117.4347,-0.4724,4.5308],[117.4386,-0.4712,4.83],[117.4388,-0.4695,4.6041],[117.4365,-0.4654,1.8906],[117.4332,-0.4665,8.6661],[117.4307,-0.463,6.2812],[117.4256,-0.4638,4.4936],[117.4245,-0.4666,6.5937],[117.4219,-0.4661,4.517],[117.4215,-0.4678,9.004],[117.4215,-0.4626,1.2065],[117.4243,-0.4627,7.798],[117.4236,-0.4631,2.9791],[117.4218,-0.4628,1.2065],[117.4237,-0.4662,5.5076],[117.42529999999999,-0.4636,4.4936],[117.4307,-0.4624,10.7594],[117.432,-0.4632,6.2812],[117.433,-0.4659,3.7752],[117.4346,-0.4658,3.2435],[117.437,-0.4617,1.3435],[117.4366,-0.4565,0.5],[117.4417,-0.4551,0.949],[117.4442,-0.4503,6.9623],[117.4503,-0.4457,1.2922],[117.4442,-0.4421,2.4281],[117.4429,-0.4371,1.5899],[117.437,-0.4395,2.1266],[117.4342,-0.4351,3.1033],[117.4247,-0.4349,3.3576],[117.4249,-0.4287,1.1543],[117.4292,-0.4265,0.0],[117.4348,-0.4275,0.25],[117.4379,-0.4216,5.7092],[117.4368,-0.4181,3.9923],[117.4307,-0.415,0.0],[117.4324,-0.4056,0.0],[117.4283,-0.3988,0.0],[117.4268,-0.3994,3.9142],[117.4308,-0.3932,0.0],[117.4372,-0.3911,0.75],[117.4342,-0.3818,3.9954],[117.4387,-0.379,0.8509],[117.4453,-0.3792,2.1166],[117.4501,-0.3816,0.5],[117.4551,-0.3867,0.0],[117.4596,-0.3863,0.0],[117.4626,-0.3812,6.4293],[117.4647,-0.3704,3.5591],[117.462,-0.363,4.4858],[117.455,-0.3588,1.7126],[117.4526,-0.3549,4.7608],[117.451,-0.3448,0.0],[117.452,-0.3393,0.0],[117.4466,-0.3223,1.5],[117.447,-0.3169,3.9805],[117.4517,-0.3033,2.3806],[117.4414,-0.2966,0.6519],[117.4333,-0.2867,6.6344],[117.4345,-0.2864,0.0],[117.4254,-0.2733,2.8231],[117.4157,-0.2364,5.1051],[117.4158,-0.2221,4.2675],[117.4172,-0.2231,0.9],[117.4213,-0.2113,2.1321],[117.4278,-0.2068,1.0063],[117.4319,-0.2066,0.0],[117.4335,-0.2079,2.3595],[117.4379,-0.2023,1.8669],[117.4328,-0.1994,0.5],[117.432,-0.1921,1.2952],[117.4249,-0.1875,1.1177],[117.4242,-0.1822,1.142],[117.4266,-0.1788,1.2889],[117.4261,-0.1748,4.0972],[117.4313,-0.1685,0.25],[117.4438,-0.1649,2.915],[117.4444,-0.1608,0.5],[117.4473,-0.1582,0.4062],[117.4468,-0.1529,0.843],[117.4495,-0.1514,4.8235],[117.4483,-0.1485,3.1873],[117.4519,-0.1472,2.9881],[117.452,-0.1418,1.5145],[117.4485,-0.1413,2.7373],[117.4496,-0.1387,2.9271],[117.4454,-0.1364,5.577],[117.4445,-0.1322,2.7914],[117.4468,-0.1302,7.481],[117.4458,-0.1237,7.7495],[117.4472,-0.1298,7.481],[117.4451,-0.1321,4.5803],[117.4465,-0.1349,4.1381],[117.4459,-0.136,4.1381],[117.4469,-0.1356,7.9604],[117.4499,-0.1382,2.9271],[117.4493,-0.141,2.6421],[117.454,-0.1406,3.3133],[117.4522,-0.1411,3.5],[117.4522,-0.1476,2.9881],[117.4488,-0.1494,5.9088],[117.4498,-0.1522,4.8235],[117.4474,-0.1531,0.4176],[117.4477,-0.1588,0.4062],[117.4454,-0.1605,0.25],[117.4443,-0.1652,2.915],[117.4325,-0.1691,0.5],[117.427,-0.1753,0.6553],[117.4276,-0.1789,1.2889],[117.4252,-0.183,1.0925],[117.4258,-0.1871,1.1177],[117.4326,-0.1912,7.0222],[117.4343,-0.199,0.5],[117.4391,-0.1996,1.1737],[117.4371,-0.2079,1.8695],[117.424,-0.221,3.0709],[117.4311,-0.2187,0.0],[117.4438,-0.2022,0.0],[117.4455,-0.1793,0.4174],[117.4578,-0.152,0.0],[117.465,-0.1265,0.9128],[117.468,-0.1227,0.0],[117.4697,-0.1155,0.0],[117.4706,-0.1108,0.0],[117.4465,-0.0895,10.8576],[117.4467,-0.0877,10.4882],[117.4711,-0.1096,0.0],[117.474,-0.1033,0.0],[117.4731,-0.0962,1.7632],[117.4759,-0.0805,0.0],[117.4791,-0.0769,0.0],[117.4811,-0.0701,9.0591],[117.4853,-0.0652,4.7244],[117.4887,-0.0656,0.0],[117.4985,-0.0589,0.0],[117.5095,-0.0455,0.0],[117.5173,-0.0317,0.6763],[117.5147,-0.0337,1.1441],[117.5129,-0.0304,3.0291],[117.5114,-0.0301,2.789],[117.513,-0.0314,1.0],[117.5114,-0.0353,2.2412],[117.5103,-0.0359,1.9006],[117.5081,-0.0326,6.521],[117.5087,-0.0359,1.9006],[117.507,-0.0369,1.9989],[117.5053,-0.0346,7.4485],[117.5043,-0.0403,8.0065],[117.5026,-0.039,7.9261],[117.5007,-0.0402,8.9485],[117.4982,-0.0392,5.2285],[117.4992,-0.0419,6.5276],[117.4936,-0.0426,10.7239],[117.4916,-0.0419,5.4204],[117.4909,-0.0394,9.437],[117.489,-0.0405,6.3645],[117.4863,-0.0395,5.4093],[117.488,-0.0413,4.8222],[117.4872,-0.0439,5.4748],[117.4845,-0.044,6.0688],[117.4844,-0.0419,6.0116],[117.4842,-0.0448,3.7471],[117.4809,-0.0461,6.1159],[117.4811,-0.0434,6.6144],[117.479,-0.0416,7.7166],[117.4781,-0.0435,7.4769],[117.4798,-0.0462,6.1159],[117.4786,-0.0489,5.9363],[117.4744,-0.0499,6.4652],[117.4733,-0.047,7.5705],[117.4718,-0.0488,6.7554],[117.4734,-0.0503,6.8939],[117.4697,-0.0508,8.4574],[117.4692,-0.0538,4.2528],[117.4668,-0.0528,7.0984],[117.4665,-0.0509,7.6624],[117.4656,-0.0542,4.5149],[117.4641,-0.0541,6.0661],[117.4619,-0.0515,8.5876],[117.4621,-0.0534,5.8575],[117.4606,-0.0541,5.5781],[117.4596,-0.0522,7.2756],[117.4582,-0.0548,5.6655],[117.4557,-0.0546,5.5581],[117.4547,-0.0535,4.3863],[117.4572,-0.0516,10.4595],[117.4554,-0.0501,9.8411],[117.4527,-0.0506,6.6414],[117.4533,-0.0481,8.3591],[117.4484,-0.0468,4.9889],[117.4477,-0.0432,13.1822],[117.4428,-0.0425,9.6292],[117.4429,-0.0385,11.2101],[117.4405,-0.0382,7.6614],[117.438,-0.0399,6.6273],[117.4383,-0.0374,7.7816],[117.4371,-0.0382,7.0983],[117.435,-0.0358,7.4172],[117.4354,-0.0322,8.3061],[117.4405,-0.0319,12.3258],[117.4366,-0.0253,9.9422],[117.4359,-0.0174,7.9124],[117.4345,-0.0178,7.9124],[117.4345,-0.0211,12.2562],[117.4322,-0.0202,8.6459],[117.4322,-0.0224,10.4987],[117.4293,-0.0234,7.6299],[117.4284,-0.0227,7.9007],[117.4302,-0.0199,8.1353],[117.4274,-0.0212,8.6059],[117.4257,-0.0177,9.5627],[117.4236,-0.0183,8.868],[117.4211,-0.0147,10.1044],[117.4195,-0.017,12.5367],[117.4174,-0.0158,11.2719],[117.4145,-0.018,8.7959],[117.4118,-0.0171,10.9238],[117.4136,-0.014,12.0113],[117.4118,-0.0144,12.0113],[117.4087,-0.0109,13.0001],[117.4053,-0.0131,11.202],[117.4048,-0.0126,11.5101],[117.4057,-0.011,15.5268],[117.4044,-0.0115,11.5101],[117.4033,-0.0097,12.3105],[117.4005,-0.0119,11.9552],[117.3994,-0.0091,14.9845],[117.3973,-0.0099,11.4452],[117.3968,-0.0095,13.4879],[117.3957,-0.0062,12.4683],[117.3962,-0.0028,12.6511],[117.3918,-0.0005,15.9719],[117.3909,0.0005,14.4102],[117.3914,0.0029,14.9792],[117.3937,0.0027,14.6455],[117.3937,0.0047,13.4521],[117.3907,0.0034,15.1371],[117.3884,0.0089,17.1556],[117.3847,0.0122,20.0251],[117.3824,0.0101,17.4892],[117.381,0.0104,17.4892],[117.3805,0.0125,15.0323],[117.377,0.0099,16.8026],[117.376,0.0119,16.2979],[117.3736,0.0102,16.5109],[117.37379658344284,0.01077818659658,17.6154],[117.3758,0.0124,17.5685],[117.3769,0.0104,16.8026],[117.3775,0.0117,15.2747],[117.3807,0.0129,15.0323],[117.382,0.0105,18.0512],[117.3834,0.0122,20.0251],[117.3847,0.0126,20.0251],[117.3872,0.0111,20.187],[117.3889,0.0089,17.1556],[117.3898,0.0061,14.4279],[117.3908,0.007,14.4279],[117.3935,0.0066,13.4726],[117.3945,0.0044,13.4521],[117.3941,0.0024,14.6455],[117.3915,0.002,15.7463],[117.3917,0.0,15.9719],[117.3958,-0.0016,12.6511],[117.3969,-0.0044,12.1309],[117.396,-0.0061,12.4683],[117.3971,-0.0095,13.4879],[117.3984,-0.0087,14.1911],[117.3995,-0.0087,14.9845],[117.401,-0.0102,12.6295],[117.4008,-0.0116,11.9552],[117.4035,-0.0094,12.8299],[117.4058,-0.0108,15.5268],[117.4061,-0.0115,11.8872],[117.4054,-0.0124,11.5101],[117.4057,-0.0126,11.8872],[117.4087,-0.0105,13.0001],[117.4117,-0.0139,12.0513],[117.4128,-0.013,12.0113],[117.4141,-0.0139,14.2213],[117.4124,-0.0169,10.9238],[117.4144,-0.0176,10.581],[117.4172,-0.0154,11.2719],[117.419,-0.0166,12.5367],[117.4192,-0.0151,12.473],[117.4212,-0.0142,9.4745],[117.4238,-0.0176,9.7716],[117.4259,-0.0169,9.5627],[117.4275,-0.0208,8.6059],[117.4283,-0.02,8.1353],[117.4304,-0.0196,8.6459],[117.4307,-0.0205,8.6459],[117.4291,-0.023,7.6299],[117.4316,-0.0223,10.4987],[117.4311,-0.0213,10.4987],[117.4321,-0.0198,8.6459],[117.4341,-0.0207,8.9787],[117.4343,-0.0178,11.2291],[117.4361,-0.0167,7.9124],[117.4378,-0.0236,10.27],[117.4372,-0.025,9.9422],[117.4404,-0.0296,7.1556],[117.441,-0.0319,9.1181],[117.4375,-0.0335,16.6031],[117.4359,-0.0325,8.3061],[117.4362,-0.0353,7.4172],[117.4356,-0.0359,7.4172],[117.4371,-0.0378,7.7816],[117.4378,-0.0367,7.7816],[117.4387,-0.0372,12.0432],[117.4383,-0.0395,7.0983],[117.4405,-0.0374,12.0432],[117.4432,-0.0379,10.5323],[117.4433,-0.0422,9.6292],[117.4483,-0.0427,13.6033],[117.4486,-0.0464,4.9889],[117.4514,-0.0466,8.6848],[117.4541,-0.0481,8.3591],[117.4531,-0.0503,8.6811],[117.4556,-0.0495,9.4892],[117.4578,-0.051,8.3082],[117.4573,-0.0532,6.8968],[117.4555,-0.0541,6.9168],[117.4576,-0.0547,5.6655],[117.4598,-0.0516,7.2756],[117.4606,-0.0536,5.5781],[117.4618,-0.0532,5.8575],[117.4616,-0.0511,8.0706],[117.4638,-0.0522,8.202],[117.465,-0.0539,6.0661],[117.4652,-0.0514,8.202],[117.4664,-0.0503,7.6624],[117.4691,-0.0532,4.2528],[117.4692,-0.0506,6.5053],[117.4729,-0.05,6.8939],[117.4711,-0.049,9.5989],[117.4732,-0.0463,7.5705],[117.4756,-0.0484,5.8277],[117.4748,-0.0495,7.9402],[117.478,-0.0485,5.9363],[117.4792,-0.0459,8.3366],[117.4775,-0.0431,9.5353],[117.4793,-0.0409,6.5184],[117.4819,-0.043,7.0302],[117.4812,-0.0455,6.1159],[117.4835,-0.0446,10.5811],[117.4829,-0.043,7.0302],[117.4837,-0.0413,6.0653],[117.4856,-0.0419,6.0116],[117.485,-0.0437,6.0688],[117.4866,-0.0436,5.4748],[117.4873,-0.0409,4.3073],[117.485,-0.0402,7.6274],[117.4868,-0.0386,5.4093],[117.4892,-0.04,6.3645],[117.4909,-0.0387,9.437],[117.4914,-0.0409,5.0198],[117.4937,-0.0421,10.7239],[117.4961,-0.041,8.2051],[117.4987,-0.0413,6.5276],[117.4977,-0.0389,9.5956],[117.5027,-0.038,7.9261],[117.5038,-0.0395,7.9261],[117.5035,-0.0362,10.7358],[117.5053,-0.034,7.7562],[117.5079,-0.0358,4.1855],[117.5072,-0.0338,8.234],[117.5082,-0.0317,6.521],[117.5113,-0.0347,2.2412],[117.5113,-0.0293,2.0435],[117.5133,-0.0297,3.0291],[117.5151,-0.0323,3.0065],[117.5178,-0.0299,5.376],[117.5183,-0.0254,6.9864],[117.5146,-0.0119,3.9844],[117.5038,0.0048,5.8915],[117.5064,0.0176,2.6365],[117.5147,0.0173,0.0],[117.5171,0.0196,0.0],[117.5187,0.0241,5.7063],[117.5141,0.0269,4.7744],[117.5119,0.0265,4.2043],[117.5114,0.0295,5.9132],[117.5145,0.0331,0.0],[117.5112,0.0345,5.7891],[117.5041,0.0314,4.3996],[117.5018,0.036,4.5512],[117.4981,0.0335,0.0],[117.4984,0.0307,3.5913],[117.4944,0.0254,7.3135],[117.4911,0.0276,6.1461],[117.4876,0.0265,3.9499],[117.4883,0.0299,5.8353],[117.4898,0.0295,5.8353],[117.4917,0.033,3.8737],[117.4897,0.0338,9.8893],[117.4908,0.0371,0.0],[117.4894,0.0378,8.2162],[117.4896,0.0411,7.3467],[117.4947,0.0394,0.0],[117.4943,0.0433,0.0],[117.4971,0.0483,0.0],[117.5,0.048,0.0],[117.5014,0.0495,0.0],[117.5097,0.0482,0.0],[117.5118,0.0516,6.1486],[117.5118,0.0568,3.6253],[117.5092,0.0614,12.8567],[117.5071,0.0617,10.7545],[117.4957,0.0581,7.6076],[117.4913,0.0584,5.1101],[117.4884,0.0549,3.5797],[117.487,0.0556,4.9028],[117.488,0.0595,0.0],[117.4864,0.062,7.7412],[117.4849,0.0612,9.5563],[117.4846,0.0569,4.7563],[117.479,0.0526,0.0],[117.4794,0.05,2.3984],[117.4769,0.0459,4.3039],[117.4736,0.0429,6.8607],[117.4725,0.0443,5.6126],[117.468,0.0439,10.7569],[117.4686,0.0466,4.435],[117.4697,0.0456,7.06],[117.4726,0.0483,0.0],[117.4754,0.0543,5.791],[117.4737,0.0591,1.6451],[117.4773,0.062,0.0],[117.475,0.0644,5.1194],[117.4706,0.0625,11.1383],[117.4663,0.0631,6.7956],[117.4649,0.0617,6.1069],[117.4653,0.0641,2.8137],[117.4716,0.067,0.0],[117.4754,0.0709,1.5999],[117.479,0.0703,0.0],[117.4782,0.0734,0.8235],[117.4796,0.0762,0.5139],[117.4776,0.0783,0.4573],[117.4737,0.0777,4.0696],[117.4769,0.0826,0.0],[117.4732,0.0894,0.0],[117.4669,0.0872,1.0158],[117.4656,0.0892,0.0],[117.4598,0.0905,0.0],[117.4591,0.0917,0.0],[117.4611,0.0921,23.5689],[117.4666,0.0917,0.0],[117.4641,0.0978,3.3664],[117.4603,0.0979,15.6347],[117.457,0.1002,22.9179],[117.4585,0.102,0.5796],[117.4613,0.1005,2.9616],[117.4633,0.1034,8.1019],[117.4654,0.0961,3.6617],[117.4695,0.0924,2.1992],[117.4717,0.0923,0.0],[117.4687,0.0974,6.9131],[117.4712,0.0977,3.2735],[117.4734,0.0939,0.8565],[117.474,0.0959,4.0673],[117.4755,0.0953,0.7085],[117.4759,0.0932,0.0],[117.4787,0.0909,0.8629],[117.4757,0.0899,11.3446],[117.4787,0.0811,0.0],[117.4832,0.0812,0.0],[117.4846,0.0836,0.0],[117.4904,0.0858,0.0],[117.4902,0.0907,0.0],[117.4898,0.0878,0.0],[117.4882,0.0887,0.0],[117.4866,0.0858,1.5197],[117.4849,0.0858,0.0],[117.4826,0.0881,1.3431],[117.4859,0.0891,0.0],[117.4848,0.0927,0.0],[117.4787,0.0912,0.8629],[117.4763,0.0932,0.0],[117.4802,0.0983,0.0],[117.4803,0.101,0.0],[117.4777,0.1036,0.7288],[117.4827,0.1016,0.0],[117.4873,0.1022,6.536],[117.4876,0.1005,3.9885],[117.4932,0.0987,0.0],[117.4944,0.1025,2.0124],[117.4985,0.098,3.9647],[117.5012,0.1007,0.0],[117.4951,0.1052,2.4535],[117.4943,0.1027,2.0124],[117.4921,0.1023,0.0],[117.4923,0.1055,0.0],[117.483,0.1019,0.0],[117.4835,0.105,5.6432],[117.4788,0.1078,4.6719],[117.4785,0.1102,3.1061],[117.4805,0.1115,3.2676],[117.4839,0.1088,10.3459],[117.4841,0.1068,3.0412],[117.4873,0.106,0.9185],[117.4883,0.1088,1.8747],[117.49,0.1081,0.0],[117.4902,0.1093,0.0],[117.4843,0.1125,1.9682],[117.4861,0.1133,0.0],[117.4841,0.1154,0.8526],[117.4846,0.1154,0.8526],[117.485,0.1161,2.8968],[117.4856,0.1161,2.8968],[117.4857,0.1143,0.8526],[117.489,0.1127,2.0888],[117.4905,0.1148,0.0],[117.4922,0.1133,1.6241],[117.4926,0.1156,5.6901],[117.4933,0.1112,0.5618],[117.4944,0.1139,3.3232],[117.4964,0.1124,2.9202],[117.4963,0.1093,0.0],[117.4985,0.1117,4.4283],[117.5036,0.1107,4.4709],[117.5042,0.1132,5.6426],[117.5067,0.1093,5.8333],[117.5063,0.1072,1.4599],[117.5104,0.111,11.577],[117.518,0.1229,9.1545],[117.5229,0.1255,0.0],[117.518,0.1351,7.2446],[117.5159,0.136,8.0912],[117.5169,0.1371,3.3412],[117.5179,0.1364,4.6897],[117.5192,0.1413,0.0],[117.5177,0.1425,0.0],[117.5174,0.1413,2.4472],[117.5126,0.1415,10.3525],[117.5118,0.1445,3.0941],[117.5077,0.1476,13.2073],[117.51,0.1483,0.0],[117.5111,0.1512,8.8479],[117.5074,0.156,7.5906],[117.5056,0.1572,3.143],[117.5003,0.1551,12.5126],[117.4979,0.1504,13.7332],[117.4966,0.1509,3.6714],[117.4946,0.1481,5.395],[117.4933,0.1486,3.1966],[117.4963,0.1571,0.0],[117.4957,0.1586,2.6283],[117.4915,0.158,0.0],[117.4905,0.1487,3.5048],[117.4884,0.1464,4.101],[117.4867,0.1477,3.602],[117.4891,0.1523,1.5061],[117.4876,0.1597,3.1377],[117.4845,0.1587,8.4287],[117.4837,0.1563,0.9081],[117.4799,0.155,3.8937],[117.4778,0.156,0.0],[117.4747,0.1535,21.2911],[117.4741,0.1547,10.0281],[117.4794,0.1618,3.8425],[117.477,0.1613,4.0224],[117.4733,0.1638,3.9592],[117.4716,0.1626,9.1011],[117.4707,0.1641,4.5983],[117.4776,0.1644,0.4517],[117.4777,0.1663,2.4604],[117.4801,0.1643,0.4281],[117.4827,0.166,2.8272],[117.4836,0.1641,0.0],[117.4815,0.1616,0.0],[117.4824,0.1605,1.9793],[117.4854,0.1655,3.4252],[117.4877,0.1644,0.0],[117.4856,0.1673,3.2824],[117.4897,0.1667,0.0],[117.4907,0.1703,1.4656],[117.4858,0.1725,2.1529],[117.4852,0.1797,1.8441],[117.49,0.1751,0.0],[117.4885,0.1784,2.2651],[117.4892,0.1797,2.926],[117.4909,0.1789,3.3577],[117.4935,0.1736,0.0],[117.4985,0.1738,3.8936],[117.4979,0.1777,7.4362],[117.4994,0.1739,3.8936],[117.5046,0.1756,0.0],[117.5026,0.1797,0.0],[117.4986,0.1787,3.385],[117.4966,0.1815,0.8176],[117.4935,0.1801,8.6946],[117.4899,0.1894,6.9795],[117.4864,0.186,2.7641],[117.4856,0.1883,1.2351],[117.4903,0.19,5.153],[117.5007,0.1866,0.0],[117.4995,0.1925,7.3411],[117.4944,0.1945,13.7087],[117.4932,0.1967,10.4592],[117.4977,0.1947,2.7667],[117.5001,0.1987,14.2008],[117.4994,0.195,0.0],[117.5082,0.1915,0.0],[117.5106,0.1955,2.5214],[117.5174,0.197,0.0],[117.5166,0.2015,11.3405],[117.5047,0.2035,14.4401],[117.5061,0.2079,4.1348],[117.5047,0.2103,0.0],[117.5068,0.212,0.0],[117.507,0.2161,12.3968],[117.5163,0.2122,17.9303],[117.5215,0.2132,0.0],[117.5207,0.2178,11.6235],[117.5236,0.218,6.4747],[117.5285,0.2222,0.0],[117.5275,0.2283,0.0],[117.5252,0.2311,6.2209],[117.5275,0.235,0.0],[117.5268,0.2381,3.3206],[117.5168,0.2451,2.2818],[117.517,0.2475,22.4856],[117.521,0.2514,10.1344],[117.5298,0.2554,0.0],[117.5301,0.2603,0.0],[117.5275,0.2617,0.0],[117.5173,0.2616,5.4999],[117.5167,0.2633,15.799],[117.5206,0.2631,11.3572],[117.5224,0.2658,0.0],[117.5219,0.2677,0.0],[117.5169,0.2707,16.2657],[117.5207,0.2711,2.8056],[117.5206,0.2723,2.9375],[117.5142,0.2737,13.9494],[117.5202,0.2737,2.9375],[117.5204,0.2755,0.0],[117.5167,0.2758,9.2259],[117.5143,0.278,14.8374],[117.5181,0.2765,9.2259],[117.519,0.2787,2.2987],[117.5248,0.2801,15.3209],[117.5275,0.2827,0.0],[117.5264,0.2863,18.5964],[117.5339,0.287,0.9922],[117.5342,0.2886,2.4967],[117.5323,0.2898,8.2747],[117.531,0.2983,2.1289],[117.5289,0.2998,6.4563],[117.5299,0.3075,0.0],[117.5271,0.3132,0.0],[117.5253,0.313,0.0],[117.5238,0.3152,5.0868],[117.5222,0.323,12.6815],[117.5279,0.318,12.149],[117.531,0.3176,2.625],[117.526,0.3231,14.4788],[117.53,0.3226,4.6791],[117.5324,0.3255,15.2755],[117.5367,0.3178,10.9954],[117.5415,0.3185,9.0147],[117.544,0.3197,5.7085],[117.5504,0.3293,4.1528],[117.5531,0.3367,3.1803],[117.5517,0.3515,0.881],[117.5538,0.3572,0.0],[117.5533,0.3631,5.7908],[117.5634,0.3854,0.0],[117.5632,0.3885,1.7435],[117.566,0.3897,3.7048],[117.5671,0.393,0.0],[117.5646,0.3988,0.0],[117.5603,0.399,16.3931],[117.5656,0.4021,6.2191],[117.5643,0.4077,0.0],[117.5598,0.4086,0.0],[117.5566,0.4069,7.1672],[117.5571,0.4099,14.58],[117.5603,0.412,0.0],[117.5582,0.4131,0.0],[117.5582,0.4148,12.8576],[117.5651,0.4175,0.0],[117.565,0.4199,0.0],[117.5574,0.4191,0.0],[117.5513,0.4235,15.019],[117.5568,0.4229,14.6649],[117.5657,0.4254,13.0181],[117.5763,0.4136,2.0124],[117.5734,0.4119,3.0001],[117.5742,0.4081,7.6399],[117.5786,0.4069,10.0233],[117.5723,0.4072,7.6399],[117.5721,0.406,0.0],[117.5849,0.4055,10.5861],[117.6029,0.4175,14.1572],[117.6035,0.4211,12.6879],[117.6087,0.4265,0.5747],[117.6135,0.4364,0.0],[117.6115,0.4425,0.0],[117.6059,0.4474,1.5636],[117.6013,0.4669,0.0],[117.6011,0.4755,0.9968],[117.6052,0.4895,4.401],[117.6213,0.5056,3.1401],[117.6285,0.5062,0.0],[117.6315,0.5097,1.5342],[117.6348,0.5161,0.0],[117.6342,0.5188,0.0],[117.6318,0.5203,5.0541],[117.632,0.5236,0.0],[117.6444,0.5361,0.0],[117.6466,0.5464,0.4931],[117.6505,0.5522,0.0],[117.649,0.5557,10.4969],[117.6528,0.5588,0.0],[117.6518,0.5613,11.2671],[117.6613,0.5646,0.0],[117.6585,0.5795,8.7174],[117.6663,0.5898,10.0171],[117.6688,0.6077,9.8387],[117.6746,0.618,6.6939],[117.6844,0.6232,1.5165],[117.7088,0.6262,12.5998],[117.7115,0.628,7.5176],[117.7144,0.6373,0.0],[117.7107,0.6577,2.8134],[117.7105,0.6871,3.4051],[117.713,0.7004,0.0],[117.7244,0.7185,1.6147],[117.7356,0.7285,0.0],[117.7371,0.7339,6.6918],[117.7411,0.738,0.0],[117.7422,0.7426,2.3179],[117.7511,0.7563,5.8803],[117.7579,0.7616,0.0],[117.7704,0.7708,2.9659],[117.7784,0.7743,0.7256],[117.7804,0.7774,2.2115],[117.788,0.7801,1.6396],[117.7996,0.7893,0.8244],[117.8179,0.7998,0.0],[117.8373,0.8074,6.6331],[117.8528,0.8112,0.0],[117.8656,0.8121,3.0452],[117.8692,0.8086,0.0],[117.8713,0.8093,1.3175],[117.8731,0.8133,0.0],[117.8716,0.8178,0.8819],[117.8738,0.8252,5.3555],[117.8844,0.8283,1.6369],[117.89,0.8317,0.2556],[117.9011,0.8323,8.8673],[117.9138,0.836,7.0605],[117.9162,0.8355,10.2548],[117.9186,0.8313,4.7371],[117.9215,0.824,8.7022],[117.9208,0.8167,0.0],[117.9267,0.805,5.6449],[117.9352,0.8027,3.2733],[117.9458,0.7967,1.0281],[117.9574,0.7949,7.8549],[117.9591,0.7934,4.753],[117.9627,0.7825,1.3464],[117.9719,0.774,4.6048],[117.977,0.7727,0.0],[117.9812,0.777,5.7125],[117.99,0.7749,1.5119],[118.0122,0.7762,4.1208],[118.0176,0.7791,5.3657],[118.0263,0.7788,15.0491],[118.0295,0.7824,0.0],[118.0276,0.791,0.0],[118.0298,0.7996,1.3059],[118.0281,0.8024,0.0],[118.0199,0.8034,10.3612],[118.022,0.8058,5.2101],[118.0194,0.8158,0.0],[118.027,0.8287,4.8737],[118.027,0.832,5.9005],[118.0196,0.8495,2.6367],[118.0204,0.8584,7.2848],[118.0188,0.8656,0.0],[118.0117,0.8836,1.0348],[117.9995,0.8924,21.13],[117.9887,0.9124,2.4266],[117.9867,0.9196,1.0],[117.9783,0.9292,8.2769],[117.9783,0.944,6.5882],[117.9727,0.9484,9.0429],[117.9687,0.9592,8.1313],[117.9715,0.9804,14.2598],[117.9639,0.9856,6.8634],[117.9588,1.0054,4.3033],[117.9511,1.0096,4.1385],[117.9447,1.0216,5.5826],[117.9447,1.0312,4.5323],[117.9407,1.0364,1.0],[117.9295,1.0372,5.411],[117.9279,1.0436,7.2714],[117.9243,1.048,5.4475],[117.9289,1.0495,1.0],[117.9301,1.0457,2.954],[117.9335,1.0494,1.0],[117.9319,1.0537,9.9044],[117.9255,1.0528,9.8832],[117.9216,1.0538,10.2189],[117.9194,1.0639,5.0644],[117.9037,1.0726,1.0],[117.9016,1.0801,4.7738],[117.8885,1.0895,3.9512],[117.8888,1.0867,2.0814],[117.8946,1.0808,4.4646],[117.8963,1.0767,4.6459],[117.8899,1.0838,3.4653],[117.8845,1.086,4.0219],[117.8922,1.0959,3.8671],[117.8914,1.106,8.2564],[117.9019,1.1124,1.0],[117.9155,1.1052,3.8539],[117.9249,1.1046,1.0],[117.9439,1.0896,1.0],[117.9507,1.0796,1.0],[117.9663,1.0692,1.0],[117.9756,1.0659,1.0],[117.9843,1.0592,5.866],[117.9843,1.0484,5.1476],[117.9871,1.0356,2.8954],[117.9959,1.02,11.6965],[117.9907,1.0,1.0],[118.0075,0.9876,3.4137],[118.0046,0.9742,8.9358],[118.0099,0.9648,1.0],[118.0079,0.9616,1.0],[118.0131,0.9536,1.0],[118.0215,0.9476,1.0],[118.0266,0.9518,1.0],[118.0327,0.9492,1.0],[118.0451,0.9472,1.0],[118.0503,0.9424,8.748],[118.0559,0.9352,12.9901],[118.0555,0.9236,5.4987],[118.0511,0.9132,1.0],[118.0612,0.9083,0.5],[118.0638,0.903,2.1292],[118.0909,0.8967,4.0192],[118.1162,0.8882,0.0],[118.1213,0.8885,0.0],[118.152,0.8811,2.5898],[118.1565,0.8786,0.0],[118.1697,0.8771,10.8719],[118.1916,0.871,0.0],[118.1993,0.8701,0.0],[118.2006,0.8716,1.1661],[118.2008,0.8695,0.0],[118.2047,0.8675,0.0],[118.3174,0.8487,0.0],[118.3206,0.85,2.9726],[118.3214,0.8479,0.0],[118.3386,0.841,3.9641],[118.342,0.837,1.065],[118.3426,0.832,3.2226],[118.3402,0.8287,2.2884],[118.3393,0.8196,0.0],[118.3412,0.8149,0.0],[118.3513,0.808,0.0],[118.3689,0.8031,0.0],[118.382,0.8044,0.3139],[118.39,0.8086,0.0],[118.4059,0.8211,0.2794],[118.4073,0.8197,-0.018],[118.4151,0.8197,0.0],[118.4165,0.8239,0.0],[118.4128,0.8284,6.8787],[118.4127,0.832,7.2493],[118.4236,0.8361,0.0],[118.4378,0.834,0.0],[118.4444,0.8415,0.0],[118.4539,0.8401,5.7192],[118.4561,0.8337,0.0],[118.4652,0.8311,0.0],[118.4813,0.8311,0.0],[118.4851,0.8273,9.3116],[118.4955,0.8221,1.4652],[118.5059,0.8213,3.3799],[118.5248,0.8135,0.0],[118.5564,0.8151,8.4426],[118.5687,0.8175,19.4676],[118.5757,0.814,4.4794],[118.5854,0.8139,11.6196],[118.5868,0.8104,0.0],[118.589,0.8104,0.0],[118.6083,0.826,0.0],[118.6098,0.8305,4.8998],[118.6171,0.8349,0.0269],[118.6209,0.8395,0.0],[118.6227,0.8448,0.7969],[118.629,0.8422,0.7555],[118.6314,0.8491,0.8778],[118.6388,0.8447,2.3173],[118.6527,0.8462,0.0],[118.6703,0.8596,5.4192],[118.6762,0.8586,1.6748],[118.6832,0.8514,0.0],[118.6971,0.8444,2.69],[118.6978,0.842,0.0],[118.7047,0.8365,63.2527],[118.7052,0.8335,8.4024],[118.7088,0.8303,0.0],[118.7063,0.8195,12.4018],[118.7077,0.8146,7.0415],[118.7102,0.8146,14.1519],[118.7139,0.8202,5.7603],[118.7158,0.8196,2.682],[118.7254,0.8239,26.5847],[118.7366,0.8201,0.5461],[118.7392,0.816,19.9367],[118.7545,0.8076,1.2227],[118.7631,0.8059,5.1816],[118.7811,0.8081,2.9772],[118.7861,0.8064,1.0851],[118.7863,0.8096,1.1476],[118.7823,0.8109,4.8102],[118.7947,0.812,5.2785],[118.7951,0.8089,4.1055],[118.7965,0.809,4.1055],[118.7877,0.8023,0.7667],[118.7959,0.8024,1.1041],[118.8077,0.8131,0.0],[118.8071,0.8172,6.1845],[118.8162,0.8191,4.6082],[118.8139,0.825,4.15],[118.815,0.8283,10.1765],[118.8178,0.83,3.7627],[118.8213,0.8275,5.8509],[118.8241,0.8287,3.2879],[118.8249,0.832,6.6355],[118.8233,0.8356,8.3338],[118.8253,0.841,7.9385],[118.8265,0.8428,0.5656],[118.8334,0.8446,0.0],[118.8427,0.8583,8.163],[118.8453,0.8594,0.0],[118.8507,0.8669,0.0],[118.8494,0.8742,7.3349],[118.8571,0.8771,8.7592],[118.8607,0.8741,1.0244],[118.8638,0.8791,4.5891],[118.8835,0.8723,8.6775],[118.8899,0.8735,0.0],[118.8955,0.877,0.0],[118.899,0.885,0.0],[118.9034,0.8865,4.0148],[118.9064,0.8905,0.0],[118.9052,0.8918,3.0203],[118.8991,0.8883,5.4079],[118.9012,0.8954,6.6367],[118.905,0.8987,0.0],[118.907,0.9034,2.378],[118.9113,0.9056,12.4439],[118.9152,0.9046,5.9502],[118.9165,0.9093,0.0],[118.92,0.9128,6.1865],[118.9249,0.9118,0.6997],[118.9293,0.9131,0.9909],[118.9367,0.919,0.0],[118.9465,0.9323,7.1462],[118.9517,0.9336,0.0],[118.9552,0.9384,0.3981],[118.9587,0.9389,0.2475],[118.964,0.9431,3.6081],[118.9734,0.9667,1.9143],[118.9815,0.9744,0.0],[118.9825,0.9813,0.9472],[118.9887,0.987,0.0],[118.9895,0.9895,0.0],[118.9858,0.9943,5.7153],[118.9812,1.0061,0.0],[118.9813,1.0116,5.4307],[118.9888,1.0225,1.9],[118.9807,1.038,1.0214],[118.9789,1.0386,3.5285],[118.9736,1.0359,10.7045],[118.9685,1.0361,0.0],[118.9585,1.0442,0.0],[118.9539,1.051,0.0],[118.9489,1.0536,0.0],[118.9454,1.059,0.0],[118.9327,1.0588,0.0],[118.9179,1.0649,9.5615],[118.8715,1.0675,0.0],[118.8688,1.0659,24.0142],[118.8599,1.0529,0.0],[118.8541,1.0483,3.3239],[118.8455,1.0469,6.3083],[118.8418,1.0482,13.9633],[118.8354,1.0536,8.765],[118.8366,1.058,0.0],[118.8325,1.0625,6.4411],[118.833,1.0664,21.2473],[118.8372,1.0713,13.1763],[118.8324,1.0769,10.4161],[118.8279,1.0881,0.0],[118.8279,1.0939,1.0139],[118.8305,1.0984,5.5521],[118.8063,1.1158,0.0],[118.8065,1.1126,0.0],[118.8044,1.1116,16.7697],[118.7977,1.1148,37.4203],[118.7957,1.1169,27.090699999999998],[118.7973,1.1237,10.7706],[118.7932,1.1223,0.0],[118.7911,1.1256,0.0],[118.7875,1.1261,3.6416],[118.7771,1.1336,5.1891],[118.7774,1.1375,5.3757],[118.7798,1.1372,3.4987],[118.78,1.1406,12.4544],[118.7853,1.1348,1.4802],[118.7886,1.1345,0.0],[118.7865,1.1312,0.5933],[118.7946,1.1272,0.0],[118.7917,1.1317,3.7752],[118.795,1.1313,0.0],[118.7906,1.1372,0.0],[118.788,1.1363,12.5122],[118.7751,1.1556,0.0],[118.773,1.154,13.0475],[118.7754,1.1474,4.372],[118.7716,1.151,0.0],[118.7682,1.1503,8.098],[118.7629,1.1525,0.0],[118.7572,1.1512,0.0],[118.7584,1.1464,8.519],[118.7557,1.1482,3.4262],[118.7544,1.1522,0.0],[118.7518,1.1501,7.1043],[118.75,1.1517,2.0388],[118.7495,1.1493,9.8286],[118.7464,1.1504,1.8691],[118.7446,1.1491,0.0],[118.7458,1.147,1.7049],[118.7444,1.1467,4.6177],[118.7426,1.1503,4.4814],[118.7407,1.1509,3.1047],[118.7407,1.1535,1.688],[118.7379,1.1503,8.895],[118.7364,1.1526,10.6255],[118.7347,1.1517,26.3124],[118.7348,1.1553,16.6971],[118.7313,1.1534,27.3835],[118.7277,1.1555,0.0],[118.7213,1.1544,3.812],[118.7276,1.159,29.1916],[118.7311,1.1575,9.0046],[118.7334,1.1589,23.2211],[118.7334,1.1567,0.0],[118.7369,1.1578,6.8639],[118.7381,1.1613,3.5388],[118.7404,1.159,6.58],[118.7447,1.1597,8.7546],[118.7476,1.1577,3.6619],[118.7571,1.1627,4.6038],[118.758,1.1605,11.6678],[118.762,1.16,0.0],[118.7649,1.1621,0.3719],[118.7651,1.1656,3.6921],[118.7691,1.1663,1.0844],[118.7694,1.1848,3.9749],[118.7681,1.1934,1.2499],[118.7652,1.1996,2.7403],[118.7514,1.2148,0.6835],[118.7238,1.2355,0.0],[118.7115,1.2519,9.0655],[118.7043,1.2545,0.0],[118.6969,1.2624,0.0],[118.691,1.2636,5.7515],[118.689,1.2626,0.2611],[118.6866,1.2574,3.0943],[118.6885,1.2526,8.3934],[118.6826,1.2551,23.1321],[118.6849,1.2602,19.2918],[118.6869,1.2598,4.7874],[118.6884,1.2638,2.2772],[118.6872,1.2659,2.664],[118.6824,1.2678,2.2332],[118.672,1.2775,2.1355],[118.6656,1.2776,5.0817],[118.6584,1.2823,7.3485],[118.6446,1.2996,2.6894],[118.6171,1.3161,3.253],[118.6107,1.3233,1.8842],[118.6061,1.3238,1.1293],[118.5876,1.3458,7.4183],[118.5817,1.3489,3.0557],[118.5776,1.3542,1.7907],[118.5729,1.3551,10.3797],[118.5715,1.3582,7.5416],[118.5679,1.3587,16.9666],[118.5653,1.3621,0.6481],[118.5605,1.3635,7.7494],[118.5539,1.3618,11.6965],[118.5515,1.3597,0.8327],[118.5496,1.3566,4.6262],[118.5493,1.3508,5.1134],[118.5484,1.3603,4.6454],[118.5452,1.3605,0.0],[118.5467,1.3583,12.4883],[118.5402,1.3617,8.9936],[118.5365,1.3615,4.505],[118.5354,1.3594,17.7666],[118.5315,1.3585,12.932],[118.531,1.3559,11.5499],[118.5306,1.3573,7.258],[118.5329,1.3629,2.3385],[118.5298,1.3629,4.2187],[118.529,1.3609,4.8272],[118.5269,1.3616,2.4534],[118.5259,1.3574,6.6451],[118.5251,1.361,2.4534],[118.521,1.3606,3.8192],[118.5162,1.3567,5.3376],[118.5149,1.353,7.599],[118.5155,1.3573,12.0474],[118.5171,1.3601,2.3674],[118.5159,1.3628,3.6431],[118.5125,1.3615,9.4814],[118.5067,1.3621,7.3948],[118.5168,1.3656,4.7388],[118.5173,1.3699,8.7515],[118.5133,1.3694,6.5374],[118.5175,1.3738,4.4107],[118.5123,1.3761,4.6214],[118.4984,1.3729,2.5089],[118.4965,1.371,3.6966],[118.4976,1.367,1.1054],[118.4967,1.3655,1.1054],[118.4948,1.3687,1.4643],[118.49,1.3697,4.4721],[118.4887,1.3658,2.231],[118.491,1.3632,1.7833],[118.4898,1.362,6.9585],[118.4873,1.364,0.778],[118.4872,1.3618,6.1647],[118.4887,1.3611,6.9585],[118.4871,1.3608,6.1647],[118.4842,1.3649,0.0],[118.4764,1.3648,10.5608],[118.4815,1.3654,6.7354],[118.4844,1.3706,5.1678],[118.4885,1.3729,2.1976],[118.4896,1.3753,11.3744],[118.489,1.3792,3.2149],[118.4852,1.3822,0.0],[118.4803,1.3827,4.4461],[118.4804,1.3849,2.2232],[118.4784,1.3818,6.7167],[118.4754,1.3836,1.7343],[118.4743,1.3827,1.7343],[118.4715,1.3772,5.9011],[118.4702,1.3794,2.0745],[118.4678,1.3779,9.8649],[118.4634,1.3678,5.3916],[118.4659,1.3607,13.2697],[118.4627,1.3626,1.8025],[118.462,1.3586,8.8014],[118.4614,1.3649,0.0],[118.4548,1.3697,12.1097],[118.4583,1.3687,0.0],[118.4605,1.3702,3.0897],[118.4607,1.3764,9.6579],[118.468,1.3846,0.0],[118.4688,1.3925,6.4849],[118.4703,1.3943,1.2589],[118.4682,1.3953,8.5368],[118.465,1.3939,9.8751],[118.4647,1.3967,8.8801],[118.46,1.3994,0.5411],[118.4553,1.387,6.99],[118.4503,1.3819,4.888],[118.4496,1.3765,11.2338],[118.4484,1.3784,3.3119],[118.4468,1.3747,7.938],[118.4464,1.3766,10.0509],[118.4477,1.3785,3.3119],[118.4464,1.3795,0.9651],[118.4433,1.3766,2.8724],[118.4452,1.3751,4.8204],[118.4446,1.3718,9.6816],[118.4449,1.3742,4.8204],[118.4417,1.3759,1.3326],[118.4406,1.3786,5.4919],[118.4353,1.3794,3.6171],[118.4315,1.3826,2.0704],[118.4337,1.3842,5.4109],[118.4352,1.389,3.7549],[118.433,1.3989,0.0],[118.4299,1.3995,1.2001],[118.4181,1.3934,4.6888],[118.4108,1.3992,0.0],[118.4085,1.397,8.9924],[118.4099,1.4001999999999999,0.0],[118.4069,1.3994,14.2326],[118.4081,1.4015,3.8823],[118.4064,1.4043,3.0928],[118.4017,1.4042,6.2333],[118.4066,1.4051,3.0928],[118.4134,1.4014,0.0],[118.419,1.4024,5.8774],[118.42,1.4061,12.6479],[118.4154,1.4073,2.3187],[118.4153,1.4092,8.14],[118.4199,1.4078,4.9708],[118.4291,1.413,2.5085],[118.4284,1.4161,1.5013],[118.4303,1.4229,13.2198],[118.4293,1.4256,2.7676],[118.4252,1.4285,1.6144],[118.4162,1.4271,2.3058],[118.4173,1.4289,5.3433],[118.4241,1.4316,2.6894],[118.4224,1.4342,0.0],[118.4018,1.4239,2.1331],[118.3979,1.4249,8.7608],[118.3896,1.4227,8.4118],[118.3858,1.4235,4.5344],[118.3841,1.4256,7.7474],[118.3866,1.4243,3.8727],[118.3889,1.4257,5.0005],[118.3882,1.4298,0.0],[118.3865,1.4299,3.5125],[118.3801,1.426,3.5334],[118.3791,1.4232,5.6207],[118.379,1.4262,3.5334],[118.3755,1.4235,4.8186],[118.3769,1.4268,1.58],[118.3846,1.4319,4.8735],[118.3822,1.4324,5.5835],[118.3829,1.4336,5.5835],[118.3977,1.4354,0.0],[118.4052,1.4385,2.4367],[118.4058,1.4372,13.6414],[118.4139,1.4385,0.0],[118.4201,1.4477,0.6477],[118.4207,1.4528,2.3372],[118.4173,1.4607,0.7292],[118.4104,1.4589,1.4867],[118.4083,1.4562,11.1307],[118.411,1.4611,5.2832],[118.4104,1.4636,4.6111],[118.4125,1.4643,3.4505],[118.4144,1.4724,0.0],[118.4097,1.4867,2.1068],[118.4074,1.4869,0.991],[118.406,1.4831,3.1928],[118.4023,1.4835,1.62],[118.4013,1.4805,0.0],[118.3993,1.4813,3.1977],[118.4002,1.4846,0.4282],[118.3978,1.4838,0.5899],[118.3977,1.4857,0.0],[118.3947,1.4873,0.1732],[118.3866,1.4809,19.5308],[118.387,1.4873,0.538],[118.3826,1.4837,1.7128],[118.3823,1.4807,2.6093],[118.3761,1.483,5.217],[118.3739,1.4867,1.3232],[118.3777,1.4903,2.4267],[118.3802,1.4896,2.2662],[118.3879,1.4928,0.0],[118.3872,1.4955,0.0],[118.3841,1.4968,8.8161],[118.3788,1.4942,4.4331],[118.3754,1.499,1.6492],[118.3756,1.5013,4.7473],[118.3685,1.5007,8.5025],[118.3675,1.5027,4.0859],[118.3687,1.5049,0.0],[118.3672,1.506,1.4705],[118.3571,1.5053,16.1433],[118.353,1.509,0.0],[118.3419,1.5132,5.4531],[118.3116,1.5304,6.7558],[118.3055,1.531,3.4737],[118.2992,1.5295,6.0729],[118.3032,1.5341,0.5622],[118.302,1.5364,4.0773],[118.2951,1.541,3.0677],[118.2876,1.5428,7.6191],[118.2858,1.5453,13.9072],[118.2761,1.5434,13.0704],[118.2739,1.5498,2.9562],[118.2616,1.5537,4.3934],[118.2581,1.5564,1.3004],[118.2467,1.5583,9.9779],[118.2463,1.5616,4.1784],[118.2288,1.5727,0.0],[118.2103,1.589,0.0],[118.2058,1.5898,3.537],[118.2033,1.5931,0.9334],[118.1799,1.6061,3.2299],[118.1754,1.6105,3.1883],[118.1715,1.6194,2.2618],[118.1652,1.625,26.3803],[118.147,1.632,58.9416],[118.137,1.6327,22.5359],[118.1319,1.6356,8.3053],[118.1073,1.66,5.7463],[118.0916,1.6836,2.4754],[118.0872,1.6886,3.5053],[118.0813,1.6911,1.6656],[118.079,1.6995,17.4881],[118.0727,1.709,0.0],[118.062,1.7171,0.0],[118.0529,1.7296,17.9546],[118.0521,1.7355,7.6974],[118.053,1.737,7.6974],[118.0573,1.7378,0.0],[118.0622,1.7437,0.0],[118.0647,1.7495,0.0],[118.0659,1.7587,13.8865],[118.062,1.7692,0.0],[118.0481,1.7834,0.5189],[118.0381,1.7872,0.0],[118.0252,1.7806,0.0],[118.0233,1.7821,0.0],[118.0103,1.7829,7.9822],[117.9884,1.7896,7.9109],[117.986,1.7888,2.8104],[117.9734,1.7923,4.3311],[117.9667,1.7894,11.397],[117.9655,1.792,5.322],[117.96,1.7943,8.6235],[117.9376,1.8005,8.767],[117.934,1.8036,15.8244],[117.9283,1.8053,10.5586],[117.9211,1.8126,9.6212],[117.9177,1.8125,15.5614],[117.9061,1.8275,0.0],[117.9019,1.836,4.7422],[117.8979,1.8372,0.0],[117.8904,1.854,7.5804],[117.8876,1.8562,0.859],[117.8904,1.8655,9.7368],[117.8898,1.8728,0.0],[117.8709,1.881,3.9528],[117.8593,1.8822,13.2366],[117.8519,1.8914,5.8389],[117.8491,1.8928,7.5926],[117.844,1.891,10.599],[117.8455,1.8955,3.5601],[117.839,1.9055,3.546],[117.8331,1.91,10.6698],[117.8321,1.9212,6.6781],[117.8284,1.9238,4.7523],[117.8246,1.9371,7.4587],[117.825,1.9397,6.8091],[117.8269,1.9402,2.0],[117.8261,1.9486,2.6676],[117.8222,1.9494,7.1912],[117.8177,1.9472,4.2813],[117.8157,1.9488,7.2064],[117.8184,1.9526,3.4515],[117.8166,1.9551,5.7488],[117.8183,1.9605,4.2513],[117.8208,1.9612,3.78],[117.8203,1.9656,4.7593],[117.815,1.9705,8.1141],[117.8157,1.9745,7.8834],[117.8136,1.9803,4.5026],[117.8076,1.9832,44.8776],[117.8064,1.9847,39.0828],[117.8073,1.9874,7.942],[117.809,1.9885,9.9702],[117.8202,1.9871,11.1402],[117.8192,1.9959,3.9269],[117.8234,2.0023,8.0454],[117.8242,2.0099,14.0461],[117.7897,2.0137,10.8059],[117.7853,2.0132,5.0337],[117.7841,2.0116,0.0],[117.7669,2.013,4.0262],[117.744,2.0301,14.1566],[117.7416,2.0432,5.2827],[117.7397,2.045,8.836],[117.7248,2.0301,8.7951],[117.7163,2.026,2.1449],[117.7084,2.0274,6.7142],[117.7013,2.036,12.6506],[117.7006,2.0424,6.2756],[117.6956,2.0504,9.9641],[117.696,2.0545,0.0],[117.6988,2.0578,0.0],[117.7055,2.0597,4.106],[117.7189,2.0598,2.348],[117.7187,2.0653,11.4911],[117.7111,2.0736,12.8569],[117.71,2.0789,5.1622],[117.713,2.0822,5.0567],[117.7261,2.0827,5.6002],[117.7194,2.1045,5.249],[117.7229,2.12,0.0],[117.7233,2.1381,0.0],[117.7187,2.1497,7.6196],[117.7059,2.1635,7.7665],[117.7009,2.1669,8.6687],[117.6815,2.1718,5.9132],[117.6829,2.1781,0.0],[117.6874,2.1803,0.0],[117.7024,2.1816,0.0],[117.7201,2.188,1.1947],[117.7413,2.1918,0.0],[117.7904,2.189,0.0],[117.8023,2.1978,2.6153],[117.8163,2.2013,0.0],[117.8383,2.1989,4.5484],[117.8689,2.1989,4.1837],[117.8934,2.1947,0.0],[117.8956,2.1958,0.0],[117.8984,2.2067,0.0],[117.9047,2.2098,0.0],[117.9083,2.2088,1.0312],[117.9201,2.1975,2.1989],[117.9329,2.1803,0.0],[117.9438,2.1802,0.0],[117.9629,2.1876,2.854],[117.9807,2.1892,0.0],[117.9909,2.1948,0.0],[118.0189,2.196,0.0],[118.0359,2.2106,0.0],[118.0489,2.2246,1.065],[118.0547,2.2282,0.0],[118.0598,2.2361,7.5677],[118.0634,2.2379,0.0],[118.0648,2.2431,3.0752],[118.0734,2.2455,0.0],[118.0782,2.2495,2.2128],[118.0779,2.2534,11.915],[118.0742,2.2563,3.9443],[118.0763,2.2566,3.6257],[118.0776,2.2602,1.5901],[118.0858,2.2654,0.0],[118.0933,2.2741,0.0],[118.0971,2.2812,0.0],[118.0975,2.2862,0.0],[118.0962,2.2889,2.9308],[118.0933,2.2903,2.4503],[118.0906,2.2897,2.9557],[118.0901,2.2839,8.0473],[118.0868,2.2879,7.1698],[118.0843,2.2825,5.6871],[118.0813,2.2827,5.6448],[118.0832,2.2833,5.6871],[118.0889,2.297,0.0],[118.0934,2.299,0.0],[118.094,2.3077,6.8932],[118.0852,2.3242,8.8439],[118.0779,2.3253,0.0],[118.0744,2.3366,7.94],[118.0718,2.3372,0.0],[118.0699,2.3338,6.9688],[118.0646,2.3478,3.7242],[118.0668,2.3507,0.0],[118.0662,2.3544,2.0717],[118.0546,2.3642,4.8101],[118.0452,2.3767,5.8398],[118.0414,2.3755,4.3844],[118.038,2.3711,0.0],[118.0411,2.3628,10.4244],[118.0383,2.3623,4.9438],[118.0349,2.3579,19.6561],[118.0304,2.3561,17.221],[118.0221,2.3586,11.8282],[118.0214,2.3609,0.0],[118.023,2.3652,0.0],[118.0219,2.3676,7.2616],[118.0128,2.3628,12.5629],[118.0085,2.3628,6.866],[118.0015,2.3666,9.7225],[118.0009,2.3681,3.4259],[118.0079,2.3645,9.3297],[118.0132,2.364,8.8125],[118.0166,2.3693,9.4271],[118.0086,2.37,7.179],[118.0025,2.3748,2.8639],[117.999,2.3748,4.0702],[117.9956,2.3699,3.552],[117.9913,2.3717,3.8939],[117.9851,2.3711,3.3907],[117.9844,2.3747,8.369],[117.9861,2.3734,5.8559],[117.9857,2.3713,3.3907],[117.9908,2.3723,5.9056],[117.9948,2.3706,3.0601],[117.9977,2.375,1.8678],[118.001,2.3757,5.2771],[118.003,2.3754,2.8639],[118.0095,2.3703,7.179],[118.0177,2.3718,2.8712],[118.0115,2.3776,5.615],[118.0155,2.3772,0.0],[118.0155,2.3803,3.8695],[118.013,2.3808,6.3365],[118.0184,2.385,0.0],[118.0198,2.3895,0.0],[118.0081,2.4039,7.9056],[117.9962,2.4142,6.1367],[117.9956,2.4192,12.8271],[117.9918,2.4191,14.1547],[117.9939,2.4207,9.1593],[118.0003,2.4213,0.0],[117.9983,2.4327,0.0],[117.988,2.4341,2.3104],[117.9793,2.4265,5.7105],[117.9708,2.4246,16.8284],[117.9646,2.4273,26.6756],[117.9587,2.4269,27.8595],[117.9558,2.4156,14.2549],[117.9346,2.4036,30.0545],[117.933,2.3978,28.2141],[117.9356,2.3902,26.7324],[117.9327,2.3841,57.6193],[117.9197,2.3929,53.265],[117.9067,2.3979,50.6226],[117.8928,2.3984,58.1196],[117.8638,2.3929,80.5239],[117.84,2.3742,108.5101],[117.8223,2.3519,118.6728],[117.8244,2.3482,128.3316],[117.8214,2.3451,128.0101],[117.8215,2.3407,129.1805],[117.8116,2.3264,134.6356],[117.7916,2.3251,142.4799],[117.7854,2.3301,149.9149],[117.7711,2.3301,139.9442],[117.769,2.3336,148.8686],[117.7645,2.3325,151.0398],[117.759,2.3339,143.8673],[117.7561,2.328,150.9019],[117.7469,2.3268,124.4251],[117.7443,2.334,167.8293],[117.7391,2.3382,155.1355],[117.7212,2.3463,177.2892],[117.718,2.3547,120.4187],[117.7189,2.3559,156.6382],[117.7151,2.3574,104.3631],[117.7167,2.3619,169.8394],[117.7152,2.3695,173.2903],[117.7125,2.371,147.9358],[117.7086,2.3916,145.9831],[117.7057,2.3969,141.751],[117.6962,2.4051,111.6421],[117.6879,2.4063,131.0114],[117.6765,2.4258,155.4294],[117.6697,2.4481,148.4599],[117.6542,2.462,160.5623],[117.6389,2.4799,122.43],[117.6276,2.5044,141.394],[117.6128,2.52,152.8145],[117.6088,2.5227,150.0089],[117.6044,2.5225,178.1611],[117.588,2.5175,104.3086],[117.572,2.5016,119.1418],[117.5647,2.5058,118.1269],[117.5573,2.5147,110.4096],[117.547,2.5169,116.054],[117.5396,2.5214,109.0763],[117.4986,2.523,132.3922],[117.4949,2.5324,165.0114],[117.4794,2.5413,174.5909],[117.4601,2.5473,193.4389],[117.4444,2.563,173.1324],[117.4335,2.5787,132.0611],[117.4257,2.5865,116.3329],[117.4141,2.5981,123.9043],[117.4008,2.6066,383.0292],[117.3863,2.5981,119.478],[117.3629,2.599,164.5617],[117.3368,2.6046,205.6973],[117.3032,2.6046,149.4397],[117.2789,2.5972,397.1408],[117.2584,2.5822,308.1584],[117.2435,2.5766,350.7968],[117.2006,2.5841,139.4319],[117.1651,2.5878,168.8949],[117.1465,2.5953,119.5526],[117.1122,2.5993,98.1042],[117.0939,2.598,70.5136],[117.07,2.5907,61.2217],[117.0613,2.5813,96.721],[117.0396,2.5415,180.8148],[117.0338,2.5277,387.8786],[117.0237,2.5212,117.8458],[116.994,2.5176,98.4291],[116.9418,2.5074,107.2887],[116.9159,2.4901,88.526],[116.8939,2.4785,774.6681],[116.8643,2.4716,183.5137],[116.8458,2.4606,71.5273],[116.8325,2.4281,69.2722],[116.8226,2.3986,272.809],[116.8081,2.3829,385.3895],[116.796,2.3789,333.6956],[116.7855,2.387,249.2866],[116.7751,2.4391,121.6445],[116.7398,2.5272,144.3527],[116.7328,2.5295,158.0095],[116.7282,2.529,153.8684],[116.7125,2.5174,173.2051],[116.6331,2.4484,407.2094],[116.6285,2.4287,339.6226],[116.6181,2.4171,367.5949],[116.6071,2.4177,500.4682],[116.5763,2.4362,492.6719],[116.57,2.4432,947.1284],[116.5679,2.4513,1175.58],[116.5646,2.4527,987.3002],[116.5507,2.4551,517.4243],[116.5448,2.4544,490.8014],[116.5349,2.4479,801.9727],[116.5246,2.4472,936.1656],[116.5062,2.4551,1150.1088],[116.5002,2.4568,1381.843],[116.4962,2.4558,1699.2727],[116.4911,2.4445,1846.6924],[116.4935,2.4387,1810.3772],[116.4928,2.4307,1841.6427],[116.4964,2.4068,1522.9026],[116.4955,2.4029,1615.8939],[116.4901,2.4013,1451.6788],[116.4882,2.3974,1393.4329],[116.4903,2.3896,1306.3433],[116.4964,2.3833,1102.4075],[116.5006,2.3819,1111.3132],[116.5021,2.3789,1076.6809],[116.5029,2.3742,1080.5347],[116.4983,2.3572,1021.0026],[116.5058,2.3479,1122.167],[116.4996,2.3424,1045.072],[116.4974,2.3354,1110.571],[116.4883,2.328,1152.8312],[116.4852,2.3223,1208.3999],[116.476,2.3166,931.2747],[116.4747,2.3019,1107.8833],[116.477,2.2994,1098.1217],[116.4781,2.2936,944.5462],[116.4759,2.2887,894.3864],[116.4714,2.2846,774.7098],[116.4656,2.2833,747.337],[116.4613,2.2795,731.4149],[116.4573,2.2793,732.8929],[116.4546,2.2831,834.2733],[116.445,2.2866,737.4627],[116.428,2.2891,864.463],[116.4201,2.3016,804.4563],[116.417,2.3039,986.32],[116.4091,2.3016,949.4602],[116.4009,2.2965,1064.8168],[116.3912,2.2975,1318.615],[116.3513,2.2918,1446.6321],[116.3437,2.2888,1488.6522],[116.3345,2.2893,1744.1741],[116.3304,2.2847,1787.6193],[116.3192,2.2776,1857.5145],[116.311,2.2668,1807.0193],[116.3034,2.2602,1756.775],[116.2952,2.2388,1714.6155],[116.2896,2.2352,1695.5139],[116.3004,2.2128,1431.9792],[116.3202,2.1947,1313.9877],[116.3407,2.1828,1227.9504],[116.3502,2.1662,1093.6675],[116.3328,2.1488,995.5508],[116.3217,2.1338,1231.6462],[116.3107,2.122,1075.4775],[116.2925,2.1243,1176.3569],[116.2925,2.1054,1145.1199],[116.2767,2.1046,1325.8423],[116.259,2.1086,1156.4241],[116.2216,2.0951,1331.168],[116.2216,2.0796,1305.2328],[116.2178,2.0633,1283.8254],[116.2259,2.0551,1508.5427],[116.2309,2.0446,1144.7969],[116.2298,2.0134,1382.8193],[116.2194,2.0024,1294.6597],[116.201,1.992,1451.6968],[116.1954,1.9858,1466.4015],[116.1942,1.9728,1592.708],[116.1964,1.9519,1555.9331],[116.1893,1.9366,1439.6282],[116.1749,1.8973,1661.2214],[116.1772,1.8825,1593.0508],[116.1767,1.8662,1814.7253],[116.1857,1.8448,1619.8865],[116.176,1.8097,1706.3148],[116.1678,1.7885,1578.1663],[116.1665,1.7769,1499.3103],[116.1606,1.7693,1559.6838],[116.1582,1.7482,1538.4871],[116.1491,1.7197,1498.4784],[116.1387,1.7062,1408.6846],[116.1282,1.6625,1686.3812],[116.1178,1.6589,1609.1978],[116.1055,1.665,1712.2982],[116.0912,1.6616,1699.1552],[116.071,1.6532,1783.0938],[116.0655,1.6438,1642.1558],[116.0655,1.6293,1709.8787],[116.0581,1.6287,1650.6443],[116.0526,1.6263,1569.6526],[116.0497,1.6217,1528.3824],[116.0359,1.6089,1713.8359],[116.0344,1.5994,1925.7783],[116.0422,1.5894,1730.9484],[116.0394,1.557,1839.046],[116.0335,1.5532,1734.6017],[116.0264,1.5532,1721.9641],[116.024,1.5496,1770.3326],[116.0226,1.5408,1803.8683],[116.014,1.5366,1953.8561],[116.0098,1.5282,1979.7311],[115.9976,1.5288,2002.7429],[115.9875,1.5323,1927.814],[115.9774,1.5336,1806.0333],[115.9698,1.5304,1830.4888],[115.9636,1.5244,1665.161],[115.9552,1.4924,1786.6929],[115.9502,1.489,1523.6465],[115.9269,1.4802,1406.9152],[115.9113,1.4777,1430.5436],[115.8862,1.4541,1425.4553],[115.8557,1.4377,1267.5059],[115.8513,1.4318,1251.9487],[115.858,1.4071,1239.0901],[115.8516,1.3959,1210.9973],[115.8379,1.3832,1189.509],[115.8357,1.3758,1102.4675],[115.821,1.3716,1015.3323],[115.8087,1.3749,959.9979],[115.7857,1.3623,893.9002],[115.7723,1.3592,942.2449],[115.7651,1.3493,805.2496],[115.7618,1.3382,789.0665],[115.7437,1.3198,1046.5942],[115.7207,1.2888,1152.2622],[115.7126,1.2657,1190.3805],[115.6461,1.2841,1054.2289],[115.6212,1.284,1311.3839],[115.6023,1.2779,1174.5784],[115.586,1.2791,1430.9335],[115.5718,1.2719,1213.5618],[115.5482,1.2647,1054.764],[115.4952,1.2555,954.851],[115.4639,1.2394,1149.1931],[115.4364,1.2285,1505.9613],[115.4303,1.224,1588.7783],[115.4212,1.2076,1358.6038],[115.4197,1.1952,1414.0031],[115.4175,1.1925,1504.4695],[115.4112,1.1931,1681.718],[115.4082,1.1903,1517.7546],[115.4069,1.1848,1403.7908],[115.4063,1.1728,1448.4156],[115.4091,1.1658,1508.2584],[115.4154,1.1603,1572.7584],[115.4191,1.1482,1658.3081],[115.4182,1.144,1728.3765],[115.4103,1.14,1509.165],[115.4084,1.137,1520.3558],[115.4109,1.1277,1579.0837],[115.4021,1.1171,1680.5212],[115.4015,1.1126,1700.7457],[115.3982,1.1087,1832.262],[115.3939,1.105,1705.5674],[115.383,1.1029,1544.3623],[115.3784,1.0995,1518.6586],[115.3733,1.0814,1618.5974],[115.3709,1.0777,1731.5642],[115.3715,1.072,1652.5247],[115.3645,1.0659,1520.9626],[115.3603,1.0659,1444.7498],[115.3579,1.0635,1396.1558],[115.3477,1.0613,1327.2909],[115.3246,1.0623,1148.2485],[115.3166,1.0594,1130.8542],[115.2996,1.0648,1314.5332],[115.2939,1.0497,1172.6382],[115.288,1.047,1121.9408],[115.2809,1.048,932.2511],[115.2694,1.0463,878.1448],[115.2657,1.0437,876.1619],[115.2598,1.0475,821.6416],[115.2496,1.0471,723.1799],[115.23,1.0582,865.389],[115.2241,1.0577,787.7416],[115.2003,1.0619,929.8519],[115.1855,1.0677,914.707],[115.1844,1.0748,874.2276],[115.1868,1.0789,724.1209],[115.1861,1.0827,773.6137],[115.1898,1.0878,756.203],[115.1866,1.0932,592.7207],[115.1861,1.0986,530.0391],[115.1827,1.1026,611.5779],[115.1779,1.1038,631.302],[115.1756,1.1137,602.3945],[115.1735,1.116,626.3713],[115.1512,1.1191,672.4858],[115.142,1.116,802.8156],[115.1349,1.1226,648.5357],[115.1229,1.1294,708.8657],[115.1186,1.1294,710.8014],[115.1061,1.1211,600.692],[115.0836,1.116,376.4931],[115.0797,1.116,469.0156],[115.0768,1.12,485.1843],[115.0705,1.12,468.9237],[115.0604,1.1228,565.531],[115.0455,1.116,586.0743],[115.0401,1.1157,579.564],[115.0267,1.1203,780.1034],[115.0156,1.1208,837.0616],[115.01,1.1233,778.1292],[115.0068,1.1273,699.1746],[115.0016,1.1437,848.939],[115.0017,1.1496,973.4604],[114.9994,1.1533,996.7269],[114.9909,1.1538,1161.8896],[114.9891,1.1573,1078.0469],[114.9903,1.1829,903.4869],[114.9851,1.1892,1054.5701],[114.9763,1.1937,1112.4984],[114.9647,1.1866,818.7443],[114.9453,1.18,891.1017],[114.9362,1.1786,892.1351],[114.9325,1.1803,904.087],[114.9202,1.1951,1148.3445],[114.8961,1.2094,1127.2305],[114.8851,1.2122,967.5653],[114.8779,1.2088,990.8103],[114.8702,1.1994,842.13],[114.8588,1.194,1040.7773],[114.8534,1.1761,1198.5308],[114.8542,1.1709,1357.3583],[114.8516,1.1683,1511.9224],[114.8453,1.1694,1465.0179],[114.8396,1.1725,1495.0857],[114.8289,1.1826,1415.0934],[114.8096,1.1931,1398.9257],[114.7966,1.2043,1440.5173],[114.7774,1.2278,1532.3088],[114.7655,1.2367,1733.234],[114.7604,1.2431,1675.7542],[114.7575,1.2478,1690.116],[114.7578,1.2548,1668.5164],[114.7503,1.2566,1602.9043],[114.733,1.2643,1512.2675],[114.7273,1.264,1584.2708],[114.7174,1.2728,1716.1659],[114.7159,1.2782,1720.3029],[114.7207,1.2906,1746.8167],[114.7202,1.2959,1809.5183],[114.7231,1.3003,1713.8586],[114.7256,1.3105,1804.1008],[114.7171,1.3245,1901.4967],[114.7145,1.3325,1634.6216],[114.7103,1.3359,1716.6727],[114.7041,1.337,1712.553],[114.7015,1.3429,1578.8701],[114.6999,1.354,1584.9299],[114.6967,1.3566,1550.8757],[114.6885,1.3591,1720.713],[114.6837,1.3562,1691.2566],[114.6815,1.3528,1727.1924],[114.677,1.352,1605.5458],[114.6594,1.3571,1533.3479],[114.6546,1.3562,1487.1064],[114.6383,1.3588,1392.2423],[114.6337,1.3607,1368.5771],[114.6326,1.3639,1358.8518],[114.6177,1.3643,1452.4415],[114.6099,1.367,1392.0157],[114.607,1.3687,1343.7924],[114.5996,1.3945,1521.5551],[114.5901,1.3952,1503.5258],[114.5727,1.3898,1718.8329],[114.5768,1.3991,1620.3282],[114.5746,1.408,1673.2026],[114.5754,1.4141,1819.6658],[114.5676,1.4221,1746.8735],[114.5667,1.4279,1827.3689],[114.5656,1.426,1840.115],[114.563,1.4315,1678.663],[114.5577,1.4312,1591.2489],[114.5372,1.4356,1704.0752],[114.5211,1.4464,1515.6903],[114.5044,1.4628,1422.8755],[114.4964,1.4639,1380.7338],[114.4865,1.4721,1342.6038],[114.4788,1.4704,1062.4218],[114.4712,1.472,1049.619],[114.4568,1.4828,980.5468],[114.4323,1.4969,1145.8601],[114.4108,1.512,839.5409],[114.3962,1.5127,880.8269],[114.3797,1.4931,1093.0902],[114.3723,1.4939,1048.7799],[114.3664,1.492,1084.7825],[114.3647,1.489,1096.2075],[114.358,1.4888,1065.4108],[114.3541,1.4904,1096.2321],[114.3449,1.4864,1088.1505],[114.336,1.4859,1082.9144],[114.3279,1.4777,1181.6787],[114.3183,1.4759,1087.2054],[114.3073,1.4715,1023.4207],[114.3017,1.4632,1069.4662],[114.3014,1.4596,1089.8483],[114.2962,1.458,1029.2571],[114.2864,1.4517,1087.1443],[114.2715,1.448,1073.567],[114.2466,1.449,1245.6561],[114.2389,1.4461,1265.321],[114.2368,1.4447,1323.9885],[114.2371,1.4386,1311.24],[114.2222,1.4244,1192.1777],[114.223,1.4168,1419.6719],[114.2112,1.4109,1387.3234],[114.2058,1.4104,1443.2858],[114.2011,1.4128,1332.043],[114.1982,1.4073,1442.2168],[114.1913,1.406,1384.2517],[114.1841,1.3978,1396.3519],[114.1709,1.3972,1465.4172],[114.151,1.3852,1434.7888],[114.1484,1.3802,1276.2894],[114.1529,1.3701,1434.3271],[114.1501,1.3455,1189.1997],[114.154,1.3238,764.7652],[114.1541,1.3103,710.3582],[114.1499,1.3016,819.1395],[114.1423,1.2954,941.6139],[114.1432,1.2927,966.9593],[114.1493,1.2904,1024.5253],[114.155,1.2853,942.8655],[114.1553,1.2771,900.5298],[114.1615,1.2684,856.8624],[114.1616,1.2639,896.2367],[114.1578,1.2607,940.4648],[114.1507,1.2612,942.1957],[114.145,1.2576,874.4149],[114.1384,1.2494,767.2734],[114.1347,1.2346,1167.9773],[114.1277,1.225,1282.2546],[114.1272,1.2224,1210.7358],[114.1296,1.2192,1318.573],[114.138,1.2149,1438.4219],[114.1411,1.2088,1154.4539],[114.1418,1.2005,1201.0062],[114.1355,1.1864,1288.3567],[114.1226,1.1705,1266.0211],[114.1199,1.1587,1266.3175],[114.1175,1.1554,1308.2097],[114.115,1.1525,1263.4308],[114.1064,1.1492,1436.7543],[114.1,1.1482,1564.4153],[114.0953,1.1492,1545.6176],[114.088,1.1633,1652.1315],[114.0852,1.165,1618.2277],[114.0787,1.1591,1444.707],[114.0714,1.148,1330.2413],[114.0565,1.1399,1328.1233],[114.0498,1.1342,1222.6848],[114.0447,1.1324,1244.986],[114.0363,1.1389,1109.9542],[114.0344,1.1455,1145.1239],[114.0311,1.1489,996.2299],[114.027,1.1482,999.6675],[114.0118,1.1396,1306.3928],[114.0061,1.1456,1096.1334],[114.0005,1.1473,902.7241],[113.9852,1.1443,1067.4717],[113.9803,1.1297,1319.1711],[113.9776,1.1269,1199.6967],[113.9704,1.1254,1354.1591],[113.9667,1.123,1257.4554],[113.9598,1.1151,1164.8936],[113.9573,1.1091,1170.5065],[113.9567,1.0963,1291.7668],[113.9476,1.0739,1355.916],[113.9409,1.064,1445.1792],[113.9328,1.0623,1599.1306],[113.9131,1.0635,1466.369],[113.9076,1.0624,1518.0198],[113.8991,1.0567,1620.7083],[113.8915,1.045,1710.4556],[113.8914,1.0353,1790.4316],[113.8954,1.0204,1803.9044],[113.8976,1.0178,1745.0802],[113.9134,1.0119,1612.1418],[113.9188,1.007,1365.2898],[113.9216,0.9919,1301.9882],[113.9183,0.9801,1460.222],[113.9075,0.9538,1542.9296],[113.8959,0.9495,1541.9398],[113.8805,0.9261,1405.7249],[113.8824,0.9116,1218.568],[113.878,0.8962,1525.5957],[113.8796,0.8892,1321.1396],[113.8837,0.8838,1193.3862],[113.9269,0.8459,1212.1475],[113.9283,0.8406,1193.3354],[113.9245,0.8213,668.7978],[113.8997,0.8012,1071.6033],[113.8943,0.7937,830.4858],[113.8914,0.7862,753.5786],[113.8901,0.7779,638.3099],[113.8917,0.7605,819.4199],[113.8986,0.749,811.3388],[113.8983,0.7432,855.4338],[113.8949,0.7369,1024.3303],[113.8766,0.7137,1195.0925],[113.8579,0.7111,1018.6284],[113.8485,0.707,1150.6293],[113.8439,0.7029,1216.759],[113.8367,0.6826,1223.6794],[113.843,0.662,1313.6066],[113.8464,0.6642,1121.5522],[113.8801,0.6604,634.2155],[113.8825,0.6579,669.8009],[113.8842,0.6429,712.5408],[113.8893,0.6412,748.9048],[113.8957,0.6442,737.6066],[113.9021,0.6532,547.0001],[113.9081,0.6562,530.8339],[113.9144,0.6566,513.2326],[113.9289,0.6531,580.8235],[113.9438,0.6597,532.0441],[113.9502,0.6602,684.916],[113.9605,0.6572,591.0743],[113.9658,0.6574,854.8817],[113.9739,0.6661,586.5424],[113.9775,0.6674,682.6747],[113.9858,0.6654,645.0716],[114.0044,0.652,563.7789],[114.007,0.6533,514.5936],[114.0108,0.6631,445.1721],[114.0157,0.6687,428.8663],[114.0458,0.6744,558.2453],[114.0522,0.6789,601.1159],[114.0638,0.6914,664.4598],[114.0754,0.6928,771.9448],[114.081,0.6967,766.4672],[114.0948,0.6956,990.9853],[114.1045,0.6983,843.0472],[114.1116,0.697,947.0488],[114.1307,0.6822,863.8817],[114.1481,0.6749,659.5776],[114.1536,0.666,816.345],[114.1554,0.656,1142.5505],[114.1631,0.6473,1209.944],[114.171,0.6307,730.9104],[114.1711,0.6165,768.0825],[114.1677,0.6123,684.7446],[114.162,0.6097,730.8528],[114.1491,0.598,893.516],[114.1477,0.5939,897.7338],[114.1487,0.5846,891.9833],[114.154,0.5823,857.0266],[114.1703,0.5805,858.9954],[114.1813,0.5756,810.8206],[114.1877,0.5678,813.2354],[114.1888,0.5633,743.7835],[114.1879,0.5549,659.0073],[114.1927,0.5433,853.0428],[114.1942,0.5412,867.7325],[114.2,0.5393,1161.0229],[114.2101,0.5327,1153.9788],[114.215,0.5339,1180.2065],[114.221,0.5299,1439.485],[114.2293,0.5319,1283.1436],[114.2369,0.5301,1182.7334],[114.2461,0.5356,1052.7357],[114.2592,0.53,1528.9037],[114.2623,0.5314,1541.7429],[114.2662,0.5369,1185.2578],[114.2716,0.5395,1061.3538],[114.2834,0.5403,1192.7937],[114.2869,0.5393,1357.3267],[114.2911,0.5354,1504.3347],[114.2972,0.5382,1446.7988],[114.3031,0.5355,1521.1604],[114.307,0.5368,1618.1876],[114.311,0.5407,1513.7673],[114.3155,0.5413,1592.0698],[114.3522,0.5311,1617.2876],[114.3637,0.5222,1321.1255],[114.3768,0.5067,1100.8385],[114.3907,0.5056,1144.5552],[114.3942,0.5041,1082.2467],[114.4007,0.4969,913.8138],[114.4111,0.4956,902.3884],[114.4271,0.5016,922.7374],[114.4324,0.5068,898.2515],[114.431,0.5296,1027.0767],[114.4245,0.5384,1104.9912],[114.4249,0.5413,1154.9043],[114.4286,0.5452,1164.2815],[114.439,0.5497,1176.4237],[114.4524,0.5585,1057.3177],[114.4573,0.5695,1232.7587],[114.4602,0.5709,1289.3164],[114.4735,0.5666,1380.4537],[114.4831,0.5713,1304.3357],[114.4915,0.5728,1276.8124],[114.5001,0.5682,1299.1603],[114.5048,0.5637,1295.3127],[114.5184,0.5647,1057.3621],[114.5267,0.5741,1036.1785],[114.528,0.5817,984.0339],[114.5348,0.5845,1006.8928],[114.5413,0.5967,1400.3322],[114.5355,0.6073,1056.5936],[114.5345,0.614,918.9841],[114.5356,0.6227,1361.2786],[114.5393,0.6301,1226.0049],[114.5415,0.6315,1336.0435],[114.5508,0.6291,1472.6648],[114.5583,0.631,1149.5879],[114.5634,0.6285,1375.5024],[114.5786,0.6315,1231.4644],[114.5887,0.6261,1273.3885],[114.591,0.6279,1299.9866],[114.5936,0.6352,1259.1624],[114.6046,0.6468,1056.4126],[114.6087,0.647,1477.6849],[114.6118,0.6444,1499.573],[114.6139,0.6396,1349.1366],[114.6162,0.6404,1461.5063],[114.6178,0.6504,1519.2886],[114.6211,0.6562,1286.5476],[114.6269,0.6608,1339.0093],[114.6325,0.6625,1329.1465],[114.6372,0.6735,1235.7712],[114.6501,0.682,843.092],[114.6576,0.7042,787.4921],[114.6629,0.7075,713.0325],[114.6744,0.7071,741.8909],[114.6788,0.7086,796.7921],[114.7013,0.7283,468.7961],[114.7077,0.728,561.6089],[114.7073,0.7249,722.0872],[114.6972,0.7133,857.139],[114.6962,0.7089,920.2994],[114.7144,0.7052,787.2703],[114.7365,0.7171,541.8365],[114.7555,0.7385,549.7142],[114.7624,0.7419,532.7167],[114.765,0.7424,468.7365],[114.7732,0.7336,716.942],[114.7794,0.7311,688.5972],[114.7841,0.7321,836.116],[114.7931,0.7385,937.2555],[114.8052,0.7436,878.1473],[114.8106,0.7497,1276.304],[114.8186,0.7499,1352.9309],[114.8233,0.7518,1520.7249],[114.8266,0.7511,1493.5897],[114.8325,0.7392,1168.8273],[114.8432,0.7298,1056.5793],[114.8431,0.7234,1176.9775],[114.8457,0.7153,1387.5662],[114.8688,0.7005,1012.6308],[114.8767,0.6994,861.7007],[114.88,0.7005,708.7578],[114.8815,0.7057,825.8066],[114.879,0.7101,909.4615],[114.8704,0.7157,1080.7241],[114.8647,0.7224,1324.6608],[114.8651,0.739,1524.8278],[114.8668,0.7419,1549.2351],[114.8774,0.7492,1375.7754],[114.8834,0.7602,1315.2773],[114.8872,0.7639,1227.7726],[114.903,0.7686,1292.0386],[114.9057,0.7714,1341.4468],[114.9108,0.7842,1548.9784],[114.9078,0.7909,1466.3364],[114.9091,0.7933,1357.0719],[114.9145,0.7913,1339.6085],[114.9272,0.7782,1128.4651],[114.9396,0.7771,1170.9723],[114.944,0.775,1147.3284],[114.9494,0.7663,1162.2454],[114.9578,0.7638,1144.4548],[114.9622,0.758,1156.8547],[114.9701,0.7529,965.4723],[114.9812,0.7425,830.3395],[114.9836,0.7385,935.8624],[114.9863,0.7261,910.0492],[114.9914,0.7169,1056.2031],[115.0005,0.6704,919.7184],[115.0038,0.6441,889.3898],[115.0111,0.6111,749.2916],[115.0327,0.5729,954.4597],[115.0404,0.554,777.1777],[115.0601,0.5302,702.148],[115.0687,0.522,834.0237],[115.0806,0.5036,583.6219],[115.0871,0.4897,470.6813],[115.0923,0.4722,619.7459],[115.0954,0.4677,592.7478],[115.1,0.4655,531.4023],[115.1092,0.4497,570.406],[115.1208,0.4396,671.0731],[115.1353,0.4298,752.7268],[115.137,0.426,796.8478],[115.137,0.4157,767.431],[115.1317,0.3835,1017.1013],[115.1287,0.3746,1026.4056],[115.1247,0.3694,967.4559],[115.0962,0.3484,892.5913],[115.0851,0.3338,974.1087],[115.0659,0.3246,888.8867],[115.0528,0.3159,652.8277],[115.0517,0.3132,639.3416],[115.0537,0.3078,675.781],[115.0523,0.3041,672.0478],[115.0479,0.3006,708.5817],[115.0417,0.3016,647.8305],[115.0276,0.3222,607.5944],[115.0236,0.3256,636.5778],[115.0187,0.3266,577.8807],[115.0096,0.3256,526.8237],[114.995,0.3196,459.2453],[114.9901,0.3201,446.714],[114.979,0.3254,441.7386],[114.974,0.3236,410.9855],[114.9657,0.3162,402.0023],[114.9534,0.3129,408.525],[114.9514,0.3159,459.1669],[114.954,0.3248,499.0419],[114.9531,0.327,492.282],[114.9436,0.3308,564.4719],[114.9154,0.3202,744.3514],[114.9017,0.3112,675.7468],[114.8879,0.2973,787.9818],[114.887,0.2927,726.6674],[114.8887,0.2837,773.6434],[114.8862,0.2769,667.899],[114.8728,0.2696,495.4685],[114.8686,0.2537,486.7409],[114.8643,0.2457,496.2948],[114.8632,0.2364,557.7274],[114.8609,0.2331,523.839],[114.8548,0.2305,434.4235],[114.838,0.2283,563.3312],[114.832,0.224,718.9587],[114.8298,0.2209,660.8267],[114.8264,0.2065,848.4681],[114.8276,0.2013,914.1307],[114.8264,0.1964,927.6206],[114.8107,0.1818,854.8352],[114.8009,0.1759,871.5378],[114.8004,0.1736,874.475],[114.8022,0.1706,885.2723],[114.8098,0.1659,634.2579],[114.8111,0.1587,571.2418],[114.80029999999999,0.1346,545.1285],[114.7922,0.123,703.1947],[114.7909,0.1106,676.4059],[114.7913,0.0935,664.7422],[114.7928,0.0886,876.9092],[114.8072,0.071,672.7309],[114.8172,0.0689,661.325],[114.8298,0.0782,489.2651],[114.835,0.0773,504.2831],[114.8477,0.0694,513.1608],[114.8585,0.055,458.4363],[114.8613,0.0547,497.5909],[114.8691,0.0587,426.7984],[114.8734,0.0573,458.498],[114.8813,0.053,545.0831],[114.8862,0.0456,516.8427],[114.8902,0.0437,505.9813],[114.8948,0.0386,440.7236],[114.8951,0.0333,303.2078],[114.8903,0.0239,282.5686],[114.8895,0.0192,253.525],[114.8934,0.0021,243.1383],[114.8994,-0.0125,317.4924],[114.8975,-0.0354,407.3945],[114.9134,-0.0784,336.0845],[114.9215,-0.0904,316.6048],[114.9245,-0.0993,353.0179],[114.9261,-0.1138,450.8286],[114.92,-0.1338,415.1732],[114.9332,-0.1636,280.1241],[114.9318,-0.1741,350.4846],[114.9288,-0.1822,304.6416],[114.9296,-0.1861,326.9752],[114.9336,-0.1889,295.3351],[114.9506,-0.1897,210.0969],[114.9624,-0.1798,223.5189],[114.9793,-0.1785,177.9098],[114.9835,-0.1741,165.9092],[114.987,-0.1729,204.4548],[114.9917,-0.1751,173.2456],[114.9943,-0.1788,199.0976],[114.9892,-0.1842,180.6745],[114.9918,-0.186,159.526],[115.0008,-0.1869,154.2307],[115.0269,-0.1852,201.9299],[115.036,-0.1913,230.0329],[115.043,-0.1908,244.823],[115.0569,-0.1769,275.5387],[115.0634,-0.1675,254.9734],[115.0727,-0.1635,238.1987],[115.0812,-0.1532,295.3868],[115.0936,-0.1518,302.114],[115.1094,-0.1428,298.2275],[115.1196,-0.1459,278.9269],[115.1267,-0.1374,295.8164],[115.1327,-0.1407,323.6579],[115.1483,-0.1371,353.1902],[115.1493,-0.1336,330.7415],[115.1473,-0.1213,365.644],[115.1536,-0.1113,351.9238],[115.155,-0.1039,374.8079],[115.1597,-0.1002,331.889],[115.1702,-0.0973,390.4067],[115.1774,-0.0911,438.3219],[115.1855,-0.0868,457.9299],[115.1938,-0.077,492.6134],[115.2,-0.0758,473.1833],[115.2095,-0.0768,521.1204],[115.2274,-0.0729,572.2389],[115.2316,-0.0703,502.1731],[115.2429,-0.0565,700.822],[115.2589,-0.0492,718.9969],[115.2724,-0.0484,883.8756],[115.2818,-0.0459,793.9602],[115.2969,-0.0336,785.0649],[115.3015,-0.0341,734.9596],[115.3028,-0.0583,563.2991],[115.3147,-0.0774,491.7426],[115.3195,-0.0906,499.9807],[115.3191,-0.0981,371.1174],[115.3144,-0.1103,316.1587],[115.3087,-0.1175,289.9863],[115.296,-0.126,264.1179],[115.2872,-0.1397,336.1014],[115.2732,-0.1443,299.3289],[115.2659,-0.1531,343.3856],[115.2651,-0.1626,259.15],[115.2692,-0.1855,153.2486],[115.2687,-0.1897,186.1102],[115.2505,-0.2162,149.3314],[115.2466,-0.2279,160.1521],[115.2398,-0.2356,141.9643],[115.238,-0.241,149.0427],[115.2384,-0.2444,150.397],[115.2437,-0.2469,122.2098],[115.2471,-0.251,130.9529],[115.252,-0.2689,156.2132],[115.2537,-0.2807,146.6819],[115.2522,-0.2937,158.122],[115.2495,-0.2978,156.882],[115.2447,-0.2988,169.625],[115.2347,-0.2946,166.0034],[115.2306,-0.2944,151.3652],[115.2279,-0.2972,183.8251],[115.2271,-0.306,134.2991],[115.2373,-0.3543,197.7035],[115.2381,-0.3792,140.3518],[115.2394,-0.3815,146.5307],[115.2435,-0.3831,157.2126],[115.2543,-0.3825,155.433],[115.2566,-0.3839,168.9027],[115.2593,-0.3878,164.4593],[115.2601,-0.3932,160.7463],[115.2589,-0.4292,153.0801],[115.2569,-0.4341,150.6204],[115.2457,-0.4419,151.6667],[115.2447,-0.4481,139.0736],[115.2465,-0.4515,130.1069],[115.2514,-0.4526,147.0163],[115.2596,-0.4581,138.3988],[115.27,-0.4706,140.6342],[115.3053,-0.5049,106.9646],[115.3176,-0.5272,103.1783],[115.3212,-0.5503,124.3763],[115.3241,-0.5574,99.6953],[115.3352,-0.5689,104.0453],[115.3538,-0.5823,103.9545],[115.3574,-0.6052,97.3296],[115.3554,-0.6211,100.8289],[115.3564,-0.6327,109.2296],[115.3684,-0.6909,93.3335],[115.3671,-0.7495,127.9587],[115.3735,-0.7715,86.3572],[115.3766,-0.793,82.8985],[115.3807,-0.8037,104.5473],[115.3906,-0.8202,103.7038],[115.4027,-0.8274,141.5384],[115.4479,-0.8388,114.2684],[115.4822,-0.8428,128.9938],[115.4951,-0.8483,107.1874],[115.5052,-0.8557,121.2839],[115.5336,-0.8831,114.4123],[115.5579,-0.9236,109.5243],[115.5658,-0.9331,128.1279],[115.5876,-0.9514,115.4589],[115.6434,-0.9848,138.9134],[115.6593,-1.0004,115.2777],[115.6606,-1.0067,149.7622],[115.6571,-1.0142,180.7966],[115.6574,-1.0225,182.1677],[115.6731,-1.058,149.0488],[115.6753,-1.0598,159.4919],[115.6866,-1.0554,205.7496],[115.6961,-1.0561,153.7564],[115.7105,-1.0683,147.2982],[115.7214,-1.0811,137.8774],[115.7281,-1.0864,163.7389],[115.7422,-1.0898,162.68],[115.7458,-1.0998,251.1447],[115.7457,-1.1072,285.5391],[115.7489,-1.1226,321.4116],[115.7567,-1.1349,375.1619],[115.7634,-1.1355,430.6197],[115.7828,-1.1176,511.479],[115.7943,-1.1126,503.9476],[115.7996,-1.1124,472.3028],[115.8032,-1.1163,480.3464],[115.8033,-1.1194,509.1452],[115.8164,-1.1299,372.9549],[115.8278,-1.1417,235.2488],[115.8395,-1.1479,233.6317],[115.847,-1.1573,233.3566],[115.8467,-1.1628,351.3173],[115.8438,-1.1669,377.7397],[115.8186,-1.182,361.5982],[115.7967,-1.1998,194.9546],[115.7836,-1.213,202.15],[115.7716,-1.229,190.841],[115.7651,-1.2487,229.6123],[115.7615,-1.2661,322.4148],[115.7552,-1.2799,216.1943],[115.7576,-1.3074,232.2286],[115.754,-1.315,212.5487],[115.7493,-1.315,204.5211],[115.749,-1.336,320.0628],[115.7443,-1.3418,340.0748],[115.7426,-1.3546,381.1312],[115.7363,-1.3655,328.8885],[115.73,-1.3679,413.0887],[115.7232,-1.3729,484.4465],[115.7194,-1.3898,507.7601],[115.7104,-1.4056,516.0389],[115.7086,-1.4126,576.3356],[115.6996,-1.4139,470.3939],[115.6939,-1.4168,529.7172],[115.6974,-1.4245,640.3694],[115.6919,-1.4257,658.9752],[115.692,-1.4346,665.7245],[115.6882,-1.442,609.7711],[115.6887,-1.4489,701.6765],[115.6821,-1.4477,689.2993],[115.6786,-1.455,671.0677],[115.6776,-1.4629,663.8839],[115.6709,-1.4607,531.6975],[115.6683,-1.4685,494.7697],[115.6593,-1.4704,492.5946],[115.6599,-1.477,379.9633],[115.6562,-1.4832,436.7306],[115.6544,-1.495,490.8922],[115.6523,-1.4994,474.1214],[115.6553,-1.5122,129.3687],[115.641,-1.5192,405.2819],[115.6361,-1.5272,343.9562],[115.6313,-1.5312,320.8973],[115.6313,-1.5347,302.3799],[115.6329,-1.5385,346.6316],[115.6344,-1.5387,282.6082],[115.6365,-1.5458,340.5103],[115.6455,-1.5521,232.0481],[115.6456,-1.5602,298.3055],[115.6385,-1.5674,405.3935],[115.6357,-1.5727,406.8116],[115.6334,-1.5727,396.5872],[115.6297,-1.576,356.7768],[115.6302,-1.5786,421.7013],[115.6361,-1.5811,400.9124],[115.6395,-1.5853,361.7597],[115.6397,-1.5916,358.1866],[115.6369,-1.594,358.0087],[115.6359,-1.5983,348.8058],[115.6362,-1.604,354.8326],[115.6397,-1.6047,348.3029],[115.6394,-1.6092,349.2741],[115.6431,-1.6121,359.8204],[115.6545,-1.6138,372.7967],[115.6505,-1.6196,386.638],[115.6547,-1.6261,381.3546],[115.6586,-1.6281,412.1709],[115.6678,-1.6292,603.4529],[115.6709,-1.6418,743.1554],[115.6696,-1.6479,670.7583],[115.6741,-1.664,706.798],[115.6711,-1.6754,585.6832],[115.6677,-1.6802,540.8239],[115.666,-1.6969,490.0392],[115.6673,-1.6997,454.8376],[115.6655,-1.7071,454.5658],[115.6694,-1.7094,388.1825],[115.6793,-1.7102,476.7253],[115.6813,-1.7152,499.0082],[115.691,-1.7178,348.38],[115.7069,-1.7326,658.1488],[115.7067,-1.7352,672.084],[115.702,-1.7392,653.6011],[115.7015,-1.7422,645.255],[115.6899,-1.752,834.8549],[115.6869,-1.7577,827.7943],[115.6866,-1.7667,818.2126],[115.6897,-1.7714,698.9725],[115.6901,-1.779,700.293],[115.6855,-1.786,601.7903],[115.6808,-1.7892,548.5038],[115.681,-1.7947,573.6216],[115.6846,-1.8009,585.0549],[115.691,-1.8042,601.6791],[115.693,-1.7999,576.3246],[115.7001,-1.7929,627.109],[115.7081,-1.7882,678.1907],[115.7215,-1.8011,824.4357],[115.7258,-1.801,1082.3982],[115.7267,-1.8036,1237.5173],[115.7273,-1.8162,1095.9724],[115.7212,-1.8291,1188.2081],[115.7238,-1.8365,1113.614],[115.7299,-1.8448,816.673],[115.7267,-1.8535,736.132],[115.7274,-1.8569,727.4487],[115.7327,-1.8603,768.1777],[115.7295,-1.8624,759.9273],[115.7307,-1.866,716.3911],[115.7262,-1.8752,639.8812],[115.7296,-1.8814,537.6041],[115.7251,-1.8905,564.6055],[115.7252,-1.9018,682.0983],[115.7195,-1.9093,677.7655],[115.7191,-1.9128,620.7343],[115.7222,-1.92,576.2383],[115.7275,-1.9246,884.1031],[115.7232,-1.9246,715.7566],[115.7187,-1.9267,617.0422],[115.7149,-1.9374,541.8331],[115.7114,-1.9399,533.8753],[115.7124,-1.9428,572.9525],[115.7062,-1.9497,647.8913],[115.7064,-1.9615,700.8021],[115.6969,-1.9728,731.2925],[115.6969,-1.9772,828.3178],[115.7038,-1.9773,731.9559],[115.7106,-1.9799,635.381],[115.7135,-1.9861,714.8628],[115.7123,-1.989,715.7516],[115.7133,-1.9921,707.3151],[115.7177,-1.9955,703.8918],[115.72,-1.9913,608.1388],[115.7194,-1.9813,657.0603],[115.7303,-1.9823,510.847],[115.7355,-1.9849,544.933],[115.7476,-1.9951,344.4851],[115.748,-2.0006,316.6632],[115.7456,-2.0058,322.2527],[115.7434,-2.0092,351.8419],[115.7276,-2.0207,542.8234],[115.7248,-2.0287,537.1636],[115.7282,-2.0344,544.7315],[115.7433,-2.0373,281.526],[115.7512,-2.0491,717.1568],[115.7537,-2.0505,844.1137],[115.7613,-2.0495,650.3633],[115.7731,-2.0518,612.5345],[115.7767,-2.0509,424.8506],[115.7827,-2.0447,585.1572],[115.7888,-2.045,460.0497],[115.7945,-2.0431,408.4668],[115.7967,-2.0442,402.5122],[115.7983,-2.0488,547.0037],[115.8071,-2.044,300.5017],[115.8124,-2.0463,401.0746],[115.8216,-2.0546,621.7151],[115.8264,-2.0564,617.7505],[115.832,-2.0552,479.8805],[115.8352,-2.0563,498.1596],[115.8366,-2.0592,492.3158],[115.8304,-2.0851,403.1034],[115.826,-2.0889,343.5124],[115.8121,-2.0938,400.1913],[115.8101,-2.0973,508.1758],[115.8107,-2.1283,321.3465],[115.8079,-2.1521,352.6948],[115.8087,-2.1686,435.2946],[115.8058,-2.1756,352.3468],[115.8006,-2.182,401.3092],[115.7994,-2.1876,453.1585],[115.801,-2.2009,352.7444],[115.8049,-2.2108,474.9683],[115.8123,-2.2188,327.6265],[115.816,-2.2287,451.4739],[115.8241,-2.2319,456.7629],[115.8273,-2.2379,560.7595],[115.8276,-2.2459,488.1967],[115.822,-2.2578,381.4579],[115.8361,-2.2866,465.3981],[115.8416,-2.2916,481.574],[115.8528,-2.2919,367.5648],[115.8546,-2.2942,375.7918],[115.8539,-2.2989,373.3882],[115.8513,-2.3013,327.1677],[115.8419,-2.3043,336.6376],[115.8389,-2.3068,271.9142],[115.8349,-2.3138,291.231],[115.8345,-2.3174,346.7042],[115.8359,-2.3211,523.9647],[115.8442,-2.3291,719.5616],[115.8467,-2.3353,463.8805],[115.8469,-2.3387,562.141],[115.8423,-2.3512,474.7102],[115.85,-2.3629,445.903],[115.853,-2.3712,430.3376],[115.8539,-2.3796,521.0743],[115.8502,-2.3878,642.0938],[115.8557,-2.3859,640.8528],[115.871,-2.3718,786.2758],[115.877,-2.3704,855.2443],[115.8843,-2.3746,967.4659],[115.8869,-2.3745,891.3969],[115.8869,-2.361,822.5156],[115.8914,-2.3504,911.0266],[115.8894,-2.3396,846.374],[115.8914,-2.3347,807.4338],[115.8995,-2.3327,674.3824],[115.9111,-2.3362,654.9233],[115.9299,-2.3305,465.4148],[115.9419,-2.3288,253.8737],[115.9836,-2.3125,109.524],[115.9927,-2.3175,77.3967],[115.9975,-2.3172,60.2236],[116.0078,-2.313,50.4911],[116.0176,-2.3148,47.7816],[116.186,-2.321,33.3524],[116.2136,-2.3192,46.2302]],
[[117.37379658344284,0.01077818659658,17.6154],[117.3737,0.0107,17.6154],[117.37389674556212,0.01107278106507,17.6154],[117.37379658344284,0.01077818659658,17.6154]],
[[117.37389674556212,0.01107278106507,17.6154],[117.3753,0.0152,18.9444],[117.3731,0.0157,17.9179],[117.3683,0.0214,19.4383],[117.3702,0.022,19.4549],[117.3688,0.0209,19.4549],[117.3707,0.0204,18.6905],[117.3709,0.0185,19.0582],[117.3733,0.0179,19.2308],[117.3737,0.0157,17.9179],[117.3756,0.0157,17.7547],[117.3756,0.0143,18.9444],[117.37389674556212,0.01107278106507,17.6154]],
[[117.4094515151515,-0.52128181818182,8.0107],[117.40950590405905,-0.52129040590406,8.0107],[117.4095,-0.5213,8.0107],[117.4094515151515,-0.52128181818182,8.0107]],
[[117.40950590405905,-0.52129040590406,8.0107],[117.4103,-0.52,6.063],[117.4116,-0.5211,6.063],[117.4161,-0.5204,8.6114],[117.414,-0.522,8.8347],[117.40950590405905,-0.52129040590406,8.0107]]],
[[[117.4853,0.116,2.8968],[117.4853,0.1159,2.8968],[117.4855,0.1159,2.8968],[117.4854,0.116,2.8968],[117.4853,0.116,2.8968]]],
[[[117.5132,0.0497,3.5499],[117.5118,0.0481,0.0],[117.5142,0.0477,0.0],[117.5161,0.0492,1.2005],[117.5145,0.0503,3.5499],[117.5132,0.0497,3.5499]]],
[[[117.5122,0.0632,0.0],[117.5157,0.0614,0.0],[117.5231,0.061,0.0],[117.5243,0.0632,0.0],[117.5271,0.062,0.0],[117.5314,0.0649,0.0],[117.5265,0.0683,0.0],[117.5233,0.0669,0.0],[117.524,0.0636,0.0],[117.5142,0.0661,11.0467],[117.5115,0.0644,3.0908],[117.5122,0.0632,0.0]]],
[[[117.4937,0.0699,10.4221],[117.4873,0.066,0.0],[117.4876,0.064,0.0],[117.4923,0.0634,0.0],[117.4957,0.0657,0.0],[117.4988,0.0709,0.0],[117.4937,0.0699,10.4221]]],
[[[117.5085,0.0647,0.0],[117.5107,0.0686,0.0],[117.5052,0.0702,0.0],[117.5052,0.0661,0.0],[117.5085,0.0647,0.0]]],
[[[117.498,0.1523,0.0],[117.4977,0.1513,3.6714],[117.4981,0.151,3.6714],[117.4982,0.1521,4.2],[117.4981,0.1522,0.0],[117.498,0.1523,0.0]]],
[[[117.4982,0.1525,4.2],[117.4982,0.1527,4.2],[117.4981,0.1522,0.0],[117.4982,0.1525,4.2]]],
[[[118.022,0.736,0.0],[118.0166,0.7458,0.0],[118.014,0.7442,0.0],[118.0099,0.7463,0.0],[118.0039,0.7385,1.3142],[118.0015,0.7382,0.0],[118.0004,0.7404,0.0],[117.9988,0.7386,6.5864],[117.9972,0.7352,0.0],[117.9977,0.7289,0.8025],[118.0062,0.7142,0.0],[118.0138,0.7117,0.0],[118.0161,0.7141,1.387],[118.0218,0.7225,0.0],[118.022,0.736,0.0]]],
[[[118.4872,0.7651,0.0],[118.4903,0.765,0.0],[118.4901,0.7708,0.0],[118.4892,0.7723,0.0],[118.4849,0.7728,0.0],[118.4828,0.7699,0.0],[118.4837,0.7665,0.0],[118.4872,0.7651,0.0]]],
[[[118.0383,0.7783,5.7598],[118.0407,0.7722,1.8643],[118.0461,0.7711,0.0],[118.046,0.7768,0.0],[118.0419,0.7827,2.9869],[118.0383,0.7783,5.7598]]],
[[[118.027,0.8799,0.0],[118.0286,0.8822,0.0],[118.0272,0.8889,0.5],[118.018,0.8953,14.8435],[118.0159,0.8929,13.3022],[118.0161,0.8906,3.248],[118.0234,0.882,0.0],[118.027,0.8799,0.0]]],
[[[117.992,0.9248,1.0],[118.0006,0.902,10.7997],[118.0028,0.899,1.0],[118.0085,0.9001,1.0],[118.01,0.902,1.0],[118.0071,0.9154,1.5206],[118.0079,0.9275,14.3886],[118.0026,0.9306,1.0],[117.9981,0.9378,1.0],[117.9972,0.9341,14.721],[117.9931,0.9301,6.8628],[117.992,0.9248,1.0]]],
[[[118.0028,0.9741,2.4438],[118.0051,0.9825,5.8465],[118.0047,0.9875,10.701],[118.0022,0.9897,8.697],[117.9986,0.9902,6.9019],[118.0005,0.9799,10.2182],[117.9972,0.9743,1.0],[117.9967,0.9693,1.0],[117.9987,0.9654,1.0],[118.0039,0.9618,1.0],[118.0069,0.9635,1.0],[118.0036,0.9687,12.1301],[118.0028,0.9741,2.4438]]],
[[[117.9811,0.9731,1.0],[117.9842,0.9735,1.0],[117.9876,0.977,1.0],[117.9846,0.9878,2.416],[117.9797,0.9953,1.0],[117.9803,1.0008,2.2499],[117.9746,1.0119,10.0515],[117.9777,1.0163,1.0],[117.9746,1.0231,9.2909],[117.9638,1.0359,4.9368],[117.9609,1.0351,3.4258],[117.953,1.0416,6.1877],[117.956,1.0408,2.8584],[117.9548,1.0459,6.3283],[117.9483,1.0532,12.3239],[117.9408,1.0567,3.8565],[117.9367,1.0569,2.6832],[117.9352,1.0502,5.4381],[117.9383,1.0483,7.765],[117.9389,1.0426,4.7747],[117.9463,1.0351,1.0],[117.9507,1.0151,1.0],[117.954,1.0098,1.0],[117.9597,1.0057,2.9309],[117.9709,0.9839,1.0],[117.9749,0.9824,2.1785],[117.9783,0.9745,1.0],[117.9811,0.9731,1.0]]],
[[[117.5505,-0.403,0.0],[117.551,-0.4026,0.0],[117.5506,-0.4018,0.0],[117.5503,-0.4021,0.0],[117.5505,-0.403,0.0]]],
[[[117.3919,0.0043,14.2493],[117.3924,0.0049,14.2493],[117.391,0.0055,14.4279],[117.3911,0.0041,13.4169],[117.3919,0.0043,14.2493]]],
[[[117.5466,-0.4211,0.0],[117.5533,-0.4122,0.0],[117.5514,-0.409,0.0],[117.5432,-0.412,0.0],[117.5349,-0.4207,1.0],[117.5311,-0.4263,0.0],[117.5285,-0.4358,0.0],[117.5337,-0.4331,0.0],[117.5466,-0.4211,0.0]]],
[[[117.4988,-0.4022,0.75],[117.4992,-0.4015,0.75],[117.4989,-0.4009,1.0],[117.498,-0.4016,0.9745],[117.4988,-0.4022,0.75]]],
[[[117.5492,-0.4041,0.0],[117.5491,-0.4023,0.0],[117.5468,-0.4055,0.0],[117.5472,-0.4057,0.0],[117.5492,-0.4041,0.0]]],
[[[117.4995,-0.4013,0.75],[117.4995,-0.4012,1.0],[117.4998,-0.4007,1.0],[117.4992,-0.4008,1.0],[117.4995,-0.4013,0.75]]],
[[[117.4995,-0.4001,1.0],[117.4987,-0.3999,1.0],[117.4986,-0.4002,1.0],[117.4988,-0.4005,1.0],[117.4995,-0.4001,1.0]]],
[[[117.5474,-0.3499,0.0],[117.5435,-0.346,0.0],[117.5376,-0.3447,0.0],[117.5332,-0.3447,0.0],[117.5295,-0.3468,0.0],[117.5347,-0.3454,0.0],[117.5409,-0.3461,0.0],[117.5474,-0.3499,0.0]]],
[[[117.4666,-0.4063,0.0],[117.4788,-0.3833,0.0],[117.4938,-0.3474,2.9898],[117.4918,-0.3291,2.5277],[117.4778,-0.329,2.1405],[117.4734,-0.331,0.0],[117.4666,-0.3381,12.3072],[117.4663,-0.3402,4.697],[117.4645,-0.3403,1.2014],[117.4604,-0.3476,4.8837],[117.4584,-0.354,6.5425],[117.465,-0.3624,0.0],[117.4676,-0.3748,0.5],[117.4619,-0.3872,1.6304],[117.4545,-0.3881,1.963],[117.4461,-0.3817,4.4909],[117.439,-0.3806,4.3971],[117.4365,-0.3818,1.5],[117.439,-0.3916,0.25],[117.4366,-0.3961,1.2262],[117.4306,-0.3981,2.9659],[117.4342,-0.4056,0.0],[117.4318,-0.4139,0.25],[117.4384,-0.4181,3.9923],[117.4391,-0.424,0.8359],[117.4347,-0.4298,1.5315],[117.4305,-0.4281,5.4986],[117.4269,-0.4286,2.958],[117.4255,-0.4328,1.9988],[117.4342,-0.434,4.8096],[117.4382,-0.438,2.1266],[117.4436,-0.4354,6.0935],[117.4448,-0.4409,7.1724],[117.4513,-0.4406,1.5684],[117.4531,-0.4383,0.0],[117.4551,-0.4245,1.9958],[117.4666,-0.4063,0.0]]],
[[[117.4995,-0.374,0.8709],[117.5026,-0.3678,0.0],[117.51,-0.3605,0.0],[117.5147,-0.3509,0.0],[117.5137,-0.348,0.0],[117.505,-0.3476,0.0],[117.4978,-0.3518,0.0],[117.486,-0.3762,2.0739],[117.4859,-0.387,0.125],[117.4943,-0.3822,0.0],[117.4995,-0.374,0.8709]]],
[[[117.3932,0.0059,14.5595],[117.3915,0.0065,14.5595],[117.3905,0.0061,14.4279],[117.3925,0.0054,14.2493],[117.3932,0.0059,14.5595]]],
[[[117.918,1.0915,1.0],[117.9174,1.0977,19.7181],[117.9071,1.108,1.0],[117.908,1.1035,1.0],[117.9138,1.0943,1.0],[117.918,1.0915,1.0]]],
[[[118.836,1.1168,7.4479],[118.8444,1.1133,1.2277],[118.8469,1.1145,0.0],[118.8456,1.1189,0.0],[118.8419,1.1209,0.0],[118.8378,1.1205,0.0],[118.836,1.1168,7.4479]]],
[[[118.5608,1.3731,2.367],[118.5555,1.3755,0.0],[118.554,1.3745,2.1927],[118.5559,1.3704,0.0],[118.5582,1.3704,0.0],[118.5608,1.3731,2.367]]],
[[[118.5244,1.3641,11.716],[118.5272,1.3663,0.0],[118.5238,1.3685,8.9102],[118.5206,1.3674,1.4925],[118.5173,1.3623,0.0],[118.519,1.3612,0.0],[118.5244,1.3641,11.716]]],
[[[118.5521,1.367,2.0573],[118.5497,1.3648,1.5254],[118.5505,1.3628,0.5616],[118.5538,1.3637,2.5384],[118.5521,1.367,2.0573]]],
[[[118.5555,1.3628,2.5384],[118.5584,1.3655,0.5436],[118.5546,1.3672,0.0],[118.5541,1.3634,2.5384],[118.5555,1.3628,2.5384]]],
[[[118.5448,1.3667,6.3315],[118.5436,1.3678,0.7985],[118.5429,1.3645,0.0],[118.5453,1.3655,6.3315],[118.5448,1.3667,6.3315]]],
[[[118.4415,1.378,0.0],[118.4426,1.3781,0.0],[118.4425,1.379,0.0],[118.4418,1.3791,0.0],[118.4415,1.378,0.0]]],
[[[118.4921,1.3714,0.0],[118.4911,1.3728,0.0],[118.4901,1.3708,1.4469],[118.4912,1.3707,1.4469],[118.4921,1.3714,0.0]]],
[[[118.4645,1.3744,9.2307],[118.4637,1.3767,5.987],[118.4623,1.3759,0.0],[118.4627,1.3726,1.3932],[118.4645,1.3744,9.2307]]],
[[[118.3938,1.4271,0.0],[118.3927,1.4275,0.0],[118.3922,1.426,0.0],[118.3949,1.4259,5.3244],[118.3938,1.4271,0.0]]],
[[[118.3845,1.5006,0.0],[118.3836,1.4974,2.4223],[118.3856,1.4972,4.2371],[118.3858,1.5005,0.0],[118.3845,1.5006,0.0]]],
[[[118.4697,1.4635,0.0],[118.4681,1.4669,1.0773],[118.4639,1.4657,0.0],[118.4647,1.4639,0.2846],[118.4626,1.4629,1.6602],[118.4581,1.4632,1.7689],[118.4592,1.4589,2.4742],[118.4613,1.4571,3.3996],[118.4612,1.451,1.2949],[118.4631,1.4505,1.2949],[118.464,1.4529,2.9893],[118.4664,1.4509,1.1021],[118.4685,1.454,4.5063],[118.4717,1.4537,11.7718],[118.4696,1.4623,0.0],[118.4666,1.4635,3.0267],[118.4697,1.4635,0.0]]],
[[[118.4258,1.401,0.0],[118.4261,1.4001999999999999,0.0],[118.4269,1.4005,0.0],[118.4266,1.4013,0.0],[118.4258,1.401,0.0]]],
[[[118.4244,1.4044,0.0],[118.4237,1.4059,1.4834],[118.4214,1.4049,4.2969],[118.4218,1.404,4.2969],[118.4244,1.4044,0.0]]],
[[[118.9048,1.5284,0.0],[118.9046,1.5302,0.0],[118.9021,1.5295,0.0],[118.8973,1.5225,0.0],[118.8998,1.5227,0.0],[118.9048,1.5284,0.0]]],
[[[118.6209,1.5307,0.0],[118.6216,1.5295,0.0],[118.6266,1.5293,0.0],[118.628,1.5306,0.0],[118.6274,1.5317,0.0],[118.6209,1.5307,0.0]]],
[[[118.9449,1.5688,0.0],[118.9453,1.5708,0.0],[118.9417,1.5701,0.0],[118.939,1.568,0.0],[118.9382,1.5651,0.0],[118.9402,1.5649,0.0],[118.9449,1.5688,0.0]]],
[[[118.9604,1.7587,0.0],[118.9584,1.7608,0.0],[118.9541,1.7616,0.0],[118.9594,1.758,0.0],[118.9604,1.7587,0.0]]],
[[[118.9488,1.7666,0.0],[118.9504,1.7652,0.0],[118.9508,1.7656,0.0],[118.9502,1.7674,0.0],[118.9488,1.7666,0.0]]],
[[[118.9887,1.7814,0.0],[118.9883,1.7833,0.0],[118.985,1.7812,0.0],[118.9875,1.7809,0.0],[118.9887,1.7814,0.0]]],
[[[118.9203,1.7862,0.0],[118.9225,1.7879,0.0],[118.9201,1.7918,0.0],[118.9181,1.7915,0.0],[118.9181,1.7879,0.0],[118.9203,1.7862,0.0]]],
[[[118.9343,1.7794,0.0],[118.9315,1.7812,0.0],[118.9294,1.7799,0.0],[118.9335,1.774,0.0],[118.9448,1.7709,0.0],[118.9429,1.7735,0.0],[118.9343,1.7794,0.0]]],
[[[118.4359,1.3804,3.6171],[118.4367,1.381,0.0],[118.4355,1.3817,0.0],[118.4354,1.3808,0.0],[118.4359,1.3804,3.6171]]],
[[[118.5331,1.3839,0.0],[118.5335,1.3854,0.0],[118.5325,1.3862,0.0],[118.5319,1.3846,0.0],[118.5331,1.3839,0.0]]],
[[[118.453,1.3875,0.0],[118.4527,1.3868,2.4714],[118.4529,1.3867,2.4714],[118.4534,1.3871,0.0],[118.453,1.3875,0.0]]],
[[[118.4515,1.3918,2.6192],[118.448,1.3976,0.5976],[118.4453,1.3947,4.484],[118.4386,1.3946,1.003],[118.4402,1.3848,0.0],[118.4422,1.3816,0.0],[118.4446,1.3802,0.0],[118.4521,1.386,2.4714],[118.4515,1.3918,2.6192]]],
[[[118.5405,1.3934,2.0771],[118.5404,1.3924,2.0771],[118.5339,1.3927,1.4589],[118.5319,1.3968,0.535],[118.5288,1.3952,0.7034],[118.5324,1.3877,0.8709],[118.536,1.3874,0.6578],[118.5393,1.3895,8.1524],[118.5428,1.396,0.6814],[118.5405,1.3934,2.0771]]],
[[[118.4463,1.3976,0.8826],[118.4497,1.3983,0.0],[118.4496,1.3994,0.0],[118.446,1.3992,0.0],[118.4463,1.3976,0.8826]]],
[[[118.4817,1.4525,2.0322],[118.4785,1.4545,0.4783],[118.476,1.4528,3.8145],[118.4773,1.456,4.2097],[118.4739,1.4604,12.4683],[118.4723,1.4584,0.8232],[118.4732,1.4542,4.6037],[118.4721,1.4534,11.7718],[118.4688,1.4534,4.905],[118.4667,1.4501,1.9086],[118.4671,1.4475,0.5641],[118.4697,1.4476,5.3858],[118.4692,1.4458,0.0],[118.4726,1.4462,1.707],[118.4674,1.4421,3.3997],[118.4662,1.4393,2.3769],[118.4697,1.4399,1.5345],[118.472,1.4383,0.0],[118.4744,1.4401,0.0],[118.478,1.4389,3.6394],[118.4815,1.4315,0.2482],[118.4779,1.429,1.5094],[118.4741,1.4308,0.0],[118.4735,1.4274,0.7186],[118.469,1.428,0.5835],[118.4663,1.425,4.4379],[118.4686,1.4129,1.1913],[118.4735,1.4016,0.0],[118.4811,1.3943,1.4318],[118.4803,1.3931,1.6566],[118.4819,1.3908,2.5622],[118.4841,1.391,7.5571],[118.4843,1.3886,0.0],[118.4873,1.3892,3.2565],[118.4881,1.3869,0.0],[118.4953,1.3856,3.0007],[118.5006,1.3808,3.3472],[118.5047,1.3804,0.0],[118.5109,1.3829,2.5741],[118.5113,1.3843,6.4986],[118.5135,1.3828,1.6501],[118.5146,1.3854,5.0041],[118.5158,1.3847,0.0],[118.5177,1.3865,4.0867],[118.5216,1.385,0.0],[118.53,1.386,0.0],[118.5285,1.3921,0.0],[118.5225,1.3943,0.0],[118.5209,1.392,14.1278],[118.5193,1.3948,0.0],[118.5165,1.3959,8.3683],[118.5159,1.4048,2.0366],[118.5133,1.4066,3.0078],[118.5099,1.4059,12.7945],[118.5099,1.4113,0.453],[118.5073,1.4101,1.3109],[118.5065,1.4051,14.0037],[118.505,1.4118,0.0],[118.4971,1.4092,2.1219],[118.5022,1.4155,0.0],[118.4983,1.4154,5.335],[118.4966,1.4195,0.0],[118.4929,1.4209,0.8805],[118.4949,1.4227,0.0],[118.4926,1.4252,0.0],[118.4959,1.4248,0.0],[118.4975,1.4284,0.8603],[118.4916,1.4369,4.3588],[118.4873,1.4356,4.1129],[118.4898,1.4371,5.016],[118.4888,1.4386,5.016],[118.499,1.441,0.0],[118.4965,1.4415,1.136],[118.4965,1.4438,0.0],[118.4923,1.4428,2.0877],[118.4934,1.4441,0.0],[118.4919,1.4447,0.5011],[118.4881,1.4413,2.3591],[118.4922,1.4478,0.0],[118.4914,1.4487,0.2167],[118.489,1.4454,1.4037],[118.4865,1.4448,2.1203],[118.4839,1.4403,2.6505],[118.4795,1.4457,6.8792],[118.4835,1.4475,5.5555],[118.4839,1.4505,0.0],[118.4802,1.4486,0.687],[118.481,1.4469,2.5248],[118.4796,1.4485,5.3587],[118.4758,1.4476,3.9064],[118.479,1.4488,0.0],[118.4782,1.4499,0.0],[118.4817,1.4525,2.0322]]],
[[[118.8944,1.8037,0.0],[118.8956,1.8054,0.0],[118.8904,1.8082,0.0],[118.8927,1.8038,0.0],[118.8944,1.8037,0.0]]],
[[[118.8087,1.9407,0.0],[118.8097,1.9432,0.0],[118.8085,1.9441,0.0],[118.8077,1.9405,0.0],[118.8087,1.9407,0.0]]],
[[[117.8703,1.9382,16.1095],[117.8719,1.9409,7.1762],[117.8704,1.9468,13.9499],[117.8742,1.958,3.0601],[117.8761,1.9724,0.0],[117.8706,1.9705,0.0],[117.8574,1.9586,14.588],[117.8466,1.9564,5.2801],[117.844,1.9495,4.4342],[117.8384,1.9505,8.2561],[117.8374,1.9539,4.6338],[117.8298,1.9529,7.1197],[117.8276,1.9561,4.6458],[117.8238,1.957,9.2793],[117.822,1.9601,9.6153],[117.8185,1.9589,2.3591],[117.8176,1.9555,4.2811],[117.8194,1.9526,5.4921],[117.8171,1.9486,6.9025],[117.822,1.9506,4.7909],[117.8276,1.9493,8.3157],[117.8276,1.9396,10.4249],[117.8265,1.9358,4.0106],[117.831,1.9241,1.5],[117.8324,1.9233,1.0],[117.8382,1.9287,9.2634],[117.8359,1.9253,10.9419],[117.8336,1.9238,9.7759],[117.8379,1.9236,7.5404],[117.8499,1.9316,7.8213],[117.841,1.9243,5.0913],[117.8346,1.9221,4.0449],[117.836,1.9117,3.5369],[117.8425,1.9063,0.5],[117.8429,1.913,18.7009],[117.8481,1.92,10.6343],[117.8461,1.9146,11.6501],[117.8438,1.9133,18.7009],[117.8433,1.9078,3.7913],[117.845,1.903,3.2396],[117.8467,1.9,0.5],[117.8537,1.8964,0.5],[117.8549,1.8999,7.5719],[117.8536,1.9037,18.2341],[117.857,1.9079,10.7093],[117.8542,1.9039,15.7032],[117.8554,1.8992,7.5719],[117.8547,1.8956,7.0572],[117.8599,1.8928,0.0],[117.8703,1.9057,8.1172],[117.8713,1.9312,0.9694],[117.8703,1.9382,16.1095]]],
[[[118.8041,1.9548,0.0],[118.8051,1.9561,0.0],[118.8036,1.9616,0.0],[118.8019,1.9589,0.0],[118.8041,1.9548,0.0]]],
[[[118.8289,1.9731,0.0],[118.8188,1.9656,0.0],[118.8161,1.9594,0.0],[118.8166,1.9576,0.0],[118.8259,1.9628,0.0],[118.8304,1.9715,0.0],[118.8289,1.9731,0.0]]],
[[[117.8833,2.0521,6.422],[117.881,2.0562,10.8137],[117.8784,2.0563,5.2131],[117.8763,2.0532,9.2211],[117.8731,2.0536,4.8224],[117.8732,2.0505,4.6646],[117.8702,2.0465,4.7441],[117.871,2.0422,9.1613],[117.8707,2.0411,8.5474],[117.8679,2.0412,11.0135],[117.8658,2.0449,14.6063],[117.864,2.0444,3.4884],[117.8641,2.0369,2.6992],[117.862,2.034,5.2076],[117.8524,2.0379,7.7424],[117.8444,2.0381,11.0203],[117.8438,2.0292,0.0],[117.845,2.0255,3.4349],[117.8593,2.0241,3.4566],[117.8785,2.0358,11.2941],[117.889,2.0361,0.0],[117.8877,2.0392,0.0],[117.8845,2.0394,15.503],[117.8835,2.0419,7.2985],[117.8809,2.0432,17.0785],[117.8832,2.0427,5.3382],[117.8845,2.0449,11.9963],[117.8835,2.0465,10.9534],[117.8833,2.0521,6.422]]],
[[[117.8796,2.1539,2.5514],[117.8826,2.1586,11.451],[117.8768,2.1582,20.5292],[117.8722,2.1558,2.9853],[117.8746,2.1544,1.6546],[117.8796,2.1539,2.5514]]],
[[[117.7615,2.1663,4.5822],[117.7663,2.1653,9.195],[117.7717,2.1689,9.8072],[117.7745,2.1723,0.0],[117.7768,2.1805,0.0],[117.7552,2.1843,8.9784],[117.7411,2.1839,4.7129],[117.7304,2.1818,12.3857],[117.7204,2.1775,1.7749],[117.7084,2.171,6.3466],[117.7075,2.1691,0.0],[117.7171,2.1644,1.4941],[117.7369,2.1715,0.0],[117.7511,2.1707,4.174],[117.7615,2.1663,4.5822]]],
[[[117.9038,2.1671,1.1895],[117.9097,2.1604,0.0],[117.9179,2.1561,0.0],[117.9242,2.1633,0.0],[117.927,2.1723,6.0626],[117.9182,2.1897,3.6591],[117.904,2.206,3.0612],[117.9017,2.2036,5.0655],[117.8987,2.1941,2.5566],[117.8927,2.189,0.0],[117.9038,2.1671,1.1895]]],
[[[117.8817,2.1603,3.8253],[117.8844,2.1625,5.2651],[117.8818,2.1754,5.219],[117.8541,2.1873,0.6468],[117.8415,2.1901,8.6279],[117.828,2.1903,1.9207],[117.8297,2.1834,9.743],[117.8385,2.1794,2.4871],[117.8454,2.169,8.5328],[117.8538,2.1656,4.5857],[117.8645,2.1583,2.6379],[117.8718,2.1575,6.2325],[117.8817,2.1603,3.8253]]],
[[[117.8944,2.176,8.7158],[117.8899,2.1884,12.0475],[117.8766,2.1893,8.7082],[117.8695,2.1879,0.0],[117.8709,2.1857,0.0],[117.8839,2.1784,0.0],[117.8921,2.1682,0.0],[117.8967,2.1665,0.0],[117.8944,2.176,8.7158]]],
[[[118.5967,2.2526,0.0],[118.6021,2.2521,0.0],[118.5998,2.2556,2.6137],[118.594,2.2568,0.0],[118.5952,2.253,0.0],[118.5967,2.2526,0.0]]],
[[[118.2476,2.2838,0.0],[118.2421,2.2851,6.8265],[118.2391,2.2836,0.8789],[118.2433,2.2798,0.0],[118.2476,2.2838,0.0]]],
[[[118.5913,2.2582,0.0],[118.5889,2.2593,0.0],[118.5913,2.2554,0.0],[118.5923,2.2563,0.0],[118.5913,2.2582,0.0]]],
[[[118.132,2.3285,0.0],[118.133,2.3287,0.0],[118.1322,2.3321,0.9323],[118.128,2.3313,0.5219],[118.1294,2.3291,0.0],[118.132,2.3285,0.0]]],
[[[118.2004,2.3652,0.0],[118.2028,2.3586,0.0],[118.2133,2.347,0.0],[118.2173,2.3529,6.9292],[118.2179,2.3565,13.9323],[118.1995,2.3818,7.8125],[118.1948,2.3793,9.8194],[118.1934,2.376,0.0],[118.2004,2.3652,0.0]]],
[[[118.5803,2.2325,19.9954],[118.5749,2.2398,42.7593],[118.5695,2.2525,35.7941],[118.5667,2.2599,35.935],[118.567,2.2663,19.6078],[118.5638,2.2733,54.0234],[118.5654,2.2809,0.0],[118.5648,2.2886,17.1654],[118.567,2.2924,0.0],[118.567,2.3007,18.744],[118.5689,2.3032,6.5541],[118.5724,2.3032,0.0],[118.5772,2.2997,1.7488],[118.5844,2.2857,0.0],[118.5895,2.2806,6.7528],[118.5939,2.2726,0.0],[118.6003,2.2697,0.0],[118.6098,2.2621,0.0],[118.6161,2.2601,0.0],[118.6208,2.2519,0.0],[118.6322,2.2483,0.0],[118.6357,2.2458,0.0],[118.6367,2.2499,5.5306],[118.6338,2.2547,18.332],[118.6224,2.2595,16.4492],[118.6076,2.2691,26.5406],[118.6034,2.2748,37.6336],[118.5962,2.2802,37.8212],[118.5829,2.2991,13.6513],[118.5721,2.3099,45.3493],[118.5699,2.3102,40.878],[118.5623,2.3026,11.9928],[118.5616,2.2886,0.0],[118.5588,2.2787,0.0],[118.5597,2.2736,0.0],[118.5629,2.2685,26.5087],[118.5613,2.2478,0.0],[118.566,2.2347,0.0],[118.5768,2.2245,5.3543],[118.5834,2.2114,0.0],[118.5904,2.205,0.0],[118.597,2.1936,0.0],[118.6046,2.1878,0.0],[118.6081,2.1875,0.0],[118.603,2.1936,6.5729],[118.6037,2.1961,2.8549],[118.6056,2.1932,0.5223],[118.611,2.1907,0.9563],[118.6132,2.1849,0.0],[118.6182,2.1802,0.0],[118.6265,2.1798,2.6877],[118.6331,2.1744,0.0],[118.642,2.1715,0.0],[118.6467,2.168,0.0],[118.6493,2.1626,0.0],[118.6518,2.161,0.0],[118.6518,2.1655,7.4457],[118.6489,2.1702,16.6577],[118.635,2.1804,37.2987],[118.623,2.1865,21.46],[118.6097,2.2006,8.874],[118.6056,2.2076,2.6572],[118.5983,2.2095,39.8529],[118.5894,2.2162,18.0512],[118.5803,2.2325,19.9954]]],
[[[118.4021,2.083,0.0],[118.4016,2.0838,1.1714],[118.397,2.0867,2.0106],[118.3974,2.0828,0.0],[118.4021,2.083,0.0]]],
[[[118.3308,2.1388,2.0991],[118.3269,2.1394,7.5157],[118.3233,2.1368,0.0],[118.3261,2.1309,0.0],[118.3299,2.1288,0.0],[118.3324,2.1302,0.0],[118.3308,2.1388,2.0991]]],
[[[117.7792,2.0733,4.749],[117.7794,2.0794,3.2647],[117.7776,2.0836,2.586],[117.778,2.092,2.5983],[117.773,2.0983,2.6851],[117.7655,2.099,0.701],[117.7545,2.0948,1.5231],[117.7368,2.0841,0.0],[117.7292,2.0841,4.5798],[117.7242,2.0796,6.1638],[117.7128,2.079,5.5908],[117.7124,2.0759,8.1172],[117.7196,2.0691,0.0],[117.722,2.0612,2.4833],[117.7179,2.0552,4.804],[117.7076,2.0524,0.0],[117.7055,2.0503,0.0],[117.7149,2.0321,2.008],[117.7193,2.0358,4.7687],[117.7249,2.0475,4.2732],[117.7328,2.0521,5.2817],[117.7384,2.0527,2.4935],[117.7443,2.0508,0.0],[117.7494,2.0464,3.3949],[117.7553,2.0316,0.0],[117.7607,2.0258,0.9477],[117.7696,2.022,0.0],[117.7847,2.022,0.0],[117.798,2.0281,5.3407],[117.801,2.0398,0.0],[117.7994,2.0405,3.9868],[117.7923,2.0356,1.348],[117.7881,2.0348,7.1665],[117.7858,2.0383,11.8807],[117.7859,2.047,1.0],[117.7833,2.0505,0.625],[117.7799,2.0509,0.8927],[117.7761,2.0473,1.731],[117.7732,2.0472,4.0696],[117.7696,2.0546,0.5],[117.7669,2.0498,1.4759],[117.7639,2.049,0.5],[117.7609,2.0533,3.4932],[117.7573,2.053,2.647],[117.7522,2.0562,2.4674],[117.7513,2.0606,1.0],[117.7512,2.0635,3.8003],[117.7545,2.0665,13.3235],[117.7558,2.0711,8.7563],[117.7571,2.073,2.141],[117.7611,2.0732,8.5229],[117.7641,2.071,2.3825],[117.7665,2.0667,3.74],[117.769,2.066,7.1567],[117.7735,2.0698,8.7004],[117.7744,2.0731,3.5288],[117.7792,2.0733,4.749]]],
[[[117.8793,2.0687,7.8565],[117.8479,2.0812,10.5166],[117.8409,2.0863,9.8375],[117.833,2.0953,2.5782],[117.8268,2.0953,10.5999],[117.8133,2.0899,6.62],[117.8102,2.0874,1.9926],[117.8112,2.0835,2.4819],[117.8127,2.0814,2.3903],[117.8192,2.0811,2.1863],[117.8226,2.0795,6.0394],[117.8244,2.0749,3.5395],[117.8241,2.0721,1.539],[117.8213,2.0664,14.1283],[117.816,2.0599,7.8735],[117.8054,2.0557,1.2208],[117.8066,2.0482,4.9187],[117.803,2.041,6.3721],[117.8034,2.0362,7.8132],[117.8011,2.0272,10.8777],[117.8054,2.0259,3.9574],[117.8119,2.0293,3.5716],[117.826,2.0325,0.0],[117.8427,2.0419,0.0],[117.8433,2.0513,2.37],[117.8249,2.0538,3.3094],[117.8224,2.0526,1.1763],[117.8226,2.0532,1.1763],[117.8238,2.0538,3.3094],[117.8261,2.0544,0.0],[117.8238,2.0565,4.7114],[117.8243,2.0579,5.1303],[117.8287,2.0544,7.9858],[117.8396,2.0573,13.5723],[117.835,2.061,3.5678],[117.8345,2.0628,2.2118],[117.8358,2.0714,3.7861],[117.8339,2.0737,8.6789],[117.8327,2.0732,7.9162],[117.8378,2.0772,5.9464],[117.8374,2.0759,5.759],[117.8347,2.0741,4.9524],[117.8363,2.0709,3.7861],[117.8351,2.0628,2.2118],[117.8407,2.0573,3.2435],[117.8349,2.0553,8.9641],[117.8349,2.0539,8.9641],[117.8434,2.0532,0.0],[117.8444,2.0552,2.3598],[117.8437,2.0644,12.2901],[117.8402,2.065,11.1324],[117.8387,2.0662,8.867],[117.8405,2.0712,4.6635],[117.8401,2.0656,9.3073],[117.8443,2.0649,3.5638],[117.8507,2.0703,5.5414],[117.8526,2.0684,2.2155],[117.8525,2.0673,2.2155],[117.8508,2.0695,5.5414],[117.8448,2.0644,3.5638],[117.8467,2.0473,6.0526],[117.8457,2.0397,0.0],[117.8555,2.0379,1.1657],[117.8588,2.0353,9.8614],[117.8627,2.0355,2.6992],[117.8632,2.0453,3.4884],[117.8662,2.0459,5.7084],[117.8683,2.0418,11.0135],[117.8704,2.0418,5.4138],[117.8694,2.0469,4.7441],[117.8722,2.0499,6.5592],[117.8725,2.0541,1.0974],[117.8758,2.0536,9.2211],[117.8783,2.0569,5.2131],[117.8829,2.056,10.8137],[117.8853,2.0459,5.4131],[117.8847,2.0405,7.2985],[117.892,2.038,0.0],[117.9026,2.0417,2.8606],[117.9062,2.04,0.0],[117.9107,2.0452,0.0],[117.911,2.051,6.1323],[117.9097,2.0534,8.3966],[117.9057,2.0561,1.6833],[117.8989,2.0559,5.6294],[117.8793,2.0687,7.8565]]],
[[[117.7715,2.1049,2.8497],[117.7805,2.0993,0.0],[117.7855,2.0992,3.5386],[117.7888,2.1023,1.0476],[117.7892,2.1093,2.889],[117.7777,2.1195,1.4982],[117.7689,2.1189,1.0075],[117.767,2.1183,2.0616],[117.767,2.1168,2.4045],[117.7715,2.1049,2.8497]]],
[[[117.8692,2.0839,1.1423],[117.8879,2.0797,0.0],[117.9003,2.0798,0.0],[117.9085,2.0827,2.2596],[117.9144,2.0873,0.0],[117.9144,2.0888,0.0],[117.9045,2.0953,8.5121],[117.898,2.1035,4.8673],[117.8992,2.125,13.5245],[117.8802,2.1394,0.375],[117.8645,2.1454,1.2208],[117.8608,2.143,0.5],[117.8527,2.1301,8.7647],[117.8388,2.1225,0.4925],[117.8333,2.1167,1.125],[117.8292,2.1146,0.0],[117.8514,2.0941,0.0],[117.8692,2.0839,1.1423]]],
[[[118.5377,2.1553,6.9674],[118.5371,2.159,36.838],[118.5336,2.1603,13.1104],[118.5204,2.1605,30.5546],[118.5148,2.1583,34.1944],[118.5107,2.1535,27.7447],[118.5043,2.1345,0.0],[118.5191,2.1385,0.0],[118.5386,2.1351,0.0],[118.5576,2.1175,0.0],[118.5622,2.1152,0.0],[118.5606,2.1234,55.1594],[118.5394,2.1505,8.425],[118.5377,2.1553,6.9674]]],
[[[117.8037,2.1505,0.839],[117.8038,2.1651,1.1205],[117.8018,2.1766,3.7498],[117.7993,2.1792,1.0635],[117.7946,2.1808,2.9956],[117.7805,2.182,6.755],[117.7758,2.1714,6.7955],[117.7679,2.1647,10.7513],[117.7609,2.165,10.4866],[117.7515,2.1691,3.151],[117.7394,2.1692,5.0267],[117.7312,2.1681,9.0037],[117.721,2.1636,12.1573],[117.7139,2.1629,0.9633],[117.7193,2.154,0.0],[117.7237,2.1505,2.371],[117.7279,2.1396,0.0],[117.7294,2.1255,4.8792],[117.7261,2.1084,0.0],[117.7301,2.0893,0.0],[117.735,2.0863,0.0],[117.7496,2.0984,0.0],[117.7645,2.1036,0.0],[117.7711,2.1038,2.8497],[117.7662,2.1177,2.0616],[117.7618,2.1119,4.7506],[117.7556,2.1117,3.4357],[117.7547,2.1182,2.1414],[117.7503,2.1241,2.7356],[117.7433,2.1273,1.952],[117.7433,2.1232,7.1],[117.7396,2.1187,2.7386],[117.7395,2.12,2.0155],[117.7431,2.1241,2.6871],[117.739,2.1252,3.1921],[117.7382,2.127,6.2991],[117.7417,2.1254,4.4038],[117.7429,2.1284,8.5758],[117.7468,2.1301,0.0],[117.7513,2.1408,2.6555],[117.7506,2.1453,2.991],[117.7521,2.1406,2.6555],[117.7463,2.128,0.0],[117.7472,2.1261,0.0],[117.7536,2.1232,0.0],[117.7582,2.1139,3.5022],[117.7615,2.1137,0.0],[117.7647,2.1193,1.895],[117.7745,2.1223,1.5214],[117.7796,2.121,0.0],[117.7888,2.1129,0.0],[117.8024,2.1207,1.7563],[117.8016,2.1269,1.8841],[117.8037,2.1505,0.839]]],
[[[117.8921,2.1537,6.7949],[117.8722,2.153,7.8174],[117.862,2.157,3.2378],[117.8432,2.1684,2.5362],[117.8382,2.1775,13.9172],[117.8282,2.1834,12.0223],[117.8264,2.1911,9.3993],[117.8119,2.1911,9.1652],[117.8014,2.183,4.9321],[117.8076,2.1697,0.0],[117.8097,2.128,1.8812],[117.8106,2.1229,0.0],[117.8128,2.1207,0.0],[117.8297,2.1173,0.642],[117.8409,2.1268,0.0],[117.8522,2.1325,0.0],[117.8597,2.1455,4.2472],[117.8666,2.1478,0.0],[117.8803,2.1426,0.0],[117.8935,2.1341,0.471],[117.9005,2.1276,0.0],[117.9048,2.1177,0.0],[117.9014,2.1073,0.0],[117.9082,2.0993,4.3134],[117.9131,2.0985,0.0],[117.9177,2.1001,1.276],[117.9235,2.1035,0.0],[117.924,2.107,9.3355],[117.9262,2.1044,0.0],[117.9347,2.1071,0.0],[117.9484,2.1139,6.2016],[117.9567,2.1198,6.2509],[117.9573,2.1232,0.0],[117.955,2.1247,10.8378],[117.9408,2.1176,7.0436],[117.9492,2.123,1.0],[117.9557,2.1256,7.0563],[117.9561,2.1289,11.2142],[117.9446,2.1357,7.3556],[117.9216,2.14,3.4459],[117.9103,2.144,6.0447],[117.8921,2.1537,6.7949]]],
[[[116.4298,-2.2035,1.6023],[116.4615,-2.1915,5.5288],[116.5064,-2.1622,0.0],[116.4298,-2.2035,1.6023]]],
[[[117.2568,-0.8411,4.2587],[117.2561,-0.842,9.9327],[117.2563,-0.8428,9.9327],[117.2577,-0.8399,0.0],[117.2568,-0.8411,4.2587]]],
[[[117.264,-0.8296,10.5948],[117.2637,-0.8294,4.734],[117.2635,-0.83,0.0],[117.2639,-0.8302,10.5948],[117.264,-0.8296,10.5948]]],
[[[117.2572,-0.8305,11.3518],[117.2569,-0.8244,0.0],[117.2551,-0.8278,0.0],[117.255,-0.833,0.0],[117.2572,-0.8305,11.3518]]],
[[[117.2585,-0.8493,6.5207],[117.2589,-0.8469,2.4287],[117.2565,-0.8472,4.7967],[117.2564,-0.8521,2.1081],[117.2581,-0.8506,4.2652],[117.2585,-0.8493,6.5207]]],
[[[117.2589,-0.8539,10.0906],[117.2569,-0.8531,6.2491],[117.2557,-0.8561,5.5517],[117.2551,-0.8804,0.0],[117.256,-0.8844,16.8159],[117.2617,-0.8862,8.8824],[117.263,-0.8846,8.8824],[117.2633,-0.8665,3.0095],[117.2613,-0.8576,12.8319],[117.2589,-0.8539,10.0906]]],
[[[117.2585,-0.8533,10.0906],[117.2609,-0.8554,8.7603],[117.2595,-0.8503,1.81],[117.2576,-0.8525,9.2531],[117.2585,-0.8533,10.0906]]],
[[[117.2557,-0.8445,9.7228],[117.2561,-0.8462,4.3732],[117.259,-0.8456,2.1934],[117.2583,-0.8428,1.5068],[117.2557,-0.8445,9.7228]]],
[[[117.4957,-0.7943,2.6593],[117.4967,-0.7961,9.4479],[117.4989,-0.7969,2.7136],[117.494,-0.7909,8.5933],[117.4957,-0.7943,2.6593]]],
[[[117.4265,-0.8697,0.5866],[117.4259,-0.8711,6.2868],[117.4256,-0.8708,6.2868],[117.4256,-0.8699,6.2868],[117.4267,-0.8689,4.4343],[117.4247,-0.8677,3.306],[117.4245,-0.8664,3.306],[117.4264,-0.8635,1.1694],[117.4254,-0.8623,0.6927],[117.416,-0.8711,1.463],[117.4225,-0.8749,0.1549],[117.4248,-0.8864,0.0],[117.4288,-0.8878,2.0562],[117.4309,-0.8906,6.279],[117.4352,-0.8911,6.517],[117.4345,-0.8853,0.8905],[117.4363,-0.884,0.0],[117.434,-0.8801,1.5471],[117.4331,-0.8759,1.6625],[117.4354,-0.8713,4.1643],[117.4331,-0.8703,2.2407],[117.4322,-0.8673,0.8268],[117.4299,-0.8709,1.4591],[117.4282,-0.8713,0.5],[117.4287,-0.8727,2.0147],[117.4279,-0.8714,0.5],[117.4284,-0.8708,1.4591],[117.4299,-0.8707,1.4591],[117.4295,-0.8696,1.4591],[117.43,-0.8687,3.1264],[117.4265,-0.8697,0.5866]]],
[[[117.4097,-0.8684,3.2075],[117.4095,-0.868,1.7413],[117.4092,-0.8688,1.7413],[117.4093,-0.8688,1.7413],[117.4097,-0.8684,3.2075]]],
[[[117.48779999999999,-0.8286,11.3323],[117.4786,-0.8181,8.134],[117.4693,-0.8111,0.0],[117.4701,-0.8174,1.8267],[117.4668,-0.8256,1.3533],[117.4703,-0.8317,2.2188],[117.4819,-0.8393,8.8721],[117.4875,-0.8395,18.5961],[117.4912,-0.8382,6.8116],[117.4932,-0.8356,1.7622],[117.48779999999999,-0.8286,11.3323]]],
[[[117.3817,-0.8315,3.7895],[117.3833,-0.8354,0.0],[117.3809,-0.827,0.8819],[117.381,-0.8292,3.2198],[117.3817,-0.8315,3.7895]]],
[[[117.2773,-0.8105,5.4033],[117.2773,-0.8091,2.5635],[117.2759,-0.8095,1.3446],[117.2771,-0.81,5.4033],[117.2773,-0.8105,5.4033]]],
[[[117.2664803960396,-0.84661089108911,4.191],[117.26653108108106,-0.84664324324323,4.191],[117.2665,-0.8466,4.191],[117.2664803960396,-0.84661089108911,4.191]]],
[[[117.2742,-0.8597,0.0],[117.2726,-0.8519,7.3828],[117.2746,-0.8454,0.0],[117.267,-0.8453,4.4139],[117.2685,-0.8479,9.2945],[117.26653108108106,-0.84664324324323,4.191],[117.2688,-0.8498,0.765],[117.2686,-0.8563,9.279],[117.2655,-0.8571,3.3446],[117.2649,-0.8588,1.0934],[117.267,-0.8665,3.072],[117.2667,-0.881,4.8856],[117.2687,-0.8848,0.0],[117.2755,-0.8878,5.9278],[117.2772,-0.8834,2.7961],[117.2742,-0.8597,0.0]]],
[[[117.2664803960396,-0.84661089108911,4.191],[117.2638,-0.8449,4.7975],[117.2741,-0.8449,0.0],[117.2777,-0.8376,9.3064],[117.2848,-0.8287,0.0],[117.2846,-0.8243,0.0],[117.2783,-0.8177,3.1955],[117.2775,-0.8113,5.1694],[117.2751,-0.8095,1.3446],[117.2672,-0.8125,0.9223],[117.2635,-0.8215,0.0],[117.2629,-0.8289,0.0],[117.2708,-0.8254,7.6521],[117.2793,-0.8316,10.2914],[117.2769,-0.8303,9.9595],[117.2691,-0.8422,3.8626],[117.2719,-0.8356,9.2714],[117.2766,-0.8301,9.9595],[117.2709,-0.8259,7.6521],[117.2681,-0.8292,7.4501],[117.266,-0.8284,4.33],[117.2641,-0.8306,10.5948],[117.2629,-0.8304,0.0],[117.2621,-0.8386,0.0],[117.2624,-0.8399,0.0],[117.2636,-0.8394,7.464],[117.2623,-0.841,0.0],[117.2641,-0.8562,4.4505],[117.2684,-0.8549,0.4834],[117.2684,-0.8502,0.765],[117.2656,-0.8471,4.3236],[117.2664803960396,-0.84661089108911,4.191]]],
[[[117.2693,-0.8098,0.0],[117.2758,-0.8082,1.3446],[117.2769,-0.8034,4.3899],[117.2658,-0.8101,0.0],[117.2693,-0.8098,0.0]]],
[[[117.478,-0.8149,8.2555],[117.4809,-0.8166,2.4256],[117.4828,-0.8152,15.4759],[117.4778,-0.8075,0.0],[117.4692,-0.8027,0.0],[117.4715,-0.809,13.6452],[117.478,-0.8149,8.2555]]],
[[[117.3488,-0.7693,5.0453],[117.3429,-0.7676,0.0],[117.3466,-0.7746,0.9583],[117.3535,-0.782,0.0],[117.3534,-0.7775,3.7859],[117.3488,-0.7693,5.0453]]],
[[[117.4657,-0.7574,1.4373],[117.4639,-0.75,1.671],[117.4613,-0.7474,1.5506],[117.4422,-0.7416,2.9732],[117.4372,-0.7462,0.0],[117.438,-0.7517,0.0],[117.441,-0.7555,2.5643],[117.4528,-0.7651,0.0],[117.4557,-0.7637,5.3069],[117.4553,-0.7655,3.3318],[117.4544,-0.7664,0.0],[117.4684,-0.7857,1.5011],[117.4841,-0.8001,2.7213],[117.4912,-0.8025,5.4036],[117.4931,-0.7962,0.0],[117.4873,-0.7872,0.0],[117.4822,-0.7724,0.8997],[117.4721,-0.7671,2.5399],[117.4691,-0.7681,6.5876],[117.471,-0.7669,6.3577],[117.4662,-0.7629,3.4526],[117.4658,-0.758,0.0],[117.464,-0.7576,5.4001],[117.4657,-0.7574,1.4373]]],
[[[117.3764,-0.7692,3.0688],[117.3775,-0.7679,11.1033],[117.3771,-0.7675,11.1033],[117.3749,-0.7691,3.0688],[117.3764,-0.7692,3.0688]]],
[[[117.455,-0.7654,3.3318],[117.455,-0.765,3.3318],[117.4544,-0.7655,1.9229],[117.4546,-0.7656,1.9229],[117.455,-0.7654,3.3318]]],
[[[117.4372,-0.7414,1.7612],[117.4386,-0.7441,6.9557],[117.44,-0.7424,11.6758],[117.4395,-0.739,2.2506],[117.439,-0.7391,2.2506],[117.4372,-0.7414,1.7612]]],
[[[117.3953,-0.7518,0.5],[117.3951,-0.7515,1.2305],[117.3948,-0.7518,1.2305],[117.3949,-0.7521,1.2305],[117.3953,-0.7518,0.5]]],
[[[117.3218,-0.8915,0.0],[117.325,-0.8935,0.0],[117.3251,-0.8981,0.0],[117.3293,-0.9056,0.0],[117.3369,-0.9112,8.1214],[117.3435,-0.9139,0.0],[117.3491,-0.9089,0.0],[117.3585,-0.8957,1.0249],[117.3566,-0.8875,0.7617],[117.3578,-0.8811,1.1491],[117.3621,-0.8812,0.125],[117.3626,-0.8886,9.8317],[117.3694,-0.8901,7.6793],[117.3751,-0.8894,2.5239],[117.3877,-0.8826,0.4047],[117.393,-0.8769,1.843],[117.3902,-0.8671,0.2926],[117.3864,-0.8604,1.7143],[117.3761,-0.848,0.851],[117.3746,-0.8479,0.0],[117.3726,-0.8413,0.0],[117.3734,-0.8336,0.0],[117.3702,-0.8251,2.8109],[117.3624,-0.8152,1.1888],[117.3606,-0.8142,1.0619],[117.3596,-0.8161,2.9317],[117.3553,-0.813,9.5547],[117.347,-0.8032,8.8049],[117.3455,-0.7976,10.5172],[117.3476,-0.8031,8.8049],[117.3543,-0.8111,4.4269],[117.3601,-0.814,5.3776],[117.3494,-0.7891,8.9311],[117.3375,-0.7771,10.1187],[117.3364,-0.773,6.3415],[117.3289,-0.7665,7.0907],[117.3289,-0.7504,5.7014],[117.3209,-0.7288,9.9477],[117.3174,-0.692,0.0],[117.3151,-0.6861,0.7499],[117.3077,-0.6762,0.0],[117.298,-0.7002,0.0],[117.2952,-0.7172,1.6708],[117.2909,-0.7282,4.4577],[117.2912,-0.7491,5.364],[117.2978,-0.7703,0.0],[117.2962,-0.7765,1.8013],[117.2909,-0.7829,5.6669],[117.2917,-0.7977,4.6814],[117.2932,-0.8003,1.2692],[117.2984,-0.802,0.0],[117.3004,-0.8056,1.4515],[117.301,-0.8169,8.991],[117.3061,-0.8345,0.0],[117.3127,-0.8365,2.8266],[117.3167,-0.8341,11.2487],[117.3277,-0.8337,2.8157],[117.337,-0.8372,2.7667],[117.3427,-0.834,3.4912],[117.3428,-0.8304,2.6457],[117.338,-0.8224,0.0],[117.3269,-0.8086,2.7513],[117.3174,-0.803,0.745],[117.3144,-0.7964,1.7607],[117.3154,-0.7926,2.3341],[117.3229,-0.7865,7.3307],[117.316,-0.7827,1.5385],[117.3141,-0.7769,8.4016],[117.3152,-0.773,2.5476],[117.3201,-0.7695,0.0],[117.3156,-0.765,6.5611],[117.3142,-0.7612,6.5633],[117.3144,-0.75,6.1411],[117.3189,-0.75,1.1056],[117.3176,-0.7625,10.7182],[117.3233,-0.7668,4.2426],[117.3216,-0.7743,3.1531],[117.3244,-0.7738,5.357],[117.3257,-0.7745,5.6463],[117.3253,-0.7735,5.357],[117.3259,-0.7728,7.1269],[117.3271,-0.774,5.6463],[117.3269,-0.7743,5.6463],[117.326,-0.7741,5.6463],[117.3258,-0.7732,5.6463],[117.3255,-0.7735,5.6463],[117.3259,-0.7747,2.2388],[117.3244,-0.7746,8.933],[117.3264,-0.7763,3.0519],[117.3253,-0.7761,8.933],[117.3241,-0.7743,5.357],[117.3211,-0.7753,0.0],[117.3193,-0.7795,9.5312],[117.3255,-0.781,6.3523],[117.3274,-0.7846,9.1118],[117.3269,-0.7881,4.3206],[117.3198,-0.7986,5.0721],[117.3404,-0.8097,0.0],[117.3431,-0.8131,0.0],[117.3472,-0.8243,1.9889],[117.3475,-0.8328,0.0],[117.343,-0.8393,0.0],[117.3163,-0.8491,0.0],[117.3108,-0.8557,0.0],[117.3149,-0.8782,0.0],[117.3187,-0.8818,0.0],[117.319,-0.8866,1.42],[117.3218,-0.8915,0.0]]],
[[[117.3961,-0.7473,0.0],[117.3904,-0.7394,3.2802],[117.3807,-0.7403,0.0],[117.3803,-0.7479,0.6892],[117.3754,-0.7548,0.0],[117.3811,-0.7576,1.0914],[117.3841,-0.757,2.6561],[117.387,-0.7608,0.5808],[117.3875,-0.7654,1.0],[117.3854,-0.7693,0.25],[117.3865,-0.7717,0.375],[117.3928,-0.7698,0.3602],[117.3921,-0.7669,1.2941],[117.3941,-0.7631,3.8897],[117.3918,-0.7628,0.7937],[117.3907,-0.7605,0.5],[117.3952,-0.7569,0.5],[117.3941,-0.7503,1.0319],[117.3898,-0.7519,0.9929],[117.3887,-0.7512,0.566],[117.3888,-0.7498,0.566],[117.3898,-0.7514,0.9929],[117.3927,-0.7498,1.0205],[117.3907,-0.7458,1.9409],[117.3956,-0.7516,0.5],[117.3952,-0.7583,1.0175],[117.3914,-0.7607,1.4171],[117.3952,-0.7633,3.8897],[117.3955,-0.7667,0.5905],[117.3942,-0.7652,0.5873],[117.3928,-0.7676,1.2941],[117.396,-0.7697,1.4427],[117.3962,-0.7723,0.0],[117.3938,-0.7734,1.4165],[117.3942,-0.7722,1.6699],[117.3958,-0.7721,0.0],[117.3949,-0.7697,0.25],[117.3881,-0.7723,0.375],[117.3855,-0.7717,0.375],[117.3847,-0.7689,0.5],[117.3866,-0.762,0.5],[117.3821,-0.7579,1.0914],[117.382,-0.7675,0.4996],[117.3736,-0.7778,4.0908],[117.3764,-0.7791,5.5495],[117.3849,-0.7744,0.5],[117.3921,-0.7765,0.0],[117.4104,-0.8184,1.7942],[117.4135,-0.8325,0.0],[117.4157,-0.8365,0.0],[117.4272,-0.8314,0.0],[117.4271,-0.8296,19.5552],[117.4395,-0.8167,5.6092],[117.4399,-0.8143,2.0042],[117.4351,-0.8045,0.0],[117.4327,-0.7953,0.0],[117.4284,-0.8013,0.8147],[117.4238,-0.7978,0.5],[117.4248,-0.7944,1.5792],[117.4232,-0.7931,2.9784],[117.4205,-0.7935,2.649],[117.4191,-0.7961,1.0333],[117.4219,-0.8002,1.4353],[117.4219,-0.8072,0.5],[117.4245,-0.8091,6.8552],[117.4232,-0.8106,6.7814],[117.4259,-0.8114,7.4606],[117.4255,-0.8128,7.4606],[117.4229,-0.8108,6.7814],[117.4231,-0.8101,6.7814],[117.4243,-0.8092,6.8552],[117.4228,-0.8093,8.708],[117.4225,-0.8078,7.067],[117.4215,-0.81,0.375],[117.4234,-0.8132,1.9228],[117.4226,-0.8152,0.5],[117.4189,-0.8154,3.181],[117.4186,-0.8078,1.4568],[117.4162,-0.8084,5.5783],[117.4167,-0.8106,1.6585],[117.4157,-0.8108,2.4213],[117.4143,-0.8102,2.4213],[117.4134,-0.8116,0.0],[117.4137,-0.8097,2.0746],[117.4161,-0.8105,1.6585],[117.4159,-0.8082,5.5783],[117.4175,-0.8074,6.6636],[117.4189,-0.8077,1.4568],[117.4199,-0.811,0.375],[117.4195,-0.8139,0.5443],[117.4226,-0.8148,0.5],[117.421,-0.8103,0.375],[117.4213,-0.8002,1.4353],[117.4186,-0.7956,1.0333],[117.4211,-0.7927,1.4609],[117.4243,-0.7931,1.5792],[117.4255,-0.7949,0.8708],[117.4244,-0.7976,1.12],[117.4266,-0.7982,0.8079],[117.4284,-0.8004,1.9145],[117.4322,-0.7934,0.4675],[117.4312,-0.793,0.4675],[117.4326,-0.7929,0.0],[117.4332,-0.7883,0.0],[117.4322,-0.7867,7.0479],[117.4258,-0.7859,0.0],[117.4141,-0.7881,1.8273],[117.4092,-0.7858,1.272],[117.4021,-0.7676,1.2193],[117.4005,-0.7563,0.375],[117.3961,-0.7473,0.0]]],
[[[117.4472,-0.7877,0.5556],[117.4317,-0.7721,1.6354],[117.4098,-0.755,1.7694],[117.4054,-0.7536,0.0],[117.4048,-0.7672,0.0],[117.4116,-0.7842,0.0],[117.415,-0.7858,1.9401],[117.4192,-0.7821,0.9371],[117.4248,-0.7802,0.0],[117.4314,-0.7818,0.25],[117.4359,-0.7868,0.0],[117.4427,-0.8044,17.3516],[117.4451,-0.806,5.1593],[117.4463,-0.8045,12.1754],[117.4493,-0.8043,0.9683],[117.4508,-0.8009,0.6736],[117.4496,-0.7989,0.8534],[117.4508,-0.8,0.6736],[117.4514,-0.8015,6.0052],[117.4496,-0.8047,0.5],[117.4463,-0.8054,5.1593],[117.4543,-0.8112,6.3623],[117.4642,-0.8218,0.0],[117.4677,-0.8174,0.0],[117.4658,-0.8078,0.0],[117.4472,-0.7877,0.5556]]],
[[[117.4788,-0.7473,1.077],[117.4755,-0.7455,2.9396],[117.4709,-0.7462,3.4866],[117.4639,-0.7429,0.5974],[117.4624,-0.7442,1.7944],[117.469,-0.7631,1.0778],[117.4824,-0.7704,1.4598],[117.4817,-0.7657,3.1413],[117.4792,-0.7633,7.3628],[117.4814,-0.7608,9.117],[117.4795,-0.7595,11.0681],[117.4806,-0.757,9.6574],[117.4787,-0.7551,8.5909],[117.4799,-0.7553,6.4825],[117.4809,-0.7573,9.6574],[117.4799,-0.7594,7.4107],[117.4812,-0.7601,9.117],[117.4824,-0.7626,9.7023],[117.4838,-0.7622,8.9395],[117.4836,-0.7628,9.7023],[117.4825,-0.7629,9.7023],[117.482,-0.7626,9.7023],[117.4814,-0.7616,9.005],[117.4795,-0.7634,7.3628],[117.4818,-0.7652,7.5447],[117.4833,-0.7693,8.5085],[117.4828,-0.7714,0.8997],[117.4893,-0.7852,0.0],[117.4928,-0.7913,0.0],[117.4942,-0.7907,10.1452],[117.4991,-0.7944,8.1145],[117.4997,-0.7969,2.7136],[117.5087,-0.8073,0.0],[117.5144,-0.8111,0.0],[117.5199,-0.8124,3.7851],[117.5243,-0.81,4.5078],[117.5235,-0.8071,0.5],[117.5303,-0.812,19.3982],[117.5472,-0.8018,5.7665],[117.5498,-0.7949,3.4352],[117.5485,-0.7916,6.977],[117.5348,-0.7875,2.2488],[117.5154,-0.7772,0.0],[117.507,-0.7756,1.677],[117.5171,-0.7647,1.0975],[117.5144,-0.7602,0.25],[117.5026,-0.7569,1.2378],[117.5013,-0.7513,0.5],[117.497,-0.7493,3.1352],[117.4834,-0.7507,3.272],[117.4788,-0.7473,1.077]]],
[[[117.3288,-0.7399,1.2669],[117.3308,-0.7467,0.0],[117.3317,-0.7373,3.8825],[117.3274,-0.7263,1.514],[117.3263,-0.7302,11.6185],[117.3288,-0.7399,1.2669]]],
[[[117.4382,-0.7392,4.6424],[117.4374,-0.7395,4.6424],[117.4371,-0.7403,1.7357],[117.4378,-0.7401,1.7357],[117.4382,-0.7392,4.6424]]],
[[[117.4354,-0.7376,3.1579],[117.4363,-0.7392,0.0],[117.4369,-0.7394,4.6424],[117.4374,-0.7368,9.9232],[117.4354,-0.7376,3.1579]]],
[[[117.3259,-0.7257,1.0151],[117.3256,-0.7266,8.0078],[117.3256,-0.7293,11.7311],[117.3263,-0.7265,8.0078],[117.3259,-0.7257,1.0151]]],
[[[117.3588,-0.655,0.0],[117.3624,-0.6578,0.0],[117.3632,-0.658,0.0],[117.3614,-0.6554,1.7061],[117.3588,-0.655,0.0]]],
[[[117.519,-0.7015,2.1022],[117.5172,-0.6968,2.1384],[117.5139,-0.6951,0.0],[117.5,-0.698,0.0],[117.4971,-0.7011,0.0],[117.4977,-0.7026,0.0],[117.5046,-0.7051,3.8051],[117.519,-0.7015,2.1022]]],
[[[117.4163,-0.7103,0.75],[117.3971,-0.6986,7.723],[117.3868,-0.6948,0.0],[117.3859,-0.7012,0.0],[117.3801,-0.7086,4.7575],[117.3792,-0.7132,8.7322],[117.3824,-0.7202,1.985],[117.3956,-0.7323,8.5343],[117.3995,-0.7338,5.348],[117.4185,-0.7562,1.6282],[117.4362,-0.7672,0.5521],[117.451,-0.7815,0.3797],[117.4583,-0.7842,1.3355],[117.4584,-0.778,2.704],[117.455,-0.772,2.167],[117.4363,-0.7533,1.9422],[117.4333,-0.739,0.625],[117.4224,-0.7403,2.334],[117.4172,-0.7366,6.4517],[117.416,-0.7388,6.4537],[117.4193,-0.7447,3.1774],[117.421,-0.7437,5.7589],[117.423,-0.7445,4.9378],[117.4235,-0.747,0.7543],[117.4294,-0.7471,3.5531],[117.4292,-0.7497,1.5023],[117.4281,-0.75,2.05],[117.4287,-0.7479,3.5531],[117.4235,-0.7477,0.7543],[117.4211,-0.7448,1.7647],[117.4184,-0.746,3.1774],[117.4157,-0.7391,1.6956],[117.4157,-0.7375,2.3342],[117.4205,-0.7312,2.5025],[117.4112,-0.7275,4.5492],[117.4107,-0.7291,6.2283],[117.4129,-0.7323,4.4924],[117.4104,-0.7322,4.0604],[117.4087,-0.734,4.6704],[117.4086,-0.7329,2.586],[117.4105,-0.7315,4.0604],[117.4124,-0.7321,4.4924],[117.41,-0.7285,6.2283],[117.4128,-0.7243,0.0],[117.4089,-0.726,0.0],[117.4038,-0.7234,0.8614],[117.402,-0.7245,5.5499],[117.4016,-0.7168,0.0],[117.3965,-0.7135,2.7125],[117.3965,-0.7152,2.7336],[117.3928,-0.7182,3.2672],[117.3928,-0.7165,2.6484],[117.3949,-0.7149,1.3219],[117.3963,-0.7148,2.7336],[117.3962,-0.7132,2.7125],[117.3984,-0.7146,2.5371],[117.3983,-0.7131,1.033],[117.3964,-0.7123,0.0],[117.388,-0.7152,2.7907],[117.3892,-0.7133,2.3569],[117.3914,-0.7125,2.6714],[117.3883,-0.7105,4.0138],[117.3909,-0.7106,3.5974],[117.3945,-0.7126,2.1776],[117.3972,-0.7118,0.0],[117.392,-0.7079,2.1588],[117.3915,-0.705,2.7605],[117.3905,-0.7061,1.9546],[117.3873,-0.7066,0.5],[117.3881,-0.7053,2.0821],[117.3903,-0.7055,1.9546],[117.3912,-0.7032,6.6498],[117.3896,-0.7024,4.2007],[117.3907,-0.7021,4.2007],[117.3918,-0.7028,1.0],[117.3914,-0.7044,6.6498],[117.3926,-0.7039,6.6498],[117.3924,-0.7074,2.1588],[117.3957,-0.7078,6.369],[117.3948,-0.7067,1.8962],[117.3969,-0.706,6.0442],[117.3955,-0.7102,5.1856],[117.3994,-0.713,1.7804],[117.4002,-0.7113,4.906],[117.4048,-0.7098,6.0921],[117.4047,-0.711,6.0921],[117.4005,-0.7119,4.906],[117.4033,-0.7161,2.3621],[117.4047,-0.7152,6.9232],[117.4034,-0.7165,0.0],[117.4021,-0.7152,2.3621],[117.4032,-0.7218,5.4029],[117.4093,-0.7249,0.0],[117.4113,-0.7208,1.5662],[117.4112,-0.7229,3.1682],[117.413,-0.7221,2.1768],[117.4158,-0.7247,4.1132],[117.4147,-0.7272,3.1732],[117.419,-0.728,1.4323],[117.4226,-0.731,4.7714],[117.4244,-0.7305,2.7964],[117.4222,-0.7315,1.0],[117.4229,-0.7383,0.4513],[117.435,-0.7363,3.1579],[117.4365,-0.7329,0.0],[117.4305,-0.7232,1.4486],[117.4163,-0.7103,0.75]]],
[[[117.452,-0.6815,8.5224],[117.4544,-0.6804,3.0064],[117.4514,-0.6758,0.0],[117.4354,-0.6627,0.0],[117.4311,-0.6775,2.3756],[117.4264,-0.6827,1.1991],[117.4207,-0.6834,1.3672],[117.4138,-0.6775,0.0],[117.4087,-0.6775,2.4212],[117.4146,-0.6858,1.846],[117.4156,-0.6935,2.4112],[117.4119,-0.6975,0.729],[117.4058,-0.6952,6.9763],[117.4039,-0.6968,9.9016],[117.4057,-0.7014,1.9518],[117.422,-0.7088,0.0],[117.4358,-0.7261,1.9221],[117.4431,-0.7381,3.197],[117.4479,-0.7417,0.0],[117.4518,-0.7419,1.982],[117.4579,-0.7451,0.0],[117.4641,-0.7423,0.5974],[117.4712,-0.7455,3.4866],[117.4765,-0.7448,2.4984],[117.483,-0.7497,3.272],[117.4944,-0.7482,2.0886],[117.5013,-0.7503,0.375],[117.5026,-0.7438,0.25],[117.5012,-0.741,0.0],[117.4984,-0.7398,5.5942],[117.4971,-0.7415,6.021],[117.4988,-0.7428,4.5509],[117.4957,-0.7458,7.7461],[117.4972,-0.7398,5.1417],[117.4955,-0.7389,3.4971],[117.493,-0.7433,5.2882],[117.4948,-0.7394,3.4971],[117.4911,-0.7408,1.3599],[117.4944,-0.7383,3.4971],[117.4971,-0.7392,7.6556],[117.4988,-0.7378,1.3695],[117.4894,-0.7315,0.5],[117.4855,-0.7319,0.125],[117.4815,-0.7371,0.0],[117.4839,-0.7382,1.3819],[117.4872,-0.7429,7.2731],[117.4859,-0.7422,7.2731],[117.4834,-0.7385,0.25],[117.4793,-0.742,6.2749],[117.4811,-0.7383,2.453],[117.4788,-0.7401,5.0906],[117.4744,-0.7421,3.1668],[117.4729,-0.7419,3.5713],[117.4788,-0.7397,5.0906],[117.4802,-0.7377,0.0],[117.4775,-0.7369,4.653],[117.4806,-0.7367,0.0],[117.4834,-0.734,1.5422],[117.4798,-0.733,1.5562],[117.4809,-0.732,2.6858],[117.4781,-0.7294,7.1473],[117.4841,-0.7318,0.125],[117.4846,-0.7298,1.6454],[117.4802,-0.7271,3.981],[117.4803,-0.7245,1.1779],[117.4808,-0.7252,2.3791],[117.4805,-0.7267,3.981],[117.4828,-0.7272,0.9435],[117.4842,-0.7242,1.5899],[117.4833,-0.7229,1.63],[117.4844,-0.7234,1.5899],[117.4844,-0.7248,0.5],[117.4833,-0.7274,0.9435],[117.4864,-0.73,0.0],[117.4875,-0.7255,1.476],[117.4862,-0.7243,7.0687],[117.4866,-0.7201,2.5202],[117.4881,-0.7255,3.4083],[117.48779999999999,-0.7299,0.0],[117.4917,-0.7309,0.25],[117.4916,-0.7274,0.916],[117.4932,-0.7258,6.4505],[117.493,-0.7275,9.2681],[117.492,-0.7275,9.2681],[117.4928,-0.7315,0.5903],[117.4947,-0.7293,0.5],[117.4943,-0.7326,1.4701],[117.499,-0.7352,0.0],[117.4986,-0.7327,0.8587],[117.5011,-0.732,0.6297],[117.5042,-0.7374,2.4654],[117.5043,-0.7464,0.6506],[117.5027,-0.7494,1.2002],[117.5038,-0.7554,0.5],[117.5122,-0.7558,0.5],[117.5179,-0.7614,3.8859],[117.5185,-0.7655,1.0975],[117.5148,-0.7708,1.0],[117.5162,-0.7736,0.0],[117.5267,-0.7753,8.1373],[117.5479,-0.7836,3.8533],[117.5585,-0.7808,2.844],[117.5751,-0.7833,0.0],[117.5875,-0.7801,1.3851],[117.5902,-0.7816,1.0018],[117.6025,-0.7724,0.7959],[117.6057,-0.7682,0.5],[117.606,-0.7477,1.44],[117.6074,-0.7403,1.2432],[117.604,-0.7288,2.606],[117.5993,-0.7236,0.0],[117.5861,-0.726,0.0],[117.5785,-0.7232,0.0],[117.575,-0.7249,0.0],[117.568,-0.7219,0.0],[117.5611,-0.7231,0.0],[117.5556,-0.7217,0.0],[117.554,-0.7239,0.0],[117.5525,-0.7223,0.0],[117.549,-0.722,0.0],[117.5383,-0.7234,0.0],[117.5274,-0.7295,0.0],[117.5326,-0.7406,0.8759],[117.5367,-0.7416,1.0484],[117.5359,-0.7422,1.0484],[117.5324,-0.7413,0.5],[117.5271,-0.7306,0.0],[117.5194,-0.7326,0.0],[117.5226,-0.7365,2.4349],[117.5219,-0.7431,1.7728],[117.5243,-0.7465,0.5],[117.5211,-0.7444,1.7728],[117.5207,-0.7347,0.0],[117.5074,-0.7327,1.7411],[117.4925,-0.7191,0.0],[117.4889,-0.7141,2.383],[117.4796,-0.7095,0.0],[117.4734,-0.7112,0.7621],[117.4656,-0.7078,0.0],[117.4716,-0.7134,1.3071],[117.4709,-0.7157,1.8737],[117.4684,-0.715,2.3843],[117.4709,-0.7177,1.0194],[117.4721,-0.718,2.0311],[117.4737,-0.7158,1.7626],[117.4766,-0.7151,2.1876],[117.4765,-0.7166,1.5029],[117.4788,-0.7165,3.511],[117.4769,-0.7173,1.5029],[117.4739,-0.7163,2.3128],[117.4725,-0.7186,2.0311],[117.4666,-0.7196,2.0998],[117.4712,-0.7245,1.0461],[117.4762,-0.7334,1.1734],[117.4759,-0.7344,1.1734],[117.4736,-0.7343,2.176],[117.4722,-0.733,1.1857],[117.4703,-0.7342,1.952],[117.4721,-0.7325,0.8664],[117.4739,-0.7341,2.176],[117.4757,-0.7336,1.1734],[117.4712,-0.725,1.474],[117.4686,-0.7235,1.6991],[117.4665,-0.7292,2.6204],[117.4668,-0.7241,2.4268],[117.4652,-0.7232,0.9727],[117.4612,-0.7291,0.6295],[117.4618,-0.7267,1.0231],[117.4656,-0.7221,6.0661],[117.4637,-0.7193,2.5219],[117.4677,-0.7231,1.6991],[117.4659,-0.7195,0.7779],[117.4671,-0.7181,0.7779],[117.4694,-0.7183,0.125],[117.4677,-0.7144,0.5888],[117.4706,-0.7141,0.4777],[117.4654,-0.7091,5.6812],[117.464,-0.7035,0.0],[117.4558,-0.7028,0.0],[117.4545,-0.705,0.5],[117.4542,-0.7036,0.25],[117.4477,-0.7041,0.0],[117.4465,-0.7068,1.4058],[117.452,-0.7082,1.5975],[117.4521,-0.7114,0.8205],[117.4538,-0.7115,3.8751],[117.4555,-0.7137,2.5321],[117.4545,-0.7144,3.6633],[117.4532,-0.7137,3.6633],[117.4538,-0.712,3.8751],[117.4518,-0.7119,0.8205],[117.4518,-0.7086,1.5975],[117.4478,-0.7087,1.1213],[117.4425,-0.706,0.125],[117.4413,-0.7068,1.0339],[117.4418,-0.711,1.0756],[117.4457,-0.7113,0.25],[117.4474,-0.713,1.573],[117.4459,-0.7176,1.6817],[117.4532,-0.7172,1.3289],[117.453,-0.7214,2.3153],[117.4559,-0.725,3.0859],[117.4538,-0.7236,2.0269],[117.4528,-0.7221,1.4196],[117.4529,-0.7176,1.3289],[117.4494,-0.7184,0.0],[117.4514,-0.7198,2.2691],[117.4527,-0.723,0.0],[117.4518,-0.7249,1.942],[117.4507,-0.7197,0.6348],[117.4461,-0.7188,2.8452],[117.4449,-0.7174,1.6817],[117.4451,-0.7156,1.4708],[117.4468,-0.7127,1.3633],[117.4421,-0.7123,1.9397],[117.4403,-0.7099,0.8607],[117.4373,-0.7112,0.9954],[117.4398,-0.7113,-0.375],[117.441,-0.713,0.5],[117.4381,-0.7148,2.2362],[117.4395,-0.7167,1.9495],[117.4376,-0.7203,1.885],[117.4388,-0.7168,1.9495],[117.4376,-0.7146,2.2362],[117.4402,-0.7132,0.097],[117.4395,-0.7117,-0.375],[117.4375,-0.7132,1.1966],[117.4362,-0.7132,2.0993],[117.4373,-0.7127,2.7469],[117.4367,-0.7114,2.7469],[117.4379,-0.7101,0.9954],[117.4366,-0.7084,0.8293],[117.4351,-0.71,2.2888],[117.436,-0.7076,2.1017],[117.4344,-0.705,1.6198],[117.4306,-0.7072,0.5],[117.4333,-0.7051,2.1876],[117.4315,-0.701,1.156],[117.4305,-0.7022,2.0894],[117.4287,-0.7006,3.4127],[117.4276,-0.7013,2.0548],[117.4283,-0.7032,0.5],[117.4272,-0.7035,3.5486],[117.4278,-0.7057,1.2567],[117.4268,-0.7033,3.5486],[117.4279,-0.7029,2.0548],[117.4272,-0.7009,3.5352],[117.4261,-0.7006,3.9491],[117.4287,-0.6998,3.4127],[117.4308,-0.7018,2.0894],[117.4316,-0.7006,1.156],[117.4329,-0.704,3.4996],[117.4348,-0.7046,1.6198],[117.4387,-0.7093,1.1313],[117.4417,-0.7055,0.125],[117.445,-0.7054,0.125],[117.4472,-0.6982,1.0004],[117.4407,-0.6963,1.3387],[117.44,-0.6979,0.3892],[117.4399,-0.6962,0.0],[117.4421,-0.6964,1.3387],[117.4397,-0.6954,0.0],[117.4365,-0.6958,0.7866],[117.4356,-0.6985,5.9343],[117.4356,-0.6944,1.4767],[117.4283,-0.6962,4.1252],[117.4281,-0.6954,3.1499],[117.4343,-0.6946,4.3],[117.4351,-0.693,1.4767],[117.4326,-0.6918,0.25],[117.432,-0.6895,0.8588],[117.4291,-0.6888,0.0],[117.4267,-0.6908,1.4161],[117.427,-0.6894,2.0815],[117.4255,-0.6889,2.5627],[117.4212,-0.6914,5.9557],[117.4195,-0.696,2.4034],[117.4166,-0.6967,2.038],[117.4178,-0.6952,1.6483],[117.419,-0.6957,2.4034],[117.4204,-0.6914,5.9557],[117.4248,-0.6887,2.5627],[117.4295,-0.6874,1.6514],[117.4285,-0.6862,1.0596],[117.4226,-0.6867,2.84],[117.4261,-0.6847,3.395],[117.4266,-0.6862,1.5069],[117.4298,-0.6859,1.0596],[117.4302,-0.6884,0.0],[117.4327,-0.689,0.2785],[117.438,-0.695,0.7866],[117.4336,-0.68,3.1956],[117.4353,-0.682,1.5045],[117.4358,-0.6801,2.7145],[117.4379,-0.6793,1.6842],[117.4352,-0.6828,1.5045],[117.4371,-0.6849,1.9522],[117.4375,-0.6924,1.631],[117.4395,-0.6944,0.0],[117.4425,-0.6941,5.1743],[117.4402,-0.6913,0.6509],[117.4409,-0.6882,6.0566],[117.4417,-0.692,4.7934],[117.4438,-0.6909,3.8227],[117.4435,-0.6954,0.125],[117.4486,-0.6957,4.587],[117.4472,-0.6948,4.587],[117.4488,-0.6917,0.5],[117.449,-0.6939,0.5],[117.4476,-0.6947,4.587],[117.4494,-0.6958,0.5],[117.4464,-0.6965,0.25],[117.4485,-0.6978,1.4267],[117.4481,-0.7008,0.0],[117.45,-0.7005,3.9005],[117.4508,-0.6979,2.3054],[117.4503,-0.7007,3.9005],[117.448,-0.7022,0.0],[117.4626,-0.7008,0.25],[117.472,-0.7074,0.9478],[117.4637,-0.6951,0.125],[117.4547,-0.6867,3.7395],[117.453,-0.6825,1.6669],[117.4499,-0.6817,3.0929],[117.4472,-0.6848,1.4937],[117.445,-0.6842,2.9087],[117.4464,-0.6833,2.9087],[117.4456,-0.6822,2.3025],[117.4469,-0.6834,3.4386],[117.4455,-0.684,2.9087],[117.4467,-0.6842,2.9087],[117.4481,-0.6816,1.9062],[117.452,-0.6815,8.5224]]],
[[[117.3749,-0.6941,4.4352],[117.3647,-0.696,1.2095],[117.3614,-0.6929,2.1962],[117.3615,-0.6867,4.781],[117.3536,-0.6831,10.1334],[117.3472,-0.6866,4.7439],[117.3482,-0.6928,8.5633],[117.3569,-0.6962,7.1045],[117.3578,-0.7027,3.6034],[117.3596,-0.7035,2.7403],[117.3624,-0.7017,9.7263],[117.3612,-0.7035,4.7281],[117.3653,-0.7061,7.9147],[117.3618,-0.7126,3.5899],[117.3628,-0.7181,0.78],[117.3645,-0.7197,1.5872],[117.368,-0.7195,8.6155],[117.3747,-0.7161,10.5495],[117.3791,-0.6999,2.8936],[117.3782,-0.6943,4.8122],[117.3749,-0.6941,4.4352]]],
[[[117.3563,-0.6551,5.8824],[117.3474,-0.6454,2.6624],[117.338,-0.6381,4.9847],[117.3312,-0.6348,4.6822],[117.3208,-0.6335,2.886],[117.3228,-0.6365,4.2823],[117.3208,-0.6402,4.6808],[117.3236,-0.6413,2.5592],[117.3242,-0.6442,2.1951],[117.3234,-0.6459,2.8248],[117.3203,-0.6477,3.3982],[117.3245,-0.6492,4.6131],[117.3246,-0.6537,4.6885],[117.3273,-0.659,4.2749],[117.3307,-0.6587,4.2862],[117.3343,-0.6556,4.1548],[117.3327,-0.6514,6.7173],[117.3351,-0.6489,10.1326],[117.3317,-0.6458,7.8434],[117.3344,-0.6469,7.0402],[117.3349,-0.6459,7.9211],[117.336,-0.6457,8.8546],[117.337,-0.6466,8.9785],[117.3353,-0.6462,7.9211],[117.3359,-0.6497,12.5955],[117.3334,-0.6518,6.7173],[117.338,-0.6556,7.5826],[117.3386,-0.6609,4.0146],[117.3361,-0.6643,6.175],[117.3297,-0.6658,5.7077],[117.3292,-0.6682,7.1178],[117.3326,-0.6702,3.7169],[117.3395,-0.6706,2.6271],[117.3447,-0.6768,2.2935],[117.3443,-0.673,7.7008],[117.3461,-0.6708,8.6471],[117.3429,-0.6701,9.576],[117.3448,-0.6679,7.415],[117.3438,-0.6651,8.2062],[117.3431,-0.6671,8.7381],[117.3392,-0.6659,8.2859],[117.3427,-0.6617,8.1766],[117.3398,-0.6658,7.3947],[117.343,-0.6667,8.7381],[117.343,-0.6644,8.9638],[117.3438,-0.6646,8.2062],[117.3452,-0.6678,7.415],[117.3435,-0.6702,9.576],[117.3466,-0.6707,8.6471],[117.345,-0.673,7.7008],[117.3453,-0.6765,2.2935],[117.3626,-0.6864,9.165],[117.3636,-0.694,9.1174],[117.3671,-0.695,1.0654],[117.3786,-0.6926,5.7705],[117.3787,-0.6874,7.8375],[117.3712,-0.6869,8.5014],[117.3671,-0.6809,4.104],[117.3619,-0.6775,3.4582],[117.3584,-0.6772,6.4896],[117.3566,-0.6745,7.0823],[117.3566,-0.6705,5.5926],[117.3509,-0.661,9.6968],[117.353,-0.662,7.4907],[117.3574,-0.6706,5.5926],[117.3569,-0.6741,7.0823],[117.3588,-0.6767,6.4896],[117.3625,-0.6769,10.303],[117.3693,-0.6823,5.582],[117.3715,-0.6864,8.5014],[117.378,-0.6866,7.8375],[117.3792,-0.6876,0.0],[117.3815,-0.7043,2.3431],[117.3836,-0.6945,1.4352],[117.3725,-0.6712,3.8469],[117.3672,-0.6631,10.1996],[117.3563,-0.6551,5.8824]]],
[[[117.3992,-0.6869,5.3519],[117.3947,-0.6882,8.5008],[117.3882,-0.6824,1.1605],[117.3846,-0.6818,0.0],[117.3876,-0.6923,7.3878],[117.4047,-0.7009,3.2902],[117.4035,-0.696,9.3758],[117.405,-0.695,10.2048],[117.4079,-0.6952,1.0332],[117.4034,-0.6882,10.658],[117.3992,-0.6869,5.3519]]],
[[[117.5055,-0.6064,0.25],[117.5,-0.6139,4.2796],[117.4968,-0.6137,2.9558],[117.4935,-0.6112,3.7707],[117.4921,-0.6033,0.5],[117.4893,-0.6018,5.9128],[117.4874,-0.6037,5.9851],[117.4862,-0.6107,3.5834],[117.4759,-0.6201,2.4965],[117.4702,-0.62,1.8602],[117.471,-0.6232,0.0],[117.491,-0.625,0.0],[117.4962,-0.6227,3.4394],[117.4993,-0.6233,0.0],[117.4998,-0.6218,5.6784],[117.5023,-0.6375,8.5903],[117.5086,-0.6373,3.9586],[117.5149,-0.6407,0.0],[117.5203,-0.6385,4.4058],[117.5228,-0.6404,2.228],[117.5265,-0.6368,9.0208],[117.524,-0.641,1.5205],[117.5197,-0.6399,2.3622],[117.5158,-0.643,3.7004],[117.5196,-0.6495,0.0],[117.5236,-0.6515,0.0],[117.5315,-0.6525,0.5],[117.5475,-0.6511,1.8273],[117.5538,-0.6494,0.5],[117.5581,-0.6461,5.23],[117.5675,-0.6261,2.6964],[117.5662,-0.6187,0.0],[117.5599,-0.616,0.0],[117.541,-0.6147,4.9724],[117.5148,-0.6075,0.0],[117.5055,-0.6064,0.25]]],
[[[117.3703,-0.6465,9.9332],[117.3686,-0.6527,3.3475],[117.3664,-0.6533,8.5744],[117.3624,-0.6522,3.9523],[117.3598,-0.6471,5.8717],[117.3608,-0.6462,8.1603],[117.3662,-0.6456,5.5325],[117.367,-0.6441,1.8793],[117.3563,-0.6409,1.3359],[117.3487,-0.6292,3.3671],[117.3451,-0.6275,4.4443],[117.3427,-0.6285,1.5747],[117.3476,-0.6334,2.3222],[117.358,-0.6491,0.0],[117.3811,-0.6753,4.6988],[117.394,-0.6861,2.2865],[117.4027,-0.6869,1.5485],[117.4116,-0.6963,1.8115],[117.414,-0.6931,2.4112],[117.4139,-0.6894,1.9513],[117.4068,-0.6784,3.318],[117.4081,-0.6761,2.0443],[117.4154,-0.6763,0.0],[117.4187,-0.669,2.1311],[117.4156,-0.664,1.7472],[117.4122,-0.663,2.5089],[117.4093,-0.6678,0.0],[117.4044,-0.6714,5.5165],[117.4037,-0.6749,7.4943],[117.4036,-0.6714,5.5165],[117.3962,-0.6688,3.6498],[117.3944,-0.6768,2.4674],[117.398,-0.6782,5.5178],[117.3981,-0.6796,8.9678],[117.3949,-0.6786,3.4673],[117.3939,-0.677,2.4674],[117.3947,-0.6726,1.3849],[117.3891,-0.6748,1.7466],[117.3874,-0.674,0.5892],[117.3844,-0.664,1.5865],[117.375,-0.6635,4.2485],[117.3719,-0.6601,3.5186],[117.3777,-0.6551,5.2287],[117.3784,-0.6494,4.7804],[117.3779,-0.6557,5.2287],[117.373,-0.6593,3.1116],[117.3729,-0.6611,9.8588],[117.3756,-0.6628,8.4489],[117.3844,-0.663,1.5865],[117.3879,-0.6725,9.1292],[117.393,-0.6717,4.2531],[117.3943,-0.6686,6.8605],[117.3919,-0.6627,4.0106],[117.3946,-0.6589,8.7516],[117.3922,-0.6561,1.9494],[117.3939,-0.6558,1.6759],[117.3999,-0.6609,1.3983],[117.4044,-0.6611,7.1198],[117.4063,-0.659,1.5314],[117.4061,-0.6546,1.094],[117.3964,-0.6504,1.9673],[117.4015,-0.6391,3.602],[117.3942,-0.6346,2.4521],[117.402,-0.6386,3.602],[117.4018,-0.6405,7.1782],[117.4034,-0.6408,7.1782],[117.401,-0.641,2.5293],[117.4012,-0.6438,3.465],[117.397,-0.65,1.9673],[117.4036,-0.6533,1.1363],[117.4088,-0.6538,6.3407],[117.4084,-0.6545,6.3407],[117.4074,-0.6543,5.136],[117.4073,-0.6592,1.5314],[117.404,-0.6619,3.4177],[117.3956,-0.6606,0.7119],[117.393,-0.6646,2.937],[117.4045,-0.6691,1.8173],[117.4118,-0.6611,5.2992],[117.4154,-0.6617,1.1293],[117.4182,-0.6638,3.508],[117.4202,-0.6688,0.7978],[117.4186,-0.6779,4.58],[117.4245,-0.6815,0.0],[117.4263,-0.6804,0.0],[117.4293,-0.6701,1.3657],[117.4291,-0.6674,2.1056],[117.427,-0.6674,3.6018],[117.4291,-0.6668,2.1056],[117.4297,-0.6687,0.375],[117.4327,-0.659,0.0],[117.4314,-0.6575,0.7937],[117.4263,-0.6584,0.3678],[117.4229,-0.6573,0.0],[117.4207,-0.6471,0.5],[117.4144,-0.6491,2.1288],[117.4105,-0.6481,1.1674],[117.41,-0.6463,1.4467],[117.4133,-0.6405,0.5],[117.4118,-0.6387,1.184],[117.395,-0.6305,1.1698],[117.3803,-0.6344,3.6208],[117.3736,-0.631,2.8591],[117.3703,-0.6465,9.9332]]],
[[[117.3917,-0.536,6.8066],[117.3917,-0.5341,7.7039],[117.3907,-0.534,6.3469],[117.3907,-0.5354,6.057],[117.3917,-0.536,6.8066]]],
[[[117.4098,-0.542,1.5376],[117.4093,-0.5491,3.4362],[117.4117,-0.5498,4.9072],[117.4147,-0.5459,5.6504],[117.4126,-0.5409,0.0],[117.4098,-0.542,1.5376]]],
[[[117.4528,-0.4629,4.3588],[117.4552,-0.4528,3.7368],[117.4514,-0.4475,7.1565],[117.4449,-0.4511,0.25],[117.4418,-0.4562,0.949],[117.4368,-0.4571,0.5],[117.4375,-0.4599,1.1713],[117.4402,-0.4611,1.399],[117.4398,-0.4625,1.3516],[117.4367,-0.4644,0.8375],[117.4398,-0.471,4.83],[117.4353,-0.4727,4.5308],[117.4352,-0.4771,2.9535],[117.4305,-0.4772,2.3097],[117.4294,-0.4797,6.192],[117.4373,-0.4838,2.5948],[117.4416,-0.4762,1.7809],[117.4528,-0.4629,4.3588]]],
[[[117.438,-0.4603,1.1713],[117.438,-0.4612,1.1713],[117.4376,-0.4633,0.8375],[117.4398,-0.4619,1.3516],[117.438,-0.4603,1.1713]]],
[[[117.4839,-0.5041,6.2275],[117.4841,-0.5037,6.2275],[117.4836,-0.5038,0.25],[117.4836,-0.504,0.25],[117.4839,-0.5041,6.2275]]],
[[[117.4764,-0.5055,3.7627],[117.4757,-0.5054,3.7627],[117.4755,-0.5064,2.4229],[117.4761,-0.5064,3.4734],[117.4764,-0.5055,3.7627]]],
[[[117.4843,-0.5048,4.7388],[117.4842,-0.5044,6.2275],[117.4838,-0.5045,6.2275],[117.4839,-0.505,4.7388],[117.4843,-0.5048,4.7388]]],
[[[117.4913,-0.5202,1.9351],[117.4898,-0.5215,0.0],[117.4947,-0.5206,3.5228],[117.4981,-0.517,4.4338],[117.4952,-0.5178,0.7657],[117.4913,-0.5202,1.9351]]],
[[[117.5213,-0.5277,4.4909],[117.5239,-0.5315,1.4233],[117.5273,-0.5305,1.0892],[117.5367,-0.5179,1.6045],[117.5362,-0.5136,1.7818],[117.5385,-0.5093,0.0],[117.5382,-0.5066,2.4753],[117.5098,-0.5134,1.2069],[117.4989,-0.5229,0.0],[117.5034,-0.5266,0.6813],[117.5127,-0.5279,3.4928],[117.517,-0.5273,2.6571],[117.5179,-0.5228,1.7804],[117.5188,-0.5279,1.0486],[117.5213,-0.5277,4.4909]]],
[[[117.5579,-0.5079,0.0],[117.5712,-0.5076,5.0545],[117.574,-0.5047,0.0],[117.572,-0.5015,3.6347],[117.5664,-0.4988,2.6515],[117.5609,-0.5016,23.8502],[117.5527,-0.5029,4.9468],[117.5491,-0.5057,4.4813],[117.5542,-0.5089,2.9291],[117.5579,-0.5079,0.0]]],
[[[117.4487,-0.5035,1.6207],[117.4442,-0.5081,0.0],[117.4503,-0.5056,4.2599],[117.4546,-0.5014,8.099],[117.4487,-0.5035,1.6207]]],
[[[117.4995,-0.5158,0.0],[117.4985,-0.5186,1.1465],[117.5081,-0.5106,1.9668],[117.5036,-0.5126,0.0],[117.4995,-0.5158,0.0]]],
[[[117.4795,-0.509,2.8187],[117.4786,-0.5089,2.8187],[117.479,-0.51,5.785],[117.4795,-0.5096,5.785],[117.4795,-0.509,2.8187]]],
[[[117.4798,-0.5083,2.6799],[117.4796,-0.5079,4.6529],[117.4794,-0.508,2.8187],[117.4795,-0.5083,2.8187],[117.4798,-0.5083,2.6799]]],
[[[117.4814,-0.508,2.6799],[117.4804,-0.5076,2.2438],[117.4803,-0.5084,2.6799],[117.4813,-0.5081,2.6799],[117.4814,-0.508,2.6799]]],
[[[117.4796,-0.5072,4.6529],[117.4794,-0.5068,4.6529],[117.4792,-0.5069,4.6529],[117.4792,-0.5072,4.6529],[117.4796,-0.5072,4.6529]]],
[[[117.477,-0.505,3.7627],[117.4768,-0.5051,3.7627],[117.4761,-0.5073,3.4734],[117.4774,-0.5065,3.4734],[117.477,-0.505,3.7627]]],
[[[117.5456,-0.5925,1.0],[117.5454,-0.5923,8.2314],[117.5448,-0.5926,8.2314],[117.5453,-0.5928,8.2314],[117.5456,-0.5925,1.0]]],
[[[117.5233,-0.5868,1.0851],[117.5223,-0.5872,1.0],[117.5225,-0.5875,1.0],[117.5235,-0.587,1.0851],[117.5233,-0.5868,1.0851]]],
[[[117.4932,-0.5969,0.0],[117.4922,-0.5978,0.0],[117.4924,-0.5994,0.0],[117.493,-0.5986,0.0],[117.4932,-0.5969,0.0]]],
[[[117.5184,-0.597,1.0],[117.5188,-0.597,1.0],[117.5187,-0.5957,1.0],[117.5186,-0.5957,1.0],[117.5184,-0.597,1.0]]],
[[[117.5126,-0.5929,1.1878],[117.513,-0.5957,2.9753],[117.5151,-0.5974,2.2062],[117.5133,-0.5953,2.9753],[117.5127,-0.5908,4.3507],[117.5126,-0.5929,1.1878]]],
[[[117.4833,-0.5941,0.0],[117.4838,-0.5944,0.0],[117.4849,-0.5902,0.0],[117.4822,-0.5909,2.4086],[117.4833,-0.5941,0.0]]],
[[[117.519,-0.592,1.0],[117.5187,-0.5921,1.3436],[117.5188,-0.5928,1.0],[117.519,-0.5926,1.0],[117.519,-0.592,1.0]]],
[[[117.52,-0.5903,1.0],[117.5172,-0.5928,1.3436],[117.5173,-0.5962,1.0],[117.518,-0.5924,1.3436],[117.5212,-0.5891,1.1114],[117.5202,-0.5861,1.2583],[117.52,-0.5903,1.0]]],
[[[117.5125,-0.589,2.6795],[117.5127,-0.5889,1.6872],[117.5127,-0.5884,1.6872],[117.5124,-0.5884,2.6795],[117.5125,-0.589,2.6795]]],
[[[117.5133,-0.5869,1.6737],[117.5134,-0.5869,1.6737],[117.5135,-0.5863,1.6737],[117.5134,-0.5864,1.6737],[117.5133,-0.5869,1.6737]]],
[[[117.4338,-0.5968,0.25],[117.4325,-0.5949,0.4626],[117.4288,-0.5977,0.0],[117.425,-0.5948,0.9329],[117.4249,-0.5914,0.0],[117.4322,-0.5873,1.2856],[117.4283,-0.5862,1.8037],[117.425,-0.5841,1.929],[117.4199,-0.5912,6.8463],[117.4187,-0.5978,0.25],[117.4162,-0.598,1.7476],[117.4124,-0.5928,2.164],[117.4083,-0.5969,4.8115],[117.4092,-0.5998,6.9158],[117.4082,-0.6023,5.4954],[117.4068,-0.6027,7.8531],[117.4058,-0.6021,7.8531],[117.4058,-0.5984,6.2122],[117.4036,-0.5998,4.1104],[117.4052,-0.6037,8.819],[117.404,-0.6043,8.819],[117.4007,-0.6048,8.4324],[117.4049,-0.6112,4.6399],[117.4067,-0.6107,2.3498],[117.4088,-0.6058,4.6398],[117.4114,-0.6064,6.8328],[117.4127,-0.6091,1.4958],[117.4119,-0.6119,4.2129],[117.4162,-0.6129,10.0906],[117.4175,-0.6149,2.8239],[117.4144,-0.6199,2.9558],[117.4198,-0.6237,0.0],[117.4222,-0.6296,1.2749],[117.4261,-0.628,2.5629],[117.4276,-0.6226,7.4233],[117.4304,-0.6214,1.462],[117.4329,-0.6224,2.6516],[117.4352,-0.6291,5.3616],[117.438,-0.6314,0.0],[117.4407,-0.6299,0.0],[117.4407,-0.6275,0.5],[117.442,-0.6298,0.0],[117.4439,-0.6285,0.125],[117.445,-0.6191,3.0976],[117.4457,-0.6228,9.6034],[117.4485,-0.6208,2.6562],[117.4492,-0.615,1.8159],[117.4465,-0.6092,2.119],[117.4389,-0.6085,0.8301],[117.4351,-0.6119,2.1178],[117.4366,-0.6166,2.4087],[117.4339,-0.6122,3.9287],[117.4307,-0.6149,6.4397],[117.4321,-0.6101,0.497],[117.4297,-0.6088,2.8162],[117.4255,-0.6107,2.2482],[117.4259,-0.6168,8.0763],[117.4248,-0.6172,8.0763],[117.4249,-0.6136,2.4308],[117.4218,-0.6122,1.4047],[117.4227,-0.6091,6.2005],[117.4196,-0.6098,5.8601],[117.4157,-0.6071,9.962],[117.4178,-0.6063,4.5529],[117.4172,-0.6046,4.8346],[117.4184,-0.6063,1.489],[117.4173,-0.6075,4.5529],[117.4228,-0.6087,6.2005],[117.4234,-0.6101,7.2395],[117.4226,-0.6123,5.3964],[117.4239,-0.6126,5.3964],[117.42529999999999,-0.6097,2.2482],[117.4245,-0.6071,7.1062],[117.4274,-0.6083,4.4274],[117.4284,-0.607,4.2367],[117.4255,-0.606,4.8272],[117.4246,-0.6029,6.8344],[117.4263,-0.6043,6.7],[117.4251,-0.6041,6.8484],[117.4258,-0.606,4.8272],[117.429,-0.6062,1.5749],[117.4277,-0.6086,4.4274],[117.4248,-0.6078,7.1062],[117.42529999999999,-0.6092,7.1892],[117.4282,-0.609,4.4274],[117.4307,-0.6077,4.2876],[117.434,-0.6109,1.1489],[117.4367,-0.6097,0.25],[117.4383,-0.6054,8.8111],[117.4328,-0.605,6.3255],[117.4306,-0.6022,0.25],[117.4338,-0.5968,0.25]]],
[[[117.4937,-0.6073,3.0955],[117.4971,-0.613,2.9558],[117.4991,-0.6133,4.2796],[117.5018,-0.6097,1.0],[117.4977,-0.5966,0.0],[117.4935,-0.602,0.25],[117.4937,-0.6073,3.0955]]],
[[[117.4883,-0.592,3.8018],[117.483,-0.5968,8.367],[117.4785,-0.5903,2.4463],[117.4759,-0.59,8.2018],[117.4761,-0.6027,7.6285],[117.4753,-0.6024,1.4496],[117.4745,-0.5996,2.3335],[117.4716,-0.6027,2.7097],[117.4749,-0.6049,8.9445],[117.4767,-0.6081,3.6222],[117.4752,-0.6076,6.6511],[117.4742,-0.6051,8.9445],[117.4721,-0.6045,6.0512],[117.4686,-0.5972,1.6489],[117.4641,-0.5957,0.0],[117.4656,-0.6016,5.5569],[117.4737,-0.6077,6.6511],[117.4702,-0.619,0.25],[117.4779,-0.618,4.0536],[117.4806,-0.6129,1.1468],[117.4851,-0.6099,1.9376],[117.4865,-0.6024,0.9583],[117.4891,-0.6,2.0708],[117.4902,-0.5926,2.9559],[117.4896,-0.5913,3.8018],[117.4883,-0.592,3.8018]]],
[[[117.4504,-0.5718,7.0914],[117.4537,-0.569,7.0504],[117.4536,-0.5673,7.6113],[117.4583,-0.5662,2.5187],[117.4565,-0.5679,9.07],[117.4542,-0.5678,7.6113],[117.4541,-0.5697,6.3102],[117.4526,-0.5702,3.8101],[117.4562,-0.5716,2.6955],[117.4569,-0.5737,1.5],[117.4629,-0.5751,0.375],[117.4629,-0.5713,6.7349],[117.4644,-0.5676,3.9044],[117.4648,-0.5679,3.9044],[117.4645,-0.5703,4.1412],[117.4633,-0.5714,4.6645],[117.4646,-0.5723,4.6645],[117.4707,-0.5702,3.8983],[117.4704,-0.5676,3.4428],[117.4715,-0.5685,3.3464],[117.471,-0.5704,3.8983],[117.4671,-0.5728,4.4862],[117.4641,-0.5732,5.3645],[117.4635,-0.5776,2.2274],[117.4656,-0.5802,1.0524],[117.4634,-0.5842,0.25],[117.4668,-0.5951,0.0],[117.4705,-0.5961,1.125],[117.4719,-0.5988,1.1013],[117.4754,-0.5953,1.5],[117.4707,-0.588,1.7804],[117.4742,-0.5815,3.4018],[117.4718,-0.574,1.6322],[117.4725,-0.5733,1.6322],[117.4762,-0.5741,2.1914],[117.4751,-0.5701,2.3938],[117.4791,-0.5688,7.2012],[117.4772,-0.5688,7.8154],[117.4742,-0.5658,1.0],[117.4758,-0.5658,3.938],[117.4776,-0.5683,7.2012],[117.4796,-0.5684,7.2012],[117.4784,-0.5705,6.0437],[117.4758,-0.5701,6.0759],[117.4762,-0.5727,7.9982],[117.4792,-0.5738,5.1098],[117.4817,-0.571,7.5977],[117.4838,-0.5718,7.0081],[117.4787,-0.5748,2.5282],[117.4727,-0.574,1.6322],[117.4749,-0.5805,0.25],[117.4717,-0.587,2.699],[117.4725,-0.5892,2.7686],[117.478,-0.588,1.4597],[117.4806,-0.5902,0.0],[117.4879,-0.5879,4.6067],[117.4938,-0.5914,3.6478],[117.4941,-0.5895,1.5],[117.4918,-0.588,2.1452],[117.4927,-0.5813,10.9887],[117.4941,-0.5801,9.4195],[117.4927,-0.5784,10.0462],[117.4936,-0.5767,10.3077],[117.4946,-0.5803,9.4195],[117.4925,-0.5879,1.5],[117.495,-0.5901,0.0],[117.4993,-0.59,0.0],[117.5032,-0.5728,2.0],[117.5024,-0.5707,1.0],[117.4985,-0.5687,2.536],[117.4835,-0.5664,8.5342],[117.4758,-0.5629,0.0],[117.475,-0.5522,6.7153],[117.4724,-0.5501,4.1045],[117.4658,-0.5559,3.5463],[117.4537,-0.5554,1.5407],[117.45,-0.5631,4.8094],[117.4458,-0.5655,2.6427],[117.4329,-0.5682,8.939],[117.4209,-0.5656,0.8818],[117.412,-0.574,3.5973],[117.4059,-0.5748,9.5622],[117.4092,-0.5775,4.6472],[117.4087,-0.5822,6.6172],[117.4065,-0.5824,4.7072],[117.4053,-0.5799,7.5769],[117.4022,-0.5782,7.0704],[117.4001,-0.5803,4.3529],[117.4007,-0.5842,1.7241],[117.3989,-0.5834,7.7628],[117.3955,-0.5869,7.598],[117.3929,-0.585,1.8569],[117.39,-0.5889,8.3607],[117.3883,-0.5876,1.4217],[117.3897,-0.5856,8.1693],[117.3908,-0.5861,8.1693],[117.3896,-0.5872,4.9149],[117.3905,-0.5869,4.9149],[117.3912,-0.5859,1.8569],[117.3914,-0.5843,5.9479],[117.3934,-0.5846,6.9903],[117.3955,-0.5859,2.7728],[117.3987,-0.5828,8.6899],[117.4005,-0.583,1.7241],[117.3977,-0.5812,10.0233],[117.402,-0.5776,9.43],[117.405,-0.5787,4.726],[117.4067,-0.5815,4.7072],[117.4083,-0.5816,6.6172],[117.4086,-0.5778,4.6472],[117.4052,-0.5762,9.3836],[117.4051,-0.5736,10.7896],[117.4117,-0.5732,5.7062],[117.4199,-0.5651,3.207],[117.4108,-0.5659,0.0],[117.399,-0.57,2.4098],[117.3838,-0.5766,0.7355],[117.3747,-0.5832,0.0],[117.3779,-0.5847,3.9723],[117.3784,-0.5864,4.3885],[117.3723,-0.5907,2.0175],[117.3795,-0.5925,3.1912],[117.3806,-0.5986,3.3019],[117.3824,-0.5959,6.8031],[117.3807,-0.5925,3.1912],[117.383,-0.5906,1.9289],[117.3861,-0.5918,3.754],[117.3873,-0.5963,8.3203],[117.3846,-0.6006,1.0792],[117.3878,-0.6019,3.498],[117.3901,-0.6011,6.8893],[117.391,-0.5959,8.9791],[117.3945,-0.5971,3.3553],[117.3993,-0.5929,7.9585],[117.3997,-0.5936,4.2929],[117.3949,-0.5975,3.3553],[117.3957,-0.6029,10.9298],[117.3942,-0.6058,1.1913],[117.3872,-0.6046,11.5726],[117.3886,-0.608,2.2611],[117.3968,-0.6109,5.853],[117.4008,-0.6063,6.9185],[117.4004,-0.6044,8.7137],[117.4047,-0.6039,8.819],[117.4032,-0.599,7.7546],[117.4058,-0.5982,6.2122],[117.4067,-0.5984,6.2122],[117.4063,-0.6022,7.8531],[117.4086,-0.6005,6.9158],[117.4077,-0.5978,4.8115],[117.4094,-0.594,5.341],[117.408,-0.5953,6.6297],[117.4077,-0.5929,5.788],[117.4048,-0.5945,7.0709],[117.4026,-0.5938,6.8955],[117.4033,-0.5925,9.8715],[117.4048,-0.5938,7.0709],[117.4078,-0.5922,5.788],[117.4083,-0.5945,5.341],[117.4088,-0.5927,5.788],[117.4102,-0.5935,3.344],[117.4119,-0.5927,2.164],[117.4148,-0.593,9.572],[117.4169,-0.589,7.9386],[117.4146,-0.5889,6.1447],[117.414,-0.5869,7.4708],[117.4124,-0.5869,2.7138],[117.4142,-0.5862,3.8828],[117.415,-0.5883,6.1447],[117.4173,-0.5889,7.9386],[117.4146,-0.5942,9.572],[117.4169,-0.5976,6.51],[117.4183,-0.597,0.25],[117.4187,-0.592,3.4763],[117.4228,-0.5842,1.531],[117.4207,-0.5816,7.4491],[117.4206,-0.5766,3.7742],[117.4222,-0.579,4.3679],[117.4212,-0.5817,7.4491],[117.4236,-0.5834,1.531],[117.4335,-0.5875,4.5919],[117.4317,-0.5846,3.6681],[117.4327,-0.5832,9.7909],[117.432,-0.5843,5.5129],[117.434,-0.5858,5.7831],[117.434,-0.5874,4.5919],[117.4258,-0.5931,0.0],[117.4289,-0.5967,0.0],[117.4319,-0.5941,1.076],[117.4344,-0.5953,0.9388],[117.4349,-0.5983,0.5183],[117.4319,-0.6015,0.25],[117.4345,-0.6042,2.6947],[117.4388,-0.6028,5.9271],[117.4383,-0.5963,1.0693],[117.4393,-0.5953,3.8844],[117.4403,-0.5954,3.8844],[117.4387,-0.5961,3.8844],[117.4396,-0.6013,5.9271],[117.439,-0.6038,4.3223],[117.4413,-0.607,0.8323],[117.4466,-0.607,0.0],[117.4502,-0.6129,0.4869],[117.4507,-0.6203,1.0363],[117.448,-0.628,0.0],[117.4508,-0.6296,0.0],[117.4546,-0.6289,2.3557],[117.4631,-0.6237,0.8431],[117.4696,-0.6235,0.0],[117.4686,-0.6185,1.6724],[117.4725,-0.6082,0.25],[117.469,-0.6046,1.3307],[117.4658,-0.6037,0.0],[117.4621,-0.5978,8.1659],[117.4613,-0.5986,7.4719],[117.462,-0.5973,8.1659],[117.4633,-0.5993,3.5438],[117.4645,-0.5935,7.0838],[117.4621,-0.5917,6.4564],[117.4641,-0.5926,5.5851],[117.4622,-0.5845,1.2271],[117.4639,-0.5806,2.2331],[117.4626,-0.5758,0.375],[117.4565,-0.574,1.5],[117.4532,-0.5714,1.125],[117.4505,-0.5733,2.4386],[117.4504,-0.5718,7.0914]]],
[[[117.3544,-0.5868,0.0],[117.3568,-0.5855,0.0],[117.3508,-0.5844,0.0],[117.3447,-0.5866,0.9901],[117.35,-0.5882,0.0],[117.3544,-0.5868,0.0]]],
[[[117.312,-0.5736,0.0],[117.3205,-0.5752,0.0],[117.3124,-0.5693,0.0],[117.3095,-0.5716,0.897],[117.312,-0.5736,0.0]]],
[[[117.3831,-0.5741,3.659],[117.3841,-0.5732,3.659],[117.3812,-0.5732,5.902],[117.3785,-0.5755,1.3837],[117.3797,-0.5751,2.1999],[117.3831,-0.5741,3.659]]],
[[[117.5252,-0.5858,3.2309],[117.5246,-0.5863,1.0851],[117.5248,-0.5866,1.0851],[117.5254,-0.586,3.2309],[117.5252,-0.5858,3.2309]]],
[[[117.5138,-0.5844,3.4843],[117.5137,-0.5849,2.1594],[117.514,-0.5844,3.4843],[117.5138,-0.5844,3.4843]]],
[[[117.5684,-0.5538,1.0],[117.5686,-0.5535,1.0],[117.5685,-0.5531,1.0],[117.5682,-0.5535,1.0],[117.5684,-0.5538,1.0]]],
[[[117.567,-0.5569,1.0],[117.5671,-0.5564,1.0],[117.5668,-0.5561,1.0],[117.5663,-0.5566,1.0],[117.567,-0.5569,1.0]]],
[[[117.5678,-0.5547,1.0],[117.5675,-0.555,1.0],[117.5677,-0.5553,1.0],[117.568,-0.555,1.0],[117.5678,-0.5547,1.0]]],
[[[117.5157,-0.5831,3.3564],[117.51560625,-0.58263125,4.1281],[117.51557142857143,-0.58262857142857,4.1281],[117.5151,-0.5831,3.3564],[117.5154,-0.5833,3.3564],[117.5157,-0.5831,3.3564]]],
[[[117.51557142857143,-0.58262857142857,4.1281],[117.5156,-0.5826,4.1281],[117.51560625,-0.58263125,4.1281],[117.5165,-0.5827,4.1281],[117.513,-0.5885,1.6872],[117.5133,-0.5945,1.0],[117.5158,-0.5964,2.2062],[117.5167,-0.5916,1.3436],[117.5198,-0.5887,1.0],[117.5193,-0.5845,3.8867],[117.5238,-0.5854,3.2263],[117.5239,-0.5825,5.0526],[117.5313,-0.5783,1.5],[117.5449,-0.5849,4.1024],[117.5606,-0.5587,1.0],[117.5615,-0.5595,1.0],[117.5458,-0.5867,1.896],[117.529,-0.5806,1.5],[117.5257,-0.5831,3.519],[117.5258,-0.5864,0.8411],[117.5191,-0.5927,1.0],[117.519,-0.5954,1.0],[117.5203,-0.5963,1.0],[117.5279,-0.5942,4.8476],[117.5441,-0.5934,8.8139],[117.5435,-0.5931,8.8139],[117.5558,-0.5839,1.3238],[117.5668,-0.5835,2.1748],[117.5684,-0.5823,3.117],[117.5772,-0.5697,1.4899],[117.5825,-0.5391,2.1457],[117.5822,-0.5298,1.5],[117.5855,-0.5183,4.7926],[117.5796,-0.5148,3.3187],[117.5774,-0.5159,2.304],[117.579,-0.5207,1.0],[117.5759,-0.5403,5.0566],[117.5686,-0.5545,1.0],[117.567,-0.5571,1.0],[117.5646,-0.5596,1.0],[117.5749,-0.5397,5.0566],[117.577,-0.5279,1.6064],[117.5772,-0.519,2.0782],[117.5716,-0.5138,2.1305],[117.5668,-0.5172,2.5857],[117.567,-0.5219,1.856],[117.5688,-0.5221,0.964],[117.5682,-0.5261,2.8073],[117.5598,-0.5279,2.5338],[117.5677,-0.5254,4.2726],[117.5653,-0.5184,1.4931],[117.5711,-0.512,0.375],[117.5676,-0.509,2.1672],[117.5552,-0.5105,1.0],[117.5457,-0.5077,4.0995],[117.5386,-0.5116,0.375],[117.5386,-0.5181,0.8552],[117.5295,-0.5303,0.861],[117.5248,-0.533,1.5211],[117.5285,-0.5452,10.3368],[117.5315,-0.5452,4.2436],[117.5386,-0.5378,8.9746],[117.5383,-0.5401,6.562],[117.5323,-0.5467,3.8534],[117.528,-0.5465,8.0836],[117.5265,-0.5491,1.5806],[117.5267,-0.5438,2.058],[117.5211,-0.5295,2.6442],[117.5174,-0.528,1.9793],[117.5108,-0.5288,1.5503],[117.5027,-0.5272,0.6813],[117.5017,-0.532,1.5455],[117.5059,-0.5335,1.723],[117.5062,-0.5351,1.0],[117.5044,-0.5393,1.9749],[117.5083,-0.5382,0.9722],[117.5108,-0.5404,3.8806],[117.5091,-0.543,4.9081],[117.5116,-0.5492,1.6458],[117.5105,-0.5508,5.1427],[117.5083,-0.5432,3.5773],[117.5086,-0.5402,2.1904],[117.5049,-0.5413,2.4133],[117.5036,-0.5397,2.0516],[117.5047,-0.5348,1.0],[117.5011,-0.5338,1.0],[117.5011,-0.5267,1.2639],[117.4996,-0.5255,1.5925],[117.4959,-0.5272,2.2694],[117.4947,-0.5319,2.7987],[117.4947,-0.5272,2.2694],[117.4895,-0.5268,1.6925],[117.4893,-0.5283,3.666],[117.4863,-0.5264,0.75],[117.4829,-0.527,0.375],[117.4823,-0.5307,1.6087],[117.4807,-0.5328,2.129],[117.4731,-0.5359,1.6231],[117.4759,-0.5394,0.8175],[117.4758,-0.5422,1.0],[117.4726,-0.5358,1.6231],[117.4738,-0.5344,2.1011],[117.4815,-0.5309,1.0],[117.4813,-0.5285,1.0],[117.4794,-0.5274,0.0],[117.4637,-0.5325,0.0],[117.4647,-0.5385,1.2884],[117.4634,-0.5366,2.4048],[117.4638,-0.5337,3.9118],[117.4626,-0.5326,0.0],[117.4572,-0.5357,1.3084],[117.4582,-0.5367,2.3213],[117.4565,-0.5382,4.8986],[117.4605,-0.539,2.746],[117.4562,-0.5389,4.8986],[117.4566,-0.5371,5.6429],[117.4578,-0.537,2.3213],[117.4566,-0.5351,0.0],[117.4543,-0.5372,7.4712],[117.4571,-0.5444,1.8007],[117.456,-0.5443,7.271],[117.4542,-0.539,8.6941],[117.4539,-0.5372,7.4712],[117.4548,-0.5366,7.4712],[117.451,-0.536,0.9382],[117.4526,-0.5395,3.9499],[117.4514,-0.5408,1.7695],[117.453,-0.5438,7.7578],[117.4501,-0.5486,2.3752],[117.4488,-0.548,2.3752],[117.447,-0.5501,1.9697],[117.4475,-0.5464,2.1465],[117.4497,-0.548,2.3752],[117.4526,-0.5437,2.6078],[117.4508,-0.5411,1.4988],[117.4519,-0.5392,3.9499],[117.4493,-0.5348,0.0],[117.443,-0.544,0.7127],[117.437,-0.544,1.98],[117.4394,-0.5546,2.0151],[117.4395,-0.5619,5.4263],[117.4476,-0.5603,3.7775],[117.454,-0.5529,8.6106],[117.4653,-0.5533,0.0],[117.473,-0.5483,0.9727],[117.4772,-0.5524,3.9652],[117.4786,-0.562,7.5536],[117.4831,-0.5636,4.6957],[117.5009,-0.554,6.2421],[117.4993,-0.5515,8.7883],[117.4929,-0.552,4.0544],[117.4884,-0.5551,2.343],[117.4875,-0.5543,1.0929],[117.4889,-0.5488,3.9343],[117.4844,-0.5465,3.1184],[117.4852,-0.5456,2.9775],[117.4833,-0.5426,7.9473],[117.4863,-0.542,5.7374],[117.4894,-0.5362,3.0686],[117.4864,-0.5428,5.7374],[117.484,-0.5427,7.2711],[117.4867,-0.5476,7.6482],[117.4893,-0.5482,3.9343],[117.4883,-0.5542,5.0818],[117.4926,-0.5517,4.0544],[117.4982,-0.5511,3.8551],[117.497,-0.5442,2.8586],[117.5,-0.5447,2.2834],[117.4986,-0.5458,2.2834],[117.4987,-0.5501,3.8551],[117.5011,-0.5517,6.0248],[117.5017,-0.5535,6.2421],[117.4977,-0.5573,8.7537],[117.4896,-0.561,8.4407],[117.4891,-0.5629,5.5245],[117.4996,-0.5638,5.1977],[117.5064,-0.5679,0.0],[117.5148,-0.5642,7.919],[117.5106,-0.5689,11.9319],[117.5082,-0.5683,0.0],[117.5059,-0.5701,0.5],[117.5057,-0.5807,1.9064],[117.5028,-0.591,0.0],[117.5063,-0.5983,0.0],[117.5152,-0.5994,1.0831],[117.5153,-0.5978,2.2062],[117.5126,-0.5961,2.9753],[117.5122,-0.5888,2.6795],[117.5132,-0.5849,2.1594],[117.5152,-0.5826,4.1281],[117.51557142857143,-0.58262857142857,4.1281]]],
[[[117.4081,-0.5489,3.4362],[117.4083,-0.5428,0.9834],[117.3947,-0.546,2.7582],[117.3861,-0.5519,0.741],[117.381,-0.5598,4.0875],[117.3729,-0.567,2.6503],[117.3678,-0.57,2.3759],[117.3525,-0.574,3.4949],[117.3486,-0.5767,0.6847],[117.3525,-0.5809,2.4671],[117.3567,-0.5827,2.0337],[117.362,-0.5836,0.547],[117.3662,-0.5824,4.839],[117.3781,-0.5741,4.6621],[117.3947,-0.5676,3.8499],[117.4084,-0.5574,3.5856],[117.4165,-0.5541,1.6842],[117.4195,-0.5499,10.0688],[117.4151,-0.5441,0.0],[117.4154,-0.5468,5.5206],[117.4132,-0.5502,3.6152],[117.4076,-0.5494,3.7503],[117.406,-0.5521,4.9598],[117.4019,-0.5505,6.0704],[117.3978,-0.5544,7.133],[117.3919,-0.5541,9.1834],[117.392,-0.5567,10.0256],[117.3905,-0.5566,10.1647],[117.3892,-0.5554,9.0542],[117.3889,-0.5581,9.6969],[117.387,-0.5567,5.2653],[117.3868,-0.5591,9.3116],[117.3864,-0.5566,5.2653],[117.3874,-0.5562,7.5334],[117.3886,-0.5578,9.4003],[117.3887,-0.5551,7.5334],[117.3893,-0.555,9.0542],[117.3913,-0.5564,10.0256],[117.3914,-0.5538,9.1834],[117.3975,-0.5536,7.133],[117.4015,-0.5501,6.0704],[117.4032,-0.5502,6.0704],[117.4056,-0.5515,4.9598],[117.4067,-0.5493,3.7503],[117.4081,-0.5489,3.4362]]],
[[[117.6328,-0.4247,0.0],[117.6291,-0.4198,0.0],[117.6204,-0.4192,2.492],[117.6069,-0.41,1.4702],[117.5902,-0.4174,2.5636],[117.5845,-0.4237,1.41],[117.5616,-0.4371,1.5],[117.5697,-0.4416,1.5],[117.5752,-0.4401,8.0017],[117.5752,-0.4443,2.3459],[117.5785,-0.4409,7.0377],[117.5762,-0.4456,1.1623],[117.5744,-0.444,2.3459],[117.5745,-0.4409,8.0017],[117.5702,-0.4431,1.6561],[117.5606,-0.4381,1.5],[117.5588,-0.4386,2.833],[117.5569,-0.4414,3.3536],[117.5581,-0.4443,3.0176],[117.5663,-0.4502,1.0],[117.5668,-0.4527,1.0],[117.5618,-0.4557,2.4844],[117.5613,-0.4622,0.25],[117.5599,-0.4627,0.25],[117.5546,-0.459,1.8078],[117.5548,-0.4645,1.6173],[117.5504,-0.4648,1.1546],[117.5531,-0.4686,3.8189],[117.5565,-0.4693,6.8708],[117.5634,-0.4643,0.25],[117.5684,-0.4681,1.9709],[117.5702,-0.468,3.4349],[117.5702,-0.4645,1.0],[117.5728,-0.4634,1.0],[117.581,-0.4647,5.5462],[117.5826,-0.4619,8.7555],[117.5872,-0.464,2.0978],[117.6017,-0.4452,1.7969],[117.5969,-0.454,0.75],[117.5929,-0.4572,1.0],[117.5938,-0.4589,2.9521],[117.5988,-0.4579,0.7038],[117.5921,-0.461,8.6217],[117.5915,-0.4628,3.8273],[117.5947,-0.4662,6.8976],[117.5923,-0.4753,1.8015],[117.5951,-0.4742,3.3334],[117.5993,-0.4756,3.8145],[117.5944,-0.4861,0.0],[117.5958,-0.4884,0.0],[117.6043,-0.4762,3.2589],[117.6239,-0.4566,0.0],[117.6333,-0.444,0.0],[117.6349,-0.4302,0.0],[117.6328,-0.4247,0.0]]],
[[[117.5049,-0.4499,2.7682],[117.5014,-0.4526,8.8284],[117.4977,-0.4591,9.0948],[117.511,-0.4501,0.0],[117.5207,-0.4403,0.0],[117.5244,-0.434,2.3589],[117.5154,-0.4428,0.0],[117.5049,-0.4499,2.7682]]],
[[[117.5319,-0.4203,3.8486],[117.5538,-0.3934,0.0],[117.5551,-0.3883,0.0],[117.5518,-0.3826,0.0],[117.5453,-0.3842,0.0],[117.5353,-0.3949,3.4753],[117.5289,-0.3988,1.6221],[117.5227,-0.4001,1.0],[117.5132,-0.3989,0.0],[117.5094,-0.4004,0.0],[117.5161,-0.4132,8.0514],[117.5094,-0.4253,4.3074],[117.5108,-0.4263,1.368],[117.5112,-0.4348,2.6952],[117.4992,-0.4404,2.2248],[117.4925,-0.4406,1.3947],[117.4941,-0.4429,1.4633],[117.4921,-0.4424,3.5915],[117.4914,-0.4407,0.0],[117.487,-0.4422,2.9944],[117.4841,-0.4517,1.7592],[117.4849,-0.4541,1.1224],[117.484,-0.4522,1.7592],[117.4746,-0.4614,2.3486],[117.4778,-0.4652,5.1353],[117.4739,-0.4626,2.3486],[117.4717,-0.473,1.0],[117.4636,-0.4771,2.4744],[117.4659,-0.4806,1.0],[117.4656,-0.4832,1.0],[117.46,-0.4862,3.0334],[117.4572,-0.4903,9.9519],[117.4514,-0.4942,10.662],[117.4493,-0.4981,1.7763],[117.4551,-0.4982,0.0],[117.4614,-0.4954,0.0],[117.4801,-0.4825,2.0553],[117.4968,-0.4546,4.3583],[117.5191,-0.4378,2.9367],[117.5264,-0.4296,2.0741],[117.5319,-0.4203,3.8486]]]]}}