{"type":"Feature","properties":{"featurecla":"Island group","name":"GREATER SUNDA ISLANDS","namealt":null,"region":"Asia","subregion":"Malay Archipelago","min_label":4.0,"max_label":6.0,"scalerank":1},
"geometry":{"type": "MultiPolygon","coordinates": [[[[124.91226014961258,0.337651323380843,0.0],[124.87147422628209,0.284235827929308,0.0],[124.87082498887048,0.283387641267041,0.0],[124.85215797123612,0.260641814467363,0.0],[124.83204327286978,0.239165569595457,0.0],[124.7455369252134,0.152659221939132,0.0],[124.72406068034172,0.13254452357296,0.0],[124.70131485354204,0.113877505938774,0.0],[124.67739684593698,0.096738104071733,0.0],[124.65701967842449,0.083898287228067,0.0],[124.61381818102836,0.058266776811365,0.0],[124.60920758071097,0.055568201105359,0.0],[124.58325705411391,0.041697355655515,0.0],[124.56471466844346,0.033071775742087,0.0],[124.45836457078656,-0.013488689752762,0.0],[124.45010479523251,-0.017007011099849,0.0],[124.42256577034823,-0.027371966121336,0.0],[124.40496524379682,-0.032946289047572,0.0],[124.3436769950988,-0.050981363917629,0.0],[124.33311955943964,-0.053948665444807,0.0],[124.30446323661988,-0.060630382783586,0.0],[124.27543126396415,-0.065423580868071,0.0],[124.24614796083688,-0.068307734487917,0.0],[124.23947470058988,-0.068695331667868,0.0],[124.1568607448005,-0.07287784824689,0.0],[123.84142687845372,-0.135533162763636,0.0],[123.81251378349361,-0.140302731258998,0.0],[123.7854832373846,-0.143033550030907,0.0],[123.67127832201959,-0.151095073468412,0.0],[123.669025565001,-0.151248408316349,0.0],[123.63961632700148,-0.152211167083465,0.0],[123.62817411634944,-0.152065562529458,0.0],[123.51448596530713,-0.149171682321196,0.0],[123.49651893795999,-0.148354528108086,0.0],[123.49002713605046,-0.147881821980604,0.0],[123.27453641339343,-0.130621893595048,0.0],[123.2517449121757,-0.128210446102685,0.0],[123.22271293951997,-0.1234172480182,0.0],[123.22225167134195,-0.12332524525408,0.0],[123.177293175248,-0.114333546035255,0.0],[123.14909812060603,-0.107743831460823,0.0],[123.12094015839546,-0.099202207007011,0.0],[123.09340113351163,-0.088837251985751,0.0],[123.06659897228667,-0.076693350725236,0.0],[123.0406484456895,-0.062822505275392,0.0],[123.0156606778595,-0.047284112725777,0.0],[122.99174267025444,-0.030144710858849,0.0],[122.96899684345499,-0.011477693224549,0.0],[122.94752059858342,0.008637005141793,0.0],[122.94221232735595,0.01403541485621,0.0],[122.9205502916966,0.036439479381386,0.0],[122.91304225168381,0.036318161818144,0.0],[122.29579335821768,0.03149907528956,0.0],[122.10627027629403,0.020272037996449,0.0],[122.03324350708328,0.009773146955638,0.0],[122.0364019957434,0.008584376001068,0.0],[122.0632041569686,-0.003559525259334,0.0],[122.08915468356565,-0.017430370709235,0.0],[122.11414245139565,-0.032968763258793,0.0],[122.13806045900071,-0.050108165125948,0.0],[122.16080628580005,-0.068775182760021,0.0],[122.18228253067196,-0.088889881126306,0.0],[122.18938294901784,-0.096152525018852,0.0],[122.23186097636176,-0.140594256789825,0.0],[122.24487525638222,-0.154807857768958,0.0],[122.26354227401657,-0.177553684568636,0.0],[122.28068167588344,-0.201471692173698,0.0],[122.29622006843294,-0.226459460003696,0.0],[122.31009091388296,-0.252409986600696,140.8151],[122.32223481514325,-0.279212147825604,132.1829],[122.33259977016473,-0.306751172709653,0.0],[122.33275710488192,-0.307269835763691,0.0],[122.52905850201444,-0.306985458739632,0.0],[122.54900743681696,-0.307624054344899,0.0],[122.55569693457574,-0.302134125413261,0.0],[122.5796149421808,-0.284994723546276,0.0],[122.60460271001079,-0.269456330996718,0.0],[122.63055323661683,-0.255585485542724,0.0],[122.65393374854352,-0.244875443252283,0.0],[122.6967218344812,-0.226737015517926,0.0],[122.70014348377026,-0.225303156552059,0.0],[122.72768250865454,-0.214938201530572,0.0],[122.75238677732284,-0.207336740205619,0.0],[122.90059478513615,-0.166357329398068,0.0],[122.90404847867785,-0.165417166269492,0.0],[122.93270480149795,-0.15873544893077,0.0],[122.93555681360033,-0.158177722863115,0.0],[123.08665870162201,-0.129135567915,0.0],[123.11283866217491,-0.12490009589834,0.0],[123.14212196530229,-0.122015942278324,0.0],[123.1715312033017,-0.121053183511378,0.0],[123.20094044130121,-0.122015942278324,0.0],[123.23022374442883,-0.12490009589834,0.0],[123.25500024579208,-0.128868130879027,0.0],[123.36496769370922,-0.149642056660468,0.0],[123.36922316500136,-0.150467219763925,0.0],[123.39787948782146,-0.157148937102647,0.0],[123.42603745003203,-0.165690561556346,0.0],[123.45357647491585,-0.176055516577833,0.0],[123.48037863614081,-0.188199417838121,0.0],[123.5063291627381,-0.202070263288135,0.0],[123.50740788837493,-0.202695061138229,0.0],[123.60559310972928,-0.259745842388497,0.0],[123.62950215192245,-0.274659437087792,0.0],[123.65342015952774,-0.291798838954946,0.0],[123.67616598632708,-0.31046585658919,0.0],[123.69764223119876,-0.330580554955418,0.0],[123.71775692956521,-0.352056799827039,0.0],[123.73642394719946,-0.374802626626604,0.0],[123.75356334906644,-0.398720634231779,0.0],[123.75836015415223,-0.406053224499715,0.0],[123.79608394972524,-0.464964357312397,0.0],[123.80682553718884,-0.482619534874573,0.0],[123.82069638263886,-0.50857006147146,0.0],[123.83284028389903,-0.535372222696537,0.0],[123.84320523892063,-0.56291124758053,0.0],[123.85174686337439,-0.591069209790874,0.0],[123.8549809169059,-0.603889978753955,0.0],[123.87172408096853,-0.674635014561431,0.0],[123.87517174477523,-0.690470568415492,0.0],[123.87996494285994,-0.719502541074121,0.0],[123.88284909648007,-0.74878584420145,0.0],[123.88381185524679,-0.778195082200909,0.0],[123.88284909648007,-0.807604320200426,0.0],[123.87996494285994,-0.836887623327868,0.0],[123.8751717447758,-0.865919595983485,0.0],[123.87454202196568,-0.869028091753307,0.0],[123.85242895577562,-0.976240211846402,0.0],[123.86493140873245,-0.989588945011917,0.0],[123.88359842636669,-1.0123347718115381,0.0],[123.90073782823367,-1.0362527794166,0.0],[123.91627622078306,-1.061240547246598,0.0],[123.93014706623308,-1.087191073843542,0.0],[123.94229096749348,-1.113993235068619,0.0],[123.94487814389834,-1.12037709688434,0.0],[123.96523865822121,-1.1717434705824989,0.0],[123.97301643683807,-1.1928986336506571,0.0],[123.98155806129137,-1.221056595861,0.0],[123.98823977863026,-1.249712918681098,0.0],[123.99303297671474,-1.2787448913367141,0.0],[123.99591713033465,-1.3080281944640431,0.0],[123.99687988910159,-1.33743743246356,0.0],[123.99591713033465,-1.3668466704630191,0.0],[123.99422446701828,-1.384032569521821,0.0],[124.00577980151286,-1.402615058966717,0.0],[124.01702781530958,-1.4236586126747279,0.0],[124.02412299717037,-1.4137572978547721,0.0],[124.04279001480484,-1.3910114710553221,0.0],[124.06290471317095,-1.369535226183586,0.0],[124.08438095804286,-1.3494205278173581,0.0],[124.10674843430957,-1.3310441477846671,0.0],[124.14343870123662,-1.302828815753287,0.0],[124.14381705176959,-1.3025381781516221,0.0],[124.16773505937465,-1.2853987762846939,0.0],[124.19272282720465,-1.269860383735079,0.0],[124.21867335380171,-1.255989538285178,0.0],[124.24547551502656,-1.2438456370246631,0.0],[124.27301453991049,-1.23348068200346,0.0],[124.30117250212095,-1.2249390575495911,0.0],[124.31715090571458,-1.220969700402293,0.0],[124.35816632073879,-1.2115743841644731,0.0],[124.36577742087715,-1.1905495928648411,0.0],[124.6223250660212,-0.481866143755866,0.0],[124.91226014961258,0.337651323380843,0.0]]],
[[[105.00059142141572,1.388665285622227,0.0],[105.00081147523031,1.388179616504033,0.0],[105.00466342168579,1.3785686864596871,0.0],[105.00485412290578,1.378320338875028,0.0],[105.0219935247726,1.354402331269966,0.0],[105.0375319173225,1.3294145634399679,0.0],[105.05140276277211,1.303464036843252,0.0],[105.06354666403251,1.276661875618061,0.0],[105.07391161905394,1.2491228507342951,0.0],[105.08241592656441,1.221104068046714,0.0],[105.0971953862001,1.166016991223557,0.0],[105.09723270314305,1.1658778117005111,0.0],[105.10391442048171,1.1372214888808121,0.0],[105.1087076185662,1.108189516225025,0.0],[105.11159177218599,1.0789062130975819,0.0],[105.1125545309531,1.0494969750982359,0.0],[105.11159177218599,1.0200877370984931,0.0],[105.10969501152937,0.998866430880071,0.0],[105.09966978366458,0.910396378796577,0.0],[105.09868239070147,0.902334381887385,0.0],[105.09388919261698,0.873302409231769,0.0],[105.08720747527843,0.84464608641207,0.0],[105.07866585082468,0.816488124201442,0.0],[105.0683008958033,0.788949099317676,0.0],[105.0561569945429,0.762146938092485,0.0],[105.05073780545342,0.751515881789658,0.0],[104.99699431586998,0.649454928013199,0.0],[104.98854265950962,0.634135457719083,0.0],[104.97300426695972,0.609147689889085,0.0],[104.95586486509291,0.585229682284023,0.0],[104.93719784745849,0.562483855484345,0.0],[104.93548934826674,0.560546935167054,0.0],[104.91151148368328,0.533520161078457,0.0],[104.89310528450909,0.51398083652424,0.0],[104.89053935436641,0.51157758068706,0.0],[104.983368693753,0.415441764385264,0.0],[104.99796933183393,0.399576907858489,0.0],[105.01663634946817,0.37683108105881,0.0],[105.03280734700081,0.354356346876102,0.0],[105.06215956054234,0.310793114454214,0.0],[105.06312796487703,0.309349841031633,0.0],[105.07866635742653,0.284362073201464,0.0],[105.09253720287654,0.25841154660452,0.0],[105.10468110413694,0.231609385379556,0.0],[105.10827331062393,0.222294267315988,0.0],[105.11687719070324,0.216128814041838,0.0],[105.13962301750291,0.197461796407822,0.0],[105.16109926237459,0.17734709804148,0.0],[105.17309333386652,0.164882486486647,0.0],[105.22128540623407,0.112832022140026,0.0],[105.24731721083208,0.096218031821422,0.0],[105.2552231804948,0.091054674241889,0.0],[105.27914118809986,0.073915272374677,0.0],[105.30188701489953,0.055248254740661,0.0],[105.3233632597711,0.035133556374149,0.0],[105.34347795813721,0.013657311502641,0.0],[105.36214497577146,-0.00908851529698,0.0],[105.37928437763844,-0.033006522902042,0.0],[105.39482277018817,-0.05799429073204,0.0],[105.40869361563819,-0.083944817329325,0.0],[105.42083751689859,-0.110746978554118,0.0],[105.43120247191996,-0.138286003438111,0.0],[105.43974409637377,-0.166443965648455,0.0],[105.44642581371227,-0.195100288468552,0.0],[105.45121901179675,-0.224132261124225,0.0],[105.45410316541671,-0.253415564251611,0.0],[105.4550659241836,-0.2828248022509,0.0],[105.45410316541671,-0.312234040250701,0.0],[105.45121901179675,-0.341517343377802,0.0],[105.44642581371227,-0.370549316033646,0.0],[105.43974409637377,-0.399205638853573,0.0],[105.43120247191996,-0.427363601063917,0.0],[105.42083751689859,-0.45490262594808,0.0],[105.40869361563819,-0.481704787172873,0.0],[105.39482277018817,-0.507655313769703,0.0],[105.37928437763844,-0.532643081599701,0.0],[105.36214497577146,-0.556561089204763,0.0],[105.34347795813721,-0.579306916004725,0.0],[105.3233632597711,-0.600783160876404,0.0],[105.30188701489953,-0.620897859242405,0.0],[105.27914118809986,-0.639564876876875,0.0],[105.2552231804948,-0.656704278743632,0.0],[105.2302354126648,-0.672242671293475,0.0],[105.20428488606791,-0.686113516743148,0.0],[105.17748272484289,-0.69825741800372,0.0],[105.14994369995873,-0.708622373025037,0.0],[105.14893384433526,-0.708963838372256,0.0],[105.12739035481781,-0.720323314920336,0.0],[105.11030508419321,-0.728307888513939,0.0],[105.09604238888079,-0.734612413253444,0.0],[105.08632549828002,-0.738771740920527,0.0],[105.05878647339603,-0.749136695941843,0.0],[105.03062851118563,-0.757678320395712,0.0],[105.00197218836553,-0.764360037734377,0.0],[104.97294021570974,-0.769153235818521,0.0],[104.94365691258247,-0.772037389438538,0.0],[104.92099490366877,-0.77277926679551,0.0],[104.91007016035064,-0.795005989044171,0.0],[104.90980933829246,-0.7955357604813,0.0],[104.89593849284245,-0.821486287078528,0.0],[104.88040010029272,-0.846474054908526,0.0],[104.86326069842573,-0.870392062513588,0.0],[104.84459368079149,-0.893137889313209,0.0],[104.82447898242538,-0.914614134184887,0.0],[104.80734351662477,-0.930663249288443,0.0],[104.80820936444468,-0.93351756702674,0.0],[104.81559614715218,-0.957868526198581,0.0],[104.81729618340046,-0.964409368931626,0.0],[104.86173791517155,-1.140832708776145,0.0],[104.86671959626233,-1.1629481888630271,0.0],[104.86748586924728,-1.1668925240721251,0.0],[104.88867320648677,-1.2786169706871531,0.0],[104.89266999326355,-1.3034761372659891,0.0],[104.91649159484552,-1.483705359761416,0.0],[104.93486820220204,-1.5286809282785041,0.0],[104.93908691432284,-1.5399720522618741,0.0],[104.94733682256083,-1.5127757495373539,0.0],[104.9577017775822,-1.485236724653475,0.0],[104.9698456788426,-1.458434563428455,0.0],[104.98371652429228,-1.432484036831454,0.0],[104.999254916842,-1.4074962690014561,0.0],[105.01639431870899,-1.3835782613963941,0.0],[105.03151083584942,-1.364930587418087,0.0],[105.07109498298519,-1.318680180516878,0.0],[105.07464548347895,-1.314582027695508,0.0],[105.09476018184512,-1.2931057828238861,0.0],[105.11623642671685,-1.272991084457658,0.0],[105.13706075551613,-1.255806740071705,0.0],[105.18387960317233,-1.2194782081705851,0.0],[105.1858011011729,-1.2179955349220679,0.0],[105.20971910877796,-1.20085613305514,0.0],[105.23470687660796,-1.1853177405055251,0.0],[105.26065740320502,-1.1714468950556809,0.0],[105.28745956443004,-1.159302993795279,0.0],[105.29946016492505,-1.154532898643424,0.0],[105.4253439539882,-1.10657716947668,0.0],[105.44088237837678,-1.1009823096069911,0.0],[105.46904034058741,-1.092440685153292,0.0],[105.49769666340717,-1.08575896781457,0.0],[105.52672863606296,-1.080965769730255,0.0],[105.55601193919017,-1.0780816161102389,0.0],[105.58542117718991,-1.077118857343351,0.0],[105.61483041518943,-1.0780816161102389,0.0],[105.64411371831665,-1.080965769730085,0.0],[105.6590870766816,-1.0834378812013481,0.0],[105.69045036178414,-1.0743100136688779,0.0],[105.69972393433824,-1.0717184358042,0.0],[105.72838025715816,-1.065036718465592,0.0],[105.75741222981378,-1.0602435203811069,0.0],[105.78669553294139,-1.0573593667612611,0.0],[105.8109110132018,-1.0564266039443171,0.0],[105.90485876710852,-1.055341398866062,0.0],[105.91005252484723,-1.055311402916004,0.0],[105.9394617628468,-1.0562741616830069,0.0],[105.96874506597419,-1.0591583153030231,0.0],[105.99777703862981,-1.063951513387337,0.0],[106.0264333614499,-1.07063323072606,0.0],[106.0545913236603,-1.079174855179645,0.0],[106.0821303485443,-1.089539810201245,0.0],[106.10545968341108,-1.0999896139464911,0.0],[106.17635974851532,-1.1341994121237351,0.0],[106.1798325748739,-1.13589350963889,0.0],[106.20578310147079,-1.1497643550887351,0.0],[106.23077086930078,-1.16530274763835,0.0],[106.25468887690585,-1.1824421495053909,0.0],[106.27743470370535,-1.201109167139577,0.0],[106.29891094857692,-1.2212238655058061,0.0],[106.31902564694337,-1.2427001103774269,0.0],[106.32185309133331,-1.2459555476551709,0.0],[106.36825852753157,-1.299905742967667,0.0],[106.38409810077587,-1.319396132489715,0.0],[106.40123750264269,-1.3433141400947759,0.0],[106.41677589519242,-1.368301907924945,0.0],[106.43064674064226,-1.3942524345219449,0.0],[106.44279064190266,-1.421054595746966,0.0],[106.45315559692403,-1.448593620630845,0.0],[106.46169722137762,-1.4767515828413591,0.0],[106.46461882446863,-1.4882609271639351,0.0],[106.46910201589333,-1.5069535558153579,0.0],[106.48509068498618,-1.5279737468706,0.0],[106.50107636983063,-1.550381604288475,0.0],[106.51661476238019,-1.5753693721184729,0.0],[106.52669369528053,-1.593808651079144,0.0],[106.56121355205147,-1.660626278032566,0.0],[106.56500546460114,-1.6681375256687829,0.0],[106.57714936586154,-1.6949396868938611,0.0],[106.58751432088275,-1.7224787117778531,0.0],[106.5960559453365,-1.7506366739881969,0.0],[106.60273766267539,-1.779292996808181,0.0],[106.60662832895235,-1.8018352840998659,0.0],[106.64149768392878,-2.0398415721795691,0.0],[106.66037076223625,-2.0730122489545688,0.0],[106.92329157611385,-2.1360700046813581,0.0],[106.93480168827642,-2.138991791928277,0.0],[106.96295965048671,-2.1475334163819748,0.0],[106.99049867537082,-2.1578983714033479,0.0],[107.01730083659584,-2.17004227266375,0.0],[107.04325136319278,-2.1839131181137081,0.0],[107.06823913102278,-2.1994515106632089,0.0],[107.09215713862784,-2.2165909125303069,0.0],[107.11490296542746,-2.2352579301646069,0.0],[107.1363792102992,-2.2553726285307789,0.0],[107.15649390866554,-2.2768488734024568,0.0],[107.17516092629955,-2.2995947002021349,0.0],[107.19230032816677,-2.3235127078071969,0.0],[107.20783872071627,-2.348500475637195,0.0],[107.22170956616628,-2.3744510022341392,0.0],[107.23385346742668,-2.401253163459216,0.0],[107.24105172722864,-2.4203784809736821,0.0],[107.25089513696622,-2.39422516866756,0.0],[107.26303903822662,-2.3674230074424831,0.0],[107.27690988367647,-2.3414724808455389,0.0],[107.2924482762262,-2.31648471301537,0.0],[107.30958767809318,-2.2925667054103092,0.0],[107.32825469572742,-2.269820878610858,0.0],[107.34836939409371,-2.2483446337391229,0.0],[107.36984563896544,-2.228229935372894,0.0],[107.39259146576495,-2.2095629177384808,0.0],[107.41650947337001,-2.192423515871667,0.0],[107.44149724120018,-2.176885123321938,0.0],[107.46744776779713,-2.1630142778720369,0.0],[107.49424992902209,-2.1508703766116919,0.0],[107.52178895390608,-2.1405054215903192,0.0],[107.54994691611648,-2.1319637971367911,0.0],[107.57375970727196,-2.1262732290510939,0.0],[107.74522210961641,-2.0902030793114359,0.0],[107.75006564128103,-2.089211930058184,0.0],[107.77909761393664,-2.0844187319737562,0.0],[107.80838091706403,-2.08153457835374,0.0],[107.83779015506337,-2.0805718195869081,0.0],[107.86719939306295,-2.08153457835374,0.0],[107.89648269619016,-2.0844187319737562,0.0],[107.92551466884595,-2.089211930058184,0.0],[107.95417099166588,-2.0958936473968488,0.0],[107.98232895387633,-2.1044352718505479,0.0],[108.00986797876027,-2.1148002268718642,0.0],[108.03667013998529,-2.1269441281324362,0.0],[108.05340832108118,-2.135639580996326,0.0],[108.15695594942673,-2.1549877662099561,0.0],[108.16208937587828,-2.1559778805793139,0.0],[108.19074569869804,-2.16265959791798,0.0],[108.21890366090844,-2.1712012223716779,0.0],[108.24644268579243,-2.1815661773929951,0.0],[108.27324484701739,-2.193710078653567,0.0],[108.29919537361434,-2.2075809241034108,0.0],[108.32418314144434,-2.2231193166530261,0.0],[108.33467990494523,-2.230350304664682,0.0],[108.47544650650843,-2.3302925247172079,0.0],[108.48886775061283,-2.34020093857248,0.0],[108.51161357741228,-2.3588679562066091,0.0],[108.53308982228384,-2.3789826545730079,0.0],[108.55320452065013,-2.4004588994447431,0.0],[108.57187153828454,-2.4232047262442511,0.0],[108.58901094015135,-2.4471227338493118,0.0],[108.60454933270091,-2.4721105016793672,0.0],[108.60625524894937,-2.4750914690939112,0.0],[108.68170284009557,-2.6081066058130769,0.0],[108.69386776929696,-2.631076164995704,0.0],[108.70601167055736,-2.657878326220668,0.0],[108.71637662557873,-2.6854173511045469,0.0],[108.72491825003272,-2.713575313315062,0.0],[108.73159996737138,-2.742231636134989,0.0],[108.73639316545569,-2.7712636087906621,0.0],[108.73927731907565,-2.8005469119179911,0.0],[108.74024007784254,-2.8299561499176211,0.0],[108.73927731907565,-2.85936538791708,0.0],[108.73639316545569,-2.8886486910444091,0.0],[108.73159996737138,-2.9176806637001391,0.0],[108.72491825003272,-2.946336986519952,0.0],[108.71637662557873,-2.974494948730467,0.0],[108.70601167055736,-3.0020339736144588,0.0],[108.69386776929696,-3.0288361348394228,0.0],[108.69321365379813,-3.03015708730976,0.0],[108.64172955229537,-3.1336994624510912,0.0],[108.63670341657303,-3.168072833600434,0.0],[108.6327946288294,-3.1907389319302411,0.0],[108.62611291149051,-3.2193952547502249,0.0],[108.61757128703692,-3.2475532169607391,0.0],[108.60720633201549,-3.2750922418447321,0.0],[108.59506243075509,-3.3018944030696389,0.0],[108.58119158530525,-3.327844929666639,0.0],[108.57469711264002,-3.3387360933203349,0.0],[108.55020248373387,-3.3785269461851608,0.0],[108.54115856384902,-3.3926235503612929,0.0],[108.52401916198221,-3.416541557966525,0.0],[108.5053521443478,-3.439287384766033,0.0],[108.48523744598151,-3.460763629637825,0.0],[108.46376120110995,-3.4808783280039961,0.0],[108.4410153743105,-3.499545345638353,0.0],[108.41709736670543,-3.51668474750528,0.0],[108.40483585424442,-3.524592932082157,0.0],[108.37454806997943,-3.5434386645137579,0.0],[108.37320294077301,-3.5447895085443411,0.0],[108.35172669590128,-3.564904206910569,0.0],[108.3289808691016,-3.583571224544869,0.0],[108.30506286149654,-3.600710626411797,0.0],[108.28007509366654,-3.616249018961526,0.0],[108.25412456706965,-3.630119864411256,0.0],[108.22732240584446,-3.642263765671828,0.0],[108.1997833809607,-3.652628720693031,0.0],[108.17162541875007,-3.6611703451468429,0.0],[108.14296909593014,-3.6678520624856219,0.0],[108.11393712327452,-3.6726452605699929,0.0],[108.08465382014731,-3.675529414189953,0.0],[108.05524458214774,-3.6764921729568978,0.0],[108.026160911857,-3.6755506344100008,0.0],[107.94802614623143,-3.6704863440453441,0.0],[107.94770057852281,-3.6704651238253518,0.0],[107.91841727539543,-3.6675809702053361,0.0],[107.88938530273981,-3.662787772120851,0.0],[107.86072897991971,-3.6561060547823558,0.0],[107.83257101770948,-3.6475644303285431,0.0],[107.80503199282532,-3.63719947530717,0.0],[107.7974405410248,-3.6339731029344189,0.0],[107.77923198448985,-3.6389981539094829,0.0],[107.77599065312353,-3.6398796550426482,0.0],[107.7473343303036,-3.6465613723814272,0.0],[107.71830235764804,-3.6513545704657422,0.0],[107.69754606842127,-3.65359835387676,0.0],[107.65238086659815,-3.6574224098662849,0.0],[107.64385385269748,-3.6580627800753969,0.0],[107.6144446146979,-3.6590255388422861,0.0],[107.58503537669856,-3.6580627800753969,0.0],[107.55575207357117,-3.6551786264553812,0.0],[107.52672010091538,-3.6503854283708961,0.0],[107.49806377809546,-3.6437037110322881,0.0],[107.469905815885,-3.6351620865785321,0.0],[107.44236679100106,-3.6247971315572158,0.0],[107.41556462977604,-3.612653230296814,0.0],[107.3896141031791,-3.5987823848468,0.0],[107.3646263353491,-3.5832439922973549,0.0],[107.34070832774404,-3.5661045904302568,0.0],[107.31796250094442,-3.5474375727958432,0.0],[107.29648625607251,-3.527322874429728,0.0],[107.27637155770634,-3.5058466295579929,0.0],[107.25770454007215,-3.4831008027584289,0.0],[107.24056513820511,-3.4591827951533669,0.0],[107.22502674565544,-3.4341950273233688,0.0],[107.21115590020543,-3.408244500726255,0.0],[107.19901199894537,-3.3814423395013482,0.0],[107.18864704392399,-3.3539033146174688,0.0],[107.18590842767787,-3.3448753067502248,0.0],[107.16616598626109,-3.36336612097233,0.0],[107.14342015946158,-3.38203313860663,0.0],[107.11950215185652,-3.399172540473558,0.0],[107.09451438402652,-3.4147109330231729,0.0],[107.06856385742941,-3.428581778473017,0.0],[107.04176169620445,-3.4407256797335322,0.0],[107.01422267132045,-3.4510906347547921,0.0],[106.98606470911,-3.45963225920849,0.0],[106.95740838629013,-3.466313976547212,0.0],[106.92837641363451,-3.4711071746315838,0.0],[106.8990931105069,-3.4739913282516,0.0],[106.86968387250738,-3.474954087018546,0.0],[106.86645218082776,-3.4748482923869228,0.0],[106.86609559570991,-3.475038891103452,0.0],[106.83929343448472,-3.487182792363853,0.0],[106.81175440960095,-3.49754774738517,0.0],[106.78359644739032,-3.5060893718389252,0.0],[106.7549401245704,-3.5127710891776469,0.0],[106.72590815191478,-3.517564287262132,0.0],[106.69662484878756,-3.5204484408820922,0.0],[106.66721561078799,-3.52141119964881,0.0],[106.66434374676959,-3.5214020286438772,0.0],[106.6077063769776,-3.5210402936177729,0.0],[106.58116900299649,-3.5200867058558738,0.0],[106.5518856998691,-3.5172025522361419,0.0],[106.52285372721349,-3.5124093541517141,0.0],[106.50201871502469,-3.5077482300168872,0.0],[106.43824999757669,-3.4918835653033971,0.0],[106.43042868694533,-3.4898629720993308,0.0],[106.42207728525926,-3.4873296020942921,0.0],[106.40754202738231,-3.51070419814846,0.0],[106.39040262551543,-3.534622205753521,0.0],[106.37173560788108,-3.557368032553029,0.0],[106.37016763197317,-3.5591464861633431,0.0],[106.32258850277401,-3.6128264575741582,0.0],[106.33380510652722,-3.6341157157808648,0.0],[106.34594900778745,-3.660917877005943,0.0],[106.35631396280883,-3.688456901889936,0.0],[106.36485558726258,-3.716614864100336,0.0],[106.3715373046013,-3.7452711869202631,0.0],[106.37633050268562,-3.7743031595759362,0.0],[106.37921465630575,-3.8035864627032652,0.0],[106.38017741507264,-3.8329957007027251,0.0],[106.37942935796519,-3.858922224938397,0.0],[106.37663883062157,-3.9072396891312451,0.0],[106.37642412896196,-3.9107224028952028,0.0],[106.373539975342,-3.9400057060225322,0.0],[106.36874677725768,-3.9690376786781481,0.0],[106.36206505991902,-3.9976940014981319,0.0],[106.35352343546521,-4.0258519637086474,0.0],[106.35049968886597,-4.0344710221277182,0.0],[106.29072966381489,-4.199458979772146,0.0],[106.33176874552419,-4.491322449033305,0.0],[106.33230218237321,-4.4952410664798208,0.0],[106.33518633599311,-4.52452436960732,0.0],[106.33582332378131,-4.5368202532804389,0.0],[106.33985408550024,-4.6426535866141876,0.0],[106.33921709771181,-4.6891761789399879,0.0],[106.33862542562844,-4.6971235692352593,0.0],[106.32969875043898,-4.8042023443103972,0.0],[106.33657527864841,-4.9932163894380892,0.0],[106.33650209934046,-4.998248161641925,0.0],[106.3368725648121,-5.0095647111243116,0.0],[106.33590980604515,-5.0389739491236014,0.0],[106.33433923370774,-5.057228772489168,0.0],[106.28533995766168,-5.5168818649311788,0.0],[106.29377672555455,-5.5213077629028362,0.0],[106.30429691539359,-5.5271662759020046,0.0],[106.39672285105519,-5.5368816496899171,0.0],[106.40840815191365,-5.5382647606333526,0.0],[106.43744012456909,-5.543057958717668,0.0],[106.46609644738919,-5.549739676056447,0.0],[106.48138330652438,-5.5541269512530107,0.0],[106.53504337725803,-5.5705597139351539,0.0],[106.58650636607047,-5.5725968916262332,0.0],[106.59812956883911,-5.5732077554511079,0.0],[106.6274128719665,-5.57609190907101,0.0],[106.63686905812807,-5.5774391631304638,0.0],[106.72391350842372,-5.5907854192510058,0.0],[106.72835555945596,-5.586280424768006,0.0],[106.74983180432753,-5.5661657264017776,0.0],[106.77257763112715,-5.5474987087676482,0.0],[106.79649563873221,-5.53035930690055,0.0],[106.82148340656221,-5.5148209143509348,0.0],[106.84743393315915,-5.5009500689010906,0.0],[106.87423609438434,-5.4888061676406892,0.0],[106.90177511926811,-5.47844121261943,0.0],[106.92993308147857,-5.4698995881656174,0.0],[106.95858940429866,-5.4632178708267247,0.0],[106.98762137695422,-5.4584246727425239,0.0],[107.01690468008167,-5.4555405191225077,0.0],[107.04631391808101,-5.4545777603555621,0.0],[107.07572315608058,-5.4555405191225077,0.0],[107.10500645920797,-5.45842467274241,0.0],[107.13403843186359,-5.4632178708267247,0.0],[107.16269475468368,-5.4698995881656174,0.0],[107.19085271689414,-5.478441212619316,0.0],[107.21839174177791,-5.4888061676406892,0.0],[107.23326487722113,-5.4952835602748564,0.0],[107.28592645323681,-5.5193574235962046,0.0],[107.38688247072128,-5.53180026811259,0.0],[107.39057042405284,-5.5322702944876028,0.0],[107.41960239670857,-5.5370634925720879,0.0],[107.4482587195285,-5.5437452099107531,0.0],[107.47641668173878,-5.5522868343644518,0.0],[107.50395570662289,-5.5626517893857681,0.0],[107.53075786784791,-5.5747956906462832,0.0],[107.55670839444485,-5.5886665360960137,0.0],[107.58169616227485,-5.604204928645629,0.0],[107.59040847216261,-5.6101754896875491,0.0],[107.63247308804802,-5.6397344089584749,0.0],[107.64767878576129,-5.6509032497805256,0.0],[107.67042461256517,-5.6695702674177824,0.0],[107.69190085743674,-5.6896849657841813,0.0],[107.71098168371856,-5.7099864355648151,0.0],[107.76281567890192,-5.7686784670339648,0.0],[107.78883368475425,-5.7694162176725854,0.0],[107.80549773290647,-5.7701983153478977,0.0],[107.83478103603369,-5.7730824689675728,0.0],[107.8357555013219,-5.7732118435272923,0.0],[107.94344918621829,-5.7876295681366514,0.0],[107.9715066935857,-5.7922933916615307,0.0],[108.00016301640562,-5.7989751090003674,0.0],[108.02832097861608,-5.8075167334540652,0.0],[108.03201529035738,-5.8087887095051087,0.0],[108.1170168100868,-5.8384689922205553,0.0],[108.13812806846272,-5.8322547313961763,0.0],[108.16678439128248,-5.8255730140573414,0.0],[108.19581636393826,-5.8207798159729691,0.0],[108.22509966706548,-5.8178956623531226,0.0],[108.23674282414237,-5.8172840090746831,0.0],[108.27725714705912,-5.8156820396737317,0.0],[108.32443246598154,-5.8162936929520583,0.0],[108.35371576910876,-5.8191778465720736,0.0],[108.38274774176455,-5.82397104465656,0.0],[108.4114040645843,-5.8306527619952249,0.0],[108.43956202679487,-5.83919438644881,0.0],[108.4671010516787,-5.8495593414702967,0.0],[108.49390321290383,-5.8617032427307549,0.0],[108.51985373950077,-5.8755740881805991,0.0],[108.52637191571642,-5.8794108109996159,0.0],[108.56151188967482,-5.9004947953746978,0.0],[108.57998148128917,-5.9121964651052394,0.0],[108.60389948889423,-5.9293358669723366,0.0],[108.62664531569408,-5.9480028846065807,0.0],[108.64812156056564,-5.968117582972809,0.0],[108.661022771435,-5.9815648893958269,0.0],[108.73685415043161,-6.0639577524055426,0.0],[108.81925327828424,-6.1392702031300246,0.0],[108.83384665822268,-6.1532225634421707,0.0],[108.8539613565888,-6.1746988083139058,0.0],[108.87262837422321,-6.19744463511347,0.0],[108.88976777609003,-6.2213626427185318,0.0],[108.90530616863975,-6.24635041054853,0.0],[108.91917701408977,-6.2723009371454737,0.0],[108.91954775246501,-6.27305449336626,0.0],[108.94166526548611,-6.3181163423247426,0.0],[108.95343842837087,-6.3441649473290909,0.0],[108.96040351922568,-6.3620506405778769,0.0],[109.05170042408224,-6.3688324697395728,0.0],[109.07708246833033,-6.3714438784752474,0.0],[109.09822216293509,-6.3747403626100549,0.0],[109.29507403738609,-6.4102533553220269,0.0],[109.30175440842947,-6.4068896034099794,0.0],[109.32855656965449,-6.3947457021495779,0.0],[109.35609559453843,-6.3843807471282048,0.0],[109.38425355674889,-6.3758391226745061,0.0],[109.41290987956882,-6.369157405335784,0.0],[109.44194185222437,-6.3643642072514686,0.0],[109.47122515535182,-6.3614800536314533,0.0],[109.50063439335133,-6.3605172948644508,0.0],[109.53004363135074,-6.3614800536314533,0.0],[109.55932693447812,-6.3643642072514686,0.0],[109.58835890713374,-6.369157405335784,0.0],[109.61701522995384,-6.3758391226745061,0.0],[109.64517319216424,-6.3843807471282048,0.0],[109.65868665631712,-6.3892097706083177,0.0],[109.72204299449749,-6.4129968508710817,0.0],[109.90311706748037,-6.45928466025623,0.0],[109.93311288908649,-6.4627819309368419,0.0],[110.00882467837141,-6.4528843787040273,0.0],[110.03770220613546,-6.4500534585796458,0.0],[110.05473365339543,-6.4492610934310619,0.0],[110.18609514428158,-6.445643743170649,0.0],[110.2278821730203,-6.4464361083191761,0.0],[110.2408520723402,-6.4474748542511966,0.0],[110.24695738284606,-6.4289601821575957,0.0],[110.24820189419654,-6.4252407560674669,0.0],[110.25856684921797,-6.3977017311834743,0.0],[110.27071075047837,-6.3708995699585671,0.0],[110.27464191514184,-6.3631190046193637,0.0],[110.30141030706909,-6.3113908958951006,0.0],[110.31134998785541,-6.2932209346373043,0.0],[110.32688838040497,-6.2682331668073061,0.0],[110.34402778227195,-6.2443151592021309,0.0],[110.34809183275155,-6.2390986586960366,0.0],[110.38426533535591,-6.1933650161176956,0.0],[110.39886830251055,-6.1758356898243392,0.0],[110.41898300087684,-6.154359444952604,0.0],[110.44045924574857,-6.1342447465863188,0.0],[110.46320507254825,-6.1155777289520756,0.0],[110.48712308015331,-6.0984383270849776,0.0],[110.49779816104456,-6.09152183948305,0.0],[110.54503042015943,-6.0618595673476534,0.0],[110.55934310709796,-6.053237662400079,0.0],[110.58529363369507,-6.0393668169501211,0.0],[110.61209579492009,-6.02722291568972,0.0],[110.63026279865096,-6.0201552413397508,0.0],[110.68090570229708,-6.0017067550115826,0.0],[110.69027772344998,-5.9984094743402352,0.0],[110.71843568566044,-5.989867849886366,0.0],[110.74709200848054,-5.9831861325476439,0.0],[110.7761239811361,-5.978392934463443,0.0],[110.80540728426354,-5.9755087808434837,0.0],[110.83481652226288,-5.9745460220764812,0.0],[110.86422576026246,-5.9755087808434837,0.0],[110.87221460341425,-5.9761039105954978,0.0],[111.00967391331079,-5.9875760785642456,0.0],[111.03096837328604,-5.9898651024321907,0.0],[111.06000034594183,-5.9946583005165621,0.0],[111.08865666876176,-6.0013400178552843,0.0],[111.11681463097221,-6.0098816423089829,0.0],[111.14435365585615,-6.0202465973303561,0.0],[111.17115581708117,-6.0323904985907566,0.0],[111.19710634367812,-6.0462613440406017,0.0],[111.22209411150811,-6.0617997365903884,0.0],[111.24601211911335,-6.0789391384572582,0.0],[111.2687579459128,-6.097606156091615,0.0],[111.29023419078453,-6.1177208544578434,0.0],[111.29364668424176,-6.1211703720766764,0.0],[111.32206872200243,-6.1502125270247348,0.0],[111.33877092691131,-6.1682392542773528,0.0],[111.35743794454572,-6.1909850810770877,0.0],[111.36005553946131,-6.1944305968585809,0.0],[111.37589620733741,-6.2154911216674691,0.0],[111.39676811525368,-6.210820816793273,0.0],[111.42580008790947,-6.2060276187089576,0.0],[111.45508339103691,-6.2031434650889423,0.0],[111.45582273854916,-6.2030956173780956,0.0],[111.51163328542418,-6.199529943549976,0.0],[111.56971241391113,-6.1995777912609364,0.0],[111.59899571703841,-6.2024619448809517,0.0],[111.62802768969419,-6.2072551429652663,0.0],[111.65668401251406,-6.2139368603040452,0.0],[111.68484197472435,-6.2224784847577439,0.0],[111.71238099960851,-6.232843439779117,0.0],[111.73783148796866,-6.2443235811301747,0.0],[111.84108099968785,-6.2948114554790777,0.0],[111.84243267255266,-6.295475215388592,0.0],[111.8683831991496,-6.3093460608386067,0.0],[111.8933709669796,-6.324884453388222,0.0],[111.91728897458466,-6.34202385525515,0.0],[111.9191742809503,-6.3434784489851381,0.0],[112.04725793805494,-6.3599545933238906,0.0],[112.04858067797772,-6.3601267398034338,0.0],[112.07761265063345,-6.3649199378877483,0.0],[112.10626897345321,-6.37160165522647,0.0],[112.13442693566378,-6.380143279680226,0.0],[112.1619659605476,-6.3905082347015423,0.0],[112.1887681217728,-6.4026521359620574,0.0],[112.21471864836985,-6.4165229814117879,0.0],[112.23970641619985,-6.4320613739615169,0.0],[112.26079786220487,-6.4470495628086724,0.0],[112.28513882753634,-6.4455739186479377,0.0],[112.2870353454947,-6.4455785651799147,0.0],[112.31234907435226,-6.4447498795001934,0.0],[112.34175831235166,-6.4457126382671959,0.0],[112.34427739932357,-6.4458848523424876,0.0],[112.46551030948035,-6.4545148165352657,0.0],[112.49227452563571,-6.45722675607999,0.0],[112.52130649829144,-6.4620199541643046,0.0],[112.53087698560182,-6.4640320759284577,0.0],[112.63650361320617,-6.4874414997566419,0.0],[112.65558944871589,-6.4921110953312109,0.0],[112.66967448533774,-6.4963837444790329,0.0],[112.69599960352207,-6.4844559886083744,0.0],[112.72353862840589,-6.4740910335869444,0.0],[112.75169659061646,-6.465549409133132,0.0],[112.78035291343656,-6.4588676917945236,0.0],[112.80938488609218,-6.4540744937100376,0.0],[112.82328852953674,-6.4524637611931439,0.0],[113.02255285245417,-6.4325166583284954,0.0],[113.03793251213688,-6.4312432372254307,0.0],[113.06391010516575,-6.4302935731655,0.0],[113.97124490334647,-6.4233689312383717,0.0],[114.00408578631686,-6.4243185952983586,0.0],[114.03336908944414,-6.4272027489182051,0.0],[114.06240106209975,-6.43199594700252,0.0],[114.09105738491962,-6.4386776643412418,0.0],[114.11921534713008,-6.447219288795111,0.0],[114.1467543720139,-6.4575842438164273,0.0],[114.17355653323909,-6.4697281450768864,0.0],[114.19950705983615,-6.48359899052673,0.0],[114.22449482766615,-6.4991373830762882,0.0],[114.24841283527121,-6.5162767849433862,0.0],[114.27115866207089,-6.5349438025775726,0.0],[114.27190203855855,-6.5355971749178821,0.0],[114.37081072996511,-6.622723639762,0.0],[114.37274257003139,-6.6245370004922961,0.0],[114.3783265089744,-6.6247197997261651,0.0],[114.40760981210178,-6.6276039533461244,0.0],[114.4366417847574,-6.6323971514304958,0.0],[114.44088987487851,-6.63326345960138,0.0],[114.47551308451398,-6.6404981601224344,0.0],[114.49992131721285,-6.6463135692901014,0.0],[114.52807927942331,-6.654855193743856,0.0],[114.55561830430725,-6.6652201487651723,0.0],[114.58242046553255,-6.6773640500256866,0.0],[114.60837099212938,-6.6912348954754179,0.0],[114.63335875995938,-6.7067732880251469,0.0],[114.65727676756444,-6.7239126898921313,0.0],[114.68002259436389,-6.7425797075263736,0.0],[114.7014988392358,-6.7626944058924892,0.0],[114.72161353760191,-6.7841706507642812,0.0],[114.74028055523615,-6.8069164775637887,0.0],[114.75741995710314,-6.83083448516885,0.0],[114.77295834965287,-6.8558222529988484,0.0],[114.77504535853586,-6.8595256066969341,0.0],[114.77633151319208,-6.8464670593277219,0.0],[114.78112471127645,-6.8174350866721056,0.0],[114.78780642861511,-6.7887787638521218,0.0],[114.79634805306887,-6.7606208016417781,0.0],[114.80671300809047,-6.7330817767577864,0.0],[114.8073922076145,-6.7314511108340866,0.0],[114.82578901751037,-6.6875261433859814,0.0],[114.83725371924663,-6.6623546480846016,0.0],[114.85112456469642,-6.6364041214876579,0.0],[114.86666295724615,-6.61141635365766,0.0],[114.88380235911313,-6.5874983460525982,0.0],[114.90246937674738,-6.564752519252977,0.0],[114.92258407511349,-6.5432762743812418,0.0],[114.9440603199854,-6.5231615760150126,0.0],[114.96680614678485,-6.50449455838077,0.0],[114.99072415439014,-6.4873551565137859,0.0],[115.01571192222013,-6.4718167639640569,0.0],[115.04166244881719,-6.4579459185143264,0.0],[115.06846461004204,-6.4458020172538113,0.0],[115.09600363492598,-6.4354370622326087,0.0],[115.12416159713644,-6.42689543777874,0.0],[115.15177610073204,-6.4204222309987244,0.0],[115.26494748745142,-6.3976329243581631,0.0],[115.26598930667558,-6.3974244137993423,0.0],[115.29502127933131,-6.3926312157149141,0.0],[115.32430458245858,-6.389747062094898,0.0],[115.3537138204581,-6.388784303328066,0.0],[115.36327078157979,-6.38888587519898,0.0],[115.42404226595522,-6.3901777860062907,0.0],[115.44389454283294,-6.3910389729022086,0.0],[115.47317784596032,-6.3939231265223953,0.0],[115.50220981861594,-6.39871632460671,0.0],[115.53086614143569,-6.4053980419454319,0.0],[115.55902410364627,-6.4139396663991306,0.0],[115.58656312853009,-6.4243046214206174,0.0],[115.60616865369502,-6.4329786731471472,0.0],[115.67086754692457,-6.46346776819928,0.0],[115.67806418298483,-6.4669376177330378,0.0],[115.70401470958177,-6.4808084631829388,0.0],[115.72900247741177,-6.4963468557324973,0.0],[115.73750091417764,-6.5021672203764069,0.0],[115.78256276313618,-6.5337931969390874,0.0],[115.79798233397526,-6.5451122341623318,0.0],[115.82072816077471,-6.563779251796575,0.0],[115.84220440564661,-6.58389395016269,0.0],[115.86231910401273,-6.6053701950343111,0.0],[115.88098612164697,-6.6281160218339892,0.0],[115.89812552351395,-6.6520340294390508,0.0],[115.91106796699444,-6.6725842607138466,0.0],[115.93287542142139,-6.7093778805056559,0.0],[115.93547137049086,-6.7138154170608573,0.0],[115.94934221594065,-6.7397659436578579,0.0],[115.96148611720105,-6.7665681048829356,0.0],[115.97185107222242,-6.7941071297669282,0.0],[115.98039269667606,-6.8222650919773287,0.0],[115.98707441401496,-6.8509214147972557,0.0],[115.99186761209921,-6.8799533874529857,0.0],[115.99475176571934,-6.909236690580201,0.0],[115.99571452448629,-6.938645928579831,0.0],[115.99475176571934,-6.96805516657929,0.0],[115.99186761209944,-6.9973384697066194,0.0],[115.98707441401496,-7.0263704423624631,0.0],[115.98039269667606,-7.0550267651823333,0.0],[115.97331832811942,-7.0783478329217839,0.0],[116.2207137378962,-6.97954680781838,0.0],[117.72120201914626,-6.4762509093809371,0.0],[118.3635360035212,-6.3580868468809228,0.0],[118.9010115894587,-6.3315975890684513,0.0],[119.45716393320876,-6.3655331359434371,0.0],[120.02628003460812,-6.4894990194165656,0.0],[120.02221286086944,-6.4648645113711609,0.0],[120.01932870724954,-6.435581208243832,0.0],[120.018873523082,-6.4275311695586774,0.0],[120.01466348297083,-6.339000040366443,0.0],[120.01001089850752,-6.3253664424512976,0.0],[120.00977660126694,-6.3246780542125407,0.0],[120.00123497681329,-6.2965200920021971,0.0],[119.9945532594744,-6.2678637691822132,0.0],[119.98976006139026,-6.2388317965264832,0.0],[119.98687590777035,-6.2095484933991543,0.0],[119.98591314900307,-6.1801392553996948,0.0],[119.98687590777035,-6.1507300174000648,0.0],[119.98976006139026,-6.1214467142727358,0.0],[119.99364520956055,-6.0971101776003707,0.0],[119.9978730016752,-6.0746074131182581,0.0],[119.96240153307383,-6.0920040320405633,0.0],[119.93647849313095,-6.1037155885984484,0.0],[119.90893946824713,-6.1140805436197638,0.0],[119.88078150603656,-6.1226221680733488,0.0],[119.85212518321646,-6.1293038854121846,0.0],[119.82309321056084,-6.134097083496556,0.0],[119.81244293577379,-6.1353701861322074,0.0],[119.76531402952367,-6.1404344764966936,0.0],[119.74668100118333,-6.1420455274810593,0.0],[119.71727176318393,-6.1430082862478912,0.0],[119.68786252518441,-6.1420455274810593,0.0],[119.65857922205714,-6.1391613738611568,0.0],[119.62954724940141,-6.1343681757767294,0.0],[119.60089092658131,-6.1276864584380064,0.0],[119.57273296437086,-6.1191448339842509,0.0],[119.54519393948704,-6.1087798789629346,0.0],[119.51839177826207,-6.0966359777025332,0.0],[119.51153843311522,-6.0931832702659676,0.0],[119.35165155160405,-6.01091439005728,0.0],[119.33255437015396,-6.0004962520438312,0.0],[119.30756660232396,-5.9849578594943864,0.0],[119.2836485947189,-5.9678184576272324,0.0],[119.26090276791922,-5.9491514399929883,0.0],[119.24794444252927,-5.9373323488962342,0.0],[119.15368663002903,-5.84793212103142,0.0],[119.1451687105473,-5.8396365137619446,0.0],[119.12848853118135,-5.8220314213590427,0.0],[119.04156877206617,-5.7251897872440054,0.0],[119.03813425306589,-5.7213186347751162,0.0],[119.01946723543176,-5.6985728079756646,0.0],[119.00232783356455,-5.67465480037049,0.0],[118.98678944101516,-5.6496670325404921,0.0],[118.97291859556549,-5.6237165059433778,0.0],[118.96077469430509,-5.5969143447184706,0.0],[118.9504097392836,-5.5693753198345917,0.0],[118.94186811482962,-5.5412173576241912,0.0],[118.93518639749084,-5.51256103480415,0.0],[118.93106976715455,-5.4884573001568242,0.0],[118.9152567788733,-5.3778180586199369,0.0],[118.91458021112544,-5.37288982061159,0.0],[118.9116960575052,-5.3436065174842611,0.0],[118.91073329873848,-5.3141972794848016,0.0],[118.9116960575052,-5.2847880414851716,0.0],[118.91458021112544,-5.2555047383579563,0.0],[118.91937340920992,-5.2264727657022831,0.0],[118.92590956928552,-5.1983610351900316,0.0],[118.95619195860843,-5.08477623701242,0.0],[118.9563375158715,-5.0842316447047438,0.0],[118.96487914032548,-5.0560736824942856,0.0],[118.9666840322418,-5.0508618755831094,0.0],[119.00957547104406,-4.9294222596970494,0.0],[119.01813553414877,-4.90709504172446,0.0],[119.01989822904534,-4.9028996904392557,0.0],[119.06715778177806,-4.791993107854239,0.0],[119.06606478261449,-4.7552515205840109,0.0],[119.06682870724546,-4.7124715538527084,0.0],[119.06971286086559,-4.6831882507253786,0.0],[119.07450605894985,-4.6541562780697632,0.0],[119.0807946565518,-4.6269771367101953,0.0],[119.11014687009367,-4.5159244837150254,0.0],[119.11053998983039,-4.5144473022544958,0.0],[119.11908161428403,-4.4862893400439816,0.0],[119.1294465693054,-4.4587503151601027,0.0],[119.13590699450026,-4.44391430044584,0.0],[119.16131931032146,-4.3883115127820824,0.0],[119.16329397528727,-4.3771794833843387,0.0],[119.17097121401821,-4.1257666045916608,0.0],[119.09458075137343,-3.9758670739454942,0.0],[119.0823530477968,-3.97863412628908,0.0],[119.05332107514107,-3.9834273243732241,0.0],[119.0240377720138,-3.98631147799324,0.0],[118.99462853401428,-3.9872742367601859,0.0],[118.96521929601477,-3.98631147799324,0.0],[118.93593599288749,-3.9834273243732241,0.0],[118.90690402023188,-3.97863412628908,0.0],[118.87824769741178,-3.971952408950131,0.0],[118.85008973520132,-3.9634107844964319,0.0],[118.82255071031739,-3.9530458294750588,0.0],[118.79574854909254,-3.9409019282147142,0.0],[118.76979802249548,-3.9270310827648132,0.0],[118.74481025466548,-3.9114926902152551,0.0],[118.72311695782003,-3.896049399998049,0.0],[118.65066659974673,-3.8411690289041762,0.0],[118.64844188898712,-3.8394729172542839,0.0],[118.62569606218767,-3.8208058996199838,0.0],[118.60421981731577,-3.800691201253755,0.0],[118.58410511894976,-3.77921495638202,0.0],[118.56543810131541,-3.7564691295824559,0.0],[118.54829869944854,-3.7325511219773939,0.0],[118.5440380471731,-3.7260537801874989,0.0],[118.48957108753746,-3.6414077840932459,0.0],[118.47829334726316,-3.622917358053257,0.0],[118.46442250181337,-3.5969668314562568,0.0],[118.45227860055297,-3.570164670231236,0.0],[118.44191364553137,-3.542625645347357,0.0],[118.43656945285511,-3.5258045643661831,0.0],[118.40163618462566,-3.4078789458761212,0.0],[118.39843875284839,-3.3965420646468938,0.0],[118.3917570355095,-3.3678857418267971,0.0],[118.38904584283523,-3.35294071978268,0.0],[118.3687886813766,-3.229434046605093,0.0],[118.36670667596673,-3.215347095993593,0.0],[118.36382252234694,-3.1860637928662641,0.0],[118.36285976357999,-3.156654554866634,0.0],[118.36382252234694,-3.1272453168672878,0.0],[118.36429816400619,-3.1207168835659331,0.0],[118.37359992181871,-3.0047032930705768,0.0],[118.37600843377936,-2.981948423244603,0.0],[118.37922843151455,-2.961233868644968,0.0],[118.36825272164629,-2.9368183160620451,0.0],[118.35788776662491,-2.9092792911781089,0.0],[118.34934614217127,-2.8811213289676521,0.0],[118.34266442483238,-2.852465006147725,0.0],[118.33787122674789,-2.823433033492051,0.0],[118.33498707312799,-2.794149730364722,0.0],[118.33404422882029,-2.7689724086806682,0.0],[118.33363081736218,-2.725047441232562,0.0],[118.33361090290293,-2.7208155249170431,0.0],[118.33457366166999,-2.6914062869175841,0.0],[118.33745781528978,-2.6621229837901978,0.0],[118.34225101337393,-2.633091011134582,0.0],[118.34893273071282,-2.604434688314655,0.0],[118.35747435516657,-2.57627672610414,0.0],[118.36783931018795,-2.548737701220261,0.0],[118.37998321144835,-2.521935539995297,0.0],[118.39385405689825,-2.49598501339824,0.0],[118.40939244944775,-2.4709972455682419,0.0],[118.40959560394253,-2.470693470677134,0.0],[118.43533046722371,-2.4322462050519111,0.0],[118.45226671459602,-2.4086319723379011,0.0],[118.47093373223026,-2.3858861455383931,0.0],[118.49104843059672,-2.3644099006666579,0.0],[118.51252467546828,-2.344295202300259,0.0],[118.53527050226796,-2.32562818466613,0.0],[118.54508425693552,-2.318307917327957,0.0],[118.58942263584163,-2.2861651764425228,0.0],[118.60352688877936,-2.276346041913484,0.0],[118.62851465660935,-2.2608076493638691,0.0],[118.65446518320641,-2.2469368039140249,0.0],[118.6812673444316,-2.234792902653624,0.0],[118.6893313470315,-2.231543655736687,0.0],[118.68948739865027,-2.229057247202149,0.0],[118.69237155227017,-2.199773944074821,0.0],[118.69716475035466,-2.1707419714191469,0.0],[118.70384646769332,-2.14208564859922,0.0],[118.70608286168067,-2.1340389769908938,0.0],[118.74018930699333,-2.0155965941779641,0.0],[118.74649453745974,-1.995485303575776,0.0],[118.75685949248111,-1.9679462786917841,0.0],[118.7690033937414,-1.9411441174667059,0.0],[118.78287423919141,-1.915193590869706,0.0],[118.7915183662127,-1.9008455226066869,0.0],[118.86004131543177,-1.791756574038573,0.0],[118.86693558095988,-1.7811168744715931,0.0],[118.87293485320686,-1.772363711152821,0.0],[118.87114662601118,-1.764939788663241,0.0],[118.86728356545973,-1.747364501585992,0.0],[118.86249036737524,-1.718332528930375,0.0],[118.85960621375511,-1.689049225802989,0.0],[118.8586434549884,-1.659639987803416,0.0],[118.85960621375511,-1.6302307498039,0.0],[118.86249036737524,-1.600947446676571,0.0],[118.86721442749808,-1.572263772707458,0.0],[118.86602960161326,-1.5646292179461061,0.0],[118.86455742466683,-1.5543632092682169,0.0],[118.86167327104704,-1.525079906140888,0.0],[118.86076352879968,-1.5025754573728141,0.0],[118.8594199415603,-1.4150872575028191,0.0],[118.85949494903628,-1.412093196785918,0.0],[118.85936692504026,-1.408182468271207,0.0],[118.86032968380721,-1.3787732302715769,0.0],[118.86321383742711,-1.3494899271444181,0.0],[118.8680070355116,-1.3204579544885751,0.0],[118.87468875285037,-1.2918016316687611,0.0],[118.87883918816772,-1.277290656127946,0.0],[118.92896532749091,-1.1125461899814011,0.0],[118.93335651662733,-1.098899203311817,0.0],[118.94372147164836,-1.0713601784278239,0.0],[118.94796809742206,-1.061445921845461,0.0],[119.09700292815182,-0.724722289031547,0.0],[119.10490020363875,-0.707834384389002,0.0],[119.11877104908842,-0.681883857791888,0.0],[119.13430944163815,-0.65689608996189,0.0],[119.15144884350514,-0.632978082356829,0.0],[119.15923772478266,-0.623115885005802,0.0],[119.30455185238736,-0.444315429275889,0.0],[119.31236725499014,-0.435059179140637,0.0],[119.27570368201202,-0.144824870068987,0.0],[119.27312102495489,-0.117878978400825,0.0],[119.27215826618772,-0.088469740401365,0.0],[119.27312102495489,-0.059060502401735,0.0],[119.27600517857479,-0.029777199274406,0.0],[119.28079837665894,-0.00074522661879,0.0],[119.28748009399783,0.027911096201137,0.0],[119.29602171845147,0.056069058411538,0.0],[119.30081242249662,0.069480422012361,0.0],[119.31486841207993,0.106945835424028,0.0],[119.32044266305627,0.121073496707197,0.0],[119.33258656431667,0.147875657932161,0.0],[119.34645740976669,0.173826184529105,0.0],[119.36106152443358,0.197311511308783,0.0],[119.36010984698544,0.217177778034113,0.0],[119.36014992182902,0.221736217850662,0.0],[119.3595947896257,0.238693752438394,0.0],[119.36055754839276,0.268102990437967,0.0],[119.36344170201232,0.297386293565353,0.0],[119.3682349000967,0.326418266220969,0.0],[119.37491661743559,0.355074589041067,0.0],[119.38345824188934,0.383232551251467,0.0],[119.39382319691072,0.410771576135289,0.0],[119.405967098171,0.437573737360253,0.0],[119.40767185761786,0.440993932095864,0.0],[119.51164483938908,0.647389602669705,0.0],[119.52381092539224,0.669919934531208,0.0],[119.53934931794208,0.694907702361206,0.0],[119.55648871980895,0.718825709966268,0.0],[119.57515573744331,0.741571536765775,0.0],[119.59527043580931,0.763047781637511,0.0],[119.61512708096495,0.781735236985639,0.0],[119.61589264862243,0.782413151342439,0.0],[119.62213666951993,0.808897017428251,0.0],[119.63067829397369,0.837054979638651,0.0],[119.64104324899506,0.864594004522644,0.0],[119.65318715025546,0.891396165747608,0.0],[119.66705799570548,0.917346692344552,0.0],[119.68259638825486,0.94233446017472,0.0],[119.69973579012219,0.966252467779782,0.0],[119.71840280775609,0.988998294579289,0.0],[119.72675050983923,0.998255000686527,0.0],[119.77088218301628,1.0458489948272811,0.0],[119.7826491792996,1.058068533591779,0.0],[119.8041254241715,1.078183231958121,0.0],[119.82687125097129,1.096850249592308,0.0],[119.84066745643929,1.1070245923399971,0.0],[119.84694282181169,1.124302221677397,0.0],[119.85415685576697,1.142871592414451,0.0],[119.86630075702737,1.1696737536394719,0.0],[119.88017160247705,1.195624280236359,0.0],[119.89570999502655,1.2206120480663569,0.0],[119.91284939689365,1.2445300556714189,0.0],[119.931516414528,1.267275882471097,0.0],[119.95163111289412,1.288752127342832,0.0],[119.97310735776603,1.3088668257089471,0.0],[119.99585318456536,1.32753384334319,0.0],[120.01977119217042,1.344673245210174,0.0],[120.04475896000042,1.3602116377599029,0.0],[120.07070948659771,1.3740824832097469,0.0],[120.09751164782267,1.386226384470149,0.0],[120.12305991909329,1.395910371433956,0.0],[120.14734784227051,1.404281953465272,0.0],[120.14933859588382,1.4049629215228381,0.0],[120.17749655809394,1.41350454597665,0.0],[120.20615288091403,1.4201862633153159,0.0],[120.23197444265668,1.424545031659477,0.0],[120.26060318614634,1.4285241169459939,0.0],[120.26381359705942,1.428958546686147,0.0],[120.29309690018681,1.4318427003061061,0.0],[120.32250613818621,1.4328054590729951,0.0],[120.35191537618573,1.4318427003061061,0.0],[120.381198679313,1.428958546686147,0.0],[120.41023065196862,1.424165348601832,0.0],[120.43888697478872,1.41748363126294,0.0],[120.44059203439986,1.417023171115432,0.0],[120.48613514224598,1.490272278759164,0.0],[120.49412308096657,1.5026620155155681,0.0],[120.51126248283333,1.52658002312063,0.0],[120.5299295004678,1.549325849920081,0.0],[120.55004419883392,1.570802094791816,0.0],[120.57152044370582,1.590916793158158,0.0],[120.58319364614249,1.600807699349446,0.0],[120.62732531932,1.636929525521452,0.0],[120.63839794368243,1.645705636964351,0.0],[120.6623159512875,1.6628450388313349,0.0],[120.68730371911749,1.678383431380837,0.0],[120.71325424571467,1.692254276830681,0.0],[120.73510075991339,1.702310679502204,0.0],[120.78843083803872,1.7251516625752861,0.0],[120.79338648506496,1.727239161164221,0.0],[120.82092550994889,1.737604116185594,0.0],[120.84908347215935,1.7461457406391789,0.0],[120.86217575701824,1.749443964650425,0.0],[120.92129359555975,1.763396601369152,0.0],[120.93685763352096,1.7667800946967991,0.0],[120.96588960617692,1.7715732927812839,0.0],[120.9951729093043,1.774457446401186,0.0],[121.00995355031034,1.775182189762688,0.0],[121.06710768442508,1.777042541325272,0.0],[121.11114551941796,1.77631779796377,0.0],[121.14042882254535,1.7734336443436971,0.0],[121.16946079520108,1.768640446259383,0.0],[121.19811711802117,1.7619587289206611,0.0],[121.22627508023129,1.7534171044668481,0.0],[121.25381410511545,1.7430521494456459,0.0],[121.28061626634042,1.7309082481850739,0.0],[121.28725516690929,1.727565809267446,0.0],[121.33384315453395,1.7036258156266511,0.0],[121.38616749207529,1.703247322703078,0.0],[121.41545079520267,1.7003631690829479,0.0],[121.44448276785829,1.6955699709986329,0.0],[121.45814821896022,1.692630227463837,0.0],[121.50548383093962,1.6816748238178429,0.0],[121.52047470265768,1.677932850014145,0.0],[121.54863266486814,1.6693912255603891,0.0],[121.57617168975207,1.659026270539016,0.0],[121.60297385097738,1.6468823692785579,0.0],[121.62892437757398,1.63301152382877,0.0],[121.65391214540421,1.6174731312792121,0.0],[121.67783015300927,1.600333729412228,0.0],[121.68749569544866,1.59270458090549,0.0],[121.72346249232373,1.563507396660611,0.0],[121.7365427766839,1.552469527532935,0.0],[121.75801902155558,1.5323548291665929,0.0],[121.75903449864256,1.531336098499821,0.0],[121.83396600959793,1.536927163621669,0.0],[121.83801551998465,1.5372109457492229,0.0],[121.86742475798405,1.538173704516169,0.0],[121.89683399598357,1.5372109457492229,0.0],[121.92611729911096,1.53432679212932,0.0],[121.95514927176691,1.5295335940450061,0.0],[121.97161778160705,1.52593564551637,0.0],[122.16985675411388,1.4787156327517439,0.0],[122.45447915690045,1.4673826979225739,0.0],[122.46599822124642,1.46677596853533,0.0],[122.49528152437381,1.463891814915371,0.0],[122.52431349702942,1.4590986168308859,0.0],[122.55296981984941,1.4524168994922211,0.0],[122.56496439656985,1.449024091757906,0.0],[122.67772237183055,1.4154344107681709,0.0],[122.69388575732046,1.4102855940488439,0.0],[122.71861041180341,1.4010752518570371,0.0],[122.82671750815791,1.357150284408988,0.0],[122.82953187855924,1.3559956715794781,0.0],[122.83327843229188,1.354423930929499,0.0],[122.88241131120037,1.3693083030694311,0.0],[122.89640036669869,1.3733002816534281,0.0],[122.92505668951878,1.379981998992093,0.0],[122.95408866217429,1.384775197076578,0.0],[122.98337196530167,1.387659350696538,0.0],[122.9890342374083,1.38799462331383,0.0],[123.04277772699209,1.3908368270897991,0.0],[123.06652469288497,1.3914643132394531,0.0],[123.09567910464568,1.3905181839976419,0.0],[123.3072424184486,1.3767722530079141,0.0],[123.30749724468728,1.37675562348295,0.0],[123.33678054781467,1.373871469863047,0.0],[123.34829085238368,1.3722044025385,0.0],[123.81962764109346,1.2977038866716271,0.0],[123.98943679809474,1.382787588755662,0.0],[124.06691295623216,1.4747722814049671,0.0],[124.0727623455341,1.4815780471855651,0.0],[124.09287704390044,1.503054292057129,0.0],[124.11435328877201,1.523168990423414,0.0],[124.1370991155718,1.5418360080576581,0.0],[124.16101712317686,1.558975409924642,0.0],[124.18600489100686,1.574513802474371,0.0],[124.19007129120087,1.5768334000983939,0.0],[124.19688913595064,1.59130176470876,0.0],[124.21075998140043,1.6172522913057039,0.0],[124.22629837395016,1.6422400591358719,0.0],[124.24343777581714,1.6661580667409339,0.0],[124.26210479345139,1.688903893540441,0.0],[124.28221949181773,1.7103801384121771,0.0],[124.30369573668941,1.7304948367784621,0.0],[124.32644156348908,1.749161854412705,0.0],[124.35035957109415,1.7663012562796889,0.0],[124.37534733892414,1.7818396488294179,0.0],[124.38495527563009,1.787230947525245,0.0],[124.42846683161986,1.810950429947354,0.0],[124.44480942151097,1.8194299767011439,0.0],[124.47161158273582,1.831573877961546,0.0],[124.49763823009823,1.841422450989455,0.0],[124.50388699456823,1.8497644306738721,0.0],[124.52255401220259,1.87251025747355,0.0],[124.52621792546802,1.8766367933490069,0.0],[124.61262092026016,1.972754957411837,0.0],[124.62907170536084,1.9901046664080579,0.0],[124.65054795023264,2.0102193647744,0.0],[124.67329377703209,2.028886382408587,0.0],[124.69332527147924,2.0433994746358048,0.0],[124.73559659309387,2.072286600286986,0.0],[124.7394831062519,2.0749129099265819,0.0],[124.76447087408189,2.0904513024763109,0.0],[124.79042140067918,2.1043221479261551,0.0],[124.79496162407216,2.1063792963822809,0.0],[124.5304061207087,2.2346255554628272,0.0],[123.46461022227126,2.7711245789002992,0.0],[122.45045006602126,3.3217227234315909,0.0],[120.6396590503962,4.0167300476503129,0.0],[120.1893416675837,4.1802432312441056,0.0],[119.62903893320876,4.37012360233787,0.0],[119.30774987070876,4.5418154968690487,0.0],[119.29675866350365,4.6685857042950971,0.0],[119.29562020146876,4.6817164792515769,0.0],[119.29103574088546,4.6799592599826267,0.0],[119.28187351218799,4.6764473866616072,0.0],[119.0621453220831,4.5988810617914737,0.0],[119.05700180548308,4.59710028324622,0.0],[119.02884384327297,4.5885586587926346,0.0],[119.02621864340415,4.58788565481666,0.0],[119.02950890762577,4.5770391072870211,0.0],[119.03619062496477,4.5483827844670941,0.0],[119.04098382304926,4.5193508118113073,0.0],[119.04386797666882,4.490067508684092,0.0],[119.044830735436,4.4606582706845757,0.0],[119.04386797666882,4.4312490326850016,0.0],[119.04098382304858,4.4019657295540364,0.0],[119.03814804035653,4.3834233265298508,0.0],[119.02925969400246,4.3324445260738,0.0],[119.02730227861036,4.32195495644612,0.0],[119.0206205612717,4.2932986336261934,0.0],[119.01207893681794,4.2651406714156224,0.0],[119.00171398179668,4.2376016465318,0.0],[118.98957008053628,4.2107994853066657,0.0],[118.97569923508649,4.184848958709722,0.0],[118.96016084253677,4.1598611908797238,0.0],[118.94302144066978,4.1359431832746623,0.0],[118.92435442303554,4.1131973564749842,0.0],[118.9042397246692,4.091721111603249,0.0],[118.88276347979752,4.0716064132371343,0.0],[118.86756108777456,4.0588565037874673,0.0],[118.82963058647238,4.0284449233838586,0.0],[118.82208715169565,4.0225278151992816,0.0],[118.79816914409059,4.0053884133322413,0.0],[118.7731813762606,3.9898500207825691,0.0],[118.74723084966365,3.9759791753327249,0.0],[118.72042868843869,3.9638352740723239,0.0],[118.69288966355487,3.95347031905095,0.0],[118.6914649165609,3.9529893379234409,0.0],[118.64113207150854,3.9360911445638749,0.0],[118.61439885629193,3.9280305012376862,0.0],[118.58574253347183,3.92134878389902,0.0],[118.585647457964,3.92132988285789,0.0],[118.45170214546374,3.8947165202276319,0.0],[118.42894803448883,3.8907999005217562,0.0],[118.33605306501261,3.877255672147669,0.0],[118.32614804277307,3.855394822219353,0.0],[118.3122771973234,3.8294442956224088,0.0],[118.29673880477367,3.8044565277924112,0.0],[118.27959940290668,3.7805385201873491,0.0],[118.26093238527244,3.7577926933877279,0.0],[118.24081768690633,3.7363164485159932,0.0],[118.22559669331213,3.7220604323081261,0.0],[118.22593340635319,3.718641727431077,0.0],[118.22689616512025,3.6892324894315038,0.0],[118.22593340635319,3.6598232514319879,0.0],[118.22304925273329,3.6305399483045449,0.0],[118.21825605464892,3.601507975648929,0.0],[118.21157433731025,3.572851652829002,0.0],[118.20303271285661,3.5446936906186011,0.0],[118.1926677578349,3.517154665734608,0.0],[118.18052385657461,3.490352504509644,0.0],[118.16665301112482,3.4644019779127011,0.0],[118.15111461857543,3.439414210082532,0.0],[118.13397521670811,3.41549620247747,0.0],[118.13045153414066,3.411202582845533,0.0],[118.13057129532797,3.4075442570086238,0.0],[118.12960853656136,3.3781350190090511,0.0],[118.12672438294112,3.3488517158816649,0.0],[118.12365997539916,3.3290093218760721,0.0],[118.10112905092012,3.20198865130277,0.0],[118.09940026037759,3.1927990726525191,0.0],[118.0927185430387,3.1641427498326489,0.0],[118.08417691858494,3.135984787622192,0.0],[118.07978805116772,3.123860550181178,0.0],[118.08707130539517,3.1121481246450462,0.0],[118.10094215084519,3.086197598048102,0.0],[118.11308605210536,3.059395436823138,0.0],[118.11605122041669,3.052054767192431,0.0],[118.12398983969877,3.043239831045867,0.0],[118.14265685733301,3.020494004246189,0.0],[118.1597962592,2.9965759966411269,0.0],[118.17533465174972,2.9715882288111288,0.0],[118.18920549719974,2.9456377022142419,0.0],[118.20134939846014,2.918835540989221,0.0],[118.21171435348128,2.8912965161052848,0.0],[118.22025597793527,2.863138553894828,0.0],[118.22272597255392,2.8534946242403412,0.0],[118.22416357329632,2.8476113994640291,0.0],[118.24482848181492,2.8150945581184028,0.0],[118.36768969927459,2.6792285321252511,0.0],[118.37224342042907,2.6741150751850569,0.0],[118.39091043806332,2.6513692483853788,0.0],[118.4080498399303,2.6274512407803172,0.0],[118.42358823248003,2.6024634729503191,0.0],[118.4293687718781,2.5921399627285382,0.0],[118.46182157135729,2.5323503305668851,0.0],[118.46991187740923,2.5167233141917218,0.0],[118.48205577866963,2.4899211529667009,0.0],[118.49242073369078,2.462382128082766,0.0],[118.50096235814476,2.4342241658723078,0.0],[118.50764407548331,2.4055678430522112,0.0],[118.5124372735678,2.3765358703966508,0.0],[118.5153214271877,2.3472525672692091,0.0],[118.51628418595465,2.3178433292698628,0.0],[118.5162770634455,2.3153124442760031,0.0],[118.51596700485175,2.260225367452847,0.0],[118.51501136859383,2.23334701444719,0.0],[118.51212721497404,2.2040637113197481,0.0],[118.50733401688956,2.1750317386641309,0.0],[118.50065229955089,2.1463754158442039,0.0],[118.49211067509714,2.1182174536338039,0.0],[118.48174572007588,2.0906784287498108,0.0],[118.46960181881548,2.0638762675246771,0.0],[118.4649602322346,2.0547286027285172,0.0],[118.44025889759928,2.0073929907490542,0.0],[118.43366964582219,1.9952260506154289,0.0],[118.71561613269523,1.7947348849664311,0.0],[118.8653087635912,1.707545168515082,0.0],[118.8888096063306,1.6928690459930069,0.0],[118.91272761393566,1.6757296441260221,0.0],[118.93547344073534,1.6570626264917789,0.0],[118.9569496856069,1.6369479281254939,0.0],[118.96386983664308,1.62987377559557,0.0],[119.11887904060973,1.46788690659082,0.0],[119.15303005332862,1.452004935158641,0.0],[119.16229595383209,1.44756636992895,0.0],[119.18824648042914,1.4336955244789349,0.0],[119.21323424825914,1.4181571319293771,0.0],[119.2371522558642,1.4010177300623921,0.0],[119.25989808266354,1.3823507124281491,0.0],[119.28137432753545,1.3622360140618639,0.0],[119.30148902590156,1.340759769190129,0.0],[119.3201560435358,1.318013942390678,0.0],[119.33729544540279,1.294095934785616,0.0],[119.35283383795252,1.269108166955391,0.0],[119.36670468340219,1.2431576403585041,0.0],[119.37884858466259,1.216355479133483,0.0],[119.3883855513792,1.191233055525402,0.0],[119.40988294721262,1.1290663074784111,0.0],[119.41071093551739,1.1266497062023859,0.0],[119.41925255997114,1.0984917439919291,0.0],[119.42593427731003,1.069835421172002,0.0],[119.43072747539418,1.040803448516215,0.0],[119.43361162901442,1.011520145388999,0.0],[119.43457438778125,0.982110907389483,0.0],[119.43361162901442,0.95270166938991,0.0],[119.43072747539418,0.923418366262524,0.0],[119.42593427731003,0.894386393606908,0.0],[119.41925255997114,0.865730070786981,0.0],[119.41071093551739,0.837572108576524,0.0],[119.40034598049601,0.810033083692588,0.0],[119.38820207923573,0.783230922467396,0.0],[119.37433123378594,0.75728039587068,0.0],[119.35879284123621,0.732292628040454,0.0],[119.34165343936922,0.708374620435393,0.0],[119.3229864217318,0.685628793632532,0.0],[119.30747593436035,0.66882441817944,0.0],[119.21497512055794,0.573584753465468,0.0],[119.21037090956611,0.568912884050235,0.0],[119.18889466469454,0.548798185684063,0.0],[119.16614883789487,0.530131168049707,0.0],[119.1422308302898,0.512991766182665,0.0],[119.11724306245981,0.497453373633164,0.0],[119.09129253586286,0.483582528183319,0.0],[119.06449037463767,0.471438626922748,0.0],[119.04208576822691,0.462851238823646,0.0],[118.90710692708069,0.415205568250428,0.0],[118.9019725086074,0.413428001328327,0.0],[118.87381454639717,0.404886376874742,0.0],[118.84515822357707,0.39820465953585,0.0],[118.81612625092146,0.393411461451535,0.0],[118.80896783206094,0.392527385536141,0.0],[118.58634576174768,0.366844198687033,0.0],[118.56422087748081,0.364844120982525,0.0],[118.5348116394814,0.363881362215579,0.0],[118.50540240148189,0.364844120982525,0.0],[118.47611909835427,0.367728274602314,0.0],[118.46803828473264,0.368866824045995,0.0],[118.24469274436717,0.402404828603494,0.0],[118.22374158533319,0.406059477244298,0.0],[118.20795159732825,0.409496359527395,0.0],[118.12636181591847,0.428797168032986,0.0],[118.08604150275198,0.40438032149649,0.0],[117.97354553462765,0.176356148910372,0.0],[117.96319779946646,0.141509636794353,0.0],[117.91322602510365,-0.231907763842003,0.0],[117.91314437843823,-0.24407821993816,0.0],[117.97026889788845,-0.397325728848557,0.0],[117.97472623499084,-0.409845655131903,0.0],[117.98326785944482,-0.438003617342417,0.0],[117.98994957678337,-0.466659940162344,0.0],[117.99474277486786,-0.495691912818074,0.0],[117.99761822245102,-0.524842687391754,0.0],[118.00189511261249,-0.589801428220824,0.0],[118.00817589980932,-0.611119665520221,0.0],[118.01485761714821,-0.639775988340034,0.0],[118.01965081523235,-0.668807960995707,0.0],[118.0225349688526,-0.698091264123036,0.0],[118.02349772761943,-0.727500502122666,0.0],[118.0225349688526,-0.756909740122126,0.0],[118.01965081523235,-0.786193043249568,0.0],[118.01485761714821,-0.815225015905241,0.0],[118.00879299161329,-0.841553402178079,0.0],[117.99742417650918,-0.884909928871082,0.0],[117.99680708470521,-0.887237865418001,0.0],[117.98826546025145,-0.915395827628515,0.0],[117.97790050522985,-0.942934852512394,0.0],[117.96575660396968,-0.969737013737472,0.0],[117.95188575851967,-0.995687540334529,0.0],[117.93634736597028,-1.020675308164527,0.0],[117.91920796410295,-1.044593315769589,0.0],[117.90054094646905,-1.06733914256904,0.0],[117.88042624810259,-1.088815387440889,0.0],[117.85895000323103,-1.108930085807003,0.0],[117.83620417643135,-1.127597103441303,0.0],[117.81228616882629,-1.144736505308231,0.0],[117.80338083233175,-1.1505358267550041,0.0],[117.76265980368532,-1.1763740429008751,0.0],[117.7465773723502,-1.1861131140037739,0.0],[117.72062684575326,-1.1999839594536179,0.0],[117.69872041290455,-1.210066019818498,0.0],[117.54674560681167,-1.275129935547,0.0],[117.49479723311367,-1.30124252836498,0.0],[117.48021108458306,-1.314133357000514,0.0],[117.43238186569454,-1.379137024405964,0.0],[117.42693827009055,-1.3863812389478769,0.0],[117.40827125245653,-1.409127065747555,0.0],[117.40566647506023,-1.412071185021148,0.0],[117.33869381880993,-1.487105364708952,0.0],[117.32118389783989,-1.5056374903069809,0.0],[117.29970765296821,-1.5257521886732659,0.0],[117.27696182616853,-1.5444192063075091,0.0],[117.25304381856347,-1.5615586081746069,0.0],[117.22805605073347,-1.5770970007242231,0.0],[117.20210552413653,-1.5909678461739529,0.0],[117.17530336291156,-1.603111747434468,0.0],[117.17101602658715,-1.604861811076205,0.0],[117.08171915158653,-1.640776931519099,0.0],[117.07769125511891,-1.642269291545688,0.0],[117.06820861022049,-1.6542891846738139,0.0],[117.05325416261132,-1.672263458977852,0.0],[117.03313946424521,-1.6937397038494739,0.0],[117.01166321937365,-1.7138544022157021,0.0],[116.98891739257385,-1.7325214198500021,0.0],[116.96499938496879,-1.7496608217170431,0.0],[116.9422787368901,-1.7638814631201289,0.0],[116.93448015955721,-1.77796537236884,0.0],[116.92868445926308,-1.7877176123134859,0.0],[116.90119259728385,-1.832676108407554,0.0],[116.89429194098034,-1.8434672879686791,0.0],[116.89775547017575,-1.864445574932915,0.0],[116.900639623796,-1.8937288780601309,0.0],[116.9016023825626,-1.9231381160597609,0.0],[116.900639623796,-1.95254735405922,0.0],[116.90042034564021,-1.9557208515553841,0.0],[116.90199189721602,-1.958056978638979,0.0],[116.91753028976552,-1.9830447464689771,0.0],[116.93140113521554,-2.0089952730660912,0.0],[116.94354503647583,-2.0357974342909979,0.0],[116.9447006653827,-2.0386143054589638,0.0],[116.98201104949737,-2.1304433256416928,0.0],[116.9912203756121,-2.1551654793576058,0.0],[116.99976200006586,-2.1833234415682341,0.0],[117.00644371740452,-2.211979764388047,0.0],[117.01123691548901,-2.2410117370438338,0.0],[117.0141210691088,-2.2702950401711628,0.0],[117.01508382787574,-2.2997042781706232,0.0],[117.0141210691088,-2.3291135161700822,0.0],[117.01123691548901,-2.3583968192975822,0.0],[117.01036798225539,-2.3646567587420582,0.0],[116.99414158251579,-2.4758127646016419,0.0],[116.99021731766493,-2.498584797812839,0.0],[116.9902042750283,-2.498650342119447,0.0],[116.9703605250279,-2.598334180010454,0.0],[116.96369185032574,-2.626924958523944,0.0],[116.95515022587244,-2.6550829207342872,0.0],[116.94478527085073,-2.6826219456183371,0.0],[116.93264136959033,-2.7094241068434139,0.0],[116.91877052414065,-2.7353746334403581,0.0],[116.90323213159093,-2.7603624012703558,0.0],[116.88609272972394,-2.7842804088754178,0.0],[116.8674257120897,-2.8070262356750959,0.0],[116.84731101372358,-2.8285024805467169,0.0],[116.82583476885168,-2.848617178913059,0.0],[116.80308894205223,-2.8672841965472462,0.0],[116.80260143422913,-2.8676335397127559,0.0],[116.79812565703617,-2.8981013302695828,0.0],[116.79426028641399,-2.9204711910437031,0.0],[116.78757856907532,-2.9491275138637429,0.0],[116.78076997853987,-2.972075847540339,0.0],[116.75813570119624,-3.0415289725406751,0.0],[116.75640266727771,-3.046738601074594,0.0],[116.74603771225634,-3.074277625958473,0.0],[116.74324232016261,-3.080447187780408,0.0],[116.74488832492102,-3.0819888394715922,0.0],[116.76500302328714,-3.1034650843432132,0.0],[116.78367004092138,-3.1262109111428908,0.0],[116.8008094427887,-3.1501289187479529,0.0],[116.81634783533809,-3.175116686577951,0.0],[116.83021868078811,-3.2010672131748952,0.0],[116.84236258204828,-3.227869374399972,0.0],[116.85272753706988,-3.2554083992839651,0.0],[116.86126916152364,-3.283566361494366,0.0],[116.86795087886219,-3.312222684314293,0.0],[116.87274407694667,-3.3412546569699662,0.0],[116.87562823056646,-3.3705379600972951,0.0],[116.87659098933352,-3.3999471980967542,0.0],[116.8761706458713,-3.419385496732275,0.0],[116.87338011852751,-3.483877684232596,0.0],[116.87283770322267,-3.4938486235967048,0.0],[116.86995354960288,-3.5231319267240342,0.0],[116.86516035151863,-3.55216389937965,0.0],[116.86409905106984,-3.557340275498404,0.0],[116.82771884273632,-3.7296295007594722,0.0],[116.82209842584621,-3.7531094474607021,0.0],[116.81355680139245,-3.7812674096711589,0.0],[116.80319184637108,-3.8088064345550952,0.0],[116.79104794511079,-3.8356085957800019,0.0],[116.777177099661,-3.8615591223771162,0.0],[116.76163870711127,-3.8865468902071139,0.0],[116.75174103345,-3.9003590778049779,0.0],[116.74913405090444,-3.9268282157881909,0.0],[116.74434085281996,-3.9558601884437512,0.0],[116.73765913548118,-3.9845165112636778,0.0],[116.72911751102777,-4.0126744734741919,0.0],[116.71875255600639,-4.0402134983580709,0.0],[116.70660865474588,-4.0670156595831486,0.0],[116.69273780929586,-4.0929661861800923,0.0],[116.67719941674613,-4.11795395401009,0.0],[116.66006001487926,-4.141871961615152,0.0],[116.64139299724491,-4.1646177884147164,0.0],[116.62127829887879,-4.1860940332865653,0.0],[116.60147166093634,-4.2047372003459031,0.0],[116.3915619929669,-4.3906690037321141,0.0],[116.38989238603756,-4.3921405350389477,0.0],[116.36714655923788,-4.4108075526731909,0.0],[116.34322855163282,-4.4279469545401753,0.0],[116.31824078380282,-4.4434853470897906,0.0],[116.29229025720576,-4.4573561925396348,0.0],[116.26548809598091,-4.4695000938000362,0.0],[116.23794907109675,-4.4798650488213534,0.0],[116.20979110888652,-4.4884066732750512,0.0],[116.18113478606642,-4.49508839061383,0.0],[116.15210281341081,-4.4998815886982584,0.0],[116.12281951028353,-4.5027657423181608,0.0],[116.09341027228402,-4.5037285010851056,0.0],[116.0640010342845,-4.5027657423181608,0.0],[116.03471773115723,-4.4998815886982584,0.0],[116.00568575850161,-4.49508839061383,0.0],[115.97702943568152,-4.4884066732750512,0.0],[115.94887147347094,-4.4798650488213534,0.0],[115.92133244858701,-4.4695000938000362,0.0],[115.89453028736216,-4.4573561925396348,0.0],[115.86857976076521,-4.4434853470897906,0.0],[115.84359199293522,-4.4279469545401753,0.0],[115.81967398533016,-4.4108075526731909,0.0],[115.79692815853048,-4.3921405350389477,0.0],[115.7754519136588,-4.3720258366727194,0.0],[115.75533721529246,-4.3505495918009274,0.0],[115.73667019765821,-4.3278037650012493,0.0],[115.73102889355334,-4.3202906400536563,0.0],[115.69640568391765,-4.2731617338033629,0.0],[115.68490758615576,-4.2567568511460081,0.0],[115.66936919360603,-4.23176908331601,0.0],[115.6624067999295,-4.218743360915937,0.0],[115.44483188495633,-4.3159641969786549,0.0],[114.88326068808419,-4.5773764113350808,0.0],[114.86557354519402,-4.5851519492692887,0.0],[114.8380345203102,-4.5955169042906618,0.0],[114.80987655809963,-4.6040585287443614,0.0],[114.78122023527953,-4.6107402460831963,0.0],[114.75218826262392,-4.6155334441673972,0.0],[114.72290495949665,-4.618417597787527,0.0],[114.69349572149713,-4.6193803565544158,0.0],[114.66408648349773,-4.618417597787527,0.0],[114.63480318037034,-4.6155334441673972,0.0],[114.60577120771461,-4.6107402460831963,0.0],[114.57711488489463,-4.6040585287443614,0.0],[114.54895692268406,-4.5955169042906618,0.0],[114.52141789780023,-4.5851519492692887,0.0],[114.51348148366583,-4.5817750455474879,0.0],[114.47255374929057,-4.56389499997465,0.0],[114.45368800220012,-4.5551280024359926,0.0],[114.42773747560307,-4.5412571569860347,0.0],[114.40274970777307,-4.5257187644365331,0.0],[114.378831700168,-4.5085793625694919,0.0],[114.35608587336833,-4.4899123449351919,0.0],[114.33460962849665,-4.4697976465689644,0.0],[114.31449493013031,-4.4483214016972283,0.0],[114.29582791249607,-4.425575574897664,0.0],[114.28080267028224,-4.4047930086800307,0.0],[114.25351751403196,-4.36469209722145,0.0],[114.25140335437914,-4.3615566558339651,0.0],[114.23586496182941,-4.336568888003967,0.0],[114.22199411637962,-4.3106183614070233,0.0],[114.20985021511933,-4.2838162001819464,0.0],[114.19948526009796,-4.2562771752980666,0.0],[114.1909436356442,-4.2281192130876661,0.0],[114.18426191830531,-4.1994628902676254,0.0],[114.17946872022083,-4.1704309176120091,0.0],[114.17658456660104,-4.1411476144846233,0.0],[114.17612435410661,-4.1329915736396856,0.0],[114.16304641756369,-3.856606519002582,0.0],[114.14108050285768,-3.8454731101786588,0.0],[114.11953923341412,-3.833806798910246,0.0],[114.10001597525923,-3.8216664568386141,0.0],[113.95543975998248,-3.8765815823621779,0.0],[113.94031153853552,-3.88202040363683,0.0],[113.91215357632507,-3.8905620280904709,0.0],[113.8834972535052,-3.8972437454291371,0.0],[113.85446528084958,-3.9020369435136222,0.0],[113.82518197772231,-3.9049210971336379,0.0],[113.79577273972279,-3.9058838559005271,0.0],[113.79115844539626,-3.9058601799850412,0.0],[113.70051798315626,-3.904930004203834,0.0],[113.67572303948339,-3.903990921352261,0.0],[113.64643973635566,-3.901106767732244,0.0],[113.61740776370004,-3.896313569647873,0.0],[113.58875144088017,-3.8896318523091509,0.0],[113.56059347866972,-3.8810902278554522,0.0],[113.53305445378589,-3.8707252728341932,0.0],[113.5062522925607,-3.8585813715736781,0.0],[113.50567004757022,-3.8582937172260472,0.0],[113.4341498652783,-3.8228953611063048,0.0],[113.40878158367207,-3.809312170003921,0.0],[113.38379381584207,-3.7937737774543052,0.0],[113.359875808237,-3.7766343755872072,0.0],[113.33712998143722,-3.7579673579530781,0.0],[113.31565373656565,-3.7378526595868489,0.0],[113.29553903819931,-3.7163764147151142,0.0],[113.27687202056495,-3.69363058791555,0.0],[113.27475291866938,-3.6906733846449238,0.0],[113.255466031928,-3.687489106756459,0.0],[113.2268097091079,-3.6808073894177369,0.0],[113.19865174689733,-3.6722657649642092,0.0],[113.1711127220135,-3.6619008099426651,0.0],[113.14431056078854,-3.6497569086823769,0.0],[113.1183600341916,-3.635886063232419,0.0],[113.11052152681862,-3.6312540609878852,0.0],[112.99827472021218,-3.7022096899461872,0.0],[112.98283713795627,-3.711540360107676,0.0],[112.95804484599216,-3.724837956818476,0.0],[112.80032837463727,-3.8031794281728248,0.0],[112.79917014000432,-3.803752676911984,0.0],[112.77236797877947,-3.815896578172385,0.0],[112.74482895389531,-3.8262615331937582,0.0],[112.71667099168508,-3.8348031576474568,0.0],[112.68801466886498,-3.841484874986179,0.0],[112.65898269620936,-3.846278073070664,0.0],[112.62969939308209,-3.84916222669051,0.0],[112.60029015508258,-3.8501249854575121,0.0],[112.57088091708306,-3.84916222669051,0.0],[112.54159761395545,-3.846278073070664,0.0],[112.51733460529886,-3.8424067329222,0.0],[112.3609617211838,-3.8130545193806138,0.0],[112.35619275718466,-3.81213266144448,0.0],[112.3275364343649,-3.805450944105814,0.0],[112.32449328097357,-3.8046240857882481,0.0],[112.24859886578133,-3.8701069927593039,0.0],[112.2285878027111,-3.8863951177752369,0.0],[112.20466979510604,-3.903534519642335,0.0],[112.17968202727604,-3.91907291219195,0.0],[112.15373150067899,-3.932943757641794,0.0],[112.15027953921901,-3.93462778702883,0.0],[112.10284057437514,-3.95752044653409,0.0],[112.07949037460992,-3.9679803184075131,0.0],[112.05195134972598,-3.9783452734288862,0.0],[112.02379338751552,-3.9868868978824139,0.0],[111.99513706469565,-3.9935686152211929,0.0],[111.96610509204004,-3.998361813305678,0.0],[111.93682178891243,-4.0012459669255236,0.0],[111.90741255091132,-4.0022087256924692,0.0],[111.90128566345027,-4.00216698258987,0.0],[111.85198634704386,-4.0014951889701251,0.0],[111.8287039965071,-4.0005741733056084,0.0],[111.79942069337966,-3.9976900196857632,0.0],[111.7703887207241,-3.9928968216012781,0.0],[111.741732397904,-3.986215104262556,0.0],[111.71357443569372,-3.977673479809027,0.0],[111.68603541080978,-3.9673085247874842,0.0],[111.65923324958476,-3.955164623527196,0.0],[111.64530137534723,-3.9479897162171942,0.0],[111.60923122560746,-3.9286110541077051,0.0],[111.5972125732481,-3.92191511596792,0.0],[111.5722248054181,-3.9063767234183051,0.0],[111.54830679781304,-3.889237321551207,0.0],[111.52556097101319,-3.870570303916907,0.0],[111.50408472614163,-3.8504556055506778,0.0],[111.48397002777551,-3.82897936067917,0.0],[111.46530301014127,-3.8062335338794919,0.0],[111.44816360827411,-3.7823155262744308,0.0],[111.43262521572456,-3.7573277584444331,0.0],[111.41875437027471,-3.7313772318474321,0.0],[111.40661046901414,-3.7045750706224112,0.0],[111.39624551399277,-3.6770360457383622,0.0],[111.38770388953913,-3.6488780835280181,0.0],[111.38102217220046,-3.6202217607080911,0.0],[111.37622897411597,-3.5911897880523038,0.0],[111.37334482049602,-3.5619064849249749,0.0],[111.37238206172907,-3.5324972469255158,0.0],[111.37334482049602,-3.5030880089260559,0.0],[111.37505265425295,-3.4835626919752372,0.0],[111.38323879969835,-3.408786724754691,0.0],[111.37855043175682,-3.40764576832288,0.0],[111.36380513171486,-3.403423966289211,0.0],[111.23298342653095,-3.4638951825863269,0.0],[111.21639060247094,-3.4711630983534292,0.0],[111.18885157758717,-3.4815280533748019,0.0],[111.16069361537654,-3.490069677828501,0.0],[111.13203729255662,-3.4967513951672231,0.0],[111.10440198548883,-3.5013584921285879,0.0],[110.99019707012366,-3.5167580689516171,0.0],[110.98880040453605,-3.5169441700745669,0.0],[110.95951710140861,-3.5198283236945831,0.0],[110.93010786340926,-3.520791082461471,0.0],[110.90069862540969,-3.5198283236945831,0.0],[110.87141532228213,-3.5169441700745669,0.0],[110.84238334962652,-3.512150971990081,0.0],[110.81372702680659,-3.505469254651473,0.0],[110.78556906459437,-3.4969276301969781,0.0],[110.77581149610023,-3.493489700813257,0.0],[110.71441989453768,-3.4710621291985149,0.0],[110.71236060211788,-3.470259901806457,0.0],[110.70314497278321,-3.4705615902736331,0.0],[110.67373573478369,-3.4695988315068012,0.0],[110.64445243165625,-3.466714677886785,0.0],[110.61542045900063,-3.46192147980247,0.0],[110.5867641361807,-3.4552397624637479,0.0],[110.55860617397013,-3.4466981380098791,0.0],[110.53106714908631,-3.4363331829886761,0.0],[110.51566705507014,-3.4296144843092411,0.0],[110.48063043397633,-3.41354311386641,0.0],[110.46922836676754,-3.4081179112854438,0.0],[110.46352874546267,-3.4052567437418588,0.0],[110.4470880684695,-3.411196429025551,0.0],[110.41893010625927,-3.41973805347925,0.0],[110.39027378343917,-3.4264197708179722,0.0],[110.36124181078355,-3.4312129689024569,0.0],[110.33195850765617,-3.4340971225223029,0.0],[110.30254926965659,-3.4350598812891349,0.0],[110.27314003165725,-3.4340971225223029,0.0],[110.24385672852964,-3.4312129689024569,0.0],[110.21482475587425,-3.4264197708179722,0.0],[110.18616843305415,-3.41973805347925,0.0],[110.15801047084369,-3.411196429025551,0.0],[110.1304714459597,-3.4008314740041778,0.0],[110.13038958660667,-3.4007975573003359,0.0],[110.083880797544,-3.381522248055433,0.0],[110.05716049567189,-3.369412263498873,0.0],[110.03120996907495,-3.3555414180490288,0.0],[110.00622220124495,-3.340003025499414,0.0],[109.98230419363989,-3.322863623632486,0.0],[109.95955836684027,-3.304196605998186,0.0],[109.9380821219687,-3.2840819076317871,0.0],[109.91796742360242,-3.2626056627601661,0.0],[109.899300405968,-3.2398598359606581,0.0],[109.88216100410119,-3.2159418283555961,0.0],[109.86662261155163,-3.1909540605254278,0.0],[109.8656859037834,-3.1893237730263881,0.0],[109.84222480352298,-3.1482926857867142,0.0],[109.82929066584126,-3.12397244668864,0.0],[109.8171467645808,-3.0971702854637329,0.0],[109.80678180955942,-3.0696312605796829,0.0],[109.79824018510567,-3.04147329836934,0.0],[109.79155846776695,-3.0128169755494132,0.0],[109.78676526968246,-2.98378500289374,0.0],[109.78388111606273,-2.9545016997664111,0.0],[109.78319309284279,-2.9408087035151311,0.0],[109.77635405115058,-2.745254855129986,0.0],[109.685189046147,-2.33043994094578,0.0],[109.68334801854763,-2.3216446936456241,0.0],[109.67855482046338,-2.2926127209900069,0.0],[109.67788748471207,-2.287299517232952,0.0],[109.66804394813585,-2.2049651034905651,0.0],[109.66334905694339,-2.2009047765665741,0.0],[109.64187281207165,-2.1807900782003462,0.0],[109.62175811370537,-2.159313833328611,0.0],[109.60309109607113,-2.1365680065290462,0.0],[109.58595169420414,-2.1126499989239851,0.0],[109.57041330165458,-2.087662231093987,0.0],[109.55654245620474,-2.0617117044968718,0.0],[109.54439855494417,-2.034909543271965,0.0],[109.53403359992296,-2.0073705183880288,0.0],[109.52549197546921,-1.979212556177572,0.0],[109.51881025813032,-1.9505562333576449,0.0],[109.51401706004617,-1.9215242607018581,0.0],[109.51113290642604,-1.8922409575746431,0.0],[109.51017014765932,-1.862831719575013,0.0],[109.51041081060896,-1.848122009253814,0.0],[109.51420120068633,-1.732315617674089,0.0],[109.51086632694506,-1.73242479013652,0.0],[109.48145708894572,-1.731462031369688,0.0],[109.46099492515532,-1.7296506419596649,0.0],[109.41376266604078,-1.724379645865838,0.0],[109.40494152670362,-1.7233068816558439,0.0],[109.390903516018,-1.720989196711628,0.0],[109.38741011201438,-1.7359715893798009,0.0],[109.37886848756079,-1.764129551590145,0.0],[109.36850353253942,-1.7916685764741369,0.0],[109.35635963127902,-1.8184707376992151,0.0],[109.342488785829,-1.8444212642962159,0.0],[109.32695039327945,-1.869409032126214,0.0],[109.30981099141229,-1.8933270397312749,0.0],[109.29114397377805,-1.9160728665307829,0.0],[109.27102927541193,-1.9375491114025749,0.0],[109.24955303054037,-1.9576638097688031,0.0],[109.22680720374052,-1.9763308274031031,0.0],[109.20288919613546,-1.993470229270031,0.0],[109.17790142830546,-2.0090086218196461,0.0],[109.15195090170852,-2.02287946726949,0.0],[109.12514874048338,-2.0350233685298922,0.0],[109.10737854643878,-2.041946279638807,0.0],[108.9922434552924,-2.0840108955244432,0.0],[108.9824746244534,-2.08745293943673,0.0],[108.95431666224277,-2.0959945638905988,0.0],[108.92566033942285,-2.1026762812292081,0.0],[108.89662836676729,-2.1074694793136932,0.0],[108.86734506363985,-2.1103536329335379,0.0],[108.83793582564033,-2.1113163917005981,0.0],[108.80852658764076,-2.1103536329335379,0.0],[108.77924328451354,-2.1074694793136932,0.0],[108.75021131185792,-2.1026762812292081,0.0],[108.72155498903783,-2.0959945638905988,0.0],[108.69339702682743,-2.08745293943673,0.0],[108.66585800194343,-2.077087984415527,0.0],[108.63905584071841,-2.064944083154955,0.0],[108.61310531412153,-2.051073237705225,0.0],[108.58811754629153,-2.035534845155496,0.0],[108.56419953868647,-2.018395443288568,0.0],[108.54145371188679,-1.999728425654268,0.0],[108.51997746701505,-1.979613727288154,0.0],[108.49986276864877,-1.9581374824163049,0.0],[108.48119575101452,-1.935391655616854,0.0],[108.46405634914754,-1.9114736480117931,0.0],[108.44851795659798,-1.8864858801816811,0.0],[108.43464711114814,-1.8605353535847371,0.0],[108.42250320988757,-1.8337331923596589,0.0],[108.41546974813571,-1.815660073127447,0.0],[108.38125994995852,-1.7218156720856539,0.0],[108.377928456689,-1.712349766433761,0.0],[108.36938683223542,-1.684191804223246,0.0],[108.3627051148967,-1.655535481403263,0.0],[108.35791191681221,-1.626503508747646,0.0],[108.35502776319225,-1.5972202056203171,0.0],[108.35406500442537,-1.567810967620858,0.0],[108.35502776319225,-1.538401729621228,0.0],[108.35791191681221,-1.5091184264940689,0.0],[108.3627051148967,-1.4800864538382259,0.0],[108.36938683223542,-1.4514301310184119,0.0],[108.377928456689,-1.423272168807955,0.0],[108.38829341171038,-1.395733143923906,0.0],[108.40043731297078,-1.3689309826988281,0.0],[108.41430815842079,-1.3429804561018841,0.0],[108.42984655097052,-1.317992688271886,0.0],[108.44698595283717,-1.294074680666824,0.0],[108.46565297047175,-1.27132885386726,0.0],[108.48576766883787,-1.2498526089955251,0.0],[108.50724391370943,-1.229737910629296,0.0],[108.52998974050911,-1.211070892994996,0.0],[108.55390774811417,-1.193931491128069,0.0],[108.57889551594434,-1.1783930985784541,0.0],[108.60484604254123,-1.1645222531284389,0.0],[108.63164820376642,-1.152378351868151,0.0],[108.64357508264118,-1.1476363485492129,0.0],[108.71705896936021,-1.11962772224706,0.0],[108.73267111536927,-1.1140047705447389,0.0],[108.7608290775795,-1.105463146090869,0.0],[108.7894854003996,-1.098781428752204,0.0],[108.81851737305522,-1.093988230667776,0.0],[108.8478006761826,-1.091104077047873,0.0],[108.877209914182,-1.0901413182809281,0.0],[108.90661915218152,-1.091104077047873,0.0],[108.91006654246235,-1.091443615354478,0.0],[108.90498045810955,-1.084959294753389,0.0],[108.9020486155996,-1.0811802298322279,0.0],[108.88490921373261,-1.0572622222271659,0.0],[108.86937082118305,-1.0322744543970539,0.0],[108.85549997573304,-1.006323927800167,0.0],[108.84335607447264,-0.979521766574976,0.0],[108.83299111945126,-0.951982741691097,0.0],[108.82444949499768,-0.92382477948064,0.0],[108.81776777765879,-0.895168456660656,0.0],[108.8129745795743,-0.86613648400504,0.0],[108.81009042595457,-0.836853180877711,0.0],[108.80912766718779,-0.807443942878081,0.0],[108.81009042595457,-0.778034704878621,0.0],[108.81018103661484,-0.77668343635861,0.0],[108.8038633942449,-0.768641167330941,0.0],[108.78672399237809,-0.744723159725936,0.0],[108.77701489746192,-0.729542566019859,0.0],[108.7467325081389,-0.680036543884341,0.0],[108.74090321050551,-0.670229369760193,0.0],[108.72703236505549,-0.644278843163249,0.0],[108.71488846379503,-0.617476681938285,0.0],[108.70452350877366,-0.589937657054293,0.0],[108.69598188432008,-0.561779694843779,0.0],[108.68930016698118,-0.533123372023965,0.0],[108.686938377996,-0.520277530799433,0.0],[108.67773997304823,-0.465810571163956,0.0],[108.67530856394876,-0.449624439732588,0.0],[108.67242441032897,-0.420341136605259,0.0],[108.67146165156208,-0.390931898605629,0.0],[108.6714671073222,-0.388716846549983,0.0],[108.67208722450982,-0.262833057486944,0.0],[108.67304452751648,-0.235638871543188,0.0],[108.67592868113638,-0.206355568415802,0.0],[108.68072187922087,-0.177323595760072,0.0],[108.68740359655942,-0.148667272940088,0.0],[108.69594522101335,-0.120509310729744,0.0],[108.69747290655408,-0.116084690800164,0.0],[108.72328160682525,-0.042577688916367,0.0],[108.66603980550872,0.002566618307526,0.0],[108.64801051527263,0.017564461723566,0.0],[108.62653427040095,0.037679160089738,0.0],[108.60641957203461,0.059155404961587,0.0],[108.58775255440059,0.081901231761094,0.0],[108.57061315253338,0.105819239366156,0.0],[108.55507475998388,0.130807007196154,0.0],[108.54120391453387,0.156757533793268,0.0],[108.52906001327364,0.183559695018062,0.0],[108.51869505825226,0.211098719902054,0.0],[108.51015343379845,0.239256682112455,0.0],[108.50347171645973,0.267913004932552,0.0],[108.49867851837524,0.296944977588169,0.0],[108.49816714109517,0.300969479948321,0.0],[108.47646303953263,0.478167966277283,0.0],[108.47409026319275,0.503426767044346,0.0],[108.47407185780514,0.503708938420573,0.0],[108.45712198801334,0.764829950791409,0.0],[108.45617763463417,0.793957017414755,0.0],[108.45714039340112,0.823366255414271,0.0],[108.45808064514301,0.83528252836652,0.0],[108.46903604878878,0.953983293340855,0.0],[108.47097995066702,0.971350323516106,0.0],[108.47492234512856,0.995990981484169,0.0],[108.51678025528503,1.217941258177746,0.0],[108.5176310589078,1.2223325728652981,0.0],[108.52431277624652,1.250988895685168,0.0],[108.5328544007001,1.279146857895626,0.0],[108.54321935572148,1.3066858827796179,0.0],[108.55536325698188,1.333488044004582,0.0],[108.56923410243172,1.359438570601696,0.0],[108.5804246769768,1.377434478332646,0.0],[108.61705582876209,1.538302104951867,0.0],[108.6211544103615,1.5548463175614979,0.0],[108.62969603481531,1.5830042797719559,0.0],[108.6316934420297,1.588760048413576,0.0],[108.65205395635257,1.646172564689778,0.0],[108.66042150415939,1.66795582093215,0.0],[108.67256540541979,1.6947579821571139,0.0],[108.68643625086963,1.7207085087540579,0.0],[108.70197464341936,1.745696276584056,0.0],[108.71911404528635,1.7696142841891169,0.0],[108.72761949656228,1.780355909804427,0.0],[108.8184666645314,1.8915635920964751,0.0],[108.82862823088976,1.903567793280843,0.0],[108.84874292925588,1.925044038152578,0.0],[108.86149217736272,1.9373014188491311,0.0],[108.89170347642357,1.9652248719617089,0.0],[108.89903057630255,1.984064782799692,0.0],[108.90268061874383,1.99315560934491,0.0],[108.91482452000423,2.0199577705699312,0.0],[108.9286953654539,2.0459082971668749,0.0],[108.93147816046275,2.0506607884295822,0.0],[108.9918362333795,2.1523083307477582,0.0],[108.99397277524687,2.1556977067016851,0.0],[107.99573815195876,1.498724676556634,0.0],[106.75049889414626,1.3241641296815909,0.0],[106.0283309253962,1.3241641296815909,0.0],[105.0527449878962,1.3940493835878269,0.0],[105.00059142141572,1.388665285622227,0.0]],
[[112.72736785011375,-6.2952144727941572,0.0],[112.69795861211423,-6.29617723156116,0.0],[112.68438280935118,-6.2959722499987274,0.0],[112.58857470388193,-6.2930783697903507,0.0],[112.57274126864559,-6.2923205925857246,0.0],[112.5434579655182,-6.2894364389657653,0.0],[112.51442599286258,-6.2846432408813939,0.0],[112.48576967004249,-6.2779615235426718,0.0],[112.45761170783192,-6.2694198990889731,0.0],[112.43007268294809,-6.2590549440676,0.0],[112.40327052172313,-6.2469110428071994,0.0],[112.37731999512619,-6.2330401973573544,0.0],[112.35233222729619,-6.2175018048077391,0.0],[112.32841421969113,-6.200362402940641,0.0],[112.30566839289145,-6.181695385306341,0.0],[112.28419214801988,-6.1615806869402832,0.0],[112.26407744965343,-6.140104442068548,0.0],[112.24541043201953,-6.1173586152689268,0.0],[112.2282710301522,-6.0934406076638652,0.0],[112.21273263760281,-6.0684528398338671,0.0],[112.1988617921528,-6.04250231323681,0.0],[112.18671789089228,-6.0157001520117319,0.0],[112.18509814243475,-6.0117364596246148,0.0],[112.16897509555974,-5.9717389010307329,0.0],[112.16022988899601,-5.9481635685339711,0.0],[112.15168826454226,-5.9200056063236266,0.0],[112.14500654720337,-5.8913492835037,0.0],[112.14021334911922,-5.8623173108480842,0.0],[112.13732919549909,-5.8330340077205847,0.0],[112.13636643673215,-5.8036247697211252,0.0],[112.13732919549909,-5.7742155317216088,0.0],[112.14021334911922,-5.74493222859428,0.0],[112.14500654720337,-5.7159002559386067,0.0],[112.15168826454226,-5.687243933118566,0.0],[112.16022988899601,-5.6590859709082224,0.0],[112.17059484401739,-5.6315469460242866,0.0],[112.18273874527767,-5.6047447847992657,0.0],[112.19660959072746,-5.5787942582021506,0.0],[112.21214798327719,-5.5538064903721533,0.0],[112.22928738514418,-5.5298884827670918,0.0],[112.24499577910808,-5.5105506691523374,0.0],[112.307524262181,-5.4377902524853434,0.0],[112.31048288585168,-5.4343822393006462,0.0],[112.3305975842178,-5.4129059944287974,0.0],[112.3520738290897,-5.3927912960626827,0.0],[112.37481965588916,-5.37412427842844,0.0],[112.39873766349422,-5.3569848765614552,0.0],[112.42372543132421,-5.3414464840117262,0.0],[112.4496759579215,-5.3275756385618251,0.0],[112.47647811914635,-5.3154317373015942,0.0],[112.50401714403029,-5.3050667822801074,0.0],[112.53217510624074,-5.2965251578264088,0.0],[112.5608314290605,-5.28984344048763,0.0],[112.58986340171612,-5.2850502424033152,0.0],[112.59840999080518,-5.2840082026729078,0.0],[112.63985448950314,-5.2793573237666456,0.0],[112.66059120354168,-5.2775152098770377,0.0],[112.6900004415412,-5.2765524511100921,0.0],[112.7194096795406,-5.2775152098770377,0.0],[112.74869298266799,-5.2803993634970539,0.0],[112.77772495532361,-5.2851925615813684,0.0],[112.8063812781437,-5.2918742789203179,0.0],[112.83453924035427,-5.300415903373846,0.0],[112.8620782652381,-5.3107808583952192,0.0],[112.88888042646306,-5.3229247596556206,0.0],[112.91483095306,-5.3367956051054648,0.0],[112.93981872089,-5.3523339976551938,0.0],[112.95078435452081,-5.3598983279002823,0.0],[112.98809473863571,-5.3864600140983612,0.0],[113.00104711260997,-5.3960350857200856,0.0],[113.02379293940976,-5.4147021033545,0.0],[113.04526918428132,-5.4348168017206149,0.0],[113.06538388264744,-5.45629304659235,0.0],[113.08405090028168,-5.4790388733919144,0.0],[113.10119030214867,-5.502956880996976,0.0],[113.11672869469839,-5.5279446488269741,0.0],[113.13059954014841,-5.5538951754240884,0.0],[113.1427434414087,-5.5806973366491093,0.0],[113.15310839643018,-5.6082363615329882,0.0],[113.16165002088349,-5.6363943237433887,0.0],[113.16833173822249,-5.6650506465634294,0.0],[113.17312493630698,-5.6940826192189888,0.0],[113.17600908992677,-5.7233659223464883,0.0],[113.17697184869371,-5.7527751603459478,0.0],[113.17600908992677,-5.7821843983454073,0.0],[113.17312493630698,-5.8114677014729068,0.0],[113.17294413646221,-5.8128250391068832,0.0],[113.16508931875399,-5.8711160547319992,0.0],[113.16047692051393,-5.8987906897536391,0.0],[113.15379520317538,-5.9274470125735661,0.0],[113.14525357872174,-5.95560497478391,0.0],[113.13488862370036,-5.9831439996679592,0.0],[113.12274472243985,-6.00994616089298,0.0],[113.10887387698995,-6.0358966874899806,0.0],[113.10394490081251,-6.0442256212075449,0.0],[113.08244750497909,-6.07967565375975,0.0],[113.07183808860702,-6.0963344878723547,0.0],[113.05469868674004,-6.1202524954774162,0.0],[113.0360316691058,-6.1429983222769238,0.0],[113.01591697073945,-6.1644745671485452,0.0],[112.99444072586778,-6.1845892655147736,0.0],[112.9716948990681,-6.2032562831491873,0.0],[112.94777689146304,-6.2203956850160012,0.0],[112.92278912363304,-6.2359340775656156,0.0],[112.89683859703609,-6.2498049230156312,0.0],[112.87003643581113,-6.2619488242760326,0.0],[112.84249741092697,-6.2723137792973489,0.0],[112.81433944871674,-6.2808554037509339,0.0],[112.78568312589664,-6.2875371210898274,0.0],[112.75665115324102,-6.2923303191742548,0.0],[112.72736785011375,-6.2952144727941572,0.0]]],
[[[123.97254990254962,-2.432337836615285,0.0],[123.95378696708701,-2.43671273956403,0.0],[123.9247549944314,-2.4415059376483441,0.0],[123.89547169130412,-2.44439009126836,0.0],[123.86606245330461,-2.4453528500351922,0.0],[123.85640254543489,-2.445249077878032,0.0],[123.79387406236162,-2.4439054906385418,0.0],[123.77412473223183,-2.4430465040287568,0.0],[123.74484142910455,-2.4401623504088552,0.0],[123.71580945644894,-2.43536915232437,0.0],[123.68715313362907,-2.428687434985648,0.0],[123.65899517141861,-2.4201458105319489,0.0],[123.63145614653479,-2.4097808555104621,0.0],[123.60465398530948,-2.3976369542500611,0.0],[123.57870345871254,-2.383766108800387,0.0],[123.55371569088254,-2.3682277162506011,0.0],[123.52979768327748,-2.351088314383674,0.0],[123.50705185647814,-2.332421296749374,0.0],[123.48557561160612,-2.3123065983833162,0.0],[123.46546091324001,-2.2908303535115242,0.0],[123.44679389560577,-2.2680845267118461,0.0],[123.42965449373878,-2.2441665191067841,0.0],[123.41411610118905,-2.219178751276786,0.0],[123.40708110322566,-2.206017195809693,0.0],[123.39678204239556,-2.2169119043722958,0.0],[123.37530579752365,-2.2370266027385242,0.0],[123.35255997072431,-2.2556936203728242,0.0],[123.32864196311925,-2.2728330222397521,0.0],[123.30365419528891,-2.288371414789538,0.0],[123.27770366869231,-2.3022422602393249,0.0],[123.250901507467,-2.3143861614996131,0.0],[123.22336248258318,-2.324751116521099,0.0],[123.19520452037261,-2.333292740974855,0.0],[123.16654819755286,-2.3399744583135771,0.0],[123.1375162248969,-2.3447676563980049,0.0],[123.10823292176963,-2.347651810018021,0.0],[123.07882368377011,-2.34861456878491,0.0],[123.04941444577071,-2.347651810018021,0.0],[123.02013114264332,-2.3447676563980049,0.0],[122.99109916998759,-2.3399744583135771,0.0],[122.96244284716795,-2.333292740974855,0.0],[122.93428488495715,-2.324751116521099,0.0],[122.90674586007356,-2.3143861614996131,0.0],[122.87994369884825,-2.3022422602393249,0.0],[122.85399317225131,-2.288371414789538,0.0],[122.82900540442131,-2.2728330222397521,0.0],[122.80508739681625,-2.2556936203728242,0.0],[122.78234157001691,-2.2370266027385242,0.0],[122.760865325145,-2.2169119043722958,0.0],[122.74075062677889,-2.1954356595005038,0.0],[122.72208360914465,-2.1726898327011668,0.0],[122.70494420727732,-2.1487718250961052,0.0],[122.68940581472793,-2.1237840572661071,0.0],[122.67553496927792,-2.097833530668936,0.0],[122.66339106801752,-2.0710313694440292,0.0],[122.65302611299614,-2.0434923445600361,0.0],[122.64448448854239,-2.0153343823496361,0.0],[122.63780277120384,-1.9866780595295379,0.0],[122.63633287266316,-1.97893427920917,0.0],[122.63200004760586,-1.954963065255527,0.0],[122.61667512468,-1.94398138078833,0.0],[122.59392929788066,-1.92531436315403,0.0],[122.57245305300864,-1.9051996647878009,0.0],[122.55795222543895,-1.8897172887626541,0.0],[122.50540310994052,-1.9258448056675661,0.0],[122.5004754592095,-1.929184747498937,0.0],[122.4754876913795,-1.9447231400485521,0.0],[122.44953716478256,-1.958593985498396,0.0],[122.42321052740897,-1.9705405993311731,0.0],[122.33019294928351,-2.009194570685565,0.0],[122.32971742543214,-2.00939185811302,0.0],[122.30217840054831,-2.0197568131345629,0.0],[122.29939230975037,-2.0206924205992318,0.0],[122.20123095669146,-2.053299769472233,0.0],[122.2049411997973,-2.0578523499406738,0.0],[122.22208060166429,-2.0817703575457358,0.0],[122.23602836083126,-2.1040253030294589,0.0],[122.3597417397383,-2.314865146780221,0.0],[122.36133237312083,-2.3175979691266662,0.0],[122.3752032185705,-2.34354849572361,0.0],[122.38734711983091,-2.3703506569486881,0.0],[122.39377241784121,-2.3867655877161269,0.0],[122.41133996304711,-2.434374930129366,0.0],[122.56287292069715,-2.548942235480808,0.0],[122.56542455405418,-2.5508857530264781,0.0],[122.58817038085385,-2.5695527706607781,0.0],[122.60964662572576,-2.589667469026836,0.0],[122.62976132409176,-2.611143713898628,0.0],[122.64842834172612,-2.6338895406981351,0.0],[122.66556774359299,-2.6578075483033672,0.0],[122.68110613614283,-2.6827953161333649,0.0],[122.69497698159284,-2.7087458427303659,0.0],[122.70712088285325,-2.7355480039552731,0.0],[122.71748583787451,-2.7630870288392662,0.0],[122.72602746232826,-2.7912449910496662,0.0],[122.72668079196683,-2.793711215114115,0.0],[122.7383596656648,-2.83830797618208,0.0],[122.74438805336479,-2.8644980749375581,0.0],[122.74742157520063,-2.8814363264440321,0.0],[122.75507132432278,-2.8925219037729448,0.0],[122.77060971687229,-2.917509671603,0.0],[122.78448056232219,-2.943460198199944,0.0],[122.79662446358259,-2.9702623594250208,0.0],[122.80698941860396,-2.9978013843090139,0.0],[122.81121407612272,-3.01090229355566,0.0],[122.82909412169556,-3.069400014910173,0.0],[122.83341108863056,-3.084457067873871,0.0],[122.84009280596933,-3.113113390693798,0.0],[122.84488600405382,-3.1421453633494139,0.0],[122.84777015767372,-3.1714286664767428,0.0],[122.84873291644078,-3.2008379044763728,0.0],[122.84777015767372,-3.2302471424757191,0.0],[122.84488600405382,-3.2595304456032181,0.0],[122.84009280596933,-3.288562418258834,0.0],[122.83341108863056,-3.3172187410788752,0.0],[122.8248694641768,-3.3453767032892761,0.0],[122.81450450915543,-3.372915728173155,0.0],[122.80236060789503,-3.399717889398175,0.0],[122.78848976244535,-3.425668415995176,0.0],[122.77552257375453,-3.4467645620436538,0.0],[122.77889795024805,-3.4507377960627541,0.0],[122.82595324810643,-3.5067829161102959,0.0],[122.8284140985337,-3.5084155406164541,0.0],[122.85233210613876,-3.525554942483268,0.0],[122.87507793293855,-3.5442219601177949,0.0],[122.88521713439536,-3.553718358589435,0.0],[122.89655417781012,-3.5643366584840241,0.0],[122.91666887617646,-3.585812903355531,0.0],[122.9353358938107,-3.60855873015521,0.0],[122.93610564047265,-3.609564814670819,0.0],[122.94909561686904,-3.62659279359832,0.0],[122.96431422089256,-3.630218598575027,0.0],[122.99247218310302,-3.6387602230287261,0.0],[123.02001120798718,-3.6491251780500988,0.0],[123.04681336921215,-3.6612690793105,0.0],[123.07276389580886,-3.675139924760344,0.0],[123.09775166363886,-3.69067831730996,0.0],[123.12166967124392,-3.7078177191768869,0.0],[123.1444154980436,-3.7264847368111869,0.0],[123.16589174291551,-3.7465994351774161,0.0],[123.18600644128151,-3.7680756800492081,0.0],[123.20467345891586,-3.7908215068488289,0.0],[123.22181286078273,-3.81473951445389,0.0],[123.2234088352601,-3.8171447356221511,0.0],[123.25276104880197,-3.8616898202578231,0.0],[123.26670346687445,-3.884272366919276,0.0],[123.28057431232412,-3.9102228935162771,0.0],[123.29271821358452,-3.9370250547413548,0.0],[123.30308316860589,-3.9645640796252342,0.0],[123.30820708288559,-3.9806438991543018,0.0],[123.3163558306685,-4.0079792439902349,0.0],[123.32440449567139,-4.0129842255142307,0.0],[123.34832250327645,-4.0301236273812151,0.0],[123.37106833007579,-4.0487906450156288,0.0],[123.39254457494769,-4.0689053433817426,0.0],[123.41265927331381,-4.0903815882534786,0.0],[123.43132629094805,-4.1131274150531567,0.0],[123.44846569281503,-4.1370454226582183,0.0],[123.46400408536476,-4.1620331904882164,0.0],[123.47787493081478,-4.187983717085217,0.0],[123.49001883207518,-4.2147858783101242,0.0],[123.49666117685729,-4.2317902892996244,0.0],[123.50696392926477,-4.2427171599796338,0.0],[123.51787248945982,-4.2547126429416826,0.0],[123.53653950709418,-4.2774584697412479,0.0],[123.55367890896105,-4.3013764773463086,0.0],[123.56921730151089,-4.3263642451763076,0.0],[123.5830881469609,-4.352314771773365,0.0],[123.59523204822119,-4.379116932998329,0.0],[123.59736605658652,-4.3847868572144524,0.0],[123.6361190113337,-4.1349423156308944,0.0],[123.7105819019587,-3.517632745318394,0.0],[123.8828231128962,-2.93462493281838,0.0],[123.96985924570876,-2.4470761046934371,0.0],[123.97254990254962,-2.432337836615285,0.0]]],
[[[122.58472957421765,-6.10891999578168,0.0],[122.55732719732976,-6.1043958450474074,0.0],[122.52867087450977,-6.0977141277086844,0.0],[122.5005129122992,-6.0891725032549289,0.0],[122.47297388741538,-6.0788075482336126,0.0],[122.44617172619041,-6.0666636469731543,0.0],[122.42022119959324,-6.052792801523367,0.0],[122.39523343176324,-6.0372544089735811,0.0],[122.37131542415818,-6.0201150071066536,0.0],[122.34856959735873,-6.0014479894723536,0.0],[122.32709335248717,-5.9813332911061252,0.0],[122.30697865412071,-5.9598570462343332,0.0],[122.28831163648647,-5.9371112194349962,0.0],[122.27117223461948,-5.9131932118299346,0.0],[122.2556338420701,-5.8882054439999374,0.0],[122.24391547340269,-5.8665614340882257,0.0],[122.23312633419539,-5.8452612262717594,0.0],[122.21778684101594,-5.8522714374799989,0.0],[122.15432818216129,-5.8790398294071338,0.0],[122.15164043975449,-5.8801633425034652,0.0],[122.12410141487055,-5.890528297524952,0.0],[122.09594345265998,-5.8990699219786507,0.0],[122.06728712984,-5.90575163931743,0.0],[122.03825515718438,-5.9105448374017442,0.0],[122.008971854057,-5.9134289910217026,0.0],[121.97956261605748,-5.914391749788706,0.0],[121.95015337805808,-5.9134289910217026,0.0],[121.92087007493069,-5.9105448374017442,0.0],[121.89183810227485,-5.90575163931743,0.0],[121.86318177945498,-5.8990699219786507,0.0],[121.83502381724452,-5.890528297524952,0.0],[121.80748479236058,-5.8801633425034652,0.0],[121.78068263113573,-5.8680194412430637,0.0],[121.75473210453868,-5.8541485957933332,0.0],[121.72974433670868,-5.8386102032437748,0.0],[121.70582632910362,-5.82147080137662,0.0],[121.68308050230394,-5.8028037837425472,0.0],[121.66954248720026,-5.790433897356877,0.0],[121.54934310568945,-5.6760222762626427,0.0],[121.54140487592133,-5.6682774642820277,0.0],[121.52129017755522,-5.6468012194102926,0.0],[121.50262315992097,-5.6240553926107282,0.0],[121.48548375805399,-5.6001373850056666,0.0],[121.46994536550426,-5.5751496171756676,0.0],[121.46371496828817,-5.5639952275000164,0.0],[121.41286535891277,-5.4698407678641843,0.0],[121.40522491067918,-5.4550446309428926,0.0],[121.39308100941855,-5.4282424697178158,0.0],[121.38271605439741,-5.4007034448337663,0.0],[121.37417442994376,-5.3725454826234227,0.0],[121.36749271260487,-5.3438891598034957,0.0],[121.36269951452061,-5.3148571871478234,0.0],[121.35981536090048,-5.2855738840204944,0.0],[121.35885260213388,-5.2561646460209772,0.0],[121.35981536090048,-5.2267554080215177,0.0],[121.36269951452061,-5.1974721048940751,0.0],[121.36749271260487,-5.1684401322384588,0.0],[121.37021063341672,-5.1557379411144666,0.0],[121.37088736941337,-5.15278438994261,0.0],[121.36385157068287,-5.1490236771707032,0.0],[121.33886380285287,-5.1334852846210879,0.0],[121.31494579524781,-5.1163458827541044,0.0],[121.29219996844813,-5.09767886511986,0.0],[121.27072372357645,-5.077564166753632,0.0],[121.26233991567483,-5.0689532276839486,0.0],[121.18802920603878,-4.9905600798973637,0.0],[121.17629831557451,-4.9776947740950854,0.0],[121.15763129794027,-4.95494894729552,0.0],[121.14049189607329,-4.9310309396904586,0.0],[121.12495350352356,-4.90604317186046,0.0],[121.11108265807354,-4.8800926452633462,0.0],[121.09893875681348,-4.853290484038439,0.0],[121.08857380179188,-4.82575145915456,0.0],[121.08119503438115,-4.8018497014036834,0.0],[121.0532897609437,-4.7016490991898081,0.0],[121.0521269039009,-4.6973928947300578,0.0],[121.045445186562,-4.6687365719101308,0.0],[121.04065198847752,-4.6397045992544577,0.0],[121.03776783485773,-4.6104212961271287,0.0],[121.03680507609067,-4.5810120581276692,0.0],[121.03776783485773,-4.5516028201281529,0.0],[121.04065198847752,-4.5223195170008239,0.0],[121.04421106096493,-4.4997377272584336,0.0],[121.08012527401695,-4.304310198121243,0.0],[121.07321038206032,-4.2999580469650027,0.0],[121.06291165441417,-4.2932781719874811,0.0],[121.0389936468091,-4.2761387701205544,0.0],[121.01624782000977,-4.2574717524862544,0.0],[121.00959755002532,-4.2515218557362,0.0],[120.81493327285841,-4.0738496743584278,0.0],[120.81348624908628,-4.0903515919244464,0.0],[120.83166657818606,-4.3611450452232816,0.0],[120.86297748576794,-4.539745018062888,0.0],[120.86588535300416,-4.5586997253342929,0.0],[120.86876950662429,-4.5879830284616219,0.0],[120.86973226539124,-4.617392266461195,0.0],[120.86876950662429,-4.6468015044605409,0.0],[120.86588535300416,-4.67608480758804,0.0],[120.86554620568336,-4.6786057673047594,0.0],[120.85045668745408,-4.7884181859250816,0.0],[120.84600263669063,-4.8149291988638083,0.0],[120.83932091935162,-4.8435855216837922,0.0],[120.83077929489832,-4.8717434838943063,0.0],[120.82219106449963,-4.89492886921289,0.0],[120.74553849995471,-5.08560003603111,0.0],[120.80053170675569,-5.207017907898603,0.0],[120.80635835029352,-5.2204609271423124,0.0],[120.81672330531489,-5.247999952026305,0.0],[120.82526492976854,-5.2761579142367054,0.0],[120.82570077029914,-5.2777968495099694,0.0],[120.85143563358054,-5.3753102772448642,0.0],[120.85768151038849,-5.4023276647914136,0.0],[120.86221216869387,-5.4293987917513391,0.0],[120.87595809968343,-5.5303745404496567,0.0],[120.87622063946253,-5.5323353861454052,0.0],[120.87910479308277,-5.5616186892729047,0.0],[120.8795224751866,-5.5743775576657413,0.0],[120.88061744382503,-5.5764260999033581,0.0],[120.8885337325346,-5.5933569683639917,0.0],[120.9453778080557,-5.7218245790414244,0.0],[120.94960542060642,-5.7316958718058686,0.0],[120.95997037562779,-5.7592348966897484,0.0],[120.96851200008143,-5.7873928589002617,0.0],[120.97233020998613,-5.8027136936872239,0.0],[120.98741972821551,-5.8681360569687513,0.0],[120.99028323564937,-5.8814715450017161,0.0],[120.99507643373386,-5.9105035176573324,0.0],[120.9979605873541,-5.9397868207847182,0.0],[120.9989233461207,-5.9691960587841777,0.0],[120.9980133576571,-5.9977887957643929,0.0],[120.9770327261466,-6.3270710223281981,0.0],[120.97697995584326,-6.3278875233476128,0.0],[120.97409580222347,-6.3571708264749418,0.0],[120.96930260413899,-6.3862027991306149,0.0],[120.96486562834923,-6.4061328337334658,0.0],[120.93725552253321,-6.5181032880500771,0.0],[121.73340905039626,-6.5349667296934086,0.0],[122.58472957421765,-6.10891999578168,0.0]]],
[[[118.00877790123735,6.7385077467956664,0.0],[118.01954642196017,6.7234802935311109,0.0],[118.03508481450956,6.6984925257011128,0.0],[118.0460765993472,6.6782766390728057,0.0],[118.07005446393066,6.6313544385517957,0.0],[118.07293352454303,6.6256197985830454,0.0],[118.08507742580343,6.5988176373580814,0.0],[118.09544238082481,6.5712786124740887,0.0],[118.09869053063665,6.5613310662985214,0.0],[118.12198027733018,6.48708875146167,0.0],[118.14832342006298,6.4790976464778964,0.0],[118.17586244494692,6.4687326914565233,0.0],[118.20266460617177,6.4565887901961219,0.0],[118.22861513276871,6.4427179447462777,0.0],[118.25360290059871,6.4271795521967192,0.0],[118.27752090820377,6.4100401503297348,0.0],[118.30026673500356,6.3913731326954917,0.0],[118.32174297987513,6.3712584343292056,0.0],[118.34185767824147,6.3497821894574713,0.0],[118.34981046332632,6.34046057482351,0.0],[118.40779142035785,6.2705940383648908,0.0],[118.41850565290736,6.2571698261993447,0.0],[118.42171726345885,6.25268802886518,0.0],[118.46495431524238,6.24158549134313,0.0],[118.46949814014556,6.2403933806313034,0.0],[118.49765610235602,6.2318517561777176,0.0],[118.52464473546854,6.2217143539745052,0.0],[118.56808215272882,6.2037893537087134,0.0],[118.29969323008376,6.4679629578065629,0.0],[118.00877790123735,6.7385077467956664,0.0]]],
[[[117.69037472074005,7.07042061225526,0.0],[117.68251754710491,7.049544602681749,0.0],[117.68674849095373,7.0355970500052081,0.0],[117.69343020829263,7.006940727185281,0.0],[117.69822340637711,6.9779087545297216,0.0],[117.69865945017693,6.9744958234958858,0.0],[117.71063804947005,6.96834281205247,0.0],[117.82112226171,6.9094833556719664,0.0],[117.834530660111,6.9020439131725766,0.0],[117.85897643824309,6.8868425514751808,0.0],[117.6912947925837,7.0696475281190772,0.0],[117.69037472074005,7.07042061225526,0.0]]],
[[[109.38441481479674,2.4126612339475861,0.0],[109.45530470304635,2.44232790612466,0.0],[109.45681747460293,2.4429577484066272,0.0],[109.48435649948686,2.4533227034280571,0.0],[109.51251446169715,2.4618643278818131,0.0],[109.54117078451725,2.4685460452205348,0.0],[109.57020275717281,2.4733392433048489,0.0],[109.59948606030025,2.4762233969247518,0.0],[109.62889529829977,2.477186155691697,0.0],[109.65830453629917,2.4762233969247518,0.0],[109.68758783942673,2.4733392433048489,0.0],[109.71661981208234,2.4685460452205348,0.0],[109.74527613490227,2.4618643278816421,0.0],[109.77343409711273,2.4533227034280571,0.0],[109.80097312199666,2.4429577484066272,0.0],[109.82777528322168,2.4308138471462262,0.0],[109.8537258098188,2.416943001696382,0.0],[109.8787135776488,2.4014046091467089,0.0],[109.90263158525386,2.3842652072796682,0.0],[109.92537741205331,2.3655981896454819,0.0],[109.94685365692521,2.34548349127931,0.0],[109.96696835529116,2.324007246407461,0.0],[109.98563537292557,2.3012614196079539,0.0],[110.00277477479256,2.2773434120028919,0.0],[110.01831316734228,2.2523556441728938,0.0],[110.03218401279196,2.22640511757595,0.0],[110.03561270356965,2.2192957974851311,0.0],[110.05595112513328,2.1761609934583821,0.0],[110.07038337461762,2.1668801839145431,0.0],[110.10059548132472,2.1550614582337739,0.0],[110.15343713817578,2.14730178955017,0.0],[110.20542339185965,2.145773980370564,0.0],[110.23288392784593,2.1540794971513719,0.0],[110.26154025066603,2.1607612144900372,0.0],[110.29057222332165,2.1655544125743522,0.0],[110.31985552644886,2.1684385661944821,0.0],[110.34926476444844,2.1694013249614268,0.0],[110.37867400244795,2.1684385661944821,0.0],[110.40795730557539,2.1655544125743522,0.0],[110.43698927823095,2.1607612144900372,0.0],[110.46564560105088,2.1540794971513719,0.0],[110.49380356326151,2.14553787269773,0.0],[110.51485476390621,2.1378012875691179,0.0],[110.565084256094,2.1179058611367618,0.0],[110.57157208033311,2.1152774912440009,0.0],[110.59837424155808,2.103133589983599,0.0],[110.61643806653558,2.093710866642823,0.0],[110.73808190515751,2.0267086923136621,0.0],[110.74419229133412,2.0468519360237,0.0],[110.74420801064031,2.0468982353368692,0.0],[110.76702200604353,2.1140820967999621,0.0],[110.7631704484038,2.13794225335397,0.0],[110.74983792887258,2.2374710619481561,0.0],[110.74970390900944,2.238480215224854,0.0],[110.74681975538931,2.26776351835349,0.0],[110.74585699662242,2.2971727563530639,0.0],[110.74681975538931,2.32658199435258,0.0],[110.7497039090091,2.355865297479852,0.0],[110.75144557427529,2.367845940017276,0.0],[110.76457138807757,2.4503215259550761,0.0],[110.7676229208958,2.4673728560734389,0.0],[110.77430463823453,2.496029178893366,0.0],[110.78284626268834,2.5241871411038228,0.0],[110.79321121770954,2.551726165987759,0.0],[110.80535511896994,2.57852832721278,0.0],[110.81922596441996,2.6044788538096668,0.0],[110.8224991134461,2.6100551365547631,0.0],[110.85335450166315,2.6617664816220672,0.0],[110.85105816712962,2.7248083759396882,0.0],[110.85172291294214,2.770585900604317,0.0],[110.85460706656187,2.79986920373176,0.0],[110.85940026464618,2.8289011763873759,0.0],[110.86608198198508,2.857557499207303,0.0],[110.87462360643866,2.885715461417703,0.0],[110.88498856146009,2.913254486301696,0.0],[110.89713246272049,2.94005664752666,0.0],[110.91100330817051,2.9660071741236038,0.0],[110.92654170072001,2.9909949419536019,0.0],[110.94368110258705,3.014912949558834,0.0],[110.96234812022124,3.037658776358342,0.0],[110.98246281858758,3.05913502123002,0.0],[111.00393906345926,3.079249719596362,0.0],[111.01523534400383,3.0888317735644359,0.0],[111.04830826067052,3.1159619005175609,0.0],[111.05975780692557,3.12504686418373,0.0],[111.08367581453064,3.1421862660507709,0.0],[111.10866358236063,3.157724658600273,0.0],[111.13461410895758,3.1715955040502881,0.0],[111.1614162701826,3.1837394053106891,0.0],[111.18895529506653,3.1941043603318922,0.0],[111.21711325727699,3.2026459847857041,0.0],[111.24576958009709,3.2093277021245972,0.0],[111.27480155275271,3.2141209002089108,0.0],[111.30408485588009,3.2170050538288142,0.0],[111.33349409387944,3.2179678125957589,0.0],[111.36290333187901,3.2170050538288142,0.0],[111.3921866350064,3.2141209002089108,0.0],[111.40673205348412,3.2118597776063211,0.0],[111.4243121883859,3.2212565554828529,0.0],[111.45111434961086,3.2334004567432539,0.0],[111.4773454202525,3.2433191784313071,0.0],[111.58193851921123,3.2791826224417382,0.0],[111.58324647345358,3.2796288557752291,0.0],[111.61140443566399,3.2881704802288141,0.0],[111.64006075848374,3.2948521975675358,0.0],[111.65862591288544,3.2981420080872108,0.0],[112.02919547604267,3.355823158377802,0.0],[112.61200550917295,3.5025970086329612,0.0],[112.73052865206637,3.541591925284763,0.0],[112.77019932962514,3.5990371272043258,0.0],[112.78346544504234,3.6172534443527411,0.0],[112.79343580535874,3.6297789272482528,0.0],[112.96234257958713,3.83438799493797,0.0],[113.07836010860967,3.9993013447438561,0.0],[113.08938992421008,4.0143093118673514,0.0],[113.10805694184432,4.0370551386670286,0.0],[113.12817164021078,4.0585313835387069,0.0],[113.13130524344263,4.0616344038286911,0.0],[113.38515281352431,4.3105509799304969,0.0],[113.53836759483977,4.4854693192141886,0.0],[113.53671939505,4.5024960611088432,0.0],[113.53559010045274,4.5164117931020664,0.0],[113.53462734168568,4.5458210311015819,0.0],[113.53559010045274,4.575230269101155,0.0],[113.53847425407253,4.6045135722285409,0.0],[113.54326745215701,4.6335455448841572,0.0],[113.54994916949568,4.6622018677040842,0.0],[113.55849079394932,4.6903598299144846,0.0],[113.56885574897069,4.7178988547984773,0.0],[113.58099965023143,4.7447010160234413,0.0],[113.59487049568111,4.7706515426205556,0.0],[113.61040888823049,4.7956393104505537,0.0],[113.62754829009782,4.8195573180556153,0.0],[113.64621530773434,4.8423031448576239,0.0],[113.65970366423187,4.8570119818797366,0.0],[113.68791899626319,4.8864417100697892,0.0],[113.6945453381295,4.8932091179170811,0.0],[113.71602158300107,4.9133238162833663,0.0],[113.73876740980074,4.93199083391761,0.0],[113.76268541740581,4.9491302357845939,0.0],[113.7876731852358,4.9646686283341523,0.0],[113.81362371183286,4.9785394737841671,0.0],[113.83565565892411,4.9886752471427371,0.0],[113.87679009902854,5.0062710723382224,0.0],[113.88156031316214,5.0082792002398833,0.0],[113.9090993380463,5.0186441552612564,0.0],[113.93725730025653,5.0271857797150119,0.0],[113.96591362307663,5.033867497053734,0.0],[113.99494559573225,5.0386606951380486,0.0],[114.02422889885963,5.0415448487579511,0.0],[114.05363813685904,5.0425076075248967,0.0],[114.06045889290874,5.0424558736776817,0.0],[114.15150780188492,5.0410746246428744,0.0],[114.17939549949654,5.044794962175331,0.0],[114.23005432411583,5.06637419681465,0.0],[114.30558085098471,5.106667988211143,0.0],[114.36537321885248,5.1500937206907906,0.0],[114.44504103280167,5.2196728817292524,0.0],[114.46709504652256,5.2377344455725279,0.0],[114.49101305412762,5.2548738474395122,0.0],[114.49451334667708,5.2571891144219194,0.0],[114.59435221386502,5.3225598012711544,0.0],[114.61583968914556,5.3357829268383057,0.0],[114.6417902157425,5.34965377228815,0.0],[114.64238433455228,5.3499462156062236,0.0],[114.79710357283454,5.4259622475076981,0.0],[114.82331161524939,5.4378137054500257,0.0],[114.85085064013322,5.4481786604713989,0.0],[114.87900860234379,5.4567202849249838,0.0],[114.90766492516389,5.463402002263706,0.0],[114.93669689781939,5.4681952003481911,0.0],[114.96598020094677,5.47107935396815,0.0],[114.973165906948,5.4713145896259334,0.0],[114.97321872022405,5.4718508118152158,0.0],[114.97801191830854,5.5008827844708321,0.0],[114.98469363564743,5.52953910729093,0.0],[114.99323526010119,5.557697069501387,0.0],[115.00360021512245,5.5852360943853228,0.0],[115.01574411638285,5.6120382556103436,0.0],[115.02961496183264,5.6379887822072874,0.0],[115.04515335438236,5.6629765500372864,0.0],[115.06229275624935,5.6868945576425176,0.0],[115.08095977388416,5.7096403844428778,0.0],[115.08391210941716,5.712973443234489,0.0],[115.22126806644894,5.8665041235736908,0.0],[115.23843042928138,5.8846473096529053,0.0],[115.25990667415329,5.9047620080190768,0.0],[115.28142266638667,5.92248196340347,0.0],[115.32896498409525,5.9592239067629293,0.0],[115.33019481866154,5.9601709690127223,0.0],[115.3541128262666,5.9773103708798772,0.0],[115.3791005940966,5.9928487634294356,0.0],[115.40505112069354,6.00671960887928,0.0],[115.43185328191839,6.0188635101396812,0.0],[115.45939230680233,6.0292284651610544,0.0],[115.4875502690129,6.03777008961481,0.0],[115.516206591833,6.044451806953532,0.0],[115.54523856448861,6.0492450050378466,0.0],[115.57452186761589,6.0521291586579764,0.0],[115.6039311056154,6.0530919174246947,0.0],[115.60871247409489,6.053066495907558,0.0],[115.67399743111503,6.1258136142549233,0.0],[115.67986832753115,6.1399122043133616,0.0],[115.6996064555949,6.2279233647587944,0.0],[115.70402957315025,6.24590364993702,0.0],[115.71257119760389,6.2740616121474773,0.0],[115.72293615262527,6.301600637031413,0.0],[115.73508005388567,6.3284027982564339,0.0],[115.74895089933568,6.3543533248533777,0.0],[115.76448929188518,6.3793410926835463,0.0],[115.78162869375205,6.4032591002884374,0.0],[115.80029571138641,6.4260049270880586,0.0],[115.80558901913093,6.4319342452125738,0.0],[116.14404770183876,6.8043811294537591,0.0],[116.15550391780107,6.8204497649067548,0.0],[116.35354871092375,7.1896673720169133,0.0],[116.36038644621294,7.2019501673046307,0.0],[116.37592483876267,7.2269379351346288,0.0],[116.39306424062966,7.25085594273969,0.0],[116.4117312582639,7.2736017695393684,0.0],[116.43184595663024,7.2950780144111036,0.0],[116.45332220150181,7.3151927127772183,0.0],[116.47606802830126,7.3338597304114614,0.0],[116.49998603590632,7.3509991322784458,0.0],[116.52497380373632,7.3665375248281748,0.0],[116.54965778953476,7.3797813051656362,0.0],[116.57601277000367,7.39288128075151,0.0],[116.57727931080251,7.3935083458638928,0.0],[116.60408147202747,7.4056522471242943,0.0],[116.6316204969113,7.4160172021456674,0.0],[116.64397949018041,7.4197662617666538,0.0],[116.64887446643093,7.4327719016843616,0.0],[116.66101836769133,7.459574062909212,0.0],[116.67393295738374,7.4837355608162524,0.0],[116.1689559253962,7.4218203796815629,0.0],[115.6201278003962,6.9436709656190772,0.0],[115.01380455820876,6.5193545593690487,0.0],[112.8347274097712,4.7016055359316056,0.0],[111.7649031910212,4.0132510437441056,0.0],[111.20313561289626,3.6577822937440772,0.0],[109.40027916758376,2.423102117962856,0.0],[109.38441481479674,2.4126612339475861,0.0]]],
[[[115.19672653899664,-7.4261564804519171,0.0],[115.17945537968887,-7.4221294109170231,0.0],[115.1512974174783,-7.4135877864634949,0.0],[115.12375839259448,-7.4032228314420649,0.0],[115.10574214329051,-7.39529393229742,0.0],[115.03019119927978,-7.3600506054744406,0.0],[115.02140528735856,-7.3558356033585142,0.0],[114.99545476076162,-7.3419647579087268,0.0],[114.97046699293162,-7.3264263653591124,0.0],[114.94654898532656,-7.3092869634920126,0.0],[114.92380315852688,-7.2906199458577126,0.0],[114.9023269136552,-7.2705052474916556,0.0],[114.8822122152892,-7.2490290026198636,0.0],[114.86354519765484,-7.2262831758201864,0.0],[114.85478182109159,-7.2140538979896291,0.0],[114.85360354812508,-7.2211905921027437,0.0],[114.84692183078619,-7.2498469149225571,0.0],[114.83838020633243,-7.2780048771330712,0.0],[114.83325211377473,-7.2923126260847084,0.0],[114.81826594841004,-7.3320001260847789,0.0],[114.81302908594671,-7.3452314020171912,0.0],[114.80088518468597,-7.3720335632422689,0.0],[114.78701433923618,-7.3979840898392126,0.0],[114.77147594668645,-7.4229718576693244,0.0],[114.75433654481958,-7.446889865274386,0.0],[114.73566952718522,-7.4696356920740072,0.0],[114.72918040497655,-7.4765640573430687,0.0],[114.74734840088354,-7.49596182915252,0.0],[114.76601541851778,-7.5187076559520847,0.0],[114.78315482038477,-7.5426256635571463,0.0],[114.79869321293415,-7.5676134313873149,0.0],[114.81256405838417,-7.5935639579840881,0.0],[114.82470795964457,-7.6203661192091658,0.0],[114.82634255532649,-7.6247091357555083,0.0],[114.85560143320876,-7.59380462031838,0.0],[115.19672653899664,-7.4261564804519171,0.0]]],
[[[114.44925980117799,-8.374824473344546,0.0],[114.4469100269587,-8.3373348937559228,0.0],[114.43311608164626,-8.2753231750058944,0.0],[114.42566979258376,-8.1755917296934228,0.0],[114.4526168197381,-8.0788615644899977,0.0],[114.4487410816462,-8.0831845031309228,0.0],[114.4237166675837,-8.15142180781838,0.0],[114.4221297535212,-8.2289364562559513,0.0],[114.4321395191462,-8.3242733703184228,0.0],[114.44925980117799,-8.374824473344546,0.0]]],
[[[113.79527456409903,-8.99396952322927,0.0],[113.78630594662332,-8.9908124195822552,0.0],[113.53846577735135,-8.9004303395036,0.0],[113.52044540430654,-8.89341610944274,0.0],[113.51297800139969,-8.8902437843357234,0.0],[113.16915435165379,-8.74050368928863,0.0],[113.15056050201349,-8.7444569762392348,0.0],[113.06544460768191,-8.7786702278821167,0.0],[113.04227849816743,-8.78725070964606,0.0],[113.01680501108478,-8.7950641248743864,0.0],[112.89071451629263,-8.82968733450997,0.0],[112.88803004116505,-8.8304155437353415,0.0],[112.85937371834495,-8.83709726107395,0.0],[112.83461610270649,-8.84130685664627,0.0],[112.74180523031021,-8.8544326704483751,0.0],[112.73753087329305,-8.8550162729604267,0.0],[112.70824757016567,-8.8579004265804429,0.0],[112.67883833216615,-8.8588631853473885,0.0],[112.64942909416641,-8.8579004265804429,0.0],[112.63276403025623,-8.85649646625609,0.0],[112.53995315786005,-8.8469363262818774,0.0],[112.52733491864319,-8.8454561329865555,0.0],[112.49939418847828,-8.840878593740058,0.0],[112.28007576093967,-8.7978171748468981,0.0],[112.08006637605422,-8.7726738875034584,0.0],[111.49598739544217,-8.7545710297538335,0.0],[111.48050819572427,-8.7538240919446366,0.0],[111.451224892597,-8.75093993832462,0.0],[111.42219291994144,-8.7461467402403059,0.0],[111.39949823829477,-8.7410187467722267,0.0],[111.26527364935112,-8.7070173430591353,0.0],[111.02027734273827,-8.6878378876692182,0.0],[110.99667899415783,-8.68536254574633,0.0],[110.98138170359857,-8.6830803284767626,0.0],[110.75617581167069,-8.6455115622006247,0.0],[110.74244112957399,-8.6430005813857633,0.0],[110.7269889864919,-8.6396434817140744,0.0],[110.50405685758494,-8.58708855007319,0.0],[110.4908526778471,-8.583763932406157,0.0],[110.46269471563664,-8.5752223079524583,0.0],[110.43515569075265,-8.5648573529310852,0.0],[110.42088226000726,-8.5586535797679062,0.0],[109.87385506918423,-8.3095528502622074,0.0],[109.73356557340418,-8.2627117463933359,0.0],[109.20848618436003,-8.1491425391702137,0.0],[109.17808500704416,-8.14568137226911,0.0],[109.00674276859991,-8.1533412775343663,0.0],[108.95725135977682,-8.1528271843902189,0.0],[108.92796805664943,-8.1499430307703165,0.0],[108.89893608399382,-8.1451498326858314,0.0],[108.87027976117372,-8.13846811534711,0.0],[108.86632929097919,-8.13739028724541,0.0],[108.79336087616497,-8.11712449533377,0.0],[108.79179517757285,-8.1171132414355043,0.0],[108.7595989215248,-8.1246894046545322,0.0],[108.75609057501993,-8.1279158793263946,0.0],[108.74818828444461,-8.1350128495070066,0.0],[108.72544245764476,-8.15367986714125,0.0],[108.7015244500397,-8.1708192690082342,0.0],[108.6765366822097,-8.1863576615579632,0.0],[108.65058615561276,-8.2002285070078642,0.0],[108.62378399438762,-8.2123724082682088,0.0],[108.5962449695038,-8.2227373632894682,0.0],[108.5680870072934,-8.23127898774328,0.0],[108.53943068447347,-8.23796070508206,0.0],[108.51039871181786,-8.242753903166431,0.0],[108.48111540869047,-8.24563805678639,0.0],[108.45170617069073,-8.2466008155532222,0.0],[108.44050812453213,-8.2464613597417724,0.0],[108.32433950473995,-8.24356747953334,0.0],[108.3061283128992,-8.2427441765780145,0.0],[108.28991921517422,-8.2413869489727745,0.0],[108.17488747689259,-8.2296563988426215,0.0],[108.16181327149019,-8.2281294728279022,0.0],[108.13571139942644,-8.2239090024515917,0.0],[107.8326808004669,-8.1657213396909469,0.0],[107.82975069987492,-8.1651486119827723,0.0],[107.801094377055,-8.15846689464405,0.0],[107.78188063234023,-8.1528573871645449,0.0],[107.66881259848566,-8.1170972960185281,0.0],[107.65986838098991,-8.1141651790443348,0.0],[107.63232935610597,-8.1038002240229616,0.0],[107.60763284315999,-8.0926878972469467,0.0],[107.49900898248256,-8.0398229070124216,0.0],[107.49690333420352,-8.0387913325280351,0.0],[107.47095280760658,-8.0249204870780773,0.0],[107.44596503977658,-8.0093820945284619,0.0],[107.43711220481708,-8.0033127460390574,0.0],[107.37899905251419,-7.9624433062990647,0.0],[107.2009886292567,-7.9146741319442526,0.0],[107.0296954358729,-7.89533324187903,0.0],[106.79544401958248,-7.8783217994269412,0.0],[106.87646571858741,-7.9182266839336251,0.0],[107.26247416793288,-8.1083439337433987,0.0],[108.6833602222712,-8.8081600890684228,0.0],[110.9901229175837,-9.1796200500059228,0.0],[111.9827986988337,-9.25920989375588,0.0],[112.37363264733327,-9.20201468178034,0.0],[113.79527456409903,-8.99396952322927,0.0]]],
[[[105.99628538689936,-7.48471942708225,0.0],[105.99588130232587,-7.4838275934239391,0.0],[105.9855163473045,-7.45628856854006,0.0],[105.97697472285085,-7.42813060632966,0.0],[105.97029300551219,-7.39947428350979,0.0],[105.9654998074277,-7.3704423108539459,0.0],[105.96261565380757,-7.3411590077266169,0.0],[105.96224081002561,-7.3297087146895024,0.0],[105.85834626223084,-7.3015353560447238,0.0],[105.80841906622135,-7.2955591506788551,0.0],[105.75107029008092,-7.29569402550527,0.0],[105.65215496341881,-7.3070375262691414,0.0],[105.63809598210163,-7.3083036396386811,0.0],[105.99628538689936,-7.48471942708225,0.0]]],
[[[104.7169327652516,-6.8112969323878936,0.0],[104.70593419945607,-6.7870225804003894,0.0],[104.69556924443469,-6.75948355551651,0.0],[104.68702761998111,-6.7313255933058826,0.0],[104.68034590264222,-6.7026692704860693,0.0],[104.67555270455807,-6.6736372978302816,0.0],[104.67266855093817,-6.644353994703124,0.0],[104.67170579217122,-6.614944756703494,0.0],[104.67266855093817,-6.5855355187040354,0.0],[104.67555270455807,-6.5562522155767056,0.0],[104.68034590264222,-6.5272202429210324,0.0],[104.68702761998111,-6.4985639201010494,0.0],[104.69556924443469,-6.4704059578905913,0.0],[104.70593419945607,-6.4428669330065418,0.0],[104.71807810071647,-6.4160647717814641,0.0],[104.73194894616648,-6.3901142451846908,0.0],[104.74748733871604,-6.3651264773545222,0.0],[104.76462674058303,-6.3412084697494606,0.0],[104.76872966190876,-6.3362090456489,0.0],[104.7551495579952,-6.3401080207961513,0.0],[104.74744166222786,-6.3422470053133111,0.0],[104.71878533940617,-6.3489287226525448,0.0],[104.68975336675038,-6.35372192073703,0.0],[104.66047006362294,-6.3566060743568764,0.0],[104.63106082562342,-6.3575688331238212,0.0],[104.60165158762402,-6.3566060743568764,0.0],[104.58088784414196,-6.3547609264102789,0.0],[104.5514322777355,-6.3514536347436206,0.0],[104.54291271809035,-6.350414629070201,0.0],[104.51388074543479,-6.345621430986057,0.0],[104.48522442261469,-6.3389397136471084,0.0],[104.45706646040423,-6.3303980891935234,0.0],[104.42952743552024,-6.3200331341720357,0.0],[104.40272527429545,-6.3078892329116911,0.0],[104.37677474769833,-6.29401838746179,0.0],[104.35178697986834,-6.2784799949122316,0.0],[104.3278689722631,-6.2613405930452473,0.0],[104.31223483922906,-6.248780406959213,0.0],[104.19151869339532,-6.1472878939380848,0.0],[104.18440699962991,-6.1411810623896486,0.0],[104.16293075475801,-6.12106636402342,0.0],[104.16153895158357,-6.1196684416466951,0.0],[104.05012456356224,-6.0072722014117517,0.0],[104.03140166837045,-5.9871938789169121,0.0],[104.02396811631854,-5.9784967869184129,0.0],[103.92826481921128,-5.8635980981119928,0.0],[103.8736926661785,-5.8209769417211987,0.0],[103.85398789155551,-5.8046641353049608,0.0],[103.83836651014963,-5.7902984213699256,0.0],[103.75475404270162,-5.7096831869946527,0.0],[103.74889917923559,-5.7039342025634028,0.0],[103.72878448086925,-5.6824579576916676,0.0],[103.71030686448012,-5.6599587867485752,0.0],[103.51270767943009,-5.4028109447467614,0.0],[103.17624119251553,-5.20315318104042,0.0],[103.15589098376967,-5.1903293601422433,0.0],[103.14868094881086,-5.1854098832204158,0.0],[103.07509370922725,-5.1341468623870128,0.0],[103.05838573658116,-5.1219269374417422,0.0],[103.03563990978148,-5.103259919807499,0.0],[103.02070248237322,-5.089552250954,0.0],[102.94285064127928,-5.0148075786841559,0.0],[102.88600593947194,-4.9697420367356813,0.0],[102.69587237479573,-4.8611262256825967,0.0],[102.69408675941042,-4.8601007442269406,0.0],[102.66909899158043,-4.8445623516771548,0.0],[102.64518098397537,-4.8274229498103409,0.0],[102.63061908172637,-4.8157614021051236,0.0],[102.24935036427684,-4.4972278734580868,0.0],[102.24116643972616,-4.4902224035288327,0.0],[102.21969019485448,-4.4701077051626044,0.0],[102.20439850389084,-4.4540424403441534,0.0],[102.03872386196292,-4.2711595464632524,0.0],[102.03390085456044,-4.2657485664099113,0.0],[102.0152338369262,-4.2430027396105174,0.0],[101.99809443505922,-4.2190847320054559,0.0],[101.99071095990348,-4.20766443364522,0.0],[101.82014770911172,-3.9348875914511718,0.0],[101.81519950438826,-3.928689582441848,0.0],[101.55649861325361,-3.7438600572504579,0.0],[101.54416291756434,-3.7347247889986188,0.0],[101.53847309528362,-3.7302858428371342,0.0],[101.3695945145538,-3.5963405303366471,0.0],[101.35253851003506,-3.5821124588638331,0.0],[101.3310622651635,-3.5619977604976039,0.0],[101.31702479977429,-3.5473112411129928,0.0],[101.24664149899257,-3.4702616805657271,0.0],[101.24056426601567,-3.4634719550785462,0.0],[101.22189724838125,-3.4407261282789818,0.0],[101.20475784651444,-3.41680812067392,0.0],[101.19530992929606,-3.4020539705962278,0.0],[101.0308755217435,-3.1339049634337361,0.0],[101.02478504641209,-3.1236713456814869,0.0],[101.01704137745878,-3.1096908955242948,0.0],[100.99077387157422,-3.060212877974664,0.0],[100.96072913872877,-3.040630708022547,0.0],[100.95643867256297,-3.0377992494563268,0.0],[100.93252066495791,-3.0206598475894,0.0],[100.91741476010611,-3.0083306929317928,0.0],[100.9175325273776,-3.009526404106396,0.0],[100.91849528614455,-3.0389356421059119,0.0],[100.91773160786016,-3.06513124312653,0.0],[100.91369989187965,-3.1342201942464558,0.0],[101.5439559253962,-4.2714169250058944,0.0],[102.69605553477126,-5.4429257140684086,0.0],[103.52393639414626,-5.9363339171933944,0.0],[104.46910616388178,-6.6295368569745108,0.0],[104.7169327652516,-6.8112969323878936,0.0]]],
[[[100.41458030415376,3.0177428279626111,0.0],[100.4710556061242,2.9395589708932448,0.0],[100.6260579677284,2.783666302789356,0.0],[100.64526343988928,2.7631018915916461,0.0],[100.65377166943847,2.7531096510608108,0.0],[100.69935028271993,2.6979708978054759,0.0],[100.70038906508637,2.696666785502543,0.0],[100.70500025451577,2.698756088251514,0.0],[100.7325392793997,2.7091210432728872,0.0],[100.76069724161016,2.7176626677266431,0.0],[100.78935356443026,2.7243443850653648,0.0],[100.79150019431017,2.724765950547976,0.0],[100.82161498193534,2.7306039927103711,0.0],[100.85041132712286,2.7361864420844308,0.0],[100.87012989752122,2.7393927372743292,0.0],[100.86965290327373,2.7406600805892372,0.0],[100.86701416492502,2.7493588351543812,0.0],[100.41458030415376,3.0177428279626111,0.0]]],
[[[98.366426770863825,4.9828212460785366,0.0],[98.369846773161839,4.97636646198788,0.0],[98.381990674422411,4.9495643007629164,0.0],[98.392355629443784,4.9220252758789229,0.0],[98.398565257849611,4.9022455067843111,0.0],[98.401392646468139,4.8924550151393191,0.0],[98.561318203737869,4.7374840285838218,0.0],[98.5663596790148,4.7325212517054638,0.0],[98.58647437738108,4.7110450068337286,0.0],[98.6051413950155,4.6882991800342779,0.0],[98.622280796882308,4.6643811724292163,0.0],[98.637819189431866,4.6393934045992182,0.0],[98.651690034881881,4.613442878002104,0.0],[98.663833936142282,4.5866407167770831,0.0],[98.674198891163655,4.5591016918931473,0.0],[98.68251408905229,4.5317855006408649,0.0],[98.707422129416955,4.4395430689997966,0.0],[98.707648555982075,4.4387012980416216,0.0],[98.7143302733208,4.4100449752216946,0.0],[98.715002705040547,4.4065939759767616,0.0],[98.727160862604478,4.400822798977174,0.0],[98.739502300139122,4.394498247016827,0.0],[98.8699336152439,4.3250967984488966,0.0],[98.883542704306137,4.3175505049592289,0.0],[98.908530472136135,4.30201211240967,0.0],[98.9324484797412,4.2848727105425164,0.0],[98.955194306540875,4.2662056929082723,0.0],[98.976670551412383,4.2460909945421577,0.0],[98.996785249778554,4.2246147496704216,0.0],[99.015452267412968,4.2018689228707444,0.0],[99.032591669279782,4.1779509152656829,0.0],[99.035293958632053,4.1738585182989709,0.0],[99.0630958792051,4.1312512998742932,0.0],[99.0759319824025,4.110355929011007,0.0],[99.076214631474272,4.1098656542329186,0.0],[99.338067959192188,3.990216689473868,0.0],[99.3500685774506,3.9845174604337221,0.0],[99.376019104047714,3.9706466149838771,0.0],[99.401006871877712,3.9551082224341489,0.0],[99.416142551301618,3.9445391302824651,0.0],[99.771166293194938,3.6856284304311089,0.0],[99.88805849484163,3.6146049579109509,0.0],[99.616343620708761,3.9804751648377992,0.0],[98.7356063160212,4.7110049499940629,0.0],[98.366426770863825,4.9828212460785366,0.0]]],
[[[96.99639738363112,2.6531523705367168,0.0],[97.020735403302979,2.6608654902614721,0.0],[97.04020082232455,2.6665546761898331,0.0],[97.06029351083896,2.6712396340637379,0.0],[97.053222957405183,2.6787887871335561,0.0],[97.034587934413651,2.701492922747605,0.0],[96.956453168788244,2.8032954943625441,0.0],[96.956421174145589,2.8033371855479459,0.0],[96.939281772278378,2.827255193153007,0.0],[96.924636491922115,2.850703092472656,0.0],[96.867808507082657,2.9482382867374208,0.0],[96.8216256705449,3.01550807815272,0.0],[96.623570562623343,3.2857698057310931,0.0],[96.622818625380546,3.2865574755286961,0.0],[96.4326938937574,3.326618453769413,0.0],[96.40902487831147,3.33227875156075,0.0],[96.38086691610124,3.3408203760145621,0.0],[96.353327891217077,3.3511853310359361,0.0],[96.326525729992113,3.3633292322963371,0.0],[96.300575203395169,3.3772000777461808,0.0],[96.2896027845697,3.3837445817179632,0.0],[96.2088841973299,3.4334573095827068,0.0],[96.194868848325143,3.442451198160597,0.0],[96.170950840720081,3.4595906000276391,0.0],[96.148205013920574,3.478257617661825,0.0],[96.1267287690489,3.498372316028167,0.0],[96.106614070682554,3.5198485608999022,0.0],[96.091371429472531,3.5381885292605939,0.0],[95.96926572492805,3.6932957755739149,0.0],[95.92502757014654,3.7406634541089829,0.0],[95.70996739636638,3.9098294380086709,0.0],[95.6914887053249,3.9251812423381121,0.0],[95.6742385927721,3.9411252478360548,0.0],[95.658301759531255,3.956646661225323,0.0],[96.321308426942238,3.1333602962540961,0.0],[96.326386128774914,3.1306462080794968,0.0],[96.351373896605082,3.1151078155297678,0.0],[96.364241850254928,3.1061817314479749,0.0],[96.39245718228625,3.08587289355728,0.0],[96.4035072362413,3.0776595757720879,0.0],[96.4262530630408,3.0589925581379021,0.0],[96.447729307912709,3.03887785977156,0.0],[96.467844006278824,3.0174016148998248,0.0],[96.473567006957353,3.0107458394421092,0.0],[96.476720350541939,3.0070052991612282,0.0],[96.481505538605859,3.0037470200712919,0.0],[96.653095047185047,2.8980729934463061,0.0],[96.667116897908386,2.8890751006853179,0.0],[96.691034905513277,2.8719356988182771,0.0],[96.713780732313126,2.85326868118409,0.0],[96.73525697718469,2.8331539828177479,0.0],[96.740915697905436,2.82711222819401,0.0],[96.99639738363112,2.6531523705367168,0.0]]],
[[[94.771487441534873,5.3984749199203979,0.0],[94.780815359050678,5.4397646724536344,0.0],[94.777965627695266,5.4583870349005679,0.0],[94.775081474075535,5.4876703380277831,0.0],[94.774118715308589,5.5170795760273563,0.0],[94.775081474075535,5.5464888140268727,0.0],[94.775714060322912,5.5549237805602729,0.0],[94.77615809783272,5.5601810708207742,0.0],[94.7295028003962,5.5426089539003129,0.0],[94.771487441534873,5.3984749199203979,0.0]]]]}}