{"type":"Feature","properties":{"GID_1":"IDN.19_1","GID_0":"IDN","country":"Indonesia","province":"Maluku","VARNAME_1":"NA","NL_NAME_1":"NA","TYPE_1":"Propinisi","ENGTYPE_1":"Province","CC_1":"81","HASC_1":"ID.MA","ISO_1":"ID-ML","name":"Maluku.province"},
"geometry":{"type": "MultiPolygon","coordinates": [[[[130.9183,-8.2562,0.0],[130.9234,-8.2534,0.0],[130.924,-8.2511,0.0],[130.921,-8.2508,0.0],[130.9181,-8.2527,0.0],[130.9169,-8.2553,0.0],[130.9183,-8.2562,0.0]]],
[[[127.6477,-8.2383,0.0],[127.6567,-8.2377,8.4451],[127.6764,-8.2291,12.0354],[127.6855,-8.2229,15.7396],[127.7114,-8.2144,21.3725],[127.7202,-8.2186,0.0],[127.7296,-8.2171,1.0779],[127.741,-8.21,18.0021],[127.7464,-8.2024,13.9815],[127.7483,-8.1935,18.0932],[127.7451,-8.1839,18.9735],[127.74,-8.1784,14.7829],[127.728,-8.1741,16.7553],[127.7151,-8.1653,11.2934],[127.7008,-8.1615,18.6544],[127.6938,-8.1562,21.0332],[127.6816,-8.1545,0.0],[127.6667,-8.1597,0.0],[127.6532,-8.1707,0.0],[127.6401,-8.1764,0.0],[127.6238,-8.1921,0.0],[127.6001,-8.2068,0.0],[127.5925,-8.215,0.0],[127.5936,-8.2172,0.0],[127.609,-8.223,0.0],[127.6225,-8.2246,0.0],[127.6239,-8.2368,0.0],[127.6258,-8.2382,0.0],[127.6299,-8.2395,0.0],[127.6477,-8.2383,0.0]]],
[[[128.1466,-8.281,0.0],[128.2059,-8.2797,0.0],[128.23,-8.2735,0.0],[128.2313,-8.2693,20.5212],[128.2215,-8.2362,15.1126],[128.2189,-8.2172,13.9368],[128.2149,-8.2102,13.398],[128.2081,-8.2059,11.1996],[128.1918,-8.2004,0.0],[128.1851,-8.2016,0.0],[128.1727,-8.2083,0.0],[128.159,-8.2108,0.0],[128.1479,-8.2159,3.0757],[128.1365,-8.2153,12.2257],[128.1244,-8.2168,13.8428],[128.1082,-8.213,21.2253],[128.0927,-8.206,0.0],[128.0907,-8.2065,0.0],[128.0923,-8.2155,0.0],[128.0915,-8.2243,0.0],[128.0757,-8.246,0.0],[128.0737,-8.2557,0.0],[128.0757,-8.2611,0.0],[128.0805,-8.2662,0.0],[128.0872,-8.2692,0.0],[128.1027,-8.2701,0.0],[128.1157,-8.2751,0.0],[128.1325,-8.2765,0.0],[128.1466,-8.281,0.0]]],
[[[128.0526,-8.1469,14.4145],[128.0139,-8.1469,15.3138],[127.9923,-8.1423,10.3494],[127.9737,-8.1435,12.534],[127.9578,-8.147,4.7139],[127.9444,-8.1445,0.0],[127.9414,-8.146,5.2987],[127.9342,-8.1458,12.3134],[127.9287,-8.1439,15.0516],[127.92,-8.1326,10.878],[127.9163,-8.1307,4.74],[127.9008,-8.1316,10.9688],[127.8915,-8.1301,13.3482],[127.8847,-8.1281,12.102],[127.8717,-8.1201,13.7659],[127.8672,-8.1192,12.1926],[127.8549,-8.1209,19.1753],[127.844,-8.1201,26.575],[127.8267,-8.1125,33.0277],[127.8113,-8.1108,44.5158],[127.8038,-8.1053,2.2864],[127.7951,-8.1074,22.4291],[127.7821,-8.1048,6.3148],[127.7689,-8.1084,30.2459],[127.7596,-8.1088,0.0],[127.7546,-8.1104,0.0],[127.7513,-8.1149,0.0],[127.758,-8.1254,0.0],[127.7717,-8.1338,0.0],[127.7759,-8.1426,0.0],[127.777,-8.1667,0.0],[127.7803,-8.1784,0.0],[127.7858,-8.1863,0.0],[127.7998,-8.1965,0.0],[127.814,-8.2032,0.0],[127.8402,-8.2074,0.0],[127.8499,-8.2143,0.0],[127.8636,-8.2198,0.0],[127.877,-8.2206,0.0],[127.8975,-8.2164,0.0],[127.9362,-8.2214,0.0],[127.9485,-8.2328,0.0],[127.9503,-8.2402,0.0],[127.9496,-8.2442,0.0],[127.952,-8.2489,0.0],[127.9782,-8.2523,0.0],[127.99,-8.2585,0.0],[128.0035,-8.2622,0.0],[128.0341,-8.2623,0.0],[128.0418,-8.2593,18.4087],[128.0431,-8.2558,28.5796],[128.0437,-8.2327,26.2061],[128.0478,-8.2265,24.7513],[128.0615,-8.2191,10.4583],[128.0642,-8.2141,20.5334],[128.0635,-8.2023,22.63],[128.0655,-8.1989,21.7653],[128.0719,-8.1937,19.2924],[128.1094,-8.1753,13.4558],[128.1205,-8.1661,14.1679],[128.1211,-8.1627,10.8207],[128.1184,-8.1558,12.1848],[128.0988,-8.1422,10.4069],[128.0937,-8.1406,10.7741],[128.0786,-8.1401,13.5708],[128.0654,-8.1456,16.0478],[128.0526,-8.1469,14.4145]]],
[[[128.9364,-8.2164,74.0],[128.938,-8.2146,146.1494],[128.9451,-8.216,174.1229],[128.9538,-8.2142,154.2184],[128.9552,-8.217,64.5749],[128.9625,-8.2228,130.2027],[128.9658,-8.2232,123.8425],[128.9668,-8.2255,62.4706],[128.9793,-8.235,137.209],[128.9913,-8.2391,154.7234],[129.0051,-8.2481,202.9396],[129.0173,-8.2494,42.0172],[129.019,-8.2488,48.8115],[129.0216,-8.2376,160.5951],[129.0247,-8.2347,157.454],[129.029,-8.2344,46.3141],[129.0306,-8.2328,29.9265],[129.0325,-8.2283,25.6461],[129.0336,-8.2156,0.0],[129.033,-8.2108,0.0],[129.0287,-8.2033,0.0],[129.0185,-8.2024,0.0],[129.0168,-8.2007,0.0],[128.993,-8.1943,0.0],[128.9634,-8.1752,0.0],[128.9263,-8.1807,0.0],[128.9139,-8.1797,0.0],[128.9117,-8.1777,0.0],[128.8882,-8.1759,0.0],[128.865,-8.1762,0.0],[128.8635,-8.1743,0.0],[128.8415,-8.1819,0.0],[128.8298,-8.1841,0.0],[128.8221,-8.1899,0.0],[128.8222,-8.1941,0.0],[128.8564,-8.2131,73.2578],[128.8629,-8.2198,18.8509],[128.8745,-8.2213,168.1152],[128.879,-8.224,98.6977],[128.8906,-8.2261,142.945],[128.8952,-8.2302,122.1535],[128.9051,-8.2314,34.0919],[128.9067,-8.2333,66.447],[128.9277,-8.2364,77.6047],[128.9403,-8.2353,0.0],[128.94,-8.2305,0.0],[128.9326,-8.2206,17.8331],[128.9338,-8.2173,49.4416],[128.9364,-8.2164,74.0]]],
[[[128.7195,-8.1966,0.0],[128.7178,-8.1975,0.0],[128.7198,-8.2001,0.0],[128.7206,-8.1987,0.0],[128.7195,-8.1966,0.0]]],
[[[128.7112,-8.1956,0.0],[128.7139,-8.1948,0.0],[128.71,-8.1918,0.0],[128.7099,-8.195,0.0],[128.7112,-8.1956,0.0]]],
[[[128.7039,-8.1786,96.4203],[128.6993,-8.1759,82.3621],[128.6972,-8.1763,113.5128],[128.6927,-8.1682,54.2868],[128.6856,-8.1702,26.5648],[128.6802,-8.1667,0.0],[128.6762,-8.1699,0.0],[128.6814,-8.1786,0.0],[128.6865,-8.1808,0.0],[128.6872,-8.1877,0.0],[128.6905,-8.189,0.0],[128.7059,-8.192,0.0],[128.7079,-8.1912,0.0],[128.711,-8.1875,82.4472],[128.7128,-8.1808,25.4678],[128.7099,-8.1796,65.6035],[128.7059,-8.1804,90.8434],[128.7039,-8.1786,96.4203]]],
[[[128.7797,-8.1687,6.7752],[128.781,-8.1641,1.5791],[128.7799,-8.1633,0.0],[128.7647,-8.1668,2.0597],[128.7575,-8.1629,6.7711],[128.75,-8.163,0.0],[128.7518,-8.1658,0.0],[128.7707,-8.1696,0.0],[128.7741,-8.1732,0.0],[128.7722,-8.1756,0.0],[128.7763,-8.1845,0.0],[128.7789,-8.186,0.0],[128.7768,-8.197,0.0],[128.7806,-8.1983,0.0],[128.791,-8.1947,9.1415],[128.7917,-8.1874,6.9484],[128.7901,-8.1826,1.7509],[128.7825,-8.1808,6.8666],[128.7816,-8.1784,6.9434],[128.7828,-8.1773,4.9449],[128.7797,-8.1687,6.7752]]],
[[[129.8256,-8.2142,0.0],[129.8443,-8.1974,33.4243],[129.8489,-8.1833,41.6475],[129.857,-8.1755,36.8484],[129.8711,-8.1547,17.6406],[129.8938,-8.1396,0.0],[129.8825,-8.1349,57.7657],[129.8727,-8.135,54.6723],[129.8663,-8.1333,28.7857],[129.8612,-8.1357,29.5551],[129.8532,-8.135,0.0],[129.8496,-8.1378,0.0],[129.846,-8.1444,0.0],[129.842,-8.1452,0.0],[129.8289,-8.16,0.0],[129.8265,-8.1664,0.0],[129.8251,-8.1802,0.0],[129.8217,-8.1882,0.0],[129.8165,-8.1949,0.0],[129.8072,-8.2025,0.0],[129.8044,-8.2074,0.0],[129.8064,-8.2163,0.0],[129.8084,-8.2169,0.0],[129.813,-8.214,0.0],[129.8215,-8.2162,0.0],[129.8256,-8.2142,0.0]]],
[[[128.746,-8.1614,0.0],[128.7416,-8.16,0.0],[128.7411,-8.1615,0.0],[128.7436,-8.163,0.0],[128.746,-8.1628,0.0],[128.746,-8.1614,0.0]]],
[[[128.7265,-8.1622,0.0],[128.7296,-8.1608,0.0],[128.7132,-8.1586,0.0],[128.7139,-8.1595,0.0],[128.7212,-8.1606,0.0],[128.7212,-8.1622,0.0],[128.7265,-8.1622,0.0]]],
[[[128.6774,-8.1561,0.0],[128.6748,-8.1535,0.0],[128.6735,-8.1535,0.0],[128.6735,-8.1544,0.0],[128.6774,-8.1561,0.0]]],
[[[125.7396,-7.9243,0.0],[125.7348,-7.9347,0.0],[125.7333,-7.943,0.0],[125.7343,-7.9475,0.0],[125.7387,-7.9496,0.0],[125.7432,-7.9467,0.0],[125.7445,-7.9376,0.0],[125.7441,-7.9239,0.0],[125.7396,-7.9243,0.0]]],
[[[131.2925,-8.0285,9.121],[131.2889,-8.0343,0.0],[131.2885,-8.0301,0.0],[131.2906,-8.0274,0.0],[131.2836,-8.0265,0.0],[131.2786,-8.0362,0.0],[131.2772,-8.0441,1.1785],[131.271,-8.0529,0.0],[131.276,-8.0519,10.8528],[131.2771,-8.0548,13.674],[131.2837,-8.0537,1.7813],[131.2842,-8.0551,2.6795],[131.2867,-8.0477,9.9271],[131.2832,-8.0507,10.1634],[131.287,-8.0462,9.3926],[131.2925,-8.0285,9.121]]],
[[[125.7508,-7.9884,1.1365],[125.7458,-7.9863,4.8864],[125.7408,-7.9808,34.4041],[125.7418,-7.9782,1.3049],[125.7374,-7.9738,29.2275],[125.7318,-7.9632,0.0],[125.7291,-7.963,0.0],[125.7258,-7.9652,0.0],[125.7238,-7.9694,0.0],[125.7255,-7.9731,0.0],[125.7185,-7.9781,0.0],[125.7247,-7.983,0.0],[125.7258,-7.9946,0.0],[125.7226,-8.0057,0.0],[125.7264,-8.0186,0.0],[125.7274,-8.0275,0.0],[125.7257,-8.0452,0.0],[125.7286,-8.0553,0.0],[125.731,-8.0549,0.0],[125.7399,-8.0394,129.2089],[125.7427,-8.0382,129.5715],[125.7426,-8.0348,143.6467],[125.7475,-8.0261,89.497],[125.7495,-8.0231,79.0118],[125.7536,-8.021,54.7487],[125.7547,-8.015,81.2507],[125.7579,-8.0126,79.462],[125.755,-8.0036,104.0797],[125.7571,-7.9945,76.3911],[125.7532,-7.9891,0.0],[125.7508,-7.9884,1.1365]]],
[[[127.2077,-8.0972,104.0652],[127.2107,-8.0969,95.0862],[127.2141,-8.0991,89.7042],[127.218,-8.0966,86.3955],[127.2186,-8.094,88.1341],[127.2173,-8.0884,80.2386],[127.21,-8.0824,76.5441],[127.208,-8.0754,77.7149],[127.2094,-8.0503,27.3337],[127.2076,-8.0445,64.1229],[127.2046,-8.0419,75.3697],[127.205,-8.0344,28.5439],[127.1997,-8.0281,67.7184],[127.1954,-8.0301,40.972],[127.1888,-8.0277,50.4495],[127.1801,-8.0287,61.0242],[127.1732,-8.0273,62.3682],[127.1633,-8.0388,108.5361],[127.157,-8.0409,87.7257],[127.1505,-8.0474,141.8453],[127.1497,-8.0508,136.7606],[127.1534,-8.0584,146.3619],[127.1548,-8.0693,124.7612],[127.1586,-8.0796,125.2287],[127.154,-8.089,110.4043],[127.1544,-8.0927,112.8488],[127.1609,-8.0966,35.4239],[127.1752,-8.1002,92.4388],[127.1822,-8.097,27.1129],[127.1866,-8.0986,26.1033],[127.1918,-8.0972,49.2519],[127.1984,-8.0997,44.0161],[127.2077,-8.0972,104.0652]]],
[[[131.214,-8.0586,5.5248],[131.2165,-8.0469,0.0],[131.2073,-8.0453,0.0],[131.2,-8.0568,0.0],[131.1962,-8.0701,1.7378],[131.1926,-8.0767,11.9278],[131.1959,-8.0779,13.6281],[131.2118,-8.0684,0.0],[131.2099,-8.0669,1.6378],[131.214,-8.0586,5.5248]]],
[[[131.1906,-8.0309,1.9601],[131.1912,-8.0331,7.4946],[131.1946,-8.0267,0.0],[131.1919,-8.027,0.0],[131.1906,-8.0309,1.9601]]],
[[[125.7448,-7.9711,0.0],[125.7448,-7.968,0.0],[125.749,-7.9669,5.2282],[125.7427,-7.9639,0.0],[125.7412,-7.9757999999999996,3.0763],[125.7473,-7.9828,5.0356],[125.7499,-7.9835,0.0],[125.7467,-7.978,35.5087],[125.744,-7.9776,0.0],[125.7496,-7.9751,8.5676],[125.7475,-7.9744,25.5058],[125.7467,-7.9707,21.6321],[125.7448,-7.9711,0.0]]],
[[[130.7849,-8.3323,15.9273],[130.7906,-8.3366,10.0498],[130.7882,-8.3405,12.9237],[130.8201,-8.3363,0.0],[130.8225,-8.3348,0.0],[130.82,-8.3335,0.0],[130.8199,-8.3303,9.7694],[130.8295,-8.3158,26.1516],[130.8359,-8.3146,22.4076],[130.8639,-8.2989,8.5185],[130.8822,-8.2938,9.3913],[130.8866,-8.2895,7.1674],[130.8984,-8.2836,0.0],[130.9011,-8.2805,0.0],[130.8948,-8.2674,0.0],[130.895,-8.2594,0.0],[130.8853,-8.257,0.0],[130.8842,-8.2548,0.0],[130.8859,-8.2476,0.9013],[130.8912,-8.2388,13.926],[130.897,-8.2351,12.097],[130.8972,-8.2333,18.4779],[130.9038,-8.232,12.3372],[130.8982,-8.2339,16.5284],[130.8969,-8.236,12.097],[130.8921,-8.2395,4.0849],[130.9078,-8.2337,4.4984],[130.9247,-8.2245,9.6248],[130.9301,-8.2235,10.1444],[130.943,-8.2243,16.2017],[130.9674,-8.2226,8.6908],[130.9705,-8.2232,10.1996],[130.9794,-8.2298,13.6045],[130.9832,-8.2305,14.9791],[130.9897,-8.2287,17.7989],[131.0014,-8.2189,11.6667],[131.0036,-8.2206,8.5109],[131.0164,-8.2114,9.0604],[131.0166,-8.2078,11.7748],[131.0196,-8.2075,11.3239],[131.0217,-8.2023,13.6276],[131.0275,-8.2032,6.0821],[131.0331,-8.2021,14.4084],[131.0406,-8.1949,5.2839],[131.0393,-8.1927,1.2868],[131.0428,-8.1934,5.0373],[131.0441,-8.1958,0.7877],[131.0476,-8.1973,0.7573],[131.0551,-8.1983,13.2586],[131.084,-8.1765,13.3219],[131.089,-8.1741,13.4827],[131.0951,-8.1757,12.29],[131.0958,-8.1734,16.6676],[131.0968,-8.1745,16.6676],[131.1054,-8.1698,21.0405],[131.1045,-8.1681,33.5847],[131.1079,-8.1658,31.8407],[131.113,-8.1649,35.5469],[131.1148,-8.1626,29.3706],[131.119,-8.1637,27.8501],[131.1248,-8.1587,22.5627],[131.1304,-8.1572,8.9956],[131.1303,-8.1558,12.4103],[131.1315,-8.1565,8.1796],[131.1452,-8.1502,21.6143],[131.1601,-8.1356,20.3974],[131.1694,-8.1238,0.0],[131.1705,-8.1204,0.0],[131.169,-8.1113,0.0],[131.1677,-8.1096,0.0],[131.1485,-8.1071,0.0],[131.1333,-8.1095,0.0],[131.128,-8.1079,0.0],[131.1147,-8.1179,0.0],[131.1136,-8.1244,0.0],[131.1091,-8.13,0.0],[131.0998,-8.135,0.0],[131.0921,-8.1428,0.0],[131.0828,-8.1491,0.0],[131.074,-8.1522,0.0],[131.0701,-8.1554,0.0],[131.0682,-8.1549,0.0],[131.0657,-8.1532,3.9568],[131.0678,-8.1509,0.0],[131.0685,-8.1441,23.6895],[131.065,-8.144,26.6888],[131.0685,-8.143,23.6895],[131.0819,-8.1317,15.0102],[131.083,-8.127,16.5392],[131.0885,-8.1211,0.0],[131.0847,-8.1135,0.0],[131.0835,-8.107,0.0],[131.0814,-8.1041,0.0],[131.0775,-8.1038,0.0],[131.0766,-8.1007,0.0],[131.0737,-8.1018,0.0],[131.0693,-8.1006,0.0],[131.0609,-8.0919,0.0],[131.0453,-8.0889,0.0],[131.0418,-8.0859,0.0],[131.0334,-8.0719,0.0],[131.0166,-8.0751,0.0],[131.0113,-8.0813,0.0],[131.0013,-8.0879,0.0],[130.9957,-8.0984,0.0],[130.9871,-8.1095,0.0],[130.9852,-8.1213,6.7188],[130.9873,-8.1236,12.3302],[130.9975,-8.1259,11.8207],[131.0064,-8.1255,11.1382],[131.0123,-8.12,8.3506],[131.0105,-8.1231,5.8776],[131.0051,-8.1274,8.2633],[130.9987,-8.1391,0.0],[130.9916,-8.1394,0.0],[130.9877,-8.1434,0.0],[130.9815,-8.1417,0.0],[130.9796,-8.1402,5.3548],[130.9815,-8.1376,0.0],[130.9801,-8.1341,0.0],[130.9748,-8.1315,0.0],[130.9451,-8.1362,0.0],[130.94,-8.1315,0.0],[130.938,-8.1216,0.0],[130.9236,-8.1313,0.0],[130.9172,-8.1392,0.0],[130.9159,-8.1502,15.0341],[130.9221,-8.1503,14.0212],[130.9258,-8.1536,18.5717],[130.9229,-8.1523,14.9812],[130.9217,-8.1505,14.0212],[130.9149,-8.1508,15.0341],[130.9188,-8.1575,4.9802],[130.9174,-8.1669,6.4049],[130.9199,-8.1696,13.7189],[130.9302,-8.1694,15.5137],[130.9368,-8.1625,9.4799],[130.9322,-8.1691,11.2186],[130.9294,-8.1704,12.3111],[130.9226,-8.1702,11.0465],[130.9207,-8.1723,10.7962],[130.9231,-8.1792,11.0401],[130.9303,-8.1887,9.8696],[130.9306,-8.1927,14.8495],[130.9362,-8.193,8.3031],[130.9295,-8.1942,12.3933],[130.9273,-8.2032,4.5997],[130.9238,-8.2084,0.0],[130.9193,-8.2109,0.0],[130.9046,-8.2149,0.0],[130.8899,-8.2137,0.0],[130.8864,-8.2121,0.0],[130.875,-8.2156,0.0],[130.8653,-8.2219,0.0],[130.8532,-8.2356,0.0],[130.8312,-8.2523,0.0],[130.8266,-8.2518,0.0],[130.8227,-8.2479,0.0],[130.8208,-8.2488,0.0],[130.8207,-8.2515,2.2815],[130.8234,-8.2527,0.0],[130.8223,-8.2568,5.8094],[130.8096,-8.2733,0.0],[130.8018,-8.278,0.0],[130.8013,-8.2826,11.8086],[130.7984,-8.2867,6.2125],[130.8014,-8.2903,12.4262],[130.801,-8.2934,10.4874],[130.7955,-8.294,0.3869],[130.7897,-8.3029,5.5516],[130.786,-8.3123,6.1956],[130.7816,-8.3154,0.0],[130.7684,-8.32,0.0],[130.7584,-8.3322,2.2174],[130.7603,-8.3373,4.4261],[130.7713,-8.3411,6.2402],[130.7773,-8.3395,1.924],[130.7807,-8.3327,7.9889],[130.7849,-8.3323,15.9273]]],
[[[129.9192,-8.113,36.2215],[129.9235,-8.105,11.9305],[129.9246,-8.0984,13.9099],[129.9212,-8.088,0.0],[129.9183,-8.0875,0.0],[129.9095,-8.0902,0.0],[129.8882,-8.1114,0.0],[129.8739,-8.1157,0.0],[129.8575,-8.1251,0.0],[129.8654,-8.1258,0.0],[129.8734,-8.1233,7.6263],[129.877,-8.1251,31.6223],[129.8868,-8.125,50.7879],[129.898,-8.1296,34.8169],[129.9051,-8.1277,32.5783],[129.9097,-8.1243,53.4279],[129.9165,-8.118,82.2727],[129.9192,-8.113,36.2215]]],
[[[131.0912,-8.0775,0.0],[131.0887,-8.0741,0.0],[131.0866,-8.0752,0.0],[131.0834,-8.0801,0.0],[131.0821,-8.0857,0.0],[131.0912,-8.0844,1.4817],[131.0912,-8.0775,0.0]]],
[[[127.5527,-7.5435,0.0],[127.5543,-7.5487,0.0],[127.5579,-7.5478,35.5245],[127.5556,-7.5431,0.0],[127.5527,-7.5435,0.0]]],
[[[127.3001,-7.5242,0.0],[127.3029,-7.5145,0.0],[127.3019,-7.5114,0.0],[127.2973,-7.5096,0.0],[127.2883,-7.5121,1.8205],[127.2857,-7.5115,0.0],[127.2777,-7.5189,85.3004],[127.2829,-7.5255,81.2263],[127.2921,-7.5305,0.0],[127.2987,-7.5298,0.0],[127.3001,-7.5242,0.0]]],
[[[127.5422,-7.5276,27.9833],[127.544,-7.5271,27.9833],[127.5434,-7.5244,0.0],[127.5386,-7.5257,0.0],[127.5378,-7.5283,0.0],[127.5334,-7.532,0.0],[127.5335,-7.54,0.0],[127.5385,-7.5427,8.9784],[127.5399,-7.5429,8.9784],[127.543,-7.5389,10.2458],[127.5425,-7.5345,46.8288],[127.5438,-7.5325,3.7565],[127.5402,-7.5288,0.0],[127.5422,-7.5276,27.9833]]],
[[[130.9873,-7.5226,0.0],[130.9866,-7.5191,0.0],[130.9816,-7.52,0.9384],[130.9808,-7.5174,8.7028],[130.9791,-7.517,10.3273],[130.9751,-7.5236,14.0703],[130.9782,-7.5264,3.0522],[130.978,-7.5279,3.0522],[130.9739,-7.5253,18.5827],[130.968,-7.5334,15.516],[130.9639,-7.535,4.4985],[130.9668,-7.5377,0.0],[130.9673,-7.5356,7.6875],[130.9697,-7.5392,5.5706],[130.9802,-7.545,9.4456],[130.9847,-7.5442,19.9235],[130.9857,-7.5404,13.4496],[130.9843,-7.537,12.8166],[130.9901,-7.5314,15.4325],[130.9901,-7.5291,14.035],[130.9927,-7.5286,8.9917],[130.9913,-7.5244,0.0],[130.9873,-7.5226,0.0]]],
[[[127.5462,-7.5303,24.7795],[127.5479,-7.5281,0.0],[127.5471,-7.5268,0.0],[127.5423,-7.5301,1.6072],[127.5436,-7.5314,3.7565],[127.5462,-7.5303,24.7795]]],
[[[127.5497,-7.5156,0.0],[127.5483,-7.5182,0.0],[127.55,-7.5193,0.0],[127.5521,-7.518,19.9231],[127.5511,-7.5154,0.0],[127.5497,-7.5156,0.0]]],
[[[130.8235,-7.4821,15.2858],[130.818,-7.4778,2.3231],[130.8116,-7.4762,0.0],[130.8061,-7.4805,0.0],[130.8097,-7.4836,0.0],[130.8086,-7.4806,0.0],[130.812,-7.4819,3.9246],[130.8119,-7.4797,0.0],[130.8198,-7.4938,0.0],[130.8319,-7.4946,6.2673],[130.8292,-7.4933,14.636],[130.8288,-7.49,6.086],[130.8235,-7.4821,15.2858]]],
[[[131.1484,-7.518,0.0],[131.1403,-7.5106,0.0],[131.134,-7.5099,0.0],[131.1266,-7.5154,0.0],[131.1246,-7.5256,0.0],[131.1332,-7.5367,41.5208],[131.1525,-7.5382,13.2426],[131.1548,-7.531,0.0],[131.1512,-7.5283,19.6606],[131.1484,-7.518,0.0]]],
[[[131.1621,-7.5228,0.0],[131.1592,-7.5172,0.0],[131.1526,-7.5155,0.0],[131.1508,-7.5209,0.0],[131.1525,-7.5235,0.0],[131.1558,-7.5259,15.6421],[131.1621,-7.5228,0.0]]],
[[[130.9891,-7.51,0.0],[130.9881,-7.5095,0.0],[130.9899,-7.5115,0.0],[130.9934,-7.5119,0.0],[130.9923,-7.5095,0.0],[130.9891,-7.51,0.0]]],
[[[131.0019,-7.5145,9.5914],[131.0028,-7.5119,9.3927],[130.9999,-7.507,0.0],[131.0007,-7.5044,0.0],[130.9954,-7.5033,0.0],[130.9937,-7.5049,0.0],[130.9957,-7.5085,0.0],[130.9944,-7.5127,0.0],[130.9959,-7.5148,5.8078],[131.0005,-7.5166,7.5065],[131.0019,-7.5145,9.5914]]],
[[[131.4559,-7.8447,6.9178],[131.4599,-7.839,0.0],[131.4578,-7.8383,0.0],[131.4487,-7.8424,0.0],[131.4508,-7.845,0.0],[131.4559,-7.8447,6.9178]]],
[[[131.442,-7.8388,0.0],[131.4369,-7.8357,0.0],[131.43,-7.8365,0.0],[131.434,-7.8416,30.7045],[131.4407,-7.8463,14.494],[131.4447,-7.8458,0.0],[131.442,-7.8388,0.0]]],
[[[131.3384,-7.9494,52.8897],[131.3361,-7.9479,59.5345],[131.3354,-7.9489,50.9286],[131.3378,-7.9508,20.9494],[131.3394,-7.95,13.3976],[131.3384,-7.9494,52.8897]]],
[[[129.5157,-7.9285,13.82],[129.5206,-7.9381,0.0],[129.5247,-7.9423,31.7035],[129.5366,-7.9509,4.0751],[129.5432,-7.9512,20.4376],[129.5636,-7.9273,0.0],[129.5653,-7.9163,0.0],[129.5717,-7.9075,0.0],[129.5671,-7.8947,0.0],[129.5646,-7.8922,0.0],[129.5552,-7.8893,0.0],[129.5492,-7.8828,19.8541],[129.5492,-7.8803,55.7842],[129.5535,-7.874,0.0],[129.547,-7.8624,0.0],[129.5349,-7.8581,0.0],[129.5304,-7.8491,0.0],[129.5273,-7.8463,4.4145],[129.5172,-7.8418,0.0],[129.5121,-7.8449,0.0],[129.5104,-7.8503,0.0],[129.5159,-7.8615,0.0],[129.5185,-7.8606,5.4063],[129.5209,-7.8623,0.0],[129.5239,-7.8701,4.8186],[129.5179,-7.8757,0.0],[129.5164,-7.8804,0.0],[129.5201,-7.8971,0.0],[129.5148,-7.9141,0.0],[129.5157,-7.9285,13.82]]],
[[[131.2565,-7.9862,0.0],[131.2558,-7.9834,0.0],[131.252,-7.9838,14.4847],[131.2535,-7.9935,8.2439],[131.2576,-7.9904,0.0],[131.2565,-7.9862,0.0]]],
[[[131.0696,-8.0093,0.0],[131.0683,-8.0129,0.0],[131.0723,-8.0116,0.0],[131.0716,-8.0086,0.0],[131.0728,-8.0077,0.0],[131.0696,-8.0093,0.0]]],
[[[131.082,-8.0299,7.672],[131.0861,-8.0405,6.8802],[131.0876,-8.0399,11.8643],[131.0949,-8.0455,61.5194],[131.1004,-8.0467,52.9786],[131.1051,-8.0424,24.1604],[131.1069,-8.0323,0.0],[131.1041,-8.0295,0.0],[131.0963,-8.0271,0.0],[131.0972,-8.012,0.0],[131.0918,-8.0103,0.0],[131.086,-8.0059,0.0],[131.0824,-8.0076,0.0],[131.0849,-8.013,10.7033],[131.0828,-8.0156,1.3915],[131.082,-8.0299,7.672]]],
[[[129.7694,-8.047,32.8659],[129.7818,-8.0427,12.4514],[129.7924,-8.0415,11.7645],[129.7943,-8.0395,3.9995],[129.798,-8.0313,0.0],[129.7982,-8.0227,11.8923],[129.802,-8.0099,13.7683],[129.8041,-8.0052,46.318],[129.8143,-7.9948,1.5119],[129.8192,-7.9869,1.7238],[129.8212,-7.9721,42.5327],[129.827,-7.96,18.9519],[129.8341,-7.9532,15.2265],[129.8423,-7.9411,15.5365],[129.8515,-7.9371,8.8125],[129.8546,-7.9334,12.3332],[129.8656,-7.9146,0.9631],[129.8671,-7.9062,5.7384],[129.865,-7.8945,0.0],[129.8634,-7.8915,0.0],[129.8585,-7.8929,0.0],[129.8534,-7.8881,0.0],[129.8465,-7.8857,7.1227],[129.8424,-7.8704,6.9598],[129.8412,-7.8535,13.4235],[129.8452,-7.8478,14.4675],[129.855,-7.8453,9.0224],[129.8573,-7.8414,0.0],[129.857,-7.8389,0.0],[129.8538,-7.8369,0.0],[129.8451,-7.8363,0.0],[129.8368,-7.8278,0.0],[129.8262,-7.8219,0.0],[129.8182,-7.814,0.0],[129.7933,-7.8097,0.0],[129.7746,-7.8105,0.0],[129.7534,-7.8037,0.0],[129.7281,-7.7923,0.0],[129.7053,-7.7877,0.0],[129.6933,-7.7882999999999996,0.0],[129.6806,-7.7837,0.0],[129.669,-7.7848,0.0],[129.6463,-7.7908,0.0],[129.6353,-7.796,0.0],[129.6243,-7.7988,0.0],[129.6155,-7.804,0.0],[129.5936,-7.8221,0.0],[129.5876,-7.8326,0.0],[129.5863,-7.843,0.0],[129.5941,-7.8624,10.3075],[129.5939,-7.8657,6.3049],[129.5876,-7.8714,0.0],[129.5846,-7.8765,0.0],[129.5841,-7.8851,0.0],[129.5809,-7.894,0.0],[129.5831,-7.9013,0.0],[129.5869,-7.9048,0.0],[129.6022,-7.9109,10.8918],[129.6054,-7.9277,8.1539],[129.6107,-7.9297,6.1229],[129.6158,-7.9346,2.3932],[129.6241,-7.9479,7.1104],[129.6369,-7.9639,5.8878],[129.6511,-7.968,2.1256],[129.6649,-7.9898,4.2958],[129.6737,-8.0083,2.6502],[129.6874,-8.0225,37.8036],[129.6994,-8.0276,40.9412],[129.7061,-8.0364,44.9667],[129.7143,-8.0376,102.0063],[129.7289,-8.0457,57.3153],[129.7464,-8.0466,32.6804],[129.7557,-8.0516,39.2657],[129.7594,-8.0517,31.3848],[129.7694,-8.047,32.8659]]],
[[[125.8008,-8.0116,122.8985],[125.8029,-8.0001,214.7833],[125.8123,-7.9916,227.4223],[125.8216,-7.9893,263.8498],[125.828,-7.9908,117.2715],[125.83,-7.9857,77.6432],[125.8363,-7.9831,88.5008],[125.8453,-7.9822,27.5443],[125.852,-7.9761,87.2915],[125.8573,-7.9769,18.0523],[125.8645,-7.9745,84.1197],[125.8696,-7.9624,27.6493],[125.879,-7.9549,101.253],[125.882,-7.9504,55.8411],[125.8916,-7.947,159.345],[125.9021,-7.9457,84.3739],[125.9068,-7.941,94.6039],[125.917,-7.9396,29.9872],[125.9214,-7.941,30.7697],[125.9242,-7.9342,161.2987],[125.9309,-7.9291,104.9439],[125.9328,-7.9243,104.0812],[125.939,-7.9215,56.2851],[125.9415,-7.9162,129.3486],[125.945,-7.9141,145.5804],[125.9506,-7.9133,6.8789],[125.9527,-7.9167,0.0],[125.9586,-7.9153,63.6258],[125.967,-7.9184,0.0],[125.9775,-7.9193,30.3949],[125.9804,-7.9186,46.1348],[125.9853,-7.9106,29.5664],[125.9881,-7.9087,18.6595],[125.9952,-7.9064,45.6243],[125.9993,-7.9067,0.0],[126.0129,-7.9016,2.2231],[126.0205,-7.9018,0.0],[126.0254,-7.9001,1.9523],[126.0283,-7.8963,4.2271],[126.0464,-7.8938,5.6904],[126.0589,-7.8908,28.4002],[126.0624,-7.8885,21.7872],[126.0659,-7.8895,10.4264],[126.0704,-7.8879,35.751],[126.0735,-7.8897,0.0],[126.0865,-7.8889,16.4632],[126.0999,-7.8921,4.4283],[126.1041,-7.8948,0.0],[126.1242,-7.8936,0.0],[126.1285,-7.8915,0.0],[126.1329,-7.8925,3.963],[126.142,-7.8999,0.0],[126.1498,-7.9001,0.0],[126.1641,-7.9105,0.0],[126.1684,-7.9196,0.0],[126.1738,-7.926,0.5623],[126.19,-7.927,0.0],[126.1984,-7.9257,0.0],[126.2253,-7.9292,1.2404],[126.252,-7.9211,4.7792],[126.2632,-7.9215,0.0],[126.2875,-7.9179,12.2064],[126.2945,-7.9231,0.0],[126.2979,-7.9229,0.0],[126.3121,-7.9167,0.0],[126.3337,-7.915,2.0898],[126.3474,-7.9237,1.9323],[126.3575,-7.9255,10.716],[126.3711,-7.935,0.0],[126.3833,-7.9327,10.5916],[126.3896,-7.9363,0.0],[126.3943,-7.9359,0.0],[126.4077,-7.9287,19.2318],[126.4147,-7.9309,7.4721],[126.4254,-7.9308,17.504],[126.4317,-7.9379,33.1045],[126.4471,-7.9495,52.0181],[126.4633,-7.9703,15.2138],[126.4694,-7.9743,4.0218],[126.4778,-7.9701,0.0],[126.494,-7.946,0.0],[126.5028,-7.9268,0.0],[126.503,-7.9229,0.0],[126.5014,-7.9211,0.0],[126.5067,-7.9178,0.0],[126.5071,-7.9161,0.0],[126.5016,-7.9092,0.0],[126.5018,-7.9057,0.0],[126.5111,-7.89,0.0],[126.5167,-7.8855,0.0],[126.5249,-7.8581,0.0],[126.5276,-7.8557,0.0],[126.5406,-7.8516,0.0],[126.5503,-7.8338,0.0],[126.5526,-7.824,0.0],[126.5543,-7.8224,0.0],[126.5593,-7.8207,0.0],[126.5662,-7.8152,0.0],[126.5825,-7.8135,0.0],[126.5851,-7.8081,0.0],[126.5882,-7.806,8.8927],[126.597,-7.8074,0.0],[126.6079,-7.793,0.0],[126.6192,-7.7916,0.0],[126.6233,-7.7884,0.0],[126.6262,-7.7831,0.0],[126.6313,-7.7832,0.0],[126.6547,-7.7755,43.2523],[126.6647,-7.778,0.0],[126.6694,-7.772,0.0],[126.6768,-7.7673,0.0],[126.6792,-7.7636,0.0],[126.6878,-7.7618,0.0],[126.6964,-7.7564,0.0],[126.7,-7.7514,2.9704],[126.706,-7.7527,0.6022],[126.7116,-7.7517,0.0],[126.7154,-7.7469,2.3109],[126.7241,-7.7419,110.756],[126.7352,-7.7457,59.3037],[126.7492,-7.7437,144.5618],[126.7558,-7.7456,132.4932],[126.7584,-7.749,0.0],[126.7674,-7.7495,0.0],[126.804,-7.7452,0.0],[126.8188,-7.7555,0.0],[126.8282,-7.7527,0.0],[126.8331,-7.7458,0.0],[126.8435,-7.737,0.0],[126.8438,-7.7347,0.0],[126.8237,-7.6883,26.4538],[126.8115,-7.6823,6.1057],[126.8102,-7.6798,0.0],[126.8189,-7.662,0.0],[126.8162,-7.6574,0.0],[126.8116,-7.6563,1.1184],[126.8025,-7.661,41.1079],[126.7916,-7.6604,100.4349],[126.7854,-7.6626,8.6306],[126.7793,-7.6593,1.6272],[126.7535,-7.657,0.0],[126.749,-7.6601,80.3442],[126.7407,-7.6598,0.0],[126.7372,-7.6637,111.885],[126.7309,-7.6665,20.3906],[126.7266,-7.6663,0.0],[126.7181,-7.654,0.0],[126.716,-7.6438,0.0],[126.7103,-7.6405,0.0],[126.7033,-7.6421,29.9002],[126.7003,-7.6407,0.0],[126.695,-7.6339,0.0],[126.693,-7.6243,0.0],[126.6895,-7.6214,0.0],[126.6847,-7.6201,0.0],[126.673,-7.6217,29.7984],[126.6694,-7.6197,0.0],[126.6664,-7.6136,0.0],[126.6562,-7.6115,3.322],[126.651,-7.6061,0.0],[126.6478,-7.607,1.8936],[126.6439,-7.6057,0.0],[126.6387,-7.5977,0.0],[126.6367,-7.5859,0.0],[126.643,-7.5706,0.0],[126.6423,-7.565,0.0],[126.638,-7.5595,0.0],[126.6276,-7.5573,12.963],[126.617,-7.5593,83.8685],[126.6116,-7.5642,143.3936],[126.6051,-7.567,67.0047],[126.5999,-7.5734,178.0234],[126.5943,-7.5715,0.0],[126.5906,-7.5736,96.928],[126.5876,-7.5726,49.8647],[126.5834,-7.5756,24.0289],[126.5763,-7.5748,8.254],[126.5738,-7.5722,0.0],[126.567,-7.5726,7.9289],[126.5584,-7.5762,21.7044],[126.5526,-7.5754,15.6734],[126.5505,-7.5734,0.0],[126.5431,-7.5729,2.3603],[126.5379,-7.5771,153.3181],[126.5329,-7.5778,36.3486],[126.5271,-7.5841,170.0537],[126.5206,-7.5856,35.7976],[126.5168,-7.5847,20.0964],[126.5121,-7.5886,101.8801],[126.5066,-7.5905,116.9428],[126.5,-7.5862,0.0],[126.4962,-7.5901,61.2461],[126.4799,-7.5885,0.0],[126.473,-7.5936,107.558],[126.4709,-7.5985,167.3191],[126.4712,-7.6027,116.6463],[126.465,-7.6145,160.085],[126.4541,-7.6244,112.6706],[126.4405,-7.6306,9.6673],[126.4361,-7.6317,0.0],[126.432,-7.6304,0.0],[126.4256,-7.6315,6.879],[126.4227,-7.6335,10.7877],[126.4193,-7.6319,0.0],[126.4177,-7.6253,0.0],[126.4144,-7.6235,0.0],[126.4063,-7.6279,98.0635],[126.3997,-7.6364,12.1501],[126.3816,-7.6367,7.3019],[126.3805,-7.6389,31.3098],[126.3812,-7.655,88.3454],[126.3717,-7.6678,75.583],[126.3623,-7.6748,68.23],[126.3551,-7.6742,0.0],[126.3492,-7.676,9.0162],[126.3438,-7.6809,4.7338],[126.3403,-7.6816,7.7055],[126.3285,-7.6954,100.2234],[126.299,-7.6928,0.0],[126.2921,-7.6953,105.7068],[126.2864,-7.6953,16.7555],[126.2787,-7.6895,0.0],[126.2682,-7.6894,8.6474],[126.2602,-7.6922,111.0334],[126.2566,-7.6882,0.0],[126.2516,-7.6864,6.7167],[126.2464,-7.6888,78.1795],[126.2402,-7.6875,0.0],[126.2359,-7.6931,167.2843],[126.2324,-7.6937,9.5603],[126.2269,-7.6976,18.6107],[126.2182,-7.7066,16.8782],[126.201,-7.7142,29.5011],[126.2014,-7.7172,100.1332],[126.1995,-7.7199,20.4089],[126.1944,-7.7248,8.7597],[126.1881,-7.7275,7.7501],[126.177,-7.727,4.1922],[126.1701,-7.7229,0.0],[126.1604,-7.7211,0.0],[126.1473,-7.7251,23.2369],[126.1452,-7.7225,0.0],[126.1338,-7.7174,0.0],[126.1238,-7.7168,4.5618],[126.1179,-7.7111,0.0],[126.1091,-7.711,0.0],[126.1067,-7.7071,0.0],[126.0983,-7.7079,7.5792],[126.0972,-7.7052,0.0],[126.0926,-7.7028,0.0],[126.0832,-7.7078,24.8279],[126.0685,-7.7058,0.0],[126.0634,-7.6983,0.0],[126.0512,-7.6935,8.5748],[126.0469,-7.6932,39.7777],[126.0352,-7.698,82.6429],[126.0311,-7.6934,0.0],[126.0261,-7.6927,0.0],[126.0236,-7.6818,0.0],[126.0182,-7.6755,0.0],[126.0146,-7.6745,4.3465],[126.0087,-7.6806,44.813],[126.0024,-7.6811,1.7699],[125.9968,-7.6764,0.0],[125.9936,-7.669,0.0],[125.9919,-7.6681,8.629],[125.9926,-7.6658,0.0],[125.9888,-7.6612,0.0],[125.9896,-7.6593,0.0],[125.9865,-7.6574,0.0],[125.9864,-7.6556,0.0],[125.9847,-7.6567,0.0],[125.974,-7.6536,16.4336],[125.9734,-7.6556,45.5905],[125.9609,-7.663,14.243],[125.9559,-7.6641,16.9564],[125.95,-7.6619,9.3975],[125.9478,-7.6631,70.2511],[125.9365,-7.6777,1.5908],[125.9346,-7.6827,6.3532],[125.9356,-7.6898,6.0973],[125.9321,-7.6949,14.5395],[125.9315,-7.6997,5.4063],[125.9259,-7.7089,7.3446],[125.9241,-7.7094,0.0],[125.9244,-7.713,7.0219],[125.9115,-7.7339,0.0],[125.9111,-7.7353,0.0],[125.9153,-7.74,1.572],[125.9174,-7.7401,7.869],[125.9154,-7.7407,1.572],[125.9146,-7.7442,2.0368],[125.897,-7.7492,0.0],[125.8936,-7.7531,0.0],[125.8932,-7.7563,0.0],[125.8793,-7.7602,0.0],[125.8739,-7.7643,0.0],[125.8669,-7.7635,0.0],[125.8624,-7.7658,0.0],[125.862,-7.7713,4.2754],[125.8577,-7.7785,0.0],[125.8707,-7.7889,46.3785],[125.8742,-7.7952,0.0],[125.8728,-7.8034,0.0],[125.87,-7.8083,0.0],[125.87,-7.8127,1.9003],[125.86279999999999,-7.8141,0.0],[125.8591,-7.819,0.0],[125.8557,-7.8194,0.0],[125.8482,-7.8254,0.0],[125.8418,-7.8332,0.0],[125.8358,-7.8341,0.0],[125.8323,-7.8393,0.0],[125.8265,-7.8424,0.0],[125.826,-7.8445,0.0],[125.8282,-7.8483,2.1195],[125.8265,-7.8509,0.0],[125.8244,-7.8521,0.0],[125.818,-7.8513,1.9784],[125.8171,-7.8502,0.0],[125.8194,-7.8505,0.0],[125.8151,-7.8488,0.0],[125.8041,-7.8598,0.0],[125.8098,-7.8696,4.6229],[125.8107,-7.8754,0.0],[125.8141,-7.8793,5.9364],[125.813,-7.8834,0.0],[125.8161,-7.89,0.0],[125.8155,-7.8953,0.0],[125.8229,-7.9026,1.0722],[125.8239,-7.9118,0.0],[125.8207,-7.9197,0.0],[125.8191,-7.9395,0.0],[125.8148,-7.9552,0.0],[125.80029999999999,-7.9766,0.0],[125.7882,-7.9868,0.0],[125.7857,-7.9934,0.0],[125.7838,-8.0056,0.0],[125.7923,-8.0138,0.0],[125.8008,-8.0116,122.8985]]],
[[[125.9283,-7.6743,29.9431],[125.9334,-7.6704,0.0],[125.9327,-7.6654,0.0],[125.9275,-7.6586,0.0],[125.9108,-7.6677,0.0],[125.9091,-7.674,39.0025],[125.9114,-7.6776,11.8462],[125.9139,-7.678,2.348],[125.9202,-7.6779,21.903],[125.9283,-7.6743,29.9431]]],
[[[131.0838,-7.7365,7.276],[131.0796,-7.7387,0.0],[131.0729,-7.7497,2.925],[131.0684,-7.7505,0.0],[131.0711,-7.7587,21.2625],[131.0747,-7.7626,18.0278],[131.0789,-7.7642,14.184],[131.0848,-7.7635,0.0],[131.0851,-7.7608,8.861],[131.0914,-7.7513,0.0],[131.0907,-7.7444,10.8016],[131.0886,-7.7434,15.973],[131.0868,-7.7451,8.8663],[131.0825,-7.7379,0.0],[131.0856,-7.7371,3.8666],[131.0942,-7.7438,0.0],[131.0937,-7.7463,0.0],[131.0955,-7.7478,0.0],[131.0966,-7.7466,0.0],[131.0955,-7.7377,10.1355],[131.0971,-7.7402,1.1802],[131.1016,-7.7308,2.0732],[131.0973,-7.7276,9.9413],[131.0952,-7.7214,5.5329],[131.0918,-7.7218,1.0622],[131.0856,-7.7356,5.5826],[131.0838,-7.7365,7.276]]],
[[[131.1041,-7.713,0.7016],[131.1004,-7.7155,0.0],[131.0961,-7.7151,0.0],[131.0953,-7.7162,0.0],[131.1007,-7.7232,1.6708],[131.102,-7.7189,0.9168],[131.1049,-7.7192,0.8974],[131.1062,-7.7154,4.9737],[131.1041,-7.713,0.7016]]],
[[[130.0765,-7.7985,0.0],[130.083,-7.7954,0.0],[130.0884,-7.7778,112.1371],[130.0878,-7.7714,199.3468],[130.0717,-7.7654,260.3239],[130.0669,-7.7619,277.1696],[130.0464,-7.7655,84.3231],[130.0341,-7.7614,0.0],[130.0289,-7.7717,0.0],[130.0264,-7.7735,0.0],[130.0236,-7.7733,0.0],[130.0263,-7.7769,0.0],[130.0308,-7.7788,0.0],[130.0471,-7.7746,0.0],[130.0527,-7.7755,0.0],[130.0705,-7.7961,0.0],[130.0739,-7.799,0.0],[130.0765,-7.7985,0.0]]],
[[[130.9564,-7.7677,0.0],[130.9596,-7.7587,0.0],[130.9613,-7.747,0.0],[130.9594,-7.7456,0.0],[130.96,-7.7424,0.0],[130.9563,-7.7405,0.0],[130.9613,-7.7359,0.0],[130.9596,-7.7337,0.0],[130.9496,-7.7433,5.8869],[130.9498,-7.7531,8.259],[130.9562,-7.7587,0.0],[130.9564,-7.7629,0.0],[130.9524,-7.7731,0.0],[130.9489,-7.7733,3.0966],[130.9535,-7.7741,0.0],[130.9557,-7.7727,0.0],[130.9564,-7.7677,0.0]]],
[[[131.0322,-7.753,0.0],[131.0335,-7.7512,0.0],[131.0313,-7.7466,0.0],[131.0276,-7.7497,5.2172],[131.0277,-7.753,4.304],[131.0322,-7.753,0.0]]],
[[[131.0112,-7.7582,0.0],[131.0175,-7.7473,0.0],[131.019,-7.7429,0.0],[131.0175,-7.7396,0.0],[131.016,-7.7446,0.0],[131.0122,-7.7448,1.6043],[131.01,-7.7477,3.1436],[131.0082,-7.7576,0.0],[131.0112,-7.7582,0.0]]],
[[[130.0225,-7.7349,11.8247],[130.0156,-7.7168,0.0],[130.0092,-7.7182,277.494],[129.9966,-7.7041,112.0185],[129.988,-7.7058,0.0],[129.98,-7.7134,0.0],[129.9795,-7.7158,0.0],[129.9834,-7.7234,0.0],[129.9831,-7.7307,0.0],[130.0001,-7.729,34.3699],[130.0006,-7.739,0.0],[130.0059,-7.7422,8.5743],[130.0105,-7.7441,3.3658],[130.0239,-7.7441,4.7857],[130.0257,-7.7414,3.7674],[130.0225,-7.7349,11.8247]]],
[[[127.4388,-7.6444,0.0],[127.443,-7.6434,0.0],[127.4432,-7.6385,0.0],[127.439,-7.6411,0.0],[127.435,-7.6356,19.7387],[127.4332,-7.6355,19.7387],[127.4317,-7.6397,0.0],[127.4323,-7.6439,0.0],[127.4344,-7.6452,0.0],[127.4388,-7.6444,0.0]]],
[[[127.6377,-7.5949,0.0],[127.6352,-7.594,0.0],[127.6335,-7.5963,0.0],[127.6359,-7.5977,0.0],[127.6377,-7.5949,0.0]]],
[[[127.5951,-7.565,100.9682],[127.5942,-7.5565,7.0576],[127.5894,-7.5513,46.6325],[127.5833,-7.5595,33.2833],[127.5829,-7.5632,0.0],[127.5896,-7.5757,10.4166],[127.5888,-7.5775,0.0],[127.5911,-7.5842,0.0],[127.5963,-7.5932,3.2958],[127.5963,-7.5996,0.0],[127.5991,-7.6079,28.7295],[127.5955,-7.6197,0.0],[127.5993,-7.6287,0.0],[127.6191,-7.6125,0.0],[127.6187,-7.6109,0.0],[127.6146,-7.6127,0.0],[127.6147,-7.6085,0.0],[127.6189,-7.6051,0.0],[127.619,-7.601,0.0],[127.6163,-7.5972,10.8506],[127.6134,-7.5974,18.4026],[127.6118,-7.6004,36.4323],[127.6093,-7.6014,48.6022],[127.6061,-7.5985,53.2766],[127.6058,-7.5842,0.0],[127.6004,-7.5776,78.5088],[127.5951,-7.565,100.9682]]],
[[[131.0337,-7.7103,1.8746],[131.0323,-7.7075,0.0],[131.0294,-7.7066,0.0],[131.0292,-7.7031,8.2677],[131.0304,-7.6999,2.923],[131.0362,-7.6974,0.0],[131.0387,-7.6932,0.0],[131.0368,-7.6847,22.2167],[131.0384,-7.6828,12.8988],[131.0453,-7.6837,14.4628],[131.0463,-7.6814,16.4253],[131.0523,-7.6783,14.3899],[131.0618,-7.6765,8.4583],[131.064,-7.6774,17.9896],[131.0582,-7.6817,4.0727],[131.0623,-7.6905,9.2574],[131.0573,-7.6995,4.9695],[131.0584,-7.701,3.9645],[131.0737,-7.7026,1.8189],[131.0838,-7.7016,1.5042],[131.0857,-7.6993,2.8926],[131.091,-7.6986,2.3274],[131.0903,-7.696,10.3017],[131.0941,-7.6956,3.936],[131.0999,-7.6893,8.4509],[131.1045,-7.6904,0.6794],[131.1081,-7.684,1.7329],[131.1079,-7.6817,3.3558],[131.1161,-7.6721,0.0],[131.1129,-7.6641,15.0913],[131.1162,-7.6589,2.5589],[131.1153,-7.6532,41.7329],[131.1183,-7.6467,33.2673],[131.1177,-7.6439,16.6696],[131.1243,-7.6342,0.0],[131.1046,-7.6331,0.0],[131.102,-7.6306,0.0],[131.0962,-7.6301,0.0],[131.0952,-7.6311,0.0],[131.097,-7.6349,2.2113],[131.0965,-7.6387,3.0782],[131.0892,-7.638,0.0],[131.0815,-7.6393,0.0],[131.0784,-7.6421,0.0],[131.0759,-7.6407,0.0],[131.0699,-7.641,0.0],[131.0627,-7.6431,0.0],[131.0562,-7.6545,1.4334],[131.0517,-7.6573,8.3188],[131.0496,-7.6637,7.1062],[131.0505,-7.658,2.0369],[131.0485,-7.6638,7.1062],[131.0489,-7.6672,15.9491],[131.0468,-7.6709,20.6281],[131.0459,-7.6643,11.6046],[131.0485,-7.657,11.6593],[131.0456,-7.6515,0.0],[131.0351,-7.658,0.0],[131.0299,-7.6632,0.0],[131.0153,-7.6701,0.0],[130.9852,-7.6763,0.0],[130.9729,-7.6766,0.0],[130.9652,-7.6873,0.0],[130.9682,-7.691,23.1846],[130.9722,-7.7013,14.1928],[130.9705,-7.7031,12.7845],[130.9677,-7.7246,6.0434],[130.9709,-7.7294,5.0831],[130.9706,-7.7342,6.0594],[130.974,-7.7379,9.8625],[130.9812,-7.7362,6.8279],[130.9874,-7.7319,9.0478],[130.9885,-7.7345,6.462],[130.9942,-7.7368,12.0911],[131.0029,-7.7339,0.0],[131.0052,-7.7239,9.5917],[131.0072,-7.7222,18.9928],[131.0084,-7.727,5.5534],[131.0123,-7.7261,3.9152],[131.0158,-7.7209,13.8885],[131.0213,-7.7213,5.2657],[131.0247,-7.724,6.6875],[131.0336,-7.7207,4.5443],[131.0362,-7.7223,6.664],[131.0444,-7.7196,0.0],[131.045,-7.7147,0.0],[131.038,-7.7127,3.2345],[131.0356,-7.7097,3.9472],[131.0337,-7.7103,1.8746]]],
[[[131.1186,-7.6806,0.0],[131.1192,-7.6781,0.0],[131.1171,-7.6767,0.0],[131.1147,-7.6774,0.0],[131.1154,-7.6823,0.0],[131.1179,-7.6822,0.0],[131.1186,-7.6806,0.0]]],
[[[131.051,-7.655,16.627],[131.0544,-7.6535,13.9212],[131.0573,-7.6456,0.0],[131.0526,-7.6457,0.0],[131.0523,-7.6474,0.0],[131.0503,-7.6466,0.0],[131.0476,-7.6502,0.0],[131.0493,-7.6545,9.6227],[131.051,-7.655,16.627]]],
[[[130.9469,-7.6345,0.0],[130.9445,-7.6374,0.0],[130.9467,-7.6392,0.0],[130.9455,-7.6412,0.0],[130.9513,-7.6411,0.4223],[130.9518,-7.6362,0.0],[130.9469,-7.6345,0.0]]],
[[[127.4827,-7.5779,0.0],[127.4853,-7.5716,0.0],[127.4847,-7.5678,0.0],[127.4898,-7.556,0.0],[127.4892,-7.5535,0.0],[127.4855,-7.5503,64.6411],[127.4845,-7.5463,63.7827],[127.4862,-7.5371,0.0],[127.4847,-7.532,0.0],[127.4873,-7.5327,0.0],[127.4886,-7.5309,0.0],[127.4876,-7.5274,0.0],[127.4848,-7.5286,0.0],[127.4823,-7.5269,50.8974],[127.4829,-7.525,9.7452],[127.4792,-7.5237,64.0277],[127.4795,-7.522,87.3025],[127.4756,-7.5223,159.6743],[127.4752,-7.5206,102.8506],[127.4697,-7.5234,67.7595],[127.4683,-7.5251,134.5024],[127.4695,-7.5274,190.7541],[127.465,-7.5315,166.483],[127.4636,-7.5309,102.5006],[127.4634,-7.5331,238.6392],[127.4593,-7.5339,237.3302],[127.452,-7.5302,96.026],[127.4491,-7.5307,140.0754],[127.4424,-7.5281,140.5692],[127.4341,-7.5162,0.0],[127.4271,-7.5159,96.1202],[127.424,-7.5175,195.9527],[127.4169,-7.5153,22.7188],[127.4147,-7.5087,0.0],[127.4157,-7.5029,0.0],[127.4141,-7.5017,0.0],[127.4129,-7.5018,0.0],[127.4127,-7.5043,0.0],[127.4103,-7.5031,0.0],[127.4075,-7.5085,74.3744],[127.4026,-7.5109,23.1766],[127.4018,-7.5157,100.714],[127.399,-7.5165,64.3851],[127.3957,-7.5134,22.0918],[127.3896,-7.5143,57.0917],[127.3881,-7.5117,20.9159],[127.3922,-7.5083,0.0],[127.391,-7.5055,0.0],[127.3977,-7.5042,0.0],[127.3979,-7.5006,0.0],[127.3913,-7.4969,40.4292],[127.3828,-7.4998,42.1276],[127.3809,-7.499,113.2883],[127.3825,-7.4974,70.8861],[127.3763,-7.4972,137.9042],[127.37,-7.5033,222.398],[127.3673,-7.5163,113.3447],[127.3636,-7.5221,147.5919],[127.3639,-7.5267,190.6471],[127.3617,-7.5308,80.2849],[127.3638,-7.5485,98.2622],[127.367,-7.5593,174.47],[127.3659,-7.5653,144.4959],[127.3672,-7.5737,91.4042],[127.3721,-7.5807,62.2963],[127.3744,-7.5806,90.8483],[127.3779,-7.59,180.144],[127.3773,-7.5932,132.1841],[127.3742,-7.5966,179.2984],[127.3692,-7.5963,196.1519],[127.3501,-7.6006,334.325],[127.3461,-7.6058,428.5948],[127.3431,-7.6072,386.4559],[127.3409,-7.6145,467.2395],[127.3362,-7.6151,258.3909],[127.3346,-7.6193,335.5674],[127.3335,-7.6191,306.0598],[127.3351,-7.6235,537.6666],[127.333,-7.6375,109.5236],[127.3363,-7.6414,106.0136],[127.3393,-7.6421,191.2596],[127.3421,-7.6498,0.0],[127.3496,-7.6593,0.0],[127.3533,-7.6581,0.0],[127.3616,-7.6586,0.0],[127.3714,-7.6639,0.0],[127.3743,-7.6641,0.0],[127.3824,-7.6594,0.0],[127.3915,-7.6588,0.0],[127.4023,-7.6499,0.0],[127.4067,-7.6441,0.0],[127.4065,-7.6413,0.0],[127.4116,-7.6325,0.0],[127.4097,-7.6268,0.0],[127.4105,-7.6153,0.0],[127.4112,-7.6103,0.0],[127.4139,-7.6064,0.0],[127.4162,-7.6051,0.0],[127.4192,-7.6057,0.0],[127.4198,-7.6086,0.0],[127.4213,-7.6088,0.0],[127.4323,-7.6069,0.0],[127.4345,-7.6052,0.0],[127.4403,-7.606,0.0],[127.4429,-7.6084,0.0],[127.447,-7.6045,0.0],[127.4643,-7.5971,0.0],[127.4716,-7.5965,0.0],[127.4747,-7.59,0.0],[127.4833,-7.5823,0.0],[127.484,-7.5797,0.0],[127.4827,-7.5779,0.0]]],
[[[129.6765,-7.5631,0.0],[129.6843,-7.565,0.0],[129.6919,-7.5747,0.0],[129.7001,-7.5697,0.0],[129.7092,-7.5695,55.6899],[129.7164,-7.5734,0.0],[129.7207,-7.5646,0.0],[129.7272,-7.5562,0.0],[129.7273,-7.554,0.0],[129.7242,-7.5505,18.0387],[129.7196,-7.5484,0.0],[129.7155,-7.549,11.0044],[129.7075,-7.555,79.9516],[129.693,-7.5525,5.0436],[129.6828,-7.5425,18.1296],[129.6754,-7.531,47.8691],[129.6708,-7.5273,0.0],[129.6683,-7.5273,0.0],[129.6661,-7.5284,86.9278],[129.6584,-7.5469,0.0],[129.6585,-7.5504,0.0],[129.6652,-7.5585,0.0],[129.6765,-7.5631,0.0]]],
[[[130.8564,-7.4999,3.2609],[130.8555,-7.4988,2.4962],[130.8536,-7.5013,2.8139],[130.8523,-7.4932,0.0],[130.8476,-7.4918,0.0],[130.8431,-7.4936,0.0],[130.8464,-7.4953,0.0],[130.8494,-7.4945,0.0],[130.851,-7.4971,1.7669],[130.8507,-7.5016,3.767],[130.8476,-7.5004,0.0],[130.8494,-7.4985,0.0],[130.8417,-7.4988,0.0],[130.8384,-7.5009,0.0],[130.8353,-7.4979,1.5124],[130.8336,-7.5004,0.0],[130.8373,-7.5058,0.0],[130.8365,-7.5125,0.0],[130.8386,-7.5183,0.0],[130.8373,-7.5356,0.0],[130.8417,-7.5419,0.0],[130.8359,-7.5418,0.0],[130.8313,-7.5534,0.0],[130.843,-7.5612,17.5684],[130.8524,-7.5624,13.0466],[130.8566,-7.5646,0.0],[130.8748,-7.5646,10.9782],[130.8744,-7.5661,10.9782],[130.8787,-7.5682,16.222],[130.8784,-7.5698,8.2319],[130.881,-7.5692,15.1667],[130.8844,-7.5739,14.4465],[130.8927,-7.5746,14.1219],[130.8936,-7.5759,14.1219],[130.9016,-7.5736,13.954],[130.9111,-7.5735,24.6811],[130.9188,-7.568,15.375],[130.9282,-7.568,0.0],[130.9265,-7.5659,15.8479],[130.9362,-7.5535,8.3672],[130.9416,-7.5493,1.6483],[130.9406,-7.5462,7.8083],[130.9379,-7.5447,23.8907],[130.94,-7.5379,16.4867],[130.943,-7.5427,2.5774],[130.9468,-7.5438,4.885],[130.9459,-7.5448,1.8173],[130.9476,-7.5454,5.2177],[130.95,-7.553,1.4081],[130.9582,-7.5552,14.9469],[130.963,-7.5591,16.7625],[130.9712,-7.5624,13.2238],[130.9807,-7.5586,1.8412],[130.9801,-7.5549,0.0],[130.9735,-7.5529,0.0],[130.9705,-7.549,0.0],[130.9636,-7.545,0.0],[130.9592,-7.5465,0.0],[130.9585,-7.5435,0.0],[130.9551,-7.5452,2.183],[130.9528,-7.5395,16.9649],[130.9537,-7.5373,26.6745],[130.9614,-7.5321,9.2824],[130.9661,-7.5326,11.3462],[130.9743,-7.5239,13.7197],[130.976,-7.5182,2.3764],[130.9636,-7.5162,7.6082],[130.969,-7.5132,12.2873],[130.9643,-7.513,9.3945],[130.9701,-7.5114,17.7128],[130.9732,-7.5131,19.3157],[130.9731,-7.515,7.6711],[130.9765,-7.5161,9.1809],[130.9856,-7.5119,0.0],[130.9755,-7.5045,0.0],[130.9699,-7.5039,0.0],[130.9624,-7.5057,0.0],[130.9579,-7.5093,0.0],[130.9596,-7.5119,0.0],[130.9547,-7.5144,0.0],[130.9578,-7.5155,0.0],[130.9543,-7.5182,0.0],[130.9536,-7.5208,0.0],[130.9374,-7.5235,0.0],[130.9343,-7.5307,9.2341],[130.9344,-7.5205,0.0],[130.9288,-7.5178,0.0],[130.9138,-7.519,0.0],[130.905,-7.5147,0.0],[130.899,-7.5134,0.0],[130.9006,-7.5153,0.0],[130.8922,-7.5116,0.0],[130.8804,-7.5105,0.0],[130.8781,-7.5119,0.0],[130.879,-7.5138,0.0],[130.8753,-7.5131,11.1757],[130.8761,-7.5098,9.7892],[130.8743,-7.5047,0.0],[130.8636,-7.5036,8.8319],[130.8591,-7.5,0.0],[130.8564,-7.4999,3.2609]]],
[[[134.5215,-7.0651,0.0],[134.5145,-7.0641,0.0],[134.505,-7.0688,0.0],[134.5064,-7.0702,6.8905],[134.5046,-7.0695,0.0],[134.5045,-7.0708,0.0],[134.5004,-7.0689,0.6758],[134.497,-7.0647,5.9396],[134.4909,-7.0624,0.0],[134.4847,-7.0655,0.0],[134.4835,-7.0687,4.3401],[134.4856,-7.0711,8.939],[134.4759,-7.0869,0.3679],[134.4918,-7.0887,18.4184],[134.4948,-7.0916,0.249],[134.502,-7.0901,12.3491],[134.5183,-7.0951,6.152],[134.5222,-7.0993,6.6652],[134.5252,-7.0863,0.612],[134.5324,-7.0834,0.0],[134.5339,-7.0755,0.0],[134.5282,-7.0675,0.0],[134.5215,-7.0651,0.0]]],
[[[131.56,-7.0495,0.0],[131.5576,-7.0523,0.0],[131.5631,-7.0486,5.388],[131.5628,-7.0431,0.0],[131.5614,-7.0432,0.0],[131.5626,-7.0449,0.0],[131.56,-7.0495,0.0]]],
[[[134.6816,-7.005,3.2647],[134.6778,-7.0036,1.9462],[134.6742,-7.0055,2.9121],[134.6699,-7.0112,0.0],[134.6697,-7.0162,0.0],[134.6736,-7.0226,7.0091],[134.6827,-7.0248,0.5829],[134.6873,-7.0193,3.7034],[134.6868,-7.0158,0.0],[134.6831,-7.0123,0.3416],[134.6836,-7.0079,0.0],[134.6816,-7.005,3.2647]]],
[[[131.5915,-6.9799,4.6875],[131.5928,-6.9757,0.0],[131.5901,-6.9744,0.0],[131.5874,-6.9786,0.0],[131.5915,-6.9799,4.6875]]],
[[[131.6039,-6.9779,0.0],[131.605,-6.9779,0.0],[131.6047,-6.9757,0.0],[131.6011,-6.9748,0.0],[131.6002,-6.9766,0.0],[131.6039,-6.9779,0.0]]],
[[[131.9148,-7.0765,28.2096],[131.9295,-7.073,32.7971],[131.9576,-7.0486,46.6561],[131.96,-7.0446,13.1459],[131.966,-7.0242,120.7222],[131.9771,-7.0067,104.8213],[131.9813,-7.0024,135.4052],[131.9899,-6.9978,78.8524],[132.005,-6.984,0.0],[132.0027,-6.9818,0.0],[131.9963,-6.9818,0.0],[131.9678,-6.9984,0.0],[131.953,-7.0126,0.0],[131.9449,-7.026,0.0],[131.9127,-7.0452,0.0],[131.9059,-7.0534,0.0],[131.9034,-7.0608,0.0],[131.9072,-7.0745,0.0],[131.9109,-7.0768,10.761],[131.9148,-7.0765,28.2096]]],
[[[131.5788,-6.9823,20.6127],[131.5835,-6.9791,0.0],[131.5845,-6.9757,0.0],[131.5754,-6.9713,0.0],[131.5743,-6.9759,0.0],[131.5788,-6.9823,20.6127]]],
[[[131.6449,-7.0896,0.0],[131.6502,-7.0835,0.0],[131.6512,-7.0776,0.0],[131.6482,-7.0793,0.0],[131.6421,-7.0911,0.0],[131.6432,-7.0913,0.0],[131.6449,-7.0896,0.0]]],
[[[131.4666,-7.0935,0.0],[131.4643,-7.0927,0.0],[131.4639,-7.0959,0.0],[131.4669,-7.0955,0.0],[131.4666,-7.0935,0.0]]],
[[[131.4327,-7.08,19.1751],[131.433,-7.0836,16.1929],[131.4355,-7.0877,42.1484],[131.4471,-7.0886,3.1701],[131.4481,-7.0807,0.0],[131.4447,-7.0743,0.0],[131.44,-7.0678,0.0],[131.4338,-7.0656,0.0],[131.4325,-7.0636,0.0],[131.4302,-7.0652,0.0],[131.4295,-7.068,2.3229],[131.4313,-7.0704,17.8512],[131.4308,-7.0785,7.2864],[131.4327,-7.08,19.1751]]],
[[[131.5946,-6.9647,0.0],[131.5928,-6.9662,0.0],[131.5949,-6.9702,10.3501],[131.5973,-6.9709,11.0508],[131.5968,-6.9646,0.0],[131.5946,-6.9647,0.0]]],
[[[134.1996,-6.942,0.0],[134.199,-6.9424,0.0],[134.1993,-6.9441,0.6652],[134.2007,-6.943,0.6652],[134.1996,-6.942,0.0]]],
[[[131.5112,-6.8285,13.48],[131.52,-6.8301,28.2118],[131.5264,-6.8282,19.2354],[131.5326,-6.8192,3.0856],[131.5341,-6.8143,15.8629],[131.5368,-6.8121,6.2965],[131.5357,-6.8084,0.0],[131.5267,-6.8101,0.0],[131.5253,-6.8126,0.0],[131.5179,-6.813,0.0],[131.5121,-6.8201,0.0],[131.5096,-6.826,1.7158],[131.508,-6.8264,0.0],[131.5076,-6.8283,5.2649],[131.5112,-6.8285,13.48]]],
[[[131.5411,-6.8127,0.0],[131.5407,-6.8143,0.0],[131.5419,-6.8127,0.0],[131.5416,-6.8101,0.0],[131.5408,-6.8111,0.0],[131.5411,-6.8127,0.0]]],
[[[131.494,-6.9062,22.9914],[131.497,-6.8982,23.5914],[131.5065,-6.8936,1.1524],[131.5058,-6.8925,9.3538],[131.5098,-6.8878,1.3631],[131.5141,-6.8772,5.7565],[131.5123,-6.874,20.3225],[131.5131,-6.8705,0.0],[131.5057,-6.8659,0.0],[131.487,-6.8642,0.0],[131.4837,-6.8649,0.0],[131.4815,-6.8694,0.0],[131.4779,-6.8712,0.0],[131.4739,-6.8697,0.0],[131.4694,-6.8754,0.0],[131.4679,-6.8781,0.0],[131.4671,-6.896,0.0],[131.4567,-6.9123,0.0],[131.4586,-6.9157,10.198],[131.4615,-6.9172,6.8219],[131.4669,-6.9183,26.0294],[131.4709,-6.9173,37.9622],[131.4789,-6.9222,24.8174],[131.4875,-6.9149,22.7375],[131.494,-6.9062,22.9914]]],
[[[131.5916,-6.6607,0.0],[131.5943,-6.6582,7.4146],[131.5939,-6.6561,4.884],[131.5881,-6.6539,5.9764],[131.5861,-6.6549,0.0],[131.5874,-6.6589,0.0],[131.5916,-6.6607,0.0]]],
[[[131.5225,-6.7913,0.0],[131.5205,-6.7951,0.0],[131.5212,-6.7967,0.0],[131.5232,-6.7973,9.6632],[131.5272,-6.8026,8.8462],[131.5302,-6.8026,11.653],[131.5336,-6.8016,12.7402],[131.5359,-6.7958,15.5368],[131.5387,-6.7947,15.8434],[131.5396,-6.7964,0.0],[131.543,-6.7968,10.0155],[131.5472,-6.7915,27.8476],[131.549,-6.79,29.1948],[131.5513,-6.7905,22.8241],[131.5594,-6.7823,22.469],[131.5606,-6.7891,0.0],[131.5623,-6.7899,9.887],[131.565,-6.7865,22.4318],[131.5674,-6.7869,6.1345],[131.5728,-6.7836,37.3739],[131.5822,-6.7758,30.8124],[131.5852,-6.771,100.0061],[131.5869,-6.7611,54.1236],[131.5915,-6.7566,19.9205],[131.5827,-6.7521,0.0],[131.5742,-6.7575,0.0],[131.5664,-6.7563,0.0],[131.5666,-6.7596,5.3555],[131.5644,-6.7621,15.2345],[131.5625,-6.7553,5.7674],[131.5598,-6.7548,16.2339],[131.562,-6.7524,0.0],[131.5578,-6.7519,25.2723],[131.5585,-6.7452,12.0333],[131.5552,-6.743,21.1479],[131.5619,-6.7292,8.6503],[131.5619,-6.724,8.4894],[131.5666,-6.7175,19.5074],[131.5749,-6.7103,21.7254],[131.5854,-6.7169,0.0],[131.5852,-6.7218,0.0],[131.5917,-6.7249,0.0],[131.5937,-6.7293,0.0],[131.599,-6.7279,15.6567],[131.5993,-6.7254,7.8159],[131.5971,-6.7221,12.4827],[131.6003,-6.718,9.6435],[131.6066,-6.7108,9.0226],[131.611,-6.7076,41.2103],[131.6158,-6.7073,9.0909],[131.6191,-6.7028,51.2705],[131.6222,-6.6943,54.9658],[131.6208,-6.6877,18.2698],[131.6217,-6.6829,23.4046],[131.6194,-6.6777,7.7413],[131.5913,-6.6737,8.9554],[131.5766,-6.6685,6.2212],[131.5744,-6.669,0.0],[131.5668,-6.6779,0.0],[131.564,-6.678,0.0],[131.5585,-6.6887,0.0],[131.5586,-6.6927,0.0],[131.5616,-6.6945,8.368],[131.5634,-6.6987,0.0],[131.5635,-6.7031,2.4121],[131.5547,-6.7135,2.2098],[131.5503,-6.7125,0.0],[131.542,-6.7199,0.0],[131.5265,-6.7427,0.0],[131.5218,-6.7428,0.0],[131.5198,-6.7488,10.3687],[131.5186,-6.7483,0.0],[131.5138,-6.7641,21.6434],[131.5173,-6.7669,23.3842],[131.5186,-6.7787,12.4033],[131.5197,-6.7801,4.7684],[131.5222,-6.7775,24.8104],[131.5225,-6.7913,0.0]]],
[[[131.1618,-7.419,54.8125],[131.1634,-7.4159,53.7479],[131.1625,-7.4114,33.0449],[131.1543,-7.3982,0.0],[131.1521,-7.3978,0.0],[131.1258,-7.4014,0.0],[131.1227,-7.4042,0.0],[131.1102,-7.4075,0.0],[131.1081,-7.4065,0.0],[131.1025,-7.4098,0.0],[131.0819,-7.4127,0.0],[131.0801,-7.4139,0.0],[131.0798,-7.4165,0.0],[131.0763,-7.4164,0.0],[131.0732,-7.4141,0.0],[131.0636,-7.4156,0.0],[131.0531,-7.4147,0.0],[131.0312,-7.4198,0.0],[131.0207,-7.4161,0.0],[131.011,-7.4185,0.0],[131.0056,-7.4178,0.0],[130.995,-7.4228,0.0],[130.9856,-7.4237,0.0],[130.9734,-7.4322,0.0],[130.9697,-7.4448,0.0],[130.9653,-7.4513,0.0],[130.9645,-7.4557,0.0],[130.966,-7.4672,0.0],[130.9641,-7.4868,0.0],[130.9657,-7.4859,0.0],[130.9661,-7.4886,0.0],[130.9729,-7.4938,10.4593],[130.9788,-7.4938,9.8842],[130.9798,-7.4919,10.7967],[130.9831,-7.4916,17.3018],[130.9847,-7.4928,7.3937],[130.9835,-7.495,11.6895],[130.985,-7.4935,7.2608],[130.9884,-7.4945,7.3299],[130.9914,-7.497,11.4112],[130.993,-7.4961,32.5586],[130.9998,-7.5,6.4802],[131.0027,-7.4987,33.8487],[131.0052,-7.4936,5.5094],[131.0077,-7.4924,6.0648],[131.0164,-7.4953,14.2431],[131.0202,-7.4943,17.8744],[131.0244,-7.4966,19.8039],[131.0283,-7.4946,12.3313],[131.0285,-7.4909,23.2705],[131.031,-7.4914,11.9499],[131.0343,-7.4885,11.69],[131.0421,-7.4892,10.3528],[131.0434,-7.4866,10.8752],[131.0397,-7.4851,16.5796],[131.0419,-7.4822,22.2368],[131.0493,-7.4789,23.2074],[131.0539,-7.4791,6.2799],[131.0549,-7.481,3.7877],[131.0538,-7.4895,0.0],[131.0548,-7.4911,0.0],[131.0563,-7.4874,0.0],[131.0565,-7.4943,0.0],[131.0515,-7.4964,0.0],[131.0494,-7.4941,0.8387],[131.0474,-7.496,0.0],[131.0479,-7.4974,0.0],[131.0458,-7.4969,0.0],[131.0447,-7.5003,0.0],[131.0438,-7.4959,0.0],[131.0406,-7.4977,0.0],[131.0411,-7.5008,0.0],[131.0407,-7.4997,0.0],[131.0394,-7.5013,0.0],[131.0374,-7.5,0.0],[131.0348,-7.5009,0.0],[131.0325,-7.5091,0.0],[131.0338,-7.5111,0.0],[131.0366,-7.512,3.7628],[131.0386,-7.5101,6.2426],[131.0439,-7.5151,5.2478],[131.0566,-7.5187,31.9347],[131.0591,-7.5156,39.1435],[131.0619,-7.5068,22.4366],[131.0653,-7.5029,3.1501],[131.0715,-7.4995,7.657],[131.0732,-7.4913,41.9049],[131.0809,-7.4875,22.6889],[131.0808,-7.4829,34.4328],[131.0778,-7.4762,29.2236],[131.0791,-7.4748,29.2236],[131.0871,-7.4838,0.0],[131.0884,-7.4813,7.1655],[131.0889,-7.4829,7.1655],[131.09,-7.4821,22.7378],[131.0907,-7.4802,18.7085],[131.0893,-7.4803,9.3221],[131.0922,-7.4752,13.6275],[131.0947,-7.4756,15.7881],[131.0986,-7.4732,22.9418],[131.0994,-7.4689,27.1675],[131.1119,-7.4702,27.8982],[131.1142,-7.4587,65.5167],[131.1177,-7.4617,40.0572],[131.1179,-7.459,26.4438],[131.1193,-7.4593,22.7986],[131.1215,-7.4648,3.3086],[131.1231,-7.4624,9.9126],[131.1273,-7.4615,29.764],[131.1274,-7.4525,59.868899999999996],[131.1291,-7.4516,21.9106],[131.1292,-7.4484,35.4244],[131.1338,-7.4452,10.1325],[131.131,-7.4405,23.7324],[131.1355,-7.4383,20.6314],[131.137,-7.4396,17.3607],[131.1407,-7.4351,42.4229],[131.1448,-7.4332,16.1091],[131.1415,-7.4274,48.305],[131.1527,-7.4264,32.0868],[131.1594,-7.4195,61.7194],[131.1618,-7.419,54.8125]]],
[[[131.3301,-7.9493,26.943],[131.3337,-7.9463,51.217],[131.3362,-7.9467,59.5345],[131.3374,-7.9444,87.5902],[131.3427,-7.9452,45.963],[131.3536,-7.9281,0.0],[131.3441,-7.929,0.0],[131.3302,-7.936,0.0],[131.3264,-7.9317,6.7771],[131.3272,-7.9286,55.5104],[131.3364,-7.9184,57.0566],[131.3414,-7.9068,12.6782],[131.3444,-7.9033,15.9982],[131.3506,-7.9021,59.37],[131.3662,-7.9041,26.7003],[131.3771,-7.8949,20.4616],[131.379,-7.8913,0.0],[131.3781,-7.8893,0.0],[131.3693,-7.8868,0.0],[131.364,-7.8885,0.0],[131.36,-7.8831,0.0],[131.3599,-7.8763,11.9731],[131.3646,-7.8669,15.096],[131.3743,-7.8625,13.8791],[131.3762,-7.8545,25.5794],[131.3784,-7.8538,4.2546],[131.3837,-7.8458,43.7458],[131.3947,-7.8379,13.5473],[131.4055,-7.8354,9.7174],[131.4122,-7.8364,12.4235],[131.4166,-7.8354,9.6054],[131.4181,-7.825,28.3112],[131.4243,-7.8189,53.9141],[131.4261,-7.819,36.9095],[131.433,-7.8107,18.9347],[131.4405,-7.811,53.4449],[131.4458,-7.8083,64.4],[131.4593,-7.8076,54.0384],[131.4635,-7.8044,0.0],[131.4643,-7.8001,0.0],[131.4623,-7.797,0.0],[131.4635,-7.7948,0.0],[131.4604,-7.7925,0.0],[131.4596,-7.786,0.0],[131.4518,-7.7756,4.4811],[131.4521,-7.7739,9.5254],[131.4565,-7.7698,19.6751],[131.464,-7.7694,18.5602],[131.4647,-7.7758,13.5732],[131.4701,-7.7791,52.4935],[131.4754,-7.7807,74.32],[131.4804,-7.7791,39.775],[131.4815,-7.7715,0.0],[131.4785,-7.7663,7.5301],[131.4829,-7.7608,0.0],[131.485,-7.749,0.0],[131.4755,-7.7388,15.5738],[131.4775,-7.7393,7.8333],[131.4796,-7.7342,30.309],[131.4828,-7.7321,3.2972],[131.4834,-7.7276,46.5107],[131.486,-7.7255,30.2228],[131.4949,-7.7241,22.0271],[131.4976,-7.7281,39.0386],[131.5079,-7.729,76.0364],[131.5143,-7.7236,66.7724],[131.5196,-7.7223,8.6771],[131.5194,-7.7272,0.0],[131.5296,-7.7263,50.0936],[131.5322,-7.7274,0.0],[131.5335,-7.7211,37.2358],[131.5372,-7.7186,21.5791],[131.5423,-7.7177,47.2072],[131.5449,-7.7205,47.8296],[131.553,-7.7182,25.8365],[131.5535,-7.7121,12.1434],[131.5605,-7.7071,83.6576],[131.5617,-7.7045,50.7309],[131.5638,-7.6982,0.0],[131.5631,-7.6936,50.9191],[131.5686,-7.6887,41.0366],[131.5725,-7.6806,39.3934],[131.5822,-7.668,42.7824],[131.5882,-7.6645,0.0],[131.5872,-7.6619,0.0],[131.5834,-7.6609,64.4378],[131.5844,-7.6585,40.13],[131.5862,-7.6566,8.6542],[131.5918,-7.6554,31.5805],[131.5963,-7.651,65.2398],[131.6,-7.6416,28.2265],[131.6048,-7.6414,43.2173],[131.6074,-7.643,27.11],[131.61,-7.6481,7.142],[131.6191,-7.6449,35.077],[131.6209,-7.6416,0.0],[131.624,-7.6299,26.716],[131.6308,-7.6163,4.0924],[131.6298,-7.6024,18.1515],[131.6353,-7.5965,4.9545],[131.6364,-7.5938,0.0],[131.6347,-7.5893,19.4041],[131.6355,-7.5874,24.6911],[131.6412,-7.5833,0.0],[131.6432,-7.5751,38.1709],[131.6468,-7.5697,61.9911],[131.6482,-7.5626,0.0],[131.6463,-7.5553,46.6916],[131.656,-7.5458,0.0],[131.6568,-7.5411,0.0],[131.6554,-7.535,71.322],[131.6644,-7.5096,0.0],[131.6639,-7.5073,0.0],[131.6594,-7.5066,0.0],[131.6564,-7.5041,0.0],[131.6507,-7.5055,0.0],[131.6482,-7.5042,9.3014],[131.6494,-7.4949,124.7719],[131.6514,-7.4927,132.0285],[131.6563,-7.4916,58.9731],[131.6591,-7.4957,23.66],[131.6635,-7.4959,28.9096],[131.6661,-7.4949,35.3848],[131.6695,-7.49,2.3271],[131.6693,-7.4877,0.0],[131.6644,-7.4836,28.3271],[131.664,-7.4806,54.956],[131.6695,-7.471,53.4907],[131.6741,-7.4562,0.0],[131.6665,-7.4523,7.6854],[131.6675,-7.4453,29.0389],[131.6887,-7.4333,45.5885],[131.7003,-7.4287,53.7277],[131.7033,-7.4231,36.5088],[131.7037,-7.4173,0.0],[131.6971,-7.414,0.0],[131.6949,-7.4203,0.0],[131.6911,-7.4185,0.0],[131.6904,-7.4165,0.0],[131.6876,-7.4207,0.0],[131.6836,-7.4233,0.0],[131.6784,-7.4232,0.0],[131.6762,-7.4269,0.0],[131.6675,-7.4329,9.444],[131.6651,-7.4299,9.2235],[131.6642,-7.424,12.9173],[131.6668,-7.4161,0.0],[131.6638,-7.4157,0.0],[131.659,-7.4226,9.8643],[131.6573,-7.4287,6.3637],[131.6543,-7.4265,37.6177],[131.656,-7.4178,19.4382],[131.6551,-7.4118,47.4968],[131.6599,-7.4045,6.671],[131.6583,-7.3987,0.0],[131.6562,-7.3975,0.0],[131.6513,-7.3991,0.0],[131.6442,-7.3977,30.0669],[131.6442,-7.3926,31.563],[131.6475,-7.3867,23.3105],[131.6577,-7.3846,64.4321],[131.6648,-7.3867,61.5803],[131.6737,-7.384,40.5313],[131.6769,-7.3799,24.5093],[131.676,-7.3624,0.0],[131.6689,-7.3598,0.0],[131.6596,-7.3625,2.4186],[131.6545,-7.3618,69.4444],[131.6565,-7.3492,0.0],[131.6479,-7.3481,14.4733],[131.6494,-7.3386,65.3681],[131.6549,-7.3298,10.0817],[131.6543,-7.3262,0.0],[131.649,-7.3229,34.3877],[131.6472,-7.3127,6.0761],[131.6478,-7.3082,0.0],[131.6365,-7.3032,12.531],[131.6345,-7.2876,11.8574],[131.6363,-7.2821,31.851],[131.6355,-7.2762,13.9504],[131.6281,-7.2616,13.8467],[131.6291,-7.2528,10.197],[131.6316,-7.2484,23.3189],[131.6433,-7.2463,7.3025],[131.6482,-7.2417,4.6463],[131.6499,-7.2363,11.1188],[131.649,-7.2286,10.85],[131.6526,-7.2251,18.8417],[131.669,-7.2209,22.6558],[131.6713,-7.2217,11.8541],[131.6718,-7.2271,0.0],[131.674,-7.2281,7.7367],[131.6867,-7.226,3.0662],[131.6983,-7.2296,4.7757],[131.7082,-7.2263,26.1795],[131.717,-7.221,15.1611],[131.7318,-7.2196,26.6713],[131.7414,-7.2152,15.5229],[131.7453,-7.2083,0.779],[131.7454,-7.2048,0.0],[131.741,-7.2005,0.0],[131.7339,-7.1968,0.0],[131.7303,-7.1924,0.0],[131.7159,-7.1841,9.9811],[131.7171,-7.176,5.8603],[131.7198,-7.1762,0.0],[131.7213,-7.1813,7.5502],[131.7245,-7.1793,1.4697],[131.7253,-7.1756,0.0],[131.7194,-7.171,0.0],[131.7169,-7.1618,0.0],[131.7122,-7.1579,0.0],[131.7078,-7.1571,0.0],[131.6948,-7.1577,14.8318],[131.6891,-7.1597,5.1282],[131.6898,-7.1533,12.7608],[131.7048,-7.149,22.1061],[131.7079,-7.1413,0.0],[131.7082,-7.1377,0.0],[131.706,-7.1362,0.0],[131.6991,-7.1346,0.0],[131.6919,-7.135,0.0],[131.6758,-7.1495,0.0],[131.6725,-7.1557,0.0],[131.6748,-7.1592,6.5217],[131.6801,-7.1622,8.512],[131.6799,-7.1655,3.094],[131.6775,-7.1681,0.0],[131.6548,-7.1721,0.0],[131.6471,-7.1748,0.0],[131.64,-7.1745,0.0],[131.6367,-7.1692,6.6234],[131.6402,-7.1606,19.4267],[131.6505,-7.1538,20.3836],[131.6547,-7.1444,22.3906],[131.6563,-7.1318,17.5658],[131.6542,-7.1243,15.1799],[131.6551,-7.119,9.0512],[131.6546,-7.1169,0.0],[131.6494,-7.1143,0.0],[131.6378,-7.1149,0.0],[131.6206,-7.1232,0.0],[131.6033,-7.1219,0.0],[131.6012,-7.1228,0.0],[131.6001,-7.128,0.0],[131.5981,-7.1291,0.0],[131.5971,-7.123,0.0],[131.5825,-7.1215,0.0],[131.5803,-7.1237,0.0],[131.5817,-7.1275,0.0],[131.5796,-7.1284,2.5998],[131.5783,-7.1258,0.0],[131.5732,-7.1264,0.0],[131.5706,-7.1297,0.0],[131.5682,-7.1382,0.0],[131.5686,-7.14,0.0],[131.5721,-7.1421,5.2577],[131.5723,-7.1442,0.0],[131.5689,-7.1438,0.0],[131.5676,-7.1418,0.0],[131.5645,-7.143,0.0],[131.5479,-7.1433,0.0],[131.5448,-7.1421,0.0],[131.5406,-7.1361,0.0],[131.5308,-7.1397,0.0],[131.5208,-7.1532,0.0],[131.5175,-7.1621,0.0],[131.5167,-7.1757,0.0],[131.5183,-7.1818,4.3472],[131.5277,-7.1855,5.4645],[131.5278,-7.188,7.7582],[131.519,-7.193,0.0],[131.5212,-7.195,0.0],[131.5269,-7.1953,5.2973],[131.5285,-7.1973,3.7288],[131.5303,-7.217,0.0],[131.5311,-7.2192,0.0],[131.5359,-7.2203,5.4188],[131.5351,-7.2235,8.7794],[131.5289,-7.2237,0.0],[131.53,-7.2294,9.3524],[131.5222,-7.2333,0.0],[131.5101,-7.2316,0.0],[131.5053,-7.2359,0.0],[131.5029,-7.2359,2.9608],[131.4973,-7.2275,0.0],[131.4875,-7.228,0.0],[131.4818,-7.23,0.0],[131.4789,-7.232,0.0],[131.4812,-7.2351,6.4823],[131.4791,-7.2378,6.0212],[131.4763,-7.2364,1.3885],[131.4719,-7.2371,4.4914],[131.4714,-7.2435,3.0122],[131.4686,-7.2474,0.0],[131.4667,-7.2475,0.0],[131.4646,-7.2525,0.0],[131.4657,-7.2548,0.0],[131.4704,-7.2534,3.5326],[131.4695,-7.259,0.0],[131.4664,-7.2622,0.0],[131.4623,-7.2631,1.3256],[131.4611,-7.2613,0.0],[131.4586,-7.2617,0.0],[131.4565,-7.2682,0.0],[131.4533,-7.2712,0.0],[131.4514,-7.279,0.0],[131.4542,-7.2821,0.0],[131.4525,-7.2851,0.0],[131.448,-7.2853,6.1858],[131.4433,-7.2775,0.0],[131.4414,-7.2782,0.0],[131.4396,-7.2914,0.0],[131.4325,-7.3,0.0],[131.4363,-7.3088,0.0],[131.4299,-7.3111,0.0],[131.4288,-7.3155,0.0],[131.4317,-7.3158,0.0],[131.4344,-7.321,0.0],[131.4341,-7.3249,0.0],[131.44,-7.3255,12.7046],[131.4422,-7.332,0.0],[131.4413,-7.334,0.0],[131.4474,-7.3383,0.0],[131.4488,-7.3425,0.0],[131.4472,-7.3448,0.0],[131.4438,-7.3453,7.3462],[131.4386,-7.341,0.0],[131.4275,-7.3426,17.0443],[131.4245,-7.3329,0.0],[131.4203,-7.3329,0.0],[131.4201,-7.3384,0.0],[131.4151,-7.3412,1.7564],[131.4118,-7.3389,10.6513],[131.4104,-7.3362,0.0],[131.4113,-7.3345,0.0],[131.4053,-7.3324,0.0],[131.3974,-7.3338,0.0],[131.3837,-7.3409,0.0],[131.3797,-7.3467,0.0],[131.3808,-7.3495,0.0],[131.392,-7.3529,22.7196],[131.3908,-7.355,8.8635],[131.3819,-7.3571,0.0],[131.3783,-7.3603,0.0],[131.3786,-7.3667,0.0],[131.3748,-7.3666,0.0],[131.3711,-7.3626,0.0],[131.3679,-7.3628,0.0],[131.3656,-7.3668,0.0],[131.3702,-7.3711,12.49],[131.3722,-7.3786,2.8165],[131.3811,-7.3849,13.5868],[131.3807,-7.3892,6.0201],[131.3755,-7.3952,0.0],[131.3638,-7.3974,0.0],[131.3599,-7.3955,0.0],[131.356,-7.3896,0.0],[131.3532,-7.3906,0.0],[131.355,-7.3996,0.0],[131.3494,-7.4055,0.0],[131.3502,-7.4077,0.0],[131.3472,-7.4132999999999996,0.0],[131.3518,-7.4239,5.5952],[131.3428,-7.4403,0.0],[131.3385,-7.4417,0.0],[131.3347,-7.4409,0.0],[131.328,-7.4361,0.0],[131.3229,-7.4224,1.6823],[131.3242,-7.4179,0.0],[131.3232,-7.4145,6.0025],[131.3147,-7.416,0.0],[131.3102,-7.4192,0.0],[131.311,-7.4251,0.0],[131.3026,-7.4347,2.5877],[131.2997,-7.4297,0.0],[131.2975,-7.4295,0.0],[131.2877,-7.4339,0.0],[131.2845,-7.4382,0.0],[131.2754,-7.4429,0.0],[131.2751,-7.4455,0.0],[131.2777,-7.4458,0.0],[131.2764,-7.4501,0.0],[131.2712,-7.4519,0.0],[131.2706,-7.4487,0.0],[131.2681,-7.4473,0.0],[131.2653,-7.4497,0.0],[131.2597,-7.4495,0.0],[131.2513,-7.457,0.0],[131.2478,-7.4642,0.0],[131.2363,-7.4721,0.0],[131.231,-7.4831,0.0],[131.2266,-7.4859,0.0],[131.2281,-7.4902,0.0],[131.2276,-7.5011,5.6032],[131.2236,-7.5247,0.0],[131.2153,-7.5441,0.0],[131.2079,-7.5569,0.0],[131.2017,-7.5592,0.0],[131.1948,-7.5739,0.0],[131.187,-7.583,0.0],[131.1833,-7.5915,0.0],[131.1846,-7.5932,12.61],[131.1954,-7.5827,13.8394],[131.1924,-7.5928,12.484],[131.1828,-7.5992,0.0],[131.1742,-7.6308,0.0],[131.1725,-7.6415,0.0],[131.1737,-7.6449,0.0],[131.1792,-7.648,4.5678],[131.1669,-7.6535,0.0],[131.1575,-7.6668,6.7673],[131.1671,-7.6698,2.8058],[131.178,-7.6792,5.0095],[131.1803,-7.6821,13.0825],[131.1805,-7.6918,9.2087],[131.1839,-7.6974,9.7657],[131.1866,-7.6989,1.4864],[131.1971,-7.6995,11.6956],[131.2069,-7.6964,35.6141],[131.2117,-7.6973,30.7246],[131.2225,-7.7062,22.1882],[131.2361,-7.7068,20.4202],[131.2394,-7.7115,7.4158],[131.2384,-7.7197,0.0],[131.2434,-7.7202,2.6548],[131.2437,-7.7228,2.3575],[131.2386,-7.7261,0.0],[131.2318,-7.717,0.0],[131.2284,-7.7166,0.0],[131.2083,-7.7211,0.0],[131.1889,-7.7201,0.0],[131.1783,-7.7219,0.0],[131.1703,-7.7205,0.0],[131.1677,-7.7182,7.636],[131.1641,-7.7105,0.0],[131.1446,-7.697,0.0],[131.1408,-7.6921,0.0],[131.1357,-7.6784,0.0],[131.1322,-7.6763,0.0],[131.1261,-7.6769,0.0],[131.1081,-7.7014,1.8167],[131.1068,-7.7125,2.9391],[131.1088,-7.7297,5.1913],[131.1063,-7.7392,3.3756],[131.1119,-7.7358,6.8004],[131.1158,-7.7256,0.0],[131.1174,-7.7276,0.0],[131.1152,-7.7368,3.8577],[131.1183,-7.7353,2.0198],[131.1192,-7.7436,0.7322],[131.1185,-7.7467,0.0],[131.1133,-7.7498,0.0],[131.1149,-7.7523,0.0],[131.1205,-7.7525,11.7073],[131.1287,-7.7452,9.6375],[131.1361,-7.7435,3.381],[131.1384,-7.7403,0.0],[131.1458,-7.7403,2.5974],[131.147,-7.7436,2.4219],[131.1439,-7.7545,0.0],[131.1408,-7.7569,0.0],[131.1342,-7.7546,0.0],[131.1312,-7.7589,0.0],[131.1323,-7.7653,2.2835],[131.1382,-7.7651,5.735],[131.1387,-7.7682,21.027],[131.1361,-7.7704,4.1449],[131.1247,-7.7713,0.0],[131.1176,-7.7744,0.0],[131.1128,-7.7805,0.0],[131.1139,-7.7829,2.6558],[131.1171,-7.784,3.4836],[131.1239,-7.7841,2.2395],[131.125,-7.7869,1.1142],[131.1178,-7.7886,0.0],[131.1182,-7.7912,0.0],[131.1211,-7.7936,1.4171],[131.1229,-7.7945,2.1483],[131.1291,-7.7896,1.3226],[131.1339,-7.7893,3.012],[131.1464,-7.7995,16.2655],[131.1468,-7.8152,3.2541],[131.1472,-7.8181,2.7217],[131.1496,-7.8198,5.7253],[131.1387,-7.8314,0.0],[131.1246,-7.8333,0.0],[131.1216,-7.8322,0.0],[131.1189,-7.8267,0.0],[131.1124,-7.8195,0.0],[131.1098,-7.8192,0.0],[131.1026,-7.8222,0.0],[131.1003,-7.8278,0.0],[131.0876,-7.8376,0.0],[131.0846,-7.8421,0.0],[131.0808,-7.8595,0.0],[131.0825,-7.8707,3.6666],[131.0845,-7.875,10.9429],[131.0873,-7.8791,5.1249],[131.0941,-7.8817,8.0071],[131.0965,-7.8865,7.2493],[131.1021,-7.8882,4.1768],[131.1035,-7.8866,0.0],[131.1018,-7.8848,4.1387],[131.1025,-7.8796,0.0],[131.1003,-7.875,0.0],[131.1041,-7.8688,7.198],[131.1067,-7.8758,5.8456],[131.1059,-7.8816,1.5697],[131.1086,-7.8902,4.3191],[131.111,-7.8914,7.5625],[131.1148,-7.8903,16.5345],[131.119,-7.893,11.5657],[131.1192,-7.8985,6.8072],[131.1215,-7.9033,9.3115],[131.1154,-7.9345,5.3349],[131.1094,-7.9479,0.0],[131.1066,-7.9501,0.0],[131.1029,-7.9599,0.0],[131.1029,-7.9657,24.6422],[131.1057,-7.9721,19.6523],[131.1037,-7.986,18.1442],[131.106,-7.9905,10.8369],[131.1096,-7.9929,14.2952],[131.139,-7.9972,33.1174],[131.1423,-7.997,27.1947],[131.1506,-7.991,20.8603],[131.1569,-7.9897,23.6828],[131.1694,-7.9888,15.513],[131.1774,-7.9915,10.4433],[131.1832,-7.988,21.1118],[131.1874,-7.988,19.9775],[131.2076,-7.9981,23.6482],[131.2132,-7.9993,45.1582],[131.2233,-7.9981,31.7792],[131.2287,-8.0024,4.6272],[131.2364,-7.9984,15.0412],[131.2426,-7.9876,26.8358],[131.2545,-7.9781,9.4797],[131.2626,-7.9659,4.9745],[131.2729,-7.9555,0.0],[131.275,-7.9482,0.0],[131.2706,-7.9415,4.3344],[131.2718,-7.9384,3.2563],[131.2709,-7.9358,3.6607],[131.283,-7.9208,7.1695],[131.2921,-7.9183,4.4323],[131.2947,-7.9145,9.3884],[131.2939,-7.9104,17.9862],[131.3007,-7.9048,9.3847],[131.302,-7.9059,15.0775],[131.3001,-7.9114,16.3335],[131.304,-7.9156,31.1163],[131.2993,-7.9259,9.8946],[131.2981,-7.9323,16.0009],[131.3082,-7.9369,24.7916],[131.3056,-7.9436,4.9092],[131.309,-7.9552,5.0972],[131.3022,-7.9668,0.0],[131.2998,-7.9672,0.0],[131.3012,-7.969,0.0],[131.289,-7.9949,1.0416],[131.2909,-8.0049,21.1587],[131.2892,-8.0106,22.1959],[131.2921,-8.008,20.2452],[131.2943,-8.0084,20.6641],[131.2958,-8.0132,20.9822],[131.2935,-8.0207,9.7322],[131.2952,-8.0228,20.0997],[131.3007,-8.0154,46.1143],[131.303,-8.0155,41.3373],[131.3091,-8.0078,43.6509],[131.3184,-8.0021,18.5127],[131.3249,-7.9916,29.4772],[131.3231,-7.9909,69.3328],[131.3248,-7.9877,98.8071],[131.332,-7.9832,69.6619],[131.3369,-7.9847,42.9628],[131.341,-7.9833,1.5278],[131.3418,-7.9714,0.0],[131.3391,-7.9636,0.0],[131.3349,-7.9585,0.0],[131.3356,-7.9566,0.0],[131.3301,-7.9493,26.943]]],
[[[131.1907,-7.42,0.0],[131.1875,-7.4229,0.0],[131.1901,-7.4264,0.0],[131.1919,-7.4259,0.0],[131.1946,-7.4202,0.0],[131.2008,-7.4154,0.0],[131.1916,-7.4179,0.0],[131.1907,-7.42,0.0]]],
[[[131.326,-7.401,2.2779],[131.3243,-7.4015,2.28],[131.3232,-7.3997,5.8266],[131.3249,-7.3939,23.1947],[131.3237,-7.386,0.0],[131.3219,-7.3844,0.0],[131.3169,-7.3854,0.0],[131.3136,-7.3919,0.0],[131.3143,-7.396,0.0],[131.3125,-7.403,0.0],[131.314,-7.4064,0.0],[131.3162,-7.4068,7.3524],[131.3184,-7.41,5.9415],[131.3234,-7.4115,3.6854],[131.3252,-7.4089,2.4696],[131.3239,-7.4029,5.0354],[131.3264,-7.4036,6.5023],[131.3277,-7.4024,5.0522],[131.326,-7.401,2.2779]]],
[[[131.1672,-7.3975,0.0],[131.1674,-7.4035,0.0],[131.1705,-7.4055,0.0],[131.174,-7.4049,13.5633],[131.1789,-7.398,0.0],[131.1782,-7.3916,0.0],[131.1752,-7.3903,0.0],[131.1703,-7.3922,0.0],[131.1672,-7.3975,0.0]]],
[[[128.5611,-7.3242,0.0],[128.5634,-7.3205,0.0],[128.5622,-7.3161,6.2892],[128.5691,-7.3052,0.0],[128.5679,-7.3004,12.2672],[128.5619,-7.2961,65.6071],[128.5539,-7.3107,0.0],[128.5572,-7.3229,0.0],[128.5585,-7.3249,0.0],[128.5611,-7.3242,0.0]]],
[[[131.3785,-7.2871,0.0],[131.3807,-7.2879,0.0],[131.3854,-7.2857,56.3245],[131.3867,-7.2817,9.4568],[131.3827,-7.2782,0.0],[131.3799,-7.279,0.0],[131.3775,-7.2839,0.0],[131.3785,-7.2871,0.0]]],
[[[128.5595,-7.3715,94.8803],[128.5603,-7.3694,99.9764],[128.557,-7.3688,102.278],[128.5525,-7.3792,13.5858],[128.5564,-7.3892,0.0],[128.5594,-7.3905,0.0],[128.5634,-7.3886,0.0],[128.5673,-7.3762,0.0],[128.5654,-7.3716,34.4861],[128.5617,-7.3722,97.9431],[128.5618,-7.3758,93.91],[128.559,-7.3754,73.6226],[128.5567,-7.3731,79.9229],[128.5595,-7.3715,94.8803]]],
[[[131.2711,-7.3213,0.0],[131.2607,-7.3143,0.0],[131.2567,-7.3069,43.8247],[131.2592,-7.3019,0.0],[131.2571,-7.2993,0.0],[131.2506,-7.2999,0.0],[131.2461,-7.3031,0.0],[131.2444,-7.307,0.0],[131.2411,-7.3097,0.0],[131.2389,-7.3108,0.0],[131.2355,-7.3086,0.0],[131.235,-7.3113,0.0],[131.2415,-7.3155,17.9475],[131.2428,-7.3185,0.0],[131.2397,-7.3249,0.0],[131.2421,-7.3274,0.0],[131.2413,-7.3301,0.0],[131.2377,-7.3328,0.0],[131.2392,-7.3355,0.0],[131.2361,-7.3367,0.0],[131.2298,-7.3347,2.0785],[131.2249,-7.3284,0.0],[131.2223,-7.3273,0.0],[131.22,-7.3313,0.0],[131.2219,-7.3342,0.0],[131.2239,-7.3465,0.0],[131.2216,-7.3489,0.0],[131.2186,-7.349,0.0],[131.2094,-7.3468,0.0],[131.2052,-7.3497,0.0],[131.2044,-7.3541,0.0],[131.2131,-7.3583,17.1656],[131.2158,-7.3647,0.0],[131.2171,-7.3624,3.1406],[131.2222,-7.3609,60.7582],[131.2276,-7.3636,39.1198],[131.2298,-7.3678,4.2535],[131.2333,-7.3696,0.0],[131.2401,-7.3656,61.068],[131.2482,-7.3664,21.5877],[131.2609,-7.374,36.7624],[131.2662,-7.375,40.431399999999996],[131.2719,-7.37,0.0],[131.2635,-7.3663,1.6668],[131.2587,-7.3621,7.8972],[131.2568,-7.3583,47.439],[131.2577,-7.354,20.0655],[131.2653,-7.3519,49.1231],[131.2699,-7.3404,28.9586],[131.2723,-7.3406,22.9475],[131.275,-7.3378,76.4977],[131.278,-7.3387,52.0926],[131.2773,-7.3398,31.5452],[131.28,-7.3424,8.4856],[131.2827,-7.3418,29.228],[131.2846,-7.3385,57.0831],[131.2898,-7.3355,41.5003],[131.2943,-7.3349,54.5586],[131.299,-7.337,14.6913],[131.2995,-7.3347,5.815],[131.2961,-7.3268,0.0],[131.2867,-7.3188,0.0],[131.2781,-7.3172,0.0],[131.2781,-7.319,0.0],[131.2811,-7.3199,0.0],[131.2866,-7.3259,9.0341],[131.2852,-7.3302,0.0],[131.2836,-7.3308,0.0],[131.2777,-7.3276,0.0],[131.2744,-7.3283,8.9851],[131.2701,-7.3225,4.0531],[131.2711,-7.3213,0.0]]],
[[[128.3972,-7.232,0.0],[128.3962,-7.2339,0.0],[128.3976,-7.2352,0.0],[128.3988,-7.2323,0.0],[128.3972,-7.232,0.0]]],
[[[128.3907,-7.2321,0.0],[128.3941,-7.2335,0.0],[128.3948,-7.2322,0.0],[128.391,-7.2309,0.0],[128.3907,-7.2321,0.0]]],
[[[131.4584,-7.2424,7.5228],[131.4608,-7.2436,9.8273],[131.4653,-7.2419,12.9463],[131.4692,-7.2424,2.5763],[131.4704,-7.2387,8.0747],[131.4694,-7.2297,0.0],[131.4672,-7.2287,0.0],[131.4552,-7.2307,0.0],[131.4561,-7.2334,0.0],[131.4524,-7.2352,0.0],[131.4527,-7.237,0.0],[131.4584,-7.2424,7.5228]]],
[[[131.4742,-7.2338,0.0],[131.4731,-7.2342,0.0],[131.4744,-7.2354,0.0],[131.4783,-7.2342,0.0],[131.478,-7.2332,0.0],[131.4742,-7.2338,0.0]]],
[[[131.4001,-7.2619,0.0],[131.4005,-7.2532,39.9793],[131.4051,-7.2508,13.8497],[131.3983,-7.2432,0.0],[131.3981,-7.2467,0.0],[131.3921,-7.2478,0.0],[131.3915,-7.2501,0.0],[131.3977,-7.2533,2.9097],[131.398,-7.2613,0.0],[131.4005,-7.2635,3.856],[131.4001,-7.2619,0.0]]],
[[[131.4878,-7.1728,18.271],[131.4896,-7.1691,0.0],[131.4857,-7.1597,0.0],[131.4729,-7.1648,0.0],[131.4691,-7.1691,0.0],[131.467,-7.1749,0.0],[131.4706,-7.176,4.6896],[131.4696,-7.1803,0.0],[131.4677,-7.1829,0.0],[131.4651,-7.1834,0.0],[131.4654,-7.1861,0.0],[131.4624,-7.1861,0.0],[131.451,-7.1928,0.0],[131.4507,-7.1961,0.0],[131.4541,-7.1992,31.0563],[131.4581,-7.1987,29.5968],[131.4666,-7.2063,8.3962],[131.4774,-7.2088,14.7768],[131.487,-7.2054,10.3367],[131.4899,-7.1963,5.6319],[131.4899,-7.1938,0.0],[131.4861,-7.1895,6.971],[131.4878,-7.1728,18.271]]],
[[[131.5016,-7.1772,0.0],[131.4983,-7.1758,0.0],[131.5001,-7.1809,6.5227],[131.5016,-7.1807,14.2423],[131.5016,-7.1772,0.0]]],
[[[131.9557,-7.164,13.4311],[131.9496,-7.1501,5.0431],[131.9415,-7.1424,13.3208],[131.9407,-7.1393,8.8334],[131.9368,-7.1353,19.0987],[131.9334,-7.1205,8.0132],[131.9306,-7.1154,12.7347],[131.9236,-7.1075,0.0],[131.9194,-7.108,7.3392],[131.9213,-7.1075,0.0],[131.9178,-7.1055,2.2071],[131.9184,-7.1036,1.4786],[131.9162,-7.1014,0.0],[131.9122,-7.1005,0.0],[131.9091,-7.1079,0.0],[131.9059,-7.1084,0.0],[131.8985,-7.1086,0.0],[131.8789,-7.1047,0.0],[131.8741,-7.106,0.0],[131.8655,-7.1056,0.0],[131.8576,-7.1082,0.0],[131.8553,-7.1075,0.0],[131.8461,-7.1113,0.0],[131.836,-7.1111,0.0],[131.8269,-7.1138,0.0],[131.8107,-7.113,0.0],[131.8096,-7.1116,0.0],[131.7669,-7.1167,0.0],[131.7587,-7.1165,14.5522],[131.7566,-7.114,0.0],[131.7497,-7.1136,0.0],[131.737,-7.1174,0.0],[131.7163,-7.1321,0.0],[131.7158,-7.141,0.0],[131.7108,-7.1514,0.0],[131.7146,-7.1578,0.0],[131.7209,-7.16,7.1532],[131.722,-7.1679,0.0],[131.7245,-7.1727,0.0],[131.7332,-7.1692,18.0568],[131.7454,-7.1686,15.4466],[131.7535,-7.1655,7.7072],[131.7484,-7.1731,0.0],[131.7513,-7.1737,0.0],[131.7546,-7.1775,7.3226],[131.7586,-7.1782,4.6543],[131.7616,-7.1775,13.7952],[131.763,-7.1752,9.9875],[131.7626,-7.1684,45.1645],[131.7667,-7.1641,69.1042],[131.776,-7.1612,28.1912],[131.8002,-7.167,20.8394],[131.8012,-7.1661,38.7948],[131.8029,-7.1704,3.7495],[131.8059,-7.1707,15.1136],[131.8046,-7.1638,18.9005],[131.8071,-7.1601,28.566],[131.8115,-7.1586,20.5295],[131.8113,-7.1574,19.9006],[131.8401,-7.1597,20.5372],[131.8426,-7.1585,25.6247],[131.8681,-7.1635,7.2634],[131.8784,-7.1711,21.8959],[131.89,-7.1725,14.2357],[131.8912,-7.1746,18.611],[131.8946,-7.1747,13.6066],[131.8998,-7.1802,7.6894],[131.8992,-7.2032,0.0],[131.9055,-7.2168,14.3531],[131.9093,-7.2193,15.5723],[131.9076,-7.2232,0.0],[131.9086,-7.2243,4.0383],[131.9177,-7.2247,14.9173],[131.9187,-7.2268,15.7796],[131.926,-7.2249,6.992],[131.9338,-7.2315,15.3082],[131.9361,-7.2357,14.646],[131.9357,-7.2392,6.6683],[131.9438,-7.2408,13.932],[131.9476,-7.2398,13.7604],[131.9493,-7.2436,9.0763],[131.9482,-7.247,0.0],[131.9535,-7.247,6.0494],[131.964,-7.2436,36.9454],[131.9733,-7.2371,22.9018],[131.978,-7.2257,16.7123],[131.9763,-7.2225,14.7482],[131.9781,-7.2152,8.4496],[131.9796,-7.2136,7.9806],[131.9779,-7.2188,8.2248],[131.9846,-7.2089,0.0],[131.9831,-7.2046,0.0],[131.9748,-7.2061,0.0],[131.973,-7.2042,13.3332],[131.9751,-7.2018,4.2526],[131.9715,-7.2013,39.3619],[131.9757,-7.1893,12.3429],[131.9745,-7.1799,5.977],[131.9712,-7.1719,0.0],[131.9666,-7.1691,0.0],[131.9586,-7.1672,0.0],[131.9557,-7.164,13.4311]]],
[[[131.4015,-7.2345,46.6577],[131.4042,-7.2325,28.581],[131.4041,-7.2259,0.0],[131.4011,-7.225,2.3449],[131.4001,-7.2183,0.0],[131.3965,-7.2176,1.0011],[131.3954,-7.2155,10.1307],[131.3917,-7.2002,0.0],[131.3895,-7.1971,0.0],[131.3859,-7.1965,0.0],[131.3823,-7.2028,0.0],[131.3855,-7.2132,0.0],[131.3827,-7.2146,0.0],[131.3791,-7.2139,0.0],[131.3813,-7.2159,0.0],[131.3791,-7.2215,0.0],[131.3741,-7.2237,0.0],[131.3696,-7.2222,0.0],[131.3618,-7.2263,0.0],[131.362,-7.228,0.0],[131.3702,-7.2341,147.2527],[131.3793,-7.2366,89.0162],[131.3821,-7.232,75.519],[131.3867,-7.2295,73.5854],[131.393,-7.2218,54.8417],[131.3988,-7.2213,3.1927],[131.3985,-7.2321,0.0],[131.3992,-7.2349,0.0],[131.4015,-7.2345,46.6577]]],
[[[128.6432,-7.0864,224.8377],[128.6366,-7.0804,58.7524],[128.6289,-7.0774,61.5619],[128.6255,-7.0732,128.2779],[128.6183,-7.0726,83.1694],[128.6143,-7.0683,97.0193],[128.6089,-7.0677,29.371],[128.6071,-7.066,4.2444],[128.6046,-7.0655,0.4033],[128.5999,-7.0691,41.1487],[128.5919,-7.0712,39.0388],[128.5913,-7.0691,0.0],[128.5892,-7.0696,1.0693],[128.5806,-7.0769,0.0],[128.5784,-7.0813,34.5255],[128.5428,-7.1114,96.8054],[128.5231,-7.1304,0.0],[128.518,-7.1376,0.0],[128.5179,-7.1481,0.0],[128.5326,-7.1664,0.0],[128.5374,-7.1693,0.0],[128.5406,-7.1694,0.0],[128.549,-7.1639,1.0629],[128.5534,-7.1637,1.8548],[128.5578,-7.1683,0.0],[128.558,-7.1716,0.0],[128.5625,-7.1742,0.0],[128.5657,-7.1795,0.0],[128.5681,-7.1796,0.0],[128.5683,-7.1773,0.0],[128.5779,-7.1826,0.0],[128.5922,-7.1975,0.0],[128.6117,-7.2116,0.0],[128.6323,-7.2207,0.0],[128.6447,-7.2224,0.0],[128.6485,-7.2216,0.0],[128.6505,-7.2206,0.0],[128.6558,-7.2113,0.0],[128.6557,-7.2054,0.0],[128.6611,-7.1959,0.0],[128.6652,-7.193,0.0],[128.6665,-7.1889,0.0],[128.688,-7.1655,80.9336],[128.6853,-7.1635,125.4021],[128.6744,-7.1686,111.7332],[128.6664,-7.1641,73.3937],[128.6541,-7.1501,175.3706],[128.6526,-7.1475,137.7644],[128.6536,-7.1409,10.1103],[128.6599,-7.1421,0.0],[128.6613,-7.1459,0.0],[128.6643,-7.1466,0.0],[128.6817,-7.141,0.0],[128.6957,-7.1281,0.0],[128.6985,-7.1169,77.6761],[128.696,-7.1136,205.2571],[128.6962,-7.1084,131.9474],[128.6918,-7.1048,90.3766],[128.6765,-7.0997,117.4905],[128.6755,-7.0974,66.3601],[128.673,-7.0967,45.6298],[128.6614,-7.0959,0.0],[128.6582,-7.1003,98.2887],[128.6523,-7.0992,70.4119],[128.6471,-7.0943,113.0644],[128.6432,-7.0864,224.8377]]],
[[[131.4919,-7.1328,0.0],[131.4971,-7.1298,48.5392],[131.4991,-7.1254,0.0],[131.4947,-7.1254,0.0],[131.4919,-7.1328,0.0]]],
[[[131.6104,-7.1144,0.0],[131.6077,-7.1156,0.0],[131.608,-7.1195,0.0],[131.6108,-7.1192,0.0],[131.6104,-7.1144,0.0]]],
[[[131.4788,-7.1146,0.0],[131.4746,-7.1199,0.0],[131.4753,-7.1231,3.3395],[131.4803,-7.1235,22.1018],[131.4826,-7.1199,0.0],[131.4813,-7.1163,0.0],[131.4788,-7.1146,0.0]]],
[[[131.4332,-7.1325,0.0],[131.4339,-7.1371,5.0382],[131.4455,-7.1363,46.6262],[131.4468,-7.1354,9.2061],[131.4463,-7.1259,18.1696],[131.4475,-7.1228,87.7325],[131.4542,-7.1196,0.0],[131.453,-7.1053,44.405],[131.454,-7.1006,0.0],[131.4523,-7.0975,0.0],[131.4448,-7.0926,4.774],[131.4367,-7.099,0.0],[131.4353,-7.1142,20.2212],[131.4317,-7.12,0.0],[131.4318,-7.1316,0.0],[131.4332,-7.1325,0.0]]],
[[[134.2119,-6.527,5.7072],[134.2163,-6.5249,0.0],[134.217,-6.5207,0.0],[134.2112,-6.5254,5.6409],[134.2119,-6.527,5.7072]]],
[[[134.2097,-6.5241,4.761],[134.2144,-6.5206,8.848],[134.2146,-6.5178,0.0],[134.2097,-6.5224,1.8132],[134.2097,-6.5241,4.761]]],
[[[134.2205,-6.5205,0.0],[134.2188,-6.5206,0.0],[134.2181,-6.5234,0.0],[134.2195,-6.5216,0.0],[134.2205,-6.5205,0.0]]],
[[[134.1733,-6.4692,6.0835],[134.1759,-6.4706,2.8765],[134.1777,-6.4664,13.6041],[134.1806,-6.466,17.7983],[134.1819,-6.4679,8.5042],[134.1837,-6.4625,0.0],[134.1821,-6.4607,0.0],[134.1778,-6.4635,5.454],[134.1725,-6.4628,0.0],[134.1733,-6.4692,6.0835]]],
[[[134.7568,-6.4934,4.8446],[134.7554,-6.4953,2.1652],[134.757,-6.4977,16.3697],[134.7671,-6.4963,2.175],[134.7719,-6.4892,1.6381],[134.7695,-6.4873,0.0],[134.7639,-6.4873,2.3756],[134.7628,-6.4899,20.7662],[134.7591,-6.4905,0.0],[134.7568,-6.4934,4.8446]]],
[[[134.5169,-6.53,14.0743],[134.5201,-6.5296,12.2759],[134.5204,-6.5261,8.0907],[134.5226,-6.5308,14.3247],[134.531,-6.5281,9.446],[134.5385,-6.5349,0.0],[134.5483,-6.5354,15.5404],[134.5567,-6.5188,10.5861],[134.5649,-6.5115,4.4321],[134.5709,-6.5114,5.7736],[134.5778,-6.5044,0.0],[134.5822,-6.496,4.3339],[134.5839,-6.4741,0.0],[134.5752,-6.4754,0.0],[134.5542,-6.4864,5.061],[134.5351,-6.4797,20.5067],[134.5313,-6.4789,20.7131],[134.5286,-6.4809,23.3936],[134.5263,-6.4842,23.9805],[134.5258,-6.4885,3.7625],[134.528,-6.4971,20.2373],[134.5204,-6.5094,12.3446],[134.5202,-6.5147,11.019],[134.5164,-6.5185,16.704],[134.5146,-6.5231,9.1197],[134.5141,-6.5287,7.0211],[134.5169,-6.53,14.0743]]],
[[[134.7733,-6.4207,0.0],[134.7705,-6.4174,0.0],[134.7653,-6.4193,0.0],[134.763,-6.4299,7.4319],[134.7704,-6.4309,8.7166],[134.7744,-6.4239,13.7216],[134.7733,-6.4207,0.0]]],
[[[134.7678,-6.4096,10.118],[134.766,-6.4073,1.7092],[134.7626,-6.4074,0.0],[134.759,-6.4127,0.0],[134.7594,-6.4154,2.032],[134.7632,-6.4162,10.5672],[134.7686,-6.4123,16.7224],[134.7678,-6.4096,10.118]]],
[[[134.6239,-6.5041,0.0],[134.6263,-6.5023,3.85],[134.6336,-6.4802,6.1658],[134.6434,-6.4622,0.0],[134.6422,-6.4535,0.0],[134.6359,-6.4486,0.0],[134.6272,-6.4497,4.4809],[134.6233,-6.4598,1.6853],[134.62,-6.4638,4.206],[134.6045,-6.4673,0.0],[134.5899,-6.4748,5.7211],[134.5869,-6.4782,3.7064],[134.5853,-6.4957,2.7654],[134.5792,-6.5067,0.0],[134.5811,-6.5071,10.7871],[134.5855,-6.5108,11.0989],[134.589,-6.5167,2.9839],[134.5942,-6.5177,6.247],[134.5981,-6.516,1.928],[134.603,-6.5094,5.2584],[134.6141,-6.5018,0.0],[134.6239,-6.5041,0.0]]],
[[[134.3432,-6.3977,18.7117],[134.3456,-6.3963,3.4896],[134.3417,-6.3922,0.0],[134.3402,-6.3976,8.8475],[134.3432,-6.3977,18.7117]]],
[[[134.7738,-6.1457,0.0],[134.7705,-6.1451,0.9734],[134.7688,-6.1466,0.0],[134.7691,-6.1493,11.1043],[134.7747,-6.1491,10.4569],[134.7738,-6.1457,0.0]]],
[[[134.7548,-6.1455,0.0],[134.7559,-6.1454,0.0],[134.7559,-6.1446,0.0],[134.7549,-6.1447,0.0],[134.7548,-6.1455,0.0]]],
[[[134.2651,-6.1289,7.2463],[134.2667,-6.133,0.0],[134.2659,-6.1367,0.0],[134.2686,-6.1405,0.0],[134.2709,-6.1419,0.0],[134.2754,-6.1384,12.007],[134.2764,-6.1421,0.0],[134.2809,-6.1451,0.0],[134.2875,-6.1342,6.5881],[134.2853,-6.1257,5.8419],[134.274,-6.1188,0.0],[134.2656,-6.124,0.0],[134.2642,-6.1264,0.0],[134.2651,-6.1289,7.2463]]],
[[[134.243,-6.1114,6.0394],[134.2417,-6.1141,0.0],[134.244,-6.115,4.9202],[134.2481,-6.1104,6.1037],[134.2469,-6.1096,6.1037],[134.2448,-6.1117,12.672],[134.243,-6.1114,6.0394]]],
[[[134.7934,-6.1006,0.0],[134.7948,-6.1006,3.8049],[134.7945,-6.0948,8.8181],[134.7907,-6.0922,0.0],[134.7876,-6.0931,7.6431],[134.7871,-6.0949,1.671],[134.7909,-6.1009,0.0],[134.7934,-6.1006,0.0]]],
[[[134.8933,-6.0802,0.0],[134.8973,-6.0782,0.0],[134.8965,-6.0746,0.0],[134.887,-6.0718,0.0],[134.8839,-6.0728,0.0],[134.8833,-6.0766,0.0],[134.8849,-6.0785,0.0],[134.8892,-6.0783,0.0],[134.8933,-6.0802,0.0]]],
[[[134.8668,-6.0185,2.4563],[134.8655,-6.0173,0.0],[134.8657,-6.0201,0.0],[134.8662,-6.0189,2.4563],[134.8668,-6.0185,2.4563]]],
[[[134.86813962264151,-6.0097811320754726,3.0584],[134.8682,-6.0098,3.0584],[134.8676,-6.007,0.0],[134.86813962264151,-6.0097811320754726,3.0584]]],
[[[134.8661,-6.0159,19.4083],[134.8679,-6.0166,0.0],[134.8689,-6.0137,7.7091],[134.86813962264151,-6.0097811320754726,3.0584],[134.8666,-6.0093,0.0],[134.8659,-6.0124,15.801],[134.8634,-6.0127,0.0],[134.8661,-6.0159,19.4083]]],
[[[134.3491,-6.0366,0.0],[134.348,-6.0363,4.1694],[134.3481,-6.0376,4.1694],[134.3491,-6.0375,0.0],[134.3491,-6.0366,0.0]]],
[[[134.8643,-5.9555,15.8779],[134.864,-5.9531,6.9417],[134.8613,-5.9534,20.0097],[134.859,-5.9503,2.7249],[134.8553,-5.9504,1.7487],[134.8533,-5.9551,2.2559],[134.8535,-5.9594,5.128],[134.8552,-5.962,0.0],[134.8613,-5.9636,4.8692],[134.8643,-5.9614,4.7823],[134.8643,-5.9555,15.8779]]],
[[[134.8235,-5.8282,2.6268],[134.8236,-5.8277,1.7283],[134.8229,-5.8275,1.7283],[134.8228,-5.8282,2.6268],[134.8235,-5.8282,2.6268]]],
[[[134.8206,-5.8281,8.1588],[134.8217,-5.8267,10.9486],[134.8203,-5.825,0.0],[134.8193,-5.826,0.0],[134.8206,-5.8281,8.1588]]],
[[[134.8158,-5.8215,5.4211],[134.8147,-5.8214,5.4211],[134.8153,-5.8228,5.4211],[134.8158,-5.8225,5.4211],[134.8158,-5.8215,5.4211]]],
[[[134.7284,-6.4218,2.2337],[134.7294,-6.4244,2.4124],[134.735,-6.426,11.9688],[134.741,-6.4324,3.4816],[134.7445,-6.4328,0.0],[134.7477,-6.4304,8.1601],[134.7471,-6.4247,7.8301],[134.7539,-6.4176,11.4012],[134.7529,-6.4097,5.52],[134.7566,-6.3832,7.117],[134.7556,-6.3797,8.1691],[134.7521,-6.377,10.6552],[134.7546,-6.3749,0.0],[134.7557,-6.3701,12.1191],[134.7538,-6.3587,5.4159],[134.7508,-6.3592,0.0],[134.744,-6.3651,0.0],[134.7321,-6.3819,0.0],[134.7324,-6.406,1.7207],[134.7298,-6.4106,0.0],[134.7284,-6.4218,2.2337]]],
[[[134.5551,-6.4845,8.0685],[134.5603,-6.4806,9.7087],[134.584,-6.4697,0.0],[134.5951,-6.4627,7.9343],[134.5954,-6.4606,12.7318],[134.5961,-6.4622,7.2977],[134.6002,-6.4593,5.1767],[134.6029,-6.4517,0.0],[134.6075,-6.4458,12.2995],[134.612,-6.4316,0.0],[134.6118,-6.4283,0.0],[134.609,-6.4228,0.0],[134.6023,-6.4184,0.0],[134.6007,-6.4143,9.3295],[134.6018,-6.4076,7.7512],[134.5986,-6.4046,9.2283],[134.6015,-6.4067,7.7512],[134.6024,-6.3983,0.0],[134.599,-6.3941,5.8262],[134.599,-6.3883,6.7416],[134.5963,-6.3847,1.0642],[134.5816,-6.3798,13.0029],[134.5774,-6.3733,12.4322],[134.5539,-6.3639,0.0],[134.5438,-6.3617,15.8317],[134.5378,-6.347,4.2572],[134.533,-6.3453,5.2461],[134.5215,-6.3683,3.1478],[134.5175,-6.3715,0.0],[134.516,-6.3754,2.6491],[134.5176,-6.3789,0.0],[134.5164,-6.3871,3.1128],[134.5187,-6.3975,2.6079],[134.5148,-6.4073,0.0],[134.5085,-6.4138,2.7082],[134.4958,-6.4334,7.721],[134.4876,-6.4378,10.0803],[134.4836,-6.4539,3.2786],[134.4775,-6.4508,0.0],[134.4749,-6.4548,6.4403],[134.4713,-6.4555,0.0],[134.4733,-6.4681,3.3016],[134.4811,-6.4806,0.0],[134.4808,-6.4879,14.7583],[134.485,-6.4906,3.5773],[134.4893,-6.489,14.6169],[134.4938,-6.4899,5.0075],[134.5036,-6.4953,9.477],[134.5084,-6.5041,13.8673],[134.5062,-6.5128,17.1169],[134.5094,-6.5165,0.0],[134.5132,-6.5169,9.2827],[134.5145,-6.5153,15.04],[134.5197,-6.5145,15.8187],[134.5198,-6.5096,15.7976],[134.5274,-6.4968,20.2373],[134.5252,-6.4891,3.7625],[134.5261,-6.4834,23.9805],[134.5283,-6.4805,23.3936],[134.5311,-6.4785,20.7131],[134.5485,-6.4835,8.62],[134.5485,-6.4749,6.0564],[134.5414,-6.4613,5.0717],[134.5451,-6.4649,4.9418],[134.549,-6.4745,2.7545],[134.5524,-6.4703,6.918],[134.5535,-6.4646,2.3314],[134.5527,-6.4717,1.2415],[134.5493,-6.4769,1.7432],[134.5495,-6.4812,9.906],[134.5511,-6.4838,8.9066],[134.5551,-6.4845,8.0685]]],
[[[134.7683,-6.4079,2.0843],[134.771,-6.4157,16.0358],[134.7753,-6.418,0.0],[134.7782,-6.4152,0.0],[134.7789,-6.4113,0.0],[134.7872,-6.3983,1.6423],[134.7867,-6.395,0.0],[134.7807,-6.3909,7.1556],[134.7789,-6.3835,0.0],[134.7746,-6.3796,17.5297],[134.7741,-6.3747,12.6501],[134.7776,-6.3724,0.0],[134.7788,-6.3694,9.73],[134.7776,-6.3664,2.4377],[134.7702,-6.3659,0.0],[134.7689,-6.3677,2.1586],[134.7695,-6.3775,13.1865],[134.7649,-6.3904,0.0],[134.7653,-6.4028,0.0],[134.7683,-6.4079,2.0843]]],
[[[134.3099,-6.3507999999999996,7.1041],[134.3136,-6.351,10.2389],[134.3153,-6.3532,13.596],[134.317,-6.3612,21.537],[134.325,-6.3624,13.2954],[134.3271,-6.3605,6.2565],[134.3285,-6.3525,2.0437],[134.323,-6.3394,0.0],[134.3205,-6.3252,5.2111],[134.3218,-6.3244,4.3077],[134.3162,-6.3085,0.0],[134.3142,-6.3074,0.0],[134.312,-6.3076,2.3856],[134.3013,-6.3189,0.0],[134.2958,-6.3311,4.7274],[134.2973,-6.3435,1.957],[134.2949,-6.3462,15.2628],[134.2979,-6.3507999999999996,4.8791],[134.3012,-6.3548,0.0],[134.3079,-6.3532,0.0],[134.3075,-6.3484,14.0716],[134.3099,-6.3507999999999996,7.1041]]],
[[[134.8614,-6.3236,8.379],[134.872,-6.3162,6.9573],[134.8786,-6.3028,1.3927],[134.8791,-6.2983,0.0],[134.875,-6.2871,0.0],[134.8694,-6.2821,0.0],[134.8626,-6.2834,5.4252],[134.8517,-6.2829,0.0],[134.853,-6.2901,0.0],[134.847,-6.3049,5.9865],[134.8485,-6.3106,4.8446],[134.8462,-6.3116,0.0],[134.8444,-6.3279,0.0],[134.8404,-6.3265,0.0],[134.8388,-6.3316,16.4356],[134.8285,-6.3391,0.0],[134.8206,-6.3531,20.701],[134.7996,-6.3797,0.0],[134.7974,-6.3901,9.4499],[134.8004,-6.406,0.0],[134.8035,-6.4078,6.5754],[134.8099,-6.4052,21.5291],[134.8062,-6.4102,11.0484],[134.8045,-6.4183,5.3836],[134.8065,-6.4194,13.4781],[134.8052,-6.4252,5.5319],[134.8068,-6.4287,12.433],[134.8151,-6.431,3.1372],[134.8201,-6.435,7.0977],[134.807,-6.4315,2.8115],[134.8067,-6.435,7.9025],[134.8035,-6.4365,0.0],[134.8018,-6.4497,1.765],[134.8086,-6.46,2.0383],[134.8197,-6.4628,9.4169],[134.8448,-6.4765,1.4424],[134.8559,-6.4519,0.0],[134.8568,-6.4476,0.0],[134.8521,-6.4456,0.8882],[134.853,-6.4385,7.9146],[134.8685,-6.4026,0.0],[134.8689,-6.3973,6.8132],[134.8799,-6.3789,18.2087],[134.8935,-6.3639,0.0],[134.8956,-6.3569,5.2268],[134.9003,-6.3529,12.8819],[134.9021,-6.349,0.0],[134.9019,-6.3422,1.6053],[134.9086,-6.3213,7.8618],[134.9072,-6.3122,0.0],[134.9019,-6.3045,0.0],[134.8985,-6.2955,0.0],[134.8894,-6.2853,1.9913],[134.8866,-6.2844,0.0],[134.8796,-6.2871,0.0],[134.8808,-6.3008,0.0],[134.8728,-6.3177,0.0],[134.8652,-6.3225,18.6555],[134.8629,-6.3256,3.8363],[134.8656,-6.3461,7.9647],[134.8616,-6.3352,4.7891],[134.8614,-6.3236,8.379]]],
[[[134.364,-6.36,4.6192],[134.3615,-6.3642,5.607],[134.3645,-6.3781,0.0],[134.3738,-6.3775,8.8379],[134.377,-6.368,19.0652],[134.3759,-6.3642,24.6563],[134.3763,-6.3621,27.2094],[134.3735,-6.3557,14.0052],[134.36492375690608,-6.3469243093922731,0.0],[134.3648945945946,-6.3469081081081109,0.0],[134.3621,-6.3511,2.8265],[134.3627,-6.3535,0.0],[134.3667,-6.3562,18.6317],[134.3651,-6.3563,0.0],[134.364,-6.36,4.6192]]],
[[[134.3648945945946,-6.3469081081081109,0.0],[134.3649,-6.3469,0.0],[134.36492375690608,-6.3469243093922731,0.0],[134.3683,-6.3488,14.1005],[134.3747,-6.3564,17.9141],[134.3766,-6.3621,27.2094],[134.3775,-6.3677,18.3901],[134.3713,-6.3866,5.3483],[134.3677,-6.3911,2.9431],[134.3685,-6.3972,0.0],[134.3761,-6.4003,0.0],[134.3825,-6.4007,0.0],[134.3988,-6.3956,8.5212],[134.4073,-6.3974,5.6487],[134.4215,-6.4095,9.5735],[134.4305,-6.4238,2.4382],[134.4309,-6.428,0.0],[134.4487,-6.4479,17.8278],[134.4578,-6.4475,26.5477],[134.4639,-6.444,0.0],[134.4771,-6.4494,7.6662],[134.483,-6.4462,3.4021],[134.4881,-6.4348,4.2906],[134.4948,-6.4327,17.1277],[134.5172,-6.3977,1.2459],[134.5135,-6.3875,9.6958],[134.5161,-6.3814,0.0],[134.5149,-6.3753,1.6314],[134.5167,-6.3705,4.866],[134.5204,-6.3689,3.1478],[134.5282,-6.3529,0.0],[134.5333,-6.3389,0.0],[134.5252,-6.3366,2.7608],[134.5206,-6.3284,12.9812],[134.5146,-6.3225,0.0],[134.5093,-6.3106,0.0],[134.5034,-6.303,0.0],[134.498,-6.2995,2.2167],[134.4832,-6.3021,0.4909],[134.4765,-6.2998,6.9361],[134.461,-6.2752,1.8668],[134.4495,-6.2739,0.0],[134.4397,-6.2841,4.8256],[134.4335,-6.2865,7.2831],[134.4211,-6.2855,0.0],[134.4064,-6.2951,0.0],[134.3962,-6.3117,8.1264],[134.4001,-6.3126,18.3447],[134.4011,-6.315,18.3656],[134.3989,-6.3174,19.8408],[134.4039,-6.3312,29.6112],[134.3985,-6.3256,25.7011],[134.3914,-6.3123,0.0],[134.389,-6.3122,0.0],[134.386,-6.3154,0.0],[134.3823,-6.3143,0.0],[134.3791,-6.3187,0.0],[134.3744,-6.3199,0.0],[134.3653,-6.3314,0.0],[134.366,-6.3351,12.45],[134.3638,-6.3463,0.0],[134.3648945945946,-6.3469081081081109,0.0]]],
[[[134.3551,-6.3643,16.4946],[134.3597,-6.3627,7.4719],[134.3632,-6.359,24.7422],[134.3606,-6.3532,3.629],[134.3526,-6.3527,0.0],[134.3469,-6.3604,0.0],[134.3488,-6.3671,5.9636],[134.3551,-6.3643,16.4946]]],
[[[134.3436,-6.3572,9.3081],[134.3452,-6.3535,0.0],[134.3441,-6.3526,0.0],[134.3423,-6.3532,2.4958],[134.3421,-6.356,6.2345],[134.3395,-6.3522,0.0],[134.3338,-6.3523,0.0],[134.3314,-6.3554,8.13],[134.3304,-6.3603,0.0],[134.3314,-6.366,16.9301],[134.3345,-6.3672,7.7352],[134.3436,-6.3572,9.3081]]],
[[[134.3306,-6.3503,0.0],[134.3335,-6.3469,0.0],[134.3317,-6.3423,0.0],[134.3281,-6.3439,0.0],[134.328,-6.3478,0.0],[134.3306,-6.3503,0.0]]],
[[[134.7923,-6.326,1.8068],[134.7889,-6.3256,0.0],[134.7878,-6.3281,5.8758],[134.7888,-6.3287,5.8758],[134.7923,-6.326,1.8068]]],
[[[134.8255,-6.3264,1.7275],[134.8312,-6.3164,0.0],[134.8312,-6.3126,1.4785],[134.8293,-6.3111,5.7149],[134.8321,-6.3113,1.4785],[134.8338,-6.3088,2.7035],[134.8313,-6.299,0.0],[134.8261,-6.2954,2.428],[134.822,-6.2966,2.0851],[134.8053,-6.3122,0.8007],[134.7877,-6.3325,3.0765],[134.7866,-6.336,7.3462],[134.7877,-6.3483,11.8382],[134.7951,-6.354,16.7226],[134.8021,-6.3542,17.8017],[134.8064,-6.3516,2.5105],[134.8099,-6.3469,19.6354],[134.8156,-6.3387,0.0],[134.8154,-6.3354,11.9216],[134.8255,-6.3264,1.7275]]],
[[[134.5363,-6.3331,0.0],[134.5302,-6.329,0.0],[134.522,-6.3275,0.0],[134.5235,-6.3331,4.4597],[134.5268,-6.3358,20.5276],[134.5375,-6.3375,22.4936],[134.5363,-6.3331,0.0]]],
[[[134.3407,-6.3235,19.3785],[134.3386,-6.3278,0.0],[134.338,-6.3376,0.0],[134.3434,-6.3428,8.292],[134.349,-6.3428,16.7742],[134.3542,-6.3366,22.4463],[134.3569,-6.3262,14.7121],[134.356,-6.3236,13.9874],[134.3507,-6.3194,10.1998],[134.3405,-6.317,3.6881],[134.3407,-6.3235,19.3785]]],
[[[134.3596,-6.3328,0.0],[134.361,-6.3267,11.1542],[134.3583,-6.3259,10.5833],[134.3567,-6.3318,14.5641],[134.3596,-6.3328,0.0]]],
[[[134.532,-6.3129,6.8295],[134.5224,-6.3246,0.0],[134.5349,-6.3284,1.6451],[134.5427,-6.3332,3.9161],[134.5441,-6.3306,10.5311],[134.5408,-6.3268,0.0],[134.5385,-6.3203,1.396],[134.5448,-6.3028,1.6681],[134.532,-6.3129,6.8295]]],
[[[134.8731,-6.1572,1.301],[134.8759,-6.1613,0.0],[134.8828,-6.1572,6.0796],[134.8867,-6.1595,0.0],[134.8888,-6.1383,0.0],[134.8778,-6.1433,0.0],[134.8706,-6.1558,0.0],[134.8731,-6.1572,1.301]]],
[[[134.8621,-6.1585,0.0],[134.8618,-6.1612,0.0],[134.8648,-6.1606,0.0],[134.8643,-6.1582,0.0],[134.8621,-6.1585,0.0]]],
[[[134.7217,-6.3114,0.0],[134.7275,-6.3076,9.2742],[134.7277,-6.3055,0.0],[134.7174,-6.3079,9.114],[134.7069,-6.2999,3.0474],[134.6992,-6.3042,9.4215],[134.6994,-6.3064,14.8914],[134.7041,-6.3053,12.562],[134.707,-6.3087,7.5405],[134.7155,-6.3132,0.0],[134.7217,-6.3114,0.0]]],
[[[134.3339,-6.3254,4.2489],[134.3355,-6.3213,0.0],[134.3313,-6.3049,0.0],[134.3213,-6.291,13.9811],[134.3223,-6.2892,0.0],[134.3204,-6.2852,0.0],[134.3184,-6.2851,3.837],[134.3145,-6.2778,21.278],[134.3129,-6.2775,0.0],[134.3103,-6.2803,0.0],[134.3081,-6.2795,4.0237],[134.3033,-6.2836,0.0],[134.3075,-6.2866,2.6987],[134.3125,-6.2982,17.9547],[134.3154,-6.3011,5.2326],[134.3168,-6.2975,3.9384],[134.3192,-6.2964,0.0],[134.3195,-6.2988,0.0],[134.3174,-6.3007,0.0],[134.3189,-6.3051,9.717],[134.3174,-6.3088,0.0],[134.3208,-6.3148,0.0],[134.326,-6.3152,3.5626],[134.3299,-6.3187,0.0],[134.3306,-6.3219,17.8375],[134.3339,-6.3254,4.2489]]],
[[[134.7417,-6.2633,4.2497],[134.7415,-6.2605,9.2371],[134.7371,-6.2618,2.2118],[134.7397,-6.2637,2.9989],[134.7417,-6.2633,4.2497]]],
[[[134.858,-6.2251,0.0],[134.8597,-6.2305,3.2365],[134.861,-6.2305,3.2365],[134.8607,-6.2275,3.41],[134.8627,-6.225,0.0],[134.8581,-6.224,0.0],[134.858,-6.2251,0.0]]],
[[[134.2051,-6.2044,0.0],[134.2086,-6.2089,0.0],[134.2166,-6.2124,0.0],[134.22,-6.2073,0.0],[134.2164,-6.1965,0.0],[134.2112,-6.1948,2.7618],[134.208,-6.1977,7.5738],[134.2051,-6.2044,0.0]]],
[[[134.8582,-6.22,7.5221],[134.8618,-6.2216,0.0],[134.8681,-6.2155,0.0],[134.8694,-6.2054,6.9757],[134.876,-6.1947,0.0],[134.8712,-6.1883,3.8503],[134.8672,-6.1883,3.8176],[134.8632,-6.185,0.0],[134.86,-6.1867,4.0439],[134.8631,-6.1956,0.0],[134.8697,-6.1971,6.3537],[134.8636,-6.1965,10.1535],[134.8582,-6.2055,6.4595],[134.8548,-6.2041,0.0],[134.8549,-6.2069,0.0],[134.8517,-6.2089,0.0],[134.8582,-6.22,7.5221]]],
[[[134.8865,-6.1823,1.8217],[134.8863,-6.1806,0.0],[134.8846,-6.1815,9.4375],[134.885,-6.1824,9.4375],[134.8865,-6.1823,1.8217]]],
[[[134.8454,-6.1635,0.0],[134.8458,-6.1624,0.0],[134.8438,-6.1624,0.0],[134.8418,-6.1651,0.0],[134.8447,-6.1668,0.0],[134.8454,-6.1635,0.0]]],
[[[134.519,-6.9517,5.3595],[134.5272,-6.9503,4.475],[134.53,-6.9471,1.0631],[134.5206,-6.9457,1.1697],[134.5161,-6.9422,0.0],[134.5121,-6.9301,2.551],[134.5098,-6.9301,5.7104],[134.5064,-6.9335,1.9166],[134.5025,-6.9317,0.0],[134.4951,-6.9356,0.4646],[134.4952,-6.9374,2.6465],[134.491,-6.9369,0.0],[134.4892,-6.9404,4.2912],[134.4899,-6.9517,4.1696],[134.4926,-6.9539,5.3836],[134.5097,-6.9511,5.5107],[134.5161,-6.9531,1.0764],[134.519,-6.9517,5.3595]]],
[[[134.2061,-6.9264,0.0],[134.2068,-6.9259,0.0],[134.206,-6.925,0.0],[134.2056,-6.9254,0.0],[134.2061,-6.9264,0.0]]],
[[[134.5326,-6.9176,3.0086],[134.5409,-6.9108,5.7395],[134.5486,-6.9107,4.6241],[134.5481,-6.9091,1.0215],[134.5441,-6.9052,1.6103],[134.5409,-6.9057,0.0],[134.5277,-6.915,3.6519],[134.5241,-6.9114,0.0],[134.5242,-6.908,0.0],[134.522,-6.9076,0.0],[134.5207,-6.9162,0.0],[134.5297,-6.9193,7.9511],[134.5326,-6.9176,3.0086]]],
[[[134.76,-6.8578,12.2428],[134.7601,-6.8537,10.7096],[134.7583,-6.8493,0.6642],[134.7572,-6.8495,0.6642],[134.7553,-6.8529,0.4075],[134.7568,-6.8593,4.0526],[134.7553,-6.8697,1.2493],[134.759,-6.8641,7.7094],[134.76,-6.8578,12.2428]]],
[[[134.4807,-6.831,0.0],[134.4787,-6.8316,3.842],[134.4827,-6.8356,2.5093],[134.4832,-6.8335,0.0],[134.4807,-6.831,0.0]]],
[[[134.6149,-6.8979,17.7925],[134.644,-6.8695,6.8067],[134.6564,-6.8637,0.0],[134.6593,-6.8595,9.8923],[134.6656,-6.8573,10.7513],[134.6841,-6.8553,3.7709],[134.6805,-6.8469,0.0],[134.6613,-6.8436,0.0],[134.6627,-6.8497,0.0],[134.6619,-6.8539,2.3148],[134.6511,-6.8579,0.0],[134.6444,-6.8665,2.9946],[134.6408,-6.862,4.2497],[134.6461,-6.8609,1.2534],[134.6473,-6.8583,3.7857],[134.6462,-6.8542,0.0],[134.6398,-6.8571,0.0],[134.6363,-6.8537,0.0],[134.6326,-6.855,0.0],[134.6351,-6.8648,11.6497],[134.6333,-6.8687,3.9203],[134.6261,-6.8717,0.0],[134.6229,-6.8776,6.7597],[134.6048,-6.8847,0.0],[134.6001,-6.8797,0.7501],[134.5906,-6.8747,0.9593],[134.5867,-6.8765,0.0],[134.5852,-6.8833,0.0],[134.5869,-6.8856,5.9899],[134.6054,-6.9009,11.0819],[134.6059,-6.9027,3.2718],[134.6149,-6.8979,17.7925]]],
[[[134.7304,-6.8675,0.0],[134.724,-6.8697,4.5476],[134.7204,-6.8653,0.0],[134.716,-6.8653,0.0],[134.705,-6.8708,0.0],[134.7032,-6.8704,0.0],[134.6993,-6.8641,0.0],[134.6952,-6.8626,2.1791],[134.6933,-6.857,0.0],[134.6868,-6.8585,1.0925],[134.6887,-6.8626,8.4582],[134.6968,-6.8682,5.7385],[134.6984,-6.872,0.0],[134.7153,-6.876,9.5679],[134.7459,-6.8759,7.2659],[134.7514,-6.8725,0.0],[134.7527,-6.8674,0.0],[134.7481,-6.8606,0.0],[134.7441,-6.8653,0.0],[134.7463,-6.8687,3.1261],[134.743,-6.8701,3.2794],[134.7304,-6.8675,0.0]]],
[[[134.6429,-6.8438,0.0],[134.6403,-6.8485,2.8683],[134.6423,-6.8504,3.1283],[134.6466,-6.8465,0.0],[134.6429,-6.8438,0.0]]],
[[[134.7763,-6.6627,0.0],[134.7749,-6.6626,0.0],[134.7739,-6.6645,0.0],[134.7765,-6.6646,0.0],[134.7763,-6.6627,0.0]]],
[[[134.781,-6.6022,9.614],[134.788,-6.603,0.0],[134.7835,-6.5963,6.9581],[134.7797,-6.6008,3.5123],[134.781,-6.6022,9.614]]],
[[[134.765,-6.5659,2.8546],[134.7648,-6.5636,0.0],[134.7629,-6.5633,3.6558],[134.7632,-6.5671,4.4832],[134.765,-6.5659,2.8546]]],
[[[134.7148,-6.5499,0.0],[134.702,-6.5617,0.0],[134.7057,-6.5626,0.0],[134.7109,-6.5668,0.0],[134.726,-6.5712,7.054],[134.7312,-6.5675,10.0096],[134.7351,-6.5607,3.923],[134.7327,-6.5564,11.8129],[134.7241,-6.5519,7.4091],[134.7226,-6.5449,3.5698],[134.7171,-6.5473,2.4032],[134.7148,-6.5499,0.0]]],
[[[134.5308,-6.6616,3.3994],[134.5307,-6.6559,0.0],[134.5291,-6.6567,0.0],[134.5288,-6.6611,2.6598],[134.5308,-6.6616,3.3994]]],
[[[134.7947,-6.6274,9.3851],[134.79,-6.6249,3.4324],[134.7895,-6.6207,1.6287],[134.7876,-6.6193,5.2704],[134.7855,-6.6203,5.0116],[134.7814,-6.6169,1.9022],[134.7755,-6.6027,0.0],[134.7706,-6.6016,7.6224],[134.7691,-6.6049,8.5677],[134.7668,-6.6056,0.0],[134.7662,-6.6035,0.0],[134.7555,-6.608,6.9],[134.7563,-6.6141,1.7235],[134.7628,-6.6218,9.9471],[134.7623,-6.6333,0.0],[134.7645,-6.6349,0.0],[134.7713,-6.6332,3.882],[134.7827,-6.6417,0.0],[134.7874,-6.6406,0.0],[134.7907,-6.6373,12.3441],[134.7968,-6.6352,2.4618],[134.7947,-6.6274,9.3851]]],
[[[134.5948,-6.6252,5.1488],[134.601,-6.6191,15.066],[134.6019,-6.6146,10.2701],[134.5994,-6.608,10.2593],[134.5966,-6.6055,12.9869],[134.5885,-6.6059,9.7176],[134.5869,-6.6082,9.8795],[134.5873,-6.615,9.7817],[134.5833,-6.6166,0.0],[134.583,-6.6194,0.0],[134.5877,-6.6231,0.0],[134.5891,-6.629,4.3706],[134.5936,-6.6285,9.8431],[134.5948,-6.6252,5.1488]]],
[[[134.7406,-6.5943,0.0],[134.7377,-6.5913,11.6288],[134.7356,-6.5857,0.0],[134.7313,-6.584,0.0],[134.7281,-6.5847,6.5998],[134.7295,-6.5881,1.7657],[134.737,-6.5946,2.6662],[134.7398,-6.5958,11.6189],[134.7413,-6.5955,8.1226],[134.7406,-6.5943,0.0]]],
[[[134.759,-6.5857,0.0],[134.7575,-6.5868,0.0],[134.7585,-6.5878,0.0],[134.7596,-6.5873,0.0],[134.759,-6.5857,0.0]]],
[[[134.5376,-6.7714,5.4045],[134.543,-6.7677,2.2585],[134.5444,-6.7639,11.525],[134.5498,-6.7591,6.5955],[134.553,-6.7579,0.0],[134.5525,-6.75,0.0],[134.5508,-6.7496,0.0],[134.5479,-6.7518,2.4623],[134.5337,-6.7476,0.0],[134.531,-6.7513,4.0246],[134.5209,-6.7514,1.6298],[134.5169,-6.7592,0.9259],[134.5224,-6.7609,3.1382],[134.5135,-6.7682,0.0],[134.5094,-6.7783,0.0],[134.5133,-6.7833,0.0],[134.5228,-6.7831,2.8312],[134.5268,-6.7797,8.8939],[134.5345,-6.7772,3.7392],[134.5376,-6.7714,5.4045]]],
[[[134.5287,-6.7495,6.4795],[134.5272,-6.7343,0.0],[134.5124,-6.7304,4.4648],[134.511,-6.7278,3.3922],[134.5136,-6.7209,10.4484],[134.5115,-6.7165,7.2639],[134.5069,-6.7159,3.393],[134.5018,-6.7198,2.3946],[134.4938,-6.7191,0.0],[134.4874,-6.7344,0.0],[134.4785,-6.7427,0.0],[134.4748,-6.7563,0.0],[134.476,-6.7607,0.0],[134.4865,-6.7628,8.5409],[134.492,-6.7555,16.3702],[134.5049,-6.7568,9.7722],[134.5064,-6.7544,13.0802],[134.5094,-6.7565,0.0],[134.5175,-6.7529,5.8205],[134.5182,-6.751,12.5435],[134.5287,-6.7495,6.4795]]],
[[[134.4108,-6.738,0.0],[134.4145,-6.7348,1.3395],[134.415,-6.7301,0.0],[134.4133,-6.7296,0.0],[134.4119,-6.7322,0.0],[134.4108,-6.738,0.0]]],
[[[134.442,-6.7271,0.9994],[134.4473,-6.7241,3.8678],[134.4472,-6.7197,2.6014],[134.4442,-6.7182,0.0],[134.4394,-6.719,0.0],[134.4393,-6.7223,0.0],[134.442,-6.7271,0.9994]]],
[[[134.4711,-6.7047,0.0],[134.4726,-6.7007,0.0],[134.4703,-6.6979,0.0],[134.4668,-6.7027,0.0],[134.4682,-6.7051,0.0],[134.4711,-6.7047,0.0]]],
[[[134.4743,-6.6996,0.0],[134.4809,-6.7058,6.7948],[134.4806,-6.7084,0.0],[134.482,-6.7097,0.0],[134.4847,-6.7087,2.0726],[134.4948,-6.6947,2.192],[134.4961,-6.689,6.5114],[134.4948,-6.682,1.1284],[134.4917,-6.6818,1.1553],[134.4853,-6.6865,4.5935],[134.4801,-6.6946,1.6221],[134.4762,-6.6966,3.3226],[134.4734,-6.6959,2.2717],[134.4743,-6.6996,0.0]]],
[[[134.6973,-6.7421,8.7002],[134.7019,-6.7365,12.1951],[134.7063,-6.7355,18.6328],[134.7112,-6.7301,13.8562],[134.7116,-6.7256,0.0],[134.7058,-6.7227,1.6097],[134.7069,-6.719,1.3046],[134.7081,-6.722,7.3383],[134.7106,-6.7216,3.3172],[134.7137,-6.7156,9.0609],[134.7254,-6.7051,10.5454],[134.7381,-6.7014,7.0714],[134.7387,-6.6983,0.0],[134.7362,-6.6875,5.1456],[134.7386,-6.6821,15.1717],[134.7376,-6.6711,8.4469],[134.7404,-6.6676,6.6748],[134.7384,-6.6602,2.813],[134.7391,-6.6474,6.1955],[134.7449,-6.6384,14.5988],[134.7567,-6.6307,4.0989],[134.7611,-6.6238,0.0],[134.7498,-6.6067,9.8885],[134.7402,-6.6002,1.0217],[134.7381,-6.6007,0.0],[134.7292,-6.5966,10.8022],[134.728,-6.5853,6.5998],[134.7095,-6.5783,0.0],[134.7031,-6.5787,4.1514],[134.6994,-6.5806,6.3636],[134.6937,-6.5873,0.0],[134.6947,-6.5892,0.0],[134.6868,-6.592,1.8457],[134.6794,-6.6248,1.2306],[134.6727,-6.6301,6.8181],[134.6762,-6.6352,0.0],[134.6761,-6.6412,0.0],[134.6735,-6.6472,0.7256],[134.6743,-6.6508,8.8923],[134.6726,-6.6623,11.218],[134.6661,-6.6759,2.0396],[134.6454,-6.7044,9.5465],[134.6333,-6.707,12.9906],[134.6275,-6.7103,9.6068],[134.6263,-6.7157,4.5643],[134.6283,-6.7194,3.5025],[134.636,-6.7216,10.3166],[134.6356,-6.7266,2.8521],[134.6307,-6.7421,0.0],[134.628,-6.7454,0.0],[134.6284,-6.7473,0.0],[134.6233,-6.7516,3.2492],[134.6226,-6.7552,0.0],[134.6246,-6.759,1.079],[134.6278,-6.7574,5.2101],[134.6353,-6.7571,12.2775],[134.6414,-6.759,11.2168],[134.6499,-6.7716,5.8444],[134.6509,-6.7774,0.0],[134.6538,-6.7795,2.9699],[134.6611,-6.7761,4.5127],[134.6653,-6.7763,0.419],[134.6735,-6.7821,11.9189],[134.6761,-6.7792,9.0685],[134.6849,-6.7753,4.502],[134.687,-6.7639,7.0305],[134.6901,-6.7612,4.6277],[134.6927,-6.7557,0.4324],[134.6916,-6.7538,6.3451],[134.6973,-6.7421,8.7002]]],
[[[134.4982,-6.7045,0.8982],[134.5081,-6.7113,1.3545],[134.5101,-6.7112,1.1873],[134.522,-6.6968,1.6804],[134.5264,-6.6941,0.0],[134.5281,-6.6901,0.0],[134.5239,-6.6754,12.2761],[134.5212,-6.6719,1.2325],[134.5185,-6.6716,3.3839],[134.5165,-6.6669,6.2727],[134.5087,-6.6606,0.0],[134.5037,-6.667,0.0],[134.5015,-6.6737,0.0],[134.5018,-6.6875,1.4759],[134.5037,-6.6901,0.9584],[134.4995,-6.6912,0.0],[134.4909,-6.7047,0.0],[134.4932,-6.706,7.4142],[134.4982,-6.7045,0.8982]]],
[[[134.8454,-6.5045,5.2842],[134.8508,-6.4935,4.5348],[134.8493,-6.4902,0.0],[134.8451,-6.4892,0.0],[134.843,-6.4914,2.0547],[134.833,-6.4822,0.4149],[134.8211,-6.4803,0.0],[134.8177,-6.4823,0.0],[134.8111,-6.4919,0.0],[134.7954,-6.5088,0.0],[134.7897,-6.509,0.0],[134.7872,-6.5113,0.0],[134.7814,-6.5107,0.0],[134.7793,-6.5078,0.0],[134.7752,-6.5091,0.0],[134.7735,-6.5113,7.8592],[134.7757,-6.5197,4.1876],[134.7748,-6.5249,0.0],[134.7778,-6.5313,7.9874],[134.7781,-6.5498,0.0],[134.7927,-6.5478,17.7962],[134.8026,-6.5485,1.9919],[134.8133,-6.5618,0.0],[134.8229,-6.5458,0.0],[134.8244,-6.5383,4.5416],[134.8298,-6.5317,11.7994],[134.8292,-6.529,3.2161],[134.8344,-6.5177,6.8385],[134.8454,-6.5045,5.2842]]],
[[[134.5776,-6.5457,0.0],[134.5806,-6.5397,0.8277],[134.5899,-6.53,0.0],[134.5961,-6.5184,0.0],[134.589,-6.5179,2.9839],[134.5825,-6.5085,3.4661],[134.5784,-6.5074,0.0],[134.572,-6.5129,0.0],[134.5647,-6.5132,2.0922],[134.5588,-6.5185,10.9311],[134.5524,-6.5293,6.3465],[134.5524,-6.5329,0.0],[134.5488,-6.537,13.6098],[134.5527,-6.5405,9.1566],[134.5577,-6.5413,4.9575],[134.5634,-6.5392,7.1179],[134.5597,-6.5442,0.0],[134.5709,-6.545,7.5446],[134.5735,-6.5468,2.1634],[134.5776,-6.5457,0.0]]],
[[[134.7407,-6.4855,12.1049],[134.7399,-6.4816,12.3894],[134.7324,-6.4742,8.6736],[134.7311,-6.4828,0.0],[134.7248,-6.4924,15.3355],[134.7257,-6.4872,5.3302],[134.7298,-6.4822,0.0],[134.7306,-6.4737,3.5649],[134.7092,-6.4531,0.0],[134.6938,-6.4426,0.0],[134.6891,-6.4422,0.0],[134.6657,-6.4571,0.0],[134.6607,-6.4616,0.0],[134.6571,-6.4692,2.4262],[134.6504,-6.4735,2.11],[134.642,-6.4753,1.6814],[134.6381,-6.4862,0.0],[134.6399,-6.4976,4.6657],[134.6487,-6.4972,3.9393],[134.6563,-6.5016,5.3639],[134.6654,-6.5207,0.0],[134.6674,-6.5306,0.0],[134.6676,-6.5436,0.0],[134.6662,-6.5491,0.0],[134.6678,-6.5517,0.0],[134.668,-6.5572,0.0],[134.6756,-6.562,0.0],[134.683,-6.5635,0.0],[134.6875,-6.5604,12.7492],[134.7016,-6.5579,15.6845],[134.7102,-6.5519,4.6236],[134.714,-6.5473,2.4066],[134.7219,-6.5426,3.6551],[134.7251,-6.5439,0.0],[134.7311,-6.5529,3.2717],[134.7408,-6.5536,1.751],[134.7459,-6.5515,3.9343],[134.7507,-6.5463,0.0],[134.7513,-6.5397,13.2532],[134.7562,-6.5384,12.7155],[134.7635,-6.5327,0.0],[134.7651,-6.5278,0.0],[134.7617,-6.5213,9.3617],[134.7576,-6.5181,9.3989],[134.7564,-6.51,0.0],[134.7509,-6.5049,0.0],[134.7461,-6.4954,3.724],[134.7463,-6.4873,0.0],[134.7407,-6.4855,12.1049]]],
[[[134.2086,-6.9127,7.6418],[134.214,-6.9068,0.0],[134.2161,-6.9069,2.245],[134.2667,-6.8814,4.3898],[134.2753,-6.8793,42.0535],[134.275,-6.876,46.1759],[134.2765,-6.8722,50.2269],[134.2756,-6.8765,46.0073],[134.2795,-6.8778,14.587],[134.2931,-6.8724,22.4624],[134.2989,-6.8681,14.8171],[134.3151,-6.8658,0.0],[134.3148,-6.8629,6.739],[134.3178,-6.8652,0.0],[134.323,-6.8643,2.1613],[134.3326,-6.8601,0.0],[134.3359,-6.8553,6.2631],[134.3379,-6.8483,4.54],[134.3654,-6.8211,11.296],[134.3745,-6.82,0.8993],[134.3777,-6.8167,3.9134],[134.3796,-6.8122,5.122],[134.3784,-6.81,0.9724],[134.3748,-6.8108,2.6755],[134.3654,-6.8069,6.839],[134.3581,-6.8063,1.5089],[134.3503,-6.8174,1.482],[134.3503,-6.8207,4.0621],[134.3538,-6.8265,10.0947],[134.3506,-6.8305,2.7606],[134.3458,-6.8325,4.4872],[134.3397,-6.8283,4.9813],[134.3368,-6.8281,5.2081],[134.3398,-6.8281,4.9813],[134.3461,-6.832,4.4872],[134.3507,-6.8295,9.6223],[134.3527,-6.8255,0.0],[134.3492,-6.8222,0.0],[134.3494,-6.8165,1.482],[134.3562,-6.8062,0.0],[134.3457,-6.809,4.3803],[134.3411,-6.8134,0.0],[134.3304,-6.8093,2.854],[134.3407,-6.8119,8.8966],[134.3452,-6.8086,4.3803],[134.3606,-6.8044,0.0],[134.3656,-6.7954,0.0],[134.3643,-6.7934,5.4754],[134.3669,-6.7804,4.9974],[134.374,-6.7689,6.9786],[134.3766,-6.7683,0.7999],[134.3818,-6.7628,8.2517],[134.3937,-6.7617,2.8399],[134.4019,-6.7556,1.292],[134.4025,-6.7479,0.0],[134.3918,-6.7452,4.5529],[134.3905,-6.7431,5.2158],[134.3923,-6.7416,0.0],[134.3922,-6.7367,7.4474],[134.3899,-6.7339,0.0],[134.3904,-6.7312,7.0442],[134.3864,-6.7251,19.1347],[134.3827,-6.7227,25.2287],[134.3863,-6.7247,19.1347],[134.3915,-6.7305,7.0442],[134.3942,-6.7297,0.0],[134.4007,-6.732,0.5485],[134.4072,-6.726,5.2958],[134.4082,-6.7196,12.2372],[134.4104,-6.7206,11.1329],[134.4178,-6.7159,4.9082],[134.4229,-6.7173,0.5996],[134.4239,-6.7131,2.4644],[134.4332,-6.7074,7.9573],[134.438,-6.7074,7.9027],[134.4413,-6.7003,7.2943],[134.4472,-6.6955,1.7741],[134.4546,-6.6934,2.742],[134.4573,-6.6907,6.5549],[134.4578,-6.6876,1.4567],[134.4546,-6.685,4.0663],[134.4471,-6.6836,0.0],[134.4418,-6.6805,0.0],[134.4335,-6.6796,4.2894],[134.43,-6.6759,0.0],[134.429,-6.6676,5.8369],[134.4304,-6.6658,1.333],[134.4322,-6.6663,0.5526],[134.4339,-6.6744,4.9656],[134.4355,-6.6753,5.4534],[134.4377,-6.674,0.0],[134.4374,-6.6678,0.0],[134.4406,-6.6618,2.8456],[134.4384,-6.6606,0.0],[134.4362,-6.6629,2.0814],[134.4341,-6.6622,0.0],[134.4314,-6.6573,0.0],[134.4293,-6.6569,0.0],[134.4197,-6.6656,0.0],[134.4099,-6.6669,0.0],[134.4003,-6.6738,1.8195],[134.4088,-6.6661,10.583],[134.4186,-6.665,2.0621],[134.4267,-6.659,11.3931],[134.4273,-6.6561,0.0],[134.4246,-6.6497,19.9918],[134.4309,-6.6511,5.3236],[134.429,-6.6462,7.0733],[134.4347,-6.6525,2.4542],[134.4385,-6.6543,7.4805],[134.4397,-6.6533,5.221],[134.4452,-6.6464,2.367],[134.4424,-6.6463,14.393],[134.444,-6.6398,16.0603],[134.4426,-6.646,8.0263],[134.4456,-6.6461,21.6651],[134.439,-6.6547,0.0],[134.4436,-6.6598,0.0],[134.4472,-6.6586,11.8243],[134.4515,-6.654,10.6495],[134.4515,-6.65,6.5813],[134.4521,-6.6528,13.1757],[134.4521,-6.6538,13.287],[134.4482,-6.6583,13.56],[134.4476,-6.6632,4.1464],[134.4449,-6.668,2.6381],[134.4473,-6.6717,0.9703],[134.4577,-6.674,8.2148],[134.4642,-6.6797,0.0],[134.463,-6.6731,0.9067],[134.4675,-6.6628,7.472],[134.4714,-6.6624,1.8421],[134.4718,-6.6575,8.4246],[134.4718,-6.6629,1.8421],[134.481,-6.6648,6.0298],[134.4871,-6.6627,0.0],[134.4939,-6.657,3.4499],[134.4955,-6.6499,1.8155],[134.493,-6.6463,2.1838],[134.4997,-6.6449,2.5177],[134.5007,-6.643,3.7589],[134.5013,-6.6355,0.0],[134.5002,-6.6353,1.1425],[134.5003,-6.6328,0.0],[134.4965,-6.6308,5.109],[134.4998,-6.628,0.0],[134.5028,-6.6152,4.0597],[134.5091,-6.6171,1.1333],[134.5136,-6.6132,2.8111],[134.5166,-6.6071,11.4097],[134.5237,-6.6097,1.9274],[134.5286,-6.5999,0.0],[134.5286,-6.5938,9.4168],[134.5315,-6.5836,0.0],[134.5244,-6.5744,0.0],[134.5212,-6.5758,0.0],[134.5193,-6.5807,6.7626],[134.5088,-6.5812,0.0],[134.5036,-6.5867,12.3648],[134.4922,-6.5824,0.0],[134.4886,-6.5831,2.3939],[134.4839,-6.5816,18.3638],[134.4843,-6.5753,0.0],[134.4815,-6.5754,13.1156],[134.4845,-6.5748,0.0],[134.4843,-6.5734,5.3283],[134.4765,-6.5691,10.251],[134.4719,-6.5644,12.595],[134.4645,-6.5667,21.0411],[134.4551,-6.5722,17.7694],[134.4487,-6.5717,9.3915],[134.4464,-6.5706,8.585],[134.4433,-6.5746,14.227],[134.4394,-6.5729,14.3159],[134.4439,-6.5738,12.7819],[134.4456,-6.5702,13.4711],[134.4491,-6.5714,9.3915],[134.4518,-6.5708,20.5428],[134.4552,-6.5717,17.7694],[134.4642,-6.5662,9.4841],[134.4719,-6.5638,12.595],[134.48,-6.5693,8.5707],[134.4894,-6.5648,0.9328],[134.4969,-6.5525,16.4131],[134.4965,-6.548,2.0678],[134.4879,-6.5542,0.0],[134.4738,-6.5492,14.5082],[134.476,-6.5482,0.0],[134.4747,-6.5448,0.0],[134.4815,-6.53,1.294],[134.4816,-6.5257,8.5313],[134.4786,-6.5227,13.7529],[134.4776,-6.5189,9.4744],[134.4788,-6.5226,9.677],[134.4817,-6.5254,8.5313],[134.485,-6.5246,6.2675],[134.4897,-6.5307,2.0564],[134.4932,-6.5285,2.5203],[134.4987,-6.528,0.0],[134.5043,-6.5229,4.6759],[134.5032,-6.5169,5.936],[134.5008,-6.5133,6.4973],[134.5019,-6.5126,0.0],[134.5007,-6.5085,3.5678],[134.4963,-6.5064,10.8405],[134.4954,-6.5032,4.5505],[134.4926,-6.5013,5.5008],[134.4923,-6.5003,4.2921],[134.4949,-6.5003,5.348],[134.4936,-6.4958,0.0],[134.4796,-6.4903,0.0],[134.4777,-6.4863,11.5641],[134.4794,-6.4799,0.0],[134.4745,-6.4732,8.5923],[134.4686,-6.453,18.0189],[134.4655,-6.4507,20.6899],[134.4595,-6.4509,29.6624],[134.4533,-6.4515,29.4216],[134.4509,-6.4537,22.9737],[134.4302,-6.4301,0.0],[134.4197,-6.4105,1.0636],[134.4144,-6.4073,0.0],[134.4094,-6.4004,4.0212],[134.4049,-6.3976,1.4233],[134.396,-6.397,1.5134],[134.3903,-6.4008,1.8481],[134.382,-6.402,0.0],[134.3815,-6.4101,15.4427],[134.3788,-6.4031,7.3167],[134.3718,-6.4009,0.0],[134.3687,-6.4034,0.0],[134.3683,-6.3997,0.0],[134.3662,-6.3988,0.0],[134.3656,-6.3889,2.8134],[134.3583,-6.3923,3.2989],[134.361,-6.3879,7.4657],[134.3602,-6.3852,5.7769],[134.3615,-6.3819,0.0],[134.3526,-6.378,5.3842],[134.3491,-6.3804,12.1172],[134.3517,-6.3866,10.8787],[134.3515,-6.3963,0.0],[134.348,-6.3944,0.0],[134.3476,-6.3973,8.5836],[134.3398,-6.3985,3.0275],[134.3288,-6.4082,6.0189],[134.3236,-6.4094,8.8697],[134.3152,-6.4173,4.9892],[134.3237,-6.4088,8.8697],[134.3295,-6.4069,9.4341],[134.3378,-6.3986,13.57],[134.3394,-6.3886,0.0],[134.3372,-6.3858,0.0],[134.3361,-6.3867,10.7784],[134.3352,-6.3825,0.0],[134.331,-6.3793,0.0],[134.3244,-6.3793,0.0],[134.3244,-6.3754,0.0],[134.3215,-6.3721,0.0],[134.3203,-6.3731,8.2682],[134.3214,-6.378,6.8748],[134.3196,-6.3818,11.4102],[134.319,-6.3813,11.4102],[134.3211,-6.3777,8.7926],[134.3189,-6.3713,6.8154],[134.3167,-6.3696,2.99],[134.3099,-6.3706,14.4763],[134.3082,-6.3735,4.5357],[134.3084,-6.3708,14.4763],[134.3147,-6.3669,0.0],[134.3113,-6.3549,8.542],[134.3047,-6.3562,0.0],[134.2981,-6.3601,0.0],[134.299,-6.3582,6.422],[134.2978,-6.354,0.0],[134.2937,-6.3476,16.0093],[134.2957,-6.3433,1.957],[134.2938,-6.3406,3.1273],[134.295,-6.3289,27.6157],[134.2975,-6.3202,6.0106],[134.3053,-6.3118,3.9813],[134.3099,-6.3034,15.8309],[134.3038,-6.2932,0.0],[134.3004,-6.2897,11.5218],[134.2894,-6.2909,0.0],[134.2778,-6.3053,11.6921],[134.2738,-6.3079,16.4473],[134.2817,-6.2989,10.406],[134.2875,-6.2881,0.0],[134.2793,-6.2807,0.0],[134.2724,-6.267,6.8189],[134.2671,-6.2613,10.9694],[134.25,-6.2597,19.4947],[134.2474,-6.2496,3.4582],[134.2338,-6.2306,0.0],[134.2239,-6.2219,2.9773],[134.2122,-6.2185,0.0],[134.2033,-6.2247,2.2801],[134.1992,-6.2166,0.0],[134.1907,-6.2139,0.0],[134.1825,-6.2147,0.0],[134.167,-6.2106,0.0],[134.1567,-6.2064,17.891],[134.1492,-6.2013,23.1938],[134.1443,-6.1959,11.8011],[134.1414,-6.1841,0.0],[134.137,-6.1795,4.6708],[134.1362,-6.1768,9.3097],[134.1379,-6.1719,0.0],[134.1338,-6.1675,0.0],[134.1273,-6.168,9.0426],[134.1214,-6.1616,0.0],[134.1165,-6.1593,0.0],[134.0958,-6.1651,0.0],[134.0953,-6.1723,0.0],[134.1025,-6.1956,7.6435],[134.1054,-6.1999,10.3267],[134.1129,-6.2011,20.1939],[134.1293,-6.217,22.3067],[134.1318,-6.2164,18.2513],[134.1361,-6.22,14.5309],[134.1602,-6.2287,29.9784],[134.1364,-6.2219,12.0209],[134.1314,-6.218,13.4205],[134.1295,-6.2189,19.2812],[134.1126,-6.2033,18.2779],[134.1051,-6.2019,5.878],[134.1128,-6.2305,0.0],[134.1182,-6.235,0.0],[134.1143,-6.24,0.0],[134.1146,-6.2436,0.0],[134.121,-6.2486,11.1021],[134.1279,-6.2691,0.0],[134.1327,-6.3002,0.0],[134.1364,-6.3084,0.0],[134.1448,-6.3081,11.8828],[134.1495,-6.3041,25.0597],[134.1548,-6.3043,18.4997],[134.1615,-6.3,32.0303],[134.1548,-6.3049,17.5674],[134.1497,-6.3047,25.9076],[134.1465,-6.3083,14.6951],[134.1348,-6.3102,0.0],[134.132,-6.3407,2.3745],[134.1273,-6.3645,0.0],[134.1173,-6.3817,2.2058],[134.1243,-6.3822,6.9499],[134.1347,-6.3688,17.5893],[134.143,-6.363,7.3264],[134.146,-6.363,4.4913],[134.1496,-6.3601,6.7779],[134.1574,-6.36,8.6304],[134.1627,-6.3666,13.286],[134.1656,-6.3588,17.7434],[134.1703,-6.359,21.2895],[134.1658,-6.3589,17.7434],[134.164,-6.3669,19.817],[134.1623,-6.367,13.286],[134.1559,-6.3602,8.6304],[134.1531,-6.3607,7.0489],[134.1498,-6.3604,6.7779],[134.1462,-6.3637,4.4913],[134.1437,-6.3634,3.6198],[134.1378,-6.3674,5.992],[134.1257,-6.3826,2.093],[134.1218,-6.3836,0.5],[134.1217,-6.3919,11.4021],[134.1213,-6.3836,0.5],[134.1156,-6.3845,0.0],[134.1167,-6.4104,2.1254],[134.1157,-6.4164,0.0],[134.1178,-6.4176,5.3406],[134.1183,-6.4227,0.0],[134.1261,-6.4356,0.0],[134.1257,-6.4377,0.0],[134.1293,-6.4413,9.4853],[134.1304,-6.447,1.694],[134.1377,-6.4526,12.5406],[134.1378,-6.4626,6.1244],[134.1394,-6.4627,11.6595],[134.1481,-6.4612,6.9593],[134.1498,-6.4594,2.5137],[134.1604,-6.4586,3.5919],[134.1773,-6.4466,8.0138],[134.183,-6.4451,0.0],[134.1899,-6.4365,15.5704],[134.1906,-6.4328,13.1606],[134.196,-6.43,8.5425],[134.2,-6.4242,6.2609],[134.1999,-6.4306,5.488],[134.2039,-6.432,9.6315],[134.2091,-6.4256,5.2541],[134.2107,-6.4284,0.0],[134.2078,-6.4299,1.1661],[134.2091,-6.4333,10.4579],[134.2062,-6.4382,0.0],[134.2016,-6.4435,0.0],[134.1956,-6.4454,0.0],[134.188,-6.4517,5.0419],[134.1849,-6.4499,0.0],[134.1833,-6.4525,0.0],[134.1835,-6.4572,6.0229],[134.1846,-6.4603,8.7102],[134.1899,-6.4625,17.5093],[134.1964,-6.4563,10.7091],[134.1965,-6.453,18.9405],[134.2026,-6.4514,5.0581],[134.2044,-6.4482,16.1404],[134.2072,-6.4485,0.0],[134.2184,-6.4421,2.7716],[134.2151,-6.447,0.0],[134.2168,-6.4505,6.5025],[134.2153,-6.4545,12.6053],[134.2061,-6.4596,9.2484],[134.2054,-6.4566,2.7137],[134.2001,-6.4564,3.3157],[134.1954,-6.4659,0.0],[134.2005,-6.4647,8.2358],[134.1972,-6.4675,0.0],[134.1997,-6.4738,8.7694],[134.2013,-6.4754,5.0543],[134.2049,-6.4751,4.789],[134.2137,-6.488,0.0],[134.223,-6.4959,0.0],[134.223,-6.4993,0.0],[134.2186,-6.5036,0.0],[134.2225,-6.5098,0.0],[134.2317,-6.51,6.2692],[134.2383,-6.4996,2.0331],[134.233,-6.5113,0.0],[134.2296,-6.5159,0.0],[134.2225,-6.5196,0.0],[134.2192,-6.5255,0.0],[134.2137,-6.5299,2.4533],[134.2124,-6.5351,0.0],[134.2152,-6.5455,0.0],[134.2322,-6.5656,0.0],[134.2343,-6.575,0.0],[134.2336,-6.5903,17.4692],[134.2358,-6.5944,7.4317],[134.2401,-6.5968,3.1291],[134.2438,-6.5927,9.2825],[134.2451,-6.5878,9.5654],[134.2516,-6.5785,14.4833],[134.2455,-6.588,5.4818],[134.2443,-6.5928,9.4331],[134.2417,-6.5963,3.1291],[134.2404,-6.5975,3.1291],[134.2362,-6.5965,5.8059],[134.2361,-6.6104,14.6431],[134.2384,-6.6123,7.4256],[134.2489,-6.6133,10.4172],[134.2522,-6.6185,5.9724],[134.2537,-6.6282,0.0],[134.2614,-6.638,4.132],[134.271,-6.6404,2.6396],[134.2771,-6.6394,21.4143],[134.2795,-6.6419,0.0],[134.2798,-6.6514,0.0],[134.2809,-6.6533,0.0],[134.2855,-6.6552,21.9834],[134.2861,-6.6578,15.3207],[134.2931,-6.6602,10.109],[134.303,-6.6604,7.6416],[134.2892,-6.6609,4.3926],[134.2867,-6.66,0.0],[134.28,-6.6543,0.0],[134.2748,-6.646,21.0529],[134.2751,-6.643,20.007],[134.2612,-6.6411,0.0],[134.2557,-6.6386,22.4996],[134.2532,-6.6367,15.83],[134.2526,-6.63,0.0],[134.2491,-6.625,2.7567],[134.2493,-6.6177,0.0],[134.2476,-6.615,4.1016],[134.2371,-6.6137,0.0],[134.2311,-6.6038,11.611],[134.2296,-6.6053,7.5092],[134.2316,-6.6016,18.0939],[134.2306,-6.5878,17.3223],[134.2321,-6.5791,0.0],[134.2306,-6.5723,0.0],[134.2253,-6.561,2.3251],[134.2184,-6.5563,3.555],[134.2168,-6.5504,3.5951],[134.2148,-6.5505,2.2671],[134.2092,-6.5448,4.5092],[134.2068,-6.5381,22.6293],[134.2095,-6.5328,0.0],[134.208,-6.53,0.0],[134.2087,-6.5208,14.2142],[134.2056,-6.5205,15.3997],[134.1852,-6.5324,34.723],[134.205,-6.5195,16.3087],[134.2115,-6.519,5.8363],[134.2133,-6.5141,0.0],[134.2003,-6.4849,0.0],[134.1938,-6.4852,0.0],[134.1832,-6.4944,0.0],[134.1794,-6.5048,0.0],[134.1719,-6.5091,11.1363],[134.1592,-6.5214,0.0],[134.1514,-6.5322,0.0],[134.1491,-6.5329,9.3371],[134.1511,-6.5291,4.0515],[134.1431,-6.5213,14.726],[134.1436,-6.5179,4.2183],[134.1434,-6.5214,4.5582],[134.1468,-6.5246,2.9757],[134.1519,-6.528,0.0],[134.1543,-6.5272,12.1061],[134.1567,-6.5247,0.0],[134.1574,-6.5205,7.3597],[134.1632,-6.5142,12.2901],[134.178,-6.503,15.8838],[134.1817,-6.4913,0.0],[134.1809,-6.4837,0.0],[134.1751,-6.4791,0.0],[134.1695,-6.4781,0.0],[134.1561,-6.4858,2.2145],[134.1558,-6.4892,10.001],[134.151,-6.4895,1.8371],[134.1442,-6.4831,0.0],[134.1355,-6.4809,0.0],[134.1352,-6.4784,0.0],[134.1325,-6.4764,15.7754],[134.1327,-6.4732,8.9231],[134.1292,-6.4709,1.2448],[134.1265,-6.4715,10.1902],[134.1248,-6.4741,7.1261],[134.1264,-6.4713,10.1902],[134.131,-6.4697,0.0],[134.1321,-6.4676,0.0],[134.1288,-6.4635,10.6261],[134.118,-6.4614,5.9721],[134.1279,-6.4622,8.2128],[134.1309,-6.4643,2.9599],[134.1246,-6.4519,6.5075],[134.116,-6.4461,0.0],[134.1111,-6.4574,1.144],[134.1064,-6.4613,1.0134],[134.0978,-6.4939,0.0],[134.0891,-6.645,0.0],[134.0863,-6.6466,0.0],[134.0818,-6.6948,0.0],[134.079,-6.7005,0.0],[134.0773,-6.7117,0.0],[134.0717,-6.7193,0.0],[134.0693,-6.733,1.5374],[134.0644,-6.7386,0.0],[134.058,-6.7571,0.0],[134.0535,-6.7591,0.0],[134.0511,-6.7744,6.3428],[134.0563,-6.7836,0.0],[134.0704,-6.829,0.0],[134.0861,-6.8373,57.4731],[134.0913,-6.8476,7.1805],[134.0967,-6.8497,0.0],[134.104,-6.8485,20.6975],[134.1091,-6.8452,14.0945],[134.1238,-6.8456,13.1224],[134.134,-6.8523,4.0701],[134.1429,-6.8633,0.0],[134.1472,-6.866,8.8657],[134.1502,-6.8655,3.605],[134.1528,-6.864,0.0],[134.1531,-6.8614,0.0],[134.1474,-6.8511,0.0],[134.1505,-6.8468,4.2491],[134.1541,-6.8463,0.0],[134.1674,-6.8505,0.0],[134.1794,-6.8472,14.0781],[134.1842,-6.8488,4.5368],[134.1896,-6.8465,13.9214],[134.1899,-6.8382,2.9637],[134.189,-6.8351,0.0],[134.181,-6.8262,12.6906],[134.1909,-6.833,19.688],[134.194,-6.8394,0.0],[134.193,-6.8459,32.341],[134.1882,-6.8501,2.7625],[134.1802,-6.8493,0.0],[134.1686,-6.8517,0.0],[134.1541,-6.8487,0.0],[134.1505,-6.8496,9.9984],[134.1496,-6.8525,8.2733],[134.1536,-6.8579,10.9991],[134.1543,-6.8625,0.0],[134.1505,-6.8689,0.0],[134.1559,-6.8764,5.7898],[134.1724,-6.91,8.4037],[134.1744,-6.9113,6.8671],[134.1795,-6.9107,9.979],[134.1824,-6.9132,9.8258],[134.1793,-6.9108,9.979],[134.1745,-6.9119,6.8671],[134.1709,-6.9102,0.0],[134.1709,-6.9128,0.0],[134.1686,-6.9155,0.0],[134.1745,-6.9184,9.88],[134.177,-6.9217,1.8403],[134.1889,-6.9246,2.5571],[134.1966,-6.9338,0.0],[134.1973,-6.9417,0.0],[134.2047,-6.9347,6.0837],[134.206,-6.9308,2.8971],[134.2045,-6.9281,2.3846],[134.2013,-6.9287,0.0],[134.2009,-6.9245,0.0],[134.2027,-6.9197,6.3575],[134.2086,-6.9127,7.6418]]],
[[[131.9163,-5.6285,0.0],[131.9117,-5.6388,0.0],[131.9177,-5.6539,0.0],[131.9212,-5.6545,0.0],[131.9259,-5.6434,0.0],[131.9232,-5.6371,0.0],[131.9229,-5.6311,0.0],[131.9203,-5.6276,0.0],[131.9163,-5.6285,0.0]]],
[[[134.8046,-5.7213,0.0],[134.8048,-5.7212,0.0],[134.8048,-5.721,0.0],[134.8045,-5.7211,0.0],[134.8046,-5.7213,0.0]]],
[[[134.803,-5.7203,0.0],[134.8023,-5.7209,0.0],[134.8029,-5.7214,0.0],[134.8035,-5.7205,0.0],[134.803,-5.7203,0.0]]],
[[[132.2361,-5.7051,9.9754],[132.2356,-5.7073,0.0],[132.2393,-5.7072,0.0],[132.2466,-5.7032,0.0],[132.2455,-5.7012,3.368],[132.2361,-5.7051,9.9754]]],
[[[132.2713,-5.7069,0.0],[132.2753,-5.6933,1.9465],[132.2709,-5.6948,16.7047],[132.2672,-5.7029,13.6148],[132.2666,-5.7113,10.2588],[132.2683,-5.7135,0.0],[132.2705,-5.7115,0.0],[132.2713,-5.7069,0.0]]],
[[[132.6807,-5.7445,0.0],[132.6832,-5.7441,0.0],[132.6817,-5.7399,0.0],[132.6805,-5.7408,0.0],[132.6807,-5.7445,0.0]]],
[[[132.5601,-5.7279,11.302],[132.5559,-5.7269,5.6124],[132.5552,-5.7289,3.6147],[132.5604,-5.7366,0.0],[132.5632,-5.737,0.0],[132.5665,-5.7325,0.0],[132.5624,-5.7259,0.0],[132.5601,-5.7279,11.302]]],
[[[134.7968,-5.7181,5.0124],[134.7961,-5.7187,5.0124],[134.7965,-5.7215,1.6009],[134.8,-5.7195,0.0],[134.7968,-5.7181,5.0124]]],
[[[134.3411,-5.7019,0.0],[134.3448,-5.6995,20.5493],[134.3455,-5.6942,0.0],[134.3412,-5.6954,6.3233],[134.3313,-5.6932,5.723],[134.3314,-5.698,9.2444],[134.3341,-5.7017,1.3141],[134.338,-5.7037,4.0788],[134.3411,-5.7019,0.0]]],
[[[134.7708,-5.6886,8.6517],[134.7713,-5.6869,0.0],[134.7699,-5.6856,0.0],[134.769,-5.6869,10.5277],[134.7708,-5.6886,8.6517]]],
[[[134.7693,-5.6828,1.7585],[134.7725,-5.6769,2.0334],[134.7702,-5.6726,0.0],[134.7666,-5.6753,0.0],[134.7587,-5.6769,1.735],[134.76,-5.6826,0.0],[134.7666,-5.6856,2.5647],[134.7693,-5.6828,1.7585]]],
[[[132.7676,-5.6967,0.0],[132.7713,-5.7004,0.0],[132.7763,-5.7015,0.0],[132.7797,-5.6978,0.0],[132.7752,-5.6953,0.0],[132.7721,-5.6911,6.5647],[132.767,-5.6907,0.0],[132.7661,-5.6956,0.0],[132.7676,-5.6967,0.0]]],
[[[132.56,-5.7066,14.4853],[132.5578,-5.7083,0.0],[132.5565,-5.7135,0.0],[132.5624,-5.7135,0.0],[132.5667,-5.7176,0.0],[132.5717,-5.7188,0.0],[132.5779,-5.7135,0.0],[132.5647,-5.7105,11.7918],[132.56,-5.7066,14.4853]]],
[[[132.6284,-5.7037,0.0],[132.6212,-5.6967,0.0],[132.6155,-5.6961,0.0],[132.6126,-5.7008,20.2818],[132.6146,-5.7065,0.0],[132.6185,-5.7078,9.3438],[132.6225,-5.7046,0.0],[132.6284,-5.7037,0.0]]],
[[[132.7569,-5.7013,17.1343],[132.7542,-5.704,3.3233],[132.759,-5.7111,13.9656],[132.7586,-5.7153,1.9626],[132.7628,-5.7166,6.047],[132.7664,-5.7118,9.7764],[132.7653,-5.7041,0.0],[132.7612,-5.7003,0.0],[132.7569,-5.7013,17.1343]]],
[[[134.7714,-5.6517,0.0],[134.7715,-5.6498,0.0],[134.7699,-5.6495,0.0],[134.7694,-5.6517,0.0],[134.7714,-5.6517,0.0]]],
[[[132.7597,-5.6656,3.6769],[132.7554,-5.6634,0.0],[132.7536,-5.6646,4.1095],[132.7526,-5.6629,0.0],[132.7529,-5.6655,4.1095],[132.7512,-5.6667,5.9795],[132.7492,-5.6649,0.0],[132.7525,-5.6736,16.3782],[132.7547,-5.6735,15.7478],[132.7578,-5.6776,17.4756],[132.7618,-5.6694,0.7679],[132.7597,-5.6656,3.6769]]],
[[[134.7986,-5.6061,0.0],[134.8019,-5.6079,0.0],[134.8044,-5.6072,0.0],[134.8051,-5.6026,0.0],[134.8007,-5.601,0.0],[134.7983,-5.6035,0.0],[134.7986,-5.6061,0.0]]],
[[[132.7307,-5.6358,2.8602],[132.7256,-5.6319,1.1193],[132.7256,-5.623,0.0],[132.723,-5.6249,9.991],[132.7142,-5.6245,0.0],[132.717,-5.6263,4.5534],[132.7159,-5.6294,1.9921],[132.7204,-5.6355,0.9286],[132.7255,-5.6365,3.3061],[132.7341,-5.6458,9.767],[132.7368,-5.6461,4.307],[132.7374,-5.6421,3.5177],[132.7307,-5.6358,2.8602]]],
[[[132.9905,-5.6374,0.0],[132.9901,-5.6424,0.0],[132.993,-5.6467,0.0],[132.9966,-5.6432,0.0],[132.996,-5.633,0.0],[132.994,-5.6292,0.0],[132.99,-5.6324,0.0],[132.9905,-5.6374,0.0]]],
[[[134.7515,-5.6304,0.4428],[134.7509,-5.6296,0.4428],[134.7499,-5.6301,4.8599],[134.7507,-5.6307,0.4428],[134.7515,-5.6304,0.4428]]],
[[[134.3129,-5.627,0.0],[134.3132,-5.6254,0.0],[134.3118,-5.6251,0.0],[134.3112,-5.6264,0.0],[134.3129,-5.627,0.0]]],
[[[132.2505,-5.6289,0.0],[132.2519,-5.627,2.6182],[132.2476,-5.6202,20.6023],[132.2436,-5.6226,18.9272],[132.243,-5.6253,1.5944],[132.2466,-5.6296,1.0209],[132.2491,-5.6308,1.5721],[132.2505,-5.6289,0.0]]],
[[[132.3076,-5.5961,1.1777],[132.3071,-5.5933,0.0],[132.2973,-5.5958,18.74],[132.2902,-5.5995,18.7932],[132.2829,-5.5988,7.4155],[132.2775,-5.586,18.0471],[132.2727,-5.5846,36.7364],[132.2645,-5.5868,26.277],[132.2576,-5.585,6.0378],[132.2558,-5.5894,2.0254],[132.2613,-5.6024,0.0],[132.2646,-5.6042,0.0],[132.2789,-5.5999,0.0],[132.2825,-5.6011,0.0],[132.286,-5.6051,8.6116],[132.2836,-5.6103,5.9104],[132.2868,-5.6222,3.2481],[132.2864,-5.6371,0.0],[132.2932,-5.6559,1.4452],[132.2955,-5.6568,0.0],[132.3007,-5.6513,2.2635],[132.3072,-5.6482,0.0],[132.3119,-5.6415,0.0],[132.3168,-5.6379,0.0],[132.3204,-5.6294,0.0],[132.3104,-5.6118,4.8176],[132.3024,-5.6179,12.6231],[132.2999,-5.618,24.4116],[132.2997,-5.6154,5.0305],[132.3038,-5.6104,0.0],[132.3076,-5.5961,1.1777]]],
[[[132.9985,-5.614,0.0],[132.9959,-5.6174,0.0],[132.9974,-5.6232,0.0],[133.0002,-5.6183,0.0],[133.0,-5.6143,0.0],[132.9985,-5.614,0.0]]],
[[[132.9765,-5.6309,0.0],[132.9744,-5.6363,0.0],[132.9794,-5.6374,2.2742],[132.9839,-5.635,8.5326],[132.9786,-5.6262,5.6356],[132.9765,-5.6309,0.0]]],
[[[132.5929,-5.6364,0.0],[132.5981,-5.636,0.0],[132.5997,-5.6312,0.0],[132.597,-5.627,0.0],[132.5822,-5.6244,0.0],[132.5813,-5.6262,0.0],[132.5929,-5.6364,0.0]]],
[[[134.7399,-5.6054,5.6312],[134.7375,-5.6052,1.6288],[134.7373,-5.6082,1.3948],[134.7404,-5.6073,3.0896],[134.7399,-5.6054,5.6312]]],
[[[132.3164,-5.6101,3.4616],[132.3279,-5.6199,0.0],[132.3344,-5.6193,0.0],[132.337,-5.6159,0.0],[132.3374,-5.6116,0.0],[132.3352,-5.608,3.3101],[132.3255,-5.6043,5.8439],[132.3218,-5.6002,0.9312],[132.3154,-5.6047,3.6931],[132.3152,-5.6099,3.7039],[132.3164,-5.6101,3.4616]]],
[[[132.6873,-5.5833,0.0],[132.68,-5.5871,2.3356],[132.6799,-5.59,2.6547],[132.6741,-5.5923,6.2104],[132.673,-5.5959,0.0],[132.6742,-5.6011,0.0],[132.679,-5.6028,0.0],[132.6839,-5.594,0.0],[132.6889,-5.5942,0.0],[132.6923,-5.5904,0.0],[132.6918,-5.5854,0.0],[132.6873,-5.5833,0.0]]],
[[[132.0235,-5.1877,0.0],[132.0249,-5.1867,0.0],[132.0267,-5.1771,0.0],[132.0266,-5.1663,0.0],[132.0239,-5.1583,0.0],[132.016,-5.172,80.4313],[132.0129,-5.1731,37.4986],[132.012,-5.1763,35.6063],[132.0142,-5.1836,0.0],[132.0187,-5.1871,0.0],[132.0235,-5.1877,0.0]]],
[[[132.0241,-5.1495,0.0],[132.0248,-5.1467,0.0],[132.0227,-5.1466,0.0],[132.0236,-5.1564,0.0],[132.0238,-5.1527,0.0],[132.0241,-5.1495,0.0]]],
[[[132.0112,-5.1337,0.0],[132.0174,-5.1364,1.0773],[132.0217,-5.1339,0.0],[132.0244,-5.1348,0.0],[132.0244,-5.1316,0.0],[132.0129,-5.1302,0.0],[132.0112,-5.1337,0.0]]],
[[[131.9015,-4.7626,0.0],[131.9002,-4.7631,0.0],[131.9,-4.7662,0.0],[131.9011,-4.7693,0.0],[131.9034,-4.7649,0.0],[131.9015,-4.7626,0.0]]],
[[[131.7295,-4.7583,0.0],[131.7332,-4.7616,0.0],[131.7323,-4.7635,0.0],[131.7356,-4.7803,4.3035],[131.7427,-4.785,30.3374],[131.7468,-4.7848,0.0],[131.7504,-4.7611,9.0103],[131.7645,-4.7478,0.0],[131.7666,-4.7367,0.0],[131.7595,-4.7246,0.0],[131.7384,-4.7043,0.0],[131.7282,-4.7001,3.6588],[131.7219,-4.7104,0.0],[131.7301,-4.7197,14.8532],[131.727,-4.7467,0.0],[131.7295,-4.7583,0.0]]],
[[[131.6972,-4.5992,0.0],[131.7026,-4.6,0.0],[131.7043,-4.5984,11.9236],[131.6907,-4.5845,0.0],[131.6915,-4.5856,6.4535],[131.689,-4.5931,0.0],[131.6921,-4.5971,0.0],[131.6972,-4.5992,0.0]]],
[[[130.0315,-4.595,0.0],[130.034,-4.6025,61.1983],[130.0378,-4.605,0.0],[130.0419,-4.6054,7.8322],[130.0443,-4.6039,3.4095],[130.0475,-4.5949,0.0],[130.0459,-4.592,9.622],[130.0479,-4.586,5.5607],[130.0435,-4.5809,3.2482],[130.0397,-4.5791,7.0583],[130.037,-4.5795,3.787],[130.0349,-4.5845,40.1114],[130.0308,-4.5872,11.5443],[130.0315,-4.595,0.0]]],
[[[129.6681,-4.5629,40.6678],[129.6705,-4.5655,4.172],[129.6736,-4.5655,19.3058],[129.6859,-4.5626,35.1695],[129.6942,-4.553,15.1343],[129.6933,-4.5419,19.3406],[129.6826,-4.5489,18.7948],[129.6772,-4.5558,12.7705],[129.6664,-4.5612,0.0],[129.6681,-4.5629,40.6678]]],
[[[131.7148,-4.5342,0.0],[131.7127,-4.5331,0.0],[131.7148,-4.5381,0.0],[131.7151,-4.5371,0.0],[131.7148,-4.5342,0.0]]],
[[[129.8472,-4.505,0.0],[129.8491,-4.5046,0.0],[129.8472,-4.5027,0.0],[129.8459,-4.504,0.0],[129.8472,-4.505,0.0]]],
[[[129.9369,-4.4952,33.9642],[129.9354,-4.4937,18.703],[129.9346,-4.4947,0.0],[129.9367,-4.5004,0.0],[129.9386,-4.4963,3.2648],[129.9369,-4.4952,33.9642]]],
[[[129.8868,-4.5031,2.7335],[129.8863,-4.5039,2.7335],[129.8879,-4.5038,0.0],[129.8878,-4.5036,2.7335],[129.8868,-4.5031,2.7335]]],
[[[131.6019,-4.4164,0.0],[131.6062,-4.4168,0.0],[131.6133,-4.4139,0.0],[131.6155,-4.4078,0.0],[131.6016,-4.4014,0.9992],[131.5939,-4.3944,0.0],[131.593,-4.3957,57.5178],[131.5838,-4.3788,2.2821],[131.5795,-4.38,2.5676],[131.5778,-4.3788,0.0],[131.5797,-4.381,2.5676],[131.5793,-4.3833,0.0],[131.5836,-4.3868,13.9891],[131.5855,-4.3963,31.1258],[131.5876,-4.3979,86.1081],[131.5919,-4.4085,9.9682],[131.5968,-4.4115,18.0766],[131.5998,-4.4166,0.0],[131.6019,-4.4164,0.0]]],
[[[131.5471,-4.3396,0.0],[131.5481,-4.3387,0.0],[131.5481,-4.3383,0.0],[131.5462,-4.3386,0.0],[131.5471,-4.3396,0.0]]],
[[[131.5443,-4.3346,0.0],[131.5468,-4.336,0.0],[131.5533,-4.335,0.0],[131.5538,-4.3338,0.0],[131.544,-4.3327,0.0],[131.5443,-4.3346,0.0]]],
[[[131.4353,-3.9773,0.0],[131.4346,-3.9785,0.0],[131.4359,-3.9802,0.0],[131.4369,-3.9788,0.0],[131.4353,-3.9773,0.0]]],
[[[131.3875,-4.1742,11.4645],[131.4,-4.1711,13.8085],[131.4041,-4.1626,0.0],[131.396,-4.1469,0.0],[131.3871,-4.1371,0.0],[131.3817,-4.1335,2.6147],[131.3812,-4.1263,0.0],[131.3508,-4.112,0.0],[131.3365,-4.0995,0.0],[131.3024,-4.0744,0.0],[131.292,-4.0727,0.0],[131.2841,-4.0686,0.0],[131.2747,-4.0771,17.0514],[131.272,-4.0932,0.0],[131.2756,-4.0977,0.0],[131.2828,-4.1021,0.0],[131.2851,-4.1073,0.0],[131.2971,-4.1142,73.3673],[131.3033,-4.1227,90.865],[131.3101,-4.1268,6.3297],[131.3172,-4.1295,12.1265],[131.3369,-4.1308,13.192],[131.3512,-4.1465,0.0],[131.3647,-4.1442,58.4719],[131.3714,-4.1474,12.1455],[131.3727,-4.1612,12.8497],[131.3781,-4.1729,10.5843],[131.3821,-4.176,0.0],[131.3875,-4.1742,11.4645]]],
[[[131.4317,-4.0737,47.1651],[131.4407,-4.0703,29.7033],[131.4484,-4.0636,15.9639],[131.4466,-4.0578,0.0],[131.4408,-4.0502,0.8713],[131.441,-4.0468,8.6266],[131.439,-4.0448,30.659],[131.4417,-4.03,9.3913],[131.4354,-4.0148,0.0],[131.4309,-3.9837,0.0],[131.4242,-3.9777,8.2709],[131.4174,-3.9615,22.9202],[131.4181,-3.9481,0.0],[131.4093,-3.9444,0.0],[131.4033,-3.9443,0.0],[131.3894,-3.9502,0.0],[131.37,-3.9616,0.0],[131.3673,-3.9614,0.0],[131.3634,-3.9639,0.0],[131.3637,-3.9672,0.0],[131.3717,-3.9849,0.0],[131.3881,-4.012,31.0412],[131.3991,-4.041,2.2076],[131.4056,-4.0533,0.0],[131.409,-4.0511,23.795],[131.413,-4.056,19.1901],[131.413,-4.061,0.0],[131.4157,-4.0641,21.7267],[131.4171,-4.069,11.7651],[131.4265,-4.0757,28.858],[131.4317,-4.0737,47.1651]]],
[[[127.1977,-3.962,0.0],[127.1676,-4.0019,0.0],[127.1677,-4.0246,0.0],[127.1766,-4.0289,0.0],[127.1958,-4.0228,0.0],[127.2147,-4.0138,0.0],[127.2534,-3.9913,0.0],[127.2646,-3.988,0.0],[127.2946,-3.9855,0.0],[127.3691,-3.957,0.0],[127.3798,-3.9415,0.0],[127.3803,-3.9294,0.0],[127.3764,-3.9196,0.0],[127.3589,-3.9014,0.0],[127.3371,-3.8866,0.0],[127.2996,-3.8837,0.0],[127.2601,-3.898,0.0],[127.233,-3.9099,0.0],[127.2235,-3.9205,0.0],[127.2122,-3.9299,0.0],[127.2025,-3.9447,0.0],[127.1977,-3.962,0.0]]],
[[[131.2051,-3.9147,0.0],[131.2096,-3.9169,0.0],[131.2115,-3.9151,0.0],[131.2075,-3.9128,0.0],[131.2047,-3.9133,0.0],[131.2051,-3.9147,0.0]]],
[[[131.0078,-3.9127,0.0],[131.008,-3.9125,0.0],[131.0074,-3.9123,0.0],[131.0074,-3.9125,0.0],[131.0078,-3.9127,0.0]]],
[[[131.2183,-4.0242,26.4745],[131.2165,-4.0311,0.0],[131.2263,-4.0478,0.0],[131.2344,-4.0529,9.9603],[131.2416,-4.0533,13.7841],[131.2465,-4.0556,0.0],[131.246,-4.0507,0.0],[131.2393,-4.0386,0.0],[131.246,-4.0077,0.0],[131.2447,-3.9956,0.0],[131.2429,-3.992,0.0],[131.236,-3.99,0.0],[131.2228,-3.9813,0.0],[131.2071,-3.9759,0.0],[131.2013,-3.979,0.0],[131.1995,-3.9916,0.0],[131.2062,-3.9969,0.0],[131.2089,-4.0086,0.0],[131.2165,-4.0162,9.7657],[131.2183,-4.0242,26.4745]]],
[[[129.9458,-4.5623,0.0],[129.9513,-4.5622,0.0],[129.9499,-4.5555,0.0],[129.9537,-4.554,0.0],[129.9576,-4.5489,10.4522],[129.9511,-4.5372,96.3179],[129.9555,-4.5318,11.2228],[129.9502,-4.5298,49.4228],[129.9499,-4.5267,3.0001],[129.9471,-4.5262,46.4592],[129.9458,-4.5229,0.0],[129.9443,-4.5135,14.7149],[129.9469,-4.5082,2.4789],[129.9431,-4.5085,13.4355],[129.9399,-4.5122,47.9686],[129.9415,-4.5238,69.9405],[129.9346,-4.5339,78.0631],[129.9363,-4.5352,215.6926],[129.9359,-4.5369,281.9062],[129.9281,-4.5426,150.7627],[129.9056,-4.5496,38.2235],[129.8996,-4.5456,3.226],[129.888,-4.5459,0.0],[129.8842,-4.548,61.1112],[129.8815,-4.5474,14.9813],[129.877,-4.5433,14.7717],[129.8747,-4.5433,73.8713],[129.8647,-4.5455,0.0],[129.8611,-4.5496,65.8768],[129.8608,-4.5563,0.0],[129.8649,-4.563,0.0],[129.8687,-4.5647,0.0],[129.8696,-4.5619,0.0],[129.8728,-4.5606,17.6465],[129.8743,-4.5565,14.219],[129.8832,-4.5528,16.4679],[129.8847,-4.5542,44.7766],[129.8862,-4.5612,55.0561],[129.8885,-4.5621,4.0619],[129.8907,-4.5575,21.9705],[129.8935,-4.5582,16.3104],[129.8938,-4.56,0.0],[129.8974,-4.558,0.0],[129.9017,-4.5582,7.9254],[129.9067,-4.5651,0.0],[129.9113,-4.565,18.9999],[129.9133,-4.5664,38.8467],[129.9135,-4.5705,0.0],[129.9183,-4.5716,0.0],[129.9207,-4.5686,0.0],[129.9284,-4.5688,51.6803],[129.9353,-4.5713,0.0],[129.9368,-4.5656,24.833],[129.9414,-4.5664,0.0],[129.9458,-4.5623,0.0]]],
[[[129.6973,-4.5345,0.0],[129.6967,-4.535,0.0],[129.6964,-4.536,0.0],[129.6974,-4.5354,0.0],[129.6973,-4.5345,0.0]]],
[[[129.7842,-4.5248,35.2481],[129.7841,-4.5232,28.8126],[129.7793,-4.5199,19.1167],[129.7737,-4.5183,11.2851],[129.7671,-4.5188,15.9451],[129.7652,-4.5169,5.6018],[129.7638,-4.5182,11.8896],[129.7633,-4.521,15.4311],[129.7731,-4.5382,0.0],[129.7755,-4.5378,34.1246],[129.7816,-4.5326,11.3682],[129.7842,-4.5248,35.2481]]],
[[[129.889,-4.5284,82.7373],[129.8939,-4.5232,1.3271],[129.8911,-4.5215,58.0048],[129.8912,-4.516,19.4179],[129.8808,-4.5108,60.6868],[129.8782,-4.5051,14.4545],[129.8752,-4.5075,0.0],[129.8736,-4.5123,23.5958],[129.8709,-4.5119,15.1898],[129.8689,-4.5184,47.7804],[129.8669,-4.5196,0.0],[129.8672,-4.5259,0.0],[129.869,-4.5277,26.7951],[129.868,-4.5298,4.1279],[129.8775,-4.5345,37.9981],[129.8826,-4.5359,5.8154],[129.8844,-4.5339,25.6802],[129.8889,-4.5361,7.9496],[129.8907,-4.5353,5.1642],[129.8911,-4.5323,33.1971],[129.889,-4.5284,82.7373]]],
[[[129.8929,-4.5028,6.9152],[129.893,-4.5043,25.9763],[129.8951,-4.5039,9.8018],[129.8967,-4.5059,36.776],[129.8963,-4.5116,110.8803],[129.9001,-4.5162,5.3346],[129.8962,-4.5289,5.8537],[129.9035,-4.5306,4.8441],[129.9071,-4.5282,2.9431],[129.9087,-4.5223,5.4214],[129.9091,-4.5174,10.5489],[129.9069,-4.5067,2.6171],[129.9006,-4.5032,28.5188],[129.8976,-4.5043,4.8696],[129.8929,-4.5028,6.9152]]],
[[[131.652,-4.5256,9.6402],[131.6517,-4.5322,0.0],[131.654,-4.5357,0.0],[131.6603,-4.5382,0.0],[131.6659,-4.5358,26.5181],[131.6745,-4.5362,137.3204],[131.6756,-4.5379,91.6722],[131.6834,-4.5396,0.0],[131.6886,-4.5275,0.0],[131.6845,-4.5246,0.0],[131.686,-4.5145,0.0],[131.6851,-4.5104,0.0],[131.682,-4.5079,2.9815],[131.6824,-4.5058,0.0],[131.6752,-4.5011,1.7893],[131.6751,-4.4941,0.0],[131.6638,-4.4757,0.0],[131.6582,-4.4692,0.0],[131.6539,-4.4673,5.6777],[131.6506,-4.4605,0.0],[131.638,-4.4495,0.0],[131.6318,-4.4383,7.277],[131.6234,-4.4354,5.8675],[131.6111,-4.4238,3.2636],[131.6091,-4.4237,4.3752],[131.6082,-4.4271,12.9676],[131.6147,-4.4366,60.0893],[131.6136,-4.4403,5.053],[131.6169,-4.4439,24.3619],[131.6258,-4.4483,0.0],[131.6268,-4.4476,12.6838],[131.6312,-4.4511,24.7521],[131.6316,-4.4534,16.5073],[131.6306,-4.4525,0.0],[131.6273,-4.455,13.2558],[131.6257,-4.4532,3.3033],[131.6244,-4.4545,0.0],[131.6336,-4.4712,24.1915],[131.6377,-4.4809,55.7599],[131.6373,-4.4848,45.3239],[131.6388,-4.4882,0.0],[131.6482,-4.4986,19.654],[131.6517,-4.514,7.8336],[131.6542,-4.515,9.2513],[131.652,-4.5256,9.6402]]],
[[[130.9611,-3.8777,6.3691],[130.9627,-3.8806,0.0],[130.966,-3.8822,0.0],[130.9623,-3.8746,0.0],[130.9597,-3.8763,2.9078],[130.9611,-3.8777,6.3691]]],
[[[130.9113,-3.8785,1.2002],[130.9126,-3.8784,0.0],[130.9116,-3.8754,0.0],[130.9107,-3.8761,0.0],[130.9113,-3.8785,1.2002]]],
[[[131.0065,-3.912,0.0],[131.0065,-3.9117,0.0],[131.0063,-3.9116,0.0],[131.0062,-3.9119,0.0],[131.0065,-3.912,0.0]]],
[[[130.9948,-3.9108,0.0],[130.9949,-3.9101,0.0],[130.9928,-3.9102,0.0],[130.9937,-3.9109,0.0],[130.9948,-3.9108,0.0]]],
[[[131.0099,-3.9121,0.0],[131.0113,-3.9121,0.0],[131.0111,-3.9107,0.0],[131.0099,-3.9114,0.0],[131.0099,-3.9121,0.0]]],
[[[131.1807,-3.9086,0.0],[131.1723,-3.9075,0.0],[131.1764,-3.9095,0.0],[131.1911,-3.91,0.0],[131.1882,-3.9085,0.0],[131.1807,-3.9086,0.0]]],
[[[131.0125,-3.9095,0.0],[131.012,-3.9099,0.0],[131.0132,-3.9097,0.0],[131.0131,-3.9094,0.0],[131.0125,-3.9095,0.0]]],
[[[130.9907,-3.9088,0.0],[130.9902,-3.909,0.0],[130.9901,-3.9096,0.0],[130.9914,-3.9091,0.0],[130.9907,-3.9088,0.0]]],
[[[131.012,-3.9104,0.0],[131.0124,-3.9107,0.0],[131.0128,-3.91,0.0],[131.0121,-3.9102,0.0],[131.012,-3.9104,0.0]]],
[[[130.8897,-3.8944,0.0],[130.8892,-3.8959,0.0],[130.8929,-3.8935,0.0],[130.8901,-3.8947,0.0],[130.8897,-3.8944,0.0]]],
[[[130.8938,-3.8938,0.0],[130.8941,-3.8929,0.0],[130.893,-3.8931,0.0],[130.8932,-3.8939,0.0],[130.8938,-3.8938,0.0]]],
[[[131.0006,-3.8983,0.0],[130.9981,-3.8969,0.0],[130.9944,-3.8977,0.0],[130.9969,-3.8986,0.0],[131.0006,-3.8983,0.0]]],
[[[130.897,-3.8986,0.0],[130.8976,-3.8972,0.0],[130.8967,-3.8978,0.0],[130.8956,-3.896,0.0],[130.8956,-3.8981,0.0],[130.897,-3.8986,0.0]]],
[[[130.9873,-3.8972,0.0],[130.9879,-3.8969,0.0],[130.9879,-3.8965,0.0],[130.987,-3.8967,0.0],[130.9873,-3.8972,0.0]]],
[[[131.0879,-3.897,0.0],[131.0892,-3.8975,0.0],[131.0904,-3.8964,0.0],[131.0892,-3.8957,0.0],[131.0879,-3.897,0.0]]],
[[[130.9185,-3.9034,0.0],[130.9167,-3.904,0.0],[130.9163,-3.9046,0.0],[130.9184,-3.9044,0.0],[130.9185,-3.9034,0.0]]],
[[[131.1058,-3.902,0.0],[131.1009,-3.9011,0.0],[131.1051,-3.9037,0.0],[131.1083,-3.9025,0.0],[131.1058,-3.902,0.0]]],
[[[130.9259,-3.9038,0.0],[130.9211,-3.8999,0.0],[130.9225,-3.8967,8.4178],[130.9409,-3.8935,13.4148],[130.9537,-3.8877,17.6163],[130.9588,-3.8806,0.0],[130.9567,-3.8823,0.0],[130.9576,-3.8792,0.0],[130.9558,-3.8781,1.8788],[130.9519,-3.8825,8.0597],[130.9491,-3.8823,0.0],[130.9479,-3.8746,0.0],[130.946,-3.8738,0.0],[130.9421,-3.8743,6.0633],[130.9394,-3.8767,26.9407],[130.9402,-3.8794,25.9301],[130.9387,-3.8806,4.5855],[130.9355,-3.8797,0.0],[130.9325,-3.8767,5.5889],[130.9323,-3.8715,0.0],[130.9375,-3.8663,0.0],[130.9317,-3.8684,15.5061],[130.9285,-3.8743,7.7163],[130.921,-3.8752,14.1097],[130.9171,-3.8827,15.3822],[130.9188,-3.883,11.89],[130.9201,-3.881,23.7867],[130.9214,-3.8819,15.0815],[130.9188,-3.8858,7.1303],[130.9194,-3.8889,23.6075],[130.9177,-3.8891,1.7114],[130.9175,-3.8837,4.2497],[130.9144,-3.8845,0.0],[130.9136,-3.8902,26.5408],[130.9101,-3.8937,0.0],[130.9139,-3.8993,55.047],[130.9259,-3.9038,0.0]]],
[[[130.9029,-3.8793,0.0],[130.9014,-3.8775,0.0],[130.8953,-3.8795,1.9807],[130.8945,-3.8845,7.6432],[130.896,-3.8871,3.3154],[130.9016,-3.8844,0.0],[130.9032,-3.8807,0.0],[130.9019,-3.8802,3.1343],[130.9014,-3.8829,3.3493],[130.8994,-3.8838,3.748],[130.8988,-3.8814,0.0],[130.8965,-3.8833,6.2119],[130.8968,-3.8807,1.5905],[130.8986,-3.8796,0.637],[130.9003,-3.8811,3.1343],[130.9029,-3.8793,0.0]]],
[[[130.7993,-3.3072,0.0],[130.7906,-3.3045,0.0],[130.7809,-3.2971,0.0],[130.7759,-3.2978,0.0],[130.7668,-3.3055,0.0],[130.7625,-3.3146,0.0],[130.7659,-3.322,0.0],[130.785,-3.3345,0.0],[130.799,-3.3331,0.0],[130.8034,-3.3294,6.6132],[130.8057,-3.3216,0.0],[130.801,-3.3169,0.0],[130.7993,-3.3072,0.0]]],
[[[127.6149,-3.3729,0.0],[127.6149,-3.3724,0.0],[127.6141,-3.3728,0.0],[127.6144,-3.373,0.0],[127.6149,-3.3729,0.0]]],
[[[127.6481,-3.37,0.0],[127.6474,-3.3706,0.0],[127.6493,-3.3703,0.0],[127.6493,-3.37,0.0],[127.6481,-3.37,0.0]]],
[[[127.6126,-3.3723,0.0],[127.6126,-3.3716,0.0],[127.6097,-3.3694,0.0],[127.6098,-3.3698,0.0],[127.6126,-3.3723,0.0]]],
[[[127.5883,-3.3668,0.0],[127.5877,-3.3671,0.0],[127.5888,-3.368,0.0],[127.5891,-3.3676,0.0],[127.5883,-3.3668,0.0]]],
[[[127.5931,-3.3661,0.0],[127.593,-3.3652,0.0],[127.5923,-3.365,0.0],[127.5922,-3.3664,0.0],[127.5931,-3.3661,0.0]]],
[[[127.581,-3.3602,0.0],[127.5816,-3.36,0.0],[127.5815,-3.3593,0.0],[127.5809,-3.3597,0.0],[127.581,-3.3602,0.0]]],
[[[127.5901,-3.3667,0.0],[127.5899,-3.3657,0.0],[127.5894,-3.3656,0.0],[127.5897,-3.3666,0.0],[127.5901,-3.3667,0.0]]],
[[[127.5905,-3.3553,0.4474],[127.5873,-3.354,0.0],[127.5853,-3.3561,5.3124],[127.5865,-3.3616,0.0],[127.5884,-3.3604,2.2643],[127.5925,-3.3612,0.0],[127.59,-3.3578,0.6427],[127.5905,-3.3553,0.4474]]],
[[[127.5826,-3.3549,0.0],[127.5829,-3.3543,0.0],[127.5819,-3.3552,0.0],[127.5823,-3.3552,0.0],[127.5826,-3.3549,0.0]]],
[[[127.6185,-3.3032,0.0],[127.618,-3.3031,0.0],[127.618,-3.3047,0.0],[127.6188,-3.3039,0.0],[127.6185,-3.3032,0.0]]],
[[[130.7648,-3.8355,0.0],[130.7649,-3.836,0.0],[130.7656,-3.8359,0.0],[130.7654,-3.8354,0.0],[130.7648,-3.8355,0.0]]],
[[[130.765,-3.834,0.0],[130.7653,-3.8334,0.0],[130.7642,-3.8334,0.0],[130.7642,-3.834,0.0],[130.765,-3.834,0.0]]],
[[[130.8788,-3.6582,0.0],[130.8754,-3.6623,0.0],[130.8777,-3.6651,0.0],[130.8804,-3.6617,0.0],[130.8788,-3.6582,0.0]]],
[[[130.8692,-3.525,5.4917],[130.8675,-3.5268,13.6808],[130.8686,-3.5299,0.0],[130.8712,-3.5315,0.0],[130.8734,-3.5308,4.4524],[130.8744,-3.5289,2.1489],[130.8722,-3.5259,0.704],[130.8692,-3.525,5.4917]]],
[[[128.3748,-3.5323,0.0],[128.3769,-3.5315,0.0],[128.3796,-3.5287,0.0],[128.3746,-3.532,0.0],[128.3748,-3.5323,0.0]]],
[[[128.3995,-3.6315,0.0],[128.4034,-3.6347,0.0],[128.4076,-3.6355,4.1089],[128.4171,-3.6352,0.0],[128.4292,-3.6296,0.0],[128.4368,-3.6297,0.0],[128.4402,-3.6315,0.0],[128.4459,-3.6261,0.0],[128.4471,-3.6219,0.0],[128.4566,-3.6226,0.7822],[128.4657,-3.614,25.015],[128.4799,-3.6182,0.0],[128.4819,-3.6208,7.3775],[128.4843,-3.6189,18.0523],[128.4939,-3.62,0.0],[128.4979,-3.6242,8.2813],[128.4994,-3.6225,0.0],[128.5,-3.6157,6.9723],[128.5063,-3.6158,8.8604],[128.5071,-3.617,0.0],[128.5091,-3.6152,1.9244],[128.5081,-3.6092,0.0],[128.5122,-3.606,3.0097],[128.5146,-3.6066,0.0],[128.517,-3.6105,12.6175],[128.5211,-3.6128,25.721],[128.5197,-3.6146,5.0335],[128.5241,-3.6175,4.7875],[128.5386,-3.6153,0.0],[128.5435,-3.6118,0.0],[128.5427,-3.6048,0.0],[128.5453,-3.6023,1.095],[128.5488,-3.6027,0.0],[128.5523,-3.6,1.985],[128.5563,-3.5997,0.0],[128.5585,-3.6014,0.0],[128.5645,-3.5996,2.8303],[128.5671,-3.5938,1.6903],[128.576,-3.5857,8.0579],[128.5763,-3.5819,5.211],[128.574,-3.5809,6.2622],[128.5685,-3.5632,24.5524],[128.5607,-3.5545,0.0],[128.556,-3.5437,1.2282],[128.5505,-3.5384,0.0],[128.5458,-3.5382,3.5919],[128.5395,-3.5407,4.5917],[128.5341,-3.5392,0.0],[128.5293,-3.5356,9.6603],[128.5242,-3.5278,0.7312],[128.4994,-3.5134,7.5008],[128.4948,-3.5144,2.1982],[128.4896,-3.5183,7.6603],[128.4801,-3.5185,4.9752],[128.4762,-3.5164,2.1215],[128.4694,-3.5164,8.8546],[128.4598,-3.5121,0.7513],[128.4572,-3.5134,5.3122],[128.4564,-3.5115,0.0],[128.447,-3.5104,7.3511],[128.4432,-3.5151,0.0],[128.4449,-3.517,1.6628],[128.4409,-3.5156,0.0],[128.4319,-3.5222,9.8394],[128.4256,-3.5223,2.1947],[128.4207,-3.5252,43.6488],[128.4149,-3.5322,4.9321],[128.4133,-3.5393,6.3118],[128.417,-3.5416,4.1776],[128.418,-3.5469,0.0],[128.4214,-3.55,6.2128],[128.4195,-3.557,3.4367],[128.422,-3.5591,5.3234],[128.424,-3.5667,6.7044],[128.4104,-3.5874,30.1398],[128.4122,-3.5934,0.0],[128.4168,-3.6001,14.8937],[128.4167,-3.6099,0.0],[128.4112,-3.618,69.0081],[128.3998,-3.6281,6.4259],[128.3995,-3.6315,0.0]]],
[[[128.6613,-3.6158,0.3767],[128.6653,-3.6061,12.4871],[128.6642,-3.5976,6.3275],[128.666,-3.5911,0.0],[128.6612,-3.5903,7.5831],[128.6543,-3.5847,4.3458],[128.6507,-3.5773,4.3522],[128.6555,-3.5732,0.0],[128.6585,-3.576,1.2303],[128.663,-3.5739,8.4521],[128.6667,-3.5765,0.0],[128.6757,-3.5765,0.0],[128.6771,-3.5784,0.0],[128.6821,-3.58,5.7806],[128.7028,-3.5931,1.7144],[128.7084,-3.6033,0.0],[128.7193,-3.6094,26.2084],[128.7232,-3.6204,7.4641],[128.7279,-3.6227,8.951],[128.734,-3.6189,0.0],[128.736,-3.6154,0.0],[128.7385,-3.6006,5.4158],[128.737,-3.5985,9.4239],[128.7369,-3.5894,0.0],[128.735,-3.5877,11.7045],[128.7363,-3.586,0.0],[128.735,-3.5811,72.8634],[128.736,-3.5739,0.0],[128.7326,-3.5681,20.4626],[128.7355,-3.5537,0.0],[128.7312,-3.5417,24.3394],[128.7325,-3.5388,2.4584],[128.7262,-3.5307,40.4971],[128.7294,-3.5243,0.0],[128.7303,-3.5126,1.071],[128.721,-3.5035,10.0113],[128.7178,-3.5023,0.0],[128.7156,-3.4981,18.1941],[128.7067,-3.4952,7.0958],[128.7007,-3.4962,0.0],[128.6938,-3.494,0.0],[128.6886,-3.507,0.0],[128.6886,-3.5159,2.8585],[128.6867,-3.5219,4.3991],[128.6866,-3.5308,4.2318],[128.6897,-3.5364,0.623],[128.686,-3.5419,1.0972],[128.6823,-3.5441,4.2609],[128.6581,-3.5294,0.0],[128.6438,-3.5283,0.0],[128.6393,-3.5312,0.0],[128.6373,-3.5289,8.5619],[128.637,-3.52,0.0],[128.6266,-3.5164,1.9618],[128.6198,-3.5075,1.8129],[128.61,-3.5032,3.5502],[128.6036,-3.4967,9.5186],[128.5932,-3.4983,6.3904],[128.578,-3.4937,3.4801],[128.5675,-3.497,3.6119],[128.5557,-3.5093,0.0],[128.554,-3.5159,0.0],[128.556,-3.5197,0.0],[128.5542,-3.5232,0.0],[128.5543,-3.5299,0.0],[128.572,-3.5484,0.0],[128.5933,-3.5515,0.0],[128.5972,-3.556,0.0],[128.6079,-3.5773,0.0],[128.6175,-3.585,0.0],[128.6273,-3.5858,0.0],[128.6212,-3.5916,8.3102],[128.6152,-3.5913,2.2685],[128.6109,-3.5886,7.1456],[128.6074,-3.5884,8.3505],[128.6081,-3.5952,7.7896],[128.6093,-3.5976,0.0],[128.6214,-3.6006,6.5012],[128.6269,-3.6045,10.0153],[128.6301,-3.6166,0.0],[128.6427,-3.6316,0.0],[128.6516,-3.6284,5.4322],[128.6571,-3.623,4.9459],[128.6613,-3.6158,0.3767]]],
[[[127.9302,-3.7651,0.0],[127.9304,-3.7647,0.0],[127.9298,-3.7645,0.0],[127.9298,-3.7648,0.0],[127.9302,-3.7651,0.0]]],
[[[128.1618,-3.7017,2.1034],[128.162,-3.7016,2.1034],[128.1619,-3.7015,2.1034],[128.1618,-3.7016,2.1034],[128.1618,-3.7017,2.1034]]],
[[[127.9106,-3.6792,2.6681],[127.9121,-3.6836,6.541],[127.9144,-3.6852,5.0761],[127.9153,-3.6792,2.9361],[127.9106,-3.6792,2.6681]]],
[[[127.9097,-3.675,0.0],[127.9115,-3.6727,0.0],[127.9082,-3.6712,0.0],[127.9069,-3.6741,10.5939],[127.9097,-3.675,0.0]]],
[[[128.779,-3.6923,7.4451],[128.7812,-3.6918,30.608],[128.7855,-3.6955,8.784],[128.7867,-3.6933,22.9206],[128.805,-3.6864,0.0],[128.8114,-3.6753,16.0404],[128.8079,-3.6655,2.4755],[128.8091,-3.6632,3.1713],[128.8061,-3.6488,0.4649],[128.8028,-3.6491,14.062],[128.8004,-3.6438,2.4338],[128.7976,-3.6447,26.6382],[128.7923,-3.6414,0.0],[128.7876,-3.6496,111.9308],[128.7812,-3.6508,2.1021],[128.7799,-3.6497,13.6818],[128.7807,-3.6462,3.6454],[128.7773,-3.645,35.4807],[128.7727,-3.6393,0.0],[128.7701,-3.6488,5.1697],[128.7664,-3.6479,0.0],[128.7652,-3.6454,2.9358],[128.7578,-3.6494,0.0],[128.7584,-3.6648,0.0],[128.7629,-3.681,16.3429],[128.7615,-3.6892,0.0],[128.7664,-3.6935,0.0],[128.779,-3.6923,7.4451]]],
[[[127.905,-3.6509,7.6428],[127.903,-3.6536,18.5735],[127.9062,-3.6551,9.8425],[127.9081,-3.6545,30.5497],[127.9114,-3.6491,0.0],[127.9107,-3.6486,0.0],[127.905,-3.6509,7.6428]]],
[[[128.2742,-3.7024,2.7491],[128.2893,-3.6965,0.0],[128.2948,-3.696,4.2816],[128.2962,-3.6978,0.0],[128.2987,-3.6965,0.0],[128.301,-3.6917,0.0],[128.3015,-3.6804,0.0],[128.298,-3.6689,0.0],[128.2912,-3.6586,4.4328],[128.2758,-3.645,12.9799],[128.2667,-3.641,2.6843],[128.2663,-3.6384,1.8415],[128.2643,-3.6382,1.8415],[128.2609,-3.6323,1.5629],[128.2573,-3.6312,1.1859],[128.2578,-3.6249,1.2099],[128.2612,-3.6187,2.7911],[128.276,-3.6174,2.2154],[128.2804,-3.6186,1.747],[128.2843,-3.6239,0.0206],[128.2927,-3.6216,1.0925],[128.3022,-3.6245,11.1348],[128.3071,-3.6275,6.3598],[128.3076,-3.6306,10.2775],[128.3102,-3.6325,3.6603],[128.3221,-3.6326,34.0237],[128.3305,-3.6351,0.0],[128.3332,-3.6344,5.9332],[128.3388,-3.6369,0.0],[128.3418,-3.6357,6.092],[128.3474,-3.6364,0.0],[128.3538,-3.6336,1.0226],[128.356,-3.6289,15.0539],[128.3558,-3.6181,5.0559],[128.3539,-3.6155,4.7275],[128.3574,-3.6104,12.3536],[128.3546,-3.5987,14.9401],[128.3439,-3.591,0.0],[128.3328,-3.5889,0.3689],[128.3294,-3.5868,0.223],[128.3294,-3.5849,0.7004],[128.3257,-3.581,0.0],[128.3251,-3.5706,0.0],[128.3219,-3.5671,0.0],[128.3262,-3.558,0.0],[128.3443,-3.5444,13.8314],[128.3531,-3.5286,0.0],[128.3529,-3.5224,0.0],[128.3475,-3.514,2.3412],[128.3457,-3.5081,5.5834],[128.3397,-3.5023,2.7706],[128.3359,-3.5017,2.8457],[128.3269,-3.5026,0.0],[128.3198,-3.5067,0.6491],[128.3151,-3.5061,0.0],[128.3075,-3.4989,0.0],[128.3016,-3.4972,0.0],[128.2935,-3.4909,0.0],[128.2889,-3.4902,4.5143],[128.279,-3.4936,27.5289],[128.2723,-3.4923,2.0018],[128.2648,-3.4955,16.2928],[128.2582,-3.4949,9.4929],[128.2542,-3.4965,35.8038],[128.2429,-3.5062,0.0],[128.2242,-3.5181,32.8519],[128.2168,-3.5301,68.2571],[128.2013,-3.543,14.8367],[128.1917,-3.5564,0.8635],[128.1834,-3.5627,0.0],[128.1787,-3.5732,0.0],[128.1807,-3.5791,3.3226],[128.1798,-3.5813,1.2959],[128.171,-3.5865,3.2469],[128.1384,-3.5906,7.8557],[128.135,-3.5864,1.4922],[128.1245,-3.5852,8.0492],[128.1092,-3.5871,1.9765],[128.1046,-3.5843,0.0],[128.0984,-3.5872,0.9229],[128.0908,-3.5814,2.6154],[128.0869,-3.5808,0.4025],[128.0834,-3.5827,3.0824],[128.0791,-3.5896,21.1197],[128.0762,-3.5902,7.8309],[128.0703,-3.5886,0.0],[128.0652,-3.5909,3.2296],[128.0566,-3.5889,0.4918],[128.0399,-3.5938,1.1672],[128.03,-3.5909,0.0],[128.0263,-3.5922,2.6972],[128.0196,-3.6058,32.0782],[128.0155,-3.6092,43.1328],[128.0103,-3.6105,8.4196],[128.0041,-3.6173,0.0],[127.9992,-3.6188,4.2656],[127.9913,-3.6294,0.0],[127.9861,-3.6296,1.9537],[127.9756,-3.6387,0.0],[127.9656,-3.6423,1.4641],[127.9637,-3.6446,0.0],[127.9635,-3.6526,0.0],[127.958,-3.6571,3.8564],[127.9533,-3.6649,3.5408],[127.9486,-3.6667,1.2489],[127.9449,-3.6723,8.0341],[127.9284,-3.6809,1.4869],[127.9214,-3.6918,13.1425],[127.9251,-3.7033,26.9368],[127.9246,-3.7068,0.0],[127.92,-3.7153,71.1415],[127.9168,-3.7152,3.3103],[127.9168,-3.7179,0.0],[127.9212,-3.7306,21.9114],[127.927,-3.7398,2.4287],[127.9332,-3.7455,110.9315],[127.9358,-3.7582,0.0],[127.9394,-3.7606,63.6314],[127.9396,-3.7679,79.4567],[127.9416,-3.7726,11.7266],[127.9533,-3.7772,0.0],[127.955,-3.7755,0.0],[127.9547,-3.7732,0.0],[127.9569,-3.7722,8.845],[127.9592,-3.7741,3.3634],[127.9651,-3.7729,17.4029],[127.9698,-3.7776,52.5321],[127.976,-3.7798,17.5235],[127.9795,-3.7804,25.7303],[127.9909,-3.778,13.1681],[127.9958,-3.7798,42.053],[128.0062,-3.7744,67.38],[128.006,-3.7723,86.0312],[128.0114,-3.7658,39.9077],[128.014,-3.7669,59.9075],[128.0175,-3.7641,45.2456],[128.0238,-3.7491,2.9481],[128.0345,-3.741,0.0],[128.0385,-3.7342,3.8972],[128.0577,-3.7275,9.7814],[128.0635,-3.7215,4.0396],[128.0706,-3.7201,2.3973],[128.0775,-3.7215,0.0],[128.0828,-3.7127,13.3504],[128.0855,-3.7156,8.6479],[128.0835,-3.7223,0.5081],[128.0847,-3.7232,0.0],[128.0994,-3.7146,0.0],[128.1054,-3.7004,0.9372],[128.1057,-3.6946,3.4359],[128.1068,-3.6952,0.0],[128.1086,-3.692,1.6951],[128.1113,-3.6919,0.9054],[128.1171,-3.6862,7.141],[128.1228,-3.6864,0.0],[128.136,-3.678,4.7622],[128.1398,-3.6773,1.263],[128.1477,-3.6709,12.7213],[128.1583,-3.6661,4.3935],[128.1638,-3.6666,0.0],[128.1779,-3.6613,0.0],[128.1891,-3.6632,0.0],[128.2016,-3.6592,0.0],[128.1988,-3.658,2.8542],[128.1999,-3.6564,1.2298],[128.1987,-3.6537,0.6104],[128.1948,-3.6505,0.894],[128.1937,-3.6433,1.4704],[128.1956,-3.6409,22.1979],[128.2014,-3.6382,0.3315],[128.2035,-3.6386,0.0],[128.2122,-3.6328,15.86],[128.222,-3.6339,2.1296],[128.2243,-3.6355,0.365],[128.2328,-3.628,0.1608],[128.236,-3.6305,0.8769],[128.2393,-3.6302,1.2885],[128.2443,-3.6381,7.8434],[128.2463,-3.6354,5.9693],[128.2462,-3.6371,9.9523],[128.245,-3.6386,7.8434],[128.234,-3.6445,0.0],[128.2321,-3.65,4.573],[128.2243,-3.6553,1.2943],[128.2162,-3.6545,0.0],[128.2034,-3.6636,9.4934],[128.1997,-3.6639,0.0],[128.194,-3.6733,14.701],[128.189,-3.6756,0.3321],[128.1876,-3.6816,2.0317],[128.1837,-3.6874,1.2276],[128.1734,-3.6964,0.0],[128.1717,-3.7021,3.9303],[128.169,-3.7038,1.5268],[128.1635,-3.701,0.0],[128.1549,-3.7072,0.0],[128.1472,-3.7221,26.8333],[128.1363,-3.7342,0.0],[128.13,-3.7453,0.0],[128.1315,-3.7521,11.1313],[128.1296,-3.7558,0.0],[128.1241,-3.7627,2.0904],[128.1129,-3.7662,0.0],[128.1047,-3.7715,61.9597],[128.0959,-3.7831,88.0464],[128.0912,-3.7864,0.0],[128.0895,-3.7928,16.3044],[128.0938,-3.7945,4.0939],[128.1131,-3.7849,0.0],[128.1162,-3.7815,0.0],[128.1355,-3.7746,0.0],[128.1525,-3.7708,4.536],[128.1533,-3.7669,0.0],[128.1519,-3.7626,9.1069],[128.1561,-3.7522,19.77],[128.16,-3.7497,0.0],[128.1709,-3.751,10.464],[128.1725,-3.7486,11.1126],[128.1832,-3.7443,24.0823],[128.1866,-3.7484,0.0],[128.1917,-3.7454,12.9851],[128.193,-3.7517,0.0],[128.1958,-3.7522,0.0],[128.1987,-3.7498,0.0],[128.2041,-3.7505,4.8836],[128.207,-3.7489,4.4446],[128.207,-3.7473,31.4881],[128.2128,-3.7485,2.6627],[128.2158,-3.7453,13.8187],[128.2165,-3.7473,0.0],[128.2198,-3.7487,0.0],[128.2229,-3.7471,12.7394],[128.2269,-3.7486,0.0],[128.2322,-3.7462,13.2375],[128.2322,-3.7444,26.3993],[128.2341,-3.7453,0.0],[128.2365,-3.7436,0.0],[128.2386,-3.7446,0.0],[128.2415,-3.7434,0.0],[128.2411,-3.738,4.5908],[128.2483,-3.7386,0.0],[128.2515,-3.7371,4.867],[128.2508,-3.7351,26.0876],[128.2524,-3.7337,0.0],[128.2646,-3.73,0.0],[128.2637,-3.7264,14.169],[128.2666,-3.7158,0.0],[128.2722,-3.7127,1.9255],[128.2692,-3.7093,4.3725],[128.2698,-3.7064,6.6646],[128.2742,-3.7024,2.7491]],
[[128.0939,-3.7944,4.0939],[128.0938,-3.7944,4.0939],[128.0939,-3.7943,4.0939],[128.0939,-3.7944,4.0939]],
[[128.1643,-3.7017,3.6855],[128.1638,-3.7013,3.6855],[128.1638,-3.7012,0.0],[128.1644,-3.7016,3.6855],[128.1643,-3.7017,3.6855]]],
[[[128.6036,-3.6368,0.0],[128.6052,-3.6414,2.1023],[128.6042,-3.6457,19.1785],[128.6107,-3.6574,4.7039],[128.6131,-3.656,15.2257],[128.6133,-3.6504,6.0296],[128.6079,-3.6309,32.2635],[128.6045,-3.6275,2.4474],[128.6036,-3.6368,0.0]]],
[[[128.1477,-3.3015,0.0],[128.1511,-3.298,0.0],[128.1493,-3.2985,0.0],[128.1444,-3.3024,0.0],[128.1392,-3.3084,9.9144],[128.1387,-3.3142,0.0],[128.1431,-3.3118,0.0],[128.1477,-3.3015,0.0]]],
[[[127.4739,-3.3035,2.5986],[127.4754,-3.3032,0.0],[127.4747,-3.3002,0.0],[127.4701,-3.3035,1.17],[127.4714,-3.3041,1.17],[127.4739,-3.3035,2.5986]]],
[[[127.612,-3.3027,0.0],[127.6072,-3.2982,19.2512],[127.6075,-3.2951,3.8064],[127.6046,-3.2901,0.0],[127.5961,-3.2858,0.0],[127.5917,-3.2777,0.0],[127.5866,-3.2744,0.0],[127.583,-3.2744,10.2499],[127.581,-3.2715,13.8403],[127.582,-3.2703,0.0],[127.5772,-3.2661,0.0],[127.5786,-3.265,0.0],[127.582,-3.2664,0.0],[127.5805,-3.2643,0.0],[127.5759,-3.2646,2.7966],[127.5723,-3.2679,0.0],[127.5709,-3.2679,0.0],[127.571,-3.2653,0.0],[127.5684,-3.2652,12.1652],[127.5713,-3.2622,3.6359],[127.5747,-3.2621,2.7256],[127.5745,-3.2586,4.1451],[127.5758,-3.2595,0.0],[127.5729,-3.2558,0.0],[127.5699,-3.2551,0.0],[127.5657,-3.2577,0.0],[127.5643,-3.2651,7.1872],[127.5597,-3.2639,0.0],[127.561,-3.2661,6.0189],[127.5598,-3.2663,11.8833],[127.5542,-3.2626,12.0228],[127.557,-3.2618,1.5735],[127.5511,-3.2594,0.0],[127.5465,-3.2598,0.0],[127.541,-3.2647,17.6166],[127.5385,-3.2631,14.4957],[127.5341,-3.2638,7.0576],[127.5321,-3.2663,15.3967],[127.5293,-3.266,7.2323],[127.5252,-3.2596,0.0],[127.5229,-3.26,0.0],[127.522,-3.2618,0.0],[127.5247,-3.265,4.6778],[127.5239,-3.2661,4.6778],[127.5278,-3.2699,10.1518],[127.5264,-3.2802,13.4253],[127.5174,-3.2842,0.0],[127.5131,-3.2887,0.0],[127.5062,-3.2894,0.0],[127.4876,-3.2981,8.068],[127.4872,-3.3008,16.1655],[127.4896,-3.3037,4.5161],[127.4883,-3.3073,0.0],[127.4907,-3.3065,116.7704],[127.4932,-3.3134,7.98],[127.4999,-3.3186,48.6797],[127.5062,-3.3305,0.0],[127.5128,-3.3311,67.2108],[127.5171,-3.3338,2.8036],[127.5302,-3.3372,5.1151],[127.5401,-3.338,8.9153],[127.5407,-3.3395,8.9153],[127.5517,-3.3379,3.5623],[127.5641,-3.3395,3.5828],[127.5818,-3.3443,21.2925],[127.5835,-3.3469,0.0],[127.5849,-3.3458,12.3556],[127.5882,-3.3479,2.9845],[127.5957,-3.3475,6.2041],[127.598,-3.3495,1.7848],[127.6008,-3.3484,0.7726],[127.6037,-3.3512,3.0105],[127.6059,-3.3595,16.1982],[127.6113,-3.3635,1.3266],[127.613,-3.3673,16.9627],[127.6168,-3.3692,3.6202],[127.6315,-3.3674,8.5874],[127.6414,-3.3714,0.0],[127.6569,-3.3664,5.7183],[127.66,-3.3615,0.0],[127.6588,-3.3558,0.0],[127.6557,-3.352,1.4433],[127.6459,-3.3481,11.2618],[127.6366,-3.3396,15.5582],[127.6321,-3.33,3.9113],[127.6323,-3.3182,3.5946],[127.6252,-3.307,1.5112],[127.622,-3.3048,0.0],[127.6184,-3.3078,1.6303],[127.6151,-3.308,11.0767],[127.612,-3.3027,0.0]]],
[[[127.6134,-3.3005,2.8834],[127.6171,-3.3007,1.5354],[127.6171,-3.2993,0.0],[127.6147,-3.2972,2.6546],[127.6127,-3.2992,4.739],[127.6134,-3.3005,2.8834]]],
[[[125.9968,-3.2362,9.8223],[125.9952,-3.2497,0.0],[125.997,-3.2527,9.3634],[126.0058,-3.242,8.8293],[126.0066,-3.239,11.896],[126.0046,-3.2327,31.7094],[126.0086,-3.2181,0.0],[126.0068,-3.2165,0.0],[125.9984,-3.226,0.0],[125.9968,-3.2362,9.8223]]],
[[[128.172,-3.2263,16.6868],[128.1721,-3.2167,0.0],[128.1703,-3.2156,1.1909],[128.1611,-3.2271,3.2969],[128.1551,-3.2318,0.0],[128.158,-3.2334,0.0],[128.1647,-3.2288,2.0635],[128.1678,-3.2301,0.0],[128.1708,-3.2292,8.3619],[128.1726,-3.2312,0.0],[128.172,-3.2263,16.6868]]],
[[[127.6384,-3.2225,0.0],[127.638,-3.2224,0.0],[127.638,-3.2228,0.0],[127.6383,-3.2226,0.0],[127.6384,-3.2225,0.0]]],
[[[127.5275,-3.2499,0.0],[127.5279,-3.2494,0.0],[127.529,-3.2491,0.0],[127.5274,-3.2491,0.0],[127.5275,-3.2499,0.0]]],
[[[127.5362,-3.2574,0.0],[127.5311,-3.2565,4.5248],[127.5289,-3.2585,1.8202],[127.5324,-3.2622,2.2934],[127.5385,-3.259,0.0],[127.5362,-3.2574,0.0]]],
[[[127.5613,-3.2584,0.0],[127.5641,-3.2546,1.674],[127.5617,-3.2505,0.0],[127.5484,-3.2463,9.6594],[127.5429,-3.2501,7.0003],[127.5422,-3.2542,4.5782],[127.5461,-3.2542,4.0389],[127.5493,-3.2569,5.0303],[127.5582,-3.2574,6.9096],[127.5594,-3.2619,0.0],[127.5613,-3.2584,0.0]]],
[[[127.9353,-3.1208,0.0],[127.9348,-3.1215,0.0],[127.9351,-3.1219,0.0],[127.9359,-3.1216,0.0],[127.9353,-3.1208,0.0]]],
[[[127.937,-3.1174,0.0],[127.9378,-3.1199,0.0],[127.9395,-3.1192,0.0],[127.9377,-3.1155,0.0],[127.937,-3.1174,0.0]]],
[[[127.9342,-3.1074,0.0],[127.933,-3.1082,2.6501],[127.9346,-3.1098,0.0],[127.9355,-3.1083,0.0],[127.9342,-3.1074,0.0]]],
[[[127.9307,-3.1057,0.0],[127.9303,-3.1075,0.0],[127.9317,-3.1075,0.0],[127.9323,-3.1067,0.0],[127.9307,-3.1057,0.0]]],
[[[127.935,-3.1168,0.0],[127.9352,-3.1164,0.0],[127.9346,-3.1161,0.0],[127.9346,-3.1167,0.0],[127.935,-3.1168,0.0]]],
[[[127.7946,-3.1929,2.9355],[127.7935,-3.1919,2.9355],[127.7944,-3.1893,3.968],[127.7903,-3.1861,1.8637],[127.7905,-3.1827,5.4246],[127.7977,-3.1847,0.0],[127.7995,-3.1812,0.0],[127.7914,-3.1753999999999998,0.0],[127.786,-3.1745,2.6242],[127.7842,-3.1711,0.0],[127.78,-3.1703,3.0576],[127.7752,-3.1646,3.8902],[127.7755,-3.1612,0.0],[127.7724,-3.1568,2.8107],[127.7673,-3.1566,7.4223],[127.7605,-3.1511,0.0],[127.7482,-3.1538,28.3261],[127.7409,-3.1585,5.2899],[127.7366,-3.1582,3.081],[127.7338,-3.1555,0.0],[127.7277,-3.1593,9.7296],[127.7213,-3.1596,55.3562],[127.7204,-3.1625,23.2193],[127.7099,-3.1679,0.0],[127.7053,-3.1739,9.2962],[127.6906,-3.1842,2.0234],[127.6835,-3.194,3.6198],[127.6702,-3.1981,10.3438],[127.6536,-3.2085,5.341],[127.6531,-3.2108,0.0],[127.6402,-3.221,2.4748],[127.638,-3.2258,0.0],[127.6413,-3.2287,12.0054],[127.6494,-3.2299,21.4921],[127.6556,-3.2332,0.0],[127.6592,-3.2389,2.4664],[127.6676,-3.246,55.2781],[127.6726,-3.2472,5.8922],[127.6768,-3.2523,2.7773],[127.7004,-3.2568,0.0],[127.7077,-3.2604,2.3114],[127.7354,-3.2561,9.8515],[127.7357,-3.2546,0.0],[127.751,-3.2481,0.0],[127.7672,-3.2504,6.948],[127.7702,-3.2487,12.7669],[127.7747,-3.249,22.1921],[127.7894,-3.2568,0.0],[127.7952,-3.2526,0.0],[127.7957,-3.2472,4.0565],[127.7929,-3.2421,29.6796],[127.7919,-3.2353,1.188],[127.7969,-3.2277,19.8482],[127.7963,-3.2263,19.8482],[127.8003,-3.2237,0.0],[127.8012,-3.2199,1.8132],[127.7987,-3.2137,4.6243],[127.7988,-3.2082,1.3484],[127.8007,-3.205,2.1987],[127.7994,-3.1981,0.0],[127.7964,-3.1947,4.344],[127.7971,-3.1935,8.0949],[127.7946,-3.1929,2.9355]]],
[[[127.8251,-3.1527,0.0],[127.813,-3.1512,0.0],[127.7957,-3.1527,0.0],[127.7853,-3.1518,13.7747],[127.7767,-3.1532,1.7148],[127.7757,-3.1554,0.0],[127.7788,-3.1606,62.1377],[127.7786,-3.1644,0.0],[127.7808,-3.1657,4.1389],[127.7869,-3.1625,2.9293],[127.7919,-3.1648,0.0],[127.7989,-3.1644,14.5059],[127.8007,-3.1684,0.0],[127.8062,-3.1722,0.0],[127.813,-3.1681,2.7826],[127.8109,-3.1623,4.0088],[127.8035,-3.1572,3.7868],[127.8152,-3.1571,18.1726],[127.8175,-3.1614,25.4217],[127.8171,-3.1646,0.0],[127.8192,-3.1626,26.0486],[127.8274,-3.1613,0.0],[127.8351,-3.1558,0.0],[127.8335,-3.1536,0.0],[127.8251,-3.1527,0.0]]],
[[[127.8392,-3.1554,0.0],[127.8399,-3.1553,0.0],[127.84,-3.1547,0.0],[127.8393,-3.1549,0.0],[127.8392,-3.1554,0.0]]],
[[[127.9373,-3.0996,0.0],[127.9373,-3.0982,0.0],[127.936,-3.0984,0.0],[127.9361,-3.1,0.0],[127.9373,-3.0996,0.0]]],
[[[127.9461,-3.0962,0.0],[127.9451,-3.0972,0.0],[127.9455,-3.0994,1.853],[127.9471,-3.0983,1.853],[127.9461,-3.0962,0.0]]],
[[[127.9508,-3.0926,0.0],[127.9494,-3.0918,0.0],[127.949,-3.0921,0.0],[127.9503,-3.0933,0.0],[127.9508,-3.0926,0.0]]],
[[[127.9559,-3.0897,0.0],[127.9554,-3.0899,0.0],[127.9551,-3.0909,0.0],[127.9556,-3.0909,0.0],[127.9559,-3.0897,0.0]]],
[[[128.0244,-3.0726,0.0],[128.0264,-3.0734,0.0],[128.0291,-3.0709,0.0],[128.029,-3.0692,0.0],[128.025,-3.0705,0.0],[128.0244,-3.0726,0.0]]],
[[[128.0886,-3.0547,0.0],[128.088,-3.0548,0.0],[128.088,-3.0555,0.0],[128.0885,-3.0554,0.0],[128.0886,-3.0547,0.0]]],
[[[128.0894,-3.0526,3.0079],[128.0907,-3.0531,0.363],[128.0898,-3.0522,3.0079],[128.092,-3.0512,0.0],[128.0916,-3.0466,0.0],[128.0885,-3.0485,3.2282],[128.0894,-3.0526,3.0079]]],
[[[128.084,-3.0562,0.0],[128.0835,-3.0562,0.0],[128.0833,-3.0567,0.0],[128.0839,-3.0567,0.0],[128.084,-3.0562,0.0]]],
[[[128.0807,-3.0524,0.744],[128.0795,-3.056,18.9127],[128.0816,-3.0578,8.8705],[128.0829,-3.0536,2.2281],[128.0807,-3.0524,0.744]]],
[[[127.9308,-3.1022,1.8546],[127.9315,-3.1013,0.0],[127.9299,-3.1003,0.0],[127.9278,-3.1011,0.0],[127.9289,-3.1029,1.8546],[127.9308,-3.1022,1.8546]]],
[[[127.9392,-3.0992,0.0],[127.9395,-3.1005,0.0],[127.9405,-3.1007,0.0],[127.9404,-3.0995,0.0],[127.9392,-3.0992,0.0]]],
[[[129.0241,-2.7615,0.0],[129.0238,-2.7637,0.0],[129.0248,-2.7644,0.0],[129.0253,-2.7622,0.0],[129.0241,-2.7615,0.0]]],
[[[129.0041,-2.7561,4.2306],[129.0033,-2.7543,0.0],[129.0013,-2.7543,0.0],[128.9987,-2.7572,0.0],[129.0044,-2.758,2.4751],[129.0041,-2.7561,4.2306]]],
[[[129.0213,-2.7521,3.2797],[129.023,-2.7547,0.0],[129.0235,-2.7518,10.0939],[129.0272,-2.7476,0.0],[129.0233,-2.7435,1.7015],[129.0191,-2.746,0.0],[129.0208,-2.748,0.0],[129.0201,-2.7508,1.9016],[129.0226,-2.7517,10.0939],[129.0213,-2.7521,3.2797]]],
[[[128.9963,-2.73,1.3213],[128.9971,-2.7287,1.4255],[128.9931,-2.7265,2.039],[128.988,-2.7254,2.598],[128.9812,-2.7303,7.6395],[128.9771,-2.7397,0.0],[128.9783,-2.7488,0.0],[128.9818,-2.7475,0.0],[128.9812,-2.7434,0.0],[128.9835,-2.7408,2.1604],[128.9891,-2.7419,0.0],[128.991,-2.7392,0.0],[128.9905,-2.7363,3.9513],[128.9963,-2.73,1.3213]]],
[[[128.7502,-1.5243,4.7574],[128.7525,-1.5228,0.0],[128.7526,-1.5178,0.0],[128.7486,-1.5225,5.0088],[128.7502,-1.5243,4.7574]]],
[[[128.63,-1.5053,0.0],[128.631,-1.512,8.2488],[128.6387,-1.5124,9.3146],[128.6461,-1.5081,2.6798],[128.6472,-1.5031,0.0],[128.6441,-1.499,3.1474],[128.6384,-1.4986,5.44],[128.6322,-1.5021,6.2316],[128.63,-1.5053,0.0]]],
[[[128.652,-1.486,0.0],[128.6501,-1.4886,0.0],[128.6504,-1.4924,0.0],[128.6619,-1.4885,0.0],[128.6629,-1.4861,0.0],[128.6602,-1.4817,0.0],[128.6573,-1.4821,0.0],[128.652,-1.486,0.0]]],
[[[128.9364,-1.393,0.0],[128.9354,-1.3929,0.0],[128.9353,-1.3935,0.0],[128.9367,-1.3939,0.0],[128.9364,-1.393,0.0]]],
[[[128.9301,-1.3833,0.0],[128.9257,-1.3788,17.3308],[128.9202,-1.3807,36.5458],[128.9156,-1.3793,8.1142],[128.9119,-1.3845,4.7925],[128.9119,-1.3932,18.3337],[128.9167,-1.3987,4.564],[128.9205,-1.3986,2.9218],[128.9295,-1.3903,0.0],[128.9309,-1.3868,0.0],[128.9301,-1.3833,0.0]]],
[[[128.729,-1.5217,0.0],[128.7362,-1.5192,0.0],[128.738,-1.5155,0.0],[128.7357,-1.5072,0.0],[128.732,-1.5052,16.469],[128.7263,-1.5056,3.0225],[128.723,-1.5111,0.0],[128.7244,-1.5199,0.0],[128.729,-1.5217,0.0]]],
[[[128.7135,-1.5091,0.0],[128.7104,-1.5072,3.9246],[128.7076,-1.509,6.0275],[128.7046,-1.5114,0.0],[128.7058,-1.5155,3.7427],[128.7099,-1.5183,0.0],[128.7139,-1.5185,0.0],[128.716,-1.5135,6.6835],[128.7135,-1.5091,0.0]]],
[[[128.0918,-3.0394,2.5585],[128.0918,-3.0391,2.5585],[128.091,-3.0391,0.0],[128.0914,-3.0397,0.0],[128.0918,-3.0394,2.5585]]],
[[[127.8323,-3.0366,0.0],[127.8305,-3.0367,0.0],[127.8315,-3.0386,0.0],[127.8331,-3.0379,0.0],[127.8323,-3.0366,0.0]]],
[[[128.0904,-3.0373,0.6475],[128.0906,-3.0378,0.6475],[128.0915,-3.0378,1.1886],[128.0904,-3.0367,0.6475],[128.0904,-3.0373,0.6475]]],
[[[128.0792,-3.0221,0.0],[128.0756,-3.0213,1.3248],[128.0705,-3.0236,0.0],[128.0779,-3.0238,0.0],[128.0792,-3.0221,0.0]]],
[[[128.0741,-3.0329,0.0],[128.0722,-3.0349,1.2569],[128.0728,-3.0371,0.9064],[128.0756,-3.0346,0.6615],[128.0741,-3.0329,0.0]]],
[[[128.0841,-3.0211,0.1951],[128.0823,-3.0215,0.2961],[128.082,-3.0221,0.2961],[128.0861,-3.0208,0.7033],[128.0841,-3.0211,0.1951]]],
[[[128.0491,-3.0171,0.7758],[128.0518,-3.0187,2.0307],[128.0555,-3.0167,0.9385],[128.0602,-2.9994,6.5865],[128.0586,-2.9948,2.2922],[128.0546,-2.9947,18.6686],[128.0502,-2.9997,0.0],[128.0464,-3.0153,0.0],[128.0491,-3.0171,0.7758]]],
[[[127.8666,-2.9628,0.0],[127.8666,-2.9649,0.0],[127.8698,-2.9631,0.0],[127.8677,-2.9608,0.0],[127.8666,-2.9628,0.0]]],
[[[127.9002,-2.9228,0.0],[127.9002,-2.9221,0.0],[127.8997,-2.9221,0.0],[127.8998,-2.9227,0.0],[127.9002,-2.9228,0.0]]],
[[[127.8975,-2.9252,0.0],[127.8994,-2.9257,6.2359],[127.9016,-2.9236,0.2853],[127.8997,-2.9236,0.0],[127.8975,-2.9252,0.0]]],
[[[129.1804,-2.9173,0.4528],[129.1784,-2.9161,0.0],[129.1756,-2.9183,2.9579],[129.1734,-2.916,0.0],[129.1688,-2.9217,1.4112],[129.1745,-2.9221,4.3858],[129.1789,-2.9248,0.0],[129.1804,-2.9173,0.4528]]],
[[[129.2229,-2.9103,0.0],[129.2213,-2.9131,0.0],[129.224,-2.9137,0.0],[129.2247,-2.9111,0.0],[129.2229,-2.9103,0.0]]],
[[[129.2393,-2.9008,0.0],[129.2369,-2.8981,0.0],[129.2359,-2.899,0.0],[129.2368,-2.902,0.0],[129.2393,-2.9008,0.0]]],
[[[129.0612,-2.787,6.8964],[129.0656,-2.7858,9.729],[129.0672,-2.7835,5.9187],[129.0639,-2.7815,11.2568],[129.059,-2.7861,8.8102],[129.0602,-2.7877,6.3646],[129.0612,-2.787,6.8964]]],
[[[129.2258,-2.9031,0.0],[129.2283,-2.9055,0.0],[129.231,-2.905,0.0],[129.2294,-2.9026,0.0],[129.2258,-2.9031,0.0]]],
[[[129.2058,-2.9037,0.0],[129.2088,-2.9061,0.0],[129.2149,-2.9017,0.0],[129.2072,-2.9012,0.0],[129.2058,-2.9037,0.0]]],
[[[129.0726,-2.9003,0.0],[129.0707,-2.903,0.0],[129.0748,-2.9049,1.0154],[129.0823,-2.8963,2.3098],[129.0793,-2.8919,0.0],[129.0743,-2.8893,0.0],[129.0691,-2.8939,17.3107],[129.07,-2.8964,0.0],[129.0725,-2.8972,5.8129],[129.0726,-2.9003,0.0]]],
[[[129.1673,-2.9242,0.9823],[129.1644,-2.919,0.0],[129.1613,-2.9169,0.0],[129.1594,-2.9182,3.7609],[129.1649,-2.9247,0.0],[129.1644,-2.9268,0.0],[129.1669,-2.9266,0.0],[129.1673,-2.9242,0.9823]]],
[[[127.944,-3.0169,5.9171],[127.9536,-3.0101,0.0],[127.9637,-2.998,10.1174],[127.9711,-2.9734,5.4324],[128.0017,-2.9459,1.8572],[128.004,-2.94,6.656],[128.0022,-2.9348,2.8826],[127.9907,-2.9239,0.0],[127.9709,-2.9226,0.0],[127.9622,-2.9253,12.6909],[127.9521,-2.9258,0.0],[127.9348,-2.9195,1.9655],[127.9245,-2.9113,1.9321],[127.9131,-2.9154,15.2025],[127.912,-2.9167,3.565],[127.9131,-2.9199,13.8309],[127.9185,-2.9222,24.9483],[127.9241,-2.9199,0.0],[127.9328,-2.9276,1.0487],[127.9379,-2.9289,3.32],[127.9413,-2.9368,10.9512],[127.9414,-2.9408,8.2854],[127.9366,-2.9412,2.6847],[127.9297,-2.9383,3.9342],[127.9271,-2.9348,2.2963],[127.9247,-2.9349,0.6785],[127.9234,-2.9393,25.6934],[127.9174,-2.9448,2.6079],[127.915,-2.9499,14.6013],[127.9092,-2.9527,0.7891],[127.9066,-2.9512,0.0],[127.9069,-2.9549,9.8771],[127.9039,-2.9521,1.1337],[127.9047,-2.9559,4.5173],[127.9015,-2.9558,0.0],[127.8941,-2.9599,66.2122],[127.8888,-2.9611,21.9617],[127.8843,-2.9592,0.0],[127.8779,-2.9612,5.2262],[127.8785,-2.9638,67.0955],[127.877,-2.9655,3.0907],[127.8795,-2.9689,51.7118],[127.876,-2.9757,82.6907],[127.8718,-2.9771,5.811],[127.8678,-2.9936,54.1337],[127.869,-3.004,59.5025],[127.8654,-3.0087,13.9292],[127.8622,-3.0093,0.0],[127.8528,-3.0175,7.4998],[127.8448,-3.0167,14.1631],[127.8416,-3.0231,12.7181],[127.831,-3.0309,0.0],[127.8288,-3.0344,3.4133],[127.8422,-3.0327,32.7845],[127.8457,-3.0381,0.0],[127.853,-3.0356,13.2784],[127.8582,-3.0365,1.7854],[127.8634,-3.0399,0.0],[127.8747,-3.0347,0.659],[127.8791,-3.038,0.0],[127.8884,-3.0385,0.885],[127.8933,-3.0364,2.5535],[127.8912,-3.0385,0.0],[127.8924,-3.041,7.4666],[127.8977,-3.0408,5.2203],[127.9046,-3.0381,0.0],[127.9145,-3.0386,0.0],[127.9257,-3.033,0.0],[127.9292,-3.0276,0.0],[127.944,-3.0169,5.9171]]],
[[[127.9245,-2.9253,6.4547],[127.9189,-2.9231,15.2761],[127.9189,-2.9263,116.4975],[127.8985,-2.9326,0.6514],[127.8862,-2.9465,65.7866],[127.879,-2.9508,1.304],[127.8746,-2.9586,0.0],[127.8817,-2.9564,4.1211],[127.8891,-2.9581,0.0],[127.8975,-2.9512,42.5631],[127.9098,-2.9489,6.3569],[127.9115,-2.9437,2.3103],[127.9215,-2.937,0.0],[127.9249,-2.9279,0.0],[127.9245,-2.9253,6.4547]]],
[[[127.9106,-2.9196,0.0],[127.9106,-2.9176,3.565],[127.9074,-2.9178,0.0],[127.9041,-2.9231,0.0],[127.9089,-2.9231,0.0],[127.9106,-2.9196,0.0]]],
[[[129.0434,-2.7812,3.2032],[129.0437,-2.7826,6.1375],[129.0466,-2.7819,0.0],[129.0456,-2.7801,5.7274],[129.0434,-2.7812,3.2032]]],
[[[130.8264,-3.8808,0.0],[130.8268,-3.8796,0.0],[130.8265,-3.879,0.0],[130.8254,-3.8801,0.0],[130.8264,-3.8808,0.0]]],
[[[130.825,-3.8798,0.0],[130.8249,-3.8786,0.0],[130.8235,-3.879,0.0],[130.8238,-3.8803,0.0],[130.825,-3.8798,0.0]]],
[[[130.8676,-3.8785,0.0],[130.8663,-3.8806,0.0],[130.8669,-3.8816,0.0],[130.8687,-3.8792,0.0],[130.8676,-3.8785,0.0]]],
[[[130.8279,-3.8777,0.0],[130.8282,-3.8768,0.0],[130.8275,-3.8764,0.0],[130.8269,-3.8769,0.0],[130.8279,-3.8777,0.0]]],
[[[130.8718,-3.8778,0.0],[130.8718,-3.8767,0.0],[130.8704,-3.8773,0.0],[130.8709,-3.8783,0.0],[130.8718,-3.8778,0.0]]],
[[[130.8196,-3.8748,0.0],[130.8203,-3.8743,0.0],[130.82,-3.8737,0.0],[130.8189,-3.8741,0.0],[130.8196,-3.8748,0.0]]],
[[[130.8768,-3.8692,0.0],[130.8665,-3.8641,0.0],[130.86448360655737,-3.862016393442623,0.0],[130.8644,-3.8621,0.0],[130.8644,-3.86193,0.0],[130.8635,-3.861,0.0],[130.8616,-3.8622,0.0],[130.8697,-3.8685,0.0],[130.8768,-3.8692,0.0]]],
[[[130.8644,-3.86193,0.0],[130.86448360655737,-3.862016393442623,0.0],[130.8645,-3.862,0.0],[130.8644,-3.8619,0.0],[130.8644,-3.86193,0.0]]],
[[[130.8182,-3.8546,3.7115],[130.8049,-3.8548,4.423],[130.7991,-3.8529,0.0],[130.7954,-3.8546,2.3582],[130.7923,-3.8614,0.0],[130.8155,-3.8727,0.0],[130.8229,-3.8719,0.0],[130.8266,-3.8688,0.9446],[130.8243,-3.868,1.0814],[130.8238,-3.8559,4.9358],[130.8221,-3.8538,4.9015],[130.8182,-3.8546,3.7115]]],
[[[130.7182,-3.8499,0.0],[130.7188,-3.8538,0.0],[130.7215,-3.8505,0.0],[130.7193,-3.8493,0.0],[130.7199,-3.8476,0.0],[130.7182,-3.8499,0.0]]],
[[[130.7669,-3.85,0.0],[130.767,-3.851,0.0],[130.7683,-3.8507,0.0],[130.7676,-3.85,0.0],[130.7669,-3.85,0.0]]],
[[[130.7703,-3.8478,0.0],[130.7704,-3.8487,0.0],[130.7715,-3.8485,0.0],[130.7714,-3.8477,0.0],[130.7703,-3.8478,0.0]]],
[[[126.5455,-3.791,2.3068],[126.5528,-3.7906,25.8612],[126.5585,-3.7937,0.0],[126.5625,-3.7928,12.0929],[126.5662,-3.7967,0.0],[126.5823,-3.8035,0.0],[126.5862,-3.8037,2.116],[126.5896,-3.8101,0.0],[126.5932,-3.8118,0.0],[126.5984,-3.8085,7.7237],[126.6047,-3.8132,65.646],[126.6044,-3.8178,61.9865],[126.6063,-3.8201,13.9038],[126.6097,-3.821,28.8871],[126.6129,-3.817,12.5085],[126.6145,-3.8175,51.7086],[126.6187,-3.8221,1.5001],[126.6145,-3.8245,22.9249],[126.62,-3.8278,9.8503],[126.622,-3.8275,66.0105],[126.6255,-3.8225,4.2677],[126.6367,-3.8221,2.1626],[126.6444,-3.8306,7.4979],[126.65,-3.832,10.3668],[126.6554,-3.8378,19.3879],[126.6696,-3.8434,5.0374],[126.6741,-3.8556,7.2672],[126.6873,-3.8614,0.0],[126.6944,-3.8617,0.0],[126.705,-3.8551,0.0],[126.7063,-3.8511,7.7628],[126.7149,-3.8493,6.4857],[126.7217,-3.8457,3.4339],[126.7284,-3.8461,6.5548],[126.7332,-3.8486,0.0],[126.7357,-3.8502,4.1356],[126.7356,-3.8559,58.0966],[126.7412,-3.8574,2.9892],[126.7425,-3.8551,3.2462],[126.7403,-3.8537,10.2434],[126.7439,-3.8494,0.6038],[126.7869,-3.8183,0.0],[126.8118,-3.8043,2.9522],[126.8173,-3.8038,5.4508],[126.848,-3.7899,5.3871],[126.8533,-3.79,0.0],[126.8652,-3.785,0.0],[126.8736,-3.7841,21.2034],[126.8846,-3.7903,0.0],[126.8922,-3.7907,0.0],[126.8926,-3.7882,3.8273],[126.9031,-3.7805,2.9016],[126.9201,-3.7742,25.5659],[126.9235,-3.7766,0.0],[126.9364,-3.7736,3.1437],[126.9441,-3.77,2.6211],[126.9477,-3.7721,5.6947],[126.9552,-3.7705,12.0473],[126.9594,-3.7627,5.279],[126.9582,-3.7576,3.1722],[126.962,-3.7539,3.4556],[126.9731,-3.745,0.8576],[126.9839,-3.7443,0.0],[126.9952,-3.7265,1.166],[126.9993,-3.7229,4.0458],[127.05029999999999,-3.6895,10.4691],[127.0711,-3.683,3.9641],[127.0951,-3.6833,0.0],[127.0965,-3.6813,0.0],[127.1002,-3.6815,0.0],[127.1166,-3.6655,2.4689],[127.1237,-3.6637,4.7413],[127.1307,-3.6641,0.0],[127.1363,-3.6612,8.7539],[127.1448,-3.6619,3.6666],[127.1477,-3.6653,0.0],[127.162,-3.6666,14.3094],[127.1691,-3.6719,0.0],[127.1749,-3.6741,0.0],[127.1849,-3.6753,5.0551],[127.1871,-3.6742,29.5269],[127.1899,-3.6763,0.0],[127.197,-3.673,0.0],[127.1996,-3.6735,0.0],[127.2034,-3.6688,113.5025],[127.2059,-3.6684,51.5703],[127.2098,-3.6645,95.5927],[127.2151,-3.6632,17.0942],[127.2266,-3.6469,51.6105],[127.2333,-3.6435,9.1192],[127.2343,-3.6369,9.5336],[127.2387,-3.6336,0.0],[127.2404,-3.6267,0.0],[127.2398,-3.6159,1.8367],[127.243,-3.6138,8.252],[127.2441,-3.6054,0.0],[127.2474,-3.6019,5.0632],[127.2515,-3.5923,10.4211],[127.25,-3.5828,0.0],[127.2459,-3.5755,0.0],[127.2448,-3.5691,0.0],[127.2487,-3.5561,0.0],[127.2464,-3.5501,0.0],[127.2508,-3.5444,6.4162],[127.2517,-3.5294,9.9868],[127.2495,-3.5254,4.5778],[127.2502,-3.4948,0.0],[127.2489,-3.492,8.8101],[127.2504,-3.4672,7.702],[127.2485,-3.4501,4.0119],[127.2508,-3.4467,1.5759],[127.2504,-3.4369,5.044],[127.2543,-3.4308,0.0],[127.2526,-3.4272,11.1375],[127.2537,-3.4156,22.6819],[127.2553,-3.4117,3.5875],[127.2684,-3.3964,0.0],[127.2689,-3.3894,1.8122],[127.2666,-3.3848,3.7113],[127.2569,-3.372,0.0],[127.2482,-3.3721,1.8658],[127.2436,-3.3668,10.6769],[127.2239,-3.3618,4.554],[127.2199,-3.3571,3.022],[127.204,-3.3584,4.9846],[127.1822,-3.3559,0.0],[127.1791,-3.3531,7.8988],[127.1795,-3.347,5.9945],[127.177,-3.344,0.0],[127.1688,-3.3412,0.0],[127.1638,-3.3354,0.0],[127.1555,-3.3391,0.0],[127.1421,-3.35,7.4959],[127.1381,-3.3587,0.0],[127.1385,-3.3601,0.0],[127.1402,-3.3594,2.7529],[127.141,-3.3621,4.1652],[127.139,-3.3695,12.9198],[127.1397,-3.3736,12.2284],[127.1348,-3.379,2.2649],[127.1314,-3.3788,13.6835],[127.1246,-3.3827,0.6622],[127.1203,-3.3832,2.9372],[127.1072,-3.3806,1.5512],[127.0974,-3.3763,12.0098],[127.0923,-3.3721,1.7898],[127.0758,-3.3738,2.3437],[127.072,-3.3643,0.0],[127.0725,-3.3581,2.2982],[127.0707,-3.3584,3.7792],[127.0694,-3.352,0.0],[127.0717,-3.3496,0.0],[127.0687,-3.346,15.9851],[127.0722,-3.3413,0.0],[127.0687,-3.3378,19.986],[127.072,-3.3331,0.0],[127.0732,-3.3219,0.0],[127.0553,-3.329,0.0],[127.0528,-3.3366,6.0175],[127.0493,-3.3354,6.5732],[127.0429,-3.3288,0.0],[127.0442,-3.3201,0.0],[127.0416,-3.3158,8.2433],[127.0437,-3.3129,0.0],[127.0406,-3.3004,4.5479],[127.0399,-3.2907,8.0784],[127.0346,-3.2763,0.0],[127.0306,-3.2745,2.3447],[127.0307,-3.2731,2.3447],[127.0346,-3.2722,0.0],[127.0347,-3.2654,0.0],[127.0307,-3.265,5.3482],[127.0349,-3.2638,0.5785],[127.0439,-3.2653,0.0],[127.0561,-3.2618,3.9388],[127.062,-3.2663,0.0],[127.0644,-3.2655,0.5228],[127.0649,-3.2607,2.4019],[127.0659,-3.2624,0.533],[127.0687,-3.2625,0.3713],[127.0722,-3.2599,0.0],[127.0805,-3.2623,3.6488],[127.0789,-3.2647,0.0],[127.0823,-3.2643,4.5366],[127.0886,-3.2696,2.0113],[127.0954,-3.2773,0.0],[127.0953,-3.2836,0.0],[127.0991,-3.2847,0.0],[127.1118,-3.2796,0.8148],[127.1168,-3.2804,0.0],[127.1221,-3.2745,7.4434],[127.1196,-3.2718,6.6912],[127.1197,-3.2646,5.0224],[127.1135,-3.2607,1.0607],[127.1121,-3.2572,0.0],[127.1113,-3.2336,2.486],[127.1063,-3.225,0.0],[127.1019,-3.2233,1.7396],[127.0906,-3.211,0.0],[127.0835,-3.2053,0.5418],[127.0795,-3.2039,0.5062],[127.0726,-3.1957,1.4116],[127.0555,-3.1804,1.1396],[127.0375,-3.1708,0.0],[127.0296,-3.1726,1.1807],[127.0266,-3.169,0.0],[127.0269,-3.1668,0.0],[127.0184,-3.1576,0.0],[126.9906,-3.1427,0.0],[126.9879,-3.1398,2.7583],[126.9837,-3.1379,0.0],[126.9783,-3.1391,2.1951],[126.9576,-3.1378,0.0],[126.9502,-3.1409,0.0],[126.9327,-3.1432,4.6512],[126.9235,-3.1394,0.0],[126.9126,-3.1251,0.0],[126.9092,-3.1227,2.4609],[126.9061,-3.1227,0.0],[126.9001,-3.1271,2.9324],[126.8911,-3.1274,3.0497],[126.8857,-3.1233,0.0],[126.8818,-3.1076,0.0],[126.8719,-3.1011,0.0],[126.8674,-3.0957,0.0],[126.8578,-3.0902,7.9022],[126.85,-3.0895,2.0121],[126.838,-3.0853,11.0315],[126.8197,-3.0712,0.0],[126.7907,-3.0589,0.0],[126.7757,-3.0571,8.7086],[126.7693,-3.0609,0.0],[126.761,-3.0597,12.8192],[126.7543,-3.0607,7.4571],[126.7406,-3.0598,12.9914],[126.7345,-3.0578,0.0],[126.7082,-3.0563,8.0231],[126.7,-3.0602,0.0],[126.6974,-3.0666,6.6402],[126.6951,-3.0673,2.7581],[126.6827,-3.0614,34.0622],[126.6807,-3.0616,0.0],[126.6805,-3.0661,0.0],[126.6783,-3.0691,2.8402],[126.6588,-3.0696,10.9196],[126.6525,-3.0716,17.7201],[126.6104,-3.0679,1.487],[126.598,-3.0639,0.0],[126.5892,-3.0681,6.019],[126.5683,-3.072,4.6412],[126.5161,-3.0711,0.0],[126.5021,-3.0772,0.0],[126.4829,-3.0785,7.7348],[126.4736,-3.0831,3.2784],[126.4638,-3.0846,7.5981],[126.4544,-3.0828,0.0],[126.4371,-3.0838,0.0],[126.4272,-3.0816,5.7893],[126.4234,-3.0792,0.0],[126.4164,-3.0816,8.2547],[126.406,-3.0806,0.0],[126.3927,-3.0881,0.0],[126.3891,-3.0933,8.1299],[126.379,-3.0952,4.3239],[126.3641,-3.094,0.0],[126.3459,-3.1009,0.0],[126.3256,-3.1001,9.0436],[126.2996,-3.0934,5.3459],[126.2925,-3.098,4.6479],[126.2845,-3.1078,0.0],[126.2728,-3.1151,11.5114],[126.2607,-3.1324,1.7401],[126.2492,-3.1312,1.2453],[126.2341,-3.1325,0.8779],[126.2275,-3.1378,1.997],[126.2216,-3.1531,10.7784],[126.221,-3.1587,14.4766],[126.2224,-3.1675,0.0],[126.226,-3.1722,0.0],[126.2275,-3.1796,18.1761],[126.2223,-3.1835,5.8499],[126.2153,-3.1826,1.4151],[126.2034,-3.1859,2.924],[126.1893,-3.1853,8.5094],[126.1631,-3.1759,1.9564],[126.1588,-3.1715,1.4731],[126.15,-3.1693,0.0],[126.1368,-3.1631,4.7769],[126.1304,-3.1576,0.0],[126.1281,-3.1528,1.0917],[126.1256,-3.1522,2.6068],[126.1203,-3.1467,5.6479],[126.1181,-3.1409,0.0],[126.1106,-3.1347,11.8915],[126.1103,-3.1246,6.4807],[126.1073,-3.117,3.973],[126.1012,-3.1129,0.0],[126.0901,-3.1124,1.4217],[126.0822,-3.1283,10.873],[126.0743,-3.1325,0.0],[126.0648,-3.1428,2.5728],[126.053,-3.1487,10.1404],[126.0465,-3.1494,1.2306],[126.0422,-3.1558,17.7877],[126.0352,-3.1594,0.0],[126.0224,-3.1727,0.0],[126.0178,-3.173,10.7327],[126.016,-3.1842,0.0],[126.0175,-3.1886,14.4067],[126.0128,-3.1906,0.0],[126.0117,-3.194,4.6864],[126.0168,-3.2045,0.0],[126.0172,-3.2099,0.0],[126.0152,-3.2116,3.0136],[126.0164,-3.214,0.6487],[126.0146,-3.2173,0.0],[126.0145,-3.2221,0.0],[126.0159,-3.2258,0.0],[126.0151,-3.2331,0.0],[126.0182,-3.2376,4.087],[126.0078,-3.2456,5.3305],[126.0076,-3.2581,76.0542],[126.005,-3.2628,26.4744],[126.0061,-3.2741,0.0],[126.0078,-3.2739,7.1057],[126.0101,-3.2803,29.0666],[126.009,-3.2855,74.9167],[126.0101,-3.2915,1.1794],[126.006,-3.2993,10.9388],[126.0124,-3.3052,0.0],[126.006,-3.3122,0.0],[126.0059,-3.3166,0.0],[126.0079,-3.3247,0.0],[126.0177,-3.3315,1.6477],[126.0184,-3.3348,2.1726],[126.0103,-3.3444,0.5226],[126.0068,-3.3588,0.0],[126.0111,-3.369,1.3012],[126.018,-3.3719,9.1238],[126.022,-3.3838,0.0],[126.0359,-3.3962,10.8704],[126.04,-3.398,1.3443],[126.0383,-3.402,2.9268],[126.0398,-3.4067,0.0],[126.0374,-3.4213,0.0],[126.0383,-3.4259,2.4487],[126.0451,-3.4371,6.9499],[126.0452,-3.4414,0.0],[126.0544,-3.4511,11.0086],[126.0545,-3.4539,7.5315],[126.0571,-3.4567,0.0],[126.0658,-3.4618,0.0],[126.0736,-3.4778,7.6054],[126.0816,-3.4828,24.058],[126.0891,-3.4828,6.5492],[126.0948,-3.4848,0.0],[126.0968,-3.4875,2.5762],[126.1045,-3.4914,18.1655],[126.1067,-3.4957,5.5836],[126.1155,-3.4972,2.0551],[126.1252,-3.5018,11.1383],[126.1264,-3.5069,10.8292],[126.1353,-3.511,7.4972],[126.1367,-3.5132,0.8681],[126.1366,-3.5178,2.3124],[126.1512,-3.5259,9.2091],[126.1524,-3.5333,0.0],[126.1609,-3.541,0.7334],[126.1617,-3.5476,5.3848],[126.164,-3.5519,0.76],[126.1639,-3.5564,0.0],[126.1659,-3.5621,10.1972],[126.1631,-3.5808,0.0],[126.1674,-3.5868,0.0],[126.1676,-3.5935,2.2781],[126.1728,-3.5983,0.0],[126.18,-3.6115,0.0],[126.1928,-3.619,6.8472],[126.1967,-3.6241,0.0],[126.2222,-3.6182,0.0],[126.232,-3.6188,2.2995],[126.2419,-3.6267,0.0],[126.2522,-3.631,6.5468],[126.2547,-3.635,0.0],[126.2649,-3.6416,2.2219],[126.2692,-3.6512,0.0],[126.2764,-3.655,0.0],[126.2802,-3.6602,5.6932],[126.2805,-3.6642,12.8623],[126.3018,-3.6701,5.7627],[126.3102,-3.6746,0.0],[126.3267,-3.6765,0.0],[126.3358,-3.68,0.0],[126.3447,-3.6885,4.9956],[126.3492,-3.7018,0.0],[126.3532,-3.7034,0.0],[126.372,-3.7047,3.1377],[126.3735,-3.7083,9.6181],[126.3854,-3.7179,0.0],[126.392,-3.7192,17.2715],[126.3932,-3.7135,81.0833],[126.3949,-3.7138,0.0],[126.3996,-3.7094,66.2663],[126.4017,-3.714,0.0],[126.3949,-3.7163,12.9873],[126.3958,-3.7193,0.0],[126.3999,-3.7204,0.0],[126.4083,-3.7272,18.1359],[126.4109,-3.7268,60.1703],[126.4141,-3.7331,0.0],[126.4318,-3.7396,11.2074],[126.4361,-3.744,0.0],[126.4403,-3.7426,12.2242],[126.4394,-3.746,55.605],[126.4411,-3.7485,0.0],[126.4496,-3.7525,0.0],[126.452,-3.747,6.7823],[126.4554,-3.7477,3.7902],[126.4554,-3.7575,0.0],[126.4666,-3.7614,11.8885],[126.4705,-3.765,0.0],[126.4843,-3.7664,0.0],[126.4869,-3.7722,3.5497],[126.4899,-3.7705,28.3172],[126.4931,-3.7715,0.0],[126.4977,-3.7791,0.0],[126.5018,-3.7798,1.0768],[126.502,-3.7829,0.0],[126.5005,-3.784,0.0],[126.502,-3.7854,6.773],[126.5037,-3.786,13.7813],[126.5059,-3.7817,12.6362],[126.5116,-3.7793,2.5873],[126.5183,-3.7831,0.0],[126.5217,-3.782,4.6936],[126.5217,-3.7902,5.432],[126.5152,-3.7915,17.4962],[126.514,-3.7932,0.0],[126.5148,-3.795,0.0],[126.5314,-3.7965,0.0],[126.5363,-3.7925,3.8168],[126.5455,-3.791,2.3068]]],
[[[129.4359,-3.4319,0.0],[129.4402,-3.4314,0.0],[129.4533,-3.4358,5.9326],[129.4683,-3.4453,1.4477],[129.474,-3.4465,0.0],[129.4776,-3.4496,0.0],[129.4797,-3.4551,0.0],[129.4825,-3.4567,0.0],[129.4863,-3.458,0.0],[129.4888,-3.4565,0.0],[129.4976,-3.4576,17.4196],[129.5004,-3.4614,0.0],[129.5077,-3.4623,29.3],[129.5212,-3.4677,5.8629],[129.5251,-3.4668,8.5343],[129.5289,-3.4703,0.0],[129.5384,-3.4719,0.0],[129.5412,-3.4704,0.0],[129.542,-3.468,1.4947],[129.5439,-3.4703,0.0],[129.5488,-3.47,0.0],[129.5538,-3.4681,0.0],[129.5591,-3.4625,0.0],[129.5608,-3.4591,0.0],[129.5584,-3.4545,11.1368],[129.5592,-3.453,0.0],[129.5625,-3.453,0.0],[129.568,-3.4477,0.0],[129.5672,-3.4394,0.0],[129.5693,-3.4304,0.0],[129.566,-3.4223,8.4006],[129.5668,-3.4195,2.3636],[129.5645,-3.4165,16.5571],[129.566,-3.4129,0.0],[129.5609,-3.4023,0.0],[129.5607,-3.3985,0.0],[129.5517,-3.3876,0.0],[129.551,-3.3826,0.0],[129.546,-3.3772,1.127],[129.5442,-3.3759,0.0],[129.5421,-3.3779,5.7328],[129.5391,-3.3757,10.7599],[129.5314,-3.3625,8.7261],[129.5314,-3.3578,2.1837],[129.5283,-3.3548,1.9344],[129.5264,-3.3555,4.5917],[129.5251,-3.3541,0.0],[129.5141,-3.338,24.6403],[129.5052,-3.3291,0.0],[129.501,-3.3296,19.4837],[129.4975,-3.3271,1.7849],[129.4987,-3.3206,2.6451],[129.5103,-3.3059,3.356],[129.5246,-3.2979,7.203],[129.5371,-3.3021,3.2305],[129.5411,-3.3058,0.6154],[129.5486,-3.3091,1.8393],[129.5623,-3.3044,14.31],[129.5663,-3.3055,3.7546],[129.5711,-3.3044,10.1176],[129.587,-3.31,1.8676],[129.5912,-3.3131,0.0],[129.5999,-3.3106,2.9369],[129.6079,-3.3162,5.7111],[129.6163,-3.3165,0.0],[129.6283,-3.3118,2.8962],[129.6332,-3.3117,1.3133],[129.6395,-3.3156,11.0672],[129.6509,-3.3178,5.5133],[129.6662,-3.3176,15.7655],[129.6714,-3.3225,1.8796],[129.6778,-3.3235,0.0],[129.7024,-3.318,0.0],[129.7289,-3.3148,0.0],[129.7354,-3.3166,0.0],[129.7443,-3.3264,0.0],[129.7639,-3.3322,0.3872],[129.7744,-3.3279,5.2592],[129.7819,-3.3288,1.8586],[129.7965,-3.3233,0.0],[129.8091,-3.3216,0.0],[129.8175,-3.3235,1.942],[129.8224,-3.3306,6.8756],[129.84,-3.3308,3.4963],[129.8463,-3.3343,0.6905],[129.8552,-3.336,1.3777],[129.8562,-3.3219,16.2301],[129.8667,-3.3135,29.4242],[129.857,-3.3255,22.3846],[129.8564,-3.3299,6.5918],[129.8593,-3.3378,0.0],[129.8636,-3.3384,0.0],[129.8645,-3.337,0.0],[129.8851,-3.3433,0.0],[129.8853,-3.3422,0.0],[129.8876,-3.3431,0.0],[129.8939,-3.3398,0.0],[129.905,-3.3378,0.0],[129.9148,-3.339,0.0],[129.9181,-3.3389,0.0],[129.9186,-3.3374,0.0],[129.9295,-3.3409,0.0],[129.9378,-3.3481,0.0],[129.9517,-3.3533,0.0],[129.9606,-3.3606,3.8042],[129.9604,-3.3641,0.0],[129.9697,-3.3765,0.0],[129.9708,-3.381,5.279],[129.9691,-3.3894,0.0],[129.9705,-3.398,0.0],[129.9726,-3.3985,5.4372],[129.975,-3.4088,11.9881],[129.9709,-3.4266,0.0],[129.9892,-3.4418,11.4406],[130.0053,-3.4708,3.3474],[130.0088,-3.4724,13.0887],[130.0154,-3.4827,0.0],[130.0359,-3.4855,7.3481],[130.0424,-3.4902,0.0],[130.0644,-3.4916,1.8994],[130.0721,-3.4948,0.0],[130.0813,-3.4957,19.1188],[130.0925,-3.5013,0.0],[130.0995,-3.5009,21.4663],[130.1175,-3.513,0.0],[130.1205,-3.5162,15.078],[130.1227,-3.5234,12.6935],[130.1317,-3.532,3.9795],[130.14,-3.5338,6.9021],[130.153,-3.5398,0.0],[130.1644,-3.5406,26.0267],[130.1729,-3.5436,0.0],[130.1774,-3.549,0.0],[130.1815,-3.5511,0.0],[130.1991,-3.5546,0.0],[130.2159,-3.5635,0.0],[130.2305,-3.5668,0.0],[130.2454,-3.5675,3.3215],[130.2589,-3.5773,0.0],[130.2584,-3.5761,4.0074],[130.2741,-3.5787,5.1466],[130.2853,-3.5851,0.0],[130.2953,-3.5861,18.1709],[130.3036,-3.5935,0.0],[130.3132,-3.5953,7.0161],[130.3241,-3.6013,14.6296],[130.3252,-3.603,2.2897],[130.3244,-3.6088,0.0],[130.3266,-3.6108,7.5177],[130.3409,-3.6113,6.381],[130.347,-3.6152,2.5018],[130.3512,-3.6205,12.2857],[130.3535,-3.6212,13.0396],[130.364,-3.6185,11.5888],[130.3745,-3.6191,7.9614],[130.385,-3.6241,0.0],[130.3952,-3.6247,0.0],[130.4035,-3.6281,0.0],[130.4035,-3.6323,0.0],[130.419,-3.6366,1.2324],[130.4432,-3.6507,9.3352],[130.4563,-3.6698,0.0],[130.4634,-3.6758,6.8172],[130.4685,-3.6837,0.0],[130.4692,-3.6865,0.0],[130.4651,-3.6909,0.0],[130.4659,-3.6934,0.0],[130.479,-3.7017,0.0],[130.4953,-3.7039,9.4499],[130.4983,-3.705,8.1782],[130.5029,-3.7099,0.0],[130.5098,-3.7119,0.0],[130.5511,-3.7189,0.0],[130.5704,-3.7276,0.0],[130.5751,-3.7327,12.2254],[130.574,-3.7378,4.869],[130.5764,-3.7399,13.875],[130.576,-3.7471,0.0],[130.5856,-3.7486,0.0],[130.5902,-3.7532,0.0],[130.5992,-3.7577,8.4337],[130.5986,-3.7601,0.0],[130.6007,-3.7631,0.0],[130.6121,-3.7708,0.0],[130.6164,-3.7834,11.6909],[130.6157,-3.7855,23.0543],[130.6135,-3.7853,17.963],[130.6115,-3.7878,0.0],[130.6123,-3.7909,0.0],[130.6214,-3.797,0.0],[130.6272,-3.797,0.0],[130.6275,-3.7942,0.0],[130.6326,-3.793,0.0],[130.6346,-3.794,0.0],[130.6358,-3.7978,0.0],[130.6475,-3.8036,0.0],[130.6555,-3.812,0.0],[130.6577,-3.8121,0.0],[130.6589,-3.8095,0.0],[130.6636,-3.8072,0.0],[130.674,-3.8066,0.0],[130.6884,-3.8083,0.0],[130.6953,-3.8137,0.0],[130.6992,-3.8205,0.8609],[130.7146,-3.8293,0.0],[130.7188,-3.8302,0.0],[130.7347,-3.8262,0.0],[130.744,-3.8259,1.0915],[130.7468,-3.8285,0.0],[130.7491,-3.8352,0.0],[130.7528,-3.8388,0.0],[130.7563,-3.8396,0.0],[130.7652,-3.8317,0.0],[130.7676,-3.8318,0.0],[130.7757,-3.8416,0.0],[130.7774,-3.8467,11.0149],[130.7733,-3.8499,0.0],[130.7759,-3.8517,0.0],[130.794,-3.8539,0.0],[130.7987,-3.851,5.7642],[130.8033,-3.8506,3.849],[130.8139,-3.8538,4.7895],[130.823,-3.8535,4.9015],[130.825,-3.8563,4.4048],[130.8258,-3.8667,0.5861],[130.829,-3.8699,0.3161],[130.8259,-3.8705,1.1551],[130.8248,-3.8728,0.0],[130.8289,-3.8762,0.0],[130.839,-3.8776,0.0],[130.8441,-3.8833,0.0],[130.8593,-3.8803,0.0],[130.8629,-3.8719,6.6672],[130.8473,-3.8533,0.0],[130.839,-3.849,1.7913],[130.831,-3.8377,0.0],[130.8317,-3.8284,0.0],[130.837,-3.8172,0.0],[130.8362,-3.8012,0.0],[130.8425,-3.7873,0.0],[130.8393,-3.778,0.0],[130.8416,-3.7632,0.0],[130.8385,-3.7486,0.0],[130.8402,-3.7485,0.0],[130.84,-3.7336,0.0],[130.8323,-3.7016,0.0],[130.8366,-3.6841,0.0],[130.8197,-3.6908,17.9589],[130.8306,-3.652,12.2741],[130.8345,-3.6473,14.3871],[130.8415,-3.6555,0.0],[130.8404,-3.6511,0.0],[130.8514,-3.6432,0.0],[130.8617,-3.6399,0.0],[130.8726,-3.6292,0.0],[130.8793,-3.6157,8.7038],[130.8813,-3.5956,9.0454],[130.873,-3.5734,92.7571],[130.8651,-3.5656,126.0985],[130.86,-3.5568,77.6167],[130.8621,-3.5556,10.5124],[130.8599,-3.5566,77.6167],[130.8543,-3.5497,44.5103],[130.8456,-3.5461,11.3009],[130.8412,-3.5405,7.5246],[130.834,-3.5382,8.8403],[130.8328,-3.5321,6.6342],[130.8246,-3.5284,11.2886],[130.8203,-3.5217,12.7886],[130.8172,-3.506,16.3485],[130.8056,-3.4983,9.4904],[130.8023,-3.4903,6.2575],[130.8018,-3.4838,10.241],[130.8023,-3.4796,11.483],[130.8417,-3.4673,0.9474],[130.8442,-3.4614,0.0],[130.8394,-3.4527,0.0],[130.842,-3.4617,1.0604],[130.8396,-3.4636,4.8945],[130.8373,-3.4551,9.7694],[130.823,-3.4421,0.0],[130.8141,-3.4285,0.0],[130.8047,-3.4067,6.3415],[130.7489,-3.4018,2.9733],[130.7424,-3.4047,4.9887],[130.7353,-3.4008,0.0],[130.7312,-3.4032,7.9535],[130.7234,-3.4012,4.2967],[130.7061,-3.4032,9.534],[130.6987,-3.3974,0.0],[130.6821,-3.405,2.5663],[130.6736,-3.406,8.836],[130.6628,-3.4013,6.8335],[130.662,-3.3979,0.9603],[130.6598,-3.3968,5.0084],[130.66,-3.3931,1.0025],[130.6565,-3.3855,2.1046],[130.6531,-3.3853,11.7573],[130.6507,-3.3805,7.4104],[130.6474,-3.3798,8.7468],[130.6433,-3.3742,5.4479],[130.6429,-3.3594,5.6186],[130.6327,-3.3403,3.1189],[130.6294,-3.3147,6.6533],[130.6322,-3.3018,3.5278],[130.6386,-3.2862,16.2191],[130.6382,-3.2818,10.3846],[130.6367,-3.2755,12.1629],[130.6295,-3.2629,9.2378],[130.6312,-3.2453,0.0],[130.6303,-3.2371,5.2032],[130.623,-3.2295,5.8674],[130.6128,-3.2123,4.89],[130.6143,-3.196,0.0],[130.6122,-3.1861,0.0],[130.608,-3.1827,9.1044],[130.6023,-3.1531,10.502],[130.6061,-3.1535,0.0],[130.601,-3.1467,0.0],[130.5962,-3.1444,0.0],[130.5857,-3.1353,0.0],[130.5759,-3.1226,0.0],[130.5646,-3.1204,7.4234],[130.5544,-3.1128,6.5177],[130.5535,-3.1138,5.0136],[130.548,-3.1061,0.0],[130.5393,-3.1071,3.7936],[130.5298,-3.0982,0.0],[130.504,-3.1006,0.0],[130.5006,-3.1034,1.1123],[130.4972,-3.0976,0.0],[130.4876,-3.0955,9.6624],[130.4836,-3.0799,0.0],[130.4588,-3.0624,0.4372],[130.4545,-3.0641,0.8348],[130.4448,-3.06,7.1193],[130.4424,-3.0517,5.7918],[130.4415,-3.0367,5.4691],[130.4387,-3.0327,8.4362],[130.4124,-3.02,28.5466],[130.4109,-3.0165,19.4337],[130.3986,-3.0062,31.6374],[130.3857,-2.9892,0.0],[130.3701,-2.99,2.1718],[130.3625,-2.9818,0.0],[130.3518,-2.9749,11.635],[130.3403,-2.9763,8.0378],[130.3356,-2.9734,0.0],[130.3127,-2.9691,0.0],[130.3081,-2.973,2.7997],[130.2968,-2.9764,6.5562],[130.2767,-2.9758,0.0],[130.2576,-2.9809,0.0],[130.2364,-2.9936,0.9483],[130.2297,-2.9958,0.0],[130.2101,-3.0082,5.3065],[130.1936,-3.0109,1.7287],[130.1858,-3.0087,0.0],[130.179,-3.0017,0.0],[130.1775,-2.9918,0.0],[130.1536,-2.9858,0.0],[130.15,-2.9862,0.0],[130.14,-2.9932,4.8443],[130.1268,-2.9977,0.0],[130.1001,-2.9951,7.1142],[130.0723,-3.0045,0.0],[130.0465,-3.0053,2.4881],[130.0349,-3.0037,2.9713],[130.0222,-2.9967,5.5724],[130.0117,-2.9792,0.2505],[130.0008,-2.9845,0.1964],[129.9883,-2.9789,2.777],[129.9787,-2.9774,1.6044],[129.9598,-2.9691,5.2091],[129.9497,-2.9592,0.0],[129.9372,-2.9568,4.1604],[129.9095,-2.9424,5.147],[129.9059,-2.9345,3.4557],[129.9019,-2.9142,1.5255],[129.8825,-2.9143,9.7547],[129.8807,-2.9178,7.023],[129.8851,-2.9217,1.8315],[129.8927,-2.9216,14.2609],[129.8883,-2.9335,13.0529],[129.8859,-2.9323,0.0],[129.8824,-2.9343,2.6388],[129.8802,-2.9332,6.5153],[129.8762,-2.9284,0.0],[129.8789,-2.9249,0.4691],[129.8769,-2.9202,5.0546],[129.8741,-2.9203,4.5518],[129.8736,-2.9217,2.917],[129.8716,-2.9209,2.6873],[129.8661,-2.9129,5.2608],[129.8663,-2.9114,5.2608],[129.8722,-2.9142,14.0396],[129.873,-2.9091,19.6455],[129.8792,-2.9116,2.6099],[129.8806,-2.9041,7.4634],[129.8841,-2.9021,0.0],[129.8788,-2.896,0.0],[129.8588,-2.8962,0.0],[129.8427,-2.9032,3.8802],[129.8359,-2.9084,4.5535],[129.8181,-2.9143,0.0],[129.8138,-2.9131,0.0],[129.805,-2.9082,8.4423],[129.8031,-2.9036,4.9075],[129.7926,-2.89,8.1719],[129.7897,-2.8682,0.0],[129.7852,-2.8646,5.5953],[129.7605,-2.8618,1.7905],[129.7547,-2.856,0.0],[129.7501,-2.8559,0.0],[129.732,-2.8492,4.3029],[129.7088,-2.8344,0.0],[129.686,-2.8346,12.3212],[129.6783,-2.8317,2.4846],[129.6695,-2.8253,5.5525],[129.657,-2.8259,0.0],[129.6482,-2.8289,1.3943],[129.6366,-2.8269,18.0275],[129.6284,-2.8212,1.4878],[129.6252,-2.8091,0.0],[129.6228,-2.8049,0.0],[129.619,-2.803,9.5752],[129.6133,-2.8032,2.7642],[129.5912,-2.8097,1.6718],[129.5847,-2.8095,0.0],[129.5476,-2.8002,8.1738],[129.5425,-2.7961,0.0],[129.5403,-2.791,4.2473],[129.5431,-2.7852,0.0],[129.5356,-2.7779,0.0],[129.5318,-2.7768,5.4079],[129.5321,-2.7754,0.7732],[129.5287,-2.7727,0.0],[129.5253,-2.7733,2.0019],[129.5237,-2.7871,6.0294],[129.525,-2.7885,3.0539],[129.5232,-2.7946,3.3493],[129.5213,-2.7955,0.0],[129.5213,-2.7984,2.8675],[129.5191,-2.7988,6.0959],[129.514,-2.7954,5.5392],[129.5143,-2.7908,2.2111],[129.5118,-2.7873,0.9657],[129.5084,-2.7899,13.6814],[129.5012,-2.7918,13.7898],[129.4987,-2.7947,5.3474],[129.4974,-2.7934,0.6685],[129.4924,-2.7938,4.6377],[129.4921,-2.7914,1.4092],[129.4905,-2.7941,4.457],[129.4896,-2.7908,0.0],[129.4849,-2.788,4.9447],[129.4699,-2.7841,0.0],[129.455,-2.787,3.2992],[129.4347,-2.7825,0.0],[129.426,-2.7881,7.224],[129.4172,-2.7909,0.0],[129.4001,-2.7863,14.4271],[129.377,-2.7893,0.0],[129.3642,-2.8034,0.0],[129.3676,-2.8099,9.6069],[129.3734,-2.8138,2.0182],[129.3733,-2.8193,0.0],[129.3688,-2.8276,1.6249],[129.3613,-2.8361,2.0972],[129.3533,-2.8498,10.5178],[129.3461,-2.8589,2.5289],[129.3357,-2.8664,6.5689],[129.306,-2.8776,0.0],[129.3004,-2.8831,4.2014],[129.2582,-2.9071,5.772],[129.258,-2.9084,5.7357],[129.2556,-2.9071,2.2238],[129.2469,-2.9108,0.0],[129.2351,-2.9187,0.5043],[129.2233,-2.922,2.8479],[129.218,-2.9278,4.2801],[129.2147,-2.9379,0.0],[129.2098,-2.9429,2.0873],[129.2131,-2.9481,1.4412],[129.2195,-2.9516,10.8383],[129.2193,-2.9536,9.7691],[129.2147,-2.9502,0.0],[129.2162,-2.9532,8.2679],[129.2126,-2.954,1.7337],[129.2093,-2.9483,0.0],[129.2052,-2.9473,2.1189],[129.2033,-2.9449,2.7879],[129.1998,-2.9382,9.7735],[129.2011,-2.935,0.0],[129.2051,-2.9322,0.0],[129.2048,-2.9297,0.0],[129.2014,-2.9288,2.5449],[129.1957,-2.933,1.9532],[129.1933,-2.9312,0.0],[129.1935,-2.9283,0.0],[129.1908,-2.9268,0.4655],[129.1904,-2.9238,0.0],[129.1864,-2.9215,1.0527],[129.1843,-2.9225,1.1445],[129.1825,-2.9284,0.7969],[129.1757,-2.9311,0.0],[129.1737,-2.9358,0.0],[129.1773,-2.9428,0.5697],[129.1845,-2.949,0.0],[129.1871,-2.9484,0.0],[129.1864,-2.951,0.0],[129.1892,-2.9521,0.0],[129.1928,-2.9573,1.2734],[129.1947,-2.9572,9.3443],[129.1958,-2.9599,1.3956],[129.1835,-2.9574,2.6524],[129.1799,-2.9585,31.2732],[129.1599,-2.9504,41.3372],[129.1574,-2.9481,8.4485],[129.1403,-2.9582,10.9148],[129.1351,-2.966,20.8304],[129.1313,-2.9689,23.9216],[129.1278,-2.9678,6.1424],[129.1292,-2.9654,0.0],[129.1283,-2.9638,0.0],[129.1205,-2.9624,0.0],[129.1165,-2.9561,0.0],[129.1099,-2.9515,17.5755],[129.0831,-2.9392,6.3683],[129.0827,-2.9319,4.6507],[129.0804,-2.9276,4.2293],[129.0826,-2.9217,2.0245],[129.0767,-2.9163,12.0394],[129.075,-2.9109,6.8528],[129.0759,-2.9084,3.0446],[129.0731,-2.9063,0.0],[129.0678,-2.9052,0.0],[129.068,-2.9102,3.7512],[129.0659,-2.9057,0.0],[129.0646,-2.9061,2.244],[129.0638,-2.9045,3.3914],[129.0675,-2.9017,0.0],[129.064,-2.8954,3.5161],[129.0724,-2.8789,1.3064],[129.0695,-2.8703,0.0],[129.0712,-2.8603,0.0],[129.0765,-2.8578,3.5273],[129.0783,-2.8551,0.0],[129.077,-2.8502,8.2261],[129.071,-2.844,0.0],[129.0698,-2.82,0.0],[129.066,-2.8085,0.0],[129.0594,-2.804,0.0],[129.0535,-2.7956,0.0],[129.0463,-2.7946,10.197],[129.0328,-2.7962,0.0],[129.0151,-2.806,0.0],[129.001,-2.8204,9.3518],[128.9903,-2.8248,5.1073],[128.9852,-2.8295,1.9331],[128.9814,-2.8308,6.295],[128.9776,-2.83,3.2552],[128.9699,-2.8361,0.0],[128.9573,-2.842,9.6641],[128.9163,-2.8523,4.0485],[128.8911,-2.8537,4.2714],[128.8756,-2.8565,6.5011],[128.8675,-2.8603,7.2673],[128.8364,-2.867,14.9877],[128.8059,-2.8676,8.4289],[128.7868,-2.8637,9.2336],[128.753,-2.8507,0.663],[128.7375,-2.8547,3.5845],[128.7246,-2.8602,3.2087],[128.7042,-2.8613,6.0297],[128.6877,-2.8563,10.108],[128.6759,-2.8489,0.0],[128.6682,-2.8402,2.034],[128.6639,-2.8396,13.5618],[128.6547,-2.8412,0.0],[128.6393,-2.8511,3.8159],[128.6215,-2.8542,2.2167],[128.6075,-2.8506,0.3126],[128.5637,-2.8538,4.36],[128.5437,-2.8492,0.0],[128.5292,-2.8367,5.0315],[128.5242,-2.8352,4.2895],[128.5145,-2.8361,1.255],[128.511,-2.8338,2.3071],[128.5005,-2.8368,7.2911],[128.482,-2.8491,1.8231],[128.4712,-2.852,3.9949],[128.465,-2.8521,3.0657],[128.4528,-2.8466,3.9234],[128.4418,-2.846,0.0],[128.4344,-2.8473,0.0],[128.4225,-2.854,1.9957],[128.4148,-2.8634,8.0091],[128.3983,-2.8705,3.1233],[128.3757,-2.871,0.0],[128.3555,-2.861,0.0],[128.3497,-2.8598,1.7998],[128.3418,-2.8629,0.0],[128.3348,-2.8605,6.0988],[128.3284,-2.8626,3.655],[128.3026,-2.8656,5.0783],[128.2874,-2.8623,5.8287],[128.2782,-2.865,1.5286],[128.274,-2.8682,10.3887],[128.2662,-2.8687,7.1748],[128.2569,-2.8646,10.4193],[128.2568,-2.8586,4.7826],[128.2497,-2.8587,54.6663],[128.2377,-2.8539,6.5441],[128.2332,-2.855,3.5835],[128.2299,-2.8578,14.3634],[128.225,-2.8572,0.0],[128.2242,-2.8598,34.0217],[128.219,-2.8604,34.0698],[128.2119,-2.8587,11.0378],[128.2086,-2.8628,0.0],[128.1921,-2.863,0.0],[128.1862,-2.8662,0.0],[128.1778,-2.8646,64.4779],[128.17,-2.8656,6.9593],[128.1638,-2.8633,37.5153],[128.1615,-2.8653,23.8566],[128.1615,-2.8712,0.0],[128.1627,-2.871,0.0],[128.1665,-2.8784,12.1488],[128.1647,-2.8833,3.286],[128.1489,-2.8859,0.0],[128.1474,-2.8936,14.7571],[128.1448,-2.8964,1.5935],[128.1291,-2.9051,0.0],[128.1284,-2.9113,0.0],[128.1311,-2.9164,18.0402],[128.1401,-2.92,2.7964],[128.1421,-2.9224,0.6956],[128.1404,-2.928,4.6591],[128.1346,-2.9361,0.0],[128.122,-2.9503,5.8682],[128.1124,-2.9586,13.7772],[128.0906,-2.9614,32.6354],[128.0816,-2.9607,0.0],[128.0769,-2.9643,0.0],[128.0714,-2.9723,10.4497],[128.0734,-2.9805,4.2125],[128.0766,-2.9856,0.0],[128.08,-2.9874,3.3031],[128.0988,-2.983,0.0],[128.1049,-2.977,1.0272],[128.1147,-2.9708,9.7214],[128.1177,-2.9706,0.9242],[128.1196,-2.9742,0.3703],[128.1177,-2.9851,0.0],[128.1191,-2.9925,1.7422],[128.1224,-2.9959,7.6498],[128.1227,-3.0008,3.6863],[128.1197,-3.0037,5.3092],[128.1178,-3.0026,0.0],[128.1171,-3.0046,12.2436],[128.1153,-3.0042,0.0],[128.1016,-3.0127,0.0],[128.0929,-3.0158,0.0],[128.0871,-3.021,0.7033],[128.0944,-3.0257,0.9035],[128.0931,-3.0278,0.0],[128.0951,-3.0337,5.9513],[128.0914,-3.0314,0.8535],[128.0892,-3.0357,0.0],[128.0921,-3.034,2.9907],[128.0925,-3.0376,1.1886],[128.0918,-3.042,4.1477],[128.1029,-3.054,1.4205],[128.1051,-3.053,0.0],[128.1052,-3.0499,2.7207],[128.1087,-3.0495,8.1992],[128.1106,-3.0554,2.8162],[128.1151,-3.0572,6.8353],[128.1148,-3.0654,3.1053],[128.1117,-3.0644,0.0],[128.11,-3.0673,3.8077],[128.1053,-3.0661,0.0],[128.0997,-3.0703,3.2086],[128.0919,-3.0676,0.0],[128.0883,-3.0689,0.0589],[128.084,-3.068,2.2843],[128.0759,-3.071,0.0],[128.074,-3.0747,4.1421],[128.0621,-3.07,1.3563],[128.0596,-3.0713,6.8119],[128.0553,-3.0701,0.559],[128.0536,-3.072,0.7489],[128.0433,-3.0746,4.9365],[128.0382,-3.0737,1.2155],[128.0366,-3.0766,3.6961],[128.0324,-3.0779,0.0],[128.0265,-3.0739,0.0],[128.0214,-3.0777,0.8486],[128.0172,-3.0743,0.0],[128.0112,-3.0753,1.4127],[128.0097,-3.0729,0.0],[128.0049,-3.0726,0.0],[128.0027,-3.0739,0.0],[128.0058,-3.0765,0.8079],[128.0066,-3.0796,0.0],[128.0017,-3.0843,1.3829],[128.001,-3.0817,0.0],[127.9976,-3.0797,41.7902],[127.9996,-3.0775,20.8455],[128.0015,-3.0814,0.0],[128.0052,-3.0791,0.0],[128.001,-3.0768,0.0],[127.9996,-3.0707,0.0],[127.986,-3.0815,0.0],[127.9829,-3.0912,0.0],[127.98,-3.092,0.0],[127.9774,-3.0953,0.0],[127.9786,-3.0978,10.4538],[127.9768,-3.1051,0.74],[127.9837,-3.1048,1.1259],[127.9854,-3.1055,3.1931],[127.9856,-3.1078,2.5464],[127.973,-3.1077,0.0],[127.9721,-3.1042,0.0],[127.9675,-3.1078,1.3727],[127.9629,-3.1039,0.0],[127.9604,-3.1047,6.4234],[127.9596,-3.1079,0.0],[127.9575,-3.1086,5.476],[127.9538,-3.1086,4.0702],[127.9515,-3.1068,0.0],[127.9509,-3.1093,0.0],[127.9467,-3.1122,1.3612],[127.9473,-3.1138,8.2766],[127.9443,-3.1117,5.9776],[127.9434,-3.1127,5.9776],[127.9429,-3.1164,0.0],[127.9458,-3.1244,4.1623],[127.9451,-3.1282,0.5871],[127.9339,-3.132,0.6187],[127.9269,-3.1417,3.7024],[127.9129,-3.1505,9.4317],[127.8983,-3.1579,0.0],[127.8935,-3.158,9.0517],[127.8916,-3.155,9.0058],[127.8847,-3.1534,2.4567],[127.8801,-3.1498,3.6607],[127.8728,-3.1565,0.5454],[127.8673,-3.1577,1.4687],[127.8561,-3.1587,3.1948],[127.8465,-3.1548,26.3532],[127.8404,-3.1553,27.5146],[127.8376,-3.1574,0.0],[127.8411,-3.1653,3.4672],[127.854,-3.174,9.3868],[127.8647,-3.1785,0.0],[127.8722,-3.1896,14.5239],[127.8739,-3.1945,4.2049],[127.8742,-3.2086,3.8564],[127.8725,-3.2126,0.0],[127.8727,-3.2213,0.0],[127.8748,-3.2243,0.0],[127.8741,-3.2336,1.677],[127.8775,-3.2402,48.8503],[127.8773,-3.2439,25.1304],[127.888,-3.2583,29.9037],[127.8872,-3.2663,7.7587],[127.8885,-3.2715,21.0384],[127.9014,-3.2835,0.0],[127.9176,-3.2943,4.4965],[127.9235,-3.3025,4.8528],[127.9244,-3.3094,0.0],[127.9302,-3.3183,18.6225],[127.9331,-3.3349,55.6512],[127.9433,-3.3523,38.365],[127.9437,-3.357,3.5489],[127.9404,-3.3719,11.9593],[127.9425,-3.3809,10.5162],[127.9371,-3.3901,66.1063],[127.93,-3.3954,8.8179],[127.9298,-3.3989,31.2039],[127.9234,-3.4116,7.7415],[127.9193,-3.4151,27.0953],[127.9203,-3.4229,14.4427],[127.9156,-3.4386,3.996],[127.9154,-3.4447,6.2632],[127.9041,-3.4637,0.0],[127.8987,-3.4845,3.8846],[127.8953,-3.4899,14.8246],[127.8966,-3.4977,21.0482],[127.9008,-3.5014,44.1051],[127.899,-3.5038,0.0],[127.9022,-3.5058,65.4944],[127.9008,-3.507,0.0],[127.9024,-3.5087,42.3601],[127.9027,-3.5143,33.985],[127.9086,-3.529,24.6752],[127.9212,-3.5444,19.2875],[127.9205,-3.5487,0.0],[127.9236,-3.5594,22.8019],[127.9216,-3.5685,0.0],[127.9247,-3.5648,17.1932],[127.9354,-3.5643,11.3762],[127.9371,-3.5585,0.0],[127.9343,-3.5546,57.9141],[127.9343,-3.5516,22.5542],[127.9361,-3.5444,46.0937],[127.9386,-3.5433,0.0],[127.9449,-3.5347,3.6496],[127.9543,-3.5294,10.5011],[127.96,-3.528,0.0],[127.9511,-3.5185,71.2311],[127.9476,-3.5091,0.0],[127.9443,-3.4869,37.2653],[127.9456,-3.4732,0.0],[127.9473,-3.4697,0.0],[127.9456,-3.4665,0.0],[127.9544,-3.4601,0.0],[127.9552,-3.4561,7.0501],[127.9626,-3.4474,8.3649],[127.9637,-3.4434,18.6747],[127.9699,-3.4354,54.3544],[127.9702,-3.4296,0.0],[127.9732,-3.421,0.0],[127.9726,-3.4149,0.0],[127.9776,-3.4053,10.6825],[127.9788,-3.3971,3.7875],[127.9838,-3.3882,0.0],[127.984,-3.3842,2.2826],[127.9921,-3.3753,2.366],[127.9951,-3.3754,2.981],[127.998,-3.379,0.0],[128.0062,-3.3823,0.0],[128.016,-3.3815,0.0],[128.023,-3.3741,11.4666],[128.0272,-3.3738,3.3354],[128.0297,-3.3703,0.0],[128.0311,-3.3591,45.4043],[128.0342,-3.3586,0.0],[128.0368,-3.3551,0.4643],[128.0419,-3.3534,3.4701],[128.0509,-3.347,0.0],[128.0549,-3.3416,0.0],[128.0564,-3.3296,3.6194],[128.0551,-3.3268,0.0],[128.0586,-3.3129,0.6938],[128.0624,-3.3053,0.3227],[128.0619,-3.3001,0.0],[128.0591,-3.296,2.0617],[128.0618,-3.2913,0.0],[128.0633,-3.2833,0.0],[128.0583,-3.275,6.4688],[128.0636,-3.2605,0.0],[128.0608,-3.2546,0.0],[128.0674,-3.2433,1.0107],[128.0669,-3.2355,0.0],[128.0693,-3.2294,0.0],[128.0683,-3.2209,7.4689],[128.0696,-3.2172,0.0],[128.0673,-3.2098,0.9335],[128.0712,-3.2053,0.0],[128.0727,-3.198,4.792],[128.0717,-3.1927,3.4793],[128.0769,-3.1875,10.7957],[128.0764,-3.1825,11.7656],[128.0824,-3.1682,2.0469],[128.0837,-3.1451,1.74],[128.0867,-3.1426,0.0],[128.091,-3.1309,10.0086],[128.1006,-3.1272,10.2554],[128.1104,-3.119,5.7941],[128.1122,-3.1141,0.0],[128.1193,-3.1092,24.2468],[128.1219,-3.1049,0.0],[128.1222,-3.1003,0.2405],[128.1245,-3.0977,1.3422],[128.1292,-3.0953,0.659],[128.1347,-3.088,0.0],[128.1393,-3.0876,0.0],[128.1412,-3.0841,0.0],[128.1449,-3.0825,2.6751],[128.148,-3.0741,7.0353],[128.1519,-3.0735,0.0],[128.1549,-3.0694,5.1053],[128.1705,-3.0655,3.495],[128.1835,-3.0649,0.0],[128.1879,-3.0673,1.0609],[128.1884,-3.0691,0.6128],[128.1941,-3.0685,0.7263],[128.1992,-3.0753,0.256],[128.1999,-3.0798,0.0],[128.1985,-3.0954,4.1662],[128.2006,-3.0996,2.5786],[128.2006,-3.1033,6.7487],[128.1978,-3.1107,0.7852],[128.195,-3.112,4.0837],[128.1997,-3.1172,1.4824],[128.2019,-3.1255,2.5182],[128.1977,-3.1344,0.0],[128.1948,-3.1358,0.7763],[128.1952,-3.141,1.1156],[128.189,-3.1478,0.0],[128.1852,-3.149,0.0],[128.1827,-3.1468,0.0],[128.1798,-3.1472,18.19],[128.1794,-3.145,10.4656],[128.1727,-3.1442,12.6588],[128.1714,-3.1403,0.0],[128.172,-3.1511,6.0801],[128.1686,-3.156,5.252],[128.1729,-3.164,0.0],[128.1672,-3.1668,12.203],[128.1603,-3.1589,0.0],[128.1589,-3.1607,7.7031],[128.1607,-3.1696,0.0],[128.1653,-3.1742,0.0],[128.1647,-3.1823,0.0],[128.1592,-3.1848,4.1341],[128.1579,-3.1877,31.2376],[128.1626,-3.1878,5.4757],[128.1631,-3.1856,21.6842],[128.1666,-3.1859,0.0],[128.1677,-3.1832,8.3362],[128.1708,-3.1866,2.3836],[128.1691,-3.19,16.0781],[128.161,-3.1976,0.0],[128.1603,-3.2001,14.8114],[128.1655,-3.2023,0.0],[128.1678,-3.205,0.8408],[128.1698,-3.2046,3.479],[128.1714,-3.2069,0.0],[128.1706,-3.2121,0.7231],[128.1765,-3.2192,3.2117],[128.1783,-3.2268,5.183],[128.1815,-3.2293,4.4327],[128.1816,-3.2313,0.0],[128.1864,-3.232,0.0],[128.1867,-3.2255,5.7074],[128.1885,-3.2253,0.0],[128.1901,-3.2211,8.5623],[128.1941,-3.2216,0.0],[128.1946,-3.218,0.0],[128.1969,-3.2161,10.3498],[128.2007,-3.2187,2.9757],[128.2029,-3.2181,0.0],[128.1991,-3.2071,2.9153],[128.1966,-3.2063,16.6149],[128.1956,-3.2031,10.6465],[128.1922,-3.2004,23.9971],[128.1925,-3.1987,25.5134],[128.1993,-3.2003,1.1204],[128.1998,-3.204,0.0],[128.2052,-3.2092,10.8491],[128.2111,-3.2095,13.9463],[128.2184,-3.2168,0.0],[128.2212,-3.2177,4.7671],[128.2243,-3.2164,0.0],[128.2221,-3.2108,5.7349],[128.2245,-3.209,6.8377],[128.2267,-3.2118,0.0],[128.2288,-3.2121,3.2992],[128.23,-3.2154,1.2603],[128.2356,-3.2157,0.0],[128.2428,-3.2095,0.0],[128.2414,-3.2048,5.0059],[128.2449,-3.2022,9.6326],[128.2472,-3.2026,6.9303],[128.2531,-3.1976,5.6896],[128.2544,-3.1977,11.9787],[128.253,-3.2006,9.9163],[128.2505,-3.2007,0.0],[128.2496,-3.2039,1.0047],[128.2472,-3.2052,0.0],[128.2489,-3.2079,0.7396],[128.258,-3.2079,7.351],[128.2654,-3.203,0.0],[128.2691,-3.2035,1.3313],[128.271,-3.2063,8.5136],[128.269,-3.2109,0.0],[128.271,-3.2161,1.1992],[128.2802,-3.2182,2.8438],[128.2828,-3.2218,0.0],[128.2916,-3.2255,5.3065],[128.292,-3.2293,3.4387],[128.296,-3.2338,2.179],[128.3018,-3.2465,2.8275],[128.2996,-3.2576,5.5241],[128.3002,-3.2656,1.9897],[128.3123,-3.2736,1.9037],[128.3125,-3.2785,0.0],[128.3176,-3.2851,1.6356],[128.3181,-3.2943,0.4594],[128.3232,-3.2988,6.1821],[128.3283,-3.3084,5.8848],[128.3299,-3.3162,0.0],[128.3334,-3.3224,6.3594],[128.3331,-3.3293,21.6826],[128.3486,-3.3419,0.0],[128.3548,-3.3536,0.0],[128.3681,-3.3601,2.0555],[128.3746,-3.3723,0.2728],[128.3788,-3.3753,1.7838],[128.3806,-3.3838,1.901],[128.3885,-3.3884,2.4249],[128.3903,-3.3917,0.4311],[128.3953,-3.3947,3.9453],[128.3969,-3.4041,0.7032],[128.4018,-3.4108,0.0],[128.4023,-3.4209,12.2452],[128.4052,-3.4286,1.9976],[128.4148,-3.4359,9.2698],[128.4235,-3.4384,1.2178],[128.4309,-3.4433,0.0],[128.4356,-3.4491,3.9509],[128.4422,-3.4484,1.609],[128.4515,-3.4513,1.6324],[128.4606,-3.4583,0.7694],[128.4711,-3.46,0.0],[128.4747,-3.457,0.0],[128.4794,-3.4567,1.8896],[128.4817,-3.4547,0.0],[128.4857,-3.4554,3.0451],[128.4912,-3.4538,2.9876],[128.5009,-3.4596,0.0],[128.5139,-3.4591,2.3926],[128.5181,-3.4574,3.5223],[128.522,-3.4585,0.0],[128.5256,-3.4553,5.744],[128.5356,-3.4519,2.4977],[128.5391,-3.4484,0.9311],[128.5542,-3.4434,4.8131],[128.5639,-3.443,0.0],[128.568,-3.4388,9.4726],[128.575,-3.4392,2.3159],[128.5822,-3.4353,2.3242],[128.5911,-3.4276,10.3921],[128.5951,-3.4263,2.297],[128.6049,-3.4296,0.0],[128.616,-3.4285,1.4007],[128.6227,-3.4338,5.816],[128.6421,-3.4342,5.7753],[128.6527,-3.4327,12.9814],[128.6607,-3.4341,5.144],[128.6695,-3.4321,5.2587],[128.6744,-3.4334,0.0],[128.6765,-3.4324,0.0],[128.6917,-3.4184,1.2698],[128.6979,-3.4145,8.5944],[128.6987,-3.4115,1.9115],[128.6935,-3.4063,6.5252],[128.6843,-3.4003,0.0],[128.6818,-3.4004,17.315],[128.6705,-3.3912,8.4325],[128.6741,-3.3797,0.0],[128.6718,-3.3715,0.0],[128.6759,-3.3646,0.0],[128.6873,-3.3523,4.1353],[128.6926,-3.3509,0.0],[128.694,-3.3472,0.8319],[128.698,-3.3439,0.0],[128.7179,-3.3187,0.0],[128.7364,-3.3025,2.4459],[128.7647,-3.283,0.0],[128.7714,-3.2721,2.0378],[128.783,-3.2628,5.283],[128.7911,-3.2593,5.5503],[128.8041,-3.2565,0.0],[128.8173,-3.2499,0.0],[128.8311,-3.2471,6.1817],[128.8329,-3.2481,0.0],[128.8401,-3.2432,0.0],[128.8443,-3.2389,0.8942],[128.8454,-3.2341,4.2052],[128.852,-3.227,2.2213],[128.8589,-3.2117,1.9168],[128.8704,-3.2075,3.7431],[128.8895,-3.2035,1.5898],[128.9014,-3.2042,7.4966],[128.9195,-3.2088,3.1115],[128.9344,-3.2103,1.2948],[128.9445,-3.2158,2.1307],[128.9504,-3.2215,0.0],[128.9667,-3.2268,3.4792],[128.9664,-3.2456,3.6318],[128.9713,-3.2701,0.9318],[128.9693,-3.2746,0.0],[128.9695,-3.2823,0.0],[128.9665,-3.2904,3.3828],[128.9587,-3.2956,1.3817],[128.9531,-3.2959,0.0],[128.951,-3.3003,0.0],[128.9389,-3.3086,0.0],[128.9263,-3.3257,0.0],[128.927,-3.3348,1.6656],[128.9291,-3.337,17.4005],[128.9199,-3.3381,2.5478],[128.9148,-3.332,0.0],[128.9143,-3.3294,0.0],[128.91,-3.3284,0.0],[128.9149,-3.338,0.0],[128.9286,-3.3527,0.0],[128.9346,-3.3567,0.0],[128.9469,-3.3573,2.7863],[128.9515,-3.3553,4.4796],[128.9625,-3.3621,0.0],[128.9657,-3.3626,0.0],[128.972,-3.3601,5.4026],[128.978,-3.361,3.7423],[128.9836,-3.3571,8.8803],[128.9917,-3.3545,23.8003],[128.9999,-3.3559,3.5802],[129.0155,-3.3521,5.3864],[129.0227,-3.3541,2.079],[129.0334,-3.3484,5.1668],[129.0375,-3.3478,10.7657],[129.0402,-3.3495,6.7337],[129.0442,-3.3488,3.4662],[129.0601,-3.352,0.0],[129.0628,-3.3493,6.9487],[129.0649,-3.3502,0.0],[129.0843,-3.3411,11.9651],[129.095,-3.3479,2.7819],[129.1026,-3.3473,4.9182],[129.1077,-3.352,1.9723],[129.1108,-3.3506,3.6663],[129.1184,-3.3514,1.385],[129.1316,-3.3645,12.4324],[129.1382,-3.3614,5.2076],[129.1445,-3.3611,13.4087],[129.1488,-3.3626,14.7441],[129.1543,-3.3685,0.0],[129.1663,-3.3696,12.396],[129.1736,-3.3744,3.4716],[129.1796,-3.3826,2.5085],[129.1911,-3.3898,0.1681],[129.2045,-3.3899,0.0],[129.2162,-3.3961,0.8805],[129.2214,-3.3957,5.1562],[129.2232,-3.399,1.3376999999999999],[129.226,-3.4003,1.1332],[129.2288,-3.3993,9.5799],[129.2314,-3.4015,0.0],[129.2399,-3.401,9.1271],[129.252,-3.4076,2.4525],[129.2562,-3.4085,0.0],[129.2607,-3.4065,8.9903],[129.2885,-3.4142,7.168],[129.3087,-3.4108,31.5825],[129.3192,-3.4155,0.0],[129.3286,-3.412,6.9847],[129.3363,-3.4174,2.8311],[129.3542,-3.4104,5.927],[129.3642,-3.415,0.0],[129.3728,-3.4118,3.6026],[129.3883,-3.4177,3.4287],[129.3948,-3.4161,13.0695],[129.3985,-3.4181,0.0],[129.4045,-3.417,6.752],[129.4109,-3.4184,3.9],[129.4155,-3.4208,6.7463],[129.4175,-3.4246,0.0],[129.428,-3.4275,9.7709],[129.4318,-3.4319,0.0],[129.4359,-3.4319,0.0]]],
[[[131.9176,-5.5772,0.0],[131.9231,-5.5825,0.0],[131.9282,-5.5796,7.522],[131.9297,-5.5749,8.0938],[131.9277,-5.569,0.0],[131.9237,-5.5682,0.0],[131.9197,-5.5702,0.0],[131.9176,-5.5772,0.0]]],
[[[132.0114,-5.5803,0.0],[132.0073,-5.5656,0.0],[132.0038,-5.5636,0.0],[131.9936,-5.5821,0.0],[131.9923,-5.5894,0.0],[131.9903,-5.5897,0.0],[131.9966,-5.6001,0.0],[132.0089,-5.6023,0.0],[132.014,-5.6001,0.0],[132.0114,-5.5951,0.0],[132.0131,-5.5997,0.0],[132.0107,-5.5993,0.0],[132.0127,-5.5853,0.0],[132.0114,-5.5803,0.0]]],
[[[134.739,-5.6368,13.0085],[134.7413,-5.6332,10.6184],[134.7351,-5.6247,7.6549],[134.7297,-5.6131,6.6161],[134.7166,-5.6121,9.7267],[134.718,-5.6063,0.9812],[134.7148,-5.6071,14.7193],[134.7185,-5.6024,0.0],[134.7126,-5.5975,0.0],[134.6944,-5.5994,15.29],[134.6982,-5.5889,6.7933],[134.69,-5.5864,3.6737],[134.6905,-5.5937,15.6034],[134.6882,-5.5999,6.8198],[134.6901,-5.6153,15.1649],[134.6877,-5.6068,7.1575],[134.6875,-5.5988,10.0501],[134.6901,-5.593,15.6034],[134.6867,-5.5816,0.0],[134.6812,-5.5828,1.2432],[134.68,-5.5862,0.0],[134.6684,-5.5869,0.0],[134.6673,-5.5941,0.0],[134.6631,-5.5983,3.5751],[134.6641,-5.5887,0.0],[134.6608,-5.5875,0.0],[134.6594,-5.5828,0.0],[134.6544,-5.581,0.0],[134.6519,-5.5831,7.4553],[134.6535,-5.5774,5.7179],[134.6518,-5.5761,0.0],[134.6416,-5.5778,0.0],[134.643,-5.5869,2.5856],[134.6405,-5.5931,4.0863],[134.6419,-5.5877,2.5856],[134.6411,-5.5836,0.0],[134.639,-5.5826,0.0],[134.6346,-5.5847,22.0873],[134.6296,-5.5816,0.0],[134.6244,-5.5843,0.0],[134.6213,-5.5833,1.4378],[134.6085,-5.5741,16.3938],[134.6099,-5.5734,16.3938],[134.6095,-5.5714,7.9762],[134.6071,-5.5693,0.0],[134.6038,-5.5688,0.0],[134.6001,-5.5684,5.2413],[134.5964,-5.5753,0.0],[134.5949,-5.5755,0.0],[134.5929,-5.5688,0.0],[134.5877,-5.5728,0.0],[134.5824,-5.5716,5.5628],[134.5812,-5.5688,2.5607],[134.5724,-5.5712,0.0],[134.5695,-5.5696,15.634],[134.5696,-5.5631,2.0152],[134.566,-5.5689,11.2539],[134.5621,-5.565,16.0998],[134.5521,-5.5607,1.768],[134.5474,-5.5691,11.7823],[134.5357,-5.5715,10.399],[134.5339,-5.5705,5.8099],[134.5309,-5.5723,0.0],[134.5295,-5.5761,0.0],[134.5293,-5.5821,0.0],[134.5331,-5.5843,18.4518],[134.5332,-5.5955,12.878],[134.5358,-5.5999,12.6732],[134.5358,-5.6055,9.2216],[134.5342,-5.6079,0.0],[134.5356,-5.6271,56.5366],[134.5453,-5.6388,7.1466],[134.5473,-5.6494,11.6795],[134.5612,-5.6498,20.5824],[134.5696,-5.6536,17.1492],[134.5728,-5.6531,10.8633],[134.5755,-5.6496,36.1441],[134.5728,-5.6643,0.0],[134.5753,-5.6707,0.0],[134.579,-5.6771,3.8085],[134.5891,-5.6849,7.0115],[134.5957,-5.6954,13.3754],[134.5941,-5.6989,13.167],[134.5972,-5.7014,1.6168],[134.5987,-5.7003,25.5559],[134.6026,-5.7085,15.1521],[134.6085,-5.7129,24.4398],[134.6105,-5.7188,14.0507],[134.6162,-5.7227,11.2001],[134.6191,-5.7214,5.2921],[134.6197,-5.7175,9.3256],[134.6238,-5.7133,5.55],[134.6311,-5.7112,22.0062],[134.6396,-5.7118,2.7879],[134.6474,-5.7239,10.4117],[134.6507,-5.7256,3.1006],[134.6538,-5.7243,0.0],[134.6537,-5.7216,8.7635],[134.6609,-5.7246,3.0977],[134.67,-5.7236,19.447],[134.6913,-5.7248,8.6021],[134.6979,-5.7265,0.0],[134.7015,-5.731,14.5517],[134.6996,-5.7349,4.5274],[134.7041,-5.7388,6.2263],[134.7166,-5.7415,2.4937],[134.7222,-5.7344,9.7412],[134.7245,-5.7268,14.2665],[134.7303,-5.718,1.0901],[134.7313,-5.7081,16.9257],[134.7347,-5.7052,3.6549],[134.735,-5.7015,0.0],[134.7313,-5.701,0.0],[134.7252,-5.704,12.7969],[134.7301,-5.698,1.3208],[134.7318,-5.6932,0.0],[134.7294,-5.686,2.1013],[134.7266,-5.6836,6.8188],[134.732,-5.6823,5.9058],[134.7335,-5.6787,18.4678],[134.7314,-5.6723,16.6386],[134.75,-5.6732,0.0],[134.7519,-5.6693,4.1066],[134.754,-5.6686,0.9916],[134.7591,-5.6684,1.0902],[134.7611,-5.6702,1.7585],[134.7681,-5.6683,0.0],[134.764,-5.6656,5.389],[134.764,-5.6581,0.8064],[134.7568,-5.6537,3.4866],[134.761,-5.6489,6.8798],[134.762,-5.6502,2.1573],[134.7631,-5.6491,0.0],[134.7636,-5.6458,0.0],[134.762,-5.6462,0.7997],[134.7571,-5.6389,1.1394],[134.7572,-5.6339,0.0],[134.7527,-5.6309,0.0],[134.7484,-5.6326,3.201],[134.7502,-5.629,9.5604],[134.7477,-5.6194,0.8439],[134.7434,-5.6156,0.0],[134.7396,-5.6172,0.0],[134.7377,-5.6208,0.0],[134.7421,-5.6347,6.9508],[134.737,-5.6399,3.0],[134.729,-5.6444,6.8659],[134.739,-5.6368,13.0085]]],
[[[132.7971,-5.6128,12.2691],[132.7983,-5.6079,6.3844],[132.8019,-5.6032,0.0],[132.8097,-5.5764,7.3929],[132.8074,-5.5737,21.7342],[132.809,-5.5705,15.341],[132.811,-5.5709,13.2964],[132.8166,-5.5537,1.6596],[132.8163,-5.5497,0.0],[132.8094,-5.5537,14.0514],[132.7996,-5.5732,26.1041],[132.7936,-5.5778,29.8882],[132.7912,-5.5769,18.5187],[132.7954,-5.556,26.9683],[132.7986,-5.5549,0.0],[132.7985,-5.5434,5.7076],[132.8007,-5.5309,10.7039],[132.7988,-5.5278,13.3987],[132.7947,-5.5283,13.451599999999999],[132.7881,-5.533,18.2163],[132.7778,-5.551,30.3194],[132.7737,-5.5549,20.4447],[132.7669,-5.5689,12.3202],[132.755,-5.5813,51.0461],[132.7537,-5.5796,33.5577],[132.7513,-5.5814,0.0],[132.7529,-5.5833,45.8744],[132.751,-5.5872,1.7785],[132.7509,-5.605,0.816],[132.7475,-5.6113,5.6516],[132.7416,-5.6116,0.0],[132.7401,-5.6132,0.0],[132.7437,-5.63,7.1209],[132.7417,-5.6339,0.0],[132.7414,-5.6389,0.0],[132.7454,-5.6475,9.5764],[132.7453,-5.6559,0.6448],[132.7492,-5.6637,3.9283],[132.7505,-5.6608,2.9493],[132.749,-5.6541,5.5007],[132.7541,-5.6538,2.4308],[132.7568,-5.6599,2.1442],[132.7601,-5.6578,11.8686],[132.76,-5.6512,8.7766],[132.7568,-5.6449,6.1961],[132.7598,-5.6401,4.305],[132.7624,-5.6403,0.0],[132.7676,-5.6472,0.0],[132.7659,-5.6512,0.0],[132.7678,-5.6548,1.0915],[132.7644,-5.6564,0.0],[132.7641,-5.6582,5.4221],[132.7592,-5.6588,8.9048],[132.7567,-5.6616,3.4173],[132.7586,-5.6643,10.1215],[132.7628,-5.6656,18.3009],[132.7619,-5.6718,1.8912],[132.7671,-5.683,3.2136],[132.7708,-5.6873,21.0694],[132.7786,-5.6858,26.368],[132.7876,-5.6774,18.6414],[132.7903,-5.6725,18.8362],[132.7891,-5.6637,31.5815],[132.7904,-5.6581,28.488],[132.7931,-5.6528,28.9224],[132.7966,-5.6532,0.0],[132.7944,-5.666,0.0],[132.7997,-5.6748,2.1871],[132.7914,-5.6855,0.0],[132.7907,-5.6888,0.0],[132.7928,-5.6924,0.0],[132.7983,-5.6943,38.5282],[132.8141,-5.6827,0.0],[132.8149,-5.6758,9.1788],[132.8114,-5.6665,23.0793],[132.8099,-5.6539,16.0852],[132.8074,-5.6466,15.3267],[132.8006,-5.6339,24.3384],[132.7971,-5.6128,12.2691]]],
[[[132.7563,-5.558,0.0],[132.7565,-5.5529,0.0],[132.7542,-5.5483,0.0],[132.7514,-5.557,0.0],[132.7563,-5.558,0.0]]],
[[[134.3433,-5.5861,1.7482],[134.3462,-5.582,14.5204],[134.3477,-5.5745,0.0],[134.3452,-5.5697,3.0547],[134.3418,-5.5671,2.2317],[134.3375,-5.5677,0.0],[134.3231,-5.56,0.0],[134.3107,-5.5642,2.6106],[134.304,-5.5637,10.9659],[134.2822,-5.6077,2.5885],[134.2655,-5.6128,0.0],[134.2631,-5.6118,0.0],[134.2568,-5.6149,2.6689],[134.2541,-5.6141,0.0],[134.2515,-5.6103,0.0],[134.2446,-5.6198,8.5803],[134.2436,-5.6225,0.0],[134.2447,-5.6264,7.1518],[134.246,-5.6293,2.9619],[134.2619,-5.6369,8.0702],[134.2679,-5.6438,0.0],[134.2764,-5.6456,6.8345],[134.2852,-5.6384,13.541],[134.2891,-5.6263,0.0],[134.2941,-5.6218,12.296],[134.311,-5.6128,17.0715],[134.3249,-5.6115,0.0],[134.3325,-5.606,10.396],[134.3408,-5.597,0.0],[134.3416,-5.5875,8.1471],[134.3433,-5.5861,1.7482]]],
[[[132.7262,-5.5685,0.0],[132.7125,-5.5783,0.0],[132.7114,-5.5832,0.0],[132.7141,-5.5875,0.0],[132.7192,-5.5871,13.7002],[132.728,-5.5924,9.0795],[132.7329,-5.5907,4.2096],[132.7342,-5.5857,0.0],[132.7316,-5.5813,8.8544],[132.7305,-5.5711,0.0],[132.7262,-5.5685,0.0]]],
[[[134.703,-5.5799,1.5187],[134.7071,-5.5772,8.8139],[134.7087,-5.5777,8.8139],[134.7093,-5.5747,0.0],[134.6989,-5.5744,9.5619],[134.6993,-5.5768,18.9495],[134.703,-5.5799,1.5187]]],
[[[134.7095,-5.5704,3.6891],[134.7117,-5.5677,0.0],[134.7107,-5.5648,3.6047],[134.7148,-5.5572,7.3075],[134.7151,-5.5512,9.5363],[134.713,-5.5487,7.8145],[134.7086,-5.5504,0.0],[134.7076,-5.5526,3.9955],[134.707,-5.5491,0.0],[134.7024,-5.5492,0.0],[134.7016,-5.5508,2.7454],[134.7053,-5.5565,2.1672],[134.7008,-5.5606,0.0],[134.7008,-5.5676,1.6861],[134.6988,-5.5725,0.0],[134.7041,-5.5725,9.5478],[134.7073,-5.5691,9.4135],[134.7095,-5.5704,3.6891]]],
[[[134.6645,-5.5662,9.2724],[134.6635,-5.5677,0.0],[134.6638,-5.5687,1.4548],[134.665,-5.5685,0.0],[134.6645,-5.5662,9.2724]]],
[[[132.5828,-5.5678,0.0],[132.586,-5.5739,0.0],[132.5919,-5.572,0.0],[132.593,-5.5696,5.3395],[132.592,-5.566,14.7037],[132.5844,-5.5646,0.0],[132.5828,-5.5678,0.0]]],
[[[132.5672,-5.57,0.0],[132.5693,-5.5683,0.0],[132.562,-5.56,18.5012],[132.5576,-5.5597,0.0],[132.5578,-5.5627,0.0],[132.5616,-5.5691,0.0],[132.5672,-5.57,0.0]]],
[[[132.3203,-5.572,0.8423],[132.3247,-5.5815,0.0],[132.3343,-5.5861,0.0],[132.357,-5.5777,2.3395],[132.3624,-5.5621,14.4266],[132.3707,-5.5556,22.362],[132.3782,-5.5551,0.0],[132.3792,-5.541,3.9751],[132.3781,-5.5356,0.0],[132.3763,-5.534,0.0],[132.3739,-5.543,19.1818],[132.3683,-5.5453,2.9366],[132.3593,-5.5532,11.7716],[132.3559,-5.5539,3.615],[132.3539,-5.5522,0.0],[132.3493,-5.5525,10.4354],[132.344,-5.5486,8.0819],[132.3434,-5.5331,0.0],[132.3267,-5.5324,14.6432],[132.3226,-5.5296,22.0306],[132.3181,-5.5231,11.1225],[132.3114,-5.5238,12.946],[132.3033,-5.5313,1.4206],[132.3033,-5.5373,0.075],[132.3087,-5.5442,0.0],[132.313,-5.5469,0.0],[132.321,-5.5644,0.0],[132.3225,-5.5649,2.1479],[132.324,-5.5631,0.0],[132.3245,-5.5666,14.9362],[132.3171,-5.5682,5.3352],[132.3185,-5.5723,0.0],[132.3203,-5.572,0.8423]]],
[[[132.7389,-5.5595,0.0],[132.7459,-5.5586,0.0],[132.7485,-5.5561,0.0],[132.7512,-5.5482,0.0],[132.7451,-5.5415,10.7695],[132.7408,-5.541,13.9227],[132.7366,-5.5382,14.4558],[132.7181,-5.5421,30.7325],[132.7046,-5.5413,21.6118],[132.6978,-5.5488,10.9952],[132.6907,-5.5443,0.0],[132.6878,-5.5449,0.0],[132.6852,-5.5507,0.0],[132.6951,-5.5577,0.0],[132.6964,-5.5613,0.0],[132.6995,-5.5641,0.0],[132.7032,-5.5651,0.0],[132.7071,-5.565,0.0],[132.721,-5.5597,0.0],[132.7314,-5.5639,0.0],[132.7359,-5.5628,0.0],[132.7389,-5.5595,0.0]]],
[[[132.7374,-5.5139,0.0],[132.7425,-5.5099,0.0],[132.7413,-5.5038,0.0],[132.7343,-5.5011,16.9732],[132.7297,-5.5061,0.0],[132.7309,-5.519,0.0],[132.7374,-5.5139,0.0]]],
[[[132.7639,-5.4867,0.0],[132.7596,-5.4867,20.4027],[132.7563,-5.4887,21.3502],[132.7496,-5.497,16.1843],[132.7449,-5.509,0.0],[132.7454,-5.5135,0.0],[132.7474,-5.5152,0.0],[132.7525,-5.5148,0.0],[132.759,-5.5074,0.0],[132.7644,-5.4923,0.0],[132.7639,-5.4867,0.0]]],
[[[134.7004,-5.5448,2.1922],[134.7024,-5.5419,3.9309],[134.6991,-5.5358,1.0681],[134.6954,-5.5369,1.9922],[134.6903,-5.5361,16.1195],[134.6897,-5.5404,0.0],[134.6913,-5.5448,3.9164],[134.6986,-5.5471,10.213],[134.7004,-5.5448,2.1922]]],
[[[134.2594,-5.5504,14.3873],[134.2668,-5.539,12.8376],[134.2737,-5.5359,2.0826],[134.2757,-5.5303,6.9531],[134.2858,-5.5229,0.0],[134.2861,-5.517,0.0],[134.2825,-5.5001,0.0],[134.2763,-5.4878,17.5749],[134.2708,-5.4836,0.0],[134.2536,-5.4872,0.0],[134.2523,-5.4893,0.0],[134.2522,-5.4979,2.1859],[134.2504,-5.4995,13.6879],[134.2496,-5.5056,0.0],[134.2508,-5.5086,10.6009],[134.2544,-5.5101,20.4593],[134.2567,-5.5268,6.851],[134.2534,-5.5429,0.0],[134.2539,-5.5533,0.0],[134.2562,-5.5541,12.8583],[134.2594,-5.5504,14.3873]]],
[[[134.4816,-5.5307,11.7545],[134.4812,-5.5325,4.8066],[134.4856,-5.5297,2.5449],[134.4861,-5.5188,9.9974],[134.4847,-5.5166,6.0292],[134.4783,-5.5191,0.0],[134.4758,-5.5259,3.1113],[134.4734,-5.5266,7.7953],[134.4741,-5.5289,1.653],[134.478,-5.5268,3.3441],[134.4816,-5.5307,11.7545]]],
[[[134.5074,-5.5121,4.5935],[134.4998,-5.5088,3.5674],[134.497,-5.5099,0.0],[134.4955,-5.5144,2.744],[134.4984,-5.5239,4.7817],[134.5038,-5.5231,0.0],[134.5075,-5.5244,1.6697],[134.5142,-5.5179,0.0],[134.5074,-5.5121,4.5935]]],
[[[134.502,-5.4982,3.5534],[134.5023,-5.4942,7.8928],[134.5051,-5.4921,8.9136],[134.5043,-5.4907,2.8584],[134.5011,-5.4902,1.49],[134.4972,-5.4925,5.8465],[134.4891,-5.4872,2.1683],[134.4881,-5.4905,10.6598],[134.4859,-5.4909,0.0],[134.4859,-5.4973,0.0],[134.4878,-5.4976,13.1933],[134.4912,-5.5054,2.4483],[134.499,-5.5054,5.3051],[134.4991,-5.5017,7.1653],[134.502,-5.4982,3.5534]]],
[[[134.5982,-5.5635,11.3299],[134.5989,-5.5598,3.8998],[134.5991,-5.565,4.5155],[134.601,-5.5649,14.5862],[134.6007,-5.5665,0.0],[134.6031,-5.5658,14.1654],[134.6115,-5.569,6.5807],[134.6131,-5.5711,4.1383],[134.6128,-5.574,1.7713],[134.6205,-5.5808,0.7472],[134.6269,-5.5807,2.2686],[134.6288,-5.5737,10.268],[134.6288,-5.5797,2.2686],[134.6335,-5.5787,12.1773],[134.6348,-5.5812,5.1239],[134.6372,-5.581,0.0],[134.6386,-5.5723,7.3704],[134.6397,-5.574,2.1483],[134.6409,-5.5724,6.8852],[134.6422,-5.5733,0.0],[134.6411,-5.5698,11.4794],[134.644,-5.5731,0.0],[134.6492,-5.573,0.0],[134.649,-5.5705,4.1955],[134.6459,-5.5693,15.0883],[134.6498,-5.5685,0.25],[134.649,-5.5662,7.9259],[134.6466,-5.5651,10.3452],[134.6491,-5.5594,12.4505],[134.6475,-5.5559,9.3257],[134.6479,-5.5516,7.6974],[134.6533,-5.5595,11.8714],[134.6559,-5.5584,13.1512],[134.6573,-5.5625,15.271],[134.656,-5.5683,7.3961],[134.6569,-5.5687,7.3961],[134.6577,-5.5655,8.4545],[134.6595,-5.5706,2.6663],[134.6611,-5.5704,1.8683],[134.6646,-5.5656,9.2724],[134.6653,-5.5686,0.0],[134.672,-5.5718,0.0],[134.6795,-5.5722,3.5502],[134.6829,-5.5683,0.0],[134.6813,-5.5646,6.247],[134.6827,-5.5656,4.2205],[134.6843,-5.5645,13.59],[134.683,-5.5599,13.1491],[134.6893,-5.5636,3.5121],[134.6872,-5.5695,0.0],[134.6918,-5.5715,2.8813],[134.6964,-5.5704,16.2647],[134.699,-5.5662,0.0],[134.6977,-5.5628,0.0],[134.6903,-5.5585,15.5845],[134.6845,-5.5499,6.0293],[134.6769,-5.5457,10.6918],[134.6781,-5.5442,12.6047],[134.6738,-5.5384,20.9519],[134.6776,-5.535,9.493],[134.6837,-5.5351,4.7786],[134.688,-5.5373,8.9697],[134.6898,-5.5342,14.9632],[134.6903,-5.5356,16.1195],[134.695,-5.5365,1.9922],[134.6996,-5.535,1.0681],[134.701,-5.5356,0.0],[134.7032,-5.5324,0.0],[134.6996,-5.5305,0.0],[134.7011,-5.5262,0.0],[134.6997,-5.5229,7.2936],[134.7032,-5.5214,1.3939],[134.7037,-5.5191,4.8353],[134.7065,-5.5199,0.0],[134.706,-5.517,4.2173],[134.6991,-5.512,0.0],[134.6913,-5.5112,1.527],[134.6818,-5.5072,8.9315],[134.6756,-5.4904,0.8081],[134.6727,-5.4893,0.0],[134.6716,-5.4856,1.1662],[134.6645,-5.4814,6.0715],[134.6623,-5.4829,0.0],[134.6606,-5.4885,3.9091],[134.6622,-5.5018,7.0388],[134.6642,-5.5064,13.5122],[134.662,-5.5109,8.254],[134.6635,-5.5063,7.9329],[134.6621,-5.5049,4.5199],[134.6607,-5.498,6.0149],[134.6553,-5.4926,0.0],[134.6518,-5.4955,2.7995],[134.6541,-5.4921,0.0],[134.6516,-5.4863,5.6389],[134.6541,-5.4859,0.0],[134.6517,-5.4754,0.5195],[134.6493,-5.4743,0.0],[134.6482,-5.476,5.3592],[134.6481,-5.4737,0.0],[134.645,-5.4774,9.5647],[134.6446,-5.4763,9.5647],[134.6472,-5.4727,0.5807],[134.6462,-5.4704,3.6258],[134.6508,-5.4672,4.0337],[134.6511,-5.4629,2.7293],[134.6528,-5.4607,0.0],[134.6514,-5.451,6.2167],[134.6482,-5.4475,2.7192],[134.6475,-5.4392,0.0],[134.6317,-5.4302,0.0],[134.6295,-5.4364,6.1701],[134.631,-5.4302,0.0],[134.6283,-5.4275,3.0851],[134.6132,-5.4209,0.0],[134.6083,-5.4212,0.0],[134.6118,-5.43,0.0],[134.6077,-5.4371,0.5],[134.6059,-5.4468,0.5],[134.6094,-5.4548,2.4402],[134.6076,-5.4534,8.497],[134.6044,-5.4471,0.5],[134.6048,-5.4445,1.8055],[134.6022,-5.4442,5.1066],[134.6052,-5.4413,10.7742],[134.6059,-5.4374,1.0671],[134.6044,-5.4361,5.1203],[134.6086,-5.4307,7.977],[134.6078,-5.4277,2.1911],[134.6048,-5.425,0.0],[134.5974,-5.4226,0.0],[134.6012,-5.4209,13.2007],[134.6017,-5.4185,11.5939],[134.5975,-5.4143,0.0],[134.5911,-5.4162,0.0],[134.5894,-5.4234,6.6996],[134.5838,-5.4163,14.8983],[134.579,-5.4196,11.2337],[134.5747,-5.4178,0.0],[134.5716,-5.4187,3.7233],[134.5664,-5.4248,0.0],[134.5679,-5.4278,8.1555],[134.5656,-5.4265,3.918],[134.5646,-5.4275,0.0],[134.5641,-5.4314,0.5],[134.5693,-5.4391,13.7195],[134.5722,-5.4399,2.25],[134.5752,-5.4379,9.2319],[134.578,-5.4392,9.1938],[134.5765,-5.4408,6.0698],[134.5699,-5.4414,8.4434],[134.5649,-5.4393,8.9981],[134.5596,-5.4344,0.0],[134.5554,-5.4348,6.0985],[134.5549,-5.4389,4.0146],[134.557,-5.4403,3.7081],[134.558,-5.4457,1.0],[134.5609,-5.4488,1.375],[134.5598,-5.4499,7.9723],[134.5546,-5.445,7.6728],[134.553,-5.4399,0.25],[134.5508,-5.4383,1.835],[134.5487,-5.4376,0.0],[134.548,-5.4388,5.9574],[134.5468,-5.4362,0.0],[134.5424,-5.4367,10.8016],[134.5397,-5.4326,0.0],[134.5385,-5.4349,16.1153],[134.5367,-5.4337,2.2777],[134.5352,-5.4351,5.1964],[134.534,-5.4301,7.1388],[134.5305,-5.4265,7.7616],[134.5271,-5.4276,4.7338],[134.5199,-5.4254,10.5361],[134.5083,-5.4197,4.9898],[134.5,-5.4198,8.3041],[134.4908,-5.4324,0.0],[134.4931,-5.44,2.7746],[134.4959,-5.442,2.484],[134.4935,-5.4433,3.1939],[134.4942,-5.4469,0.0],[134.4982,-5.4482,7.0067],[134.5002,-5.4512,8.1816],[134.5027,-5.4508,5.3913],[134.5029,-5.4544,1.044],[134.5008,-5.4564,0.0],[134.5016,-5.4595,11.6355],[134.5035,-5.4605,8.246],[134.5007,-5.4677,0.0],[134.5028,-5.4704,1.1053],[134.5004,-5.4713,2.4425],[134.4997,-5.4757,15.2478],[134.4956,-5.4763,11.6229],[134.4942,-5.4794,4.2567],[134.4909,-5.4796,0.0],[134.4909,-5.4845,0.0],[134.4934,-5.4845,19.082],[134.4919,-5.4867,2.0533],[134.4977,-5.4888,3.1793],[134.5029,-5.4878,10.1001],[134.5073,-5.4848,2.2477],[134.5122,-5.486,9.7355],[134.5158,-5.4797,2.2492],[134.5226,-5.4817,0.625],[134.5269,-5.4883,3.5271],[134.5295,-5.4887,8.0665],[134.533,-5.4788,5.5622],[134.5365,-5.479,9.0712],[134.5332,-5.4791,5.5622],[134.5321,-5.4857,13.7228],[134.5298,-5.4896,9.7094],[134.5265,-5.4899,4.4037],[134.5212,-5.486,0.625],[134.5149,-5.4888,0.5],[134.5062,-5.4894,0.0],[134.506,-5.4909,2.0549],[134.5051,-5.4921,8.9136],[134.5043,-5.4932,5.2464],[134.5027,-5.4945,7.8928],[134.5024,-5.4987,3.5534],[134.5,-5.5017,5.4586],[134.5005,-5.5054,1.8729],[134.5027,-5.508,0.0],[134.5123,-5.5102,3.6152],[134.5147,-5.5125,4.7271],[134.5204,-5.5111,5.4459],[134.5167,-5.5148,3.0835],[134.5182,-5.5177,18.0902],[134.5117,-5.524,4.2273],[134.5149,-5.5263,12.5728],[134.5156,-5.5291,7.1429],[134.5142,-5.5304,7.4652],[134.5156,-5.5315,8.2249],[134.5089,-5.5382,3.329],[134.5061,-5.5457,12.3439],[134.5062,-5.5544,18.591],[134.5138,-5.5619,0.0],[134.5178,-5.5589,0.0],[134.5183,-5.5566,4.6901],[134.5234,-5.5555,3.0299],[134.5291,-5.5627,7.6762],[134.531,-5.5693,1.4615],[134.5383,-5.5677,9.6759],[134.5395,-5.5654,13.5659],[134.5422,-5.5678,9.4199],[134.5449,-5.5668,1.7214],[134.5486,-5.5593,22.0949],[134.5523,-5.5574,14.4822],[134.5553,-5.5605,5.5007],[134.5656,-5.564,1.9431],[134.5673,-5.5605,4.2364],[134.569,-5.5603,4.2364],[134.5715,-5.5631,8.1875],[134.5707,-5.5692,0.0],[134.5724,-5.5697,0.0],[134.581,-5.5667,10.6967],[134.5852,-5.5703,11.1989],[134.5924,-5.5672,8.1053],[134.5959,-5.5697,13.2449],[134.5985,-5.5673,4.2556],[134.5982,-5.5635,11.3299]]],
[[[134.6879,-5.4656,2.1686],[134.6847,-5.4639,0.0],[134.6829,-5.4671,5.1095],[134.6831,-5.4731,9.3054],[134.6856,-5.4767,1.6753],[134.6883,-5.4761,7.1099],[134.69,-5.4711,10.825],[134.6879,-5.4656,2.1686]]],
[[[134.6614,-5.4715,7.185],[134.6592,-5.4689,0.0],[134.6572,-5.4704,1.7558],[134.659,-5.4731,0.8899],[134.6614,-5.4715,7.185]]],
[[[134.675,-5.464,0.0],[134.673,-5.4734,3.591],[134.6739,-5.477,2.39],[134.6773,-5.4776,6.7078],[134.6804,-5.4746,0.0],[134.6817,-5.4608,0.0],[134.6802,-5.4601,0.0],[134.6785,-5.4628,1.2452],[134.675,-5.464,0.0]]],
[[[134.6543,-5.451,7.7689],[134.656,-5.4544,15.2549],[134.6563,-5.4629,8.3446],[134.6626,-5.4691,1.3371],[134.6644,-5.4739,10.0485],[134.6691,-5.4746,0.6055],[134.6742,-5.464,0.0],[134.6686,-5.4562,0.0],[134.6661,-5.4559,0.0],[134.6644,-5.448,0.0],[134.6583,-5.4432,0.0],[134.6515,-5.4425,0.0],[134.6501,-5.4471,0.0],[134.6543,-5.451,7.7689]]],
[[[134.4897,-5.4374,0.0],[134.4895,-5.4328,0.0],[134.4949,-5.4242,10.4263],[134.4927,-5.4223,2.1932],[134.4853,-5.4284,12.8336],[134.4836,-5.428,15.3801],[134.4772,-5.4324,0.0],[134.4741,-5.4382,12.5377],[134.4698,-5.4392,0.0],[134.465,-5.4439,2.22],[134.4603,-5.4524,0.0],[134.4606,-5.4584,0.0],[134.4621,-5.4609,0.0],[134.4692,-5.4598,0.0],[134.4707,-5.4571,2.1944],[134.4777,-5.4548,2.634],[134.4887,-5.4411,6.0734],[134.4897,-5.4374,0.0]]],
[[[134.5616,-5.425,6.1224],[134.5587,-5.4252,0.0],[134.5571,-5.4287,1.7394],[134.5616,-5.4284,1.427],[134.5635,-5.4258,1.2248],[134.5616,-5.425,6.1224]]],
[[[134.6381,-5.4199,0.7154],[134.6378,-5.4165,11.9764],[134.6363,-5.4167,0.672],[134.6353,-5.4194,2.7197],[134.6381,-5.4199,0.7154]]],
[[[134.6101,-5.3702,5.9061],[134.6066,-5.3682,0.8959],[134.6042,-5.3708,3.3389],[134.6044,-5.3736,11.282],[134.6101,-5.3749,2.8505],[134.6101,-5.3702,5.9061]]],
[[[134.646,-5.4061,0.0],[134.6477,-5.4062,0.0],[134.6476,-5.4045,0.0],[134.646,-5.4043,0.0],[134.646,-5.4061,0.0]]],
[[[134.6252,-5.399,16.1544],[134.6253,-5.4001,15.0696],[134.6271,-5.4004,15.2104],[134.6271,-5.399,13.1503],[134.6252,-5.399,16.1544]]],
[[[134.6707,-5.389,4.2931],[134.6724,-5.3921,3.2131],[134.6794,-5.3951,0.8664],[134.6835,-5.3934,0.0],[134.6809,-5.3888,0.0],[134.6767,-5.3876,0.0],[134.6707,-5.389,4.2931]]],
[[[134.6666,-5.3933,6.8676],[134.6649,-5.3905,1.8983],[134.6649,-5.3942,13.8651],[134.6662,-5.3947,14.0527],[134.6666,-5.3933,6.8676]]],
[[[134.6238,-5.3885,0.8074],[134.6191,-5.3866,1.9828],[134.6155,-5.3886,0.0],[134.6152,-5.3907,3.6442],[134.6217,-5.396,11.0287],[134.6254,-5.3926,1.7308],[134.6238,-5.3885,0.8074]]],
[[[134.6457,-5.4081,0.0],[134.6427,-5.4106,0.0],[134.6425,-5.415,3.0642],[134.6429,-5.4198,0.0],[134.6452,-5.4204,7.4559],[134.6468,-5.4185,14.0032],[134.6457,-5.4081,0.0]]],
[[[134.6772,-5.4058,0.0],[134.6797,-5.4082,0.0],[134.6807,-5.4068,0.0],[134.6793,-5.4044,0.0],[134.6772,-5.4058,0.0]]],
[[[134.6171,-5.4041,0.0],[134.6162,-5.4063,0.0],[134.6218,-5.411,8.2747],[134.6246,-5.4123,14.184],[134.6302,-5.4107,5.1536],[134.6303,-5.409,9.8307],[134.626,-5.4058,6.8141],[134.6221,-5.3997,12.9013],[134.6171,-5.4041,0.0]]],
[[[134.6569,-5.4088,0.0],[134.6597,-5.4076,0.0],[134.6637,-5.3911,15.9952],[134.6616,-5.3879,0.0],[134.6566,-5.3866,2.6925],[134.6528,-5.3885,0.0],[134.6504,-5.3876,0.0],[134.6487,-5.3923,0.0],[134.6509,-5.402,0.0],[134.6538,-5.407,0.0],[134.6569,-5.4088,0.0]]],
[[[131.9809,-5.3833,0.0],[131.9863,-5.3788,0.0],[131.9915,-5.379,0.0],[132.0101,-5.3708,0.0],[132.0101,-5.365,9.0081],[132.0126,-5.357,0.0],[132.0208,-5.3418,11.0143],[132.0234,-5.3239,34.6747],[132.0218,-5.3131,0.0],[132.0184,-5.3107,0.0],[132.0154,-5.3054,6.0059],[132.0126,-5.305,43.4449],[131.9976,-5.3133,18.7139],[131.991,-5.3123,9.0866],[131.9904,-5.3107,0.0],[131.981,-5.3246,18.7872],[131.978,-5.3259,0.0],[131.9695,-5.3374,0.0],[131.9604,-5.3729,0.0],[131.9726,-5.3893,0.0],[131.9769,-5.3885,0.0],[131.9809,-5.3833,0.0]]],
[[[134.524,-5.3357,0.0],[134.5261,-5.3342,0.7628],[134.5401,-5.3362,0.0],[134.5352,-5.3326,1.6336],[134.524,-5.3302,5.6027],[134.5193,-5.3307,0.0],[134.5155,-5.3329,0.0],[134.5107,-5.3393,0.0],[134.5103,-5.3452,1.7548],[134.5125,-5.3462,5.3882],[134.5137,-5.3413,0.0],[134.5155,-5.342,0.0],[134.5183,-5.3375,10.417],[134.524,-5.3357,0.0]]],
[[[134.4666,-5.374,3.8645],[134.4683,-5.3771,0.0],[134.4783,-5.377,2.3815],[134.4726,-5.3716,2.716],[134.473,-5.3683,0.0],[134.4706,-5.3662,0.0],[134.4675,-5.3686,0.0],[134.4666,-5.374,3.8645]]],
[[[134.5666,-5.398,8.0576],[134.5649,-5.397,0.0],[134.5645,-5.3993,0.0],[134.5664,-5.399,8.0576],[134.5666,-5.398,8.0576]]],
[[[134.5791,-5.3992,0.0],[134.5781,-5.401,7.9364],[134.5794,-5.4022,2.2031],[134.5921,-5.405,0.0],[134.5944,-5.4035,0.0],[134.5953,-5.3992,0.0],[134.5935,-5.3957,10.9452],[134.5894,-5.3932,6.7925],[134.5866,-5.3936,1.7379],[134.5791,-5.3992,0.0]]],
[[[134.5905,-5.3854,1.2274],[134.5887,-5.3877,0.0],[134.59,-5.3906,7.3621],[134.5919,-5.391,10.0431],[134.6046,-5.3852,0.0],[134.6037,-5.3819,1.675],[134.5967,-5.3806,0.0],[134.5905,-5.3854,1.2274]]],
[[[134.5959,-5.3708,10.6697],[134.6027,-5.3707,2.908],[134.6054,-5.3678,0.0],[134.6009,-5.3571,1.5033],[134.587,-5.3559,0.0],[134.5802,-5.3593,0.0],[134.5766,-5.3635,0.0],[134.5756,-5.37,9.3059],[134.5715,-5.3739,2.6787],[134.5733,-5.3805,9.0725],[134.5699,-5.3787,15.1192],[134.5621,-5.3861,0.0],[134.5612,-5.3898,5.7953],[134.5636,-5.394,0.0],[134.566,-5.3953,0.0],[134.5761,-5.3941,4.3838],[134.5827,-5.3895,13.1188],[134.5829,-5.3867,10.6056],[134.5911,-5.3802,10.8521],[134.5959,-5.3708,10.6697]]],
[[[134.6154,-5.4021,8.6311],[134.6204,-5.3977,1.5752],[134.6122,-5.3884,2.0073],[134.6129,-5.3833,0.0],[134.6103,-5.381,0.0],[134.6078,-5.382,0.0],[134.6059,-5.3863,8.1221],[134.5952,-5.3904,2.0642],[134.5925,-5.3932,0.0],[134.5968,-5.3984,3.4183],[134.5959,-5.4011,2.8487],[134.6031,-5.4061,9.3655],[134.6114,-5.4081,0.0],[134.6154,-5.4021,8.6311]]],
[[[134.5745,-5.3608,11.4948],[134.5843,-5.3529,10.451],[134.5976,-5.3549,0.0],[134.6031,-5.3499,0.0],[134.5994,-5.3385,1.7679],[134.5895,-5.3287,0.0],[134.5705,-5.3245,0.0],[134.56,-5.3287,3.3955],[134.5523,-5.3358,3.0774],[134.5522,-5.3381,1.2365],[134.5479,-5.3436,0.0],[134.5505,-5.3473,5.5584],[134.5502,-5.357,6.7815],[134.5482,-5.3574,7.6609],[134.545,-5.3478,0.0],[134.5322,-5.3507999999999996,0.0],[134.5266,-5.3591,15.1015],[134.529,-5.3648,12.0704],[134.5256,-5.3641,9.7758],[134.5225,-5.3603,2.0457],[134.5145,-5.3628,0.0],[134.5063,-5.3685,0.9283],[134.5047,-5.3752,0.0],[134.5061,-5.3777,8.8722],[134.5026,-5.3817,0.0],[134.5022,-5.386,0.0],[134.5076,-5.3884,15.0207],[134.5091,-5.3921,6.3234],[134.5164,-5.3964,10.8044],[134.5285,-5.4071,5.7207],[134.5396,-5.4115,0.0],[134.5433,-5.409,1.3087],[134.5461,-5.4018,6.2647],[134.5481,-5.4002,3.1133],[134.5523,-5.3974,5.4378],[134.5563,-5.3986,2.6896],[134.5582,-5.3973,7.6482],[134.5582,-5.3928,5.7174],[134.5559,-5.3904,10.839],[134.5582,-5.3896,1.8771],[134.5586,-5.3856,9.0981],[134.5665,-5.3768,4.5199],[134.5678,-5.3686,5.3379],[134.5745,-5.3608,11.4948]]],
[[[132.4506,-6.0337,0.0],[132.4552,-6.0384,0.0],[132.4631,-6.0341,0.0],[132.4735,-6.0324,0.0],[132.4862,-6.0186,0.0],[132.487,-6.0126,0.0],[132.4835,-6.0085,0.0],[132.4868,-5.9959,0.0],[132.484,-5.9887,0.0],[132.4819,-5.9894,0.0],[132.4768,-6.0005,0.0],[132.4752,-6.005,0.0],[132.4763,-6.0109,0.0],[132.4743,-6.0149,0.0],[132.4693,-6.0181,0.968],[132.4593,-6.01,0.0],[132.4568,-6.0097,0.0],[132.4501,-6.0128,0.0],[132.4486,-6.0106,0.0],[132.4457,-6.0098,0.0],[132.4429,-6.0116,27.4221],[132.4428,-6.0185,34.5638],[132.4468,-6.0242,34.0515],[132.4485,-6.0336,0.0],[132.4506,-6.0337,0.0]]],
[[[132.4673,-6.0039,11.6034],[132.4617,-6.0018,1.8441],[132.4579,-6.0034,0.0],[132.4629,-6.005,11.5368],[132.4673,-6.0039,11.6034]]],
[[[134.7707,-5.8843,2.5412],[134.7687,-5.8798,4.9505],[134.7694,-5.8764,2.3723],[134.7716,-5.8772,0.7888],[134.7703,-5.8719,0.0],[134.7642,-5.8703,5.0886],[134.7578,-5.86,11.6503],[134.7515,-5.8582,2.5351],[134.7458,-5.8624,10.6444],[134.7422,-5.8745,15.1925],[134.7403,-5.8758,14.6954],[134.7393,-5.8803,7.9273],[134.7368,-5.8836,13.9763],[134.7282,-5.8896,0.0],[134.7266,-5.8946,0.0],[134.7389,-5.9074,5.2153],[134.7421,-5.9053,0.0],[134.7427,-5.9023,12.6423],[134.7464,-5.8985,1.0722],[134.7513,-5.9027,0.0],[134.7565,-5.8978,10.3275],[134.7596,-5.897,10.7533],[134.7659,-5.8903,5.9805],[134.7709,-5.8902,0.0],[134.7728,-5.8864,3.9409],[134.7707,-5.8864,12.9155],[134.7718,-5.8849,0.6633],[134.7707,-5.8843,2.5412]]],
[[[134.8004,-5.8795,7.5348],[134.8053,-5.8753,0.0],[134.7989,-5.8705,14.2529],[134.7919,-5.8736,2.2786],[134.7873,-5.8777,0.0],[134.7855,-5.8774,0.0],[134.783,-5.8812,0.0],[134.783,-5.8882,0.0],[134.7912,-5.894,7.1109],[134.7947,-5.8897,7.1413],[134.7943,-5.8867,9.3264],[134.7966,-5.8824,6.8331],[134.7996,-5.883,1.8142],[134.8004,-5.8795,7.5348]]],
[[[134.7898,-5.8721,0.0],[134.7862,-5.8698,0.727],[134.7837,-5.8739,1.1906],[134.788,-5.8757,6.7309],[134.7905,-5.8735,2.2028],[134.7898,-5.8721,0.0]]],
[[[134.8044,-5.8695,2.076],[134.8056,-5.8673,3.3779],[134.8035,-5.8661,0.0],[134.802,-5.8672,2.7425],[134.7995,-5.8656,0.0],[134.7956,-5.8662,0.0],[134.7954,-5.8699,0.0],[134.797,-5.8705,7.6658],[134.8044,-5.8695,2.076]]],
[[[132.5347,-5.8429,25.5165],[132.5347,-5.8475,41.6675],[132.539,-5.8575,19.8426],[132.5569,-5.8711,0.0],[132.5661,-5.8705,0.0],[132.5711,-5.8608,0.0],[132.5647,-5.8576,0.0],[132.5601,-5.8532,0.0],[132.5554,-5.8415,0.0],[132.54,-5.8384,0.0],[132.5365,-5.8395,0.0],[132.5347,-5.8429,25.5165]]],
[[[134.3211,-5.8597,10.1275],[134.3184,-5.8597,7.1068],[134.3177,-5.8632,0.0],[134.3193,-5.8641,5.8804],[134.3227,-5.8627,0.0],[134.3211,-5.8597,10.1275]]],
[[[134.7522,-5.8572,7.0244],[134.759,-5.8598,5.4529],[134.7657,-5.8658,1.6389],[134.7689,-5.8656,0.0],[134.7659,-5.8614,10.4474],[134.7662,-5.8571,14.6718],[134.7691,-5.8543,0.0],[134.7693,-5.851,0.0],[134.7609,-5.8481,0.0],[134.7584,-5.8488,0.0],[134.7527,-5.8525,5.1721],[134.7522,-5.8572,7.0244]]],
[[[132.6066,-5.8198,0.0],[132.608,-5.8167,0.0],[132.6055,-5.814,0.0],[132.604,-5.8089,0.0],[132.5998,-5.8096,0.0],[132.5992,-5.8124,0.0],[132.6017,-5.8206,0.0],[132.6057,-5.8243,0.0],[132.6066,-5.8198,0.0]]],
[[[134.7808,-5.794,0.0],[134.7798,-5.7944,0.0],[134.7807,-5.7958,4.2695],[134.7816,-5.7944,0.0],[134.7808,-5.794,0.0]]],
[[[134.7424,-5.7991,16.9569],[134.7441,-5.8065,1.9129],[134.7465,-5.808,0.0],[134.7528,-5.803,2.8101],[134.7596,-5.8006,14.3075],[134.7588,-5.7963,17.3909],[134.7522,-5.7921,4.42],[134.7524,-5.7884,0.0],[134.7505,-5.7853,8.929],[134.7468,-5.788,7.5467],[134.7455,-5.7917,3.1852],[134.7427,-5.7946,19.7946],[134.7424,-5.7991,16.9569]]],
[[[134.7779,-5.7913,0.0],[134.7787,-5.7897,0.0],[134.7765,-5.7868,0.0],[134.7704,-5.79,2.0825],[134.7686,-5.7928,0.0],[134.774,-5.7964,1.0875],[134.7774,-5.796,0.0],[134.7779,-5.7913,0.0]]],
[[[134.7658,-5.8278,1.7882],[134.765,-5.8282,0.0],[134.7658,-5.8292,0.0],[134.7661,-5.8284,0.0],[134.7658,-5.8278,1.7882]]],
[[[134.8097,-5.8096,9.4625],[134.8087,-5.8067,1.9909],[134.8077,-5.8086,6.3904],[134.8071,-5.8069,2.4085],[134.8044,-5.807,3.0387],[134.8014,-5.8127,12.4104],[134.8013,-5.8163,3.7328],[134.8051,-5.8184,5.1389],[134.814,-5.8193,3.8639],[134.814,-5.8165,0.0],[134.8118,-5.8149,13.2125],[134.8097,-5.8096,9.4625]]],
[[[132.6336,-5.8005,0.0],[132.6323,-5.7912,0.0],[132.6257,-5.7955,0.0],[132.625,-5.8002,0.0],[132.6302,-5.813,0.0],[132.6346,-5.8126,0.0],[132.6336,-5.8005,0.0]]],
[[[134.7905,-5.8209,9.4013],[134.7954,-5.8216,0.0],[134.7991,-5.8196,1.6039],[134.8008,-5.8161,7.5128],[134.8009,-5.8102,4.3023],[134.7943,-5.81,4.0392],[134.7879,-5.8068,1.3048],[134.7768,-5.8062,0.0],[134.7737,-5.8088,0.0],[134.7724,-5.813,17.4629],[134.7671,-5.817,6.9739],[134.7671,-5.8218,5.9164],[134.7695,-5.8234,1.7323],[134.7718,-5.8218,6.3546],[134.7807,-5.8231,0.0],[134.7905,-5.8209,9.4013]]],
[[[132.616,-5.8352,0.0],[132.6091,-5.8337,0.0],[132.6063,-5.8395,0.0],[132.6004,-5.8439,44.6686],[132.6001,-5.8513,39.4564],[132.6044,-5.8583,12.8226],[132.6093,-5.8596,0.0],[132.6195,-5.8583,0.0],[132.623,-5.8518,0.0],[132.6223,-5.8476,0.0],[132.6172,-5.8429,0.0],[132.616,-5.8352,0.0]]],
[[[134.7724,-5.8418,0.0],[134.7739,-5.8413,0.8169],[134.7729,-5.8385,2.9585],[134.7711,-5.8398,3.5707],[134.7724,-5.8418,0.0]]],
[[[134.7685,-5.8436,0.0],[134.7702,-5.8425,0.0],[134.7694,-5.8401,2.048],[134.7683,-5.8409,0.0],[134.7685,-5.8436,0.0]]],
[[[134.7699,-5.8399,2.048],[134.7705,-5.8406,2.048],[134.7709,-5.8405,3.5707],[134.7708,-5.8396,2.048],[134.7699,-5.8399,2.048]]],
[[[132.6071,-5.8313,0.0],[132.5941,-5.8178,11.6145],[132.5769,-5.817,0.0],[132.5762,-5.8206,17.8271],[132.5778,-5.8236,27.0905],[132.5844,-5.829,28.731],[132.5909,-5.8314,17.8799],[132.5946,-5.8378,0.0],[132.5981,-5.8395,19.6202],[132.6071,-5.8313,0.0]]],
[[[134.306,-5.8322,2.7915],[134.3152,-5.8313,1.7763],[134.3065,-5.8297,4.4335],[134.3037,-5.8313,0.0],[134.3021,-5.8369,1.8644],[134.3031,-5.844,0.0],[134.309,-5.845,4.8774],[134.3129,-5.8437,0.0],[134.3136,-5.8416,0.0],[134.3119,-5.8387,11.5177],[134.3137,-5.8389,5.1519],[134.3142,-5.8353,0.0],[134.3112,-5.8374,5.9754],[134.306,-5.8322,2.7915]]],
[[[134.6893,-5.8378,11.0976],[134.6903,-5.8391,5.6593],[134.6879,-5.844,6.7068],[134.6971,-5.8408,22.3605],[134.7053,-5.8279,0.0],[134.6991,-5.827,9.275],[134.6956,-5.8289,8.2483],[134.6943,-5.8325,9.6792],[134.6901,-5.8341,13.1603],[134.6893,-5.8378,11.0976]]],
[[[134.241,-5.8095,27.0187],[134.2513,-5.793,0.0],[134.2519,-5.7858,0.0],[134.2494,-5.7841,6.1063],[134.2523,-5.7821,3.7567],[134.2495,-5.7719,0.7162],[134.238,-5.7614,0.7911],[134.2385,-5.7568,1.2085],[134.232,-5.7599,3.7973],[134.2278,-5.7595,0.0],[134.2117,-5.7536,1.7811],[134.1958,-5.7507,0.0],[134.1927,-5.761,5.8234],[134.1925,-5.7655,0.0],[134.195,-5.7682,12.9802],[134.1913,-5.7823,6.6611],[134.1867,-5.8185,0.0],[134.1874,-5.8241,0.0],[134.1916,-5.8307,0.0],[134.2067,-5.8356,0.0],[134.2218,-5.8251,13.2877],[134.2277,-5.8246,6.884],[134.2401,-5.8289,6.4801],[134.243,-5.8281,0.0],[134.2482,-5.8243,6.9215],[134.2517,-5.8172,0.0],[134.2505,-5.8153,0.0],[134.2444,-5.8149,2.0876],[134.2417,-5.8126,7.4586],[134.241,-5.8095,27.0187]]],
[[[134.7968,-5.9493,1.7008],[134.7977,-5.9486,0.0],[134.797,-5.9471,0.0],[134.7962,-5.948,1.7008],[134.7968,-5.9493,1.7008]]],
[[[134.6118,-5.9336,0.0],[134.6186,-5.9379,6.9125],[134.6348,-5.929,11.6101],[134.629,-5.9229,0.0],[134.6269,-5.9182,18.5011],[134.6319,-5.9121,0.0],[134.6272,-5.9081,6.0262],[134.6244,-5.9099,0.0],[134.6219,-5.917,15.2313],[134.6118,-5.9336,0.0]]],
[[[134.1792,-5.9187,3.1063],[134.1718,-5.9178,5.5617],[134.1683,-5.9142,0.0],[134.165,-5.9183,8.8992],[134.1667,-5.9223,19.8176],[134.174,-5.9229,20.3815],[134.1805,-5.9195,0.0],[134.1792,-5.9187,3.1063]]],
[[[134.6869,-5.9613,17.3671],[134.6869,-5.9584,0.0],[134.6844,-5.9573,0.0],[134.6798,-5.9577,2.3974],[134.6781,-5.9593,0.0],[134.6814,-5.9636,0.6666],[134.6834,-5.9631,2.041],[134.6838,-5.9611,19.2332],[134.6869,-5.9613,17.3671]]],
[[[134.6565,-5.9591,1.1349],[134.6565,-5.9586,1.1349],[134.6558,-5.9586,1.1349],[134.6561,-5.9591,1.1349],[134.6565,-5.9591,1.1349]]],
[[[134.7415,-5.9504,3.3375],[134.7398,-5.95,1.0641],[134.7408,-5.9542,8.7887],[134.7489,-5.9597,0.0],[134.7486,-5.9507,1.2815],[134.7415,-5.9504,3.3375]]],
[[[132.5281,-5.897,18.7559],[132.5301,-5.9093,36.6624],[132.535,-5.9192,0.0],[132.5394,-5.9214,0.0],[132.5446,-5.9209,0.0],[132.5496,-5.9155,0.0],[132.5521,-5.9051,0.0],[132.5516,-5.9024,0.0],[132.5478,-5.8996,0.0],[132.5462,-5.8934,0.0],[132.5452,-5.8867,0.0],[132.5477,-5.8844,0.0],[132.5478,-5.8793,0.0],[132.5424,-5.8745,0.0],[132.5372,-5.877,0.0],[132.5294,-5.8908,26.0336],[132.5281,-5.897,18.7559]]],
[[[134.7888,-5.8979,4.8121],[134.7881,-5.8941,0.6679],[134.7848,-5.8931,0.0],[134.7769,-5.8959,0.0],[134.7738,-5.9012,0.0],[134.7737,-5.9071,0.0],[134.7766,-5.9095,5.2209],[134.7879,-5.9063,0.0],[134.7908,-5.8998,0.0],[134.7888,-5.8979,4.8121]]],
[[[134.761,-5.9073,0.0],[134.7592,-5.9071,0.0],[134.7592,-5.9109,0.0],[134.7631,-5.911,11.5496],[134.7677,-5.9182,0.0],[134.7705,-5.9188,0.0],[134.7725,-5.9167,0.0],[134.7664,-5.9109,9.9662],[134.7658,-5.9083,0.0],[134.761,-5.9073,0.0]]],
[[[134.5931,-5.9203,0.0],[134.5877,-5.9336,1.3215],[134.6034,-5.9398,8.7761],[134.6085,-5.9359,15.0673],[134.6247,-5.907,12.2851],[134.6283,-5.9068,0.0],[134.6323,-5.911,9.5105],[134.6349,-5.91,8.0187],[134.6513,-5.8946,13.9158],[134.6492,-5.8912,6.7317],[134.6492,-5.8866,14.5972],[134.6506,-5.8837,12.2906],[134.6485,-5.8747,14.6565],[134.6441,-5.8707,12.6365],[134.6415,-5.871,7.1438],[134.6294,-5.8779,15.4508],[134.623,-5.8865,21.7137],[134.6107,-5.8955,25.8298],[134.6017,-5.9117,8.4922],[134.5931,-5.9203,0.0]]],
[[[134.7387,-5.8808,7.9273],[134.7404,-5.8748,14.6954],[134.7415,-5.8749,14.6954],[134.7462,-5.8606,9.6839],[134.751,-5.8568,7.0244],[134.7509,-5.8541,6.1278],[134.7557,-5.8488,12.5382],[134.7543,-5.846,1.4085],[134.7244,-5.834,4.3755],[134.7041,-5.832,0.0],[134.6982,-5.8422,0.0],[134.6931,-5.8425,0.0],[134.6881,-5.8458,0.0],[134.6819,-5.8449,13.2676],[134.6726,-5.8463,21.8295],[134.6729,-5.8497,23.7907],[134.6713,-5.8513,4.5721],[134.6595,-5.8562,20.9583],[134.6604,-5.8588,17.914],[134.655,-5.8593,8.854],[134.6486,-5.865,19.1928],[134.6462,-5.8696,3.5253],[134.6503,-5.8741,17.6416],[134.6514,-5.8849,7.1216],[134.6497,-5.8905,21.4335],[134.6522,-5.8956,8.7758],[134.6496,-5.9004,17.9602],[134.6482,-5.8997,8.2394],[134.6451,-5.9018,9.292],[134.6281,-5.9181,18.5011],[134.6363,-5.9285,0.0],[134.6462,-5.9294,14.8617],[134.6541,-5.9323,2.4999],[134.6561,-5.9349,0.0],[134.6581,-5.9349,1.1195],[134.6606,-5.9287,3.0388],[134.6685,-5.9237,5.0457],[134.6616,-5.9293,3.0388],[134.6621,-5.9311,18.6655],[134.6737,-5.9409,14.3118],[134.6781,-5.9524,0.0],[134.6834,-5.9562,15.6701],[134.6863,-5.9559,13.6231],[134.6917,-5.9587,11.5447],[134.6935,-5.9641,0.0],[134.6992,-5.9717,0.0],[134.7004,-5.9686,0.0],[134.7022,-5.9738,0.0],[134.7055,-5.9754,0.0],[134.7334,-5.9792,2.1528],[134.7355,-5.9747,1.9948],[134.741,-5.9703,1.1636],[134.7427,-5.9632,0.0],[134.7317,-5.9517,23.2558],[134.7316,-5.9499,13.5717],[134.7355,-5.95,2.9509],[134.7357,-5.9473,5.8764],[134.7297,-5.9379,8.421],[134.736,-5.9417,18.9606],[134.7394,-5.9412,15.731],[134.7401,-5.9385,2.4178],[134.7494,-5.9401,0.6612],[134.7428,-5.9345,0.0],[134.7352,-5.9328,3.1832],[134.728,-5.9272,0.0],[134.7229,-5.9299,22.3528],[134.7213,-5.9288,20.5421],[134.7236,-5.9259,0.9204],[134.7199,-5.9214,13.7943],[134.7163,-5.9198,21.1371],[134.7114,-5.9119,1.2789],[134.7063,-5.9098,0.25],[134.7123,-5.908,0.6615],[134.7097,-5.8999,0.5037],[134.713,-5.8985,2.8306],[134.7132,-5.8947,3.8617],[134.7093,-5.8898,0.0],[134.7174,-5.891,2.3772],[134.7216,-5.8875,1.147],[134.7218,-5.8836,14.3658],[134.7302,-5.8879,7.2275],[134.7387,-5.8808,7.9273]]],
[[[134.24,-6.108,5.3283],[134.244,-6.0953,16.3596],[134.2493,-6.0877,23.3185],[134.2523,-6.0863,2.0076],[134.2519,-6.0841,20.0445],[134.2543,-6.0856,4.1368],[134.257,-6.0846,0.0],[134.2643,-6.0746,2.0777],[134.2645,-6.0719,9.5065],[134.2686,-6.0724,9.5392],[134.2797,-6.0627,0.0],[134.2791,-6.0592,0.0],[134.2744,-6.0541,0.0],[134.2704,-6.0551,0.0],[134.2644,-6.0598,0.0],[134.2582,-6.0696,6.0449],[134.2461,-6.072,1.9971],[134.2452,-6.0751,12.552],[134.2411,-6.0646,20.5401],[134.2345,-6.0607,0.0],[134.2291,-6.0535,11.7151],[134.2288,-6.0443,17.9176],[134.2322,-6.0381,3.0456],[134.2325,-6.0266,7.8834],[134.227,-6.0224,2.8046],[134.2277,-6.0163,0.0],[134.2151,-6.0163,2.8942],[134.2026,-6.0207,5.8308],[134.1976,-6.0182,3.3849],[134.1934,-6.0235,7.1064],[134.196,-6.0328,2.1532],[134.1952,-6.0358,2.7659],[134.1758,-6.0343,0.0],[134.1698,-6.0383,2.2808],[134.1664,-6.0375,0.0],[134.1621,-6.039,0.0],[134.1615,-6.0374,0.0],[134.1584,-6.0378,8.1471],[134.1602,-6.0364,0.0],[134.1596,-6.0335,3.7827],[134.1579,-6.0305,0.0],[134.1563,-6.0305,0.0],[134.1552,-6.0262,8.4558],[134.1557,-6.0163,0.0],[134.1588,-6.0141,6.3915],[134.1595,-6.0113,9.7165],[134.1568,-6.006,0.0],[134.1534,-6.0061,6.0248],[134.1513,-6.0038,0.0],[134.1394,-6.0143,2.8645],[134.1234,-6.0385,3.2136],[134.121,-6.051,10.6189],[134.1239,-6.0659,0.0],[134.1216,-6.0743,6.6397],[134.1219,-6.0811,6.2412],[134.1162,-6.0877,0.0],[134.1135,-6.0982,0.0],[134.1136,-6.1077,0.0],[134.119,-6.1131,11.8668],[134.1265,-6.126,1.4975],[134.1342,-6.1343,6.7644],[134.1396,-6.1435,6.0156],[134.1414,-6.1435,8.6068],[134.1499,-6.1507,4.7346],[134.1517,-6.1494,0.0],[134.1461,-6.1447,9.2447],[134.149,-6.1457,2.8735],[134.1483,-6.1403,0.0],[134.1508,-6.1352,15.7602],[134.1547,-6.1354,15.9069],[134.1619,-6.1276,11.8475],[134.1689,-6.13,16.6291],[134.1765,-6.1239,22.958],[134.1755,-6.1216,25.6307],[134.1768,-6.1194,23.1264],[134.1798,-6.1213,11.3421],[134.1847,-6.1206,23.2716],[134.1913,-6.1255,3.8],[134.1939,-6.1249,5.5288],[134.196,-6.1271,4.3181],[134.1998,-6.1275,11.4602],[134.1987,-6.134,0.0],[134.2002,-6.136,11.2718],[134.2003,-6.1423,5.1036],[134.2021,-6.1445,5.3422],[134.1881,-6.1481,0.0],[134.1867,-6.1568,6.6086],[134.1699,-6.1649,0.0],[134.1625,-6.1777,0.0],[134.1612,-6.1859,0.0],[134.1677,-6.1981,0.0],[134.1849,-6.2046,0.0],[134.1973,-6.204,0.0],[134.2022,-6.203,0.0],[134.2073,-6.1941,8.5893],[134.2154,-6.1906,17.3899],[134.2212,-6.197,0.0],[134.2246,-6.2037,0.0],[134.2284,-6.2028,2.5262],[134.2342,-6.2203,17.632],[134.2421,-6.2343,13.4327],[134.2735,-6.2606,9.7788],[134.2822,-6.2771,13.5752],[134.2882,-6.2841,2.3686],[134.2968,-6.2853,0.0],[134.2985,-6.2829,25.4343],[134.3073,-6.278,9.8941],[134.3099,-6.278,4.0237],[134.3128,-6.2757,12.4237],[134.3146,-6.2764,21.278],[134.3174,-6.2825,16.291],[134.3264,-6.2885,5.8963],[134.3354,-6.3014,0.0],[134.3372,-6.3126,3.3266],[134.3562,-6.3188,12.5862],[134.3636,-6.3241,14.0212],[134.368,-6.3237,3.5467],[134.3726,-6.3182,2.7889],[134.3714,-6.3132,26.2173],[134.3775,-6.3091,20.2802],[134.3862,-6.3113,0.0],[134.3932,-6.3061,5.1893],[134.4089,-6.2901,0.0],[134.4228,-6.281,8.1944],[134.4259,-6.2832,3.9509],[134.4391,-6.2794,17.5554],[134.4484,-6.2707,0.0],[134.4385,-6.2721,7.3768],[134.4253,-6.264,0.0],[134.4155,-6.2628,0.0],[134.4046,-6.2637,6.6812],[134.3932,-6.2609,14.0118],[134.3913,-6.2524,3.3546],[134.3921,-6.2465,16.7476],[134.3898,-6.2437,18.2743],[134.3811,-6.2428,17.647],[134.3824,-6.2405,0.0],[134.3813,-6.2385,23.3864],[134.3746,-6.2353,0.0],[134.3669,-6.2264,15.8168],[134.3571,-6.2233,0.0],[134.3446,-6.2276,3.5986],[134.3413,-6.2277,32.6319],[134.3384,-6.2258,0.0],[134.3284,-6.2105,5.2266],[134.3273,-6.2113,3.3601],[134.3265,-6.207,0.0],[134.3112,-6.1867,1.5478],[134.314,-6.1862,4.374],[134.31,-6.1795,6.4712],[134.3104,-6.1754,3.7663],[134.29,-6.161,0.0],[134.283,-6.1587,0.0],[134.2774,-6.1605,3.8862],[134.2763,-6.1726,5.3795],[134.2725,-6.1741,9.255],[134.2719,-6.1833,12.9092],[134.2716,-6.1739,9.255],[134.2753,-6.1724,5.3795],[134.2742,-6.1641,0.0],[134.2678,-6.1588,11.284],[134.2699,-6.1473,0.0],[134.2631,-6.1435,0.0],[134.2471,-6.1418,0.0],[134.245,-6.1406,3.5785],[134.2453,-6.1359,0.0],[134.244,-6.1343,0.0],[134.2394,-6.1344,0.0],[134.2334,-6.1268,11.701],[134.2333,-6.1193,49.6753],[134.2388,-6.1161,10.3002],[134.2406,-6.1116,6.6197],[134.24,-6.108,5.3283]]],
[[[134.5686,-6.3465,4.7129],[134.5917,-6.3533,3.7369],[134.6126,-6.3703,9.562],[134.6229,-6.3733,0.0],[134.6269,-6.37,0.8747],[134.6288,-6.3573,16.302],[134.6211,-6.3382,7.3956],[134.6315,-6.3589,5.2806],[134.6344,-6.359,5.5539],[134.6392,-6.3562,1.1634],[134.6381,-6.3503,9.4755],[134.6418,-6.3535,6.2299],[134.6557,-6.3461,12.7133],[134.6776,-6.3446,5.0601],[134.6868,-6.3392,8.5863],[134.7046,-6.3244,5.0367],[134.7051,-6.3213,0.7808],[134.7091,-6.3184,1.2948],[134.7091,-6.3118,2.3125],[134.7057,-6.3106,0.0],[134.6991,-6.3157,14.8276],[134.7,-6.3126,0.0],[134.6966,-6.3111,11.0345],[134.6948,-6.3062,0.0],[134.6901,-6.3018,14.6737],[134.6908,-6.2974,9.5065],[134.6908,-6.3013,16.8246],[134.6942,-6.3031,4.8098],[134.6947,-6.3019,12.5835],[134.6963,-6.3034,8.364],[134.7074,-6.2993,17.6178],[134.7186,-6.3076,9.114],[134.7257,-6.3054,0.0],[134.727,-6.3028,7.0293],[134.7249,-6.3015,12.0592],[134.729,-6.3014,3.2329],[134.7414,-6.2675,5.8011],[134.7344,-6.2623,0.0],[134.7259,-6.2644,4.7299],[134.7265,-6.2638,4.7299],[134.7278,-6.2633,4.0672],[134.7307,-6.2627,9.0373],[134.7317,-6.2616,9.0373],[134.7384,-6.2598,4.2177],[134.7417,-6.2603,9.2371],[134.7428,-6.2609,0.9297],[134.7517,-6.2449,0.0],[134.7492,-6.2412,0.0],[134.7417,-6.2383,7.3545],[134.7504,-6.2396,0.0],[134.7534,-6.2373,1.832],[134.7561,-6.2313,2.4106],[134.7562,-6.2263,3.0334],[134.7579,-6.2272,1.3317],[134.7593,-6.2186,2.5582],[134.7648,-6.2059,0.0],[134.7637,-6.1987,0.0],[134.7576,-6.1903,3.4894],[134.7648,-6.1797,0.0],[134.7677,-6.1778,5.231],[134.7669,-6.1712,4.067],[134.769,-6.1654,0.0],[134.7672,-6.1591,1.1211],[134.7646,-6.1555,0.0],[134.762,-6.1549,0.9258],[134.7452,-6.1622,1.5683],[134.7359,-6.1718,15.2467],[134.7375,-6.1687,10.0914],[134.7411,-6.1656,2.8421],[134.7412,-6.1639,0.0],[134.7305,-6.1694,0.0],[134.7229,-6.1697,0.0],[134.7035,-6.1881,7.2618],[134.6944,-6.1938,8.6159],[134.6922,-6.1916,3.6124],[134.6891,-6.1913,0.0],[134.6832,-6.1927,0.0],[134.6756,-6.1888,3.0334],[134.6839,-6.1911,6.1927],[134.6958,-6.1897,0.0],[134.7027,-6.1847,3.3494],[134.7058,-6.1798,8.4679],[134.6955,-6.1787,2.5628],[134.7065,-6.1779,6.2387],[134.7122,-6.1745,1.8769],[134.7133,-6.1701,0.0],[134.7101,-6.1657,9.6897],[134.7106,-6.1607,14.9709],[134.7087,-6.1556,1.4364],[134.7015,-6.1501,1.356],[134.6998,-6.146,6.1145],[134.7007,-6.144,0.0],[134.7015,-6.1479,4.9258],[134.7118,-6.1571,2.3625],[134.7123,-6.1636,6.6907],[134.715,-6.1624,0.0],[134.7196,-6.1641,6.074],[134.7209,-6.1639,6.074],[134.7195,-6.1611,0.0],[134.7205,-6.157,11.3281],[134.7274,-6.1508,6.3604],[134.7276,-6.1475,1.5007],[134.7287,-6.1504,4.2777],[134.7232,-6.1574,0.0],[134.724,-6.1605,15.7926],[134.7289,-6.1601,9.0095],[134.7385,-6.1559,2.6264],[134.7485,-6.1457,6.2768],[134.7532,-6.1446,0.0],[134.7618,-6.1388,2.9594],[134.7651,-6.13,0.0],[134.7606,-6.1239,0.0],[134.7574,-6.1238,0.0],[134.7551,-6.1216,2.8633],[134.7672,-6.1233,0.1454],[134.7694,-6.1179,0.0],[134.7668,-6.1145,6.0643],[134.7698,-6.1162,12.2796],[134.7729,-6.1152,4.1597],[134.7771,-6.1076,0.0],[134.7763,-6.1055,6.0289],[134.7828,-6.0948,1.5519],[134.7806,-6.0875,0.0],[134.776,-6.0852,1.6576],[134.7706,-6.0879,0.0],[134.7636,-6.0862,13.0529],[134.7688,-6.0863,4.8856],[134.7729,-6.0837,9.201],[134.7735,-6.0757,0.0],[134.7644,-6.0676,0.0],[134.7539,-6.0633,14.4779],[134.756,-6.0598,3.0079],[134.7539,-6.0544,3.1464],[134.755,-6.0476,0.0],[134.7448,-6.0423,0.8356],[134.7427,-6.0439,17.6826],[134.7427,-6.0535,8.7092],[134.7369,-6.057,1.5738],[134.7411,-6.0544,20.5777],[134.7424,-6.0383,0.0],[134.741,-6.0332,1.3004],[134.727,-6.023,0.0],[134.7202,-6.0288,0.0],[134.719,-6.035,8.6326],[134.7186,-6.0307,0.0],[134.7168,-6.0306,0.0],[134.7115,-6.0334,6.5379],[134.7,-6.0348,12.2723],[134.7,-6.0411,11.701599999999999],[134.6931,-6.0534,1.5933],[134.6827,-6.0534,4.3371],[134.6926,-6.0529,15.1614],[134.6986,-6.0409,20.0401],[134.6975,-6.037,8.0609],[134.7,-6.0324,9.1958],[134.713,-6.0302,19.1912],[134.718,-6.0275,13.6507],[134.7221,-6.0211,0.0],[134.7149,-6.0105,4.4338],[134.7115,-6.0105,15.2355],[134.7077,-6.0078,0.0],[134.6882,-5.9905,19.3594],[134.6748,-5.9814,0.0],[134.6617,-5.9754,16.3446],[134.6634,-5.9697,13.1158],[134.6554,-5.9612,0.0],[134.6464,-5.9707,18.7485],[134.6472,-5.9743,8.6331],[134.6439,-5.988,7.9516],[134.6406,-5.9889,7.1987],[134.6376,-5.9935,13.4091],[134.6368,-6.0165,19.7609],[134.6371,-5.9932,6.1139],[134.6401,-5.9878,11.8709],[134.6434,-5.9869,11.3146],[134.6464,-5.9748,3.3067],[134.6445,-5.9707,10.0828],[134.6531,-5.96,10.5922],[134.6562,-5.9579,5.7196],[134.6584,-5.9574,0.0],[134.6571,-5.9566,5.7196],[134.6586,-5.9552,1.0664],[134.6571,-5.9539,4.5859],[134.6612,-5.9513,1.6342],[134.66,-5.9473,0.0],[134.6557,-5.9436,2.0507],[134.6486,-5.9431,20.7724],[134.636,-5.9362,0.0],[134.6314,-5.9365,10.5948],[134.6155,-5.9444,0.0],[134.6155,-5.9494,3.295],[134.6208,-5.9605,15.5966],[134.6147,-5.9494,3.295],[134.6142,-5.9436,3.9585],[134.6081,-5.9425,0.0],[134.6024,-5.9463,12.461],[134.5882,-5.9658,9.3953],[134.5778,-5.9751,6.1131],[134.5704,-5.9762,2.0],[134.5688,-5.9814,2.8515],[134.5685,-5.977,2.0],[134.5701,-5.974,7.3666],[134.5731,-5.9721,2.0],[134.5769,-5.9734,1.875],[134.5854,-5.9658,1.0],[134.5975,-5.9488,8.8943],[134.5968,-5.9425,0.0],[134.5937,-5.9405,0.0],[134.5887,-5.9409,21.9775],[134.5844,-5.945,25.0808],[134.5814,-5.9527,44.5552],[134.5842,-5.9447,25.0808],[134.588,-5.9405,21.9775],[134.5878,-5.9383,3.3957],[134.5792,-5.9368,9.1807],[134.5732,-5.938,11.9048],[134.5613,-5.9302,3.6119],[134.5548,-5.9234,1.7809],[134.5366,-5.9185,5.5694],[134.5308,-5.9214,4.3275],[134.5195,-5.9309,0.0],[134.5143,-5.94,9.1676],[134.5078,-5.9466,22.2924],[134.4984,-5.953,2.9001],[134.4984,-5.9606,6.4522],[134.4975,-5.9534,2.9001],[134.4874,-5.9606,5.5606],[134.4765,-5.9585,0.0],[134.4744,-5.9606,16.6406],[134.4696,-5.9582,0.0],[134.4669,-5.967,7.017],[134.4674,-5.974,6.275],[134.4654,-5.978,11.1176],[134.4562,-5.9856,4.1646],[134.4505,-5.9953,6.5228],[134.4417,-6.0054,9.7338],[134.4391,-6.0147,10.1583],[134.433,-6.0188,4.515],[134.418,-6.0249,21.3235],[134.4081,-6.025,19.8898],[134.3962,-6.0216,3.8295],[134.3898,-6.022,4.1516],[134.3816,-6.0188,0.0],[134.3803,-6.0215,0.0],[134.3813,-6.0233,6.7169],[134.3874,-6.0279,15.0252],[134.4,-6.0474,12.3319],[134.4027,-6.0491,4.6871],[134.4048,-6.0479,23.8414],[134.4107,-6.05,8.2877],[134.4147,-6.0488,22.9325],[134.4239,-6.0513,17.985],[134.4271,-6.0532,9.4715],[134.4268,-6.0556,20.777],[134.4291,-6.0581,11.4187],[134.4305,-6.0557,27.5306],[134.4445,-6.068,20.6243],[134.4389,-6.0647,15.0766],[134.4306,-6.0566,11.8989],[134.4295,-6.0589,16.5762],[134.4259,-6.0556,20.777],[134.4246,-6.0525,17.985],[134.4149,-6.0496,7.4233],[134.41,-6.0506,8.2877],[134.407,-6.0494,9.7804],[134.4004,-6.0501,28.2514],[134.3984,-6.0453,31.2829],[134.3944,-6.0438,8.1019],[134.3961,-6.0416,5.0202],[134.3935,-6.0401,3.7354],[134.3926,-6.0412,3.7354],[134.3872,-6.0289,6.4497],[134.3858,-6.0287,8.855],[134.3849,-6.0314,13.1778],[134.3844,-6.027,2.626],[134.3838,-6.0306,11.6996],[134.3837,-6.0263,4.4913],[134.3782,-6.0219,0.0],[134.3733,-6.0229,0.0],[134.3729,-6.0247,9.4448],[134.3726,-6.0237,0.0],[134.3644,-6.0309,0.0],[134.3594,-6.0409,4.4575],[134.3534,-6.0413,4.6801],[134.349,-6.0445,6.7585],[134.3486,-6.0483,13.9372],[134.3466,-6.0502,12.4819],[134.3418,-6.0507,4.016],[134.338,-6.0583,5.9845],[134.344,-6.044,27.4702],[134.3472,-6.0409,0.0],[134.347,-6.038,0.0],[134.3427,-6.0326,11.1436],[134.3296,-6.0243,0.0],[134.3261,-6.0229,0.0],[134.3203,-6.0238,0.0],[134.3116,-6.026,0.0],[134.2946,-6.0373,0.0],[134.2916,-6.0408,0.0],[134.295,-6.0471,9.5334],[134.2896,-6.0417,2.3076],[134.2827,-6.0443,0.0],[134.2826,-6.0464,9.83],[134.2841,-6.0467,11.7376],[134.2804,-6.0479,2.0437],[134.2792,-6.0505,6.4728],[134.2852,-6.0578,1.3796],[134.2867,-6.0615,5.1711],[134.2859,-6.0638,5.8023],[134.291,-6.064,5.2443],[134.2901,-6.0703,0.0],[134.282,-6.0766,0.0],[134.2783,-6.0775,0.0],[134.2731,-6.0833,0.0],[134.2698,-6.094,0.0],[134.2708,-6.1091,0.0],[134.2726,-6.1155,0.0],[134.2875,-6.1248,12.1885],[134.288,-6.1376,4.9559],[134.2833,-6.1469,0.0],[134.2843,-6.1486,0.0],[134.2877,-6.1493,5.5914],[134.2945,-6.1553,0.0],[134.2975,-6.162,0.0],[134.3117,-6.173,0.0],[134.319,-6.1932,0.0],[134.3323,-6.209,9.0411],[134.3377,-6.2127,21.3133],[134.3412,-6.2185,0.0],[134.3489,-6.2176,17.6284],[134.3686,-6.2243,6.1128],[134.3731,-6.2297,0.0],[134.3817,-6.2352,4.2709],[134.384,-6.2289,6.894],[134.3872,-6.2297,0.0],[134.3914,-6.237,0.0],[134.3968,-6.2549,4.1101],[134.4,-6.2578,8.3804],[134.4246,-6.2599,18.3735],[134.432,-6.2657,0.0],[134.4413,-6.2685,9.2878],[134.4435,-6.2669,4.7679],[134.4387,-6.2628,17.4194],[134.4383,-6.2596,23.2688],[134.4463,-6.2639,9.7523],[134.4542,-6.2648,0.0],[134.4598,-6.259,23.7429],[134.4675,-6.2582,0.0],[134.4678,-6.262,4.7241],[134.462,-6.2603,0.0],[134.4576,-6.2672,0.0],[134.4623,-6.2718,15.5974],[134.4761,-6.2955,0.0],[134.4815,-6.2975,5.5079],[134.4862,-6.2969,0.0],[134.4941,-6.2904,5.6123],[134.5017,-6.2937,8.1357],[134.5048,-6.2966,0.0],[134.5112,-6.3127,0.0],[134.5209,-6.3239,8.3871],[134.5283,-6.3142,3.3056],[134.5454,-6.3008,6.4394],[134.5449,-6.2907,22.6414],[134.5472,-6.3016,1.8609],[134.5391,-6.3205,1.396],[134.5452,-6.3307,8.0703],[134.541,-6.3356,2.0455],[134.5415,-6.3403,0.0],[134.5457,-6.3495,0.0],[134.5623,-6.3549,2.3646],[134.5693,-6.3557,10.5277],[134.5725,-6.3544,21.2439],[134.574,-6.3515,20.2468],[134.5682,-6.3486,0.0],[134.5668,-6.347,19.5685],[134.5677,-6.3444,8.4828],[134.5686,-6.3465,4.7129]]],
[[[134.7533,-5.7837,0.0],[134.7522,-5.7825,0.0],[134.7512,-5.7838,6.7368],[134.7535,-5.7874,4.9011],[134.754,-5.7851,4.2863],[134.7533,-5.7837,0.0]]],
[[[134.7958,-5.7884,0.0],[134.795,-5.7784,1.5032],[134.7886,-5.7747,1.1654],[134.7827,-5.7749,0.0],[134.7776,-5.7832,9.4865],[134.7784,-5.7861,9.9329],[134.7871,-5.791,7.1714],[134.7945,-5.7895,3.652],[134.797,-5.7927,0.0],[134.7958,-5.7884,0.0]]],
[[[132.567,-5.7873,0.0],[132.5697,-5.7867,0.0],[132.573,-5.7813,0.0],[132.5649,-5.7795,0.0],[132.5629,-5.7808,10.7303],[132.563,-5.7852,16.8876],[132.567,-5.7873,0.0]]],
[[[132.6404,-5.7891,0.0],[132.6424,-5.788,0.0],[132.6434,-5.7812,0.0],[132.641,-5.7765,0.0],[132.6377,-5.7826,0.0],[132.6377,-5.7865,0.0],[132.6404,-5.7891,0.0]]],
[[[134.3175,-5.7779,10.3541],[134.3226,-5.7789,0.0],[134.3226,-5.7705,3.1291],[134.3197,-5.7702,0.0],[134.3134,-5.7751,3.7039],[134.314,-5.7771,3.5722],[134.3175,-5.7779,10.3541]]],
[[[134.3274,-5.7728,0.0],[134.3262,-5.7752,0.0],[134.3271,-5.7768,1.9571],[134.3313,-5.7742,0.0],[134.3298,-5.771,0.0],[134.3274,-5.7728,0.0]]],
[[[134.7929,-5.7707,0.0],[134.7919,-5.7703,0.0],[134.7912,-5.771,0.0],[134.7926,-5.7717,0.0],[134.7929,-5.7707,0.0]]],
[[[132.1707,-5.7403,13.934],[132.1747,-5.7565,2.5816],[132.1788,-5.7628,27.8169],[132.1828,-5.7674,11.1863],[132.1871,-5.7695,0.0],[132.1897,-5.7681,0.0],[132.1971,-5.7627,0.0],[132.2005,-5.7583,0.0],[132.2006,-5.7195,0.0],[132.1963,-5.7174,5.8417],[132.1905,-5.7176,2.7391],[132.1768,-5.7258,1.9379],[132.171,-5.7338,0.0],[132.1707,-5.7403,13.934]]],
[[[132.5616,-5.7444,0.0],[132.5594,-5.7449,0.0],[132.558,-5.7486,0.0],[132.5595,-5.7523,0.0],[132.5618,-5.753,0.0],[132.5624,-5.7498,0.0],[132.5616,-5.7444,0.0]]],
[[[132.6703,-5.7703,2.9267],[132.669,-5.7757,0.0],[132.6697,-5.7841,0.0],[132.6758,-5.7918,12.9066],[132.6772,-5.7973,7.7719],[132.6889,-5.8056,13.7989],[132.6889,-5.8129,2.7211],[132.7028,-5.8106,0.0],[132.7011,-5.8086,0.0],[132.702,-5.7978,0.0],[132.7009,-5.7936,0.0],[132.6972,-5.7819,0.0],[132.691,-5.7698,0.0],[132.6911,-5.7513,0.0],[132.6807,-5.7485,0.0],[132.6757,-5.7441,0.0],[132.6738,-5.7525,4.4768],[132.6746,-5.7621,7.4705],[132.6703,-5.7703,2.9267]]],
[[[132.6786,-5.7288,2.826],[132.6814,-5.739,4.4429],[132.696,-5.7516,17.0125],[132.6987,-5.7568,0.0],[132.7012,-5.7841,20.7823],[132.7081,-5.8108,23.96],[132.6972,-5.8125,37.8954],[132.6987,-5.8325,45.2804],[132.6957,-5.8393,29.5347],[132.6931,-5.8409,22.2682],[132.6851,-5.8412,0.0],[132.6812,-5.846,0.0],[132.6797,-5.8562,42.8358],[132.6812,-5.8696,54.2016],[132.6779,-5.8761,52.2648],[132.6735,-5.9014,32.5647],[132.6796,-5.9074,0.0],[132.6872,-5.9042,10.0726],[132.6979,-5.9023,12.8988],[132.7039,-5.9084,30.5204],[132.7063,-5.9148,32.1725],[132.7061,-5.9204,17.7475],[132.7018,-5.9264,8.2588],[132.7001,-5.9358,37.6261],[132.7031,-5.9469,0.0],[132.7054,-5.9486,0.0],[132.7133,-5.9374,0.0],[132.7218,-5.9324,0.0],[132.7256,-5.9249,1.6043],[132.722,-5.9064,0.0],[132.7227,-5.8917,9.1315],[132.7258,-5.8957,4.7892],[132.7289,-5.8898,13.6188],[132.7327,-5.8915,14.6858],[132.7295,-5.8967,8.3927],[132.7304,-5.9029,1.6403],[132.725,-5.92,0.0],[132.7269,-5.9248,1.6043],[132.7207,-5.9434,0.0],[132.7221,-5.9502,2.2544],[132.7248,-5.9525,4.3617],[132.7338,-5.9528,3.431],[132.7505,-5.9481,0.0],[132.758,-5.943,0.0],[132.7607,-5.9424,8.7306],[132.7696,-5.9457,1.7451],[132.7763,-5.9445,5.8406],[132.7831,-5.9396,0.0],[132.7828,-5.9291,7.3749],[132.7878,-5.9251,0.0],[132.7883,-5.9133,0.0],[132.7909,-5.9069,3.9614],[132.7926,-5.8888,4.5976],[132.7976,-5.8784,0.0],[132.7979,-5.8667,0.0],[132.8043,-5.8585,0.0],[132.8154,-5.8499,0.0],[132.8117,-5.8343,12.3917],[132.8112,-5.8102,7.9314],[132.8044,-5.7881,0.0],[132.7992,-5.7847,0.0],[132.7938,-5.7839,2.1669],[132.7899,-5.7753,0.0],[132.7862,-5.7779,1.3972],[132.7813,-5.7777,0.0],[132.7798,-5.7821,2.3351],[132.7746,-5.7868,0.0],[132.7741,-5.793,0.0],[132.7773,-5.8041,15.4951],[132.7746,-5.8131,0.0],[132.7721,-5.8135,7.8223],[132.7688,-5.7881,0.0],[132.769,-5.7752,0.0],[132.7717,-5.7757,17.6118],[132.7743,-5.7838,0.0],[132.7762,-5.7839,2.9665],[132.7797,-5.7791,0.0],[132.7721,-5.766,4.6221],[132.7717,-5.7598,7.8159],[132.7748,-5.748,11.6176],[132.7728,-5.7422,0.0],[132.7743,-5.736,17.8415],[132.7792,-5.7315,0.0],[132.7788,-5.7281,6.69],[132.7733,-5.7179,0.0],[132.7673,-5.7165,20.702],[132.7601,-5.7187,0.0],[132.7605,-5.7261,30.274],[132.7656,-5.7458,1.3932],[132.7635,-5.7467,9.8795],[132.7588,-5.7328,0.0],[132.7529,-5.7265,1.3224],[132.7473,-5.7146,16.0914],[132.7454,-5.6974,0.0],[132.7433,-5.6939,0.0],[132.7397,-5.6938,6.4655],[132.7383,-5.692,2.4515],[132.7403,-5.6825,1.465],[132.7377,-5.6741,6.1012],[132.744,-5.6559,0.6448],[132.7421,-5.6436,5.1857],[132.7358,-5.6478,1.3234],[132.7309,-5.6449,3.4124],[132.7291,-5.6478,0.3267],[132.7229,-5.6451,0.0],[132.7238,-5.6513,0.0],[132.7262,-5.6512,5.1209],[132.725,-5.6516,0.0],[132.724,-5.657,5.3576],[132.7187,-5.6613,5.9321],[132.7164,-5.661,10.4104],[132.7173,-5.6576,0.0],[132.7112,-5.6586,1.9191],[132.7075,-5.6561,0.0],[132.6968,-5.6593,0.0],[132.694,-5.6575,0.0],[132.6933,-5.6508,0.0],[132.6959,-5.6426,0.0],[132.6945,-5.6388,0.0],[132.6976,-5.6354,4.5617],[132.6982,-5.631,29.6135],[132.7032,-5.6276,14.1983],[132.7055,-5.6292,4.1428],[132.7059,-5.632,8.7839],[132.7034,-5.6393,5.6254],[132.7034,-5.6485,4.2568],[132.7,-5.6506,2.5443],[132.7014,-5.652,3.5556],[132.7067,-5.6511,10.2687],[132.7071,-5.6532,4.3155],[132.7101,-5.6538,0.0],[132.7113,-5.6523,0.0],[132.7133,-5.6425,0.0],[132.7089,-5.6299,2.8185],[132.7078,-5.6315,9.1424],[132.7071,-5.6306,2.8185],[132.7137,-5.6229,3.0996],[132.7159,-5.6223,1.2],[132.7139,-5.6206,0.0],[132.7107,-5.6224,2.8573],[132.7116,-5.6101,0.0],[132.7096,-5.6059,0.0],[132.7117,-5.5918,0.0],[132.7104,-5.5902,1.6285],[132.6854,-5.6041,2.5729],[132.6796,-5.6111,0.0],[132.6797,-5.6219,0.0],[132.6776,-5.6262,3.5469],[132.6747,-5.6297,10.1895],[132.6692,-5.6304,4.2066],[132.6619,-5.629,5.2108],[132.6539,-5.6179,0.0],[132.6493,-5.6158,3.1919],[132.6399,-5.6134,5.859],[132.6314,-5.6142,3.6664],[132.6254,-5.6117,7.2387],[132.6156,-5.5961,0.0],[132.6108,-5.5939,3.7407],[132.61,-5.5964,0.0],[132.6124,-5.6062,14.3373],[132.6207,-5.6156,9.9601],[132.6235,-5.6155,5.0342],[132.6259,-5.6186,0.0],[132.6342,-5.6356,0.0],[132.636,-5.6348,4.3115],[132.6363,-5.6303,11.1638],[132.6396,-5.637,16.4165],[132.6399,-5.64,12.8467],[132.636,-5.6375,3.2354],[132.6377,-5.6562,12.3107],[132.6342,-5.6664,0.0],[132.6351,-5.676,7.916],[132.639,-5.6732,0.0],[132.6457,-5.6781,0.0],[132.6478,-5.6705,3.555],[132.6519,-5.6737,0.0],[132.6517,-5.6754,0.0],[132.65,-5.6751,0.0],[132.6527,-5.6775,0.0],[132.6539,-5.6826,2.6924],[132.6542,-5.694,0.0],[132.6478,-5.7066,11.7443],[132.6488,-5.7122,0.0],[132.6528,-5.7163,0.0],[132.6559,-5.717,1.4345],[132.6578,-5.7167,0.0],[132.6593,-5.7134,1.7202],[132.6615,-5.7137,0.0],[132.6774,-5.727,0.0],[132.6804,-5.725,20.127],[132.6805,-5.7274,21.0771],[132.6786,-5.7288,2.826]]],
[[[134.7417,-5.7437,19.915],[134.7395,-5.7395,2.3511],[134.7347,-5.7374,0.0],[134.7309,-5.7384,0.0],[134.7278,-5.7466,18.4309],[134.7205,-5.7489,13.2297],[134.7007,-5.7387,3.3467],[134.6937,-5.7293,0.0],[134.668,-5.7248,14.0445],[134.6637,-5.7262,0.0],[134.6577,-5.7359,8.0283],[134.6558,-5.7455,7.1899],[134.6596,-5.7489,8.5402],[134.669,-5.7506,11.5778],[134.6716,-5.7604,0.0],[134.6769,-5.7703,15.2596],[134.6829,-5.7701,8.4287],[134.6915,-5.7774,6.3477],[134.69,-5.7847,0.0],[134.6921,-5.797,2.3398],[134.6962,-5.8026,7.5024],[134.7061,-5.8102,0.0],[134.7142,-5.8132,0.0],[134.7175,-5.8124,0.0],[134.7206,-5.807,4.5845],[134.7265,-5.8099,2.0388],[134.73,-5.8096,2.9351],[134.7352,-5.8062,3.4856],[134.7351,-5.8028,0.0],[134.7399,-5.8004,18.7064],[134.7395,-5.7959,12.8651],[134.7448,-5.7914,3.1852],[134.7475,-5.7861,7.5067],[134.7428,-5.7802,18.1],[134.7426,-5.7763,16.2972],[134.7462,-5.7736,0.0],[134.7448,-5.7665,1.594],[134.7421,-5.7627,0.0],[134.7417,-5.7437,19.915]]],
[[[134.3271,-5.7688,4.2286],[134.3272,-5.7671,1.7916],[134.3251,-5.7671,1.3509],[134.3232,-5.7699,3.1291],[134.3252,-5.7701,3.6401],[134.3271,-5.7688,4.2286]]],
[[[134.7893,-5.7631,3.8744],[134.7865,-5.7627,0.0],[134.7825,-5.7652,0.0],[134.7847,-5.7702,0.0],[134.7902,-5.7683,0.0],[134.7893,-5.7631,3.8744]]],
[[[132.8014,-5.752,13.1049],[132.8019,-5.7299,0.0],[132.7982,-5.724,0.0],[132.7954,-5.723,4.4466],[132.7908,-5.7258,0.0],[132.7854,-5.7247,5.8704],[132.7829,-5.7281,0.0],[132.7923,-5.73,6.2595],[132.7925,-5.7318,7.6345],[132.7889,-5.736,1.8045],[132.7923,-5.7371,10.2275],[132.7975,-5.7469,15.8001],[132.7966,-5.748,10.446],[132.7995,-5.7543,2.3524],[132.7978,-5.7584,21.5798],[132.7948,-5.7589,0.0],[132.7945,-5.7609,0.0],[132.7985,-5.7671,7.4291],[132.8029,-5.7689,7.2023],[132.8035,-5.7619,15.5925],[132.8014,-5.752,13.1049]]],
[[[132.6534,-5.7407,0.0],[132.6509,-5.7435,0.0],[132.6504,-5.7485,0.0],[132.657,-5.7542,0.0],[132.6638,-5.7363,0.0],[132.6585,-5.7406,0.0],[132.6534,-5.7407,0.0]]],
[[[134.8131,-5.7427,1.5434],[134.8143,-5.7405,0.0],[134.8124,-5.7376,0.0],[134.814,-5.7374,0.0],[134.8137,-5.7349,1.057],[134.8118,-5.735,0.6405],[134.8113,-5.7367,2.3495],[134.8075,-5.7312,0.0],[134.8001,-5.7283,0.0],[134.7924,-5.7279,0.0],[134.787,-5.7329,0.0],[134.7864,-5.7351,3.3054],[134.7886,-5.7368,5.6485],[134.7861,-5.737,0.0],[134.7849,-5.7389,0.0],[134.7823,-5.7575,0.0],[134.7834,-5.7581,0.0],[134.788,-5.7547,0.0],[134.7916,-5.7553,1.2552],[134.7978,-5.7516,1.8088],[134.8033,-5.7512,13.4665],[134.8091,-5.7456,3.2676],[134.8087,-5.7433,7.2254],[134.8128,-5.7441,0.0],[134.8131,-5.7427,1.5434]]],
[[[134.3017,-6.0195,11.0573],[134.3076,-6.0181,1.8402],[134.3087,-6.0206,3.2487],[134.3112,-6.0215,0.0],[134.3214,-6.0174,11.4608],[134.3319,-6.0204,12.0844],[134.3418,-6.026,8.8168],[134.344,-6.0292,0.0],[134.3483,-6.0146,13.4578],[134.3508,-6.0119,17.8534],[134.3507,-6.013,16.7644],[134.3496,-6.0138,16.7644],[134.3458,-6.0259,34.9768],[134.3488,-6.0325,0.0],[134.3535,-6.0349,0.0],[134.3568,-6.0337,0.0],[134.3575,-6.0312,16.1824],[134.3706,-6.0194,11.1343],[134.37,-6.0129,11.0958],[134.3715,-6.0097,13.269],[134.3719,-6.0195,1.4383],[134.3799,-6.0158,5.9084],[134.3833,-6.0159,8.5225],[134.3892,-6.0199,0.0],[134.3895,-6.0182,5.8285],[134.3906,-6.0203,1.9042],[134.418,-6.0228,19.444],[134.4303,-6.0182,0.0],[134.4368,-6.0133,2.2284],[134.4387,-6.0068,4.8119],[134.437,-6.0057,26.9935],[134.4404,-6.0044,15.2279],[134.4501,-5.9919,0.0],[134.4512,-5.9872,53.2533],[134.4621,-5.979,36.6701],[134.4645,-5.9753,0.0],[134.4662,-5.9709,11.491],[134.4651,-5.9652,5.3359],[134.4625,-5.9634,13.4703],[134.466,-5.963,7.2023],[134.4685,-5.9563,19.813],[134.4864,-5.9594,9.1604],[134.5056,-5.9465,3.1301],[134.5162,-5.9299,0.0],[134.5349,-5.9165,0.0],[134.5386,-5.916,14.2192],[134.5555,-5.9211,16.0666],[134.5629,-5.9294,10.1769],[134.5685,-5.9314,4.3722],[134.5802,-5.9325,12.6671],[134.585,-5.9299,21.3202],[134.5957,-5.9138,15.599],[134.6041,-5.9055,0.0],[134.6071,-5.8955,9.4227],[134.6253,-5.8787,4.243],[134.638,-5.8704,6.948],[134.6441,-5.869,11.5883],[134.6467,-5.8643,3.6338],[134.655,-5.8571,13.2599],[134.6696,-5.8513,0.0],[134.6713,-5.85,8.259],[134.6717,-5.8455,22.8599],[134.687,-5.8418,8.3282],[134.6892,-5.8392,5.6593],[134.6875,-5.8354,22.722],[134.6901,-5.8328,23.692],[134.6994,-5.8254,11.0625],[134.7054,-5.8251,8.1199],[134.7108,-5.8204,15.2454],[134.7132,-5.8158,5.4867],[134.699,-5.8067,3.0815],[134.6902,-5.797,13.4132],[134.6881,-5.7822,5.6714],[134.6889,-5.7764,6.1982],[134.6819,-5.7716,6.8088],[134.6755,-5.7713,2.1053],[134.6705,-5.7625,9.0192],[134.6673,-5.7519,0.0],[134.6621,-5.7521,0.0],[134.6541,-5.7471,0.0],[134.6532,-5.7434,12.6972],[134.655,-5.7445,1.9143],[134.6548,-5.7412,6.1143],[134.6559,-5.7429,0.0],[134.6564,-5.7416,0.0],[134.6546,-5.7379,0.0],[134.6603,-5.7269,2.1097],[134.6553,-5.7243,0.0],[134.6535,-5.7272,0.0],[134.6501,-5.7281,11.2153],[134.6431,-5.7217,12.7283],[134.6407,-5.7156,1.5725],[134.6363,-5.7129,2.0995],[134.6324,-5.7151,7.4367],[134.6254,-5.7148,2.7228],[134.619,-5.7241,7.5764],[134.616,-5.7256,8.8716],[134.6093,-5.7191,11.4452],[134.6066,-5.7132,3.3694],[134.6016,-5.7102,9.903],[134.5991,-5.7054,8.1697],[134.5946,-5.7023,0.0],[134.5887,-5.6864,5.9118],[134.5767,-5.6771,0.0],[134.5717,-5.6663,5.5811],[134.5726,-5.6562,0.0],[134.5606,-5.6512,5.3752],[134.5464,-5.6507,19.794],[134.5444,-5.6391,4.7377],[134.5402,-5.6364,43.1643],[134.5335,-5.6268,61.2435],[134.5329,-5.6066,0.0],[134.5346,-5.6041,3.3433],[134.5314,-5.5936,36.7442],[134.532,-5.5864,21.7953],[134.5276,-5.5835,29.6858],[134.5263,-5.5796,12.8019],[134.5286,-5.5721,4.197],[134.5278,-5.5656,15.0604],[134.5216,-5.5569,0.0],[134.5165,-5.5645,7.634],[134.5136,-5.5648,18.1908],[134.5112,-5.5643,16.0887],[134.505,-5.5565,26.3365],[134.5023,-5.5462,6.6186],[134.5043,-5.5316,5.903],[134.4933,-5.5348,10.4427],[134.4872,-5.5523,14.6692],[134.4823,-5.5578,0.0],[134.4806,-5.5628,0.25],[134.4732,-5.5638,6.2626],[134.4689,-5.5635,9.9547],[134.4637,-5.5601,8.5545],[134.4585,-5.5491,3.3142],[134.4589,-5.5471,4.3859],[134.4562,-5.5438,0.0],[134.4561,-5.538,0.0],[134.4594,-5.531,8.008],[134.4568,-5.5288,3.1081],[134.4527,-5.5306,0.0],[134.4466,-5.5441,0.0],[134.45,-5.5471,4.9408],[134.4516,-5.5512,0.0],[134.4436,-5.5665,0.0],[134.4452,-5.5682,14.7578],[134.4445,-5.5784,14.4547],[134.4367,-5.5793,0.0],[134.4343,-5.5817,0.0],[134.432,-5.59,16.1319],[134.427,-5.59,0.0],[134.425,-5.5922,1.6278],[134.4181,-5.594,0.0],[134.4186,-5.5957,5.2597],[134.4283,-5.595,10.0944],[134.4315,-5.5973,2.9881],[134.4276,-5.6072,0.0],[134.4244,-5.6111,0.0],[134.4239,-5.6195,0.0],[134.4181,-5.6264,7.6515],[134.4184,-5.6292,10.1531],[134.4117,-5.6439,5.9136],[134.3649,-5.6764,0.0],[134.3561,-5.6841,0.0],[134.3525,-5.6903,0.0],[134.3517,-5.6972,0.0],[134.3523,-5.6992,1.5535],[134.3553,-5.6994,9.973],[134.3623,-5.7038,0.5],[134.3591,-5.706,0.0],[134.3587,-5.7082,0.0],[134.3626,-5.709,7.7237],[134.3641,-5.711,0.5],[134.3609,-5.7161,0.0],[134.3476,-5.7226,0.0],[134.3438,-5.7273,0.0],[134.334,-5.7261,0.0],[134.3293,-5.7196,7.6884],[134.3222,-5.7153,0.0],[134.319,-5.7197,11.2203],[134.315,-5.7198,10.7232],[134.3167,-5.7242,15.5878],[134.3154,-5.7256,10.6072],[134.3162,-5.7239,15.5878],[134.3147,-5.722,11.5128],[134.3145,-5.7197,10.7232],[134.3188,-5.7191,8.1678],[134.3203,-5.7166,0.0],[134.3152,-5.7099,6.6442],[134.3142,-5.704,0.0],[134.3109,-5.7049,9.4496],[134.3049,-5.7029,0.0],[134.3023,-5.6988,4.3493],[134.2935,-5.6936,0.0],[134.2927,-5.6925,1.6197],[134.2946,-5.6912,0.0],[134.2912,-5.6891,18.3108],[134.2836,-5.6878,14.0348],[134.2752,-5.6887,3.716],[134.2804,-5.687,0.875],[134.2827,-5.6838,0.0],[134.2738,-5.6828,0.0],[134.2629,-5.6784,0.0],[134.2627,-5.6754,0.0],[134.2541,-5.6709,6.9422],[134.2509,-5.6621,0.0],[134.2396,-5.6678,0.0],[134.2296,-5.6816,0.0],[134.2223,-5.6958,0.0],[134.2199,-5.6967,0.0],[134.2143,-5.709,0.6689],[134.2114,-5.7165,9.6109],[134.2115,-5.7205,7.3022],[134.2146,-5.7212,16.7367],[134.2178,-5.7269,6.083],[134.2388,-5.7467,0.0],[134.2448,-5.7463,1.8887],[134.2554,-5.755,0.0],[134.2565,-5.7518,11.8826],[134.2568,-5.7543,7.2303],[134.2587,-5.7546,1.9169],[134.2607,-5.759,0.7919],[134.265,-5.7567,2.7849],[134.2669,-5.7582,1.685],[134.2691,-5.7574,0.0],[134.2714,-5.7531,3.332],[134.2744,-5.7559,6.5094],[134.2801,-5.7547,0.6434],[134.2823,-5.7517,4.6618],[134.2824,-5.7557,1.534],[134.2846,-5.7566,3.278],[134.2848,-5.752,7.8199],[134.2885,-5.7444,8.8696],[134.2874,-5.7533,4.4831],[134.2918,-5.7572,5.9696],[134.2938,-5.7574,7.9537],[134.2978,-5.7541,7.8049],[134.2995,-5.7564,0.0],[134.3036,-5.7517,7.7711],[134.3062,-5.7557,4.375],[134.3098,-5.753,5.0382],[134.3116,-5.7533,0.966],[134.3078,-5.7569,0.0],[134.3062,-5.7619,0.0],[134.3069,-5.7654,3.7973],[134.3136,-5.7656,6.6638],[134.3175,-5.7616,1.1212],[134.3184,-5.7654,3.6548],[134.3229,-5.7581,5.2249],[134.325,-5.7573,8.2417],[134.3265,-5.7607,8.2706],[134.3245,-5.7606,1.0],[134.3237,-5.7642,3.2314],[134.3278,-5.7646,0.0],[134.3296,-5.7671,1.3605],[134.3315,-5.7656,14.6323],[134.3365,-5.7707,2.931],[134.3345,-5.7779,0.0],[134.3306,-5.7776,0.0],[134.3225,-5.7848,5.1994],[134.3228,-5.7872,2.1837],[134.3294,-5.7834,3.4294],[134.3334,-5.7837,6.7715],[134.3328,-5.7863,7.6363],[134.3273,-5.786,0.0],[134.3257,-5.7908,0.0],[134.3281,-5.7927,10.2209],[134.3276,-5.7953,0.0],[134.3343,-5.7977,12.4709],[134.3375,-5.796,14.7375],[134.3519,-5.7823,1.828],[134.3579,-5.7731,7.7179],[134.36,-5.7733,0.0],[134.3614,-5.7715,10.857],[134.3615,-5.7694,10.6635],[134.3648,-5.7681,8.0841],[134.3709,-5.7704,0.0],[134.3928,-5.7886,3.3087],[134.3997,-5.7891,10.6492],[134.4167,-5.784,12.5891],[134.4186,-5.7819,12.0375],[134.4176,-5.7842,14.091],[134.4241,-5.7854,2.0],[134.4408,-5.797,4.026],[134.4425,-5.8,4.1128],[134.4358,-5.7942,9.5777],[134.4261,-5.7897,21.4889],[134.4236,-5.7867,8.0682],[134.4195,-5.788,13.3144],[134.4137,-5.7866,4.3126],[134.4059,-5.7911,1.5],[134.3967,-5.7933,8.1271],[134.391,-5.7973,0.5],[134.3746,-5.7988,2.2558],[134.3722,-5.8018,2.1847],[134.3693,-5.8024,0.0],[134.3684,-5.8051,3.06],[134.3708,-5.8048,2.2417],[134.373,-5.8021,2.1847],[134.3757,-5.8023,8.1937],[134.378,-5.8047,4.0119],[134.3784,-5.8082,7.7765],[134.3745,-5.8081,5.536],[134.3736,-5.8101,0.0],[134.3792,-5.8135,0.0],[134.3726,-5.8135,0.0],[134.3694,-5.8157,0.0],[134.3768,-5.8204,3.4802],[134.3725,-5.8187,0.0],[134.3698,-5.821,0.7978],[134.3606,-5.8193,0.0],[134.3621,-5.8238,3.3868],[134.3582,-5.8277,2.7186],[134.3617,-5.8314,0.0],[134.3666,-5.83,3.7134],[134.3732,-5.833,0.0],[134.3745,-5.8365,13.2474],[134.3718,-5.8408,1.7711],[134.3715,-5.8475,0.0],[134.3739,-5.8477,13.2923],[134.3719,-5.8483,4.8969],[134.3608,-5.8464,6.211],[134.3544,-5.849,3.108],[134.3474,-5.8461,0.0],[134.3467,-5.8493,0.0],[134.3399,-5.852,2.8276],[134.3315,-5.8589,3.1428],[134.331,-5.8621,13.9654],[134.3393,-5.8685,6.8149],[134.3392,-5.8745,12.0169],[134.338,-5.8749,0.0],[134.3363,-5.8818,0.0],[134.3302,-5.8868,0.0],[134.3158,-5.8917,0.0],[134.3104,-5.8961,0.0],[134.3167,-5.9039,2.7244],[134.3104,-5.9023,0.5],[134.3027,-5.8979,0.0],[134.2996,-5.8971,0.0],[134.2982,-5.8983,1.095],[134.2969,-5.9094,0.0],[134.2935,-5.9161,0.0],[134.297,-5.9257,2.4639],[134.3,-5.9288,0.0],[134.302,-5.925,14.3087],[134.3112,-5.928,5.0724],[134.3159,-5.9393,0.0],[134.3289,-5.9409,2.7892],[134.3294,-5.9444,0.0],[134.3331,-5.9466,0.0],[134.3366,-5.9463,0.0],[134.333,-5.9491,3.4325],[134.332,-5.9543,4.8977],[134.3291,-5.9569,0.0],[134.3265,-5.9643,3.9632],[134.3274,-5.9678,0.7715],[134.3163,-5.9938,5.882],[134.3082,-6.0074,8.4406],[134.3052,-6.0079,0.0],[134.3023,-6.0121,0.0],[134.3018,-6.0146,2.4584],[134.3033,-6.0162,2.4584],[134.3008,-6.0174,0.0],[134.3017,-6.0195,11.0573]]],
[[[132.925,-5.7789,0.0],[132.9253,-5.7811,0.0],[132.9223,-5.7831,0.0],[132.9228,-5.785,5.3029],[132.9206,-5.7851,0.0],[132.9155,-5.7922,0.0],[132.9125,-5.7928,0.0],[132.909,-5.7993,0.0],[132.9035,-5.8047,0.0],[132.9099,-5.8071,5.5748],[132.9103,-5.8105,0.0],[132.9068,-5.8202,1.6228],[132.9037,-5.8233,0.0],[132.8999,-5.8239,0.0],[132.8984,-5.8301,7.7816],[132.8853,-5.8362,0.0],[132.8821,-5.8404,0.0],[132.8822,-5.8436,15.7276],[132.8853,-5.8458,77.5856],[132.8875,-5.852,80.7199],[132.8933,-5.8542,125.0032],[132.8889,-5.8599,0.0],[132.8862,-5.8566,0.0],[132.8822,-5.8571,0.0],[132.877,-5.855,0.0],[132.878,-5.8587,37.7876],[132.8802,-5.8604,40.5312],[132.8798,-5.8688,77.8772],[132.8738,-5.8799,47.316],[132.8885,-5.8911,36.207],[132.8892,-5.8934,17.2333],[132.8864,-5.8958,0.0],[132.8872,-5.9033,17.0612],[132.8834,-5.9039,0.0],[132.8803,-5.901,0.0],[132.8711,-5.8997,0.0],[132.8688,-5.9026,0.0],[132.8694,-5.9092,7.0635],[132.873,-5.9189,0.8596],[132.8686,-5.926,0.0],[132.8702,-5.9348,19.8573],[132.8688,-5.9363,0.0],[132.8689,-5.941,33.2512],[132.8512,-5.9779,85.9345],[132.8463,-6.0003,78.4307],[132.8457,-6.0053,73.7526],[132.8471,-6.0077,0.0],[132.8497,-6.0065,0.0],[132.8554,-5.9949,0.0],[132.8563,-5.9835,0.0],[132.8668,-5.9718,0.0],[132.8687,-5.9651,0.0],[132.8736,-5.9598,0.0],[132.8803,-5.9558,9.3816],[132.8937,-5.9545,6.0738],[132.8976,-5.9518,0.0],[132.9034,-5.9361,0.0],[132.9024,-5.9293,18.0732],[132.9091,-5.9238,0.0],[132.908,-5.9172,27.9852],[132.9125,-5.9155,0.0],[132.9128,-5.9078,17.0807],[132.9177,-5.9051,0.0],[132.9181,-5.9013,25.2691],[132.9198,-5.8997,112.2834],[132.9268,-5.8996,37.3588],[132.9297,-5.8843,37.6174],[132.9453,-5.881,46.4948],[132.9537,-5.8729,67.1401],[132.9543,-5.8693,0.0],[132.9529,-5.8655,76.1879],[132.9567,-5.8595,0.0],[132.9564,-5.8561,13.9542],[132.96,-5.8566,10.1274],[132.961,-5.8523,0.0],[132.9557,-5.8466,0.0],[132.9569,-5.8398,0.0],[132.9529,-5.8403,0.0],[132.9515,-5.8391,0.0],[132.9497,-5.8364,5.9564],[132.9492,-5.8302,0.0],[132.9444,-5.8286,0.0],[132.9429,-5.8242,5.8659],[132.9506,-5.7976,27.9688],[132.9526,-5.7872,26.6548],[132.9519,-5.7773,34.8134],[132.961,-5.744,54.9845],[132.9593,-5.742,85.3882],[132.9686,-5.731,194.2253],[132.976,-5.7258,132.3948],[133.0002,-5.6909,128.0651],[133.0047,-5.6791,102.5544],[133.0211,-5.66,249.8999],[133.0393,-5.6427,188.9212],[133.0562,-5.6296,230.0967],[133.0624,-5.6259,184.4627],[133.0727,-5.6269,70.2451],[133.0783,-5.625,76.3874],[133.0837,-5.619,125.3222],[133.0979,-5.5965,74.9471],[133.1089,-5.5692,73.4674],[133.1148,-5.5629,54.6318],[133.1182,-5.5396,84.7558],[133.1258,-5.5126,181.5693],[133.1289,-5.4942,105.1023],[133.1333,-5.4869,165.8048],[133.1412,-5.4561,221.7948],[133.1433,-5.4285,69.9829],[133.1482,-5.424,124.7398],[133.1498,-5.3983,204.5637],[133.1601,-5.3527,174.3727],[133.1619,-5.3486,133.9211],[133.1646,-5.3476,110.9849],[133.1707,-5.339,235.2763],[133.173,-5.3374,143.6845],[133.1754,-5.3425,92.0191],[133.1793,-5.3409,61.2953],[133.1814,-5.3368,31.6123],[133.1809,-5.3302,58.873],[133.1833,-5.3167,74.3979],[133.1825,-5.3083,52.7522],[133.1755,-5.3015,18.6574],[133.1701,-5.2926,34.6297],[133.1606,-5.2861,43.3032],[133.1566,-5.2853,0.0],[133.1531,-5.2795,47.5774],[133.1508,-5.279,78.9765],[133.1503,-5.2814,110.2099],[133.1459,-5.2839,240.0013],[133.1455,-5.2754,0.0],[133.1477,-5.2737,0.0],[133.147,-5.2707,0.0],[133.1435,-5.2688,0.0],[133.1295,-5.2786,0.0],[133.1272,-5.2848,0.0],[133.1235,-5.289,39.2013],[133.1196,-5.2891,57.0386],[133.1169,-5.2785,0.0],[133.115,-5.2757,0.0],[133.112,-5.2759,0.0],[133.1099,-5.2784,0.0],[133.1101,-5.2822,0.0],[133.1041,-5.2915,0.0],[133.0985,-5.3151,0.0],[133.0935,-5.3206,0.0],[133.0919,-5.3301,0.0],[133.0874,-5.3389,0.0],[133.0865,-5.3437,0.0],[133.0884,-5.3476,0.0],[133.0847,-5.363,0.0],[133.0814,-5.3706,0.0],[133.0667,-5.3866,0.0],[133.0672,-5.4083,0.0],[133.0658,-5.4143,0.0],[133.0599,-5.4199,0.0],[133.0581,-5.4239,0.0],[133.0532,-5.4433,0.0],[133.0484,-5.4525,0.0],[133.0498,-5.4612,0.0],[133.0459,-5.4679,0.0],[133.0449,-5.4848,0.0],[133.0385,-5.4942,0.0],[133.0378,-5.5204,0.0],[133.0358,-5.5261,0.0],[133.0293,-5.5313,0.0],[133.0324,-5.5379,0.0],[133.0262,-5.5417,0.0],[133.0226,-5.5467,0.0],[133.0212,-5.5515,0.0],[133.0218,-5.5587,0.0],[133.0143,-5.574,0.0],[133.0129,-5.5827,0.0],[133.0091,-5.5889,0.0],[133.0085,-5.5944,0.0],[133.0138,-5.6082,0.0],[133.0066,-5.6115,0.0],[133.0041,-5.6171,0.0],[133.0045,-5.6283,0.0],[133.0013,-5.6366,0.0],[133.0009,-5.6475,0.0],[132.9981,-5.6498,0.0],[132.9892,-5.6486,0.0],[132.9846,-5.6547,0.0],[132.9779,-5.6568,16.9335],[132.9735,-5.6534,52.1722],[132.9724,-5.6488,37.7184],[132.9729,-5.6459,43.2787],[132.9791,-5.6388,0.0],[132.9713,-5.6397,0.0],[132.9601,-5.6507,0.0],[132.9606,-5.6583,0.0],[132.9512,-5.667,0.0],[132.9507,-5.6691,0.0],[132.9535,-5.6717,0.0],[132.953,-5.6737,0.0],[132.9439,-5.6771,0.0],[132.9419,-5.6826,0.0],[132.9398,-5.684,0.0],[132.9413,-5.6926,0.0],[132.943,-5.6943,2.3785],[132.9376,-5.7084,0.0],[132.9394,-5.7114,0.0],[132.9383,-5.7211,0.0],[132.9409,-5.7271,0.0],[132.9357,-5.734,0.0],[132.9383,-5.7421,2.5899],[132.9367,-5.7472,0.0],[132.9349,-5.7475,0.0],[132.9349,-5.7496,0.0],[132.9297,-5.7514,0.0],[132.9276,-5.7598,0.0],[132.9357,-5.7688,9.0027],[132.9352,-5.7764,0.0],[132.925,-5.7789,0.0]]]]}}