{"type":"Feature","properties":{"GID_1":"IDN.20_1","GID_0":"IDN","country":"Indonesia","province":"NusaTenggaraBarat","VARNAME_1":"NA","NL_NAME_1":"NA","TYPE_1":"Propinisi","ENGTYPE_1":"Province","CC_1":"52","HASC_1":"ID.NB","ISO_1":"ID-NB","name":"Nusa_Tenggara_Barat.province"},
"geometry":{"type": "MultiPolygon","coordinates": [[[[119.2006,-8.5811,0.0],[119.2008,-8.5811,0.0],[119.2008,-8.581,0.0],[119.2007,-8.5809,0.0],[119.2006,-8.5811,0.0]]],
[[[118.1997,-8.5956,0.0],[118.1995,-8.597,0.0],[118.2009,-8.597,2.4156],[118.2007,-8.5956,0.0],[118.1997,-8.5956,0.0]]],
[[[119.1301,-8.5956,2.1124],[119.1295,-8.5938,4.0924],[119.1283,-8.5933,4.0924],[119.1293,-8.5954,1.771],[119.1301,-8.5956,2.1124]]],
[[[119.041,-8.5933,0.0],[119.0403,-8.5932,0.0],[119.0402,-8.5936,0.0],[119.0405,-8.5939,0.0],[119.041,-8.5933,0.0]]],
[[[119.128,-8.5935,4.0924],[119.1278,-8.5933,0.0],[119.1276,-8.5934,0.0],[119.1279,-8.5938,4.0924],[119.128,-8.5935,4.0924]]],
[[[119.0439,-8.6095,0.0],[119.044,-8.6092,0.0],[119.0435,-8.609,0.0],[119.0435,-8.6093,0.0],[119.0439,-8.6095,0.0]]],
[[[117.7686,-8.6057,0.0],[117.768,-8.605,0.0],[117.7677,-8.6052,0.0],[117.7683,-8.6059,0.0],[117.7686,-8.6057,0.0]]],
[[[117.8398,-8.6006,0.0],[117.8401,-8.6003,0.0],[117.8397,-8.6001,0.0],[117.8396,-8.6005,0.0],[117.8398,-8.6006,0.0]]],
[[[118.1998,-8.5986,0.0],[118.1989,-8.5987,0.0],[118.199,-8.5993,0.0],[118.1998,-8.5993,0.0],[118.1998,-8.5986,0.0]]],
[[[119.0398,-8.598,0.0],[119.039,-8.5985,0.0],[119.0399,-8.5996,0.0],[119.0402,-8.5986,0.0],[119.0398,-8.598,0.0]]],
[[[117.8415,-8.6038,0.0],[117.8414,-8.607,0.0],[117.8418,-8.6071,0.0],[117.8426,-8.6041,1.5345],[117.8415,-8.6038,0.0]]],
[[[117.7627,-8.6464,5.2838],[117.7614,-8.6456,0.0],[117.7618,-8.6473,5.2838],[117.7631,-8.6475,5.2838],[117.7627,-8.6464,5.2838]]],
[[[119.049,-8.5872,0.0],[119.0478,-8.5852,0.0],[119.0449,-8.5877,0.0],[119.0468,-8.5903,0.0],[119.049,-8.5872,0.0]]],
[[[117.7641,-8.5916,0.0],[117.7642,-8.591,0.0],[117.7637,-8.5909,0.0],[117.7636,-8.5913,0.0],[117.7641,-8.5916,0.0]]],
[[[117.8417,-8.5771,45.0975],[117.8391,-8.5748,22.7757],[117.8315,-8.5746,23.0794],[117.8261,-8.5779,4.6252],[117.8302,-8.5791,3.1693],[117.8297,-8.582,22.6428],[117.8281,-8.5825,2.4431],[117.8321,-8.5853,5.8686],[117.8308,-8.5893,0.0],[117.8336,-8.5916,22.2993],[117.8343,-8.5947,0.0],[117.8373,-8.5932,3.9137],[117.837,-8.5897,0.4227],[117.8418,-8.5845,89.1322],[117.8417,-8.5771,45.0975]]],
[[[119.03,-8.5799,0.0],[119.0304,-8.5803,0.0],[119.0307,-8.5805,0.0],[119.0304,-8.5794,0.0],[119.03,-8.5799,0.0]]],
[[[119.0336,-8.5787,1.962],[119.0348,-8.5788,1.962],[119.035,-8.5783,1.962],[119.0339,-8.578,1.962],[119.0336,-8.5787,1.962]]],
[[[119.1969,-8.5701,4.499],[119.1969,-8.5703,4.499],[119.1972,-8.5702,4.499],[119.1971,-8.5701,4.499],[119.1969,-8.5701,4.499]]],
[[[119.0383,-8.5755,5.1945],[119.0401,-8.5758,0.0],[119.0375,-8.5712,0.0],[119.0371,-8.5732,17.8113],[119.0347,-8.5717,4.8875],[119.0322,-8.573,0.9267],[119.0347,-8.576,2.6263],[119.0383,-8.5755,5.1945]]],
[[[119.0407,-8.5726,0.0],[119.0403,-8.5721,0.0],[119.0394,-8.573,2.0011],[119.0407,-8.5732,0.0],[119.0407,-8.5726,0.0]]],
[[[119.2453,-8.6652,0.0],[119.2452,-8.6652,0.0],[119.2452,-8.6653,0.0],[119.2453,-8.6653,0.0],[119.2453,-8.6652,0.0]]],
[[[119.2377,-8.6704,0.0],[119.2378,-8.6702,0.0],[119.2375,-8.6698,0.0],[119.2374,-8.6701,0.0],[119.2377,-8.6704,0.0]]],
[[[119.2451,-8.6663,0.0],[119.2448,-8.6658,0.0],[119.2444,-8.666,0.0],[119.2445,-8.6665,0.0],[119.2451,-8.6663,0.0]]],
[[[119.2446,-8.6655,0.0],[119.2447,-8.6652,0.0],[119.2445,-8.665,0.0],[119.2443,-8.6653,0.0],[119.2446,-8.6655,0.0]]],
[[[117.7763,-8.6604,3.7626],[117.7784,-8.6629,1.4273],[117.7786,-8.6597,2.1345],[117.7774,-8.659,0.7038],[117.7763,-8.6604,3.7626]]],
[[[117.833,-8.6625,0.0],[117.8323,-8.662,0.0],[117.8322,-8.6622,0.0],[117.8325,-8.6626,0.0],[117.833,-8.6625,0.0]]],
[[[119.2269,-8.6522,0.2163],[119.2271,-8.6517,0.2163],[119.227,-8.6515,0.2163],[119.2264,-8.652,0.0],[119.2269,-8.6522,0.2163]]],
[[[118.2286,-8.6522,0.0],[118.2283,-8.6522,0.0],[118.2282,-8.6522,0.0],[118.2285,-8.6524,0.0],[118.2286,-8.6522,0.0]]],
[[[118.4243,-8.6685,0.0],[118.423,-8.669,3.1475],[118.4233,-8.6706,3.6009],[118.4244,-8.6705,0.0],[118.4243,-8.6685,0.0]]],
[[[118.2129,-8.6618,1.4412],[118.2124,-8.6623,1.4412],[118.2141,-8.6634,0.0],[118.2141,-8.6629,1.4412],[118.2129,-8.6618,1.4412]]],
[[[118.0518,-8.661,0.0],[118.0508,-8.6601,0.0],[118.0504,-8.6602,0.0],[118.0516,-8.6618,0.0],[118.0518,-8.661,0.0]]],
[[[117.8868,-8.6601,0.0],[117.8873,-8.6615,0.0],[117.888,-8.6616,0.0],[117.8873,-8.6598,0.0],[117.8868,-8.6601,0.0]]],
[[[117.8597,-8.6584,0.0],[117.8623,-8.657,4.766],[117.8604,-8.6557,0.0],[117.8575,-8.6568,1.7392],[117.8574,-8.6583,0.0],[117.8597,-8.6584,0.0]]],
[[[119.218,-8.655,5.412],[119.218,-8.6548,5.412],[119.2179,-8.6547,5.412],[119.2178,-8.655,5.412],[119.218,-8.655,5.412]]],
[[[119.2178,-8.6545,0.0],[119.2176,-8.6545,0.0],[119.2175,-8.6545,0.0],[119.218,-8.6546,5.412],[119.2178,-8.6545,0.0]]],
[[[118.2299,-8.653,0.0],[118.2297,-8.6526,0.0],[118.2293,-8.653,0.0],[118.2297,-8.6532,0.0],[118.2299,-8.653,0.0]]],
[[[118.2708,-8.6529,0.0],[118.2709,-8.6528,0.0],[118.27,-8.6524,0.0],[118.2699,-8.6525,0.0],[118.2708,-8.6529,0.0]]],
[[[119.199,-8.6355,0.0],[119.1986,-8.6355,0.0],[119.1984,-8.6358,0.0],[119.1987,-8.6359,0.0],[119.199,-8.6355,0.0]]],
[[[119.0381,-8.6118,0.0],[119.0384,-8.6119,0.0],[119.0386,-8.6117,0.0],[119.0383,-8.6116,0.0],[119.0381,-8.6118,0.0]]],
[[[117.8729,-8.6083,0.0],[117.8722,-8.6073,3.9004],[117.8647,-8.6073,7.9599],[117.8667,-8.6108,4.9275],[117.8729,-8.6083,0.0]]],
[[[118.2373,-8.6513,0.0],[118.2369,-8.6508,0.0],[118.2367,-8.6507,0.0],[118.2371,-8.6517,0.0],[118.2373,-8.6513,0.0]]],
[[[118.138,-8.6472,0.0],[118.1375,-8.6468,0.0],[118.1383,-8.6484,0.0],[118.1386,-8.6482,0.0],[118.138,-8.6472,0.0]]],
[[[118.1919,-8.6476,0.0],[118.1921,-8.6487,1.6395],[118.1934,-8.6483,1.6395],[118.1931,-8.6479,0.0],[118.1919,-8.6476,0.0]]],
[[[118.2278,-8.6514,0.0],[118.2274,-8.651,0.0],[118.2272,-8.6512,0.0],[118.2276,-8.6517,0.0],[118.2278,-8.6514,0.0]]],
[[[118.2392,-8.641,0.0],[118.2406,-8.6443,0.0],[118.2413,-8.6449,0.0],[118.2409,-8.6428,0.0],[118.2392,-8.641,0.0]]],
[[[119.1866,-8.6243,0.0],[119.1867,-8.6245,0.0],[119.1868,-8.6245,0.0],[119.1868,-8.6243,0.0],[119.1866,-8.6243,0.0]]],
[[[118.3917,-8.6165,4.7918],[118.393,-8.6204,0.371],[118.395,-8.6197,1.0437],[118.3962,-8.6161,3.7516],[118.3951,-8.6125,0.0],[118.3931,-8.6136,0.0],[118.3917,-8.6165,4.7918]]],
[[[118.2227,-8.6483,3.1405],[118.22,-8.647,6.3824],[118.2192,-8.6445,0.0],[118.2188,-8.6468,6.3824],[118.2155,-8.6469,1.7814],[118.2159,-8.6483,14.2335],[118.2136,-8.6497,2.3647],[118.2247,-8.653,0.0],[118.225,-8.6552,0.0],[118.2218,-8.6554,0.6034],[118.224,-8.6586,0.0],[118.2274,-8.6544,0.7221],[118.2257,-8.6488,0.6038],[118.2227,-8.6483,3.1405]]],
[[[118.2079,-8.6425,0.0],[118.2065,-8.6426,0.0],[118.2058,-8.6398,25.6917],[118.2031,-8.6376,0.0],[118.2011,-8.638,0.0],[118.2012,-8.6403,3.8157],[118.199,-8.6425,0.0],[118.2023,-8.6451,7.7227],[118.1978,-8.6441,1.6932],[118.1977,-8.6461,0.0],[118.1948,-8.6466,7.3516],[118.1949,-8.6487,3.4436],[118.2036,-8.6498,4.0653],[118.2093,-8.6541,4.8477],[118.2125,-8.6517,0.0],[118.2098,-8.6474,24.8855],[118.2131,-8.6381,0.0],[118.2078,-8.6381,0.0],[118.2079,-8.6425,0.0]]],
[[[118.2257,-8.6464,1.1274],[118.2272,-8.6472,2.07],[118.2279,-8.6449,5.7127],[118.2267,-8.6442,0.0],[118.2257,-8.6464,1.1274]]],
[[[118.1949,-8.6431,0.0],[118.1946,-8.6428,0.0],[118.1948,-8.6436,0.0],[118.195,-8.6435,0.0],[118.1949,-8.6431,0.0]]],
[[[118.1947,-8.6399,0.0],[118.1937,-8.6407,0.0],[118.1946,-8.6422,0.0],[118.1951,-8.6402,0.0],[118.1947,-8.6399,0.0]]],
[[[118.2268,-8.6378,0.0],[118.2209,-8.636,0.0],[118.2209,-8.6383,13.6648],[118.2241,-8.6408,0.0],[118.2234,-8.6453,5.4656],[118.2209,-8.645,3.7554],[118.2235,-8.6468,0.7537],[118.2251,-8.6387,0.0],[118.2268,-8.6378,0.0]]],
[[[118.2006,-8.6398,3.8157],[118.2002,-8.6393,0.0],[118.1998,-8.6394,0.0],[118.2001,-8.6398,3.8157],[118.2006,-8.6398,3.8157]]],
[[[119.3358,-8.4308,0.0],[119.3358,-8.4307,0.0],[119.3356,-8.4307,0.0],[119.3356,-8.4308,0.0],[119.3358,-8.4308,0.0]]],
[[[119.3309,-8.4346,0.0],[119.3293,-8.4332,2.3918],[119.327,-8.4323,0.0],[119.3305,-8.4357,0.0],[119.3309,-8.4346,0.0]]],
[[[119.3271,-8.4421,1.6833],[119.3272,-8.4422,1.6833],[119.3275,-8.4422,0.0],[119.3273,-8.442,1.6833],[119.3271,-8.4421,1.6833]]],
[[[119.3283,-8.4435,0.0],[119.328,-8.443,0.0],[119.3279,-8.443,0.0],[119.3279,-8.4432,0.0],[119.3283,-8.4435,0.0]]],
[[[119.2792,-8.4675,2.6944],[119.2791,-8.4675,2.6944],[119.279,-8.4677,2.6944],[119.2792,-8.4677,2.6944],[119.2792,-8.4675,2.6944]]],
[[[119.271,-8.4634,0.0],[119.271,-8.4631,0.0],[119.2706,-8.4641,0.0],[119.2708,-8.464,0.0],[119.271,-8.4634,0.0]]],
[[[119.2957,-8.4579,0.4649],[119.2959,-8.4577,0.4649],[119.2959,-8.4573,0.4649],[119.2955,-8.4576,0.4649],[119.2957,-8.4579,0.4649]]],
[[[119.3164,-8.4569,0.0],[119.3165,-8.4571,0.0],[119.3168,-8.4569,0.0],[119.3166,-8.4567,0.0],[119.3164,-8.4569,0.0]]],
[[[119.3167,-8.4555,0.0],[119.3164,-8.4553,0.0],[119.3163,-8.4565,0.0],[119.3168,-8.4565,0.0],[119.3167,-8.4555,0.0]]],
[[[119.2962,-8.4572,0.4649],[119.2962,-8.4573,0.4649],[119.2963,-8.4574,0.4649],[119.2964,-8.4574,0.4649],[119.2962,-8.4572,0.4649]]],
[[[119.2965,-8.4568,0.4649],[119.2961,-8.4571,0.4649],[119.2968,-8.4572,0.0],[119.2966,-8.4569,0.4649],[119.2965,-8.4568,0.4649]]],
[[[119.2715,-8.4619,0.0],[119.2715,-8.4615,0.0],[119.2713,-8.4612,0.0],[119.2712,-8.4621,0.0],[119.2715,-8.4619,0.0]]],
[[[119.2645,-8.5484,32.7064],[119.2655,-8.5508,6.4451],[119.267,-8.5485,7.3405],[119.2653,-8.5465,4.5315],[119.2645,-8.5484,32.7064]]],
[[[119.244,-8.548,0.0],[119.2435,-8.5484,0.0],[119.2445,-8.5491,0.0],[119.2446,-8.5482,0.0],[119.244,-8.548,0.0]]],
[[[119.2641,-8.5476,4.5315],[119.2642,-8.5473,4.5315],[119.2635,-8.5472,0.0],[119.2637,-8.5477,0.0],[119.2641,-8.5476,4.5315]]],
[[[119.2428,-8.5467,0.0],[119.2437,-8.5473,1.3464],[119.2446,-8.5472,1.3464],[119.2438,-8.5465,1.3464],[119.2428,-8.5467,0.0]]],
[[[119.0282,-8.5697,0.0],[119.0288,-8.5693,0.0],[119.0283,-8.5687,0.0],[119.0277,-8.5692,0.0],[119.0282,-8.5697,0.0]]],
[[[119.0412,-8.5681,1.5312],[119.0402,-8.5682,1.5312],[119.0401,-8.5691,1.5312],[119.041,-8.5691,1.5312],[119.0412,-8.5681,1.5312]]],
[[[119.1873,-8.5672,8.7172],[119.186,-8.566,0.0],[119.1871,-8.5706,0.9769],[119.1907,-8.5745,0.0],[119.1882,-8.5827,6.9018],[119.189,-8.5839,0.0],[119.1983,-8.5849,0.0],[119.1996,-8.5828,10.8229],[119.195,-8.5758,1.7531],[119.1986,-8.5733,0.0],[119.198,-8.5714,0.0],[119.1953,-8.5692,0.0],[119.1906,-8.5693,3.4818],[119.1873,-8.5672,8.7172]]],
[[[117.7117,-8.5626,0.0],[117.7114,-8.5638,0.0],[117.7123,-8.5645,0.0],[117.7126,-8.5634,0.0],[117.7117,-8.5626,0.0]]],
[[[119.0484,-8.5578,0.0],[119.0439,-8.5567,0.0],[119.043,-8.5612,0.0],[119.0383,-8.5658,5.7722],[119.0395,-8.5672,4.2439],[119.042,-8.5651,6.7786],[119.0436,-8.5684,3.759],[119.0467,-8.5686,18.2521],[119.0425,-8.5712,0.0],[119.0432,-8.5751,0.0],[119.0462,-8.5742,17.4742],[119.0473,-8.5756,3.5539],[119.0442,-8.5763,9.562],[119.0427,-8.5798,0.0],[119.0434,-8.582,0.0],[119.0481,-8.5774,5.9078],[119.0531,-8.5761,24.4508],[119.0556,-8.5725,12.3277],[119.0558,-8.5664,15.7771],[119.0534,-8.5666,10.6457],[119.0547,-8.5644,0.0],[119.0536,-8.5621,30.8494],[119.0484,-8.5578,0.0]]],
[[[119.1776,-8.5627,0.0],[119.1777,-8.5625,0.0],[119.1777,-8.5622,0.0],[119.1772,-8.5625,0.0],[119.1776,-8.5627,0.0]]],
[[[117.6977,-8.5613,0.0],[117.6969,-8.5616,0.0],[117.6972,-8.5625,0.0],[117.6977,-8.5622,0.0],[117.6977,-8.5613,0.0]]],
[[[117.823,-8.5593,22.6603],[117.8226,-8.555,5.8224],[117.8181,-8.5552,6.3073],[117.8135,-8.5614,2.0244],[117.8191,-8.567,2.303],[117.8242,-8.5663,0.0],[117.8252,-8.5678,0.0],[117.8314,-8.5642,22.7],[117.8288,-8.5618,5.8039],[117.8248,-8.5635,12.5514],[117.823,-8.5593,22.6603]]],
[[[119.0406,-8.5588,0.0],[119.0398,-8.5589,0.0],[119.0401,-8.5599,0.0],[119.0408,-8.5599,0.0],[119.0406,-8.5588,0.0]]],
[[[118.2219,-8.5582,0.0],[118.2218,-8.5594,0.0],[118.2225,-8.5596,0.0],[118.2226,-8.5594,0.0],[118.2219,-8.5582,0.0]]],
[[[119.0421,-8.5563,5.9366],[119.0416,-8.5571,5.9366],[119.0428,-8.5578,5.9366],[119.0431,-8.5562,0.0],[119.0421,-8.5563,5.9366]]],
[[[119.045,-8.5558,0.0],[119.0448,-8.5557,0.0],[119.0445,-8.5558,0.0],[119.0447,-8.556,0.0],[119.045,-8.5558,0.0]]],
[[[119.0444,-8.5552,0.0],[119.0444,-8.5549,0.0],[119.0441,-8.5549,0.0],[119.0442,-8.5552,0.0],[119.0444,-8.5552,0.0]]],
[[[119.044,-8.5561,0.0],[119.0443,-8.5562,0.0],[119.0443,-8.556,0.0],[119.0442,-8.556,0.0],[119.044,-8.5561,0.0]]],
[[[119.1843,-8.5487,0.0],[119.1842,-8.5488,0.0],[119.1844,-8.5486,0.0],[119.1843,-8.5487,0.0]]],
[[[119.1743,-8.5483,0.0],[119.1749,-8.5483,0.0],[119.1753,-8.5477,14.0432],[119.1731,-8.5483,0.0],[119.1743,-8.5483,0.0]]],
[[[119.1796,-8.5481,0.0],[119.1765,-8.5474,14.0432],[119.1768,-8.5508,5.6183],[119.1781,-8.5506,0.0],[119.1796,-8.5481,0.0]]],
[[[119.1847,-8.5468,0.0],[119.1847,-8.547,0.0],[119.1848,-8.5468,0.0],[119.1847,-8.5468,0.0]]],
[[[119.1846,-8.5466,0.0],[119.1846,-8.5467,0.0],[119.1848,-8.5467,0.0],[119.1847,-8.5466,0.0],[119.1846,-8.5466,0.0]]],
[[[119.1846,-8.5467,0.0],[119.1843,-8.5465,0.0],[119.1843,-8.5468,0.0],[119.1846,-8.5467,0.0]]],
[[[119.2318,-8.5372,0.4107],[119.2308,-8.538,0.0],[119.2316,-8.5389,0.0],[119.2322,-8.5374,0.4107],[119.2318,-8.5372,0.4107]]],
[[[117.6985,-8.5447,0.0806],[117.6979,-8.5457,0.0806],[117.6983,-8.5461,0.0806],[117.6993,-8.5455,0.0806],[117.6985,-8.5447,0.0806]]],
[[[116.7362,-8.4405,0.0],[116.7383,-8.4422,0.512],[116.7402,-8.44,0.0],[116.738,-8.4389,0.0],[116.7362,-8.4405,0.0]]],
[[[116.7489,-8.4441,0.0],[116.7483,-8.444,0.0],[116.7479,-8.4446,0.0],[116.749,-8.4445,0.0],[116.7489,-8.4441,0.0]]],
[[[117.6761,-8.4672,0.0],[117.6773,-8.4685,0.0],[117.678,-8.4682,0.0],[117.6774,-8.4666,0.0],[117.6761,-8.4672,0.0]]],
[[[116.7309,-8.45,0.0],[116.7314,-8.4508,0.0],[116.7319,-8.4494,0.0],[116.7315,-8.4494,0.0],[116.7309,-8.45,0.0]]],
[[[117.0098,-8.4657,0.5136],[117.015,-8.4665,5.6868],[117.0105,-8.4637,0.0],[117.0125,-8.4617,1.3507],[117.0082,-8.4603,0.0],[117.0076,-8.4614,0.0],[117.0098,-8.4657,0.5136]]],
[[[116.8592,-8.4564,1.59],[116.8589,-8.4582,1.0252],[116.8597,-8.4594,1.0252],[116.8608,-8.4565,0.0],[116.8592,-8.4564,1.59]]],
[[[116.7306,-8.446,0.3942],[116.7315,-8.4485,0.0],[116.7327,-8.4429,0.0],[116.7314,-8.444,1.0964],[116.7306,-8.446,0.3942]]],
[[[118.6944,-8.4514,0.0],[118.6987,-8.4507,6.2872],[118.6986,-8.4461,0.0],[118.6925,-8.4486,3.5235],[118.6944,-8.4514,0.0]]],
[[[117.0378,-8.4454,3.073],[117.0368,-8.4436,1.2696],[117.0348,-8.4444,0.0],[117.0362,-8.448,0.455],[117.0385,-8.4462,3.073],[117.0378,-8.4454,3.073]]],
[[[119.2763,-8.4022,0.0],[119.2747,-8.3989,0.0],[119.2756,-8.3929,0.0],[119.272,-8.3966,72.2716],[119.2633,-8.4009,0.0],[119.2675,-8.4009,33.6561],[119.2688,-8.4025,2.7949],[119.2687,-8.4112,9.0353],[119.2707,-8.4143,0.0],[119.2659,-8.4244,51.1273],[119.2661,-8.4272,16.3562],[119.2695,-8.4271,11.402],[119.2708,-8.4312,0.0],[119.2655,-8.4382,2.1462],[119.272,-8.4354,2.5023],[119.2743,-8.4371,29.924],[119.2677,-8.4456,0.0],[119.2715,-8.4494,9.5481],[119.2732,-8.454,19.9647],[119.2748,-8.454,3.0503999999999998],[119.2787,-8.448,3.4292],[119.281,-8.4488,0.3639],[119.2797,-8.4592,0.0],[119.2776,-8.4631,0.0],[119.2797,-8.4678,2.6944],[119.2807,-8.4682,0.0],[119.2813,-8.4638,5.4318],[119.2839,-8.4624,24.4387],[119.2898,-8.4628,53.3098],[119.2933,-8.4588,1.2394],[119.2932,-8.4557,0.0],[119.2955,-8.4525,15.5796],[119.2954,-8.4438,1.9382],[119.3012,-8.4405,0.0],[119.3013,-8.4339,0.0],[119.2995,-8.4321,0.0],[119.3008,-8.4298,0.0],[119.3029,-8.4296,7.079],[119.307,-8.4329,65.4493],[119.3094,-8.4498,1.3321],[119.3102,-8.4505,1.3321],[119.3115,-8.4488,0.0],[119.3114,-8.4456,0.6224],[119.3139,-8.4448,0.0],[119.3169,-8.4491,0.0],[119.3163,-8.4548,0.0],[119.3207,-8.455,0.1246],[119.318,-8.4487,0.0],[119.3198,-8.4458,0.0],[119.3182,-8.4408,0.0],[119.3204,-8.4384,5.0178],[119.3176,-8.4328,20.1545],[119.322,-8.4344,19.6305],[119.3257,-8.4419,1.6833],[119.3269,-8.4417,1.6833],[119.3192,-8.428,29.4762],[119.3205,-8.4273,15.1671],[119.3259,-8.4311,0.0],[119.3232,-8.4256,40.824],[119.3254,-8.4242,16.9251],[119.3278,-8.428,0.0],[119.3339,-8.4292,0.4486],[119.3353,-8.4309,0.0],[119.3347,-8.4279,0.0],[119.3309,-8.4254,13.2011],[119.3283,-8.4212,0.0],[119.328,-8.4148,0.0],[119.3179,-8.4095,0.0],[119.318,-8.4062,0.0],[119.3194,-8.4031,0.0],[119.3219,-8.4027,0.0],[119.3212,-8.4013,37.6027],[119.3159,-8.3985,0.0],[119.3161,-8.4021,0.0],[119.3136,-8.4073,8.3019],[119.3074,-8.4095,3.4251],[119.2972,-8.4163,46.2501],[119.2871,-8.4192,0.879],[119.2825,-8.4191,0.0],[119.2771,-8.4156,5.3841],[119.2746,-8.4056,0.0],[119.2763,-8.4022,0.0]]],
[[[117.6384,-8.52,0.0],[117.6384,-8.5187,1.3833],[117.6363,-8.5186,1.9286],[117.6354,-8.5199,1.5191],[117.636,-8.5203,1.5191],[117.6384,-8.52,0.0]]],
[[[116.7937,-8.5171,0.5937],[116.7941,-8.5149,5.079],[116.7918,-8.5117,8.8503],[116.7878,-8.5133,1.1341],[116.7869,-8.5162,3.2344],[116.7882,-8.5182,0.0],[116.7937,-8.5171,0.5937]]],
[[[116.7899,-8.5245,0.0],[116.7901,-8.5264,0.0],[116.7922,-8.5249,7.8402],[116.7907,-8.5241,0.0],[116.7899,-8.5245,0.0]]],
[[[117.6621,-8.5225,0.0],[117.6619,-8.5221,0.0],[117.6611,-8.5228,0.0],[117.6614,-8.5231,0.0],[117.6621,-8.5225,0.0]]],
[[[117.6944,-8.5243,0.0],[117.6937,-8.5248,0.0],[117.6936,-8.5256,0.0],[117.6943,-8.5254,0.0],[117.6944,-8.5243,0.0]]],
[[[119.0546,-8.5104,0.0],[119.0542,-8.51,0.0],[119.0539,-8.5106,0.0],[119.0541,-8.5107,0.0],[119.0546,-8.5104,0.0]]],
[[[116.8582,-8.5036,2.9891],[116.8571,-8.5024,0.0],[116.8504,-8.5031,2.2921],[116.8428,-8.5077,0.0],[116.8415,-8.51,0.0],[116.8506,-8.5185,3.2415],[116.856,-8.5121,6.1293],[116.8567,-8.508,1.4828],[116.8597,-8.5049,2.5047],[116.8582,-8.5036,2.9891]]],
[[[116.8196,-8.4989,0.0],[116.8185,-8.4991,4.9819],[116.8185,-8.5003,1.9384],[116.8196,-8.5,0.0],[116.8196,-8.4989,0.0]]],
[[[117.7525,-8.4925,0.0],[117.7515,-8.4923,0.0],[117.7512,-8.492,0.0],[117.7516,-8.4931,0.0],[117.7525,-8.4925,0.0]]],
[[[116.8785,-8.4934,2.3772],[116.8679,-8.4932,0.9921],[116.865,-8.4965,0.7641],[116.8652,-8.5008,0.9572],[116.87,-8.5048,0.0],[116.8759,-8.5043,4.5664],[116.8821,-8.4981,0.0],[116.8785,-8.4934,2.3772]]],
[[[116.8308,-8.4986,0.5118],[116.8354,-8.501,1.263],[116.8351,-8.4988,2.2704],[116.831,-8.4961,0.0],[116.8308,-8.4986,0.5118]]],
[[[117.6292,-8.5078,0.0],[117.6323,-8.5082,0.0],[117.6319,-8.5024,0.0],[117.6302,-8.5048,8.4444],[117.6292,-8.5078,0.0]]],
[[[117.7479,-8.5047,0.0],[117.7488,-8.5058,0.0],[117.75,-8.5045,0.0],[117.7481,-8.5045,0.0],[117.7479,-8.5047,0.0]]],
[[[117.6362,-8.5027,11.4696],[117.6375,-8.5046,0.0],[117.6401,-8.503,2.3709],[117.6399,-8.4984,9.5199],[117.6367,-8.4988,9.7427],[117.6362,-8.5027,11.4696]]],
[[[116.7887,-8.533,1.8233],[116.7891,-8.5292,1.533],[116.7872,-8.5275,1.1318],[116.7817,-8.5315,3.5071],[116.7783,-8.5317,3.9066],[116.7726,-8.5377,0.0],[116.7693,-8.5431,0.0],[116.7691,-8.5483,1.0389],[116.7664,-8.5531,4.313],[116.769,-8.5592,1.501],[116.7737,-8.5585,1.2652],[116.7819,-8.5516,6.2207],[116.7876,-8.5433,2.6583],[116.7887,-8.533,1.8233]]],
[[[119.0168,-8.5317,0.0],[119.0169,-8.5318,0.0],[119.0171,-8.5317,0.0],[119.0171,-8.5316,0.0],[119.0168,-8.5317,0.0]]],
[[[117.7288,-8.482,0.0],[117.7278,-8.4746,13.9107],[117.7253,-8.473,9.3475],[117.7222,-8.4742,0.0],[117.7197,-8.4771,0.4704],[117.7149,-8.478,28.2629],[117.7113,-8.4807,0.0],[117.708,-8.4846,0.0],[117.7069,-8.4907,10.8288],[117.7012,-8.4948,0.0],[117.7054,-8.5009,3.7024],[117.7101,-8.5032,0.0],[117.7136,-8.5126,10.1877],[117.7128,-8.5164,11.7937],[117.71,-8.5179,0.0],[117.7096,-8.52,0.0],[117.7138,-8.5352,1.5751],[117.7232,-8.5439,5.5789],[117.7283,-8.5454,0.0],[117.7325,-8.5498,0.0],[117.7341,-8.5551,0.0],[117.7333,-8.5602,0.0],[117.7356,-8.559,1.5737],[117.7386,-8.5604,0.0],[117.7468,-8.5693,2.839],[117.7504,-8.568,0.0],[117.7596,-8.5698,0.0],[117.7658,-8.5654,2.8381],[117.7698,-8.5652,0.0],[117.7678,-8.5636,0.9407],[117.7666,-8.5566,1.3826],[117.7708,-8.5526,5.3122],[117.7778,-8.5616,0.0],[117.7973,-8.5557,2.7832],[117.7982,-8.5536,4.1747],[117.7994,-8.5543,0.0],[117.8003,-8.5517,0.0],[117.795,-8.5483,14.1024],[117.7776,-8.5547,26.5279],[117.7718,-8.5524,5.3122],[117.7695,-8.5427,12.1669],[117.7664,-8.5388,0.0],[117.7643,-8.5469,56.3441],[117.7614,-8.5478,0.0],[117.7584,-8.5469,1.3691],[117.7558,-8.5437,0.4465],[117.756,-8.5402,0.0],[117.7529,-8.5409,0.3477],[117.7484,-8.539,0.3309],[117.7455,-8.5343,3.3038],[117.7449,-8.5296,13.5695],[117.7394,-8.5283,10.7249],[117.7347,-8.5185,1.4044],[117.7389,-8.5083,8.5717],[117.7406,-8.5073,1.5578],[117.744,-8.5089,1.301],[117.7467,-8.5032,5.2459],[117.7423,-8.4985,4.6372],[117.7434,-8.5038,2.2791],[117.7381,-8.5064,28.3065],[117.7366,-8.5037,1.7437],[117.7317,-8.5012,0.0],[117.731,-8.4924,0.0],[117.7267,-8.4889,0.0],[117.7276,-8.4856,4.1025],[117.7306,-8.4833,5.3068],[117.7288,-8.482,0.0]]],
[[[116.8086,-8.491,0.0],[116.8082,-8.4912,0.0],[116.8084,-8.4915,0.0],[116.8088,-8.4913,0.0],[116.8086,-8.491,0.0]]],
[[[117.7623,-8.4894,0.0],[117.7619,-8.4897,6.0377],[117.762,-8.49,6.0377],[117.7625,-8.4899,6.0377],[117.7623,-8.4894,0.0]]],
[[[116.9973,-8.4766,0.8799],[116.9939,-8.4757,0.665],[116.9911,-8.4769,0.0],[116.9955,-8.479,1.8418],[116.9973,-8.4766,0.8799]]],
[[[117.6548,-8.4489,0.4611],[117.6514,-8.4476,0.0],[117.6515,-8.4547,10.167],[117.6489,-8.4638,0.2121],[117.6507,-8.4664,4.9298],[117.6501,-8.4714,0.0],[117.6466,-8.4752,1.5347],[117.6413,-8.4761,0.0],[117.6412,-8.4798,0.0],[117.6437,-8.4806,8.9631],[117.6487,-8.4792,3.8869],[117.6507,-8.483,11.4417],[117.6495,-8.4847,0.0],[117.6504,-8.4866,0.0],[117.647,-8.4897,2.3074],[117.6438,-8.4846,9.0859],[117.639,-8.4865,1.8313],[117.6381,-8.4907,17.8026],[117.6405,-8.4924,10.5131],[117.6436,-8.4919,3.2652],[117.6437,-8.496,1.1566],[117.6422,-8.4992,0.6455],[117.6427,-8.5028,2.5152],[117.6376,-8.5063,2.0952],[117.6365,-8.5093,18.9681],[117.6397,-8.515,0.0],[117.6402,-8.5213,0.0],[117.644,-8.5219,1.836],[117.6446,-8.5241,0.0],[117.6451,-8.5224,11.2316],[117.6478,-8.5224,1.7765],[117.6506,-8.5331,0.0],[117.6541,-8.5303,16.4891],[117.6519,-8.5237,7.3698],[117.6538,-8.5207,5.5957],[117.661,-8.5167,0.5289],[117.6626,-8.5174,0.5289],[117.6635,-8.522,1.3288],[117.6671,-8.5138,1.8905],[117.6691,-8.5138,3.9627],[117.6695,-8.5186,20.51],[117.6723,-8.5234,0.0],[117.67529999999999,-8.5241,1.1698],[117.6762,-8.5221,11.3391],[117.6797,-8.5221,0.0],[117.6781,-8.5137,1.7876],[117.6709,-8.513,3.9627],[117.6778,-8.5033,0.0],[117.67529999999999,-8.4996,13.6703],[117.6768,-8.4916,18.2599],[117.6758,-8.4856,9.3699],[117.6702,-8.4806,2.2135],[117.6682,-8.4758,0.0],[117.6697,-8.4703,0.0],[117.6741,-8.4662,0.3275],[117.6676,-8.4546,0.2602],[117.6607,-8.4489,2.4544],[117.6548,-8.4489,0.4611]]],
[[[116.0829,-8.3639,3.661],[116.0865,-8.3651,0.0],[116.0877,-8.3641,4.333],[116.0873,-8.3534,2.477],[116.0853,-8.3502,2.0639],[116.0801,-8.3516,0.6607],[116.0749,-8.3568,6.5792],[116.0789,-8.3646,0.0],[116.0829,-8.3639,3.661]]],
[[[116.0537,-8.3568,5.2818],[116.0577,-8.3593,5.1573],[116.0615,-8.3578,7.6116],[116.0615,-8.3458,6.4966],[116.0589,-8.3421,0.7959],[116.0541,-8.3423,3.0543],[116.0515,-8.3444,0.0],[116.0537,-8.3568,5.2818]]],
[[[116.0323,-8.3597,0.4217],[116.0349,-8.3619,0.6806],[116.0407,-8.3601,1.3777],[116.0445,-8.3526,4.4236],[116.0409,-8.339,0.0],[116.0331,-8.3396,5.3596],[116.0283,-8.3449,0.0],[116.0287,-8.3527,0.0],[116.0323,-8.3597,0.4217]]],
[[[116.6991,-8.2857,2.0098],[116.6922,-8.2803,2.2026],[116.69,-8.2806,1.089],[116.6855,-8.2864,6.5614],[116.6859,-8.2914,3.9438],[116.6946,-8.2965,3.1973],[116.7016,-8.3055,0.0],[116.7023,-8.3091,1.5605],[116.7052,-8.3095,2.9939],[116.7114,-8.305,3.4504],[116.7118,-8.2996,5.0578],[116.6991,-8.2857,2.0098]]],
[[[119.0709,-8.1311,0.0],[119.0541,-8.1272,6.9306],[119.0476,-8.1293,0.0],[119.0354,-8.1372,20.7534],[119.0242,-8.1485,2.316],[119.0125,-8.1539,0.0],[119.0104,-8.1617,0.0],[119.0001,-8.1791,0.0],[118.9995,-8.1833,7.6876],[119.0021,-8.1884,4.797],[118.9985,-8.2026,48.5489],[119.0016,-8.208,4.2015],[118.9988,-8.2161,10.3233],[119.0003,-8.2297,0.0],[119.0122,-8.2471,0.6897],[119.0196,-8.2482,2.1193],[119.0303,-8.2561,5.458],[119.0391,-8.2602,0.6146],[119.0506,-8.2618,1.45],[119.0596,-8.2598,1.1358],[119.0668,-8.2561,15.7642],[119.0832,-8.2543,4.2389],[119.0884,-8.2507,20.9626],[119.0958,-8.2374,31.376],[119.1028,-8.2308,35.8082],[119.1107,-8.2275,9.4883],[119.115,-8.2233,12.406],[119.1187,-8.2148,4.5948],[119.1203,-8.2043,25.0968],[119.1231,-8.1992,31.5928],[119.1232,-8.1864,18.5313],[119.1178,-8.1747,0.0],[119.11279999999999,-8.1565,10.1411],[119.109,-8.1552,17.1691],[119.1035,-8.1467,3.0095],[119.0898,-8.1332,3.8739],[119.0799,-8.1299,8.3155],[119.0709,-8.1311,0.0]]],
[[[117.7524,-8.1006,11.7033],[117.7497,-8.0986,6.3741],[117.7394,-8.0988,19.3974],[117.7369,-8.1002,18.0],[117.735,-8.1076,11.3897],[117.7391,-8.1156,37.7596],[117.7518,-8.1213,0.0],[117.7581,-8.1167,0.0],[117.7602,-8.11,4.6948],[117.7524,-8.1006,11.7033]]],
[[[117.397,-8.1444,6.0482],[117.4121,-8.1387,2.2222],[117.4158,-8.1384,1.3218],[117.4172,-8.1398,0.0],[117.4238,-8.1379,0.6185],[117.4239,-8.1346,0.637],[117.418,-8.1356,1.6511],[117.414,-8.1308,0.0],[117.4035,-8.1285,5.6573],[117.3862,-8.1313,10.2321],[117.3814,-8.1342,5.9349],[117.381,-8.1392,2.608],[117.3767,-8.1465,1.6735],[117.3592,-8.1459,0.0],[117.3442,-8.1526,3.5728],[117.345,-8.1549,0.5597],[117.3535,-8.1537,3.9713],[117.3514,-8.1561,0.0],[117.3535,-8.1568,1.8161],[117.3613,-8.1527,6.4372],[117.3617,-8.1548,5.7444],[117.3572,-8.1564,1.6514],[117.36,-8.1594,0.9932],[117.3779,-8.1604,1.9234],[117.3828,-8.1578,3.4756],[117.3819,-8.156,0.0],[117.3764,-8.1566,2.7745],[117.3795,-8.1554,0.0],[117.3757,-8.1501,4.7853],[117.3791,-8.1511,1.1809],[117.397,-8.1444,6.0482]]],
[[[117.4237,-8.127,0.0],[117.4228,-8.1277,0.0],[117.4233,-8.1283,0.0],[117.4243,-8.1277,0.0],[117.4237,-8.127,0.0]]],
[[[117.0732,-8.3899,0.0],[117.0744,-8.3906,0.0],[117.0749,-8.3896,0.0],[117.0741,-8.3893,0.0],[117.0732,-8.3899,0.0]]],
[[[117.0823,-8.3738,0.4169],[117.0809,-8.3714,1.1121],[117.073,-8.3714,5.544],[117.0708,-8.3731,0.0],[117.0778,-8.3782,0.0],[117.0823,-8.3738,0.4169]]],
[[[118.2854,-8.3582,0.0],[118.2847,-8.358,0.0],[118.2844,-8.3583,0.0],[118.2847,-8.3585,0.0],[118.2854,-8.3582,0.0]]],
[[[116.7507,-8.3869,0.0],[116.7488,-8.3848,0.0],[116.7478,-8.3851,0.0],[116.7485,-8.3864,0.0],[116.7507,-8.3869,0.0]]],
[[[116.7482,-8.3842,0.0],[116.7473,-8.3828,0.0],[116.7462,-8.3825,0.0],[116.7474,-8.3846,0.0],[116.7482,-8.3842,0.0]]],
[[[117.0588,-8.3782,1.6945],[117.057,-8.379,2.7403],[117.0536,-8.3754,1.4632],[117.0527,-8.3807,0.0],[117.0564,-8.3817,0.0],[117.0591,-8.3792,1.6945],[117.0595,-8.3775,0.1325],[117.0588,-8.3782,1.6945]]],
[[[116.7228,-8.3143,0.0],[116.7176,-8.3097,3.102],[116.7097,-8.3116,0.0],[116.7071,-8.3148,2.0758],[116.7097,-8.3252,0.0],[116.7121,-8.3275,0.0],[116.7133,-8.3269,2.0741],[116.7161,-8.3311,1.7177],[116.7244,-8.3322,2.1685],[116.7258,-8.3373,1.1593],[116.7435,-8.3454,0.0],[116.744,-8.3384,3.6746],[116.7422,-8.3347,1.8718],[116.7298,-8.3231,3.1856],[116.7228,-8.3143,0.0]]],
[[[117.6854,-8.1866,19.2684],[117.69,-8.1807,0.0],[117.6869,-8.1706,3.0032],[117.672,-8.1554,2.0716],[117.6633,-8.1503,4.0058],[117.6565,-8.1486,1.1618],[117.6489,-8.1529,0.0],[117.6373,-8.1521,2.3971],[117.6239,-8.1544,0.0],[117.6064,-8.1548,9.3254],[117.6004,-8.1525,0.0],[117.5935,-8.1534,6.4503],[117.5859,-8.1521,6.823],[117.5591,-8.144,1.837],[117.5535,-8.1452,0.9411],[117.5377,-8.1549,22.2436],[117.5296,-8.155,20.7974],[117.5165,-8.1609,0.0],[117.5006,-8.1739,19.7868],[117.4855,-8.1827,0.0],[117.4805,-8.1904,2.7769],[117.4793,-8.2081,0.0],[117.488,-8.2281,8.2698],[117.4789,-8.2574,3.5572],[117.4849,-8.2613,0.0],[117.4899,-8.2598,0.0],[117.4964,-8.2613,2.9267],[117.4993,-8.2652,0.0],[117.5047,-8.2664,4.9143],[117.5078,-8.2695,2.1923],[117.5079,-8.277,0.0],[117.501,-8.2988,13.6475],[117.4931,-8.3168,15.6937],[117.4864,-8.3248,36.2782],[117.4765,-8.3321,23.8926],[117.4705,-8.3568,3.9708],[117.4821,-8.3619,8.9706],[117.487,-8.3663,0.0],[117.499,-8.3712,17.5457],[117.5161,-8.3845,6.3221],[117.5282,-8.3896,0.0],[117.5291,-8.3856,0.0],[117.5351,-8.3791,19.4058],[117.5472,-8.3706,4.0508],[117.5517,-8.3582,0.0],[117.5578,-8.3525,16.4865],[117.5703,-8.3353,3.0333],[117.5746,-8.3243,0.0],[117.5725,-8.3211,0.0],[117.5736,-8.3155,9.5237],[117.5788,-8.3101,4.4842],[117.5862,-8.2817,16.8144],[117.5892,-8.2779,3.5089],[117.6043,-8.2684,5.5041],[117.6071,-8.2644,24.2531],[117.6083,-8.2567,1.1238],[117.6059,-8.2525,11.8013],[117.6103,-8.2438,0.3505],[117.609,-8.2407,4.9221],[117.6103,-8.2381,1.1397],[117.6151,-8.2325,10.5952],[117.6267,-8.2236,2.2607],[117.6466,-8.2131,0.0],[117.6599,-8.1983,0.4021],[117.6758,-8.1929,13.8046],[117.6854,-8.1866,19.2684]]],
[[[119.0337,-8.429,0.0],[119.0332,-8.4294,0.0],[119.0337,-8.4298,0.0],[119.034,-8.4293,0.0],[119.0337,-8.429,0.0]]],
[[[117.6578,-8.4368,6.4329],[117.6613,-8.4342,0.0],[117.6641,-8.4228,15.9069],[117.6616,-8.4187,5.9588],[117.6579,-8.4187,0.0],[117.6522,-8.4233,5.6734],[117.6419,-8.4389,0.0],[117.6449,-8.44,0.0],[117.6566,-8.4391,2.9095],[117.6578,-8.4368,6.4329]]],
[[[116.9562,-8.421,0.8815],[116.9461,-8.4205,0.7211],[116.9288,-8.4256,0.9174],[116.924,-8.434,1.8753],[116.9189,-8.4372,2.6983],[116.9073,-8.4349,2.5279],[116.895,-8.4368,4.8007],[116.881,-8.432,0.3975],[116.8725,-8.4317,2.658],[116.87,-8.4329,0.0],[116.867,-8.4381,4.7021],[116.8608,-8.4411,2.2964],[116.8487,-8.44,4.3606],[116.8442,-8.4416,4.9381],[116.8394,-8.4461,0.0],[116.8424,-8.4499,0.0],[116.8481,-8.4491,6.3062],[116.851,-8.451,2.6485],[116.8555,-8.4496,0.0],[116.8608,-8.4525,1.0242],[116.8769,-8.4447,0.0],[116.8886,-8.4444,4.6921],[116.8912,-8.4475,3.9858],[116.8969,-8.4492,3.091],[116.9045,-8.4466,2.1441],[116.9124,-8.4463,0.0],[116.9264,-8.4414,0.0],[116.9337,-8.4349,1.7422],[116.935,-8.4357,2.0377],[116.9393,-8.4333,2.5939],[116.9426,-8.433,4.2251],[116.9441,-8.4377,1.0652],[116.9468,-8.4386,1.7386],[116.9502,-8.4347,0.0],[116.9544,-8.4353,1.9405],[116.9598,-8.4292,0.0],[116.9599,-8.4242,0.0],[116.9562,-8.421,0.8815]]],
[[[117.6292,-8.4262,0.0],[117.6333,-8.4256,0.4504],[117.6357,-8.4242,0.0],[117.6284,-8.4258,0.0],[117.6292,-8.4262,0.0]]],
[[[116.7483,-8.425,1.7357],[116.7482,-8.4235,0.6033],[116.7478,-8.4237,0.6033],[116.7478,-8.4249,1.7357],[116.7485,-8.4252,1.7357],[116.749,-8.4249,1.7357],[116.7483,-8.425,1.7357]]],
[[[116.7522,-8.4292,3.1681],[116.7537,-8.4278,1.2487],[116.7519,-8.4256,2.0836],[116.7527,-8.4272,2.9821],[116.7501,-8.4294,2.8663],[116.7522,-8.4292,3.1681]]],
[[[116.9912,-8.421,3.5225],[116.9905,-8.4211,3.5225],[116.9907,-8.4216,3.7975],[116.9914,-8.4214,3.7975],[116.9912,-8.421,3.5225]]],
[[[116.7545,-8.4208,2.5581],[116.7545,-8.4173,1.3179],[116.7538,-8.4166,1.3179],[116.7519,-8.4167,1.8188],[116.7514,-8.4215,3.7839],[116.7542,-8.4227,2.3096],[116.7542,-8.4172,1.3179],[116.7545,-8.4208,2.5581]]],
[[[116.9922,-8.4208,2.5],[116.9918,-8.4205,3.5225],[116.9914,-8.4206,3.5225],[116.9919,-8.421,3.5225],[116.9922,-8.4208,2.5]]],
[[[117.0482,-8.3828,0.5618],[117.049,-8.3802,3.6176],[117.0473,-8.3786,3.6043],[117.0417,-8.3784,4.0838],[117.0322,-8.3848,3.786],[117.026,-8.3929,0.0],[117.0249,-8.4023,4.3148],[117.0227,-8.4039,0.0],[117.0222,-8.4068,5.0862],[116.9997,-8.4131,2.4802],[116.9992,-8.4113,0.0],[116.9934,-8.408,4.4118],[116.9921,-8.4029,0.0],[116.9825,-8.414,0.0],[116.9818,-8.4205,2.849],[116.9769,-8.4278,1.0417],[116.9768,-8.4311,2.8187],[116.9799,-8.433,0.0],[116.9963,-8.43,1.6571],[117.0045,-8.4317,0.0],[117.004,-8.4302,2.1494],[116.9972,-8.4292,4.0153],[116.9976,-8.4268,3.8615],[116.9951,-8.4261,1.5399],[116.9955,-8.4206,3.6008],[116.9903,-8.4232,4.9115],[116.9905,-8.4177,2.827],[116.9916,-8.4162,5.0258],[116.9942,-8.4161,3.9319],[116.9911,-8.4182,5.9029],[116.9921,-8.4195,4.1683],[116.9939,-8.4187,4.1683],[116.9961,-8.4207,0.0],[116.998,-8.4195,5.3121],[117.0037,-8.4211,3.1859],[117.0101,-8.4168,5.3483],[117.0144,-8.4158,5.5588],[117.0241,-8.4184,0.9792],[117.0228,-8.413,6.1064],[117.0241,-8.4092,4.8797],[117.0324,-8.4101,0.8862],[117.0337,-8.4125,2.3289],[117.0371,-8.4061,6.6996],[117.044,-8.4021,1.3447],[117.0428,-8.3984,4.0155],[117.0455,-8.395,0.0],[117.0424,-8.3917,3.2412],[117.0426,-8.3896,1.9614],[117.0471,-8.3859,0.7737],[117.0482,-8.3828,0.5618]]],
[[[117.9487,-8.7246,0.0],[117.9492,-8.7262,3.3334],[117.9508,-8.7257,3.3334],[117.9523,-8.7223,0.5932],[117.9511,-8.7222,0.5932],[117.9487,-8.7246,0.0]]],
[[[116.0259,-8.7217,1.1233],[116.026,-8.7217,1.1233],[116.0262,-8.7211,0.0],[116.0258,-8.7214,1.1233],[116.0259,-8.7217,1.1233]]],
[[[116.0275,-8.7253,3.1093],[116.0286,-8.7247,3.1093],[116.0266,-8.7214,1.1233],[116.0208,-8.7243,4.2216],[116.0245,-8.7262,6.0369],[116.0275,-8.7253,3.1093]]],
[[[118.773,-8.7155,11.1754],[118.7741,-8.7184,0.0],[118.775,-8.7185,0.0],[118.7749,-8.713,0.68],[118.773,-8.7155,11.1754]]],
[[[115.9771,-8.7088,0.0],[115.9768,-8.7067,0.0],[115.9752,-8.7066,0.0],[115.9755,-8.7087,0.0],[115.9771,-8.7088,0.0]]],
[[[119.1955,-8.7083,0.2595],[119.1953,-8.708,0.2595],[119.1946,-8.7078,0.0],[119.1949,-8.7086,0.2595],[119.1955,-8.7083,0.2595]]],
[[[119.1988,-8.6924,0.0],[119.199,-8.6925,0.0],[119.199,-8.6923,0.0],[119.1988,-8.6922,0.0],[119.1988,-8.6924,0.0]]],
[[[119.1987,-8.6916,0.0],[119.1986,-8.6917,0.0],[119.1987,-8.6918,0.0],[119.1988,-8.6917,0.0],[119.1987,-8.6916,0.0]]],
[[[119.1986,-8.6911,0.0],[119.1985,-8.6913,0.0],[119.1986,-8.6913,0.0],[119.1986,-8.6911,0.0]]],
[[[119.1992,-8.6978,0.4661],[119.2004,-8.6949,4.0182],[119.1993,-8.6941,0.0],[119.1988,-8.6955,0.0],[119.1992,-8.6978,0.4661]]],
[[[118.0137,-8.6943,0.951],[118.0127,-8.692,0.6772],[118.0101,-8.6926,0.0],[118.0116,-8.6941,2.3131],[118.0137,-8.6943,0.951]]],
[[[118.7509,-8.7119,0.0],[118.7505,-8.7128,0.0],[118.7523,-8.7123,2.2716],[118.752,-8.7118,2.2716],[118.7509,-8.7119,0.0]]],
[[[116.7685,-8.7094,14.3747],[116.768,-8.7117,18.3964],[116.7697,-8.7124,18.3964],[116.7736,-8.7075,11.6111],[116.7711,-8.7062,0.0],[116.7685,-8.7094,14.3747]]],
[[[119.1756,-8.6904,0.0],[119.1747,-8.6895,0.0],[119.1735,-8.6895,0.0],[119.1739,-8.6908,6.0681],[119.1756,-8.6904,0.0]]],
[[[119.2218,-8.6891,3.6377],[119.2213,-8.689,3.6377],[119.2214,-8.6897,0.0],[119.2218,-8.6897,0.0],[119.2218,-8.6891,3.6377]]],
[[[116.7695,-8.6895,0.0],[116.771,-8.6891,10.359],[116.7711,-8.6878,0.0],[116.77,-8.6878,0.0],[116.7695,-8.6895,0.0]]],
[[[116.7265,-8.6876,38.388],[116.7296,-8.6838,0.0],[116.7242,-8.6867,0.0],[116.7251,-8.6883,0.0],[116.7265,-8.6876,38.388]]],
[[[116.7306,-8.6836,0.0],[116.7317,-8.6822,0.0],[116.7317,-8.6816,0.0],[116.7299,-8.6824,0.0],[116.7306,-8.6836,0.0]]],
[[[119.2434,-8.6749,0.0],[119.2434,-8.6746,0.0],[119.2431,-8.6744,0.1756],[119.243,-8.6749,0.0],[119.2434,-8.6749,0.0]]],
[[[117.8444,-8.686,0.0],[117.845,-8.6854,0.0],[117.8435,-8.6845,0.0],[117.8434,-8.6853,0.0],[117.8444,-8.686,0.0]]],
[[[118.006,-8.6839,0.0],[118.0069,-8.6858,13.0657],[118.0092,-8.6863,0.0],[118.0085,-8.6845,0.0],[118.006,-8.6839,0.0]]],
[[[119.2435,-8.6743,0.1814],[119.2437,-8.6742,0.1814],[119.2434,-8.6739,0.1814],[119.2434,-8.674,0.1814],[119.2435,-8.6743,0.1814]]],
[[[119.2424,-8.6737,0.1756],[119.2427,-8.6737,0.1756],[119.2427,-8.6733,0.1756],[119.2425,-8.6735,0.1756],[119.2424,-8.6737,0.1756]]],
[[[119.2381,-8.672,0.0],[119.2381,-8.6716,0.0],[119.2377,-8.6716,0.0],[119.2377,-8.6721,0.0],[119.2381,-8.672,0.0]]],
[[[119.2397,-8.6723,0.3132],[119.2403,-8.6731,0.0],[119.2409,-8.6725,0.3132],[119.2407,-8.672,0.3132],[119.2397,-8.6723,0.3132]]],
[[[119.2457,-8.672,0.839],[119.2468,-8.6736,0.0],[119.2478,-8.6736,0.0],[119.2471,-8.6723,0.839],[119.2457,-8.672,0.839]]],
[[[119.2425,-8.6731,0.1756],[119.2424,-8.6727,0.9395],[119.2419,-8.6733,0.1756],[119.2421,-8.6734,0.1756],[119.2425,-8.6731,0.1756]]],
[[[119.2493,-8.6727,22.8949],[119.2509,-8.6717,12.2644],[119.2472,-8.6715,0.839],[119.2487,-8.6727,22.8949],[119.2493,-8.6727,22.8949]]],
[[[119.2419,-8.6711,0.0],[119.2409,-8.6712,0.0],[119.2412,-8.6721,0.9395],[119.2419,-8.6718,0.9395],[119.2419,-8.6711,0.0]]],
[[[115.9618,-8.724,0.0],[115.9623,-8.7209,0.0],[115.9612,-8.7206,0.0],[115.9604,-8.7233,2.1753],[115.9618,-8.724,0.0]]],
[[[116.0135,-8.7201,10.3566],[116.013,-8.7241,13.9272],[116.0173,-8.7251,0.0],[116.0153,-8.7189,0.0],[116.0135,-8.7201,10.3566]]],
[[[118.7742,-8.7205,0.0],[118.7742,-8.7202,0.0],[118.774,-8.7203,0.0],[118.774,-8.7206,0.0],[118.7742,-8.7205,0.0]]],
[[[115.9143,-8.7171,4.9199],[115.9154,-8.7209,2.9369],[115.9179,-8.7202,0.0],[115.9174,-8.7158,0.0],[115.9138,-8.7139,0.0],[115.9143,-8.7171,4.9199]]],
[[[116.0071,-8.7169,9.3135],[116.0085,-8.7192,10.3703],[116.0114,-8.7196,0.0],[116.011,-8.7168,0.0],[116.0087,-8.7148,1.2037],[116.0071,-8.7169,9.3135]]],
[[[119.2449,-8.6711,0.0],[119.2448,-8.6707,0.0],[119.2444,-8.6711,0.0],[119.2446,-8.6714,0.0],[119.2449,-8.6711,0.0]]],
[[[119.2378,-8.6712,0.0],[119.2378,-8.6707,0.0],[119.2371,-8.6709,0.0],[119.2373,-8.6714,0.0],[119.2378,-8.6712,0.0]]],
[[[119.2306,-8.6587,9.4559],[119.2266,-8.6526,0.0],[119.2228,-8.6535,2.9351],[119.2235,-8.6558,4.3102],[119.2193,-8.6608,3.4563],[119.2177,-8.6558,5.412],[119.2158,-8.6544,0.0],[119.217,-8.6585,6.7623],[119.2143,-8.6598,5.0964],[119.2138,-8.6629,3.1207],[119.2171,-8.6641,18.6636],[119.2166,-8.6699,11.0109],[119.2123,-8.6723,21.7629],[119.2082,-8.6724,0.0],[119.2096,-8.6762,0.0],[119.2115,-8.6743,33.7515],[119.2152,-8.6772,26.211],[119.2146,-8.6835,0.0],[119.2222,-8.6841,2.5283],[119.2219,-8.6889,3.6377],[119.2233,-8.6904,0.3792],[119.2237,-8.6831,0.411],[119.2225,-8.683,2.5283],[119.2222,-8.6788,14.7227],[119.2291,-8.6747,26.706],[119.2312,-8.6786,2.4782],[119.2335,-8.6791,0.0],[119.232,-8.6764,4.4031],[119.2326,-8.671,32.2557],[119.2349,-8.6686,11.8998],[119.2385,-8.6692,2.4816],[119.2391,-8.6636,0.0],[119.2351,-8.6635,7.7375],[119.2306,-8.6587,9.4559]]],
[[[117.973,-8.6138,3.4121],[117.9625,-8.6105,3.691],[117.9502,-8.6138,0.0],[117.9571,-8.6154,4.3416],[117.9551,-8.6188,7.4823],[117.9601,-8.6182,3.0649],[117.9614,-8.6197,3.5604],[117.9569,-8.6246,0.0],[117.9574,-8.6268,20.5731],[117.9538,-8.6299,0.4456],[117.9599,-8.6303,2.0002],[117.9673,-8.6277,19.147],[117.9707,-8.6305,0.6208],[117.9682,-8.6345,8.1274],[117.9697,-8.6366,17.5524],[117.972,-8.638,0.0],[117.974,-8.6363,0.9633],[117.9781,-8.6367,11.3604],[117.9793,-8.6393,2.1007],[117.9737,-8.6484,7.5859],[117.9648,-8.6475,0.0],[117.9664,-8.6509,12.5796],[117.9613,-8.6562,5.367],[117.9621,-8.6607,3.8509],[117.9548,-8.6662,0.0],[117.9583,-8.6702,9.3805],[117.9642,-8.6709,11.8149],[117.965,-8.6661,16.4876],[117.97,-8.6641,1.2631],[117.9708,-8.6587,3.0386],[117.974,-8.6584,2.7103],[117.9779,-8.6606,6.6746],[117.9815,-8.6572,12.596],[117.9837,-8.6571,2.6121],[117.9862,-8.6601,0.0],[117.988,-8.6565,0.0],[117.9873,-8.6502,1.8846],[117.9898,-8.6479,1.5342],[117.9914,-8.6527,0.0],[117.9943,-8.6548,3.6921],[117.9934,-8.6582,8.4838],[117.995,-8.6626,2.895],[117.9879,-8.668,0.0],[117.9879,-8.672,0.8241],[117.9782,-8.6855,11.5911],[117.9781,-8.6913,3.1319],[117.9825,-8.691,4.5766],[117.9882,-8.686,11.5634],[117.9939,-8.6911,22.4651],[117.9972,-8.6875,5.3505],[117.999,-8.6876,14.1987],[118.0012,-8.6927,37.3713],[118.0032,-8.6933,0.0],[118.0041,-8.6904,12.5389],[118.0018,-8.6843,6.3584],[118.0055,-8.6794,7.063],[118.0113,-8.6783,0.0],[118.0068,-8.6748,4.7125],[118.0087,-8.6721,1.1607],[118.0078,-8.6689,5.2243],[118.0024,-8.6643,0.0],[118.0051,-8.6618,0.5227],[118.0053,-8.6585,0.9864],[118.0033,-8.6568,1.9133],[118.0003,-8.6575,1.5966],[117.9972,-8.6516,1.9895],[117.9973,-8.6459,3.302],[117.9993,-8.6455,0.0],[117.9977,-8.6414,2.7788],[118.0004,-8.6394,0.0],[117.9998,-8.6371,0.0],[118.003,-8.6374,0.5603],[118.005,-8.6334,0.0],[118.0033,-8.6286,0.8639],[117.9987,-8.6273,0.0],[117.9959,-8.6345,0.0],[117.9897,-8.6349,14.3214],[117.9885,-8.6334,1.9416],[117.9913,-8.6319,4.4797],[117.9912,-8.6304,15.0834],[117.9876,-8.6288,13.0194],[117.9872,-8.6268,4.3365],[117.9799,-8.6293,0.0],[117.9763,-8.6275,0.0],[117.9761,-8.6233,0.0],[117.984,-8.619,0.0],[117.9786,-8.6161,0.5889],[117.978,-8.6114,0.0],[117.973,-8.6138,3.4121]]],
[[[117.0542,-9.1063,0.0],[117.054,-9.1052,0.0],[117.0532,-9.1052,0.0],[117.0536,-9.1064,0.0],[117.0542,-9.1063,0.0]]],
[[[116.9926,-9.0902,0.0],[116.9925,-9.0897,0.0],[116.9921,-9.0899,0.0],[116.9922,-9.0903,0.0],[116.9926,-9.0902,0.0]]],
[[[117.3835,-9.0512,19.7009],[117.3835,-9.051,19.7009],[117.3832,-9.0509,19.7009],[117.3831,-9.0512,19.7009],[117.3835,-9.0512,19.7009]]],
[[[116.734,-8.9746,0.0],[116.7337,-8.975,0.0],[116.7343,-8.9753,0.0],[116.7344,-8.9746,0.0],[116.734,-8.9746,0.0]]],
[[[116.3753,-8.9553,5.5602],[116.3752,-8.955,5.5602],[116.3749,-8.9548,5.5602],[116.3748,-8.9552,5.5602],[116.3753,-8.9553,5.5602]]],
[[[116.3641,-8.9542,0.0],[116.3643,-8.9543,0.0],[116.3645,-8.9543,0.0],[116.3644,-8.9541,0.0],[116.3641,-8.9542,0.0]]],
[[[116.3676,-8.9527,0.0],[116.3678,-8.9523,0.0],[116.3677,-8.9522,0.0],[116.3674,-8.9528,0.0],[116.3676,-8.9527,0.0]]],
[[[116.3659,-8.954,0.0],[116.3664,-8.9546,0.0],[116.3673,-8.9532,0.0],[116.3659,-8.9533,0.0],[116.3659,-8.954,0.0]]],
[[[116.3912,-8.9512,14.9594],[116.3914,-8.9509,14.9594],[116.3914,-8.9508,14.9594],[116.391,-8.9511,0.0],[116.3912,-8.9512,14.9594]]],
[[[116.3956,-8.9498,0.0],[116.3951,-8.9498,13.2158],[116.3955,-8.9505,0.0],[116.3958,-8.9503,0.0],[116.3956,-8.9498,0.0]]],
[[[116.3972,-8.9381,25.3741],[116.397,-8.9377,55.4661],[116.3966,-8.9384,25.3741],[116.397,-8.9386,25.3741],[116.3972,-8.9381,25.3741]]],
[[[116.4939,-8.9373,0.0],[116.4939,-8.9377,0.0],[116.4945,-8.9375,0.0],[116.4942,-8.9372,0.0],[116.4939,-8.9373,0.0]]],
[[[116.3499,-8.9314,0.0],[116.3498,-8.9308,0.0],[116.3492,-8.9316,0.0],[116.3496,-8.9315,0.0],[116.3499,-8.9314,0.0]]],
[[[116.4992,-8.9269,3.2096],[116.4987,-8.926,0.0],[116.4968,-8.9274,1.4895],[116.4981,-8.9281,0.0],[116.4992,-8.9269,3.2096]]],
[[[116.4732,-8.9237,0.0],[116.4733,-8.9239,0.0],[116.4735,-8.9238,0.0],[116.4735,-8.9237,0.0],[116.4732,-8.9237,0.0]]],
[[[116.0023,-8.9222,0.0],[116.0023,-8.922,0.0],[116.0021,-8.922,0.0],[116.0021,-8.9224,0.0],[116.0023,-8.9222,0.0]]],
[[[116.3289,-8.9221,0.0],[116.3291,-8.9221,0.0],[116.3293,-8.922,0.0],[116.3291,-8.9218,0.0],[116.3289,-8.9221,0.0]]],
[[[116.4849,-8.9202,0.0],[116.4849,-8.9203,0.0],[116.485,-8.9204,0.0],[116.485,-8.9203,0.0],[116.4849,-8.9202,0.0]]],
[[[116.4848,-8.92,0.0],[116.4848,-8.9202,0.0],[116.485,-8.92,0.0],[116.4849,-8.9199,0.0],[116.4848,-8.92,0.0]]],
[[[116.5026,-8.9198,0.0],[116.5032,-8.9187,0.0],[116.5014,-8.9183,0.0],[116.5011,-8.9194,0.0],[116.5026,-8.9198,0.0]]],
[[[116.3286,-8.9216,0.0],[116.3298,-8.9215,0.0],[116.3297,-8.9197,0.0],[116.328,-8.9219,0.0],[116.3286,-8.9216,0.0]]],
[[[116.2931,-8.9159,0.0],[116.2933,-8.9159,0.0],[116.2934,-8.9157,0.0],[116.2932,-8.9156,0.0],[116.2931,-8.9159,0.0]]],
[[[116.1833,-8.9142,6.9412],[116.1836,-8.9139,6.9412],[116.1831,-8.9138,0.0],[116.1831,-8.914,0.0],[116.1833,-8.9142,6.9412]]],
[[[116.2762,-8.9135,0.0],[116.2763,-8.9133,0.0],[116.276,-8.9133,0.0],[116.276,-8.9134,0.0],[116.2762,-8.9135,0.0]]],
[[[116.1863,-8.9134,0.0],[116.1865,-8.9135,0.0],[116.1867,-8.9129,5.5491],[116.1864,-8.9132,0.0],[116.1863,-8.9134,0.0]]],
[[[116.188,-8.9142,0.0],[116.1878,-8.9139,0.0],[116.1876,-8.9146,0.0],[116.1879,-8.9146,0.0],[116.188,-8.9142,0.0]]],
[[[116.2004,-8.913,0.0],[116.2001,-8.9135,0.0],[116.2005,-8.9139,0.0],[116.2008,-8.9126,0.0],[116.2004,-8.913,0.0]]],
[[[116.2354,-8.9165,0.0],[116.2345,-8.9173,0.0],[116.2346,-8.918,0.0],[116.2354,-8.9171,0.0],[116.2354,-8.9165,0.0]]],
[[[116.2249,-8.9163,0.0],[116.2254,-8.9167,0.0],[116.2246,-8.9154,0.0],[116.2248,-8.9163,0.0],[116.2249,-8.9163,0.0]]],
[[[116.4874,-8.9232,0.0],[116.4876,-8.9216,0.0],[116.4856,-8.9217,0.0],[116.4858,-8.9233,0.0],[116.4874,-8.9232,0.0]]],
[[[116.4463,-8.9219,0.0],[116.4459,-8.9217,0.0],[116.4457,-8.9221,0.0],[116.446,-8.9222,0.0],[116.4463,-8.9219,0.0]]],
[[[116.2718,-8.9105,8.0502],[116.2717,-8.9105,0.0],[116.2716,-8.9108,0.0],[116.2719,-8.9108,8.0502],[116.2718,-8.9105,8.0502]]],
[[[116.2995,-8.9106,1.5286],[116.3005,-8.9108,1.5286],[116.3006,-8.9106,0.0],[116.2998,-8.9104,1.5286],[116.2995,-8.9106,1.5286]]],
[[[116.2566,-8.9077,0.0],[116.2568,-8.9075,0.0],[116.2566,-8.9073,0.0],[116.2565,-8.9075,0.0],[116.2566,-8.9077,0.0]]],
[[[116.2171,-8.9084,0.0],[116.2173,-8.9084,0.0],[116.2172,-8.9082,0.0],[116.2171,-8.9082,0.0],[116.2171,-8.9084,0.0]]],
[[[116.2169,-8.9107,0.0],[116.2173,-8.9101,0.0],[116.2168,-8.9097,0.0],[116.2166,-8.9102,0.0],[116.2169,-8.9107,0.0]]],
[[[116.2202,-8.9095,4.6398],[116.2202,-8.9097,0.0],[116.2205,-8.9099,0.0],[116.2206,-8.9096,0.0],[116.2202,-8.9095,4.6398]]],
[[[116.2174,-8.9099,0.0],[116.2175,-8.91,0.0],[116.2176,-8.9101,0.0],[116.2175,-8.9097,0.0],[116.2174,-8.9099,0.0]]],
[[[116.2193,-8.9099,0.0],[116.2194,-8.9097,0.0],[116.2192,-8.9096,0.0],[116.2193,-8.9099,0.0]]],
[[[116.2174,-8.9097,0.0],[116.2176,-8.9095,0.0],[116.2176,-8.9094,0.0],[116.2175,-8.9094,0.0],[116.2174,-8.9097,0.0]]],
[[[116.2168,-8.9093,0.0],[116.2166,-8.9095,0.0],[116.2165,-8.9098,0.0],[116.2167,-8.9098,0.0],[116.2168,-8.9093,0.0]]],
[[[116.2535,-8.91,8.2253],[116.2555,-8.9106,0.0],[116.2564,-8.9093,0.0],[116.2543,-8.9076,0.0],[116.2535,-8.91,8.2253]]],
[[[116.219,-8.9091,4.6398],[116.219,-8.9092,4.6398],[116.2192,-8.9096,0.0],[116.2193,-8.9093,4.6398],[116.219,-8.9091,4.6398]]],
[[[116.217,-8.9091,0.0],[116.2174,-8.9092,0.0],[116.2174,-8.909,0.0],[116.2172,-8.9089,0.0],[116.217,-8.9091,0.0]]],
[[[116.218,-8.9093,0.0],[116.2179,-8.9088,0.0],[116.2177,-8.9088,0.0],[116.2177,-8.9091,0.0],[116.218,-8.9093,0.0]]],
[[[116.2174,-8.9085,0.0],[116.2173,-8.9087,0.0],[116.2175,-8.9088,0.0],[116.2175,-8.9086,0.0],[116.2174,-8.9085,0.0]]],
[[[116.2977,-8.9117,0.0],[116.2973,-8.9112,0.0],[116.2971,-8.9113,0.0],[116.2972,-8.9119,0.0],[116.2977,-8.9117,0.0]]],
[[[116.3007,-8.9115,0.0],[116.3009,-8.9111,0.0],[116.3006,-8.911,0.0],[116.3004,-8.9113,0.0],[116.3007,-8.9115,0.0]]],
[[[116.1911,-8.9128,2.9392],[116.1913,-8.9121,2.9392],[116.1911,-8.912,2.9392],[116.191,-8.9127,2.9392],[116.1911,-8.9128,2.9392]]],
[[[116.1808,-8.9123,0.0],[116.1809,-8.9121,0.0],[116.1808,-8.9119,0.0],[116.1808,-8.9121,0.0],[116.1808,-8.9123,0.0]]],
[[[116.1791,-8.9122,0.0],[116.1792,-8.9121,0.0],[116.179,-8.9118,0.0],[116.1789,-8.9119,0.0],[116.1791,-8.9122,0.0]]],
[[[116.188,-8.9125,2.1071],[116.1882,-8.9123,2.1071],[116.1882,-8.9121,2.1071],[116.1878,-8.9122,2.1071],[116.188,-8.9125,2.1071]]],
[[[116.2776,-8.9125,0.9345],[116.2777,-8.9124,0.9345],[116.2778,-8.9121,0.9345],[116.2776,-8.9121,0.9345],[116.2776,-8.9125,0.9345]]],
[[[116.1898,-8.9123,2.9392],[116.1898,-8.9122,2.9392],[116.1897,-8.9124,2.9392],[116.1898,-8.9124,2.9392],[116.1898,-8.9123,2.9392]]],
[[[116.2005,-8.9121,0.0],[116.2003,-8.9119,0.0],[116.2004,-8.9123,0.0],[116.2005,-8.9121,0.0]]],
[[[116.2159,-8.9117,0.0],[116.2158,-8.9117,0.0],[116.2159,-8.9123,0.0],[116.216,-8.9118,0.0],[116.2159,-8.9117,0.0]]],
[[[116.3715,-8.911,0.0],[116.3718,-8.9094,0.0],[116.3708,-8.9087,0.0],[116.37,-8.912,9.3707],[116.3715,-8.911,0.0]]],
[[[116.3018,-8.9115,0.0],[116.3013,-8.9121,0.0],[116.3018,-8.9124,0.0],[116.302,-8.912,0.0],[116.3018,-8.9115,0.0]]],
[[[116.3052,-8.912,0.0],[116.3052,-8.9115,0.0],[116.3047,-8.9117,0.0],[116.3048,-8.9122,0.0],[116.3052,-8.912,0.0]]],
[[[116.278,-8.9119,0.0],[116.2779,-8.9119,0.9345],[116.2779,-8.9123,0.9345],[116.2781,-8.9121,0.0],[116.278,-8.9119,0.0]]],
[[[116.2745,-8.9121,9.948],[116.2746,-8.912,9.948],[116.2746,-8.9119,9.948],[116.2743,-8.912,9.948],[116.2745,-8.9121,9.948]]],
[[[116.0061,-8.9059,0.0],[116.006,-8.9064,0.0],[116.0066,-8.906,0.0],[116.0065,-8.9058,0.0],[116.0061,-8.9059,0.0]]],
[[[117.9578,-8.9064,0.0],[117.958,-8.9047,0.0],[117.9569,-8.9036,38.2683],[117.9571,-8.9061,0.0],[117.9578,-8.9064,0.0]]],
[[[116.2962,-8.9064,0.0],[116.2964,-8.9066,0.0],[116.2966,-8.9062,0.0],[116.2963,-8.9061,0.0],[116.2962,-8.9064,0.0]]],
[[[116.1617,-8.9057,9.4713],[116.1617,-8.9058,9.4713],[116.1618,-8.9057,9.4713],[116.1617,-8.9057,9.4713]]],
[[[116.005,-8.9034,1.372],[116.0041,-8.9038,0.0],[116.0042,-8.9042,0.0],[116.0054,-8.9038,1.372],[116.005,-8.9034,1.372]]],
[[[116.1626,-8.9042,0.0],[116.1624,-8.9043,0.0],[116.1626,-8.9043,0.0],[116.1626,-8.9042,0.0]]],
[[[116.0051,-8.9028,22.3708],[116.005,-8.9028,22.3708],[116.0049,-8.903,1.372],[116.0052,-8.9029,22.3708],[116.0051,-8.9028,22.3708]]],
[[[116.0729,-8.8998,0.0],[116.0731,-8.8998,0.0],[116.0733,-8.8996,0.0],[116.0729,-8.8996,0.0],[116.0729,-8.8998,0.0]]],
[[[116.0175,-8.9009,0.6507],[116.0176,-8.9012,0.6507],[116.0178,-8.9012,0.6507],[116.0179,-8.9011,0.6507],[116.0175,-8.9009,0.6507]]],
[[[116.0035,-8.9018,2.1078],[116.0029,-8.9013,2.1078],[116.0027,-8.9023,2.1078],[116.0033,-8.9021,2.1078],[116.0035,-8.9018,2.1078]]],
[[[116.0181,-8.9016,0.0],[116.018,-8.9014,0.0],[116.0178,-8.9012,0.6507],[116.0177,-8.9014,0.0],[116.0181,-8.9016,0.0]]],
[[[116.0209,-8.9026,16.2657],[116.0209,-8.9022,16.2657],[116.0206,-8.9022,7.9502],[116.0207,-8.9026,7.9502],[116.0209,-8.9026,16.2657]]],
[[[116.0197,-8.9024,7.9502],[116.0197,-8.9021,7.9502],[116.0192,-8.9023,7.9502],[116.0195,-8.9026,7.9502],[116.0197,-8.9024,7.9502]]],
[[[116.0185,-8.9023,0.0],[116.0188,-8.9023,7.9502],[116.0185,-8.902,0.0],[116.0184,-8.9021,0.0],[116.0185,-8.9023,0.0]]],
[[[116.0244,-8.9018,1.2118],[116.0244,-8.9022,1.2118],[116.0246,-8.9023,1.2118],[116.0247,-8.902,1.2118],[116.0244,-8.9018,1.2118]]],
[[[116.161,-8.9022,0.0],[116.1612,-8.9022,0.0],[116.1613,-8.9019,0.0],[116.161,-8.9019,0.0],[116.161,-8.9022,0.0]]],
[[[116.0195,-8.9018,7.9502],[116.0195,-8.9016,7.9502],[116.0192,-8.9015,7.9502],[116.0193,-8.902,7.9502],[116.0195,-8.9018,7.9502]]],
[[[116.023,-8.9041,0.6419],[116.024,-8.9044,0.6419],[116.0235,-8.9031,0.6419],[116.0231,-8.9036,0.6419],[116.023,-8.9041,0.6419]]],
[[[116.0197,-8.9035,0.0],[116.0195,-8.9033,0.0],[116.0196,-8.9038,0.0],[116.0197,-8.9035,0.0]]],
[[[116.1619,-8.9033,0.0],[116.162,-8.9029,0.0],[116.1618,-8.9029,0.0],[116.1615,-8.9033,0.0],[116.1619,-8.9033,0.0]]],
[[[116.0768,-8.8961,8.3461],[116.0769,-8.897,0.0],[116.0778,-8.8962,8.3461],[116.0771,-8.8959,8.3461],[116.0768,-8.8961,8.3461]]],
[[[116.1609,-8.8962,8.4871],[116.161,-8.8964,2.0746],[116.161,-8.8961,8.4871],[116.1609,-8.8962,8.4871]]],
[[[116.156,-8.8927,0.0],[116.1559,-8.8929,0.0],[116.1563,-8.893,0.0],[116.1561,-8.8928,0.0],[116.156,-8.8927,0.0]]],
[[[116.1583,-8.8954,0.0],[116.1577,-8.8958,0.0],[116.1585,-8.8962,0.0],[116.1587,-8.8956,7.8654],[116.1583,-8.8954,0.0]]],
[[[115.9867,-8.8899,0.0],[115.9865,-8.8906,0.0],[115.9876,-8.891,0.0],[115.9873,-8.8899,0.0],[115.9867,-8.8899,0.0]]],
[[[116.0843,-8.8893,0.3594],[116.0838,-8.8879,0.0],[116.0825,-8.8877,0.0],[116.0826,-8.8892,0.3594],[116.0843,-8.8893,0.3594]]],
[[[116.5084,-8.888,0.0],[116.5087,-8.888,0.0],[116.5085,-8.8877,0.0],[116.5083,-8.8877,1.0608],[116.5084,-8.888,0.0]]],
[[[116.5131,-8.8872,0.0],[116.5135,-8.8873,0.0],[116.5135,-8.887,0.0],[116.5133,-8.8869,0.0],[116.5131,-8.8872,0.0]]],
[[[116.5148,-8.8833,0.0],[116.514,-8.8835,0.8872],[116.514,-8.8852,0.0],[116.5142,-8.8852,0.0],[116.5148,-8.8833,0.0]]],
[[[115.9805,-8.8842,1.1869],[115.9814,-8.8836,1.1869],[115.9808,-8.8822,0.0],[115.9798,-8.8833,1.1869],[115.9805,-8.8842,1.1869]]],
[[[116.1476,-8.8811,0.0],[116.1467,-8.8816,0.0],[116.1466,-8.8828,0.0],[116.1479,-8.882,0.0],[116.1476,-8.8811,0.0]]],
[[[116.5026,-8.8873,0.3909],[116.502,-8.8872,2.3522],[116.5021,-8.8878,2.3522],[116.5023,-8.8878,0.3909],[116.5026,-8.8873,0.3909]]],
[[[116.098,-8.8809,0.0],[116.0979,-8.8806,0.0],[116.0976,-8.8807,0.0],[116.0977,-8.881,0.0],[116.098,-8.8809,0.0]]],
[[[116.0963,-8.8802,0.0],[116.0963,-8.8804,0.0],[116.0975,-8.8806,0.0],[116.0969,-8.88,0.0],[116.0963,-8.8802,0.0]]],
[[[115.9748,-8.8798,0.0],[115.9753,-8.8803,0.0],[115.9748,-8.8792,3.6486],[115.974,-8.8801,0.0],[115.9742,-8.8802,0.0],[115.9748,-8.8798,0.0]]],
[[[116.0825,-8.8761,0.0],[116.0819,-8.8762,0.0],[116.0818,-8.8765,0.0],[116.0826,-8.8769,0.0],[116.0825,-8.8761,0.0]]],
[[[116.0969,-8.8731,0.0],[116.0962,-8.873,0.0],[116.0969,-8.8745,0.0],[116.0972,-8.8742,0.0],[116.0969,-8.8731,0.0]]],
[[[116.0957,-8.8734,0.0],[116.0959,-8.8732,0.0],[116.0956,-8.8729,0.0],[116.0955,-8.8731,0.0],[116.0957,-8.8734,0.0]]],
[[[116.0398,-8.8707,0.0],[116.0391,-8.8708,0.0],[116.0388,-8.8719,0.0],[116.0397,-8.8717,0.0],[116.0398,-8.8707,0.0]]],
[[[116.0388,-8.8712,0.0],[116.0389,-8.8712,0.0],[116.039,-8.8711,0.0],[116.0388,-8.8711,0.0],[116.0388,-8.8712,0.0]]],
[[[115.9597,-8.8686,0.0],[115.9604,-8.8686,0.0],[115.9608,-8.8679,0.0],[115.9599,-8.8682,0.0],[115.9597,-8.8686,0.0]]],
[[[115.9609,-8.8624,0.0],[115.9614,-8.8624,0.0],[115.9622,-8.8616,0.0],[115.9611,-8.8618,0.0],[115.9609,-8.8624,0.0]]],
[[[115.9618,-8.8614,0.0],[115.962,-8.8612,5.2683],[115.9619,-8.8611,5.2683],[115.9616,-8.8612,5.2683],[115.9618,-8.8614,0.0]]],
[[[115.9607,-8.8608,0.0],[115.9608,-8.8614,0.0],[115.9614,-8.8607,5.2683],[115.9613,-8.8606,5.2683],[115.9607,-8.8608,0.0]]],
[[[115.9595,-8.8606,0.0],[115.9592,-8.8605,0.0],[115.9589,-8.8608,0.0],[115.9592,-8.8609,0.0],[115.9595,-8.8606,0.0]]],
[[[115.9946,-8.8995,0.0],[115.994,-8.8978,0.0],[115.9926,-8.8982,13.5915],[115.9931,-8.901,1.1968],[115.9946,-8.8995,0.0]]],
[[[116.561,-8.8986,0.0],[116.5605,-8.8982,0.0],[116.5601,-8.8988,0.0],[116.5607,-8.8993,0.0],[116.561,-8.8986,0.0]]],
[[[116.0497,-8.8987,0.0],[116.0498,-8.8975,0.0],[116.0494,-8.8972,0.0],[116.0489,-8.8987,0.0],[116.0497,-8.8987,0.0]]],
[[[116.1622,-8.8988,1.0987],[116.162,-8.8988,1.0987],[116.1619,-8.8993,1.0987],[116.1622,-8.8993,1.0987],[116.1622,-8.8988,1.0987]]],
[[[116.1624,-8.8989,1.0987],[116.1623,-8.8992,1.0987],[116.1624,-8.8993,1.0987],[116.1625,-8.8988,1.0987],[116.1624,-8.8989,1.0987]]],
[[[116.5724,-8.8602,0.0],[116.5723,-8.8597,0.0],[116.5717,-8.8597,0.0],[116.5717,-8.8601,0.0],[116.5724,-8.8602,0.0]]],
[[[115.9563,-8.8596,0.0],[115.9557,-8.8595,0.0],[115.9556,-8.8598,0.0],[115.956,-8.8598,0.0],[115.9563,-8.8596,0.0]]],
[[[115.9567,-8.8591,0.0],[115.9571,-8.8586,6.4626],[115.9557,-8.859,0.0],[115.9561,-8.8592,0.0],[115.9567,-8.8591,0.0]]],
[[[116.5714,-8.8552,0.0],[116.5713,-8.8556,0.0],[116.5717,-8.8556,0.0],[116.5716,-8.8552,0.0],[116.5714,-8.8552,0.0]]],
[[[116.5712,-8.8548,0.0],[116.5719,-8.8545,1.3783],[116.5707,-8.8537,1.3783],[116.5708,-8.8545,1.3783],[116.5712,-8.8548,0.0]]],
[[[115.9476,-8.8537,0.0],[115.9484,-8.854,0.0],[115.9486,-8.8531,0.0],[115.9482,-8.8528,2.769],[115.9476,-8.8537,0.0]]],
[[[115.947,-8.8525,2.769],[115.9467,-8.8527,2.769],[115.947,-8.853,0.0],[115.9471,-8.8526,2.769],[115.947,-8.8525,2.769]]],
[[[115.9218,-8.8496,0.0],[115.922,-8.8491,0.0],[115.9219,-8.849,0.0],[115.9216,-8.8494,0.0],[115.9218,-8.8496,0.0]]],
[[[115.9451,-8.8487,0.0],[115.9449,-8.8485,0.0],[115.9446,-8.8487,0.0],[115.9448,-8.8489,0.0],[115.9451,-8.8487,0.0]]],
[[[115.9459,-8.849,0.0],[115.9456,-8.8491,0.0],[115.9459,-8.8495,0.0],[115.9462,-8.8493,0.0],[115.9459,-8.849,0.0]]],
[[[115.9459,-8.8482,0.0],[115.9457,-8.848,0.0],[115.9454,-8.8482,0.0],[115.9456,-8.8484,0.0],[115.9459,-8.8482,0.0]]],
[[[115.9193,-8.8462,1.2217],[115.9193,-8.8463,0.0],[115.9196,-8.8466,0.0],[115.9195,-8.846,1.2217],[115.9193,-8.8462,1.2217]]],
[[[115.921,-8.8463,-0.0652],[115.9202,-8.8465,-0.0652],[115.9207,-8.8474,-0.0652],[115.9214,-8.8466,-0.0652],[115.921,-8.8463,-0.0652]]],
[[[115.9222,-8.8468,0.0],[115.9222,-8.8467,0.0],[115.9219,-8.8463,-0.0652],[115.9217,-8.8467,-0.0652],[115.9222,-8.8468,0.0]]],
[[[115.9461,-8.8519,0.0],[115.9457,-8.8521,0.0],[115.9459,-8.8525,0.0],[115.9462,-8.8522,0.0],[115.9461,-8.8519,0.0]]],
[[[116.4163,-8.8514,3.8375],[116.4166,-8.8521,3.8375],[116.4169,-8.8513,3.8375],[116.4157,-8.8508,2.9929],[116.4163,-8.8514,3.8375]]],
[[[115.91936,-8.84516,1.2217],[115.9193,-8.8452,1.2217],[115.9192,-8.8454,1.2217],[115.91936,-8.84516,1.2217]]],
[[[115.91936,-8.84516,1.2217],[115.9196,-8.845,1.2217],[115.9196,-8.8448,1.2217],[115.91936,-8.84516,1.2217]]],
[[[115.9127,-8.8438,0.0],[115.9128,-8.8438,0.0],[115.9132,-8.8435,0.0],[115.9127,-8.8435,0.0],[115.9127,-8.8438,0.0]]],
[[[116.499,-8.8432,1.2284],[116.4986,-8.843,1.2284],[116.4978,-8.8431,0.0],[116.4984,-8.8439,1.2284],[116.499,-8.8432,1.2284]]],
[[[115.9394,-8.8451,0.0],[115.9398,-8.8458,0.0],[115.9404,-8.8455,0.0],[115.9401,-8.8445,0.0],[115.9394,-8.8451,0.0]]],
[[[115.913,-8.8452,0.0],[115.9134,-8.8449,0.0],[115.9137,-8.8442,0.0],[115.9129,-8.8446,0.0],[115.913,-8.8452,0.0]]],
[[[115.92019473684211,-8.8441947368421054,4.4621],[115.92016,-8.84422,4.4621],[115.9202,-8.8442,4.4621],[115.92019473684211,-8.8441947368421054,4.4621]]],
[[[115.92016,-8.84422,4.4621],[115.9196,-8.8445,39.711],[115.9197,-8.8442,39.711],[115.92,-8.844,4.4621],[115.92019473684211,-8.8441947368421054,4.4621],[115.9206,-8.8439,4.4621],[115.921,-8.8379,5.7457],[115.925,-8.8344,3.5516],[115.9334,-8.8334,1.3725],[115.9472,-8.8438,5.5646],[115.9483,-8.8465,0.1786],[115.9463,-8.8496,0.0],[115.9472,-8.849,9.0076],[115.9474,-8.8505,15.5441],[115.9459,-8.8512,0.0],[115.9507,-8.8524,48.8052],[115.9514,-8.8549,0.0],[115.9528,-8.8546,0.0],[115.9522,-8.856,0.0],[115.9557,-8.8562,45.44],[115.9601,-8.8607,0.0],[115.9614,-8.8601,5.2683],[115.9636,-8.8619,1.6462],[115.9614,-8.8682,1.1563],[115.9633,-8.8695,24.9383],[115.9662,-8.8684,12.886],[115.9667,-8.8701,0.0],[115.9701,-8.8685,12.7464],[115.9718,-8.8694,14.1208],[115.9726,-8.872,3.6494],[115.9708,-8.8738,0.0],[115.9721,-8.8745,42.0657],[115.972,-8.879,4.8312],[115.975,-8.8773,46.0923],[115.9761,-8.8782,0.0],[115.9764,-8.8768,13.122],[115.9805,-8.877,8.4882],[115.9812,-8.8816,0.0],[115.9833,-8.8821,4.0702],[115.9846,-8.8805,41.7584],[115.9864,-8.883,0.0],[115.9887,-8.8833,22.0092],[115.9881,-8.8848,0.0],[115.9896,-8.8858,0.0],[115.98779999999999,-8.8881,0.0],[115.9894,-8.8898,0.0],[115.991,-8.8903,0.3909],[115.9936,-8.8877,32.5529],[115.9967,-8.8881,6.7371],[115.9982,-8.893,174.7469],[115.9961,-8.8969,2.5591],[116.0027,-8.8977,81.7611],[116.0043,-8.903,1.372],[116.0059,-8.9023,22.3708],[116.0081,-8.9043,1.4331],[116.0172,-8.8994,13.3624],[116.0184,-8.9019,0.0],[116.019,-8.9012,26.1204],[116.0203,-8.902,7.9502],[116.0205,-8.9014,7.9502],[116.0234,-8.9032,0.6419],[116.0218,-8.8994,0.0],[116.0165,-8.898,32.202],[116.0157,-8.8947,2.6015],[116.0192,-8.8899,9.3774],[116.0243,-8.8914,0.0],[116.0241,-8.8894,40.3005],[116.0272,-8.8875,2.3443],[116.0273,-8.8821,9.6354],[116.0216,-8.8762,0.0],[116.0173,-8.8741,3.9506],[116.01,-8.8738,3.8554],[116.0104,-8.8666,4.3933],[116.0129,-8.8631,0.0],[116.0188,-8.8596,3.4755],[116.0213,-8.8605,1.8009],[116.0281,-8.8571,1.8037],[116.0332,-8.8579,4.0073],[116.0346,-8.8588,0.3136],[116.0351,-8.8637,0.0],[116.0371,-8.8645,17.4468],[116.0383,-8.8626,9.5154],[116.0435,-8.8614,0.0],[116.0476,-8.854,2.2905],[116.0533,-8.8534,0.0],[116.0543,-8.8513,0.0],[116.06,-8.8518,3.5992],[116.0642,-8.8555,0.0],[116.0664,-8.8539,1.7337],[116.0731,-8.8565,4.1905],[116.0727,-8.8627,1.9842],[116.0698,-8.8617,0.0],[116.0678,-8.8646,6.3738],[116.0594,-8.8631,1.392],[116.0519,-8.8649,0.7504],[116.0508,-8.8676,1.3261],[116.0447,-8.8704,0.0],[116.0498,-8.8853,12.3464],[116.0565,-8.8829,3.6764],[116.072,-8.8849,0.0],[116.0741,-8.8928,1.7639],[116.0775,-8.8953,8.3461],[116.0785,-8.8933,5.5486],[116.077,-8.8852,3.7589],[116.0794,-8.8832,3.0297],[116.0799,-8.8777,22.0812],[116.0839,-8.8731,0.0],[116.106,-8.8691,14.5854],[116.1075,-8.8725,18.6269],[116.1093,-8.8729,13.7802],[116.1143,-8.8675,39.5068],[116.1178,-8.8668,0.0],[116.1328,-8.87,0.0],[116.1403,-8.8696,0.0],[116.1505,-8.8629,6.5436],[116.1574,-8.8659,1.3503],[116.1617,-8.873,2.1927],[116.1613,-8.8768,2.5758],[116.1598,-8.8759,1.9761],[116.1573,-8.8772,1.4715],[116.1609,-8.8861,34.8142],[116.1564,-8.8936,0.0],[116.1601,-8.895,7.8654],[116.1599,-8.8968,0.0],[116.1606,-8.8956,7.8654],[116.1624,-8.8959,8.4871],[116.1621,-8.8982,1.0987],[116.1646,-8.9006,0.0],[116.1614,-8.9069,15.1906],[116.1633,-8.9083,0.0],[116.1645,-8.906,40.3984],[116.1672,-8.9053,5.5493],[116.1686,-8.9077,0.0],[116.1678,-8.91,0.0],[116.1721,-8.9103,16.3182],[116.1737,-8.9138,1.5735],[116.1759,-8.9137,4.4478],[116.1781,-8.9117,0.0],[116.1809,-8.9113,0.0],[116.1847,-8.9145,6.9412],[116.1872,-8.9113,5.5491],[116.1907,-8.9113,2.9392],[116.194,-8.913,48.8528],[116.1948,-8.9174,0.7906],[116.195,-8.9153,0.908],[116.1992,-8.9114,9.8837],[116.1977,-8.9099,8.0023],[116.1981,-8.9045,0.6972],[116.1998,-8.9027,2.0621],[116.2069,-8.901,1.8436],[116.215,-8.9019,3.1369],[116.2188,-8.9087,4.6398],[116.2246,-8.9093,21.5248],[116.2275,-8.9075,27.5674],[116.2258,-8.9032,3.2472],[116.229,-8.9004,1.7508],[116.2337,-8.904,8.6788],[116.2338,-8.9151,3.2647],[116.239,-8.9173,0.363],[116.245,-8.9133,0.0],[116.2426,-8.9078,16.1635],[116.2433,-8.9054,0.0],[116.2487,-8.9026,2.1808],[116.2514,-8.9027,3.1853],[116.2553,-8.9061,51.8087],[116.2637,-8.9073,15.5734],[116.2682,-8.9104,0.0],[116.2715,-8.9093,34.8802],[116.2763,-8.9131,0.0],[116.2776,-8.9116,0.9345],[116.2756,-8.91,27.0237],[116.2746,-8.9059,0.0],[116.2762,-8.8996,0.0],[116.2748,-8.896,0.0],[116.2761,-8.8936,0.8511],[116.2797,-8.8934,0.0],[116.2911,-8.8973,4.1464],[116.2908,-8.8995,21.4681],[116.2978,-8.9055,0.0],[116.2975,-8.9097,0.0],[116.3003,-8.9104,1.5286],[116.3014,-8.9076,1.7895],[116.3037,-8.9071,1.6115],[116.3145,-8.9086,0.0],[116.3198,-8.9184,16.6389],[116.3191,-8.9213,0.0],[116.3211,-8.9209,1.6887],[116.322,-8.9177,19.9782],[116.324,-8.9173,6.6155],[116.321,-8.9156,19.6552],[116.3199,-8.9117,0.0],[116.3229,-8.9085,1.0639],[116.3275,-8.9088,2.6527],[116.3281,-8.9109,1.1881],[116.3299,-8.9102,1.4005],[116.3314,-8.9116,0.0],[116.3312,-8.916,0.0],[116.3294,-8.9171,39.6778],[116.3304,-8.92,0.0],[116.3329,-8.9152,8.8561],[116.3371,-8.9163,4.1136],[116.3424,-8.922,2.3598],[116.3411,-8.9265,0.0],[116.3466,-8.9305,5.6759],[116.351,-8.9263,15.5885],[116.3468,-8.921,5.1479],[116.3489,-8.9158,0.0],[116.347,-8.9152,14.5082],[116.345,-8.9102,0.7024],[116.3419,-8.9078,0.0],[116.3397,-8.9025,0.0],[116.3408,-8.9001,0.4194],[116.3465,-8.8975,20.1406],[116.3505,-8.9014,0.4222],[116.3507,-8.9051,0.0],[116.3569,-8.9042,2.6576],[116.3587,-8.9064,6.0342],[116.3581,-8.9115,0.0],[116.3591,-8.9092,1.2206],[116.3598,-8.9111,1.3337],[116.3605,-8.9093,10.5395],[116.3662,-8.9093,6.3267],[116.3716,-8.9046,0.0],[116.3771,-8.9041,2.2772],[116.381,-8.9099,8.8829],[116.3665,-8.9251,47.765],[116.367,-8.9302,10.738],[116.3695,-8.9334,22.2817],[116.3695,-8.9401,10.8779],[116.373,-8.9456,30.3643],[116.368,-8.951,0.0],[116.3678,-8.9538,0.0],[116.3721,-8.9505,26.9672],[116.3741,-8.9512,48.3027],[116.3766,-8.9561,5.5602],[116.3804,-8.9557,16.1598],[116.3807,-8.9536,18.0391],[116.3826,-8.9537,0.0],[116.3835,-8.9516,0.0],[116.3827,-8.9502,48.2855],[116.3867,-8.9503,3.3127],[116.3883,-8.9478,6.9173],[116.3903,-8.9475,11.2514],[116.3936,-8.9527,3.8947],[116.3935,-8.9484,11.3359],[116.395,-8.9474,42.7839],[116.3953,-8.9487,0.0],[116.3965,-8.9469,7.2458],[116.3943,-8.9442,28.8279],[116.3962,-8.9438,23.856],[116.3959,-8.9408,26.9199],[116.3978,-8.941,0.0],[116.3958,-8.9393,25.3741],[116.3964,-8.936,25.6682],[116.3977,-8.9365,0.0],[116.3934,-8.9261,0.0],[116.3939,-8.9231,0.0],[116.3978,-8.9147,0.0],[116.3991,-8.9063,0.0],[116.4049,-8.8992,11.0023],[116.4026,-8.8965,25.8246],[116.4027,-8.8938,2.9388],[116.4002,-8.8941,1.2993],[116.398,-8.8907,1.2336],[116.3987,-8.8858,1.1582],[116.3954,-8.8852,2.9788],[116.3944,-8.8777,13.3994],[116.3955,-8.8741,0.0],[116.3912,-8.8717,0.0],[116.3903,-8.8725,0.7654],[116.3901,-8.8697,0.2263],[116.3863,-8.8666,1.5066],[116.3902,-8.8583,0.0],[116.3962,-8.8557,4.6502],[116.4016,-8.8565,17.5662],[116.403,-8.8609,0.0],[116.4011,-8.8647,0.0],[116.4044,-8.8653,1.6332],[116.4034,-8.8619,0.0],[116.4086,-8.8514,0.0],[116.4095,-8.8444,1.1835],[116.4133,-8.8411,5.544],[116.4139,-8.8376,12.2245],[116.416,-8.8379,1.1905],[116.417,-8.8363,1.1905],[116.4117,-8.8289,13.646],[116.4155,-8.8326,2.571],[116.4155,-8.8287,5.9284],[116.4201,-8.83,0.954],[116.4225,-8.827,22.0658],[116.4245,-8.8284,0.0],[116.4258,-8.8255,8.2948],[116.427,-8.8258,6.8741],[116.4321,-8.8328,0.0],[116.4351,-8.8331,15.0729],[116.4354,-8.8378,8.2041],[116.4374,-8.8409,3.5286],[116.439,-8.8395,9.5427],[116.4408,-8.8411,0.5108],[116.4421,-8.8392,2.0578],[116.4406,-8.8337,0.3102],[116.4426,-8.8309,1.8925],[116.4465,-8.8289,3.5252],[116.4522,-8.8321,2.1157],[116.4588,-8.8295,4.2209],[116.4612,-8.8224,2.8173],[116.4637,-8.8216,1.1131],[116.463,-8.8184,4.5848],[116.4655,-8.817,3.092],[116.4665,-8.8221,0.8554],[116.4705,-8.8216,1.4329],[116.4734,-8.8262,1.1301],[116.4775,-8.8235,1.7694],[116.4794,-8.8253,1.8297],[116.4741,-8.8304,1.6804],[116.4686,-8.8313,2.9136],[116.4689,-8.835,0.0],[116.4758,-8.8361,1.5941],[116.4736,-8.8359,1.0758],[116.4739,-8.8391,0.5432],[116.4703,-8.8467,3.4607],[116.4679,-8.8477,0.5677],[116.4659,-8.8465,0.5529],[116.465,-8.8496,1.4118],[116.4616,-8.8494,0.0],[116.459,-8.8512,0.0],[116.4598,-8.8538,2.6777],[116.4577,-8.8568,15.2663],[116.4607,-8.8634,3.1226],[116.4589,-8.8636,1.0887],[116.4574,-8.8718,14.6093],[116.4551,-8.8718,1.4732],[116.4541,-8.8735,0.0],[116.4483,-8.8991,0.0],[116.4456,-8.9018,21.3569],[116.4419,-8.9024,7.8611],[116.4409,-8.9063,28.3317],[116.4376,-8.9084,9.808],[116.4368,-8.9116,32.3649],[116.4311,-8.9132,0.8732],[116.431,-8.9163,0.0],[116.4358,-8.9198,0.0],[116.4404,-8.919,4.0664],[116.4514,-8.9217,0.0],[116.4601,-8.9192,3.5118],[116.4718,-8.9214,0.0],[116.4865,-8.914,1.8775],[116.4962,-8.9118,0.0],[116.4991,-8.9089,3.9071],[116.5002,-8.9018,0.816],[116.5064,-8.8946,0.0],[116.5084,-8.8858,1.6892],[116.5034,-8.8878,0.3909],[116.5039,-8.8922,0.7402],[116.5006,-8.8962,2.4285],[116.5005,-8.8951,2.4285],[116.5033,-8.8919,0.7402],[116.501,-8.8857,3.0034],[116.5036,-8.8867,0.3909],[116.5073,-8.8846,0.2226],[116.5093,-8.8866,0.0],[116.5103,-8.8831,5.6612],[116.5088,-8.8794,1.9834],[116.5092,-8.878,1.9834],[116.5107,-8.8791,0.0],[116.5107,-8.8704,2.8256],[116.5124,-8.8731,1.6644],[116.5128,-8.8796,3.7311],[116.5197,-8.8827,4.0458],[116.5206,-8.8872,1.0772],[116.5233,-8.8868,3.1424],[116.5183,-8.8921,0.0],[116.5202,-8.8946,2.7481],[116.5176,-8.8945,0.0],[116.516,-8.8973,0.0],[116.522,-8.9003,0.9003],[116.5278,-8.8989,2.7392],[116.52,-8.9042,2.1599],[116.5217,-8.9082,4.0456],[116.5179,-8.9071,1.126],[116.5127,-8.9119,12.5073],[116.5085,-8.9121,6.0868],[116.5093,-8.9149,0.0],[116.5127,-8.9157,3.8134],[116.5214,-8.9091,4.0456],[116.526,-8.9088,6.8476],[116.5296,-8.9047,10.9599],[116.5307,-8.9061,10.9599],[116.5321,-8.9045,17.3239],[116.5352,-8.9055,2.0723],[116.5366,-8.9028,30.8759],[116.5406,-8.9035,0.0],[116.5418,-8.8987,6.5298],[116.5449,-8.9001,0.0],[116.5473,-8.8978,38.4996],[116.5489,-8.8985,8.047],[116.5488,-8.9003,0.0],[116.5512,-8.897,29.5511],[116.5551,-8.8986,0.0],[116.5561,-8.8949,0.0],[116.5601,-8.8947,17.0418],[116.5611,-8.8961,17.0418],[116.567,-8.8916,9.7533],[116.5707,-8.8917,0.0],[116.5701,-8.8858,43.2662],[116.572,-8.8807,8.6065],[116.5705,-8.8808,8.6065],[116.5704,-8.8791,2.1033],[116.5715,-8.8771,6.9458],[116.5732,-8.878,0.0],[116.5751,-8.8762,2.5768],[116.5753,-8.8716,0.8359],[116.5785,-8.8697,2.5647],[116.5802,-8.8713,0.0],[116.5857,-8.8708,2.1306],[116.5845,-8.8648,24.495],[116.59,-8.8627,57.3252],[116.5916,-8.8657,4.661],[116.5945,-8.8615,16.4918],[116.5879,-8.8566,5.7133],[116.5855,-8.8593,0.0],[116.5809,-8.8572,0.0],[116.5815,-8.8587,24.4998],[116.5798,-8.8595,0.0],[116.576,-8.8582,0.0],[116.5767,-8.86,12.8335],[116.5696,-8.8626,0.0],[116.5692,-8.8656,1.8135],[116.5711,-8.8663,10.6341],[116.5664,-8.868,27.2064],[116.5675,-8.8655,10.685],[116.5654,-8.8649,18.3011],[116.5658,-8.8634,7.663],[116.5626,-8.8657,19.0344],[116.5611,-8.8638,16.9631],[116.5643,-8.8608,0.0],[116.5636,-8.8577,4.516],[116.5661,-8.8537,0.0],[116.5639,-8.8525,0.0],[116.5603,-8.8557,2.5731],[116.5614,-8.8576,0.0],[116.5585,-8.8576,0.0],[116.5581,-8.859,11.429],[116.5565,-8.8568,0.0],[116.5512,-8.8558,0.0],[116.5511,-8.8597,22.2415],[116.5488,-8.856,0.0583],[116.5521,-8.8537,3.3388],[116.5487,-8.8503,2.1846],[116.5498,-8.8541,5.3965],[116.546,-8.8585,15.8349],[116.545,-8.8554,0.0],[116.5417,-8.8583,2.1953],[116.5435,-8.8595,22.9131],[116.5422,-8.8605,1.8633],[116.549,-8.8631,8.08],[116.5486,-8.8656,3.8196],[116.5467,-8.866,2.7133],[116.5445,-8.8643,0.0],[116.5445,-8.8681,2.396],[116.5418,-8.8685,6.9044],[116.542,-8.8665,5.5035],[116.5395,-8.8658,0.0],[116.5424,-8.8631,8.9883],[116.5388,-8.8617,11.5465],[116.5383,-8.8594,0.0],[116.5362,-8.862,6.7504],[116.5333,-8.8593,6.8406],[116.5358,-8.8599,0.0],[116.5372,-8.8562,3.894],[116.5363,-8.8541,15.4284],[116.5396,-8.8556,0.0],[116.5384,-8.8529,10.6418],[116.5422,-8.8532,0.0],[116.5421,-8.8522,3.5314],[116.5369,-8.8498,4.4186],[116.535,-8.8505,8.904],[116.5339,-8.8486,6.9292],[116.532,-8.8495,5.9587],[116.5317,-8.8475,8.003],[116.536,-8.847,3.6277],[116.5392,-8.8487,3.2881],[116.5404,-8.8453,2.0785],[116.5435,-8.8475,3.5698],[116.5452,-8.8465,3.5698],[116.5457,-8.8446,0.0],[116.5424,-8.8413,8.9624],[116.5409,-8.8431,7.2515],[116.5374,-8.8412,1.3466],[116.5399,-8.839,0.0],[116.5413,-8.8327,0.0],[116.5369,-8.8313,10.7634],[116.5347,-8.8283,7.4992],[116.5289,-8.8297,11.9419],[116.5244,-8.8255,1.7139],[116.5224,-8.8255,0.0],[116.5228,-8.8299,0.0],[116.5261,-8.8298,0.0],[116.5307,-8.8328,5.1793],[116.5289,-8.8338,6.2627],[116.5197,-8.8311,0.0],[116.5214,-8.8333,0.0],[116.5273,-8.8353,13.2516],[116.5274,-8.8366,0.0],[116.5309,-8.8365,0.6102],[116.5283,-8.8386,3.4301],[116.5292,-8.8403,3.2132],[116.5234,-8.8369,2.7474],[116.5215,-8.8369,3.5561],[116.5227,-8.8398,5.6834],[116.5196,-8.838,1.0844],[116.5172,-8.8387,3.8537],[116.5193,-8.8357,0.0],[116.5145,-8.8318,0.0],[116.5161,-8.8357,3.3961],[116.5121,-8.8357,0.0],[116.514,-8.8375,5.1069],[116.5143,-8.8411,0.0],[116.5156,-8.8399,3.7127],[116.5182,-8.8432,0.7367],[116.5125,-8.8443,8.2804],[116.5126,-8.843,0.8869],[116.5092,-8.8407,1.0112],[116.5047,-8.8413,5.0047],[116.505,-8.8432,8.6461],[116.5031,-8.8437,3.8358],[116.5043,-8.8484,5.5608],[116.5069,-8.8492,9.1871],[116.5048,-8.8503,3.7623],[116.5099,-8.8518,1.9206],[116.5099,-8.857,1.1755],[116.5054,-8.8565,0.7523],[116.506,-8.859,0.3965],[116.5047,-8.8593,0.3965],[116.4983,-8.8558,0.2129],[116.4975,-8.8536,0.5954],[116.4941,-8.8532,0.9013],[116.4926,-8.8475,0.0],[116.498,-8.8423,1.604],[116.4943,-8.8371,0.0],[116.4972,-8.8339,4.6159],[116.4963,-8.8307,8.4571],[116.4995,-8.8301,6.7452],[116.4975,-8.8265,3.8524],[116.5008,-8.8211,1.5629],[116.4995,-8.8164,12.0008],[116.501,-8.8112,1.5614],[116.4972,-8.8118,3.986],[116.4946,-8.8142,1.5159],[116.4842,-8.8157,1.2548],[116.4801,-8.8103,0.3886],[116.4811,-8.8068,1.2406],[116.4851,-8.8053,2.429],[116.4913,-8.807,1.6642],[116.4931,-8.8105,2.3077],[116.4985,-8.8083,0.0],[116.5009,-8.8056,2.0593],[116.502,-8.8019,3.8274],[116.5008,-8.8019,3.8274],[116.5049,-8.7972,0.4717],[116.5049,-8.7907,0.5129],[116.5101,-8.779,2.9787],[116.5144,-8.7765,0.6847],[116.5163,-8.7781,0.0],[116.5194,-8.7779,1.4384],[116.5248,-8.7704,3.1966],[116.5361,-8.7627,1.7228],[116.5459,-8.7526,0.0],[116.5456,-8.751,0.0],[116.5526,-8.7401,5.0035],[116.5533,-8.7359,8.2124],[116.5517,-8.7324,2.3563],[116.5531,-8.726,10.5035],[116.5563,-8.7211,0.0],[116.5545,-8.7197,5.2273],[116.5572,-8.72,0.0],[116.5703,-8.7044,2.072],[116.5724,-8.6993,2.8614],[116.5749,-8.7005,0.0],[116.5765,-8.6976,0.0],[116.5742,-8.6963,4.0527],[116.5792,-8.6894,3.9492],[116.5824,-8.6816,0.0],[116.5881,-8.6757,0.0],[116.5974,-8.6586,8.3083],[116.6045,-8.6518,0.0],[116.6131,-8.6367,21.1765],[116.6208,-8.6267,2.5735],[116.6202,-8.6232,2.04],[116.6242,-8.6133,0.0],[116.6236,-8.6064,17.4108],[116.6255,-8.602,0.0],[116.6329,-8.5934,17.8257],[116.6567,-8.5734,0.0],[116.6649,-8.5625,0.4218],[116.6671,-8.5556,0.618],[116.6591,-8.5465,0.0],[116.6573,-8.5393,1.8676],[116.6577,-8.5324,3.4218],[116.6658,-8.5135,3.737],[116.6773,-8.5049,0.0],[116.6785,-8.4968,0.0],[116.6756,-8.4887,1.9304],[116.676,-8.4837,0.5163],[116.6736,-8.4864,3.5087],[116.6686,-8.4835,0.0],[116.6759,-8.4935,0.0],[116.6759,-8.4986,1.7096],[116.6719,-8.5007,2.1029],[116.6714,-8.5036,6.0062],[116.6654,-8.4998,3.9906],[116.6667,-8.4979,0.4054],[116.6634,-8.4972,1.4075],[116.6614,-8.4943,1.0429],[116.6633,-8.4924,0.0],[116.6615,-8.4876,1.658],[116.6681,-8.4818,2.3753],[116.6702,-8.4779,4.408],[116.677,-8.4734,5.7026],[116.6941,-8.4566,0.0],[116.6997,-8.4492,3.1589],[116.704,-8.4481,0.0],[116.7112,-8.4428,2.8407],[116.7092,-8.4284,0.8877],[116.7141,-8.4241,0.7694],[116.7103,-8.4143,3.3095],[116.7224,-8.3965,0.0],[116.7246,-8.3834,0.0],[116.7237,-8.3752,1.9661],[116.725,-8.3675,0.0],[116.7164,-8.355,0.0],[116.7183,-8.3474,0.0],[116.7151,-8.3465,2.3135],[116.7027,-8.3368,2.1725],[116.6938,-8.3349,1.5245],[116.6966,-8.3366,6.0434],[116.689,-8.3333,2.6319],[116.6888,-8.3308,1.8034],[116.6927,-8.3342,0.4831],[116.6949,-8.3345,0.0],[116.692,-8.3333,0.4831],[116.673,-8.3096,4.9086],[116.6657,-8.3049,5.4771],[116.6641,-8.2994,0.4971],[116.6598,-8.2961,0.0],[116.6594,-8.294,0.0],[116.6507,-8.2883,0.586],[116.6212,-8.2807,0.633],[116.6085,-8.2828,0.0],[116.5999,-8.2813,26.0831],[116.5782,-8.269,8.2116],[116.5603,-8.2638,5.0252],[116.5512,-8.263,3.3208],[116.5318,-8.2541,0.0],[116.5238,-8.2529,0.0],[116.506,-8.2555,2.8268],[116.4952,-8.2482,14.3506],[116.4942,-8.2454,0.0],[116.4898,-8.2417,21.0777],[116.4842,-8.24,4.0621],[116.4799,-8.2355,2.446],[116.475,-8.2356,8.9891],[116.4602,-8.2271,5.6859],[116.4415,-8.2281,9.7696],[116.4302,-8.221,0.0],[116.4236,-8.2219,3.6017],[116.4068,-8.2165,3.903],[116.3891,-8.2172,2.0228],[116.3772,-8.2142,0.9772],[116.371,-8.2104,2.1245],[116.3575,-8.214,4.5771],[116.3505,-8.2111,0.0],[116.3377,-8.2147,10.4957],[116.3315,-8.2185,7.4637],[116.3191,-8.2224,6.6723],[116.3074,-8.2298,6.9528],[116.2992,-8.2316,1.1529],[116.293,-8.2399,12.3763],[116.2862,-8.2382,2.3217],[116.2809,-8.2395,0.0],[116.2537,-8.2544,0.0],[116.243,-8.2642,3.0412],[116.2369,-8.2664,1.6362],[116.2229,-8.2789,7.7605],[116.2197,-8.2861,0.0],[116.2138,-8.2891,3.7633],[116.204,-8.3023,8.4822],[116.2002,-8.3047,8.0404],[116.1943,-8.3051,5.0988],[116.1896,-8.3118,10.4391],[116.1906,-8.3114,10.4391],[116.1869,-8.3204,7.0684],[116.1888,-8.3238,6.8003],[116.1882,-8.3258,3.9732],[116.1788,-8.3402,3.0829],[116.1664,-8.3452,1.8311],[116.1532,-8.3434,5.0213],[116.1447,-8.3551,2.5742],[116.1368,-8.3584,5.4969],[116.1355,-8.3628,0.9547],[116.1297,-8.3655,4.1017],[116.1238,-8.3592,0.0],[116.1213,-8.3639,0.0],[116.1217,-8.3689,10.6023],[116.1198,-8.3703,7.5846],[116.1142,-8.3676,1.8563],[116.109,-8.3619,3.8407],[116.1008,-8.3613,4.9835],[116.0995,-8.3628,4.9835],[116.1006,-8.3675,3.4742],[116.1066,-8.3835,0.0],[116.1051,-8.3895,3.8672],[116.1019,-8.3934,2.5524],[116.0813,-8.4019,3.4247],[116.0781,-8.4066,6.7648],[116.073,-8.4067,2.9644],[116.0685,-8.4019,8.7581],[116.067,-8.4041,13.9136],[116.0633,-8.4039,3.2882],[116.0614,-8.4062,0.0],[116.0577,-8.4054,23.8299],[116.0568,-8.4038,2.445],[116.0535,-8.4091,0.0],[116.0522,-8.4178,0.0],[116.0494,-8.4195,4.9022],[116.0466,-8.4186,19.2706],[116.0438,-8.4215,34.2971],[116.0417,-8.4215,11.9475],[116.0418,-8.4232,2.6306],[116.0455,-8.4241,66.0829],[116.0474,-8.4262,5.7316],[116.0464,-8.4323,5.2931],[116.0424,-8.4356,10.2822],[116.0358,-8.4356,0.4092],[116.0358,-8.436,0.4092],[116.0396,-8.4382,13.4364],[116.0396,-8.4395,13.4364],[116.0369,-8.4428,0.0],[116.0334,-8.4421,6.9145],[116.0321,-8.4468,11.3578],[116.0366,-8.4565,0.0],[116.0359,-8.4648,0.0],[116.0381,-8.4776,11.7837],[116.0366,-8.4834,14.461],[116.0339,-8.485,0.0],[116.0386,-8.4919,4.2637],[116.0397,-8.4966,0.0],[116.0425,-8.4951,5.1358],[116.0455,-8.4982,8.2184],[116.0444,-8.5032,0.0],[116.0488,-8.5014,0.0],[116.0549,-8.5059,8.0676],[116.0664,-8.5268,5.2257],[116.0722,-8.5638,6.0165],[116.0711,-8.5804,0.0],[116.0745,-8.6144,4.7698],[116.074,-8.6253,0.0],[116.0689,-8.6513,0.0],[116.072,-8.6699,0.0],[116.0684,-8.6771,0.0],[116.0567,-8.7245,2.6541],[116.0557,-8.7378,0.0],[116.0596,-8.7369,0.0],[116.0566,-8.7366,0.0],[116.0596,-8.7303,1.7708],[116.0594,-8.7267,2.015],[116.0632,-8.7313,0.0],[116.0696,-8.7285,2.8526],[116.0721,-8.7291,1.0442],[116.072,-8.7311,0.0],[116.0735,-8.7317,0.0],[116.0747,-8.7299,0.0],[116.0769,-8.7295,4.4653],[116.0774,-8.731,0.0],[116.0787,-8.7287,1.1888],[116.084,-8.728,1.7116],[116.0729,-8.7384,19.7151],[116.0707,-8.7357,1.9934],[116.0696,-8.7363,2.2799],[116.0657,-8.7419,0.0],[116.0672,-8.7443,5.5723],[116.0666,-8.7464,40.0344],[116.0595,-8.7511,0.0],[116.0589,-8.7543,7.9035],[116.0619,-8.7579,32.359],[116.0611,-8.763,0.0],[116.0644,-8.7658,4.9836],[116.0648,-8.7711,0.9376],[116.0622,-8.7662,0.0],[116.057,-8.7679,0.0],[116.0498,-8.7609,1.0888],[116.044,-8.766,2.3973],[116.039,-8.7637,5.656],[116.0404,-8.7561,3.622],[116.0364,-8.7508,18.3965],[116.0392,-8.7488,6.2862],[116.0419,-8.7491,11.1114],[116.0462,-8.7457,0.0],[116.0417,-8.7398,9.1405],[116.0429,-8.7363,8.9163],[116.0417,-8.734,1.46],[116.0464,-8.7293,0.0],[116.0469,-8.7268,0.0],[116.0455,-8.7236,0.0],[116.0413,-8.7255,13.6383],[116.035,-8.7248,6.1021],[116.0338,-8.723,4.3791],[116.0353,-8.7211,0.0],[116.0339,-8.7197,10.0645],[116.0285,-8.7284,0.0],[116.0295,-8.7394,1.3887],[116.0232,-8.7416,8.3956],[116.0148,-8.7506,3.0071],[116.0105,-8.7517,7.0881],[116.0085,-8.7512,0.597],[116.0034,-8.7431,3.9878],[115.9968,-8.7387,0.8936],[115.9898,-8.7305,7.1576],[115.985,-8.7304,3.0035],[115.9844,-8.7341,3.3025],[115.9815,-8.7357,0.0],[115.975,-8.7322,0.0],[115.9691,-8.7335,0.7538],[115.9657,-8.7288,0.0],[115.9674,-8.7346,6.2343],[115.9662,-8.7364,1.8106],[115.9565,-8.7442,0.0],[115.9493,-8.7454,1.051],[115.9454,-8.7489,4.27],[115.9454,-8.7506,11.0105],[115.9419,-8.7539,2.131],[115.9426,-8.7585,7.6062],[115.9392,-8.7651,2.0147],[115.9353,-8.7677,0.0],[115.9355,-8.7698,5.3167],[115.9267,-8.7681,22.7902],[115.9198,-8.7689,0.0],[115.9198,-8.7723,0.0],[115.917,-8.7755,3.2878],[115.9074,-8.7731,22.5952],[115.9044,-8.7709,1.3222],[115.9044,-8.7679,0.0],[115.8983,-8.7623,0.0],[115.8944,-8.7607,1.6767],[115.9002,-8.7502,0.0],[115.8994,-8.7467,0.0],[115.8976,-8.7456,0.0],[115.895,-8.747,0.0],[115.8952,-8.7509,3.1017],[115.8879,-8.7638,1.2509],[115.8854,-8.7647,2.9917],[115.882,-8.7635,1.769],[115.8814,-8.7595,0.8717],[115.8828,-8.7574,5.2612],[115.8802,-8.7521,0.9335],[115.8669,-8.7462,0.0],[115.8649,-8.7427,0.8649],[115.8649,-8.7388,0.8221],[115.869,-8.7296,6.8719],[115.866,-8.7208,0.4453],[115.86,-8.7266,2.3441],[115.8576,-8.7259,2.7186],[115.8527,-8.7202,5.0551],[115.843,-8.7252,3.0252],[115.8384,-8.7292,3.096],[115.8367,-8.7414,5.2309],[115.8299,-8.7446,43.3232],[115.8258,-8.7504,3.3649],[115.821,-8.7522,0.0],[115.8244,-8.7575,2.904],[115.8235,-8.7631,5.3643],[115.8251,-8.7707,0.0],[115.8294,-8.7794,55.9276],[115.8318,-8.7789,22.3488],[115.8325,-8.7802,3.4633],[115.8325,-8.7815,32.144],[115.8303,-8.7843,14.2947],[115.8294,-8.7898,89.7259],[115.8277,-8.7907,33.5474],[115.8288,-8.7923,28.1348],[115.826,-8.795,0.0],[115.8298,-8.7951,42.9248],[115.8268,-8.8008,0.0],[115.8324,-8.7996,1.6294],[115.8332,-8.8029,0.0],[115.8312,-8.8042,4.4251],[115.8352,-8.809,0.0],[115.8319,-8.812,12.363],[115.833,-8.8125,12.363],[115.8313,-8.8152,0.0],[115.834,-8.8135,34.3067],[115.8415,-8.8137,10.2855],[115.8433,-8.8119,60.5214],[115.8482,-8.8131,4.3753],[115.8485,-8.8164,18.2604],[115.8447,-8.8202,59.0717],[115.8463,-8.8255,11.4911],[115.8532,-8.8229,90.1165],[115.8571,-8.8246,0.0],[115.8588,-8.8237,11.6745],[115.859,-8.825,0.0],[115.8622,-8.822,68.7109],[115.864,-8.8232,0.0],[115.8663,-8.8185,26.4398],[115.8693,-8.8182,1.6581],[115.872,-8.8199,6.934],[115.8718,-8.8226,0.4468],[115.8738,-8.8228,15.9628],[115.8734,-8.8261,0.0],[115.8761,-8.8246,0.0],[115.8807,-8.8302,0.0],[115.8827,-8.8299,0.0],[115.8842,-8.826,39.4341],[115.8866,-8.8256,12.5005],[115.8907,-8.8308,5.7705],[115.8895,-8.8328,0.5751],[115.8913,-8.8309,38.7327],[115.8927,-8.8319,0.0],[115.8965,-8.8301,29.3889],[115.9022,-8.8305,17.8393],[115.9027,-8.833,0.3289],[115.9061,-8.8358,114.0947],[115.9056,-8.8387,24.7909],[115.9134,-8.8407,6.3717],[115.9141,-8.8418,120.623],[115.9139,-8.8452,0.0],[115.9154,-8.8439,38.0854],[115.9184,-8.8455,1.2217],[115.92016,-8.84422,4.4621]],
[[116.5468,-8.898,0.0],[116.5468,-8.8979,38.4996],[116.547,-8.898,0.0],[116.5468,-8.898,0.0]],
[[116.1629,-8.9044,15.0896],[116.163,-8.9046,40.3984],[116.1628,-8.9046,40.3984],[116.1627,-8.9046,40.3984],[116.1629,-8.9044,15.0896]],
[[115.8287,-8.7985,20.0023],[115.8287,-8.7988,20.0023],[115.8283,-8.7988,20.0023],[115.8283,-8.7985,20.0023],[115.8287,-8.7985,20.0023]]],
[[[115.9135,-8.8424,0.0],[115.9138,-8.8423,120.623],[115.9138,-8.8421,120.623],[115.9132,-8.8426,0.0],[115.9135,-8.8424,0.0]]],
[[[115.9113,-8.8408,1.9765],[115.9114,-8.8407,1.9765],[115.9109,-8.8409,1.9765],[115.911,-8.841,1.9765],[115.9113,-8.8408,1.9765]]],
[[[116.5104,-8.8371,0.0],[116.5094,-8.8385,0.0],[116.5096,-8.8394,0.0],[116.5106,-8.8386,0.0],[116.5104,-8.8371,0.0]]],
[[[116.4667,-8.8401,0.0],[116.4659,-8.8415,0.0],[116.4678,-8.8418,0.0],[116.4675,-8.8407,0.0],[116.4667,-8.8401,0.0]]],
[[[116.508,-8.8363,0.0],[116.5076,-8.8358,0.0],[116.5069,-8.8361,0.0],[116.5075,-8.8365,0.0],[116.508,-8.8363,0.0]]],
[[[118.9465,-8.8328,0.0],[118.9454,-8.8327,0.0],[118.9459,-8.8349,0.0],[118.9464,-8.8348,0.0],[118.9465,-8.8328,0.0]]],
[[[116.4184,-8.8341,1.318],[116.4169,-8.834,1.22],[116.4169,-8.8351,2.577],[116.4183,-8.8354,0.6846],[116.4184,-8.8341,1.318]]],
[[[115.9022,-8.8339,0.3289],[115.9026,-8.8337,0.3289],[115.9028,-8.8334,0.3289],[115.9016,-8.8337,0.3289],[115.9022,-8.8339,0.3289]]],
[[[115.8771,-8.8329,0.0],[115.877,-8.8323,0.0],[115.8767,-8.8322,0.0],[115.8766,-8.8327,0.0],[115.8771,-8.8329,0.0]]],
[[[115.8929,-8.8321,0.0],[115.8928,-8.8323,0.0],[115.8932,-8.8322,0.0],[115.8932,-8.8321,0.0],[115.8929,-8.8321,0.0]]],
[[[116.4168,-8.8315,1.5906],[116.418,-8.8308,1.9524],[116.418,-8.8306,1.9524],[116.4169,-8.8307,1.9813],[116.4168,-8.8315,1.5906]]],
[[[115.9031,-8.834,0.3289],[115.9033,-8.8339,0.3289],[115.9033,-8.8338,0.3289],[115.9029,-8.8339,0.3289],[115.9031,-8.834,0.3289]]],
[[[116.4182,-8.8322,2.1828],[116.4185,-8.833,1.318],[116.4187,-8.8323,2.1828],[116.4179,-8.8313,2.1828],[116.4178,-8.832,1.5906],[116.4182,-8.8322,2.1828]]],
[[[116.5038,-8.8298,0.0],[116.5041,-8.8295,0.0],[116.5038,-8.8293,0.0],[116.5036,-8.8296,0.0],[116.5038,-8.8298,0.0]]],
[[[115.8706,-8.8287,0.0],[115.8714,-8.8274,0.0],[115.8704,-8.8267,0.0],[115.8694,-8.8273,0.0],[115.8706,-8.8287,0.0]]],
[[[116.503,-8.8283,0.0],[116.5031,-8.8285,0.0],[116.5033,-8.8285,0.0],[116.5031,-8.8283,0.0],[116.503,-8.8283,0.0]]],
[[[115.8855,-8.8262,12.5005],[115.8857,-8.8263,0.0],[115.8857,-8.8261,12.5005],[115.8857,-8.826,12.5005],[115.8855,-8.8262,12.5005]]],
[[[115.8721,-8.8256,0.0],[115.8724,-8.8257,0.0],[115.8725,-8.8253,0.0],[115.8722,-8.8253,0.0],[115.8721,-8.8256,0.0]]],
[[[116.5164,-8.8275,0.0],[116.5163,-8.828,0.0],[116.5179,-8.8275,0.0],[116.5167,-8.8266,0.0],[116.5164,-8.8275,0.0]]],
[[[115.8736,-8.8272,0.0],[115.8735,-8.8266,0.0],[115.8732,-8.8265,0.0],[115.8731,-8.827,0.0],[115.8736,-8.8272,0.0]]],
[[[115.8442,-8.8245,33.7469],[115.8445,-8.8248,1.3827],[115.8449,-8.8243,33.7469],[115.8448,-8.8242,33.7469],[115.8442,-8.8245,33.7469]]],
[[[118.9499,-8.8244,0.0],[118.9505,-8.8246,0.0],[118.9507,-8.8244,0.0],[118.9499,-8.8238,0.0],[118.9499,-8.8244,0.0]]],
[[[115.8633,-8.8237,0.0],[115.863,-8.824,0.0],[115.8631,-8.8241,0.0],[115.8635,-8.8239,0.0],[115.8633,-8.8237,0.0]]],
[[[116.5025,-8.8189,0.0],[116.5017,-8.8188,0.6622],[116.5019,-8.8204,1.5629],[116.5027,-8.8202,0.0],[116.5025,-8.8189,0.0]]],
[[[116.5208,-8.8182,0.0],[116.5205,-8.8177,0.966],[116.5201,-8.8178,0.966],[116.5203,-8.8181,0.0],[116.5208,-8.8182,0.0]]],
[[[115.862,-8.8237,2.8993],[115.8622,-8.8236,2.8993],[115.8624,-8.8232,0.0],[115.8623,-8.8232,0.0],[115.862,-8.8237,2.8993]]],
[[[115.8615,-8.8236,2.8993],[115.8618,-8.8232,2.8993],[115.8617,-8.8229,68.7109],[115.8613,-8.8233,2.8993],[115.8615,-8.8236,2.8993]]],
[[[118.9499,-8.8252,0.0],[118.9502,-8.825,0.0],[118.9497,-8.8248,0.0],[118.9496,-8.8251,0.0],[118.9499,-8.8252,0.0]]],
[[[115.8456,-8.8131,0.0],[115.8453,-8.8133,0.0],[115.8457,-8.8132,0.0],[115.8456,-8.8131,0.0]]],
[[[115.8305,-8.8118,0.0],[115.8301,-8.8119,0.0],[115.8301,-8.8121,0.0],[115.8308,-8.8119,0.0],[115.8305,-8.8118,0.0]]],
[[[116.8013,-8.806,0.0],[116.8009,-8.8064,0.0],[116.8011,-8.8067,0.0],[116.8016,-8.8065,0.0],[116.8013,-8.806,0.0]]],
[[[116.5107,-8.8135,0.0],[116.5106,-8.8127,0.0],[116.51,-8.8131,0.0],[116.5103,-8.814,0.0],[116.5107,-8.8135,0.0]]],
[[[116.5167,-8.8123,0.0],[116.5162,-8.812,0.0],[116.5158,-8.8125,0.0],[116.5161,-8.8128,0.0],[116.5167,-8.8123,0.0]]],
[[[116.5171,-8.7911,0.0],[116.5157,-8.7906,0.0],[116.5141,-8.7935,0.0],[116.5179,-8.7947,0.0],[116.5175,-8.7926,0.0],[116.5192,-8.7926,0.0],[116.5171,-8.7911,0.0]]],
[[[115.8279,-8.7899,33.5474],[115.8281,-8.7898,33.5474],[115.8278,-8.7899,33.5474],[115.8279,-8.7899,33.5474]]],
[[[115.8308,-8.7823,1.4016],[115.8307,-8.7823,1.4016],[115.8299,-8.7824,1.4016],[115.8306,-8.7827,1.4016],[115.8308,-8.7823,1.4016]]],
[[[115.8322,-8.7806,3.4633],[115.8321,-8.7806,3.4633],[115.8321,-8.7809,3.4633],[115.8324,-8.7808,3.4633],[115.8322,-8.7806,3.4633]]],
[[[118.972,-8.7796,0.0],[118.9719,-8.7796,0.0],[118.9716,-8.7804,0.0],[118.9722,-8.7803,0.0],[118.972,-8.7796,0.0]]],
[[[115.8287,-8.7793,9.9015],[115.829,-8.7794,9.9015],[115.8291,-8.7792,9.9015],[115.8289,-8.7792,9.9015],[115.8287,-8.7793,9.9015]]],
[[[118.7459,-8.8052,0.2921],[118.7457,-8.8046,0.2921],[118.745,-8.805,0.0],[118.7453,-8.8059,0.2921],[118.7459,-8.8052,0.2921]]],
[[[116.527,-8.8043,0.0],[116.527,-8.8056,0.0],[116.5278,-8.8057,0.0],[116.5278,-8.8043,0.0],[116.527,-8.8043,0.0]]],
[[[119.0955,-8.7524,0.0],[119.0956,-8.7523,0.0],[119.0955,-8.7519,0.0],[119.0952,-8.7522,0.0],[119.0955,-8.7524,0.0]]],
[[[119.1102,-8.7516,0.0],[119.1102,-8.7518,0.0],[119.1105,-8.752,0.0],[119.1106,-8.7516,0.0],[119.1102,-8.7516,0.0]]],
[[[119.0962,-8.7508,4.4837],[119.0963,-8.7503,4.4837],[119.0961,-8.7493,26.6047],[119.096,-8.7501,4.4837],[119.0962,-8.7508,4.4837]]],
[[[119.0981,-8.7518,0.0],[119.0988,-8.7523,0.0],[119.099,-8.7522,0.0],[119.0985,-8.7517,0.0],[119.0981,-8.7518,0.0]]],
[[[115.8938,-8.7486,0.0],[115.8917,-8.7468,0.0],[115.8913,-8.7466,0.0],[115.8916,-8.7493,7.4496],[115.8938,-8.7486,0.0]]],
[[[119.0107,-8.7432,0.0],[119.0106,-8.7439,0.0],[119.0114,-8.744,0.0],[119.0114,-8.7436,0.0],[119.0107,-8.7432,0.0]]],
[[[116.0645,-8.7413,0.0],[116.064,-8.7414,0.0],[116.0642,-8.7427,0.0],[116.0652,-8.7418,0.0],[116.0645,-8.7413,0.0]]],
[[[119.0117,-8.746,0.0],[119.012,-8.7462,0.0],[119.0124,-8.746,0.0],[119.0117,-8.7458,0.0],[119.0117,-8.746,0.0]]],
[[[119.012,-8.7457,0.0],[119.0123,-8.7456,0.0],[119.0122,-8.7452,0.0],[119.012,-8.7452,0.0],[119.012,-8.7457,0.0]]],
[[[118.695,-8.7447,0.4396],[118.6944,-8.7446,0.4396],[118.6943,-8.7453,0.4396],[118.6949,-8.7453,0.4396],[118.695,-8.7447,0.4396]]],
[[[119.0113,-8.7443,0.0],[119.0113,-8.7447,0.0],[119.0122,-8.7444,0.0],[119.0117,-8.7442,0.0],[119.0113,-8.7443,0.0]]],
[[[116.7187,-8.7516,0.0],[116.7201,-8.7507,53.9108],[116.7191,-8.7484,28.797],[116.7115,-8.7489,0.0],[116.7146,-8.7513,0.0],[116.7187,-8.7516,0.0]]],
[[[118.8198,-8.7617,0.0],[118.8191,-8.7618,0.0],[118.8188,-8.7622,0.0],[118.8201,-8.7625,0.0],[118.8198,-8.7617,0.0]]],
[[[115.9259,-8.7419,1.5317],[115.9255,-8.7355,1.431],[115.9302,-8.7316,0.0],[115.9278,-8.731,0.4749],[115.9259,-8.7264,0.591],[115.9211,-8.7264,0.0],[115.9185,-8.7336,5.2499],[115.9158,-8.7359,1.8918],[115.92,-8.7381,2.5864],[115.921,-8.7426,0.0],[115.9138,-8.7479,2.3964],[115.9138,-8.7503,0.0],[115.9185,-8.7479,26.137],[115.9239,-8.7481,14.2132],[115.9248,-8.7514,35.5677],[115.927,-8.7529,43.7154],[115.9272,-8.7593,16.5206],[115.9357,-8.7617,1.1106],[115.9324,-8.7508,0.0],[115.9259,-8.7419,1.5317]]],
[[[116.5341,-8.8166,0.5733],[116.5331,-8.8148,2.902],[116.5294,-8.816,3.2869],[116.5316,-8.8195,2.8136],[116.5341,-8.8166,0.5733]]],
[[[116.5207,-8.8166,0.966],[116.5206,-8.817,0.966],[116.5223,-8.8166,1.1534],[116.521,-8.8157,0.0],[116.5207,-8.8166,0.966]]],
[[[116.5058,-8.8136,5.741],[116.508,-8.8128,0.8393],[116.5042,-8.8129,0.0],[116.503,-8.8156,7.6926],[116.5046,-8.8157,1.0041],[116.5058,-8.8136,5.741]]],
[[[119.0033,-8.7422,0.0],[119.0033,-8.7418,0.0],[119.003,-8.7416,0.0],[119.0029,-8.7421,0.0],[119.0033,-8.7422,0.0]]],
[[[119.0112,-8.7422,1.7967],[119.0113,-8.7418,1.7967],[119.011,-8.7416,1.7967],[119.0108,-8.7419,1.7967],[119.0112,-8.7422,1.7967]]],
[[[119.0036,-8.7418,0.0],[119.0039,-8.7419,0.0],[119.0039,-8.7417,0.0],[119.0037,-8.7417,0.0],[119.0036,-8.7418,0.0]]],
[[[115.8827,-8.7352,2.7185],[115.8847,-8.7419,2.8871],[115.8911,-8.7445,0.0],[115.8915,-8.7344,0.0],[115.8901,-8.7315,0.0],[115.8853,-8.7311,0.0],[115.8827,-8.7352,2.7185]]],
[[[116.0224,-8.7409,0.0],[116.0227,-8.7411,0.0],[116.0228,-8.7411,0.0],[116.0227,-8.7408,0.0],[116.0224,-8.7409,0.0]]],
[[[117.9487,-8.7398,1.6783],[117.9482,-8.7396,1.6783],[117.947,-8.7401,1.6783],[117.9482,-8.7409,1.6783],[117.9487,-8.7398,1.6783]]],
[[[115.9459,-8.7421,0.0],[115.946,-8.7421,0.0],[115.9459,-8.7418,0.0],[115.9458,-8.7419,0.0],[115.9459,-8.7421,0.0]]],
[[[118.6983,-8.7405,0.5264],[118.697,-8.7411,0.718],[118.6979,-8.7424,2.1657],[118.6992,-8.7416,2.1657],[118.6983,-8.7405,0.5264]]],
[[[115.9034,-8.7282,3.4325],[115.9046,-8.7303,4.8748],[115.9109,-8.7294,1.0859],[115.9097,-8.7246,0.0],[115.9073,-8.7225,0.0],[115.9017,-8.724,0.5839],[115.9034,-8.7282,3.4325]]],
[[[115.9674,-8.7268,0.0],[115.967,-8.7261,0.0],[115.9662,-8.7269,4.0959],[115.9665,-8.7274,4.0959],[115.9674,-8.7268,0.0]]],
[[[115.9893,-8.7283,0.0],[115.989,-8.7282,0.0],[115.9888,-8.7283,0.0],[115.9891,-8.7285,0.0],[115.9893,-8.7283,0.0]]],
[[[116.0256,-8.7302,0.0],[116.0252,-8.7304,0.0],[116.0255,-8.7309,0.0],[116.0259,-8.7306,0.0],[116.0256,-8.7302,0.0]]],
[[[116.0601,-8.7285,0.7508],[116.0602,-8.7281,0.7508],[116.0598,-8.7276,2.015],[116.0597,-8.7282,1.689],[116.0601,-8.7285,0.7508]]],
[[[115.9647,-8.7367,0.0],[115.9647,-8.7368,0.0],[115.9648,-8.7369,0.0],[115.9648,-8.7366,0.0],[115.9647,-8.7367,0.0]]],
[[[118.8247,-8.7351,2.1382],[118.8249,-8.7323,32.2095],[118.8218,-8.7309,0.0],[118.8235,-8.7361,2.1382],[118.8247,-8.7351,2.1382]]],
[[[116.0643,-8.7352,0.0],[116.0602,-8.7341,0.2973],[116.062,-8.7366,0.0],[116.0642,-8.7366,0.0],[116.0632,-8.7365,0.0],[116.0643,-8.7352,0.0]]],
[[[118.7462,-8.7312,1.1227],[118.741,-8.731,0.0],[118.7411,-8.7348,2.4257],[118.7428,-8.7369,0.0],[118.7464,-8.7348,1.9158],[118.7478,-8.7322,0.0],[118.7462,-8.7312,1.1227]]],
[[[118.7872,-8.7329,1.9073],[118.7858,-8.7314,12.7412],[118.7831,-8.7308,0.9645],[118.7854,-8.7346,0.0],[118.7872,-8.7329,1.9073]]],
[[[116.0601,-8.7304,0.9208],[116.0594,-8.7314,0.5591],[116.06,-8.7326,2.09],[116.0615,-8.7317,2.09],[116.0601,-8.7304,0.9208]]],
[[[116.9481,-9.0568,0.0],[116.9541,-9.0584,3.097],[116.9556,-9.064,1.3352],[116.9584,-9.0638,9.7098],[116.9622,-9.0674,2.8485],[116.9705,-9.0797,0.0],[116.9797,-9.0828,19.3417],[116.9854,-9.089,1.2417],[116.9882,-9.0892,2.5684],[116.9898,-9.0852,24.969],[116.992,-9.0846,10.5036],[116.9934,-9.0866,18.3435],[116.9929,-9.0894,12.4439],[116.9948,-9.0911,5.1879],[117.0044,-9.0933,11.2749],[117.0093,-9.1007,0.0],[117.0078,-9.1032,0.0],[117.0093,-9.1035,1.2316],[117.0091,-9.1073,0.3188],[117.0115,-9.1067,7.3281],[117.0119,-9.1089,0.7937],[117.0153,-9.1097,0.0],[117.0183,-9.1079,17.7086],[117.0219,-9.102,0.0],[117.0245,-9.1028,3.9335],[117.025,-9.1056,5.7025],[117.036,-9.1055,5.9258],[117.0389,-9.1046,0.0],[117.0427,-9.0994,5.1965],[117.0575,-9.1042,11.2511],[117.0658,-9.0979,8.3025],[117.0726,-9.0983,0.0],[117.0817,-9.0939,6.9813],[117.0883,-9.0941,10.7204],[117.0999,-9.0896,0.0],[117.1148,-9.0904,8.9868],[117.1274,-9.085,9.2792],[117.1298,-9.0861,7.79],[117.1351,-9.084,1.9131],[117.1359,-9.0799,15.4303],[117.1367,-9.0806,0.0],[117.134,-9.0754,0.0],[117.1347,-9.0701,0.0],[117.148,-9.0617,18.1435],[117.1494,-9.0627,3.894],[117.1494,-9.06,27.1294],[117.1516,-9.0595,0.0],[117.1525,-9.0572,0.0],[117.1525,-9.0534,0.0],[117.1597,-9.0516,0.0],[117.1636,-9.0486,0.0],[117.1752,-9.0257,0.0],[117.1858,-9.0213,0.0],[117.209,-9.0191,1.7471],[117.2209,-9.0202,1.232],[117.2436,-9.0279,1.1135],[117.271,-9.0413,0.0],[117.2801,-9.0419,0.0],[117.2936,-9.0467,0.0],[117.3068,-9.0422,5.8686],[117.3087,-9.0449,0.0],[117.3197,-9.0503,15.628],[117.3242,-9.0556,6.759],[117.3295,-9.055,0.0],[117.3372,-9.0484,10.8217],[117.3396,-9.0494,18.9119],[117.3398,-9.0471,0.0],[117.3456,-9.042,10.272],[117.3543,-9.0455,41.294],[117.3596,-9.0557,9.4682],[117.3643,-9.0559,26.3013],[117.3645,-9.054,54.0999],[117.366,-9.0547,0.0],[117.3672,-9.0521,44.2881],[117.3723,-9.0509,7.0916],[117.3715,-9.0472,79.2606],[117.3734,-9.0506,0.0],[117.375,-9.0481,14.4911],[117.3773,-9.0501,0.0],[117.3812,-9.049,36.1673],[117.3822,-9.051,5.9337],[117.3831,-9.0502,19.7009],[117.3864,-9.0527,0.0],[117.3912,-9.0523,2.1019],[117.3977,-9.0485,0.0],[117.4104,-9.0494,37.9101],[117.4161,-9.0429,11.9267],[117.4208,-9.0408,29.3639],[117.4264,-9.0413,0.0],[117.4277,-9.0383,9.5047],[117.4333,-9.0354,11.0057],[117.4401,-9.0357,17.7616],[117.4406,-9.0337,5.0386],[117.4437,-9.0336,1.863],[117.4589,-9.0245,22.9853],[117.4794,-9.0222,3.378],[117.4837,-9.0185,70.0163],[117.487,-9.0218,0.0],[117.4904,-9.0183,7.9384],[117.5004,-9.0197,0.0],[117.5013,-9.0177,38.4462],[117.5033,-9.018,0.0],[117.5045,-9.0164,12.6066],[117.5051,-9.0174,12.6066],[117.5137,-9.0131,1.0573],[117.515,-9.0106,24.9848],[117.5167,-9.0107,62.178],[117.5172,-9.013,0.0],[117.5201,-9.0083,16.133],[117.5262,-9.007,25.7914],[117.5294,-9.001,12.5456],[117.5351,-8.9982,17.1268],[117.5422,-8.9984,6.3324],[117.5473,-9.0031,1.5485],[117.5502,-9.0014,1.656],[117.5514,-8.9974,99.6522],[117.5532,-8.9988,14.3445],[117.5541,-8.9949,28.6609],[117.5602,-8.996,43.273],[117.5635,-8.9949,2.5737],[117.5642,-8.9919,19.103],[117.5675,-8.9927,33.9483],[117.5729,-8.9849,1.2097],[117.5748,-8.9849,29.5659],[117.5757,-8.9866,0.2284],[117.5864,-8.9817,9.0597],[117.5952,-8.9814,0.5305],[117.5964,-8.9756,86.2659],[117.5991,-8.9744,27.0913],[117.6003,-8.9759,6.5517],[117.6006,-8.9732,27.0913],[117.602,-8.9732,5.2718],[117.6058,-8.9661,7.8474],[117.6151,-8.9612,33.71],[117.6218,-8.9604,7.0219],[117.6379,-8.9524,9.7851],[117.6443,-8.943,0.0],[117.6489,-8.9426,2.4795],[117.6519,-8.9402,0.0],[117.6567,-8.9408,2.9043],[117.6676,-8.9377,1.0329],[117.6748,-8.9307,4.2296],[117.6772,-8.9239,0.0],[117.6905,-8.9188,2.8298],[117.7066,-8.92,0.0],[117.7246,-8.9184,0.0],[117.7338,-8.9161,13.9937],[117.7378,-8.9178,2.1248],[117.7422,-8.9241,2.0792],[117.7533,-8.9316,0.0],[117.7655,-8.9342,2.9699],[117.7759,-8.9312,10.9562],[117.7845,-8.9222,0.0],[117.7957,-8.906,2.0043],[117.8004,-8.9048,0.0],[117.8093,-8.8989,0.9403],[117.8171,-8.899,3.6221],[117.8258,-8.9073,26.063],[117.8294,-8.9165,0.0],[117.8314,-8.9188,0.0],[117.834,-8.9189,42.2423],[117.8356,-8.9279,15.5279],[117.8378,-8.9316,12.5923],[117.8449,-8.9325,11.8517],[117.8503,-8.9265,0.0],[117.8531,-8.9265,1.801],[117.8616,-8.9364,0.0],[117.8687,-8.9354,37.7003],[117.8711,-8.9369,44.7207],[117.873,-8.9418,4.2806],[117.8842,-8.9437,2.3407],[117.8888,-8.9404,5.0955],[117.8938,-8.932,13.3254],[117.8959,-8.9224,9.1402],[117.9026,-8.9198,0.0],[117.9079,-8.9193,34.3195],[117.9096,-8.9206,8.3373],[117.9125,-8.9185,5.126],[117.9183,-8.9186,3.0044],[117.9233,-8.9165,0.0],[117.9249,-8.9103,0.0],[117.9352,-8.8991,4.0687],[117.9428,-8.8998,3.9311],[117.9474,-8.9058,3.1029],[117.9503,-8.9069,0.0],[117.9544,-8.906,25.3626],[117.9578,-8.9013,0.0],[117.9614,-8.8992,12.7464],[117.9658,-8.9013,0.0],[117.972,-8.8973,13.0146],[117.9808,-8.8948,0.0],[117.9827,-8.8929,22.7757],[117.9899,-8.8729,5.6563],[118.0001,-8.8641,0.0],[118.0049,-8.8557,1.8097],[118.0127,-8.8528,31.1822],[118.0162,-8.8529,12.6543],[118.021,-8.8564,0.0],[118.0278,-8.8521,6.1683],[118.0298,-8.8554,14.7839],[118.0346,-8.855,1.6994],[118.0371,-8.8577,2.8594],[118.039,-8.8576,11.9533],[118.0444,-8.8558,8.9685],[118.0598,-8.8456,24.9885],[118.0703,-8.8412,25.9416],[118.0795,-8.8402,0.0],[118.0904,-8.8478,4.1436],[118.0941,-8.8539,0.0],[118.0925,-8.8593,0.0],[118.0958,-8.8624,3.1524],[118.119,-8.8768,0.9629],[118.127,-8.8779,12.8293],[118.1373,-8.8723,9.7274],[118.1416,-8.8671,19.7556],[118.1506,-8.8649,0.0],[118.1588,-8.8588,0.0],[118.1733,-8.8584,0.0],[118.185,-8.8541,13.0286],[118.1881,-8.8464,0.0],[118.208,-8.8345,15.2385],[118.2102,-8.8317,1.0414],[118.2106,-8.8259,6.3309],[118.2128,-8.8211,1.5168],[118.2195,-8.8145,44.9075],[118.2188,-8.8125,8.1358],[118.2215,-8.8068,0.0],[118.2276,-8.8051,1.2815],[118.2489,-8.7946,0.0],[118.2493,-8.7898,0.0],[118.2555,-8.7874,0.0],[118.2547,-8.7841,91.0059],[118.2594,-8.7746,0.0],[118.2672,-8.7716,0.0],[118.2697,-8.7738,4.8715],[118.2737,-8.7703,37.9892],[118.2838,-8.7693,6.6468],[118.286,-8.7577,10.4885],[118.2825,-8.7509,0.0],[118.2873,-8.7404,2.6764],[118.3036,-8.7324,3.099],[118.3153,-8.7288,0.7402],[118.3204,-8.7288,3.5299],[118.322,-8.7319,3.3293],[118.3266,-8.7294,9.5854],[118.3266,-8.7249,0.0],[118.3308,-8.722,5.8579],[118.3307,-8.7182,18.7647],[118.3334,-8.7156,56.8134],[118.3334,-8.712,9.4715],[118.3362,-8.7103,0.0],[118.3366,-8.7013,0.0],[118.346,-8.6989,0.0],[118.3536,-8.6847,0.9003],[118.3587,-8.6832,0.0],[118.3649,-8.6852,2.9759],[118.371,-8.6886,22.8676],[118.3737,-8.6942,9.6791],[118.3749,-8.6927,38.726],[118.3771,-8.6947,0.0],[118.3851,-8.6832,1.9464],[118.3938,-8.6827,21.9769],[118.3958,-8.6782,0.0],[118.4023,-8.6772,33.6186],[118.406,-8.6723,0.0],[118.4061,-8.6653,0.0],[118.4011,-8.6631,38.4426],[118.391,-8.6623,3.0821],[118.3863,-8.656,2.5479],[118.3854,-8.6515,2.0068],[118.3911,-8.6454,17.4481],[118.3803,-8.6245,0.0],[118.3824,-8.6154,0.8751],[118.3871,-8.609,1.0831],[118.3902,-8.6073,2.2043],[118.3926,-8.6085,0.7084],[118.3955,-8.6076,1.1157],[118.3958,-8.6143,4.676],[118.3968,-8.6154,3.7516],[118.3981,-8.6207,2.0149],[118.4031,-8.6212,3.7834],[118.4091,-8.6188,2.163],[118.4088,-8.6237,2.1786],[118.411,-8.6253,0.8165],[118.4175,-8.6233,0.707],[118.4212,-8.6241,0.9934],[118.4224,-8.6261,2.3239],[118.421,-8.6305,0.8588],[118.4217,-8.6354,0.0],[118.4264,-8.6497,1.1144],[118.4179,-8.6582,0.0],[118.4223,-8.6597,42.0267],[118.4233,-8.6622,6.2539],[118.4263,-8.662,3.9915],[118.4275,-8.6639,5.0447],[118.4266,-8.6659,9.9248],[118.4331,-8.6737,8.4893],[118.431,-8.6798,24.8216],[118.4206,-8.6853,9.0104],[118.4183,-8.6923,51.0758],[118.4281,-8.712,0.0],[118.4294,-8.7166,0.0],[118.4286,-8.7211,0.0],[118.4193,-8.7285,0.6443],[118.415,-8.7359,1.3274],[118.4113,-8.743,0.0],[118.4072,-8.7591,0.8454],[118.3929,-8.7669,3.5627],[118.3888,-8.7636,2.9574],[118.3863,-8.7639,0.0],[118.3758,-8.7728,0.0],[118.3717,-8.7799,2.2117],[118.3777,-8.7833,0.0],[118.38,-8.7879,2.7278],[118.3791,-8.7969,5.6319],[118.3823,-8.8041,0.9128],[118.3797,-8.8102,4.0693],[118.3797,-8.8212,7.2052],[118.3812,-8.8244,6.5557],[118.3795,-8.8276,5.0448],[118.3883,-8.8435,3.3557],[118.4003,-8.858,0.0],[118.4177,-8.8715,0.0],[118.4245,-8.8725,20.965],[118.4363,-8.8801,0.0],[118.4515,-8.8849,0.0],[118.4576,-8.8846,0.0],[118.4622,-8.8797,1.3775],[118.4655,-8.8801,2.8836],[118.4684,-8.8818,34.4947],[118.4674,-8.8894,5.5433],[118.472,-8.8852,3.6484],[118.4888,-8.8845,24.9224],[118.4902,-8.8865,0.0],[118.4916,-8.883,36.9846],[118.4937,-8.8834,0.0],[118.4955,-8.879,9.1095],[118.5009,-8.8795,111.9015],[118.5027,-8.8834,0.0],[118.5035,-8.8813,13.3757],[118.5066,-8.8821,0.0],[118.509,-8.8764,2.9583],[118.5155,-8.8762,79.1251],[118.5193,-8.8785,0.0],[118.5228,-8.8711,90.5176],[118.5316,-8.8638,4.6122],[118.5527,-8.8535,12.4799],[118.558,-8.8477,9.3659],[118.5659,-8.8467,2.44],[118.5735,-8.8502,0.0],[118.5734,-8.8476,25.8028],[118.5751,-8.846,48.9584],[118.582,-8.8447,0.5186],[118.5865,-8.8415,5.2984],[118.6025,-8.8396,1.35],[118.6101,-8.8334,5.6669],[118.611,-8.8294,11.0045],[118.6268,-8.8252,1.9768],[118.6253,-8.8204,4.0467],[118.6373,-8.8137,23.1141],[118.6492,-8.8143,27.1469],[118.6502,-8.8122,46.313],[118.6554,-8.8121,8.2773],[118.656,-8.8097,2.6544],[118.6652,-8.8061,10.2444],[118.6743,-8.8061,7.0147],[118.6814,-8.8096,0.0],[118.6885,-8.8055,8.7614],[118.7001,-8.8069,3.4428],[118.7044,-8.8033,0.0],[118.7075,-8.7979,54.1797],[118.7184,-8.7978,16.1405],[118.719,-8.7934,18.7815],[118.7204,-8.7928,53.9146],[118.7236,-8.7938,8.1226],[118.726,-8.7982,0.0],[118.7286,-8.7975,14.866],[118.7286,-8.8013,0.0],[118.7301,-8.8024,20.3577],[118.7314,-8.8018,0.0],[118.7297,-8.798,5.7476],[118.7328,-8.7961,6.6619],[118.738,-8.802,5.4081],[118.7412,-8.8014,6.6608],[118.746,-8.8037,0.089],[118.7467,-8.7974,44.6166],[118.7482,-8.796,3.496],[118.7527,-8.7953,2.1909],[118.7581,-8.797,3.2652],[118.7615,-8.8037,0.0],[118.7758,-8.8105,1.0975],[118.7836,-8.8203,3.3596],[118.7922,-8.8229,13.2826],[118.7932,-8.8209,13.3952],[118.7942,-8.8227,0.0],[118.7961,-8.8222,18.729],[118.7975,-8.8197,10.5031],[118.7995,-8.8207,6.204],[118.8017,-8.8193,20.5316],[118.8061,-8.821,2.3119],[118.8048,-8.8196,0.8813],[118.806,-8.819,5.0888],[118.8092,-8.8228,15.6658],[118.8087,-8.8256,6.6874],[118.8172,-8.8316,79.6445],[118.8157,-8.8342,1.692],[118.818,-8.8369,16.0621],[118.8325,-8.8394,77.4647],[118.8363,-8.8458,0.0],[118.8369,-8.8437,22.5436],[118.8381,-8.8445,4.2494],[118.8392,-8.8431,4.2494],[118.8429,-8.8452,0.0],[118.8442,-8.8422,0.0],[118.8422,-8.8387,3.8409],[118.8441,-8.8354,0.0],[118.8507,-8.8336,3.2682],[118.8521,-8.8346,0.0],[118.8526,-8.8334,2.2691],[118.8633,-8.8384,17.4164],[118.8647,-8.8464,0.0],[118.8657,-8.8431,1.5518],[118.8707,-8.841,61.16],[118.8728,-8.8422,4.7749],[118.8766,-8.8403,43.4397],[118.8872,-8.8403,0.6781],[118.8961,-8.8375,14.1259],[118.8984,-8.838,17.1696],[118.8989,-8.8414,0.0],[118.9022,-8.8417,18.515],[118.9038,-8.8436,0.0],[118.9099,-8.8407,9.9671],[118.9188,-8.8404,4.2618],[118.9409,-8.8306,25.8543],[118.9447,-8.8309,17.3156],[118.9454,-8.8267,12.1004],[118.9494,-8.8231,0.0],[118.952,-8.8229,32.5966],[118.9525,-8.8198,33.0837],[118.9561,-8.8181,8.2586],[118.9579,-8.8197,0.0],[118.9597,-8.8176,0.0],[118.9542,-8.8157,41.0317],[118.9542,-8.8131,27.9508],[118.9514,-8.8127,0.0],[118.9491,-8.8069,0.0],[118.946,-8.8053,20.9157],[118.948,-8.794,18.3919],[118.9511,-8.7919,0.0],[118.9503,-8.79,24.6566],[118.944,-8.7885,8.0968],[118.9381,-8.795,11.7762],[118.9357,-8.7931,7.473],[118.9378,-8.7912,10.4554],[118.936,-8.7884,8.2379],[118.938,-8.7861,35.9233],[118.9374,-8.7847,35.9233],[118.927,-8.7889,4.4198],[118.9204,-8.7862,0.0],[118.9145,-8.7753,0.0],[118.9122,-8.7738,4.4363],[118.9092,-8.7652,1.4372],[118.9063,-8.766,1.1341],[118.8985,-8.7629,0.0],[118.8885,-8.7615,5.2588],[118.883,-8.763,1.4947],[118.8845,-8.7637,2.5995],[118.8828,-8.7663,8.6222],[118.8833,-8.7647,9.0703],[118.8819,-8.7648,5.0347],[118.8833,-8.7638,2.5995],[118.8741,-8.7634,2.9179],[118.8703,-8.7655,7.5764],[118.871,-8.7638,0.9905],[118.8676,-8.7629,0.0],[118.8609,-8.7639,1.9893],[118.8584,-8.7678,1.9332],[118.8546,-8.7691,5.4738],[118.8462,-8.7704,15.5989],[118.8412,-8.7689,0.4367],[118.84,-8.7702,6.7989],[118.8386,-8.7687,1.5343],[118.8349,-8.7714,19.7462],[118.8269,-8.7661,0.0],[118.8185,-8.7661,0.0],[118.8106,-8.7629,0.0],[118.7984,-8.7652,0.0],[118.7744,-8.763,20.9005],[118.7656,-8.7644,0.0],[118.7637,-8.7672,7.6545],[118.7597,-8.7682,2.4718],[118.7493,-8.7666,2.733],[118.7465,-8.764,0.0],[118.7387,-8.765,5.4647],[118.7286,-8.7775,1.0856],[118.7264,-8.7776,3.3201],[118.7247,-8.7655,0.0],[118.7265,-8.7593,9.9187],[118.7209,-8.7574,1.7899],[118.719,-8.7546,9.7961],[118.6963,-8.7523,0.5857],[118.6918,-8.7479,3.2117],[118.6942,-8.7433,1.1476],[118.6958,-8.7442,0.0],[118.6966,-8.7424,1.6434],[118.6949,-8.739,1.3991],[118.697,-8.7403,0.718],[118.6985,-8.7387,2.9076],[118.7122,-8.7412,0.8353],[118.7161,-8.74,7.4374],[118.7171,-8.738,0.9157],[118.72,-8.739,0.0],[118.7192,-8.7363,10.631],[118.7216,-8.7306,0.0],[118.7269,-8.7274,5.8845],[118.7311,-8.7292,0.0],[118.7327,-8.7264,11.8798],[118.7314,-8.7232,0.0],[118.7336,-8.719,0.9822],[118.7415,-8.7153,0.3463],[118.7483,-8.7014,0.0],[118.7612,-8.6927,1.1821],[118.765,-8.6935,3.5656],[118.7655,-8.6969,0.4616],[118.7681,-8.6947,25.7789],[118.7655,-8.6993,5.2059],[118.7703,-8.7015,0.3395],[118.7725,-8.7087,29.2008],[118.7752,-8.7098,0.0],[118.7826,-8.7035,0.7735],[118.788,-8.7049,0.0],[118.7912,-8.708,0.0],[118.7964,-8.7087,0.2658],[118.8043,-8.7046,0.0],[118.8148,-8.7032,0.0],[118.8212,-8.7129,0.642],[118.8345,-8.7122,3.6104],[118.8393,-8.7153,0.9443],[118.8461,-8.7236,2.2523],[118.8438,-8.7281,0.0],[118.8462,-8.7301,0.0],[118.85,-8.7284,15.5764],[118.8516,-8.7248,50.0563],[118.8558,-8.7239,13.6799],[118.8598,-8.7204,5.1866],[118.8646,-8.7229,18.2658],[118.8698,-8.7218,0.0],[118.8755,-8.7169,2.3266],[118.8811,-8.7087,0.0],[118.8879,-8.7087,0.0],[118.8863,-8.7071,12.4182],[118.8827,-8.7073,2.9843],[118.8752,-8.7005,0.7498],[118.8764,-8.6948,2.9711],[118.8824,-8.6883,4.4366],[118.9063,-8.6802,0.0],[118.9286,-8.6947,0.5993],[118.9298,-8.6992,0.0],[118.938,-8.705,0.0],[118.9462,-8.7173,0.0],[118.9545,-8.7219,0.0],[118.9575,-8.7289,24.3425],[118.963,-8.735,0.0],[118.9658,-8.7439,61.411],[118.9714,-8.7489,4.4957],[118.9757,-8.7457,0.0],[118.9862,-8.7428,56.0422],[118.9886,-8.7451,0.0],[118.9912,-8.7423,35.8039],[118.9981,-8.7401,39.0586],[119.0037,-8.7415,0.0],[119.0075,-8.7396,0.0],[119.0112,-8.7411,59.2021],[119.0117,-8.7434,0.0],[119.0137,-8.7416,0.0],[119.0178,-8.7428,34.5339],[119.019,-8.7398,0.0],[119.0224,-8.7392,1.7265],[119.0232,-8.7372,1.2078],[119.0277,-8.7358,18.7591],[119.0292,-8.737,0.0],[119.0359,-8.7329,5.2985],[119.0443,-8.7363,0.0],[119.047,-8.7351,0.0],[119.0591,-8.738,0.0],[119.0658,-8.7444,0.0],[119.0675,-8.7427,25.2491],[119.0747,-8.7446,0.0],[119.0767,-8.7416,8.8121],[119.0798,-8.7443,15.2505],[119.0839,-8.7428,28.0338],[119.0845,-8.7446,0.0],[119.0869,-8.7442,17.8508],[119.0866,-8.7462,0.0],[119.0898,-8.7466,27.0754],[119.0924,-8.7524,0.0],[119.0957,-8.7489,26.6047],[119.0989,-8.7518,0.0],[119.1012,-8.7481,0.4446],[119.1033,-8.7486,0.0],[119.1023,-8.7446,21.3678],[119.104,-8.7448,0.0],[119.1023,-8.7413,42.0238],[119.104,-8.7393,0.0],[119.0984,-8.7311,0.0],[119.1048,-8.7262,9.7901],[119.1086,-8.7313,0.0],[119.1112,-8.7296,0.0],[119.1149,-8.7328,2.8836],[119.117,-8.7449,0.0],[119.1211,-8.7433,0.0],[119.128,-8.752,7.1387],[119.1332,-8.7528,12.2001],[119.1365,-8.7494,0.0],[119.1364,-8.7464,0.0],[119.1394,-8.7444,0.0],[119.1378,-8.7409,12.529],[119.1339,-8.7396,53.2669],[119.1339,-8.7375,11.4552],[119.1391,-8.7361,2.2695],[119.1413,-8.7324,4.7812],[119.1474,-8.7289,38.2555],[119.1531,-8.7285,0.0],[119.1596,-8.7252,37.5316],[119.1645,-8.7263,0.0],[119.1651,-8.723,4.801],[119.1675,-8.7244,36.067],[119.1724,-8.7238,0.0],[119.1694,-8.7217,0.0],[119.1704,-8.7189,0.0],[119.1638,-8.7188,13.0556],[119.1543,-8.7129,0.0],[119.1495,-8.7127,0.7304],[119.148,-8.711,6.953],[119.1486,-8.7082,2.9434],[119.1585,-8.7036,11.3638],[119.1601,-8.7054,0.0],[119.1643,-8.7042,30.697],[119.1655,-8.7067,0.0],[119.1668,-8.7056,26.1261],[119.1731,-8.7064,0.0],[119.1681,-8.7003,0.0],[119.1675,-8.6974,0.0],[119.1696,-8.6951,5.001],[119.1759,-8.7007,0.0],[119.1761,-8.6981,0.0],[119.1714,-8.6929,11.5318],[119.1734,-8.6924,0.0],[119.1731,-8.6898,12.3852],[119.1695,-8.6916,2.0954],[119.1695,-8.6857,0.0],[119.1656,-8.6865,15.6014],[119.162,-8.6847,13.319],[119.1575,-8.6723,1.3856],[119.1592,-8.6701,0.0],[119.1579,-8.6675,6.5303],[119.1593,-8.6648,0.0],[119.1572,-8.6636,26.074],[119.1568,-8.6571,0.7459],[119.1607,-8.6526,21.5972],[119.1717,-8.6474,0.0],[119.1562,-8.6471,12.1679],[119.1559,-8.6442,1.5216],[119.1585,-8.6424,30.0005],[119.1585,-8.6407,22.1782],[119.1556,-8.6388,2.116],[119.1528,-8.6401,10.0703],[119.1506,-8.637,0.0],[119.1527,-8.6342,16.7852],[119.1547,-8.637,2.2417],[119.1561,-8.636,12.5021],[119.1585,-8.6383,0.0],[119.1617,-8.6375,6.2816],[119.1611,-8.632,0.0],[119.1595,-8.6304,0.0],[119.1606,-8.6276,5.4336],[119.1615,-8.6301,0.0],[119.1631,-8.628,24.064],[119.1649,-8.6358,0.0],[119.1712,-8.635,0.0],[119.1724,-8.6325,0.0],[119.1706,-8.6321,6.0464],[119.1722,-8.6295,2.7332],[119.1698,-8.6256,2.8754],[119.1708,-8.6248,2.8754],[119.1745,-8.6282,0.0],[119.1753,-8.6318,0.0],[119.1782,-8.6308,28.1294],[119.1827,-8.6336,0.0],[119.182,-8.6275,0.0],[119.1772,-8.6242,3.4766],[119.1813,-8.6222,12.1501],[119.1829,-8.6231,0.0],[119.1826,-8.6213,7.1566],[119.1753,-8.6185,2.2354],[119.1787,-8.617,0.0],[119.1764,-8.6146,2.3911],[119.1733,-8.615,9.0522],[119.1746,-8.6138,1.2803],[119.1725,-8.6111,3.9295],[119.174,-8.6094,17.618],[119.1877,-8.6071,3.2109],[119.1906,-8.6113,0.0],[119.1924,-8.61,4.9788],[119.1914,-8.6056,10.6927],[119.1847,-8.6043,12.8308],[119.1798,-8.5992,0.0],[119.18,-8.5939,0.0],[119.1845,-8.5881,10.1804],[119.183,-8.5854,6.8638],[119.1756,-8.5864,6.2021],[119.1599,-8.5798,8.8085],[119.1641,-8.5788,3.6023],[119.1692,-8.574,0.0],[119.1685,-8.5719,2.1816],[119.1618,-8.5736,7.0644],[119.1638,-8.5715,0.0],[119.1639,-8.5689,7.0465],[119.1651,-8.5712,13.6165],[119.1665,-8.5709,13.6165],[119.1655,-8.5675,14.6564],[119.1674,-8.5692,3.269],[119.1681,-8.5668,20.8698],[119.1691,-8.5695,4.7448],[119.17,-8.5679,21.9286],[119.172,-8.5694,14.7538],[119.1758,-8.5634,0.0],[119.1739,-8.5628,0.0],[119.1721,-8.5644,2.3314],[119.1691,-8.563,2.1764],[119.166,-8.5593,7.927],[119.1669,-8.5569,6.6963],[119.1653,-8.5564,6.6963],[119.1613,-8.5592,5.4787],[119.1624,-8.5605,5.2147],[119.1613,-8.5631,37.2823],[119.1566,-8.5668,8.6182],[119.1532,-8.5677,0.0],[119.151,-8.5657,0.0],[119.1471,-8.5672,3.1663],[119.1483,-8.5683,0.0],[119.1466,-8.5697,11.9375],[119.1474,-8.5761,0.0],[119.151,-8.5757,54.0793],[119.1468,-8.5815,5.3764],[119.1472,-8.5851,3.0017],[119.1509,-8.5857,32.1275],[119.1525,-8.5885,0.0],[119.1506,-8.5929,4.0884],[119.1472,-8.5928,10.7624],[119.1465,-8.5883,0.0],[119.1345,-8.5954,7.4909],[119.1341,-8.6016,11.8757],[119.1308,-8.6034,1.3459],[119.1267,-8.6009,1.4466],[119.125,-8.5978,0.0],[119.1224,-8.598,17.0052],[119.1211,-8.5947,8.5789],[119.1207,-8.6003,5.4928],[119.1156,-8.5966,0.6455],[119.1157,-8.5945,0.0],[119.1119,-8.5943,0.0],[119.1091,-8.5962,0.0],[119.1067,-8.6067,0.7365],[119.1106,-8.606,3.6105],[119.1106,-8.6111,4.9243],[119.1139,-8.6111,12.5661],[119.1134,-8.6133,0.0],[119.116,-8.6147,8.4038],[119.116,-8.6173,9.1704],[119.1205,-8.6166,1.8927],[119.1212,-8.6186,0.0],[119.1276,-8.622,2.7452],[119.1304,-8.6263,2.7992],[119.1291,-8.6301,1.7767],[119.1228,-8.6295,0.0],[119.1075,-8.6367,3.7643],[119.1021,-8.6359,0.6486],[119.0997,-8.6327,0.0],[119.0992,-8.6363,25.9569],[119.0961,-8.6397,0.926],[119.091,-8.6421,2.1608],[119.0902,-8.6443,0.6394],[119.0861,-8.6445,0.0],[119.0842,-8.6473,0.6377],[119.0779,-8.6513,4.6448],[119.0624,-8.6515,19.0562],[119.0616,-8.6504,0.0],[119.0546,-8.6525,0.0],[119.0358,-8.6418,0.0],[119.0317,-8.6335,1.0477],[119.0332,-8.6249,32.5633],[119.0317,-8.6211,0.6941],[119.0335,-8.6161,13.211],[119.0371,-8.6141,3.2878],[119.0363,-8.6093,0.3722],[119.0342,-8.6086,13.4127],[119.0332,-8.6053,12.911],[119.0342,-8.6025,1.3478],[119.0371,-8.6029,0.8896],[119.0368,-8.5958,0.0],[119.0316,-8.5962,0.0],[119.0293,-8.5942,0.0],[119.0296,-8.5869,0.0],[119.0258,-8.5837,3.2749],[119.0243,-8.5841,1.953],[119.0241,-8.5802,2.5264],[119.0265,-8.5781,0.9811],[119.0229,-8.5794,8.7624],[119.0231,-8.578,0.5375],[119.0179,-8.5758,0.852],[119.0221,-8.5747,0.0],[119.021,-8.573,0.2939],[119.0166,-8.5759,0.8603],[119.0151,-8.5754,0.8603],[119.0141,-8.571,1.5351],[119.0151,-8.5662,1.9943],[119.0176,-8.5658,1.9128],[119.0178,-8.5635,0.5217],[119.0134,-8.5592,8.164],[119.0176,-8.5551,0.6033],[119.0236,-8.5578,6.3662],[119.0239,-8.5537,2.1091],[119.0256,-8.5519,12.8703],[119.0227,-8.5495,0.0],[119.02,-8.5504,0.7712],[119.0198,-8.5461,0.0],[119.0183,-8.5482,3.2728],[119.0152,-8.5488,9.0302],[119.0148,-8.5467,3.5393],[119.0177,-8.545,4.3761],[119.0182,-8.5427,11.8821],[119.0159,-8.5405,8.7554],[119.0135,-8.5405,3.9945],[119.013,-8.5378,0.275],[119.0167,-8.5293,5.8247],[119.0182,-8.5289,7.0932],[119.0216,-8.5319,0.0],[119.0211,-8.5258,0.0],[119.0235,-8.5229,4.0925],[119.0311,-8.5276,3.6654],[119.0346,-8.5257,2.2122],[119.0368,-8.5265,0.0],[119.0417,-8.5227,1.0638],[119.0396,-8.5205,0.0],[119.0407,-8.5178,10.2253],[119.044,-8.5186,2.1445],[119.0521,-8.5136,3.1132],[119.0529,-8.5109,4.3311],[119.05,-8.5081,1.0433],[119.0501,-8.5057,1.1565],[119.0402,-8.5052,21.3899],[119.0395,-8.5034,0.0],[119.0414,-8.5,10.9633],[119.0476,-8.4994,4.0971],[119.0444,-8.4923,10.9287],[119.0488,-8.4866,2.1421],[119.047,-8.4831,5.1203],[119.0476,-8.4772,4.8541],[119.0438,-8.4743,0.0],[119.0395,-8.475,9.5185],[119.0375,-8.4738,0.8023],[119.0368,-8.4714,2.5727],[119.0396,-8.47,0.0],[119.0349,-8.467,12.3594],[119.0364,-8.4647,0.0],[119.0436,-8.463,0.0],[119.0497,-8.4658,0.0],[119.0532,-8.4652,6.8788],[119.0535,-8.464,7.2184],[119.0506,-8.464,4.6366],[119.0466,-8.4603,1.8253],[119.0521,-8.4537,4.2329],[119.0492,-8.4514,15.2392],[119.0446,-8.4552,8.0198],[119.039,-8.4552,2.7745],[119.0447,-8.4505,9.4831],[119.0406,-8.4512,0.8879],[119.0388,-8.4479,18.1964],[119.0436,-8.4438,9.5501],[119.0466,-8.438,0.9274],[119.0433,-8.4382,0.0],[119.0401,-8.4415,4.4867],[119.036,-8.4403,2.9978],[119.0351,-8.4369,2.9308],[119.0307,-8.4419,7.9077],[119.0271,-8.4403,0.0],[119.027,-8.4365,63.8232],[119.0294,-8.4324,0.0],[119.0282,-8.4271,0.2028],[119.0221,-8.4218,11.2433],[119.0215,-8.416,0.0],[119.0189,-8.4154,0.0],[119.0197,-8.4122,0.0],[119.0179,-8.4121,5.7205],[119.0119,-8.4033,2.2925],[119.0127,-8.4005,0.9353],[119.0161,-8.4005,6.3585],[119.0172,-8.3983,8.4982],[119.0113,-8.3992,0.0],[119.0043,-8.3949,18.4647],[119.0019,-8.3902,1.0248],[118.9993,-8.3894,0.0],[118.9921,-8.3765,2.2344],[118.991,-8.3706,3.5399],[118.9931,-8.353,0.0],[118.9891,-8.346,1.7678],[118.9896,-8.3419,3.7873],[118.997,-8.3238,1.487],[119.0042,-8.3141,1.0649],[119.0005,-8.3103,0.0],[118.9853,-8.3038,1.0398],[118.9815,-8.303,2.8055],[118.9685,-8.3051,3.7411],[118.956,-8.3008,11.9213],[118.9441,-8.294,1.8712],[118.9283,-8.2954,0.0],[118.9247,-8.2942,0.0],[118.9202,-8.29,15.7232],[118.9092,-8.2899,15.5241],[118.8896,-8.2845,0.0],[118.8765,-8.2865,3.2828],[118.8692,-8.2896,12.0148],[118.8617,-8.2898,18.3492],[118.8588,-8.2895,0.593],[118.8564,-8.287,1.7476],[118.8477,-8.2864,10.9988],[118.8345,-8.2815,6.4862],[118.8161,-8.2808,0.0],[118.8074,-8.2861,2.8587],[118.799,-8.2879,3.9643],[118.7957,-8.2936,1.9437],[118.79,-8.2959,0.0],[118.7864,-8.3022,14.0161],[118.7762,-8.3046,16.9561],[118.7707,-8.3086,3.1814],[118.7652,-8.3098,1.5496],[118.7637,-8.3155,1.8268],[118.7594,-8.3212,0.0],[118.7555,-8.3235,20.0459],[118.7551,-8.3296,2.967],[118.7481,-8.3328,5.899],[118.7462,-8.3387,4.0949],[118.7414,-8.3366,17.0352],[118.7376,-8.3383,24.7552],[118.7369,-8.3406,6.1998],[118.7325,-8.3404,11.4494],[118.7292,-8.3432,90.7034],[118.7273,-8.3465,0.0],[118.729,-8.3491,20.9126],[118.7272,-8.351,2.4877],[118.7295,-8.3549,10.2677],[118.729,-8.3586,13.3401],[118.7187,-8.3679,0.0],[118.7191,-8.3705,3.1152],[118.7125,-8.3817,8.2206],[118.7066,-8.3864,10.2915],[118.7029,-8.3874,5.8906],[118.7015,-8.3903,0.0],[118.7051,-8.3961,28.4732],[118.7108,-8.3975,16.9217],[118.7104,-8.4002,9.2557],[118.7079,-8.3995,0.0],[118.7075,-8.4008,2.0435],[118.7123,-8.4062,15.4867],[118.7036,-8.4051,8.9452],[118.7021,-8.4075,38.0817],[118.6987,-8.4082,5.6594],[118.6986,-8.4121,8.7427],[118.7018,-8.4163,0.0],[118.7081,-8.4188,0.6639],[118.7058,-8.422,0.0],[118.7071,-8.4219,0.0],[118.7092,-8.4201,4.7837],[118.7135,-8.4225,5.4491],[118.714,-8.424,2.9384],[118.7118,-8.4258,0.0],[118.7123,-8.4297,10.4376],[118.7135,-8.4306,10.4376],[118.7168,-8.4282,0.0],[118.7185,-8.4287,4.579],[118.7224,-8.4315,0.0],[118.7248,-8.4361,19.7284],[118.723,-8.4416,2.4012],[118.7189,-8.4415,0.5733],[118.718,-8.443,0.0],[118.7198,-8.4461,0.1735],[118.7187,-8.448,0.346],[118.7207,-8.4487,3.0267],[118.7191,-8.4496,3.8031],[118.7131,-8.447,0.5302],[118.7125,-8.4483,0.8669],[118.719,-8.4513,2.3071],[118.7186,-8.4531,1.3188],[118.7132,-8.4521,0.5427],[118.7115,-8.4536,0.0],[118.7124,-8.4568,0.5841],[118.711,-8.4586,0.0],[118.7157,-8.4631,0.0],[118.7211,-8.4618,1.5804],[118.7234,-8.4636,1.9953],[118.7208,-8.4707,16.7721],[118.7143,-8.4736,9.1807],[118.7122,-8.473,27.8829],[118.7113,-8.4707,0.0],[118.7092,-8.4744,0.0],[118.7113,-8.4781,0.0],[118.7097,-8.4809,0.0],[118.7142,-8.4948,1.9002],[118.7134,-8.4983,7.9631],[118.707,-8.5046,3.8357],[118.707,-8.5071,2.1388],[118.6949,-8.5115,2.2904],[118.6958,-8.5158,7.5621],[118.6944,-8.5171,5.5933],[118.689,-8.5172,5.6926],[118.6877,-8.5186,22.1231],[118.6782,-8.5159,0.0],[118.6759,-8.5168,9.0682],[118.6751,-8.5191,0.0],[118.681,-8.5245,5.3036],[118.6771,-8.5255,0.0],[118.6766,-8.5287,0.0],[118.674,-8.5301,0.0],[118.6749,-8.5362,0.0],[118.6736,-8.5357,0.0],[118.673,-8.5396,0.0853],[118.6712,-8.5406,0.0853],[118.6658,-8.5394,0.0],[118.6659,-8.5411,0.0],[118.6606,-8.5412,0.0],[118.6604,-8.5446,0.0],[118.6573,-8.5449,0.0],[118.6532,-8.5508,0.2568],[118.6506,-8.5509,0.0973],[118.6509,-8.5461,0.0],[118.6554,-8.5425,0.3669],[118.6609,-8.5312,0.0],[118.664,-8.5308,0.0],[118.6655,-8.5277,0.0],[118.6676,-8.527,0.0],[118.6711,-8.5196,0.0],[118.6603,-8.511,0.0],[118.6613,-8.5063,0.0],[118.665,-8.5037,0.0],[118.6637,-8.5017,0.0],[118.6643,-8.4964,0.3284],[118.6673,-8.4945,0.0],[118.6644,-8.4883,0.4536],[118.6694,-8.4814,0.0],[118.6781,-8.4757,0.0],[118.6799,-8.4728,0.0],[118.6798,-8.4685,0.1522],[118.6865,-8.4598,0.0],[118.6854,-8.4539,6.4286],[118.6869,-8.4481,0.0],[118.6893,-8.4451,1.9021],[118.6871,-8.4439,0.202],[118.6871,-8.4407,3.2379],[118.6898,-8.4388,0.0],[118.6899,-8.4338,0.0],[118.692,-8.4305,0.0],[118.6891,-8.4274,3.2018],[118.6906,-8.424,1.1497],[118.6886,-8.4225,4.3471],[118.6929,-8.4201,0.9659],[118.6859,-8.4194,0.0],[118.6859,-8.418,0.0],[118.6903,-8.417,2.0316],[118.6917,-8.4144,0.0],[118.6833,-8.4116,21.1013],[118.6892,-8.4115,0.0],[118.6902,-8.4045,25.7282],[118.6938,-8.4034,0.0],[118.6935,-8.4014,19.766],[118.6901,-8.4016,9.9868],[118.6914,-8.3977,30.8692],[118.698,-8.3965,0.0],[118.6925,-8.3967,2.6314],[118.6933,-8.3936,13.1764],[118.6852,-8.3937,9.6055],[118.6901,-8.3898,0.0],[118.6911,-8.3836,12.5517],[118.6934,-8.3827,11.1273],[118.6958,-8.3779,0.0],[118.6916,-8.3724,18.6539],[118.6919,-8.3683,0.0],[118.6878,-8.3682,2.816],[118.6882,-8.3657,11.0542],[118.6911,-8.365,5.4529],[118.6907,-8.3584,3.6445],[118.6877,-8.3543,0.0],[118.6858,-8.3449,0.0],[118.6832,-8.3403,8.4657],[118.6796,-8.3386,0.0],[118.6779,-8.3323,0.0],[118.6686,-8.3253,1.6132],[118.6694,-8.3181,0.0],[118.6603,-8.3123,0.0],[118.6575,-8.3001,2.4358],[118.6508,-8.2987,0.0],[118.649,-8.2964,3.4362],[118.6496,-8.2924,2.6649],[118.646,-8.2897,4.8755],[118.6386,-8.2881,5.1225],[118.6328,-8.292,5.3086],[118.6295,-8.2922,2.0444],[118.6262,-8.2886,0.0],[118.6205,-8.2872,1.3228],[118.6104,-8.2783,4.3699],[118.6074,-8.2774,0.0],[118.606,-8.2747,0.0],[118.6018,-8.2762,0.0],[118.5972,-8.2738,0.0],[118.5919,-8.2751,3.6453],[118.5844,-8.2664,6.6306],[118.5735,-8.2714,9.8038],[118.5695,-8.27,12.4021],[118.5647,-8.2649,1.0554],[118.5587,-8.2634,3.3942],[118.5415,-8.2649,8.9018],[118.5361,-8.2631,16.8877],[118.5319,-8.2649,5.5664],[118.5203,-8.2602,3.3316],[118.5135,-8.2609,0.0],[118.5066,-8.2558,0.0],[118.5022,-8.2494,1.2191],[118.4949,-8.2432,7.3648],[118.4867,-8.2497,9.1999],[118.4805,-8.2511,0.0],[118.4761,-8.2501,3.046],[118.4697,-8.2458,0.0],[118.4636,-8.2459,0.0],[118.4595,-8.2551,7.6563],[118.4534,-8.2563,13.098],[118.4514,-8.2607,9.0875],[118.4474,-8.2627,0.0],[118.4471,-8.2668,2.8298],[118.4427,-8.2695,2.8816],[118.4429,-8.274,4.8922],[118.4395,-8.2783,1.2911],[118.4342,-8.2769,0.7818],[118.4322,-8.2803,1.0011],[118.4274,-8.2823,1.2287],[118.4233,-8.2866,3.9041],[118.4136,-8.2895,0.0],[118.4101,-8.2965,6.498],[118.3884,-8.3043,0.5113],[118.3872,-8.3128,0.7057],[118.3896,-8.318,2.6985],[118.3881,-8.3232,0.9474],[118.3887,-8.3285,0.547],[118.3829,-8.3335,2.3798],[118.3733,-8.3347,4.0405],[118.3632,-8.3385,5.3708],[118.3603,-8.3409,0.0],[118.3587,-8.3481,2.2236],[118.356,-8.3523,0.5263],[118.353,-8.3515,1.0559],[118.3529,-8.3492,0.0],[118.3473,-8.3442,0.0],[118.3383,-8.3452,1.4622],[118.3354,-8.3484,8.927],[118.3368,-8.3523,13.378],[118.3346,-8.3601,15.2997],[118.3361,-8.3629,27.0505],[118.3352,-8.3654,3.2149],[118.3291,-8.366,1.4328],[118.3229,-8.3601,0.0],[118.3248,-8.3662,0.0],[118.3174,-8.3703,0.7345],[118.3097,-8.3702,1.2102],[118.3015,-8.3676,0.0],[118.2908,-8.3678,0.0],[118.2851,-8.3598,2.0439],[118.2832,-8.3602,3.592],[118.2821,-8.3639,0.0],[118.2794,-8.3645,0.0],[118.2714,-8.3583,3.6859],[118.2723,-8.3525,20.6538],[118.2754,-8.3492,3.6514],[118.277,-8.3431,2.3785],[118.2748,-8.3339,0.0],[118.2627,-8.3364,0.0],[118.2605,-8.3397,4.9836],[118.2602,-8.3475,5.3748],[118.2571,-8.35,3.0168],[118.2535,-8.3461,0.0],[118.2489,-8.3441,0.9493],[118.2458,-8.339,0.8313],[118.2335,-8.3323,0.5419],[118.2297,-8.3272,0.0],[118.2297,-8.3226,0.0],[118.2236,-8.3139,2.1861],[118.2227,-8.2956,0.0],[118.2196,-8.2913,6.3828],[118.218,-8.2841,7.1686],[118.2127,-8.2786,0.0],[118.208,-8.2765,17.6032],[118.2062,-8.273,3.0236],[118.1943,-8.2713,25.3795],[118.1891,-8.2672,3.864],[118.1872,-8.2692,0.0],[118.1844,-8.2682,21.6181],[118.1806,-8.261,11.2561],[118.1815,-8.2582,1.7924],[118.1772,-8.2534,24.1998],[118.1773,-8.2516,0.0],[118.1751,-8.2519,24.3378],[118.1745,-8.2496,7.1597],[118.173,-8.2508,7.1774],[118.1687,-8.2485,16.6851],[118.1677,-8.2456,0.0],[118.1625,-8.2417,19.3761],[118.161,-8.2346,0.0],[118.1625,-8.2335,8.7756],[118.1589,-8.2307,0.0],[118.1598,-8.2262,0.0],[118.158,-8.2223,54.8318],[118.1604,-8.2103,7.06],[118.1568,-8.2064,26.5345],[118.1534,-8.2064,10.4785],[118.1469,-8.1998,2.8432],[118.1479,-8.1968,39.9624],[118.1453,-8.1902,16.743],[118.1456,-8.1846,25.1923],[118.1491,-8.1741,3.6937],[118.1456,-8.1631,2.0401],[118.1465,-8.139,0.0],[118.1432,-8.1348,3.4674],[118.1281,-8.1278,0.0],[118.1218,-8.1271,2.1266],[118.1111,-8.1229,1.6917],[118.1023,-8.1152,8.1192],[118.0913,-8.1118,2.0219],[118.0807,-8.1003,1.0853],[118.0745,-8.1006,2.1152],[118.0594,-8.1075,0.5761],[118.0442,-8.1077,0.0],[118.03,-8.1027,0.0],[118.0227,-8.0978,0.0],[118.0062,-8.094,0.0],[117.9834,-8.1047,1.6993],[117.9714,-8.1035,2.1261],[117.9606,-8.1072,3.1967],[117.9507,-8.1014,6.9322],[117.9437,-8.0839,1.6133],[117.9238,-8.0801,0.8301],[117.9125,-8.0857,0.0],[117.9011,-8.0942,0.0],[117.8923,-8.0931,4.1271],[117.8811,-8.0994,0.7689],[117.8684,-8.1012,0.0],[117.8499,-8.1152,2.8973],[117.8353,-8.1228,0.0],[117.8291,-8.1294,0.0],[117.8164,-8.1307,17.1413],[117.8041,-8.1254,3.4937],[117.7866,-8.1239,0.0],[117.7751,-8.1293,0.8113],[117.7666,-8.1428,0.9151],[117.7501,-8.1478,0.0],[117.7421,-8.1551,4.0072],[117.7396,-8.1557,2.1312],[117.7345,-8.1533,4.298],[117.7325,-8.1468,7.4507],[117.7283,-8.1499,18.1577],[117.7241,-8.15,0.0],[117.7271,-8.1583,3.6071],[117.7205,-8.1617,37.7673],[117.719,-8.164,4.0992],[117.721,-8.1725,29.8569],[117.7126,-8.1824,7.021],[117.713,-8.1909,9.3729],[117.7104,-8.1952,4.8421],[117.7102,-8.203,4.5166],[117.7065,-8.2108,2.0506],[117.7102,-8.2153,3.8683],[117.7101,-8.2197,1.3706],[117.6992,-8.2266,4.1027],[117.6987,-8.2303,9.6676],[117.696,-8.2337,30.5653],[117.6909,-8.2348,0.0],[117.6917,-8.2383,3.4316],[117.6942,-8.2414,0.0],[117.699,-8.243,0.0],[117.7114,-8.2427,4.5393],[117.7137,-8.2451,5.0265],[117.713,-8.2465,4.5179],[117.712,-8.2439,0.0],[117.713,-8.248,0.0],[117.7173,-8.2477,4.022],[117.7251,-8.2522,0.4468],[117.7286,-8.2572,0.0],[117.7337,-8.2608,3.4998],[117.7362,-8.2712,0.0],[117.7423,-8.2795,20.4073],[117.7644,-8.2894,29.9449],[117.7682,-8.2964,0.9482],[117.774,-8.3008,16.6119],[117.7732,-8.3065,0.0],[117.7747,-8.3112,1.8555],[117.7837,-8.3176,3.3781],[117.7883,-8.325,0.0],[117.7967,-8.3304,5.9454],[117.7976,-8.3331,0.0],[117.817,-8.3514,0.0],[117.8183,-8.3579,13.7152],[117.8167,-8.3659,0.0],[117.8179,-8.3687,5.3423],[117.8192,-8.3689,0.0],[117.82,-8.3634,0.0],[117.8261,-8.3625,3.9388],[117.8299,-8.3653,16.6552],[117.8277,-8.3726,9.5642],[117.842,-8.3709,3.5794],[117.8466,-8.372,2.7918],[117.8556,-8.3781,1.0266],[117.8579,-8.3835,0.0],[117.8666,-8.3911,7.8496],[117.8766,-8.3976,0.0],[117.892,-8.403,1.0907],[117.8974,-8.4116,5.6107],[117.9041,-8.4173,1.0638],[117.9131,-8.4198,0.0],[117.9173,-8.4251,1.9695],[117.932,-8.4327,5.0984],[117.9458,-8.4355,1.9953],[117.9683,-8.4471,4.8123],[117.9687,-8.4533,6.121],[117.9727,-8.4542,8.5042],[117.9802,-8.4647,0.0],[117.9863,-8.4657,3.6216],[118.012,-8.4589,2.2352],[118.019,-8.455,1.5948],[118.0264,-8.4541,8.0236],[118.0307,-8.4558,4.7745],[118.0395,-8.4519,5.8814],[118.0441,-8.4535,0.0],[118.0496,-8.4515,2.1188],[118.0709,-8.4494,11.9184],[118.0772,-8.4512,8.4457],[118.0819,-8.4506,5.5016],[118.0947,-8.4648,0.0],[118.0959,-8.4736,0.0],[118.1008,-8.48,0.0],[118.1017,-8.4835,12.0611],[118.1002,-8.4847,1.8172],[118.1017,-8.4861,14.6771],[118.1018,-8.4903,5.8542],[118.1054,-8.4952,2.9701],[118.1101,-8.497,1.4685],[118.1138,-8.4959,9.7727],[118.1172,-8.4938,3.5348],[118.1201,-8.4877,0.0],[118.1196,-8.484,19.4816],[118.1229,-8.4824,7.7312],[118.1241,-8.4852,0.3761],[118.1261,-8.4851,0.0],[118.131,-8.4822,8.3176],[118.1313,-8.4873,0.0],[118.1288,-8.4895,0.7923],[118.1346,-8.4968,2.9086],[118.1368,-8.4968,4.0662],[118.1372,-8.499,3.1491],[118.135,-8.5,2.5247],[118.1387,-8.5043,3.3836],[118.1387,-8.5086,1.0994],[118.1427,-8.514,4.5033],[118.1468,-8.5163,0.0],[118.1514,-8.516,4.4971],[118.1652,-8.5252,0.8339],[118.1716,-8.5269,1.8473],[118.1801,-8.5324,2.2618],[118.1843,-8.5389,0.6535],[118.1844,-8.5472,0.0],[118.1885,-8.554,10.0394],[118.1865,-8.5569,11.7857],[118.1872,-8.5632,0.0],[118.1939,-8.5709,28.4277],[118.2025,-8.5707,0.0],[118.2042,-8.5672,0.0],[118.2031,-8.5623,2.2337],[118.2066,-8.5593,0.0],[118.2067,-8.5544,1.9536],[118.2091,-8.5522,3.1637],[118.216,-8.5524,3.8265],[118.2207,-8.5557,0.0],[118.2232,-8.5524,2.3199],[118.2308,-8.5518,0.5968],[118.2341,-8.556,1.2623],[118.246,-8.5636,0.2646],[118.2492,-8.5674,1.409],[118.2506,-8.5871,4.7924],[118.2611,-8.5854,11.0695],[118.2678,-8.588,0.0],[118.2713,-8.5865,1.837],[118.2782,-8.5913,4.9135],[118.2793,-8.5945,1.5448],[118.2779,-8.597,0.0],[118.288,-8.6191,1.9464],[118.2879,-8.6257,0.0],[118.2836,-8.638,1.9111],[118.2796,-8.6432,1.1574],[118.2753,-8.6443,1.3308],[118.2714,-8.6365,16.6519],[118.2685,-8.6366,9.7821],[118.268,-8.641,39.6887],[118.2646,-8.642,0.0],[118.2697,-8.6445,14.1702],[118.2697,-8.6475,0.0],[118.2741,-8.6527,25.0377],[118.2704,-8.6575,0.2264],[118.2647,-8.6594,0.0],[118.2575,-8.6512,0.0],[118.254,-8.6545,2.1294],[118.2553,-8.6608,0.0],[118.2485,-8.6665,4.4496],[118.2454,-8.6631,3.1183],[118.2479,-8.6593,0.0],[118.2451,-8.6524,30.8646],[118.2404,-8.6501,7.0425],[118.2402,-8.6533,16.2457],[118.2361,-8.6547,0.0],[118.2375,-8.6564,6.0827],[118.2361,-8.6579,0.0],[118.2289,-8.6565,8.4139],[118.2284,-8.6548,1.2605],[118.2272,-8.6556,1.2605],[118.2266,-8.6586,0.0],[118.2302,-8.6605,3.7141],[118.2286,-8.6655,0.0],[118.2211,-8.6667,2.1621],[118.2209,-8.6627,0.0],[118.2202,-8.665,1.7914],[118.2179,-8.6655,2.6973],[118.2178,-8.6638,0.9371],[118.2121,-8.671,3.3729],[118.2081,-8.6697,18.3811],[118.2038,-8.6728,0.0],[118.1999,-8.6707,2.9629],[118.1941,-8.672,6.1815],[118.1907,-8.6692,1.1867],[118.1821,-8.6673,2.0713],[118.176,-8.6549,4.6409],[118.1758,-8.6595,2.6052],[118.1725,-8.6605,1.4548],[118.1697,-8.6592,0.0],[118.169,-8.6551,0.0],[118.1662,-8.6522,0.0],[118.1608,-8.6544,2.2749],[118.1555,-8.6506,0.918],[118.1562,-8.6555,0.0],[118.1544,-8.6564,7.2759],[118.1513,-8.6548,4.7894],[118.1491,-8.6504,3.5421],[118.148,-8.6537,0.0],[118.145,-8.6558,2.4518],[118.1412,-8.6479,0.0],[118.1388,-8.6505,3.7298],[118.1333,-8.6517,1.1769],[118.1317,-8.6498,9.6973],[118.128,-8.6501,7.3207],[118.1247,-8.6484,4.2518],[118.1266,-8.6514,5.9086],[118.1231,-8.6517,0.0],[118.1258,-8.6564,7.5556],[118.1226,-8.6583,1.673],[118.1204,-8.6578,1.3696],[118.1206,-8.655,3.9509],[118.1159,-8.6511,0.0],[118.1151,-8.6535,5.4977],[118.1122,-8.6526,0.6406],[118.1099,-8.6567,1.8665],[118.0974,-8.6534,2.4815],[118.096,-8.6556,8.3183],[118.0884,-8.6522,1.8025],[118.0838,-8.655,6.5205],[118.0836,-8.6581,5.7626],[118.0792,-8.6597,1.8855],[118.0758,-8.6596,1.6348],[118.0749,-8.6562,0.0],[118.0734,-8.656,0.0],[118.0715,-8.6583,19.9498],[118.0685,-8.658,2.436],[118.0705,-8.6606,8.4228],[118.0689,-8.6628,0.0],[118.0601,-8.6615,5.7847],[118.0543,-8.6645,0.0],[118.0519,-8.663,7.5431],[118.0512,-8.6662,0.0],[118.0471,-8.6698,14.0235],[118.0361,-8.6714,10.5206],[118.0384,-8.6739,3.422],[118.0341,-8.6776,0.0],[118.0358,-8.6788,1.1103],[118.0351,-8.6827,0.0],[118.026,-8.6867,1.3997],[118.0255,-8.69,12.5244],[118.0196,-8.6956,3.9203],[118.0161,-8.7021,0.1533],[118.0113,-8.706,0.8228],[118.0092,-8.712,1.2625],[118.007,-8.7136,1.6434],[118.0046,-8.7114,0.6277],[118.0021,-8.7132,0.522],[118.0002,-8.7113,3.4426],[117.9994,-8.7142,1.1936],[117.9948,-8.7101,5.6199],[117.9912,-8.7107,0.0],[117.9863,-8.7176,8.1373],[117.9915,-8.7219,3.5121],[117.9839,-8.7274,2.0802],[117.9808,-8.7334,0.7946],[117.9742,-8.7397,1.4644],[117.9711,-8.7393,0.0],[117.963,-8.7429,0.0],[117.9591,-8.743,1.8997],[117.956,-8.74,1.6707],[117.9511,-8.744,7.1308],[117.946,-8.743,5.9866],[117.9451,-8.7401,1.5699],[117.9482,-8.739,7.2103],[117.9474,-8.737,2.5119],[117.949,-8.7307,0.0],[117.9389,-8.7268,1.8597],[117.9379,-8.7213,12.58],[117.9334,-8.7246,21.1294],[117.928,-8.7255,0.6709],[117.9241,-8.7244,6.9403],[117.9243,-8.7196,0.0],[117.9217,-8.7189,4.0583],[117.9189,-8.7197,12.1716],[117.918,-8.7266,22.1644],[117.9145,-8.7291,12.9205],[117.914,-8.732,25.1606],[117.9078,-8.7357,12.259],[117.9077,-8.7389,23.1751],[117.905,-8.741,11.8231],[117.9035,-8.7369,4.2724],[117.9019,-8.7366,4.2724],[117.9016,-8.7281,0.0],[117.8978,-8.7328,1.1804],[117.8941,-8.7305,1.3222],[117.8885,-8.7234,0.8019],[117.8895,-8.7207,0.8748],[117.8918,-8.7208,0.8118],[117.8894,-8.7203,0.8748],[117.8899,-8.7191,1.0],[117.8934,-8.7186,3.3148],[117.9018,-8.713,0.0],[117.9034,-8.7093,24.29],[117.9018,-8.7051,0.6772],[117.8934,-8.7005,3.5714],[117.888,-8.6999,8.5296],[117.88,-8.702,3.3066],[117.871,-8.6964,7.6398],[117.8573,-8.705,1.047],[117.8537,-8.7121,1.5437],[117.8472,-8.7182,5.2504],[117.8403,-8.7184,4.4271],[117.8363,-8.7109,0.0],[117.8318,-8.7092,0.0],[117.8267,-8.7118,6.0017],[117.8238,-8.7166,5.8094],[117.816,-8.7226,1.2177],[117.8073,-8.7255,2.2248],[117.8068,-8.727,7.3011],[117.8047,-8.7245,0.0],[117.8047,-8.7273,5.4793],[117.7995,-8.7186,0.4829],[117.7964,-8.7184,1.5813],[117.7907,-8.7228,1.1205],[117.79,-8.721,1.8814],[117.7851,-8.7198,0.7197],[117.7827,-8.7167,0.0],[117.7729,-8.7117,9.6153],[117.7702,-8.705,4.8848],[117.7718,-8.7013,5.8994],[117.7697,-8.6904,9.0174],[117.7731,-8.6888,4.6822],[117.7727,-8.6843,6.0774],[117.7651,-8.6715,3.1543],[117.7649,-8.6685,1.2159],[117.7686,-8.6659,6.4369],[117.7698,-8.6563,0.0],[117.7672,-8.655,3.1698],[117.7616,-8.6608,3.9627],[117.7574,-8.6594,1.7153],[117.7561,-8.6575,0.0],[117.7568,-8.6549,1.0443],[117.7525,-8.6525,4.2183],[117.7491,-8.6446,8.6774],[117.7498,-8.639,0.2038],[117.7543,-8.6358,1.8912],[117.7684,-8.6376,6.9574],[117.7731,-8.6351,11.3518],[117.7774,-8.6349,1.6473],[117.7813,-8.632,10.2831],[117.7738,-8.6302,3.1022],[117.7639,-8.6329,0.0],[117.7598,-8.6294,0.0],[117.7514,-8.631,0.0],[117.7511,-8.6252,5.1067],[117.7547,-8.6222,19.3265],[117.7519,-8.6197,6.2259],[117.7523,-8.6162,2.0427],[117.7557,-8.612,6.6739],[117.76,-8.6134,0.0],[117.7605,-8.6115,12.9866],[117.7584,-8.6088,0.0],[117.7625,-8.6074,3.692],[117.7626,-8.6053,3.1837],[117.76,-8.6055,4.2602],[117.7591,-8.6035,4.5466],[117.7614,-8.5988,15.0454],[117.7577,-8.5972,1.0406],[117.7563,-8.5914,0.0],[117.7538,-8.5896,16.4552],[117.7432,-8.589,3.8263],[117.7374,-8.5943,1.4766],[117.727,-8.5882,0.8812],[117.7314,-8.5782,0.0],[117.7375,-8.5712,8.8139],[117.7355,-8.568,10.1421],[117.7372,-8.5637,5.6471],[117.7312,-8.5622,1.6066],[117.7293,-8.5591,0.0],[117.7255,-8.5575,0.0],[117.7245,-8.5629,0.0],[117.7192,-8.5677,0.0],[117.7152,-8.5683,3.5885],[117.7109,-8.5661,0.0],[117.7053,-8.5671,0.5398],[117.7003,-8.5639,3.3178],[117.6962,-8.5674,9.3116],[117.6979,-8.5695,2.0248],[117.6958,-8.5746,1.6529],[117.6889,-8.5776,0.752],[117.686,-8.5754,0.0],[117.6867,-8.5723,0.0],[117.6855,-8.5711,0.0],[117.6774,-8.5678,0.0],[117.6638,-8.5666,5.3359],[117.6605,-8.5614,15.0607],[117.6585,-8.5642,7.1236],[117.6575,-8.5625,1.3054],[117.6531,-8.5637,3.7557],[117.6491,-8.5589,1.108],[117.644,-8.556,0.0],[117.6397,-8.5604,3.2505],[117.6364,-8.5591,0.0],[117.6339,-8.5629,0.0],[117.6318,-8.5613,1.4914],[117.634,-8.5605,2.0498],[117.636,-8.5569,2.9447],[117.6323,-8.553,0.0],[117.6292,-8.5525,5.1769],[117.6346,-8.5465,0.0],[117.6344,-8.5445,0.0],[117.6315,-8.5429,5.0029],[117.6314,-8.5359,0.5701],[117.6288,-8.5387,2.3139],[117.6228,-8.5379,14.3383],[117.6266,-8.534,0.9978],[117.6302,-8.526,5.6513],[117.6332,-8.5249,0.0],[117.6318,-8.5226,1.8119],[117.634,-8.5236,0.0],[117.6349,-8.5213,0.0],[117.6318,-8.5201,6.7814],[117.6338,-8.5158,0.9693],[117.6306,-8.5181,6.4965],[117.6283,-8.5167,4.6924],[117.6285,-8.5124,1.3627],[117.6265,-8.5085,0.4108],[117.6297,-8.5025,6.0722],[117.6263,-8.5016,3.331],[117.6253,-8.4989,0.9154],[117.6327,-8.4837,0.0],[117.6317,-8.4792,46.1497],[117.6347,-8.4741,0.0],[117.6348,-8.4651,0.0],[117.6319,-8.4628,18.2054],[117.6281,-8.4509,0.0],[117.6259,-8.4482,0.6307],[117.6233,-8.4487,1.4909],[117.6246,-8.4432,0.7921],[117.6166,-8.4392,0.0],[117.607,-8.4381,4.3913],[117.6014,-8.4351,1.4408],[117.6006,-8.433,0.6917],[117.6021,-8.4284,0.0],[117.6,-8.4269,0.0],[117.598,-8.4276,0.8546],[117.5984,-8.4312,1.5014],[117.5963,-8.4337,0.9341],[117.5872,-8.4345,0.5739],[117.5844,-8.4338,1.9854],[117.5845,-8.432,2.1776],[117.5875,-8.4294,3.5755],[117.5881,-8.4307,1.3659],[117.586,-8.4324,0.6768],[117.5892,-8.4324,1.5485],[117.5924,-8.4296,1.6763],[117.5905,-8.4262,0.0],[117.5838,-8.4261,0.0],[117.5768,-8.4336,3.3323],[117.5744,-8.4417,6.9741],[117.5756,-8.4452,2.1063],[117.5803,-8.4473,1.8517],[117.576,-8.4478,0.0],[117.5747,-8.4508,5.5083],[117.5756,-8.4546,0.0],[117.579,-8.4565,3.48],[117.5768,-8.457,1.2484],[117.578,-8.4607,0.0],[117.5848,-8.4661,3.4321],[117.5792,-8.4641,0.4666],[117.5771,-8.4674,1.0965],[117.5797,-8.4701,0.0],[117.5791,-8.4733,0.0],[117.5828,-8.4747,4.2144],[117.5808,-8.4761,1.1631],[117.5808,-8.4821,13.1547],[117.5854,-8.4836,0.7132],[117.586,-8.4863,0.0],[117.5879,-8.4855,2.4587],[117.5892,-8.4874,4.7671],[117.5879,-8.493,0.0],[117.5913,-8.4992,29.2892],[117.5905,-8.5016,0.6315],[117.5919,-8.504,1.9938],[117.5875,-8.5056,0.8573],[117.5869,-8.5035,0.2466],[117.5814,-8.5021,2.251],[117.5805,-8.4996,0.0],[117.5759,-8.502,2.2331],[117.5703,-8.5007,2.9853],[117.5712,-8.4954,0.6221],[117.5655,-8.4854,2.2229],[117.5675,-8.4797,2.3241],[117.5644,-8.4782,0.0],[117.5654,-8.4758,1.6882],[117.5695,-8.4731,4.899],[117.5646,-8.4707,0.0],[117.5657,-8.4669,3.5641],[117.5633,-8.4657,0.0],[117.5603,-8.4674,1.8871],[117.5598,-8.464,5.5893],[117.5682,-8.4597,0.0],[117.566,-8.448,5.3315],[117.5646,-8.4481,5.3315],[117.5614,-8.4537,1.6797],[117.5592,-8.4529,3.2236],[117.5614,-8.4502,8.84],[117.5614,-8.4473,7.9577],[117.5657,-8.4426,3.6173],[117.5628,-8.4403,0.0],[117.565,-8.4379,10.5661],[117.5671,-8.4387,2.0544],[117.5707,-8.4257,3.2001],[117.5672,-8.4173,5.1184],[117.5673,-8.4086,1.5424],[117.5622,-8.405,0.3526],[117.5533,-8.4062,2.1118],[117.552,-8.403,0.0],[117.5485,-8.4025,0.0],[117.5338,-8.4105,1.3794],[117.531,-8.4093,0.0],[117.5012,-8.4137,4.3083],[117.4827,-8.4117,0.0],[117.4725,-8.415,3.1921],[117.4626,-8.4108,2.2688],[117.45,-8.4118,4.6814],[117.4468,-8.4092,0.6569],[117.4405,-8.3986,43.3562],[117.4305,-8.3953,3.7089],[117.4278,-8.3958,0.0],[117.4271,-8.397,3.6836],[117.4305,-8.402,29.8639],[117.4358,-8.4051,1.1129],[117.4356,-8.4108,0.5473],[117.4251,-8.4211,1.9352],[117.4168,-8.4391,2.2536],[117.4098,-8.4463,6.6049],[117.4053,-8.454,0.0],[117.4065,-8.4622,9.7844],[117.4042,-8.465,0.4915],[117.408,-8.4677,9.1467],[117.4048,-8.4668,2.6974],[117.4036,-8.4658,0.4915],[117.3952,-8.4715,1.2042],[117.3881,-8.4727,0.0],[117.3821,-8.4694,1.4232],[117.3833,-8.4664,0.0],[117.3772,-8.4635,2.338],[117.3729,-8.4663,21.336],[117.3705,-8.4655,1.4647],[117.3681,-8.4679,2.5661],[117.3674,-8.466,22.195],[117.3707,-8.4633,0.3356],[117.3728,-8.4635,0.0],[117.3726,-8.4608,2.3821],[117.3686,-8.458,4.7908],[117.3618,-8.4577,0.0],[117.3575,-8.4547,10.5512],[117.3544,-8.4558,1.1607],[117.3445,-8.4517,7.0391],[117.338,-8.4461,0.0],[117.3324,-8.4439,1.6536],[117.3309,-8.4414,7.6982],[117.3156,-8.4396,10.0685],[117.3091,-8.4349,3.4333],[117.306,-8.4418,1.6737],[117.3031,-8.4386,0.0],[117.3061,-8.4319,6.9841],[117.3,-8.4305,3.4012],[117.2957,-8.4328,2.9014],[117.2909,-8.427,0.0],[117.2828,-8.4259,0.0],[117.2798,-8.4231,8.7228],[117.2621,-8.4163,6.8985],[117.2513,-8.4169,0.6418],[117.2482,-8.4125,0.0],[117.2446,-8.411,3.6234],[117.2366,-8.3995,0.0],[117.2272,-8.3981,2.2994],[117.2139,-8.4082,5.94],[117.2019,-8.4063,6.3067],[117.2003,-8.4035,4.2993],[117.1902,-8.3954,0.3946],[117.1833,-8.3848,13.0663],[117.1762,-8.3817,8.7111],[117.1726,-8.3823,0.0],[117.1721,-8.3852,7.4631],[117.1705,-8.3849,0.9388],[117.1711,-8.3808,16.6916],[117.1739,-8.3816,11.0299],[117.1755,-8.3799,2.6097],[117.1756,-8.3764,8.8425],[117.1655,-8.3689,2.6662],[117.1551,-8.3643,0.0],[117.1523,-8.3661,0.0],[117.1514,-8.3734,9.0578],[117.1428,-8.3779,0.0],[117.1383,-8.3773,0.0],[117.1311,-8.3716,1.3837],[117.1232,-8.369,0.0],[117.1095,-8.371,0.0],[117.1094,-8.3723,2.9841],[117.1053,-8.373,1.2848],[117.1068,-8.3764,0.0],[117.114,-8.3758,1.3914],[117.1155,-8.377,3.0152],[117.1134,-8.3781,4.1505],[117.1098,-8.3767,0.8452],[117.1052,-8.3801,3.6428],[117.1024,-8.3902,2.0768],[117.0967,-8.3948,0.5935],[117.0876,-8.3989,0.0],[117.0881,-8.4082,0.0],[117.0909,-8.4096,0.0],[117.0888,-8.4067,0.0],[117.0884,-8.4007,0.0],[117.0905,-8.3978,0.4754],[117.0902,-8.4022,0.938],[117.0926,-8.4041,1.0006],[117.0925,-8.4082,0.0],[117.0937,-8.4092,0.4423],[117.0941,-8.4077,0.7265],[117.0983,-8.4066,0.8294],[117.0963,-8.4102,0.5828],[117.0995,-8.4144,2.699],[117.098,-8.4141,1.6964],[117.095,-8.4169,2.0804],[117.0911,-8.414,0.0],[117.0815,-8.4162,0.0],[117.0814,-8.4189,1.5449],[117.0899,-8.4202,3.7916],[117.0882,-8.4233,2.1503],[117.0846,-8.4215,2.2058],[117.081,-8.4226,1.8493],[117.0812,-8.4203,0.0],[117.0791,-8.4189,1.5149],[117.0754,-8.4209,1.2821],[117.0704,-8.4203,0.9666],[117.0667,-8.4243,1.0774],[117.0667,-8.4352,1.2339],[117.0595,-8.436,0.0],[117.0518,-8.4436,2.3929],[117.0497,-8.4426,0.0],[117.0405,-8.4451,2.1119],[117.033,-8.4542,0.0],[117.0264,-8.4558,0.0],[117.024,-8.4636,1.9498],[117.0169,-8.4634,2.2062],[117.0152,-8.4666,5.6868],[117.0188,-8.4796,38.9956],[117.0139,-8.482,3.4319],[117.0118,-8.4812,0.3484],[117.0094,-8.4863,0.0],[117.0115,-8.4942,3.4553],[117.0096,-8.4989,1.0247],[117.0081,-8.4984,0.3132],[117.0074,-8.4998,0.3138],[117.0098,-8.5014,1.9523],[117.0069,-8.5021,0.5143],[117.0045,-8.5055,3.2107],[116.9982,-8.507,0.9506],[117.0005,-8.5031,1.3467],[116.9965,-8.5003,1.3697],[116.9964,-8.4949,0.0],[116.9912,-8.4929,18.0283],[116.9915,-8.4903,28.7609],[116.9945,-8.4881,0.0],[116.9935,-8.4857,0.1738],[116.99,-8.4857,0.1141],[116.9873,-8.4791,0.0],[116.9833,-8.4855,0.0],[116.9847,-8.4887,2.8336],[116.9831,-8.4921,0.4567],[116.9719,-8.4951,1.2644],[116.97,-8.4925,0.0],[116.9657,-8.4924,15.9694],[116.9638,-8.489,3.4202],[116.9618,-8.4946,4.3873],[116.9563,-8.4981,1.2894],[116.9564,-8.5069,0.0],[116.9534,-8.5111,0.0],[116.9447,-8.517,1.6022],[116.9295,-8.5128,0.0],[116.9256,-8.5213,2.6279],[116.9162,-8.5265,8.5527],[116.9049,-8.5275,1.4536],[116.8788,-8.5259,0.0],[116.8744,-8.5287,1.5117],[116.8699,-8.5279,0.0],[116.8686,-8.5303,5.063],[116.8604,-8.5339,1.2771],[116.8548,-8.5393,0.5569],[116.8467,-8.5363,1.8428],[116.843,-8.5386,2.1134],[116.8332,-8.5302,4.1681],[116.8309,-8.5239,0.0],[116.8328,-8.5203,14.7183],[116.8314,-8.5155,1.1213],[116.8195,-8.5161,5.418],[116.8191,-8.5179,0.0],[116.8234,-8.5236,0.9898],[116.8329,-8.5442,0.0],[116.8333,-8.5575,0.0],[116.8304,-8.5599,2.2213],[116.8248,-8.5723,0.0],[116.8177,-8.5788,3.4712],[116.8087,-8.5816,2.2192],[116.8022,-8.5817,1.526],[116.7885,-8.5896,2.6091],[116.786,-8.5942,0.0],[116.7868,-8.6022,2.1447],[116.7852,-8.6085,2.2443],[116.7832,-8.6126,2.8995],[116.774,-8.6214,9.9784],[116.7704,-8.6288,1.6914],[116.7703,-8.6409,0.964],[116.7715,-8.6402,0.964],[116.7664,-8.6447,2.8294],[116.7641,-8.6536,1.4586],[116.7529,-8.6633,1.1018],[116.7491,-8.6639,3.1021],[116.7462,-8.6627,0.0],[116.7589,-8.6745,22.8485],[116.7637,-8.675,0.0],[116.7703,-8.6726,3.5752],[116.7737,-8.6747,0.0],[116.7744,-8.6807,10.9961],[116.772,-8.6874,4.0851],[116.7745,-8.6878,5.5513],[116.7763,-8.6905,16.1258],[116.7755,-8.6923,1.8557],[116.7776,-8.6966,0.0],[116.7776,-8.7032,0.0],[116.7851,-8.7116,0.3625],[116.7862,-8.7097,5.8963],[116.7862,-8.7134,3.0475],[116.7803,-8.716,3.4893],[116.7829,-8.7167,3.1985],[116.7859,-8.7208,0.3285],[116.783,-8.7232,6.9323],[116.7809,-8.7284,4.1292],[116.7782,-8.7261,0.0],[116.7741,-8.7271,2.6923],[116.7718,-8.7257,0.8869],[116.769,-8.7289,13.2837],[116.7659,-8.7286,13.4133],[116.7686,-8.7314,5.1464],[116.768,-8.7341,6.2132],[116.7632,-8.7366,0.0],[116.7662,-8.7366,82.5365],[116.7664,-8.7384,13.7322],[116.7684,-8.7387,23.7141],[116.7657,-8.7404,103.1909],[116.766,-8.7424,80.3633],[116.7683,-8.743,0.0],[116.7707,-8.7401,9.8127],[116.7725,-8.7403,0.9559],[116.7786,-8.7443,5.2785],[116.7835,-8.7514,2.2504],[116.7844,-8.7542,0.6113],[116.7806,-8.758,9.641],[116.7805,-8.7627,6.2988],[116.7775,-8.7662,0.0],[116.7814,-8.7747,0.0],[116.7872,-8.7658,29.179],[116.7904,-8.7653,3.7096],[116.7964,-8.769,0.0],[116.804,-8.7772,0.4913],[116.8114,-8.7906,2.9549],[116.8111,-8.7997,38.7185],[116.8094,-8.8033,17.4402],[116.8148,-8.8122,0.502],[116.8134,-8.8156,0.9539],[116.8109,-8.8156,3.2946],[116.8127,-8.8184,0.0],[116.8114,-8.8213,2.3076],[116.8035,-8.8261,0.0],[116.8001,-8.8249,8.3183],[116.7988,-8.8222,0.0],[116.7987,-8.825,8.3183],[116.796,-8.8253,31.7555],[116.7942,-8.8215,47.8719],[116.7903,-8.8199,67.8509],[116.7866,-8.8139,0.0],[116.7838,-8.8229,0.9624],[116.785,-8.8236,24.007],[116.7848,-8.827,27.778],[116.7833,-8.8283,47.9111],[116.7816,-8.8273,0.0],[116.7818,-8.8302,0.0],[116.7803,-8.8313,59.5927],[116.7712,-8.8326,0.0],[116.7666,-8.8349,26.9227],[116.7655,-8.8387,0.0],[116.77,-8.839,19.7486],[116.7712,-8.8429,0.0],[116.7711,-8.8483,0.0],[116.7679,-8.8555,4.3793],[116.7572,-8.8642,0.4629],[116.7534,-8.8623,1.9962],[116.7498,-8.8642,1.0771],[116.7466,-8.8633,0.0],[116.7445,-8.8655,7.1467],[116.7349,-8.8664,27.5215],[116.7329,-8.8693,4.9911],[116.7336,-8.8715,0.0],[116.7388,-8.8719,10.2627],[116.7399,-8.8733,24.9799],[116.7386,-8.8775,1.383],[116.7341,-8.8807,0.0],[116.7387,-8.8835,0.0],[116.7416,-8.8831,6.5386],[116.7452,-8.8869,4.7536],[116.7506,-8.8881,0.0],[116.7522,-8.8939,0.8665],[116.7495,-8.8995,1.3713],[116.7462,-8.9002,3.79],[116.7427,-8.8962,1.1557],[116.7366,-8.894,39.82],[116.7341,-8.8912,0.0],[116.7319,-8.8917,20.5944],[116.732,-8.8938,39.0678],[116.7294,-8.8962,70.8797],[116.7327,-8.9011,61.4686],[116.7323,-8.9037,1.3099],[116.7308,-8.9059,25.4058],[116.7264,-8.906,0.0],[116.7252,-8.911,13.1737],[116.7344,-8.916,8.212],[116.7432,-8.9152,1.8461],[116.7507,-8.9206,1.2302],[116.7518,-8.9236,2.7789],[116.7506,-8.9262,0.0],[116.7459,-8.9282,3.4482],[116.7431,-8.9322,3.7362],[116.7359,-8.9338,0.0],[116.7371,-8.9351,10.6928],[116.7347,-8.9381,0.0],[116.7365,-8.9414,0.444],[116.7353,-8.9428,0.444],[116.7371,-8.9471,13.639099999999999],[116.7361,-8.9482,0.0],[116.7381,-8.9523,0.0],[116.737,-8.9553,17.2698],[116.7266,-8.9581,70.4147],[116.7263,-8.9608,17.8168],[116.7252,-8.96,17.8168],[116.7241,-8.9616,0.0],[116.7268,-8.963,4.171],[116.7268,-8.9651,19.3368],[116.7191,-8.9682,31.7581],[116.7178,-8.9659,0.0],[116.7156,-8.9658,0.0],[116.7152,-8.9713,0.0],[116.7187,-8.9752,1.0713],[116.7232,-8.9744,4.8067],[116.7231,-8.9715,0.0],[116.7262,-8.9703,2.4774],[116.7311,-8.9715,4.1464],[116.7343,-8.9741,2.0748],[116.7366,-8.9774,0.0],[116.7373,-8.9872,6.0356],[116.7281,-8.9973,0.0],[116.7271,-8.9997,0.0],[116.7302,-9.0023,63.187],[116.7284,-9.0058,0.0],[116.7296,-9.0067,0.0],[116.7316,-9.0046,0.0],[116.7323,-9.0014,27.8132],[116.7359,-8.9976,41.3857],[116.7392,-8.9969,6.9284],[116.7689,-9.0183,0.0],[116.7881,-9.0357,0.0],[116.7966,-9.0358,5.0319],[116.802,-9.0324,2.1098],[116.808,-9.0325,3.6851],[116.8338,-9.046,2.9251],[116.8398,-9.0441,0.0],[116.8396,-9.0402,4.0638],[116.8422,-9.0397,0.0],[116.8441,-9.0428,7.3128],[116.8507,-9.0447,0.0],[116.8524,-9.0438,9.1215],[116.8537,-9.0479,4.1787],[116.8631,-9.0524,4.9616],[116.8665,-9.0565,0.0],[116.8822,-9.0621,4.3335],[116.8863,-9.0589,11.9414],[116.887,-9.0611,0.0],[116.8931,-9.062,13.992],[116.8937,-9.0639,3.2451],[116.8981,-9.0649,0.0],[116.908,-9.0605,12.0809],[116.9154,-9.0598,0.0],[116.9225,-9.0521,8.9219],[116.9285,-9.0541,10.9907],[116.9425,-9.0523,14.239],[116.942,-9.0546,0.0],[116.9454,-9.0547,3.111],[116.9481,-9.0568,0.0]]]]}}