{"type":"Feature","properties":{"GID_1":"IDN.13_1","GID_0":"IDN","country":"Indonesia","province":"KalimantanSelatan","VARNAME_1":"NA","NL_NAME_1":"NA","TYPE_1":"Propinisi","ENGTYPE_1":"Province","CC_1":"63","HASC_1":"ID.KS","ISO_1":"ID-KS","name":"Kalimantan_Selatan.province"},
"geometry":{"type": "MultiPolygon","coordinates": [[[[116.1536,-2.9907,1.0],[116.1442,-2.9866,1.0],[116.1384,-2.9774,2.4079],[116.1363,-2.9767,7.9882],[116.1349,-2.9857,17.4435],[116.1383,-2.9896,7.2674],[116.1336,-2.9956,4.3066],[116.1351,-2.9998,2.9592],[116.1377,-3.001,9.3784],[116.1365,-3.0028,4.2409],[116.1384,-3.0057,7.1809],[116.1413,-3.0055,8.4092],[116.1433,-3.0035,6.6542],[116.1418,-3.0063,0.5],[116.1442,-3.0062,7.8219],[116.1459,-3.0088,1.9091],[116.1505,-3.0103,4.7408],[116.1528,-3.0102,2.5942],[116.1554,-3.0065,7.0633],[116.1573,-3.007,6.4365],[116.1589,-3.0096,7.7589],[116.159,-3.0071,7.8311],[116.1609,-3.007,11.9621],[116.1611,-3.013,10.6904],[116.1598,-3.0118,9.9753],[116.1607,-3.0075,11.9621],[116.16,-3.0075,7.8311],[116.16,-3.0089,6.8407],[116.1588,-3.0101,7.7589],[116.1562,-3.0071,7.0633],[116.154,-3.009,6.1337],[116.1541,-3.0106,2.5942],[116.1594,-3.0129,9.9753],[116.1604,-3.0161,2.9537],[116.1551,-3.0297,2.729],[116.1693,-3.0375,2.8703],[116.1726,-3.0324,6.732],[116.1724,-3.0189,3.5832],[116.1769,-2.9985,7.3489],[116.1689,-2.9951,6.7954],[116.1682,-2.9978,9.264],[116.1654,-2.9993,10.8542],[116.1655,-3.0008,10.0608],[116.16725396825396,-3.0014746031746018,13.3699],[116.1651,-3.0011,10.0608],[116.1648,-2.9998,10.0608],[116.1679,-2.9961,1.0],[116.1536,-2.9907,1.0]],
[[116.16725396825396,-3.0014746031746018,13.3699],[116.1674,-3.0015,13.3699],[116.16736952380953,-3.0015190476190492,13.3699],[116.16725396825396,-3.0014746031746018,13.3699]],
[[116.16736952380953,-3.0015190476190492,13.3699],[116.1681,-3.0018,13.3699],[116.1661,-3.0031,13.6928],[116.1658,-3.0025,11.5245],[116.16736952380953,-3.0015190476190492,13.3699]]],
[[[116.0996,-4.0677,0.0],[116.1016,-4.0624,0.0],[116.0995,-4.0599,3.9108],[116.1005,-4.0538,0.0],[116.1081,-4.0441,0.0],[116.1079,-4.0365,0.0],[116.1093,-4.0372,0.0],[116.111,-4.0348,0.0],[116.1137,-4.0356,2.7998],[116.1169,-4.0401,0.0],[116.117,-4.0367,2.8956],[116.1193,-4.0371,1.5385],[116.1162,-4.0325,0.0],[116.1167,-4.0302,0.883],[116.1237,-4.0272,13.7488],[116.1243,-4.0312,31.2827],[116.1286,-4.0346,0.0],[116.1308,-4.0334,4.8619],[116.1333,-4.0357,0.0],[116.1448,-4.0358,0.0],[116.1502,-4.0312,6.4145],[116.1526,-4.0255,0.0],[116.1568,-4.0233,0.0],[116.162,-4.0135,0.0],[116.1674,-4.0087,0.0],[116.1723,-3.9984,0.0],[116.1799,-3.9962,0.0],[116.1814,-3.9929,0.1286],[116.1891,-3.9924,0.0],[116.1926,-3.9868,0.0],[116.1961,-3.9852,0.0],[116.2044,-3.983,2.1168],[116.2107,-3.9857,0.0],[116.2079,-3.9754,3.955],[116.2053,-3.9756,5.0006],[116.2033,-3.971,1.7653],[116.201,-3.9704,2.7066],[116.2039,-3.9701,0.0],[116.2056,-3.9678,0.0],[116.2042,-3.964,0.0],[116.2051,-3.9626,0.0],[116.2033,-3.9602,4.1811],[116.2075,-3.9546,0.0],[116.2072,-3.9521,1.4313],[116.2101,-3.952,0.0],[116.2255,-3.9433,0.0],[116.231,-3.9449,0.0],[116.2311,-3.9413,0.0],[116.2278,-3.9374,5.9422],[116.2271,-3.9337,4.5604],[116.2288,-3.9337,7.4558],[116.2282,-3.9364,5.9422],[116.2324,-3.9417,0.0],[116.2384,-3.9428,0.0],[116.2431,-3.9401,6.6327],[116.2438,-3.9427,1.1972],[116.2558,-3.9333,0.0],[116.2567,-3.9277,0.0],[116.2623,-3.9209,0.0],[116.2659,-3.9128,0.0],[116.2744,-3.9073,0.0],[116.2815,-3.907,0.0],[116.2859,-3.9093,4.8265],[116.2908,-3.9194,2.2432],[116.2941,-3.9182,0.0],[116.2983,-3.9196,0.0],[116.3002,-3.9175,6.8498],[116.311,-3.9162,0.0],[116.311,-3.901,0.0],[116.3063,-3.8965,5.8167],[116.3045,-3.8866,2.0406],[116.3051,-3.8849,0.0],[116.3085,-3.8843,1.3676],[116.3065,-3.8788,4.1448],[116.3084,-3.8724,5.5031],[116.31,-3.8711,6.0808],[116.3148,-3.8719,0.0],[116.3141,-3.8698,1.6209],[116.3157,-3.8655,0.2733],[116.3173,-3.8652,0.0],[116.3169,-3.8632,3.4405],[116.3151,-3.8628999999999998,1.8294],[116.3105,-3.868,11.1278],[116.3059,-3.869,5.1791],[116.2994,-3.8667,4.5832],[116.2997,-3.8652,2.6337],[116.2952,-3.8631,3.2594],[116.2949,-3.8554,0.0],[116.2988,-3.8484,0.0],[116.2922,-3.8453,7.35],[116.2904,-3.8427,0.0],[116.2864,-3.8424,8.1517],[116.2854,-3.8388,0.0],[116.2759,-3.8281,1.8985],[116.2725,-3.8211,1.3959],[116.2736,-3.8181,2.0448],[116.2723,-3.8166,1.985],[116.2762,-3.8121,0.0],[116.274,-3.8075,0.0],[116.2775,-3.7975,2.7902],[116.2817,-3.7963,0.0],[116.2858,-3.7974,4.0034],[116.2898,-3.7917,8.4177],[116.2883,-3.7896,10.8236],[116.2912,-3.7885,0.0],[116.294,-3.7842,11.881],[116.2977,-3.7859,3.6345],[116.3035,-3.7811,2.9949],[116.3069,-3.7813,0.0],[116.3163,-3.7731,0.0],[116.3169,-3.7668,0.8093],[116.3245,-3.7482,0.4257],[116.3285,-3.7409,1.116],[116.3331,-3.7395,7.5012],[116.3361,-3.7311,7.5708],[116.3393,-3.728,4.767],[116.3368,-3.7256,0.0],[116.3311,-3.7246,10.2629],[116.3262,-3.7275,10.9983],[116.3149,-3.7285,4.3872],[116.3113,-3.7237,0.0],[116.3064,-3.7215,5.5852],[116.301,-3.7243,8.1359],[116.2986,-3.7221,5.9279],[116.2982,-3.7243,2.543],[116.2973,-3.7253,0.8593],[116.2968,-3.7225,4.3749],[116.2941,-3.722,10.187],[116.2946,-3.7258,10.7541],[116.29,-3.7276,10.0761],[116.2933,-3.7252,4.4699],[116.2943,-3.7257,4.4699],[116.2932,-3.7229,10.187],[116.2942,-3.7216,10.187],[116.2973,-3.7222,4.3749],[116.2978,-3.7243,2.543],[116.2984,-3.7219,4.3749],[116.299,-3.7216,5.9279],[116.3014,-3.724,8.1359],[116.303,-3.7224,4.0119],[116.3049,-3.7216,5.5852],[116.3003,-3.7121,7.742],[116.2999,-3.7079,5.838],[116.303,-3.6917,0.0],[116.3021,-3.6895,5.206],[116.3054,-3.6825,0.0],[116.299,-3.6811,0.0],[116.2969,-3.6769,0.0],[116.2958,-3.6696,1.767],[116.2978,-3.6608,1.261],[116.2963,-3.6578,5.6925],[116.2972,-3.6557,5.5652],[116.2989,-3.6564,0.0],[116.2971,-3.6516,0.0],[116.2994,-3.6452,4.1082],[116.3016,-3.6453,0.0],[116.3012,-3.6413,0.0],[116.2974,-3.6362,1.1229],[116.2979,-3.6288,2.2639],[116.2918,-3.6237,3.1991],[116.2902,-3.6247,2.1989],[116.2887,-3.6128999999999998,5.2936],[116.2929,-3.6004,2.598],[116.3062,-3.5902,9.1971],[116.298,-3.5763,6.6127],[116.2953,-3.5757,4.1267],[116.296,-3.5743,3.3058],[116.2916,-3.5676,0.6346],[116.286,-3.5629,0.0],[116.2781,-3.561,0.0],[116.2727,-3.5533,6.7472],[116.2709,-3.5396,10.7546],[116.2739,-3.5282,0.0],[116.2707,-3.5278,3.7134],[116.2648,-3.5314,1.7849],[116.253,-3.5295,2.3772],[116.2508,-3.5343,3.9772],[116.2519,-3.5377,4.9937],[116.2498,-3.5392,6.4349],[116.2489,-3.5435,5.5387],[116.2471,-3.5441,5.5387],[116.2442,-3.5413,9.7373],[116.2428,-3.5446,6.1383],[116.2391,-3.543,9.2437],[116.2429,-3.5442,9.7512],[116.2428,-3.542,8.1371],[116.2445,-3.5409,4.6715],[116.2469,-3.5424,7.8198],[116.2478,-3.5438,5.5387],[116.2491,-3.5393,3.6324],[116.2515,-3.5371,4.9937],[116.2501,-3.5344,3.9772],[116.2527,-3.5289,2.3772],[116.2591,-3.5289,1.7819],[116.2641,-3.5306,5.3951],[116.2669,-3.5294,8.3414],[116.2736,-3.524,8.1691],[116.2721,-3.5237,8.1691],[116.2768,-3.5223,4.0416],[116.2852,-3.5159,7.8242],[116.2909,-3.5097,0.0],[116.2792,-3.508,1.1903],[116.2747,-3.5051,3.5363],[116.2708,-3.5052,5.1804],[116.275,-3.5047,3.5363],[116.2785,-3.5073,1.6772],[116.2853,-3.5075,5.4901],[116.2999,-3.504,14.4199],[116.3118,-3.5051,9.9685],[116.314,-3.5026,2.9354],[116.3144,-3.4761,6.2748],[116.3084,-3.451,8.3804],[116.2941,-3.4307,4.864],[116.2589,-3.3969,1.0255],[116.2532,-3.3888,3.3637],[116.2504,-3.3785,0.9339],[116.2511,-3.3604,12.9838],[116.2556,-3.3527,0.0],[116.2556,-3.3464,0.0],[116.2621,-3.3355,2.8589],[116.2648,-3.3249,14.7008],[116.2644,-3.3101,11.1318],[116.2682,-3.304,0.0],[116.2691,-3.2967,0.7224],[116.2673,-3.2894,4.0289],[116.2734,-3.2828,5.6519],[116.2741,-3.2797,0.0],[116.2716,-3.2707,19.419],[116.2753,-3.2631,0.2786],[116.2699,-3.251,0.0],[116.2722,-3.2399,1.8482],[116.2803,-3.2212,4.1984],[116.2815,-3.2143,0.0],[116.2796,-3.2139,0.0],[116.2733,-3.2205,0.0],[116.268,-3.2207,0.0],[116.2641,-3.2149,2.2383],[116.2592,-3.2119,4.8911],[116.2582,-3.209,0.0],[116.2503,-3.213,0.0],[116.2467,-3.2172,0.0],[116.2362,-3.2234,0.0],[116.2276,-3.2351,0.0],[116.225,-3.2348,0.0],[116.2206,-3.2388,3.9953],[116.221,-3.2414,6.7229],[116.2133,-3.245,0.0],[116.2025,-3.2544,0.0],[116.195,-3.2584,4.0366],[116.1843,-3.2688,0.0],[116.1698,-3.278,2.6561],[116.1686,-3.2812,1.1099],[116.1719,-3.279,6.1685],[116.1735,-3.2811,2.3908],[116.1726,-3.2827,7.0075],[116.1716,-3.2795,6.1685],[116.1693,-3.2819,7.6382],[116.1683,-3.2813,1.9751],[116.1677,-3.2794,0.0],[116.1662,-3.2807,0.0],[116.1659,-3.2848,3.3606],[116.1679,-3.2866,6.0928],[116.1668,-3.2892,7.0576],[116.1644,-3.2902,2.2159],[116.1671,-3.2903,6.3413],[116.1666,-3.2939,2.9089],[116.1661,-3.2921,5.4469],[116.1667,-3.2908,3.8043],[116.1644,-3.291,2.2159],[116.1638,-3.2902,2.2159],[116.1649,-3.2892,7.0576],[116.1662,-3.2892,7.0576],[116.1672,-3.2866,6.0928],[116.1623,-3.285,4.1272],[116.1624,-3.284,1.5946],[116.1631,-3.2835,5.2476],[116.1658,-3.284,1.421],[116.1652,-3.2824,1.0333],[116.1578,-3.2859,0.0],[116.157,-3.2876,1.8872],[116.1609,-3.2912,2.0392],[116.1604,-3.2929,2.7524],[116.1629,-3.295,1.9556],[116.162,-3.2986,3.8778],[116.1623,-3.2951,2.3854],[116.16,-3.2933,1.5488],[116.1594,-3.2903,3.0092],[116.1543,-3.2881,0.7425],[116.1432,-3.2941,5.9944],[116.1428,-3.2962,4.3554],[116.1461,-3.3007,6.9579],[116.1452,-3.3007,6.9579],[116.1445,-3.3002,6.9579],[116.1423,-3.2964,9.2904],[116.1401,-3.3036,3.0649],[116.1257,-3.2978,0.0],[116.1189,-3.3014,6.5815],[116.115,-3.3066,0.0],[116.1058,-3.3408,5.6866],[116.1121,-3.3455,4.5746],[116.1201,-3.3455,12.3901],[116.1274,-3.3471,5.1719],[116.1262,-3.3433,8.7087],[116.1269,-3.3418,5.5766],[116.12739740932642,-3.3415098445595932,5.5766],[116.1269,-3.3434,8.7087],[116.1305,-3.3525,3.2785],[116.1294,-3.3521,2.2641],[116.1277,-3.3481,2.8118],[116.1237,-3.3479,10.6012],[116.1195,-3.3462,12.3901],[116.1139,-3.3469,1.6365],[116.1039,-3.3428,0.0],[116.1002,-3.3444,1.7757],[116.0984,-3.3506,0.0],[116.1058,-3.3531,2.957],[116.1109,-3.3605,4.8854],[116.1162,-3.3623,14.3691],[116.1204,-3.3665,9.8488],[116.1199,-3.3721,2.6921],[116.118,-3.3734,2.3725],[116.1145,-3.3723,5.0004],[116.1159,-3.378,3.0401],[116.1112,-3.3812,5.5173],[116.1146,-3.3819,3.4227],[116.1132,-3.3846,4.4093],[116.1138,-3.3889,4.5278],[116.1151,-3.3886,4.5278],[116.1153,-3.386,3.5407],[116.1161,-3.3853,3.8224],[116.1205,-3.3862,7.3588],[116.1234,-3.3892,6.3336],[116.1237,-3.3932,4.7174],[116.1223,-3.3938,4.5494],[116.1217,-3.3924,5.1389],[116.1199,-3.3939,5.581],[116.12,-3.3928,5.4059],[116.1215,-3.3919,5.4059],[116.1234,-3.3925,5.1389],[116.123,-3.3897,5.3824],[116.1221,-3.3892,6.3336],[116.1195,-3.3863,3.9858],[116.1157,-3.3857,3.8224],[116.1155,-3.3888,7.4253],[116.1136,-3.3893,4.5278],[116.1126,-3.3846,4.4093],[116.1137,-3.3819,3.4227],[116.1117,-3.3821,4.2794],[116.1104,-3.3812,5.5173],[116.1145,-3.3779,2.2108],[116.1135,-3.3721,5.0004],[116.1149,-3.3713,5.0004],[116.1191,-3.3722,1.4445],[116.1193,-3.3661,6.8415],[116.1101,-3.3611,4.8854],[116.1057,-3.3548,2.355],[116.1037,-3.3547,7.4574],[116.0939,-3.3777,1.8565],[116.0899,-3.3917,7.229],[116.0798,-3.4069,0.0],[116.0777,-3.4158,0.0],[116.079,-3.4177,10.9996],[116.0843,-3.4177,5.1019],[116.0823,-3.4157,3.7985],[116.0811,-3.4097,10.1282],[116.0819,-3.4088,6.2366],[116.0844,-3.4075,7.5026],[116.0865,-3.4076,6.9538],[116.0889,-3.4098,5.8993],[116.0916,-3.4098,7.8802],[116.0925,-3.4112,7.8802],[116.0921,-3.4133,7.1319],[116.0889,-3.4142,5.8454],[116.0898,-3.4158,9.3728],[116.0851,-3.4241,10.2301],[116.0919,-3.4279,6.5145],[116.093,-3.425,6.1364],[116.0937,-3.4248,6.1364],[116.0974,-3.4275,7.1152],[116.0948,-3.4284,5.2293],[116.0951,-3.4271,5.8511],[116.0965,-3.4272,5.8511],[116.0934,-3.425,6.1364],[116.0929,-3.4275,6.0229],[116.0917,-3.4284,5.7667],[116.0844,-3.4244,3.5158],[116.0859,-3.4198,3.9456],[116.0892,-3.4156,9.3728],[116.0886,-3.4138,11.3584],[116.092,-3.4118,4.9279],[116.0912,-3.4099,7.8802],[116.0891,-3.41,5.8993],[116.0882,-3.4097,7.5992],[116.0855,-3.4077,6.9538],[116.0828,-3.4084,9.3771],[116.0816,-3.41,10.1282],[116.0829,-3.4124,11.3205],[116.0826,-3.4154,7.9467],[116.085,-3.4164,6.6038],[116.0847,-3.4181,5.7844],[116.0826,-3.4188,2.2058],[116.0766,-3.4185,1.6051],[116.0709,-3.4296,0.9576],[116.0699,-3.4392,0.0],[116.0608,-3.4543,2.0523],[116.0462,-3.4689,9.8725],[116.0394,-3.4813,10.8652],[116.0418,-3.4895,5.8119],[116.0411,-3.5049,0.0],[116.0423,-3.5049,7.127],[116.0425,-3.5085,8.4591],[116.0402,-3.5196,1.6135],[116.0474,-3.533,4.5909],[116.0454,-3.5479,2.2543],[116.0426,-3.5539,2.1781],[116.0368,-3.5582,0.0],[116.0401,-3.5598,3.6669],[116.041,-3.564,0.0],[116.0368,-3.5823,0.0],[116.0341,-3.5876,4.8625],[116.0313,-3.5889,14.0891],[116.0288,-3.5957,0.0],[116.0189,-3.6022,14.3357],[116.0151,-3.6091,9.2503],[116.0101,-3.613,0.0],[116.0092,-3.6202,0.0],[116.0106,-3.6284,9.0387],[116.0047,-3.6326,3.238],[116.0053,-3.6345,3.0107],[116.0025,-3.6385,1.6547],[116.0033,-3.6404,0.0],[116.0055,-3.6394,1.0266],[116.011,-3.6409,6.6466],[116.0119,-3.6432,4.3812],[116.0085,-3.6458,3.7314],[116.0123,-3.6545,5.9853],[116.0075,-3.666,2.5287],[116.0091,-3.6708,4.5073],[116.0117,-3.6726,15.3865],[116.0089,-3.6738,2.5483],[116.0058,-3.6824,2.2241],[116.014,-3.6909,2.4524],[116.0129,-3.695,1.932],[116.0158,-3.6982,7.7672],[116.0149,-3.702,12.4743],[116.0165,-3.7067,0.0],[116.0217,-3.7083,6.8001],[116.0258,-3.7222,1.5731],[116.0243,-3.7298,0.0],[116.03,-3.736,11.3078],[116.0314,-3.74,9.0947],[116.0459,-3.7555,8.6821],[116.0511,-3.7608,3.1377],[116.0539,-3.761,10.3264],[116.0534,-3.7638,0.0],[116.063,-3.7785,1.3792],[116.0691,-3.792,0.3703],[116.072,-3.7957,0.0],[116.0737,-3.7955,4.4591],[116.0722,-3.7992,4.3117],[116.0806,-3.8195,9.1809],[116.0821,-3.8343,3.9823],[116.0769,-3.8372,0.4412],[116.0789,-3.8413,5.3145],[116.0774,-3.8454,4.0506],[116.0744,-3.8479,3.5499],[116.0771,-3.8495,6.8455],[116.0767,-3.8522,3.7532],[116.0756,-3.8515,5.8887],[116.0761,-3.8497,1.7866],[116.0717,-3.848,3.1959],[116.0662,-3.8487,4.5709],[116.0653,-3.8473,0.3511],[116.0629,-3.849,0.4073],[116.0637,-3.853,0.0],[116.0658,-3.8538,3.508],[116.0656,-3.8562,3.8553],[116.062,-3.8585,2.6179],[116.0635,-3.8586,2.6179],[116.0645,-3.8632,5.525],[116.06,-3.8739,1.6147],[116.0643,-3.8762,6.3317],[116.0676,-3.876,6.1368],[116.0672,-3.88,9.3009],[116.0648,-3.8858,7.2835],[116.0652,-3.8958,7.0302],[116.0575,-3.9038,2.5354],[116.0577,-3.9059,0.7644],[116.06,-3.9071,0.0],[116.0644,-3.9036,4.8667],[116.0652,-3.9051,0.0],[116.0689,-3.9056,6.5568],[116.0745,-3.91,9.8792],[116.0768,-3.9169,2.9564],[116.0795,-3.9179,7.2651],[116.0779,-3.9207,0.0],[116.0794,-3.9245,4.3455],[116.0782,-3.93,2.206],[116.0739,-3.9367,2.2257],[116.0752,-3.9394,1.368],[116.0817,-3.9374,0.9111],[116.0815,-3.9346,0.4732],[116.0853,-3.9323,2.7496],[116.0909,-3.9344,2.1807],[116.0933,-3.9376,0.9512],[116.0968,-3.9354,1.4078],[116.0981,-3.9355,3.0312],[116.1022,-3.9385,3.2215],[116.0997,-3.9395,6.9759],[116.1036,-3.9402,5.3589],[116.1051,-3.9431,5.3192],[116.1034,-3.9434,5.7317],[116.1041,-3.9469,5.706],[116.1016,-3.9465,6.0056],[116.1017,-3.946,5.0812],[116.1037,-3.9464,5.706],[116.1031,-3.9431,5.7317],[116.1043,-3.9423,3.6663],[116.1033,-3.9407,5.3589],[116.0993,-3.94,2.596],[116.0993,-3.9388,6.9759],[116.1012,-3.9378,1.6799],[116.0986,-3.9373,3.0143],[116.0973,-3.9358,3.0312],[116.0962,-3.9375,2.4506],[116.0936,-3.9383,4.9523],[116.0855,-3.9331,1.0228],[116.0826,-3.9344,0.8885],[116.0825,-3.9366,1.6366],[116.082,-3.9379,0.9111],[116.0772,-3.9401,1.9739],[116.0749,-3.94,1.2415],[116.0728,-3.9376,2.2257],[116.0716,-3.9387,3.3396],[116.0687,-3.9375,0.0],[116.0652,-3.9536,2.527],[116.0668,-3.9559,4.4877],[116.0642,-3.9572,2.1953],[116.0658,-3.9598,3.1149],[116.0649,-3.9668,11.9859],[116.0611,-3.9712,0.7763],[116.0589,-3.9792,4.2689],[116.0509,-3.9903,1.3969],[116.0509,-3.9932,0.0],[116.0533,-3.9925,4.5899],[116.0553,-3.9957,47.7],[116.0542,-4.0011,9.74],[116.0568,-4.0046,2.944],[116.0557,-4.0087,6.0316],[116.0497,-4.0184,9.3889],[116.0462,-4.0178,2.8514],[116.0461,-4.0116,0.0],[116.0441,-4.0114,2.4757],[116.0442,-4.0153,4.5841],[116.0411,-4.0168,4.333],[116.0395,-4.0237,45.9772],[116.0472,-4.031,4.0053],[116.0502,-4.0365,18.1217],[116.0517,-4.0539,14.6087],[116.0488,-4.0606,9.2848],[116.0493,-4.0629,2.6991],[116.0553,-4.0529,0.0],[116.0559,-4.0436,0.0],[116.0714,-4.0346,2.2691],[116.0701,-4.0386,3.3226],[116.0727,-4.0429,3.9525],[116.073,-4.0494,4.4409],[116.0789,-4.0498,1.3624],[116.0803,-4.053,0.0],[116.0818,-4.0486,2.7405],[116.0843,-4.0531,0.0],[116.0874,-4.0505,5.3068],[116.0853,-4.0582,0.0],[116.0896,-4.0532,0.8179],[116.0922,-4.0548,2.4279],[116.0919,-4.0571,0.0],[116.098,-4.0562,2.4286],[116.0926,-4.0622,4.3172],[116.0925,-4.0642,2.2661],[116.0879,-4.0648,0.8585],[116.0873,-4.0672,6.8501],[116.085,-4.0673,3.8928],[116.0837,-4.0709,1.2342],[116.0849,-4.0728,0.0],[116.0884,-4.0699,0.0],[116.0901,-4.0722,0.0],[116.0927,-4.0701,1.8968],[116.095,-4.0714,13.4293],[116.0945,-4.0756,1.7374],[116.0904,-4.0763,9.3071],[116.0881,-4.0808,0.0],[116.091,-4.0865,0.0],[116.0914,-4.0828,0.0],[116.0952,-4.0823,0.0],[116.0986,-4.077,8.5801],[116.098,-4.0708,7.8367],[116.0996,-4.0677,0.0]],
[[116.12739740932642,-3.3415098445595932,5.5766],[116.1274,-3.3415,5.5766],[116.12740757180157,-3.341503916449089,5.5766],[116.12739740932642,-3.3415098445595932,5.5766]],
[[116.12740757180157,-3.341503916449089,5.5766],[116.1281,-3.3411,2.3097],[116.1304,-3.3422,7.6764],[116.1315,-3.3413,7.6764],[116.1294,-3.3383,4.2637],[116.1299,-3.3353,2.9605],[116.1273,-3.3356,5.0827],[116.1275,-3.3344,5.8153],[116.129,-3.3343,6.1576],[116.1306,-3.3355,2.9605],[116.1299,-3.3383,5.9867],[116.1317,-3.3402,3.369],[116.132,-3.3421,3.5426],[116.1303,-3.343,2.8867],[116.12740757180157,-3.341503916449089,5.5766]]],
[[[114.7184,-4.1671,0.0],[114.7467,-4.1529,2.2854],[114.8036,-4.1195,1.1721],[114.8254,-4.1097,0.0],[114.8735,-4.0842,0.0],[114.9245,-4.061,0.0],[115.0238,-4.0061,1.6126],[115.0906,-3.9784,0.0],[115.123,-3.9699,0.0],[115.1251,-3.9675,1.4897],[115.1379,-3.9613,0.0],[115.2078,-3.9285,0.0],[115.2389,-3.917,0.0],[115.2499,-3.9155,0.0],[115.2526,-3.9124,0.0],[115.2712,-3.903,0.0],[115.3312,-3.879,0.0],[115.3773,-3.8633,0.0],[115.4065,-3.8504,0.0],[115.4574,-3.8231,0.0],[115.4793,-3.8147,0.0],[115.4861,-3.8174,0.0],[115.5135,-3.8041,0.0],[115.5255,-3.8019,0.0],[115.5289,-3.7954,0.0],[115.5407,-3.7931,0.0],[115.5792,-3.7763,0.0],[115.6084,-3.7702,0.0],[115.6397,-3.7511,0.0],[115.6546,-3.7453,0.0],[115.6853,-3.7374,0.0],[115.7057,-3.7359,0.0],[115.7166,-3.7328,0.0],[115.7182,-3.7316,0.0],[115.7191,-3.7259,0.0],[115.7331,-3.712,0.0],[115.7489,-3.7024,0.0],[115.769,-3.6929,0.0],[115.7878,-3.68,0.0],[115.7922,-3.6674,0.0],[115.7982,-3.6614,0.0],[115.7977,-3.6599,2.3182],[115.8007,-3.656,0.0],[115.8092,-3.6506,0.0],[115.8167,-3.6423,1.1617],[115.8348,-3.6323,0.0],[115.8402,-3.6318,0.0],[115.8517,-3.6258,2.1129],[115.8803,-3.6203,0.0],[115.9305,-3.6128999999999998,0.6311],[115.9599,-3.6127,0.0],[115.9695,-3.6094,0.0],[115.9734,-3.605,0.0],[115.975,-3.5985,1.8997],[115.9837,-3.5825,0.0],[115.9942,-3.5728,0.0],[115.9964,-3.5678,0.0],[115.9966,-3.5648,0.0],[115.9937,-3.5624,1.3252],[115.9916,-3.5511,6.2432],[115.9927,-3.5222,0.0],[115.9987,-3.5071,0.0],[116.0067,-3.4944,0.0],[116.0152,-3.4843,0.0],[116.0151,-3.4782,0.0],[116.0127,-3.4763,3.9758],[116.0137,-3.4738,0.0],[116.0119,-3.4645,0.0],[116.0065,-3.4477,0.8224],[116.0086,-3.4428,0.0],[116.0087,-3.4314,0.379],[116.0142,-3.4214,0.0],[116.014,-3.4182,0.0],[116.0239,-3.4105,0.9963],[116.0235,-3.3964,0.0],[116.0131,-3.3966,8.3918],[116.001,-3.3876,49.5115],[116.0143,-3.3889,9.9312],[116.0187,-3.3849,3.6518],[116.0291,-3.384,0.0],[116.0319,-3.3766,0.0],[116.032,-3.3653,1.9157],[116.0377,-3.3587,3.0904],[116.0458,-3.3564,0.0],[116.0517,-3.3507,0.0],[116.0571,-3.3372,4.214],[116.0596,-3.3374,0.0],[116.0612,-3.3353,0.8994],[116.0644,-3.3195,0.0],[116.0723,-3.3105,0.0],[116.0747,-3.2994,0.0],[116.0798,-3.2972,0.0],[116.0858,-3.2866,0.0],[116.0863,-3.2828,1.719],[116.0832,-3.2776,0.5],[116.0837,-3.2637,0.5],[116.0846,-3.2648,1.6944],[116.0842,-3.276,0.5],[116.0852,-3.2778,2.7141],[116.0907,-3.2806,6.6787],[116.0923,-3.2831,0.0],[116.0989,-3.2816,0.0],[116.1157,-3.2741,3.4331],[116.1462,-3.2656,4.3625],[116.1488,-3.2635,2.1217],[116.1494,-3.2594,9.3836],[116.1664,-3.2522,3.3381],[116.1642,-3.2459,4.0317],[116.1608,-3.2432,3.0458],[116.1644,-3.2457,4.0317],[116.1668,-3.2514,3.3381],[116.1765,-3.2516,1.8124],[116.1832,-3.2306,7.4892],[116.1808,-3.2183,0.0],[116.179,-3.2167,2.0841],[116.18,-3.2117,0.0],[116.1786,-3.2055,2.3748],[116.1684,-3.1805,2.7794],[116.168,-3.1656,2.6444],[116.1604,-3.1618,0.375],[116.1514,-3.1596,3.9047],[116.1445,-3.1548,0.5],[116.1355,-3.1512,0.5],[116.1316,-3.1508,0.5],[116.1307,-3.1576,2.4743],[116.1328,-3.1596,2.1791],[116.132,-3.1627,3.0828],[116.1347,-3.1607,2.257],[116.1385,-3.164,4.3641],[116.138,-3.1657,5.2953],[116.1343,-3.1654,4.8956],[116.1344,-3.1675,4.3159],[116.1335,-3.1653,3.6177],[116.1361,-3.1646,5.0369],[116.1377,-3.1654,5.0369],[116.1378,-3.1646,5.0369],[116.1343,-3.1614,3.2429],[116.1323,-3.1631,3.123],[116.1315,-3.1629,2.1879],[116.132,-3.1599,2.1791],[116.13,-3.1575,2.4743],[116.1311,-3.1507,0.5],[116.1211,-3.1488,1.9321],[116.123,-3.1547,2.9193],[116.1255,-3.1561,5.7636],[116.1253,-3.1612,3.564],[116.1221,-3.1619,4.7577],[116.1238,-3.1666,3.4067],[116.1265,-3.1673,3.1318],[116.1262,-3.1684,4.692],[116.1235,-3.167,2.6835],[116.1218,-3.1618,4.7577],[116.1222,-3.1607,4.7627],[116.125,-3.1607,3.564],[116.1251,-3.1566,4.4746],[116.1225,-3.1551,2.9193],[116.1198,-3.1483,1.9321],[116.106,-3.1472,0.5],[116.0921,-3.154,0.5],[116.0891,-3.158,9.8282],[116.0905,-3.1585,9.8282],[116.0932,-3.1554,9.5054],[116.096,-3.1559,11.8141],[116.0964,-3.1577,8.3731],[116.0942,-3.1609,10.9335],[116.0951,-3.1627,9.8504],[116.0939,-3.1624,9.7217],[116.0937,-3.1611,10.9335],[116.0961,-3.1576,8.3731],[116.0933,-3.1558,9.5054],[116.091,-3.1587,9.495],[116.0851,-3.1628,0.5],[116.0864,-3.1644,5.3288],[116.0848,-3.1642,5.3288],[116.0823,-3.1668,2.7475],[116.0816,-3.1716,8.664],[116.0838,-3.1738,9.0031],[116.084,-3.1708,12.5831],[116.0842,-3.1741,9.0031],[116.0822,-3.174,9.1028],[116.0806,-3.1715,8.664],[116.0725,-3.1779,2.3258],[116.0753,-3.177,8.9082],[116.0762,-3.1775,8.9082],[116.07569342105263,-3.1794802631579029,11.7243],[116.075,-3.1774,8.9082],[116.0696,-3.1839,0.75],[116.0693,-3.1896,1.51],[116.0746,-3.1969,6.2432],[116.0736,-3.2039,4.7305],[116.0702,-3.2067,4.2552],[116.0658,-3.2068,5.7083],[116.0616,-3.2008,2.5329],[116.0517,-3.2054,7.2813],[116.0455,-3.2029,13.6407],[116.0448,-3.2005,6.3362],[116.042,-3.201,6.8754],[116.0414,-3.1977,7.1293],[116.04,-3.2006,7.5864],[116.0348,-3.1981,7.2954],[116.0371,-3.1973,7.4081],[116.0352,-3.1955,5.9142],[116.0328,-3.1958,6.6113],[116.0344,-3.197,6.8647],[116.0336,-3.1979,6.8647],[116.0295,-3.1968,8.4614],[116.0299,-3.195,7.3497],[116.0261,-3.1914,7.7197],[116.029,-3.1924,14.8303],[116.0303,-3.195,7.3497],[116.0301,-3.1966,8.4614],[116.0333,-3.1975,6.8647],[116.0324,-3.1954,6.6113],[116.0357,-3.1951,5.9142],[116.0376,-3.1974,5.6179],[116.0372,-3.198,7.5459],[116.0354,-3.198,5.3006],[116.0394,-3.2001,7.5864],[116.0412,-3.1971,4.4737],[116.0423,-3.1979,7.1293],[116.0423,-3.2007,6.8754],[116.0448,-3.1998,6.3362],[116.0459,-3.2024,13.6407],[116.0523,-3.2048,7.2813],[116.0608,-3.2002,2.5329],[116.0624,-3.2006,2.4853],[116.0668,-3.2062,12.7088],[116.0701,-3.206,9.4351],[116.073,-3.2033,4.7305],[116.0734,-3.1959,2.7121],[116.0681,-3.19,1.51],[116.068,-3.185,2.7369],[116.0764,-3.1677,0.5],[116.0739,-3.1634,4.7999],[116.0663,-3.17,8.1558],[116.0672,-3.1677,8.1374],[116.0725,-3.1632,4.7999],[116.0697,-3.1562,5.4231],[116.0645,-3.1529,3.3268],[116.0588,-3.1599,7.2084],[116.0519,-3.1589,3.812],[116.0505,-3.156,6.6029],[116.0518,-3.1514,6.0313],[116.0506,-3.15,8.529],[116.0457,-3.1496,6.2256],[116.0459,-3.1479,8.2496],[116.0467,-3.1493,12.7275],[116.052,-3.15,6.3967],[116.0516,-3.1575,7.6449],[116.0575,-3.1594,12.5216],[116.0596,-3.1576,12.6031],[116.0623,-3.1458,8.6151],[116.0635,-3.1472,8.1833],[116.062,-3.149,4.972],[116.0629,-3.1516,1.0],[116.0678,-3.152,4.8144],[116.0718,-3.1454,5.1608],[116.0738,-3.1457,4.4119],[116.077,-3.1428,6.2504],[116.0786,-3.1433,4.6465],[116.0795,-3.1466,5.6026],[116.0819,-3.1449,3.2206],[116.0856,-3.1467,3.7579],[116.0876,-3.1489,2.3347],[116.0902,-3.1472,0.5],[116.0797,-3.1359,3.8907],[116.0703,-3.1393,0.5],[116.0679,-3.1442,15.299],[116.0678,-3.1413,11.3338],[116.0622,-3.135,9.5746],[116.0587,-3.1348,8.3705],[116.0616,-3.1342,6.6733],[116.0679,-3.1403,6.664],[116.0692,-3.1344,7.6032],[116.0738,-3.1321,7.4555],[116.0715,-3.1248,7.0299],[116.0629,-3.125,7.7124],[116.057,-3.1195,7.3343],[116.0473,-3.1252,4.1994],[116.0478,-3.1205,7.3418],[116.0452,-3.121,7.4246],[116.0428,-3.1171,6.166],[116.0428,-3.1148,7.0074],[116.0413,-3.1181,7.178],[116.0397,-3.1178,9.737],[116.0381,-3.1132,6.459],[116.0389,-3.1137,6.459],[116.0396,-3.1153,7.5474],[116.0399,-3.1176,9.737],[116.0428,-3.1142,9.0201],[116.0444,-3.1194,6.0808],[116.0485,-3.1204,7.3418],[116.048,-3.1244,10.729],[116.056,-3.1187,7.3343],[116.0585,-3.1199,5.0972],[116.0628,-3.124,7.0543],[116.0712,-3.1243,8.7075],[116.0739,-3.1275,3.8867],[116.0748,-3.1293,6.3792],[116.0751,-3.1321,7.8528],[116.0701,-3.1377,6.2554],[116.0756,-3.1349,5.7034],[116.0806,-3.135,7.222],[116.0891,-3.1438,15.3077],[116.0924,-3.1461,11.6023],[116.0959,-3.1461,10.9866],[116.0983,-3.1446,5.2429],[116.1097,-3.1282,0.5],[116.1069,-3.1265,5.0397],[116.1022,-3.1276,5.512],[116.0938,-3.1244,7.098],[116.0926,-3.1234,6.0734],[116.0907,-3.1161,6.4623],[116.0918,-3.1171,7.813],[116.0931,-3.1237,7.098],[116.0979,-3.1243,14.3307],[116.1009,-3.1265,4.9414],[116.1046,-3.1256,13.7385],[116.1066,-3.1188,7.0102],[116.1076,-3.1203,9.2014],[116.1058,-3.1258,8.2539],[116.1087,-3.1262,10.3186],[116.1113,-3.1281,0.5],[116.114,-3.1266,3.7232],[116.1153,-3.1233,8.7691],[116.1105,-3.1152,3.9117],[116.1129,-3.1077,10.2267],[116.1105,-3.1109,11.1079],[116.111,-3.1079,6.9662],[116.1132,-3.1068,10.2267],[116.1136,-3.0979,5.8947],[116.1113,-3.0972,8.8443],[116.108,-3.0998,7.9321],[116.1059,-3.0985,7.2429],[116.1079,-3.0994,12.6244],[116.1105,-3.0972,9.2696],[116.1095,-3.0935,10.1319],[116.1112,-3.0969,9.2696],[116.113,-3.0966,8.8443],[116.1147,-3.0985,7.0637],[116.1142,-3.1066,3.5291],[116.1165,-3.1038,7.6502],[116.1119,-3.1146,3.7191],[116.1136,-3.117,5.2904],[116.1156,-3.117,10.6324],[116.1176,-3.1134,8.1734],[116.1169,-3.1166,10.6324],[116.1144,-3.1186,0.5],[116.1171,-3.1213,6.9039],[116.1164,-3.1253,9.6768],[116.1067,-3.1378,0.5],[116.1071,-3.1412,0.5],[116.1084,-3.1417,3.3468],[116.1125,-3.1388,7.7008],[116.1219,-3.1401,0.5],[116.1322,-3.1374,2.1568],[116.1422,-3.1444,11.5522],[116.1593,-3.1529,2.3992],[116.17,-3.1556,4.6731],[116.1756,-3.1596,0.0],[116.1805,-3.1608,5.1935],[116.1874,-3.1532,0.0],[116.1874,-3.1483,1.0115],[116.2079,-3.128,7.3114],[116.2201,-3.1268,1.2392],[116.2253,-3.1248,2.5085],[116.2382,-3.1277,3.8406],[116.2394,-3.1258,5.2493],[116.2465,-3.1256,4.7126],[116.2474,-3.1243,5.0748],[116.2483,-3.1257,2.479],[116.2511,-3.1228,5.3904],[116.2544,-3.1261,1.3317],[116.2617,-3.1268,0.3575],[116.2649,-3.1246,1.945],[116.2683,-3.1287,2.168],[116.2718,-3.1303,1.4516],[116.275,-3.1306,0.0],[116.2758,-3.1288,0.0],[116.2689,-3.1094,0.0],[116.2654,-3.111,0.4658],[116.2518,-3.1058,0.2156],[116.2417,-3.1006,3.4235],[116.2362,-3.094,0.0],[116.2195,-3.0909,0.0],[116.2152,-3.0995,4.8708],[116.2209,-3.0983,10.6867],[116.2225,-3.1032,9.2412],[116.2204,-3.1047,9.3113],[116.2222,-3.1034,5.5182],[116.2209,-3.0994,10.6867],[116.209,-3.1006,5.1843],[116.207,-3.0988,7.441],[116.2067,-3.0958,2.4648],[116.2048,-3.0943,4.0423],[116.2021,-3.0963,5.9827],[116.2023,-3.0997,4.8918],[116.2008,-3.1003,9.2447],[116.1977,-3.0972,9.7642],[116.1984,-3.0966,9.7642],[116.1995,-3.097,9.7642],[116.2013,-3.0999,9.2447],[116.2013,-3.0958,10.2937],[116.2044,-3.0936,4.0423],[116.207,-3.0958,2.4648],[116.2074,-3.0984,7.441],[116.2096,-3.1001,5.1843],[116.2163,-3.0972,3.4959],[116.2181,-3.0917,9.0647],[116.2154,-3.0809,0.2412],[116.2104,-3.0771,0.2882],[116.2051,-3.0776,0.0],[116.1975,-3.0757,2.9762],[116.1887,-3.0683,7.7953],[116.1878,-3.0651,1.6265],[116.1764,-3.0629,0.5],[116.1761,-3.0648,7.992],[116.1804,-3.0721,5.6804],[116.1839,-3.0731,6.1286],[116.1822,-3.0774,1.8933],[116.1865,-3.0791,4.5177],[116.1826,-3.0784,1.3153],[116.1797,-3.0754,5.1829],[116.178,-3.0782,4.1495],[116.1751,-3.0771,6.9639],[116.1759,-3.0768,6.9639],[116.1772,-3.0775,9.4931],[116.1799,-3.075,5.1829],[116.1827,-3.0755,13.5919],[116.1833,-3.0734,6.1286],[116.18,-3.0726,5.6804],[116.1753,-3.0655,7.992],[116.1757,-3.0631,4.335],[116.1702,-3.0591,4.7781],[116.169,-3.0521,0.5],[116.1614,-3.057,3.9524],[116.164,-3.0537,4.5736],[116.1689,-3.0503,0.5],[116.1638,-3.0393,3.0122],[116.1585,-3.0355,3.444],[116.157,-3.0366,2.667],[116.1592,-3.04,12.7979],[116.1577,-3.0427,8.7418],[116.1515,-3.0429,4.6076],[116.1505,-3.0381,6.2774],[116.148,-3.0363,5.3557],[116.1458,-3.0395,5.0051],[116.1478,-3.0411,6.1186],[116.1467,-3.0438,5.7892],[116.1423,-3.0445,7.5642],[116.1415,-3.0398,7.7148],[116.1394,-3.0392,7.4946],[116.1369,-3.0425,6.8652],[116.1383,-3.0393,7.4946],[116.1409,-3.0385,7.8325],[116.1426,-3.0406,10.1048],[116.1429,-3.0439,7.5642],[116.1455,-3.0438,7.9856],[116.1471,-3.0417,6.3735],[116.145,-3.0389,5.0051],[116.1475,-3.0356,6.808],[116.1513,-3.0378,12.4652],[116.1517,-3.042,4.6076],[116.1576,-3.0419,8.7418],[116.1582,-3.039,13.1136],[116.1564,-3.0373,16.2765],[116.1564,-3.0345,2.8462],[116.1539,-3.0339,8.0768],[116.1529,-3.0286,0.5],[116.1578,-3.0178,14.6105],[116.158,-3.0155,12.0512],[116.1563,-3.0146,13.1742],[116.1451,-3.0126,2.0412],[116.1408,-3.0145,3.1681],[116.1334,-3.0113,8.1208],[116.133,-3.0174,7.3251],[116.1365,-3.0168,7.9392],[116.1379,-3.0184,15.2444],[116.1377,-3.02,11.2228],[116.137,-3.0175,7.9392],[116.1347,-3.0188,9.4125],[116.1327,-3.0177,7.3251],[116.1328,-3.0115,8.1208],[116.1298,-3.0117,6.4947],[116.1264,-3.0146,9.7145],[116.122,-3.0137,2.4079],[116.1221,-3.0182,10.0649],[116.1214,-3.0177,1.7529],[116.1219,-3.0163,5.8172],[116.1178,-3.0156,3.3294],[116.1178,-3.0187,7.0272],[116.1165,-3.0161,6.7525],[116.1182,-3.0151,3.3294],[116.1206,-3.016,4.7543],[116.1213,-3.0148,4.7543],[116.1183,-3.0098,6.6954],[116.1096,-3.0087,4.3358],[116.1068,-3.0132,12.3198],[116.107,-3.0097,12.1492],[116.1018,-3.0089,2.9778],[116.1018,-3.0133,2.3815],[116.0991,-3.0142,3.8971],[116.099,-3.0168,2.7199],[116.0962,-3.0199,6.7353],[116.0998,-3.0261,16.0712],[116.0985,-3.0266,8.1705],[116.0987,-3.0249,4.5778],[116.0943,-3.0205,8.3348],[116.0965,-3.022,7.2823],[116.0958,-3.0192,3.2686],[116.0983,-3.0142,1.1127],[116.1011,-3.0129,1.4714],[116.1001,-3.0097,2.6088],[116.1026,-3.0074,1.9289],[116.0994,-3.0,4.6653],[116.0938,-2.9993,1.0],[116.0871,-3.0036,3.9463],[116.0861,-3.0107,3.0],[116.0833,-3.0146,7.3428],[116.0889,-3.0148,10.6435],[116.0893,-3.0153,10.6435],[116.0885,-3.0177,13.265],[116.089,-3.0156,10.6435],[116.084,-3.0153,7.3428],[116.0822,-3.0187,3.0],[116.0839,-3.0224,4.6656],[116.0798,-3.0224,5.2788],[116.0803,-3.0262,15.9695],[116.085,-3.0262,8.5324],[116.0855,-3.0295,10.6756],[116.0848,-3.0266,10.4897],[116.083,-3.0274,10.374],[116.08,-3.0266,12.5484],[116.0793,-3.0223,5.2788],[116.0809,-3.0211,8.4269],[116.0832,-3.0218,4.6656],[116.0809,-3.0198,8.4269],[116.0745,-3.0264,5.8554],[116.0782,-3.0277,7.0223],[116.0789,-3.0314,9.6941],[116.0815,-3.0329,8.2601],[116.0777,-3.031,9.4006],[116.0748,-3.0332,11.911],[116.0722,-3.0323,8.6068],[116.0726,-3.0358,11.5049],[116.0709,-3.0366,9.2819],[116.0722,-3.0353,11.5049],[116.0718,-3.0319,8.6323],[116.0746,-3.0323,6.5439],[116.0776,-3.0294,11.7808],[116.0773,-3.0282,11.7808],[116.0732,-3.029,10.1077],[116.0731,-3.0261,7.2645],[116.0812,-3.0178,3.8041],[116.0853,-3.0091,3.0],[116.0834,-3.0067,6.7247],[116.0779,-3.0167,4.2618],[116.0728,-3.0212,4.0581],[116.0647,-3.0254,7.7148],[116.064,-3.0283,10.0709],[116.0661,-3.0293,15.0322],[116.0658,-3.0308,9.7723],[116.0679,-3.0313,10.4835],[116.0678,-3.0324,10.4835],[116.067,-3.0331,9.513],[116.0674,-3.0318,10.4835],[116.0651,-3.031,9.7723],[116.0647,-3.0292,10.0709],[116.0623,-3.032,3.0],[116.0625,-3.034,10.5545],[116.0604,-3.0347,12.8162],[116.0614,-3.0325,3.0],[116.0587,-3.0345,3.0],[116.0622,-3.0364,8.0217],[116.0611,-3.0408,6.7242],[116.0629,-3.0414,6.4281],[116.0628,-3.043,6.0102],[116.0594,-3.0406,9.1532],[116.0584,-3.0362,3.0],[116.0553,-3.0404,6.3953],[116.057,-3.0343,3.0],[116.0534,-3.0334,3.0],[116.0474,-3.0388,10.0844],[116.0466,-3.0463,9.4806],[116.0456,-3.0441,7.9212],[116.0433,-3.046,9.7778],[116.0416,-3.0454,9.7778],[116.0423,-3.0481,12.5703],[116.0406,-3.0502,9.3568],[116.0407,-3.0493,8.9899],[116.0419,-3.0478,11.6499],[116.0411,-3.045,10.8059],[116.0434,-3.0454,10.2296],[116.0455,-3.0435,7.9212],[116.0482,-3.035,5.6373],[116.0458,-3.0392,10.0844],[116.0427,-3.0403,8.0094],[116.0484,-3.034,4.5085],[116.0424,-3.0346,7.0788],[116.0354,-3.039,10.5419],[116.0373,-3.0365,10.2308],[116.0422,-3.0339,11.5691],[116.0484,-3.0331,4.5085],[116.0442,-3.0303,9.9083],[116.0442,-3.0284,7.7747],[116.0443,-3.0299,9.9083],[116.0502,-3.0335,3.0],[116.0527,-3.0316,9.7654],[116.051,-3.0305,9.7356],[116.0497,-3.0322,9.1087],[116.05,-3.0311,9.7356],[116.0514,-3.0299,9.7356],[116.0526,-3.0312,11.1478],[116.0531,-3.0295,9.5955],[116.0527,-3.0326,9.7654],[116.0598,-3.0316,3.0],[116.06,-3.0281,8.7672],[116.058,-3.0268,13.1664],[116.0611,-3.0246,10.6548],[116.0593,-3.0234,14.0626],[116.0623,-3.0243,4.1185],[116.0689,-3.017,4.6192],[116.0746,-3.0141,3.889],[116.0907,-2.9952,1.0],[116.0713,-2.9993,1.0],[116.0673,-3.0016,3.585],[116.0682,-3.0067,6.7879],[116.0669,-3.0019,3.585],[116.0565,-3.0087,5.4729],[116.0532,-3.0091,6.987],[116.0536,-3.01,8.9647],[116.0557,-3.0099,6.5214],[116.0565,-3.011,6.5214],[116.0529,-3.0126,8.1444],[116.0524,-3.009,6.987],[116.0562,-3.0072,1.0],[116.0534,-3.006,8.6967],[116.0514,-3.0086,8.1993],[116.0478,-3.0071,7.8804],[116.0515,-3.0079,7.9334],[116.0533,-3.0052,8.6967],[116.0556,-3.0063,5.0043],[116.0615,-3.0012,2.1078],[116.0638,-2.9978,1.3148],[116.0618,-2.9939,4.4432],[116.064,-2.9962,1.8709],[116.0689,-2.9929,2.6844],[116.0794,-2.9946,3.1793],[116.0838,-2.9924,5.8889],[116.0847,-2.989,1.0],[116.0797,-2.9801,1.4367],[116.0676,-2.9759,1.2057],[116.063,-2.9697,4.3413],[116.0485,-2.9705,4.8216],[116.0433,-2.9642,7.5606],[116.0485,-2.9698,4.8216],[116.052,-2.968,9.0813],[116.058,-2.9682,5.7125],[116.0598,-2.9664,7.2696],[116.0553,-2.9649,5.2583],[116.0547,-2.9615,4.3649],[116.0521,-2.959,7.7997],[116.0535,-2.9594,7.7997],[116.0546,-2.9609,7.2625],[116.0556,-2.9644,3.9229],[116.0611,-2.9657,6.2782],[116.062,-2.959,5.3999],[116.063,-2.9629,4.7308],[116.0624,-2.9668,2.9585],[116.0696,-2.974,3.06],[116.0728,-2.975,5.4905],[116.0766,-2.9724,2.1894],[116.0753,-2.9678,10.1944],[116.0772,-2.972,2.1894],[116.0744,-2.9761,6.8732],[116.0808,-2.979,7.5429],[116.0878,-2.9871,3.6278],[116.0991,-2.9784,1.0],[116.1145,-2.9722,7.8288],[116.1133,-2.9684,18.0869],[116.1091,-2.9665,10.1865],[116.1075,-2.9673,10.1865],[116.1091,-2.9718,2.1333],[116.1062,-2.9722,8.4141],[116.1076,-2.9687,10.0816],[116.1068,-2.9665,9.6312],[116.1121,-2.9664,3.5256],[116.1115,-2.9633,3.7412],[116.0982,-2.9572,2.7367],[116.0923,-2.9569,3.7988],[116.0887,-2.9609,6.7616],[116.0851,-2.9606,8.3854],[116.0831,-2.9632,7.7264],[116.0842,-2.9609,9.4328],[116.0852,-2.9602,8.3854],[116.0884,-2.9607,9.148],[116.0907,-2.9572,3.7988],[116.0858,-2.9576,3.0],[116.0816,-2.9556,3.0],[116.0808,-2.959,8.0956],[116.0789,-2.9591,6.2163],[116.0789,-2.9555,6.4016],[116.0762,-2.9568,7.1082],[116.079,-2.955,6.4016],[116.0797,-2.9558,6.4016],[116.0795,-2.9587,6.2163],[116.0811,-2.957,8.0583],[116.0785,-2.9479,3.813],[116.0724,-2.9461,5.7989],[116.0704,-2.9406,5.9117],[116.0685,-2.941,3.8493],[116.0682,-2.9429,6.6441],[116.0658,-2.9431,8.3331],[116.0645,-2.9388,9.8478],[116.0657,-2.9427,6.9015],[116.0677,-2.9427,10.329],[116.0678,-2.9395,9.0831],[116.071,-2.9371,7.7031],[116.0714,-2.9381,8.8303],[116.0681,-2.9401,3.8493],[116.0708,-2.9402,5.9117],[116.074,-2.9453,5.7989],[116.0758,-2.9444,6.7537],[116.0792,-2.9463,3.813],[116.0814,-2.9515,4.6059],[116.0856,-2.9553,4.108],[116.1,-2.9555,6.2404],[116.1109,-2.9599,3.7368],[116.117,-2.9674,5.9426],[116.1213,-2.9635,13.902],[116.122,-2.9597,6.1729],[116.1196,-2.9553,2.1046],[116.1068,-2.9495,4.6458],[116.1025,-2.9442,13.17],[116.1012,-2.9343,1.0],[116.1064,-2.9188,1.0],[116.0999,-2.9162,1.0],[116.0982,-2.9118,14.3578],[116.0959,-2.9111,14.1643],[116.0982,-2.9101,22.7091],[116.0966,-2.9051,8.2302],[116.0927,-2.9057,3.6857],[116.0877,-2.9133,4.0369],[116.0828,-2.9155,5.4031],[116.0816,-2.9176,6.7894],[116.0821,-2.9198,8.025],[116.081,-2.9223,8.3551],[116.0806,-2.9215,8.3551],[116.0819,-2.9191,6.9205],[116.0797,-2.9181,11.821],[116.0813,-2.9176,6.7894],[116.082,-2.9149,7.7124],[116.0779,-2.9101,6.5676],[116.0728,-2.9139,7.1212],[116.0726,-2.9159,7.8341],[116.0703,-2.9168,6.8622],[116.0703,-2.9193,6.9511],[116.0695,-2.9179,8.3941],[116.0698,-2.9169,8.3941],[116.0704,-2.9163,6.8622],[116.0725,-2.9157,7.8341],[116.0724,-2.9142,7.1212],[116.0737,-2.9124,8.2203],[116.0776,-2.9093,6.1647],[116.0766,-2.9011,7.981],[116.0745,-2.8987,7.5438],[116.0766,-2.9004,7.981],[116.0777,-2.9082,6.1647],[116.0802,-2.9091,5.0952],[116.0816,-2.9134,4.195],[116.0855,-2.9134,5.9472],[116.0926,-2.9016,11.0796],[116.0929,-2.9039,4.6895],[116.1007,-2.9015,7.9763],[116.1017,-2.8979,8.6304],[116.0999,-2.8964,8.205],[116.1034,-2.8902,7.9813],[116.0982,-2.8882,9.451],[116.0969,-2.8862,9.6533],[116.103,-2.8885,8.1094],[116.1039,-2.8912,7.9813],[116.1006,-2.8954,6.244],[116.1021,-2.8981,5.1074],[116.1012,-2.9016,6.6671],[116.0977,-2.9039,7.5128],[116.1004,-2.9142,2.2978],[116.105,-2.917,7.3055],[116.1159,-2.9028,12.7071],[116.1284,-2.891,10.04],[116.1313,-2.8852,13.8948],[116.1305,-2.8756,2.5573],[116.1236,-2.8721,1.0],[116.1203,-2.8719,6.296],[116.1207,-2.8806,9.2982],[116.1194,-2.8713,9.271],[116.1116,-2.8703,6.9822],[116.1064,-2.8685,6.4821],[116.0963,-2.8703,8.6193],[116.0988,-2.8689,9.2241],[116.1022,-2.8685,6.4772],[116.1021,-2.8671,5.7496],[116.0906,-2.8606,1.0],[116.0744,-2.8649,8.0617],[116.0843,-2.8605,8.0935],[116.0795,-2.8548,5.2565],[116.0767,-2.8546,7.4016],[116.0753,-2.8507,3.9418],[116.0721,-2.8511,6.8936],[116.0696,-2.8494,4.3329],[116.0676,-2.8504,9.5611],[116.0672,-2.8478,6.5325],[116.063,-2.8447,12.8029],[116.067,-2.8471,6.5325],[116.0683,-2.8489,4.3329],[116.0727,-2.8502,3.2156],[116.0775,-2.8493,9.6028],[116.0842,-2.8524,7.1457],[116.0908,-2.858,4.6332],[116.098,-2.8584,5.9369],[116.0934,-2.856,3.6822],[116.0927,-2.8538,4.6279],[116.0895,-2.8522,6.3907],[116.0927,-2.8532,4.6279],[116.0946,-2.856,3.6822],[116.097,-2.8563,3.8389],[116.0967,-2.8518,6.7578],[116.0975,-2.8527,5.271],[116.0982,-2.8569,3.8389],[116.1,-2.8578,6.1533],[116.0991,-2.8548,5.8909],[116.1003,-2.8529,6.6195],[116.0998,-2.8556,5.8909],[116.1035,-2.8566,6.1036],[116.1046,-2.8603,4.6632],[116.1084,-2.8633,3.2394],[116.1129,-2.8637,7.2687],[116.114,-2.8612,9.7879],[116.1121,-2.8595,7.8895],[116.1129,-2.8576,8.3192],[116.1125,-2.8594,7.8895],[116.1143,-2.8607,9.7879],[116.1143,-2.8643,4.0964],[116.1224,-2.8658,16.6181],[116.1281,-2.8644,6.6151],[116.1247,-2.8606,8.2041],[116.128,-2.8622,10.8683],[116.1296,-2.8661,1.0],[116.1311,-2.8663,1.0],[116.1342,-2.8517,1.0],[116.1314,-2.8462,13.9284],[116.1315,-2.8407,6.8466],[116.1269,-2.8375,12.967],[116.1287,-2.8374,4.9365],[116.1279,-2.8355,1.0],[116.123,-2.8315,8.8465],[116.1011,-2.8227,8.3333],[116.1041,-2.8232,5.9016],[116.1185,-2.829,11.925],[116.1197,-2.8287,2.4422],[116.118,-2.8247,3.8406],[116.1033,-2.8122,12.1137],[116.1072,-2.8145,12.3003],[116.1129,-2.8142,9.8544],[116.1111,-2.8107,6.8333],[116.1165,-2.8134,3.0062],[116.1154,-2.8108,6.5268],[116.1099,-2.8078,6.997],[116.111,-2.8074,6.997],[116.1068,-2.8037,8.9361],[116.1175,-2.811,4.6006],[116.1189,-2.8103,4.6006],[116.1187,-2.8065,6.0414],[116.1195,-2.8092,5.8259],[116.1218,-2.8075,6.3847],[116.1191,-2.8109,4.6006],[116.1193,-2.8145,1.0],[116.1235,-2.8188,1.0],[116.1271,-2.8195,10.3081],[116.1293,-2.8177,10.3689],[116.128,-2.8141,9.9049],[116.1297,-2.8159,9.8058],[116.1329,-2.8112,9.3236],[116.1288,-2.8045,3.1531],[116.1271,-2.8045,7.6688],[116.1284,-2.8031,3.1531],[116.1268,-2.8002,5.8962],[116.1291,-2.8032,3.1531],[116.1307,-2.8032,8.4534],[116.1301,-2.8052,6.5723],[116.1345,-2.8104,3.8917],[116.1381,-2.803,1.0],[116.1329,-2.7967,7.1842],[116.1341,-2.7919,4.9389],[116.1329,-2.7892,6.8304],[116.1415,-2.7742,7.1908],[116.1414,-2.7764,6.0454],[116.1338,-2.7892,6.8304],[116.1351,-2.7976,6.4174],[116.1369,-2.799,10.8511],[116.1391,-2.7972,6.4227],[116.1418,-2.7929,6.3492],[116.1415,-2.7889,6.2329],[116.1428,-2.7923,5.3705],[116.145,-2.7901,5.0918],[116.1439,-2.7938,4.2555],[116.1464,-2.79533846153846,5.6342],[116.1448,-2.7946,4.9568],[116.1418,-2.7956,5.3608],[116.1425,-2.8003,5.1695],[116.1466,-2.7991,6.3385],[116.1469,-2.8003,5.363],[116.1442,-2.8009,4.3066],[116.1473,-2.8032,5.9354],[116.1419,-2.8019,1.0],[116.139,-2.8085,1.0],[116.1384,-2.8155,7.7778],[116.1446,-2.8139,7.9064],[116.1372,-2.817,1.0],[116.1348,-2.8261,9.1554],[116.1438,-2.8376,15.585],[116.1476,-2.8295,13.5091],[116.1512,-2.8282,4.6576],[116.1516,-2.827,3.65],[116.1506,-2.8251,9.3529],[116.1509,-2.8233,7.7605],[116.1526,-2.8229,12.0112],[116.1509,-2.8241,7.7605],[116.1519,-2.8279,3.65],[116.1481,-2.8302,11.0978],[116.1436,-2.8406,1.0],[116.1437,-2.8429,8.5251],[116.1458,-2.8444,19.6043],[116.1525,-2.8415,1.0],[116.1522,-2.8348,4.9632],[116.1569,-2.832,4.9214],[116.1574,-2.8282,7.1166],[116.1578,-2.8318,4.9214],[116.16,-2.8332,8.6427],[116.1615,-2.831,8.7244],[116.1622,-2.8307,8.7244],[116.163,-2.8308,9.0849],[116.1638,-2.8325,8.1558],[116.1624,-2.8309,8.7244],[116.1609,-2.8336,9.172],[116.1572,-2.8326,4.9214],[116.1531,-2.8348,9.0088],[116.1542,-2.8415,1.0],[116.1484,-2.8461,1.0],[116.1486,-2.8517,8.3888],[116.1491,-2.8534,1.0],[116.1571,-2.8577,18.7909],[116.1616,-2.8519,4.7968],[116.1608,-2.8499,10.6704],[116.164,-2.8537,8.4832],[116.1667,-2.8525,14.1533],[116.1664,-2.8538,13.6612],[116.1656,-2.8543,13.6612],[116.1616,-2.853,9.3847],[116.1586,-2.8584,13.3038],[116.152,-2.8569,1.0],[116.1508,-2.858,20.1766],[116.1509,-2.8672,11.8672],[116.1541,-2.8699,3.7073],[116.1567,-2.8686,9.3376],[116.1561,-2.8695,12.7033],[116.159,-2.8709,8.9584],[116.1591,-2.8675,11.1069],[116.1601,-2.8693,10.8898],[116.1596,-2.8718,10.9719],[116.1563,-2.8745,14.2692],[116.1571,-2.8762,15.2395],[116.1605,-2.8749,8.857],[116.1587,-2.878,17.5851],[116.1603,-2.8751,8.857],[116.1575,-2.8767,8.0016],[116.1565,-2.8765,11.3179],[116.156,-2.8753,11.0245],[116.1566,-2.8735,6.7592],[116.1587,-2.8721,10.9719],[116.1583,-2.871,3.6917],[116.1553,-2.8707,2.92],[116.1538,-2.8733,6.4324],[116.1549,-2.8783,8.3189],[116.1528,-2.8877,8.1528],[116.1556,-2.9002,2.7305],[116.1608,-2.9018,11.5389],[116.1617,-2.9064,1.0],[116.1664,-2.9067,1.4515],[116.1715,-2.9105,9.8787],[116.1739,-2.9172,7.5618],[116.1786,-2.9188,1.0],[116.1772,-2.916,6.2439],[116.1793,-2.9179,9.0943],[116.1809,-2.9163,9.0943],[116.1806,-2.9187,6.1156],[116.1786,-2.9212,2.8397],[116.1823,-2.9242,6.8162],[116.1872,-2.9231,2.6851],[116.1899,-2.9208,6.7013],[116.1891,-2.9188,7.9098],[116.1916,-2.9175,9.13],[116.1906,-2.9207,6.7013],[116.1945,-2.9191,5.3813],[116.1975,-2.916,12.867],[116.1969,-2.9104,3.1854],[116.1882,-2.9061,2.5],[116.1872,-2.9084,8.6196],[116.1848,-2.9013,6.1504],[116.1881,-2.8964,2.5],[116.1859,-2.8946,7.2794],[116.1833,-2.896,7.9325],[116.1821,-2.8951,8.6361],[116.1854,-2.8939,9.7464],[116.1845,-2.8926,10.2705],[116.1857,-2.893,9.7464],[116.1891,-2.8965,2.5],[116.1922,-2.8951,6.7982],[116.1916,-2.8936,9.6276],[116.1879,-2.8939,11.1571],[116.1868,-2.8917,9.6105],[116.1881,-2.8938,11.1571],[116.1923,-2.8934,9.6276],[116.1922,-2.8956,6.7982],[116.1896,-2.8982,3.8472],[116.1938,-2.8951,7.2707],[116.1963,-2.8898,4.3902],[116.1953,-2.885,3.8388],[116.1979,-2.88,4.4376],[116.1984,-2.8733,3.9359],[116.1951,-2.8694,10.0223],[116.1967,-2.8682,5.9935],[116.1968,-2.8649,5.8867],[116.1989,-2.8667,5.1818],[116.2019,-2.8649,4.7975],[116.2031,-2.8622,5.2956],[116.202,-2.8619,5.2956],[116.201,-2.861,6.7413],[116.2011,-2.8588,6.5871],[116.2023,-2.8604,4.8681],[116.2015,-2.8613,6.8152],[116.2035,-2.8621,5.2956],[116.202,-2.8653,4.7975],[116.1991,-2.8669,5.1818],[116.1983,-2.8667,5.1818],[116.197,-2.8654,5.8867],[116.197,-2.8684,5.9935],[116.1958,-2.8695,5.9935],[116.1986,-2.8734,3.9359],[116.1981,-2.8801,4.4376],[116.1959,-2.885,11.4072],[116.197,-2.8905,4.3902],[116.1923,-2.8988,5.0927],[116.1873,-2.9002,4.4102],[116.1861,-2.9023,9.4117],[116.1878,-2.9045,13.4441],[116.1907,-2.9048,2.5],[116.1926,-2.9028,13.9576],[116.1958,-2.9029,7.6511],[116.1956,-2.8999,6.8204],[116.2017,-2.8968,13.6003],[116.2004,-2.8981,8.6323],[116.1963,-2.8997,15.2056],[116.196,-2.9032,9.88],[116.1916,-2.9048,5.273],[116.1988,-2.9099,2.976],[116.1998,-2.9141,9.3622],[116.2024,-2.9128,13.1375],[116.2038,-2.9165,16.5736],[116.2036,-2.9198,12.7986],[116.2024,-2.9182,11.8447],[116.2031,-2.9163,16.5736],[116.2002,-2.9156,6.3758],[116.1906,-2.9261,1.0],[116.2035,-2.9355,1.0],[116.2107,-2.9342,18.6045],[116.2096,-2.9354,12.9388],[116.2054,-2.9358,12.0756],[116.2088,-2.9443,5.299],[116.2072,-2.9587,0.5],[116.2092,-2.9755,0.5],[116.2127,-2.9888,12.449],[116.2112,-2.9968,0.0],[116.2121,-3.0004,7.9319],[116.2208,-3.0068,2.0158],[116.2277,-3.0049,8.8231],[116.2374,-3.0069,1.902],[116.2571,-3.0031,1.8576],[116.2602,-3.0054,0.0],[116.2691,-3.0028,6.6161],[116.2851,-2.9786,3.7765],[116.2886,-2.9773,4.2547],[116.3018,-2.9639,0.9767],[116.3111,-2.9505,2.8244],[116.315,-2.9473,2.4481],[116.3187,-2.9364,5.7972],[116.3249,-2.9313,2.8369],[116.3259,-2.9245,1.392],[116.332,-2.9139,1.4813],[116.3507,-2.8879,1.6985],[116.3498,-2.8837,2.5002],[116.351,-2.8849,3.5427],[116.3519,-2.8877,1.6985],[116.3538,-2.8875,3.7206],[116.3645,-2.8775,0.0],[116.3593,-2.8638,6.2283],[116.3642,-2.8432,1.3695],[116.3648,-2.8338,0.0],[116.3705,-2.8163,10.2647],[116.3722,-2.8033,2.0948],[116.37,-2.8029,0.8819],[116.3639,-2.7883,5.4532],[116.3586,-2.7645,5.9],[116.3599,-2.72,6.9256],[116.3664,-2.6837,9.0364],[116.3663,-2.6737,5.8258],[116.3651,-2.6727,8.2176],[116.3727,-2.6471,0.0],[116.3805,-2.6305,4.695],[116.4116,-2.5874,7.4148],[116.4155,-2.5779,0.0],[116.4144,-2.5769,0.0],[116.4135,-2.5782,0.5595],[116.398,-2.581,0.0],[116.3932,-2.5848,12.5023],[116.3912,-2.5843,0.0],[116.3843,-2.5733,1.9569],[116.3788,-2.5697,0.8728],[116.3776,-2.5672,0.0],[116.3731,-2.5649,1.7654],[116.3668,-2.5652,2.2924],[116.3597,-2.5633,12.0626],[116.3582,-2.5516,3.8659],[116.3562,-2.5497,7.7223],[116.3438,-2.5616,17.8388],[116.3441,-2.5629,17.8388],[116.3409,-2.565,2.2102],[116.3419,-2.5661,13.1046],[116.3395,-2.5662,0.5],[116.3321,-2.5771,0.5],[116.3325,-2.5816,6.1775],[116.3351,-2.5823,9.7087],[116.3353,-2.5837,6.8375],[116.3329,-2.5855,11.8887],[116.335,-2.583,6.8375],[116.3325,-2.5822,6.1775],[116.3316,-2.5797,5.78],[116.3295,-2.5817,5.1731],[116.3276,-2.5922,6.7543],[116.3223,-2.5992,0.5],[116.3237,-2.6005,6.9255],[116.3263,-2.5983,8.4678],[116.328,-2.5996,5.6884],[116.3264,-2.5988,8.4678],[116.3239,-2.601,6.9255],[116.3219,-2.6,1.177],[116.3178,-2.6021,2.2913],[116.3161,-2.6083,0.5],[116.3158,-2.6156,0.5],[116.3234,-2.6207,6.7822],[116.3187,-2.6271,2.4259],[116.3209,-2.6313,4.2581],[116.3276,-2.6326,13.898],[116.3303,-2.6344,15.8757],[116.3339,-2.6304,11.0823],[116.3389,-2.6316,9.8274],[116.3411,-2.6275,9.3595],[116.3468,-2.6239,10.6401],[116.3482,-2.6207,10.0585],[116.3475,-2.6238,10.6401],[116.344,-2.6271,13.4302],[116.3416,-2.6277,9.3595],[116.3411,-2.6304,11.8339],[116.3379,-2.6323,9.8274],[116.3336,-2.6309,11.0823],[116.3319,-2.6342,5.9259],[116.3302,-2.6353,4.2663],[116.3271,-2.633,9.6589],[116.3206,-2.6321,4.2581],[116.3174,-2.6267,2.4259],[116.3227,-2.6208,3.0219],[116.3149,-2.6161,10.2208],[116.314,-2.6084,0.5],[116.2878,-2.6252,1.5],[116.2814,-2.6352,1.5],[116.2717,-2.643,1.5],[116.2706,-2.6489,1.5],[116.2681,-2.6523,3.7344],[116.2626,-2.656,1.5],[116.2518,-2.6702,5.5865],[116.2423,-2.6678,3.0],[116.2434,-2.6715,7.3394],[116.2399,-2.6745,6.2132],[116.2398,-2.6767,3.9427],[116.2409,-2.6777,5.1951],[116.2425,-2.6765,5.1951],[116.2456,-2.6769,8.0146],[116.247,-2.6794,6.3335],[116.2467,-2.6805,6.0502],[116.2447,-2.68,5.6794],[116.2452,-2.6829,6.104],[116.2439,-2.6829,6.2697],[116.2443,-2.6798,5.6794],[116.2453,-2.6793,6.3335],[116.2464,-2.68,6.0502],[116.2467,-2.6794,6.3335],[116.2448,-2.6768,6.6722],[116.2422,-2.6773,5.1951],[116.2399,-2.6806,5.5981],[116.2403,-2.6792,4.8692],[116.2419,-2.6777,5.1951],[116.2401,-2.678,4.8692],[116.2394,-2.6765,3.9427],[116.2372,-2.6768,6.7185],[116.2428,-2.6715,11.8397],[116.2411,-2.6698,7.9767],[116.2413,-2.6675,3.0],[116.23779999999999,-2.6665,5.6998],[116.231,-2.6707,5.1955],[116.2294,-2.6741,3.0],[116.2314,-2.6799,5.0628],[116.2304,-2.6832,5.398],[116.2345,-2.6899,4.5349],[116.2361,-2.6956,5.2614],[116.235,-2.6976,6.0305],[116.2309,-2.6978,6.0802],[116.2302,-2.699,17.5301],[116.2309,-2.6973,6.0802],[116.2355,-2.6964,6.0305],[116.2292,-2.6806,3.0],[116.2237,-2.684,3.0],[116.2233,-2.6867,4.8665],[116.2253,-2.6896,7.7353],[116.2235,-2.6896,5.8846],[116.2212,-2.6937,7.5866],[116.2236,-2.688,5.2031],[116.2226,-2.6847,4.763],[116.2179,-2.6864,3.502],[116.2145,-2.6964,7.806],[116.2149,-2.6913,6.269],[116.2171,-2.6886,4.6588],[116.2115,-2.69,6.0488],[116.2105,-2.6963,4.5985],[116.2024,-2.6997,4.8994],[116.2026,-2.7036,5.83],[116.2017,-2.7052,6.5886],[116.197,-2.7059,10.793],[116.1985,-2.709,9.9358],[116.1957,-2.7064,7.0656],[116.1999,-2.704,7.6266],[116.2019,-2.7046,6.8362],[116.2018,-2.6997,4.8994],[116.2098,-2.6962,5.0026],[116.2099,-2.691,8.3571],[116.2127,-2.6878,5.3158],[116.2091,-2.6863,5.1191],[116.212,-2.6861,12.9695],[116.2147,-2.688,3.5464],[116.2169,-2.6856,7.2555],[116.2271,-2.6805,4.9113],[116.2255,-2.6763,3.8095],[116.221,-2.6791,6.6456],[116.2206,-2.6773,4.7955],[116.2168,-2.6783,11.9344],[116.2203,-2.6764,13.0044],[116.2235,-2.6774,4.2338],[116.2246,-2.6745,4.3604],[116.2179,-2.6718,19.0836],[116.2135,-2.6651,5.5577],[116.2168,-2.6676,11.9265],[116.2187,-2.6715,10.2815],[116.2253,-2.6739,4.3604],[116.2301,-2.6682,9.2314],[116.2282,-2.6669,7.3668],[116.2331,-2.6665,3.0],[116.2348,-2.6624,8.2408],[116.2372,-2.6644,6.6076],[116.2517,-2.6668,6.0663],[116.2578,-2.66,2.0],[116.261,-2.6508,2.804],[116.2505,-2.645,6.2645],[116.2472,-2.6379,1.5],[116.2409,-2.636,5.8489],[116.2382,-2.638,8.0486],[116.2415,-2.6406,7.5],[116.2354,-2.6511,6.8208],[116.2391,-2.6427,6.7912],[116.2411,-2.6404,7.5],[116.2386,-2.6397,8.8804],[116.2377,-2.6384,8.0486],[116.2379,-2.6366,7.2524],[116.241,-2.6354,5.8489],[116.2457,-2.6367,4.3572],[116.2475,-2.6289,1.5],[116.2466,-2.6257,8.0126],[116.2419,-2.6237,4.29],[116.239,-2.6273,8.9303],[116.2414,-2.6296,4.9127],[116.2416,-2.6312,4.9127],[116.238,-2.6339,7.4692],[116.2335,-2.6329,7.3932],[116.2331,-2.6317,7.3932],[116.238,-2.6335,7.4692],[116.2405,-2.6315,5.3131],[116.241,-2.6301,4.9127],[116.2383,-2.6273,9.2224],[116.241,-2.6229,8.8885],[116.2466,-2.6245,5.6304],[116.2374,-2.6171,3.5391],[116.234,-2.617,3.0995],[116.2262,-2.6233,3.4758],[116.2154,-2.6255,2.0],[116.2124,-2.6307,8.047],[116.2089,-2.6291,3.5545],[116.2068,-2.632,4.1545],[116.202,-2.6295,4.5059],[116.2021,-2.6257,3.5373],[116.2006,-2.6277,4.0011],[116.1995,-2.6275,6.0363],[116.1984,-2.6237,6.7277],[116.1977,-2.6259,4.993],[116.194,-2.6255,4.3115],[116.1891,-2.6233,3.0],[116.1898,-2.6287,5.0293],[116.1886,-2.6306,5.4486],[116.1867,-2.6306,3.9569],[116.1847,-2.6263,5.4816],[116.1828,-2.6269,7.1773],[116.182,-2.6301,5.7171],[116.1784,-2.6287,5.7129],[116.1783,-2.6326,7.1121],[116.1757,-2.6366,7.1018],[116.1746,-2.6359,8.782],[116.1778,-2.6319,7.1121],[116.1759,-2.6287,10.6738],[116.1766,-2.6282,10.6738],[116.1791,-2.6282,5.7129],[116.1814,-2.6294,6.1024],[116.1822,-2.6266,7.1773],[116.1846,-2.6259,6.6972],[116.1864,-2.6266,7.4791],[116.188,-2.6299,5.4486],[116.1892,-2.6281,7.1144],[116.1882,-2.6231,3.0],[116.1948,-2.624,5.1895],[116.1958,-2.6203,4.4038],[116.1983,-2.6206,4.586],[116.1961,-2.6183,6.2986],[116.1978,-2.6169,4.9951],[116.2035,-2.6169,7.8749],[116.2039,-2.617,12.8688],[116.2041,-2.6177,12.8688],[116.204,-2.6198,9.9709],[116.2076,-2.6196,8.7594],[116.2079,-2.6133,9.8287],[116.2106,-2.6145,8.9767],[116.2111,-2.6151,7.5873],[116.2114,-2.6172,11.0768],[116.2108,-2.6212,7.1752],[116.2148,-2.6247,2.0],[116.2239,-2.6223,10.7866],[116.2343,-2.6146,4.0887],[116.2464,-2.6197,1.5],[116.2503,-2.6292,2.8307],[116.256,-2.6347,2.9351],[116.2629,-2.6378,4.6797],[116.2731,-2.6375,7.6004],[116.2782,-2.6316,1.5],[116.2771,-2.6268,3.5443],[116.2728,-2.6225,3.4987],[116.2714,-2.6224,8.6555],[116.273,-2.6245,14.0943],[116.2722,-2.6264,15.9156],[116.2718,-2.6237,14.0943],[116.2689,-2.6233,12.4185],[116.2728,-2.6201,5.9783],[116.2732,-2.6155,13.4811],[116.2701,-2.6141,1.5],[116.2605,-2.616,6.0693],[116.2552,-2.6199,8.8695],[116.2546,-2.6106,5.4645],[116.2554,-2.6125,9.2346],[116.256,-2.6188,5.6193],[116.2586,-2.6155,10.0971],[116.2652,-2.6148,6.2554],[116.269,-2.6121,5.6119],[116.2679,-2.6069,3.3132],[116.2625,-2.6016,8.4352],[116.2695,-2.6067,3.3132],[116.27,-2.6097,4.1833],[116.2802,-2.6223,8.9432],[116.2817,-2.6177,14.1716],[116.2798,-2.6153,17.8655],[116.2821,-2.613,15.3008],[116.2798,-2.6142,9.0032],[116.2787,-2.6138,9.0032],[116.2775,-2.6086,17.6307],[116.2787,-2.607,12.1017],[116.2791,-2.6137,9.0032],[116.2817,-2.6119,16.3067],[116.283,-2.6131,15.3008],[116.2804,-2.6154,2.1175],[116.2822,-2.6167,23.7885],[116.2827,-2.6196,4.9711],[116.2876,-2.6155,8.4234],[116.2855,-2.6096,6.8134],[116.2906,-2.6055,3.2958],[116.292,-2.6014,3.1391],[116.2891,-2.5955,3.3123],[116.2874,-2.5946,5.8755],[116.284,-2.5962,6.9747],[116.2789,-2.5959,8.3843],[116.2768,-2.5899,5.2487],[116.2758,-2.5938,7.6167],[116.2744,-2.5943,7.6167],[116.2714,-2.5914,11.3097],[116.2675,-2.5928,8.8363],[116.267,-2.59,10.8284],[116.2649,-2.591,10.0705],[116.2637,-2.59,10.0705],[116.267,-2.5896,10.8284],[116.2677,-2.5906,12.4642],[116.2677,-2.5924,9.7328],[116.2708,-2.5905,8.5805],[116.2735,-2.5934,11.9358],[116.2755,-2.5934,7.6167],[116.2757,-2.5903,13.16],[116.277,-2.5885,7.8754],[116.2726,-2.5864,13.1685],[116.272,-2.5832,14.4267],[116.2732,-2.5865,13.1685],[116.2768,-2.5869,12.3035],[116.2792,-2.5946,8.3843],[116.2908,-2.594,9.6122],[116.2903,-2.5908,6.6228],[116.2868,-2.5909,13.4515],[116.2894,-2.5896,5.625],[116.2889,-2.5864,8.6695],[116.2931,-2.582,1.5],[116.295,-2.5752,1.5],[116.2893,-2.5765,10.14],[116.2875,-2.5713,10.6144],[116.2888,-2.5726,10.4643],[116.2893,-2.576,6.5855],[116.2905,-2.5761,9.8632],[116.2944,-2.5747,1.5],[116.2978,-2.5681,4.7568],[116.305,-2.5671,3.7824],[116.3048,-2.5629,1.5],[116.303,-2.5609,8.5405],[116.3016,-2.5607,7.716],[116.3034,-2.5646,5.2321],[116.3019,-2.5665,7.4461],[116.2995,-2.5626,11.3007],[116.2954,-2.5637,9.3106],[116.295,-2.5627,7.2895],[116.2972,-2.5604,5.1889],[116.2957,-2.5631,9.3106],[116.2999,-2.5622,11.3007],[116.3022,-2.5658,16.7484],[116.3011,-2.5607,7.716],[116.3028,-2.56,8.5405],[116.3048,-2.5612,1.5],[116.3035,-2.554,3.5483],[116.3043,-2.5372,18.4892],[116.3025,-2.5329,1.0],[116.2995,-2.5329,1.0],[116.2832,-2.5389,1.9124],[116.2759,-2.5442,4.6583],[116.2804,-2.5464,4.8283],[116.2822,-2.5439,12.7685],[116.2841,-2.5452,6.9899],[116.2868,-2.5443,9.1653],[116.2857,-2.5494,6.4703],[116.284,-2.5474,12.0414],[116.2846,-2.547,10.4358],[116.2857,-2.5488,6.4703],[116.2865,-2.5449,6.2618],[116.2841,-2.5458,6.9899],[116.2823,-2.5446,7.5802],[116.2802,-2.5472,4.8283],[116.2777,-2.5452,9.1338],[116.2731,-2.5455,5.2825],[116.2743,-2.55,8.0329],[116.2719,-2.5452,5.2825],[116.2678,-2.5436,8.8975],[116.2649,-2.5472,8.036],[116.2667,-2.5474,15.9339],[116.2603,-2.5525,2.934],[116.2565,-2.5525,9.6043],[116.2487,-2.5486,9.0293],[116.2503,-2.5479,13.1664],[116.2558,-2.5514,9.6043],[116.2588,-2.5515,7.8916],[116.2673,-2.5428,15.3724],[116.2671,-2.54,8.5663],[116.2654,-2.5378,3.1656],[116.2578,-2.5394,1.5],[116.2512,-2.5382,4.1648],[116.2448,-2.5289,7.1496],[116.2418,-2.5284,6.1345],[116.2454,-2.5321,13.4009],[116.2457,-2.5345,10.567],[116.2418,-2.5345,13.0168],[116.2409,-2.5336,13.0168],[116.2411,-2.5316,16.3986],[116.2376,-2.5304,4.9276],[116.241,-2.5309,16.1712],[116.2414,-2.5319,16.3986],[116.241,-2.5331,13.0168],[116.2416,-2.5338,13.0168],[116.2454,-2.5334,10.567],[116.2417,-2.5299,16.1712],[116.2405,-2.5276,2.0],[116.2318,-2.5302,3.033],[116.2281,-2.5269,6.8013],[116.2216,-2.5262,5.1408],[116.2131,-2.529,3.5217],[116.2064,-2.5288,4.4172],[116.1999,-2.5356,7.4712],[116.2021,-2.5318,8.2658],[116.2045,-2.5295,5.2835],[116.2036,-2.5228,7.8909],[116.2014,-2.5213,9.2678],[116.199,-2.5213,3.377],[116.198,-2.5254,6.7072],[116.1924,-2.5273,3.7425],[116.1901,-2.5259,8.3111],[116.1925,-2.5237,5.9027],[116.1868,-2.5218,3.7869],[116.1865,-2.5181,4.0624],[116.1839,-2.516,4.0117],[116.1826,-2.5168,5.201],[116.1842,-2.5183,4.8662],[116.1837,-2.5198,10.0604],[116.1772,-2.5196,7.7717],[116.1747,-2.5227,7.152],[116.1737,-2.5202,6.0607],[116.1724,-2.5207,8.4625],[116.171,-2.5189,7.1545],[116.1707,-2.5207,7.5513],[116.1697,-2.5196,7.5513],[116.1692,-2.5208,7.5513],[116.1674,-2.5188,5.9467],[116.163,-2.5187,4.8112],[116.1629,-2.5175,9.8956],[116.1608,-2.5191,5.4266],[116.1586,-2.5165,7.767],[116.1552,-2.5178,6.492],[116.1569,-2.5161,16.4312],[116.1588,-2.5157,17.5614],[116.1609,-2.5183,5.4266],[116.1632,-2.5168,9.8956],[116.1635,-2.5185,4.8112],[116.1674,-2.518,5.9467],[116.1683,-2.5197,8.0702],[116.1697,-2.5187,7.6604],[116.1707,-2.5198,7.5513],[116.1706,-2.5187,7.6604],[116.1713,-2.5183,7.1545],[116.1727,-2.5202,8.4625],[116.1743,-2.5198,6.0607],[116.1746,-2.5222,7.152],[116.1768,-2.5191,11.0932],[116.1804,-2.5194,8.9502],[116.1785,-2.518,9.482],[116.1824,-2.5186,7.4233],[116.1822,-2.5164,5.201],[116.1842,-2.5154,4.0117],[116.1872,-2.5181,4.0624],[116.1872,-2.5213,3.7869],[116.1936,-2.5233,11.3066],[116.1913,-2.5261,8.3111],[116.1974,-2.5243,11.1399],[116.198,-2.521,6.5802],[116.2012,-2.52,4.877],[116.2041,-2.5228,15.324],[116.2048,-2.5281,5.2835],[116.2247,-2.5248,3.1721],[116.2326,-2.5284,3.6535],[116.2415,-2.5243,12.7908],[116.2443,-2.5251,8.1595],[116.2419,-2.5223,9.3952],[116.2451,-2.5162,9.6236],[116.2415,-2.516,11.0248],[116.2448,-2.5153,12.6201],[116.2456,-2.5166,8.6112],[116.2424,-2.5222,9.3952],[116.2444,-2.5237,8.2216],[116.2447,-2.5255,8.1595],[116.2429,-2.5261,4.7292],[116.246,-2.5275,6.3602],[116.253,-2.5358,6.0413],[116.2577,-2.5372,3.1677],[116.2583,-2.5365,3.1677],[116.2556,-2.5319,14.4109],[116.2543,-2.5266,12.7342],[116.2566,-2.5247,6.1253],[116.2577,-2.5191,12.3803],[116.2608,-2.5199,13.1705],[116.2625,-2.5177,12.0989],[116.2624,-2.5184,14.8324],[116.2613,-2.5204,13.1705],[116.258,-2.5194,12.3803],[116.2574,-2.5245,14.4839],[116.2548,-2.5269,12.7342],[116.2562,-2.529,7.6477],[116.2558,-2.5318,14.4109],[116.258,-2.5346,8.0248],[116.2593,-2.5375,3.1677],[116.2651,-2.5353,11.1267],[116.2699,-2.5312,11.7004],[116.27248595641646,-2.5318033898305079,4.8129],[116.2725,-2.5318,4.8129],[116.27250997547014,-2.5318089942763669,4.8129],[116.2759,-2.5326,5.1303],[116.2779,-2.5295,10.8917],[116.2809,-2.5305,6.8066],[116.2814,-2.529,7.1853],[116.2775,-2.5274,9.9514],[116.2815,-2.5235,17.7073],[116.2811,-2.5196,8.6436],[116.2822,-2.5232,9.0645],[116.2801,-2.5265,9.624],[116.2781,-2.5272,5.8692],[116.2826,-2.5292,9.2887],[116.2804,-2.5315,9.2481],[116.2781,-2.5302,5.6865],[116.2765,-2.5329,5.1303],[116.2803,-2.5363,2.9674],[116.2912,-2.5314,1.0],[116.2982,-2.5216,8.9137],[116.2952,-2.5185,4.4161],[116.2929,-2.5124,5.667],[116.2896,-2.51,8.7742],[116.2937,-2.5119,5.667],[116.2957,-2.5104,9.7364],[116.2937,-2.5126,5.667],[116.2949,-2.5167,9.1746],[116.3007,-2.5199,5.1745],[116.3104,-2.5125,4.8835],[116.3089,-2.5114,4.8835],[116.3078,-2.5082,11.8087],[116.3087,-2.5065,10.8521],[116.309,-2.5106,21.0207],[116.3116,-2.5108,11.5704],[116.3114,-2.5123,13.0843],[116.3012,-2.5203,5.1745],[116.3012,-2.5235,16.2228],[116.3099,-2.5241,17.6118],[116.3173,-2.5304,3.5331],[116.3365,-2.5335,8.2114],[116.3453,-2.5271,3.1455],[116.3521,-2.5169,1.84],[116.3503,-2.5113,6.491],[116.3467,-2.5084,6.1359],[116.3444,-2.5085,10.7157],[116.3414,-2.5117,8.5875],[116.3401,-2.5095,12.9215],[116.3357,-2.5089,8.3279],[116.334,-2.512,3.2187],[116.3354,-2.5081,2.847],[116.3396,-2.5084,8.5975],[116.3416,-2.5109,6.9804],[116.3435,-2.5071,14.3465],[116.3389,-2.4975,4.5518],[116.3359,-2.4991,4.4348],[116.3344,-2.499,14.9801],[116.3331,-2.4965,9.6933],[116.3299,-2.497,8.9387],[116.3311,-2.4947,16.8319],[116.3315,-2.4953,11.4123],[116.3304,-2.4968,8.9387],[116.3331,-2.4962,11.4123],[116.3354,-2.4988,14.9801],[116.3389,-2.4968,4.5518],[116.3436,-2.5058,12.2842],[116.3502,-2.5092,10.458],[116.3531,-2.5184,4.1548],[116.3612,-2.5246,0.5],[116.384,-2.5226,11.1967],[116.398,-2.527,8.8942],[116.4088,-2.5186,16.8155],[116.4133,-2.5092,12.6054],[116.4145,-2.5008,0.0],[116.4087,-2.4922,8.5616],[116.4009,-2.4878,0.0],[116.3799,-2.4808,1.4205],[116.3719,-2.4744,1.3216],[116.3634,-2.4803,1.1102],[116.3495,-2.475,4.1834],[116.3432,-2.4496,9.8863],[116.343,-2.4402,8.7872],[116.339,-2.4367,6.3782],[116.332,-2.436,4.8196],[116.3238,-2.4381,1.5286],[116.322,-2.4415,2.3617],[116.3208,-2.4541,3.573],[116.316,-2.4553,3.261],[116.3002,-2.4514,7.4748],[116.2982,-2.4479,5.3838],[116.2961,-2.4339,4.1295],[116.2935,-2.4319,3.9503],[116.2791,-2.4301,4.715],[116.2758,-2.428,4.8378],[116.2729,-2.4236,3.5111],[116.2672,-2.425,2.7827],[116.2608,-2.4337,3.058],[116.2569,-2.4357,3.9013],[116.2528,-2.4368,4.261],[116.2495,-2.437,4.0931],[116.2458,-2.4338,2.9733],[116.246,-2.4236,4.2365],[116.241,-2.4167,3.6473],[116.246,-2.4217,4.3324],[116.2463,-2.4318,2.8402],[116.2488,-2.4358,3.5259],[116.2531,-2.4364,4.261],[116.2588,-2.4342,5.0951],[116.2666,-2.4246,2.7827],[116.2689,-2.4228,8.5435],[116.2719,-2.4228,5.641],[116.2741,-2.4241,5.6604],[116.2781,-2.4291,4.491],[116.2921,-2.431,5.42],[116.297,-2.4337,3.7769],[116.3001,-2.4503,4.2568],[116.3154,-2.4544,5.1045],[116.3192,-2.4544,3.573],[116.3206,-2.4519,7.7768],[116.3214,-2.4401,2.6004],[116.3236,-2.437,3.2954],[116.326,-2.4358,4.7119],[116.3376,-2.4353,2.6163],[116.3441,-2.4401,5.6531],[116.3444,-2.4489,6.9663],[116.3481,-2.4593,3.9639],[116.3491,-2.4695,0.5],[116.3504,-2.4737,2.5862],[116.3532,-2.4758,10.9297],[116.3634,-2.4791,12.0561],[116.3695,-2.4735,4.5797],[116.372,-2.4733,1.3216],[116.3793,-2.4789,6.911],[116.406,-2.4878999999999998,1.2651],[116.4167,-2.4989,12.7145],[116.4334,-2.4986,6.2655],[116.4501,-2.5005,8.3371],[116.4581,-2.502,18.0426],[116.4724,-2.5077,9.44],[116.4773,-2.5118,11.605],[116.4782,-2.5168,5.3195],[116.4764,-2.523,15.6786],[116.4796,-2.5323,4.5083],[116.4799,-2.5398,13.174],[116.4773,-2.5487,0.0],[116.4803,-2.5494,1.5842],[116.4801,-2.5512,4.9813],[116.4821,-2.5527,4.7469],[116.4828,-2.5608,12.785],[116.4806,-2.5675,14.7505],[116.4821,-2.5725,0.0],[116.4948,-2.5695,0.0],[116.4995,-2.5663,0.0],[116.5144,-2.5622,0.0],[116.5175,-2.5594,0.0],[116.519,-2.5514,0.0],[116.5322,-2.5383,0.0],[116.5328,-2.5362,0.0],[116.5298,-2.5333,0.0],[116.53,-2.5246,0.0],[116.5249,-2.518,0.0],[116.5299,-2.4931,0.0],[116.5376,-2.4793,0.0],[116.5397,-2.4734,0.0],[116.539,-2.4709,3.9226],[116.5458,-2.4589,0.0],[116.5434,-2.4562,3.6587],[116.5461,-2.4428,0.0],[116.545,-2.4405,5.6268],[116.5463,-2.4406,3.5648],[116.5481,-2.4373,1.4759],[116.5524,-2.4257,5.8782],[116.5548,-2.4107,4.2326],[116.554,-2.4084,2.5571],[116.5496,-2.409,8.4977],[116.5498,-2.4072,4.3392],[116.5517,-2.4064,6.9143],[116.5479,-2.4051,5.0882],[116.5486,-2.4021,5.1876],[116.541,-2.402,7.1893],[116.5396,-2.4003,8.3863],[116.4928,-2.381,20.0225],[116.4545,-2.3705,31.4855],[116.3774,-2.3557,34.6421],[116.3204,-2.3414,23.4623],[116.2637,-2.3223,32.1555],[116.2514,-2.3168,31.8282],[116.186,-2.321,33.3524],[116.0176,-2.3148,47.7816],[116.0078,-2.313,50.4911],[115.9975,-2.3172,60.2236],[115.9927,-2.3175,77.3967],[115.9836,-2.3125,109.524],[115.9419,-2.3288,253.8737],[115.9299,-2.3305,465.4148],[115.9111,-2.3362,654.9233],[115.8995,-2.3327,674.3824],[115.8914,-2.3347,807.4338],[115.8894,-2.3396,846.374],[115.8914,-2.3504,911.0266],[115.8869,-2.361,822.5156],[115.8869,-2.3745,891.3969],[115.8843,-2.3746,967.4659],[115.877,-2.3704,855.2443],[115.871,-2.3718,786.2758],[115.8557,-2.3859,640.8528],[115.8502,-2.3878,642.0938],[115.8539,-2.3796,521.0743],[115.853,-2.3712,430.3376],[115.85,-2.3629,445.903],[115.8423,-2.3512,474.7102],[115.8469,-2.3387,562.141],[115.8467,-2.3353,463.8805],[115.8442,-2.3291,719.5616],[115.8359,-2.3211,523.9647],[115.8345,-2.3174,346.7042],[115.8349,-2.3138,291.231],[115.8389,-2.3068,271.9142],[115.8419,-2.3043,336.6376],[115.8513,-2.3013,327.1677],[115.8539,-2.2989,373.3882],[115.8546,-2.2942,375.7918],[115.8528,-2.2919,367.5648],[115.8416,-2.2916,481.574],[115.8361,-2.2866,465.3981],[115.822,-2.2578,381.4579],[115.8276,-2.2459,488.1967],[115.8273,-2.2379,560.7595],[115.8241,-2.2319,456.7629],[115.816,-2.2287,451.4739],[115.8123,-2.2188,327.6265],[115.8049,-2.2108,474.9683],[115.801,-2.2009,352.7444],[115.7994,-2.1876,453.1585],[115.8006,-2.182,401.3092],[115.8058,-2.1756,352.3468],[115.8087,-2.1686,435.2946],[115.8079,-2.1521,352.6948],[115.8107,-2.1283,321.3465],[115.8101,-2.0973,508.1758],[115.8121,-2.0938,400.1913],[115.826,-2.0889,343.5124],[115.8304,-2.0851,403.1034],[115.8366,-2.0592,492.3158],[115.8352,-2.0563,498.1596],[115.832,-2.0552,479.8805],[115.8264,-2.0564,617.7505],[115.8216,-2.0546,621.7151],[115.8124,-2.0463,401.0746],[115.8071,-2.044,300.5017],[115.7983,-2.0488,547.0037],[115.7967,-2.0442,402.5122],[115.7945,-2.0431,408.4668],[115.7888,-2.045,460.0497],[115.7827,-2.0447,585.1572],[115.7767,-2.0509,424.8506],[115.7731,-2.0518,612.5345],[115.7613,-2.0495,650.3633],[115.7537,-2.0505,844.1137],[115.7512,-2.0491,717.1568],[115.7433,-2.0373,281.526],[115.7282,-2.0344,544.7315],[115.7248,-2.0287,537.1636],[115.7276,-2.0207,542.8234],[115.7434,-2.0092,351.8419],[115.7456,-2.0058,322.2527],[115.748,-2.0006,316.6632],[115.7476,-1.9951,344.4851],[115.7355,-1.9849,544.933],[115.7303,-1.9823,510.847],[115.7194,-1.9813,657.0603],[115.72,-1.9913,608.1388],[115.7177,-1.9955,703.8918],[115.7133,-1.9921,707.3151],[115.7123,-1.989,715.7516],[115.7135,-1.9861,714.8628],[115.7106,-1.9799,635.381],[115.7038,-1.9773,731.9559],[115.6969,-1.9772,828.3178],[115.6969,-1.9728,731.2925],[115.7064,-1.9615,700.8021],[115.7062,-1.9497,647.8913],[115.7124,-1.9428,572.9525],[115.7114,-1.9399,533.8753],[115.7149,-1.9374,541.8331],[115.7187,-1.9267,617.0422],[115.7232,-1.9246,715.7566],[115.7275,-1.9246,884.1031],[115.7222,-1.92,576.2383],[115.7191,-1.9128,620.7343],[115.7195,-1.9093,677.7655],[115.7252,-1.9018,682.0983],[115.7251,-1.8905,564.6055],[115.7296,-1.8814,537.6041],[115.7262,-1.8752,639.8812],[115.7307,-1.866,716.3911],[115.7295,-1.8624,759.9273],[115.7327,-1.8603,768.1777],[115.7274,-1.8569,727.4487],[115.7267,-1.8535,736.132],[115.7299,-1.8448,816.673],[115.7238,-1.8365,1113.614],[115.7212,-1.8291,1188.2081],[115.7273,-1.8162,1095.9724],[115.7267,-1.8036,1237.5173],[115.7258,-1.801,1082.3982],[115.7215,-1.8011,824.4357],[115.7081,-1.7882,678.1907],[115.7001,-1.7929,627.109],[115.693,-1.7999,576.3246],[115.691,-1.8042,601.6791],[115.6846,-1.8009,585.0549],[115.681,-1.7947,573.6216],[115.6808,-1.7892,548.5038],[115.6855,-1.786,601.7903],[115.6901,-1.779,700.293],[115.6897,-1.7714,698.9725],[115.6866,-1.7667,818.2126],[115.6869,-1.7577,827.7943],[115.6899,-1.752,834.8549],[115.7015,-1.7422,645.255],[115.702,-1.7392,653.6011],[115.7067,-1.7352,672.084],[115.7069,-1.7326,658.1488],[115.691,-1.7178,348.38],[115.6813,-1.7152,499.0082],[115.6793,-1.7102,476.7253],[115.6694,-1.7094,388.1825],[115.6655,-1.7071,454.5658],[115.6673,-1.6997,454.8376],[115.666,-1.6969,490.0392],[115.6677,-1.6802,540.8239],[115.6711,-1.6754,585.6832],[115.6741,-1.664,706.798],[115.6696,-1.6479,670.7583],[115.6709,-1.6418,743.1554],[115.6678,-1.6292,603.4529],[115.6586,-1.6281,412.1709],[115.6547,-1.6261,381.3546],[115.6505,-1.6196,386.638],[115.6545,-1.6138,372.7967],[115.6431,-1.6121,359.8204],[115.6394,-1.6092,349.2741],[115.6397,-1.6047,348.3029],[115.6362,-1.604,354.8326],[115.6359,-1.5983,348.8058],[115.6369,-1.594,358.0087],[115.6397,-1.5916,358.1866],[115.6395,-1.5853,361.7597],[115.6361,-1.5811,400.9124],[115.6302,-1.5786,421.7013],[115.6297,-1.576,356.7768],[115.6334,-1.5727,396.5872],[115.6357,-1.5727,406.8116],[115.6457,-1.5592,295.3226],[115.6455,-1.5521,232.0481],[115.6365,-1.5458,340.5103],[115.6344,-1.5387,282.6082],[115.6329,-1.5385,346.6316],[115.6313,-1.5347,302.3799],[115.6314,-1.5303,320.8973],[115.6361,-1.5272,343.9562],[115.641,-1.5192,405.2819],[115.6553,-1.5122,129.3687],[115.6523,-1.4994,474.1214],[115.6544,-1.495,490.8922],[115.6562,-1.4832,436.7306],[115.6599,-1.477,379.9633],[115.6593,-1.4704,492.5946],[115.6683,-1.4685,494.7697],[115.6709,-1.4607,531.6975],[115.6776,-1.4629,663.8839],[115.6786,-1.455,671.0677],[115.6821,-1.4477,689.2993],[115.6887,-1.4489,701.6765],[115.6882,-1.442,609.7711],[115.692,-1.4346,665.7245],[115.6919,-1.4257,658.9752],[115.6974,-1.4245,640.3694],[115.6939,-1.4168,529.7172],[115.6996,-1.4139,470.3939],[115.7086,-1.4126,576.3356],[115.7104,-1.4056,516.0389],[115.7194,-1.3898,507.7601],[115.7232,-1.3729,484.4465],[115.73,-1.3679,413.0887],[115.7363,-1.3655,328.8885],[115.7417,-1.3564,367.4836],[115.7443,-1.3418,340.0748],[115.749,-1.336,320.0628],[115.7493,-1.315,204.5211],[115.7447,-1.315,215.5179],[115.7139,-1.3366,234.1396],[115.6945,-1.3362,333.1016],[115.6704,-1.3328,545.9569],[115.658,-1.338,555.939],[115.5888,-1.3787,175.6846],[115.5568,-1.3956,331.91],[115.5201,-1.4007,239.2473],[115.4955,-1.4024,747.0188],[115.4875,-1.4067,929.2686],[115.478,-1.4149,854.3351],[115.455,-1.4234,476.735],[115.4454,-1.4288,611.2047],[115.4162,-1.4238,213.0239],[115.4136,-1.4246,190.2363],[115.3493,-1.6399,156.6437],[115.3541,-1.6471,202.4159],[115.3553,-1.6545,257.1658],[115.3512,-1.659,179.433],[115.3454,-1.6622,192.5573],[115.344,-1.6653,292.671],[115.3503,-1.6811,688.732],[115.3413,-1.6914,335.604],[115.344,-1.7017,576.2394],[115.3376,-1.7074,515.7296],[115.3379,-1.7113,512.6248],[115.3343,-1.7148,518.5986],[115.335,-1.7179,510.7205],[115.3325,-1.7235,500.9207],[115.3358,-1.7271,515.0491],[115.3363,-1.7299,432.7809],[115.3324,-1.7354,484.4161],[115.3342,-1.748,652.4045],[115.3228,-1.7641,648.6668],[115.3176,-1.7833,642.8112],[115.3099,-1.801,545.9241],[115.3095,-1.808,509.7774],[115.3135,-1.8247,373.1752],[115.3128,-1.8264,315.9858],[115.3097,-1.8265,267.1454],[115.3009,-1.8236,213.0901],[115.3,-1.8246,285.558],[115.307,-1.8358,253.1974],[115.3062,-1.8385,253.1234],[115.3088,-1.8428,233.5512],[115.3087,-1.8493,237.5924],[115.3157,-1.8517,256.4998],[115.3159,-1.8553,291.4554],[115.3189,-1.8604,301.6077],[115.3184,-1.874,321.5226],[115.3209,-1.8758,356.4178],[115.3212,-1.8782,262.9088],[115.3207,-1.8829,307.8705],[115.3181,-1.8875,277.0417],[115.3195,-1.8923,151.4147],[115.372,-1.8919,133.6522],[115.377,-1.8913,88.1424],[115.3791,-1.8883,102.8644],[115.3852,-1.8925,93.7592],[115.3893,-1.8934,62.6079],[115.3919,-1.8901,48.0317],[115.3969,-1.8993,49.8704],[115.3977,-1.8889,54.3301],[115.4003,-1.8862,60.8426],[115.404,-1.8863,59.8255],[115.4053,-1.895,70.3729],[115.4101,-1.8999,49.7694],[115.41,-1.8937,39.5004],[115.4151,-1.896,39.9935],[115.4172,-1.8921,47.8059],[115.42,-1.8922,38.2119],[115.4172,-1.9127,40.2985],[115.419,-1.915,45.773],[115.4262,-1.915,35.988],[115.4307,-1.9238,45.4484],[115.4286,-1.9297,37.5218],[115.4223,-1.9316,40.6027],[115.4218,-1.9333,43.7207],[115.42529999999999,-1.936,38.462],[115.4281,-1.9354,35.3903],[115.4301,-1.9376,40.5181],[115.4319,-1.9347,39.9733],[115.4295,-1.9335,41.6014],[115.4329,-1.9334,34.8047],[115.4351,-1.9383,33.8777],[115.4315,-1.9433,47.7816],[115.4324,-1.9464,45.5678],[115.4414,-1.9425,39.6418],[115.4429,-1.9456,31.7985],[115.4428,-1.948,36.5586],[115.4384,-1.9489,39.9887],[115.4383,-1.9552,43.4191],[115.4318,-1.9641,46.9897],[115.4311,-1.9672,41.7692],[115.4343,-1.9687,32.7588],[115.4284,-1.97,38.1502],[115.4278,-1.9729,37.5652],[115.4226,-1.9751,43.7812],[115.4198,-1.9744,41.6453],[115.4145,-1.9777,42.2844],[115.4089,-1.9784,39.0937],[115.4056,-1.9662,49.4035],[115.3977,-1.9664,59.0406],[115.3898,-1.9765,53.9722],[115.3914,-1.9793,58.1987],[115.3904,-1.9829,57.2337],[115.3838,-1.9847,57.7847],[115.3799,-1.9887,58.5244],[115.371,-2.0093,61.8818],[115.3724,-2.0129,54.1417],[115.3707,-2.0158,48.6311],[115.3718,-2.0187,45.2903],[115.3777,-2.0222,42.6668],[115.3793,-2.0246,42.7871],[115.3785,-2.0263,48.2786],[115.383,-2.0282,37.0886],[115.3849,-2.0336,37.9007],[115.3883,-2.0353,35.1234],[115.3897,-2.0379,38.1266],[115.3997,-2.0402,41.7526],[115.4039,-2.0447,47.1699],[115.4048,-2.0492,38.8594],[115.4089,-2.0547,34.6102],[115.4083,-2.0585,35.5185],[115.4042,-2.0607,45.785],[115.379,-2.0647,55.2529],[115.3726,-2.0685,69.2299],[115.3559,-2.072,56.6521],[115.3514,-2.0741,44.8613],[115.3454,-2.0823,42.1012],[115.3215,-2.0721,31.7377],[115.3169,-2.0858,37.5709],[115.3177,-2.1241,37.059],[115.3094,-2.1335,37.0737],[115.302,-2.1376,27.6504],[115.3005,-2.142,34.549],[115.2977,-2.1417,29.1739],[115.297,-2.1441,29.9708],[115.2972,-2.1492,38.0384],[115.302,-2.1533,30.4595],[115.3014,-2.1579,29.4856],[115.3033,-2.1596,29.7238],[115.2952,-2.1706,29.3159],[115.2911,-2.2239,33.6519],[115.2818,-2.2234,20.5666],[115.2691,-2.2199,29.1928],[115.2646,-2.2249,36.6819],[115.2638,-2.2214,36.0045],[115.2543,-2.2078,32.9119],[115.2412,-2.1964,38.9437],[115.2392,-2.2001,35.4094],[115.2481,-2.2078,29.5007],[115.2491,-2.21,31.7523],[115.2479,-2.2119,19.4641],[115.2014,-2.2459,18.3866],[115.185,-2.2554,19.8498],[115.0443,-2.3495,3.2285],[115.029,-2.3636,2.0],[115.0086,-2.3933,3.7014],[114.9935,-2.4092,5.0595],[114.9777,-2.4213,4.2645],[114.9129,-2.4604,2.7782],[114.9022,-2.4715,4.76],[114.9001,-2.4763,5.9276],[114.8948,-2.4821,5.7365],[114.8933,-2.4912,4.5447],[114.8863,-2.5035,2.5038],[114.867,-2.5142,0.5],[114.8614,-2.5211,1.6155],[114.8553,-2.5252,0.5],[114.8495,-2.5334,0.5],[114.8425,-2.5499,0.5],[114.837,-2.5587,0.5],[114.8066,-2.5791,0.5],[114.8,-2.5867,0.5],[114.7968,-2.5923,0.5],[114.7937,-2.6039,0.5],[114.7917,-2.6305,0.5],[114.7934,-2.6512,0.5],[114.7907,-2.67,0.5],[114.7874,-2.6812,0.5],[114.7714,-2.6971,0.5],[114.7604,-2.7213,0.5],[114.7514,-2.7241,0.5],[114.7334,-2.7342,0.5],[114.7163,-2.7405,0.5],[114.7066,-2.7403,0.5],[114.6911,-2.7354,0.5],[114.6797,-2.7382,1.4825],[114.6754,-2.7427,1.9879],[114.6712,-2.7521,5.3133],[114.6731,-2.7611,5.9629],[114.6784,-2.7679,2.3931],[114.6798,-2.7736,0.5],[114.6789,-2.7817,0.5],[114.6662,-2.7993,3.1418],[114.6615,-2.8022,0.5],[114.635,-2.8053,0.5],[114.5989,-2.8152,0.5],[114.6177,-2.8834,2.209],[114.6073,-2.8874,3.5417],[114.5678,-2.8664,4.6593],[114.5416,-2.9239,4.7187],[114.5241,-2.9268,8.6079],[114.5462,-2.9474,5.5075],[114.5067,-2.9976,4.7513],[114.5056,-3.0014,5.3866],[114.4962,-3.015,2.079],[114.5458,-3.0678,2.758],[114.4563,-3.143,1.8526],[114.4538,-3.15,1.5755],[114.4454,-3.1621,1.6693],[114.4294,-3.1743,1.8953],[114.4375,-3.1914,1.7304],[114.4502,-3.21,2.9068],[114.4366,-3.2182,2.5756],[114.421,-3.2478,5.0811],[114.4066,-3.2573,2.9307],[114.4028,-3.252,1.9162],[114.3835,-3.2675,1.0976],[114.3798,-3.3004,4.0162],[114.3716,-3.3076,3.903],[114.3716,-3.3204,1.4144],[114.3685,-3.326,2.238],[114.3463,-3.3513,5.8363],[114.3505,-3.3688,4.3889],[114.3589,-3.3864,5.1227],[114.3555,-3.4108,4.8432],[114.3529,-3.4152,3.3621],[114.3483,-3.4166,3.4926],[114.3463,-3.4194,3.756],[114.3476,-3.426,1.5345],[114.3469,-3.4363,2.6617],[114.3492,-3.4408,2.8507],[114.3536,-3.4426,4.5599],[114.3489,-3.4618,2.3053],[114.3596,-3.4655,0.6132],[114.3649,-3.4648,14.2899],[114.3634,-3.4685,0.5035],[114.3789,-3.4755,2.2788],[114.3825,-3.4736,11.6198],[114.3821,-3.4757,8.8905],[114.3879,-3.4781,3.4336],[114.3898,-3.4806,5.7598],[114.3933,-3.4804,5.5594],[114.3942,-3.4823,1.2492],[114.3973,-3.4815,4.4391],[114.4014,-3.4854,0.0],[114.4062,-3.4859,7.7426],[114.4078,-3.4889,0.0],[114.4159,-3.4934,0.0],[114.4175,-3.4918,1.6314],[114.4179,-3.4942,1.8785],[114.4203,-3.4959,0.0],[114.4266,-3.4981,0.0],[114.4279,-3.4966,0.3711],[114.4306,-3.5015,0.0],[114.4439,-3.5042,0.0],[114.4451,-3.5029,0.4831],[114.4811,-3.5029,1.0212],[114.4852,-3.5002,0.0],[114.509,-3.5447,0.0],[114.5117,-3.5362,1.7423],[114.5153,-3.4965,0.0],[114.5119,-3.4693,0.0],[114.5126,-3.4607,0.0],[114.4979,-3.4236,0.0],[114.4969,-3.4142,0.0],[114.5023,-3.3893,0.0],[114.5064,-3.3901,0.0],[114.5108,-3.3792,0.0],[114.5286,-3.3554,0.0],[114.5241,-3.3532,0.0],[114.5344,-3.3475,0.0],[114.538,-3.3485,0.0],[114.5269,-3.3594,0.0],[114.5281,-3.3677,0.6052],[114.5264,-3.3681,0.0],[114.5233,-3.3733,0.8505],[114.5105,-3.4014,1.5729],[114.5118,-3.4111,0.0],[114.5195,-3.4203,1.0623],[114.5233,-3.4391,1.5892],[114.5201,-3.4535,0.0],[114.5212,-3.455,1.8231],[114.524,-3.4542,2.7902],[114.5217,-3.4559,1.8231],[114.5234,-3.4605,3.116],[114.5226,-3.4608,3.4047],[114.5202,-3.46,1.5796],[114.5191,-3.4586,0.9481],[114.5164,-3.4645,0.0],[114.5204,-3.4792,1.6475],[114.5176,-3.503,0.0],[114.5185,-3.5057,0.0],[114.5165,-3.5111,1.2893],[114.5168,-3.5151,0.0],[114.5184,-3.5162,0.0],[114.5157,-3.5246,5.6253],[114.515,-3.5335,1.5316],[114.518,-3.5337,1.3115],[114.5169,-3.5436,4.3629],[114.5132,-3.5441,0.0],[114.5206,-3.5479,0.0],[114.5274,-3.5484,0.0],[114.552,-3.5578,0.0],[114.5557,-3.5578,0.0],[114.563,-3.5683,0.0],[114.5714,-3.575,0.0],[114.5903,-3.6,0.0],[114.602,-3.6193,1.7355],[114.6117,-3.6409,4.1425],[114.6208,-3.674,3.6325],[114.6224,-3.7126,0.5817],[114.6189,-3.7284,4.9239],[114.6132,-3.7371,0.0],[114.6102,-3.7452,1.8738],[114.607,-3.7957,0.0],[114.6036,-3.8016,2.0585],[114.6036,-3.8216,0.0],[114.6107,-3.8598,0.0],[114.6108,-3.8669,5.0357],[114.6091,-3.8671,5.0357],[114.6102,-3.8894,1.1945],[114.6175,-3.9191,4.0593],[114.616,-3.9208,0.0],[114.6209,-3.937,0.0],[114.6211,-3.9424,0.0],[114.6294,-3.9695,0.0],[114.628,-3.9775,2.41],[114.6361,-4.0156,4.1861],[114.6387,-4.0513,6.4259],[114.6361,-4.063,9.8884],[114.6332,-4.0655,9.4632],[114.6291,-4.0642,8.7989],[114.6251,-4.0671,0.0],[114.6281,-4.0725,10.5271],[114.6263,-4.0792,0.4641],[114.6289,-4.0868,1.8437],[114.6293,-4.1528,0.0],[114.6272,-4.1574,6.8506],[114.6243,-4.1574,0.9597],[114.619,-4.1605,0.0],[114.619,-4.1619,0.0],[114.6319,-4.1726,0.0],[114.6512,-4.1783,0.0],[114.6681,-4.1801,0.0],[114.683,-4.1792,0.0],[114.7076,-4.1719,0.0],[114.7184,-4.1671,0.0]],
[[116.1464,-2.79533846153846,5.6342],[116.14650911764706,-2.7953888235294109,5.6342],[116.1465,-2.7954,5.6342],[116.1464,-2.79533846153846,5.6342]],
[[116.14650911764706,-2.7953888235294109,5.6342],[116.1496,-2.7916,5.827],[116.1491,-2.7932,5.0145],[116.1474,-2.7958,5.6342],[116.14650911764706,-2.7953888235294109,5.6342]],
[[116.0703,-2.9193,6.9511],[116.0703,-2.9198,7.298],[116.0671,-2.9216,8.8936],[116.0691,-2.9196,8.9324],[116.0703,-2.9193,6.9511]],
[[116.07569342105263,-3.1794802631579029,11.7243],[116.0757,-3.1795,11.7243],[116.07568554421769,-3.1795110544217642,11.7243],[116.07569342105263,-3.1794802631579029,11.7243]],
[[116.07568554421769,-3.1795110544217642,11.7243],[116.0751,-3.1818,10.8149],[116.074,-3.1808,8.8397],[116.07568554421769,-3.1795110544217642,11.7243]],
[[116.0765,-2.903,7.0559],[116.0767,-2.9035,7.0559],[116.0766,-2.9037,7.0559],[116.0762,-2.9034,8.5678],[116.0765,-2.903,7.0559]]],
[[[115.6746,-4.7292,0.0],[115.6672,-4.7304,0.0],[115.6648,-4.7419,0.0],[115.6657,-4.7448,0.0],[115.674,-4.741,0.0],[115.6832,-4.7274,0.0],[115.6823,-4.7233,0.0],[115.6795,-4.7235,0.0],[115.6746,-4.7292,0.0]]],
[[[115.7252,-4.7033,0.0],[115.7353,-4.7034,135.1941],[115.7377,-4.7021,156.1909],[115.761,-4.6825,0.0],[115.7672,-4.6768,0.0],[115.7681,-4.6697,0.0],[115.774,-4.662,0.0],[115.7716,-4.6619,0.0],[115.7645,-4.6661,0.0],[115.763,-4.6661,0.0],[115.7628,-4.6625,0.0],[115.7596,-4.6626,0.0],[115.7573,-4.6671,0.0],[115.7489,-4.6736,0.0],[115.7255,-4.687,0.0],[115.7204,-4.6925,0.0],[115.7182,-4.7024,0.0],[115.7199,-4.7044,0.0],[115.7252,-4.7033,0.0]]],
[[[115.7765,-4.6632999999999996,0.0],[115.7747,-4.6632999999999996,0.0],[115.7748,-4.6698,0.0],[115.7769,-4.6656,0.0],[115.7765,-4.6632999999999996,0.0]]],
[[[115.6826,-4.6373,0.0],[115.6834,-4.6391,0.0],[115.6851,-4.6384,0.0],[115.6842,-4.6363,0.0],[115.6826,-4.6373,0.0]]],
[[[115.7813,-4.6606,0.0],[115.7821,-4.6582,0.0],[115.7778,-4.6578,0.0],[115.7771,-4.6613,0.0],[115.7813,-4.6606,0.0]]],
[[[115.7714,-4.6578,0.0],[115.7742,-4.659,0.0],[115.7754,-4.6581,0.0],[115.7734,-4.6569,0.0],[115.7714,-4.6578,0.0]]],
[[[115.7836,-4.6567,0.0],[115.7857,-4.6599,0.0],[115.7928,-4.6566,0.0],[115.7929,-4.6551,0.0],[115.7882,-4.653,0.0],[115.7868,-4.6472,0.0],[115.7837,-4.6499,0.0],[115.7813,-4.6551,0.0],[115.7836,-4.6567,0.0]]],
[[[115.8036,-4.35,0.0],[115.8029,-4.3467,0.0],[115.8004,-4.3469,0.0],[115.80029999999999,-4.3507,0.0],[115.8036,-4.35,0.0]]],
[[[115.8066,-4.3432,0.0],[115.8065,-4.3409,0.0],[115.8045,-4.3408,0.0],[115.8045,-4.3433,0.0],[115.8066,-4.3432,0.0]]],
[[[115.7719,-4.3347,0.0],[115.7742,-4.3349,0.0],[115.7743,-4.3335,0.0],[115.7721,-4.3328,0.0],[115.7719,-4.3347,0.0]]],
[[[115.6909,-4.6413,0.0],[115.6907,-4.6389,0.0],[115.6864,-4.64,0.0],[115.6871,-4.6419,0.0],[115.6909,-4.6413,0.0]]],
[[[115.6963,-4.6259,0.0],[115.6888,-4.6302,0.0],[115.686,-4.6337,0.0],[115.6949,-4.6412,0.0],[115.6997,-4.6381,0.0],[115.7092,-4.6244,0.0],[115.7098,-4.6207,0.0],[115.7063,-4.6181,0.0],[115.6963,-4.6259,0.0]]],
[[[115.7927,-4.3122,0.0],[115.7953,-4.3102,0.0],[115.7946,-4.3086,0.0],[115.7851,-4.3084,0.0],[115.7839,-4.3112,0.0],[115.786,-4.313,0.0],[115.7922,-4.3133,0.0],[115.7927,-4.3122,0.0]]],
[[[116.1192,-4.2262,0.0],[116.1169,-4.2275,0.0],[116.1191,-4.231,2.4897],[116.1223,-4.2243,0.0],[116.1192,-4.2262,0.0]]],
[[[115.8017,-4.3356,0.0],[115.8018,-4.3334,0.0],[115.8005,-4.3337,0.0],[115.8,-4.335,0.0],[115.8017,-4.3356,0.0]]],
[[[115.7974,-4.3335,0.0],[115.7982,-4.3347,0.0],[115.799,-4.3341,0.0],[115.7984,-4.3335,0.0],[115.7974,-4.3335,0.0]]],
[[[115.775,-4.3435,0.0],[115.7744,-4.3392,0.0],[115.7726,-4.3385,0.0],[115.7711,-4.3403,0.0],[115.7715,-4.3432,0.0],[115.773,-4.3446,0.0],[115.775,-4.3435,0.0]]],
[[[115.806,-4.3379,0.0],[115.8049,-4.3361,0.0],[115.8036,-4.3373,0.0],[115.8043,-4.339,0.0],[115.806,-4.3379,0.0]]],
[[[115.7776,-4.3332,0.0],[115.7802,-4.3339,0.0],[115.7833,-4.3398,0.0],[115.7879,-4.3395,0.0],[115.7927,-4.3255,0.0],[115.7912,-4.3244,0.0],[115.787,-4.3252,0.0],[115.7834,-4.322,0.0],[115.7809,-4.322,0.0],[115.7747,-4.3288,0.0],[115.7754,-4.3326,0.0],[115.7776,-4.3332,0.0]]],
[[[116.2612,-2.6439,11.2146],[116.2628,-2.6444,15.017],[116.2656,-2.6421,1.5],[116.2542,-2.64,1.5],[116.2569,-2.6425,12.2867],[116.2612,-2.6439,11.2146]]],
[[[116.1763,-2.6285,10.6738],[116.1771,-2.6291,5.7129],[116.1773,-2.6285,5.7129],[116.1765,-2.6284,10.6738],[116.1763,-2.6285,10.6738]]],
[[[116.1947,-2.6249,4.3115],[116.1953,-2.6245,5.1895],[116.1955,-2.6241,5.1895],[116.1937,-2.6248,4.3115],[116.1947,-2.6249,4.3115]]],
[[[116.2142,-2.6255,2.0],[116.2118,-2.6231,11.05],[116.2107,-2.6212,7.1752],[116.2111,-2.6159,7.5873],[116.2097,-2.6143,5.8802],[116.2082,-2.6139,5.8802],[116.2087,-2.6186,7.2053],[116.2072,-2.6204,8.7594],[116.2046,-2.6203,9.9709],[116.2035,-2.6199,12.5019],[116.2037,-2.6171,7.8749],[116.1968,-2.6178,5.8075],[116.1989,-2.6207,4.586],[116.1981,-2.6216,7.7223],[116.1962,-2.6209,4.4038],[116.1962,-2.6242,6.4618],[116.1978,-2.6251,4.993],[116.197,-2.6234,6.4618],[116.1987,-2.6231,6.7277],[116.2,-2.6272,4.0011],[116.2011,-2.6252,5.1437],[116.2021,-2.6251,3.5373],[116.2027,-2.6259,3.5373],[116.2025,-2.6292,4.5059],[116.2064,-2.6313,4.1545],[116.2084,-2.6285,3.5545],[116.212,-2.6303,4.1943],[116.2142,-2.6255,2.0]]],
[[[116.2727,-2.6211,5.9783],[116.2726,-2.6215,3.4987],[116.2733,-2.6221,3.4987],[116.2731,-2.6213,3.4987],[116.2727,-2.6211,5.9783]]],
[[[116.2847,-2.6199,1.5],[116.286,-2.6186,4.8818],[116.2826,-2.6202,4.9711],[116.2834,-2.6203,4.9711],[116.2847,-2.6199,1.5]]],
[[[116.3129,-2.5729,2.037],[116.3066,-2.5765,9.5335],[116.3068,-2.5755,6.9196],[116.3101,-2.5739,6.2556],[116.3137,-2.5697,1.7241],[116.3171,-2.5613,9.7357],[116.3229,-2.5531,8.4605],[116.3173,-2.542,0.5],[116.3113,-2.5358,1.0],[116.3088,-2.5365,2.2822],[116.3064,-2.5401,1.0],[116.3054,-2.551,1.5],[116.3071,-2.5663,3.5529],[116.3047,-2.5688,2.1289],[116.2986,-2.5697,10.4035],[116.2964,-2.5752,1.5],[116.2987,-2.5827,6.745],[116.3052,-2.5839,6.5682],[116.3051,-2.5871,6.1538],[116.307,-2.5882,6.7673],[116.308,-2.5905,11.2685],[116.3071,-2.5914,8.4787],[116.3068,-2.5885,6.7673],[116.3024,-2.587,8.9967],[116.3048,-2.5859,3.3989],[116.3045,-2.5843,5.9724],[116.2987,-2.5836,6.4047],[116.2966,-2.5794,3.0867],[116.2909,-2.5853,7.9317],[116.2914,-2.5901,6.6228],[116.2932,-2.5895,11.8071],[116.2924,-2.5913,11.6614],[116.2962,-2.5933,10.9013],[116.2963,-2.5968,10.8639],[116.2953,-2.5962,12.0072],[116.2955,-2.593,10.9013],[116.2913,-2.5917,3.3764],[116.2913,-2.5946,11.3336],[116.2899,-2.5952,3.3123],[116.2928,-2.6005,12.0268],[116.2917,-2.6059,3.2958],[116.2863,-2.6101,5.0242],[116.2882,-2.6145,5.7173],[116.2913,-2.6142,3.0982],[116.3162,-2.593,1.6298],[116.3198,-2.5881,1.9383],[116.3238,-2.5755,4.5545],[116.3238,-2.564,5.2174],[116.3223,-2.5601,4.6343],[116.3195,-2.5597,13.1752],[116.3133,-2.5715,4.284],[116.3143,-2.5745,6.6643],[116.3162,-2.5746,9.1917],[116.3141,-2.5749,12.1549],[116.3129,-2.5729,2.037]]],
[[[116.131,-2.8326,2.7335],[116.1309,-2.8318,2.7335],[116.1297,-2.8318,1.0],[116.1297,-2.8331,1.0],[116.131,-2.8326,2.7335]]],
[[[116.0773,-2.8541,1.5],[116.0797,-2.8535,7.4575],[116.0769,-2.8497,5.1262],[116.0759,-2.8507,3.9418],[116.0773,-2.8541,1.5]]],
[[[116.1283,-2.8305,1.0],[116.128,-2.8309,1.0],[116.1284,-2.831,1.0],[116.1286,-2.8306,1.0],[116.1283,-2.8305,1.0]]],
[[[116.1167,-2.8139,3.0062],[116.1181,-2.8136,1.0],[116.1173,-2.8123,1.8434],[116.1167,-2.8128,1.8434],[116.1167,-2.8139,3.0062]]],
[[[116.121,-2.826,5.7235],[116.1222,-2.8278,6.4477],[116.1264,-2.8274,1.0],[116.1225,-2.8232,5.6717],[116.121,-2.826,5.7235]]],
[[[116.1209,-2.8221,12.0319],[116.1168,-2.816,1.0],[116.1081,-2.815,5.654],[116.1182,-2.8243,12.1328],[116.121,-2.8243,14.3119],[116.1209,-2.8221,12.0319]]],
[[[116.3593,-2.5506,4.4415],[116.3582,-2.55,4.4415],[116.3592,-2.552,3.8659],[116.3594,-2.5518,3.8659],[116.3593,-2.5506,4.4415]]],
[[[116.0543,-3.0111,5.6125],[116.0548,-3.011,5.6125],[116.0555,-3.0101,5.6125],[116.0545,-3.0101,5.6125],[116.0543,-3.0111,5.6125]]],
[[[116.1796,-3.0553,0.0],[116.1867,-3.0424,0.0],[116.1803,-3.0365,1.4831],[116.1731,-3.0359,0.0],[116.1718,-3.0392,1.2913],[116.167,-3.0409,0.5],[116.1723,-3.0572,3.6524],[116.174,-3.0596,3.2444],[116.1757,-3.0595,9.4561],[116.1796,-3.0553,0.0]]],
[[[116.0604,-3.0392,8.2176],[116.0615,-3.0379,6.3757],[116.0615,-3.0366,6.3757],[116.0599,-3.0368,6.3757],[116.0604,-3.0392,8.2176]]],
[[[116.069,-2.9985,3.1747],[116.0718,-2.9966,2.8831],[116.0675,-2.9972,1.0],[116.0637,-3.0015,1.0],[116.0655,-3.0012,5.9557],[116.069,-2.9985,3.1747]]],
[[[116.1098,-2.9949,1.0],[116.1023,-2.9945,1.0],[116.094,-2.9982,1.0],[116.1004,-2.9993,9.9457],[116.1039,-3.0072,5.8501],[116.108,-3.0087,3.0144],[116.1095,-3.0074,8.6832],[116.1089,-3.0034,6.5602],[116.1119,-3.0003,2.6574],[116.1098,-2.9949,1.0]]],
[[[116.0791,-2.9112,6.9167],[116.0808,-2.9123,6.0355],[116.0801,-2.9099,6.9167],[116.0785,-2.9099,6.9167],[116.0791,-2.9112,6.9167]]],
[[[116.1175,-2.8682,3.7749],[116.1183,-2.8693,3.7749],[116.1195,-2.8697,1.0],[116.1188,-2.8684,3.7749],[116.1175,-2.8682,3.7749]]],
[[[116.1541,-2.9017,7.5749],[116.1494,-2.8979,1.0],[116.1477,-2.8993,1.0],[116.1465,-2.9107,9.561],[116.1447,-2.9141,6.9735],[116.1444,-2.9223,12.2064],[116.1484,-2.9352,2.9497],[116.1639,-2.9422,4.0639],[116.1745,-2.945,1.8487],[116.1793,-2.9498,6.1345],[116.1876,-2.9504,2.7239],[116.2033,-2.9427,19.1194],[116.2021,-2.9392,1.0],[116.1993,-2.9372,2.7588],[116.1925,-2.9334,2.6004],[116.1915,-2.9353,12.0918],[116.1876,-2.9271,1.0],[116.1812,-2.9267,1.0],[116.1803,-2.9296,8.6074],[116.177,-2.9303,9.0186],[116.1787,-2.9331,8.2265],[116.1761,-2.9366,10.5929],[116.178,-2.9323,11.0005],[116.1748,-2.9312,9.0583],[116.1712,-2.9325,11.2384],[116.1727,-2.931,9.5287],[116.1793,-2.9293,2.5526],[116.1786,-2.925,4.2177],[116.1765,-2.9229,3.0424],[116.1747,-2.9233,6.1001],[116.1716,-2.9247,6.9798],[116.1721,-2.9266,10.0467],[116.1712,-2.9247,6.9798],[116.1755,-2.9212,1.0],[116.1694,-2.9153,1.0],[116.1697,-2.9117,1.0],[116.1643,-2.9076,1.0],[116.1608,-2.9069,1.0],[116.1583,-2.9025,1.0],[116.1541,-2.9017,7.5749]]],
[[[116.1805,-2.9179,9.0943],[116.1805,-2.9174,9.0943],[116.1792,-2.9189,6.1156],[116.1797,-2.9189,6.1156],[116.1805,-2.9179,9.0943]]],
[[[116.0816,-2.8559,4.6287],[116.0811,-2.8558,4.6287],[116.0812,-2.8568,1.0],[116.0815,-2.8568,1.0],[116.0816,-2.8559,4.6287]]],
[[[116.0898,-2.8578,4.9137],[116.0897,-2.8572,4.9137],[116.0892,-2.8573,4.9137],[116.0897,-2.8582,6.1125],[116.0898,-2.8578,4.9137]]],
[[[116.1044,-2.8614,1.0],[116.1044,-2.8604,4.6632],[116.1032,-2.8603,4.6632],[116.1032,-2.8608,4.6632],[116.1044,-2.8614,1.0]]],
[[[116.0853,-2.8595,3.3512],[116.0851,-2.8609,5.3987],[116.0869,-2.8603,1.0],[116.0866,-2.8598,1.0],[116.0853,-2.8595,3.3512]]],
[[[116.0984,-2.861,9.0704],[116.1004,-2.8602,5.3608],[116.0996,-2.859,1.0],[116.0958,-2.8592,2.8094],[116.0964,-2.8609,3.2837],[116.0984,-2.861,9.0704]]],
[[[116.1006,-2.8584,1.0],[116.1039,-2.8597,4.6632],[116.1028,-2.8569,6.9944],[116.1006,-2.857,6.1533],[116.1006,-2.8584,1.0]]],
[[[116.0942,-2.8587,3.9119],[116.0905,-2.8589,6.1125],[116.0845,-2.8555,5.4479],[116.0862,-2.859,3.3512],[116.0955,-2.8605,3.2837],[116.0942,-2.8587,3.9119]]],
[[[116.1105,-2.8663,7.1849],[116.102,-2.8657,7.7235],[116.1032,-2.8683,4.291],[116.107,-2.8678,8.5526],[116.1131,-2.8701,6.9822],[116.1181,-2.87,5.1877],[116.116,-2.8677,1.0],[116.1105,-2.8663,7.1849]]],
[[[116.1002,-2.863,3.8557],[116.094,-2.8624,5.3195],[116.1012,-2.8657,7.7235],[116.1022,-2.8644,1.0],[116.1002,-2.863,3.8557]]],
[[[116.132,-2.9946,4.3066],[116.1236,-2.9912,4.7269],[116.119,-2.9927,1.0],[116.1134,-2.9969,6.6697],[116.1119,-3.0012,2.6574],[116.1099,-3.0039,11.297],[116.1104,-3.0071,8.6832],[116.118,-3.0075,6.5895],[116.1229,-3.0116,0.5],[116.1334,-3.0077,8.7808],[116.1401,-3.0121,5.0678],[116.1422,-3.0118,0.5],[116.1428,-3.0085,0.5],[116.1374,-3.0068,7.7922],[116.1328,-3.0002,7.8721],[116.1294,-3.0012,9.4091],[116.1273,-3.0053,8.77],[116.1261,-3.0047,8.77],[116.1317,-2.9985,10.6428],[116.132,-2.9946,4.3066]]],
[[[116.099,-2.9877,3.651],[116.0977,-2.9893,1.0],[116.1036,-2.9879,18.5593],[116.1059,-2.9858,5.5045],[116.1012,-2.9861,1.0],[116.099,-2.9877,3.651]]],
[[[116.1333,-2.9928,9.8102],[116.1358,-2.9924,15.8599],[116.1374,-2.9897,11.512],[116.134,-2.9857,17.4435],[116.1356,-2.9751,6.256],[116.1345,-2.9742,1.0],[116.1291,-2.9773,1.0],[116.1275,-2.9833,1.0],[116.1236,-2.9873,7.8623],[116.1246,-2.9907,4.7269],[116.1333,-2.9928,9.8102]]],
[[[116.101,-2.9842,7.6842],[116.1024,-2.9824,3.8017],[116.1,-2.9818,3.5737],[116.0962,-2.9852,1.0],[116.0988,-2.985,2.394],[116.101,-2.9842,7.6842]]],
[[[116.0819,-2.8557,4.6287],[116.084,-2.8583,2.5196],[116.084,-2.8551,6.7078],[116.0856,-2.8544,4.8998],[116.0796,-2.8515,6.7894],[116.0802,-2.8543,7.4575],[116.0819,-2.8557,4.6287]]],
[[[114.5148,-3.4429,1.6808],[114.5157,-3.4449,0.0],[114.518,-3.4439,0.8187],[114.5184,-3.4311,3.0641],[114.5124,-3.42,0.0],[114.5105,-3.4315,1.4739],[114.5148,-3.4429,1.6808]]],
[[[114.5024,-3.3993,3.2114],[114.5,-3.4091,0.0],[114.4999,-3.4183,0.0],[114.5036,-3.431,1.0011],[114.506,-3.4318,1.6044],[114.5111,-3.4184,0.0],[114.5109,-3.4147,0.0],[114.5048,-3.3976,0.0],[114.5024,-3.3993,3.2114]]],
[[[116.0843,-3.1463,8.6964],[116.0817,-3.1456,3.2206],[116.0799,-3.1474,5.6026],[116.0769,-3.1433,5.0489],[116.0746,-3.1458,3.6497],[116.0722,-3.1461,4.4119],[116.0708,-3.1495,5.9735],[116.0721,-3.1489,5.9735],[116.072,-3.1502,5.8856],[116.0689,-3.1504,6.5769],[116.0692,-3.154,1.0],[116.0782,-3.1626,4.1533],[116.0827,-3.1599,0.5],[116.0823,-3.1548,10.1112],[116.0856,-3.1513,5.8207],[116.0858,-3.1479,3.7579],[116.0843,-3.1463,8.6964]]],
[[[116.2816,-3.0813,12.6419],[116.2754,-3.0785,0.5077],[116.272,-3.0895,4.4881],[116.2794,-3.093,0.0],[116.2829,-3.0841,0.0],[116.2816,-3.0813,12.6419]]],
[[[116.2464,-3.0747,0.0],[116.247,-3.0739,0.0],[116.2469,-3.0737,0.0],[116.246,-3.0742,0.0],[116.2464,-3.0747,0.0]]],
[[[116.2476,-3.0747,0.0],[116.2481,-3.0774,0.0],[116.2506,-3.0755,0.0],[116.2481,-3.0724,0.0],[116.2476,-3.0747,0.0]]],
[[[116.2781,-3.0709,2.2412],[116.2822,-3.0732,0.0],[116.2843,-3.0721,0.0],[116.2855,-3.0686,0.0],[116.2825,-3.0667,0.0],[116.2792,-3.0676,0.0],[116.2775,-3.0686,0.0],[116.2781,-3.0709,2.2412]]],
[[[116.2665,-3.0973,0.0],[116.2664,-3.0936,0.0],[116.2632,-3.0893,0.0],[116.2604,-3.0914,4.3837],[116.2603,-3.0951,2.9123],[116.2665,-3.0973,0.0]]],
[[[116.27250997547014,-2.5318089942763669,4.8129],[116.27248595641646,-2.5318033898305079,4.8129],[116.2696,-2.5325,8.4689],[116.2673,-2.5338,4.177],[116.2671,-2.5362,7.1157],[116.2733,-2.5423,3.4102],[116.2786,-2.5373,2.8492],[116.27250997547014,-2.5318089942763669,4.8129]]],
[[[116.1961,-4.0901,0.0],[116.1974,-4.0901,0.0],[116.1938,-4.0888,0.954],[116.1947,-4.09,0.0],[116.1961,-4.0901,0.0]]],
[[[114.5207,-3.4585,2.788],[114.5205,-3.4593,0.9481],[114.5223,-3.4603,3.4047],[114.522,-3.4583,2.788],[114.5207,-3.4585,2.788]]],
[[[116.305,-3.6402,0.0],[116.3052,-3.6397,0.0],[116.3048,-3.6393,0.0],[116.3043,-3.6403,0.0],[116.305,-3.6402,0.0]]],
[[[116.3448,-3.5972,0.0],[116.3324,-3.5918,0.0],[116.3343,-3.5951,4.3605],[116.3349,-3.6146,0.0],[116.3372,-3.6181,0.0],[116.3428,-3.6173,8.0534],[116.3508,-3.6041,4.7728],[116.3486,-3.5998,4.1834],[116.3448,-3.5972,0.0]]],
[[[116.3088,-3.5932,0.0],[116.3081,-3.5928,1.9872],[116.3078,-3.5928,1.9872],[116.3085,-3.5937,0.0],[116.3088,-3.5932,0.0]]],
[[[116.3066,-3.5916,0.0],[116.3078,-3.5917,1.9872],[116.3082,-3.5909,3.1212],[116.3068,-3.5902,3.1212],[116.3066,-3.5916,0.0]]],
[[[116.4017,-3.6027,0.0],[116.4034,-3.5851,53.079],[116.4084,-3.5706,0.0],[116.4095,-3.5596,11.3345],[116.4057,-3.5539,0.0],[116.4084,-3.5263,0.0],[116.4182,-3.5047,0.0],[116.4179,-3.4986,0.0],[116.4202,-3.4929,0.0],[116.4196,-3.4823,19.0647],[116.4209,-3.4804,13.8512],[116.4204,-3.4652,8.1599],[116.4228,-3.4515,0.0],[116.435,-3.421,0.0],[116.4317,-3.4077,29.3736],[116.4358,-3.3859,0.0],[116.4318,-3.3677,2.0069],[116.4278,-3.3637,0.0],[116.4229,-3.3652,6.1846],[116.4095,-3.3605,0.6759],[116.4068,-3.3667,14.112],[116.4094,-3.3706,2.7368],[116.4058,-3.3739,3.6959],[116.4056,-3.3794,12.3244],[116.3987,-3.3911,2.7793],[116.3985,-3.3997,4.3184],[116.3937,-3.4042,0.0],[116.3921,-3.4101,6.9612],[116.387,-3.4158,4.8261],[116.3648,-3.4294,0.0],[116.3529,-3.4409,4.7414],[116.3459,-3.4508,18.0949],[116.3451,-3.4551,20.2332],[116.3465,-3.4574,20.0113],[116.3449,-3.4576,10.4902],[116.3444,-3.4659,18.352],[116.3406,-3.4761,8.4384],[116.3377,-3.4797,11.4613],[116.3333,-3.5032,0.0],[116.3393,-3.5035,4.2296],[116.3378,-3.5048,6.5036],[116.3362,-3.5039,12.9174],[116.3327,-3.5055,1.4562],[116.3299,-3.5106,6.2273],[116.3215,-3.5295,10.7472],[116.3195,-3.5418,14.201],[116.3124,-3.5557,0.0],[116.3145,-3.5586,5.0334],[116.3226,-3.5563,0.0],[116.3325,-3.5584,5.0386],[116.3389,-3.5623,7.867],[116.3433,-3.5685,0.0],[116.35,-3.5658,4.5354],[116.3514,-3.5681,9.163],[116.3526,-3.5676,7.0269],[116.352,-3.5685,9.163],[116.3512,-3.5685,9.163],[116.3502,-3.5662,4.5354],[116.3492,-3.5678,8.7814],[116.3436,-3.5702,0.0],[116.3494,-3.5877,2.4385],[116.3478,-3.5941,0.0],[116.3549,-3.6023,15.4258],[116.3544,-3.6052,7.8178],[116.3499,-3.6108,0.0],[116.3516,-3.6122,0.0],[116.3534,-3.6237,12.5436],[116.359,-3.6369,5.9381],[116.3602,-3.6461,0.0],[116.3618,-3.6464,9.4937],[116.3632,-3.6515,3.3056],[116.3703,-3.6515,1.1726],[116.3739,-3.6499,0.1401],[116.3796,-3.6522,0.3289],[116.3825,-3.6501,2.1514],[116.3845,-3.6474,3.9869],[116.3838,-3.6372,2.4778],[116.3864,-3.6275,6.7435],[116.3909,-3.6259,5.4445],[116.3945,-3.6275,5.1966],[116.3991,-3.6265,8.0625],[116.3991,-3.6133,8.2674],[116.4023,-3.6071,14.7259],[116.4017,-3.6027,0.0]]],
[[[116.0165,-3.4377,1.6926],[116.0161,-3.4442,0.9204],[116.0176,-3.4489,2.2325],[116.0232,-3.456,15.6201],[116.0281,-3.4583,0.0],[116.0353,-3.4494,0.0],[116.0335,-3.4387,0.0],[116.041,-3.4256,0.0],[116.0411,-3.4217,5.2164],[116.0293,-3.4231,13.6419],[116.0196,-3.4313,5.7468],[116.0165,-3.4377,1.6926]]],
[[[116.3173,-3.7844,0.0],[116.3155,-3.7829,0.0],[116.3137,-3.7839,4.8361],[116.3166,-3.7864,0.0],[116.3173,-3.7844,0.0]]],
[[[116.3367,-3.7229,1.3063],[116.3382,-3.7242,0.0],[116.3388,-3.7225,0.0],[116.3375,-3.7222,1.3063],[116.3367,-3.7229,1.3063]]],
[[[116.3437,-3.7062,0.9106],[116.344,-3.7089,9.5809],[116.3465,-3.7106,0.0],[116.3489,-3.7082,0.0],[116.3455,-3.704,0.0],[116.3423,-3.7041,3.081],[116.3437,-3.7062,0.9106]]],
[[[116.3483,-3.7018,0.0],[116.3479,-3.7013,0.0],[116.3469,-3.7021,0.7443],[116.3474,-3.7026,0.7443],[116.3483,-3.7018,0.0]]],
[[[116.3812,-3.6724,3.4795],[116.382,-3.6685,2.3777],[116.3794,-3.6691,0.0],[116.3796,-3.6726,41.504],[116.3812,-3.6724,3.4795]]],
[[[116.3835,-3.6562,7.551],[116.3853,-3.658,0.8623],[116.3869,-3.6559,7.9784],[116.3853,-3.654,0.4136],[116.3835,-3.6562,7.551]]],
[[[116.2952,-3.8452,10.6757],[116.2954,-3.8461,10.6757],[116.2965,-3.8467,0.0],[116.2966,-3.8444,5.3692],[116.2952,-3.8452,10.6757]]],
[[[116.3192,-3.8308,0.0],[116.3192,-3.8305,0.0],[116.3187,-3.8305,0.0],[116.3187,-3.8308,0.0],[116.3192,-3.8308,0.0]]],
[[[116.3184,-3.8302,0.0],[116.3186,-3.8301,0.0],[116.3186,-3.8299,0.0],[116.3183,-3.8299,0.0],[116.3184,-3.8302,0.0]]],
[[[116.3218,-3.8215,0.0],[116.3205,-3.8189,0.0],[116.3218,-3.8158,0.0],[116.3145,-3.8201,7.7952],[116.3122,-3.8248,18.9451],[116.3098,-3.825,12.88],[116.3117,-3.8276,13.3308],[116.3114,-3.83,16.5962],[116.3087,-3.8297,10.6715],[116.3044,-3.8364,20.8996],[116.3008,-3.8371,6.8566],[116.2972,-3.8438,5.3692],[116.298,-3.8467,0.0],[116.3057,-3.8507,0.9675],[116.309,-3.8463,0.0],[116.3145,-3.8448,0.0],[116.3182,-3.8276,5.9413],[116.3206,-3.828,0.0],[116.3224,-3.8261,1.0027],[116.3207,-3.8237,5.2909],[116.3218,-3.8215,0.0]]],
[[[116.3228,-3.8269,0.1184],[116.3226,-3.8265,0.1184],[116.3222,-3.8268,0.1184],[116.3225,-3.8272,0.1184],[116.3228,-3.8269,0.1184]]],
[[[116.3189,-3.8287,0.0],[116.3185,-3.8285,0.0],[116.3189,-3.8294,0.0],[116.3191,-3.8292,0.0],[116.3189,-3.8287,0.0]]],
[[[116.3194,-3.8287,0.0],[116.3193,-3.8283,0.0],[116.3191,-3.8283,0.0],[116.3191,-3.8286,0.0],[116.3194,-3.8287,0.0]]],
[[[116.323,-3.8258,1.0027],[116.3227,-3.8264,0.1184],[116.3236,-3.8265,0.0],[116.3233,-3.8258,0.0],[116.323,-3.8258,1.0027]]],
[[[116.323,-3.8166,0.0],[116.3226,-3.8167,0.0],[116.3224,-3.817,0.0],[116.323,-3.8172,0.0],[116.323,-3.8166,0.0]]],
[[[116.2104,-4.0987,0.0],[116.2145,-4.098,0.0],[116.2126,-4.0884,0.0],[116.2096,-4.0861,4.1361],[116.2045,-4.0866,9.3586],[116.2008,-4.0901,0.8563],[116.2062,-4.0966,23.5997],[116.2059,-4.1007,6.3465],[116.2074,-4.1029,0.0],[116.2104,-4.0987,0.0]]],
[[[116.049,-4.0875,0.0],[116.0476,-4.0769,0.0],[116.0419,-4.0773,3.6164],[116.0428,-4.0843,0.1862],[116.0406,-4.0882,0.0],[116.0442,-4.092,6.5079],[116.0445,-4.0946,19.2394],[116.0426,-4.0964,9.5837],[116.0442,-4.099,0.0],[116.0468,-4.0979,0.0],[116.0467,-4.0932,0.0],[116.0496,-4.0899,0.0],[116.049,-4.0875,0.0]]],
[[[116.0453,-4.071,0.0],[116.0452,-4.0748,0.0],[116.0466,-4.0761,0.0],[116.05,-4.0716,0.0],[116.0491,-4.0643,1.9366],[116.0475,-4.0651,7.7396],[116.0453,-4.071,0.0]]],
[[[116.1808,-4.0508,0.0],[116.1823,-4.047,0.0],[116.1804,-4.0451,9.8632],[116.1717,-4.0469,22.0539],[116.1635,-4.0541,30.7989],[116.1637,-4.0579,14.521],[116.1678,-4.0582,0.0],[116.1808,-4.0508,0.0]]],
[[[116.208,-4.0271,12.4228],[116.2011,-4.0274,2.8577],[116.1979,-4.026,1.123],[116.2009,-4.0305,12.0889],[116.2008,-4.0338,0.0],[116.2041,-4.0347,5.0336],[116.2038,-4.037,0.0],[116.207,-4.0372,4.8665],[116.2075,-4.0392,0.0],[116.2096,-4.0378,0.0],[116.2105,-4.0329,2.6134],[116.2148,-4.0335,0.0],[116.216,-4.0314,0.0],[116.2143,-4.0287,0.0],[116.208,-4.0271,12.4228]]],
[[[116.2907,-3.9213,0.0],[116.2913,-3.9222,0.0],[116.2933,-3.9218,0.0],[116.2921,-3.9204,0.6401],[116.2907,-3.9213,0.0]]],
[[[116.314,-3.8967,0.0],[116.3122,-3.8936,0.0],[116.3101,-3.8934,0.0],[116.3101,-3.8948,0.0],[116.3127,-3.8951,0.0],[116.3136,-3.8983,0.0],[116.314,-3.8967,0.0]]],
[[[116.3098,-3.8827,0.9493],[116.309,-3.8826,0.9493],[116.3106,-3.8837,0.0],[116.3106,-3.8831,0.0],[116.3098,-3.8827,0.9493]]],
[[[116.312,-3.8829,0.0],[116.3123,-3.8817,0.0],[116.3107,-3.8817,0.9493],[116.3114,-3.8829,0.0],[116.312,-3.8829,0.0]]],
[[[116.3062,-3.9193,0.0],[116.3059,-3.9209,0.0],[116.3076,-3.9204,0.0],[116.3076,-3.9195,0.0],[116.3062,-3.9193,0.0]]],
[[[116.3086,-3.9185,0.0],[116.3082,-3.9184,0.0],[116.3076,-3.9188,0.0],[116.3086,-3.9194,0.0],[116.3086,-3.9185,0.0]]],
[[[116.039,-3.4366,0.0],[116.0358,-3.4387,4.6576],[116.0374,-3.4426,0.0],[116.0388,-3.4399,0.0],[116.039,-3.4366,0.0]]],
[[[116.0419,-3.388,0.0],[116.0413,-3.3859,0.0],[116.0399,-3.3893,11.6928],[116.0409,-3.3905,1.9318],[116.0418,-3.389,0.0],[116.0419,-3.388,0.0]]],
[[[116.3854,-3.374,0.0],[116.3838,-3.3735,0.0],[116.3826,-3.3751,0.0],[116.3847,-3.3751,0.0],[116.3854,-3.374,0.0]]],
[[[116.3701,-3.3667,0.0],[116.369,-3.3691,3.0721],[116.3719,-3.3715,0.0],[116.373,-3.3698,0.0],[116.3701,-3.3667,0.0]]],
[[[116.0315,-3.386,5.7321],[116.0258,-3.4025,9.0282],[116.0269,-3.4061,1.6215],[116.029,-3.4066,0.0],[116.0369,-3.3987,1.5789],[116.0378,-3.3917,0.0],[116.0459,-3.3661,0.0],[116.0456,-3.3583,0.0],[116.0381,-3.3605,11.3521],[116.0336,-3.3655,8.5972],[116.0337,-3.3774,4.8674],[116.0315,-3.386,5.7321]]],
[[[116.1634,-3.2838,5.2476],[116.1627,-3.2851,8.3787],[116.1647,-3.2847,8.3787],[116.1645,-3.2844,5.2476],[116.1634,-3.2838,5.2476]]],
[[[116.0582,-3.3626,8.7792],[116.0542,-3.3806,10.9564],[116.0574,-3.3845,4.4097],[116.0607,-3.3849,0.0],[116.0696,-3.3803,0.0],[116.0722,-3.3672,0.0],[116.0726,-3.3506,0.0],[116.0687,-3.3494,7.885],[116.0596,-3.3526,3.969],[116.0582,-3.3626,8.7792]]]]}}