{"type":"Feature","properties":{"GID_1":"IDN.16_1","GID_0":"IDN","country":"Indonesia","province":"KepulauanRiau","VARNAME_1":"NA","NL_NAME_1":"NA","TYPE_1":"Propinisi","ENGTYPE_1":"Province","CC_1":"21","HASC_1":"ID.KR","ISO_1":"ID-KR","name":"Kepulauan_Riau.province"},
"geometry":{"type": "MultiPolygon","coordinates": [[[[105.2535,-1.2951,0.0],[105.2514,-1.2929,0.0],[105.246,-1.2962,0.0],[105.2503,-1.2984,0.0],[105.2535,-1.2951,0.0]]],
[[[105.246,-1.2778,0.0],[105.245,-1.2747,0.0],[105.2417,-1.2789,0.0],[105.2449,-1.281,0.0],[105.246,-1.2778,0.0]]],
[[[105.268,-1.2071,1.2504],[105.2633,-1.2005,23.1748],[105.2605,-1.2005,7.5888],[105.2634,-1.2088,3.4167],[105.2633,-1.2146,0.0],[105.2648,-1.2137,0.7404],[105.2702,-1.2166,1.0809],[105.2732,-1.2125,5.1106],[105.271,-1.2117,15.9731],[105.268,-1.2071,1.2504]]],
[[[105.311,-1.1773,0.4836],[105.311,-1.1772,0.4836],[105.311,-1.1771,0.4836],[105.3109,-1.1773,0.4836],[105.311,-1.1773,0.4836]]],
[[[105.3104,-1.1769,0.4836],[105.31,-1.1764,0.0],[105.3098,-1.1766,0.0],[105.31,-1.1769,0.0],[105.3104,-1.1769,0.4836]]],
[[[105.3086,-1.1746,0.5649],[105.3085,-1.1748,0.5649],[105.3089,-1.1752,0.5649],[105.309,-1.1743,0.0],[105.3086,-1.1746,0.5649]]],
[[[105.2885,-1.1599,7.8206],[105.288,-1.1602,7.8206],[105.2878,-1.1606,7.8206],[105.2894,-1.1598,7.8206],[105.2885,-1.1599,7.8206]]],
[[[105.6938,-0.9418,0.0],[105.6959,-0.9353,0.0],[105.6938,-0.931,0.0],[105.6906,-0.9364,0.0],[105.6916,-0.9418,0.0],[105.6938,-0.9418,0.0]]],
[[[105.8283,-0.8692,0.0],[105.8326,-0.8713,0.0],[105.838,-0.8703,0.0],[105.838,-0.8648,0.0],[105.8294,-0.8659,0.0],[105.8283,-0.8692,0.0]]],
[[[104.4083,-0.8559,0.0],[104.4056,-0.8575,13.5639],[104.4019,-0.8569,39.1035],[104.4012,-0.859,34.6327],[104.4039,-0.8613,0.0],[104.409,-0.8595,0.0],[104.41,-0.8557,4.4467],[104.4083,-0.8559,0.0]]],
[[[104.4205,-0.85,0.0],[104.4191,-0.8493,0.476],[104.4168,-0.8508,0.0],[104.4179,-0.8513,0.0],[104.4205,-0.85,0.0]]],
[[[104.9305,-0.7736,15.1655],[104.9257,-0.7816,45.2457],[104.9333,-0.7844,3.7452],[104.933,-0.7796,67.278],[104.9352,-0.7732,0.0],[104.933,-0.7723,0.0],[104.9305,-0.7736,15.1655]]],
[[[104.9414,-0.7661,0.0],[104.9425,-0.7665,0.0],[104.9428,-0.7641,6.1822],[104.9407,-0.7621,32.2395],[104.9399,-0.7637,10.6489],[104.9414,-0.7661,0.0]]],
[[[105.3165,-1.1699,1.0085],[105.3157,-1.1712,1.3101],[105.3165,-1.1719,1.2526],[105.3174,-1.1708,1.0085],[105.3165,-1.1699,1.0085]]],
[[[105.3134,-1.1698,1.2814],[105.3138,-1.1708,1.2814],[105.3143,-1.171,1.3101],[105.3147,-1.1705,1.3101],[105.3134,-1.1698,1.2814]]],
[[[105.2902,-1.1504,26.1953],[105.2892,-1.1491,1.1795],[105.2859,-1.1499,18.2867],[105.2805,-1.144,3.5985],[105.2754,-1.1463,0.0],[105.276,-1.1478,0.0],[105.2793,-1.1478,94.2439],[105.2836,-1.1502,19.9438],[105.285,-1.1533,0.0],[105.2878,-1.1546,3.1206],[105.2896,-1.159,11.0234],[105.2939,-1.1614,20.536],[105.2942,-1.1633,2.1276],[105.2998,-1.1655,0.8968],[105.2999,-1.1692,21.0113],[105.3029,-1.1715,0.1729],[105.3038,-1.1707,9.4859],[105.3066,-1.1728,5.9581],[105.3078,-1.1708,4.9969],[105.3117,-1.1698,3.0675],[105.31,-1.1659,34.7639],[105.308,-1.1661,13.6102],[105.3085,-1.1647,34.7639],[105.3066,-1.1639,12.9869],[105.3067,-1.1612,10.5564],[105.2998,-1.1596,62.085],[105.2918,-1.1505,8.5938],[105.2902,-1.1504,26.1953]]],
[[[104.5034,-0.7036,17.1237],[104.4992,-0.7039,0.0],[104.5026,-0.7066,0.0],[104.5054,-0.704,15.0333],[104.5034,-0.7036,17.1237]]],
[[[104.4818,-0.7001,1.1533],[104.4825,-0.6978,0.0],[104.4778,-0.6964,0.0],[104.4771,-0.7097,0.0],[104.4809,-0.7101,0.0],[104.4831,-0.7086,0.0],[104.4818,-0.7001,1.1533]]],
[[[104.4772,-0.6944,3.9319],[104.4729,-0.6914,5.9447],[104.4712,-0.6975,4.5111],[104.4717,-0.6976,4.5111],[104.4772,-0.6944,3.9319]]],
[[[104.0277,-0.538,0.0],[104.0275,-0.5394,0.0],[104.0311,-0.5412,0.0],[104.0299,-0.5331,2.1704],[104.0289,-0.5338,2.1704],[104.0277,-0.538,0.0]]],
[[[104.0395,-0.5152,15.2846],[104.0395,-0.5125,0.0],[104.0356,-0.5121,1.9085],[104.0355,-0.5153,6.4773],[104.0385,-0.5198,0.0],[104.0404,-0.5182,38.8233],[104.0395,-0.5152,15.2846]]],
[[[104.0413,-0.5037,0.9987],[104.0405,-0.5045,0.0],[104.0415,-0.5056,2.3623],[104.0421,-0.5051,2.3623],[104.0413,-0.5037,0.9987]]],
[[[104.038,-0.4992,0.0],[104.0378,-0.501,0.0],[104.04,-0.5026,10.3855],[104.0408,-0.5004,0.0],[104.0381,-0.4979,0.0],[104.038,-0.4992,0.0]]],
[[[104.1997,-0.3935,12.0674],[104.1957,-0.3928,3.7471],[104.1954,-0.391,0.0],[104.1894,-0.3941,10.3076],[104.1912,-0.3969,4.2012],[104.189,-0.4003,2.2018],[104.1928,-0.4008,5.4655],[104.1917,-0.406,12.0863],[104.1969,-0.407,0.0],[104.1984,-0.4095,4.9236],[104.1967,-0.4134,0.0],[104.1983,-0.4158,3.452],[104.1955,-0.4216,4.4457],[104.1963,-0.4239,0.0],[104.2022,-0.4263,0.2453],[104.206,-0.4245,4.5301],[104.2105,-0.4247,1.5737],[104.2098,-0.4284,0.9882],[104.212,-0.4291,2.5529],[104.2215,-0.4258,4.3855],[104.2232,-0.4297,0.0],[104.2245,-0.4205,0.0],[104.2228,-0.4163,11.2785],[104.2264,-0.4115,0.0],[104.2247,-0.4065,0.0],[104.2291,-0.4055,7.4197],[104.2296,-0.4027,23.3366],[104.2323,-0.4012,0.0],[104.2312,-0.3978,0.0],[104.2289,-0.3973,4.063],[104.2293,-0.3935,2.9079],[104.223,-0.3939,0.0],[104.22,-0.3972,2.5203],[104.2202,-0.3997,7.0677],[104.2181,-0.3979,0.0],[104.2129,-0.3983,0.0],[104.2088,-0.4013,1.838],[104.2082,-0.3998,0.3207],[104.2142,-0.3955,6.2409],[104.2137,-0.393,2.4318],[104.211,-0.395,4.9725],[104.2103,-0.3932,2.3959],[104.2062,-0.3947,2.88],[104.2019,-0.3917,6.2836],[104.1997,-0.3935,12.0674]]],
[[[104.1819,-0.3979,7.2049],[104.1836,-0.397,0.0],[104.1823,-0.3917,0.7758],[104.1784,-0.3957,1.8166],[104.1792,-0.3978,2.7139],[104.1819,-0.3979,7.2049]]],
[[[104.2366,-0.6561,0.0],[104.2353,-0.6535,4.4098],[104.2328,-0.6589,2.2145],[104.2418,-0.6625,0.0],[104.244,-0.6615,0.0],[104.246,-0.6636,0.0],[104.2417,-0.6561,0.0],[104.2391,-0.6572,0.8667],[104.2366,-0.6561,0.0]]],
[[[104.2517,-0.6113,0.0],[104.2515,-0.6135,0.0],[104.2537,-0.6084,0.0],[104.2514,-0.6109,2.0852],[104.2517,-0.6113,0.0]]],
[[[104.4676,-0.6862,2.8316],[104.4654,-0.6823,0.9344],[104.4617,-0.6834,2.7742],[104.4632,-0.6846,6.5934],[104.4609,-0.6871,8.8457],[104.4636,-0.687,7.1396],[104.4653,-0.6892,7.3091],[104.4653,-0.6969,0.0],[104.4713,-0.6913,0.8258],[104.4712,-0.6886,0.0],[104.4676,-0.6862,2.8316]]],
[[[104.4851,-0.6818,1.0496],[104.4852,-0.6824,1.0496],[104.4864,-0.6831,0.0],[104.4859,-0.6818,1.0496],[104.4851,-0.6818,1.0496]]],
[[[104.4867,-0.6817,1.0496],[104.4861,-0.682,1.0496],[104.487,-0.6825,1.0496],[104.4872,-0.682,0.0],[104.4867,-0.6817,1.0496]]],
[[[104.1237,-0.3068,0.3471],[104.1244,-0.3004,6.7569],[104.123,-0.2997,6.7569],[104.1225,-0.3019,0.0],[104.1177,-0.3057,0.0],[104.1164,-0.3096,0.0],[104.1197,-0.3124,0.0],[104.1237,-0.3068,0.3471]]],
[[[104.1913,-0.3906,2.9107],[104.193,-0.3898,0.0],[104.1932,-0.3889,0.0],[104.1905,-0.3891,0.9428],[104.1913,-0.3906,2.9107]]],
[[[104.1592,-0.3698,0.0],[104.158,-0.3698,0.0],[104.1577,-0.3705,0.0],[104.1591,-0.3704,0.0],[104.1592,-0.3698,0.0]]],
[[[104.2668,-0.3825,0.0],[104.266,-0.3848,0.0],[104.2692,-0.3859,0.0],[104.2681,-0.383,9.4704],[104.2668,-0.3825,0.0]]],
[[[104.1693,-0.3705,0.9333],[104.1674,-0.3707,3.4508],[104.1661,-0.3687,0.0],[104.1623,-0.3691,0.0],[104.1614,-0.3757,0.0],[104.1666,-0.3847,2.0552],[104.1754,-0.3899,0.0],[104.1779,-0.3859,3.1921],[104.177,-0.3846,3.1921],[104.1791,-0.3835,1.7404],[104.1751,-0.3814,4.1876],[104.1781,-0.3799,12.653],[104.1742,-0.3767,3.194],[104.1727,-0.3785,17.1681],[104.1716,-0.375,1.1791],[104.1669,-0.3778,9.0406],[104.1699,-0.3733,1.8139],[104.1659,-0.3748,7.7251],[104.1669,-0.3731,1.0533],[104.1658,-0.3722,6.2565],[104.168,-0.3725,3.604],[104.1693,-0.3705,0.9333]]],
[[[104.2656,-0.3775,1.116],[104.2635,-0.3751,0.0],[104.2603,-0.3757,0.0],[104.2632,-0.3755,0.0],[104.2639,-0.3782,0.0],[104.2656,-0.3775,1.116]]],
[[[104.1804,-0.3878,0.0],[104.1829,-0.3907,0.0],[104.1823,-0.387,1.3775],[104.1805,-0.3856,0.0],[104.1804,-0.3878,0.0]]],
[[[104.2732,-0.3712,0.0],[104.2703,-0.3674,0.0],[104.2691,-0.3683,3.3246],[104.2704,-0.372,2.7551],[104.2732,-0.3712,0.0]]],
[[[104.4226,-0.3577,0.604],[104.4236,-0.3579,0.67],[104.4242,-0.3583,1.6528],[104.4239,-0.3569,0.67],[104.4226,-0.3577,0.604]]],
[[[104.4192,-0.3576,0.0],[104.4196,-0.3576,0.0],[104.4189,-0.3569,0.0],[104.4189,-0.3573,0.0],[104.4192,-0.3576,0.0]]],
[[[104.2699,-0.3649,0.0],[104.2716,-0.3644,1.8827],[104.272,-0.3635,1.8827],[104.27,-0.3635,1.7232],[104.2699,-0.3649,0.0]]],
[[[104.194,-0.3632,3.5712],[104.1933,-0.3614,1.1869],[104.1903,-0.3632,5.2568],[104.1856,-0.3607,0.4599],[104.1832,-0.3647,4.2836],[104.1812,-0.3642,0.0],[104.1813,-0.3703,5.3629],[104.178,-0.3706,4.5456],[104.1741,-0.366,0.0],[104.1718,-0.3713,0.0],[104.1729,-0.3734,2.1727],[104.1806,-0.3759,22.8316],[104.1777,-0.3769,0.0],[104.1805,-0.3824,5.3853],[104.1847,-0.3837,25.1613],[104.1835,-0.3861,5.5138],[104.1854,-0.3885,1.7607],[104.1885,-0.3883,3.3999],[104.1866,-0.3872,9.8919],[104.1876,-0.3835,3.1043],[104.1905,-0.3874,14.4841],[104.1919,-0.3873,2.8816],[104.1924,-0.3838,4.6569],[104.1977,-0.3883,0.0],[104.1976,-0.3862,2.7255],[104.2033,-0.3829,4.466],[104.2095,-0.3855,7.8864],[104.211,-0.3889,2.2545],[104.2154,-0.3848,2.8567],[104.2159,-0.3886,5.5122],[104.2173,-0.389,5.5122],[104.2197,-0.3868,11.3413],[104.2214,-0.3908,0.0],[104.2289,-0.3863,1.049],[104.2322,-0.388,0.0],[104.2338,-0.3868,1.0444],[104.2335,-0.378,0.8011],[104.2294,-0.3742,5.5968],[104.2347,-0.3685,0.0],[104.2296,-0.3644,0.0],[104.222,-0.3683,1.3448],[104.2099,-0.3685,1.2063],[104.2033,-0.3738,1.797],[104.2038,-0.3687,0.5002],[104.2,-0.3683,2.0908],[104.1943,-0.3652,1.752],[104.194,-0.3632,3.5712]]],
[[[104.1735,-0.3637,0.0],[104.1736,-0.3619,0.0],[104.1692,-0.3592,0.0],[104.1641,-0.362,16.3318],[104.1686,-0.3637,27.1708],[104.1693,-0.3668,1.1114],[104.1735,-0.3637,0.0]]],
[[[104.5212,-0.3531,0.0],[104.5205,-0.3515,0.0],[104.5182,-0.3505,0.0],[104.5197,-0.3542,3.6872],[104.5212,-0.3531,0.0]]],
[[[104.4256,-0.3574,8.0599],[104.4271,-0.359,8.6096],[104.4327,-0.3574,4.8546],[104.434,-0.3558,0.0],[104.4332,-0.3524,0.0],[104.4276,-0.3497,1.1428],[104.4272,-0.3559,5.1447],[104.4256,-0.3574,8.0599]]],
[[[104.2052,-0.3546,0.0],[104.2086,-0.3576,0.5723],[104.2101,-0.3554,0.0],[104.2056,-0.3494,0.0],[104.2034,-0.3532,0.729],[104.2052,-0.3546,0.0]]],
[[[104.1739,-0.3443,0.0],[104.1558,-0.3382,0.0],[104.1534,-0.343,1.7792],[104.1509,-0.343,0.0],[104.1485,-0.3467,1.6655],[104.1427,-0.3488,0.0],[104.1442,-0.3594,0.0],[104.1464,-0.3617,1.1846],[104.1577,-0.3647,0.0],[104.1616,-0.3607,11.629],[104.1651,-0.3595,2.9589],[104.1631,-0.3588,6.0976],[104.1634,-0.3547,2.7783],[104.157,-0.3535,2.1863],[104.16,-0.3526,0.0],[104.1595,-0.3495,2.9685],[104.1615,-0.3522,0.0],[104.1661,-0.3521,17.0135],[104.1697,-0.3569,0.0],[104.172,-0.3571,2.4341],[104.1772,-0.3518,0.0],[104.1749,-0.35,0.0],[104.1739,-0.3443,0.0]]],
[[[104.2698,-0.3473,0.0],[104.2699,-0.341,0.0],[104.2613,-0.3469,13.7228],[104.2583,-0.362,0.0],[104.266,-0.3638,2.2053],[104.2715,-0.3591,0.0],[104.2704,-0.3539,9.3729],[104.2728,-0.3516,2.3206],[104.2698,-0.3473,0.0]]],
[[[104.2568,-0.3468,0.0],[104.2557,-0.3473,0.0],[104.2566,-0.3485,0.0],[104.2578,-0.3472,0.0],[104.2568,-0.3468,0.0]]],
[[[104.2712,-0.3372,1.72],[104.2708,-0.3389,0.0],[104.2719,-0.3413,0.0],[104.2732,-0.339,0.0],[104.2712,-0.3372,1.72]]],
[[[104.2377,-0.3339,0.1915],[104.2339,-0.3322,0.3972],[104.2337,-0.3291,0.0],[104.2312,-0.327,0.9972],[104.23,-0.3301,1.1279],[104.2244,-0.3346,4.8345],[104.2248,-0.3387,2.4002],[104.2214,-0.3425,0.0],[104.2215,-0.3444,0.0],[104.2319,-0.3507,16.3841],[104.2332,-0.3557,1.2435],[104.2382,-0.3462,0.0],[104.239,-0.3354,0.615],[104.2377,-0.3339,0.1915]]],
[[[104.3867,-0.2958,0.0],[104.3859,-0.2957,0.0],[104.3854,-0.2965,0.0],[104.3866,-0.2963,0.0],[104.3867,-0.2958,0.0]]],
[[[104.3844,-0.2954,0.0],[104.384,-0.2954,1.153],[104.3836,-0.2964,0.0],[104.3849,-0.2963,0.0],[104.3844,-0.2954,0.0]]],
[[[104.3878,-0.2953,0.0],[104.3873,-0.2952,0.0],[104.3873,-0.2958,0.0],[104.388,-0.2959,0.0],[104.3878,-0.2953,0.0]]],
[[[104.3771,-0.2768,0.0],[104.3803,-0.2767,0.0],[104.3806,-0.2752,3.4162],[104.3774,-0.2762,0.0],[104.3771,-0.2768,0.0]]],
[[[104.3842,-0.2861,18.1511],[104.3881,-0.287,3.2954],[104.3832,-0.2826,0.0],[104.384,-0.2772,4.7644],[104.3824,-0.2765,4.7644],[104.3807,-0.2857,0.7379],[104.3842,-0.2861,18.1511]]],
[[[104.4049,-0.2767,0.0],[104.4038,-0.2769,1.7829],[104.4037,-0.2778,1.7829],[104.4049,-0.2773,0.0],[104.4049,-0.2767,0.0]]],
[[[104.9119,-0.168,0.0],[104.9128,-0.1698,0.0],[104.9161,-0.1698,0.0],[104.9159,-0.1674,0.0],[104.9135,-0.1652,0.0],[104.9119,-0.168,0.0]]],
[[[104.4557,-0.1513,2.6707],[104.4543,-0.1503,0.0],[104.4493,-0.1528,0.0],[104.4495,-0.1595,2.4037],[104.4555,-0.1567,0.6216],[104.4557,-0.1513,2.6707]]],
[[[104.7773,-0.1878,1.1286],[104.7798,-0.1881,0.0],[104.7807,-0.1858,3.3929],[104.7785,-0.1858,0.0],[104.7773,-0.1878,1.1286]]],
[[[104.9014,-0.1812,1.3037],[104.9037,-0.1804,0.0],[104.9009,-0.1779,0.0],[104.8999,-0.1794,3.5547],[104.9014,-0.1812,1.3037]]],
[[[104.4347,-0.1747,6.2123],[104.4334,-0.1754,0.0],[104.4334,-0.176,0.0],[104.435,-0.1757,6.2123],[104.4347,-0.1747,6.2123]]],
[[[104.7949,-0.1787,2.5513],[104.7937,-0.1791,2.5513],[104.7934,-0.1802,0.0],[104.7955,-0.1805,3.6316],[104.7949,-0.1787,2.5513]]],
[[[104.741,-0.1462,0.0],[104.7474,-0.1555,0.0],[104.7507,-0.1574,1.2098],[104.7504,-0.1527,3.1677],[104.7421,-0.1454,0.0],[104.741,-0.1462,0.0]]],
[[[104.9265,-0.1352,2.5924],[104.9266,-0.1365,0.0],[104.9277,-0.1361,0.0],[104.9274,-0.1353,2.5924],[104.9265,-0.1352,2.5924]]],
[[[104.9201,-0.128,2.6781],[104.9151,-0.1251,12.8634],[104.9167,-0.1357,2.7926],[104.9116,-0.1353,4.2248],[104.9104,-0.1366,0.0],[104.9113,-0.1382,1.9506],[104.9144,-0.14,0.0],[104.9233,-0.1388,0.0],[104.92529999999999,-0.1331,9.1928],[104.9221,-0.13,7.1221],[104.9203,-0.1308,8.5009],[104.9201,-0.128,2.6781]]],
[[[104.8229,-0.1268,0.7059],[104.821,-0.1282,2.5213],[104.8219,-0.131,0.6902],[104.8241,-0.1278,0.7059],[104.8229,-0.1268,0.7059]]],
[[[104.7377,-0.1224,0.0],[104.7439,-0.1388,0.0],[104.7539,-0.1444,1.3942],[104.7555,-0.1509,0.0],[104.757,-0.1517,0.0],[104.7627,-0.149,17.0306],[104.7633,-0.1473,15.0618],[104.7609,-0.1421,0.0],[104.7552,-0.1379,8.9575],[104.7547,-0.1326,0.0],[104.7505,-0.129,0.0],[104.7498,-0.1269,21.9845],[104.7513,-0.125,6.2433],[104.7299,-0.0957,0.0],[104.7288,-0.0965,0.0],[104.7293,-0.1038,0.0],[104.7377,-0.1224,0.0]]],
[[[104.8836,-0.0896,0.0],[104.8846,-0.0896,0.0],[104.885,-0.0883,0.8291],[104.8834,-0.0888,0.0],[104.8836,-0.0896,0.0]]],
[[[104.9083,-0.1153,0.0],[104.9055,-0.1153,0.0],[104.9051,-0.1171,0.0],[104.9072,-0.1178,0.0],[104.9083,-0.1153,0.0]]],
[[[104.8013,-0.0966,0.0],[104.8006,-0.0924,1.8149],[104.7979,-0.0908,1.6754],[104.7984,-0.0957,0.8582],[104.8013,-0.0966,0.0]]],
[[[104.8356,-0.0833,0.0],[104.8365,-0.0859,0.0],[104.8388,-0.0829,1.4542],[104.8375,-0.0824,1.4542],[104.8356,-0.0833,0.0]]],
[[[104.8532,-0.0799,0.3043],[104.8517,-0.0768,5.5523],[104.8484,-0.0781,0.2516],[104.8508,-0.0804,0.135],[104.8532,-0.0799,0.3043]]],
[[[104.8318,-0.0525,17.9751],[104.8303,-0.0567,5.5813],[104.834,-0.0604,0.0],[104.8365,-0.0673,0.0],[104.8436,-0.0715,0.0],[104.8452,-0.0599,0.0],[104.8394,-0.0578,3.9465],[104.8354,-0.0534,28.3761],[104.8318,-0.0525,17.9751]]],
[[[104.6803,-0.0372,0.0],[104.6835,-0.0405,3.9043],[104.6848,-0.0399,0.0],[104.682,-0.0367,12.2585],[104.6803,-0.0372,0.0]]],
[[[104.7199,-0.0741,0.0],[104.7108,-0.0659,41.0733],[104.709,-0.0589,0.0],[104.7043,-0.0585,22.3702],[104.7017,-0.0539,0.0],[104.693,-0.0494,0.0],[104.6858,-0.0407,0.0],[104.6862,-0.044,0.0],[104.6944,-0.0554,1.5275],[104.6955,-0.0609,0.0],[104.7012,-0.0684,8.6584],[104.7105,-0.0725,24.5806],[104.7141,-0.0758,4.3523],[104.7138,-0.0782,0.0],[104.718,-0.0794,28.8858],[104.7266,-0.0874,10.1541],[104.7281,-0.0862,0.0],[104.7201,-0.0763,28.2315],[104.7199,-0.0741,0.0]]],
[[[104.8487,-0.0448,12.223],[104.8428,-0.035,0.0],[104.8393,-0.0406,1.8111],[104.8333,-0.0391,6.1145],[104.8377,-0.0531,1.4631],[104.8431,-0.0554,0.963],[104.845,-0.0589,3.6314],[104.8464,-0.0632,0.0],[104.859,-0.0663,2.5164],[104.8606,-0.0688,1.2384],[104.867,-0.0715,0.5041],[104.8684,-0.075,0.0],[104.8741,-0.0768,3.1827],[104.8772,-0.0801,2.676],[104.8761,-0.0747,0.0],[104.871,-0.0652,35.4447],[104.8628,-0.0586,5.7156],[104.8609,-0.0602,1.2236],[104.8585,-0.0596,2.1093],[104.8584,-0.0554,0.0],[104.8545,-0.0512,19.1675],[104.8548,-0.0494,17.4432],[104.8506,-0.0476,12.6918],[104.8487,-0.0448,12.223]]],
[[[104.8283,-0.0438,0.0],[104.8273,-0.0434,0.0],[104.8267,-0.0445,0.0],[104.8279,-0.0449,0.0],[104.8283,-0.0438,0.0]]],
[[[104.8372,-0.035,1.7907],[104.8373,-0.033,12.9706],[104.8357,-0.0331,2.3619],[104.8358,-0.0313,2.2689],[104.8343,-0.0306,0.0],[104.8362,-0.038,11.3069],[104.8395,-0.0354,0.0],[104.8391,-0.0342,0.0],[104.8383,-0.0358,1.7907],[104.8372,-0.035,1.7907]]],
[[[104.6519,-0.0207,0.0],[104.6502,-0.0221,0.0],[104.651,-0.024,0.0],[104.6522,-0.0229,0.0],[104.6519,-0.0207,0.0]]],
[[[104.8149,-0.0207,0.0],[104.8148,-0.0198,0.0],[104.8143,-0.0195,0.0],[104.8143,-0.0206,0.0],[104.8149,-0.0207,0.0]]],
[[[104.8301,-0.0166,0.0],[104.83,-0.0136,5.1861],[104.8258,-0.0155,1.5651],[104.8263,-0.0207,0.0],[104.8301,-0.0213,0.0],[104.8301,-0.0166,0.0]]],
[[[104.8321,-0.0133,0.0],[104.8326,-0.0128,2.7655],[104.831,-0.0122,2.7655],[104.8311,-0.0134,0.0],[104.8321,-0.0133,0.0]]],
[[[104.528,-0.0098,0.0],[104.5269,-0.0081,1.7188],[104.5258,-0.0081,0.0],[104.5261,-0.0093,0.0],[104.528,-0.0098,0.0]]],
[[[104.6559,-0.0068,2.1091],[104.6519,-0.0075,0.0],[104.6538,-0.0104,0.5471],[104.6578,-0.0081,1.97],[104.6559,-0.0068,2.1091]]],
[[[104.666,-0.0187,15.2069],[104.6618,-0.013,0.0],[104.6593,-0.0134,0.0],[104.6612,-0.0191,1.7667],[104.6669,-0.0257,3.1993],[104.6738,-0.0289,2.6526],[104.6717,-0.0248,37.9513],[104.666,-0.0187,15.2069]]],
[[[104.8181,-0.0236,0.0],[104.8171,-0.0238,0.0],[104.8176,-0.0249,0.0],[104.8183,-0.0249,0.0],[104.8181,-0.0236,0.0]]],
[[[105.0003,-0.289,0.0],[104.9991,-0.2916,0.0],[105.0007,-0.295,0.0],[105.0026,-0.2954,0.0],[105.0033,-0.2922,0.0],[105.0003,-0.289,0.0]]],
[[[104.6499,-0.2832,0.0],[104.6504,-0.2816,0.0],[104.6479,-0.2833,0.0],[104.6489,-0.2836,0.0],[104.6499,-0.2832,0.0]]],
[[[104.656,-0.2723,0.0],[104.6547,-0.2724,0.0],[104.6551,-0.2747,0.0],[104.656,-0.2744,0.0],[104.656,-0.2723,0.0]]],
[[[104.4537,-0.2671,7.8836],[104.4548,-0.2665,0.0],[104.4524,-0.2664,7.8836],[104.4524,-0.2669,7.8836],[104.4537,-0.2671,7.8836]]],
[[[104.5914,-0.2604,0.0],[104.5916,-0.2586,11.3878],[104.5898,-0.2576,3.6889],[104.5864,-0.2594,7.944],[104.5867,-0.2615,0.0],[104.5914,-0.2604,0.0]]],
[[[104.557,-0.2557,0.0],[104.558,-0.2551,0.0],[104.5581,-0.2547,0.0],[104.557,-0.2547,0.0],[104.557,-0.2557,0.0]]],
[[[104.5858,-0.2543,0.0],[104.5865,-0.2528,0.0],[104.5852,-0.2526,0.0],[104.5845,-0.2534,0.0],[104.5858,-0.2543,0.0]]],
[[[104.557,-0.2533,0.0],[104.5562,-0.253,0.0],[104.5562,-0.2538,0.0],[104.5566,-0.2537,0.0],[104.557,-0.2533,0.0]]],
[[[104.5725,-0.2492,0.0],[104.5713,-0.2485,0.0],[104.5698,-0.2495,0.0],[104.5711,-0.2502,0.0],[104.5725,-0.2492,0.0]]],
[[[104.4493,-0.2462,15.5348],[104.4483,-0.2463,0.0],[104.4487,-0.2473,0.0],[104.4493,-0.247,0.0],[104.4493,-0.2462,15.5348]]],
[[[104.5826,-0.2441,0.9123],[104.5818,-0.2432,0.9123],[104.5806,-0.2429,5.382],[104.5815,-0.2444,0.0],[104.5826,-0.2441,0.9123]]],
[[[104.4359,-0.2398,8.6438],[104.4371,-0.2409,8.6438],[104.4388,-0.2407,0.0],[104.4377,-0.2396,0.0],[104.4359,-0.2398,8.6438]]],
[[[104.7914,-0.1936,0.0],[104.7931,-0.1948,0.0],[104.7938,-0.1915,0.0],[104.7922,-0.1919,10.9227],[104.7914,-0.1936,0.0]]],
[[[104.4649,-0.2465,0.0],[104.4643,-0.2467,0.0],[104.4644,-0.247,0.0],[104.465,-0.2469,0.0],[104.4649,-0.2465,0.0]]],
[[[104.4664,-0.2688,0.0],[104.4656,-0.2688,0.0],[104.4655,-0.2692,0.0],[104.4664,-0.2693,0.0],[104.4664,-0.2688,0.0]]],
[[[104.6363,-0.2734,0.0],[104.6377,-0.2697,0.0],[104.6321,-0.2672,5.3599],[104.6336,-0.2727,9.0147],[104.6363,-0.2734,0.0]]],
[[[104.5419,-0.2676,0.0],[104.541,-0.2674,0.0],[104.5407,-0.268,0.0],[104.5411,-0.2683,0.0],[104.5419,-0.2676,0.0]]],
[[[104.4626,-0.269,0.0],[104.463,-0.2651,0.0],[104.4594,-0.2666,2.8998],[104.4571,-0.265,0.0],[104.4574,-0.2669,2.0268],[104.4626,-0.269,0.0]]],
[[[104.5002,-0.2684,0.0],[104.5007,-0.2673,2.254],[104.4996,-0.2671,2.254],[104.4995,-0.2675,2.254],[104.5002,-0.2684,0.0]]],
[[[104.4685,-0.2667,0.0],[104.4678,-0.2674,0.0],[104.4682,-0.2678,0.0],[104.4694,-0.2667,0.0],[104.4685,-0.2667,0.0]]],
[[[104.4929,-0.2673,0.0],[104.493,-0.2681,0.0],[104.494,-0.2685,0.0],[104.4939,-0.2671,2.9799],[104.4929,-0.2673,0.0]]],
[[[104.4975,-0.2662,0.0],[104.4972,-0.2668,2.4508],[104.4971,-0.2679,2.4508],[104.4984,-0.267,0.0],[104.4975,-0.2662,0.0]]],
[[[104.9884,-0.3329,0.0],[104.9886,-0.3337,0.0],[104.9908,-0.333,0.0],[104.9899,-0.3312,0.0],[104.9884,-0.3329,0.0]]],
[[[104.491,-0.3295,0.0],[104.4918,-0.3296,0.0],[104.4917,-0.3285,0.0],[104.4914,-0.3287,0.0],[104.491,-0.3295,0.0]]],
[[[104.9986,-0.3192,1.4994],[104.9994,-0.3178,2.7908],[104.9929,-0.3128,6.5772],[104.9852,-0.3171,4.1065],[104.9844,-0.3214,0.0],[104.9879,-0.3218,0.0],[104.9891,-0.3182,0.0],[104.9911,-0.3175,2.7349],[104.9986,-0.3192,1.4994]]],
[[[104.4871,-0.3179,0.0],[104.4878,-0.3206,17.5291],[104.4913,-0.3205,0.0],[104.4902,-0.318,9.2396],[104.4871,-0.3179,0.0]]],
[[[104.971,-0.3089,0.0],[104.9705,-0.3068,0.0],[104.9685,-0.3076,0.0],[104.9684,-0.3085,0.0],[104.971,-0.3089,0.0]]],
[[[104.8274,-0.3081,0.0],[104.8273,-0.3084,0.0],[104.8279,-0.3088,0.0],[104.8279,-0.3084,0.0],[104.8274,-0.3081,0.0]]],
[[[104.8642,-0.3168,0.0],[104.8639,-0.317,0.0],[104.865,-0.3169,0.0],[104.8646,-0.3165,0.0],[104.8642,-0.3168,0.0]]],
[[[104.488,-0.3253,0.0],[104.4881,-0.3248,0.0],[104.4872,-0.3241,0.0],[104.4871,-0.3249,0.0],[104.488,-0.3253,0.0]]],
[[[104.4914,-0.326,0.0],[104.4917,-0.3242,0.0],[104.4908,-0.323,0.0],[104.4902,-0.3247,0.0],[104.4914,-0.326,0.0]]],
[[[104.4636,-0.3242,11.7986],[104.4655,-0.3284,2.5147],[104.4684,-0.3283,5.5974],[104.47,-0.3256,19.0717],[104.4681,-0.3222,11.5672],[104.4643,-0.3205,0.0],[104.4636,-0.3242,11.7986]]],
[[[104.5629,-0.5039,1.3972],[104.5652,-0.5018,1.2476],[104.5709,-0.5064,0.0],[104.5719,-0.5055,0.0],[104.5667,-0.5016,0.0],[104.5774,-0.4946,0.0],[104.5807,-0.494,3.2441],[104.5848,-0.4967,0.0],[104.5893,-0.4939,2.1518],[104.591,-0.4957,0.0],[104.5926,-0.4932,0.0],[104.5926,-0.4846,0.0],[104.5973,-0.4789,0.4656],[104.5984,-0.4726,0.0],[104.6022,-0.468,0.0],[104.5993,-0.4662,2.934],[104.5967,-0.458,1.07],[104.5928,-0.4567,8.927],[104.5861,-0.4511,0.0],[104.5783,-0.4495,0.0],[104.5731,-0.4439,6.54],[104.5638,-0.4204,0.0],[104.561,-0.4204,6.5343],[104.5593,-0.4184,0.0],[104.5558,-0.4093,0.0],[104.5522,-0.4092,0.0],[104.5411,-0.3914,0.0],[104.5391,-0.371,0.0],[104.5284,-0.3631,2.2135],[104.5229,-0.3614,0.0],[104.5166,-0.3639,3.3701],[104.5058,-0.3629,0.0],[104.4981,-0.357,0.0],[104.4944,-0.3563,9.9713],[104.4912,-0.3516,0.0],[104.4888,-0.3527,0.0],[104.4861,-0.3508,1.0546],[104.4851,-0.3468,0.0],[104.481,-0.3439,0.0],[104.4854,-0.3388,0.0],[104.4826,-0.3354,0.0],[104.4794,-0.335,0.0],[104.469,-0.3399,2.5668],[104.4671,-0.3386,0.0],[104.4671,-0.3402,1.5315],[104.4618,-0.3401,0.0],[104.461,-0.3441,1.6042],[104.4563,-0.3416,0.0],[104.451,-0.3431,0.0],[104.4487,-0.3375,0.0],[104.4409,-0.3395,0.0],[104.4369,-0.3441,4.6223],[104.4371,-0.3503,6.1482],[104.4347,-0.3525,0.0],[104.4347,-0.3562,0.0],[104.432,-0.3584,3.8125],[104.4277,-0.3592,3.499],[104.4251,-0.3637,0.0],[104.4258,-0.3656,5.3043],[104.4312,-0.3678,5.003],[104.432,-0.381,3.8327],[104.4267,-0.3879,8.7495],[104.4228,-0.3876,0.0],[104.4224,-0.3916,2.321],[104.4202,-0.3918,1.9686],[104.4145,-0.4004,1.5674],[104.3986,-0.4081,6.1326],[104.3921,-0.4096,7.6943],[104.389,-0.4083,0.0],[104.389,-0.4111,0.0],[104.3856,-0.4128,0.0],[104.3822,-0.4089,0.0],[104.3799,-0.4087,4.2925],[104.3787,-0.4046,0.6645],[104.3752,-0.4035,0.0],[104.3727,-0.4039,0.0],[104.3722,-0.4063,5.1432],[104.3652,-0.4077,0.0],[104.3611,-0.4068,18.8611],[104.3543,-0.4012,7.7814],[104.3542,-0.3987,3.081],[104.3506,-0.3968,8.243],[104.3506,-0.3916,1.5507],[104.3472,-0.3874,0.0],[104.3466,-0.3923,0.0],[104.3424,-0.3922,0.0],[104.3408,-0.3948,0.0],[104.3438,-0.407,1.1264],[104.3471,-0.4103,0.6024],[104.3399,-0.412,0.7252],[104.3378,-0.4155,0.0],[104.3438,-0.4299,0.6752],[104.3513,-0.4303,1.9975],[104.3462,-0.4349,0.0],[104.3439,-0.4395,0.0],[104.3461,-0.4463,2.8715],[104.3391,-0.4395,0.4299],[104.3335,-0.441,0.2595],[104.3296,-0.4399,0.0],[104.3288,-0.4339,0.0],[104.3236,-0.4311,0.8007],[104.3226,-0.4233,0.0],[104.3195,-0.419,0.9485],[104.3104,-0.4174,1.7806],[104.3126,-0.4154,0.7667],[104.3121,-0.4115,3.2463],[104.3151,-0.4126,0.7872],[104.3167,-0.4068,0.636],[104.3232,-0.3963,2.25],[104.3338,-0.3922,2.4977],[104.3376,-0.3881,3.2881],[104.3345,-0.3804,23.197],[104.3369,-0.3787,0.0],[104.3347,-0.3755,19.2738],[104.3352,-0.3719,1.0908],[104.3304,-0.3628,0.0],[104.3272,-0.3613,4.5971],[104.3275,-0.3574,10.0151],[104.3306,-0.3554,4.1562],[104.3265,-0.3492,27.5631],[104.3274,-0.3458,1.2875],[104.3252,-0.343,6.6019],[104.3266,-0.3405,0.0],[104.3243,-0.3396,2.2162],[104.323,-0.3465,15.8032],[104.3181,-0.3505,0.0],[104.3207,-0.3562,26.2899],[104.3209,-0.361,27.791],[104.3185,-0.3657,0.0],[104.3179,-0.3737,0.0],[104.3129,-0.3795,0.0],[104.3115,-0.3887,0.0],[104.3071,-0.3918,0.0],[104.2937,-0.3967,3.4842],[104.2773,-0.3962,0.0],[104.2761,-0.4006,0.0],[104.2772,-0.4072,29.8099],[104.2731,-0.4142,7.8955],[104.2752,-0.4205,1.9649],[104.2722,-0.4245,0.0],[104.2671,-0.4266,1.9646],[104.2693,-0.432,7.2708],[104.2688,-0.4415,0.0],[104.2641,-0.4474,0.9134],[104.2607,-0.4484,0.9243],[104.2638,-0.4523,2.5824],[104.2627,-0.4564,5.4015],[104.2578,-0.4571,0.0],[104.2625,-0.4648,0.8563],[104.2589,-0.4685,7.508],[104.2598,-0.4754,4.641],[104.2553,-0.4781,4.7368],[104.25,-0.4774,0.0],[104.2494,-0.482,0.0],[104.2524,-0.4845,13.3582],[104.2525,-0.4874,4.6874],[104.2444,-0.4854,7.5505],[104.2458,-0.4882,5.5934],[104.2516,-0.4907,19.4534],[104.2539,-0.4947,0.0],[104.2647,-0.5022,0.0],[104.2715,-0.5095,11.3509],[104.2787,-0.5129,12.3322],[104.2806,-0.5155,2.0011],[104.2791,-0.5161,0.0],[104.2876,-0.522,8.4962],[104.2926,-0.5272,1.6173],[104.2936,-0.5303,0.0],[104.2958,-0.5306,13.1234],[104.3035,-0.5377,0.0],[104.3095,-0.5404,0.9671],[104.3169,-0.5369,1.1846],[104.3198,-0.5376,0.0],[104.3196,-0.5402,0.0],[104.3174,-0.5413,0.0],[104.3217,-0.5466,2.42],[104.3237,-0.557,0.5881],[104.3263,-0.5621,0.0],[104.3272,-0.5712,0.0],[104.3294,-0.5714,2.2381],[104.3314,-0.5749,5.9644],[104.3315,-0.5815,3.924],[104.3381,-0.6122,0.0],[104.3421,-0.6149,3.224],[104.3439,-0.6259,0.0],[104.3418,-0.632,0.0],[104.3419,-0.6388,0.0],[104.3441,-0.6474,0.0],[104.3436,-0.6529,1.9603],[104.3417,-0.6555,2.1108],[104.3462,-0.6595,1.6861],[104.3485,-0.6673,7.176],[104.3548,-0.6716,0.0],[104.3569,-0.6751,8.9357],[104.3575,-0.6812,35.3622],[104.3657,-0.6838,0.0],[104.3806,-0.6745,21.5318],[104.382,-0.6715,8.3603],[104.3891,-0.667,3.0872],[104.3874,-0.6613,5.6285],[104.3838,-0.6592,2.5064],[104.3831,-0.6555,0.0],[104.3873,-0.6419,4.796],[104.3958,-0.6292,1.7611],[104.3929,-0.6226,0.0],[104.3973,-0.6016,3.0311],[104.4073,-0.5944,6.0424],[104.4168,-0.5906,6.8321],[104.4241,-0.5897,0.0],[104.4311,-0.5833,0.0],[104.4327,-0.5841,3.6918],[104.4345,-0.5824,3.0069],[104.4407,-0.5873,2.6593],[104.4472,-0.5992,2.5807],[104.4548,-0.6198,3.0886],[104.4572,-0.6223,1.3693],[104.4694,-0.6257,2.1157],[104.4736,-0.6318,2.9592],[104.4744,-0.6371,0.0],[104.4845,-0.6403,0.0],[104.4922,-0.6449,0.0],[104.5006,-0.6455,5.2762],[104.5046,-0.6433,7.0405],[104.5083,-0.614,0.0],[104.5069,-0.6048,0.0],[104.5098,-0.5926,0.0],[104.5168,-0.574,0.0],[104.5284,-0.5588,0.0],[104.5351,-0.5392,1.3132],[104.547,-0.5221,0.0],[104.5629,-0.5039,1.3972]]],
[[[104.9262,-0.3389,6.1505],[104.9268,-0.3421,8.3502],[104.9297,-0.3428,0.0],[104.9276,-0.3406,1.7549],[104.9282,-0.3361,0.0],[104.9262,-0.3389,6.1505]]],
[[[104.5097,-0.3366,3.7344],[104.511,-0.3378,3.7344],[104.5115,-0.3372,3.7344],[104.5103,-0.3351,0.0],[104.5097,-0.3366,3.7344]]],
[[[104.41,-0.3141,0.0],[104.4145,-0.3191,0.0],[104.4147,-0.3215,0.0],[104.42,-0.3241,1.3768],[104.4235,-0.3226,6.357],[104.4293,-0.325,1.9764],[104.445,-0.3229,21.9864],[104.4544,-0.3244,28.5405],[104.4602,-0.3289,0.0],[104.4606,-0.3198,0.0],[104.4625,-0.3197,0.0],[104.4638,-0.3162,1.1902],[104.4636,-0.3129,2.1201],[104.4622,-0.3147,9.5838],[104.4612,-0.314,0.0],[104.4628,-0.3115,2.1201],[104.4657,-0.3131,2.4499],[104.4648,-0.316,14.044],[104.4679,-0.3183,0.0],[104.4689,-0.3165,4.5004],[104.4709,-0.3195,17.123],[104.474,-0.3175,8.0128],[104.4777,-0.3197,0.0],[104.4796,-0.3176,21.7632],[104.4819,-0.3188,2.6585],[104.4856,-0.3175,5.8446],[104.4872,-0.3148,0.0],[104.4858,-0.3132,2.3838],[104.4919,-0.3056,0.0],[104.4839,-0.2937,4.0017],[104.4832,-0.2828,0.0],[104.4762,-0.278,21.5832],[104.4689,-0.2775,0.0],[104.468,-0.2806,7.961],[104.4604,-0.281,0.0],[104.4574,-0.2834,9.7733],[104.447,-0.2831,4.2266],[104.4278,-0.2895,0.0],[104.4252,-0.2874,0.0],[104.4103,-0.2842,0.0],[104.4052,-0.2803,2.4151],[104.3992,-0.2866,3.936],[104.3952,-0.2862,0.0],[104.3946,-0.2845,0.0],[104.3907,-0.2863,0.0],[104.3896,-0.2947,0.0],[104.386,-0.2981,0.0],[104.39,-0.3,0.0],[104.3919,-0.3039,10.4378],[104.3907,-0.3065,0.0],[104.3971,-0.3054,0.6044],[104.4061,-0.3098,0.0],[104.41,-0.3141,0.0]]],
[[[104.752,0.0776,1.3698],[104.7542,0.0796,7.7592],[104.7487,0.0798,4.0898],[104.7469,0.0824,2.9689],[104.7495,0.0866,2.7664],[104.7485,0.0888,0.0],[104.7443,0.0859,0.6167],[104.7398,0.0866,0.0],[104.7386,0.0814,1.8002],[104.7405,0.0759,1.8241],[104.7469,0.0751,0.0],[104.752,0.0776,1.3698]]],
[[[104.7397,0.0907,0.0],[104.7399,0.088,0.0],[104.7412,0.0882,1.0047],[104.7419,0.0919,9.6435],[104.7397,0.0907,0.0]]],
[[[104.2332,0.1316,0.0],[104.2339,0.1306,0.0],[104.2378,0.1318,0.0],[104.2319,0.1365,0.237],[104.222,0.1353,0.0],[104.2223,0.134,0.0],[104.2332,0.1316,0.0]]],
[[[104.618,0.078,27.3799],[104.6161,0.0772,4.6189],[104.6182,0.0755,0.0],[104.6192,0.0759,0.0],[104.618,0.078,27.3799]]],
[[[104.5344,0.077,1.9269],[104.5366,0.0765,0.0],[104.5361,0.0785,7.7706],[104.5349,0.0789,1.0436],[104.5344,0.077,1.9269]]],
[[[104.6235,0.0804,13.1517],[104.6222,0.0804,6.218],[104.6209,0.0797,6.218],[104.6247,0.0784,0.8489],[104.6235,0.0804,13.1517]]],
[[[104.6239,0.0825,0.0],[104.6251,0.0812,0.668],[104.6264,0.082,0.668],[104.6247,0.0829,0.0],[104.6239,0.0825,0.0]]],
[[[104.4843,0.09,2.0068],[104.481,0.0887,11.4017],[104.4826,0.0838,0.5745],[104.4997,0.0719,0.0],[104.5018,0.0746,0.0],[104.5012,0.0761,3.844],[104.4927,0.0876,0.0],[104.486,0.0925,8.8913],[104.4843,0.09,2.0068]]],
[[[104.5343,0.0959,1.9334],[104.5411,0.0919,2.8139],[104.5463,0.0846,0.0],[104.5616,0.0724,0.0],[104.5589,0.0802,14.7851],[104.5464,0.0926,5.2874],[104.5421,0.102,4.4542],[104.5389,0.1032,5.9057],[104.5356,0.1019,1.1488],[104.5341,0.1002,2.0165],[104.5343,0.0959,1.9334]]],
[[[104.6477,0.0465,0.7076],[104.6447,0.0479,0.0],[104.6518,0.0375,6.9396],[104.6573,0.0322,9.0608],[104.6592,0.0324,7.7011],[104.6592,0.0335,7.7011],[104.6477,0.0465,0.7076]]],
[[[104.5149,0.0439,0.6052],[104.5145,0.0431,2.3183],[104.5154,0.0429,2.3183],[104.5156,0.0437,2.3183],[104.5149,0.0439,0.6052]]],
[[[104.5364,0.0455,2.3231],[104.5267,0.0543,2.9856],[104.5249,0.0543,10.6705],[104.5215,0.0507,0.0],[104.527,0.043,0.4893],[104.5289,0.0454,2.9449],[104.5297,0.0442,2.9449],[104.5282,0.0406,0.0],[104.5296,0.038,0.0],[104.5346,0.0348,0.0],[104.5343,0.0402,2.1511],[104.5375,0.0364,0.0],[104.5442,0.0326,5.2792],[104.5404,0.0423,9.1878],[104.5364,0.0455,2.3231]]],
[[[104.4904,0.0476,1.0668],[104.4921,0.0468,0.5433],[104.4934,0.049,0.777],[104.4921,0.0502,5.6298],[104.4904,0.0476,1.0668]]],
[[[104.5015,0.0493,2.1167],[104.5062,0.0495,1.0078],[104.5084,0.0526,4.5312],[104.5035,0.0599,21.7369],[104.4973,0.0641,7.0278],[104.4946,0.0627,0.0],[104.4949,0.0578,0.0],[104.4934,0.0548,9.112],[104.4949,0.0532,1.4099],[104.4976,0.0541,21.0991],[104.4965,0.0517,5.0157],[104.4988,0.0493,3.1799],[104.501,0.0483,0.0],[104.5015,0.0493,2.1167]]],
[[[104.5102,0.0696,3.0986],[104.5086,0.0693,3.2914],[104.5085,0.0671,0.781],[104.5106,0.0602,0.0],[104.5161,0.0551,1.7165],[104.5209,0.0526,1.3576],[104.5224,0.0532,0.4742],[104.5254,0.0564,0.3783],[104.5249,0.0582,0.0],[104.5204,0.0633,5.2453],[104.5102,0.0696,3.0986]]],
[[[104.7379,0.097,4.1885],[104.7334,0.1023,3.2205],[104.7313,0.1023,0.0],[104.7339,0.0989,0.0],[104.7333,0.0931,0.0],[104.7368,0.0941,0.0],[104.7379,0.097,4.1885]]],
[[[104.5179,0.0942,0.1029],[104.5138,0.0983,4.8035],[104.511,0.0973,0.0],[104.5179,0.0914,0.0],[104.5179,0.0942,0.1029]]],
[[[104.7065,0.1272,0.0],[104.7086,0.1264,0.0],[104.7097,0.1293,0.0],[104.7074,0.1342,0.0],[104.706,0.1305,0.0],[104.7079,0.1279,0.0],[104.7065,0.1272,0.0]]],
[[[104.4123,0.1185,0.0],[104.4135,0.1194,0.9842],[104.4128,0.121,1.2923],[104.4116,0.1201,1.352],[104.4123,0.1185,0.0]]],
[[[104.5013,0.1087,7.0788],[104.5002,0.1109,0.0],[104.4973,0.1111,0.0],[104.4993,0.1074,1.9872],[104.5004,0.1069,0.0],[104.5013,0.1087,7.0788]]],
[[[104.4791,0.0972,0.7876],[104.4781,0.1078,7.042],[104.4702,0.1145,20.3674],[104.4565,0.136,0.0],[104.4479,0.1383,0.0],[104.4489,0.1342,5.1012],[104.4461,0.1305,3.9595],[104.446,0.1267,4.3734],[104.4514,0.1236,0.0],[104.4544,0.1168,4.2416],[104.4601,0.115,0.0],[104.4706,0.1006,19.4534],[104.4756,0.0984,0.0],[104.477,0.096,1.0047],[104.4791,0.0972,0.7876]]],
[[[104.5034,0.1053,0.0],[104.504,0.1041,1.0609],[104.5051,0.1047,1.0609],[104.5041,0.1063,0.8078],[104.5034,0.1053,0.0]]],
[[[104.526,0.1034,1.2091],[104.5267,0.1075,0.0],[104.5232,0.1106,0.0],[104.521,0.1068,0.0],[104.5225,0.1034,1.3038],[104.521,0.1033,0.0],[104.5251,0.1016,0.0],[104.526,0.1034,1.2091]]],
[[[104.5392,0.1063,4.2177],[104.5404,0.1061,4.2177],[104.5373,0.1099,2.7578],[104.5343,0.1067,0.0],[104.5358,0.1057,2.5109],[104.5392,0.1063,4.2177]]],
[[[104.4954,0.1199,0.0],[104.4919,0.1247,6.396],[104.4874,0.1253,3.1913],[104.4897,0.1233,3.2705],[104.4898,0.1176,2.5756],[104.4958,0.1145,0.0],[104.4954,0.1199,0.0]]],
[[[104.4978,0.1198,2.7993],[104.5018,0.1163,1.1115],[104.5034,0.1171,6.991],[104.4977,0.125,0.0],[104.4946,0.126,0.0],[104.4946,0.1237,1.5552],[104.4978,0.1198,2.7993]]],
[[[104.4878,0.1213,0.0],[104.4859,0.1232,8.5061],[104.4831,0.1243,3.1832],[104.4834,0.1219,0.0],[104.4878,0.1213,0.0]]],
[[[104.5177,0.124,2.9853],[104.5098,0.1288,0.0],[104.5081,0.1318,7.098],[104.5084,0.1364,11.7695],[104.5071,0.1374,2.7722],[104.5056,0.1362,21.2457],[104.5057,0.1388,0.0],[104.4998,0.1427,15.5049],[104.4976,0.1464,0.0],[104.4936,0.1468,0.1653],[104.4891,0.1424,1.9682],[104.4899,0.1354,6.3311],[104.4946,0.1291,1.7694],[104.5025,0.1254,0.0],[104.503,0.1233,0.0],[104.5103,0.1208,1.2036],[104.5083,0.1179,17.783],[104.5088,0.1162,5.0701],[104.515,0.1091,16.6554],[104.5175,0.1111,3.1028],[104.5155,0.113,4.0322],[104.5162,0.116,4.2814],[104.5192,0.1138,2.2507],[104.5201,0.1148,0.24],[104.5177,0.124,2.9853]]],
[[[104.4826,0.1311,0.4105],[104.4786,0.1296,0.0],[104.4802,0.1261,4.5946],[104.482,0.1264,1.1128],[104.4833,0.129,6.9554],[104.488,0.1289,1.0302],[104.4895,0.1317,0.0],[104.4866,0.1338,0.0],[104.4826,0.1311,0.4105]]],
[[[104.5161,0.131,0.0],[104.5106,0.1347,7.2922],[104.5104,0.1307,1.8861],[104.5146,0.1298,0.3346],[104.5161,0.131,0.0]]],
[[[104.5479,0.1374,1.8892],[104.5442,0.1398,0.0],[104.5445,0.1359,0.0],[104.5465,0.1333,0.0],[104.5495,0.1302,0.0],[104.5528,0.1297,0.0],[104.5524,0.1322,1.4577],[104.5479,0.1374,1.8892]]],
[[[104.5262,0.1373,4.5581],[104.5271,0.1365,0.0],[104.5284,0.1381,0.0],[104.5266,0.1381,4.5581],[104.5262,0.1373,4.5581]]],
[[[104.4467,0.1331,0.0],[104.4468,0.1377,0.0],[104.4427,0.1384,0.0],[104.4455,0.1329,3.8586],[104.4467,0.1331,0.0]]],
[[[104.4753,0.1346,0.0],[104.4773,0.1301,0.0],[104.4802,0.131,1.8093],[104.4822,0.1345,1.1209],[104.4804,0.1407,1.3973],[104.478,0.1434,4.7914],[104.475,0.1435,2.8623],[104.4734,0.1414,2.0495],[104.4744,0.1389,2.3175],[104.4756,0.1406,3.1353],[104.4773,0.1389,0.7179],[104.4753,0.1346,0.0]]],
[[[104.4854,0.1418,4.4699],[104.4858,0.1404,0.0],[104.4874,0.1422,1.9682],[104.486,0.1426,5.7755],[104.4854,0.1418,4.4699]]],
[[[104.4472,0.1406,0.0],[104.4458,0.144,0.0],[104.4435,0.1447,12.0669],[104.4442,0.1399,7.6348],[104.4463,0.1389,2.6796],[104.4472,0.1406,0.0]]],
[[[104.4416,0.14,2.7721],[104.4429,0.1431,6.8615],[104.4416,0.1455,7.1327],[104.4381,0.1427,2.3496],[104.4386,0.1408,1.7935],[104.4416,0.14,2.7721]]],
[[[104.1954,0.1551,1.3532],[104.1907,0.1601,10.8337],[104.1871,0.1726,11.1334],[104.1826,0.1753,8.8453],[104.1798,0.1793,2.4295],[104.1785,0.179,2.4295],[104.1826,0.1677,12.2302],[104.189,0.165,0.3803],[104.1876,0.1613,0.0],[104.1899,0.1563,0.0],[104.1941,0.1534,0.0],[104.1954,0.1551,1.3532]]],
[[[104.2029,0.1491,0.0],[104.2003,0.1473,0.0],[104.2045,0.1425,0.0],[104.2068,0.1498,6.2311],[104.2029,0.1491,0.0]]],
[[[104.3364,0.1073,29.466],[104.3369,0.1293,0.0],[104.3315,0.1333,16.484],[104.3187,0.1483,14.9501],[104.3128,0.1521,0.0],[104.2919,0.1758,7.218],[104.2904,0.1758,1.7803],[104.2897,0.1738,3.6856],[104.2956,0.1652,0.0],[104.2993,0.156,0.0],[104.2998,0.1486,1.4896],[104.2917,0.1429,0.0],[104.2976,0.1397,0.0],[104.2968,0.1365,3.7933],[104.3015,0.1325,0.0],[104.302,0.1295,20.7591],[104.2993,0.1281,0.0],[104.3081,0.1251,0.0],[104.3091,0.1318,1.9928],[104.3133,0.1333,0.507],[104.3155,0.1315,1.0189],[104.3231,0.1137,0.1543],[104.3261,0.1144,0.0],[104.3263,0.1115,0.7186],[104.3239,0.1085,0.0],[104.3248,0.1065,9.8632],[104.3327,0.1053,0.0],[104.3364,0.1073,29.466]]],
[[[104.3727,0.165,1.4595],[104.3715,0.164,0.0],[104.3741,0.1586,5.1087],[104.3731,0.158,14.4827],[104.3685,0.1628,3.6661],[104.3647,0.1612,0.9021],[104.3638,0.1636,0.5135],[104.365,0.1663,0.8615],[104.3623,0.1717,7.3967],[104.3553,0.1779,1.5978],[104.3506,0.1894,1.334],[104.3492,0.1891,1.334],[104.349,0.1863,0.0917],[104.346,0.1861,0.0],[104.3459,0.1803,0.0],[104.3528,0.1719,0.0],[104.3534,0.1687,0.0],[104.3603,0.1577,6.9401],[104.3694,0.1471,8.9659],[104.3767,0.134,0.0],[104.3797,0.1322,4.3822],[104.3811,0.1356,3.9911],[104.3917,0.1164,3.5938],[104.3947,0.114,14.9572],[104.3962,0.1152,14.9572],[104.395,0.1187,6.713],[104.3976,0.121,4.9627],[104.3943,0.1301,5.6003],[104.3919,0.1313,1.8333],[104.3893,0.1289,0.2703],[104.3879,0.1301,0.6378],[104.3919,0.1331,0.0],[104.3922,0.1354,0.0],[104.3903,0.1377,5.7451],[104.3874,0.137,2.238],[104.3877,0.1407,2.8082],[104.3835,0.1426,0.8626],[104.3844,0.1442,1.6334],[104.3877,0.144,2.3857],[104.3807,0.1568,11.5593],[104.3745,0.1647,0.4777],[104.3727,0.165,1.4595]]],
[[[104.4846,0.1486,0.3189],[104.4842,0.1428,0.0],[104.4897,0.1435,6.2593],[104.4927,0.1469,7.5149],[104.4896,0.1509,0.0],[104.4846,0.1486,0.3189]]],
[[[104.4718,0.1568,0.8088],[104.4736,0.1587,0.0],[104.4701,0.1608,2.6025],[104.4686,0.1558,0.0],[104.4719,0.1548,0.9524],[104.4718,0.1568,0.8088]]],
[[[104.4691,0.1497,11.654],[104.465,0.1537,10.444],[104.4644,0.1503,0.0],[104.466,0.1465,0.0],[104.4675,0.1444,0.0],[104.4716,0.143,1.0549],[104.4708,0.1478,0.3919],[104.4691,0.1497,11.654]]],
[[[104.4258,0.1595,9.3761],[104.4245,0.1561,0.584],[104.431,0.152,0.0],[104.4366,0.1455,6.6714],[104.4426,0.1468,2.7463],[104.4421,0.1498,3.1694],[104.4349,0.1562,18.7218],[104.4302,0.1595,3.8056],[104.4258,0.1595,9.3761]]],
[[[104.4594,0.1514,0.0],[104.4605,0.1513,0.0],[104.4601,0.1548,10.335],[104.4565,0.1591,1.5154],[104.4516,0.1617,0.0],[104.4502,0.1594,3.8393],[104.451,0.1573,0.0],[104.4541,0.1576,2.5353],[104.4594,0.1514,0.0]]],
[[[104.4985,0.1663,1.3181],[104.494,0.1659,0.6792],[104.4946,0.159,0.3408],[104.5016,0.1608,1.2978],[104.4985,0.1663,1.3181]]],
[[[104.2911,0.1492,21.9089],[104.2935,0.1503,11.9219],[104.2923,0.1586,7.3258],[104.2817,0.1637,14.0253],[104.2777,0.1697,11.1596],[104.273,0.1688,0.0],[104.2756,0.166,0.8484],[104.2765,0.1606,0.0],[104.2795,0.1604,0.0],[104.281,0.1586,0.0],[104.2818,0.1543,7.9922],[104.2846,0.1542,13.3555],[104.2884,0.1514,4.3087],[104.2896,0.147,0.0],[104.2911,0.1492,21.9089]]],
[[[104.4644,0.1615,0.0],[104.4652,0.1603,0.0],[104.4718,0.1611,2.4863],[104.476,0.1584,0.0],[104.4789,0.162,0.0],[104.4718,0.1673,0.0],[104.4696,0.1673,0.0],[104.4636,0.1648,0.7093],[104.4644,0.1615,0.0]]],
[[[104.3846,0.1644,0.0],[104.3839,0.1641,1.5416],[104.384,0.1634,0.0],[104.3845,0.1634,0.0],[104.3846,0.1644,0.0]]],
[[[104.4895,0.1664,3.0595],[104.489,0.1649,1.0268],[104.4908,0.164,2.6134],[104.4927,0.1654,1.7996],[104.4916,0.1666,2.5795],[104.4895,0.1664,3.0595]]],
[[[104.3711,0.1655,0.0],[104.3705,0.1656,0.0],[104.3704,0.165,0.0],[104.3711,0.1649,0.0],[104.3711,0.1655,0.0]]],
[[[104.4879,0.1671,1.0938],[104.486,0.1678,0.0],[104.4868,0.1654,0.0],[104.4879,0.1656,2.1506],[104.4879,0.1671,1.0938]]],
[[[104.4916,0.1668,2.5795],[104.4923,0.1668,2.5795],[104.4924,0.1671,0.1008],[104.4919,0.1675,0.1008],[104.4916,0.1668,2.5795]]],
[[[104.482,0.1611,1.3522],[104.484,0.1615,1.2067],[104.4835,0.1682,1.0913],[104.4852,0.1727,1.3189],[104.4773,0.1728,8.1048],[104.4737,0.1674,0.0],[104.4764,0.1643,3.2019],[104.48,0.1653,0.8185],[104.482,0.1611,1.3522]]],
[[[104.4889,0.1669,2.1506],[104.4908,0.1669,3.0595],[104.4908,0.1677,0.8669],[104.489,0.1679,1.0938],[104.4889,0.1669,2.1506]]],
[[[104.256,0.1691,0.0],[104.2554,0.168,0.2299],[104.2554,0.1672,0.2299],[104.2569,0.1683,0.0],[104.256,0.1691,0.0]]],
[[[104.367,0.1704,1.3201],[104.3664,0.1697,1.3201],[104.3676,0.1695,1.3201],[104.3676,0.1702,1.3201],[104.367,0.1704,1.3201]]],
[[[104.3861,0.167,0.3344],[104.3864,0.1711,0.0],[104.3807,0.1693,0.0],[104.3823,0.1641,1.5416],[104.3861,0.167,0.3344]]],
[[[104.4609,0.1688,0.0],[104.4607,0.1681,0.9594],[104.4614,0.1678,0.9594],[104.4617,0.1685,0.9594],[104.4609,0.1688,0.0]]],
[[[104.4519,0.1708,17.6473],[104.4513,0.1736,36.8845],[104.4487,0.1741,2.7137],[104.447,0.1707,10.7846],[104.4477,0.1657,0.5772],[104.4523,0.1643,0.0],[104.4533,0.1682,0.0],[104.4519,0.1708,17.6473]]],
[[[104.2406,0.1815,18.7698],[104.2363,0.1872,3.7837],[104.2375,0.1947,26.6525],[104.2363,0.198,0.0],[104.2347,0.2001,9.4091],[104.2322,0.1987,37.7355],[104.2315,0.2006,0.0],[104.2293,0.2007,0.0],[104.2272,0.1973,0.0],[104.2233,0.1971,0.0],[104.2141,0.1921,0.0],[104.2133,0.1903,0.0],[104.2177,0.1848,14.9122],[104.2133,0.1843,0.0],[104.2123,0.1795,0.0],[104.207,0.1777,0.0],[104.2068,0.1739,0.1691],[104.2,0.1719,2.9029],[104.2007,0.1667,0.0],[104.2056,0.1666,0.0],[104.2101,0.1632,0.0],[104.2156,0.1656,14.5893],[104.2194,0.1642,2.9531],[104.22,0.1605,0.0],[104.224,0.1582,29.3925],[104.2255,0.1552,0.0],[104.2297,0.1554,0.0],[104.2299,0.1612,5.4877],[104.2395,0.1677,17.5363],[104.2414,0.1766,45.3056],[104.2406,0.1815,18.7698]]],
[[[104.2641,0.1741,0.0],[104.2643,0.175,0.0],[104.2635,0.175,0.0],[104.2634,0.1747,0.0],[104.2641,0.1741,0.0]]],
[[[104.2682,0.1731,0.0],[104.2686,0.1724,0.0],[104.27,0.1739,0.0],[104.269,0.1741,0.0],[104.2682,0.1731,0.0]]],
[[[104.3634,0.1738,0.0],[104.3635,0.1731,3.7729],[104.365,0.1728,0.0],[104.3638,0.1743,0.0],[104.3634,0.1738,0.0]]],
[[[104.3821,0.1732,0.0],[104.3805,0.1724,0.0],[104.3807,0.1717,0.0],[104.3823,0.1718,0.0],[104.3821,0.1732,0.0]]],
[[[104.457,0.17,0.0],[104.4577,0.17,0.0],[104.458,0.1713,3.2412],[104.4572,0.1715,3.2412],[104.457,0.17,0.0]]],
[[[104.4631,0.1718,0.8831],[104.4622,0.1727,0.3935],[104.4624,0.1705,0.8831],[104.4638,0.1707,0.8831],[104.4631,0.1718,0.8831]]],
[[[104.4685,0.173,3.4883],[104.47,0.1746,2.7521],[104.4685,0.1761,0.6674],[104.4648,0.1746,2.7967],[104.4663,0.1725,0.9838],[104.4685,0.173,3.4883]]],
[[[104.4851,0.2098,4.786],[104.4886,0.2058,5.4481],[104.4916,0.2051,0.0],[104.4911,0.207,3.1617],[104.4851,0.2098,4.786]]],
[[[104.3798,0.2031,0.0],[104.3794,0.2031,0.0],[104.3793,0.2027,0.0],[104.3798,0.2026,0.0],[104.3798,0.2031,0.0]]],
[[[104.3819,0.2083,20.5379],[104.3776,0.2112,1.9788],[104.3744,0.2106,0.0],[104.3874,0.2008,3.3691],[104.3858,0.2036,14.4099],[104.3819,0.2083,20.5379]]],
[[[104.3746,0.2079,0.0],[104.3742,0.2073,0.0],[104.3755,0.2074,0.0],[104.3753,0.2079,0.0],[104.3746,0.2079,0.0]]],
[[[104.3767,0.1803,0.0],[104.378,0.18,0.0],[104.3783,0.1806,0.0],[104.3775,0.1809,0.0],[104.3767,0.1803,0.0]]],
[[[104.486,0.1754,0.0],[104.4887,0.1698,0.4172],[104.4949,0.1673,0.5881],[104.4961,0.1688,0.0],[104.4948,0.1707,13.5592],[104.4868,0.1781,1.4539],[104.485,0.178,1.4539],[104.486,0.1754,0.0]]],
[[[104.2512,0.1758,8.2394],[104.2486,0.1729,0.0],[104.2539,0.1696,12.2208],[104.2566,0.1726,4.3691],[104.2567,0.182,3.8191],[104.254,0.1821,0.0],[104.2512,0.1758,8.2394]]],
[[[104.4052,0.1836,6.0364],[104.4086,0.1763,0.0],[104.4149,0.1694,0.9455],[104.4165,0.1653,0.0],[104.4194,0.1635,1.4485],[104.4195,0.1661,0.0],[104.4159,0.172,18.5591],[104.4052,0.1836,6.0364]]],
[[[104.4718,0.1722,4.9779],[104.4754,0.1751,8.6082],[104.4725,0.1763,9.9266],[104.4722,0.1786,4.3655],[104.4698,0.1764,0.7717],[104.4718,0.1722,4.9779]]],
[[[104.3853,0.177,0.5187],[104.3855,0.1786,0.0],[104.3838,0.1776,0.0],[104.3846,0.1754,0.0],[104.3853,0.1764,0.5187],[104.3853,0.177,0.5187]]],
[[[104.2671,0.183,2.5072],[104.2654,0.1795,0.0],[104.2664,0.1768,0.0],[104.2689,0.1774,8.609],[104.2673,0.1785,8.609],[104.2671,0.183,2.5072]]],
[[[104.405,0.18,0.0],[104.4034,0.1828,1.8615],[104.4026,0.1787,0.0],[104.4043,0.1781,1.9185],[104.405,0.18,0.0]]],
[[[104.2581,0.187,0.0],[104.2575,0.1859,0.0],[104.258,0.185,0.0],[104.2588,0.186,0.0],[104.2581,0.187,0.0]]],
[[[104.2841,0.1822,1.4198],[104.2857,0.1803,0.0],[104.2837,0.185,0.0],[104.2832,0.1844,0.0],[104.2841,0.1822,1.4198]]],
[[[104.2564,0.1915,0.0],[104.2567,0.1892,0.8256],[104.2576,0.1893,0.8256],[104.2577,0.1915,4.3899],[104.2564,0.1915,0.0]]],
[[[104.3941,0.194,0.0],[104.3935,0.1929,2.3107],[104.3938,0.1923,2.3107],[104.3948,0.1931,0.0],[104.3941,0.194,0.0]]],
[[[104.3894,0.1991,0.0],[104.3892,0.1985,0.0],[104.3904,0.1978,0.0],[104.3904,0.1985,0.0],[104.3894,0.1991,0.0]]],
[[[104.483,0.1793,1.1597],[104.4823,0.1827,0.6987],[104.4803,0.1842,0.5706],[104.4759,0.1846,0.0],[104.4766,0.18,0.0],[104.483,0.1793,1.1597]]],
[[[104.4521,0.1819,1.6701],[104.4536,0.1797,0.0],[104.4567,0.1795,0.251],[104.4587,0.1825,2.4935],[104.4558,0.182,1.1892],[104.4531,0.1839,0.0],[104.4521,0.1819,1.6701]]],
[[[104.3569,0.1814,0.0],[104.3564,0.1814,0.0],[104.3564,0.1809,0.0],[104.3571,0.1807,0.0],[104.3569,0.1814,0.0]]],
[[[104.4488,0.1864,0.996],[104.4444,0.1886,1.5787],[104.4425,0.1868,2.0766],[104.449,0.1783,1.1254],[104.4509,0.1801,4.4522],[104.4502,0.1819,0.7354],[104.4513,0.1832,7.1626],[104.4488,0.1864,0.996]]],
[[[104.3713,0.1899,0.0],[104.3708,0.1905,0.0],[104.3698,0.1904,0.0],[104.3702,0.1898,0.0],[104.3713,0.1899,0.0]]],
[[[104.3727,0.1913,1.5601],[104.372,0.191,1.5601],[104.373,0.1904,0.0],[104.3732,0.1909,1.5601],[104.3727,0.1913,1.5601]]],
[[[104.3687,0.188,1.3334],[104.3695,0.1879,1.3334],[104.3699,0.1883,0.0],[104.369,0.1885,1.3334],[104.3687,0.188,1.3334]]],
[[[104.3656,0.1863,5.1863],[104.3635,0.1873,3.9239],[104.3633,0.1896,2.9207],[104.3618,0.1885,3.9239],[104.364,0.181,6.5406],[104.3668,0.1773,1.476],[104.367,0.1794,4.8307],[104.37,0.1806,0.0],[104.37,0.1845,0.0],[104.3683,0.1864,1.7743],[104.3656,0.1863,5.1863]]],
[[[104.3776,0.1897,0.0],[104.3771,0.1886,0.0],[104.3774,0.188,0.0],[104.378,0.1887,0.0],[104.3776,0.1897,0.0]]],
[[[104.3665,0.1905,0.0],[104.3662,0.1904,0.0],[104.3662,0.1894,0.0],[104.3668,0.1895,0.0],[104.3665,0.1905,0.0]]],
[[[104.4666,0.1909,1.0742],[104.4681,0.193,1.0788],[104.4633,0.1936,3.812],[104.4616,0.1923,2.0327],[104.4626,0.1907,1.9883],[104.4666,0.1909,1.0742]]],
[[[104.3689,0.1916,0.8369],[104.3685,0.1907,0.8369],[104.3696,0.1908,0.8369],[104.3696,0.1914,0.8369],[104.3689,0.1916,0.8369]]],
[[[104.3337,0.2058,1.236],[104.3312,0.2075,3.5028],[104.3315,0.2031,38.1743],[104.3372,0.1898,7.8183],[104.3377,0.1831,0.0],[104.3424,0.1763,0.0],[104.3434,0.1788,0.0],[104.3422,0.1848,2.7614],[104.3337,0.2058,1.236]]],
[[[104.3453,0.1926,0.0],[104.3423,0.2032,2.7958],[104.3445,0.1878,4.6204],[104.3462,0.1882,13.0633],[104.3453,0.1926,0.0]]],
[[[104.5287,-0.003,7.6315],[104.5295,-0.0072,0.0],[104.5339,-0.0085,0.0],[104.5331,-0.0033,0.0],[104.5313,-0.0022,3.9414],[104.5287,-0.003,7.6315]]],
[[[104.5487,-0.2567,0.0],[104.5514,-0.2577,0.0],[104.5512,-0.2538,0.413],[104.5572,-0.2499,0.0],[104.5607,-0.2436,6.05],[104.5691,-0.2393,5.1588],[104.5813,-0.242,5.382],[104.5876,-0.2458,7.3199],[104.5931,-0.2461,13.5301],[104.5991,-0.2513,0.0],[104.6001,-0.244,14.0676],[104.603,-0.2415,0.0],[104.6122,-0.2394,5.1404],[104.6293,-0.2308,0.0],[104.6312,-0.2285,0.0],[104.6309,-0.2262,5.2197],[104.648,-0.2173,3.1681],[104.6819,-0.2064,0.0],[104.6995,-0.2047,0.0],[104.7072,-0.2076,0.0],[104.7241,-0.2186,16.6659],[104.7352,-0.2325,8.1498],[104.7369,-0.2321,0.0],[104.7375,-0.2295,1.8762],[104.7407,-0.2289,4.0213],[104.7473,-0.233,0.0],[104.7486,-0.2319,0.7988],[104.7529,-0.2337,9.0996],[104.7543,-0.2395,4.9209],[104.7532,-0.2451,7.094],[104.7469,-0.2491,4.2202],[104.7492,-0.2517,0.0],[104.7503,-0.2494,6.9111],[104.7527,-0.2501,15.4972],[104.7532,-0.2543,10.9773],[104.7572,-0.2572,10.1127],[104.7623,-0.2585,27.5008],[104.7688,-0.2645,19.4008],[104.7757,-0.2597,10.7703],[104.7828,-0.2598,0.0],[104.7898,-0.2625,5.7209],[104.7942,-0.2713,5.1378],[104.7896,-0.277,0.0],[104.7894,-0.2793,6.507],[104.798,-0.2834,4.7166],[104.8045,-0.2841,30.9584],[104.8129,-0.291,6.9735],[104.8143,-0.295,10.679],[104.8193,-0.2999,0.0],[104.8207,-0.2994,0.0],[104.8186,-0.2915,0.0],[104.82,-0.2905,2.447],[104.8246,-0.2916,1.2441],[104.8287,-0.2994,5.6696],[104.8236,-0.3022,8.1778],[104.8243,-0.3039,3.4251],[104.8374,-0.3155,8.3985],[104.8424,-0.317,21.4614],[104.8494,-0.3228,2.6403],[104.8507,-0.3209,6.3084],[104.8517,-0.3218,0.0],[104.8528,-0.317,8.9599],[104.8554,-0.3152,0.0],[104.8654,-0.3135,0.8485],[104.8679,-0.3159,1.5968],[104.8716,-0.3155,0.0],[104.875,-0.3194,5.7676],[104.8799,-0.3214,0.0],[104.8819,-0.3265,0.0],[104.884,-0.3271,0.0],[104.8876,-0.3246,0.0],[104.8932,-0.3264,4.4902],[104.8974,-0.3249,12.0702],[104.9032,-0.3257,7.1962],[104.9065,-0.3293,0.0],[104.9064,-0.3317,0.0],[104.9081,-0.329,5.048],[104.9101,-0.3293,10.0575],[104.9128,-0.3366,8.6717],[104.9169,-0.3369,29.0788],[104.9213,-0.3301,0.0],[104.9251,-0.327,12.1356],[104.9286,-0.3268,0.0],[104.9292,-0.3245,5.8241],[104.9196,-0.3228,5.4337],[104.9163,-0.3199,43.1052],[104.9125,-0.32,18.2827],[104.9122,-0.3173,4.3469],[104.9094,-0.3175,17.6275],[104.9079,-0.3138,11.0922],[104.9034,-0.3108,3.0552],[104.9046,-0.3027,5.4326],[104.8999,-0.2973,0.2238],[104.9007,-0.2889,0.9635],[104.9077,-0.2861,2.9385],[104.9163,-0.2779,1.8247],[104.9236,-0.2773,4.1585],[104.9368,-0.2798,0.0],[104.9488,-0.2888,3.2617],[104.9522,-0.2947,0.0],[104.954,-0.295,0.0],[104.9553,-0.293,2.7807],[104.964,-0.293,0.0],[104.97,-0.2972,1.0543],[104.9734,-0.2969,0.4381],[104.9818,-0.2998,3.3731],[104.9816,-0.3033,6.3044],[104.9839,-0.3053,14.8147],[104.9828,-0.3073,0.0],[104.9853,-0.3091,0.0],[104.9885,-0.3067,15.0892],[104.9916,-0.3077,3.6731],[104.9941,-0.3051,5.7503],[104.9967,-0.306,0.0],[104.9987,-0.3033,0.0],[105.0013,-0.3044,8.9106],[105.0008,-0.3004,8.261],[104.9975,-0.2991,0.0],[104.9936,-0.2906,2.6802],[104.9953,-0.2865,7.6093],[104.9985,-0.2849,0.0],[104.9981,-0.2789,0.0],[104.9902,-0.2758,22.7284],[104.9848,-0.278,17.2001],[104.9828,-0.2813,10.215],[104.9797,-0.2819,8.5184],[104.9705,-0.2782,14.5621],[104.9699,-0.2804,14.6467],[104.9664,-0.2802,5.1806],[104.9591,-0.2761,0.0],[104.9538,-0.275,1.8966],[104.9422,-0.2679,0.0],[104.9255,-0.2545,0.0],[104.9065,-0.2366,38.2146],[104.8967,-0.2296,0.0],[104.887,-0.2179,0.0],[104.879,-0.1959,0.0],[104.8666,-0.1886,4.1347],[104.8557,-0.1672,0.0],[104.8466,-0.1545,20.1413],[104.8425,-0.1524,9.109],[104.8362,-0.1425,20.0776],[104.8282,-0.1341,2.5558],[104.8269,-0.1337,2.5558],[104.8246,-0.1429,8.5862],[104.819,-0.1513,12.0771],[104.814,-0.153,5.3801],[104.8137,-0.1547,1.8327],[104.8164,-0.1648,4.993],[104.8146,-0.1714,6.8575],[104.8164,-0.1858,1.4788],[104.8237,-0.1904,1.1568],[104.8256,-0.1944,8.0451],[104.8211,-0.2011,11.1663],[104.807,-0.2069,11.8168],[104.7905,-0.2069,10.401],[104.7881,-0.2062,6.8216],[104.7781,-0.1956,0.0],[104.7694,-0.1975,9.0473],[104.7573,-0.1956,15.8865],[104.7438,-0.1814,16.1012],[104.7371,-0.1676,4.418],[104.7365,-0.1487,0.0],[104.7341,-0.1409,0.0],[104.7284,-0.1366,5.3068],[104.7167,-0.1328,0.0],[104.7082,-0.1196,3.5787],[104.7015,-0.114,1.1712],[104.696,-0.0988,0.0],[104.6841,-0.0844,0.0],[104.6813,-0.0839,2.7418],[104.6794,-0.0875,0.0],[104.6704,-0.0852,11.6316],[104.6615,-0.0926,0.7738],[104.6686,-0.1094,5.0642],[104.6683,-0.1171,0.6847],[104.6664,-0.1137,0.0],[104.6613,-0.1127,2.9682],[104.6562,-0.1059,0.0],[104.65,-0.1041,1.1687],[104.641,-0.0952,0.793],[104.6367,-0.096,1.6758],[104.636,-0.1004,0.7514],[104.6343,-0.1,1.7894],[104.6334,-0.0948,0.0],[104.6263,-0.0817,2.9539],[104.6281,-0.0764,0.0],[104.6326,-0.0764,0.0],[104.6382,-0.0798,3.5963],[104.6398,-0.084,0.0],[104.6431,-0.084,0.0],[104.6443,-0.0859,0.0],[104.651,-0.0879,0.0],[104.6622,-0.0852,0.0],[104.6696,-0.081,0.0],[104.6671,-0.0725,0.0],[104.6603,-0.0638,0.0],[104.6546,-0.0525,0.0],[104.6436,-0.0452,3.4573],[104.6397,-0.0353,0.0],[104.6293,-0.0335,2.1367],[104.6228,-0.0252,0.7051],[104.6069,-0.0107,0.0],[104.6019,-0.0081,5.1092],[104.5952,-0.0013,2.0831],[104.5827,0.0053,2.4315],[104.5648,0.0183,2.8742],[104.5537,0.0295,0.0],[104.5496,0.0313,0.0],[104.5478,0.0179,0.0],[104.5495,0.0124,11.9953],[104.5529,0.009,0.0],[104.5548,0.0038,0.0],[104.5429,-0.0019,12.414],[104.5413,-0.0059,2.4706],[104.5421,-0.0087,1.7201],[104.5397,-0.0078,0.0],[104.5361,-0.0111,2.73],[104.5424,-0.0215,0.312],[104.5474,-0.025,1.2041],[104.5482,-0.0276,1.3723],[104.5408,-0.0218,0.312],[104.5333,-0.022,1.1036],[104.5321,-0.0226,0.4945],[104.5338,-0.0299,3.793],[104.5354,-0.0311,2.2453],[104.5337,-0.0307,3.793],[104.5319,-0.0243,0.0],[104.526,-0.0232,6.57],[104.5319,-0.0221,0.4945],[104.5383,-0.0179,2.6799],[104.5364,-0.0147,1.0951],[104.527,-0.0124,1.6996],[104.5184,-0.0055,2.0474],[104.5128,-0.0068,0.0],[104.5147,-0.0105,2.2427],[104.5134,-0.0087,1.9353],[104.4983,-0.0032,18.638],[104.5047,-0.0102,0.6739],[104.5068,-0.0162,2.4903],[104.5022,-0.0105,2.2679],[104.4975,-0.0114,7.5639],[104.4966,-0.0131,24.3333],[104.4969,-0.0194,0.9727],[104.4955,-0.0208,3.979],[104.4993,-0.0211,2.4268],[104.5018,-0.0269,5.1673],[104.5019,-0.0464,38.6641],[104.4994,-0.0517,5.928],[104.5002,-0.0537,0.0],[104.5092,-0.0555,0.2871],[104.5102,-0.0606,2.7448],[104.508,-0.0641,0.3572],[104.5108,-0.068,0.6137],[104.508,-0.0828,1.75],[104.5091,-0.1085,3.6369],[104.5076,-0.1107,0.0],[104.5087,-0.1128,4.6353],[104.5052,-0.1305,0.9493],[104.49,-0.1358,15.1493],[104.4837,-0.1347,5.4351],[104.4864,-0.1395,5.0817],[104.4805,-0.1386,5.1307],[104.477,-0.1364,2.0443],[104.4737,-0.1383,7.128],[104.4727,-0.1359,0.0],[104.4704,-0.1361,0.0],[104.4674,-0.1417,0.0],[104.4693,-0.1457,4.7739],[104.477,-0.1509,4.141],[104.4757,-0.1573,1.4043],[104.4694,-0.1628,0.0],[104.4679,-0.1626,7.0739],[104.4676,-0.1605,2.8007],[104.4638,-0.1599,5.6851],[104.4623,-0.1573,0.0],[104.4518,-0.1605,0.0],[104.4518,-0.1633,0.0],[104.454,-0.1629,24.766],[104.4565,-0.1659,36.5015],[104.4511,-0.1679,0.0],[104.4519,-0.1711,0.0],[104.4502,-0.1735,40.0146],[104.4523,-0.1756,59.5205],[104.4509,-0.1773,14.9901],[104.4495,-0.1764,5.2211],[104.4497,-0.1823,0.8338],[104.445,-0.1817,1.1499],[104.4432,-0.1778,0.0],[104.4412,-0.1776,0.0],[104.4272,-0.1834,8.5032],[104.4262,-0.199,79.787],[104.4297,-0.2033,39.5677],[104.4284,-0.2071,13.9405],[104.4308,-0.2108,0.0],[104.4289,-0.2142,0.0],[104.4267,-0.215,19.5622],[104.4243,-0.2232,0.0],[104.4258,-0.2287,38.457],[104.4294,-0.2331,1.0101],[104.4295,-0.2369,8.9494],[104.434,-0.2357,16.4311],[104.4404,-0.2379,8.4251],[104.4436,-0.2432,0.0],[104.4478,-0.2457,16.8988],[104.4528,-0.2439,24.9463],[104.4619,-0.2472,13.7297],[104.4692,-0.2415,1.0384],[104.4752,-0.2416,7.9062],[104.476,-0.2429,7.9062],[104.4774,-0.2416,3.7098],[104.4829,-0.2437,4.6853],[104.4869,-0.241,23.5063],[104.4981,-0.2414,1.8358],[104.5005,-0.2448,1.1661],[104.5039,-0.246,1.9163],[104.5054,-0.2494,0.3207],[104.5037,-0.2551,2.4875],[104.5013,-0.2556,0.0],[104.5022,-0.2616,2.7246],[104.505,-0.2628,4.3583],[104.5043,-0.2674,0.0],[104.5079,-0.2711,22.1109],[104.5133,-0.2715,0.6997],[104.5151,-0.2736,4.3062],[104.5174,-0.2733,2.1352],[104.518,-0.275,1.2234],[104.522,-0.2758,1.3727],[104.5227,-0.2744,11.0889],[104.5271,-0.2735,0.0],[104.5279,-0.2708,2.4937],[104.5345,-0.2685,0.0],[104.5353,-0.2649,0.0],[104.5392,-0.2651,1.6104],[104.5382,-0.2618,3.8399],[104.5406,-0.2593,0.0],[104.5473,-0.256,21.8072],[104.5487,-0.2567,0.0]]],
[[[104.4899,-0.0057,3.4962],[104.4899,-0.0048,3.4962],[104.4874,-0.003,6.5416],[104.4874,-0.0038,6.5416],[104.4899,-0.0057,3.4962]]],
[[[104.5361,-0.0066,0.0],[104.5367,-0.0045,1.1521],[104.5351,-0.0041,1.7298],[104.5348,-0.006,2.8406],[104.5361,-0.0066,0.0]]],
[[[104.5089,-0.0035,2.7611],[104.5118,-0.0016,1.2653],[104.512,0.0015,0.5422],[104.5068,0.0077,0.0],[104.5043,0.0077,0.0],[104.5027,-0.0003,0.4899],[104.507,-0.0041,1.9682],[104.5089,-0.0035,2.7611]]],
[[[104.5446,0.0033,2.6191],[104.5459,0.0032,0.0],[104.5461,0.0051,14.3407],[104.5421,0.0043,2.8558],[104.5422,0.0037,0.0],[104.5446,0.0033,2.6191]]],
[[[104.7762,0.0343,0.0],[104.7784,0.031,14.4759],[104.7844,0.0316,22.5456],[104.7844,0.034,21.6789],[104.7812,0.0386,8.3505],[104.7814,0.0419,42.1486],[104.7755,0.0464,8.5846],[104.772,0.0531,0.0],[104.7725,0.0567,10.9441],[104.7673,0.0637,19.2033],[104.7653,0.0631,2.8137],[104.7657,0.0457,0.1843],[104.7557,0.0431,1.5402],[104.7398,0.0472,1.8786],[104.7347,0.0425,1.4782],[104.7397,0.0324,0.0],[104.7532,0.0303,0.0],[104.7623,0.0351,1.4046],[104.7725,0.0334,0.0],[104.7743,0.035,0.0],[104.7762,0.0343,0.0]]],
[[[104.5416,0.0209,0.3256],[104.5386,0.0223,0.7924],[104.538,0.0222,0.0],[104.5432,0.0182,0.0],[104.5416,0.0209,0.3256]]],
[[[104.5168,0.0249,0.3034],[104.5152,0.0251,0.4735],[104.5152,0.0242,0.4735],[104.5162,0.0239,0.3034],[104.5168,0.0249,0.3034]]],
[[[104.6136,0.0305,0.0],[104.6142,0.0282,0.0],[104.6174,0.0276,7.594],[104.6179,0.0299,17.3895],[104.6136,0.0305,0.0]]],
[[[104.522,0.0344,7.1817],[104.523,0.0352,0.0],[104.5215,0.038,16.5557],[104.5189,0.039,3.1673],[104.5198,0.0404,3.1673],[104.5166,0.0418,9.3816],[104.5164,0.0404,13.8232],[104.5127,0.0394,0.0],[104.5131,0.0345,1.0139],[104.5108,0.0329,0.3386],[104.5144,0.0313,0.0],[104.5176,0.0356,9.063],[104.522,0.0344,7.1817]]],
[[[104.5241,0.0282,1.1231],[104.5277,0.0296,4.143],[104.5257,0.0324,4.5298],[104.5176,0.0326,0.0],[104.5182,0.0287,0.0],[104.5241,0.0282,1.1231]]],
[[[104.5443,0.023,0.0],[104.5427,0.0264,0.0],[104.542,0.0261,2.306],[104.5427,0.0237,0.0],[104.5443,0.023,0.0]]],
[[[104.5397,0.0145,15.3064],[104.5404,0.0169,5.1994],[104.5354,0.0192,4.2578],[104.5358,0.0214,17.8115],[104.5321,0.0259,2.0442],[104.5312,0.0188,1.9937],[104.5241,0.0178,3.6332],[104.5207,0.0146,1.075],[104.5223,0.0096,3.1699],[104.5179,0.0116,3.3024],[104.5178,0.0133,2.1826],[104.5136,0.0134,0.0],[104.5185,0.0037,0.4369],[104.5205,0.0033,0.915],[104.5198,0.0015,0.0],[104.5233,-0.0009,3.4898],[104.5361,0.0022,2.2227],[104.5421,0.0062,4.3254],[104.5454,0.0067,0.0],[104.5426,0.0103,21.5304],[104.5439,0.0113,0.1977],[104.5426,0.0133,6.8328],[104.5397,0.0145,15.3064]]],
[[[104.5217,0.0259,0.0],[104.5238,0.0252,0.0],[104.5245,0.0258,0.0],[104.5238,0.0265,4.3087],[104.5217,0.0259,0.0]]],
[[[104.5101,0.039,2.813],[104.5131,0.0444,14.6969],[104.5181,0.045,0.0],[104.5142,0.0505,0.0],[104.5094,0.0497,0.0],[104.5076,0.0466,19.1051],[104.4973,0.044,0.4637],[104.4963,0.0411,2.6009],[104.492,0.0398,0.4297],[104.4902,0.0349,0.0],[104.4912,0.0333,0.4723],[104.4942,0.0335,1.1313],[104.4917,0.0318,0.3683],[104.4982,0.026,1.4656],[104.5016,0.0303,0.2866],[104.5058,0.0321,0.1889],[104.5063,0.0354,1.0316],[104.508,0.0349,0.0],[104.5101,0.039,2.813]]],
[[[104.4753,0.0898,0.2508],[104.474,0.0963,0.0],[104.4659,0.1025,0.0],[104.4614,0.1074,3.9229],[104.4614,0.1094,0.0],[104.4568,0.1128,1.8793],[104.4558,0.1091,0.0],[104.4418,0.1282,0.0],[104.4392,0.1306,0.6818],[104.4376,0.1293,2.3292],[104.4368,0.1327,1.6554],[104.4344,0.1354,3.0859],[104.4317,0.1355,0.0],[104.4297,0.1391,0.0],[104.4262,0.1405,0.0],[104.4245,0.1393,0.0],[104.4258,0.1423,0.0],[104.4235,0.1461,0.0],[104.4181,0.1462,23.671],[104.4171,0.151,0.0],[104.4065,0.1557,4.6151],[104.4068,0.1591,3.7406],[104.4053,0.1605,11.8261],[104.4026,0.162,3.8809],[104.4007,0.1612,3.8809],[104.3987,0.1576,1.0444],[104.4012,0.1501,7.9051],[104.3977,0.1522,0.0],[104.397,0.1505,3.6008],[104.3982,0.1479,0.0],[104.4022,0.1469,1.3467],[104.4041,0.1433,3.4072],[104.3987,0.1464,4.33],[104.3969,0.1444,0.0],[104.4022,0.1349,0.0],[104.4026,0.1308,0.0],[104.4048,0.1286,0.0],[104.4085,0.1328,5.1802],[104.4055,0.1271,0.0],[104.4069,0.1237,0.0],[104.4082,0.1224,0.0],[104.4101,0.1224,0.7169],[104.4106,0.1248,1.7704],[104.4151,0.1236,0.0],[104.4155,0.1207,1.8777],[104.4192,0.1207,1.7285],[104.4244,0.1166,0.0],[104.4232,0.1156,1.9668],[104.4151,0.1185,1.8808],[104.4126,0.1161,0.0],[104.4226,0.1071,17.2761],[104.4271,0.1005,1.9152],[104.4273,0.0951,0.618],[104.432,0.0891,2.2391],[104.4268,0.0924,0.5607],[104.4236,0.0918,3.022],[104.4237,0.0968,1.1426],[104.421,0.1007,1.3587],[104.4113,0.1015,3.704],[104.414,0.1042,0.7428],[104.4055,0.1136,4.7779],[104.4013,0.1149,11.3937],[104.3995,0.1139,6.9839],[104.3998,0.1115,0.7672],[104.3929,0.1122,1.3797],[104.3818,0.1237,33.1401],[104.3794,0.1249,4.1527],[104.378,0.1238,4.1527],[104.4005,0.0917,5.8304],[104.4037,0.0893,10.0615],[104.4044,0.0922,5.0851],[104.4079,0.0937,3.0887],[104.4276,0.0696,7.1223],[104.436,0.0652,21.5153],[104.4437,0.0497,0.0],[104.4607,0.0344,35.618],[104.4668,0.0261,0.0],[104.4692,0.0271,3.8922],[104.4718,0.0252,0.1692],[104.4808,0.0154,0.0],[104.4872,0.0163,4.0768],[104.4949,0.0144,2.9716],[104.4943,0.0203,9.5842],[104.4914,0.0227,0.0],[104.4912,0.0259,0.0],[104.486,0.0303,5.1551],[104.4844,0.0391,0.0],[104.4809,0.0357,2.5568],[104.4756,0.0342,0.838],[104.4773,0.043,0.9278],[104.4713,0.042,1.121],[104.472,0.0458,0.621],[104.4692,0.0504,4.1637],[104.4654,0.0512,1.0235],[104.4612,0.0619,0.7798],[104.4688,0.0555,4.9191],[104.4724,0.056,1.0353],[104.472,0.0599,0.8881],[104.4747,0.0549,0.0],[104.4767,0.0543,0.0],[104.4742,0.0529,0.0],[104.4751,0.0493,1.477],[104.4788,0.0478,1.3014],[104.4791,0.0461,0.6628],[104.4811,0.0471,2.0777],[104.483,0.0448,1.9919],[104.4879,0.0453,0.0],[104.4882,0.0502,0.8482],[104.4922,0.0585,5.5422],[104.4895,0.0627,0.6649],[104.4934,0.0658,1.0251],[104.4934,0.0699,0.0],[104.4911,0.0734,0.8683],[104.4858,0.0759,2.135],[104.4844,0.0781,5.4021],[104.4805,0.079,0.0],[104.4785,0.0757,0.7263],[104.4758,0.0762,1.7676],[104.4787,0.0829,0.667],[104.4785,0.0856,5.4742],[104.4753,0.0898,0.2508]]],
[[[104.5112,0.2545,0.0],[104.5117,0.2554,0.0],[104.5108,0.2556,0.0],[104.5105,0.2549,0.0],[104.5112,0.2545,0.0]]],
[[[104.3234,0.2533,2.0082],[104.3255,0.2524,0.0],[104.3261,0.2524,0.0],[104.3239,0.2538,0.0],[104.3234,0.2533,2.0082]]],
[[[104.4566,0.2564,3.2591],[104.4568,0.2545,0.8946],[104.4575,0.2537,0.0],[104.4581,0.258,2.7847],[104.4566,0.2564,3.2591]]],
[[[104.5029,0.2595,4.9559],[104.4939,0.2658,0.0],[104.4905,0.2674,0.0],[104.4888,0.2665,3.8063],[104.4941,0.2598,0.6165],[104.4984,0.2577,13.0467],[104.5029,0.2595,4.9559]]],
[[[104.3407,0.2602,4.6768],[104.3404,0.2593,4.6768],[104.3419,0.2578,1.6075],[104.342,0.2586,1.6075],[104.3407,0.2602,4.6768]]],
[[[104.4442,0.2502,0.9376],[104.4434,0.2506,0.0],[104.443,0.2498,1.6459],[104.4436,0.2494,1.6459],[104.4442,0.2502,0.9376]]],
[[[104.4387,0.252,0.7251],[104.438,0.2522,0.0],[104.4376,0.2517,0.0],[104.4385,0.2512,0.7251],[104.4387,0.252,0.7251]]],
[[[104.4335,0.2527,3.1057],[104.4321,0.2523,3.1057],[104.4329,0.251,2.8745],[104.4337,0.2511,1.4124],[104.4335,0.2527,3.1057]]],
[[[104.3334,0.2485,0.0],[104.3331,0.2486,0.0],[104.3332,0.2481,0.0],[104.3335,0.2481,0.0],[104.3334,0.2485,0.0]]],
[[[104.4405,0.2498,1.467],[104.4409,0.2485,2.673],[104.4424,0.2482,2.0069],[104.4424,0.2506,0.0],[104.4405,0.2498,1.467]]],
[[[104.5006,0.2543,0.6648],[104.4997,0.2543,0.6648],[104.4995,0.2539,0.6648],[104.5005,0.2532,0.0],[104.5006,0.2543,0.6648]]],
[[[104.5113,0.2501,23.209],[104.5075,0.2559,17.9808],[104.5012,0.2562,2.6591],[104.5085,0.2479,7.2041],[104.5113,0.2501,23.209]]],
[[[104.3031,0.2657,5.0841],[104.3023,0.2671,0.0],[104.2999,0.268,5.2653],[104.301,0.2656,3.5395],[104.3031,0.2657,5.0841]]],
[[[104.4831,0.2726,0.0],[104.4827,0.2725,0.0],[104.4827,0.2721,0.0],[104.4831,0.2721,0.0],[104.4831,0.2726,0.0]]],
[[[104.3049,0.2635,2.0597],[104.307,0.2631,0.0],[104.304,0.2656,0.0],[104.3039,0.265,0.0],[104.3049,0.2635,2.0597]]],
[[[104.3194,0.2565,5.7008],[104.3145,0.2575,0.0],[104.3104,0.2633,1.8302],[104.3076,0.2624,0.0],[104.3093,0.259,6.6529],[104.3201,0.2514,0.0],[104.3207,0.2535,0.0],[104.3228,0.2541,0.0],[104.3194,0.2565,5.7008]]],
[[[104.3644,0.2585,0.0],[104.3649,0.2606,1.3857],[104.3621,0.2605,0.244],[104.3622,0.2567,0.0],[104.3647,0.2561,0.0],[104.3644,0.2585,0.0]]],
[[[104.4545,0.2603,2.5194],[104.454,0.2621,0.0],[104.4519,0.2623,2.3975],[104.4503,0.2579,2.2105],[104.4531,0.258,5.3399],[104.4532,0.2559,7.2373],[104.4551,0.255,0.0],[104.4564,0.2593,0.0],[104.4545,0.2603,2.5194]]],
[[[104.4488,0.262,11.8814],[104.4451,0.2621,3.3616],[104.4486,0.2596,1.9713],[104.4501,0.2613,2.7046],[104.4488,0.262,11.8814]]],
[[[104.3571,0.2649,3.7994],[104.3539,0.2666,7.1553],[104.3484,0.2658,41.896],[104.3496,0.2614,0.0],[104.354,0.2592,7.6749],[104.3543,0.2571,0.0],[104.3577,0.2567,0.5417],[104.3588,0.2622,0.0],[104.3571,0.2649,3.7994]]],
[[[104.4886,0.2638,0.0],[104.4881,0.2636,0.0],[104.4882,0.263,0.0],[104.4887,0.263,0.0],[104.4886,0.2638,0.0]]],
[[[104.3782,0.2683,0.0],[104.3748,0.2704,3.0024],[104.3732,0.2678,0.0],[104.3728,0.2554,0.0],[104.3752,0.2557,10.4905],[104.3771,0.2597,10.8335],[104.375,0.2625,11.1734],[104.3782,0.2651,0.0],[104.3782,0.2683,0.0]]],
[[[104.4511,0.263,2.3975],[104.4517,0.2641,5.6412],[104.4493,0.2642,2.5784],[104.4493,0.2632,0.3769],[104.4511,0.263,2.3975]]],
[[[104.487,0.2686,0.0],[104.4868,0.2671,0.0],[104.487,0.2668,0.0],[104.4882,0.2694,0.0],[104.487,0.2686,0.0]]],
[[[104.4494,0.2648,2.5784],[104.4492,0.2653,2.5784],[104.4472,0.2652,1.5368],[104.4485,0.2639,2.5784],[104.4494,0.2648,2.5784]]],
[[[104.434,0.266,0.0],[104.4339,0.2663,0.0],[104.4337,0.2663,0.0],[104.4337,0.2658,0.0],[104.434,0.266,0.0]]],
[[[104.484,0.2703,0.0],[104.4833,0.27,0.0],[104.4833,0.2698,0.0],[104.4844,0.2698,0.0],[104.484,0.2703,0.0]]],
[[[104.4824,0.2713,0.0],[104.4821,0.2707,0.0],[104.4824,0.2703,0.0],[104.4828,0.2709,0.0],[104.4824,0.2713,0.0]]],
[[[104.3358,0.2661,5.0939],[104.3373,0.2632,2.0718],[104.3391,0.2627,0.0],[104.335,0.2683,11.7996],[104.3358,0.2661,5.0939]]],
[[[104.4337,0.2683,1.7154],[104.4333,0.2686,0.0],[104.433,0.2674,0.0],[104.4335,0.2674,0.0],[104.4337,0.2683,1.7154]]],
[[[104.4309,0.2679,0.9284],[104.4308,0.2682,0.9284],[104.4304,0.2681,0.9284],[104.4307,0.2679,0.9284],[104.4309,0.2679,0.9284]]],
[[[104.3347,0.2689,8.8813],[104.3341,0.2697,8.8813],[104.3316,0.2713,1.9672],[104.3344,0.268,3.9529],[104.3347,0.2689,8.8813]]],
[[[104.4077,0.2688,1.0002],[104.4061,0.2732,0.8311],[104.4042,0.2728,0.3169],[104.4029,0.2685,9.7605],[104.4054,0.2653,0.0],[104.4075,0.264,2.392],[104.411,0.2645,0.0],[104.4112,0.2674,0.0],[104.4077,0.2688,1.0002]]],
[[[104.4309,0.2689,9.0065],[104.4318,0.27,0.0],[104.4302,0.2709,1.6478],[104.4294,0.2699,0.0],[104.4309,0.2689,9.0065]]],
[[[104.4491,0.2709,0.0],[104.4492,0.2704,0.0],[104.4498,0.2705,0.0],[104.4497,0.2709,0.0],[104.4491,0.2709,0.0]]],
[[[104.5617,0.3479,0.0],[104.5569,0.3494,0.0],[104.554,0.3466,4.0367],[104.5509,0.3462,1.1695],[104.5524,0.339,0.7036],[104.5563,0.3342,4.1904],[104.5597,0.3395,0.0],[104.5638,0.3401,0.0],[104.5666,0.3427,0.0],[104.5617,0.3462,0.0],[104.5617,0.3479,0.0]]],
[[[104.5466,0.345,0.0],[104.5468,0.345,0.0],[104.5467,0.3454,0.0],[104.5465,0.3452,0.0],[104.5466,0.345,0.0]]],
[[[104.3005,0.3488,3.5159],[104.3006,0.3495,3.5159],[104.2997,0.35,0.0],[104.2998,0.3486,0.0],[104.3005,0.3488,3.5159]]],
[[[104.5454,0.353,0.0],[104.545,0.3521,0.0],[104.5452,0.352,0.0],[104.5459,0.3524,0.0],[104.5454,0.353,0.0]]],
[[[104.3039,0.3507,4.5517],[104.3027,0.3506,4.5517],[104.3043,0.348,0.0],[104.3049,0.3496,0.0],[104.3039,0.3507,4.5517]]],
[[[104.4374,0.3002,1.3547],[104.4399,0.2991,0.3241],[104.4401,0.3012,2.0491],[104.4383,0.3015,3.4365],[104.4374,0.3002,1.3547]]],
[[[104.444,0.3049,2.8233],[104.4398,0.3085,0.6161],[104.4359,0.3069,37.4355],[104.441,0.3005,2.0491],[104.4489,0.2978,0.0],[104.4486,0.2999,6.1158],[104.444,0.3049,2.8233]]],
[[[104.4349,0.3046,0.9851],[104.4339,0.3037,1.4769],[104.4346,0.3027,1.4769],[104.4358,0.3034,0.0],[104.4349,0.3046,0.9851]]],
[[[104.3078,0.3052,2.541],[104.3044,0.306,1.175],[104.3057,0.3032,0.0],[104.3081,0.304,0.0],[104.3078,0.3052,2.541]]],
[[[104.4298,0.3038,4.8392],[104.4318,0.3042,0.0],[104.4314,0.3058,3.4154],[104.4271,0.3077,0.7894],[104.4267,0.3058,4.8181],[104.4298,0.3038,4.8392]]],
[[[104.4139,0.306,0.9061],[104.4134,0.305,1.2378],[104.4135,0.3043,1.2378],[104.4147,0.3053,1.2378],[104.4139,0.306,0.9061]]],
[[[104.3741,0.306,0.0],[104.3753,0.3098,0.297],[104.3739,0.3108,0.1738],[104.3709,0.309,1.2706],[104.3741,0.306,0.0]]],
[[[104.4266,0.2916,2.53],[104.4293,0.2911,3.6535],[104.4306,0.2919,2.0123],[104.4281,0.2932,6.1407],[104.4266,0.2916,2.53]]],
[[[104.4099,0.2929,0.8014],[104.4096,0.2925,0.8014],[104.4106,0.2917,0.0],[104.4108,0.2925,0.8014],[104.4099,0.2929,0.8014]]],
[[[104.4461,0.3098,13.2062],[104.4493,0.3076,1.6412],[104.4496,0.3076,1.6412],[104.4467,0.3113,3.9361],[104.4461,0.3098,13.2062]]],
[[[104.4444,0.3113,1.5649],[104.4446,0.3128,0.0],[104.4409,0.3144,1.0053],[104.4421,0.3118,0.493],[104.4444,0.3113,1.5649]]],
[[[104.4287,0.3251,0.0],[104.4284,0.3244,0.0],[104.4286,0.3242,0.0],[104.4294,0.3249,0.0],[104.4287,0.3251,0.0]]],
[[[104.3194,0.3176,6.4435],[104.3206,0.3224,5.1769],[104.3239,0.3251,4.3976],[104.3209,0.3385,0.0],[104.3153,0.3399,0.0],[104.3107,0.3456,0.0],[104.3025,0.3463,7.0787],[104.3034,0.3393,0.0],[104.3084,0.3294,9.5793],[104.3083,0.3222,47.9635],[104.3061,0.3211,6.9463],[104.3034,0.3148,0.0],[104.2999,0.3137,5.8453],[104.3003,0.3121,5.8453],[104.3025,0.3127,0.0],[104.3018,0.3094,0.0],[104.305,0.3088,3.5177],[104.3035,0.3071,0.0],[104.3079,0.3078,1.436],[104.3121,0.3128,2.2076],[104.3163,0.3116,5.2062],[104.3183,0.3129,32.4561],[104.3199,0.3102,10.8876],[104.3209,0.3138,0.0],[104.3194,0.3176,6.4435]]],
[[[104.2788,0.3691,0.0],[104.2783,0.3692,0.0],[104.2781,0.368,2.3276],[104.2792,0.368,2.3276],[104.2788,0.3691,0.0]]],
[[[104.2765,0.3714,4.1488],[104.2762,0.37,0.0],[104.2772,0.3693,0.0],[104.2772,0.3707,0.0],[104.2765,0.3714,4.1488]]],
[[[104.2578,0.3748,27.9929],[104.2549,0.3761,0.0],[104.2556,0.3733,21.4948],[104.2537,0.3733,12.0024],[104.254,0.3714,7.7036],[104.2571,0.3682,0.0],[104.2582,0.3691,44.0463],[104.2634,0.3668,0.0],[104.2639,0.3686,12.134],[104.2578,0.3748,27.9929]]],
[[[104.2748,0.3719,0.0],[104.2752,0.3709,4.1488],[104.2759,0.3713,4.1488],[104.2754,0.3722,0.0],[104.2748,0.3719,0.0]]],
[[[104.2799,0.3736,0.0],[104.2794,0.3734,0.0],[104.2795,0.3728,0.0],[104.2801,0.3729,0.0],[104.2799,0.3736,0.0]]],
[[[104.4514,0.383,0.0],[104.4531,0.3822,0.0],[104.4534,0.3822,0.0],[104.4526,0.383,0.0],[104.4514,0.383,0.0]]],
[[[104.4235,0.4405,1.344],[104.4242,0.4417,1.344],[104.4208,0.4421,0.0],[104.4211,0.4395,0.8704],[104.4235,0.4405,1.344]]],
[[[104.3741,0.4466,0.0],[104.374,0.447,0.0],[104.3737,0.447,0.0],[104.3737,0.4466,0.0],[104.3741,0.4466,0.0]]],
[[[104.4331,0.4452,0.0],[104.4345,0.4461,7.5114],[104.4325,0.4487,9.3912],[104.4282,0.4469,1.7253],[104.4296,0.4456,9.6988],[104.4331,0.4452,0.0]]],
[[[104.4209,0.4495,2.1211],[104.4201,0.4487,0.0],[104.4213,0.4484,0.0],[104.4216,0.449,0.0],[104.4209,0.4495,2.1211]]],
[[[104.3709,0.4493,2.2492],[104.37,0.4498,2.2492],[104.3701,0.4485,0.0],[104.3712,0.4488,2.2492],[104.3709,0.4493,2.2492]]],
[[[104.3775,0.4495,2.3212],[104.3769,0.4496,2.3212],[104.3763,0.4489,2.3212],[104.377,0.4487,0.0],[104.3775,0.4495,2.3212]]],
[[[104.2997,0.3906,3.6389],[104.2965,0.3917,19.655],[104.2947,0.3905,8.2383],[104.296,0.3881,0.0],[104.3013,0.3878,9.3527],[104.2997,0.3906,3.6389]]],
[[[104.4394,0.3933,2.5998],[104.438,0.393,2.5998],[104.4382,0.3923,2.5998],[104.4395,0.3923,2.5998],[104.4394,0.3933,2.5998]]],
[[[104.3706,0.3917,2.4787],[104.3724,0.3895,1.9321],[104.3736,0.3903,1.9321],[104.373,0.3934,20.8888],[104.3695,0.3963,0.0],[104.3689,0.3946,2.3325],[104.3706,0.3917,2.4787]]],
[[[104.5654,0.4058,0.0],[104.5644,0.4071,0.0],[104.5615,0.4074,0.0],[104.5652,0.4047,0.0],[104.5654,0.4058,0.0]]],
[[[104.2648,0.415,0.0],[104.2648,0.4141,0.0],[104.2652,0.414,0.0],[104.2652,0.4151,0.0],[104.2648,0.415,0.0]]],
[[[104.4418,0.4025,4.2027],[104.4382,0.4024,0.478],[104.4384,0.4065,0.0],[104.4358,0.4064,12.2179],[104.4358,0.3994,4.0345],[104.4396,0.3967,0.1157],[104.4423,0.3904,0.0],[104.4478,0.3914,1.1171],[104.4567,0.3896,0.0],[104.4563,0.394,0.0],[104.4517,0.4009,0.0],[104.4459,0.4031,4.1689],[104.4418,0.4025,4.2027]]],
[[[104.3633,0.4034,0.0],[104.3661,0.4015,0.0],[104.3663,0.4035,0.0],[104.3637,0.4063,0.0],[104.3633,0.4034,0.0]]],
[[[104.4096,0.4245,0.6398],[104.4114,0.425,0.0],[104.4089,0.4269,0.4263],[104.4087,0.4245,0.0],[104.4096,0.4245,0.6398]]],
[[[104.4012,0.4313,1.2757],[104.4026,0.4311,1.2757],[104.4025,0.4326,0.8307],[104.4002,0.4321,0.0],[104.4012,0.4313,1.2757]]],
[[[104.2814,0.3663,0.0],[104.2806,0.3668,1.9309],[104.2806,0.3657,1.9309],[104.2812,0.3657,1.9309],[104.2814,0.3663,0.0]]],
[[[104.2849,0.363,0.0],[104.2846,0.3631,0.0],[104.2843,0.3615,0.0],[104.2847,0.3616,0.0],[104.2849,0.363,0.0]]],
[[[104.2843,0.3634,0.0],[104.2843,0.3637,0.0],[104.2838,0.3639,0.0],[104.284,0.3634,0.0],[104.2843,0.3634,0.0]]],
[[[104.4752,0.3609,1.1156],[104.4722,0.3607,0.7394],[104.467,0.366,0.3742],[104.464,0.3643,0.6097],[104.4575,0.3533,0.0],[104.4599,0.3486,0.0],[104.4635,0.3479,1.7092],[104.4759,0.3515,0.3972],[104.4798,0.3487,0.0],[104.4858,0.3485,0.0],[104.4906,0.3462,3.0032],[104.4903,0.3483,5.3213],[104.4876,0.3494,0.0],[104.4819,0.3572,0.2067],[104.4778,0.3583,12.376],[104.4752,0.3609,1.1156]]],
[[[104.4781,0.3627,2.2184],[104.4723,0.372,5.1965],[104.4684,0.372,3.0234],[104.4717,0.365,0.6085],[104.4781,0.3627,2.2184]]],
[[[104.4265,0.3686,2.3425],[104.4227,0.3702,5.4275],[104.4181,0.3678,7.582],[104.4197,0.3642,4.8714],[104.4231,0.3659,2.8706],[104.4267,0.363,1.4181],[104.4261,0.3606,5.0943],[104.4274,0.3595,1.8507],[104.4299,0.3604,0.0],[104.4299,0.3636,0.0],[104.4363,0.3667,0.0],[104.4295,0.3696,0.4796],[104.4283,0.3678,3.5192],[104.4265,0.3686,2.3425]]],
[[[104.4677,0.3708,3.0234],[104.4665,0.3741,0.1339],[104.4625,0.3723,22.9991],[104.467,0.3697,0.0],[104.4677,0.3708,3.0234]]],
[[[104.3236,0.3754,8.8568],[104.3188,0.3721,3.1291],[104.326,0.3691,3.8971],[104.3271,0.3774,21.7236],[104.3248,0.3749,18.3374],[104.3236,0.3754,8.8568]]],
[[[104.4696,0.3825,0.0],[104.4647,0.3833,27.1536],[104.463,0.3806,12.5273],[104.4729,0.3737,4.6923],[104.4738,0.3698,1.1425],[104.4768,0.3666,0.6243],[104.4801,0.3655,3.0236],[104.4876,0.3664,0.0],[104.484,0.3682,3.6062],[104.4838,0.3708,0.0],[104.4808,0.37,3.8628999999999998],[104.48,0.3742,0.0],[104.4757,0.3751,28.8826],[104.4726,0.3782,7.9549],[104.473,0.3815,0.0],[104.4696,0.3825,0.0]]],
[[[104.3138,0.3789,0.0],[104.3134,0.3757,3.9028],[104.3162,0.3735,0.0],[104.3211,0.3757,63.0774],[104.3215,0.3815,5.098],[104.3201,0.3846,56.7826],[104.314,0.3858,0.0],[104.3137,0.3841,4.2025],[104.307,0.3843,4.3643],[104.3081,0.3815,18.7747],[104.3138,0.3789,0.0]]],
[[[104.4261,0.3755,0.4514],[104.4256,0.3759,0.4514],[104.4253,0.3749,0.0],[104.426,0.375,0.0],[104.4261,0.3755,0.4514]]],
[[[104.4333,0.3815,2.1754],[104.4302,0.3851,2.2653],[104.4252,0.385,0.4149],[104.4227,0.3831,0.9651],[104.4135,0.3826,0.2547],[104.4091,0.3786,3.178],[104.4105,0.3741,0.1682],[104.414,0.3721,3.3664],[104.4169,0.3726,4.8851],[104.417,0.3757,3.1427],[104.4242,0.3753,0.0],[104.4264,0.3776,4.2062],[104.4324,0.3729,3.3684],[104.4346,0.3727,8.0347],[104.4357,0.3759,0.0],[104.4333,0.3815,2.1754]]],
[[[104.5173,0.4285,0.7117],[104.5177,0.4301,1.4755],[104.514,0.4343,0.0],[104.5117,0.4283,0.0],[104.5171,0.4167,2.5939],[104.5165,0.4085,2.3612],[104.5218,0.4009,0.0],[104.5266,0.3815,3.9604],[104.5259,0.3722,0.0],[104.531,0.3622,17.8624],[104.5333,0.3608,0.0],[104.5375,0.3661,0.3153],[104.5338,0.3721,1.928],[104.5346,0.3756,0.0],[104.5325,0.3826,0.0],[104.5339,0.3869,0.0],[104.5318,0.3874,0.9009],[104.5346,0.3906,0.0],[104.5307,0.3947,0.0],[104.5293,0.4052,1.9199],[104.5345,0.409,0.0],[104.5344,0.4119,0.0],[104.5387,0.415,0.0],[104.5425,0.4152,0.0],[104.5507,0.4098,0.7572],[104.5598,0.4091,0.9098],[104.5624,0.412,0.9717],[104.5606,0.4145,3.4925],[104.5551,0.4137,4.2543],[104.55029999999999,0.4224,0.0],[104.548,0.4238,0.0],[104.5434,0.4215,5.4738],[104.5346,0.425,1.6492],[104.527,0.4231,2.121],[104.5226,0.424,0.0],[104.5173,0.4285,0.7117]]],
[[[104.4024,0.2823,0.0],[104.4029,0.2823,3.583],[104.4028,0.283,3.583],[104.4024,0.2828,0.0],[104.4024,0.2823,0.0]]],
[[[104.4601,0.2832,0.0],[104.4602,0.2837,0.0],[104.4601,0.2838,0.0],[104.4596,0.2834,0.0],[104.4601,0.2832,0.0]]],
[[[104.409,0.2833,0.0],[104.4061,0.2848,9.5414],[104.4033,0.2833,3.583],[104.4063,0.281,1.4727],[104.4091,0.2818,0.0],[104.409,0.2833,0.0]]],
[[[104.4312,0.2824,4.1629],[104.4306,0.2909,2.0123],[104.429,0.2899,1.4713],[104.4298,0.2877,0.9358],[104.4258,0.2901,2.4654],[104.4231,0.289,0.0],[104.4177,0.283,4.2334],[104.4185,0.2814,1.4252],[104.4223,0.2819,3.265],[104.4209,0.2794,0.7614],[104.4235,0.2784,0.0],[104.4312,0.2824,4.1629]]],
[[[104.4482,0.2753,0.0],[104.4475,0.2753,0.81],[104.4475,0.2746,0.81],[104.4481,0.2744,0.0],[104.4482,0.2753,0.0]]],
[[[104.4484,0.2761,0.0],[104.4479,0.2762,0.0],[104.4478,0.2759,0.0],[104.4488,0.2759,0.0],[104.4484,0.2761,0.0]]],
[[[104.4243,0.2743,11.1247],[104.4208,0.2765,10.7514],[104.4189,0.274,2.6126],[104.4219,0.2729,3.8829],[104.4243,0.2743,11.1247]]],
[[[104.4289,0.2763,0.6475],[104.4307,0.2748,0.0],[104.4311,0.2751,0.0],[104.4295,0.2776,0.0],[104.4289,0.2763,0.6475]]],
[[[104.3898,0.2778,1.1398],[104.3888,0.2764,5.1628],[104.3904,0.2753,10.3672],[104.3908,0.2762,7.665],[104.3898,0.2778,1.1398]]],
[[[104.4258,0.278,0.0],[104.4234,0.2765,4.6956],[104.4237,0.2756,4.6956],[104.4257,0.2756,0.0],[104.4258,0.278,0.0]]],
[[[104.4156,0.2768,0.0],[104.4171,0.2797,0.0],[104.4132,0.2797,10.3991],[104.4138,0.2767,4.0179],[104.4156,0.2768,0.0]]],
[[[104.3922,0.2798,1.5669],[104.3922,0.2788,1.5669],[104.3947,0.2777,0.0],[104.3935,0.2806,0.0],[104.3922,0.2798,1.5669]]],
[[[104.358,0.2722,0.0],[104.3532,0.2746,4.4695],[104.3507,0.2739,0.0],[104.3606,0.2644,1.2299],[104.3616,0.2616,0.244],[104.3652,0.2636,3.5897],[104.3662,0.2605,0.0],[104.3658,0.2681,0.0],[104.3632,0.2685,14.5665],[104.3639,0.2667,9.1683],[104.3616,0.2652,20.4684],[104.3625,0.2681,14.5665],[104.358,0.2722,0.0]]],
[[[104.3971,0.2768,3.7189],[104.3965,0.2738,1.1523],[104.3915,0.2781,1.7302],[104.3911,0.2749,10.3672],[104.4013,0.268,0.0],[104.4006,0.2721,0.0],[104.3987,0.2733,0.0],[104.3995,0.2753,0.0],[104.3971,0.2768,3.7189]]],
[[[104.3421,0.2755,0.0],[104.3271,0.282,0.0],[104.3297,0.2783,10.4194],[104.3435,0.267,0.9253],[104.3481,0.2671,22.6274],[104.3488,0.2726,0.0],[104.3458,0.2741,2.6785],[104.3479,0.2756,0.0],[104.3421,0.2755,0.0]]],
[[[104.3835,0.2849,3.4008],[104.3857,0.2839,2.2562],[104.3864,0.285,0.0],[104.3846,0.2868,0.9912],[104.3835,0.2849,3.4008]]],
[[[104.4014,0.2843,1.5917],[104.4025,0.2853,1.5917],[104.4015,0.2877,1.4014],[104.3975,0.2862,3.3212],[104.4003,0.2855,10.668],[104.4014,0.2843,1.5917]]],
[[[104.3431,0.289,0.0],[104.3378,0.2899,62.8523],[104.3327,0.2929,27.7262],[104.3299,0.29,45.6918],[104.332,0.2847,12.4498],[104.3356,0.2837,18.5975],[104.3435,0.2765,4.7539],[104.3472,0.2814,0.0],[104.3477,0.2844,0.0],[104.3431,0.289,0.0]]],
[[[104.3951,0.2895,0.5366],[104.3949,0.2892,0.5366],[104.3955,0.2877,0.8714],[104.3957,0.289,0.5366],[104.3951,0.2895,0.5366]]],
[[[104.4228,0.2959,0.0],[104.4147,0.2953,0.7233],[104.4127,0.2928,0.0],[104.4127,0.2878,0.301],[104.4158,0.2865,0.2209],[104.419,0.2892,5.9974],[104.4189,0.2924,5.3574],[104.4234,0.2933,0.0],[104.4253,0.2953,7.1405],[104.4228,0.2959,0.0]]],
[[[104.4062,0.2858,7.1184],[104.408,0.2857,3.6228],[104.4079,0.2903,3.423],[104.4037,0.2922,1.3275],[104.4024,0.2904,1.3575],[104.4031,0.2858,2.2881],[104.4062,0.2858,7.1184]]],
[[[104.355,0.3095,4.4011],[104.344,0.3137,12.0893],[104.3432,0.3161,0.0],[104.3373,0.3189,28.0468],[104.333,0.3235,9.3954],[104.3288,0.3252,8.3485],[104.3278,0.3275,2.0894],[104.3254,0.3273,0.0],[104.3231,0.3164,15.6853],[104.3285,0.3059,0.0],[104.332,0.3014,0.0],[104.3357,0.2998,0.0],[104.3378,0.3031,0.0],[104.3398,0.303,0.4993],[104.3442,0.2933,0.0],[104.3492,0.2918,7.2334],[104.3509,0.2885,0.0],[104.3551,0.289,0.4515],[104.3517,0.284,4.5844],[104.3548,0.2788,0.0],[104.364,0.2737,0.0],[104.3658,0.2743,0.0],[104.3666,0.2796,0.0],[104.3753,0.2796,4.178],[104.3866,0.274,0.0],[104.3836,0.2783,0.591],[104.3752,0.2838,6.3073],[104.3864,0.2785,0.0],[104.3901,0.2816,4.0511],[104.3882,0.283,0.7097],[104.3866,0.2816,4.8993],[104.3809,0.2846,6.7497],[104.38,0.2866,14.3533],[104.3829,0.2865,1.5566],[104.3833,0.2892,0.0],[104.382,0.2903,2.116],[104.3796,0.2897,0.2947],[104.3793,0.2876,1.7495],[104.3777,0.2884,9.3753],[104.3763,0.2903,1.8585],[104.3787,0.2905,0.0],[104.3775,0.2937,6.4314],[104.3747,0.2924,3.3844],[104.3745,0.2943,0.0],[104.3732,0.2924,1.7472],[104.37,0.2937,7.9175],[104.3733,0.2972,3.6888],[104.3725,0.3009,0.3883],[104.3708,0.3,3.4373],[104.3679,0.3025,0.7292],[104.3687,0.3059,0.0],[104.3627,0.3059,1.339],[104.355,0.3095,4.4011]]],
[[[104.3358,0.3716,13.1665],[104.3318,0.3763,0.0],[104.3285,0.3753,19.6876],[104.3285,0.3679,0.0],[104.3332,0.3619,3.4974],[104.348,0.3491,5.7034],[104.3518,0.3487,4.7685],[104.3546,0.3447,0.0],[104.3537,0.3434,0.2553],[104.3463,0.344,0.4117],[104.3386,0.3408,0.0],[104.338,0.339,0.0],[104.3503,0.3185,0.6357],[104.3542,0.3137,0.0],[104.3589,0.3123,2.7469],[104.3654,0.3141,8.3813],[104.3671,0.3125,55.7602],[104.3656,0.3127,8.1941],[104.3665,0.3094,0.0],[104.376,0.3122,0.2321],[104.3764,0.3141,0.2023],[104.3737,0.3174,2.6874],[104.3757,0.3182,0.2033],[104.3777,0.3168,0.0982],[104.3789,0.3121,2.1864],[104.3813,0.3109,1.8044],[104.3782,0.3062,1.4912],[104.3809,0.3032,1.6558],[104.3794,0.3032,0.0],[104.3791,0.3006,0.7545],[104.3827,0.2967,0.0],[104.3833,0.2999,0.957],[104.386,0.2996,0.7948],[104.3871,0.302,0.0],[104.3863,0.306,1.4564],[104.3899,0.3095,9.9493],[104.3887,0.3046,0.9602],[104.3917,0.3046,3.8033],[104.3892,0.3023,0.3399],[104.3892,0.3004,0.0],[104.3947,0.3021,5.0035],[104.3907,0.2982,2.7415],[104.3926,0.2962,4.2262],[104.39,0.2956,0.0],[104.3906,0.2896,0.0],[104.3925,0.2901,3.4878],[104.3929,0.288,0.0],[104.3946,0.2905,0.4149],[104.394,0.2924,2.6127],[104.3955,0.293,1.9844],[104.3965,0.2907,0.4149],[104.3976,0.2911,2.1125],[104.3972,0.2964,2.1619],[104.3986,0.2977,6.0739],[104.4003,0.2915,0.0],[104.4016,0.2937,0.9478],[104.4025,0.2927,0.9478],[104.4063,0.2937,0.0],[104.4067,0.2965,5.4772],[104.4116,0.2936,0.0],[104.4208,0.2988,1.2636],[104.4181,0.3011,0.2711],[104.4138,0.3007,2.7385],[104.4107,0.309,0.6936],[104.4083,0.3071,2.819],[104.4026,0.3119,4.0595],[104.4004,0.3112,12.2706],[104.3967,0.3133,4.4519],[104.3974,0.3154,1.7572],[104.3995,0.3145,0.0],[104.4033,0.3165,4.6895],[104.4045,0.3144,0.8554],[104.4063,0.3154,1.2455],[104.4093,0.3133,0.0],[104.4129,0.3154,2.5908],[104.412,0.3126,2.2311],[104.4168,0.3115,0.0],[104.4212,0.3081,0.0],[104.4271,0.3088,5.9016],[104.4296,0.3073,5.5475],[104.4342,0.3074,11.1224],[104.4347,0.3098,17.7446],[104.433,0.3122,7.3948],[104.423,0.3187,8.9136],[104.4217,0.3256,2.3322],[104.4245,0.3258,7.3138],[104.4245,0.3271,0.0],[104.4166,0.3315,31.5457],[104.4048,0.3338,0.0],[104.4028,0.3364,0.0],[104.3954,0.3369,8.4227],[104.3947,0.3411,0.0],[104.3914,0.3416,7.7422],[104.38,0.3483,21.968],[104.3764,0.3483,7.3839],[104.3752,0.3496,0.8875],[104.3689,0.3481,1.7992],[104.3648,0.3506,0.0],[104.3644,0.3525,2.8708],[104.3716,0.3499,0.0],[104.3728,0.3511,3.4223],[104.3713,0.3554,5.4228],[104.3605,0.3591,30.9182],[104.3506,0.3658,2.2576],[104.3431,0.3677,0.0],[104.3398,0.3717,10.9832],[104.3358,0.3716,13.1665]]],
[[[104.445,0.4629,0.0],[104.4409,0.4636,1.9721],[104.4406,0.461,1.8416],[104.4441,0.4596,0.0],[104.445,0.4629,0.0]]],
[[[104.3953,0.4621,0.845],[104.3918,0.4619,2.8319],[104.3898,0.4583,0.0],[104.3949,0.4573,0.8998],[104.397,0.4601,0.0],[104.3953,0.4621,0.845]]],
[[[104.3823,0.4601,0.0],[104.383,0.4608,0.0],[104.3816,0.4615,0.0],[104.3813,0.4595,0.0],[104.3823,0.4601,0.0]]],
[[[104.383,0.4621,0.0],[104.3828,0.4616,0.0],[104.3832,0.4611,0.0],[104.3836,0.4623,0.0],[104.383,0.4621,0.0]]],
[[[104.3,0.4644,1.4657],[104.3004,0.4645,1.4657],[104.3004,0.4654,1.4657],[104.2996,0.465,0.0],[104.3,0.4644,1.4657]]],
[[[104.3016,0.463,2.7846],[104.3038,0.4634,5.2361],[104.3037,0.4637,5.2361],[104.3016,0.4647,1.4657],[104.3016,0.463,2.7846]]],
[[[104.4066,0.4655,4.5125],[104.4066,0.4652,0.8322],[104.4071,0.4651,0.5237],[104.4071,0.4656,2.8621],[104.4066,0.4655,4.5125]]],
[[[104.3904,0.4617,2.8319],[104.39,0.4647,0.0],[104.3884,0.4615,1.2727],[104.3899,0.4604,0.0],[104.3904,0.4617,2.8319]]],
[[[104.3951,0.4625,0.845],[104.3956,0.4624,0.845],[104.3959,0.4628,0.845],[104.3952,0.463,0.845],[104.3951,0.4625,0.845]]],
[[[104.3925,0.464,0.0],[104.3922,0.464,0.3193],[104.3922,0.4632,1.3431],[104.3927,0.4634,0.7257],[104.3925,0.464,0.0]]],
[[[104.3915,0.4641,0.3193],[104.3912,0.4638,0.3193],[104.3918,0.4633,1.3431],[104.3919,0.4637,1.3431],[104.3915,0.4641,0.3193]]],
[[[104.3807,0.4643,0.0],[104.3807,0.4636,0.0],[104.3812,0.4636,0.0],[104.3812,0.4641,0.0],[104.3807,0.4643,0.0]]],
[[[104.3058,0.4659,0.0],[104.3054,0.4661,0.0],[104.3052,0.4659,0.0],[104.3056,0.4656,0.0],[104.3058,0.4659,0.0]]],
[[[104.3655,0.4676,1.2503],[104.3674,0.4701,2.0192],[104.3596,0.468,7.5109],[104.361,0.4655,3.6464],[104.3655,0.4676,1.2503]]],
[[[107.3889,0.5128,0.0],[107.3957,0.5059,0.0],[107.3991,0.5068,0.0],[107.4033,0.511,0.0],[107.4144,0.5153,0.0],[107.4144,0.5196,0.0],[107.4042,0.5196,0.0],[107.3948,0.5231,0.0],[107.3889,0.5128,0.0]]],
[[[107.1491,0.5153,6.6404],[107.149,0.5136,0.0],[107.151,0.5146,1.8999],[107.1495,0.5155,0.0],[107.1491,0.5153,6.6404]]],
[[[107.3872,0.5282,0.0],[107.3761,0.5282,0.0],[107.3769,0.5239,0.0],[107.3846,0.5205,0.0],[107.3872,0.5282,0.0]]],
[[[107.1513,0.5188,0.0],[107.151,0.5183,0.0],[107.151,0.5176,0.0],[107.1513,0.5176,0.0],[107.1513,0.5188,0.0]]],
[[[104.2498,0.5055,0.0],[104.2499,0.5059,0.0],[104.2492,0.5061,0.0],[104.2493,0.5058,0.0],[104.2498,0.5055,0.0]]],
[[[104.2482,0.5072,0.0],[104.2485,0.5071,0.0],[104.2486,0.5075,0.0],[104.2482,0.5076,0.0],[104.2482,0.5072,0.0]]],
[[[104.2911,0.5118,0.32],[104.2905,0.5123,0.0],[104.2898,0.5118,0.32],[104.29,0.5117,0.32],[104.2911,0.5118,0.32]]],
[[[103.6229,0.5163,7.032],[103.6276,0.5102,0.0],[103.6335,0.5112,0.2931],[103.6216,0.5222,0.0],[103.6229,0.5163,7.032]]],
[[[104.2368,0.5228,0.0],[104.2375,0.5218,0.0],[104.2377,0.5218,0.0],[104.2374,0.5227,0.0],[104.2368,0.5228,0.0]]],
[[[104.2364,0.5247,0.0],[104.236,0.5249,0.0],[104.2362,0.5243,0.0],[104.2364,0.5244,0.0],[104.2364,0.5247,0.0]]],
[[[104.3032,0.5309,0.0],[104.3058,0.5306,10.409],[104.3066,0.532,0.0],[104.3043,0.5321,0.0],[104.3032,0.5309,0.0]]],
[[[104.2514,0.537,0.0],[104.2516,0.5374,0.0],[104.2514,0.5375,0.0],[104.2512,0.5373,0.0],[104.2514,0.537,0.0]]],
[[[104.2515,0.5397,0.0],[104.2504,0.5386,0.0],[104.2504,0.5382,0.0],[104.2523,0.5394,0.0],[104.2515,0.5397,0.0]]],
[[[104.2479,0.543,0.5302],[104.2475,0.5424,0.5302],[104.248,0.542,0.0],[104.2485,0.5427,0.0],[104.2479,0.543,0.5302]]],
[[[104.196,0.5436,0.0],[104.1971,0.5421,0.0],[104.1988,0.5425,0.0],[104.1974,0.5448,0.0],[104.196,0.5436,0.0]]],
[[[103.5679,0.5358,9.0222],[103.5691,0.5342,4.0137],[103.571,0.5339,4.7113],[103.5699,0.537,2.1579],[103.5679,0.5358,9.0222]]],
[[[103.5712,0.5372,0.0],[103.5705,0.5365,2.1579],[103.5714,0.536,0.0],[103.5716,0.5365,0.0],[103.5712,0.5372,0.0]]],
[[[103.6369,0.5264,5.3213],[103.6359,0.5341,1.7079],[103.6342,0.5358,0.2716],[103.6255,0.5306,1.3919],[103.6219,0.5314,3.2928],[103.6202,0.5258,2.6],[103.6343,0.5151,0.0],[103.6368,0.5193,3.0368],[103.6369,0.5264,5.3213]]],
[[[103.6196,0.5345,3.9788],[103.6204,0.5323,4.1352],[103.6223,0.5338,0.0],[103.6209,0.5345,0.0],[103.6196,0.5345,3.9788]]],
[[[103.5699,0.5405,0.0],[103.5688,0.5394,3.35],[103.5694,0.5386,0.0],[103.5703,0.5392,1.1777],[103.5699,0.5405,0.0]]],
[[[104.2484,0.541,3.3652],[104.2482,0.5403,0.0],[104.2496,0.5395,2.1433],[104.2498,0.5411,3.3652],[104.2484,0.541,3.3652]]],
[[[104.2776,0.4765,0.0],[104.2776,0.4763,0.0],[104.2778,0.4763,0.0],[104.2778,0.4765,0.0],[104.2776,0.4765,0.0]]],
[[[104.3708,0.4726,2.4885],[104.3703,0.4713,0.5979],[104.3729,0.4757,0.0],[104.3714,0.4742,0.0],[104.3708,0.4726,2.4885]]],
[[[103.6272,0.4798,0.0],[103.6275,0.4805,0.0],[103.6267,0.4807,0.0],[103.6266,0.4802,0.0],[103.6272,0.4798,0.0]]],
[[[104.2749,0.4817,0.0],[104.2754,0.4821,0.0],[104.2751,0.4825,0.0],[104.2743,0.4818,0.0],[104.2749,0.4817,0.0]]],
[[[103.6202,0.4925,2.738],[103.6204,0.4895,0.9533],[103.6233,0.4937,0.0],[103.6211,0.4932,8.4003],[103.6202,0.4925,2.738]]],
[[[103.632,0.4962,1.2534],[103.6296,0.4978,1.5832],[103.6241,0.4883,0.9641],[103.6255,0.4842,2.8265],[103.6298,0.4846,0.4126],[103.6345,0.4892,5.9457],[103.6351,0.4915,9.875],[103.632,0.4962,1.2534]]],
[[[104.3583,0.4932,4.4552],[104.3578,0.4933,4.4552],[104.359,0.4919,0.0],[104.3593,0.4928,4.4552],[104.3583,0.4932,4.4552]]],
[[[104.2674,0.4982,2.7662],[104.2629,0.5038,0.0],[104.2621,0.5022,1.0194],[104.2568,0.5011,2.3009],[104.2584,0.4985,0.0],[104.2608,0.4991,11.4687],[104.2637,0.4949,0.0],[104.2661,0.4958,7.7347],[104.2709,0.4886,5.6547],[104.2708,0.4859,11.4717],[104.2745,0.4842,7.4265],[104.2752,0.487,0.0],[104.2731,0.492,0.0],[104.2674,0.4982,2.7662]]],
[[[104.2764,0.4786,0.0],[104.2763,0.4783,0.0],[104.2764,0.4781,0.0],[104.2768,0.4786,0.0],[104.2764,0.4786,0.0]]],
[[[104.38,0.4775,0.0],[104.381,0.4762,0.6611],[104.3825,0.4771,0.0],[104.381,0.4785,2.6719],[104.38,0.4775,0.0]]],
[[[104.387,0.4962,3.9273],[104.3843,0.4969,8.2858],[104.3856,0.4897,1.9155],[104.3842,0.4871,3.9527],[104.3712,0.4826,0.0],[104.3716,0.4803,0.0],[104.374,0.4811,2.8029],[104.3791,0.4798,0.9883],[104.3796,0.4809,3.669],[104.3802,0.479,3.8716],[104.3828,0.478,0.0],[104.3842,0.4829,0.0],[104.391,0.4878,1.0957],[104.3903,0.4928,5.3699],[104.3873,0.492,3.1716],[104.387,0.4962,3.9273]]],
[[[104.2758,0.4797,0.0],[104.2759,0.4799,0.0],[104.2764,0.4803,0.0],[104.2751,0.4799,0.0],[104.2758,0.4797,0.0]]],
[[[104.4108,0.4717,8.2188],[104.4065,0.4759,1.6829],[104.402,0.4727,1.542],[104.4018,0.471,3.1765],[104.4012,0.4739,0.0],[104.3992,0.4725,5.2224],[104.3973,0.4733,1.6589],[104.4015,0.4659,4.1409],[104.4017,0.4625,3.7946],[104.4084,0.4669,2.8621],[104.4149,0.4649,9.111],[104.414,0.4631,3.2674],[104.4157,0.4617,0.0],[104.4266,0.4592,0.0],[104.4255,0.4649,0.0],[104.4204,0.4692,0.8606],[104.4154,0.4692,0.8957],[104.4108,0.4717,8.2188]]],
[[[104.4139,0.5084,31.4103],[104.4106,0.5103,13.0949],[104.4089,0.5063,11.923],[104.4129,0.4997,0.0],[104.4136,0.4941,1.4787],[104.4155,0.4951,0.0],[104.4149,0.4982,4.5665],[104.4163,0.5003,7.2659],[104.4145,0.5021,11.9087],[104.4168,0.5029,8.2958],[104.4171,0.505,0.0],[104.4139,0.5084,31.4103]]],
[[[103.6394,0.5041,0.0],[103.6377,0.5045,0.7493],[103.6361,0.508,0.4498],[103.6299,0.5063,1.8731],[103.6329,0.4998,0.0],[103.6355,0.498,0.5291],[103.6381,0.4996,0.0],[103.6394,0.5041,0.0]]],
[[[104.3581,0.4953,0.0],[104.3583,0.4959,0.0],[104.3566,0.4961,0.0],[104.3569,0.4947,1.8548],[104.3581,0.4953,0.0]]],
[[[104.357,0.4999,2.4313],[104.3565,0.4983,2.3585],[104.3568,0.4975,2.3585],[104.3576,0.4981,0.0],[104.357,0.4999,2.4313]]],
[[[104.2557,0.5021,0.0],[104.256,0.5018,0.0],[104.2565,0.5022,0.0],[104.2561,0.5024,0.0],[104.2557,0.5021,0.0]]],
[[[104.2865,0.5238,0.0],[104.2849,0.5267,5.5187],[104.2822,0.5269,3.8368],[104.2841,0.5253,3.7634],[104.2836,0.5228,3.8681],[104.2817,0.5229,1.0794],[104.2833,0.5204,0.0],[104.2819,0.5181,2.8558],[104.2842,0.5177,3.2957],[104.2831,0.5165,0.0],[104.2851,0.514,0.0],[104.2848,0.5062,0.0],[104.2872,0.5019,3.1726],[104.2861,0.4963,15.3996],[104.2872,0.4877,5.187],[104.2903,0.4807,4.2068],[104.292,0.4804,3.1094],[104.2919,0.4783,5.2797],[104.2957,0.475,0.0],[104.2957,0.4834,0.0],[104.2943,0.4844,0.0],[104.2961,0.4867,0.0],[104.2922,0.4899,7.3511],[104.2936,0.4912,17.4855],[104.2932,0.4985,8.0966],[104.2907,0.4992,26.2723],[104.2921,0.5,2.9631],[104.291,0.5028,18.1158],[104.2921,0.5038,2.6905],[104.2893,0.5108,16.9812],[104.2915,0.5192,23.5423],[104.2865,0.5238,0.0]]],
[[[107.1913,0.5679,0.0],[107.1891,0.5686,15.615],[107.1883,0.5672,0.0],[107.1901,0.5653,0.0],[107.1916,0.5663,0.7247],[107.1913,0.5679,0.0]]],
[[[107.1848,0.5678,0.0],[107.181,0.5692,0.0],[107.1792,0.5656,43.7346],[107.1827,0.5651,0.0],[107.1848,0.5678,0.0]]],
[[[107.1747,0.5812,0.0],[107.173,0.5831,0.0],[107.1717,0.5819,38.4524],[107.1707,0.5784,25.2241],[107.172,0.5753,0.0],[107.1741,0.5787,0.0851],[107.1747,0.5812,0.0]]],
[[[107.1068,0.5803,0.0],[107.1078,0.5827,7.0588],[107.1059,0.5827,5.219],[107.1048,0.5808,41.5203],[107.1068,0.5803,0.0]]],
[[[107.1358,0.581,0.0],[107.136,0.5868,0.0],[107.1339,0.5897,6.9593],[107.1316,0.586,19.0001],[107.1279,0.5876,0.0],[107.1237,0.5815,6.7674],[107.1246,0.5802,0.0],[107.129,0.5816,0.0],[107.1318,0.5791,17.3191],[107.1358,0.581,0.0]]],
[[[107.0326,0.5773,0.0],[107.0292,0.5816,0.0],[107.0275,0.5755,0.0],[107.0326,0.5773,0.0]]],
[[[104.1798,0.5833,7.0115],[104.1781,0.584,0.0],[104.1768,0.5827,7.4898],[104.178,0.5817,0.0],[104.1798,0.5833,7.0115]]],
[[[103.5665,0.5856,0.0],[103.5657,0.5853,1.6033],[103.5659,0.5846,1.6033],[103.5672,0.5847,1.6033],[103.5665,0.5856,0.0]]],
[[[103.6402,0.5863,4.3729],[103.643,0.5868,1.3016],[103.6446,0.5914,20.8353],[103.6389,0.5901,10.8764],[103.6383,0.5878,24.0892],[103.6402,0.5863,4.3729]]],
[[[103.5632,0.5907,4.6587],[103.563,0.5898,0.0],[103.5648,0.5894,7.4142],[103.5643,0.5911,4.6587],[103.5632,0.5907,4.6587]]],
[[[103.5697,0.59,14.9969],[103.5693,0.588,1.3823],[103.5712,0.5878,7.8654],[103.5713,0.5899,14.9969],[103.5697,0.59,14.9969]]],
[[[103.5531,0.55,21.0271],[103.5535,0.5477,6.2859],[103.5566,0.5484,1.5585],[103.5551,0.5507,0.0],[103.5531,0.55,21.0271]]],
[[[103.5534,0.5536,1.4158],[103.5531,0.5526,1.4158],[103.5539,0.5522,1.4158],[103.5542,0.5531,1.4158],[103.5534,0.5536,1.4158]]],
[[[103.5727,0.5627,0.4701],[103.5719,0.5589,4.4187],[103.5735,0.5583,0.0],[103.5753,0.5619,17.118],[103.5727,0.5627,0.4701]]],
[[[104.2298,0.5691,2.0724],[104.2294,0.5688,2.0724],[104.2297,0.5679,0.0],[104.2302,0.5685,0.0],[104.2298,0.5691,2.0724]]],
[[[104.205,0.5711,0.1419],[104.2046,0.5708,0.1419],[104.2061,0.5707,0.3114],[104.2057,0.5712,0.3114],[104.205,0.5711,0.1419]]],
[[[104.2107,0.5699,0.0],[104.2132,0.5697,2.3336],[104.2142,0.5712,2.1195],[104.2074,0.5748,2.1046],[104.2063,0.573,0.3826],[104.2077,0.5699,1.1586],[104.2107,0.5699,0.0]]],
[[[103.6559,0.5603,1.049],[103.6554,0.5592,2.8737],[103.6564,0.5582,0.0],[103.6571,0.5596,1.049],[103.6559,0.5603,1.049]]],
[[[103.6299,0.5652,6.866],[103.6303,0.5628,1.1817],[103.6321,0.568,1.4787],[103.6311,0.5679,1.4787],[103.6299,0.5652,6.866]]],
[[[104.2102,0.5632,1.4568],[104.2122,0.5672,0.0],[104.2096,0.5671,0.359],[104.2102,0.5647,2.2917],[104.2112,0.5655,3.5656],[104.2102,0.5632,1.4568]]],
[[[103.645,0.574,0.0],[103.6464,0.5709,5.9514],[103.649,0.57,0.0],[103.651,0.5737,2.7813],[103.649,0.5773,0.5888],[103.6466,0.5778,1.5083],[103.645,0.574,0.0]]],
[[[103.776,0.5749,5.3995],[103.7781,0.5759,0.0],[103.7761,0.5789,0.0],[103.7727,0.5802,0.0],[103.7709,0.5793,2.8047],[103.7749,0.5748,2.6515],[103.776,0.5749,5.3995]]],
[[[103.5147,0.6093,0.0],[103.5103,0.6083,0.0],[103.5112,0.6037,0.0],[103.5151,0.6046,0.0],[103.5164,0.6076,0.0],[103.5147,0.6093,0.0]]],
[[[103.5313,0.5825,0.0],[103.5316,0.5851,0.0],[103.5353,0.5874,0.0],[103.5362,0.5918,0.0],[103.5304,0.5989,0.0],[103.5271,0.5934,0.0],[103.5243,0.5926,0.0],[103.5263,0.5915,0.0],[103.5261,0.5884,0.0],[103.5313,0.5825,0.0]]],
[[[103.6371,0.5917,0.0],[103.6386,0.5919,0.0],[103.6389,0.5947,0.0],[103.6345,0.5953,0.0],[103.6344,0.5929,0.0],[103.6371,0.5917,0.0]]],
[[[106.9778,0.5946,0.0],[106.9771,0.5947,0.0],[106.977,0.5939,0.0],[106.9778,0.5942,0.0],[106.9778,0.5946,0.0]]],
[[[107.0961,0.6055,3.6831],[107.0932,0.6068,16.882],[107.0872,0.5993,6.26],[107.0833,0.6,9.6056],[107.0819,0.6029,2.8751],[107.0798,0.5995,0.0],[107.0883,0.5955,19.2362],[107.0929,0.5979,0.0],[107.0973,0.6028,4.0526],[107.0961,0.6055,3.6831]]],
[[[104.0993,0.5993,0.0],[104.099,0.5993,0.0],[104.099,0.5986,0.0],[104.0994,0.5987,0.0],[104.0993,0.5993,0.0]]],
[[[104.101,0.5966,0.0],[104.1014,0.5967,0.0],[104.1012,0.5972,0.0],[104.101,0.5971,0.0],[104.101,0.5966,0.0]]],
[[[104.3074,0.5976,5.4681],[104.3072,0.5968,2.8839],[104.3079,0.5953,0.0],[104.3087,0.5972,0.0],[104.3074,0.5976,5.4681]]],
[[[103.6621,0.5964,0.0],[103.6618,0.5978,7.5872],[103.6578,0.5992,1.241],[103.6591,0.5953,0.0],[103.6621,0.5964,0.0]]],
[[[104.0984,0.6021,0.0],[104.0989,0.602,0.0],[104.0989,0.6024,0.0],[104.0985,0.6025,0.0],[104.0984,0.6021,0.0]]],
[[[103.5658,0.604,0.5296],[103.5659,0.605,0.5296],[103.5655,0.6052,0.5296],[103.565,0.6044,0.0],[103.5658,0.604,0.5296]]],
[[[104.1036,0.6083,0.0],[104.1013,0.609,0.0],[104.1008,0.6077,3.4949],[104.1031,0.6069,0.0],[104.1036,0.6083,0.0]]],
[[[106.9923,0.6064,2.2087],[106.9917,0.6054,1.1325],[106.9926,0.6045,1.1325],[106.993,0.6059,2.2087],[106.9923,0.6064,2.2087]]],
[[[106.9797,0.6095,5.1792],[106.9745,0.6096,0.0],[106.9741,0.6037,0.0],[106.9762,0.6014,0.0],[106.979,0.6,0.0],[106.981,0.6028,4.1778],[106.9864,0.6009,2.5681],[106.9881,0.6019,0.0],[106.9837,0.6072,0.1065],[106.9797,0.6095,5.1792]]],
[[[104.0779,0.6036,0.0],[104.0783,0.6031,0.0],[104.0786,0.6034,0.0],[104.0786,0.6038,0.0],[104.0779,0.6036,0.0]]],
[[[104.0978,0.604,0.0],[104.0976,0.6032,0.0],[104.0992,0.6038,0.0],[104.0986,0.6043,0.0],[104.0978,0.604,0.0]]],
[[[103.7016,0.6063,0.0],[103.6982,0.6079,2.3859],[103.6973,0.6065,2.2117],[103.7008,0.6044,7.8428],[103.7016,0.6063,0.0]]],
[[[103.5686,0.5466,1.8139],[103.5672,0.5481,0.0],[103.5623,0.5482,2.6182],[103.5577,0.5432,9.366],[103.5578,0.5402,5.0473],[103.5632,0.5368,0.0],[103.5669,0.5376,4.7584],[103.5695,0.5437,0.0],[103.5686,0.5466,1.8139]]],
[[[103.6233,0.538,3.67],[103.6268,0.5361,0.8711],[103.6291,0.5392,0.0],[103.6289,0.543,1.6476],[103.6254,0.5486,6.3825],[103.6239,0.548,1.8294],[103.6245,0.5465,2.5171],[103.623,0.5445,8.023],[103.6233,0.538,3.67]]],
[[[103.7733,0.5538,0.0],[103.774,0.5428,16.3565],[103.7764,0.5394,1.217],[103.7807,0.5394,0.0],[103.7794,0.5444,0.0],[103.7733,0.5538,0.0]]],
[[[104.2258,0.5557,1.3476],[104.2217,0.5566,9.2805],[104.2219,0.5527,2.1856],[104.2201,0.5489,3.9631],[104.2198,0.5416,24.296],[104.2235,0.5381,0.0],[104.2226,0.5352,0.0],[104.2265,0.5321,0.0],[104.2285,0.5352,0.376],[104.2321,0.5357,7.8144],[104.2389,0.5308,4.942],[104.2407,0.5326,0.0],[104.2369,0.5375,3.1328],[104.2347,0.5464,0.0],[104.233,0.5479,1.8678],[104.2364,0.5492,0.0],[104.2358,0.5509,1.6252],[104.2375,0.5533,2.4661],[104.2347,0.5525,1.7885],[104.2333,0.5548,1.5034],[104.2305,0.5552,2.2332],[104.2305,0.554,2.2332],[104.2285,0.5545,3.3706],[104.229,0.5558,0.2044],[104.2273,0.555,4.5399],[104.2278,0.5564,0.2044],[104.2258,0.5557,1.3476]]],
[[[103.6166,0.5117,6.5745],[103.6069,0.5179,1.2408],[103.6025,0.5257,0.0],[103.602,0.5315,3.1715],[103.5955,0.5316,6.2808],[103.5922,0.5339,0.0],[103.5816,0.5532,4.7394],[103.5785,0.5577,1.2989],[103.5763,0.5581,21.4815],[103.5697,0.5502,9.0046],[103.5761,0.5363,4.0972],[103.5875,0.5291,1.8994],[103.5942,0.5194,7.5883],[103.5962,0.5134,4.9674],[103.5969,0.4959,2.6825],[103.5985,0.4904,0.0],[103.6045,0.4908,0.2444],[103.6076,0.4958,7.1353],[103.6121,0.4967,0.8677],[103.6197,0.4955,1.0638],[103.6243,0.5056,1.2088],[103.6202,0.5106,0.0],[103.6166,0.5117,6.5745]]],
[[[106.9758,0.5552,5.1879],[106.9788,0.5525,5.0724],[106.9782,0.5572,0.0],[106.9747,0.5572,0.0],[106.9758,0.5552,5.1879]]],
[[[103.6583,0.5569,0.0],[103.6573,0.5571,0.0],[103.6575,0.556,1.0035],[103.6581,0.5561,0.0],[103.6583,0.5569,0.0]]],
[[[104.241,0.5553,0.0],[104.2353,0.5625,0.0],[104.2331,0.5581,3.204],[104.2314,0.5579,0.0],[104.2315,0.5566,0.0],[104.2369,0.5547,0.0],[104.241,0.5553,0.0]]],
[[[104.2131,0.567,1.2157],[104.211,0.562,2.8217],[104.2098,0.562,2.8217],[104.2093,0.5633,1.4568],[104.2093,0.5673,0.359],[104.2065,0.5669,0.0],[104.2114,0.5564,0.6765],[104.2141,0.5593,3.529],[104.2173,0.5586,0.0],[104.2206,0.5602,0.0],[104.2176,0.5675,0.0],[104.2131,0.567,1.2157]]],
[[[103.661,0.5686,6.1751],[103.6566,0.5721,0.0],[103.6529,0.5711,0.0],[103.6528,0.5682,0.0],[103.6583,0.5603,3.4928],[103.6605,0.5524,2.3817],[103.6664,0.5549,0.0],[103.6675,0.5589,2.1179],[103.6653,0.5657,0.4123],[103.661,0.5686,6.1751]]],
[[[104.1998,0.6068,0.0],[104.2004,0.6083,0.0],[104.1944,0.609,0.0],[104.1939,0.5998,10.293],[104.1884,0.5932,6.9134],[104.1862,0.5932,2.1398],[104.1852,0.5882,10.2484],[104.187,0.574,13.5507],[104.1917,0.5603,5.3769],[104.1904,0.5532,8.8408],[104.1929,0.5475,2.8019],[104.1947,0.5474,2.8019],[104.1948,0.545,0.0],[104.1968,0.5462,3.8853],[104.193,0.563,0.3078],[104.1928,0.5704,2.0455],[104.1943,0.5708,4.1157],[104.1946,0.5627,0.3078],[104.1983,0.561,4.3414],[104.202,0.5644,0.0],[104.2039,0.5729,1.9053],[104.2071,0.5756,10.7789],[104.2124,0.574,10.3809],[104.2144,0.5718,2.1195],[104.2228,0.5746,2.9719],[104.2283,0.5692,2.0724],[104.2299,0.5701,0.0],[104.2253,0.5793,5.4407],[104.2167,0.5908,18.3907],[104.2084,0.5953,4.7639],[104.2052,0.595,7.0417],[104.2055,0.5962,0.0],[104.2023,0.5948,2.729],[104.2008,0.5992,2.6301],[104.202,0.6022,0.0],[104.1998,0.6068,0.0]]],
[[[104.3737,0.4547,0.0],[104.3744,0.4525,5.4849],[104.3761,0.4532,0.0],[104.3746,0.4552,2.8884],[104.3737,0.4547,0.0]]],
[[[104.4103,0.4433,1.0384],[104.4154,0.4443,1.594],[104.4144,0.4453,4.3103],[104.4157,0.4479,2.6844],[104.4187,0.4487,0.8438],[104.4179,0.452,0.2225],[104.4141,0.4513,0.1233],[104.4066,0.4465,3.6017],[104.4001,0.4459,1.4295],[104.3985,0.4475,0.5534],[104.3942,0.4479,1.0113],[104.3903,0.4438,2.106],[104.3938,0.4368,0.0],[104.3961,0.4359,5.8848],[104.3991,0.4411,1.8953],[104.4081,0.4442,3.9836],[104.4103,0.4433,1.0384]]],
[[[104.3883,0.4438,2.106],[104.3897,0.4442,2.106],[104.3909,0.4511,0.0],[104.3887,0.4524,0.7],[104.3869,0.4514,7.2593],[104.3819,0.4556,0.0],[104.3833,0.4527,8.5253],[104.3791,0.4504,14.3028],[104.3805,0.4469,28.691],[104.3774,0.4452,3.6087],[104.3803,0.4392,48.7461],[104.3792,0.4378,0.0],[104.3805,0.4352,0.0],[104.3831,0.4351,0.0],[104.3822,0.4382,1.1062],[104.3851,0.4381,0.0],[104.3844,0.4416,2.1434],[104.3876,0.4414,1.113],[104.3883,0.4438,2.106]]],
[[[104.4048,0.4555,1.2666],[104.401,0.4567,1.7005],[104.4003,0.454,2.226],[104.3994,0.4562,1.0226],[104.3967,0.4513,4.5583],[104.4007,0.4491,0.6343],[104.4009,0.4519,2.5157],[104.4017,0.4492,0.6343],[104.4074,0.4505,2.006],[104.4068,0.4522,3.9532],[104.4091,0.4516,0.0],[104.4091,0.454,0.0],[104.4048,0.4555,1.2666]]],
[[[104.3661,0.4535,12.7304],[104.3668,0.4512,7.1702],[104.3684,0.4516,0.0],[104.3691,0.4565,8.7827],[104.3707,0.4578,1.1689],[104.3692,0.4587,2.4302],[104.3661,0.4535,12.7304]]],
[[[104.4535,0.4782,3.8374],[104.4455,0.4799,1.8943],[104.4375,0.4846,0.1269],[104.4371,0.4824,1.6044],[104.4401,0.4785,0.6896],[104.4511,0.4714,0.9997],[104.4529,0.4631,4.0118],[104.4621,0.4543,0.0],[104.4599,0.4614,24.3792],[104.4574,0.4624,4.3238],[104.4556,0.4678,4.2403],[104.4566,0.4784,0.0],[104.4535,0.4782,3.8374]]],
[[[104.3185,0.2146,0.2792],[104.3193,0.2151,0.2792],[104.3156,0.2198,3.0218],[104.3169,0.215,3.9412],[104.3185,0.2146,0.2792]]],
[[[104.3195,0.2135,0.0],[104.32,0.2117,0.0],[104.3218,0.2128,0.0],[104.3203,0.2143,0.2792],[104.3195,0.2135,0.0]]],
[[[104.3293,0.2138,11.7579],[104.3321,0.2121,1.7246],[104.3244,0.2227,0.0],[104.3279,0.2154,0.0],[104.3293,0.2138,11.7579]]],
[[[104.3923,0.2121,3.4282],[104.3931,0.2102,1.4935],[104.3944,0.2093,1.4935],[104.3919,0.2146,0.0],[104.3923,0.2121,3.4282]]],
[[[104.4158,0.2146,0.3173],[104.4137,0.2174,0.0],[104.4105,0.2183,0.9108],[104.4069,0.2133,1.468],[104.4136,0.2108,2.1672],[104.4158,0.2146,0.3173]]],
[[[104.4828,0.219,1.8787],[104.4821,0.2205,15.7888],[104.4838,0.2209,2.7544],[104.4836,0.2234,1.7595],[104.4764,0.2236,0.0],[104.4823,0.2116,0.3355],[104.4839,0.2105,3.1043],[104.4835,0.2133,2.098],[104.486,0.2134,3.1521],[104.4913,0.2073,14.7832],[104.4925,0.2051,0.0],[104.5047,0.1969,0.0],[104.5036,0.2022,0.2624],[104.496,0.2126,0.0],[104.4911,0.214,8.0266],[104.4864,0.22,8.6149],[104.4849,0.2198,0.6724],[104.4844,0.2174,2.659],[104.4828,0.219,1.8787]]],
[[[104.5459,0.1412,0.0],[104.555,0.1302,1.5527],[104.5543,0.126,1.8971],[104.5752,0.107,0.0],[104.5871,0.0976,1.9477],[104.5919,0.0961,0.0],[104.6034,0.082,0.0],[104.6079,0.0829,0.0],[104.6154,0.079,2.8822],[104.6184,0.081,10.4704],[104.6125,0.091,1.5786],[104.6078,0.0927,4.4441],[104.6049,0.0964,1.012],[104.6031,0.1014,1.3926],[104.6108,0.0934,0.4987],[104.6145,0.092,0.0],[104.6155,0.0939,1.2416],[104.6169,0.0888,3.3257],[104.6211,0.0876,0.0],[104.627,0.0944,5.244],[104.6262,0.0983,0.3341],[104.6283,0.0939,5.244],[104.627,0.0922,3.3709],[104.6297,0.0886,2.2202],[104.6253,0.0881,0.0],[104.6263,0.0852,0.0],[104.6294,0.0844,1.8352],[104.6272,0.0844,2.9077],[104.6272,0.0832,1.7323],[104.6294,0.0795,4.5155],[104.6346,0.0783,0.6181],[104.6334,0.0767,6.4568],[104.6248,0.0769,8.4449],[104.6214,0.0752,3.7403],[104.6376,0.0615,34.0767],[104.6448,0.0524,0.0],[104.6498,0.0507,10.1823],[104.6576,0.0405,0.9314],[104.6716,0.0286,0.0],[104.683,0.021,18.9936],[104.6922,0.0172,35.4595],[104.6963,0.0158,0.0],[104.7015,0.0182,0.0],[104.7017,0.0221,2.0642],[104.7097,0.0379,0.0],[104.7035,0.0479,1.2063],[104.6873,0.052,21.9557],[104.676,0.0653,3.7665],[104.6712,0.0665,4.6812],[104.6637,0.0738,0.0],[104.6503,0.0931,18.6939],[104.6309,0.1115,13.868],[104.6155,0.1327,5.6132],[104.6086,0.138,33.6047],[104.6096,0.1399,48.8789],[104.6083,0.1456,8.611],[104.6049,0.1509,0.0],[104.5917,0.1613,7.7637],[104.5854,0.1715,3.0818],[104.5738,0.1819,4.859],[104.5565,0.2035,5.7982],[104.5481,0.2108,5.5173],[104.5463,0.2106,56.7533],[104.5451,0.2074,48.1468],[104.5436,0.2084,36.8042],[104.5431,0.2118,75.6677],[104.5449,0.2125,7.7944],[104.5444,0.214,19.5174],[104.5417,0.2145,56.9056],[104.5425,0.2162,23.7659],[104.5405,0.2194,34.5648],[104.5282,0.2337,46.3479],[104.5264,0.2334,46.3479],[104.5252,0.239,0.0],[104.5206,0.2416,9.6474],[104.5178,0.2461,9.1945],[104.5128,0.247,0.0],[104.5135,0.2407,0.0],[104.53,0.2135,5.4157],[104.5249,0.2183,1.1361],[104.5211,0.2172,0.0],[104.5161,0.2193,0.5142],[104.5168,0.2232,0.0],[104.5156,0.2252,0.9985],[104.5129,0.2249,1.609],[104.5117,0.2274,0.5821],[104.5095,0.2284,0.0],[104.5067,0.2265,1.448],[104.5071,0.2287,0.4377],[104.5029,0.2343,3.7417],[104.5017,0.2353,3.7417],[104.4995,0.2343,2.4497],[104.4985,0.2389,0.0],[104.4944,0.2372,1.2647],[104.4946,0.2418,7.5422],[104.4904,0.2452,3.2865],[104.4887,0.2457,2.2874],[104.4852,0.2433,17.8872],[104.4855,0.2411,17.8713],[104.4825,0.2372,47.743],[104.4786,0.2423,1.6667],[104.4759,0.2382,0.0],[104.4882,0.2263,6.0411],[104.4934,0.2168,0.7182],[104.5027,0.211,1.9825],[104.5085,0.2035,0.0],[104.5161,0.1993,1.3906],[104.5215,0.1928,0.0],[104.5292,0.1886,1.1502],[104.5287,0.1852,2.9003],[104.5254,0.185,3.8856],[104.5196,0.1908,0.6029],[104.5112,0.1948,3.8158],[104.5065,0.1926,4.2028],[104.5061,0.1908,14.455],[104.5134,0.1833,0.0],[104.5174,0.1815,4.8356],[104.5179,0.1781,0.0],[104.5202,0.1766,27.1925],[104.5266,0.1644,5.1868],[104.5363,0.1516,0.0],[104.5427,0.1461,1.0371],[104.5436,0.1492,0.3874],[104.5382,0.157,22.9761],[104.5463,0.1494,1.0099],[104.5459,0.1553,26.0206],[104.5495,0.1543,0.0],[104.5501,0.1602,0.5504],[104.5463,0.1601,5.6707],[104.5436,0.1651,2.083],[104.5432,0.167,1.8179],[104.5453,0.1682,0.4422],[104.5532,0.1629,26.4641],[104.5538,0.1543,0.5282],[104.5569,0.146,0.0],[104.5648,0.1428,2.0452],[104.57,0.1424,6.7743],[104.568,0.1405,6.3698],[104.5692,0.1356,0.5665],[104.5646,0.1402,1.1989],[104.5602,0.1394,1.1263],[104.5549,0.1414,14.0458],[104.5493,0.1495,0.725],[104.5463,0.1465,0.0],[104.5459,0.1412,0.0]]],
[[[104.3736,0.214,10.1246],[104.3596,0.2244,1.682],[104.3662,0.2166,0.324],[104.3719,0.2131,1.2441],[104.3736,0.214,10.1246]]],
[[[104.3897,0.2176,14.7902],[104.3847,0.2232,0.4978],[104.3863,0.2183,9.9917],[104.3889,0.2163,6.0321],[104.3897,0.2176,14.7902]]],
[[[104.4768,0.2258,0.5548],[104.4763,0.2252,0.0],[104.4777,0.2259,0.5548],[104.4772,0.2264,0.5548],[104.4768,0.2258,0.5548]]],
[[[104.5175,0.2327,1.55],[104.513,0.2378,0.0],[104.512,0.2337,0.0],[104.5134,0.2298,0.0],[104.5169,0.2299,0.0],[104.5175,0.2327,1.55]]],
[[[104.3286,0.2471,0.0],[104.3281,0.2475,0.0],[104.3271,0.2475,0.0],[104.3278,0.2467,0.0],[104.3286,0.2471,0.0]]],
[[[104.3531,0.239,0.0],[104.3533,0.2371,0.0],[104.3544,0.2366,0.0],[104.354,0.2393,1.7807],[104.3531,0.239,0.0]]],
[[[104.4677,0.2251,0.0],[104.4713,0.2238,0.0],[104.4702,0.2265,5.0983],[104.4611,0.232,0.7095],[104.4595,0.2312,0.0],[104.4603,0.2298,0.0],[104.4677,0.2251,0.0]]],
[[[104.448,0.2461,2.0639],[104.444,0.2483,0.8442],[104.4402,0.2466,7.8438],[104.4505,0.2388,2.8894],[104.4457,0.2369,0.0],[104.4473,0.2348,1.308],[104.4543,0.233,0.0],[104.4588,0.235,0.1892],[104.4645,0.2308,9.3706],[104.4742,0.2278,1.6328],[104.4654,0.2371,0.0],[104.464,0.2365,15.8633],[104.4597,0.2397,11.023],[104.459,0.2429,0.3098],[104.4566,0.2425,0.7987],[104.4547,0.2464,0.0],[104.453,0.2452,3.3623],[104.448,0.2461,2.0639]]],
[[[104.4806,0.2505,0.0],[104.4777,0.2533,0.0],[104.4754,0.2506,4.2001],[104.4792,0.245,0.0],[104.4824,0.2475,4.3648],[104.4806,0.2505,0.0]]],
[[[104.449,0.2493,1.8064],[104.4472,0.2487,4.0675],[104.4472,0.2499,1.667],[104.4459,0.2483,0.8442],[104.4529,0.2466,1.1177],[104.4499,0.2494,1.8064],[104.449,0.2493,1.8064]]],
[[[104.4395,0.2489,0.0],[104.4346,0.2505,1.4124],[104.439,0.246,4.6308],[104.4406,0.2481,2.673],[104.4395,0.2489,0.0]]],
[[[104.3709,0.7377,6.0151],[104.3697,0.7394,4.5891],[104.3649,0.739,0.0],[104.3658,0.7379,7.1569],[104.3709,0.7377,6.0151]]],
[[[103.7279,0.7398,2.6122],[103.7267,0.7412,4.2409],[103.7235,0.7405,0.0],[103.7254,0.7384,0.0],[103.7293,0.7386,0.0],[103.7279,0.7398,2.6122]]],
[[[104.1819,0.7388,0.5002],[104.1813,0.7373,7.0907],[104.184,0.7381,0.0],[104.1826,0.7392,0.0],[104.1819,0.7388,0.5002]]],
[[[104.1813,0.7395,0.5002],[104.181,0.7403,0.5002],[104.1803,0.74,0.0],[104.1805,0.7391,0.5002],[104.1813,0.7395,0.5002]]],
[[[103.582,0.7456,3.7671],[103.5862,0.7453,0.0],[103.5821,0.7502,5.2941],[103.5812,0.7496,0.0],[103.582,0.7456,3.7671]]],
[[[103.7203,0.7408,0.8917],[103.7195,0.7402,0.0],[103.7195,0.7399,0.0],[103.7205,0.74,0.0],[103.7203,0.7408,0.8917]]],
[[[104.5883,0.747,0.0],[104.5861,0.7499,0.4145],[104.584,0.7498,3.2422],[104.5837,0.7479,0.0],[104.5863,0.7455,4.3801],[104.5877,0.7451,0.0],[104.5883,0.747,0.0]]],
[[[104.1788,0.7419,0.0],[104.1799,0.7415,0.0],[104.181,0.7424,0.0],[104.1799,0.743,2.7208],[104.1788,0.7419,0.0]]],
[[[103.9519,0.7487,0.0],[103.9531,0.7479,0.0],[103.9538,0.749,0.0],[103.9521,0.7491,0.0],[103.9519,0.7487,0.0]]],
[[[103.8552,0.7492,4.8678],[103.8557,0.7498,0.0],[103.8538,0.7507,0.0],[103.8537,0.7492,4.8678],[103.8552,0.7492,4.8678]]],
[[[104.7993,0.7537,0.0],[104.7987,0.7554,1.2665],[104.7973,0.7541,0.0],[104.7975,0.7532,0.0],[104.7993,0.7537,0.0]]],
[[[103.5285,0.7792,4.5766],[103.5285,0.7777,4.5911],[103.5297,0.7768,0.0],[103.5302,0.7811,0.0],[103.5285,0.7792,4.5766]]],
[[[103.5531,0.7542,0.0],[103.5489,0.7563,1.763],[103.5475,0.7522,0.0],[103.5511,0.7496,0.0],[103.5532,0.7515,0.0],[103.5531,0.7542,0.0]]],
[[[104.7009,0.7622,0.0],[104.6909,0.7634,0.523],[104.6912,0.7616,2.5107],[104.6891,0.7601,2.8632],[104.697,0.7374,0.2425],[104.7012,0.7376,-1.431],[104.7083,0.7419,-1.3067],[104.7127,0.7415,-0.6782],[104.7155,0.7445,9.6062],[104.7129,0.7526,13.8154],[104.715,0.7594,1.8893],[104.7098,0.7615,4.4934],[104.7009,0.7622,0.0]]],
[[[104.4832,0.7547,0.0],[104.4853,0.7552,0.0],[104.4847,0.7619,8.353],[104.4829,0.7607,0.0],[104.4808,0.752,0.0],[104.4832,0.7547,0.0]]],
[[[104.3114,0.7624,2.4743],[104.308,0.7634,5.1027],[104.2987,0.7561,0.6335],[104.314,0.7527,3.3179],[104.3165,0.7489,3.3756],[104.3278,0.7534,0.0],[104.3322,0.7517,0.0],[104.3332,0.7493,4.5184],[104.3384,0.7497,0.0],[104.3439,0.7479,1.4791],[104.3532,0.7392,2.3696],[104.3566,0.7403,0.0],[104.3581,0.7451,0.0],[104.3555,0.7494,0.0],[104.3356,0.7554,4.9139],[104.3319,0.7584,2.3811],[104.3323,0.7602,0.4352],[104.3276,0.7584,4.497],[104.3114,0.7624,2.4743]]],
[[[103.9762,0.751,2.7479],[103.9689,0.7547,1.718],[103.9638,0.7525,0.0],[103.963,0.748,0.0],[103.9744,0.7503,0.0],[103.9762,0.7489,1.7781],[103.9775,0.7497,3.0421],[103.9762,0.751,2.7479]]],
[[[103.9414,0.7488,0.0],[103.9418,0.7482,0.0],[103.942,0.7549,0.0],[103.9389,0.7515,4.8632],[103.9414,0.7488,0.0]]],
[[[103.7385,0.7548,2.3195],[103.7306,0.7578,2.807],[103.7242,0.7542,3.7085],[103.7195,0.7547,0.0],[103.724,0.7511,9.9942],[103.7299,0.7491,2.9357],[103.7388,0.7514,1.5971],[103.7396,0.7547,2.3195],[103.7385,0.7548,2.3195]]],
[[[103.86,0.7599,7.6831],[103.8606,0.7581,6.7663],[103.8621,0.7569,0.0],[103.8598,0.761,0.0],[103.86,0.7599,7.6831]]],
[[[103.5523,0.7658,0.0],[103.5533,0.7672,0.0],[103.5519,0.7676,0.0],[103.5514,0.7662,0.0],[103.5523,0.7658,0.0]]],
[[[104.6766,0.7711,5.735],[104.6788,0.7691,1.1141],[104.6783,0.7721,0.0],[104.6769,0.7725,0.0],[104.6766,0.7711,5.735]]],
[[[103.8477,0.7717,0.0],[103.8475,0.7708,0.0],[103.8481,0.7706,0.0],[103.8487,0.7713,0.0],[103.8477,0.7717,0.0]]],
[[[103.6295,0.76,0.0],[103.6274,0.7605,0.0],[103.6266,0.7594,0.0],[103.6289,0.7587,0.0],[103.6295,0.76,0.0]]],
[[[104.6477,0.7665,0.0],[104.6472,0.7665,0.0],[104.6472,0.7653,0.0],[104.6477,0.7654,0.0],[104.6477,0.7665,0.0]]],
[[[103.9784,0.7649,0.0],[103.9807,0.7618,0.0],[103.9803,0.766,1.9095],[103.9775,0.7705,0.0],[103.9765,0.7686,0.0],[103.9784,0.7649,0.0]]],
[[[103.8567,0.7615,10.3932],[103.8586,0.7613,0.0],[103.8569,0.7649,0.0],[103.8571,0.7626,7.3528],[103.8567,0.7615,10.3932]]],
[[[103.6896,0.7603,0.0],[103.6868,0.7635,6.9306],[103.6837,0.761,5.5423],[103.6864,0.7566,0.0],[103.6896,0.7603,0.0]]],
[[[103.6764,0.7583,0.6883],[103.6803,0.7582,2.0602],[103.6802,0.7659,23.4972],[103.6785,0.7684,23.4615],[103.6731,0.7637,7.1399],[103.669,0.7625,1.5363],[103.67,0.7606,1.2174],[103.6764,0.7583,0.6883]]],
[[[103.6632,0.7661,4.9369],[103.6653,0.7643,3.6917],[103.6671,0.7634,0.0],[103.6606,0.7685,2.1977],[103.6632,0.7661,4.9369]]],
[[[103.8541,0.7688,2.5095],[103.8511,0.7697,1.2116],[103.8489,0.7656,5.1688],[103.8527,0.763,0.0],[103.8541,0.7688,2.5095]]],
[[[104.4471,0.7708,4.7923],[104.448,0.7708,0.0],[104.4483,0.7718,0.0],[104.4458,0.7702,1.9282],[104.4471,0.7708,4.7923]]],
[[[104.4451,0.7696,1.9282],[104.4446,0.7689,1.9282],[104.4451,0.7684,0.0],[104.4455,0.769,1.9282],[104.4451,0.7696,1.9282]]],
[[[103.9609,0.7644,0.0],[103.9666,0.7688,0.0],[103.9653,0.776,0.0],[103.963,0.7778,0.7054],[103.9578,0.768,3.0128],[103.9546,0.7675,5.1231],[103.9509,0.7638,0.0],[103.9555,0.7614,1.3781],[103.9609,0.7644,0.0]]],
[[[104.2855,0.7714,0.0],[104.285,0.7714,0.0],[104.2849,0.7711,0.0],[104.2855,0.7711,0.0],[104.2855,0.7714,0.0]]],
[[[104.284,0.7722,0.0],[104.2848,0.7727,0.0],[104.2823,0.772,0.0],[104.2825,0.7717,0.0],[104.284,0.7722,0.0]]],
[[[104.4364,0.773,0.0],[104.4359,0.773,0.0],[104.4359,0.7726,0.0],[104.4365,0.7725,0.0],[104.4364,0.773,0.0]]],
[[[104.1839,0.778,2.357],[104.1856,0.7769,1.0431],[104.1863,0.7779,1.7746],[104.1847,0.7789,0.0],[104.1839,0.778,2.357]]],
[[[104.4337,0.7738,5.5378],[104.4346,0.7751,5.5378],[104.4324,0.7752,0.0],[104.4326,0.7738,0.0],[104.4337,0.7738,5.5378]]],
[[[104.1786,0.7808,4.2766],[104.1802,0.7795,0.0],[104.1811,0.7795,0.0],[104.1791,0.7819,4.2766],[104.1786,0.7808,4.2766]]],
[[[104.8159,0.7883,32.7047],[104.8149,0.7921,0.0],[104.8095,0.7877,0.0],[104.8129,0.7862,2.5393],[104.8159,0.7883,32.7047]]],
[[[104.7011,0.7943,0.0],[104.7,0.7925,-0.1379],[104.6995,0.7943,0.1501],[104.6979,0.7939,0.9198],[104.6959,0.7905,-0.4343],[104.6911,0.7883,1.9211],[104.6909,0.7866,2.5101],[104.6893,0.7868,0.9762],[104.6883,0.7815,1.0735],[104.6855,0.7811,-0.0769],[104.687,0.7746,0.8236],[104.6919,0.7694,1.244],[104.6945,0.7694,1.854],[104.7034,0.7644,1.3389],[104.7099,0.7646,1.8703],[104.7223,0.7611,3.3691],[104.7364,0.7531,1.9125],[104.7462,0.7513,0.7368],[104.7508,0.754,-1.3034],[104.7537,0.758,0.5578],[104.7519,0.7653,2.0219],[104.7538,0.7684,5.4907],[104.7507,0.7701,-1.0965],[104.7525,0.7728,2.2902],[104.7509,0.773,2.2902],[104.7491,0.7772,2.4179],[104.7491,0.7817,-0.1606],[104.7466,0.7836,-0.3367],[104.7466,0.7876,-0.1928],[104.7409,0.7887,0.5634],[104.7376,0.7915,0.679],[104.7306,0.7908,-0.6699],[104.7292,0.7895,-0.21],[104.7265,0.7903,-0.6183],[104.7249,0.7885,2.0972],[104.7203,0.7905,-0.2225],[104.7193,0.7883,0.8347],[104.7171,0.7878,-0.0072],[104.7074,0.7917,-0.3267],[104.7022,0.7908,-1.1195],[104.7006,0.792,1.8536],[104.7011,0.7943,0.0]]],
[[[104.5159,0.7559,0.0],[104.5218,0.7619,5.5623],[104.5291,0.7631,1.1604],[104.5306,0.765,1.1837],[104.5346,0.7646,0.0],[104.5361,0.7681,2.2898],[104.5396,0.7708,3.0293],[104.5499,0.7745,1.7523],[104.5619,0.7739,1.27],[104.563,0.7754,1.27],[104.5797,0.7715,0.0],[104.5876,0.7768,1.06],[104.5864,0.7843,0.0],[104.585,0.7866,0.9539],[104.5762,0.7905,0.0],[104.5727,0.7937,4.2268],[104.5699,0.7931,1.973],[104.5701,0.7916,2.4002],[104.5688,0.7917,2.5616],[104.5688,0.792,2.5616],[104.5699,0.792,2.4002],[104.5692,0.7957,0.1883],[104.5546,0.7919,5.9103],[104.5536,0.7928,0.8322],[104.551,0.7903,3.4982],[104.5477,0.7971,0.0],[104.5445,0.7969,0.369],[104.5442,0.7934,3.1336],[104.5406,0.794,0.1757],[104.5371,0.7905,0.0],[104.536,0.7849,2.6189],[104.5332,0.7857,0.0],[104.5335,0.7841,1.2365],[104.5284,0.7844,0.0],[104.5254,0.7818,3.0153],[104.5213,0.7826,0.0],[104.5168,0.7775,0.4121],[104.5102,0.7748,2.4316],[104.507,0.762,0.4786],[104.5109,0.7491,0.5876],[104.5095,0.744,0.0],[104.5162,0.7444,0.0],[104.5141,0.7493,0.0],[104.5166,0.7529,0.0],[104.5159,0.7559,0.0]]],
[[[104.5981,0.793,2.1404],[104.594,0.7937,2.3625],[104.5867,0.7915,7.7215],[104.5899,0.7761,0.0],[104.5789,0.769,0.0],[104.5789,0.7587,0.0],[104.5833,0.7523,0.6969],[104.5899,0.7527,0.7593],[104.5944,0.7551,0.0],[104.6188,0.7758,0.0],[104.6275,0.7794,0.0],[104.6315,0.7833,0.0],[104.6367,0.7841,4.801],[104.6332,0.7919,0.7533],[104.63,0.7914,2.6376],[104.6257,0.7866,2.1807],[104.6223,0.7855,0.4065],[104.6129,0.7873,0.324],[104.6099,0.7895,1.4686],[104.6075,0.7889,2.3262],[104.6061,0.7912,2.0723],[104.6035,0.7919,2.6202],[104.6025,0.7907,2.6202],[104.5981,0.793,2.1404]]],
[[[103.5439,0.7945,5.4288],[103.5411,0.7927,8.3761],[103.5376,0.7955,0.0],[103.5342,0.7934,7.3647],[103.5344,0.7872,6.5278],[103.5315,0.7822,0.0],[103.5306,0.7766,4.1535],[103.532,0.7607,0.0],[103.5423,0.7552,0.0],[103.5445,0.7555,20.8795],[103.5461,0.7597,9.742],[103.5443,0.7624,2.9781],[103.5444,0.7678,5.649],[103.5488,0.7699,0.0],[103.5505,0.7745,2.298],[103.5527,0.7748,1.4422],[103.5547,0.7776,5.3422],[103.5534,0.7794,1.8451],[103.5543,0.7846,3.5303],[103.551,0.7869,1.3641],[103.5501,0.7923,0.2475],[103.5439,0.7945,5.4288]]],
[[[104.5167,0.781,0.9269],[104.5171,0.7823,0.5392],[104.5143,0.7834,1.5744],[104.512,0.7811,2.0234],[104.5128,0.7795,0.0],[104.5167,0.781,0.9269]]],
[[[103.7698,0.7826,19.4002],[103.7735,0.7792,1.499],[103.7731,0.7818,1.3747],[103.7684,0.7857,0.0],[103.7698,0.7826,19.4002]]],
[[[103.8699,0.7771,0.0],[103.869,0.781,3.2539],[103.8596,0.7916,1.0461],[103.8585,0.7886,1.3209],[103.8632,0.7845,0.5953],[103.8651,0.7778,4.3506],[103.8687,0.7737,0.0],[103.871,0.7743,6.9826],[103.8699,0.7771,0.0]]],
[[[103.5346,0.8023,0.4298],[103.5343,0.8056,1.656],[103.5319,0.8056,0.0],[103.5329,0.8034,6.2581],[103.5346,0.8023,0.4298]]],
[[[103.7131,0.7967,17.3856],[103.7087,0.7981,4.007],[103.7105,0.7915,1.4615],[103.7172,0.7884,0.0],[103.7183,0.7928,0.0],[103.7131,0.7967,17.3856]]],
[[[103.7211,0.7898,0.0],[103.7205,0.7894,0.0],[103.7213,0.789,0.0],[103.7215,0.7895,0.0],[103.7211,0.7898,0.0]]],
[[[104.6471,0.7914,2.5788],[104.6434,0.7931,1.4151],[104.6414,0.7921,1.4151],[104.6459,0.7903,0.0],[104.6471,0.7914,2.5788]]],
[[[104.6511,0.7914,0.0],[104.6514,0.7923,0.0],[104.6507,0.7924,0.0],[104.6506,0.7919,0.0],[104.6511,0.7914,0.0]]],
[[[104.4944,0.7852,0.0],[104.4961,0.7855,0.0],[104.4962,0.7861,0.0],[104.4958,0.7863,0.0],[104.4944,0.7852,0.0]]],
[[[104.5166,0.7873,4.087],[104.518,0.7835,0.0],[104.5194,0.787,7.5512],[104.5181,0.7882,3.2131],[104.5166,0.7873,4.087]]],
[[[104.1975,0.7842,1.9191],[104.1983,0.7906,0.7951],[104.1943,0.7875,0.2831],[104.1973,0.7866,0.5448],[104.1975,0.7842,1.9191]]],
[[[103.7258,0.7864,0.0],[103.7259,0.788,0.0],[103.7245,0.7891,0.0],[103.7243,0.7865,5.0642],[103.7258,0.7864,0.0]]],
[[[103.7546,0.7839,0.0],[103.7539,0.7829,2.3105],[103.7542,0.7821,2.3105],[103.7553,0.7835,0.0],[103.7546,0.7839,0.0]]],
[[[103.751,0.784,0.0],[103.7503,0.784,0.0],[103.7503,0.7826,0.0],[103.751,0.7834,0.0],[103.751,0.784,0.0]]],
[[[104.1881,0.7852,4.5746],[104.1868,0.7854,4.5746],[104.1889,0.7833,5.0337],[104.189,0.7846,0.7278],[104.1881,0.7852,4.5746]]],
[[[103.9661,0.7845,0.3916],[103.9625,0.7871,0.0],[103.9637,0.7848,0.0],[103.9671,0.7828,0.0],[103.9661,0.7845,0.3916]]],
[[[103.8439,0.7806,9.2399],[103.8437,0.7857,0.0],[103.8376,0.7932,5.4846],[103.836,0.8022,0.0],[103.8317,0.7921,4.2099],[103.8338,0.784,2.6092],[103.8409,0.7831,0.8682],[103.8439,0.7806,9.2399]]],
[[[104.1509,0.7886,0.0],[104.1504,0.7889,1.5435],[104.1501,0.7884,0.0],[104.1506,0.7881,0.0],[104.1509,0.7886,0.0]]],
[[[104.2085,0.7944,1.5417],[104.2023,0.796,3.0413],[104.2006,0.7948,3.6263],[104.199,0.7867,3.6295],[104.2022,0.7807,1.3949],[104.2051,0.783,9.7722],[104.2125,0.7829,1.0997],[104.2096,0.7893,0.0],[104.2104,0.7931,0.0],[104.2085,0.7944,1.5417]]],
[[[104.2198,0.7907,0.0],[104.2137,0.7912,1.4887],[104.212,0.7901,0.7114],[104.2167,0.7865,0.0],[104.2198,0.7907,0.0]]],
[[[104.7486,0.7976,-0.8674],[104.7467,0.8046,-0.5601],[104.7422,0.8016,-0.6285],[104.7381,0.7955,0.2033],[104.742,0.7934,0.0],[104.7486,0.7976,-0.8674]]],
[[[104.698,0.7987,6.304],[104.6988,0.7968,0.0],[104.7002,0.8002,2.5057],[104.6983,0.8001,8.7147],[104.698,0.7987,6.304]]],
[[[104.6267,0.796,3.545],[104.6285,0.795,0.0],[104.6298,0.7966,0.0],[104.6272,0.798,0.4626],[104.6267,0.796,3.545]]],
[[[104.6245,0.7975,1.136],[104.6204,0.7983,1.6419],[104.6159,0.7917,0.0],[104.624,0.7903,0.0],[104.6261,0.7939,16.0902],[104.6245,0.7975,1.136]]],
[[[104.2204,0.7977,1.0694],[104.2169,0.7989,0.0],[104.2126,0.7975,0.0],[104.2148,0.7947,0.0],[104.2224,0.7935,0.0],[104.2229,0.7975,0.8973],[104.2204,0.7977,1.0694]]],
[[[104.5819,0.7963,1.635],[104.5772,0.7982,1.2106],[104.575,0.7961,0.0],[104.5784,0.7921,5.9689],[104.5832,0.7906,6.6271],[104.5842,0.7941,0.0],[104.5819,0.7963,1.635]]],
[[[104.5068,0.7957,0.369],[104.5026,0.7972,0.0],[104.5047,0.7938,1.9977],[104.508,0.7943,0.0],[104.5068,0.7957,0.369]]],
[[[104.2027,0.7983,0.0],[104.2055,0.7986,0.0],[104.2048,0.8021,0.6095],[104.2024,0.802,2.9137],[104.2027,0.7983,0.0]]],
[[[103.7231,0.8015,0.0],[103.7242,0.7997,1.614],[103.7258,0.8005,0.0],[103.7258,0.8016,0.0],[103.7231,0.8015,0.0]]],
[[[104.2117,0.7955,0.528],[104.212,0.7967,0.528],[104.2093,0.7975,1.7944],[104.2092,0.7959,3.0265],[104.2117,0.7955,0.528]]],
[[[104.6138,0.8005,0.0],[104.6109,0.8012,1.2405],[104.6072,0.7997,0.9428],[104.6065,0.796,2.5221],[104.6111,0.7938,2.355],[104.6143,0.7947,1.7382],[104.6164,0.8003,2.9121],[104.6138,0.8005,0.0]]],
[[[104.4841,0.8001,1.01],[104.4837,0.7997,1.01],[104.4843,0.7978,0.0],[104.4848,0.8002,1.01],[104.4841,0.8001,1.01]]],
[[[104.5608,0.8029,2.1064],[104.5562,0.8032,2.415],[104.5526,0.7977,0.0],[104.5556,0.7953,0.0],[104.559,0.7956,10.1486],[104.5664,0.7996,0.0],[104.5649,0.8017,7.2901],[104.5608,0.8029,2.1064]]],
[[[104.7406,0.807,0.0315],[104.7403,0.8055,0.0315],[104.7405,0.8051,0.0],[104.742,0.8069,0.0315],[104.7406,0.807,0.0315]]],
[[[104.6745,0.8001,0.0],[104.6763,0.8045,-0.1808],[104.672,0.8027,0.0],[104.6701,0.7997,0.0],[104.6745,0.8001,0.0]]],
[[[104.2736,0.8044,0.0],[104.2731,0.8041,0.0],[104.2731,0.8037,0.0],[104.2738,0.8038,0.0],[104.2736,0.8044,0.0]]],
[[[104.6472,0.8082,-0.1308],[104.6448,0.8094,0.0],[104.6406,0.807,5.4892],[104.6355,0.8008,1.3808],[104.6383,0.7989,2.3396],[104.6411,0.7992,1.7361],[104.6431,0.8019,2.6787],[104.6458,0.8012,0.0],[104.6456,0.8068,-0.0071],[104.6472,0.8082,-0.1308]]],
[[[104.6074,0.8044,2.179],[104.6086,0.8029,3.2895],[104.6105,0.8041,15.0655],[104.6084,0.8056,0.0],[104.6074,0.8044,2.179]]],
[[[104.2911,0.8049,0.0],[104.2911,0.8054,0.0],[104.2909,0.8054,0.0],[104.2908,0.8049,0.0],[104.2911,0.8049,0.0]]],
[[[104.5305,0.8045,0.0],[104.5278,0.8064,3.6873],[104.5261,0.8057,0.0],[104.528,0.8044,0.8477],[104.5305,0.8045,0.0]]],
[[[104.6376,0.8078,1.1611],[104.6385,0.8065,0.0],[104.6395,0.8077,0.0],[104.6393,0.808,1.1611],[104.6376,0.8078,1.1611]]],
[[[104.2447,0.6524,0.0],[104.2445,0.6532,0.0],[104.2426,0.6529,5.3472],[104.2432,0.6521,5.3472],[104.2447,0.6524,0.0]]],
[[[104.242,0.6558,0.0],[104.2415,0.6555,0.0],[104.2419,0.655,0.0],[104.2426,0.6556,0.0],[104.242,0.6558,0.0]]],
[[[103.5807,0.6492,0.0],[103.5834,0.6476,0.0],[103.5843,0.6485,0.0],[103.5831,0.6523,0.0],[103.5805,0.6514,0.0],[103.5807,0.6492,0.0]]],
[[[104.2365,0.655,0.8788],[104.2361,0.6571,0.0],[104.2325,0.6568,1.7938],[104.2348,0.6543,9.9389],[104.2344,0.6516,0.0],[104.2365,0.6513,8.5749],[104.2367,0.6491,3.6837],[104.2399,0.6472,7.1292],[104.2411,0.649,5.0768],[104.2365,0.655,0.8788]]],
[[[107.2347,0.6905,0.0],[107.2304,0.6956,0.0],[107.2287,0.6879,0.0],[107.2347,0.6862,0.0],[107.2347,0.6905,0.0]]],
[[[104.306,0.6725,2.7592],[104.3059,0.6711,1.1932],[104.3065,0.6698,0.0],[104.3074,0.6737,2.7592],[104.306,0.6725,2.7592]]],
[[[104.3037,0.6733,0.5963],[104.3028,0.6729,0.5963],[104.3029,0.672,0.0],[104.3049,0.6738,0.0],[104.3037,0.6733,0.5963]]],
[[[103.5812,0.6563,5.9604],[103.5778,0.6623,0.0],[103.5718,0.6621,0.0],[103.5738,0.6557,1.4953],[103.5797,0.6539,1.4585],[103.5812,0.6563,5.9604]]],
[[[104.2394,0.6597,0.0],[104.2401,0.6587,0.0],[104.2406,0.6587,0.0],[104.2406,0.66,1.3417],[104.2394,0.6597,0.0]]],
[[[103.5681,0.67,1.2508],[103.5679,0.6689,1.2508],[103.5689,0.6686,0.0],[103.5689,0.6694,1.2508],[103.5681,0.67,1.2508]]],
[[[103.5869,0.6643,3.8766],[103.5841,0.6652,24.5384],[103.5835,0.6648,0.0],[103.5853,0.6622,16.1343],[103.5869,0.6643,3.8766]]],
[[[104.2422,0.6626,0.0],[104.2432,0.6636,0.0],[104.2437,0.6656,0.0],[104.2416,0.6638,0.0],[104.2422,0.6626,0.0]]],
[[[104.2238,0.6678,0.0],[104.2214,0.6682,0.0],[104.226,0.665,1.8485],[104.2284,0.6654,0.0],[104.2249,0.6668,9.6769],[104.2238,0.6678,0.0]]],
[[[103.5558,0.672,0.0],[103.5588,0.6715,0.0],[103.5591,0.6757,0.0],[103.5563,0.6762,0.0],[103.5558,0.672,0.0]]],
[[[104.2755,0.677,6.1397],[104.2742,0.6769,1.053],[104.2773,0.674,1.1321],[104.2769,0.6759,6.1397],[104.2755,0.677,6.1397]]],
[[[103.5131,0.7022,1.9956],[103.5072,0.7031,4.2898],[103.5028,0.7063,0.859],[103.4975,0.6977,6.7186],[103.4962,0.6921,6.0177],[103.5169,0.694,2.6473],[103.5162,0.6967,0.0],[103.518,0.699,0.0],[103.5138,0.7002,1.8255],[103.5131,0.7022,1.9956]]],
[[[104.7733,0.7183,0.7687],[104.7727,0.7179,0.0],[104.773,0.7172,0.0],[104.7737,0.7175,0.7687],[104.7733,0.7183,0.7687]]],
[[[104.6275,0.7038,0.0],[104.6274,0.7034,0.0],[104.6282,0.7031,0.0],[104.628,0.7038,0.0],[104.6275,0.7038,0.0]]],
[[[103.5635,0.7107,4.4715],[103.5644,0.7095,1.7866],[103.5656,0.7108,5.133],[103.5645,0.7117,4.4715],[103.5635,0.7107,4.4715]]],
[[[104.2084,0.715,0.0],[104.2082,0.7157,0.0],[104.2083,0.7142,0.0],[104.2085,0.7144,0.0],[104.2084,0.715,0.0]]],
[[[103.527,0.6863,0.6479],[103.5299,0.6867,0.6999],[103.5284,0.6895,0.0],[103.5262,0.6889,0.0],[103.527,0.6863,0.6479]]],
[[[103.5419,0.6885,0.0],[103.5441,0.6854,0.0],[103.5453,0.6862,0.0],[103.5437,0.69,0.0],[103.5419,0.6885,0.0]]],
[[[103.5339,0.6917,4.4914],[103.5332,0.6905,4.4914],[103.5349,0.6907,0.0],[103.5345,0.692,0.0],[103.5339,0.6917,4.4914]]],
[[[103.566,0.6968,2.684],[103.5645,0.6967,0.0],[103.5648,0.6959,0.0],[103.5657,0.6956,2.684],[103.566,0.6968,2.684]]],
[[[104.2646,0.6976,1.0361],[104.262,0.6959,0.8631],[104.2644,0.6952,0.0],[104.2657,0.6968,0.0],[104.2646,0.6976,1.0361]]],
[[[103.556,0.7016,6.5703],[103.5536,0.7011,4.7159],[103.5527,0.699,0.0],[103.5556,0.6965,0.0],[103.5573,0.6972,0.0],[103.5571,0.7015,0.0],[103.556,0.7016,6.5703]]],
[[[104.6198,0.7159,0.8665],[104.619,0.7174,1.5],[104.6201,0.7217,0.7228],[104.6138,0.7201,1.2462],[104.6091,0.7119,2.0022],[104.5977,0.708,0.0],[104.5967,0.7056,1.022],[104.6009,0.7036,3.7578],[104.6036,0.6986,0.0],[104.6048,0.6997,7.8185],[104.6076,0.6989,14.7358],[104.6085,0.7017,0.6688],[104.6107,0.6983,0.0],[104.6153,0.6992,8.2011],[104.6196,0.6972,0.0],[104.6203,0.7006,10.4366],[104.6226,0.7006,0.0],[104.6217,0.7061,0.3098],[104.6258,0.7106,0.0],[104.6198,0.7159,0.8665]]],
[[[104.3369,0.6763,1.1366],[104.3339,0.6787,3.3209],[104.3314,0.6775,1.4892],[104.3304,0.6729,0.3805],[104.3327,0.6733,0.0],[104.3354,0.6706,2.104],[104.3423,0.6706,4.2518],[104.3414,0.6747,0.0],[104.3369,0.6763,1.1366]]],
[[[104.3206,0.6834,0.0],[104.3182,0.6863,1.6431],[104.3145,0.6848,3.6734],[104.3155,0.6822,2.4134],[104.3177,0.6832,2.7917],[104.318,0.6791,1.0176],[104.3126,0.6773,2.9435],[104.3114,0.6734,9.1677],[104.3091,0.675,2.9361],[104.3085,0.6687,1.3009],[104.3125,0.6618,0.0],[104.3166,0.6617,0.0],[104.3182,0.6656,7.4752],[104.3217,0.6639,2.3651],[104.3255,0.6644,5.1496],[104.3291,0.6595,0.0],[104.3301,0.6641,0.0],[104.3261,0.6676,7.4839],[104.3254,0.6704,2.1649],[104.327,0.6731,0.6019],[104.3251,0.6774,2.3813],[104.3268,0.6787,0.0],[104.3206,0.6834,0.0]]],
[[[104.3443,0.678,6.3239],[104.34,0.6793,1.5743],[104.3386,0.6774,0.0],[104.346,0.6756,8.2949],[104.3483,0.6768,0.0],[104.3443,0.678,6.3239]]],
[[[104.3067,0.6765,0.0],[104.3057,0.6796,0.599],[104.301,0.6778,0.0],[104.304,0.6748,0.0],[104.3067,0.6765,0.0]]],
[[[103.5767,0.6792,0.0],[103.5679,0.6801,17.1294],[103.5677,0.6754,10.5627],[103.5721,0.6695,2.4816],[103.5813,0.6692,10.5485],[103.5852,0.6709,1.3799],[103.586,0.6727,0.0],[103.5767,0.6792,0.0]]],
[[[104.3018,0.6725,6.4868],[104.3017,0.6758,8.7046],[104.2976,0.6796,1.1924],[104.2965,0.674,3.2292],[104.2985,0.6724,7.7723],[104.3018,0.6725,6.4868]]],
[[[103.7361,0.6797,0.0],[103.7358,0.6792,0.0],[103.7363,0.6785,0.0],[103.7364,0.6797,0.0],[103.7361,0.6797,0.0]]],
[[[104.2983,0.6888,0.0],[104.2972,0.6902,2.969],[104.294,0.6891,1.722],[104.2915,0.6912,0.656],[104.2883,0.6877,4.5514],[104.2887,0.6897,0.6264],[104.2869,0.6907,0.0],[104.2835,0.6847,2.5668],[104.2797,0.6863,0.8716],[104.2787,0.6885,0.4593],[104.2753,0.6891,0.0],[104.275,0.6862,0.4089],[104.271,0.6829,1.5476],[104.2741,0.6796,0.3098],[104.2746,0.6806,2.5364],[104.2803,0.673,0.6026],[104.285,0.6711,0.4298],[104.2945,0.6721,0.0],[104.2966,0.6772,5.4997],[104.2964,0.6803,1.1924],[104.2942,0.6827,4.3348],[104.2953,0.6823,4.3348],[104.2963,0.6808,0.0],[104.3008,0.6862,0.0],[104.2983,0.6888,0.0]]],
[[[103.5564,0.6821,10.2433],[103.5607,0.6835,0.0],[103.5591,0.688,0.0],[103.5543,0.6839,0.0],[103.5547,0.6819,0.0],[103.5564,0.6821,10.2433]]],
[[[103.7363,0.6814,0.0],[103.736,0.6814,0.0],[103.7363,0.681,0.0],[103.7364,0.6811,0.0],[103.7363,0.6814,0.0]]],
[[[103.5663,0.6863,0.0],[103.566,0.6859,0.0],[103.5663,0.6856,0.0],[103.5664,0.6857,0.0],[103.5663,0.6863,0.0]]],
[[[104.3168,0.6995,4.4604],[104.313,0.7003,33.1532],[104.3092,0.6979,2.5615],[104.3121,0.6937,0.0],[104.3167,0.6913,4.8664],[104.3172,0.6888,7.807],[104.3191,0.6889,6.2272],[104.3209,0.6849,0.0],[104.3284,0.681,0.9839],[104.3307,0.683,6.1975],[104.3334,0.6816,0.0],[104.3363,0.6823,9.4615],[104.3371,0.6847,1.926],[104.3358,0.687,24.056],[104.3269,0.6875,2.1316],[104.3226,0.6913,0.0],[104.3243,0.6955,5.2986],[104.3213,0.6987,1.8727],[104.3168,0.6995,4.4604]]],
[[[103.5815,0.6805,1.7595],[103.5865,0.6777,4.9744],[103.5905,0.6824,0.6443],[103.5897,0.6852,23.345],[103.5922,0.691,0.0],[103.5866,0.6973,0.0],[103.5808,0.6954,5.424],[103.578,0.6882,6.7488],[103.5815,0.6805,1.7595]]],
[[[103.7126,0.6951,3.6225],[103.7223,0.6876,7.7518],[103.7238,0.6876,0.0],[103.7245,0.6919,0.0],[103.7275,0.6929,3.8826],[103.7302,0.6903,0.0],[103.7346,0.69,5.8398],[103.7421,0.6854,0.0],[103.7418,0.69,32.9977],[103.7408,0.6893,32.9977],[103.7382,0.6959,0.0],[103.7348,0.6996,0.0],[103.7366,0.7021,0.0],[103.732,0.7119,2.2754],[103.734,0.7124,0.0],[103.7328,0.7133,9.1787],[103.7345,0.717,0.0],[103.7376,0.7194,3.3857],[103.7403,0.7194,3.2027],[103.7418,0.7218,14.604],[103.741,0.7235,10.9182],[103.7447,0.7257,0.0],[103.7445,0.7282,0.0],[103.7467,0.7293,5.9964],[103.7489,0.7283,0.0],[103.7477,0.7302,5.9964],[103.7497,0.7359,1.7608],[103.7443,0.7371,0.0],[103.7366,0.7329,4.3623],[103.7212,0.7311,0.9361],[103.7122,0.7255,0.9965],[103.7039,0.7278,2.8349],[103.6992,0.727,13.8415],[103.6927,0.7285,8.7906],[103.6938,0.7232,6.4311],[103.6921,0.7205,7.7788],[103.6955,0.7141,6.5025],[103.6932,0.7119,18.8811],[103.6939,0.7102,1.0933],[103.7056,0.6985,0.0],[103.709,0.7001,1.9904],[103.7105,0.6962,5.6931],[103.7126,0.6951,3.6225]]],
[[[104.7799,0.7238,0.5515],[104.7807,0.7243,0.5515],[104.7793,0.7244,0.5515],[104.778,0.7219,0.0],[104.7807,0.7227,3.825],[104.7799,0.7238,0.5515]]],
[[[104.781,0.7185,0.0],[104.7809,0.7188,0.0],[104.7803,0.7184,0.0],[104.7807,0.7183,0.0],[104.781,0.7185,0.0]]],
[[[103.5594,0.7485,0.6543],[103.5574,0.7478,17.3451],[103.5571,0.7458,28.383],[103.561,0.7396,3.6909],[103.5657,0.7266,1.5024],[103.5676,0.7254,0.0],[103.5684,0.7341,3.2796],[103.572,0.7366,1.7073],[103.568,0.7419,1.8794],[103.5594,0.7485,0.6543]]],
[[[103.6521,0.7211,18.874],[103.6514,0.7193,3.7096],[103.6528,0.7184,2.4927],[103.6533,0.7219,18.874],[103.6521,0.7211,18.874]]],
[[[104.2091,0.7196,4.9022],[104.2081,0.7181,6.7534],[104.2085,0.7171,6.7534],[104.2105,0.7186,3.1021],[104.2091,0.7196,4.9022]]],
[[[103.6896,0.73,6.9907],[103.6905,0.7286,0.0],[103.6917,0.7284,8.7906],[103.6911,0.7298,0.0],[103.6896,0.73,6.9907]]],
[[[103.6896,0.7272,0.0],[103.689,0.7271,0.0],[103.6898,0.7264,0.0],[103.6898,0.7268,0.0],[103.6896,0.7272,0.0]]],
[[[104.1918,0.7239,0.0],[104.1921,0.7236,0.0],[104.1924,0.7238,0.0],[104.1921,0.7242,0.0],[104.1918,0.7239,0.0]]],
[[[103.6595,0.7398,15.4836],[103.6541,0.7413,4.3582],[103.6569,0.7368,0.0],[103.6662,0.7295,9.8708],[103.6665,0.7274,7.9228],[103.6635,0.7245,2.3158],[103.6694,0.7195,1.9839],[103.6698,0.7166,0.0],[103.6715,0.7166,2.8279],[103.6743,0.7124,5.0511],[103.6798,0.7168,5.4981],[103.6796,0.7229,5.2526],[103.6884,0.7236,0.0],[103.6843,0.7307,2.3517],[103.6804,0.7336,39.8635],[103.6633,0.7399,1.8055],[103.6623,0.7386,17.501],[103.6595,0.7398,15.4836]]],
[[[104.1872,0.7358,0.0],[104.1875,0.7353,0.0],[104.188,0.7355,0.0],[104.188,0.7358,0.0],[104.1872,0.7358,0.0]]],
[[[104.7226,0.7568,2.4798],[104.7161,0.7581,2.3906],[104.7138,0.7528,1.3103],[104.7164,0.7443,9.6062],[104.7141,0.7413,-0.1197],[104.7255,0.7315,0.3795],[104.7282,0.7253,6.7664],[104.7313,0.7227,0.2857],[104.7319,0.7191,0.0],[104.7346,0.7174,8.3209],[104.7373,0.7194,2.5096],[104.7402,0.7176,4.7107],[104.7415,0.7192,12.5236],[104.7434,0.7187,0.0],[104.7594,0.7314,0.0],[104.7587,0.733,7.4762],[104.7612,0.7329,0.0],[104.7593,0.7348,-0.2759],[104.7593,0.7401,0.9947],[104.7607,0.7416,7.5348],[104.757,0.7429,2.3688],[104.759,0.7447,0.0],[104.7576,0.7481,-0.5649],[104.7482,0.7458,-0.1497],[104.7312,0.7511,2.5161],[104.7226,0.7568,2.4798]]],
[[[104.6613,0.7529,1.368],[104.6585,0.754,0.0],[104.6509,0.7504,1.9325],[104.6479,0.7506,0.0],[104.6397,0.7441,1.4693],[104.633,0.7441,1.8403],[104.628,0.7458,0.0],[104.627,0.7437,24.504],[104.6172,0.7383,2.9993],[104.6146,0.7334,0.8772],[104.611,0.7318,4.6256],[104.6127,0.7214,0.5822],[104.6203,0.7223,2.9566],[104.6205,0.7159,0.8665],[104.6259,0.7137,0.0],[104.6267,0.7165,4.0658],[104.6308,0.7175,1.0778],[104.6308,0.7216,1.6025],[104.6335,0.7219,0.0],[104.6333,0.7241,2.193],[104.6369,0.7251,1.0977],[104.6373,0.7262,0.0],[104.636,0.7263,2.9649],[104.6379,0.7296,0.131],[104.6411,0.7291,1.2197],[104.6413,0.7324,2.1036],[104.6453,0.7333,4.091],[104.6469,0.739,0.6109],[104.6517,0.7427,0.0],[104.6529,0.7469,1.8304],[104.6557,0.7472,0.981],[104.6613,0.7529,1.368]]],
[[[104.2801,0.7304,5.2598],[104.2734,0.73,1.8985],[104.27,0.7342,2.3779],[104.2711,0.7361,0.0],[104.2674,0.7372,2.4964],[104.2679,0.7416,6.6405],[104.2646,0.7426,2.668],[104.2632,0.745,0.8945],[104.2578,0.7654,2.3294],[104.2579,0.7695,2.1056],[104.2611,0.7738,2.5933],[104.264,0.7729,0.0],[104.2677,0.7745,1.2367],[104.2651,0.7812,0.4104],[104.2697,0.7838,0.0],[104.27,0.7885,0.3582],[104.2755,0.7895,0.0],[104.2781,0.7945,0.0],[104.2776,0.7964,0.0],[104.2639,0.7958,0.0],[104.2616,0.7933,3.5553],[104.2617,0.8009,0.0],[104.2561,0.8015,3.056],[104.2509,0.8006,0.0],[104.2463,0.7954,3.3075],[104.2457,0.7924,0.9938],[104.2399,0.79,3.2703],[104.2289,0.7896,0.9205],[104.2167,0.7846,2.1349],[104.2126,0.7891,0.7114],[104.2133,0.7829,1.0997],[104.212,0.7816,2.3404],[104.205,0.7825,9.7722],[104.2038,0.7804,1.8176],[104.2019,0.7803,4.2178],[104.199,0.7863,3.6295],[104.1981,0.7843,1.9191],[104.1971,0.7841,1.9191],[104.1972,0.7861,0.5448],[104.1933,0.7872,0.2831],[104.1906,0.786,0.8092],[104.1907,0.7828,5.0337],[104.1862,0.7793,0.0],[104.1874,0.7779,0.9914],[104.1859,0.776,1.0431],[104.1834,0.778,2.357],[104.1791,0.7766,3.4475],[104.1762,0.782,19.2565],[104.1734,0.7828,5.0448],[104.1712,0.781,0.0],[104.1722,0.7727,0.0],[104.1818,0.7645,10.61],[104.1856,0.7572,2.8473],[104.1855,0.7542,3.0881],[104.1896,0.7517,2.0645],[104.1901,0.7375,2.5391],[104.189,0.7363,2.6513],[104.1901,0.735,2.7783],[104.189,0.7337,1.4127],[104.1934,0.7317,19.3409],[104.1972,0.7241,1.6244],[104.1963,0.7213,0.0],[104.2007,0.7285,1.0044],[104.2073,0.7221,11.1645],[104.2074,0.7204,4.9022],[104.2092,0.7209,3.8949],[104.2113,0.7192,5.6184],[104.2128,0.7211,5.5621],[104.216,0.7199,0.0],[104.2187,0.7247,1.6892],[104.2421,0.6964,0.0],[104.2528,0.6923,9.1342],[104.2552,0.6922,2.0297],[104.2566,0.694,2.633],[104.2594,0.6918,0.0],[104.2591,0.6953,0.0],[104.263,0.6995,0.0],[104.259,0.7005,0.0],[104.2589,0.7019,0.0],[104.2678,0.7059,2.0231],[104.2727,0.7013,0.0],[104.2745,0.7015,0.5406],[104.2758,0.7071,2.4947],[104.2783,0.7095,2.1217],[104.2847,0.7076,1.3827],[104.2884,0.7095,1.7396],[104.2985,0.7066,0.0],[104.3053,0.7085,0.0],[104.309,0.7066,0.0],[104.3088,0.7115,6.7706],[104.2983,0.7126,0.0],[104.2955,0.718,0.4997],[104.2928,0.7175,3.3876],[104.2868,0.7206,0.0],[104.2851,0.7235,20.5819],[104.286,0.7266,0.0],[104.2801,0.7304,5.2598]]],
[[[103.4909,0.609,0.0],[103.4919,0.6074,0.0],[103.4946,0.6088,0.0],[103.4951,0.6117,0.0],[103.4905,0.612,0.0],[103.4909,0.609,0.0]]],
[[[107.0353,0.6193,1.8779],[107.0341,0.6209,0.0],[107.0318,0.6166,0.0],[107.0341,0.6189,14.8779],[107.0353,0.6193,1.8779]]],
[[[106.9783,0.6184,3.9238],[106.9778,0.6176,3.9238],[106.9787,0.6169,0.0],[106.979,0.6179,0.0],[106.9783,0.6184,3.9238]]],
[[[103.6695,0.6146,1.2095],[103.6688,0.6141,1.2095],[103.6689,0.6135,0.0],[103.6698,0.6139,1.2095],[103.6695,0.6146,1.2095]]],
[[[104.2983,0.6152,0.0],[104.2979,0.6162,0.0],[104.2975,0.6161,0.2914],[104.298,0.6151,0.0],[104.2983,0.6152,0.0]]],
[[[103.6572,0.6113,1.5554],[103.6616,0.611,7.4365],[103.6644,0.6156,0.0],[103.6542,0.6178,1.7454],[103.6514,0.6218,12.6109],[103.6462,0.6213,2.7051],[103.636,0.6256,0.0],[103.6324,0.6243,0.0],[103.633,0.6214,16.5852],[103.6382,0.6159,9.5463],[103.6458,0.6123,10.358],[103.6572,0.6113,1.5554]]],
[[[103.5658,0.6207,5.5568],[103.5653,0.6227,0.771],[103.5629,0.6222,0.0],[103.5631,0.6204,0.0],[103.5658,0.6207,5.5568]]],
[[[104.2953,0.6225,1.2765],[104.2946,0.6239,0.0],[104.2926,0.6235,0.0],[104.2965,0.6184,0.0],[104.2966,0.6214,0.0],[104.2953,0.6225,1.2765]]],
[[[103.5731,0.6237,0.0],[103.574,0.6252,4.3345],[103.5716,0.6257,2.2987],[103.5715,0.6246,6.8496],[103.5731,0.6237,0.0]]],
[[[104.1066,0.6265,0.0],[104.1058,0.6264,0.0],[104.1061,0.6251,0.0],[104.1064,0.6251,0.0],[104.1066,0.6265,0.0]]],
[[[103.7577,0.625,0.0],[103.7582,0.6231,0.0],[103.7604,0.6234,0.0],[103.761,0.6258,0.0],[103.7598,0.6261,0.0],[103.7577,0.625,0.0]]],
[[[103.7027,0.6109,0.0],[103.7025,0.6101,0.0],[103.703,0.6096,0.0],[103.7032,0.6108,0.0],[103.7027,0.6109,0.0]]],
[[[103.673,0.6102,1.095],[103.6805,0.6091,0.0],[103.6686,0.6126,0.0],[103.6687,0.611,0.0],[103.673,0.6102,1.095]]],
[[[103.7091,0.612,14.3833],[103.7051,0.611,0.0],[103.704,0.6086,1.9394],[103.7052,0.6065,0.8103],[103.712,0.605,0.0],[103.7178,0.6056,0.0],[103.7142,0.6094,4.2362],[103.7091,0.612,14.3833]]],
[[[103.6806,0.6338,0.0],[103.6747,0.6363,6.3341],[103.6719,0.6351,0.0],[103.6739,0.6226,2.5705],[103.6711,0.6176,0.6585],[103.6752,0.6129,1.9234],[103.6829,0.6131,7.3035],[103.6853,0.6103,4.0358],[103.6865,0.6044,0.0],[103.6899,0.6093,2.4465],[103.6937,0.611,2.1678],[103.6995,0.6089,0.0],[103.7018,0.6135,0.0],[103.707,0.6147,3.2061],[103.7049,0.6199,4.3863],[103.698,0.6234,10.0272],[103.6942,0.6275,0.6246],[103.6806,0.6338,0.0]]],
[[[104.0888,0.6409,0.0],[104.0838,0.6451,0.0],[104.0817,0.6416,5.6203],[104.0803,0.644,0.0],[104.0779,0.6439,0.0],[104.0795,0.6386,4.2717],[104.0826,0.6388,14.4586],[104.0821,0.6324,9.6681],[104.0851,0.6283,14.2417],[104.0854,0.6209,15.7516],[104.0815,0.6159,0.0],[104.0844,0.6097,41.2537],[104.0838,0.6028,12.0318],[104.0872,0.6039,7.1583],[104.0862,0.6084,0.0],[104.0898,0.6171,9.7338],[104.0939,0.6186,0.0],[104.0968,0.6178,4.5977],[104.0985,0.621,0.4235],[104.1042,0.6245,1.787],[104.0936,0.6304,5.5162],[104.0888,0.6409,0.0]]],
[[[104.2909,0.6295,5.3065],[104.291,0.6315,3.8628999999999998],[104.2888,0.6306,1.653],[104.2912,0.6288,5.3065],[104.2909,0.6295,5.3065]]],
[[[103.6311,0.631,2.4945],[103.6366,0.6316,0.0],[103.641,0.6283,1.1519],[103.6427,0.6302,7.7088],[103.6426,0.6321,2.4947],[103.6386,0.6356,0.0],[103.6298,0.6353,10.5716],[103.6292,0.6337,10.6706],[103.6311,0.631,2.4945]]],
[[[103.5588,0.6324,9.0442],[103.5604,0.6341,1.4042],[103.5556,0.6328,2.9205],[103.5561,0.6315,0.0],[103.5588,0.6324,9.0442]]],
[[[104.1061,0.6281,0.0],[104.1063,0.6283,0.0],[104.1059,0.6287,0.0],[104.1058,0.6283,0.0],[104.1061,0.6281,0.0]]],
[[[104.0747,0.6322,0.0],[104.0751,0.6309,0.0],[104.0755,0.6309,0.0],[104.0757,0.6316,0.0],[104.0747,0.6322,0.0]]],
[[[104.036,0.632,1.2729],[104.0341,0.6334,4.2298],[104.0321,0.6327,1.1049],[104.0337,0.6303,0.0],[104.036,0.632,1.2729]]],
[[[104.0741,0.6328,0.0],[104.0743,0.6333,0.0],[104.074,0.6336,0.0],[104.0736,0.6331,0.0],[104.0741,0.6328,0.0]]],
[[[104.2438,0.6363,4.2188],[104.243,0.6358,4.2188],[104.2439,0.635,0.0],[104.2445,0.6362,0.4834],[104.2438,0.6363,4.2188]]],
[[[103.6695,0.6367,0.0],[103.6696,0.6357,0.0],[103.671,0.6346,0.0],[103.6718,0.6368,5.0658],[103.6695,0.6367,0.0]]],
[[[107.0231,0.6357,0.0],[107.0181,0.638,0.0],[107.0201,0.6451,33.8122],[107.0167,0.6487,10.285],[107.0138,0.6481,15.9017],[107.0129,0.6458,49.3679],[107.0161,0.6423,40.1856],[107.0151,0.6367,21.5076],[107.0108,0.6301,0.0],[107.0107,0.6262,0.0],[107.0124,0.6241,46.7065],[107.0206,0.6219,0.0],[107.0229,0.6286,0.0],[107.0231,0.6357,0.0]]],
[[[103.5541,0.6374,4.1913],[103.5563,0.6389,8.4406],[103.5555,0.6416,3.1221],[103.5523,0.6385,1.6547],[103.5541,0.6374,4.1913]]],
[[[103.6264,0.6391,0.0],[103.6293,0.6395,0.0],[103.6284,0.6427,0.0],[103.6252,0.643,0.0],[103.6264,0.6391,0.0]]],
[[[104.0779,0.6385,4.2717],[104.077,0.6382,3.8457],[104.077,0.6371,3.8457],[104.0789,0.6373,4.2717],[104.0779,0.6385,4.2717]]],
[[[104.2626,0.6341,1.9348],[104.2604,0.6369,4.9111],[104.2583,0.6326,0.0],[104.2621,0.6312,0.766],[104.2626,0.6341,1.9348]]],
[[[103.6565,0.6325,4.845],[103.6588,0.6324,3.1265],[103.6604,0.6345,1.082],[103.6596,0.6371,1.0923],[103.6572,0.6372,0.6319],[103.6565,0.6325,4.845]]],
[[[104.0392,0.633,0.6618],[104.0416,0.6329,0.0],[104.0399,0.6376,0.0],[104.0366,0.633,0.0],[104.0392,0.633,0.6618]]],
[[[104.2559,0.6413,1.4014],[104.2562,0.6411,1.4014],[104.2568,0.6421,0.7225],[104.2558,0.6422,0.0],[104.2559,0.6413,1.4014]]],
[[[104.2448,0.6453,4.4105],[104.2396,0.6462,0.0],[104.2433,0.6405,3.6834],[104.242,0.6388,0.0],[104.244,0.6388,6.0794],[104.2434,0.6367,4.2188],[104.2498,0.6365,0.5036],[104.2465,0.6407,0.0],[104.2448,0.6453,4.4105]]],
[[[103.4997,0.6405,3.0895],[103.5118,0.6576,2.4445],[103.5156,0.6655,6.4925],[103.5179,0.6814,3.8967],[103.5226,0.6883,0.0],[103.5205,0.6915,1.0798],[103.4969,0.6881,2.4901],[103.4923,0.6854,3.1538],[103.4865,0.6785,0.0],[103.4709,0.6443,9.3331],[103.4638,0.636,2.1857],[103.465,0.6305,3.838],[103.4624,0.6219,0.0],[103.475,0.6205,1.6062],[103.4801,0.624,2.8429],[103.4861,0.6255,6.294],[103.49,0.624,0.0],[103.4997,0.6405,3.0895]]],
[[[104.2161,0.7176,3.3275],[104.2138,0.7189,0.0],[104.211,0.7182,3.1021],[104.2105,0.715,6.1324],[104.2121,0.7112,3.7186],[104.2098,0.7102,3.4547],[104.2131,0.7049,0.0],[104.2124,0.6985,0.0],[104.214,0.7001,1.2225],[104.2168,0.699,28.1686],[104.2191,0.6956,1.7964],[104.2215,0.6831,0.0],[104.2273,0.6877,2.4163],[104.2344,0.6759,9.8215],[104.2348,0.6698,0.0],[104.2377,0.6723,16.8118],[104.2473,0.6686,2.6589],[104.2509,0.6508,9.908],[104.2534,0.6492,3.2988],[104.2557,0.6444,0.8571],[104.2574,0.6454,2.3101],[104.2586,0.6391,0.0],[104.2625,0.6381,0.9679],[104.2634,0.6364,3.3933],[104.2643,0.6282,0.0],[104.2657,0.6274,3.2585],[104.2643,0.6258,0.0],[104.2645,0.6218,0.0],[104.2683,0.6251,1.9147],[104.2733,0.6246,2.5116],[104.2885,0.6109,0.7991],[104.2879,0.6158,0.0],[104.2854,0.6171,0.0],[104.288,0.6217,0.0],[104.2844,0.6314,4.0446],[104.289,0.6318,1.653],[104.2887,0.639,0.0],[104.2852,0.6497,11.1517],[104.2865,0.6561,0.0],[104.2842,0.6588,2.8959],[104.2861,0.6603,0.0],[104.2821,0.6615,2.3853],[104.2817,0.6678,0.0],[104.279,0.6719,2.1737],[104.2724,0.6767,1.7619],[104.2689,0.6772,11.2349],[104.267,0.6813,0.6754],[104.2601,0.6883,1.7867],[104.258,0.6849,0.0],[104.2617,0.6778,1.764],[104.2577,0.6775,1.7362],[104.2569,0.6803,0.4413],[104.2513,0.6828,0.0],[104.2491,0.6866,0.7547],[104.242,0.689,7.381],[104.2309,0.7038,0.482],[104.2284,0.7047,2.7468],[104.229,0.7064,1.178],[104.2213,0.7154,7.839],[104.2161,0.7176,3.3275]]],
[[[107.4914,1.0548,2.6005],[107.4863,1.0568,12.2274],[107.4841,1.0528,0.0],[107.4871,1.048,0.0],[107.493,1.0449,5.2527],[107.4948,1.0462,33.2533],[107.4955,1.051,0.0],[107.4937,1.0542,0.0],[107.4914,1.0548,2.6005]]],
[[[104.0807,0.9791,0.0],[104.0808,0.9797,0.0],[104.0801,0.9795,0.0],[104.0802,0.9791,0.0],[104.0807,0.9791,0.0]]],
[[[103.7122,0.9665,2.5891],[103.709,0.9674,2.21],[103.7087,0.966,6.0233],[103.71,0.9653,0.0],[103.7122,0.9665,2.5891]]],
[[[103.7653,0.9658,6.8941],[103.7669,0.9644,0.0],[103.7675,0.9665,5.1688],[103.7668,0.9668,6.8941],[103.7653,0.9658,6.8941]]],
[[[104.0348,0.965,2.5195],[104.0352,0.9629,0.7309],[104.0356,0.9691,1.6281],[104.0334,0.9678,6.4217],[104.0348,0.965,2.5195]]],
[[[104.041,0.9649,0.0],[104.0405,0.9652,0.0],[104.0411,0.9641,0.0],[104.0411,0.9643,0.0],[104.041,0.9649,0.0]]],
[[[104.0775,0.9658,0.0],[104.077,0.9663,0.0],[104.0766,0.9663,0.0],[104.077,0.9652,0.0],[104.0775,0.9658,0.0]]],
[[[107.3944,0.9734,17.3553],[107.3953,0.9696,32.0301],[107.399,0.9681,0.0],[107.3992,0.9744,0.0],[107.396,0.9754,16.4233],[107.3944,0.9734,17.3553]]],
[[[104.8128,0.9737,2.8357],[104.8087,0.9741,0.4063],[104.8135,0.971,3.3486],[104.8189,0.9716,0.0],[104.8129,0.9728,2.8357],[104.8128,0.9737,2.8357]]],
[[[104.0912,0.9739,0.0],[104.091,0.9729,1.8095],[104.0896,0.9715,0.0],[104.0928,0.972,0.0],[104.0912,0.9739,0.0]]],
[[[104.0881,0.9738,0.0],[104.0872,0.9732,3.5847],[104.0879,0.9722,0.0],[104.0885,0.973,0.0],[104.0881,0.9738,0.0]]],
[[[104.0557,0.9736,0.4005],[104.0569,0.9754,9.1495],[104.0545,0.979,0.0],[104.0509,0.9764,7.6081],[104.0501,0.9683,1.3144],[104.0574,0.9686,6.9221],[104.0553,0.9718,5.2761],[104.0557,0.9736,0.4005]]],
[[[103.979,0.9666,2.2475],[103.977,0.9705,0.0],[103.9752,0.9687,1.428],[103.9767,0.9643,0.0],[103.9792,0.9642,0.0],[103.979,0.9666,2.2475]]],
[[[103.823,0.9649,3.1579],[103.8252,0.964,0.0],[103.8209,0.9709,0.0],[103.821,0.9698,1.4434],[103.823,0.9649,3.1579]]],
[[[103.9919,0.9683,0.0],[103.9919,0.9677,0.0],[103.9928,0.9666,0.0],[103.9928,0.9674,0.0],[103.9919,0.9683,0.0]]],
[[[104.0471,0.9694,0.0],[104.047,0.9688,0.0],[104.0479,0.9687,0.0],[104.0479,0.969,0.0],[104.0471,0.9694,0.0]]],
[[[103.9886,0.9728,0.0],[103.99,0.9707,0.0],[103.9903,0.9706,0.0],[103.9899,0.9721,0.0],[103.9886,0.9728,0.0]]],
[[[104.026,0.9693,1.3448],[104.024,0.9692,2.4534],[104.023,0.9712,1.4768],[104.0201,0.9684,1.6294],[104.0258,0.9657,1.7309],[104.027,0.9686,0.0],[104.026,0.9693,1.3448]]],
[[[103.8065,0.9733,0.0],[103.8062,0.9728,0.0],[103.807,0.9729,0.0],[103.807,0.9731,0.0],[103.8065,0.9733,0.0]]],
[[[104.0003,0.9724,0.0],[104.0003,0.9728,0.0],[104.0,0.9727,0.0],[104.0001,0.9724,0.0],[104.0003,0.9724,0.0]]],
[[[104.0199,0.9742,0.0],[104.0183,0.9732,2.155],[104.0182,0.9713,0.6747],[104.0202,0.9711,0.5039],[104.0199,0.9742,0.0]]],
[[[103.775,0.9717,2.7564],[103.7766,0.9733,5.1556],[103.7723,0.9795,0.0],[103.7672,0.979,0.0],[103.7658,0.9775,0.0],[103.7714,0.9697,2.3407],[103.7729,0.9694,2.3407],[103.775,0.9717,2.7564]]],
[[[104.1742,0.9753,2.564],[104.1769,0.9721,0.4553],[104.1788,0.9755,0.0],[104.1768,0.9763,0.0],[104.1742,0.9753,2.564]]],
[[[103.8141,0.9744,0.6633],[103.8145,0.9738,0.0],[103.8147,0.9739,0.0],[103.8148,0.9746,0.0],[103.8141,0.9744,0.6633]]],
[[[104.0289,0.9752,0.8676],[104.0288,0.9739,0.8676],[104.0307,0.9732,0.0],[104.0312,0.9743,0.0],[104.0289,0.9752,0.8676]]],
[[[104.0008,0.9753,0.0],[104.0001,0.9746,0.0],[104.0007,0.9738,0.0],[104.0012,0.9741,0.0],[104.0008,0.9753,0.0]]],
[[[103.8225,0.9771,0.0],[103.8228,0.9781,0.0],[103.8213,0.9764,0.0],[103.8222,0.9764,0.0],[103.8225,0.9771,0.0]]],
[[[107.572,1.0215,1.3897],[107.5723,1.0205,1.3897],[107.5731,1.0216,1.3897],[107.5722,1.0216,1.3897],[107.572,1.0215,1.3897]]],
[[[107.529,0.9934,1.3366],[107.5276,0.9955,0.0],[107.5257,0.9956,0.0],[107.5216,0.9935,0.0],[107.5216,0.991,0.0],[107.5272,0.9912,2.5023],[107.529,0.9934,1.3366]]],
[[[107.5141,1.0231,0.0],[107.5134,1.022,0.0],[107.5136,1.0216,0.0],[107.5146,1.0225,0.0],[107.5141,1.0231,0.0]]],
[[[107.5126,1.0246,0.0],[107.5126,1.0267,0.0],[107.5109,1.0266,3.1439],[107.5086,1.0234,5.8912],[107.5106,1.0222,22.3189],[107.5126,1.0246,0.0]]],
[[[107.5048,1.0485,22.8545],[107.5002,1.0499,13.4981],[107.4976,1.0452,23.8125],[107.5041,1.0361,23.8601],[107.5152,1.0404,0.0],[107.52,1.0474,38.3536],[107.5181,1.0488,0.0],[107.5128,1.0465,12.1576],[107.5048,1.0485,22.8545]]],
[[[103.2974,0.9854,4.3206],[103.2928,0.9888,12.5997],[103.2924,0.9908,0.0],[103.2909,0.9896,1.6091],[103.291,0.9869,0.0],[103.2971,0.9845,4.3206],[103.2975,0.9802,0.0],[103.2998,0.9784,0.0],[103.303,0.9788,3.2522],[103.301,0.9803,12.4024],[103.2974,0.9854,4.3206]]],
[[[104.8289,1.0466,0.0],[104.8294,1.0455,0.0],[104.8307,1.0474,0.0],[104.8294,1.048,0.6395],[104.8289,1.0466,0.0]]],
[[[104.7143,1.0525,-1.2322],[104.7101,1.0545,-0.2701],[104.7069,1.0536,0.0],[104.7063,1.0517,0.0],[104.7105,1.0492,-0.6299],[104.7143,1.0525,-1.2322]]],
[[[103.8663,1.0855,4.3392],[103.8681,1.0839,4.6611],[103.869,1.0839,4.6611],[103.8683,1.0863,0.0],[103.8663,1.0855,4.3392]]],
[[[104.1659,1.0767,0.0],[104.166,1.0772,0.0],[104.1649,1.0773,0.0],[104.1652,1.0767,0.0],[104.1659,1.0767,0.0]]],
[[[103.8188,1.0771,0.0],[103.819,1.0768,0.0],[103.8197,1.0767,0.0],[103.8196,1.0773,0.0],[103.8188,1.0771,0.0]]],
[[[103.8808,1.0775,0.8686],[103.88,1.0776,0.0],[103.8802,1.0766,0.0],[103.8809,1.0766,0.0],[103.8808,1.0775,0.8686]]],
[[[103.8737,1.0789,2.3278],[103.873,1.0789,2.3278],[103.8729,1.0783,1.8421],[103.8738,1.0782,1.8421],[103.8737,1.0789,2.3278]]],
[[[103.8505,1.0816,0.0],[103.8513,1.08,0.0],[103.852,1.0802,0.0],[103.8511,1.0817,0.0],[103.8505,1.0816,0.0]]],
[[[103.8702,1.0764,1.8317],[103.8729,1.0803,2.3278],[103.8704,1.0834,3.269],[103.8676,1.0806,0.0],[103.8702,1.0764,1.8317]]],
[[[103.7978,1.0451,0.0],[103.795,1.0455,3.1049],[103.7959,1.041,2.9237],[103.7973,1.0425,3.7934],[103.7978,1.0451,0.0]]],
[[[103.8197,1.0445,0.0],[103.8209,1.044,0.7396],[103.8213,1.0453,0.7396],[103.8201,1.0457,0.0],[103.8197,1.0445,0.0]]],
[[[103.8316,1.0511,0.0],[103.8283,1.0541,0.0],[103.8274,1.052,14.9478],[103.8254,1.0532,3.8086],[103.8249,1.051,10.3461],[103.8188,1.0491,2.819],[103.8188,1.0477,6.0927],[103.824,1.0438,4.6574],[103.8267,1.0455,8.3054],[103.8296,1.0438,6.6236],[103.8322,1.0474,1.0734],[103.8302,1.0496,5.0085],[103.8316,1.0511,0.0]]],
[[[103.8885,1.045,0.0],[103.8891,1.047,1.5213],[103.886,1.0463,0.0],[103.8878,1.0451,0.0],[103.8885,1.045,0.0]]],
[[[103.8809,1.049,1.0527],[103.8811,1.0475,1.7578],[103.8827,1.0477,0.0],[103.8818,1.0497,1.0527],[103.8809,1.049,1.0527]]],
[[[103.8912,1.0501,0.0],[103.8912,1.0515,0.0],[103.8905,1.0516,0.0],[103.8905,1.0503,0.0],[103.8912,1.0501,0.0]]],
[[[103.7974,1.0416,2.9237],[103.7973,1.0405,2.9237],[103.7985,1.0399,0.0],[103.7991,1.042,5.1759],[103.7974,1.0416,2.9237]]],
[[[104.6736,1.0719,-0.9867],[104.6706,1.0721,0.0],[104.6723,1.0706,-0.9867],[104.6727,1.0652,1.7605],[104.6701,1.0647,0.0],[104.6752,1.0541,1.5501],[104.6754,1.0486,0.0],[104.6777,1.0494,-0.8544],[104.6776,1.0468,0.0],[104.6785,1.052,-0.4366],[104.6779,1.0671,-0.479],[104.6736,1.0719,-0.9867]]],
[[[103.8053,1.0615,1.1474],[103.8058,1.0608,1.1474],[103.8065,1.0613,0.0],[103.806,1.0621,0.0],[103.8053,1.0615,1.1474]]],
[[[103.8194,1.0553,5.3627],[103.8173,1.0557,3.6613],[103.8158,1.0578,0.8476],[103.815,1.055,8.2602],[103.8107,1.0514,1.2108],[103.8127,1.0493,1.4581],[103.8156,1.0503,0.0],[103.8151,1.0516,1.7346],[103.8187,1.0524,0.0],[103.8194,1.0553,5.3627]]],
[[[103.8322,1.055,1.1495],[103.8334,1.054,0.0],[103.8312,1.0568,2.3513],[103.8309,1.0562,2.3513],[103.8322,1.055,1.1495]]],
[[[103.8208,1.0564,4.8068],[103.8213,1.0552,0.0],[103.8228,1.0555,0.0],[103.8218,1.0579,1.2537],[103.8208,1.0564,4.8068]]],
[[[103.8139,1.0584,3.4269],[103.8137,1.0596,1.0609],[103.8109,1.0597,1.8968],[103.811,1.056,1.1682],[103.8147,1.0571,0.8476],[103.8139,1.0584,3.4269]]],
[[[103.8236,1.0585,0.0],[103.8239,1.0571,0.0],[103.8242,1.057,0.0],[103.8245,1.0581,0.0],[103.8236,1.0585,0.0]]],
[[[103.8151,1.0597,1.1424],[103.8153,1.0587,0.8476],[103.8166,1.0585,6.1401],[103.8166,1.0592,4.6115],[103.8151,1.0597,1.1424]]],
[[[103.8761,1.0629,0.0],[103.876,1.0621,0.0],[103.8764,1.062,0.0],[103.8766,1.0626,0.0],[103.8761,1.0629,0.0]]],
[[[103.8329,1.0604,0.859],[103.8325,1.0598,0.0],[103.8332,1.0595,0.859],[103.8333,1.0603,0.859],[103.8329,1.0604,0.859]]],
[[[103.8239,1.0626,0.7369],[103.8234,1.0623,0.7369],[103.8238,1.0617,2.4556],[103.8243,1.0621,0.7369],[103.8239,1.0626,0.7369]]],
[[[103.899,1.0442,1.2368],[103.9001,1.0575,6.3866],[103.8989,1.0615,1.2318],[103.8947,1.0649,2.0753],[103.8927,1.0603,6.2782],[103.8941,1.0475,0.3665],[103.893,1.0399,1.9976],[103.9008,1.0392,0.0],[103.899,1.0442,1.2368]]],
[[[103.8887,1.0657,0.0],[103.8893,1.0651,0.542],[103.8895,1.0653,0.542],[103.889,1.066,0.0],[103.8887,1.0657,0.0]]],
[[[103.8187,1.0667,11.9525],[103.8172,1.0676,1.0804],[103.8127,1.0633,7.0438],[103.8159,1.062,2.0557],[103.8172,1.0589,4.6115],[103.8163,1.0577,6.1401],[103.8197,1.0559,5.8273],[103.8214,1.0587,1.2537],[103.8251,1.06,0.0],[103.8187,1.0667,11.9525]]],
[[[103.8269,1.0646,0.0],[103.8264,1.0638,0.0],[103.8267,1.0632,0.0],[103.8275,1.0648,0.0],[103.8269,1.0646,0.0]]],
[[[104.1817,1.0682,2.3582],[104.177,1.0683,6.5711],[104.1752,1.0641,2.0047],[104.1772,1.0633,0.0],[104.1817,1.0682,2.3582]]],
[[[103.8176,1.0698,2.8361],[103.8168,1.0721,0.0],[103.8151,1.0719,6.4561],[103.8153,1.0689,5.3412],[103.8176,1.0698,2.8361]]],
[[[104.1619,1.0705,0.0],[104.1618,1.0709,0.0],[104.1612,1.0707,0.0],[104.1615,1.0703,0.0],[104.1619,1.0705,0.0]]],
[[[103.8762,1.0713,0.0],[103.8733,1.073,0.0],[103.8724,1.0694,2.8515],[103.8748,1.0692,0.0],[103.8762,1.0713,0.0]]],
[[[103.8273,1.0724,1.7708],[103.8274,1.0716,2.7946],[103.8286,1.0712,0.0],[103.8285,1.0723,1.7708],[103.8273,1.0724,1.7708]]],
[[[103.8729,1.0746,2.2817],[103.8723,1.0746,2.2817],[103.8721,1.0736,0.0],[103.8732,1.0737,0.0],[103.8729,1.0746,2.2817]]],
[[[103.8293,1.075,0.0],[103.8287,1.0772,0.0],[103.8242,1.0758,2.3061],[103.8207,1.0765,5.4481],[103.8181,1.0707,1.3809],[103.8205,1.0698,6.4783],[103.8225,1.0667,0.6391],[103.8263,1.0667,0.0],[103.8268,1.0728,1.7708],[103.8293,1.075,0.0]]],
[[[103.8658,1.0752,0.0],[103.8615,1.0819,5.9812],[103.8577,1.0824,2.6063],[103.8559,1.0787,3.9213],[103.8587,1.0764,3.7874],[103.8598,1.0695,7.385],[103.8623,1.0666,0.0],[103.8668,1.0663,3.0813],[103.87,1.0639,1.617],[103.8707,1.0669,2.8622],[103.8658,1.0752,0.0]]],
[[[103.8754,1.0756,0.0],[103.8727,1.0776,1.8421],[103.8703,1.0759,1.8317],[103.8744,1.0745,0.0],[103.8754,1.0756,0.0]]],
[[[107.3979,0.9805,29.1522],[107.3979,0.9828,0.0],[107.3954,0.9821,0.0],[107.3965,0.9804,0.0],[107.3979,0.9805,29.1522]]],
[[[103.9881,0.9827,0.0],[103.9877,0.983,0.0],[103.9874,0.983,0.0],[103.9875,0.9824,0.0],[103.9881,0.9827,0.0]]],
[[[104.2249,0.9812,0.0],[104.2283,0.9808,0.0],[104.2289,0.9847,0.665],[104.2261,0.9833,15.2832],[104.2249,0.9812,0.0]]],
[[[103.9836,0.9853,2.1102],[103.9798,0.9864,1.3595],[103.9816,0.9827,1.4772],[103.985,0.9823,1.0351],[103.9867,0.9839,1.7206],[103.9836,0.9853,2.1102]]],
[[[104.0718,0.9833,7.3987],[104.075,0.9854,1.0202],[104.0737,0.9885,2.2381],[104.0689,0.9848,9.6608],[104.0692,0.9833,0.0],[104.0718,0.9833,7.3987]]],
[[[103.976,0.9874,0.984],[103.9727,0.9886,1.5254],[103.974,0.9853,0.3102],[103.9778,0.9834,0.3062],[103.9785,0.9851,4.6983],[103.976,0.9874,0.984]]],
[[[103.8139,0.9896,2.1325],[103.8125,0.9917,0.0],[103.8103,0.9914,1.6415],[103.8158,0.985,0.0],[103.8157,0.9879,1.2775],[103.8139,0.9896,2.1325]]],
[[[103.9797,0.9883,0.0],[103.9795,0.9893,0.0],[103.9779,0.9891,0.0],[103.9801,0.9877,0.0],[103.9797,0.9883,0.0]]],
[[[104.1005,0.9873,1.7136],[104.0982,0.9906,0.0],[104.0956,0.9902,0.0],[104.0986,0.9865,1.7595],[104.1005,0.9873,1.7136]]],
[[[103.9706,0.9894,0.0],[103.9696,0.9902,0.7189],[103.9685,0.9904,2.3888],[103.9712,0.9872,0.0],[103.9706,0.9894,0.0]]],
[[[107.4179,0.9882,0.0],[107.4151,0.9928,0.0],[107.4094,0.9915,3.506],[107.4046,0.9881,0.8801],[107.4027,0.9878,0.0],[107.4024,0.9894,0.0],[107.4006,0.9878,2.1784],[107.4042,0.9789,13.1343],[107.4091,0.9771,0.0],[107.4092,0.9813,7.2293],[107.4113,0.9812,0.0],[107.4116,0.9837,3.3275],[107.4134,0.9833,21.9588],[107.4136,0.9801,2.849],[107.4146,0.9802,2.849],[107.4179,0.9882,0.0]]],
[[[104.1132,0.9812,0.0],[104.1121,0.983,4.4439],[104.1084,0.9833,0.0],[104.1085,0.9786,17.1583],[104.1034,0.9741,13.7072],[104.1076,0.9692,4.6283],[104.1208,0.9653,0.0],[104.121,0.9678,0.0],[104.1139,0.9743,1.1189],[104.1146,0.9769,2.9245],[104.1132,0.9812,0.0]]],
[[[103.78,0.9784,0.0],[103.7811,0.9778,0.0],[103.7799,0.9805,1.1182],[103.7789,0.9796,1.8754],[103.78,0.9784,0.0]]],
[[[104.0464,0.978,17.6293],[104.0427,0.9804,12.8126],[104.04,0.9786,0.0],[104.0399,0.9741,0.0],[104.0473,0.9759,2.1267],[104.0464,0.978,17.6293]]],
[[[104.0795,0.9787,23.9257],[104.0745,0.9831,3.0289],[104.0698,0.9815,15.2309],[104.0767,0.9757,9.2124],[104.0791,0.9754,0.0],[104.0795,0.9787,23.9257]]],
[[[103.8143,0.9794,0.0],[103.8131,0.9852,0.0],[103.8092,0.9874,0.0],[103.8097,0.9798,0.0],[103.8116,0.9777,0.927],[103.8143,0.9794,0.0]]],
[[[103.8191,0.9834,1.565],[103.8176,0.9812,0.0],[103.8182,0.9783,0.0],[103.821,0.9823,0.0],[103.8191,0.9834,1.565]]],
[[[104.2474,0.9968,11.8984],[104.242,0.9972,0.0],[104.2388,0.9934,7.8034],[104.2372,0.994,0.0],[104.231,0.9828,0.0],[104.2321,0.9793,6.0848],[104.2337,0.9782,0.0],[104.2357,0.9822,7.5966],[104.2402,0.9802,0.0],[104.2429,0.9812,4.6408],[104.2508,0.9763,3.3467],[104.2428,0.9793,1.401],[104.241,0.9775,0.0],[104.2417,0.9757,0.0],[104.2517,0.975,1.88],[104.2533,0.9735,0.5988],[104.2582,0.9745,8.5433],[104.2627,0.9805,0.5208],[104.2602,0.9832,2.1847],[104.2625,0.9866,2.6243],[104.2588,0.9882,3.4311],[104.2566,0.993,0.0],[104.2474,0.9968,11.8984]]],
[[[103.9521,0.9961,4.4363],[103.9529,0.9976,0.0],[103.9512,0.9996,2.4939],[103.9498,0.998,2.4994],[103.9426,0.9988,0.0],[103.9474,0.9954,0.0],[103.9494,0.9913,1.5296],[103.9582,0.9866,0.0],[103.9593,0.9839,1.0633],[103.966,0.9792,3.5031],[103.9667,0.9753,0.0],[103.9756,0.9741,1.2902],[103.9781,0.9787,2.7703],[103.978,0.9819,2.5363],[103.9716,0.9854,1.871],[103.9665,0.991,0.2524],[103.9603,0.9936,1.2811],[103.9585,0.9963,0.6057],[103.9531,0.9971,0.0],[103.9521,0.995,12.3544],[103.9534,0.9929,2.3267],[103.9528,0.9931,2.3267],[103.9517,0.9949,2.7995],[103.9521,0.9961,4.4363]]],
[[[103.3892,0.9834,0.6894],[103.3901,0.9883,6.672],[103.3821,0.9937,0.786],[103.3765,0.9951,10.5045],[103.3716,0.9922,0.0],[103.3746,0.9877,5.1108],[103.3781,0.9877,3.789],[103.3839,0.9843,2.5109],[103.3892,0.9834,0.6894]]],
[[[104.0452,0.9882,1.1336],[104.0464,0.9892,7.2045],[104.045,0.9919,1.6792],[104.0415,0.9905,2.9994],[104.0421,0.9883,0.4788],[104.0452,0.9882,1.1336]]],
[[[104.1214,0.996,2.5241],[104.1154,0.9956,3.924],[104.1173,0.9902,6.1585],[104.1166,0.9865,0.0],[104.1201,0.988,3.5045],[104.1291,0.9871,2.332],[104.1319,0.9885,0.0],[104.1277,0.9952,0.0],[104.1214,0.996,2.5241]]],
[[[104.1432,0.9981,3.1955],[104.1385,0.9991,0.5925],[104.146,0.9845,0.0],[104.1486,0.9903,0.0],[104.1443,0.9941,2.1564],[104.1432,0.9981,3.1955]]],
[[[103.9646,0.9935,0.0],[103.9632,0.9947,0.6227],[103.9623,0.9944,0.0],[103.9663,0.9922,0.0],[103.9646,0.9935,0.0]]],
[[[104.0547,0.9922,0.4203],[104.0541,0.9928,0.4203],[104.0537,0.9928,0.4203],[104.054,0.9918,0.0],[104.0547,0.9922,0.4203]]],
[[[103.8241,0.9967,3.0995],[103.8244,0.9948,0.0],[103.8287,0.9965,0.0],[103.8286,1.0056,0.0],[103.8229,0.9989,8.2029],[103.8241,0.9967,3.0995]]],
[[[107.394,1.0072,23.3263],[107.3936,1.0115,4.8658],[107.388,1.0082,0.0],[107.3884,0.9899,0.0],[107.3928,0.9894,0.0],[107.3936,0.9907,0.0],[107.3952,0.999,0.0],[107.394,1.0072,23.3263]]],
[[[103.974,0.9982,2.8354],[103.9778,0.9983,1.9547],[103.9783,0.9997,3.2726],[103.9764,1.001,0.0],[103.9717,0.9984,2.9026],[103.974,0.9982,2.8354]]],
[[[104.1351,1.0004,0.0],[104.1346,1.0006,0.0],[104.1342,0.9999,0.0],[104.135,0.9996,0.0],[104.1351,1.0004,0.0]]],
[[[104.0443,0.9951,0.7118],[104.0443,0.9927,0.7908],[104.0472,0.9949,0.5891],[104.0467,0.9959,0.4229],[104.0443,0.9951,0.7118]]],
[[[104.4325,0.9974,0.7074],[104.4263,0.9985,2.5723],[104.4292,0.9956,4.6859],[104.4345,0.9966,1.5221],[104.4325,0.9974,0.7074]]],
[[[103.8111,1.0009,4.7566],[103.812,1.0032,3.0814],[103.8092,1.0014,1.8344],[103.8093,0.9978,0.0],[103.8108,0.9981,0.8914],[103.81,0.9998,1.0614],[103.8111,1.0009,4.7566]]],
[[[107.4223,1.0027,0.0],[107.4217,1.0026,0.0],[107.4221,1.0011,0.1458],[107.4226,1.0016,0.1458],[107.4223,1.0027,0.0]]],
[[[107.4103,1.001,9.3846],[107.4109,1.0044,0.0],[107.4071,1.0044,0.0],[107.4048,0.9996,0.0],[107.4093,0.9995,0.0],[107.4103,1.001,9.3846]]],
[[[103.9013,1.0016,0.0],[103.9011,1.0022,0.3188],[103.8993,1.0022,0.0],[103.8996,1.001,0.0],[103.9013,1.0016,0.0]]],
[[[103.9308,1.004,0.5227],[103.929,1.0057,0.0],[103.9268,1.004,0.8852],[103.9294,0.9989,0.3743],[103.933,0.9983,0.8553],[103.9343,0.9998,1.1036],[103.9308,1.004,0.5227]]],
[[[104.3933,1.0096,0.0],[104.3942,1.0143,2.5916],[104.3926,1.0158,0.0],[104.3835,1.0156,0.0],[104.3832,1.0123,7.2521],[104.3796,1.0086,0.0],[104.3789,1.0036,5.7237],[104.3735,0.9997,0.0],[104.3719,0.9964,3.9855],[104.3691,0.9962,1.5389],[104.3647,0.9918,1.1138],[104.3675,0.9892,1.1403],[104.3737,0.9898,2.5208],[104.3992,0.9967,0.0],[104.3927,1.0019,0.2664],[104.3919,1.0055,2.943],[104.3933,1.0096,0.0]]],
[[[103.9702,1.0023,2.6325],[103.9681,1.0035,1.4092],[103.9673,1.0016,0.8095],[103.9692,1.0007,1.9015],[103.9711,1.002,0.0],[103.9707,1.0033,1.9648],[103.9702,1.0023,2.6325]]],
[[[103.9655,1.0006,2.2859],[103.9668,1.0007,0.8095],[103.9674,1.0036,1.4092],[103.9612,1.0023,0.7612],[103.9636,1.001,1.4906],[103.9655,1.0006,2.2859]]],
[[[103.8202,1.0082,0.0],[103.82,1.0075,0.0],[103.8221,1.0062,0.0],[103.8218,1.0082,0.0],[103.8202,1.0082,0.0]]],
[[[104.1373,1.0068,0.0],[104.1378,1.007,0.0],[104.1367,1.0106,0.0],[104.1355,1.0092,0.7637],[104.1373,1.0068,0.0]]],
[[[107.3867,1.0098,0.0],[107.3801,1.0129,0.0],[107.3772,1.0054,0.0],[107.3828,1.0055,2.6573],[107.3867,1.0098,0.0]]],
[[[103.9538,1.0041,0.6467],[103.955,1.0032,0.4438],[103.9557,1.0032,0.4438],[103.9539,1.0051,0.6467],[103.9538,1.0041,0.6467]]],
[[[104.1331,1.0066,3.8743],[104.1296,1.0074,0.446],[104.129,1.0026,0.7277],[104.1338,1.003,0.8678],[104.1348,1.0051,3.5603],[104.1331,1.0066,3.8743]]],
[[[103.972,1.004,0.6207],[103.9724,1.0022,1.9648],[103.9752,1.0056,0.0],[103.9749,1.006,0.0],[103.972,1.004,0.6207]]],
[[[103.9696,1.0062,0.4755],[103.969,1.0052,0.0],[103.9707,1.0046,0.6207],[103.9731,1.0074,0.0],[103.9712,1.0071,0.0],[103.9696,1.0062,0.4755]]],
[[[103.9934,1.0032,0.5703],[103.9935,1.0098,0.3247],[103.992,1.012,2.4282],[103.9873,1.0105,1.2132],[103.9821,1.0062,0.9201],[103.9842,1.0021,1.0467],[103.9872,1.0026,2.9782],[103.9895,1.0006,2.0468],[103.9935,1.0017,0.0],[103.9934,1.0032,0.5703]]],
[[[103.7622,1.0105,0.858],[103.7603,1.0147,0.0],[103.7563,1.0182,0.8839],[103.7548,1.0157,3.9324],[103.7549,1.0082,18.5615],[103.7569,1.0037,0.0],[103.7606,1.0058,2.2802],[103.7605,1.0086,1.8763],[103.7622,1.0105,0.858]]],
[[[107.372,1.0223,0.0],[107.3666,1.0248,0.0],[107.3645,1.0226,27.6481],[107.3622,1.0232,5.388],[107.3617,1.0179,0.0],[107.3569,1.0126,2.1056],[107.3574,1.0104,0.0],[107.3628,1.0102,0.0],[107.3675,1.0062,6.0238],[107.3733,1.0151,0.0],[107.3737,1.0201,0.0],[107.372,1.0223,0.0]]],
[[[103.7799,1.0431,3.5053],[103.7795,1.0464,0.0],[103.7752,1.0505,0.0],[103.7693,1.0488,1.4927],[103.7707,1.0331,4.6402],[103.7649,1.0309,0.8828],[103.7562,1.0344,1.2955],[103.75,1.0313,0.0],[103.7492,1.0294,5.6641],[103.7507,1.0263,1.3055],[103.7559,1.0249,1.2262],[103.7625,1.013,1.2953],[103.764,1.0127,1.2902],[103.7655,1.0147,2.4128],[103.7654,1.0115,0.0],[103.7684,1.0099,1.8522],[103.7652,1.0097,1.7093],[103.7678,1.0006,0.5679],[103.7718,1.0045,0.7209],[103.7742,1.0046,0.0],[103.7755,1.0021,1.0993],[103.7718,0.9991,0.9019],[103.776,0.9937,0.5715],[103.7746,0.9888,0.0],[103.7778,0.9863,5.1682],[103.782,0.9786,0.0],[103.7895,0.9735,0.0],[103.7928,0.9732,0.0],[103.7954,0.9691,5.1821],[103.7981,0.9685,1.2731],[103.8008,0.9715,3.4314],[103.8056,0.9731,1.6092],[103.8008,0.9785,6.3389],[103.8009,0.9907,2.4361],[103.7969,0.9968,1.8049],[103.798,1.0055,0.0],[103.7969,1.0108,0.0],[103.7951,1.0119,2.8942],[103.7993,1.0167,2.5726],[103.7996,1.0251,16.7117],[103.795,1.0288,4.1234],[103.7965,1.0294,6.2965],[103.7971,1.0335,2.4967],[103.7924,1.0412,8.4424],[103.7919,1.0462,0.0],[103.7894,1.0464,1.5113],[103.7881,1.0433,7.9395],[103.7867,1.0432,1.3235],[103.788,1.0367,5.5829],[103.7832,1.0367,4.6604],[103.7861,1.038,0.9327],[103.7855,1.0409,1.633],[103.7823,1.0407,1.0755],[103.7813,1.0431,0.0],[103.7799,1.0431,3.5053]]],
[[[104.4374,1.0113,2.8643],[104.4369,1.0093,3.353],[104.4423,1.0079,1.1788],[104.4404,1.0148,2.9943],[104.438,1.0148,6.0688],[104.4374,1.0113,2.8643]]],
[[[104.1829,1.0217,0.0],[104.1831,1.0239,0.0],[104.1811,1.0241,0.3778],[104.1782,1.0284,0.5955],[104.172,1.0203,5.5087],[104.1701,1.0203,0.0],[104.1675,1.0172,0.0],[104.165,1.0123,2.76],[104.1612,1.0173,0.0],[104.1555,1.0157,2.4942],[104.1522,1.0082,4.5752],[104.1535,1.0069,0.0],[104.1557,1.0078,2.5432],[104.1541,1.0031,44.9031],[104.1554,0.9988,11.9633],[104.1595,0.9957,0.8909],[104.1637,0.9959,0.517],[104.1661,0.9974,4.069],[104.1661,1.0008,3.7019],[104.1666,0.9956,3.6205],[104.1717,0.9954,0.0],[104.184,1.0142,2.5505],[104.1829,1.0217,0.0]]],
[[[104.1467,1.0114,0.5899],[104.1452,1.012,0.0],[104.1443,1.011,0.0],[104.1462,1.0091,0.5901],[104.1467,1.0114,0.5899]]],
[[[104.1398,1.0096,1.1251],[104.1395,1.0076,0.0],[104.1416,1.0111,0.0],[104.1408,1.0112,2.1558],[104.1398,1.0096,1.1251]]],
[[[103.8798,1.0131,1.1856],[103.8801,1.0138,0.7889],[103.8796,1.0142,0.0],[103.8792,1.0136,1.1856],[103.8798,1.0131,1.1856]]],
[[[104.114,1.0151,0.7718],[104.1154,1.0177,0.0],[104.1131,1.0192,0.0],[104.111,1.0169,3.8664],[104.1094,1.019,0.0],[104.103,1.0158,0.8975],[104.1013,1.0135,0.0],[104.1001,1.0048,0.0],[104.1083,1.0045,1.7915],[104.1103,1.0109,3.7603],[104.114,1.0151,0.7718]]],
[[[103.8033,1.015,0.6726],[103.8028,1.015,0.6726],[103.8029,1.0145,0.6726],[103.8033,1.0145,0.6726],[103.8033,1.015,0.6726]]],
[[[104.1009,1.0236,4.3292],[104.0979,1.0236,1.2643],[104.0933,1.017,2.4534],[104.0924,1.0119,2.4773],[104.0959,1.006,0.6368],[104.0988,1.0134,0.6185],[104.0983,1.0155,2.2009],[104.1046,1.0216,0.0],[104.1038,1.0237,1.284],[104.1009,1.0236,4.3292]]],
[[[103.8814,1.0178,0.7985],[103.8799,1.0178,0.0],[103.8791,1.0152,0.0],[103.8814,1.0164,1.8188],[103.8814,1.0178,0.7985]]],
[[[104.1439,1.0162,0.9427],[104.1445,1.0175,0.5296],[104.1424,1.0186,3.4994],[104.1403,1.0206,0.0],[104.1382,1.0173,0.5202],[104.1383,1.0146,1.6586],[104.1405,1.0135,0.0],[104.1439,1.0162,0.9427]]],
[[[103.8051,1.0174,5.5678],[103.8066,1.0146,0.0],[103.8059,1.019,1.7611],[103.8029,1.0207,0.0],[103.8033,1.0188,0.0],[103.8051,1.0174,5.5678]]],
[[[103.8849,1.0168,3.9806],[103.8892,1.0112,1.7178],[103.8913,1.0107,0.3231],[103.8903,1.0163,14.2061],[103.8869,1.0226,0.0],[103.8847,1.0237,7.644],[103.8834,1.0219,10.1841],[103.8849,1.0168,3.9806]]],
[[[103.925,1.0212,0.0],[103.9262,1.0172,8.8448],[103.9314,1.0133,0.591],[103.9315,1.0144,0.0],[103.925,1.0212,0.0]]],
[[[103.7536,1.0192,0.0],[103.7531,1.0182,0.3105],[103.7546,1.0181,0.8839],[103.7547,1.0192,0.0],[103.7536,1.0192,0.0]]],
[[[104.1185,1.0184,0.0],[104.119,1.0163,0.0],[104.1216,1.0196,0.0],[104.1213,1.0224,0.0],[104.1192,1.0222,0.6625],[104.1185,1.0184,0.0]]],
[[[104.1416,1.0202,8.5792],[104.1429,1.0188,8.5792],[104.1452,1.0199,12.4026],[104.144,1.022,15.7371],[104.1416,1.0202,8.5792]]],
[[[103.9082,1.019,2.7336],[103.9091,1.0206,0.0],[103.9063,1.0229,2.1727],[103.9023,1.0354,3.1759],[103.8964,1.0386,15.2822],[103.8944,1.0363,2.5766],[103.8946,1.0308,6.6025],[103.8907,1.0321,0.0],[103.8868,1.0296,15.5491],[103.8849,1.0302,10.3119],[103.8927,1.011,4.9316],[103.9015,1.0033,0.3188],[103.9045,1.0033,0.5666],[103.9081,1.008,6.4319],[103.9133,1.0078,0.0],[103.9152,1.0113,0.5889],[103.9202,1.0121,0.0],[103.9171,1.0173,0.0],[103.9118,1.0195,4.6527],[103.9082,1.019,2.7336]]],
[[[104.1569,1.0228,0.0],[104.1532,1.0237,0.0],[104.1519,1.0191,10.0717],[104.1547,1.0189,3.5056],[104.1569,1.0228,0.0]]],
[[[104.0892,1.0234,1.5949],[104.0874,1.022,2.6637],[104.0892,1.0198,1.6459],[104.0908,1.0207,1.2869],[104.0892,1.0234,1.5949]]],
[[[103.8525,1.026,1.1036],[103.8534,1.0263,0.5955],[103.8528,1.0274,0.0],[103.8515,1.0268,1.1036],[103.8525,1.026,1.1036]]],
[[[103.9132,1.0251,2.199],[103.9123,1.0226,2.0494],[103.9159,1.0216,1.442],[103.915,1.0246,2.199],[103.9132,1.0251,2.199]]],
[[[104.0871,1.0229,1.6925],[104.0868,1.0249,0.6153],[104.0828,1.026,0.4183],[104.0814,1.0207,0.0],[104.0886,1.0185,0.0],[104.0889,1.0193,1.6459],[104.0875,1.0211,2.6637],[104.0871,1.0229,1.6925]]],
[[[104.8129,1.0263,0.0],[104.8119,1.0258,0.0],[104.8127,1.0247,0.0],[104.8137,1.0255,0.0],[104.8129,1.0263,0.0]]],
[[[103.9187,1.0251,1.7165],[103.919,1.0236,0.0],[103.9228,1.0234,0.7104],[103.9189,1.0265,0.0],[103.9187,1.0251,1.7165]]],
[[[104.1411,1.0261,0.0],[104.142,1.0245,2.1645],[104.1431,1.0247,2.1645],[104.1424,1.0262,5.4696],[104.1411,1.0261,0.0]]],
[[[107.3809,1.0296,17.2069],[107.3832,1.0278,0.0],[107.3784,1.0361,0.0],[107.3777,1.0332,6.5376],[107.3809,1.0296,17.2069]]],
[[[104.8181,1.0289,0.0],[104.8187,1.0272,3.9515],[104.8194,1.0272,3.9515],[104.8197,1.0289,0.6119],[104.8181,1.0289,0.0]]],
[[[103.7971,1.0278,3.6787],[103.7991,1.0273,6.9621],[103.7984,1.0302,8.4648],[103.7973,1.0297,6.2965],[103.7971,1.0278,3.6787]]],
[[[103.9185,1.0287,0.0],[103.9179,1.0301,0.0],[103.9169,1.0302,0.0],[103.9173,1.0291,0.0],[103.9185,1.0287,0.0]]],
[[[103.8355,1.0363,1.4905],[103.8372,1.0366,0.0],[103.836,1.0385,2.9246],[103.8333,1.0384,2.959],[103.8331,1.0373,2.959],[103.8355,1.0363,1.4905]]],
[[[103.8048,1.0317,0.0],[103.8013,1.0333,0.0],[103.8028,1.0248,0.0],[103.8044,1.0256,0.0],[103.8048,1.0317,0.0]]],
[[[103.8942,1.0314,1.6829],[103.8936,1.0327,0.5044],[103.8926,1.0319,1.6829],[103.8936,1.0312,1.6829],[103.8942,1.0314,1.6829]]],
[[[104.1385,1.0321,0.0],[104.1357,1.0348,2.4513],[104.1358,1.0316,7.226],[104.1294,1.0298,12.8906],[104.1287,1.0269,2.6142],[104.1321,1.0255,10.294],[104.1368,1.0288,13.0099],[104.1385,1.0321,0.0]]],
[[[104.1136,1.0322,1.7468],[104.112,1.0308,1.3335],[104.1129,1.0285,0.0],[104.1177,1.0316,1.4203],[104.1164,1.0356,0.0],[104.115,1.0343,3.462],[104.1136,1.0322,1.7468]]],
[[[104.151,1.0346,0.0],[104.1513,1.0326,0.0],[104.1523,1.0326,4.7857],[104.1524,1.0358,0.0],[104.151,1.0346,0.0]]],
[[[103.834,1.0338,0.0],[103.8345,1.0333,0.5128],[103.8347,1.0334,0.5128],[103.8344,1.0342,0.0],[103.834,1.0338,0.0]]],
[[[103.8632,1.0351,0.0],[103.8635,1.0338,0.0],[103.8649,1.0339,0.512],[103.8649,1.0355,0.0],[103.8632,1.0351,0.0]]],
[[[103.8075,1.0373,2.0222],[103.8042,1.0399,3.3072],[103.8018,1.0385,0.0],[103.8041,1.0356,10.4074],[103.8095,1.0355,1.8405],[103.8075,1.0373,2.0222]]],
[[[103.8798,1.0456,0.0],[103.876,1.0453,16.9172],[103.8793,1.0362,0.6442],[103.8828,1.0327,3.7079],[103.8881,1.0321,8.4976],[103.8901,1.0342,20.3863],[103.8903,1.0408,13.8448],[103.8872,1.0429,2.42],[103.8851,1.0385,5.4939],[103.8844,1.041,0.0],[103.883,1.0411,0.6288],[103.8838,1.0441,2.5695],[103.8798,1.0456,0.0]]],
[[[103.8211,1.0389,8.8527],[103.8288,1.0368,0.0],[103.8285,1.039,3.3682],[103.8237,1.0413,5.3199],[103.8209,1.0402,8.8527],[103.8211,1.0389,8.8527]]],
[[[104.2224,1.037,0.0],[104.2249,1.0371,0.0],[104.225,1.0412,0.0],[104.2228,1.0472,0.0],[104.2182,1.0497,0.0],[104.2182,1.0466,1.4834],[104.2224,1.037,0.0]]],
[[[104.1715,1.0653,1.4836],[104.1694,1.0641,10.9005],[104.1671,1.0666,9.8682],[104.1644,1.0656,3.8424],[104.1611,1.0575,0.0],[104.1648,1.0484,2.2416],[104.1614,1.0482,0.0],[104.1586,1.0425,2.9391],[104.157,1.0431,5.5837],[104.1552,1.0414,7.7454],[104.1552,1.0387,0.0],[104.1578,1.0385,0.0],[104.1637,1.0408,3.5909],[104.1638,1.0392,1.3441],[104.1619,1.0386,0.0],[104.1642,1.0379,1.2963],[104.1637,1.0346,1.7465],[104.1617,1.0338,0.0],[104.1608,1.0302,0.0],[104.1624,1.0277,1.8161],[104.1652,1.0282,3.7176],[104.1651,1.025,6.5418],[104.1674,1.022,0.0],[104.1744,1.0261,0.0],[104.1757,1.03,1.9006],[104.1789,1.0321,1.1613],[104.1783,1.0354,5.2685],[104.1812,1.0347,0.0],[104.1808,1.0409,0.0],[104.1843,1.0502,4.4325],[104.1808,1.0515,3.1074],[104.1787,1.0569,0.7649],[104.1759,1.0567,4.853],[104.176,1.0622,1.45],[104.1715,1.0653,1.4836]]],
[[[103.8528,1.0715,2.2081],[103.849,1.0679,3.6309],[103.8479,1.0728,0.0],[103.8434,1.0751,3.3934],[103.8441,1.0698,2.1119],[103.8429,1.0679,2.0615],[103.833,1.0635,10.4405],[103.8345,1.0592,0.859],[103.8376,1.0579,0.5755],[103.8345,1.0562,0.0],[103.8368,1.0529,0.0],[103.8356,1.0484,1.6987],[103.838,1.047,0.0],[103.835,1.0434,7.3877],[103.838,1.0361,0.0],[103.8347,1.0288,0.0],[103.8458,1.0278,2.01],[103.8463,1.0329,2.2782],[103.844,1.0341,1.6021],[103.8444,1.0354,1.6021],[103.8574,1.0394,0.0],[103.8613,1.0422,4.7146],[103.865,1.0388,4.6388],[103.8685,1.0393,0.0],[103.8679,1.043,4.6943],[103.8758,1.0389,9.39],[103.8762,1.0414,0.0],[103.8734,1.0469,9.9888],[103.8671,1.0484,6.8321],[103.8717,1.0479,1.5975],[103.8707,1.052,7.2303],[103.8738,1.0483,0.6767],[103.8799,1.0479,5.0879],[103.8823,1.0529,0.0],[103.8782,1.0602,0.9521],[103.8755,1.0585,4.5345],[103.8713,1.0614,0.5166],[103.8687,1.0582,7.1146],[103.8695,1.06,6.9979],[103.8676,1.0644,2.6457],[103.8625,1.0652,9.5463],[103.8534,1.0747,0.0],[103.8528,1.0715,2.2081]]],
[[[107.4457,1.0886,9.8169],[107.4428,1.0904,6.5035],[107.4406,1.0869,3.6155],[107.4428,1.0858,10.5255],[107.4457,1.0886,9.8169]]],
[[[103.9357,1.0865,4.84],[103.9348,1.0868,0.0],[103.9346,1.0863,0.0],[103.9353,1.0859,0.0],[103.9357,1.0865,4.84]]],
[[[107.4308,1.0863,8.7316],[107.4353,1.0848,5.9425],[107.4379,1.086,0.0],[107.4385,1.0909,0.0],[107.4347,1.0938,0.0],[107.4331,1.0931,0.0],[107.4311,1.0903,7.4899],[107.4308,1.0863,8.7316]]],
[[[103.2856,1.0887,2.6043],[103.2898,1.0879,0.6718],[103.2926,1.0958,3.9258],[103.2899,1.1011,3.7243],[103.2865,1.0951,9.4084],[103.2856,1.0887,2.6043]]],
[[[103.8231,1.0866,1.1434],[103.8244,1.0858,1.1434],[103.8249,1.0864,0.0],[103.8239,1.0879,0.9643],[103.8231,1.0866,1.1434]]],
[[[103.8703,1.086,3.926],[103.8699,1.0851,5.3741],[103.871,1.0842,5.3741],[103.8716,1.0856,3.926],[103.8703,1.086,3.926]]],
[[[103.8859,1.0868,0.0],[103.886,1.0864,0.0],[103.8866,1.0871,0.0],[103.8863,1.0872,0.0],[103.8859,1.0868,0.0]]],
[[[103.7811,1.0893,6.1295],[103.7826,1.0921,0.0],[103.7804,1.0909,2.5625],[103.7802,1.0883,0.0],[103.7811,1.0893,6.1295]]],
[[[103.8279,1.0943,0.4534],[103.8273,1.0936,0.6903],[103.8277,1.0928,0.6903],[103.8289,1.0937,0.0],[103.8279,1.0943,0.4534]]],
[[[103.8566,1.0939,0.0],[103.8561,1.0938,0.0],[103.8565,1.0933,0.0],[103.8566,1.0935,0.0],[103.8566,1.0939,0.0]]],
[[[103.8849,1.0884,0.0],[103.8854,1.0885,0.0],[103.8849,1.0891,0.0],[103.8847,1.0888,0.0],[103.8849,1.0884,0.0]]],
[[[103.8379,1.0896,0.2775],[103.8377,1.0887,0.0],[103.8382,1.0884,0.0],[103.8387,1.0896,0.2775],[103.8379,1.0896,0.2775]]],
[[[103.8552,1.0897,0.9394],[103.8523,1.0903,0.0],[103.8537,1.0889,0.9394],[103.8519,1.0874,0.7605],[103.8535,1.0876,0.0],[103.8552,1.0897,0.9394]]],
[[[103.8639,1.0911,7.2911],[103.8596,1.0931,2.5384],[103.8641,1.087,0.0],[103.8652,1.0879,2.8064],[103.8639,1.0911,7.2911]]],
[[[103.8846,1.0908,0.0],[103.8836,1.0906,1.7087],[103.8839,1.0893,2.0409],[103.8849,1.0899,0.0],[103.8846,1.0908,0.0]]],
[[[103.8739,1.092,0.0],[103.8714,1.092,15.3242],[103.8687,1.0985,4.5179],[103.8626,1.095,0.0],[103.8664,1.0873,7.581],[103.8702,1.088,1.5387],[103.8739,1.092,0.0]]],
[[[103.8329,1.0939,0.0],[103.8326,1.094,0.0],[103.8324,1.0937,0.0],[103.8329,1.0936,0.0],[103.8329,1.0939,0.0]]],
[[[103.8317,1.0952,0.0],[103.8315,1.0959,0.0],[103.8307,1.0959,0.0],[103.8309,1.0947,0.0],[103.8317,1.0952,0.0]]],
[[[103.7788,1.0965,4.9125],[103.7794,1.0945,0.8798],[103.7812,1.0959,7.3276],[103.7795,1.0997,0.37],[103.7785,1.0986,7.757],[103.7788,1.0965,4.9125]]],
[[[103.8514,1.0973,0.0],[103.8509,1.0971,0.0],[103.8513,1.0963,0.0],[103.8517,1.0967,0.0],[103.8514,1.0973,0.0]]],
[[[103.8044,1.0997,0.0],[103.8049,1.1012,0.0],[103.8027,1.1011,3.7924],[103.7917,1.1109,0.0],[103.7911,1.0971,0.4782],[103.7995,1.086,1.1517],[103.8124,1.084,0.0],[103.8152,1.0865,0.0],[103.8151,1.0892,0.0],[103.8113,1.0954,5.4893],[103.8064,1.0954,3.9591],[103.8064,1.0983,0.0],[103.8044,1.0997,0.0]]],
[[[103.9073,1.1008,0.8845],[103.905,1.102,6.3675],[103.9039,1.0997,1.7518],[103.9055,1.0978,0.0],[103.9073,1.1008,0.8845]]],
[[[103.9085,1.1005,0.8845],[103.9085,1.0999,0.0],[103.9092,1.0995,0.0],[103.9092,1.1001,0.0],[103.9085,1.1005,0.8845]]],
[[[103.883,1.0947,0.0],[103.8828,1.0969,0.0],[103.8815,1.0968,0.0],[103.8833,1.093,0.0],[103.883,1.0947,0.0]]],
[[[103.8701,1.096,7.0399],[103.8716,1.0956,7.0399],[103.8721,1.097,0.0],[103.8709,1.099,0.0],[103.8695,1.0981,4.5179],[103.8701,1.096,7.0399]]],
[[[103.8682,1.0996,1.207],[103.8687,1.1009,2.4394],[103.8658,1.102,11.1979],[103.8627,1.1009,1.5633],[103.8591,1.0961,1.9521],[103.8674,1.0982,4.9983],[103.8682,1.0996,1.207]]],
[[[103.8726,1.0999,0.0],[103.8726,1.1001,0.0],[103.8721,1.1001,0.0],[103.8722,1.0997,0.0],[103.8726,1.0999,0.0]]],
[[[103.8566,1.1014,0.0],[103.8556,1.0995,0.0],[103.8558,1.099,0.0],[103.8569,1.0997,0.0],[103.8566,1.1014,0.0]]],
[[[107.4165,1.1015,4.625],[107.4116,1.1033,3.9163],[107.4036,1.1125,0.0],[107.3993,1.1034,8.9256],[107.3931,1.1016,18.9215],[107.3931,1.0973,103.0679],[107.3899,1.0942,8.956],[107.3893,1.0909,32.768],[107.3929,1.089,46.2072],[107.4123,1.0926,6.841],[107.4178,1.0983,0.0],[107.4179,1.1008,0.0],[107.4165,1.1015,4.625]]],
[[[103.3046,1.1098,0.0],[103.305,1.1096,0.0],[103.3052,1.1098,0.0],[103.305,1.11,0.0],[103.3046,1.1098,0.0]]],
[[[103.2958,1.1104,0.0],[103.2962,1.1106,0.0],[103.2961,1.1112,0.0],[103.2957,1.111,0.0],[103.2958,1.1104,0.0]]],
[[[103.3031,1.1117,-0.0372],[103.3033,1.1108,-0.0372],[103.3043,1.1109,0.0],[103.3042,1.1119,0.0],[103.3031,1.1117,-0.0372]]],
[[[104.2217,1.1006,0.0],[104.2233,1.1005,0.0],[104.2244,1.1015,0.0],[104.2221,1.1027,0.0],[104.2217,1.1006,0.0]]],
[[[103.7178,1.1059,1.497],[103.7185,1.1046,0.0],[103.7191,1.1045,0.0],[103.7192,1.1056,1.497],[103.7178,1.1059,1.497]]],
[[[103.8237,1.1021,0.0],[103.8249,1.1009,0.0],[103.8229,1.1042,0.0],[103.8229,1.1029,0.0],[103.8237,1.1021,0.0]]],
[[[103.8985,1.1004,0.0],[103.9018,1.0994,0.0],[103.9019,1.1009,2.3287],[103.8987,1.1022,2.2539],[103.8985,1.1004,0.0]]],
[[[103.9133,1.1013,0.0],[103.9154,1.1006,0.0],[103.916,1.1015,0.0],[103.9151,1.1026,0.0],[103.9133,1.1013,0.0]]],
[[[103.8599,1.1019,0.0],[103.8592,1.1022,0.0],[103.8589,1.102,0.0],[103.8597,1.1013,0.0],[103.8599,1.1019,0.0]]],
[[[103.8473,1.1026,0.0],[103.8472,1.1019,0.0],[103.8477,1.1014,0.0],[103.8479,1.102,0.0],[103.8473,1.1026,0.0]]],
[[[103.8732,1.1027,0.8097],[103.8726,1.1017,0.0],[103.8749,1.1024,0.0],[103.8742,1.103,0.0],[103.8732,1.1027,0.8097]]],
[[[103.8659,1.1022,0.0],[103.8669,1.1019,11.1979],[103.8671,1.102,11.1979],[103.8658,1.103,0.0],[103.8659,1.1022,0.0]]],
[[[103.9189,1.1035,1.0558],[103.9195,1.1025,0.0],[103.9205,1.1032,0.0],[103.9201,1.1039,0.0],[103.9189,1.1035,1.0558]]],
[[[103.9222,1.1044,7.4244],[103.9223,1.1017,0.0],[103.9244,1.1018,0.0],[103.9234,1.1048,1.3072],[103.9222,1.1044,7.4244]]],
[[[103.8789,1.1051,0.0],[103.879,1.1055,0.0],[103.8787,1.1055,0.0],[103.8785,1.105,0.0],[103.8789,1.1051,0.0]]],
[[[103.8616,1.1034,0.0],[103.8602,1.1034,3.6502],[103.86,1.1025,3.6502],[103.8608,1.1022,3.6502],[103.8616,1.1034,0.0]]],
[[[103.8564,1.1048,2.674],[103.8567,1.1025,0.0],[103.8582,1.1048,0.0],[103.8565,1.106,0.0],[103.8564,1.1048,2.674]]],
[[[103.8609,1.1063,0.0],[103.8602,1.1059,0.0],[103.8606,1.1047,0.0],[103.861,1.1051,0.0],[103.8609,1.1063,0.0]]],
[[[104.6609,1.1086,0.2054],[104.6604,1.1095,0.1718],[104.6599,1.1095,0.0],[104.6598,1.1084,0.0],[104.6609,1.1086,0.2054]]],
[[[103.842,1.1121,0.0],[103.8419,1.1115,0.0],[103.8428,1.1111,0.0],[103.8425,1.112,0.0],[103.842,1.1121,0.0]]],
[[[103.9068,1.1123,0.5107],[103.9062,1.1108,0.0],[103.9083,1.1112,2.3974],[103.9078,1.1125,0.5107],[103.9068,1.1123,0.5107]]],
[[[103.8451,1.1067,0.0],[103.8448,1.1062,0.0],[103.8453,1.1057,0.0],[103.8456,1.1066,0.0],[103.8451,1.1067,0.0]]],
[[[103.8771,1.1064,0.0],[103.8778,1.1063,0.0],[103.878,1.107,0.0],[103.8773,1.1071,0.0],[103.8771,1.1064,0.0]]],
[[[103.8662,1.1058,0.0],[103.8654,1.1061,1.0523],[103.8648,1.1057,1.0523],[103.8657,1.1054,0.0],[103.8662,1.1058,0.0]]],
[[[103.8643,1.1066,1.0523],[103.8635,1.1071,2.2692],[103.8632,1.1065,0.0],[103.8636,1.106,1.0523],[103.8643,1.1066,1.0523]]],
[[[103.8434,1.1091,0.0],[103.8438,1.1097,0.0],[103.8431,1.11,0.0],[103.8429,1.1091,0.0],[103.8434,1.1091,0.0]]],
[[[103.8614,1.1075,2.0426],[103.8628,1.1087,2.2692],[103.8597,1.1103,9.9784],[103.8598,1.1078,2.0426],[103.8614,1.1075,2.0426]]],
[[[103.9006,1.1097,3.3247],[103.9012,1.1082,5.1337],[103.9016,1.1082,5.1337],[103.9015,1.1097,3.3247],[103.9006,1.1097,3.3247]]],
[[[107.0472,1.3189,0.0],[107.0456,1.3207,0.0],[107.0415,1.3146,35.8938],[107.0432,1.3135,4.8381],[107.0452,1.3143,4.9688],[107.0472,1.3189,0.0]]],
[[[105.8835,2.3635,3.9884],[105.8829,2.3648,0.0],[105.8805,2.3646,4.6013],[105.8805,2.3631,108.7015],[105.8781,2.362,81.3602],[105.8783,2.3577,23.7224],[105.8802,2.3558,46.1373],[105.8834,2.3559,22.4792],[105.8863,2.3597,26.9884],[105.8835,2.3635,3.9884]]],
[[[109.1309,2.4598,11.6728],[109.1221,2.4626,2.4018],[109.1225,2.4588,4.3138],[109.1268,2.4556,0.0],[109.1293,2.4559,0.0],[109.1309,2.4598,11.6728]]],
[[[108.9814,2.4647,0.8765],[108.9814,2.4628,5.1871],[108.9821,2.4614,0.856],[108.9828,2.463,5.1871],[108.9814,2.4647,0.8765]]],
[[[108.9455,2.4677,0.0],[108.9453,2.4684,0.0],[108.9447,2.4679,0.0],[108.9452,2.4673,0.0],[108.9455,2.4677,0.0]]],
[[[108.9904,2.4741,0.5569],[108.9898,2.4684,0.0],[108.995,2.4718,23.4486],[108.9938,2.4745,1.0465],[108.9904,2.4741,0.5569]]],
[[[108.9969,2.4767,1.4772],[108.9959,2.4771,0.0],[108.9959,2.4759,1.4772],[108.9973,2.4759,1.4772],[108.9969,2.4767,1.4772]]],
[[[106.0499,2.5133,0.0],[106.0509,2.5202,11.2195],[106.0482,2.5257,0.0],[106.0398,2.5144,0.4473],[106.0407,2.5135,0.0],[106.0443,2.515,12.2645],[106.0508,2.5127,0.0],[106.0499,2.5133,0.0]]],
[[[106.0413,2.509,0.0],[106.0408,2.5115,0.0],[106.0397,2.5089,2.5768],[106.0407,2.5068,0.0],[106.0413,2.509,0.0]]],
[[[106.0431,2.5099,6.2419],[106.0428,2.5093,6.2419],[106.0433,2.5079,2.9252],[106.0444,2.5113,0.0],[106.0431,2.5099,6.2419]]],
[[[106.0523,2.5109,0.0],[106.0528,2.5099,1.4345],[106.0531,2.5098,0.0],[106.0535,2.5113,0.0],[106.0523,2.5109,0.0]]],
[[[109.1447,2.5424,0.0],[109.1459,2.5462,0.0],[109.1446,2.5476,1.6105],[109.1368,2.5409,0.0],[109.1357,2.535,0.0],[109.1381,2.5348,0.0],[109.1426,2.538,4.441],[109.1447,2.5424,0.0]]],
[[[109.123,2.5613,0.0],[109.1226,2.5593,8.2987],[109.1239,2.5581,0.0],[109.1253,2.5611,5.8597],[109.123,2.5613,0.0]]],
[[[109.1623,2.5853,0.0],[109.1638,2.5932,19.8896],[109.1596,2.5979,39.5897],[109.1574,2.5983,35.1201],[109.1547,2.5924,5.5118],[109.1559,2.5855,0.0],[109.1586,2.5827,10.2072],[109.1623,2.5853,0.0]]],
[[[106.2819,2.6164,0.6228],[106.2808,2.621,0.0],[106.2805,2.6171,4.5447],[106.2774,2.6174,0.0],[106.278,2.6146,27.8977],[106.2737,2.6143,0.0],[106.2742,2.6069,1.4899],[106.2792,2.6108,32.9816],[106.2819,2.6164,0.6228]]],
[[[109.1403,2.6232,0.0],[109.1433,2.6225,0.0],[109.1445,2.627,0.0],[109.1424,2.6289,0.0],[109.1406,2.6275,12.3504],[109.1403,2.6232,0.0]]],
[[[106.3038,2.6351,4.7176],[106.3011,2.6353,0.0],[106.3007,2.6288,14.7588],[106.3051,2.6316,3.2651],[106.3038,2.6351,4.7176]]],
[[[106.2844,2.6173,5.0684],[106.2867,2.6165,0.0],[106.2865,2.6204,0.0],[106.2846,2.6195,0.0],[106.2844,2.6173,5.0684]]],
[[[109.1381,2.6219,0.0],[109.137,2.6237,0.0],[109.135,2.6235,0.0],[109.1348,2.6201,0.0],[109.1367,2.6175,1.8156],[109.1381,2.6191,0.0],[109.1381,2.6219,0.0]]],
[[[108.5672,2.6732,14.6991],[108.5653,2.6589,0.0],[108.5659,2.657,75.308],[108.568,2.6566,5.374],[108.5714,2.6603,4.9793],[108.5786,2.6785,0.9596],[108.5825,2.6835,0.0],[108.5833,2.6941,2.3304],[108.5858,2.6986,0.0],[108.5849,2.7031,0.0],[108.5826,2.7031,0.0],[108.5743,2.6942,0.0],[108.5688,2.6845,11.4128],[108.5672,2.6732,14.6991]]],
[[[108.8762,2.7037,0.0],[108.8767,2.7003,3.0249],[108.8791,2.6983,0.0],[108.8836,2.6985,0.0],[108.8855,2.7002,0.0],[108.8807,2.7063,0.0],[108.8773,2.7058,0.0],[108.8762,2.7037,0.0]]],
[[[108.7597,2.7158,0.0],[108.7586,2.715,0.0],[108.7588,2.7144,0.0],[108.7601,2.7147,0.0],[108.7597,2.7158,0.0]]],
[[[106.2469,2.7176,3.3528],[106.2478,2.7169,0.4511],[106.2493,2.7197,0.2669],[106.2484,2.7196,0.0],[106.2469,2.7176,3.3528]]],
[[[106.2711,2.7195,0.4208],[106.2695,2.7199,0.4208],[106.2697,2.718,3.8524],[106.2715,2.7186,0.0],[106.2711,2.7195,0.4208]]],
[[[108.7573,2.7163,0.0],[108.7567,2.7169,0.0],[108.7563,2.7161,0.0],[108.757,2.7158,0.0],[108.7573,2.7163,0.0]]],
[[[108.7554,2.7162,0.0],[108.757,2.7187,0.0],[108.7531,2.7188,0.0],[108.7534,2.7168,0.0],[108.7554,2.7162,0.0]]],
[[[106.2823,2.7204,12.4384],[106.2793,2.721,0.0],[106.2767,2.7193,8.7069],[106.282,2.7188,12.4384],[106.2823,2.7204,12.4384]]],
[[[108.7584,2.7207,0.0],[108.7617,2.7232,0.0],[108.7521,2.7218,0.0],[108.753,2.72,0.0],[108.7584,2.7207,0.0]]],
[[[108.9891,2.4888,3.601],[108.9888,2.4894,3.601],[108.9881,2.4892,3.601],[108.9881,2.4887,0.0],[108.9891,2.4888,3.601]]],
[[[108.9555,2.4985,20.102],[108.9507,2.5009,0.4563],[108.9466,2.5008,0.7573],[108.9399,2.4968,0.0],[108.9393,2.494,2.4251],[108.9461,2.4859,0.0],[108.9445,2.4826,5.0755],[108.9399,2.4828,0.0],[108.9387,2.4812,5.1512],[108.9439,2.4792,20.7533],[108.9554,2.481,5.3953],[108.9559,2.4941,6.5998],[108.9588,2.498,5.6158],[108.9555,2.4985,20.102]]],
[[[108.9851,2.4831,0.5379],[108.9856,2.4818,4.7701],[108.9875,2.4806,0.1368],[108.9875,2.4819,0.1368],[108.9851,2.4831,0.5379]]],
[[[108.9874,2.5022,0.2123],[108.986,2.5066,0.0],[108.9844,2.5067,9.6575],[108.983,2.505,0.0],[108.9834,2.5005,3.6229],[108.9853,2.5004,7.3851],[108.9884,2.4941,6.1771],[108.9875,2.4902,3.601],[108.994,2.4895,5.2389],[108.9979,2.4938,0.0],[108.9935,2.4953,12.9906],[108.9933,2.5004,3.2175],[108.9895,2.4987,27.2743],[108.9874,2.5022,0.2123]]],
[[[108.961,2.4984,19.0157],[108.9621,2.4966,0.0],[108.9647,2.4994,16.142],[108.9618,2.5016,15.4469],[108.961,2.4984,19.0157]]],
[[[106.053,2.5041,0.0],[106.0508,2.5057,0.0],[106.049,2.504,14.099],[106.0491,2.4984,0.0],[106.0532,2.5022,3.7781],[106.053,2.5041,0.0]]],
[[[109.0426,2.4883,4.7359],[109.0468,2.4936,6.9275],[109.0502,2.4944,3.5269],[109.0479,2.4916,25.7264],[109.0487,2.4899,1.2676],[109.0545,2.4955,0.0],[109.0508,2.4991,0.6182],[109.0501,2.5024,8.1452],[109.0526,2.5031,3.3097],[109.0622,2.4993,10.3909],[109.0636,2.4967,0.0],[109.0703,2.4974,27.8848],[109.0717,2.4955,5.9427],[109.0735,2.4977,18.5058],[109.0753,2.4951,0.0],[109.0796,2.4945,4.2536],[109.0823,2.489,8.3553],[109.087,2.4915,0.0],[109.0911,2.4985,0.0],[109.0947,2.5001,11.9848],[109.0969,2.4978,0.0],[109.0887,2.4898,0.0],[109.0897,2.4889,0.0],[109.1002,2.4998,8.7171],[109.1138,2.5042,2.0878],[109.1167,2.5078,89.4628],[109.1183,2.5078,3.2044],[109.1172,2.5223,0.0],[109.12,2.5247,0.0],[109.1208,2.53,6.4071],[109.118,2.5315,12.4927],[109.1178,2.5291,40.7546],[109.115,2.5273,2.5082],[109.1019,2.5281,19.4468],[109.0915,2.527,35.9313],[109.0835,2.525,5.139],[109.0817,2.522,3.3378],[109.0777,2.5208,2.9438],[109.048,2.528,0.0],[109.0289,2.5368,2.3375],[109.0222,2.5434,1.7214],[109.02,2.5536,7.5189],[109.0128,2.5571,0.0],[109.0099,2.5569,29.1667],[109.0074,2.56,9.9418],[108.9986,2.5586,38.1994],[108.9952,2.5605,0.0],[108.9888,2.5547,3.4861],[108.9785,2.5566,17.5302],[108.976,2.5554,0.0],[108.977,2.5503,0.0],[108.9756,2.5439,23.461],[108.977,2.5378,0.0],[108.976,2.5341,0.0],[108.9767,2.531,0.0],[108.9791,2.5309,10.8893],[108.9799,2.5291,10.285],[108.9793,2.5211,6.3623],[108.9877,2.5224,0.8883],[108.992,2.5255,5.5021],[108.9997,2.5262,1.3613],[109.0053,2.5321,3.1053],[109.0105,2.529,3.269],[109.0079,2.5263,0.8572],[109.0082,2.5229,1.4629],[109.0119,2.5283,2.4698],[109.0123,2.526,2.9214],[109.0153,2.5243,1.5229],[109.0164,2.5254,2.72],[109.0217,2.5221,5.2607],[109.0228,2.5187,4.3432],[109.0195,2.5182,1.0183],[109.0201,2.5172,1.0183],[109.0235,2.5161,2.0637],[109.0268,2.5174,3.4933],[109.0338,2.5153,3.2978],[109.0302,2.5127,3.8506],[109.0287,2.5139,0.2605],[109.0265,2.5117,3.2488],[109.0235,2.512,1.8778],[109.0238,2.5095,5.3957],[109.0223,2.512,2.4431],[109.0204,2.5118,2.4431],[109.0178,2.5094,0.9326],[109.017,2.5057,3.9808],[109.0136,2.5064,2.4338],[109.0108,2.5051,2.4957],[109.0069,2.4991,4.5411],[109.0095,2.4957,2.1877],[109.007,2.4895,6.4198],[109.0146,2.4831,10.0443],[109.0194,2.4811,4.8992],[109.0296,2.4821,26.3594],[109.0426,2.4883,4.7359]]],
[[[106.0151,2.7893,0.4445],[106.0175,2.7912,0.0],[106.0152,2.7909,0.0],[106.0139,2.7891,0.0],[106.0159,2.784,10.2025],[106.0187,2.7821,27.3833],[106.021,2.7834,1.8745],[106.0204,2.7887,0.0],[106.0178,2.7904,6.4796],[106.0151,2.7893,0.4445]]],
[[[108.9231,2.7737,0.0],[108.9226,2.7737,0.0],[108.9235,2.7731,0.0],[108.9236,2.7735,0.0],[108.9231,2.7737,0.0]]],
[[[108.9406,2.7738,0.0],[108.94,2.7736,0.0],[108.9402,2.7732,0.0],[108.9406,2.7731,0.0],[108.9406,2.7738,0.0]]],
[[[106.172,2.7605,0.0],[106.1671,2.7622,0.0],[106.1759,2.7486,7.7294],[106.1763,2.7454,0.0],[106.1806,2.7457,82.924],[106.1854,2.7403,0.0],[106.189,2.7449,0.0],[106.1932,2.7462,0.0],[106.1919,2.7526,0.0],[106.188,2.7568,1.497],[106.1854,2.7579,0.0],[106.1808,2.7569,7.3703],[106.1782,2.7593,0.0],[106.172,2.7605,0.0]]],
[[[108.9518,2.7538,0.0],[108.9514,2.7541,0.0],[108.9512,2.7535,0.0],[108.9517,2.7534,0.0],[108.9518,2.7538,0.0]]],
[[[108.9519,2.7591,0.0],[108.95,2.7617,0.0],[108.9494,2.7571,0.0],[108.9519,2.7562,0.0],[108.9519,2.7591,0.0]]],
[[[108.8135,2.7536,0.0],[108.8131,2.7524,0.0],[108.8132,2.7514,0.0],[108.814,2.7543,0.0],[108.8135,2.7536,0.0]]],
[[[108.8099,2.7538,0.0],[108.8115,2.7517,0.0],[108.8124,2.7548,0.0],[108.8109,2.7548,0.0],[108.8099,2.7538,0.0]]],
[[[108.8657,2.7563,0.0],[108.8649,2.7558,0.0],[108.8643,2.7549,0.0],[108.865,2.7549,0.0],[108.8657,2.7563,0.0]]],
[[[108.9439,2.7618,0.0],[108.9437,2.7623,0.0],[108.9434,2.7623,0.0],[108.9435,2.7617,0.0],[108.9439,2.7618,0.0]]],
[[[108.8684,2.759,8.7644],[108.8724,2.7603,0.0],[108.8772,2.7669,2.2684],[108.8734,2.7669,15.8642],[108.8647,2.7588,0.0],[108.8654,2.7578,0.0],[108.8684,2.759,8.7644]]],
[[[106.1989,2.7643,0.0],[106.1983,2.7641,0.0],[106.1984,2.7633,1.795],[106.1994,2.7636,0.0],[106.1989,2.7643,0.0]]],
[[[108.9454,2.7722,0.0],[108.9416,2.773,0.0],[108.9472,2.7677,0.0],[108.946,2.7654,0.0],[108.9513,2.7633,0.0],[108.9507,2.7675,0.0],[108.9454,2.7722,0.0]]],
[[[108.9076,2.7324,0.0],[108.9064,2.7325,0.0],[108.9068,2.731,0.0],[108.9077,2.7311,0.0],[108.9076,2.7324,0.0]]],
[[[106.2782,2.7321,0.0],[106.2755,2.7337,3.272],[106.2683,2.7322,0.0],[106.2754,2.7312,7.2812],[106.2782,2.7321,0.0]]],
[[[108.8318,2.7366,0.0],[108.8313,2.7365,0.0],[108.8315,2.7356,0.0],[108.8317,2.7357,0.0],[108.8318,2.7366,0.0]]],
[[[108.8281,2.7365,0.0],[108.8283,2.7368,0.0],[108.8278,2.7367,0.0],[108.8279,2.7365,0.0],[108.8281,2.7365,0.0]]],
[[[108.8291,2.733,0.0],[108.8285,2.733,0.0],[108.8283,2.7321,0.0],[108.8292,2.7324,0.0],[108.8291,2.733,0.0]]],
[[[108.7699,2.7337,0.0],[108.7697,2.7331,0.0],[108.7712,2.7323,0.0],[108.7711,2.733,0.0],[108.7699,2.7337,0.0]]],
[[[108.755,2.7324,0.0],[108.7547,2.7335,0.0],[108.7567,2.7339,0.0],[108.7555,2.7356,0.0],[108.753,2.7328,0.0],[108.7563,2.7315,0.0],[108.755,2.7324,0.0]]],
[[[106.2232,2.7378,39.5749],[106.2244,2.7385,1.7674],[106.2205,2.7385,8.1877],[106.2215,2.7371,8.1877],[106.2232,2.7378,39.5749]]],
[[[106.2461,2.7403,0.0],[106.2457,2.7401,0.0],[106.246,2.7396,0.0],[106.2464,2.7398,0.0],[106.2461,2.7403,0.0]]],
[[[108.8293,2.7465,0.0],[108.8287,2.7466,0.0],[108.8284,2.7455,0.0],[108.8291,2.7461,0.0],[108.8293,2.7465,0.0]]],
[[[108.8284,2.7451,0.0],[108.8278,2.7447,0.0],[108.8284,2.7436,0.0],[108.8287,2.7447,0.0],[108.8284,2.7451,0.0]]],
[[[108.8267,2.7407,0.0],[108.8264,2.741,0.0],[108.826,2.7406,0.0],[108.8261,2.7404,0.0],[108.8267,2.7407,0.0]]],
[[[108.8251,2.7372,0.0],[108.8267,2.7374,0.0],[108.8251,2.74,0.0],[108.8238,2.7356,0.0],[108.8275,2.7323,0.0],[108.8257,2.7351,0.0],[108.8266,2.7359,0.0],[108.8251,2.7372,0.0]]],
[[[106.2835,2.7388,5.1826],[106.2848,2.7385,4.3351],[106.2853,2.7396,5.1826],[106.2846,2.7402,5.1826],[106.2835,2.7388,5.1826]]],
[[[108.8484,2.7429,1.2356],[108.8518,2.7442,0.0],[108.8539,2.748,0.0],[108.8594,2.7513,0.0],[108.8417,2.7426,0.0],[108.8357,2.742,0.0],[108.8318,2.739,0.0],[108.837,2.7417,0.0],[108.8484,2.7429,1.2356]]],
[[[108.8286,2.7402,0.0],[108.8281,2.7404,0.0],[108.8279,2.7399,0.0],[108.8285,2.7398,0.0],[108.8286,2.7402,0.0]]],
[[[108.8308,2.7497,0.0],[108.8297,2.7477,0.0],[108.8296,2.7474,0.0],[108.8328,2.7511,0.0],[108.8308,2.7497,0.0]]],
[[[108.9089,2.8621,6.0347],[108.9093,2.8637,0.0],[108.9052,2.8633,1.1921],[108.9064,2.859,0.0],[108.9069,2.8612,0.0],[108.9089,2.8621,6.0347]]],
[[[108.9226,2.8695,0.0],[108.9226,2.8663,0.0],[108.9231,2.866,0.0],[108.9244,2.8715,0.0],[108.9226,2.8695,0.0]]],
[[[108.9281,2.8944,0.0],[108.9282,2.893,0.0],[108.9302,2.8912,0.0],[108.9308,2.893,0.0],[108.9281,2.8944,0.0]]],
[[[108.9385,2.8969,0.0],[108.9375,2.8967,0.0],[108.9375,2.8962,0.0],[108.9383,2.8964,0.0],[108.9385,2.8969,0.0]]],
[[[108.934,2.8947,0.0],[108.9324,2.8932,0.0],[108.936,2.894,0.0],[108.9372,2.8966,0.0],[108.9359,2.8966,0.0],[108.934,2.8947,0.0]]],
[[[108.9238,2.8975,0.0],[108.9226,2.8969,0.0],[108.9227,2.8962,0.0],[108.9237,2.896,0.0],[108.9238,2.8975,0.0]]],
[[[105.6751,2.9183,0.0],[105.6736,2.9193,0.0],[105.6716,2.9185,3.7788],[105.6737,2.9177,3.2786],[105.6751,2.9183,0.0]]],
[[[106.1322,2.9042,4.8118],[106.1343,2.9036,1.1912],[106.1355,2.9048,0.0],[106.1338,2.9064,0.3087],[106.1322,2.9042,4.8118]]],
[[[106.1627,2.9046,0.0],[106.1621,2.9042,0.0],[106.1621,2.9035,0.0],[106.1629,2.904,0.0],[106.1627,2.9046,0.0]]],
[[[108.7475,2.9148,0.0],[108.7507,2.9158,0.0],[108.7506,2.9198,3.2413],[108.7472,2.9159,2.4657],[108.7475,2.9148,0.0]]],
[[[105.6867,2.9243,0.0],[105.6814,2.9248,0.0],[105.6813,2.922,31.664],[105.6786,2.9193,5.3931],[105.6835,2.9126,56.2995],[105.6881,2.9099,4.8367],[105.6905,2.9125,0.0],[105.69,2.9139,7.3794],[105.6949,2.9167,11.9621],[105.6956,2.9189,0.0],[105.6908,2.9233,2.6577],[105.6867,2.9243,0.0]]],
[[[106.1518,2.9184,0.0],[106.1515,2.9179,0.0],[106.1522,2.9178,0.0],[106.1522,2.9182,0.0],[106.1518,2.9184,0.0]]],
[[[106.1591,2.9063,0.4123],[106.1612,2.9044,1.4668],[106.1619,2.9075,6.88],[106.1605,2.9105,0.0],[106.1581,2.9073,1.4743],[106.1591,2.9063,0.4123]]],
[[[106.1529,2.9128,0.0],[106.1531,2.9129,0.0],[106.1528,2.9133,0.0],[106.1527,2.913,0.0],[106.1529,2.9128,0.0]]],
[[[106.1332,2.9381,4.8889],[106.125,2.9397,0.0],[106.1215,2.9388,0.0],[106.1146,2.9325,0.0],[106.1126,2.9274,1.1133],[106.1149,2.9252,1.9436],[106.125,2.9274,46.5781],[106.1288,2.9265,5.3859],[106.1335,2.9301,22.8309],[106.1339,2.9231,11.0409],[106.138,2.9235,4.931],[106.1392,2.922,6.2225],[106.1358,2.9202,27.5009],[106.1372,2.9182,11.3224],[106.1496,2.9193,20.6932],[106.1504,2.9218,0.0],[106.1482,2.9275,0.0],[106.139,2.9343,0.0],[106.135,2.9347,45.6518],[106.1332,2.9381,4.8889]]],
[[[105.7753,2.8401,0.0],[105.7748,2.8454,4.3578],[105.7734,2.8457,0.0],[105.7722,2.8421,6.6263],[105.7753,2.8401,0.0]]],
[[[106.1816,2.8437,0.9334],[106.1817,2.8427,0.9334],[106.1827,2.8425,0.0],[106.1823,2.8438,0.0],[106.1816,2.8437,0.9334]]],
[[[106.1202,2.8471,0.0],[106.1191,2.846,25.4456],[106.1167,2.8476,0.0],[106.1177,2.8502,0.0],[106.1162,2.8489,0.0],[106.1165,2.8467,0.0],[106.1227,2.8413,15.916],[106.1243,2.844,0.0],[106.1222,2.8477,0.0],[106.1202,2.8471,0.0]]],
[[[105.6932,2.8938,0.0],[105.6925,2.8938,0.0],[105.6927,2.8928,3.1328],[105.6933,2.8928,0.0],[105.6932,2.8938,0.0]]],
[[[106.1541,2.9007,0.0],[106.1523,2.9019,1.5339],[106.1511,2.9005,0.0],[106.1529,2.8991,11.9919],[106.1541,2.9007,0.0]]],
[[[106.1647,2.9012,0.0],[106.1642,2.901,0.0],[106.1644,2.9005,0.0],[106.165,2.9008,0.0],[106.1647,2.9012,0.0]]],
[[[106.1041,2.874,0.0],[106.0992,2.8756,0.0],[106.097,2.8708,16.3833],[106.1025,2.8693,4.4809],[106.1054,2.8745,0.0],[106.1041,2.874,0.0]]],
[[[108.8923,2.8741,0.0],[108.8917,2.8802,0.0],[108.8884,2.88,0.0],[108.8887,2.8775,0.0],[108.886,2.8745,0.0],[108.8923,2.8741,0.0]]],
[[[105.7932,2.882,15.2492],[105.7902,2.8861,0.0],[105.7852,2.8802,0.0],[105.7918,2.8748,2.7094],[105.7928,2.8764,8.5873],[105.7914,2.8786,15.9957],[105.7932,2.882,15.2492]]],
[[[108.7198,2.8975,0.0],[108.7207,2.8965,0.0],[108.7246,2.8976,0.0],[108.7278,2.9038,3.8242],[108.73,2.9141,0.0],[108.7287,2.9167,0.0],[108.7263,2.917,0.0],[108.7225,2.9135,0.8602],[108.7188,2.901,0.0],[108.7198,2.8975,0.0]]],
[[[108.9062,2.8092,0.0],[108.9053,2.8082,0.9825],[108.9055,2.8075,0.9825],[108.908,2.8088,0.0],[108.9062,2.8092,0.0]]],
[[[105.6893,3.0646,0.0],[105.689,3.0643,0.0],[105.6894,3.0637,0.0],[105.6897,3.0642,0.0],[105.6893,3.0646,0.0]]],
[[[106.3193,3.0663,1.2081],[106.3186,3.0646,11.6529],[106.3201,3.0641,11.6529],[106.3204,3.0667,1.2081],[106.3193,3.0663,1.2081]]],
[[[105.5821,3.0981,0.0],[105.5809,3.0976,0.0],[105.581,3.0971,0.0],[105.5825,3.0973,0.0],[105.5821,3.0981,0.0]]],
[[[105.6104,3.077,12.7353],[105.6069,3.0778,5.2111],[105.6146,3.0751,8.4507],[105.6146,3.0765,3.4028],[105.6104,3.077,12.7353]]],
[[[106.3226,3.0729,0.0],[106.3218,3.0716,2.8581],[106.3226,3.0711,0.0],[106.3233,3.0732,0.0],[106.3226,3.0729,0.0]]],
[[[106.2895,3.0737,9.0427],[106.2873,3.075,0.0],[106.287,3.0749,0.0],[106.2881,3.0727,9.0427],[106.2895,3.0737,9.0427]]],
[[[105.5899,3.0925,0.0],[105.5873,3.0933,8.3213],[105.5845,3.092,53.5103],[105.5893,3.0837,3.2453],[105.5921,3.0835,73.5677],[105.5934,3.0816,12.1161],[105.5998,3.0818,3.511],[105.606,3.0787,0.0],[105.6096,3.0816,14.137],[105.6078,3.0848,2.0219],[105.5991,3.0897,2.9655],[105.5984,3.0918,0.0],[105.5899,3.0925,0.0]]],
[[[105.6407,3.0911,5.8502],[105.6422,3.0922,0.0],[105.6413,3.0949,0.0],[105.6399,3.0917,5.8502],[105.6407,3.0911,5.8502]]],
[[[105.6469,3.0915,0.0],[105.6465,3.0917,0.0],[105.6465,3.0911,0.0],[105.6472,3.0912,0.0],[105.6469,3.0915,0.0]]],
[[[106.1846,2.9569,18.6358],[106.1804,2.9588,0.0],[106.1749,2.9507,26.2046],[106.1756,2.9488,20.1278],[106.179,2.9474,28.0913],[106.179,2.9439,2.8417],[106.1838,2.9458,42.2361],[106.1883,2.9423,21.6535],[106.1928,2.9521,0.0],[106.1906,2.9533,0.0],[106.1891,2.9506,17.5855],[106.186,2.9508,6.4645],[106.1846,2.9569,18.6358]]],
[[[108.8039,2.9553,0.0],[108.8046,2.9529,0.0],[108.807,2.9522,0.0],[108.8057,2.9558,0.0],[108.8039,2.9553,0.0]]],
[[[105.8492,2.9558,7.4557],[105.8487,2.9554,0.0],[105.8489,2.9548,0.0],[105.8495,2.9551,2.6995],[105.8492,2.9558,7.4557]]],
[[[105.8516,2.9551,1.0896],[105.8525,2.9556,0.0],[105.8525,2.9561,0.0],[105.8504,2.9556,7.5843],[105.8516,2.9551,1.0896]]],
[[[108.8282,2.8451,1.8752],[108.848,2.8509,0.0],[108.859,2.8691,0.0],[108.8601,2.8739,1.1527],[108.8644,2.8787,0.0],[108.8793,2.8809,3.337],[108.8833,2.8795,2.6611],[108.8835,2.876,0.0],[108.8853,2.8751,0.0],[108.8838,2.8765,0.0],[108.8847,2.8805,0.0],[108.8798,2.8871,0.0],[108.8775,2.8863,3.6562],[108.8768,2.8879,1.807],[108.8811,2.9031,0.0],[108.8876,2.9135,1.0562],[108.8816,2.9115,6.8407],[108.8765,2.9177,1.8642],[108.8829,2.9286,0.0],[108.886,2.9376,1.5008],[108.8802,2.9404,5.1998],[108.876,2.9392,1.9348],[108.8757,2.9409,5.4397],[108.8783,2.9419,0.0],[108.8786,2.9442,4.3833],[108.8812,2.9431,0.0],[108.8851,2.9443,1.7025],[108.887,2.9485,0.6955],[108.8864,2.9601,5.1189],[108.8885,2.9699,8.3094],[108.8886,2.9891,0.0],[108.8903,2.9978,2.0984],[108.8887,3.0036,0.0],[108.8776,3.0089,0.0],[108.8733,3.0078,5.7737],[108.8638,3.0117,0.0],[108.8593,3.0081,5.4926],[108.8515,3.0065,4.5085],[108.8464,3.0023,2.5744],[108.8422,3.002,3.1785],[108.8383,2.9966,5.7583],[108.8389,2.9914,3.0438],[108.8354,2.9859,2.6675],[108.836,2.9782,1.0431],[108.8377,2.9756,14.6596],[108.8361,2.9718,0.0],[108.8364,2.9527,1.2758],[108.8352,2.9514,1.4476],[108.8368,2.9506,1.4476],[108.8345,2.949,0.0],[108.8354,2.9473,6.4699],[108.8336,2.9433,7.6725],[108.8317,2.9425,2.4415],[108.8281,2.9351,3.4126],[108.8239,2.9331,4.5769],[108.8109,2.9204,8.1246],[108.7943,2.9097,2.1447],[108.7901,2.9049,0.0],[108.7899,2.8994,5.4286],[108.7864,2.8955,7.9635],[108.7806,2.8955,0.0],[108.7743,2.8921,0.0],[108.7763,2.8834,5.8611],[108.7759,2.8776,8.594],[108.7825,2.874,5.2121],[108.7867,2.8651,6.1689],[108.7918,2.8596,0.0],[108.8077,2.8535,0.6655],[108.8126,2.8461,4.7544],[108.8194,2.8431,0.0],[108.8251,2.8431,0.0],[108.8282,2.8451,1.8752]]],
[[[105.8073,2.8881,19.052],[105.8117,2.888,6.5561],[105.8127,2.8861,0.0],[105.8147,2.8887,3.5098],[105.8164,2.8886,6.1498],[105.8172,2.8869,0.7591],[105.8204,2.886,9.4894],[105.8223,2.8891,0.0],[105.8175,2.894,4.1706],[105.8184,2.8972,0.0],[105.8117,2.9019,11.2851],[105.8085,2.902,11.0291],[105.8057,2.9049,3.7563],[105.796,2.9084,0.2668],[105.7965,2.9105,47.6003],[105.8025,2.9104,4.9493],[105.8028,2.909,4.9493],[105.8038,2.9099,4.9493],[105.8081,2.9074,29.9067],[105.8138,2.9066,0.0],[105.818,2.909,51.837],[105.8229,2.9075,14.5791],[105.8284,2.911,10.2559],[105.8215,2.9155,1.7508],[105.8224,2.9174,54.0768],[105.8268,2.9182,0.0],[105.8269,2.9199,0.0],[105.8224,2.9211,0.0],[105.8215,2.926,0.0],[105.8147,2.9286,2.6243],[105.8142,2.9322,32.4674],[105.8187,2.9351,0.0],[105.811,2.944,6.5626],[105.8136,2.9444,1.0882],[105.8173,2.949,9.8925],[105.8213,2.9487,0.0],[105.8188,2.954,1.14],[105.8206,2.9566,12.0317],[105.8243,2.9572,5.7131],[105.819,2.9684,1.6118],[105.8206,2.9706,11.286],[105.8293,2.97,9.1546],[105.8348,2.9593,2.4314],[105.8447,2.9586,1.1303],[105.8493,2.9566,7.5843],[105.8519,2.9574,1.777],[105.8515,2.9593,0.0],[105.8449,2.9596,1.0858],[105.8448,2.9615,25.1157],[105.8487,2.9636,0.0],[105.846,2.9665,2.132],[105.8427,2.9665,3.3095],[105.8414,2.9701,0.0],[105.8456,2.9736,1.9752],[105.8474,2.9781,0.0],[105.8417,2.978,6.3758],[105.8408,2.9797,3.1285],[105.8414,2.982,0.0],[105.8509,2.9877,0.0],[105.8451,2.9895,23.5685],[105.8449,2.9907,0.0],[105.8411,2.9901,16.5884],[105.8337,2.9931,0.0],[105.8294,2.9892,25.8073],[105.8244,2.991,0.0],[105.8194,2.9898,10.124],[105.8159,2.9923,0.0],[105.8171,2.9941,0.0],[105.8152,2.992,14.8542],[105.8107,2.9918,5.7134],[105.809,2.9902,10.7305],[105.8046,2.992,13.7712],[105.8039,2.9967,0.0],[105.8013,2.9977,21.3423],[105.801,3.0003,6.0539],[105.7975,2.9968,0.0],[105.8009,2.9956,6.017],[105.7982,2.9937,0.0],[105.8006,2.9924,2.3076],[105.7992,2.9897,0.9204],[105.7976,2.989,0.5821],[105.7966,2.9911,0.0],[105.7942,2.9911,0.0],[105.7878,2.9873,2.9967],[105.7889,2.9854,26.7365],[105.7874,2.9832,4.3203],[105.79,2.9799,2.0414],[105.7887,2.9744,1.6842],[105.7855,2.9724,8.869],[105.7815,2.9717,0.0],[105.7785,2.9748,0.0],[105.7793,2.9769,0.0],[105.7777,2.9764,0.0],[105.776,2.9794,0.0],[105.7716,2.9798,0.0],[105.7702,2.982,1.8007],[105.7626,2.9815,0.0],[105.7596,2.9781,12.8553],[105.7612,2.975,72.1234],[105.7572,2.9698,0.4073],[105.754,2.9684,0.6327],[105.7492,2.9695,0.0],[105.736,2.9785,0.5757],[105.7247,2.9946,0.0],[105.7256,2.9974,28.9607],[105.7286,2.9979,0.0],[105.7301,3.0037,0.0],[105.737,3.0095,0.0],[105.7379,3.0158,5.5257],[105.7334,3.0225,0.0],[105.735,3.0263,10.3407],[105.7394,3.0295,2.5137],[105.7339,3.0397,1.5589],[105.7355,3.0454,5.3539],[105.7408,3.0458,0.0],[105.7388,3.0481,6.1719],[105.7392,3.0503999999999998,1.8633],[105.7358,3.0497,3.9267],[105.7345,3.0453,5.3539],[105.7304,3.0471,0.0],[105.7266,3.046,0.9291],[105.727,3.0362,10.9994],[105.7204,3.0301,0.5774],[105.7188,3.0306,11.8712],[105.7189,3.0334,1.6108],[105.7156,3.0309,19.8328],[105.7146,3.0363,23.4638],[105.7163,3.0378,0.0],[105.7137,3.0414,1.2918],[105.7154,3.0435,16.5796],[105.7123,3.0513,0.0],[105.7097,3.0531,0.0],[105.7054,3.0607,0.0],[105.6956,3.0636,7.7104],[105.6915,3.0582,15.4717],[105.6974,3.0453,47.5953],[105.6939,3.0443,4.0328],[105.7002,3.0419,16.802],[105.706,3.0359,53.4402],[105.7057,3.0324,54.3048],[105.7045,3.0309,0.0],[105.7019,3.033,0.0],[105.7002,3.0305,3.6912],[105.6967,3.0304,0.0],[105.6957,3.0289,0.0],[105.6951,3.0255,30.7992],[105.6981,3.0185,21.957],[105.6962,3.0139,0.0],[105.6922,3.0124,0.0],[105.6924,3.006,5.5044],[105.6895,3.0053,3.05],[105.6853,3.0104,0.6624],[105.6806,3.0124,0.0],[105.6757,3.0092,2.8749],[105.684,2.9999,11.1791],[105.6914,2.9964,1.7743],[105.6967,2.9965,0.9873],[105.7063,2.9878,0.8782],[105.71,2.9877,16.02],[105.715,2.9846,15.7153],[105.7122,2.9806,0.0],[105.7137,2.9758,15.3113],[105.7085,2.9791,0.0],[105.7068,2.9773,7.0643],[105.7084,2.9665,6.4187],[105.7141,2.9645,15.7601],[105.7153,2.9619,0.0],[105.713,2.952,2.5475],[105.7069,2.9526,0.0],[105.708,2.9491,23.4117],[105.7045,2.9419,0.0],[105.7076,2.9393,73.8021],[105.7056,2.9332,51.0191],[105.7031,2.9324,5.1956],[105.7016,2.9344,0.0],[105.6971,2.9355,0.0],[105.6944,2.9335,0.0],[105.6972,2.9304,0.9002],[105.7066,2.9288,8.4386],[105.7074,2.9261,3.5855],[105.7059,2.9231,61.2845],[105.7031,2.9215,0.0],[105.7037,2.9176,12.1552],[105.7019,2.9158,0.0],[105.6991,2.9158,0.0],[105.6987,2.9121,34.3904],[105.7025,2.9078,13.4175],[105.7004,2.9024,0.0],[105.6955,2.8986,11.1621],[105.6964,2.8952,0.3675],[105.6946,2.8931,0.0],[105.6967,2.8894,0.0],[105.6996,2.8889,12.1307],[105.7031,2.8819,1.0099],[105.7005,2.8813,2.377],[105.6993,2.8825,0.0],[105.699,2.881,1.3515],[105.6932,2.8823,0.0],[105.6915,2.8788,0.6234],[105.6934,2.8762,53.5828],[105.6924,2.8733,6.6269],[105.6963,2.8729,8.2314],[105.698,2.8703,6.6035],[105.6947,2.868,0.0],[105.6949,2.8653,4.8067],[105.6937,2.8647,4.8067],[105.6978,2.8594,24.6366],[105.6976,2.8579,15.0642],[105.693,2.8559,4.4924],[105.6942,2.8499,3.0292],[105.6959,2.8512,9.4346],[105.7011,2.8467,8.7539],[105.7043,2.8415,16.5514],[105.7036,2.8377,16.0071],[105.7087,2.8354,0.0],[105.7113,2.8372,2.8956],[105.7129,2.831,2.3723],[105.7162,2.8333,39.8057],[105.7201,2.8302,10.5685],[105.7204,2.8265,20.5473],[105.7266,2.817,0.0],[105.7308,2.8174,13.0645],[105.7331,2.8154,0.0],[105.7367,2.8188,4.6821],[105.7393,2.824,2.9025],[105.7387,2.8308,5.9044],[105.7401,2.8327,24.6758],[105.7429,2.829,49.0195],[105.7431,2.8255,12.9791],[105.7459,2.8254,2.7768],[105.7445,2.8188,12.6945],[105.7489,2.8196,3.3779],[105.75,2.8223,7.359],[105.7474,2.8277,18.4503],[105.7498,2.827,3.1384],[105.7527,2.83,17.1387],[105.7591,2.8255,0.0],[105.7599,2.8294,0.0],[105.7579,2.8328,6.7725],[105.7595,2.8349,8.1111],[105.7654,2.8358,41.5206],[105.7697,2.8336,0.0],[105.7701,2.8437,0.0],[105.7657,2.8504,7.6962],[105.7619,2.8493,0.0],[105.7573,2.8518,1.2352],[105.7552,2.8569,3.2666],[105.75,2.8548,0.55],[105.7438,2.8552,3.6257],[105.7391,2.8515,1.1435],[105.7356,2.8546,0.8883],[105.7332,2.8632,0.0],[105.728,2.8663,0.0],[105.7268,2.8705,0.0],[105.7223,2.874,9.2262],[105.7304,2.8757,3.9685],[105.7319,2.88,7.3322],[105.7342,2.8808,9.4874],[105.7368,2.8793,9.2934],[105.7411,2.8679,0.0],[105.7437,2.8681,0.0],[105.7441,2.8696,7.1371],[105.7477,2.8676,17.2601],[105.7552,2.8735,5.3398],[105.7612,2.8716,2.5125],[105.7676,2.8722,4.2218],[105.7699,2.8748,0.0],[105.7707,2.8805,10.8759],[105.7728,2.8814,11.4911],[105.7715,2.8855,0.0],[105.7677,2.8886,0.0],[105.7661,2.8947,4.632],[105.7693,2.8952,0.0],[105.7703,2.8982,6.7117],[105.778,2.8952,0.0],[105.7814,2.8977,15.1893],[105.7831,2.897,0.0],[105.7852,2.9067,0.7705],[105.7927,2.8944,3.0357],[105.798,2.8925,38.2191],[105.8004,2.8882,19.1887],[105.8073,2.8881,19.052]]],
[[[108.7909,2.9562,0.0],[108.7881,2.9595,0.0],[108.7822,2.9607,0.0],[108.7917,2.9549,0.0],[108.7909,2.9562,0.0]]],
[[[105.6709,3.0097,1.067],[105.6724,3.0108,0.0],[105.6706,3.0123,0.0],[105.6704,3.0119,0.5685],[105.6709,3.0097,1.067]]],
[[[105.8395,3.0091,0.0],[105.8404,3.0127,0.0],[105.8341,3.01,4.3791],[105.8353,3.0081,19.5737],[105.8395,3.0091,0.0]]],
[[[106.1655,2.9717,0.0],[106.1638,2.9739,0.0],[106.1621,2.9731,5.4125],[106.1627,2.9689,73.3501],[106.1607,2.9664,5.3295],[106.1602,2.9602,18.844],[106.159,2.9648,2.305],[106.1566,2.9658,0.0],[106.1552,2.9644,11.6863],[106.1557,2.9584,6.4661],[106.1617,2.9566,1.0126],[106.1647,2.954,19.644],[106.1683,2.9559,0.0],[106.1696,2.9607,14.8788],[106.1681,2.9671,50.6845],[106.1702,2.9694,2.9145],[106.1655,2.9717,0.0]]],
[[[105.8517,2.9744,9.884],[105.8532,2.9744,9.884],[105.8534,2.9746,0.0],[105.8517,2.9758,0.0],[105.8517,2.9744,9.884]]],
[[[105.759,2.9762,26.6564],[105.7586,2.9758,0.0],[105.7592,2.9753,1.512],[105.7593,2.9757,26.6564],[105.759,2.9762,26.6564]]],
[[[105.685,2.9857,40.3631],[105.6883,2.987,27.5176],[105.6884,2.9886,8.9339],[105.6857,2.9901,0.0],[105.6846,2.9891,0.0],[105.685,2.9857,40.3631]]],
[[[106.2412,2.9892,0.0],[106.2407,2.9891,0.0],[106.2408,2.9885,0.0],[106.2411,2.9885,0.0],[106.2412,2.9892,0.0]]],
[[[105.6988,2.9902,0.0],[105.6961,2.9921,0.0],[105.6945,2.9907,0.0],[105.698,2.9883,0.0],[105.6988,2.9902,0.0]]],
[[[105.7778,2.9795,0.0],[105.7774,2.9795,0.0],[105.7776,2.9788,0.0],[105.778,2.979,0.0],[105.7778,2.9795,0.0]]],
[[[105.7707,2.9823,2.6509],[105.7714,2.9828,0.0],[105.7712,2.984,0.0],[105.7698,2.9833,2.6509],[105.7707,2.9823,2.6509]]],
[[[105.6942,2.9767,13.0222],[105.6928,2.9782,0.0],[105.6898,2.9762,12.4073],[105.6902,2.9744,27.6125],[105.6919,2.9742,40.6291],[105.6916,2.9698,12.7776],[105.6934,2.9686,0.0],[105.6989,2.9701,4.4914],[105.6986,2.9625,30.2593],[105.7041,2.9593,17.2495],[105.7071,2.9602,3.5886],[105.7085,2.9642,0.0],[105.7026,2.9745,0.0],[105.6964,2.9732,6.985],[105.6942,2.9767,13.0222]]],
[[[105.6986,2.9784,13.6919],[105.6994,2.9763,0.0],[105.7009,2.9787,7.5541],[105.6998,2.9794,0.0],[105.6986,2.9784,13.6919]]],
[[[106.4133,2.9832,4.6455],[106.4156,2.9824,1.8645],[106.4157,2.9941,0.0],[106.4139,2.9913,8.7327],[106.4133,2.9832,4.6455]]],
[[[106.1489,3.0025,0.9478],[106.146,3.0063,0.0],[106.1427,3.0052,3.7623],[106.1367,2.9966,17.4928],[106.1362,2.9906,36.2609],[106.1388,2.9888,30.3205],[106.1366,2.9806,18.6225],[106.139,2.9767,3.3413],[106.142,2.9771,7.2324],[106.1438,2.9798,0.0],[106.1427,2.9828,10.3508],[106.1448,2.9858,0.0],[106.1431,2.9877,34.2308],[106.1457,2.9925,25.2614],[106.1496,2.995,14.2059],[106.1489,3.0025,0.9478]]],
[[[106.1294,2.9939,0.0],[106.1262,2.9952,5.4987],[106.1243,2.9937,0.0],[106.1265,2.9883,2.5382],[106.1309,2.9925,1.8275],[106.1294,2.9939,0.0]]],
[[[106.2497,3.0016,20.5644],[106.251,3.0053,0.0],[106.2414,3.0032,4.0528],[106.2394,2.9971,0.0],[106.2403,2.9924,9.6583],[106.2425,2.9926,0.0],[106.2455,2.9984,5.1775],[106.2494,2.9983,11.53],[106.2497,3.0016,20.5644]]],
[[[105.807,3.0084,2.4148],[105.8027,3.0079,8.0807],[105.8022,3.0059,69.0206],[105.8049,3.0035,42.5217],[105.8049,2.9994,2.2893],[105.8068,2.9969,0.0],[105.808,2.9979,0.0],[105.8071,2.9992,4.5189],[105.8103,3.0007,71.2678],[105.8123,2.9996,0.0],[105.8147,3.0023,0.0],[105.8141,3.0042,0.0],[105.807,3.0084,2.4148]]],
[[[105.6897,3.0616,3.4838],[105.691,3.0603,0.7136],[105.6917,3.0608,0.0],[105.6895,3.0633,0.0],[105.6897,3.0616,3.4838]]],
[[[105.6954,3.0212,0.14],[105.6956,3.0218,0.14],[105.6947,3.0218,0.0],[105.6948,3.0213,0.0],[105.6954,3.0212,0.14]]],
[[[105.7501,3.0334,32.2752],[105.749,3.035,0.0],[105.7468,3.0344,0.0],[105.7479,3.0312,7.0497],[105.7464,3.029,15.142],[105.7482,3.029,15.142],[105.7501,3.0334,32.2752]]],
[[[108.8696,3.0254,3.7459],[108.8636,3.0343,13.5026],[108.8682,3.0386,0.0],[108.8688,3.0428,1.2073],[108.8642,3.043,6.2452],[108.8614,3.0481,1.8671],[108.8586,3.046,1.5901],[108.8545,3.0501,6.6728],[108.8544,3.0522,1.2367],[108.8517,3.0534,7.7044],[108.8499,3.0516,17.6805],[108.8442,3.052,18.5761],[108.8431,3.0541,7.3826],[108.8406,3.0545,0.3642],[108.8391,3.0505,0.6109],[108.841,3.0489,2.5707],[108.84,3.0464,12.4221],[108.8355,3.0453,5.1428],[108.8349,3.0437,0.0],[108.8377,3.0405,2.0476],[108.8435,3.0406,13.0768],[108.8475,3.0312,8.6075],[108.8512,3.0286,2.2527],[108.8506,3.0261,2.7147],[108.8523,3.023,2.7785],[108.8504,3.0147,9.0986],[108.8433,3.0117,1.0303],[108.8456,3.0104,0.0],[108.8552,3.0133,1.3197],[108.8628,3.0124,1.6616],[108.8704,3.021,1.1239],[108.8696,3.0254,3.7459]]],
[[[106.387,3.0369,0.2355],[106.385,3.0399,0.0],[106.3807,3.0393,1.0244],[106.3826,3.0345,32.4271],[106.3805,3.0334,2.2798],[106.3803,3.0298,12.8244],[106.3851,3.0243,13.7949],[106.388,3.0284,11.5553],[106.387,3.0369,0.2355]]],
[[[105.751,3.0335,3.4676],[105.7525,3.0324,3.4676],[105.7538,3.0327,0.0],[105.7524,3.035,0.0],[105.751,3.0335,3.4676]]],
[[[105.9563,3.0326,0.0],[105.955,3.0342,0.0],[105.9551,3.0416,0.0],[105.958,3.0459,0.0],[105.957,3.0464,0.0],[105.9511,3.0419,0.0],[105.9455,3.0233,2.2113],[105.9482,3.027,0.0],[105.9525,3.0262,0.0],[105.9544,3.0289,0.0],[105.9533,3.0298,2.3948],[105.9563,3.0326,0.0]]],
[[[106.3951,3.0159,7.9565],[106.3954,3.0141,3.4619],[106.3966,3.0179,0.0],[106.3953,3.0176,0.0],[106.3951,3.0159,7.9565]]],
[[[106.4086,3.0371,0.0],[106.4067,3.0385,0.0],[106.4068,3.032,0.0],[106.4044,3.0251,15.8007],[106.4027,3.028,49.5776],[106.4032,3.0356,0.0],[106.4007,3.038,2.8965],[106.3993,3.0382,2.8965],[106.3972,3.0355,2.6522],[106.3981,3.0327,0.0],[106.3933,3.0293,10.521],[106.395,3.0281,38.8891],[106.3946,3.0257,28.4877],[106.3971,3.0206,61.8302],[106.4047,3.0218,2.1568],[106.4067,3.0144,0.0],[106.4088,3.0134,1.4431],[106.4103,3.0207,28.3558],[106.4131,3.023,41.5446],[106.4161,3.0321,38.2395],[106.4153,3.0371,0.0],[106.4114,3.0293,8.1359],[106.4113,3.0373,0.0],[106.4086,3.0371,0.0]]],
[[[105.9448,3.0225,2.2113],[105.9448,3.0215,2.8166],[105.9454,3.0208,2.8166],[105.9456,3.0228,2.2113],[105.9448,3.0225,2.2113]]],
[[[105.9678,3.023,0.0],[105.9675,3.0223,0.0],[105.9679,3.0218,0.0],[105.9683,3.0226,0.0],[105.9678,3.023,0.0]]],
[[[107.7894,2.9775,3.9206],[107.7933,2.9778,0.0],[107.7937,2.9794,9.4682],[107.7997,2.9814,3.2152],[107.8085,2.9797,2.9175],[107.8139,2.9804,0.0],[107.8083,2.9914,0.0],[107.8069,3.0051,0.0],[107.8044,3.0116,0.0],[107.798,3.0172,0.0],[107.7857,3.0214,0.0],[107.7805,3.0188,0.0],[107.7714,3.0189,0.0],[107.7632,3.0145,5.7929],[107.7615,3.0154,0.0],[107.7533,3.008,4.045],[107.7481,3.0064,0.0],[107.7527,3.0015,8.7305],[107.7512,2.9946,3.8342],[107.7543,2.9878,2.2454],[107.7543,2.9784,2.2425],[107.7533,2.9781,2.2425],[107.7569,2.9723,5.3541],[107.7589,2.9721,0.0],[107.7621,2.9752,1.3059],[107.7692,2.9743,0.0],[107.7745,2.976,4.526],[107.7754,2.9749,0.0],[107.7765,2.9766,0.0],[107.7836,2.9791,12.3501],[107.7894,2.9775,3.9206]]],
[[[108.8696,3.0479,3.3237],[108.8719,3.0524,0.0],[108.8679,3.0503,0.5461],[108.8673,3.0466,0.0],[108.8696,3.0479,3.3237]]],
[[[106.3941,3.0459,0.0],[106.3923,3.0468,4.0589],[106.3897,3.0439,0.0],[106.39,3.0396,0.6124],[106.3944,3.0368,4.1024],[106.3954,3.0431,0.1166],[106.3941,3.0459,0.0]]],
[[[106.3765,3.0393,0.0],[106.3731,3.0411,0.0],[106.3712,3.0373,1.2475],[106.3735,3.0346,6.7201],[106.3765,3.0393,0.0]]],
[[[106.3793,3.0417,2.7973],[106.3802,3.0397,1.0244],[106.3821,3.0442,15.8012],[106.3815,3.0478,0.0],[106.3793,3.0447,4.5936],[106.3793,3.0417,2.7973]]],
[[[105.7401,3.0503,1.8633],[105.7397,3.0503999999999998,1.8633],[105.7398,3.0498,1.8633],[105.7401,3.0497,1.8633],[105.7401,3.0503,1.8633]]],
[[[106.3395,3.0591,0.0],[106.3365,3.0599,6.6195],[106.3344,3.0586,3.649],[106.3334,3.0541,5.0314],[106.3346,3.052,2.1772],[106.3379,3.0522,0.0],[106.3374,3.0544,0.0],[106.3395,3.0591,0.0]]],
[[[106.2212,3.0422,12.1366],[106.2218,3.0403,0.0],[106.2234,3.0406,26.1042],[106.2238,3.0481,0.0],[106.2199,3.0496,0.0],[106.2183,3.0461,12.8137],[106.2212,3.0422,12.1366]]],
[[[106.2683,2.7257,0.0],[106.2607,2.7254,15.992],[106.2585,2.7214,0.9053],[106.2528,2.7214,0.0],[106.2522,2.7157,15.7207],[106.2507,2.7156,15.7207],[106.2515,2.7124,36.3847],[106.2527,2.7118,0.0],[106.2537,2.7136,10.5213],[106.257,2.7122,56.6019],[106.2635,2.7158,24.7571],[106.2657,2.7148,11.6729],[106.2671,2.7165,0.0],[106.2647,2.7219,11.745],[106.2673,2.7245,0.0],[106.2688,2.7237,0.0],[106.2683,2.7257,0.0]]],
[[[108.7576,2.727,0.0],[108.7566,2.7272,0.0],[108.757,2.7258,0.0],[108.7586,2.7263,0.0],[108.7576,2.727,0.0]]],
[[[106.2876,2.7275,0.0],[106.2877,2.729,0.0],[106.2833,2.7279,0.0],[106.2841,2.7269,3.5138],[106.2876,2.7275,0.0]]],
[[[108.7527,2.7253,0.0],[108.7541,2.7275,0.0],[108.7522,2.73,0.0],[108.7516,2.7253,0.0],[108.7522,2.7244,0.0],[108.7545,2.7254,0.0],[108.7527,2.7253,0.0]]],
[[[108.925,2.7666,1.1528],[108.9232,2.7657,2.4084],[108.922,2.7679,0.4599],[108.9201,2.7672,0.0],[108.9174,2.7569,15.4465],[108.9073,2.7507,8.0265],[108.9051,2.7439,5.2105],[108.902,2.7402,10.6368],[108.8879,2.7326,0.0],[108.8853,2.7299,4.8117],[108.8865,2.727,0.0],[108.8922,2.7261,2.0406],[108.8986,2.7322,9.2388],[108.9038,2.733,0.6371],[108.9048,2.7348,4.2964],[108.9119,2.7338,0.2727],[108.9148,2.7375,2.2738],[108.9138,2.7423,3.7043],[108.9157,2.7462,0.0],[108.9256,2.7506,7.226],[108.9291,2.7557,1.2896],[108.9292,2.7613,2.235],[108.9263,2.7631,0.0],[108.9293,2.7665,0.0],[108.925,2.7666,1.1528]]],
[[[106.2164,2.8082,3.4425],[106.2128,2.808,0.0],[106.2003,2.812,11.6368],[106.1952,2.8098,16.2442],[106.1936,2.8015,15.7406],[106.1974,2.7964,21.81],[106.2029,2.7953,-0.1985],[106.1992,2.7908,27.3948],[106.2054,2.7869,24.8471],[106.2159,2.7837,37.7458],[106.2233,2.7666,1.6529],[106.2209,2.764,1.6934],[106.203,2.7632,0.9222],[106.2006,2.7615,8.9224],[106.201,2.7595,13.6894],[106.2028,2.7572,36.5084],[106.2081,2.7588,87.7707],[106.2139,2.7559,46.9484],[106.2147,2.7515,4.8851],[106.2179,2.7504,51.3658],[106.2152,2.7479,0.0],[106.2268,2.7434,7.3105],[106.226,2.7382,55.4954],[106.2334,2.7343,0.0],[106.2381,2.7337,0.0],[106.2437,2.7255,112.5465],[106.2467,2.7245,2.353],[106.2491,2.727,8.5836],[106.2509,2.7248,26.3527],[106.2544,2.724,8.0307],[106.2496,2.7309,0.0],[106.2462,2.7306,3.8706],[106.2467,2.7332,0.0],[106.2441,2.7331,9.8753],[106.2442,2.7373,0.0],[106.2416,2.7387,2.8407],[106.2446,2.7411,20.3269],[106.2489,2.7405,5.177],[106.2473,2.7456,42.6608],[106.2524,2.7463,2.8605],[106.2482,2.7479,22.0381],[106.249,2.7507,0.0],[106.2439,2.7535,6.6719],[106.2549,2.7557,0.0],[106.2524,2.7589,15.8027],[106.255,2.7613,0.0],[106.2503,2.7602,38.4745],[106.2458,2.7611,0.0],[106.243,2.7579,44.8527],[106.2391,2.7612,8.7204],[106.2391,2.7649,17.8518],[106.2423,2.7653,4.6637],[106.2437,2.768,20.055],[106.2482,2.7701,29.8444],[106.2477,2.7735,22.5452],[106.2459,2.7768,14.3525],[106.2405,2.7776,0.0],[106.2331,2.7819,3.7302],[106.2329,2.7837,0.0],[106.2362,2.7874,0.0],[106.2309,2.7869,27.9098],[106.2269,2.7897,0.0],[106.2271,2.7915,18.3414],[106.2306,2.7928,13.8805],[106.2306,2.7964,3.4216],[106.2228,2.8001,35.8228],[106.2224,2.8018,8.3158],[106.2285,2.8042,0.0],[106.228,2.8052,0.0],[106.2258,2.8073,0.0],[106.2209,2.8062,2.6035],[106.2164,2.8082,3.4425]]],
[[[105.6669,3.1242,0.0],[105.6669,3.1273,0.0],[105.6647,3.1274,0.0],[105.6651,3.1243,21.8565],[105.6665,3.1229,0.0],[105.6669,3.1242,0.0]]],
[[[106.1079,3.1358,60.2105],[106.1123,3.1414,8.8649],[106.1106,3.1441,3.0774],[106.1026,3.1385,46.8521],[106.1051,3.1367,38.5042],[106.1052,3.1344,12.8846],[106.1079,3.1358,60.2105]]],
[[[106.1473,3.1257,0.0],[106.1457,3.1281,0.0],[106.1433,3.1273,0.0],[106.1427,3.1247,7.7076],[106.1439,3.1225,10.4531],[106.1471,3.1228,18.3369],[106.1483,3.1242,0.0],[106.1473,3.1257,0.0]]],
[[[105.6764,3.1239,3.25],[105.6757,3.1245,3.25],[105.6749,3.127,0.0],[105.6738,3.1241,2.8829],[105.6764,3.1239,3.25]]],
[[[106.0887,3.1569,0.0],[106.0874,3.1586,11.6],[106.0855,3.1583,6.5024],[106.0818,3.154,0.0],[106.0772,3.1515,17.7454],[106.0747,3.1474,33.831],[106.083,3.149,31.5822],[106.0851,3.1476,13.5648],[106.0801,3.1396,10.8363],[106.0797,3.134,0.0],[106.0822,3.1252,0.8917],[106.0867,3.1253,21.2643],[106.0891,3.1235,8.7857],[106.0933,3.1264,0.0],[106.0989,3.135,0.0],[106.0995,3.1389,8.7104],[106.0989,3.1415,0.0],[106.0956,3.1422,4.7818],[106.0921,3.1533,0.0],[106.088,3.1518,8.2828],[106.0887,3.1569,0.0]]],
[[[106.4063,3.131,0.0],[106.406,3.1297,0.0],[106.407,3.1292,0.0],[106.4071,3.1311,0.0],[106.4063,3.131,0.0]]],
[[[106.4189,3.1537,4.9858],[106.4169,3.1548,0.0],[106.4151,3.1516,8.9783],[106.4093,3.1481,45.4517],[106.4081,3.1441,48.9091],[106.4035,3.1399,10.3218],[106.4032,3.1353,12.225],[106.4082,3.134,50.8434],[106.4081,3.1324,7.1182],[106.4101,3.1325,37.2017],[106.4104,3.1302,1.4924],[106.4119,3.13,0.0],[106.4113,3.1317,0.0],[106.4136,3.1346,15.463],[106.4167,3.1309,3.0189],[106.4185,3.131,13.3867],[106.42,3.1351,2.8103],[106.4227,3.1372,39.7463],[106.4252,3.1336,0.0],[106.4252,3.1306,0.0],[106.4264,3.1327,27.3939],[106.4293,3.1329,22.2447],[106.4296,3.1308,18.1642],[106.4335,3.1303,0.0],[106.4347,3.1284,4.3135],[106.4367,3.1291,1.9506],[106.4369,3.1305,0.0],[106.4342,3.1331,0.0],[106.4377,3.136,11.0923],[106.4376,3.1382,5.2386],[106.4328,3.1471,0.0],[106.4306,3.1498,5.4955],[106.4269,3.1506,0.0],[106.4206,3.1462,5.5956],[106.4189,3.1537,4.9858]]],
[[[106.4324,3.123,1.5154],[106.4301,3.1245,0.0],[106.429,3.1242,0.0],[106.4313,3.1212,1.4746],[106.4324,3.123,1.5154]]],
[[[106.4017,3.1458,0.9473],[106.4013,3.1458,0.9473],[106.4012,3.1454,0.0],[106.4018,3.1453,0.0],[106.4017,3.1458,0.9473]]],
[[[106.3961,3.1524,20.1366],[106.3957,3.1547,0.0],[106.3943,3.1549,4.4466],[106.3922,3.1515,16.278],[106.3873,3.1512,2.4471],[106.3855,3.1471,6.6437],[106.3815,3.1441,0.0],[106.38,3.1392,0.0],[106.3885,3.1369,23.4268],[106.3893,3.1355,23.4268],[106.3957,3.1354,0.0],[106.396,3.1374,65.069],[106.3984,3.1386,34.5742],[106.3958,3.1405,3.5778],[106.3952,3.1447,0.0],[106.3928,3.1453,9.7165],[106.3931,3.1504,0.0],[106.3961,3.1524,20.1366]]],
[[[106.3854,3.1528,9.272],[106.3829,3.1539,0.0],[106.3814,3.1508,0.0],[106.3829,3.1503,0.0],[106.3854,3.1528,9.272]]],
[[[106.4401,3.1582,0.0],[106.4399,3.1592,0.0],[106.4377,3.1589,0.0],[106.4392,3.1566,3.5723],[106.4401,3.1582,0.0]]],
[[[106.4089,3.1585,6.5675],[106.4073,3.1603,0.0],[106.4052,3.1599,9.3162],[106.4034,3.1571,2.8368],[106.3992,3.1551,44.4953],[106.3972,3.1512,4.5969],[106.3996,3.1471,50.4092],[106.4018,3.1467,0.9473],[106.4075,3.1496,0.0],[106.4092,3.1528,0.0],[106.4089,3.1585,6.5675]]],
[[[106.3898,3.1564,16.5468],[106.3877,3.158,0.0],[106.3857,3.1539,0.0],[106.3869,3.1516,2.4471],[106.3882,3.1553,15.3278],[106.3898,3.1564,16.5468]]],
[[[106.4878,3.2102,0.0],[106.4857,3.2113,1.1274],[106.4826,3.2079,4.6466],[106.48,3.2077,2.4675],[106.4772,3.1901,0.7036],[106.4841,3.1947,27.7663],[106.4863,3.1936,0.0],[106.4861,3.1893,0.0],[106.4884,3.1895,1.6837],[106.4921,3.1988,45.9373],[106.4927,3.1916,1.9261],[106.4959,3.1887,34.7561],[106.4946,3.1855,0.0],[106.4978,3.1837,0.0],[106.5012,3.1918,3.3688],[106.499,3.1921,0.0],[106.498,3.1899,24.6143],[106.4961,3.1907,0.8472],[106.5012,3.2027,2.9592],[106.4991,3.2055,0.0],[106.4966,3.2058,0.0],[106.493,3.2042,0.0],[106.4907,3.1997,7.5204],[106.488,3.1994,3.5052],[106.4866,3.2041,53.712],[106.4878,3.2102,0.0]]],
[[[106.4861,3.2226,1.6964],[106.4843,3.2232,2.0221],[106.4829,3.2185,8.0645],[106.4777,3.2158,24.0305],[106.477,3.2075,1.3126],[106.4798,3.2093,0.0],[106.481,3.2137,7.382],[106.4864,3.2193,27.4501],[106.4861,3.2226,1.6964]]],
[[[106.3704,3.1584,3.9224],[106.372,3.1648,0.0],[106.3698,3.1612,0.0],[106.3648,3.159,0.0],[106.3627,3.1539,0.0],[106.3658,3.1557,43.1908],[106.3682,3.1552,0.0],[106.3704,3.1584,3.9224]]],
[[[106.4377,3.1648,14.1819],[106.4362,3.1664,3.0507],[106.4322,3.1638,0.0],[106.4281,3.1574,3.1543],[106.4319,3.1613,9.1013],[106.4363,3.1606,0.0],[106.4377,3.1648,14.1819]]],
[[[106.2935,3.1606,1.5047],[106.2952,3.1585,0.9228],[106.2958,3.1623,3.966],[106.294,3.167,0.0],[106.2924,3.1624,3.0648],[106.2935,3.1606,1.5047]]],
[[[106.3673,3.1619,0.0],[106.3668,3.1612,0.0],[106.3676,3.1608,0.0],[106.3677,3.1614,0.0],[106.3673,3.1619,0.0]]],
[[[106.4039,3.1607,5.1216],[106.4049,3.1603,9.3162],[106.4062,3.1619,0.0],[106.4046,3.1626,0.0],[106.4039,3.1607,5.1216]]],
[[[106.3964,3.1658,0.6478],[106.3976,3.1672,0.0],[106.397,3.1681,0.0],[106.3956,3.1661,0.6478],[106.3964,3.1658,0.6478]]],
[[[106.3098,3.1746,0.0],[106.3063,3.1758,0.0],[106.3035,3.1813,0.0],[106.3001,3.1749,29.0978],[106.2982,3.1779,0.0],[106.2969,3.1752,19.9168],[106.2975,3.1716,4.8819],[106.2988,3.17,1.1847],[106.3,3.1708,30.1849],[106.3019,3.1654,0.0],[106.3104,3.173,0.0],[106.3098,3.1746,0.0]]],
[[[106.4497,3.1759,0.0],[106.449,3.1759,0.0],[106.4489,3.1752,0.7542],[106.4498,3.1752,0.7542],[106.4497,3.1759,0.0]]],
[[[106.3165,3.2067,0.0],[106.3169,3.2056,0.0],[106.3176,3.2054,0.0],[106.3172,3.2072,0.0],[106.3165,3.2067,0.0]]],
[[[106.3687,3.189,4.1481],[106.3687,3.1904,4.1481],[106.3673,3.1903,19.1792],[106.3656,3.186,10.8747],[106.3627,3.184,0.0],[106.3628,3.1818,0.0],[106.3652,3.1798,10.0735],[106.3633,3.1775,0.0],[106.3662,3.1738,3.9644],[106.3613,3.1686,0.0],[106.3615,3.1657,0.0],[106.3643,3.1617,0.0],[106.3677,3.1635,1.1123],[106.365,3.169,3.3769],[106.3682,3.1741,0.0],[106.3669,3.1755,54.3842],[106.3698,3.1771,31.7283],[106.3687,3.189,4.1481]]],
[[[106.4425,3.1929,13.7419],[106.445,3.194,0.9442],[106.4439,3.1965,1.0205],[106.4416,3.1932,1.9902],[106.4327,3.1886,0.0],[106.4339,3.1841,18.8907],[106.4397,3.1849,7.6764],[106.4384,3.1797,35.7545],[106.4332,3.1761,0.0],[106.4335,3.1693,0.0],[106.4353,3.1677,8.746],[106.4379,3.1697,6.8711],[106.4387,3.1738,8.8851],[106.439,3.1688,6.8711],[106.441,3.1695,8.9744],[106.4393,3.1734,2.0796],[106.4409,3.1778,15.0123],[106.4435,3.175,1.4991],[106.445,3.1762,18.5336],[106.4477,3.1743,5.4717],[106.4455,3.1791,10.7993],[106.4464,3.1868,0.0],[106.4414,3.1877,48.3302],[106.4425,3.1929,13.7419]]],
[[[106.4463,3.1949,0.0],[106.4455,3.1945,0.9442],[106.4457,3.1937,0.0],[106.4466,3.1941,0.0],[106.4463,3.1949,0.0]]],
[[[106.3041,3.1853,11.2894],[106.3055,3.1837,0.0],[106.305,3.1872,0.0],[106.3043,3.1867,2.9854],[106.3041,3.1853,11.2894]]],
[[[106.3536,3.1894,7.1469],[106.3553,3.1907,3.8661],[106.354,3.1917,3.8661],[106.3531,3.1899,0.0],[106.3536,3.1894,7.1469]]],
[[[106.304,3.1991,15.9017],[106.3055,3.2009,0.0],[106.3037,3.2021,0.0],[106.3,3.1988,2.0375],[106.2958,3.1994,0.0],[106.2931,3.1975,0.0],[106.2935,3.1933,0.0],[106.2914,3.1902,0.0],[106.2939,3.1854,7.7827],[106.2963,3.1843,0.0],[106.2987,3.189,0.0],[106.2982,3.1946,20.5586],[106.3007,3.1913,6.5821],[106.3025,3.1941,0.0],[106.3015,3.196,27.7404],[106.304,3.1991,15.9017]]],
[[[106.3077,3.1951,0.0],[106.309,3.1935,3.4948],[106.3105,3.1959,1.9535],[106.3089,3.2013,0.0],[106.3082,3.2004,10.2571],[106.3077,3.1951,0.0]]],
[[[106.3532,3.1992,0.0],[106.3524,3.1983,0.4656],[106.3528,3.1978,0.4656],[106.3538,3.1988,0.0],[106.3532,3.1992,0.0]]],
[[[106.3515,3.2019,0.0],[106.3496,3.2032,1.5001],[106.3477,3.1982,0.0],[106.3483,3.1983,0.0],[106.3515,3.2019,0.0]]],
[[[106.3011,3.2058,5.8131],[106.3026,3.204,6.0912],[106.3045,3.2044,0.0],[106.3016,3.209,0.0],[106.3011,3.2058,5.8131]]],
[[[106.4547,3.212,5.8397],[106.4543,3.2109,5.8397],[106.456,3.2114,5.8397],[106.4558,3.2127,0.0],[106.4547,3.212,5.8397]]],
[[[106.3176,3.2103,3.7326],[106.3176,3.2093,3.7326],[106.3184,3.209,3.7326],[106.318,3.2116,1.6962],[106.3176,3.2103,3.7326]]],
[[[106.0507,3.3372,0.0],[106.0436,3.3392,0.0],[106.0427,3.3345,1.0232],[106.0467,3.3298,1.6443],[106.052,3.3284,1.7753],[106.0529,3.3303,11.378],[106.0514,3.3335,0.0],[106.0529,3.3352,16.9147],[106.0507,3.3372,0.0]]],
[[[106.3327,3.2914,5.7955],[106.3323,3.2955,0.0],[106.3289,3.2926,25.4168],[106.3306,3.2905,23.0731],[106.3327,3.2914,5.7955]]],
[[[106.1763,3.3086,1.409],[106.1757,3.306,11.2123],[106.1763,3.3054,2.458],[106.1773,3.3069,3.7229],[106.1763,3.3086,1.409]]],
[[[106.3206,3.3174,0.6374],[106.3197,3.3159,0.0],[106.3199,3.315,0.0],[106.3221,3.3173,0.6374],[106.3206,3.3174,0.6374]]],
[[[106.2018,3.3038,0.0],[106.2003,3.3075,0.0],[106.1945,3.3016,4.8788],[106.1925,3.2963,14.1527],[106.1945,3.2913,4.274],[106.199,3.2887,4.076],[106.2017,3.2918,0.0],[106.2018,3.3038,0.0]]],
[[[106.3299,3.3039,0.0],[106.3269,3.3031,13.9276],[106.3258,3.2928,5.7233],[106.3282,3.2927,12.9909],[106.3299,3.3039,0.0]]],
[[[106.4106,3.3095,1.3774],[106.4083,3.3084,7.78],[106.4091,3.3122,0.0],[106.4075,3.3115,6.2685],[106.4051,3.3061,6.6587],[106.4061,3.3025,0.0],[106.4044,3.3009,0.0],[106.3996,3.3047,1.8203],[106.4004,3.3082,0.0],[106.3993,3.3095,0.0],[106.3967,3.3098,0.0],[106.3937,3.3074,0.2738],[106.3908,3.3,26.6278],[106.392,3.2971,17.2586],[106.3952,3.2952,23.4312],[106.3946,3.2902,1.5863],[106.4004,3.2936,0.9215],[106.4009,3.2972,4.4002],[106.4114,3.2995,0.0],[106.4132,3.3049,0.0],[106.4112,3.3071,0.0],[106.4117,3.3103,0.0],[106.4106,3.3095,1.3774]]],
[[[106.3263,3.3153,42.8371],[106.3245,3.3167,4.4062],[106.3223,3.3128,3.708],[106.3252,3.3051,1.1757],[106.3272,3.314,0.0],[106.3263,3.3153,42.8371]]],
[[[106.3893,3.3112,15.8256],[106.3904,3.3166,0.0],[106.3849,3.3074,6.8724],[106.3858,3.3055,3.8652],[106.3867,3.3056,0.0],[106.3893,3.3112,15.8256]]],
[[[106.308,3.3195,14.9749],[106.3065,3.3218,0.0],[106.304,3.319,0.0],[106.302,3.303,0.0],[106.3034,3.3072,37.779],[106.3065,3.3048,0.0],[106.3086,3.3088,3.1402],[106.3084,3.3126,4.4062],[106.3103,3.3156,0.0],[106.3081,3.3158,16.5103],[106.308,3.3195,14.9749]]],
[[[106.1741,3.3545,17.7926],[106.1751,3.351,24.2335],[106.1768,3.3549,0.0],[106.1748,3.3563,0.0],[106.1741,3.3545,17.7926]]],
[[[106.3884,3.3386,0.0],[106.3895,3.3371,8.1425],[106.3899,3.3425,3.5162],[106.3885,3.3434,3.5162],[106.3873,3.3415,12.7814],[106.3884,3.3386,0.0]]],
[[[106.2983,3.3495,0.9884],[106.2988,3.3485,0.0],[106.2997,3.3486,0.0],[106.2996,3.3501,0.9884],[106.2983,3.3495,0.9884]]],
[[[106.306,3.3572,1.8119],[106.3047,3.358,1.8119],[106.3016,3.3545,0.0],[106.3007,3.3479,0.0],[106.3022,3.3452,47.677],[106.3017,3.3382,0.0],[106.303,3.3375,1.5434],[106.3067,3.3473,0.0],[106.306,3.3572,1.8119]]],
[[[106.301,3.352,4.347],[106.2998,3.3534,0.8744],[106.2986,3.3514,8.1608],[106.2997,3.3507,8.1608],[106.301,3.352,4.347]]],
[[[106.304,3.3593,0.7653],[106.3043,3.3592,0.2026],[106.3044,3.3597,0.2026],[106.3039,3.3597,0.7653],[106.304,3.3593,0.7653]]],
[[[106.3166,3.3649,0.7054],[106.3152,3.3664,0.0],[106.3139,3.3626,6.4989],[106.3151,3.3558,17.9035],[106.3198,3.3573,9.1732],[106.318,3.3609,14.5947],[106.3188,3.3629,0.0],[106.3166,3.3649,0.7054]]],
[[[106.3089,3.3648,0.5708],[106.3085,3.3636,1.8503],[106.3091,3.3635,1.8503],[106.3095,3.3643,0.5708],[106.3089,3.3648,0.5708]]],
[[[106.4629,3.3816,2.9059],[106.4641,3.3816,2.9059],[106.465,3.3843,0.0],[106.4628,3.3841,2.944],[106.4629,3.3816,2.9059]]],
[[[106.4616,3.381,3.353],[106.462,3.3803,0.8107],[106.4625,3.3812,2.9059],[106.4621,3.3813,3.353],[106.4616,3.381,3.353]]],
[[[106.461,3.3855,0.0],[106.461,3.3847,0.0],[106.4618,3.3849,0.0],[106.4618,3.3858,0.0],[106.461,3.3855,0.0]]],
[[[106.2692,3.4513,0.0],[106.2691,3.4504,0.0],[106.2694,3.4502,0.0],[106.2701,3.4509,0.0],[106.2692,3.4513,0.0]]],
[[[108.0445,3.6159,3.7709],[108.0444,3.6177,22.7777],[108.0424,3.6179,0.0],[108.0425,3.6173,0.0],[108.0445,3.6159,3.7709]]],
[[[108.1338,3.621,0.9536],[108.1385,3.6221,18.2093],[108.1379,3.6275,0.0],[108.1338,3.6251,0.0],[108.1338,3.621,0.9536]]],
[[[108.1292,3.6247,3.6803],[108.1289,3.6258,0.0],[108.1269,3.6259,0.0],[108.1277,3.6233,0.0],[108.1292,3.6247,3.6803]]],
[[[108.0894,3.5815,41.6882],[108.0867,3.5836,16.0937],[108.0817,3.5822,0.0],[108.0796,3.5769,0.0],[108.081,3.5739,0.0],[108.0839,3.5736,0.0],[108.0887,3.577,0.0],[108.0959,3.5728,11.1563],[108.0949,3.5756,0.0],[108.0901,3.5777,23.9343],[108.0894,3.5815,41.6882]]],
[[[108.039,3.6007,36.2508],[108.0425,3.5999,6.6113],[108.0414,3.6058,4.1484],[108.0448,3.6113,27.3351],[108.0444,3.6134,18.5234],[108.0384,3.6062,0.0],[108.0378,3.6018,0.0],[108.039,3.6007,36.2508]]],
[[[108.0469,3.5745,25.6985],[108.05029999999999,3.5855,2.9803],[108.0489,3.5887,15.7023],[108.0447,3.5889,8.1805],[108.0438,3.5912,7.1141],[108.0457,3.5931,1.7967],[108.0433,3.5933,11.1421],[108.0413,3.5902,26.568],[108.0418,3.5839,10.4524],[108.0402,3.5811,11.5349],[108.0349,3.5781,20.5664],[108.0326,3.5737,18.0082],[108.0381,3.5612,0.0],[108.0432,3.5567,0.0],[108.0486,3.5614,3.7633],[108.0469,3.5745,25.6985]]],
[[[108.0537,3.5922,0.0],[108.0544,3.5899,0.0],[108.0565,3.592,27.6471],[108.0558,3.5937,19.8084],[108.0537,3.5922,0.0]]],
[[[106.4576,3.3813,2.5749],[106.4501,3.3815,0.0],[106.446,3.3787,1.9753],[106.4508,3.3704,0.0],[106.4555,3.3781,11.5263],[106.46,3.3805,3.5664],[106.4576,3.3813,2.5749]]],
[[[106.2101,3.2997,17.0052],[106.2124,3.3009,36.5798],[106.213,3.2979,6.3668],[106.2161,3.3006,32.9256],[106.2164,3.2972,31.7244],[106.2186,3.2974,0.0],[106.2214,3.3069,21.7474],[106.2264,3.3113,0.0],[106.2273,3.3196,9.1647],[106.2356,3.3322,11.3945],[106.236,3.3373,48.57],[106.2393,3.3439,4.2954],[106.2348,3.3512,0.0],[106.2327,3.352,6.5826],[106.2274,3.3448,1.8896],[106.2247,3.3449,10.5615],[106.2238,3.3462,0.0],[106.2256,3.3515,6.298],[106.2222,3.3561,8.5612],[106.2227,3.3587,6.6022],[106.2153,3.3599,38.6287],[106.2156,3.363,15.5362],[106.2197,3.3651,0.0],[106.2214,3.3699,19.8117],[106.2182,3.3742,0.0],[106.219,3.3767,10.7795],[106.2228,3.3796,10.8508],[106.2222,3.3837,5.9889],[106.2245,3.3872,37.4619],[106.2286,3.3888,0.0],[106.2279,3.3952,1.3136],[106.2142,3.39,13.6508],[106.2048,3.3826,0.0],[106.2001,3.3763,15.7351],[106.2006,3.3687,7.3058],[106.205,3.366,0.0],[106.2053,3.3528,91.5442],[106.2017,3.3463,25.6799],[106.1948,3.3469,7.9699],[106.192,3.345,11.2218],[106.1907,3.3411,3.3387],[106.1864,3.3444,1.4794],[106.182,3.3387,33.8331],[106.1792,3.3394,0.0],[106.172,3.3329,27.0181],[106.175,3.3237,57.354],[106.175,3.3176,45.2172],[106.1794,3.3124,3.154],[106.1815,3.3134,49.1786],[106.1821,3.3084,23.4392],[106.1851,3.306,57.1932],[106.1851,3.3019,9.186],[106.1897,3.3001,0.0],[106.1959,3.3066,15.5077],[106.1982,3.3059,3.7313],[106.1975,3.3128,0.0],[106.2007,3.3189,2.404],[106.2018,3.326,24.8398],[106.204,3.3225,16.328],[106.2057,3.3231,32.3319],[106.2038,3.3129,14.3411],[106.2101,3.2997,17.0052]]],
[[[106.2327,3.373,0.0],[106.2329,3.3722,0.0],[106.2337,3.3724,0.0],[106.2334,3.3734,0.0],[106.2327,3.373,0.0]]],
[[[106.3259,3.3721,6.8477],[106.3265,3.3746,0.0],[106.3231,3.3723,1.5166],[106.3238,3.3687,5.789],[106.3221,3.3658,6.7471],[106.3253,3.3656,4.3034],[106.3259,3.3721,6.8477]]],
[[[106.3454,3.4154,25.8704],[106.3446,3.4177,0.0],[106.3418,3.4171,0.0],[106.3407,3.4119,27.4876],[106.3297,3.4052,22.874],[106.3337,3.401,18.16],[106.3326,3.3945,0.0],[106.3342,3.3914,13.3173],[106.3337,3.3848,42.939],[106.3308,3.3832,21.6511],[106.3287,3.375,0.0],[106.3302,3.3712,27.8802],[106.3294,3.3693,20.7522],[106.3317,3.3686,36.0638],[106.3272,3.355,15.2399],[106.324,3.3557,0.0],[106.3214,3.3494,51.2185],[106.3179,3.3475,0.0],[106.3165,3.3438,28.8852],[106.317,3.3421,26.1644],[106.3196,3.3426,27.5825],[106.3202,3.3403,0.0],[106.3237,3.3378,20.8922],[106.3202,3.3304,11.6177],[106.3164,3.3297,11.0218],[106.319,3.3231,0.0],[106.3217,3.3244,2.3035],[106.3255,3.3329,6.3817],[106.3262,3.3403,13.021],[106.3275,3.3411,26.9459],[106.3313,3.3353,0.0],[106.3313,3.3428,2.9809],[106.3345,3.3441,41.0301],[106.3384,3.3517,0.0],[106.3391,3.3572,0.0],[106.3375,3.3645,0.0],[106.3425,3.3757,3.8191],[106.3412,3.3787,0.0],[106.3428,3.3809,12.0857],[106.3409,3.3901,4.952],[106.3396,3.3907,0.0],[106.3411,3.397,0.0],[106.3452,3.3999,0.0],[106.3431,3.4025,18.8279],[106.3436,3.4087,5.7265],[106.3465,3.4128,57.3647],[106.3454,3.4154,25.8704]]],
[[[106.3171,3.3781,5.0731],[106.3154,3.3803,5.4176],[106.3164,3.3685,0.0],[106.3183,3.3717,25.5065],[106.3171,3.3781,5.0731]]],
[[[106.2622,3.3743,15.252],[106.2637,3.3757,0.0],[106.2626,3.3766,0.0],[106.2614,3.3751,15.252],[106.2622,3.3743,15.252]]],
[[[106.3506,3.3792,21.2313],[106.3509,3.3813,3.0604],[106.3465,3.3812,0.0],[106.3464,3.3768,0.0],[106.3487,3.372,0.9751],[106.3502,3.3735,0.0],[106.3506,3.3792,21.2313]]],
[[[106.2328,3.3839,0.0],[106.2301,3.3865,0.0],[106.2279,3.3844,0.0],[106.2272,3.3791,10.4593],[106.2307,3.3789,46.9768],[106.2336,3.3806,0.0],[106.2328,3.3839,0.0]]],
[[[106.2365,3.3809,0.0],[106.237,3.3818,0.0],[106.2352,3.3808,0.0],[106.236,3.3805,0.0],[106.2365,3.3809,0.0]]],
[[[106.1496,3.3959,49.5109],[106.1525,3.3966,16.166],[106.1531,3.4019,31.2088],[106.1495,3.4051,3.8999],[106.1465,3.4038,0.0],[106.1453,3.4001,0.0],[106.1456,3.3898,0.0],[106.1496,3.3959,49.5109]]],
[[[106.2283,3.3968,6.3966],[106.23,3.3962,0.0],[106.229,3.3998,2.0092],[106.2271,3.3984,15.8461],[106.2283,3.3968,6.3966]]],
[[[106.4463,3.3896,10.2374],[106.4472,3.3888,10.2374],[106.4487,3.3915,0.6017],[106.4464,3.3902,10.2374],[106.4463,3.3896,10.2374]]],
[[[106.2465,3.3854,0.0],[106.2485,3.3871,0.0],[106.2472,3.3886,8.7487],[106.2453,3.3869,20.3149],[106.2465,3.3854,0.0]]],
[[[106.441,3.3922,15.6019],[106.4418,3.3941,14.4851],[106.4401,3.3959,0.0],[106.4373,3.3935,13.5325],[106.4335,3.3948,0.0],[106.4376,3.3899,12.2955],[106.4358,3.3814,48.2307],[106.4281,3.3762,14.0396],[106.4276,3.3733,0.0],[106.4347,3.3747,4.236],[106.4387,3.3786,3.4066],[106.4437,3.3798,1.9562],[106.4418,3.3837,12.9139],[106.443,3.3875,0.0],[106.4414,3.3885,7.6233],[106.441,3.3922,15.6019]]],
[[[106.4515,3.4002,19.9645],[106.4519,3.403,0.0],[106.4493,3.4019,0.6621],[106.4454,3.3945,5.6749],[106.4507,3.3984,5.3138],[106.4515,3.4002,19.9645]]],
[[[106.2798,3.4028,0.0],[106.2783,3.4023,0.0],[106.2767,3.4055,0.0],[106.2734,3.4011,21.4846],[106.2731,3.3968,4.7931],[106.2704,3.3988,0.0],[106.2684,3.398,12.956],[106.2688,3.3946,9.311],[106.2708,3.3943,7.897],[106.2725,3.3904,1.887],[106.2745,3.3906,40.1438],[106.2766,3.3881,16.7761],[106.2871,3.3867,5.0373],[106.289,3.3888,36.2233],[106.2914,3.3882,10.8027],[106.2915,3.3912,3.6643],[106.2897,3.3912,3.6643],[106.289,3.3941,0.0],[106.2798,3.4028,0.0]]],
[[[107.9027,3.9107,12.4177],[107.8994,3.9133,9.0426],[107.896,3.9133,9.2042],[107.8951,3.9119,16.7477],[107.8957,3.9014,0.0],[107.8944,3.8937,0.0],[107.8957,3.8915,5.783],[107.9021,3.8881,1.4032],[107.9036,3.8839,25.2867],[107.9117,3.8819,0.0],[107.9193,3.8891,10.9571],[107.921,3.9004,17.6595],[107.9121,3.9082,14.4445],[107.906,3.9087,46.3324],[107.9027,3.9107,12.4177]]],
[[[108.3758,3.8938,2.8813],[108.3723,3.8937,6.1814],[108.3729,3.8901,0.0],[108.3747,3.8907,0.8584],[108.3741,3.8925,6.1814],[108.3758,3.8938,2.8813]]],
[[[108.3685,3.8974,3.9755],[108.3696,3.8966,0.0],[108.3703,3.8979,0.0],[108.3679,3.899,0.0],[108.3685,3.8974,3.9755]]],
[[[107.9921,3.9301,0.0],[107.9932,3.9307,3.7012],[107.9936,3.9315,0.7038],[107.9914,3.9313,3.7012],[107.9921,3.9301,0.0]]],
[[[107.9601,3.9339,0.0],[107.9596,3.9318,0.0],[107.9612,3.9296,2.4679],[107.9626,3.9312,0.0],[107.9601,3.9339,0.0]]],
[[[107.9558,3.9404,1.9358],[107.9487,3.9454,53.5594],[107.9447,3.9447,24.7698],[107.9443,3.9429,20.5222],[107.9465,3.9405,32.5388],[107.9511,3.9412,3.3667],[107.9582,3.9373,0.0],[107.9558,3.9404,1.9358]]],
[[[107.9778,3.9584,0.0],[107.978,3.9587,0.0],[107.9775,3.9588,11.8142],[107.9773,3.9584,0.0],[107.9778,3.9584,0.0]]],
[[[108.4178,4.0113,6.3257],[108.4165,4.013,9.5095],[108.4157,4.0028,0.0],[108.4201,4.0062,0.0],[108.4178,4.0113,6.3257]]],
[[[107.9776,3.9633,1.2406],[107.9751,3.9637,5.6831],[107.9766,3.9597,0.0],[107.982,3.9594,1.0246],[107.9814,3.9623,0.0],[107.9776,3.9633,1.2406]]],
[[[107.9795,3.963,0.0],[107.9795,3.9631,0.0],[107.9792,3.9631,0.0],[107.9793,3.9629,0.0],[107.9795,3.963,0.0]]],
[[[107.977,3.9656,0.0],[107.9794,3.965,0.0],[107.9774,3.9667,0.0],[107.9747,3.9658,0.0],[107.977,3.9656,0.0]]],
[[[107.9565,4.0118,19.3925],[107.953,4.0134,27.6291],[107.9504,4.0121,10.8294],[107.958,4.0087,0.0],[107.9584,4.0104,8.7283],[107.9565,4.0118,19.3925]]],
[[[107.9499,4.0145,0.0],[107.9494,4.0135,0.0],[107.9507,4.0134,10.8294],[107.9507,4.0142,0.0],[107.9499,4.0145,0.0]]],
[[[108.3588,4.0155,0.0],[108.3602,4.0111,0.0],[108.362,4.0135,0.0],[108.3606,4.0173,0.0],[108.3591,4.0173,0.0],[108.3588,4.0155,0.0]]],
[[[108.222,4.2392,1.4923],[108.2207,4.2419,5.3099],[108.2193,4.2413,0.0],[108.2198,4.2354,0.0],[108.2204,4.2356,1.6199],[108.222,4.2392,1.4923]]],
[[[107.7325,4.5174,0.0],[107.7296,4.5216,1.56],[107.7284,4.52,22.6244],[107.7235,4.52,0.0],[107.7231,4.5154,0.0],[107.7245,4.513,0.0312],[107.7303,4.5106,7.2453],[107.7325,4.5174,0.0]]],
[[[108.2079,4.2641,0.8015],[108.21,4.2659,3.9764],[108.2103,4.2688,0.2965],[108.1986,4.2639,0.0],[108.1999,4.2552,7.4988],[108.1862,4.2349,0.0],[108.1893,4.2344,0.0],[108.1908,4.2404,3.9891],[108.1995,4.2475,0.0],[108.2029,4.2547,4.5992],[108.2027,4.2581,4.7778],[108.2079,4.2641,0.8015]]],
[[[107.9839,4.6966,1.846],[107.9894,4.7104,0.2862],[107.9891,4.7168,5.1409],[107.9946,4.7335,3.88],[107.9983,4.7373,0.0],[108.0001,4.7453,1.1502],[108.0076,4.76,4.1711],[108.0083,4.7701,0.0],[108.007,4.775,7.8145],[107.9989,4.7745,12.2395],[107.994,4.7716,15.5772],[107.9922,4.7694,31.9252],[107.9905,4.7565,2.2018],[107.9764,4.7424,3.6508],[107.9751,4.7386,18.779],[107.9764,4.7385,18.779],[107.9744,4.7378,0.0],[107.9671,4.7187,12.7868],[107.9583,4.7078,0.0],[107.9493,4.701,1.6185],[107.9277,4.6939,3.523],[107.9272,4.6822,0.0],[107.9287,4.6802,0.0],[107.9445,4.675,0.3848],[107.9471,4.6762,3.6165],[107.9509,4.6749,5.2543],[107.9538,4.6735,1.199],[107.9538,4.6709,0.8192],[107.9557,4.6711,0.4521],[107.9558,4.6727,3.9206],[107.9651,4.6687,0.0],[107.9676,4.6747,3.1631],[107.977,4.6806,0.0],[107.9787,4.6853,2.1152],[107.9778,4.6884,1.07],[107.9796,4.6875,0.5624],[107.9839,4.6966,1.846]]],
[[[108.0212,4.7933,14.0341],[108.0212,4.7969,0.0],[108.018,4.7977,0.0],[108.0151,4.797,0.0],[108.0124,4.7936,79.7907],[108.0107,4.7939,0.0],[108.0064,4.7862,17.6832],[108.0076,4.7811,0.0],[108.01,4.7793,0.0],[108.0131,4.7846,1.6194],[108.0185,4.7882,0.0],[108.0212,4.7933,14.0341]]],
[[[107.8656,4.1569,37.6858],[107.8597,4.1594,4.451],[107.8543,4.1513,3.0306],[107.8532,4.141,0.0],[107.8461,4.139,20.0531],[107.8445,4.1273,0.0],[107.8426,4.1256,0.0],[107.8455,4.1248,18.9794],[107.846,4.1221,12.8436],[107.8445,4.1197,18.6213],[107.8415,4.1211,4.2074],[107.84,4.1168,5.2607],[107.841,4.1133,0.0],[107.8445,4.112,0.0],[107.8439,4.1166,18.8622],[107.8481,4.1189,6.6018],[107.8526,4.1156,21.6835],[107.8624,4.1259,21.9733],[107.8631,4.1288,35.4792],[107.8603,4.1378,15.2527],[107.8627,4.1459,39.3496],[107.8672,4.149,23.6483],[107.8689,4.1556,19.5425],[107.868,4.1572,0.8425],[107.8656,4.1569,37.6858]]],
[[[107.9017,4.0322,2.1749],[107.8993,4.0364,3.8103],[107.8966,4.0371,0.0],[107.8965,4.0341,0.0],[107.9006,4.0321,16.7947],[107.9012,4.0274,1.2397],[107.9031,4.0292,0.0],[107.9017,4.0322,2.1749]]],
[[[107.9161,4.0356,0.0],[107.9155,4.0382,0.0],[107.9105,4.0369,0.0],[107.9141,4.0328,0.0],[107.9161,4.0356,0.0]]],
[[[108.2992,4.0644,2.1823],[108.2996,4.0643,2.1823],[108.2996,4.0646,2.1823],[108.2995,4.0646,2.1823],[108.2992,4.0644,2.1823]]],
[[[108.298,4.065,2.1823],[108.2974,4.064,0.0],[108.2987,4.064,2.1823],[108.2985,4.0649,2.1823],[108.298,4.065,2.1823]]],
[[[108.0877,4.103,0.0],[108.0875,4.1023,0.0],[108.0879,4.1019,0.0],[108.0886,4.1033,0.5112],[108.0877,4.103,0.0]]],
[[[107.9928,4.1026,0.0],[107.993,4.1013,0.0],[107.9949,4.1048,2.3244],[107.9934,4.1042,0.0],[107.9928,4.1026,0.0]]],
[[[108.0149,4.0778,0.5662],[108.0147,4.0766,5.4327],[108.0162,4.0781,0.0],[108.0158,4.0783,0.5662],[108.0149,4.0778,0.5662]]],
[[[108.0247,4.0787,0.0],[108.0264,4.0801,0.0],[108.0168,4.0774,0.0],[108.0149,4.0753,3.536],[108.0203,4.0754,0.0],[108.0247,4.0787,0.0]]],
[[[108.1134,4.1526,1.9441],[108.1159,4.1523,10.3733],[108.1173,4.1548,0.0],[108.1155,4.1544,2.358],[108.1134,4.1526,1.9441]]],
[[[108.3666,3.7812,0.0],[108.3663,3.7807,0.0],[108.3668,3.7805,0.0],[108.3669,3.7809,0.0],[108.3666,3.7812,0.0]]],
[[[108.1711,3.7912,0.0],[108.1705,3.791,0.0],[108.1703,3.7903,0.0],[108.1714,3.7904,0.0],[108.1711,3.7912,0.0]]],
[[[108.4106,3.7963,5.6576],[108.4122,3.7948,2.0658],[108.4129,3.7981,2.3599],[108.4106,3.7973,0.0],[108.4106,3.7963,5.6576]]],
[[[108.0454,3.85,1.0695],[108.0455,3.8522,0.0],[108.043,3.8519,3.515],[108.0437,3.8495,0.9164],[108.0454,3.85,1.0695]]],
[[[108.4152,3.8606,3.9861],[108.4162,3.864,0.0],[108.412,3.861,0.0],[108.4149,3.8593,0.0],[108.4152,3.8606,3.9861]]],
[[[107.9936,3.8062,0.0],[107.9932,3.807,0.0],[107.9926,3.8066,0.0],[107.993,3.806,0.0],[107.9936,3.8062,0.0]]],
[[[108.028,3.8683,0.0],[108.0284,3.867,0.0],[108.0287,3.8668,0.0],[108.0293,3.8683,2.6116],[108.028,3.8683,0.0]]],
[[[108.3826,3.8736,0.9705],[108.3834,3.8729,0.9705],[108.3838,3.8733,0.9705],[108.3834,3.8743,0.9201],[108.3826,3.8736,0.9705]]],
[[[107.927,3.8743,0.0],[107.9284,3.873,0.0],[107.9258,3.8769,0.0],[107.9263,3.8752,0.0],[107.927,3.8743,0.0]]],
[[[108.382,3.8864,7.7141],[108.3771,3.8862,0.8938],[108.3792,3.8838,7.4449],[108.3779,3.8811,0.0],[108.3795,3.879,2.4391],[108.3827,3.8824,0.0],[108.382,3.8864,7.7141]]],
[[[108.3797,3.8764,4.7992],[108.3794,3.876,4.7992],[108.3801,3.8754,3.3618],[108.3801,3.8761,4.7992],[108.3797,3.8764,4.7992]]],
[[[108.0373,3.862,0.0],[108.0375,3.8638,1.3338],[108.0357,3.8642,0.4035],[108.0354,3.8624,1.621],[108.0373,3.862,0.0]]],
[[[108.0046,3.8637,0.0],[108.0007,3.8649,0.0],[108.0005,3.8647,0.0],[108.0026,3.863,0.0],[108.0046,3.8637,0.0]]],
[[[108.0344,3.8648,0.0],[108.0339,3.8645,0.0],[108.0343,3.864,0.0],[108.0347,3.8643,0.4035],[108.0344,3.8648,0.0]]],
[[[108.0894,3.6932,17.8916],[108.0855,3.6939,0.0],[108.0729,3.69,0.0],[108.0734,3.6882,0.0],[108.0762,3.689,26.5098],[108.0784,3.6867,3.7495],[108.0791,3.6843,0.0],[108.0773,3.6811,0.0],[108.0812,3.6825,35.5745],[108.0819,3.6842,46.605],[108.0852,3.6823,18.6628],[108.0838,3.687,7.3981],[108.0903,3.6908,4.0552],[108.0894,3.6932,17.8916]]],
[[[108.0368,3.6974,0.0],[108.0364,3.697,0.0],[108.037,3.6964,0.0],[108.0374,3.697,0.0],[108.0368,3.6974,0.0]]],
[[[108.2755,3.7131,7.5805],[108.274,3.7152,5.6953],[108.2727,3.7134,0.0],[108.2738,3.7113,0.9093],[108.2762,3.7119,3.269],[108.2755,3.7131,7.5805]]],
[[[108.0608,3.7443,56.1856],[108.0647,3.7509,16.2747],[108.0635,3.7524,0.0],[108.0618,3.7478,11.5289],[108.0578,3.7449,43.3514],[108.0591,3.7436,0.0],[108.0608,3.7443,56.1856]]],
[[[108.3963,3.7695,0.0],[108.3971,3.7682,0.0],[108.3981,3.7703,3.8296],[108.3971,3.77,3.8296],[108.3963,3.7695,0.0]]],
[[[108.3366,3.7577,0.0],[108.3364,3.7568,0.0],[108.3366,3.7567,0.0],[108.3373,3.7577,0.0],[108.3366,3.7577,0.0]]],
[[[108.1185,3.7612,5.5242],[108.1154,3.7626,1.9385],[108.115,3.7581,3.1207],[108.1166,3.7562,0.8253],[108.1148,3.7525,0.0],[108.1261,3.7558,4.8827],[108.1251,3.7575,0.0],[108.1207,3.7575,2.2802],[108.1189,3.7589,6.6622],[108.12,3.7614,0.0],[108.1185,3.7612,5.5242]]],
[[[108.1032,3.6004,3.6059],[108.1089,3.6056,8.1195],[108.1142,3.6041,0.0],[108.1212,3.6069,0.0],[108.1252,3.6229,0.0],[108.1117,3.6342,1.1106],[108.1051,3.6369,18.0943],[108.0994,3.637,18.995],[108.095,3.6353,15.6781],[108.0933,3.6326,5.3693],[108.0921,3.6261,0.0],[108.0895,3.6227,0.0],[108.0904,3.6174,2.2221],[108.0887,3.6131,4.5755],[108.0859,3.612,13.5666],[108.0825,3.6145,0.6113],[108.0792,3.6147,3.8851],[108.0753,3.6108,0.0],[108.0741,3.6056,8.6323],[108.0702,3.6016,9.747],[108.0693,3.5945,2.9673],[108.0662,3.5893,13.4324],[108.067,3.5866,3.3935],[108.0695,3.5829,0.0],[108.0772,3.5835,3.072],[108.078,3.5823,2.2411],[108.0801,3.5844,0.0],[108.0788,3.5881,5.6979],[108.0811,3.589,25.6027],[108.0807,3.5912,25.3659],[108.0832,3.5939,0.0],[108.0817,3.5956,59.0313],[108.088,3.5979,11.4145],[108.094,3.5937,0.0],[108.0953,3.5908,1.4873],[108.099,3.5919,0.0],[108.1039,3.5858,4.7616],[108.1068,3.5893,4.9048],[108.1069,3.5919,6.7693],[108.1032,3.6004,3.6059]]],
[[[108.0748,3.6332,1.1587],[108.0821,3.634,0.0],[108.0852,3.639,4.3231],[108.086,3.6438,36.2294],[108.084,3.6515,0.0],[108.0748,3.6644,0.0],[108.071,3.6663,34.1913],[108.063,3.6651,13.4411],[108.0544,3.6689,8.417],[108.0459,3.6659,4.2478],[108.0449,3.6642,16.8033],[108.05,3.6559,1.0078],[108.0534,3.6441,0.5368],[108.0533,3.6404,6.3222],[108.0492,3.6354,45.1512],[108.0509,3.6305,2.8048],[108.0545,3.6291,5.6822],[108.0535,3.6364,7.4385],[108.055,3.6361,7.4385],[108.0555,3.6378,4.18],[108.0629,3.6348,0.0],[108.0673,3.6355,11.0758],[108.0748,3.6332,1.1587]]],
[[[108.1112,3.7666,13.1461],[108.1165,3.7667,4.307],[108.1168,3.7698,62.8355],[108.1128,3.7726,4.1512],[108.1109,3.7711,27.2432],[108.1112,3.7666,13.1461]]],
[[[108.0054,3.8169,3.6984],[108.0013,3.8182,0.0],[107.9948,3.8144,0.0],[107.9917,3.8102,0.0],[107.9941,3.8094,0.0],[107.9955,3.8116,9.9806],[107.9995,3.8106,1.5533],[108.0021,3.8115,1.5137],[107.9998,3.8115,1.3488],[108.0006,3.8127,14.6524],[108.0042,3.8128,12.9278],[108.0057,3.8105,4.3806],[108.0035,3.8099,0.0],[108.0031,3.808,0.0],[108.0073,3.8084,2.5993],[108.0129,3.8066,6.4456],[108.0158,3.8033,2.6095],[108.0127,3.7971,21.0503],[108.0175,3.7923,3.8802],[108.0173,3.7869,20.1109],[108.0134,3.7854,14.1548],[108.0121,3.7802,70.6174],[108.0141,3.7781,13.9624],[108.0256,3.7762,10.4183],[108.0247,3.7744,2.0046],[108.026,3.7757,10.4183],[108.0262,3.7779,34.8735],[108.028,3.7795,30.5262],[108.0308,3.7782,5.8354],[108.0312,3.7755,4.8093],[108.0346,3.7752,0.6527],[108.0338,3.7681,3.5839],[108.0298,3.7645,0.0],[108.0302,3.763,0.0],[108.0398,3.7666,2.3822],[108.04,3.7737,0.0],[108.0373,3.7771,24.5796],[108.0382,3.7832,20.9268],[108.0359,3.7843,0.0],[108.033,3.7823,4.5192],[108.0309,3.7847,0.0],[108.0312,3.7886,0.0],[108.0291,3.7893,1.0007],[108.0298,3.7933,2.5766],[108.0348,3.7925,0.0],[108.0354,3.7943,0.329],[108.0333,3.7971,0.0],[108.0331,3.7947,2.6694],[108.0317,3.796,0.6356],[108.0307,3.7946,1.5801],[108.0313,3.8033,0.0],[108.0194,3.8148,19.8807],[108.0166,3.8159,0.0],[108.0125,3.8141,3.0819],[108.0054,3.8169,3.6984]]],
[[[108.2355,3.7475,1.9932],[108.2255,3.7551,11.9015],[108.2232,3.7586,16.8618],[108.2187,3.7605,2.0344],[108.2168,3.7669,8.1327],[108.2133,3.7707,8.6972],[108.2078,3.7735,6.2948],[108.2046,3.778,10.9026],[108.1988,3.78,5.0021],[108.1993,3.7817,0.0],[108.1982,3.7802,5.0021],[108.1938,3.7807,7.0983],[108.1943,3.7818,7.0983],[108.1884,3.7834,3.1778],[108.1845,3.78,2.2801],[108.1843,3.7769,16.5182],[108.1812,3.7778,2.8066],[108.1784,3.7752,10.3193],[108.1757,3.775,3.2717],[108.1731,3.772,9.5965],[108.1727,3.7677,9.5882],[108.1674,3.7654,19.2192],[108.1543,3.765,14.7348],[108.1502,3.7612,5.4566],[108.1495,3.76,0.0],[108.1517,3.7585,0.0],[108.1516,3.7549,4.4046],[108.149,3.7507,0.0],[108.1508,3.7425,4.0884],[108.1497,3.7403,4.7855],[108.1479,3.7404,4.7855],[108.1481,3.7439,0.0],[108.144,3.7468,7.1169],[108.1416,3.7513,6.4288],[108.1349,3.7502,0.0],[108.1345,3.7457,1.9056],[108.131,3.7458,6.3164],[108.1265,3.7486,0.9064],[108.1251,3.7462,3.8247],[108.1218,3.7467,5.8545],[108.118,3.7439,4.2165],[108.1153,3.7391,3.2677],[108.1181,3.7298,1.8096],[108.1208,3.7276,2.8258],[108.12,3.726,1.467],[108.1212,3.7237,12.9592],[108.1131,3.7227,3.2849],[108.1103,3.7088,3.3938],[108.104,3.7001,1.7756],[108.1031,3.6961,5.3967],[108.0935,3.6915,6.1779],[108.0921,3.6836,1.8512],[108.0896,3.6805,0.0],[108.093,3.6773,18.3587],[108.0981,3.6787,0.0],[108.1141,3.6723,11.7997],[108.1188,3.6658,1.968],[108.1212,3.6692,14.1],[108.1272,3.6643,1.4371],[108.1245,3.6706,13.2906],[108.1182,3.6762,8.765],[108.1235,3.6765,2.903],[108.1267,3.6743,0.0],[108.1266,3.6692,8.3051],[108.1318,3.6613,0.0],[108.1326,3.6631,3.0512],[108.1391,3.6631,2.1337],[108.1411,3.661,0.0],[108.1413,3.6636,4.5469],[108.1437,3.6645,32.2287],[108.1452,3.661,9.276],[108.1425,3.661,13.2621],[108.1425,3.6592,4.2579],[108.1455,3.6593,5.6342],[108.1478,3.6563,26.9678],[108.1488,3.6426,3.5172],[108.153,3.6321,66.7518],[108.1562,3.6299,0.0],[108.1621,3.6347,23.3664],[108.1647,3.6398,0.0],[108.1724,3.6398,0.0],[108.1766,3.6432,0.0],[108.1832,3.6412,9.5897],[108.1876,3.6424,26.9986],[108.1895,3.6441,0.0],[108.1886,3.6476,27.2805],[108.1903,3.6511,2.8078],[108.1961,3.6569,1.7155],[108.1994,3.6571,2.2839],[108.2019,3.6594,3.8129],[108.206,3.6593,4.907],[108.2097,3.6552,0.0],[108.2111,3.6564,3.3997],[108.2103,3.6608,2.424],[108.2155,3.6585,0.0],[108.225,3.6639,3.359],[108.2465,3.664,2.3371],[108.2611,3.6608,1.6582],[108.2758,3.6652,1.0166],[108.2794,3.6645,1.9529],[108.2862,3.6594,2.2083],[108.2954,3.6573,2.6781],[108.2995,3.6617,3.3519],[108.301,3.6668,8.0867],[108.3055,3.6707,3.0573],[108.3043,3.6768,0.0],[108.3062,3.6816,5.0122],[108.3068,3.698,0.0],[108.305,3.7028,0.576],[108.3047,3.7171,0.0],[108.3097,3.7308,7.441],[108.316,3.7397,3.9911],[108.329,3.7483,0.0],[108.3316,3.7597,0.0],[108.3375,3.7656,2.0803],[108.3443,3.7675,4.352],[108.3518,3.7637,0.0],[108.3543,3.7663,0.0],[108.3569,3.7739,6.5262],[108.3623,3.7778,2.1673],[108.3661,3.7833,0.0],[108.3721,3.7866,1.2734],[108.378,3.7871,5.1761],[108.3826,3.7924,1.1533],[108.3869,3.7935,0.0],[108.3862,3.8,3.6947],[108.3907,3.8039,0.0],[108.3895,3.8052,4.9354],[108.3906,3.8131,0.0],[108.3969,3.8273,0.6341],[108.3941,3.8329,3.2504],[108.3956,3.8469,2.9628],[108.4014,3.8539,4.1746],[108.41,3.8587,0.0],[108.4077,3.8594,0.0],[108.4016,3.8562,6.7645],[108.3989,3.8607,0.0],[108.4004,3.8659,4.083],[108.4073,3.876,0.0],[108.4087,3.8841,1.4814],[108.4077,3.8866,0.0],[108.4015,3.8847,4.2709],[108.3982,3.8817,1.2144],[108.3969,3.8759,7.0003],[108.3946,3.8755,0.0],[108.3892,3.8675,2.4191],[108.3856,3.867,3.0931],[108.3832,3.8605,5.3712],[108.3773,3.8545,4.7387],[108.3787,3.8607,4.7675],[108.3765,3.8616,8.2844],[108.3795,3.8618,4.7675],[108.3805,3.8654,0.0],[108.3786,3.8655,9.0483],[108.3831,3.8706,0.0],[108.3802,3.8705,4.6691],[108.3787,3.8726,1.5212],[108.3776,3.8716,8.0345],[108.3787,3.8789,2.4391],[108.3736,3.8833,2.7162],[108.3726,3.8867,0.0],[108.3667,3.893,1.9044],[108.3614,3.8927,0.0],[108.3586,3.8869,0.9959],[108.3604,3.8847,1.2435],[108.3578,3.8834,6.6034],[108.3594,3.881,3.7117],[108.3609,3.882,1.1457],[108.3605,3.8847,1.2435],[108.3629,3.8826,0.9811],[108.3605,3.877,1.1164],[108.3627,3.873,5.1989],[108.3597,3.8752,4.7383],[108.3567,3.8734,13.6923],[108.3549,3.8749,2.6395],[108.3526,3.8738,8.0619],[108.3531,3.8766,7.0393],[108.355,3.8764,0.0],[108.3564,3.8787,0.0],[108.3543,3.8828,1.521],[108.3575,3.8903,1.5975],[108.3543,3.898,0.9187],[108.3635,3.8991,5.8196],[108.3647,3.9021,0.0],[108.3624,3.9024,1.2043],[108.3623,3.9037,1.2043],[108.3643,3.9034,0.0],[108.3655,3.9051,2.753],[108.3673,3.9032,1.0161],[108.3662,3.9004,0.0],[108.3684,3.9009,1.3407],[108.3703,3.904,0.0],[108.3733,3.9003,0.0],[108.3768,3.9006,5.2335],[108.3803,3.8966,0.0],[108.3903,3.8957,3.3573],[108.3941,3.9166,1.7578],[108.3827,3.927,1.7118],[108.382,3.9316,2.6563],[108.3911,3.9446,1.495],[108.3933,3.9449,0.0],[108.3967,3.956,3.4499],[108.401,3.9559,0.0],[108.4024,3.9573,5.8177],[108.402,3.9629,12.7178],[108.4034,3.9644,0.0],[108.4019,3.9647,12.5029],[108.4022,3.9661,6.3188],[108.4001,3.9661,19.492],[108.3997,3.9684,5.5813],[108.3941,3.9681,4.8622],[108.3849,3.9756,0.0],[108.3802,3.9796,8.6298],[108.3767,3.9868,0.4267],[108.3736,3.9866,5.4023],[108.3576,3.9931,11.625],[108.3537,3.9965,0.0],[108.3473,3.9982,7.417],[108.3444,4.0057,5.0891],[108.3469,4.0133,0.6266],[108.3459,4.0158,0.0],[108.3305,4.0261,3.9086],[108.3254,4.0318,4.6995],[108.315,4.039,1.1012],[108.306,4.0488,2.0876],[108.2957,4.0542,6.5426],[108.2937,4.0581,2.623],[108.2922,4.0581,2.623],[108.2936,4.0588,3.6024],[108.2929,4.0621,4.1298],[108.2967,4.07,0.0],[108.2971,4.077,3.0114],[108.2996,4.0826,4.0821],[108.2991,4.0864,2.601],[108.2974,4.0876,0.5005],[108.2902,4.0832,3.849],[108.2852,4.0829,1.4269],[108.2656,4.0913,3.9457],[108.2534,4.1033,0.9785],[108.2535,4.1075,0.6011],[108.2478,4.1126,6.1169],[108.2464,4.1177,7.3326],[108.2336,4.1281,6.6555],[108.2289,4.1435,12.1883],[108.2287,4.1474,6.0462],[108.2317,4.1494,4.3936],[108.2319,4.154,7.9298],[108.2301,4.157,3.625],[108.229,4.1649,7.1576],[108.2309,4.1709,4.339],[108.2285,4.1724,8.499],[108.2287,4.1777,4.6272],[108.226,4.1793,2.099],[108.2244,4.1844,0.0],[108.2264,4.1875,0.0],[108.2261,4.1915,0.4379],[108.2289,4.2,4.0585],[108.2329,4.1995,0.0],[108.2325,4.2019,0.0],[108.2349,4.2073,1.817],[108.2415,4.2122,10.1242],[108.2423,4.2159,55.8706],[108.2414,4.2186,26.072],[108.2369,4.2198,7.3414],[108.2322,4.2173,10.5217],[108.2272,4.217,7.1727],[108.226,4.2227,0.0],[108.2192,4.2302,12.2849],[108.2063,4.2245,7.5232],[108.2004,4.2116,0.0],[108.1999,4.2043,2.035],[108.1936,4.1925,2.1345],[108.1869,4.1887,4.3601],[108.1855,4.1836,5.0405],[108.1821,4.1816,0.0],[108.1809,4.1774,6.2606],[108.1733,4.171,1.3101],[108.1747,4.1683,4.1386],[108.1736,4.1642,0.829],[108.1569,4.1489,1.2549],[108.1486,4.1439,0.3785],[108.146,4.1372,2.8027],[108.1344,4.1346,0.0],[108.1257,4.1237,4.3114],[108.1228,4.1229,0.3992],[108.1162,4.1155,2.1821],[108.1115,4.1157,0.9877],[108.1105,4.1122,2.8466],[108.1043,4.1066,10.4799],[108.0971,4.1042,3.9071],[108.0941,4.1069,9.9872],[108.0922,4.1041,0.5347],[108.0894,4.1033,0.5112],[108.0884,4.0982,5.9204],[108.0838,4.0921,0.6055],[108.0792,4.0757,1.3636],[108.0739,4.0674,2.6689],[108.0695,4.067,5.3725],[108.0628,4.0628,0.0],[108.0578,4.0552,8.5625],[108.0326,4.057,6.4421],[108.0323,4.0546,6.149],[108.0261,4.0532,0.0],[108.0229,4.0495,3.155],[108.0215,4.0466,0.0],[108.0211,4.0373,0.0],[108.0164,4.033,2.488],[108.0141,4.0271,3.7947],[107.9923,4.0168,5.8798],[107.9737,4.0143,2.5979],[107.9716,4.0102,44.1053],[107.9682,4.0094,0.0],[107.9667,4.0053,56.9398],[107.9648,4.0063,8.6098],[107.9623,4.0043,1.3145],[107.9619,4.0016,0.0],[107.9636,3.9994,6.9412],[107.967,3.9992,13.0454],[107.9669,3.9979,0.0],[107.9718,3.9978,0.0],[107.9766,4.0009,26.5877],[107.9825,3.9992,0.7831],[107.9887,3.9878,4.309],[107.9872,3.9843,0.0],[107.9938,3.9821,2.0751],[107.9939,3.9759,0.6406],[107.9897,3.9648,2.5704],[107.9928,3.9624,1.7819],[107.9928,3.9602,0.6653],[107.9871,3.9542,0.0],[107.9897,3.951,5.7048],[107.9888,3.9431,0.0],[107.9989,3.9275,0.0],[108.0108,3.9199,2.3951],[108.0089,3.9179,1.0328],[108.0096,3.9164,0.0],[108.0146,3.9135,9.435],[108.0149,3.9112,1.3815],[108.0195,3.9093,0.0],[108.0244,3.9102,0.0],[108.0276,3.9072,1.3814],[108.0308,3.8983,5.7045],[108.0307,3.8932,5.8302],[108.0287,3.8917,8.9346],[108.0234,3.8927,4.4826],[108.0246,3.8898,3.2525],[108.0181,3.8852,0.0],[108.0193,3.8782,0.0],[108.0212,3.8764,0.0],[108.0264,3.8773,9.3469],[108.0286,3.8734,0.0],[108.0314,3.8725,6.0735],[108.0329,3.8684,0.0],[108.0392,3.8646,0.0],[108.0454,3.8643,4.7095],[108.0489,3.8598,2.7286],[108.0526,3.8493,0.0],[108.0581,3.8444,5.4058],[108.0629,3.8343,0.0],[108.073,3.8329,0.0],[108.0764,3.8347,0.0],[108.0814,3.8328,0.0],[108.0859,3.8332,0.0],[108.09,3.8294,0.0],[108.093,3.8206,2.6785],[108.1005,3.8208,0.8388],[108.108,3.8257,5.5156],[108.1178,3.826,5.9256],[108.128,3.8213,6.3492],[108.1317,3.8162,0.0],[108.1468,3.8143,2.3582],[108.1481,3.8108,0.9332],[108.1545,3.8042,0.0],[108.1622,3.8034,0.0],[108.169,3.8078,0.0],[108.1729,3.8045,0.0],[108.182,3.8026,1.3899],[108.1854,3.8055,4.842],[108.1897,3.805,0.0],[108.1933,3.7998,0.0],[108.2073,3.8019,0.0],[108.2078,3.7997,0.0],[108.2159,3.7918,0.0],[108.2232,3.7886,0.0],[108.2276,3.7932,4.2488],[108.2306,3.8104,4.9056],[108.226,3.8205,0.5],[108.2184,3.8289,4.1178],[108.2216,3.8277,1.5972],[108.2287,3.8211,0.7312],[108.2305,3.8211,0.5],[108.2363,3.8107,3.9798],[108.2346,3.7906,6.0556],[108.2314,3.788,8.3202],[108.2285,3.7891,0.0],[108.2235,3.7848,0.0],[108.2237,3.7828,0.0],[108.2267,3.7775,0.6317],[108.2397,3.773,0.0],[108.25,3.7652,0.5885],[108.2528,3.7614,0.7093],[108.255,3.761,2.6029],[108.2518,3.7597,1.9685],[108.2513,3.7576,1.3173],[108.2552,3.7512,2.6288],[108.2558,3.7452,0.0],[108.2603,3.738,0.0],[108.2662,3.7363,0.0],[108.2698,3.7261,0.4995],[108.2749,3.7202,0.0],[108.2752,3.7146,5.6953],[108.2768,3.7123,7.5805],[108.2762,3.7105,3.269],[108.272,3.7107,5.1379],[108.265,3.7178,13.9618],[108.2644,3.7235,13.6159],[108.2597,3.7304,12.8751],[108.2569,3.7322,1.5388],[108.2512,3.7322,1.738],[108.2355,3.7475,1.9932]]],
[[[106.4754,3.2255,0.4958],[106.4753,3.2245,5.3569],[106.4759,3.2237,0.0],[106.4767,3.2258,0.4958],[106.4754,3.2255,0.4958]]],
[[[106.4742,3.2327,0.0],[106.4725,3.2329,0.8184],[106.4693,3.2298,21.14],[106.4717,3.2252,0.0],[106.4743,3.2261,1.4004],[106.4742,3.2327,0.0]]],
[[[106.3114,3.2545,0.0],[106.3118,3.2535,0.0],[106.3126,3.2538,0.0],[106.3122,3.2548,0.0],[106.3114,3.2545,0.0]]],
[[[106.3094,3.2592,9.3499],[106.3108,3.2578,3.6512],[106.3104,3.2617,1.5724],[106.3089,3.2606,0.0],[106.3094,3.2592,9.3499]]],
[[[106.3128,3.2516,0.0],[106.3131,3.2526,0.0],[106.3121,3.2529,0.0],[106.3123,3.252,0.0],[106.3128,3.2516,0.0]]],
[[[106.4507,3.2558,14.8961],[106.4516,3.2586,11.4986],[106.4474,3.2584,7.7316],[106.4443,3.252,0.0],[106.4497,3.2538,44.7537],[106.4507,3.2558,14.8961]]],
[[[106.4376,3.2443,0.0],[106.437,3.2437,3.1713],[106.4371,3.243,3.1713],[106.4381,3.2433,8.0579],[106.4376,3.2443,0.0]]],
[[[106.3033,3.2428,21.6249],[106.3043,3.24,9.8187],[106.3078,3.2411,16.5698],[106.3085,3.2467,0.0],[106.3062,3.2527,0.0],[106.3049,3.251,2.8427],[106.3052,3.2476,23.8484],[106.3033,3.2428,21.6249]]],
[[[106.4495,3.2498,5.2578],[106.4498,3.2507,0.257],[106.4494,3.252,0.257],[106.4482,3.2502,5.2578],[106.4495,3.2498,5.2578]]],
[[[106.2835,3.2358,0.0],[106.2835,3.2351,2.8946],[106.2846,3.2345,2.8946],[106.2844,3.2364,0.0],[106.2835,3.2358,0.0]]],
[[[106.3202,3.2269,0.8362],[106.3202,3.2275,0.0],[106.3188,3.2275,0.0],[106.3193,3.2264,0.8362],[106.3202,3.2269,0.8362]]],
[[[106.3168,3.2402,2.0215],[106.3147,3.2409,0.0],[106.3158,3.2359,2.1262],[106.3174,3.2384,2.7387],[106.3168,3.2402,2.0215]]],
[[[106.3047,3.2325,0.0],[106.3039,3.2356,0.0],[106.3003,3.2334,11.2608],[106.3008,3.2312,6.9148],[106.2993,3.2302,11.3002],[106.297,3.2319,3.0126],[106.2923,3.2303,2.3164],[106.2938,3.2275,86.862799999999993],[106.2934,3.2218,0.0],[106.2964,3.2233,60.6847],[106.2961,3.2182,34.6469],[106.2978,3.2163,1.618],[106.2997,3.2209,32.1809],[106.3043,3.2249,2.9761],[106.3084,3.2247,0.0],[106.3085,3.2292,0.0],[106.3047,3.2325,0.0]]],
[[[106.4517,3.2449,59.8259],[106.4526,3.2514,0.0],[106.4457,3.2461,3.5484],[106.4415,3.2476,0.0],[106.4377,3.2401,0.0],[106.4396,3.2383,2.2112],[106.4413,3.2389,28.9755],[106.4409,3.2365,0.8583],[106.444,3.2355,69.6492],[106.4446,3.2323,30.2794],[106.4491,3.2333,11.5136],[106.4518,3.2322,20.6036],[106.4514,3.2283,0.0],[106.4563,3.2258,24.3845],[106.4583,3.2308,8.3566],[106.4559,3.2347,0.0],[106.4522,3.2337,20.6036],[106.454,3.2416,0.0],[106.4516,3.2423,64.8548],[106.4517,3.2449,59.8259]]],
[[[106.3014,3.2731,7.6135],[106.2991,3.2786,1.3633],[106.2973,3.2696,4.6168],[106.2984,3.257,38.6338],[106.2957,3.2475,3.6279],[106.294,3.2468,3.4917],[106.2956,3.2462,3.4917],[106.294,3.2423,32.5883],[106.2961,3.2404,36.4175],[106.2963,3.2356,2.7392],[106.3019,3.245,34.148],[106.3056,3.2602,0.6475],[106.303,3.2649,0.582],[106.3034,3.2675,0.0],[106.302,3.268,0.0],[106.3014,3.2731,7.6135]]],
[[[106.3893,3.2577,2.873],[106.3909,3.258,0.0],[106.3908,3.2637,0.0],[106.3886,3.262,8.1828],[106.3892,3.26,2.6338],[106.3862,3.2558,0.0],[106.3893,3.2577,2.873]]],
[[[106.3121,3.2637,0.0],[106.3119,3.2627,0.0],[106.3124,3.2623,0.0],[106.3128,3.2633,0.0],[106.3121,3.2637,0.0]]],
[[[106.3136,3.2646,1.6596],[106.3142,3.264,1.6596],[106.315,3.2643,0.0],[106.3146,3.2652,0.0],[106.3136,3.2646,1.6596]]],
[[[106.3068,3.2832,0.0],[106.3029,3.2859,0.0],[106.3017,3.2852,0.0],[106.3016,3.2787,0.0],[106.3062,3.2684,0.0],[106.3075,3.2716,6.9963],[106.3059,3.2785,14.3959],[106.3068,3.2832,0.0]]],
[[[106.4164,3.2988,20.4234],[106.4168,3.3015,0.2957],[106.4127,3.2975,0.0],[106.4109,3.2884,0.0],[106.4117,3.286,20.7531],[106.4063,3.2783,0.0],[106.4069,3.2736,0.0],[106.4101,3.2754,2.1307],[106.4127,3.2742,7.8569],[106.4118,3.27,4.2318],[106.4132,3.2694,1.2787],[106.4185,3.2783,2.1566],[106.4173,3.2827,0.0],[106.4193,3.29,0.0],[106.4213,3.2919,0.8286],[106.4168,3.2901,32.1014],[106.4181,3.2929,0.0],[106.4155,3.2944,4.0263],[106.4164,3.2988,20.4234]]],
[[[106.2727,3.251,1.8374],[106.2651,3.2601,1.9121],[106.2679,3.2631,0.0],[106.2644,3.2696,11.3177],[106.2635,3.2768,2.727],[106.2647,3.2879,2.777],[106.2624,3.289,0.0],[106.2601,3.2855,2.2266],[106.2591,3.2871,0.508],[106.2617,3.293,3.3656],[106.2642,3.2932,2.9942],[106.2652,3.2952,3.4541],[106.2704,3.29,1.2261],[106.2714,3.2979,0.4885],[106.2736,3.299,11.0076],[106.2745,3.2959,9.552],[106.2731,3.2943,0.0],[106.2728,3.2858,0.0],[106.2764,3.2755,32.7763],[106.2795,3.2748,13.9974],[106.2801,3.2717,29.1048],[106.2781,3.27,12.0156],[106.2776,3.2662,40.7494],[106.2756,3.2669,0.8212],[106.2752,3.2653,0.0],[106.2772,3.262,1.5113],[106.2792,3.2616,5.6275],[106.28,3.2569,0.0],[106.285,3.2507,2.996],[106.2894,3.2518,5.1517],[106.2893,3.2559,27.3253],[106.2924,3.2589,7.2646],[106.2951,3.27,0.0],[106.2959,3.2764,0.0],[106.2943,3.2785,0.0],[106.2955,3.2816,0.0],[106.2919,3.2912,0.0],[106.2914,3.3017,16.9519],[106.2888,3.3054,0.9747],[106.2916,3.3083,0.3182],[106.2903,3.3077,0.3182],[106.2905,3.3096,5.2356],[106.2945,3.3065,0.0],[106.2931,3.3109,29.8517],[106.2966,3.3154,0.0],[106.2937,3.3186,46.3901],[106.2964,3.3239,0.0],[106.2983,3.3353,0.0],[106.2961,3.3452,0.0],[106.2936,3.3447,1.5543],[106.2921,3.3461,2.8846],[106.2927,3.3495,18.8742],[106.2956,3.3511,2.8732],[106.2955,3.3585,1.6065],[106.2985,3.3544,1.8567],[106.3021,3.3577,0.0],[106.3051,3.364,10.7122],[106.3085,3.3664,0.0],[106.3057,3.375,5.9054],[106.3011,3.3769,26.5599],[106.3026,3.3804,0.0],[106.2987,3.3814,0.6002],[106.2967,3.3802,26.5408],[106.2931,3.3846,0.0],[106.2906,3.3845,0.0],[106.2892,3.3822,0.0],[106.2872,3.3848,0.0],[106.281,3.3849,0.0],[106.2761,3.382,55.2076],[106.2724,3.3828,0.0],[106.2691,3.3811,25.8176],[106.2673,3.3749,100.8082],[106.2699,3.3695,52.6005],[106.2688,3.3622,15.2896],[106.2668,3.3652,0.0],[106.2646,3.3622,0.0],[106.2664,3.3561,0.0],[106.2705,3.3563,6.7731],[106.2708,3.3539,3.7401],[106.2685,3.3523,0.0],[106.2686,3.3492,3.7309],[106.2668,3.3473,0.0],[106.2672,3.341,108.7958],[106.2648,3.3361,4.5903],[106.2643,3.3388,0.0],[106.2615,3.3384,2.3609],[106.2636,3.3407,0.0],[106.2633,3.3438,0.0],[106.2599,3.3444,0.7689],[106.2611,3.3469,0.0],[106.2591,3.3461,1.2479],[106.2594,3.349,3.7228],[106.2616,3.3488,0.0],[106.2607,3.3595,0.0],[106.2585,3.3577,0.0],[106.2572,3.3477,0.8631],[106.2557,3.3479,2.172],[106.254,3.3525,0.0],[106.2502,3.3514,0.0],[106.2457,3.3467,10.2768],[106.2422,3.3389,5.2127],[106.2412,3.3238,53.9855],[106.2373,3.3182,5.0548],[106.2349,3.3032,35.636],[106.236,3.3011,16.8389],[106.2395,3.3003,1.4391],[106.2386,3.293,3.7451],[106.2456,3.2922,47.9613],[106.2457,3.2907,3.6566],[106.2474,3.2905,12.2997],[106.2397,3.2816,0.0],[106.2372,3.2763,11.1236],[106.2408,3.27,122.6509],[106.2393,3.2653,14.137],[106.2366,3.2631,14.6101],[106.2347,3.2658,0.0],[106.2326,3.2661,0.0],[106.2274,3.261,0.0],[106.2316,3.2558,2.0124],[106.2348,3.256,45.4203],[106.2401,3.2517,0.0],[106.2405,3.2473,39.4911],[106.2418,3.2491,58.9279],[106.2436,3.2414,8.5937],[106.2455,3.2429,34.154],[106.2463,3.2415,5.9707],[106.2491,3.2417,2.8983],[106.2498,3.2438,44.8202],[106.2497,3.2385,0.0],[106.2595,3.2358,66.8014],[106.2616,3.2324,78.8663],[106.2656,3.2304,9.1804],[106.2663,3.2273,0.0],[106.2694,3.2311,54.884],[106.2715,3.2288,1.6416],[106.2737,3.2353,11.3029],[106.2754,3.2318,10.2706],[106.2768,3.2325,37.5016],[106.2779,3.2307,64.1559],[106.2768,3.2272,6.0525],[106.2794,3.2289,50.3443],[106.2799,3.2269,0.0],[106.2822,3.2273,46.4388],[106.2845,3.2256,2.2207],[106.2847,3.2322,3.4518],[106.2813,3.2357,27.1675],[106.2831,3.2361,4.5824],[106.283,3.2375,14.2733],[106.282,3.237,4.5824],[106.2836,3.2398,0.0],[106.2809,3.2445,9.1465],[106.2813,3.2478,2.6397],[106.2785,3.2532,0.0],[106.2747,3.254,0.0],[106.2731,3.2499,8.5125],[106.2727,3.251,1.8374]]],
[[[105.726,3.0817,2.6389],[105.7268,3.0804,0.0],[105.7277,3.0812,2.6389],[105.7266,3.0825,1.1553],[105.726,3.0817,2.6389]]],
[[[106.309,3.0856,2.4845],[106.3086,3.085,0.0],[106.3092,3.0843,0.0],[106.3095,3.0852,0.0],[106.309,3.0856,2.4845]]],
[[[106.3447,3.0924,10.3723],[106.3434,3.0939,0.0],[106.3419,3.0919,22.6175],[106.3428,3.0846,3.6163],[106.3447,3.0869,9.7741],[106.3447,3.0924,10.3723]]],
[[[106.3375,3.0821,0.0],[106.3347,3.0864,19.7912],[106.3351,3.0929,0.0],[106.3328,3.0946,4.1118],[106.331,3.0928,36.0279],[106.3309,3.0858,41.292],[106.3293,3.0833,11.5999],[106.3307,3.0811,3.9476],[106.327,3.08,4.4095],[106.3263,3.0754,1.5744],[106.3282,3.075,7.0942],[106.3285,3.0729,1.4086],[106.3319,3.081,17.4829],[106.3353,3.0774,17.8284],[106.3378,3.08,0.0],[106.3375,3.0821,0.0]]],
[[[105.6761,3.0855,0.0],[105.6727,3.0887,0.0],[105.6697,3.0849,0.0],[105.6743,3.0828,21.3099],[105.6761,3.0855,0.0]]],
[[[105.9542,3.0885,6.8775],[105.9551,3.0927,0.4611],[105.945,3.0904,11.7365],[105.9467,3.0895,37.0129],[105.95,3.0808,5.7337],[105.948,3.0739,0.0],[105.9544,3.0707,4.5168],[105.9582,3.0772,2.1625],[105.9536,3.0818,4.0549],[105.9559,3.0848,0.8112],[105.9542,3.0885,6.8775]]],
[[[105.9725,3.0897,3.5643],[105.9707,3.0932,0.0],[105.9678,3.0921,0.0],[105.9681,3.0891,0.0],[105.9628,3.0818,7.0824],[105.9658,3.081,27.1635],[105.9697,3.0833,0.0],[105.9741,3.0876,0.0],[105.9725,3.0897,3.5643]]],
[[[105.709,3.0991,0.0],[105.702,3.0986,6.6876],[105.7009,3.1019,0.0],[105.7003,3.0997,0.0],[105.6977,3.1008,0.0],[105.6964,3.0974,0.0],[105.7003,3.091,15.7939],[105.6994,3.0885,18.8036],[105.7018,3.0863,26.3276],[105.7014,3.0819,16.4102],[105.7045,3.0813,35.0218],[105.7119,3.0747,7.4784],[105.7167,3.0766,1.1745],[105.7202,3.0837,0.0],[105.7239,3.0868,2.3907],[105.726,3.087,51.1761],[105.7305,3.0813,16.5697],[105.7355,3.0843,0.0],[105.7335,3.0912,0.0],[105.7287,3.0948,0.0],[105.7269,3.095,1.7495],[105.7242,3.0924,7.0059],[105.718,3.0994,0.0],[105.7144,3.0981,3.4996],[105.709,3.0991,0.0]]],
[[[106.3458,3.104,6.3216],[106.3459,3.1055,0.0],[106.3441,3.1063,1.6802],[106.3441,3.1111,0.0],[106.3408,3.105,4.1929],[106.3444,3.1028,9.9187],[106.3446,3.0952,0.0],[106.3458,3.0943,17.4405],[106.3483,3.0968,0.0],[106.3458,3.104,6.3216]]],
[[[106.2536,3.0904,11.3145],[106.2567,3.0887,0.0],[106.2574,3.0896,8.2735],[106.2573,3.0951,10.1304],[106.2555,3.0971,0.0],[106.2541,3.0953,8.5111],[106.2536,3.0904,11.3145]]],
[[[105.9743,3.0967,8.4347],[105.9707,3.0977,0.0],[105.9697,3.097,14.3184],[105.9723,3.0946,16.9636],[105.9743,3.0967,8.4347]]],
[[[105.962,3.1015,0.0],[105.9516,3.1016,0.0],[105.9479,3.0973,0.0],[105.9613,3.0918,0.0],[105.9639,3.0948,0.0],[105.962,3.1015,0.0]]],
[[[105.6555,3.1178,0.0],[105.6523,3.1207,0.0],[105.6502,3.1184,20.1657],[105.644,3.1184,4.308],[105.6419,3.1155,0.0],[105.6424,3.1105,11.3169],[105.6448,3.1093,16.1195],[105.6446,3.1065,0.5185],[105.6473,3.1047,15.6824],[105.648,3.1017,0.3952],[105.6437,3.1032,1.0063],[105.6434,3.1054,0.5147],[105.6383,3.1043,2.4],[105.6392,3.1018,2.9304],[105.6403,3.1025,35.3762],[105.6443,3.0992,30.4964],[105.6426,3.0956,0.0],[105.6438,3.0937,1.401],[105.6501,3.0925,31.7303],[105.6528,3.0884,2.6919],[105.6563,3.0877,0.0],[105.6569,3.0899,0.0],[105.6524,3.0938,6.659],[105.6534,3.0973,5.3124],[105.6585,3.0983,6.5584],[105.6598,3.0965,0.7007],[105.6604,3.0988,51.1793],[105.6631,3.099,22.8422],[105.6655,3.0946,3.161],[105.6695,3.0944,16.969],[105.671,3.0911,17.4057],[105.6754,3.0915,4.7882999999999996],[105.6722,3.0998,0.0],[105.6652,3.1011,0.0],[105.6628,3.103,0.0],[105.6662,3.1098,0.0],[105.6555,3.1178,0.0]]],
[[[105.9839,3.087,15.696],[105.9814,3.0881,0.0],[105.977,3.0842,2.3895],[105.967,3.0708,4.0191],[105.9693,3.0644,49.8215],[105.9674,3.0596,1.6403],[105.9701,3.0524,30.3624],[105.968,3.0483,0.0],[105.9707,3.046,62.225],[105.9638,3.04,4.0054],[105.9684,3.0358,0.0],[105.9669,3.0315,9.8699],[105.9681,3.0287,5.4676],[105.9657,3.0249,1.8792],[105.9698,3.0257,0.0],[105.9704,3.0297,10.8784],[105.9739,3.0285,2.5144],[105.9759,3.0297,3.6557],[105.9757,3.0211,2.1514],[105.9767,3.0194,0.0],[105.9787,3.0197,15.8288],[105.9784,3.0177,0.0],[105.9832,3.0229,0.0],[105.9865,3.0295,24.2095],[105.9838,3.0346,0.0],[105.9811,3.0351,0.0],[105.9803,3.0396,1.6204],[105.9829,3.0435,17.7939],[105.9882,3.0453,0.0],[105.9869,3.0508,7.9329],[105.983,3.0564,33.2714],[105.9858,3.0602,0.0],[105.9894,3.0711,11.2453],[105.9919,3.0726,0.0],[105.9896,3.0729,0.0],[105.9847,3.0806,43.2376],[105.9856,3.0846,0.0],[105.9839,3.087,15.696]]],
[[[106.3584,3.0908,0.0],[106.3561,3.0921,0.0],[106.3561,3.0946,0.0],[106.3547,3.0919,9.9261],[106.3523,3.0912,3.9342],[106.3508,3.0889,0.0],[106.351,3.0841,9.0781],[106.3481,3.0797,27.9872],[106.3458,3.0826,0.0],[106.3424,3.073,0.0],[106.3437,3.0702,20.6112],[106.3419,3.0663,4.3983],[106.3421,3.0616,8.7911],[106.3444,3.0593,6.2421],[106.3419,3.0561,10.5204],[106.3434,3.0519,12.3742],[106.3482,3.0499,11.9877],[106.352,3.0531,30.2933],[106.3544,3.0484,0.4501],[106.3549,3.052,44.1803],[106.353,3.0562,68.8809],[106.3558,3.0578,0.0],[106.3534,3.064,98.4031],[106.3553,3.0672,67.6697],[106.3533,3.078,63.1982],[106.3567,3.0809,6.8514],[106.3584,3.0908,0.0]]],
[[[105.6693,3.118,0.0],[105.6689,3.1176,0.0],[105.6699,3.1168,2.1347],[105.6702,3.1177,0.0],[105.6693,3.118,0.0]]],
[[[106.4511,3.1275,2.4314],[106.4471,3.1305,0.0],[106.4453,3.1287,15.6662],[106.445,3.1253,7.2606],[106.4475,3.1228,6.1544],[106.4493,3.1255,28.5564],[106.451,3.1256,13.9635],[106.4547,3.1204,0.0],[106.4568,3.1235,0.0],[106.4511,3.1275,2.4314]]],
[[[106.1164,3.1135,16.4126],[106.1147,3.1162,0.0],[106.1121,3.1157,0.0],[106.1094,3.1092,5.6284],[106.1113,3.1108,44.9732],[106.1128,3.1098,5.2092],[106.1173,3.1115,3.5904],[106.1164,3.1135,16.4126]]],
[[[105.6876,3.1183,0.0],[105.6848,3.1185,1.0149],[105.6845,3.1157,1.683],[105.6801,3.1163,0.0],[105.6789,3.1149,2.998],[105.6738,3.118,0.0],[105.6733,3.1143,12.1267],[105.6759,3.1073,18.5532],[105.6806,3.1045,0.0],[105.6832,3.1074,32.4822],[105.6958,3.1032,4.3091],[105.6975,3.1059,0.0],[105.6925,3.1088,0.0],[105.6919,3.1137,0.0],[105.6876,3.1183,0.0]]],
[[[106.1209,3.1326,3.3271],[106.1155,3.1414,0.0],[106.1139,3.141,0.0],[106.1103,3.1273,10.0619],[106.1137,3.1182,10.2992],[106.1232,3.1179,7.2151],[106.1263,3.1193,40.6586],[106.1237,3.1304,1.1249],[106.1209,3.1326,3.3271]]],
[[[106.3544,3.1018,7.8665],[106.3554,3.1088,3.2833],[106.353,3.1098,0.0],[106.3501,3.1049,13.4884],[106.3509,3.1,0.0],[106.3526,3.0996,10.4463],[106.3544,3.1018,7.8665]]],
[[[106.4046,3.1197,17.2523],[106.4036,3.1241,0.0],[106.4003,3.122,2.6637],[106.4017,3.1195,10.624],[106.3966,3.1127,0.0],[106.3991,3.1066,0.0],[106.4021,3.1093,1.1373],[106.4012,3.1134,0.0],[106.4046,3.1197,17.2523]]],
[[[106.3419,3.1256,0.5284],[106.3407,3.1405,7.3414],[106.3423,3.1468,3.8711],[106.3406,3.1514,0.0],[106.3387,3.1409,11.004],[106.3366,3.1471,0.0],[106.3346,3.1481,0.0],[106.3288,3.14,82.2711],[106.327,3.1401,1.9319],[106.3293,3.1496,0.0],[106.3349,3.1565,28.5798],[106.3343,3.1588,0.0],[106.3308,3.1558,23.7804],[106.328,3.1589,0.0],[106.3273,3.149,6.5707],[106.3254,3.1459,13.9302],[106.32,3.1449,0.0],[106.3154,3.1347,4.8991],[106.3116,3.1352,30.1591],[106.3104,3.1438,9.0976],[106.3129,3.1512,0.0],[106.3122,3.1547,54.3357],[106.3176,3.1645,2.6951],[106.317,3.1696,0.0],[106.314,3.1661,1.5458],[106.3144,3.1643,6.6717],[106.3122,3.1633,0.0],[106.3117,3.1599,1.0203],[106.3079,3.158,0.0],[106.3076,3.1518,7.4645],[106.3008,3.1496,0.0],[106.3003,3.1443,12.4919],[106.3018,3.1429,0.0],[106.2996,3.1386,6.6757],[106.2966,3.1441,0.0],[106.2961,3.1414,4.1875],[106.2948,3.1421,0.0],[106.2925,3.1381,0.0],[106.2922,3.1316,7.1133],[106.2896,3.1294,0.633],[106.2867,3.1294,1.5264],[106.2852,3.1229,0.0],[106.2891,3.1153,2.8846],[106.2895,3.1117,0.5131],[106.2922,3.1122,14.4336],[106.2919,3.1092,11.5222],[106.2963,3.1045,3.4219],[106.2988,3.1087,0.0],[106.3002,3.1274,8.6013],[106.3029,3.1236,25.8156],[106.3023,3.1203,3.621],[106.3083,3.1174,50.5944],[106.3098,3.1144,0.0],[106.3116,3.1149,2.0504],[106.3086,3.1057,16.648],[106.31,3.0999,0.0],[106.3086,3.0975,8.2122],[106.3065,3.0997,0.0],[106.3054,3.0958,10.1449],[106.3063,3.0882,29.6919],[106.3088,3.0864,2.4845],[106.3155,3.0897,7.5239],[106.3168,3.1016,7.2268],[106.3201,3.1017,8.8594],[106.321,3.1135,0.0],[106.3231,3.1152,0.0],[106.322,3.1203,4.3848],[106.324,3.1235,4.1363],[106.3279,3.1126,3.3775],[106.3302,3.1153,0.0],[106.3305,3.1249,3.3191],[106.334,3.1186,0.0],[106.3354,3.1245,3.5497],[106.3371,3.1256,100.3409],[106.3373,3.1218,36.2722],[106.3391,3.1202,0.0],[106.3436,3.1238,0.0],[106.3419,3.1256,0.5284]]],
[[[106.2856,3.098,2.5394],[106.2864,3.1001,23.0189],[106.2881,3.0979,4.1288],[106.2893,3.0983,4.1288],[106.2891,3.1041,1.4086],[106.2884,3.1057,0.0],[106.2867,3.1042,1.8259],[106.2833,3.1202,2.657],[106.2818,3.1181,17.9319],[106.2819,3.1121,15.9404],[106.2796,3.1139,0.0],[106.2759,3.1062,64.7943],[106.2765,3.1199,0.0],[106.2749,3.1201,0.0],[106.2713,3.1155,22.9599],[106.2686,3.1155,0.9639],[106.2698,3.12,2.0234],[106.2774,3.1243,0.0],[106.2765,3.1266,0.0],[106.2797,3.138,0.0],[106.2812,3.1399,18.018],[106.2834,3.1395,11.3583],[106.2852,3.1421,55.9795],[106.2854,3.1481,60.0153],[106.2883,3.1507,0.0],[106.2915,3.161,6.0697],[106.2906,3.1683,0.5767],[106.2887,3.1698,1.3905],[106.288,3.1739,6.2292],[106.2893,3.1763,5.0294],[106.2877,3.1805,0.0],[106.2852,3.1794,0.0],[106.2819,3.1711,4.8415],[106.2802,3.1745,0.0],[106.2742,3.1702,8.3715],[106.2733,3.1736,0.0],[106.275,3.1804,26.3342],[106.2824,3.1819,1.458],[106.2821,3.1872,0.0],[106.2788,3.191,0.0],[106.2777,3.1957,0.0],[106.2758,3.1951,9.3424],[106.2752,3.198,0.0],[106.272,3.1976,0.0],[106.2659,3.2041,0.0],[106.2644,3.2013,4.0414],[106.2619,3.2062,0.0],[106.2599,3.2053,6.0261],[106.2577,3.2077,23.4757],[106.2581,3.2152,10.7997],[106.2485,3.2234,1.9438],[106.2456,3.2238,0.0],[106.2439,3.2218,15.302],[106.2432,3.2228,0.0],[106.2429,3.2189,41.3997],[106.2417,3.2208,0.0],[106.2417,3.2185,7.9619],[106.2406,3.2188,0.0],[106.2371,3.2236,4.8792],[106.2386,3.2288,0.0606],[106.2331,3.2299,3.1071],[106.2271,3.2362,0.0],[106.2264,3.2344,27.8738],[106.2297,3.2308,2.7517],[106.2267,3.229,0.0],[106.2216,3.229,0.0],[106.2223,3.2237,18.4521],[106.2196,3.2187,0.0],[106.2174,3.218,2.1668],[106.2148,3.2193,4.1831],[106.2095,3.2301,0.0],[106.2036,3.2252,9.1081],[106.2011,3.232,19.5988],[106.1961,3.2318,6.8845],[106.1949,3.2302,0.0],[106.1965,3.2283,0.0],[106.1968,3.2213,0.0],[106.201,3.2154,3.38],[106.2032,3.2068,0.0],[106.2024,3.2008,8.1641],[106.2055,3.1995,31.2646],[106.2081,3.1904,52.9972],[106.2067,3.1838,18.9381],[106.2082,3.1811,56.0537],[106.2092,3.1687,7.1884],[106.2062,3.163,39.3299],[106.207,3.1533,18.0794],[106.2045,3.147,0.0],[106.2038,3.1381,7.3001],[106.2102,3.1261,64.4543],[106.211,3.1214,9.2865],[106.2137,3.1189,50.6784],[106.2154,3.1193,50.6784],[106.2217,3.1317,43.529],[106.2235,3.1312,5.5087],[106.2229,3.1087,0.0],[106.2248,3.1074,3.2281],[106.2263,3.1107,84.0105],[106.229,3.1065,16.4008],[106.2322,3.1058,107.2885],[106.2317,3.104,1.5628],[106.2375,3.0958,3.2741],[106.2398,3.1015,34.724],[106.2399,3.1086,23.6143],[106.2427,3.1061,77.6016],[106.2445,3.1011,1.9958],[106.2484,3.1057,40.3608],[106.2502,3.1114,46.2876],[106.248,3.1187,32.4445],[106.2478,3.1213,10.1059],[106.2493,3.1223,9.8129],[106.2557,3.1137,3.9172],[106.2582,3.1137,6.3871],[106.2595,3.1118,1.6847],[106.2625,3.1123,24.7917],[106.2606,3.1091,8.5121],[106.2614,3.1002,70.0874],[106.2593,3.0963,44.9515],[106.2599,3.0944,35.554],[106.2655,3.0921,18.9012],[106.2681,3.0965,7.067],[106.2744,3.1006,7.4554],[106.275,3.0936,0.0],[106.2728,3.089,0.0],[106.273,3.0825,0.0],[106.2758,3.0774,62.2956],[106.2794,3.0771,0.0],[106.2783,3.0802,6.9609],[106.2824,3.0883,6.7528],[106.2803,3.0953,0.0],[106.2841,3.0945,10.5925],[106.2856,3.098,2.5394]]],
[[[104.07162413793104,0.998584913793103,1.8213],[104.07160690335306,0.998585272846811,1.8213],[104.0731,0.9954,0.6059],[104.0746,0.9954,0.0],[104.0746,0.9976,2.0064],[104.0732,0.9976,1.8213],[104.07162413793104,0.998584913793103,1.8213]]],
[[[104.07160690335306,0.998585272846811,1.8213],[104.0716,0.9986,1.8213],[104.07162413793104,0.998584913793103,1.8213],[104.0757,0.9985,2.5412],[104.0797,0.9906,2.2558],[104.0843,0.988,5.3254],[104.0842,0.9849,0.0],[104.0893,0.9852,0.0],[104.1011,0.9824,1.0038],[104.0956,0.9872,2.4192],[104.0906,0.9984,1.3206],[104.0824,1.0083,2.6012],[104.0826,1.0182,1.2537],[104.0802,1.0199,1.2582],[104.0802,1.0243,0.4502],[104.0837,1.0278,0.9128],[104.0877,1.0287,0.0],[104.096,1.0267,0.0],[104.0958,1.0255,0.0],[104.1006,1.0287,0.0],[104.1017,1.0374,4.2144],[104.0998,1.0413,9.3295],[104.1063,1.0435,1.5381],[104.1058,1.0419,0.0],[104.1098,1.0363,0.0],[104.1102,1.0328,0.0],[104.1134,1.034,0.9351],[104.115,1.0384,0.0],[104.1174,1.0384,0.5646],[104.1199,1.0344,6.6343],[104.1249,1.0345,3.7825],[104.1295,1.0319,0.0],[104.1335,1.0344,0.0],[104.1334,1.0368,1.0996],[104.1367,1.0389,13.023],[104.1387,1.0457,0.0],[104.1395,1.0538,0.0],[104.1351,1.0669,5.3041],[104.1367,1.0728,4.8686],[104.1387,1.0727,0.0],[104.1386,1.0693,0.0],[104.1394,1.0733,0.0],[104.137,1.0735,4.8686],[104.137,1.0751,3.7983],[104.1344,1.0762,2.0559],[104.1359,1.0766,0.0],[104.1373,1.0805,2.0858],[104.1402,1.0803,0.0],[104.1401,1.0809,0.3947],[104.1357,1.0817,2.5541],[104.1381,1.084,2.3378],[104.1409,1.1006,0.2295],[104.1476,1.1073,0.0],[104.1457,1.1123,1.4272],[104.147,1.1131,1.4272],[104.1498,1.1101,0.0],[104.1507,1.1113,0.2714],[104.1485,1.1153,0.0],[104.1544,1.1358,0.0],[104.1542,1.138,0.0],[104.1491,1.1409,0.585],[104.1496,1.1447,0.0],[104.1451,1.1471,0.0],[104.1424,1.1465,4.2039],[104.141,1.1493,4.3003],[104.1426,1.1512,0.0],[104.1438,1.1511,0.0],[104.1462,1.1494,0.0],[104.1479,1.1594,0.0],[104.1472,1.1653,0.0],[104.1491,1.1703,0.0],[104.1356,1.1791,0.0],[104.1243,1.1896,0.0],[104.1068,1.2008,0.0],[104.0987,1.2002,0.0],[104.0987,1.1974,7.8951],[104.0971,1.1958,1.8223],[104.0957,1.1964,0.0],[104.0949,1.1939,2.0648],[104.0847,1.1954,7.5594],[104.0829,1.1945,0.0],[104.0839,1.1926,18.1312],[104.0827,1.1912,0.0],[104.0731,1.1878,0.0],[104.0722,1.1863,4.7108],[104.0736,1.1842,7.3906],[104.0696,1.178,4.7405],[104.069,1.1739,1.8599],[104.0706,1.1622,1.0092],[104.0852,1.155,0.0],[104.0928,1.1561,2.4537],[104.0893,1.1536,2.6157],[104.0901,1.1423,4.0311],[104.0874,1.1419,0.8327],[104.0839,1.1469,1.1758],[104.079,1.1444,0.7727],[104.0792,1.1402,0.924],[104.0773,1.1369,0.0],[104.0836,1.1285,0.0],[104.0773,1.1248,6.6758],[104.0749,1.1201,0.8777],[104.0726,1.1195,0.0],[104.0729,1.1293,0.0],[104.0692,1.1331,0.0],[104.064,1.1325,0.8588],[104.0652,1.136,0.0],[104.0608,1.1385,0.0],[104.0597,1.138,0.0],[104.061,1.1362,0.0],[104.0604,1.1321,0.0],[104.0544,1.1315,3.262],[104.0542,1.14,0.0],[104.0496,1.1393,1.5077],[104.0519,1.1406,0.0],[104.0512,1.1496,0.8048],[104.0575,1.1523,0.0],[104.0592,1.1602,0.0],[104.0525,1.1592,0.8459],[104.0508,1.1603,0.6485],[104.0521,1.1644,0.0],[104.0486,1.1633,0.448],[104.0483,1.1698,0.8374],[104.0453,1.1698,0.7356],[104.0453,1.1736,0.0],[104.0407,1.1736,1.3565],[104.0394,1.1756,0.0],[104.0362,1.1755,0.0],[104.0335,1.1778,0.0],[104.0278,1.178,0.0],[104.0252,1.1759,1.2468],[104.0248,1.1818,0.0],[104.0271,1.1847,0.5951],[104.0254,1.1909,0.0],[104.0233,1.1889,0.0],[104.0117,1.1899,0.0],[104.0059,1.1868,2.3587],[104.0069,1.1859,2.3587],[104.0058,1.1852,5.0312],[104.0021,1.1848,0.5202],[103.9982,1.179,0.4133],[103.9983,1.1681,1.0527],[104.0018,1.1673,4.3926],[104.0018,1.1654,4.1378],[103.9966,1.1649,0.5412],[103.999,1.1623,2.4243],[103.9963,1.1607,0.8673],[103.9974,1.1582,4.0691],[103.9956,1.1539,3.4572],[104.0007,1.15,0.1457],[103.9929,1.148,2.1992],[103.9937,1.1489,0.2361],[103.9921,1.1501,0.0],[103.9927,1.149,0.0],[103.9909,1.1486,0.0],[103.9923,1.1479,2.1992],[103.9924,1.1432,2.9367],[103.9908,1.1411,2.5209],[103.9877,1.1417,2.2064],[103.9866,1.1441,0.5085],[103.9854,1.143,0.1915],[103.9861,1.1446,0.5085],[103.9846,1.144,0.0],[103.985,1.1425,0.1915],[103.9866,1.1428,0.1915],[103.9901,1.139,2.0236],[103.9951,1.1273,1.0537],[103.9888,1.131,0.4634],[103.9866,1.1287,6.09],[103.9827,1.1309,0.5664],[103.9802,1.13,0.5276],[103.9805,1.1327,0.0],[103.978,1.1373,0.0],[103.9763,1.1361,0.0],[103.9768,1.1337,5.842],[103.9734,1.1358,0.0],[103.9697,1.1344,0.0],[103.9707,1.1296,13.5377],[103.969,1.1293,0.3206],[103.9657,1.1241,4.2191],[103.9682,1.1359,1.9212],[103.9666,1.1401,0.0],[103.9607,1.1432,0.0],[103.9602,1.14,1.4988],[103.9567,1.1385,0.0],[103.9519,1.1401,2.47],[103.9482,1.1454,0.0],[103.9445,1.1445,4.3373],[103.9419,1.1417,2.2289],[103.9431,1.1372,0.8005],[103.9315,1.1404,6.9737],[103.9303,1.1435,2.4949],[103.9283,1.141,3.4093],[103.925,1.1433,2.8885],[103.92,1.1421,2.6441],[103.9187,1.1396,5.8189],[103.9235,1.1268,0.0],[103.9254,1.124,1.7837],[103.9299,1.1238,6.7573],[103.9328,1.1215,3.6261],[103.934,1.1184,3.6765],[103.9323,1.114,0.8558],[103.9351,1.1149,1.431],[103.9375,1.1118,2.5146],[103.9334,1.1071,4.2654],[103.9321,1.1114,2.3121],[103.9296,1.1113,1.5786],[103.9292,1.1059,0.0],[103.9309,1.1055,4.3347],[103.9296,1.1052,3.9666],[103.9296,1.1029,1.3299],[103.9319,1.102,2.902],[103.9285,1.0996,0.9273],[103.9327,1.0959,0.663],[103.9376,1.0841,1.9349],[103.9353,1.0815,7.7523],[103.9325,1.0829,1.0819],[103.9286,1.0738,1.5776],[103.9295,1.0726,4.3771],[103.9263,1.0741,1.4171],[103.9239,1.0708,2.2766],[103.9208,1.0744,3.4577],[103.9201,1.0784,1.2241],[103.9179,1.0759,3.194],[103.9162,1.0774,4.4324],[103.9155,1.0795,2.1464],[103.9177,1.0838,0.0],[103.9158,1.0853,2.35],[103.9126,1.0831,3.1561],[103.9107,1.0845,3.2179],[103.9101,1.0885,0.0],[103.9119,1.0887,0.1519],[103.9123,1.0959,2.2476],[103.914,1.0981,0.0],[103.9114,1.0986,2.3936],[103.909,1.0961,3.2219],[103.9052,1.0954,2.289],[103.9049,1.0939,2.289],[103.904,1.096,0.0],[103.8993,1.0956,1.588],[103.8987,1.098,0.9609],[103.8973,1.098,3.0178],[103.8959,1.0952,3.5659],[103.8967,1.0936,4.4325],[103.8917,1.0965,3.1668],[103.8895,1.0938,0.0],[103.893,1.0834,0.4513],[103.907,1.0647,1.4304],[103.9092,1.0563,5.0666],[103.9102,1.0403,3.168],[103.9157,1.0332,1.7354],[103.937,1.016,3.251],[103.9411,1.0092,1.455],[103.9538,1.0083,2.7488],[103.9599,1.005,1.0963],[103.9635,1.0052,0.0],[103.9718,1.0101,0.0],[103.9817,1.0083,0.0],[103.9891,1.0132,0.0],[103.989,1.0165,0.9898],[103.9911,1.0173,1.3335],[103.9987,1.01,0.9858],[104.0006,1.0029,0.5158],[104.0041,1.0026,0.8702],[104.0093,0.9919,0.5874],[104.0081,0.9858,4.3622],[104.0111,0.9876,0.8995],[104.0188,0.9854,0.0],[104.021,0.9881,0.0],[104.0246,0.9825,0.5636],[104.0312,0.9826,9.8048],[104.034,0.9802,0.0],[104.0382,0.9806,5.6945],[104.0425,0.9849,0.0],[104.0409,0.9912,2.9994],[104.0463,0.9977,0.916],[104.048,0.9993,0.0],[104.0576,0.9917,16.5948],[104.0595,0.988,4.1069],[104.0671,0.9828,0.0],[104.0721,0.9915,0.0],[104.0709,0.9986,1.8873],[104.07160690335306,0.998585272846811,1.8213]]],
[[[103.4438,1.0,0.3296],[103.4323,1.0133,2.359],[103.4304,1.019,1.1861],[103.4314,1.0234,12.7124],[103.4255,1.026,1.649],[103.4255,1.0314,0.0],[103.4209,1.0399,7.9355],[103.4218,1.0434,0.9143],[103.4244,1.0454,1.8508],[103.4228,1.0467,6.7503],[103.4184,1.0456,1.0599],[103.4152,1.0466,3.8867],[103.4107,1.045,4.7992],[103.4105,1.0492,0.0],[103.4078,1.0509,0.8654],[103.4053,1.0501,2.8262],[103.4035,1.0522,0.2879],[103.3999,1.0519,3.1003],[103.3973,1.0553,4.5738],[103.3985,1.0582,14.5874],[103.39,1.0649,12.6907],[103.3891,1.0745,0.0],[103.3868,1.0757,0.0],[103.3816,1.0872,4.5107],[103.3818,1.0913,7.1339],[103.3848,1.0918,0.0],[103.3849,1.0932,0.0],[103.3823,1.0935,4.6368],[103.3798,1.098,5.5486],[103.3812,1.1006,0.0],[103.3798,1.1034,1.9065],[103.3803,1.1103,0.0],[103.3833,1.1116,0.0],[103.3824,1.1158,1.897],[103.3903,1.119,0.0],[103.3823,1.1326,0.0],[103.3739,1.1374,0.0],[103.3731,1.1341,0.0],[103.3747,1.1306,59.6203],[103.3723,1.127,2.798],[103.3728,1.1252,7.2027],[103.3698,1.1226,11.9011],[103.3645,1.1278,9.7721],[103.3637,1.1334,2.7622],[103.3584,1.1308,7.9504],[103.3572,1.1336,7.5972],[103.3511,1.1347,1.2871],[103.3477,1.1299,1.6507],[103.3501,1.1269,9.5676],[103.3486,1.1255,1.4742],[103.3464,1.128,0.0],[103.3464,1.1245,4.9997],[103.3446,1.1242,4.6669],[103.3448,1.1263,0.4177],[103.343,1.1246,4.6669],[103.344,1.1229,4.2709],[103.3423,1.1221,1.873],[103.3417,1.118,3.5942],[103.3398,1.1169,4.293],[103.3334,1.1182,2.6176],[103.3342,1.1139,3.1155],[103.3326,1.1124,1.5067],[103.33,1.114,0.0],[103.3279,1.112,1.4152],[103.3284,1.1033,0.3042],[103.3227,1.0906,14.7076],[103.3176,1.0907,0.0],[103.3201,1.0886,1.6456],[103.319,1.087,5.9138],[103.3113,1.0863,0.0],[103.3101,1.0765,2.8337],[103.3123,1.0709,2.9936],[103.313,1.0725,3.9796],[103.3188,1.0716,2.6752],[103.3209,1.0674,1.6863],[103.3231,1.0668,5.7803],[103.3148,1.0603,34.7483],[103.3116,1.0544,1.9434],[103.3163,1.0444,5.3438],[103.3198,1.044,6.2093],[103.3206,1.0418,5.2889],[103.3207,1.0371,5.1976],[103.317,1.0368,6.0187],[103.3164,1.0349,1.3496],[103.3189,1.0347,3.3588],[103.3203,1.0363,13.4702],[103.3278,1.0357,3.754],[103.3302,1.0328,0.0],[103.3317,1.0275,9.1102],[103.3308,1.0231,8.399],[103.3272,1.0191,2.0339],[103.3315,1.0176,2.5895],[103.3327,1.02,12.2],[103.3344,1.0175,4.0935],[103.3446,1.0165,1.8487],[103.3507,1.0136,3.0445],[103.3531,1.0111,4.5131],[103.3505,1.0102,2.1403],[103.3524,1.0098,7.3419],[103.3503,1.0051,0.0919],[103.3536,1.0042,2.8605],[103.3553,1.0042,0.0],[103.3569,1.0078,1.7046],[103.3611,1.0067,0.4417],[103.3677,1.0107,6.53],[103.3836,1.0079,3.2309],[103.3877,1.0045,0.6063],[103.394,0.9928,1.4718],[103.3963,0.992,0.0],[103.4143,0.9919,0.0],[103.4164,0.9949,3.0917],[103.4156,0.9977,4.2089],[103.418,0.998,5.1307],[103.419,0.9962,1.6712],[103.4205,0.9967,3.9636],[103.4183,0.995,2.9906],[103.4181,0.9925,0.304],[103.4208,0.9937,0.0],[103.4263,0.9927,4.8184],[103.4375,0.9876,1.7774],[103.4462,0.9941,0.0],[103.4438,1.0,0.3296]]],
[[[103.9039,1.1126,5.1625],[103.906,1.1128,1.5494],[103.906,1.1138,0.0],[103.9033,1.1139,1.044],[103.9039,1.1126,5.1625]]],
[[[103.8463,1.1119,0.3345],[103.8474,1.1107,0.0],[103.848,1.113,0.0],[103.8469,1.1132,0.0],[103.8463,1.1119,0.3345]]],
[[[103.9171,1.1191,0.0],[103.9145,1.1199,0.6211],[103.912,1.1249,7.2653],[103.9103,1.1222,1.8089],[103.9138,1.1194,0.6211],[103.914,1.1175,2.5804],[103.9116,1.1162,4.7461],[103.9103,1.1103,4.9852],[103.9077,1.1102,2.4362],[103.9063,1.1081,3.1007],[103.9034,1.1093,0.5762],[103.9003,1.1057,2.4133],[103.9023,1.1012,2.3287],[103.905,1.1029,1.9765],[103.9082,1.1016,0.8845],[103.912,1.103,0.0],[103.9131,1.106,3.3082],[103.9207,1.1059,2.9565],[103.9197,1.1113,0.0],[103.9159,1.1091,1.9153],[103.9119,1.1098,2.9772],[103.9172,1.1126,0.0],[103.9196,1.1159,0.0],[103.9171,1.1191,0.0]]],
[[[103.2918,1.1186,0.5304],[103.291,1.1203,5.1032],[103.2884,1.1193,0.0],[103.2915,1.1176,5.3074],[103.2918,1.1186,0.5304]]],
[[[103.2937,1.1296,0.0],[103.2919,1.1292,7.1841],[103.2927,1.1278,5.8738],[103.2932,1.1279,5.8738],[103.2937,1.1296,0.0]]],
[[[103.3395,1.1264,0.0],[103.3392,1.1274,0.0],[103.3385,1.1268,0.0],[103.3393,1.1256,0.0],[103.3395,1.1264,0.0]]],
[[[103.9072,1.1136,0.5107],[103.9099,1.1154,0.0],[103.9085,1.1159,0.0],[103.9065,1.1143,0.0],[103.9072,1.1136,0.5107]]],
[[[103.9045,1.1164,0.0],[103.9055,1.115,0.0],[103.9067,1.1155,0.0],[103.9054,1.118,0.0],[103.9045,1.1164,0.0]]],
[[[103.9105,1.118,0.0],[103.9092,1.119,0.0],[103.9078,1.1184,0.0],[103.9093,1.1168,0.0],[103.9105,1.118,0.0]]],
[[[103.7752,1.124,0.0],[103.7751,1.1235,0.0],[103.7757,1.1235,0.0],[103.7757,1.1239,0.0],[103.7752,1.124,0.0]]],
[[[103.7176,1.1198,0.0],[103.7175,1.1195,0.0],[103.718,1.1195,0.0],[103.7179,1.1198,0.0],[103.7176,1.1198,0.0]]],
[[[103.3339,1.1226,1.9037],[103.3326,1.1253,7.6433],[103.3312,1.1243,7.6433],[103.3331,1.1199,0.0],[103.3339,1.1226,1.9037]]],
[[[103.3213,1.1178,0.0],[103.3208,1.1167,0.0],[103.3211,1.1163,0.0],[103.3214,1.1169,0.0],[103.3213,1.1178,0.0]]],
[[[103.327,1.1172,0.0],[103.3262,1.1183,1.2412],[103.3239,1.1167,5.3752],[103.3247,1.113,0.698],[103.3264,1.1135,0.698],[103.327,1.1172,0.0]]],
[[[103.7154,1.1158,9.7737],[103.7139,1.1171,0.0],[103.712,1.1173,2.2286],[103.7165,1.1145,0.0],[103.7154,1.1158,9.7737]]],
[[[103.8793,1.1175,2.3831],[103.8764,1.1193,0.0],[103.8756,1.1185,0.9964],[103.8797,1.1157,5.6171],[103.8793,1.1175,2.3831]]],
[[[103.7267,1.1183,0.0],[103.7267,1.1178,0.0],[103.727,1.1175,0.0],[103.7273,1.1182,0.0],[103.7267,1.1183,0.0]]],
[[[103.8867,1.1194,5.146],[103.8888,1.1185,0.0],[103.8902,1.1197,7.2925],[103.8881,1.1212,0.0],[103.8867,1.1194,5.146]]],
[[[103.8714,1.1178,0.0],[103.8722,1.1168,0.0],[103.8737,1.117,0.0],[103.8724,1.1197,1.4192],[103.8714,1.1178,0.0]]],
[[[103.8325,1.1207,0.0],[103.833,1.1193,0.0],[103.833,1.1211,0.0],[103.8321,1.1215,0.0],[103.8325,1.1207,0.0]]],
[[[103.8411,1.1236,0.0],[103.8406,1.1254,7.3535],[103.8384,1.125,0.0],[103.8349,1.1208,4.5296],[103.8362,1.1162,0.644],[103.8382,1.1202,3.9375],[103.8414,1.1219,0.0],[103.8411,1.1236,0.0]]],
[[[103.33,1.1255,0.0],[103.3302,1.1253,0.0],[103.3305,1.1254,0.0],[103.3305,1.1257,0.0],[103.33,1.1255,0.0]]],
[[[103.7159,1.1238,0.0],[103.7156,1.124,0.0],[103.7154,1.1239,0.0],[103.7157,1.1236,0.0],[103.7159,1.1238,0.0]]],
[[[103.8848,1.1267,1.0503],[103.8811,1.1265,3.9388],[103.8784,1.1245,3.7425],[103.8839,1.1219,0.0],[103.8848,1.1267,1.0503]]],
[[[103.7028,1.1248,0.0],[103.7035,1.1241,0.0],[103.704,1.1244,0.0],[103.7035,1.1253,0.0],[103.7028,1.1248,0.0]]],
[[[103.3926,1.1253,0.0],[103.3922,1.1252,0.0],[103.3922,1.1248,0.0],[103.3926,1.1248,0.0],[103.3926,1.1253,0.0]]],
[[[103.7075,1.1252,0.0],[103.7073,1.1253,0.0],[103.7073,1.1249,0.0],[103.7074,1.125,0.0],[103.7075,1.1252,0.0]]],
[[[103.8434,1.1257,0.9911],[103.8441,1.125,0.0],[103.8445,1.1251,0.0],[103.8437,1.1269,0.9911],[103.8434,1.1257,0.9911]]],
[[[103.296,1.1435,0.0],[103.2969,1.1431,0.0],[103.2963,1.145,0.0],[103.2954,1.1445,5.1985],[103.296,1.1435,0.0]]],
[[[104.1437,1.1508,0.0],[104.1438,1.1505,0.0],[104.1441,1.1506,0.0],[104.1437,1.1508,0.0]]],
[[[104.1432,1.1506,0.0],[104.1434,1.1509,0.0],[104.143,1.151,0.0],[104.1427,1.1507,0.0],[104.1432,1.1506,0.0]]],
[[[103.9775,1.1477,0.0],[103.9747,1.1499,0.0],[103.9723,1.1482,0.0],[103.9752,1.1426,1.2785],[103.977,1.1443,0.8039],[103.9775,1.1477,0.0]]],
[[[103.9452,1.1462,0.0],[103.9466,1.1472,0.0],[103.9455,1.1489,0.0],[103.9435,1.1457,0.0],[103.9452,1.1462,0.0]]],
[[[103.831,1.1447,0.0],[103.8316,1.1451,0.0],[103.8303,1.1457,0.0],[103.8304,1.1451,0.0],[103.831,1.1447,0.0]]],
[[[103.6911,1.1441,0.0],[103.6908,1.1438,0.0],[103.6911,1.1435,0.0],[103.6913,1.144,0.0],[103.6911,1.1441,0.0]]],
[[[103.6576,1.1494,0.6573],[103.6571,1.151,0.6253],[103.6556,1.1508,3.0297],[103.6584,1.1463,2.6927],[103.6571,1.1442,2.1312],[103.6592,1.1447,3.9596],[103.6599,1.1428,2.0206],[103.6603,1.1451,0.8292],[103.6576,1.1494,0.6573]]],
[[[103.3511,1.1504,0.0],[103.3508,1.1499,0.0],[103.3509,1.1496,0.0],[103.3514,1.1498,0.0],[103.3511,1.1504,0.0]]],
[[[103.9058,1.1498,1.7953],[103.9069,1.1499,0.0],[103.9053,1.1509,0.0],[103.9053,1.1498,1.7953],[103.9058,1.1498,1.7953]]],
[[[104.0737,1.1352,1.2027],[104.0743,1.1377,0.0],[104.0724,1.1391,0.0],[104.0684,1.137,1.6347],[104.0687,1.1347,1.0185],[104.0724,1.1325,3.0667],[104.0743,1.1334,1.0788],[104.0737,1.1352,1.2027]]],
[[[103.9878,1.1331,2.3804],[103.9879,1.1322,2.3804],[103.9889,1.1321,2.3804],[103.9885,1.1338,0.0],[103.9878,1.1331,2.3804]]],
[[[103.9695,1.1307,0.0],[103.9694,1.1301,0.3206],[103.9699,1.1298,0.3206],[103.97,1.1303,0.3206],[103.9695,1.1307,0.0]]],
[[[103.3334,1.1284,0.0],[103.333,1.1286,0.0],[103.3326,1.128,0.117],[103.3336,1.1277,0.0],[103.3334,1.1284,0.0]]],
[[[103.8538,1.127,0.0],[103.8549,1.127,0.0],[103.8541,1.1293,7.6741],[103.8501,1.1329,6.3008],[103.8514,1.1297,18.6331],[103.8505,1.1277,9.5743],[103.8528,1.1259,6.2066],[103.8538,1.127,0.0]]],
[[[103.3014,1.1399,15.3259],[103.3008,1.1418,7.0628],[103.2982,1.1396,12.3242],[103.3007,1.138,4.214],[103.3013,1.132,3.7257],[103.2954,1.1272,0.9268],[103.2951,1.1252,0.0],[103.2989,1.1243,4.7054],[103.3007,1.1218,4.035],[103.2961,1.1202,17.7361],[103.2947,1.1214,3.0171],[103.2953,1.1197,12.1946],[103.2939,1.1184,20.5806],[103.2944,1.1159,6.2939],[103.2991,1.1137,0.0],[103.3059,1.115,1.0815],[103.3104,1.1277,1.3893],[103.3101,1.1317,1.3189],[103.3075,1.1341,4.6071],[103.3087,1.1398,1.7971],[103.302,1.1386,11.9028],[103.3014,1.1399,15.3259]]],
[[[103.8942,1.1268,1.7062],[103.8931,1.1303,0.8287],[103.8895,1.1271,0.0],[103.8917,1.1247,3.1668],[103.8894,1.1237,0.0],[103.8901,1.122,0.9651],[103.8918,1.1215,0.0],[103.8942,1.1268,1.7062]]],
[[[103.8803,1.1278,2.9455],[103.8769,1.1306,0.0],[103.8736,1.125,0.0],[103.8781,1.1246,3.7425],[103.8802,1.1259,3.9388],[103.8803,1.1278,2.9455]]],
[[[103.8274,1.1253,0.0],[103.8296,1.1256,0.0],[103.8261,1.1289,0.0],[103.8259,1.127,1.6657],[103.8274,1.1253,0.0]]],
[[[103.295,1.1411,0.0],[103.2951,1.1419,0.0],[103.2938,1.1412,0.0],[103.2947,1.141,0.0],[103.295,1.1411,0.0]]],
[[[103.7123,1.1307,0.0],[103.7121,1.1303,0.0],[103.7126,1.1301,0.0],[103.7127,1.1306,0.0],[103.7123,1.1307,0.0]]],
[[[103.8695,1.1306,0.9869],[103.8696,1.1311,0.9869],[103.8687,1.131,0.9869],[103.8689,1.1306,0.9869],[103.8695,1.1306,0.9869]]],
[[[103.8363,1.1393,3.4417],[103.836,1.1405,0.0],[103.8342,1.1395,0.0],[103.8353,1.1389,3.4417],[103.8363,1.1393,3.4417]]],
[[[103.8781,1.1352,0.0],[103.8774,1.1369,1.6859],[103.8761,1.1362,1.6859],[103.8774,1.1346,0.824],[103.8781,1.1352,0.0]]],
[[[103.8493,1.1342,0.0],[103.8497,1.1336,6.3008],[103.8499,1.1336,6.3008],[103.8499,1.1345,0.0],[103.8493,1.1342,0.0]]],
[[[103.8805,1.1331,0.6197],[103.8807,1.132,0.0],[103.8812,1.1319,0.0],[103.8813,1.1328,0.6197],[103.8805,1.1331,0.6197]]],
[[[103.8758,1.1314,9.0533],[103.8726,1.133,0.0],[103.8711,1.1307,0.0],[103.8719,1.1283,0.0],[103.8741,1.1286,5.7727],[103.8758,1.1314,9.0533]]],
[[[103.8361,1.1326,0.0],[103.8358,1.133,0.0],[103.835,1.1335,0.0],[103.835,1.1329,0.0],[103.8361,1.1326,0.0]]],
[[[103.8296,1.1359,2.2058],[103.8303,1.1353,0.0],[103.8309,1.1354,0.0],[103.8302,1.1367,2.2058],[103.8296,1.1359,2.2058]]],
[[[103.84,1.136,0.0],[103.8377,1.1383,1.7746],[103.8361,1.1369,0.0],[103.8407,1.1342,1.8497],[103.84,1.136,0.0]]],
[[[103.6886,1.1421,0.0],[103.6887,1.1418,0.0],[103.6891,1.1418,0.0],[103.6889,1.1422,0.0],[103.6886,1.1421,0.0]]],
[[[103.8458,1.1668,0.0],[103.8455,1.1668,0.0],[103.8454,1.1664,0.0],[103.8458,1.1666,0.0],[103.8458,1.1668,0.0]]],
[[[103.8916,1.171,0.0],[103.8888,1.173,0.0],[103.8916,1.1681,0.0],[103.8931,1.168,0.0],[103.8916,1.171,0.0]]],
[[[104.3617,1.1823,0.0],[104.3619,1.1816,0.0],[104.3622,1.1814,0.0],[104.3624,1.1828,0.0],[104.3617,1.1823,0.0]]],
[[[104.3215,1.1874,0.0],[104.3211,1.1872,0.0],[104.3212,1.1868,0.0],[104.3215,1.1871,0.0],[104.3215,1.1874,0.0]]],
[[[103.3461,1.1861,4.3505],[103.3461,1.1877,7.5604],[103.3454,1.1884,7.5604],[103.3447,1.1865,0.0],[103.3461,1.1861,4.3505]]],
[[[103.3523,1.1898,0.0],[103.353,1.1904,0.0],[103.3526,1.1916,0.0],[103.352,1.1912,0.0],[103.3523,1.1898,0.0]]],
[[[103.8882,1.1847,0.0],[103.8883,1.184,0.0],[103.8885,1.184,0.0],[103.8887,1.1844,0.0],[103.8882,1.1847,0.0]]],
[[[103.8829,1.1849,0.0],[103.8829,1.1845,0.0],[103.8834,1.1844,0.0],[103.8833,1.1847,0.0],[103.8829,1.1849,0.0]]],
[[[104.3332,1.1842,4.4219],[104.3342,1.1844,4.4219],[104.3342,1.1854,4.4219],[104.3326,1.1849,0.0],[104.3332,1.1842,4.4219]]],
[[[104.0624,1.1747,0.0],[104.0622,1.1746,0.0],[104.0622,1.1741,0.0],[104.0626,1.1745,0.0],[104.0624,1.1747,0.0]]],
[[[103.8872,1.1752,0.0],[103.8874,1.1746,0.0],[103.8875,1.1744,0.0],[103.8871,1.1757,0.0],[103.8872,1.1752,0.0]]],
[[[106.8939,1.1876,17.4699],[106.8949,1.1907,0.0],[106.893,1.1929,1.2771],[106.889,1.1948,0.5425],[106.8862,1.1939,0.0],[106.8853,1.1922,0.0],[106.8867,1.189,18.0847],[106.8939,1.1876,17.4699]]],
[[[104.3791,1.1975,1.4676],[104.3793,1.1987,1.4676],[104.3782,1.1985,1.4676],[104.3781,1.198,1.4676],[104.3791,1.1975,1.4676]]],
[[[104.0766,1.202,0.0],[104.0772,1.2014,0.0],[104.077,1.2028,0.0],[104.0769,1.2027,0.0],[104.0766,1.202,0.0]]],
[[[104.0776,1.2041,0.5116],[104.0772,1.2037,0.0],[104.0785,1.2047,0.5116],[104.0783,1.2047,0.5116],[104.0776,1.2041,0.5116]]],
[[[104.0795,1.2058,0.0],[104.0794,1.206,0.0],[104.0793,1.2058,0.0],[104.0795,1.2058,0.0]]],
[[[104.3591,1.1915,0.0],[104.3591,1.1907,0.0],[104.36,1.1907,0.0],[104.36,1.1922,0.0],[104.3591,1.1915,0.0]]],
[[[103.872,1.1443,3.2752],[103.8743,1.1441,7.1368],[103.8752,1.1461,3.8277],[103.8765,1.1465,3.6208],[103.8736,1.1553,4.7432],[103.8709,1.1549,0.823],[103.869,1.1523,1.6954],[103.8696,1.1466,0.0],[103.872,1.1443,3.2752]]],
[[[103.8144,1.157,0.0],[103.8138,1.1574,0.0],[103.8134,1.157,0.0],[103.8143,1.1564,0.0],[103.8144,1.157,0.0]]],
[[[103.8636,1.1553,0.0],[103.8654,1.1548,0.0],[103.8678,1.1617,0.0],[103.8633,1.1574,0.0],[103.8636,1.1553,0.0]]],
[[[103.3913,1.1646,3.0175],[103.3889,1.1659,9.8576],[103.3819,1.1612,0.0],[103.3802,1.1555,8.9254],[103.3808,1.1526,20.3802],[103.3792,1.1512,0.9847],[103.3857,1.1411,7.8706],[103.3917,1.1359,14.9895],[103.3947,1.1294,3.5068],[103.3983,1.1318,7.3694],[103.4094,1.1294,0.0],[103.4112,1.132,0.0],[103.41,1.1336,11.2365],[103.4108,1.1392,7.0295],[103.4085,1.1426,35.4111],[103.4094,1.1436,0.0],[103.405,1.1494,1.6557],[103.4019,1.1499,17.9428],[103.4009,1.1533,0.0],[103.399,1.1531,34.5068],[103.3953,1.1562,10.7897],[103.395,1.1612,0.0],[103.3913,1.1646,3.0175]]],
[[[103.8907,1.1579,0.0],[103.8873,1.1587,4.2552],[103.8856,1.1576,0.4443],[103.8839,1.1497,2.5148],[103.8824,1.15,2.5148],[103.8826,1.1531,0.0],[103.881,1.154,0.0],[103.881,1.1491,1.8286],[103.8761,1.1499,2.7961],[103.8771,1.1463,3.6208],[103.8754,1.146,3.8277],[103.8745,1.1433,2.9561],[103.8792,1.1402,0.0],[103.8818,1.1431,4.4567],[103.8893,1.1419,0.0],[103.8926,1.144,0.0],[103.896,1.1507,2.2248],[103.8907,1.1579,0.0]]],
[[[103.9082,1.1613,0.0],[103.9083,1.1606,0.0],[103.9088,1.1604,0.0],[103.909,1.1608,0.0],[103.9082,1.1613,0.0]]],
[[[103.3611,1.1618,0.0],[103.3617,1.1613,0.0],[103.3619,1.1622,0.0],[103.3614,1.1621,0.0],[103.3611,1.1618,0.0]]],
[[[103.8831,1.1613,0.0],[103.8799,1.164,0.0],[103.878,1.1636,8.8089],[103.8751,1.1577,2.6172],[103.8765,1.1552,0.0],[103.8818,1.1575,7.8127],[103.8831,1.1613,0.0]]],
[[[103.8995,1.164,8.0526],[103.8953,1.1657,5.7394],[103.898,1.157,0.0],[103.9048,1.155,0.0],[103.9053,1.1565,0.0],[103.8995,1.164,8.0526]]],
[[[103.8662,1.1643,0.0],[103.866,1.163,0.0],[103.8664,1.1628,0.0],[103.8667,1.1636,0.0],[103.8662,1.1643,0.0]]],
[[[107.5487,0.8851,0.0],[107.5453,0.89,0.0],[107.5458,0.8947,0.0],[107.5419,0.8962,0.0],[107.5399,0.8926,13.0728],[107.5393,0.8764,53.4613],[107.5398,0.8722,17.98],[107.5443,0.8671,10.0412],[107.5472,0.8695,0.0],[107.5478,0.8772,0.0],[107.5494,0.8802,0.0],[107.5487,0.8851,0.0]]],
[[[103.3409,0.9166,3.2326],[103.3413,0.915,2.2591],[103.3427,0.9157,3.2326],[103.3424,0.9171,0.253],[103.3409,0.9166,3.2326]]],
[[[107.5188,0.8803,2.3136],[107.5184,0.8763,21.4105],[107.5197,0.8747,2.6481],[107.5225,0.8797,0.0],[107.5218,0.8843,0.0],[107.5205,0.8847,0.0],[107.5188,0.8803,2.3136]]],
[[[107.4686,0.9064,0.0],[107.4681,0.9047,0.0],[107.4691,0.9035,0.0],[107.4699,0.9062,0.0],[107.4686,0.9064,0.0]]],
[[[103.3444,0.9198,0.1387],[103.3439,0.9197,0.1387],[103.3439,0.9191,0.1387],[103.3444,0.9191,0.1387],[103.3444,0.9198,0.1387]]],
[[[103.3484,0.9035,0.0],[103.3488,0.9029,0.0],[103.349,0.9048,0.1731],[103.3487,0.9047,0.1731],[103.3484,0.9035,0.0]]],
[[[103.3733,0.8993,8.3467],[103.3693,0.9015,5.0611],[103.3678,0.9058,0.0],[103.3654,0.906,0.0],[103.364,0.9008,3.3566],[103.3655,0.8971,0.3352],[103.3732,0.898,2.528],[103.3733,0.8993,8.3467]]],
[[[103.834,0.9021,4.5254],[103.8383,0.903,1.7303],[103.8351,0.9057,0.0],[103.8318,0.9015,0.0],[103.834,0.9021,4.5254]]],
[[[103.9484,0.9021,4.283],[103.9516,0.905,3.7136],[103.9504,0.9071,0.0],[103.9469,0.9015,0.0],[103.9484,0.9021,4.283]]],
[[[103.9428,0.9064,4.824],[103.9383,0.9067,26.4512],[103.94,0.9024,0.0],[103.9426,0.9048,1.449],[103.9428,0.9064,4.824]]],
[[[103.9648,0.9057,1.0098],[103.9654,0.904,2.0282],[103.9673,0.9041,0.658],[103.9666,0.9062,0.33],[103.9648,0.9057,1.0098]]],
[[[104.7005,0.9075,0.0],[104.6999,0.9071,0.0],[104.7,0.9066,0.0],[104.7004,0.9067,0.0],[104.7005,0.9075,0.0]]],
[[[103.8024,0.9074,0.0],[103.8012,0.9061,0.0],[103.802,0.9047,0.0],[103.8028,0.9054,0.0],[103.8024,0.9074,0.0]]],
[[[103.3625,0.9101,15.2211],[103.3578,0.9126,0.8646],[103.3581,0.9045,1.4875],[103.3629,0.9081,4.2666],[103.3625,0.9101,15.2211]]],
[[[103.4001,0.9114,0.2679],[103.3983,0.9102,0.0],[103.3992,0.9077,0.0],[103.403,0.9064,0.0],[103.405,0.911,1.0185],[103.4001,0.9114,0.2679]]],
[[[104.6633,0.9127,0.0],[104.6619,0.914,-0.0854],[104.6579,0.9127,-0.6708],[104.6567,0.9078,-0.3528],[104.6599,0.9085,-0.247],[104.6633,0.9127,0.0]]],
[[[103.4769,0.9136,2.7245],[103.4769,0.9125,2.7245],[103.4787,0.9115,0.7359],[103.4783,0.9134,2.7245],[103.4769,0.9136,2.7245]]],
[[[103.7731,0.9125,0.0],[103.7723,0.9118,0.8617],[103.7736,0.9112,0.0],[103.7738,0.9123,0.0],[103.7731,0.9125,0.0]]],
[[[103.922,0.9143,0.0],[103.9221,0.9148,0.0],[103.9217,0.9148,0.0],[103.9217,0.9143,0.0],[103.922,0.9143,0.0]]],
[[[104.7185,0.9182,0.0],[104.7186,0.9216,-0.4667],[104.7159,0.9247,1.6803],[104.7168,0.9186,0.0],[104.7185,0.9182,0.0]]],
[[[103.8091,0.9117,12.1396],[103.8056,0.9146,3.6853],[103.8019,0.9155,0.0],[103.8089,0.9075,5.5375],[103.8091,0.9117,12.1396]]],
[[[104.6727,0.9142,0.0],[104.672,0.9166,-0.0991],[104.6689,0.9161,-0.283],[104.6677,0.9098,0.0],[104.6712,0.9112,0.0771],[104.6727,0.9142,0.0]]],
[[[104.2137,0.9183,6.2244],[104.2116,0.9233,4.1284],[104.2043,0.9225,0.3265],[104.2022,0.9163,6.4972],[104.199,0.917,12.631],[104.1975,0.912,10.9819],[104.1949,0.912,4.3675],[104.1952,0.9066,3.0172],[104.1929,0.9047,4.7379],[104.1933,0.9022,3.2998],[104.1987,0.9017,0.0],[104.207,0.9047,1.2733],[104.2097,0.9081,0.0],[104.2077,0.9108,0.0],[104.2098,0.9134,1.3657],[104.2121,0.913,2.9958],[104.2137,0.9183,6.2244]]],
[[[103.3544,0.914,0.7801],[103.3549,0.9147,0.7801],[103.3547,0.9162,0.513],[103.3537,0.9153,0.7801],[103.3544,0.914,0.7801]]],
[[[103.9621,0.9206,0.2703],[103.9476,0.924,0.0],[103.9472,0.9157,3.1892],[103.9494,0.914,1.0441],[103.9524,0.9059,1.2315],[103.9626,0.9073,1.4515],[103.9658,0.9096,0.8497],[103.9633,0.9119,1.3113],[103.9656,0.9138,0.7165],[103.9651,0.9182,0.4137],[103.9621,0.9206,0.2703]]],
[[[103.4709,0.9165,3.2205],[103.4725,0.9159,3.2205],[103.4731,0.9161,0.0],[103.4702,0.9181,2.8217],[103.4709,0.9165,3.2205]]],
[[[103.3498,0.9239,1.272],[103.3486,0.9224,6.3906],[103.3502,0.9214,0.0],[103.3511,0.9232,7.9385],[103.3498,0.9239,1.272]]],
[[[103.9684,0.9228,0.0],[103.9702,0.9229,1.8529],[103.9703,0.9232,1.8529],[103.9693,0.9241,0.0],[103.9684,0.9228,0.0]]],
[[[103.9035,0.9167,6.0212],[103.9028,0.915,0.0],[103.9057,0.9181,1.6879],[103.9051,0.9182,1.6879],[103.9035,0.9167,6.0212]]],
[[[104.0292,0.918,0.0],[104.0291,0.9183,0.0],[104.0286,0.9184,0.0],[104.029,0.918,0.0],[104.0292,0.918,0.0]]],
[[[104.0328,0.9205,0.0],[104.0325,0.9204,0.0],[104.0324,0.9198,0.0],[104.0327,0.9198,0.0],[104.0328,0.9205,0.0]]],
[[[103.9441,0.9198,7.9827],[103.9464,0.9173,0.0],[103.9469,0.9193,0.4318],[103.9451,0.9213,1.5364],[103.9441,0.9198,7.9827]]],
[[[103.9719,0.9205,0.0],[103.9716,0.9204,0.0],[103.9719,0.92,0.0],[103.9721,0.9203,0.0],[103.9719,0.9205,0.0]]],
[[[103.9722,0.9196,0.0],[103.9725,0.9194,0.0],[103.9727,0.9198,0.0],[103.9723,0.9199,0.0],[103.9722,0.9196,0.0]]],
[[[103.4626,0.922,2.6788],[103.4637,0.921,2.6788],[103.4647,0.9216,0.0],[103.4631,0.923,2.9601],[103.4626,0.922,2.6788]]],
[[[103.8174,0.924,0.0],[103.8167,0.9234,7.3825],[103.8177,0.921,1.0042],[103.818,0.9232,7.3825],[103.8174,0.924,0.0]]],
[[[103.9676,0.9206,0.5029],[103.9655,0.9219,2.3138],[103.9641,0.9207,0.0],[103.9679,0.9192,0.761],[103.9676,0.9206,0.5029]]],
[[[103.9199,0.9211,0.0],[103.9202,0.9225,0.0],[103.9187,0.9228,2.0163],[103.9188,0.9207,2.3334],[103.9199,0.9211,0.0]]],
[[[103.9455,0.923,0.8121],[103.9455,0.9215,1.5364],[103.9467,0.9207,0.5232],[103.9463,0.9232,1.9527],[103.9455,0.923,0.8121]]],
[[[103.4639,0.8159,3.3468],[103.4676,0.8129,3.1605],[103.4734,0.8125,1.845],[103.4717,0.8172,1.7057],[103.4666,0.8206,1.3271],[103.4542,0.8225,2.7676],[103.4502,0.8213,2.2004],[103.4533,0.8182,0.945],[103.4639,0.8159,3.3468]]],
[[[103.4439,0.8238,7.2725],[103.4473,0.8223,3.6886],[103.4516,0.8245,7.8318],[103.4501,0.8278,0.8276],[103.4454,0.8285,4.2287],[103.4408,0.8264,0.0],[103.4439,0.8238,7.2725]]],
[[[103.5162,0.8318,3.5578],[103.5143,0.8302,7.1295],[103.515,0.8266,0.0],[103.5201,0.8262,0.5251],[103.5209,0.8285,5.1049],[103.5162,0.8318,3.5578]]],
[[[103.5212,0.8176,0.0],[103.5223,0.8153,1.3909],[103.5241,0.8166,0.0],[103.5228,0.8182,0.0],[103.5212,0.8176,0.0]]],
[[[103.522,0.812,0.0],[103.5234,0.8114,0.0],[103.5242,0.8139,1.6803],[103.5217,0.8138,0.0],[103.522,0.812,0.0]]],
[[[103.532,0.812,5.8689],[103.5294,0.8145,4.813],[103.5266,0.8148,8.5746],[103.5246,0.8114,9.4215],[103.5285,0.8091,4.9774],[103.5315,0.8094,3.5896],[103.532,0.812,5.8689]]],
[[[103.5309,0.8017,6.7895],[103.5224,0.8099,1.1676],[103.5184,0.817,6.9007],[103.5106,0.8221,0.0],[103.5036,0.8298,0.0],[103.494,0.845,6.8135],[103.4718,0.8567,5.196],[103.4531,0.8563,3.469],[103.4453,0.863,3.2157],[103.4377,0.8663,1.5828],[103.4275,0.8743,0.0],[103.4211,0.8763,6.0446],[103.412,0.885,8.7422],[103.4096,0.8853,2.623],[103.4144,0.8756,2.6952],[103.4118,0.8691,13.0125],[103.4145,0.859,0.0],[103.4126,0.8526,0.0],[103.4144,0.8473,1.4401],[103.4388,0.8301,0.0],[103.4518,0.8305,7.5048],[103.456,0.8291,9.0793],[103.4592,0.8249,0.9212],[103.4676,0.8255,4.4987],[103.4761,0.8205,4.6463],[103.4843,0.8081,1.083],[103.4874,0.8001,34.137],[103.4928,0.7938,5.3352],[103.4954,0.7913,2.5741],[103.4989,0.791,5.3848],[103.5043,0.7834,0.0],[103.5153,0.777,1.5274],[103.5262,0.7662,1.5668],[103.5279,0.7666,1.5668],[103.5287,0.7704,0.0],[103.5275,0.7805,4.4942],[103.5332,0.7874,1.7845],[103.5309,0.8017,6.7895]]],
[[[103.7182,0.7757,0.0],[103.7073,0.7904,0.0],[103.7044,0.8033,8.1549],[103.6937,0.8057,0.9918],[103.68,0.8116,7.9912],[103.6674,0.8303,31.8966],[103.6651,0.8323,0.0],[103.662,0.8292,27.9064],[103.6608,0.8268,0.0],[103.6684,0.8176,9.301],[103.675,0.8034,6.0445],[103.6982,0.7672,1.5912],[103.7016,0.7607,6.7137],[103.7014,0.758,5.0118],[103.7063,0.7529,0.0],[103.7139,0.7523,2.5045],[103.7159,0.7578,2.4236],[103.7274,0.7586,0.0],[103.7289,0.7657,0.0],[103.7259,0.77,0.0],[103.7182,0.7757,0.0]]],
[[[103.9196,0.8169,4.5807],[103.9146,0.819,4.6597],[103.9129,0.8246,4.2085],[103.9068,0.8327,2.4513],[103.9055,0.8169,5.5974],[103.896,0.8023,2.0923],[103.8876,0.7962,1.6068],[103.8884,0.7932,5.5388],[103.8913,0.7909,25.4488],[103.8993,0.7894,1.3875],[103.9045,0.7817,0.0],[103.9107,0.7829,2.6303],[103.9138,0.7813,4.3242],[103.9157,0.7733,4.1715],[103.9125,0.7704,0.0],[103.9137,0.7677,0.0],[103.9169,0.7666,0.0],[103.9174,0.7615,15.8697],[103.916,0.7579,0.0],[103.9197,0.7546,0.0],[103.9255,0.7577,0.0],[103.9239,0.7601,11.6662],[103.9255,0.7631,0.0],[103.9333,0.7673,64.9414],[103.9361,0.7725,0.0],[103.9354,0.7747,47.9121],[103.9406,0.779,1.6134],[103.9413,0.782,15.0053],[103.9388,0.7831,3.2682],[103.941,0.7872,8.37],[103.937,0.794,0.0],[103.9367,0.7975,0.0],[103.9281,0.8122,0.0],[103.9196,0.8169,4.5807]]],
[[[104.7685,0.8133,0.8019],[104.7687,0.8127,0.8019],[104.7702,0.813,0.4055],[104.7685,0.8144,0.0],[104.7685,0.8133,0.8019]]],
[[[104.7679,0.8117,0.8789],[104.7656,0.8132,1.6764],[104.7639,0.8116,0.0],[104.7648,0.8108,0.0],[104.7679,0.8117,0.8789]]],
[[[104.6767,0.8281,-0.5234],[104.6763,0.8263,1.9792],[104.6757,0.8281,-0.4536],[104.6716,0.8249,0.0],[104.6786,0.821,0.223],[104.6787,0.8244,-0.147],[104.6767,0.8281,-0.5234]]],
[[[103.7102,0.8211,0.0],[103.7103,0.8217,0.0],[103.7093,0.8219,0.0],[103.7095,0.8215,0.0],[103.7102,0.8211,0.0]]],
[[[103.6995,0.8245,0.0],[103.6991,0.8251,0.0],[103.6982,0.8241,0.0],[103.6984,0.8239,0.0],[103.6995,0.8245,0.0]]],
[[[104.6284,0.824,1.531],[104.6317,0.8273,0.0],[104.6312,0.835,0.0],[104.6303,0.8341,2.7997],[104.6284,0.824,1.531]]],
[[[104.2947,0.8273,0.0],[104.2946,0.8276,0.0],[104.2942,0.8275,0.0],[104.2942,0.8273,0.0],[104.2947,0.8273,0.0]]],
[[[104.1492,0.7916,0.0],[104.1508,0.7895,1.5435],[104.1475,0.8031,8.1898],[104.1479,0.8129,0.0],[104.1419,0.8199,1.3496],[104.1433,0.8063,0.0],[104.1492,0.7916,0.0]]],
[[[104.2271,0.8071,1.4758],[104.2315,0.8065,0.739],[104.2353,0.8078,0.5756],[104.232,0.8104,1.3579],[104.2276,0.8086,1.4758],[104.2271,0.8071,1.4758]]],
[[[103.6826,0.8181,0.0],[103.6831,0.8179,0.0],[103.6831,0.8184,0.0],[103.6827,0.8185,0.0],[103.6826,0.8181,0.0]]],
[[[104.6647,0.8198,0.7983],[104.6658,0.8191,0.7983],[104.6663,0.8206,0.0],[104.6647,0.8207,-0.9606],[104.6647,0.8198,0.7983]]],
[[[104.3016,0.82,21.9133],[104.299,0.8217,10.2388],[104.2907,0.8194,0.0],[104.2986,0.8181,0.0],[104.3016,0.82,21.9133]]],
[[[104.2832,0.8194,4.057],[104.2828,0.8219,1.967],[104.2799,0.8218,2.8108],[104.2776,0.815,0.0],[104.2811,0.8153,0.0],[104.2832,0.8194,4.057]]],
[[[103.8331,0.8195,2.2107],[103.8352,0.817,0.0],[103.8362,0.8168,0.0],[103.8352,0.8185,7.843],[103.8331,0.8195,2.2107]]],
[[[103.8191,0.7533,4.2844],[103.8205,0.7514,0.0],[103.8239,0.7509,6.6713],[103.8305,0.7522,11.9146],[103.8301,0.7565,2.1645],[103.8317,0.7599,1.0101],[103.8345,0.7611,10.4239],[103.8346,0.7641,4.4961],[103.8359,0.7641,1.608],[103.8348,0.7659,0.7044],[103.8358,0.7702,0.8753],[103.8334,0.777,1.593],[103.8346,0.7799,4.173],[103.8312,0.7931,4.2099],[103.8354,0.8043,3.0695],[103.8339,0.8109,5.4327],[103.8349,0.812,0.0],[103.8294,0.815,0.9396],[103.8241,0.8206,1.2754],[103.8094,0.8453,5.2669],[103.7958,0.8554,5.0652],[103.7832,0.8713,5.6774],[103.7789,0.874,0.7206],[103.7725,0.8726,2.2428],[103.7655,0.8805,0.0],[103.7581,0.8798,4.4316],[103.7528,0.8819,2.2573],[103.7492,0.8862,1.851],[103.7319,0.8813,8.9814],[103.7251,0.8818,13.663],[103.7246,0.8745,4.1279],[103.718,0.8734,11.2391],[103.7176,0.8717,10.6593],[103.721,0.8657,1.7065],[103.7206,0.8514,1.1218],[103.7339,0.8384,0.0],[103.7377,0.8278,1.4026],[103.7527,0.8155,25.8195],[103.7598,0.8043,25.4768],[103.7652,0.7996,3.3538],[103.769,0.7989,59.9406],[103.7722,0.7957,31.276],[103.7845,0.7932,0.0],[103.7904,0.7855,74.2402],[103.7967,0.7822,29.5227],[103.801,0.7775,29.7054],[103.808,0.7773,1.5497],[103.8202,0.7724,1.2277],[103.8232,0.7629,15.7878],[103.8208,0.7548,13.0052],[103.8191,0.7533,4.2844]]],
[[[104.6211,0.8371,0.0],[104.617,0.8347,1.4139],[104.6101,0.8145,0.4859],[104.6182,0.8139,10.6182],[104.6246,0.8208,2.303],[104.6274,0.8315,0.0],[104.626,0.8355,1.7555],[104.6211,0.8371,0.0]]],
[[[103.3428,0.8474,2.5195],[103.3437,0.8475,2.9356],[103.3442,0.8488,0.0],[103.3429,0.8488,0.0],[103.3428,0.8474,2.5195]]],
[[[103.3476,0.8495,3.1353],[103.3477,0.8481,0.0],[103.3485,0.8481,0.0],[103.3487,0.8502,3.1353],[103.3476,0.8495,3.1353]]],
[[[104.6715,0.8308,2.8366],[104.672,0.8319,2.8366],[104.6687,0.8342,-0.0847],[104.6645,0.8334,4.1283],[104.6644,0.8305,6.2387],[104.6667,0.828,1.0498],[104.6715,0.8308,2.8366]]],
[[[104.2461,0.8323,1.3553],[104.2451,0.8326,1.3553],[104.2442,0.8318,1.7984],[104.2451,0.8311,0.0],[104.2461,0.8323,1.3553]]],
[[[104.1429,0.836,0.0],[104.1419,0.8356,0.0],[104.1419,0.8351,0.0],[104.1429,0.8351,0.0],[104.1429,0.836,0.0]]],
[[[104.7075,0.8451,0.0],[104.7059,0.8473,0.0],[104.7035,0.8472,0.0],[104.7019,0.843,2.5007],[104.7068,0.8414,0.0],[104.7049,0.8443,11.984],[104.7075,0.8451,0.0]]],
[[[103.499,0.8518,12.1941],[103.496,0.8501,8.2818],[103.4978,0.8452,9.0279],[103.5004,0.8438,8.4603],[103.5032,0.8479,8.1602],[103.499,0.8518,12.1941]]],
[[[104.6855,0.8382,0.0],[104.6862,0.8373,0.0],[104.6867,0.8372,0.0],[104.686,0.8385,0.0],[104.6855,0.8382,0.0]]],
[[[103.6534,0.8379,0.631],[103.6562,0.8332,0.0],[103.66,0.8363,0.0],[103.6529,0.8463,2.4405],[103.6515,0.8409,0.0],[103.6534,0.8379,0.631]]],
[[[104.3633,0.8479,4.3675],[104.3608,0.8484,2.2287],[104.3535,0.8455,0.0],[104.3585,0.8408,3.1932],[104.3605,0.835,1.8708],[104.3572,0.8213,1.2868],[104.351,0.8145,0.0],[104.3548,0.8157,2.2738],[104.3591,0.8142,3.898],[104.3655,0.8198,0.0],[104.3642,0.8233,0.0],[104.3659,0.8291,0.0],[104.3642,0.8305,0.0],[104.3636,0.8429,0.0],[104.3653,0.8457,0.0],[104.3633,0.8479,4.3675]]],
[[[104.6663,0.8386,0.0],[104.6656,0.8417,-1.3538],[104.6639,0.8418,-0.4524],[104.6641,0.8373,-0.3857],[104.6663,0.8386,0.0]]],
[[[104.6254,0.8418,0.9603],[104.6219,0.8457,0.5221],[104.6124,0.8422,0.0],[104.6159,0.8377,0.0],[104.6254,0.8418,0.9603]]],
[[[104.6215,0.8483,0.9818],[104.6203,0.8472,0.7818],[104.6199,0.8461,0.9686],[104.6231,0.8466,0.0],[104.6215,0.8483,0.9818]]],
[[[104.6304,0.8481,0.0],[104.6299,0.8486,0.0],[104.6302,0.8467,0.0],[104.6307,0.8472,0.0],[104.6304,0.8481,0.0]]],
[[[104.696,0.8536,0.0],[104.697,0.8528,0.0],[104.6978,0.8533,0.0],[104.6973,0.8543,0.0],[104.696,0.8536,0.0]]],
[[[103.4123,0.855,1.6975],[103.4115,0.8583,3.2544],[103.41,0.8557,5.1146],[103.411,0.8542,1.6975],[103.4123,0.855,1.6975]]],
[[[104.719,0.8584,-0.3403],[104.7178,0.8596,-0.17],[104.7166,0.8575,0.0],[104.7176,0.8586,-0.3403],[104.7188,0.8569,0.0],[104.719,0.8584,-0.3403]]],
[[[104.6544,0.8154,0.0],[104.6567,0.816,-0.0789],[104.6581,0.8191,0.6313],[104.665,0.8212,-0.9606],[104.665,0.8262,0.0023],[104.6618,0.8294,2.9131],[104.6611,0.8398,2.8581],[104.6627,0.8478,0.2206],[104.6647,0.8506,0.0],[104.655,0.8581,1.1877],[104.6519,0.8632,5.3347],[104.6528,0.866,4.3317],[104.6475,0.8682,3.0953],[104.6411,0.8617,0.0],[104.6397,0.856,1.9455],[104.6327,0.8464,0.0],[104.6329,0.8433,0.0],[104.6372,0.8369,0.0],[104.6357,0.8245,0.4218],[104.6321,0.8212,1.1102],[104.6309,0.8149,1.4488],[104.6238,0.8133,6.3013],[104.6208,0.808,0.0],[104.6248,0.8045,0.7744],[104.6313,0.8048,2.2944],[104.6334,0.8032,0.0],[104.6375,0.8097,1.0323],[104.6469,0.8119,0.3143],[104.6507,0.8097,-0.1437],[104.6544,0.8154,0.0]]],
[[[104.6215,0.8492,1.3826],[104.6237,0.8491,0.7132],[104.6249,0.8527,1.7202],[104.6246,0.8565,5.0453],[104.6217,0.8608,0.0],[104.6199,0.8601,2.9815],[104.6149,0.851,0.6819],[104.6137,0.8457,1.1702],[104.6171,0.8449,0.569],[104.6215,0.8492,1.3826]]],
[[[104.4524,0.8561,2.9145],[104.4512,0.8544,0.0],[104.4551,0.8538,5.3256],[104.4573,0.8567,0.0],[104.4554,0.8577,0.0],[104.4524,0.8561,2.9145]]],
[[[103.8231,0.8589,23.4393],[103.8324,0.8432,0.0],[103.8405,0.8341,2.379],[103.8558,0.8212,4.9849],[103.8598,0.8192,3.3023],[103.8631,0.8201,3.6589],[103.8725,0.8078,5.2465],[103.8748,0.8072,5.8176],[103.8791,0.8007,11.4394],[103.8837,0.797,0.0],[103.8874,0.8069,4.6447],[103.8896,0.7996,0.0],[103.8954,0.803,2.0923],[103.9049,0.8193,0.0],[103.9046,0.8399,5.4366],[103.9062,0.843,22.4521],[103.9024,0.8496,7.4786],[103.8925,0.8595,0.0],[103.8728,0.874,0.6157],[103.8685,0.8746,0.8995],[103.8687,0.8763,0.0],[103.8629,0.8811,2.2598],[103.8551,0.8801,5.9522],[103.8365,0.884,3.9501],[103.831,0.8882,0.6073],[103.8206,0.8925,0.0],[103.8108,0.8996,5.6733],[103.8096,0.8972,0.0],[103.8137,0.8917,4.5417],[103.8103,0.8936,8.6379],[103.8093,0.8905,4.2542],[103.8148,0.8828,13.5431],[103.8231,0.8589,23.4393]]],
[[[103.7025,0.8562,3.733],[103.7018,0.8585,0.7039],[103.6987,0.8592,1.8819],[103.6919,0.8569,3.872],[103.6936,0.854,4.7616],[103.6957,0.8388,3.5165],[103.6974,0.8367,0.0],[103.7057,0.8392,0.0],[103.7023,0.8475,5.3914],[103.7025,0.8562,3.733]]],
[[[103.6795,0.8496,15.5431],[103.6722,0.8605,0.0],[103.6722,0.8627,0.0],[103.6626,0.8687,13.8785],[103.6573,0.874,0.0],[103.6553,0.8734,21.1863],[103.655,0.8714,14.5128],[103.6597,0.8687,0.0],[103.6767,0.8491,47.3846],[103.6822,0.8386,3.0787],[103.6838,0.8293,4.9751],[103.6922,0.8233,0.0],[103.6941,0.8256,3.3685],[103.6795,0.8496,15.5431]]],
[[[104.0271,0.8639,0.0],[104.0268,0.8641,0.0],[104.0271,0.8632,0.0],[104.0272,0.8633,0.0],[104.0271,0.8639,0.0]]],
[[[104.3908,0.8583,0.0],[104.3882,0.8597,2.5989],[104.3854,0.8589,0.0],[104.3866,0.8561,0.8579],[104.3908,0.8583,0.0]]],
[[[104.6134,0.8563,2.9995],[104.6141,0.8543,1.2761],[104.6163,0.8566,3.679],[104.6172,0.8599,3.5322],[104.6155,0.8621,0.0],[104.6139,0.8604,8.6653],[104.6134,0.8563,2.9995]]],
[[[103.7956,0.8589,11.2685],[103.8004,0.8548,0.0],[103.7982,0.8598,0.0],[103.795,0.8618,10.5702],[103.7956,0.8589,11.2685]]],
[[[104.6375,0.8595,0.0],[104.6357,0.8604,1.5523],[104.6358,0.8583,0.0],[104.6374,0.8586,0.0],[104.6375,0.8595,0.0]]],
[[[104.424,0.8614,3.9901],[104.4203,0.8607,0.0],[104.426,0.8578,0.0],[104.426,0.8621,0.0],[104.424,0.8614,3.9901]]],
[[[103.4228,0.8775,2.0466],[103.4248,0.8787,4.625],[103.4228,0.8811,3.9878999999999998],[103.4217,0.8809,3.9878999999999998],[103.4228,0.8775,2.0466]]],
[[[103.6247,0.8668,0.0],[103.626,0.8674,7.3315],[103.6241,0.8708,7.1842],[103.6225,0.871,8.6811],[103.6213,0.8689,40.3512],[103.6222,0.8667,0.0],[103.6247,0.8668,0.0]]],
[[[103.656,0.8668,0.0],[103.6545,0.8659,16.6818],[103.6546,0.8654,0.0],[103.6567,0.8653,0.0],[103.656,0.8668,0.0]]],
[[[104.71,0.8751,0.0],[104.71,0.8762,1.7916],[104.7077,0.8761,0.7545],[104.7085,0.8745,3.1015],[104.71,0.8751,0.0]]],
[[[104.6911,0.8953,-0.3045],[104.6873,0.8969,-1.0753],[104.6814,0.8959,3.9014],[104.6799,0.8939,-0.0146],[104.6788,0.8964,0.428],[104.6738,0.8924,-0.2388],[104.6727,0.8853,1.2803],[104.6664,0.871,1.4896],[104.6607,0.8639,0.3251],[104.6615,0.8597,0.0],[104.6673,0.8522,0.762],[104.6723,0.8516,3.5911],[104.6733,0.8483,-0.251],[104.6768,0.845,-0.138],[104.6822,0.8487,-0.5298],[104.6841,0.8458,-0.5672],[104.6868,0.8452,0.0],[104.6847,0.8507,3.1872],[104.6917,0.8474,12.4176],[104.6959,0.8485,0.0],[104.6941,0.854,-0.7443],[104.6909,0.8551,-1.2426],[104.6899,0.8584,-1.8435],[104.6954,0.8619,-0.1763],[104.694,0.8653,-1.3454],[104.6952,0.8739,0.0],[104.6931,0.8773,-0.5181],[104.6944,0.8791,-0.1929],[104.6937,0.8834,0.8288],[104.7,0.8866,0.0],[104.6936,0.8907,-0.8357],[104.6944,0.8915,-0.8357],[104.6911,0.8953,-0.3045]]],
[[[104.7062,0.8717,0.0],[104.7059,0.8711,0.0],[104.7066,0.8707,0.0],[104.7069,0.872,0.0],[104.7062,0.8717,0.0]]],
[[[103.9053,0.868,2.3565],[103.9039,0.87,20.0016],[103.9015,0.8687,13.6666],[103.9048,0.8656,0.8419],[103.9053,0.868,2.3565]]],
[[[103.9728,0.8678,0.0],[103.9725,0.8682,0.0],[103.9711,0.868,0.0],[103.9715,0.8676,0.0],[103.9728,0.8678,0.0]]],
[[[104.6557,0.8662,1.7151],[104.6588,0.8647,0.0],[104.6573,0.8719,3.0443],[104.6558,0.8694,4.8356],[104.6557,0.8662,1.7151]]],
[[[104.2423,0.871,0.0],[104.2414,0.8703,0.0],[104.2413,0.8698,0.0],[104.2422,0.8705,0.0],[104.2423,0.871,0.0]]],
[[[103.7948,0.8754,1.7343],[103.7938,0.8794,0.0],[103.7926,0.8793,2.4076],[103.7916,0.8766,8.8074],[103.7948,0.8699,6.7959],[103.7967,0.868,1.7647],[103.8036,0.867,0.0],[103.8008,0.8724,0.0],[103.7994,0.871,3.1588],[103.7961,0.8725,2.8414],[103.7948,0.8754,1.7343]]],
[[[103.809,0.8739,0.0],[103.8091,0.8733,0.5247],[103.8099,0.8727,0.5247],[103.8097,0.8731,0.5247],[103.809,0.8739,0.0]]],
[[[103.7991,0.8757,1.125],[103.7959,0.8757,2.0491],[103.7976,0.8726,2.8414],[103.7989,0.8731,1.3345],[103.7991,0.8757,1.125]]],
[[[104.7037,0.8722,0.0],[104.7032,0.8722,0.0],[104.7034,0.8717,0.0],[104.7038,0.8717,0.0],[104.7037,0.8722,0.0]]],
[[[104.6507,0.869,2.1128],[104.6539,0.8691,0.0],[104.654,0.875,0.0],[104.6498,0.8721,3.9739],[104.6507,0.869,2.1128]]],
[[[104.1391,0.8605,0.7795],[104.1478,0.8539,39.6772],[104.1495,0.8397,0.0],[104.1576,0.8243,1.625],[104.1571,0.8192,1.6183],[104.1544,0.8162,0.6685],[104.1591,0.8151,0.4664],[104.1624,0.8103,2.4754],[104.1614,0.8052,0.0],[104.1642,0.7998,45.0039],[104.1648,0.7915,14.9623],[104.1687,0.7865,2.9649],[104.1742,0.7857,3.84],[104.178,0.7825,0.7981],[104.1819,0.7837,0.0],[104.1847,0.7888,8.8048],[104.1896,0.7897,0.0],[104.2002,0.7976,0.0],[104.1997,0.8028,0.0],[104.2023,0.8079,1.9455],[104.2032,0.8056,1.1392],[104.2114,0.8058,2.1781],[104.213,0.8034,0.0],[104.2155,0.8036,0.0],[104.2312,0.8128,1.9035],[104.2314,0.8179,3.3458],[104.2341,0.8163,0.0],[104.2362,0.8182,0.0],[104.2452,0.8203,0.0],[104.2452,0.8297,0.0],[104.2431,0.832,1.7984],[104.2604,0.8403,0.0],[104.2596,0.8436,0.0],[104.2661,0.859,0.6835],[104.2561,0.8664,1.8184],[104.2365,0.86,2.6846],[104.2358,0.8611,2.383],[104.2389,0.8648,0.0],[104.238,0.8676,1.4945],[104.2396,0.8679,0.8142],[104.2349,0.8752,0.0],[104.2288,0.8755,0.0],[104.2242,0.88,0.0],[104.2199,0.8787,14.3597],[104.2097,0.8818,0.0],[104.2011,0.8805,0.0],[104.1961,0.8772,0.0],[104.1957,0.8748,2.2843],[104.1922,0.8753,2.7622],[104.1885,0.873,0.0],[104.1813,0.8781,1.9522],[104.1734,0.8749,2.6786],[104.1672,0.8669,3.8284],[104.1655,0.87,2.6313],[104.1672,0.876,0.7681],[104.1652,0.8792,0.0],[104.1689,0.8851,0.0],[104.17,0.8911,3.2874],[104.1683,0.8929,0.2998],[104.1657,0.8926,1.5967],[104.1706,0.8989,0.0],[104.1673,0.8998,1.8427],[104.1653,0.905,0.5534],[104.1621,0.9021,2.5698],[104.1629,0.8993,6.8717],[104.1572,0.902,3.0499],[104.1552,0.8982,1.52],[104.1532,0.8984,2.0804],[104.1509,0.9073,0.2498],[104.1514,0.9086,0.2498],[104.1559,0.9069,0.0],[104.1572,0.908,0.0],[104.1557,0.9124,1.0734],[104.1563,0.9222,0.0],[104.1545,0.9272,0.0],[104.1481,0.9279,0.9179],[104.1463,0.9319,0.0],[104.1434,0.9337,3.2067],[104.1436,0.9379,0.0],[104.141,0.9401,2.8218],[104.1405,0.9429,1.8039],[104.1387,0.9414,1.9031],[104.1324,0.9417,2.6958],[104.1316,0.9374,1.8946],[104.1256,0.9357,1.4293],[104.1245,0.9375,1.6058],[104.1251,0.94,0.403],[104.1266,0.9402,0.403],[104.1263,0.9523,0.6383],[104.121,0.951,1.9575],[104.119,0.955,0.0],[104.1175,0.955,3.522],[104.1199,0.959,0.0],[104.1196,0.9622,0.0],[104.1156,0.958,4.2966],[104.1115,0.9572,4.1326],[104.1111,0.9535,3.0467],[104.1054,0.9609,2.5036],[104.099,0.96,5.5179],[104.0942,0.9544,32.6335],[104.0896,0.9528,8.821],[104.0848,0.957,3.2782],[104.0779,0.9599,4.056],[104.0841,0.9516,3.1256],[104.0838,0.948,1.7843],[104.0782,0.9447,9.6221],[104.0786,0.9426,4.3288],[104.083,0.9372,0.7661],[104.0876,0.9359,0.7509],[104.0949,0.9266,1.1036],[104.0913,0.9115,0.0],[104.0908,0.8983,0.0],[104.0928,0.8951,7.6426],[104.0941,0.8797,10.7282],[104.0923,0.8702,0.0],[104.0976,0.8713,5.5604],[104.1002,0.8797,1.304],[104.1059,0.8796,1.6559],[104.1184,0.8761,0.0],[104.1194,0.8696,11.6836],[104.1184,0.866,0.0],[104.1212,0.8645,6.1077],[104.1211,0.8618,0.0],[104.1224,0.8641,6.1077],[104.1278,0.8663,0.8861],[104.1396,0.8628,3.1061],[104.1391,0.8605,0.7795]]],
[[[104.469,0.8782,4.6512],[104.4674,0.882,2.1996],[104.463,0.8827,0.0],[104.4612,0.8812,3.4185],[104.4593,0.8849,2.151],[104.455,0.8877,0.2452],[104.4522,0.8874,0.6109],[104.447,0.8824,1.1548],[104.4435,0.8841,0.0],[104.4399,0.8837,7.1392],[104.4288,0.8789,0.0],[104.4186,0.8781,0.0],[104.4172,0.8758,3.9851],[104.4249,0.8735,0.0],[104.4289,0.8668,0.0],[104.4382,0.8708,8.1229],[104.4398,0.8687,0.0],[104.4449,0.8673,5.6603],[104.4488,0.8687,0.9012],[104.4556,0.865,3.2812],[104.4605,0.8588,22.4781],[104.4632,0.8584,0.0],[104.4672,0.8591,0.0],[104.4667,0.8631,0.0],[104.4691,0.8676,5.5031],[104.4757,0.867,0.0],[104.4849,0.8713,14.7725],[104.4833,0.8737,3.6574],[104.469,0.8782,4.6512]]],
[[[103.6998,0.8796,8.353],[103.7022,0.8743,1.1676],[103.7022,0.8842,2.1616],[103.7005,0.8857,0.6115],[103.6982,0.8841,0.0],[103.6998,0.8796,8.353]]],
[[[104.6569,0.876,0.5967],[104.6571,0.8752,0.0],[104.6585,0.875,0.0],[104.6576,0.8761,0.5967],[104.6569,0.876,0.5967]]],
[[[104.6354,0.894,0.0],[104.6248,0.8972,0.0],[104.6191,0.8847,2.7894],[104.6171,0.869,1.4649],[104.6188,0.8639,6.6671],[104.6241,0.862,0.0],[104.6279,0.854,1.0719],[104.6315,0.8575,2.2107],[104.6332,0.8629,0.4386],[104.6381,0.8656,2.938],[104.6445,0.8731,1.9125],[104.6544,0.8782,0.0],[104.6616,0.8798,2.4361],[104.6584,0.8879,0.3493],[104.6592,0.892,2.0138],[104.6564,0.8948,-0.4638],[104.6512,0.8952,0.7001],[104.647,0.8926,0.5311],[104.6354,0.894,0.0]]],
[[[103.717,0.8758,0.9888],[103.7172,0.8763,0.9888],[103.7163,0.8762,0.9888],[103.7163,0.8758,0.9888],[103.717,0.8758,0.9888]]],
[[[103.8085,0.8778,0.0],[103.8084,0.8791,0.0],[103.8081,0.8765,0.0],[103.8084,0.8766,0.0],[103.8085,0.8778,0.0]]],
[[[103.8061,0.878,0.0],[103.8045,0.878,5.7411],[103.8025,0.88,0.734],[103.8051,0.8764,0.0],[103.8061,0.878,0.0]]],
[[[103.7729,0.8813,4.3986],[103.7692,0.8827,1.7567],[103.7672,0.8815,2.6241],[103.7723,0.8749,0.7673],[103.7751,0.8738,1.4596],[103.7773,0.8765,0.0],[103.7729,0.8813,4.3986]]],
[[[104.3816,0.8793,0.0],[104.3814,0.879,0.0],[104.382,0.8786,0.0],[104.3819,0.8792,0.0],[104.3816,0.8793,0.0]]],
[[[103.965,0.8775,0.9244],[103.9653,0.8789,0.0],[103.9626,0.8808,0.0],[103.9602,0.8807,0.0],[103.9631,0.8775,3.1718],[103.965,0.8775,0.9244]]],
[[[103.7164,0.8807,0.7053],[103.7163,0.8792,1.4397],[103.7168,0.8774,0.7906],[103.7169,0.8814,0.7053],[103.7164,0.8807,0.7053]]],
[[[103.7802,0.8792,0.0],[103.7806,0.8796,0.0],[103.7791,0.8804,0.5435],[103.7792,0.8798,0.0],[103.7802,0.8792,0.0]]],
[[[103.8085,0.8799,0.0],[103.8091,0.8808,0.0],[103.8082,0.8811,0.0],[103.808,0.8808,0.9482],[103.8085,0.8799,0.0]]],
[[[103.9714,0.8795,0.0],[103.9716,0.8823,0.0],[103.9662,0.8811,0.0],[103.9696,0.8789,3.7482],[103.9714,0.8795,0.0]]],
[[[104.1811,0.8796,3.1527],[104.1853,0.8771,0.6489],[104.1874,0.8814,0.3711],[104.1859,0.8845,0.3283],[104.1821,0.8835,1.6088],[104.1811,0.8796,3.1527]]],
[[[103.6411,0.8839,1.5789],[103.6411,0.8824,0.0],[103.643,0.8811,0.0],[103.6408,0.8846,1.5789],[103.6411,0.8839,1.5789]]],
[[[103.8072,0.8822,0.0],[103.8071,0.8816,0.9482],[103.8075,0.8809,0.9482],[103.8078,0.882,0.9482],[103.8072,0.8822,0.0]]],
[[[103.8045,0.8807,2.6393],[103.8063,0.881,0.9482],[103.8048,0.887,1.926],[103.8022,0.8825,4.5521],[103.8045,0.8807,2.6393]]],
[[[103.9697,0.8829,0.7223],[103.9707,0.8842,0.0],[103.9701,0.8851,1.5755],[103.9684,0.8836,0.0],[103.9697,0.8829,0.7223]]],
[[[103.933,0.8869,0.0],[103.9329,0.8865,0.0],[103.9335,0.8861,0.0],[103.9335,0.8864,0.0],[103.933,0.8869,0.0]]],
[[[103.7998,0.8852,0.0],[103.7997,0.886,1.4815],[103.7983,0.8857,1.4815],[103.7991,0.8842,0.0],[103.7998,0.8852,0.0]]],
[[[103.7979,0.8865,1.4815],[103.8002,0.887,0.0],[103.8014,0.8904,9.0477],[103.799,0.8884,8.2961],[103.7941,0.8881,3.7599],[103.7977,0.8815,0.6108],[103.7979,0.8865,1.4815]]],
[[[104.0399,0.8868,4.7815],[104.0376,0.8892,0.0],[104.0312,0.8874,2.0244],[104.0373,0.8855,8.1799],[104.0399,0.8868,4.7815]]],
[[[103.9807,0.8886,0.9706],[103.9799,0.888,0.9706],[103.9805,0.887,0.0],[103.9815,0.8886,0.0],[103.9807,0.8886,0.9706]]],
[[[103.9715,0.8894,6.2569],[103.9714,0.8883,1.7128],[103.9729,0.8869,0.0],[103.9735,0.8908,0.0],[103.9715,0.8894,6.2569]]],
[[[103.3434,0.9096,0.0],[103.3429,0.9141,2.2591],[103.3378,0.9164,3.7299],[103.3362,0.9149,1.7322],[103.3374,0.911,2.9284],[103.3343,0.905,7.1115],[103.3327,0.9047,7.1115],[103.3346,0.9031,1.3617],[103.3333,0.9005,3.492],[103.3343,0.8989,2.6316],[103.3402,0.894,0.0],[103.3408,0.8997,3.1294],[103.3434,0.9096,0.0]]],
[[[103.3972,0.8937,3.2857],[103.3961,0.8948,2.5509],[103.3952,0.8944,2.5509],[103.3979,0.8919,0.0],[103.3972,0.8937,3.2857]]],
[[[103.4829,0.8798,0.0],[103.4781,0.8953,7.239],[103.479,0.9068,0.0],[103.477,0.9115,0.7359],[103.4754,0.9139,0.5422],[103.4604,0.9219,1.3713],[103.4494,0.9217,8.8373],[103.4364,0.9253,7.4177],[103.4238,0.9122,1.7619],[103.4193,0.9106,3.1622],[103.412,0.9114,3.8956],[103.4077,0.9099,2.6082],[103.4052,0.9069,2.3913],[103.4053,0.9029,0.7893],[103.4102,0.8925,6.7628],[103.4197,0.8823,6.9906],[103.4247,0.8814,2.5849],[103.4257,0.8772,8.1934],[103.4335,0.8725,15.2792],[103.4354,0.8693,0.8556],[103.4395,0.8687,2.8431],[103.4557,0.8583,0.0],[103.4721,0.8583,0.0],[103.48,0.8553,0.0],[103.4868,0.8548,0.0],[103.4874,0.8617,0.0],[103.4835,0.8676,4.8856],[103.4829,0.8798,0.0]]],
[[[103.508,0.914,0.0],[103.4922,0.9259,1.6894],[103.4897,0.9261,3.8412],[103.4865,0.916,0.0],[103.4861,0.9006,2.4631],[103.4951,0.8742,0.0],[103.5025,0.8622,3.2681],[103.5128,0.8602,0.4028],[103.5181,0.8666,0.0],[103.5268,0.8676,1.7323],[103.5285,0.8703,0.76],[103.5269,0.8788,0.9865],[103.5225,0.8885,0.0],[103.5112,0.906,3.7906],[103.5107,0.9101,3.2497],[103.508,0.914,0.0]]],
[[[104.6628,0.8898,2.8586],[104.6662,0.8856,0.0],[104.6678,0.895,-1.0368],[104.6641,0.8946,-1.5077],[104.6628,0.8898,2.8586]]],
[[[103.8,0.8934,0.0],[103.7943,0.8937,5.8897],[103.7954,0.8914,1.6572],[103.7991,0.8903,0.0],[103.8,0.8934,0.0]]],
[[[103.7564,0.8985,34.6331],[103.7506,0.9012,11.2116],[103.7452,0.8991,1.9156],[103.7448,0.8943,3.7927],[103.7488,0.8914,2.8664],[103.7538,0.884,3.5717],[103.7679,0.884,4.5956],[103.7676,0.8881,3.0176],[103.7564,0.8985,34.6331]]],
[[[104.1867,0.8932,0.0],[104.1885,0.8943,0.0],[104.1883,0.8972,0.0],[104.1859,0.8992,0.0],[104.1841,0.8954,0.0],[104.1867,0.8932,0.0]]],
[[[104.6337,0.8956,2.0227],[104.6367,0.8962,3.1058],[104.6347,0.8997,2.6232],[104.629,0.8997,1.7536],[104.6294,0.8971,2.7593],[104.6337,0.8956,2.0227]]],
[[[103.9537,0.8943,0.6143],[103.9517,0.8956,0.0],[103.9509,0.8938,0.0],[103.9532,0.8917,0.0],[103.9537,0.8943,0.6143]]],
[[[103.9552,0.9045,1.6774],[103.9506,0.9033,1.0809],[103.9504,0.8997,0.4177],[103.9518,0.8999,0.4177],[103.9574,0.893,1.5878],[103.9596,0.8931,2.3038],[103.9605,0.8958,0.0],[103.9591,0.9024,1.1556],[103.9582,0.9041,1.1361],[103.9552,0.9045,1.6774]]],
[[[103.8002,0.9022,0.0],[103.7968,0.9046,1.8094],[103.7949,0.9087,1.0784],[103.7906,0.9022,0.0],[103.7972,0.8969,0.0],[103.8008,0.8995,2.6631],[103.8015,0.9024,0.0],[103.8002,0.9022,0.0]]],
[[[104.0521,0.9206,0.0],[104.0471,0.9209,4.7071],[104.0447,0.9161,31.6029],[104.0393,0.9128,2.4258],[104.0442,0.9102,4.2388],[104.0403,0.9028,0.8409],[104.0357,0.9036,4.1835],[104.0333,0.901,1.6734],[104.0368,0.8989,2.6394],[104.0358,0.8925,4.0003],[104.0419,0.8968,0.0],[104.0467,0.8971,2.3665],[104.0485,0.9011,4.4548],[104.0514,0.9007,0.0],[104.0494,0.9032,0.0],[104.0503,0.9124,3.7895],[104.0527,0.9128,3.3725],[104.0537,0.9165,0.6729],[104.056,0.9156,5.5776],[104.0572,0.9167,0.0],[104.0521,0.9206,0.0]]],
[[[103.4587,0.6385,0.0],[103.476,0.6724,2.383],[103.5043,0.7184,1.3119],[103.5074,0.7332,2.427],[103.513,0.7445,5.1457],[103.5129,0.7551,6.6782],[103.5091,0.7627,2.3981],[103.4896,0.7893,0.0],[103.4725,0.8092,5.9761],[103.4641,0.8145,3.514],[103.4545,0.8165,5.399],[103.4447,0.8209,0.0],[103.4121,0.8441,4.3238],[103.4067,0.8592,5.1253],[103.4109,0.863,0.0],[103.4083,0.8699,10.181],[103.4087,0.8766,14.4428],[103.4058,0.882,4.5806],[103.4037,0.8832,4.4914],[103.4027,0.8806,22.2882],[103.4004,0.8801,7.0065],[103.3985,0.8827,7.8459],[103.3999,0.8854,10.8201],[103.3981,0.8863,8.4089],[103.396,0.8849,16.9117],[103.3909,0.8869,14.882],[103.3922,0.8872,4.1627],[103.3921,0.8899,1.0764],[103.3798,0.8933,9.7184],[103.3763,0.897,8.1999],[103.3714,0.8948,0.748],[103.3696,0.8919,0.3452],[103.3719,0.8859,4.5929],[103.3704,0.876,2.1441],[103.3692,0.8727,2.3152],[103.3655,0.8712,0.0],[103.3669,0.87,2.6649],[103.3658,0.8682,0.605],[103.3686,0.867,1.0282],[103.3683,0.8629,1.9849],[103.3661,0.8565,6.8818],[103.3599,0.847,5.6783],[103.3537,0.8437,12.555],[103.3532,0.8364,1.0261],[103.3504,0.8334,6.1387],[103.3519,0.826,4.6553],[103.3514,0.8176,5.3893],[103.3501,0.8184,1.0938],[103.3494,0.8113,7.4795],[103.3424,0.8009,0.0],[103.3496,0.7875,3.8269],[103.3516,0.7657,5.504],[103.3515,0.7408,7.2553],[103.3678,0.7122,7.7468],[103.3963,0.6798,0.0],[103.4013,0.6707,6.3292],[103.4005,0.649,0.0],[103.407,0.6477,5.1638],[103.4118,0.6491,6.8296],[103.4129,0.647,0.0],[103.4178,0.6466,1.5678],[103.422,0.6429,1.3875],[103.4292,0.6405,5.2805],[103.4316,0.6369,0.0],[103.4587,0.6385,0.0]]],
[[[107.5773,0.9739,17.0947],[107.5811,0.9774,0.0],[107.5833,0.9749,6.5805],[107.5865,0.9754,0.0],[107.5878,0.9813,20.1389],[107.5865,0.9842,0.0],[107.591,0.9884,4.6081],[107.5942,0.9903,1.289],[107.5982,0.99,2.3366],[107.6006,0.9878,0.0],[107.6024,0.9889,0.0],[107.6034,0.9916,0.0],[107.6016,0.9996,0.0],[107.5938,1.0018,18.7176],[107.5904,1.0085,4.0605],[107.587,1.0115,3.4657],[107.5807,1.0124,0.0],[107.5753,1.0156,0.0],[107.5721,1.0151,4.8736],[107.5697,1.0177,0.0],[107.5675,1.0159,0.0],[107.5602,1.0171,0.0],[107.5536,1.0226,0.0],[107.5414,1.0229,0.0],[107.5371,1.0271,0.0],[107.5322,1.0258,0.0],[107.5299,1.0224,0.0],[107.5307,1.0201,21.616],[107.5327,1.0182,7.4602],[107.538,1.0187,0.5908],[107.5357,1.0116,5.4155],[107.5333,1.0146,0.0],[107.5298,1.0125,0.0],[107.5304,1.0013,0.0],[107.5321,0.997,27.2953],[107.5294,0.9944,0.0],[107.5299,0.9928,1.3366],[107.5322,0.9936,2.5799],[107.5377,0.9855,0.0],[107.5414,0.9848,0.0],[107.5427,0.9783,0.0],[107.5444,0.9781,6.6746],[107.5465,0.9809,18.0768],[107.5468,0.9774,0.0],[107.5411,0.975,0.4033],[107.5418,0.9726,0.0],[107.543,0.9732,0.0],[107.5436,0.9715,0.0],[107.5444,0.9737,0.0],[107.5461,0.9726,4.8057],[107.5487,0.9752,0.0],[107.5504,0.9833,5.4138],[107.561,0.9919,2.1435],[107.5626,0.9916,1.0597],[107.564,0.9996,3.1561],[107.5712,1.0039,15.4567],[107.5733,1.008,11.4713],[107.5747,1.0067,25.9098],[107.574,1.0029,29.2051],[107.5697,1.0013,8.2174],[107.5659,0.9961,23.7023],[107.569,0.9952,3.1492],[107.568,0.9928,5.7314],[107.5697,0.9917,10.3769],[107.5696,0.9889,4.5276],[107.5738,0.9927,13.899],[107.576,0.9921,3.168],[107.577,0.9934,3.168],[107.5794,0.9909,2.6226],[107.5762,0.989,3.321],[107.5745,0.9901,14.5885],[107.5716,0.9873,0.0],[107.5702,0.9823,3.1591],[107.5687,0.9859,0.0],[107.5673,0.9858,0.0],[107.5647,0.9829,0.0],[107.5638,0.9781,5.3007],[107.561,0.9779,0.0],[107.5591,0.9724,0.6206],[107.5537,0.971,0.8484],[107.5561,0.9692,2.4297],[107.5572,0.9653,0.0],[107.5505,0.9597,3.5489],[107.5477,0.95009999999999994,0.0],[107.5507,0.9504,0.0],[107.5534,0.9476,8.3715],[107.5615,0.9521,22.2213],[107.5695,0.9616,19.7094],[107.5711,0.9686,0.0],[107.5773,0.9739,17.0947]]],
[[[103.3377,0.9356,0.0],[103.3377,0.9363,0.0],[103.3367,0.9364,0.0],[103.3368,0.936,0.0],[103.3377,0.9356,0.0]]],
[[[107.5188,0.9474,0.0],[107.5185,0.9461,20.8473],[107.5196,0.944,12.1205],[107.522,0.9472,1.6074],[107.5188,0.9474,0.0]]],
[[[103.362,0.9608,1.3096],[103.3559,0.9614,33.7926],[103.3573,0.9565,0.5093],[103.3633,0.9508,3.1917],[103.3651,0.9569,8.9876],[103.362,0.9608,1.3096]]],
[[[103.4964,0.9503,0.0],[103.4957,0.9526,0.0],[103.4935,0.9536,5.6436],[103.4928,0.9521,1.0538],[103.4964,0.9503,0.0]]],
[[[103.978,0.9532,0.0],[103.9785,0.951,0.0],[103.9802,0.9509,0.0],[103.9801,0.9539,0.0],[103.9764,0.9584,0.0],[103.9764,0.9576,0.0],[103.978,0.9532,0.0]]],
[[[104.3492,0.9521,0.0],[104.338,0.9556,0.0],[104.3363,0.9548,0.0],[104.3392,0.9503,0.0],[104.3492,0.9521,0.0]]],
[[[104.0015,0.955,0.0],[104.0013,0.9548,0.0],[104.0026,0.9542,0.0],[104.0025,0.9546,0.0],[104.0015,0.955,0.0]]],
[[[103.8208,0.9575,0.0],[103.821,0.9568,0.0],[103.8215,0.957,0.0],[103.8213,0.9578,0.0],[103.8208,0.9575,0.0]]],
[[[104.4089,0.9573,0.0],[104.4103,0.9603,0.0],[104.4034,0.9601,4.398],[104.4018,0.9576,2.3711],[104.4041,0.9545,0.9284],[104.4089,0.9573,0.0]]],
[[[104.1422,0.9554,2.104],[104.1425,0.9564,0.0],[104.1412,0.9566,0.0],[104.1412,0.9559,0.0],[104.1422,0.9554,2.104]]],
[[[104.0262,0.962,0.0],[104.0217,0.9626,0.0],[104.0212,0.9608,0.0],[104.0254,0.9583,1.2587],[104.0283,0.9518,0.0],[104.03,0.9576,8.3179],[104.026,0.9605,3.5918],[104.0262,0.962,0.0]]],
[[[103.9725,0.9622,0.9543],[103.9689,0.9656,0.0],[103.9677,0.9623,1.3178],[103.9663,0.9611,1.6202],[103.9682,0.9583,1.1945],[103.9682,0.9527,0.0],[103.9715,0.9507,0.2964],[103.9748,0.9544,0.0],[103.9725,0.9622,0.9543]]],
[[[103.9959,0.9643,0.0],[103.9948,0.9662,1.4799],[103.9929,0.9656,0.0],[103.9941,0.9621,1.4685],[103.9921,0.958,1.3532],[103.9943,0.9519,0.4257],[103.998,0.9512,0.0],[103.9958,0.9547,0.0],[103.9979,0.9576,0.0],[103.9959,0.9643,0.0]]],
[[[107.4993,0.9284,1.2699],[107.4985,0.9251,19.0331],[107.5004,0.9233,1.7811],[107.5012,0.9266,5.5009],[107.4993,0.9284,1.2699]]],
[[[106.7397,0.9209,2.7301],[106.742,0.9194,26.3028],[106.7439,0.9204,3.1719],[106.735,0.9288,0.5781],[106.7346,0.9274,53.4465],[106.7397,0.9209,2.7301]]],
[[[103.3389,0.9291,10.7],[103.3404,0.9264,2.2817],[103.3443,0.9296,6.2181],[103.3417,0.9312,18.6774],[103.3389,0.9291,10.7]]],
[[[103.3464,0.9277,1.0398],[103.3464,0.9265,0.5038],[103.3482,0.9272,0.0],[103.3475,0.9283,0.0],[103.3464,0.9277,1.0398]]],
[[[104.1882,0.9321,0.0],[104.1835,0.9315,1.3128],[104.1827,0.937,0.3829],[104.171,0.9378,1.0171],[104.1581,0.9254,1.9618],[104.1586,0.9149,0.6706],[104.1614,0.9106,0.0],[104.1662,0.9144,1.2078],[104.1756,0.9131,0.0],[104.1791,0.9168,0.5254],[104.1884,0.9192,4.5167],[104.189,0.9249,0.0],[104.1915,0.9287,0.0],[104.1903,0.9314,0.8539],[104.1882,0.9321,0.0]]],
[[[103.3861,0.9242,5.9748],[103.3858,0.9277,1.2876],[103.3805,0.925,1.9361],[103.3834,0.9234,0.0],[103.3861,0.9242,5.9748]]],
[[[103.9082,0.9241,0.0],[103.9085,0.9242,0.0],[103.9084,0.9246,0.0],[103.9081,0.9245,0.0],[103.9082,0.9241,0.0]]],
[[[103.3872,0.9256,1.2431],[103.3874,0.9244,1.7513],[103.3887,0.9242,1.0371],[103.3882,0.9256,1.2431],[103.3872,0.9256,1.2431]]],
[[[103.9544,0.9237,1.0313],[103.9544,0.9242,0.0],[103.9507,0.9247,0.0],[103.9513,0.924,0.0],[103.9544,0.9237,1.0313]]],
[[[104.0285,0.924,0.0],[104.0289,0.9242,0.0],[104.0288,0.9245,0.0],[104.0281,0.9242,0.0],[104.0285,0.924,0.0]]],
[[[104.0393,0.9257,4.7882999999999996],[104.0377,0.9266,8.3897],[104.0367,0.9249,4.0498],[104.0378,0.924,4.0498],[104.0393,0.9257,4.7882999999999996]]],
[[[104.7906,0.9272,0.0],[104.7902,0.9264,1.1255],[104.7908,0.9255,1.1255],[104.7915,0.9272,0.0],[104.7906,0.9272,0.0]]],
[[[103.8128,0.9279,0.0],[103.8123,0.9281,0.0],[103.8122,0.9278,0.0],[103.8128,0.9274,0.0],[103.8128,0.9279,0.0]]],
[[[103.9486,0.9268,0.6664],[103.9539,0.9259,1.3489],[103.9549,0.9274,0.0],[103.9511,0.9279,1.1694],[103.9486,0.9268,0.6664]]],
[[[104.0522,0.926,0.0],[104.0517,0.9253,0.0],[104.0521,0.9248,0.0],[104.0525,0.9268,0.0],[104.0522,0.926,0.0]]],
[[[104.4228,0.9297,0.0],[104.4229,0.9314,0.0],[104.4186,0.9323,0.0],[104.409,0.9298,8.1939],[104.4084,0.9264,0.0],[104.4193,0.9239,1.6828],[104.424,0.9245,3.5882],[104.4271,0.9281,0.5837],[104.4228,0.9297,0.0]]],
[[[104.9243,0.9369,33.6304],[104.9199,0.9365,11.223],[104.9186,0.935,3.3113],[104.9223,0.9293,7.6857],[104.9276,0.9271,0.0],[104.9254,0.932,0.0],[104.927,0.9364,0.8168],[104.9243,0.9369,33.6304]]],
[[[104.7439,0.9409,-0.5828],[104.7403,0.9434,-0.8094],[104.7317,0.9432,0.0],[104.7302,0.94,-0.5202],[104.7334,0.9335,-0.3622],[104.7323,0.9313,0.4157],[104.7556,0.9187,0.0],[104.7552,0.9251,-0.3993],[104.7516,0.9308,-0.6424],[104.752,0.9328,5.6623],[104.7439,0.9409,-0.5828]]],
[[[104.1572,0.9296,0.5121],[104.1572,0.9302,0.5121],[104.1562,0.93,0.5121],[104.1564,0.9295,0.5121],[104.1572,0.9296,0.5121]]],
[[[103.3726,0.9326,1.6517],[103.3746,0.931,0.0],[103.3753,0.9349,0.0],[103.3735,0.9341,0.0456],[103.3726,0.9326,1.6517]]],
[[[103.4431,0.9378,3.5366],[103.4401,0.9382,6.0362],[103.4391,0.9368,2.8404],[103.4414,0.9283,0.0],[103.4441,0.9248,4.0976],[103.4536,0.9232,0.0],[103.4612,0.9251,0.0],[103.4609,0.9296,4.6272],[103.4576,0.9338,2.1574],[103.4482,0.9353,7.7147],[103.4431,0.9378,3.5366]]],
[[[103.4208,0.9475,1.4689],[103.4168,0.9499,0.0],[103.4172,0.946,12.5494],[103.4152,0.9431,5.7964],[103.4131,0.9408,5.6264],[103.4089,0.9407,6.5315],[103.4153,0.9326,5.7919],[103.4123,0.9202,1.456],[103.4191,0.9133,0.0],[103.4258,0.9161,0.0],[103.4336,0.9261,1.6318],[103.438,0.9285,0.0],[103.4394,0.9309,3.344],[103.4362,0.9376,0.0],[103.4295,0.9448,0.8969],[103.4208,0.9475,1.4689]]],
[[[104.1495,0.9347,1.5833],[104.1481,0.934,1.5833],[104.1493,0.9311,0.4386],[104.1526,0.9304,0.0],[104.1532,0.9316,0.6967],[104.1495,0.9347,1.5833]]],
[[[103.9651,0.9325,1.142],[103.966,0.9335,1.142],[103.9647,0.9347,0.6877],[103.9611,0.9324,1.2575],[103.9616,0.9323,1.2575],[103.9651,0.9325,1.142]]],
[[[104.2103,0.9364,0.0],[104.21,0.9363,0.0],[104.2101,0.9356,0.0],[104.2105,0.9358,0.0],[104.2103,0.9364,0.0]]],
[[[103.7636,0.9357,0.0],[103.7629,0.9357,0.0],[103.7641,0.9351,0.0],[103.7642,0.9354,0.0],[103.7636,0.9357,0.0]]],
[[[103.7709,0.9358,13.6453],[103.7703,0.9381,4.9189],[103.7681,0.9346,0.0],[103.7697,0.9335,2.3417],[103.7709,0.9358,13.6453]]],
[[[104.1475,0.9351,0.0],[104.1476,0.9376,0.0],[104.1468,0.9377,1.2607],[104.1466,0.9362,1.2108],[104.1475,0.9351,0.0]]],
[[[104.1884,0.9381,0.9398],[104.185,0.9364,1.5903],[104.1851,0.9354,0.3957],[104.1876,0.9353,0.4009],[104.1884,0.9381,0.9398]]],
[[[103.9812,0.9366,0.6292],[103.9829,0.9341,0.0],[103.9824,0.941,0.0],[103.9816,0.9408,0.0],[103.9812,0.9366,0.6292]]],
[[[103.8908,0.9355,12.9078],[103.8934,0.9354,0.0],[103.8939,0.9378,1.3027],[103.8901,0.9412,0.0],[103.8874,0.9395,0.0],[103.8867,0.9366,3.3472],[103.8908,0.9355,12.9078]]],
[[[103.3441,0.9381,0.0701],[103.3447,0.9385,0.0701],[103.3448,0.9393,0.6655],[103.3435,0.9392,0.6655],[103.3441,0.9381,0.0701]]],
[[[107.5073,0.95009999999999994,7.1084],[107.5038,0.9523,0.0],[107.5038,0.95,15.3471],[107.5009,0.947,11.093],[107.4993,0.9509,0.0],[107.4988,0.9456,2.4268],[107.4955,0.9436,36.6211],[107.4988,0.9375,3.422],[107.4986,0.9345,1.9738],[107.5024,0.9298,6.4483],[107.5036,0.9411,29.326],[107.5093,0.9406,3.0962],[107.5089,0.9474,0.0],[107.5073,0.95009999999999994,7.1084]]],
[[[103.4472,0.9607,1.674],[103.437,0.9614,3.6141],[103.433,0.9583,5.8356],[103.4277,0.958,3.1611],[103.4265,0.9561,3.9889],[103.4302,0.9541,10.6887],[103.4387,0.9408,5.2663],[103.4481,0.9363,3.1126],[103.4565,0.9357,19.9648],[103.4616,0.9302,4.6272],[103.4638,0.9248,2.3413],[103.4759,0.9202,0.0],[103.4784,0.9241,7.308],[103.4766,0.9338,7.3829],[103.478,0.9354,2.0095],[103.4758,0.9393,4.3177],[103.4767,0.9437,14.1359],[103.4736,0.9497,0.8321],[103.4698,0.951,3.7187],[103.4701,0.9526,3.1167],[103.463,0.9592,0.0511],[103.4558,0.9573,1.1421],[103.4472,0.9607,1.674]]],
[[[104.6649,0.94,0.4535],[104.6647,0.939,0.4535],[104.6667,0.9401,0.0127],[104.6663,0.9404,0.0127],[104.6649,0.94,0.4535]]],
[[[104.0116,0.9399,12.4406],[104.0088,0.9443,0.6585],[104.0074,0.944,0.5623],[104.0081,0.9365,2.6753],[104.0095,0.9348,0.0],[104.0102,0.9362,2.0909],[104.0132,0.9364,3.8283],[104.0116,0.9399,12.4406]]],
[[[103.7761,0.9465,6.8188],[103.7727,0.9481,1.4341],[103.7712,0.9462,4.7736],[103.7676,0.9462,2.4605],[103.7728,0.939,1.6721],[103.7709,0.9311,1.521],[103.774,0.9319,0.0],[103.778,0.9397,0.0],[103.7759,0.9416,10.8411],[103.7773,0.9447,0.0],[103.7761,0.9465,6.8188]]],
[[[103.7861,0.9411,19.7822],[103.7905,0.9361,1.7209],[103.789,0.942,11.5171],[103.7858,0.944,0.0],[103.7861,0.9411,19.7822]]],
[[[103.8315,0.941,0.96],[103.8323,0.9412,0.96],[103.8321,0.9419,0.96],[103.8311,0.9417,0.96],[103.8315,0.941,0.96]]],
[[[104.0632,0.9635,0.0],[104.0593,0.9739,0.0],[104.0577,0.9732,7.1914],[104.0592,0.9688,12.8113],[104.0577,0.9671,6.9221],[104.0491,0.9666,4.0594],[104.0455,0.9636,9.3641],[104.0463,0.9543,0.428],[104.0441,0.9524,2.8171],[104.0441,0.9496,2.8261],[104.0493,0.9465,3.7],[104.0466,0.9448,0.0],[104.0452,0.9378,26.1806],[104.0474,0.9323,10.5774],[104.0469,0.9297,0.0],[104.0501,0.9304,0.0],[104.0517,0.9333,0.5074],[104.0548,0.9326,1.24],[104.0575,0.9245,9.043],[104.0638,0.9214,1.0715],[104.0681,0.9144,1.1227],[104.0707,0.9154,0.0],[104.0743,0.9276,2.0253],[104.0801,0.9351,0.0],[104.0773,0.9361,1.4307],[104.0738,0.9428,0.7158],[104.08,0.949,0.0],[104.0784,0.9543,0.0],[104.0689,0.9627,2.1514],[104.0661,0.9602,2.1587],[104.0655,0.9619,0.9483],[104.0638,0.9607,0.471],[104.0623,0.9568,2.3111],[104.0601,0.9575,1.5931],[104.0634,0.961,0.471],[104.0632,0.9635,0.0]]],
[[[104.6668,0.9441,0.0],[104.6663,0.9439,0.0],[104.6649,0.9421,-1.3816],[104.6671,0.9433,0.5078],[104.6668,0.9441,0.0]]],
[[[104.2027,0.942,0.0],[104.2019,0.9411,0.0],[104.2056,0.9427,3.2736],[104.2056,0.9473,0.9173],[104.2029,0.946,0.0],[104.2027,0.942,0.0]]],
[[[103.494,0.9439,1.6941],[103.4945,0.9494,3.806],[103.4904,0.9505,0.5445],[103.4886,0.9468,2.1341],[103.4897,0.9428,0.7828],[103.494,0.9439,1.6941]]],
[[[107.4344,0.9776,0.0],[107.4314,0.9756,17.4918],[107.4308,0.9775,0.0],[107.4268,0.9791,0.0],[107.4289,0.9751,6.7579],[107.4276,0.9742,6.7579],[107.4288,0.973,7.893],[107.4274,0.9709,0.0],[107.4269,0.9608,13.1135],[107.4323,0.9475,7.893],[107.436,0.9506,19.7715],[107.4376,0.9454,1.0049],[107.4397,0.9469,6.8041],[107.4424,0.9452,45.0676],[107.443,0.9369,82.4782],[107.4395,0.9347,0.0],[107.4397,0.9326,16.2017],[107.4433,0.9304,4.0823],[107.4482,0.9302,50.0058],[107.4529,0.9256,75.9326],[107.4551,0.9204,0.0],[107.462,0.9238,11.0039],[107.4641,0.9219,0.0],[107.4677,0.9232,0.0],[107.4696,0.928,0.0],[107.4671,0.9291,0.0],[107.4654,0.9325,1.7774],[107.4681,0.9449,31.1716],[107.4702,0.9454,2.0725],[107.4779,0.9422,0.0],[107.4737,0.9491,1.9894],[107.475,0.9575,0.0],[107.4723,0.96,2.3626],[107.4733,0.9663,0.0],[107.462,0.9758,0.0],[107.4588,0.9731,1.5769],[107.4573,0.9746,0.0],[107.4541,0.9694,0.0],[107.4518,0.9714,0.0],[107.4503,0.9699,21.8009],[107.4484,0.9703,9.3444],[107.4482,0.966,10.6083],[107.4462,0.9651,3.2144],[107.4399,0.9711,33.6447],[107.4397,0.9756,0.0],[107.4358,0.9724,2.0219],[107.4344,0.9776,0.0]]],
[[[107.4857,0.9554,30.8766],[107.4842,0.9599,5.7619],[107.4817,0.9613,0.0],[107.4828,0.9656,0.0],[107.4809,0.966,0.0],[107.4804,0.9613,7.1431],[107.4763,0.9551,0.0],[107.4764,0.9516,0.0],[107.4769,0.9495,0.0],[107.4805,0.948,2.9011],[107.4819,0.9434,0.0],[107.4825,0.9466,2.4699],[107.486,0.9487,5.3677],[107.4869,0.9545,30.8766],[107.4857,0.9554,30.8766]]],
[[[103.7657,0.9484,6.3867],[103.764,0.9465,3.13],[103.7655,0.9453,0.0],[103.7668,0.9475,6.3867],[103.7657,0.9484,6.3867]]],
[[[104.1739,0.9563,1.6128],[104.1715,0.9602,2.9735],[104.1679,0.9609,1.3058],[104.1569,0.9572,3.272],[104.1492,0.9579,0.9016],[104.1421,0.9542,2.104],[104.1442,0.9496,0.4949],[104.1465,0.949,3.3398],[104.1481,0.9419,0.6809],[104.1499,0.9399,8.3892],[104.1492,0.9378,0.0],[104.1538,0.9334,0.0],[104.1605,0.935,0.5367],[104.1597,0.9398,3.5462],[104.1602,0.9441,3.3764],[104.1588,0.9453,2.5965],[104.1605,0.9446,3.3764],[104.16,0.9397,1.8026],[104.1618,0.938,0.4228],[104.1648,0.9387,0.0],[104.1674,0.9428,1.5739],[104.1745,0.9437,0.5898],[104.1789,0.9422,2.8121],[104.1813,0.9438,3.1214],[104.1831,0.9417,0.0],[104.1869,0.9454,0.0],[104.1935,0.9433,0.0],[104.1979,0.9472,0.0],[104.1882,0.9523,0.0],[104.1739,0.9563,1.6128]]],
[[[107.4213,0.9654,7.3392],[107.4183,0.9682,0.0],[107.4147,0.9688,0.0],[107.4111,0.9599,0.0],[107.4126,0.9552,4.0603],[107.4184,0.9533,4.0807],[107.4183,0.9498,36.5301],[107.4205,0.9477,14.2954],[107.4232,0.9533,13.6914],[107.4235,0.9634,0.0],[107.4213,0.9654,7.3392]]],
[[[107.4942,0.9653,0.0],[107.4902,0.9705,0.0],[107.4884,0.9692,0.0],[107.4874,0.9597,55.4356],[107.4892,0.9539,3.9931],[107.4941,0.9606,2.632],[107.4942,0.9631,1.4714],[107.4921,0.9643,0.0],[107.4942,0.9653,0.0]]],
[[[103.7904,0.9655,0.0],[103.7864,0.967,6.0485],[103.7801,0.9639,1.0869],[103.7836,0.9609,3.4829],[103.7857,0.9612,14.6121],[103.7872,0.9586,0.0],[103.7919,0.9589,11.3245],[103.7945,0.9569,0.0],[103.793,0.9637,24.1233],[103.7904,0.9655,0.0]]],
[[[104.0859,0.9587,1.2223],[104.0884,0.9576,0.0],[104.0848,0.9625,0.0],[104.0842,0.9601,1.693],[104.0859,0.9587,1.2223]]],
[[[103.8283,0.9638,0.0],[103.8293,0.9606,6.6276],[103.8326,0.9584,0.0],[103.8321,0.9612,2.8698],[103.8283,0.9638,0.0]]],
[[[103.982,0.9595,0.4464],[103.9804,0.9625,0.7731],[103.9776,0.9619,1.7451],[103.98,0.957,0.0],[103.982,0.9595,0.4464]]],
[[[103.984,0.9748,2.7658],[103.9816,0.9759,0.8851],[103.9797,0.9734,5.4785],[103.9802,0.9671,4.3376],[103.9853,0.9624,6.7556],[103.9847,0.9561,0.0],[103.987,0.9541,0.0],[103.9886,0.946,1.4781],[103.9911,0.9456,2.9209],[103.9921,0.9479,1.6677],[103.9953,0.9489,0.0],[103.9913,0.9557,0.0],[103.9927,0.9629,2.5244],[103.9887,0.971,0.559],[103.984,0.9748,2.7658]]],
[[[104.0405,0.9629,0.0],[104.04,0.9615,0.0],[104.0405,0.9605,0.0],[104.041,0.9626,0.0],[104.0405,0.9629,0.0]]],
[[[103.8457,0.9649,10.8975],[103.842,0.9654,2.1748],[103.8426,0.9606,2.5807],[103.8461,0.959,2.9758],[103.8504,0.9617,0.0],[103.8494,0.9636,0.0],[103.8457,0.9649,10.8975]]],
[[[104.1616,0.9716,10.0989],[104.1551,0.9701,21.8362],[104.1457,0.9747,1.9296],[104.1428,0.974,0.0],[104.1461,0.9702,3.9167],[104.1453,0.9636,0.0],[104.1479,0.9629,3.0371],[104.1491,0.9595,0.7016],[104.1537,0.9576,2.8178],[104.1653,0.9603,2.8092],[104.1742,0.9677,1.4863],[104.1746,0.9696,0.0],[104.1722,0.9731,11.1609],[104.1616,0.9716,10.0989]]],
[[[104.0988,0.9614,2.7006],[104.102,0.9628,19.7047],[104.0986,0.9663,4.9571],[104.0964,0.9647,14.803],[104.0963,0.9619,1.7763],[104.0988,0.9614,2.7006]]],
[[[104.0739,0.9632,2.5291],[104.07,0.9654,1.2926],[104.0716,0.9624,7.6001],[104.0758,0.961,0.0],[104.0739,0.9632,2.5291]]],
[[[104.0869,0.9716,3.8307],[104.0828,0.9721,0.0],[104.0918,0.9571,0.0],[104.0948,0.9581,0.0],[104.0935,0.9697,0.0],[104.0902,0.9689,0.7979],[104.0869,0.9716,3.8307]]],
[[[103.8069,0.9672,0.0],[103.8058,0.9714,1.3959],[103.8009,0.9704,3.259],[103.7993,0.967,0.0],[103.8019,0.9612,3.173],[103.8067,0.964,0.0],[103.8069,0.9672,0.0]]],
[[[103.9435,0.926,3.0055],[103.9467,0.9289,0.5663],[103.9553,0.9303,0.0],[103.9585,0.9339,1.8879],[103.9619,0.9347,0.3618],[103.9677,0.957,1.2475],[103.9659,0.9612,1.6202],[103.9679,0.9654,2.117],[103.9605,0.9765,0.0],[103.9425,0.9909,1.4082],[103.9381,0.9975,0.0],[103.9266,0.9983,2.0957],[103.9275,1.0008,1.2345],[103.9256,1.0063,0.0],[103.9196,1.0093,0.5133],[103.9121,1.005,0.7083],[103.9087,1.0062,1.5635],[103.9024,0.9998,1.8274],[103.8993,0.9997,1.2047],[103.8882,1.0096,7.5819],[103.8845,1.0153,0.0],[103.8808,1.0147,0.7889],[103.8799,1.0127,1.1856],[103.8775,1.0132,3.4026],[103.8789,1.0171,0.0],[103.8765,1.0165,2.132],[103.8752,1.0191,2.9184],[103.8808,1.0198,2.4951],[103.8839,1.0249,1.6555],[103.8839,1.028,4.9132],[103.8782,1.0346,0.7333],[103.8763,1.035,4.0771],[103.8762,1.0325,5.3559],[103.8737,1.0318,13.4855],[103.8683,1.0377,0.0],[103.8659,1.0351,5.0853],[103.8678,1.0326,9.0664],[103.8662,1.0313,7.0842],[103.8617,1.0334,1.0104],[103.8534,1.0338,0.0],[103.8533,1.0306,3.1314],[103.8549,1.0291,1.5167],[103.8523,1.0307,0.0],[103.8522,1.0294,1.4214],[103.8542,1.0269,0.5955],[103.8544,1.0228,1.6251],[103.8505,1.0254,6.771],[103.8483,1.0247,2.6449],[103.85,1.0199,1.8868],[103.8544,1.0166,1.1063],[103.8606,1.0075,0.0],[103.847,1.0144,2.8308],[103.834,1.0173,1.2576],[103.8315,1.0109,4.147],[103.8334,1.0067,8.2311],[103.8322,0.9812,0.0],[103.8329,0.9775,2.9407],[103.839,0.9712,5.5361],[103.8484,0.967,2.2416],[103.8681,0.9544,0.8359],[103.8803,0.951,0.0],[103.8872,0.9431,1.0829],[103.8922,0.9421,4.2988],[103.8968,0.9377,4.3997],[103.9114,0.9343,2.5906],[103.9395,0.9109,0.6536],[103.9435,0.9102,0.0],[103.9457,0.9136,3.0411],[103.9417,0.9182,4.4022],[103.9435,0.926,3.0055]]],
[[[104.7901,1.0279,3.0845],[104.786,1.0285,28.7312],[104.7838,1.0254,22.5808],[104.7823,1.0256,0.0],[104.7826,1.0231,0.0],[104.7857,1.0216,13.5455],[104.7855,1.0203,5.3589],[104.784,1.022,0.0],[104.7822,1.02,0.0],[104.7869,1.0158,0.0],[104.7833,1.0117,0.0],[104.7856,1.007,0.0],[104.7881,1.0067,0.0],[104.7885,1.0043,0.0],[104.7874,1.0043,0.0],[104.7949,1.0011,0.8435],[104.803,1.0038,6.4743],[104.8052,1.0012,0.0],[104.811,1.0024,4.1983],[104.8109,1.0004,5.577],[104.8059,0.9998,0.0],[104.8043,0.9981,5.4319],[104.8034,0.9957,2.269],[104.8049,0.9893,4.1358],[104.808,0.9864,0.0],[104.8106,0.9879,1.9139],[104.8133,0.9871,5.8953],[104.8177,0.9824,0.9631],[104.8248,0.9803,5.497],[104.8262,0.9725,0.2167],[104.8215,0.9706,0.0],[104.8219,0.9679,4.0123],[104.8179,0.9659,0.0],[104.8126,0.967,3.1456],[104.8139,0.9632,1.1695],[104.8212,0.9577,3.8452],[104.8256,0.9565,0.0],[104.8307,0.9577,0.0],[104.8353,0.9613,2.1357],[104.8401,0.9619,0.0],[104.8463,0.9704,0.0],[104.8477,0.9783,1.2021],[104.8501,0.9782,0.0],[104.8489,0.98,6.294],[104.8543,0.9827,8.9457],[104.8526,0.9855,3.8073],[104.854,0.9873,0.0],[104.8507,0.9859,0.0],[104.8486,0.9872,0.0],[104.8436,0.9971,0.0],[104.8438,1.0009,2.7721],[104.8502,1.0108,3.6689],[104.8495,1.0133,0.3439],[104.8466,1.0145,0.0],[104.8407,1.0129,0.0],[104.8388,1.0149,9.5048],[104.8358,1.0143,8.6825],[104.8355,1.0164,1.7223],[104.829,1.0146,1.3021],[104.8153,1.019,0.0],[104.8038,1.0178,0.8805],[104.8002,1.0199,1.2306],[104.7996,1.0228,0.0],[104.7962,1.0226,0.0],[104.7956,1.0255,0.0],[104.7917,1.0255,0.0],[104.7901,1.0279,3.0845]]],
[[[104.6121,0.8766,2.439],[104.6148,0.8907,1.2618],[104.6197,0.8989,0.0],[104.6242,0.9033,0.5778],[104.6317,0.9061,4.0234],[104.6393,0.9047,4.7736],[104.6505,0.9066,0.0],[104.6551,0.9092,0.2067],[104.6576,0.9141,4.2026],[104.66,0.9144,-0.0854],[104.6599,0.9194,3.9849],[104.6554,0.9272,3.7099],[104.6564,0.9358,0.9262],[104.6599,0.9404,2.9591],[104.6589,0.9434,4.517],[104.6542,0.9438,-1.4051],[104.6481,0.9467,1.4908],[104.6399,0.9463,2.5634],[104.6447,0.9526,5.292],[104.6464,0.9598,-1.2808],[104.6428,0.9739,3.1227],[104.6394,0.9779,-0.9468],[104.6363,0.9776,3.895],[104.638,0.9833,-1.3394],[104.6377,0.9863,-1.1786],[104.6353,0.9877,-0.5057],[104.6359,0.9921,1.1598],[104.6418,0.9921,0.1473],[104.6494,1.0057,1.7347],[104.6576,1.0323,4.0134],[104.6558,1.0395,-1.6092],[104.6575,1.0455,1.4935],[104.6507,1.0521,-0.3046],[104.6523,1.0626,0.6649],[104.6448,1.071,4.0817],[104.6381,1.0831,0.2845],[104.636,1.0955,-0.5651],[104.6327,1.0999,2.0002],[104.6349,1.1052,3.2132],[104.6336,1.1079,0.1942],[104.6206,1.1185,-0.3171],[104.6111,1.1201,0.3168],[104.6102,1.1223,0.0],[104.6086,1.1217,1.5431],[104.6024,1.1248,0.0],[104.6017,1.1269,-0.0836],[104.5967,1.1259,0.6028],[104.5968,1.1317,2.7665],[104.5925,1.1345,0.0],[104.5895,1.1425,0.0],[104.5874,1.1415,1.2318],[104.5856,1.1426,0.0],[104.5817,1.1527,0.0],[104.5777,1.1555,0.0],[104.5804,1.1686,-0.4014],[104.578,1.1746,-0.2212],[104.5776,1.1803,-1.0389],[104.5794,1.1828,1.6585],[104.5768,1.1928,-1.1147],[104.5806,1.2017,-0.2866],[104.5853,1.2047,0.9732],[104.5879,1.2047,-0.3398],[104.5886,1.2066,-0.2035],[104.5834,1.2137,2.3482],[104.5831,1.2192,2.0111],[104.5863,1.2233,-0.6602],[104.5839,1.2297,0.0],[104.5799,1.2264,-0.0909],[104.5693,1.2298,1.1315],[104.5639,1.2296,0.0],[104.5507,1.2237,1.0959],[104.5443,1.2154,0.0],[104.547,1.2106,1.9432],[104.5463,1.2033,0.0],[104.5504,1.1997,1.251],[104.5407,1.1966,5.315],[104.5359,1.1879,0.0],[104.5363,1.1827,0.0],[104.5291,1.1771,0.0],[104.5012,1.1703,1.8464],[104.4911,1.1755,0.0],[104.4872,1.174,3.3343],[104.4827,1.1757,0.0],[104.4781,1.1745,0.0],[104.4689,1.1762,2.119],[104.4647,1.1786,0.0],[104.4646,1.184,0.0],[104.4616,1.1835,0.0],[104.4607,1.1817,0.0],[104.4573,1.1851,5.1457],[104.4545,1.1835,6.5953],[104.4371,1.1881,3.7827],[104.4239,1.1942,0.0],[104.423,1.1966,0.8545],[104.409,1.1998,0.0],[104.4071,1.203,0.0],[104.4032,1.201,5.2912],[104.4023,1.2024,0.0],[104.3962,1.2023,0.0],[104.3987,1.2014,30.535],[104.3976,1.2003,27.7103],[104.3955,1.2015,1.4506],[104.3955,1.2041,0.0],[104.3935,1.2045,0.0],[104.3891,1.198,5.2487],[104.3806,1.1972,0.0],[104.378,1.1941,0.0],[104.3758,1.1962,0.0],[104.374,1.1947,2.9105],[104.3765,1.1934,0.0],[104.3752,1.1913,0.0],[104.3788,1.1874,0.0],[104.382,1.1896,1.3317],[104.3849,1.1869,4.8524],[104.3815,1.1829,2.8934],[104.3722,1.1784,4.5668],[104.3651,1.1783,4.1156],[104.3563,1.1828,0.0],[104.3572,1.1866,0.0],[104.3543,1.1884,0.0],[104.3528,1.1883,3.7839],[104.3522,1.1856,11.3538],[104.3498,1.1851,8.5646],[104.3455,1.1865,0.0],[104.3451,1.1887,0.0],[104.3395,1.1917,0.0],[104.3413,1.1864,22.7731],[104.3363,1.1816,7.9],[104.3304,1.1791,4.466],[104.328,1.1802,0.0],[104.3269,1.1787,9.6385],[104.3233,1.1792,0.0],[104.3202,1.1805,11.0248],[104.321,1.182,0.0],[104.3194,1.1838,0.0],[104.3181,1.1832,0.0],[104.3184,1.1811,11.0248],[104.3156,1.1795,4.0936],[104.3131,1.1798,2.9286],[104.3121,1.182,0.0],[104.3103,1.1779,0.0],[104.3124,1.1768,32.9076],[104.3121,1.174,0.0],[104.3166,1.1751,0.5099],[104.3193,1.1736,4.6307],[104.3211,1.1666,0.0],[104.3198,1.164,0.0],[104.3243,1.1659,9.2342],[104.3306,1.1639,3.8176],[104.3266,1.1583,6.3868],[104.3222,1.1601,2.4453],[104.3215,1.1586,0.0],[104.3249,1.1579,7.9018],[104.329,1.146,1.7068],[104.3328,1.143,5.0237],[104.3302,1.1383,8.7144],[104.324,1.136,1.73],[104.3056,1.1375,0.0],[104.2962,1.1325,0.0],[104.2779,1.1263,10.6608],[104.26,1.1225,1.9703],[104.2429,1.1204,4.152],[104.2416,1.1207,3.8154],[104.2412,1.1246,0.0],[104.2382,1.1236,0.4541],[104.2403,1.1196,1.2426],[104.24,1.1106,0.0],[104.2308,1.104,0.0],[104.228,1.0985,8.7487],[104.2204,1.0909,12.445],[104.2166,1.0837,6.8292],[104.2156,1.0753,8.1981],[104.2124,1.0742,0.0],[104.2129,1.0708,0.0],[104.2157,1.0636,0.7826],[104.2319,1.0499,1.9232],[104.2332,1.0462,2.2086],[104.2315,1.0426,0.0],[104.2364,1.0373,1.6324],[104.2345,1.0341,3.1269],[104.2307,1.0333,1.7233],[104.2284,1.0298,2.5905],[104.2261,1.0205,11.3836],[104.2305,1.0158,0.2815],[104.2369,1.0157,6.1661],[104.2477,1.0063,0.0],[104.2569,1.0012,0.752],[104.2635,0.9997,0.0],[104.3036,1.0008,0.7922],[104.3111,0.9982,0.0],[104.3199,0.9913,0.0],[104.3323,0.9914,0.0],[104.3377,1.0085,1.4998],[104.3358,1.0125,2.6978],[104.3368,1.0202,5.6119],[104.3391,1.025,0.0],[104.3405,1.0259,1.0174],[104.3419,1.0248,2.9354],[104.3432,1.0199,0.0],[104.3583,1.0201,0.9518],[104.3621,1.019,4.1887],[104.3738,1.0103,0.0],[104.3791,1.0107,2.1353],[104.3818,1.0141,5.714],[104.3796,1.0164,13.898],[104.3812,1.0204,3.9544],[104.3922,1.0249,0.5153],[104.3962,1.0279,1.8635],[104.3987,1.0334,0.0],[104.4056,1.0344,2.0033],[104.4034,1.0387,1.3022],[104.4055,1.0435,6.1324],[104.4019,1.0469,3.5879],[104.4042,1.0541,3.4476],[104.4069,1.0532,0.0],[104.4164,1.0556,4.9975],[104.4141,1.0437,0.0],[104.4174,1.0395,0.0],[104.4239,1.0426,4.1478],[104.4261,1.0516,0.0],[104.4283,1.0529,3.3509],[104.4344,1.0531,1.302],[104.4385,1.0512,0.0],[104.4464,1.0544,3.4662],[104.4504,1.0533,0.0],[104.4536,1.0544,1.4489],[104.4556,1.0496,1.4122],[104.4763,1.0269,0.0],[104.48,1.027,0.0],[104.4885,1.035,0.0],[104.486,1.0248,0.0],[104.4875,1.0194,3.137],[104.4815,1.0144,4.6205],[104.4723,1.0173,3.4539],[104.4648,1.0233,0.0],[104.4516,1.0152,0.0],[104.4494,1.0081,4.0743],[104.4475,1.0171,0.4003],[104.4456,1.0174,0.0],[104.4436,1.0136,0.0],[104.4425,1.0091,0.0],[104.4465,1.0065,7.0585],[104.4434,1.0054,0.0],[104.4413,1.0014,0.0],[104.4414,0.9958,0.0],[104.4516,0.9897,0.0],[104.4529,0.9846,0.0],[104.4675,0.9856,3.8675],[104.4734,0.978,0.0],[104.4666,0.9833,0.0],[104.4626,0.98,3.9115],[104.4457,0.9792,2.0192],[104.4364,0.9763,3.9928],[104.4302,0.9782,3.2851],[104.4264,0.975,6.1102],[104.4149,0.9782,0.0],[104.4124,0.967,2.7662],[104.409,0.9639,0.8048],[104.4149,0.9625,0.3833],[104.416,0.9604,3.3834],[104.4141,0.9571,1.5113],[104.4194,0.9564,3.6482],[104.4206,0.9523,4.2858],[104.4219,0.9515,0.0],[104.4262,0.9535,3.2162],[104.4307,0.9495,1.0524],[104.4343,0.9444,1.8956],[104.4336,0.9433,0.0],[104.4363,0.9437,1.1442],[104.4355,0.9413,0.0],[104.4364,0.9413,0.0],[104.4368,0.9431,1.1442],[104.4418,0.9434,0.0],[104.4426,0.9383,0.0],[104.4501,0.936,0.1571],[104.4541,0.9361,0.2933],[104.4575,0.9382,0.0],[104.4708,0.9365,0.0],[104.4798,0.9306,0.2768],[104.4806,0.928,0.0],[104.4775,0.9273,0.0],[104.4769,0.9292,0.0],[104.4687,0.9305,0.0],[104.4692,0.9327,0.0],[104.4655,0.9329,0.0],[104.4623,0.9289,0.0],[104.4598,0.9315,0.0],[104.4547,0.9286,0.386],[104.4552,0.9312,0.3781],[104.4527,0.9319,0.3011],[104.4533,0.9297,1.536],[104.4515,0.9296,1.428],[104.4495,0.9318,0.9893],[104.4474,0.9299,3.0249],[104.4466,0.9343,0.0],[104.4428,0.9346,0.0],[104.4376,0.9255,0.0],[104.44,0.9174,3.2918],[104.4379,0.9155,1.3335],[104.4377,0.9128,3.8209],[104.4391,0.9059,1.7954],[104.443,0.9043,0.0],[104.448,0.9046,3.0913],[104.4498,0.9013,0.0],[104.4493,0.8987,0.0],[104.4511,0.8979,0.3565],[104.4528,0.9002,0.0],[104.4562,0.9011,2.5734],[104.4589,0.8978,1.8478],[104.4708,0.8951,7.3797],[104.4781,0.8852,0.0],[104.4808,0.8889,2.7706],[104.4828,0.8881,1.1423],[104.4853,0.8832,5.5717],[104.4798,0.884,4.2988],[104.481,0.8794,5.9292],[104.4839,0.8764,0.0],[104.4978,0.8728,5.6718],[104.5007,0.8781,1.8217],[104.504,0.8777,4.8162],[104.5041,0.873,6.9275],[104.5018,0.8728,7.0734],[104.5007,0.8706,5.2077],[104.4913,0.872,2.6394],[104.4872,0.8683,8.0264],[104.4786,0.8653,0.0],[104.477,0.8538,1.367],[104.4753,0.8517,1.7588],[104.4779,0.8487,0.0],[104.4826,0.8475,5.6058],[104.4897,0.8507,5.8025],[104.4964,0.8459,7.1111],[104.4975,0.8417,3.7221],[104.496,0.8398,0.458],[104.4972,0.8391,0.458],[104.5026,0.841,1.5461],[104.5082,0.8408,0.5042],[104.513,0.8438,5.1333],[104.5152,0.8432,1.9688],[104.5148,0.8388,2.5386],[104.5196,0.8284,0.0],[104.5189,0.8273,0.0],[104.522,0.8256,0.9812],[104.5289,0.8263,1.9246],[104.5367,0.8235,0.0],[104.541,0.8238,4.9439],[104.5438,0.8201,0.0],[104.5518,0.8218,0.4961],[104.5536,0.8212,0.6453],[104.5554,0.8145,0.7206],[104.5759,0.8122,3.2895],[104.5826,0.8141,2.6092],[104.5876,0.8103,0.0],[104.5931,0.8103,0.0],[104.6079,0.8264,2.2234],[104.6112,0.8333,0.0],[104.609,0.8384,2.2769],[104.611,0.8459,0.0],[104.6107,0.8584,0.0],[104.614,0.8666,1.067],[104.6121,0.8766,2.439]]]]}}