{"type":"Feature","properties":{"GID_1":"IDN.22_1","GID_0":"IDN","country":"Indonesia","province":"PapuaBarat","VARNAME_1":"NA","NL_NAME_1":"NA","TYPE_1":"Propinisi","ENGTYPE_1":"Province","CC_1":"91","HASC_1":"ID.IB","ISO_1":"ID-PB","name":"Papua_Barat.province"},
"geometry":{"type": "MultiPolygon","coordinates": [[[[132.9052,-4.1295,0.0],[132.9077,-4.1309,0.0],[132.909,-4.1292,0.0],[132.9055,-4.1216,0.0],[132.9033,-4.126,0.0],[132.9052,-4.1295,0.0]]],
[[[132.9732,-4.0846,219.2125],[132.9735,-4.0807,302.0591],[132.9686,-4.0833,139.138],[132.9682,-4.0863,118.1735],[132.9704,-4.0852,212.3665],[132.9732,-4.0846,219.2125]]],
[[[133.166,-4.0531,748.9167],[133.1706,-4.0424,861.6907],[133.1753,-4.0372,1026.6521],[133.2,-4.0292,713.3601],[133.2067,-4.0232,630.0806],[133.2084,-4.0242,623.9996],[133.221,-4.0117,391.5325],[133.2225,-4.0032,375.7755],[133.2271,-4.0022,194.183],[133.2314,-3.9984,131.2135],[133.2474,-3.996,122.3752],[133.2616,-3.996,49.6487],[133.2687,-3.9984,74.7692],[133.2758,-4.0055,46.4936],[133.2853,-4.0078,62.3505],[133.2995,-4.0102,38.0386],[133.3208,-4.0102,0.0],[133.3336,-4.0015,0.0],[133.339,-3.9894,0.0],[133.355,-3.9758,0.0],[133.3627,-3.9663,0.0],[133.3638,-3.9609,0.0],[133.4087,-3.91,0.0],[133.411,-3.9062,0.0],[133.4088,-3.9019,0.0],[133.409,-3.8932,0.0],[133.4129,-3.8869,0.0],[133.4193,-3.8824,0.0],[133.4091,-3.8813,0.0],[133.3943,-3.8864,0.0],[133.3794,-3.8827,0.0],[133.3665,-3.8765,17.5811],[133.3581,-3.8703,18.0263],[133.3393,-3.8627,29.7431],[133.3301,-3.8611,17.9359],[133.3258,-3.8673,17.5894],[133.3244,-3.8651,16.4112],[133.3277,-3.8606,23.8301],[133.3333,-3.8425,35.1883],[133.3336,-3.8503,27.3414],[133.3315,-3.8535,13.994],[133.3323,-3.8584,8.0342],[133.3624,-3.8684,15.688],[133.3708,-3.8751,18.2817],[133.3908,-3.8805,21.5274],[133.3945,-3.8808,23.8575],[133.4037,-3.8765,21.7542],[133.411,-3.8759,16.7138],[133.4268,-3.8794,0.0],[133.4344,-3.876,0.0],[133.4417,-3.8664,0.0],[133.4488,-3.8683,0.0],[133.4548,-3.8648,0.0],[133.4631,-3.8644,0.0],[133.466,-3.8584,0.0],[133.4617,-3.8405,0.0],[133.459,-3.8364,0.0],[133.4594,-3.8276,0.0],[133.4582,-3.8253,0.0],[133.441,-3.81,0.0],[133.4288,-3.8074,20.3495],[133.4193,-3.8015,11.8605],[133.4155,-3.7878,0.0],[133.415,-3.7706,0.0],[133.4008,-3.7557,2.4221],[133.399,-3.7429,0.0],[133.4017,-3.733,0.0],[133.4125,-3.7142,0.0],[133.4123,-3.7063,0.0],[133.4139,-3.7003,0.0],[133.4164,-3.6975,0.0],[133.4394,-3.6882,0.0],[133.4598,-3.6744,0.0],[133.4764,-3.6558,0.0],[133.487,-3.6339,0.0],[133.4955,-3.6279,0.0],[133.4799,-3.6067,19.8084],[133.5005,-3.5889,21.6129],[133.4939,-3.5761,13.9561],[133.491,-3.5638,32.0772],[133.4892,-3.5614,39.5358],[133.484,-3.5633,34.2994],[133.4717,-3.5631,25.9628],[133.4645,-3.5551,31.0112],[133.455,-3.5484,16.5427],[133.4187,-3.5512,28.5317],[133.3938,-3.5457,25.6341],[133.3513,-3.5528,12.1587],[133.3424,-3.5427,4.0855],[133.3079,-3.5427,34.9419],[133.2881,-3.5394,38.0462],[133.2847,-3.5322,23.0429],[133.2965,-3.5373,19.9194],[133.3113,-3.5394,39.6705],[133.3289,-3.5394,9.7564],[133.3328,-3.5374,5.9276],[133.3378,-3.5402,9.2773],[133.3437,-3.5385,13.1437],[133.3509,-3.544,17.8163],[133.3542,-3.5491,12.1963],[133.3803,-3.544,30.8358],[133.3905,-3.54,35.5362],[133.4077,-3.5453,31.8935],[133.4486,-3.5453,22.7742],[133.433,-3.5343,15.2793],[133.4221,-3.5297,29.9752],[133.3985,-3.5073,33.331],[133.4351,-3.5116,23.3964],[133.4393,-3.5196,19.0797],[133.4456,-3.5234,3.0],[133.4511,-3.5352,9.6986],[133.4589,-3.5466,5.5187],[133.4732,-3.5527,26.6576],[133.4782,-3.5599,26.5444],[133.4864,-3.557,29.9085],[133.4916,-3.5577,43.2551],[133.4953,-3.5646,18.1819],[133.5092,-3.5605,23.3495],[133.5009,-3.5501,39.5758],[133.4992,-3.5415,42.398],[133.5029,-3.5349,26.8743],[133.5146,-3.5315,22.3699],[133.515,-3.5354,23.9549],[133.5053,-3.5393,25.0516],[133.5033,-3.5479,37.7379],[133.5133,-3.5579,24.2175],[133.5126,-3.5646,16.7107],[133.4984,-3.5703,17.2993],[133.4971,-3.572,20.89],[133.4975,-3.5742,18.6964],[133.5016,-3.5757,22.1738],[133.5061,-3.5807,22.0292],[133.5086,-3.5913,18.6229],[133.5061,-3.5987,20.0683],[133.4988,-3.6112,20.221],[133.496,-3.6218,4.0648],[133.5082,-3.6179,0.0],[133.526,-3.6071,0.0],[133.5334,-3.5971,0.3416],[133.5391,-3.5967,0.0],[133.5438,-3.5943,0.0],[133.5551,-3.5856,1.6215],[133.5603,-3.5838,0.0],[133.5669,-3.5838,0.0],[133.5873,-3.5744,0.0],[133.5936,-3.5497,0.0],[133.6018,-3.5352,0.0],[133.6022,-3.5313,0.0],[133.5979,-3.5221,0.0],[133.5912,-3.5135,0.0],[133.5855,-3.5093,0.0],[133.5791,-3.4973,0.0],[133.5638,-3.4789,0.0],[133.5558,-3.4603,0.0],[133.554,-3.458,0.0],[133.5508,-3.4574,0.0],[133.5496,-3.4548,6.7899],[133.5209,-3.4442,0.0],[133.4965,-3.4302,8.8564],[133.4939,-3.4266,10.2268],[133.4968,-3.4246,11.3802],[133.4951,-3.4218,11.0904],[133.4784,-3.4226,20.6049],[133.4721,-3.4211,20.2802],[133.4667,-3.4069,23.1416],[133.4702,-3.4085,27.9824],[133.4787,-3.4202,20.6524],[133.4985,-3.4179,11.465],[133.5023,-3.4266,6.2999],[133.5169,-3.4368,3.6998],[133.5271,-3.4401,0.0],[133.5463,-3.4427,0.0],[133.5534,-3.4408,0.0],[133.5569,-3.4345,0.0],[133.5596,-3.4335,0.0],[133.5543,-3.4266,6.1779],[133.5543,-3.4242,27.1287],[133.548,-3.4195,54.847],[133.5489,-3.411,52.9098],[133.5574,-3.4162,42.014],[133.5645,-3.4309,0.0],[133.569,-3.4325,0.0],[133.579,-3.4302,0.0],[133.5872,-3.4311,0.0],[133.589,-3.4303,0.0],[133.59,-3.4259,0.0],[133.6008,-3.4249,0.0],[133.6064,-3.4229,8.818],[133.6092,-3.421,25.2545],[133.6106,-3.4151,0.0],[133.6131,-3.4144,18.9184],[133.6203,-3.4176,0.0],[133.6305,-3.4164,0.0],[133.6359,-3.4183,0.0],[133.6427,-3.4151,0.0],[133.6554,-3.399,0.0],[133.667,-3.379,0.0],[133.6688,-3.3713,0.0],[133.6672,-3.3573,0.0],[133.6712,-3.3437,0.0],[133.6687,-3.3329,0.0],[133.6631,-3.3339,27.5887],[133.6618,-3.3314,22.0047],[133.6651,-3.323,0.0],[133.6676,-3.3215,0.0],[133.6652,-3.3113,0.0],[133.6716,-3.307,0.0],[133.6628,-3.2792,0.0],[133.6617,-3.2529,0.0],[133.656,-3.236,0.0],[133.6597,-3.2319,0.0],[133.6616,-3.2264,0.0],[133.6655,-3.2228,0.0],[133.6748,-3.219,4.8068],[133.6778,-3.2127,0.0],[133.6718,-3.2086,6.8256],[133.6712,-3.202,0.0],[133.6674,-3.1944,0.0],[133.6696,-3.1758,0.0],[133.6649,-3.1747,0.0],[133.6644,-3.1689,0.0],[133.6578,-3.1627,0.0],[133.6592,-3.1542,0.0],[133.6614,-3.1547,0.0],[133.6627,-3.1534,0.0],[133.6627,-3.1498,0.0],[133.66,-3.1435,0.0],[133.6611,-3.1364,0.0],[133.6573,-3.128,0.0],[133.6578,-3.1228,0.0],[133.6687,-3.1211,0.0],[133.6731,-3.1255,0.0],[133.6772,-3.1203,0.0],[133.6828,-3.1029,0.0],[133.6918,-3.0974,0.0],[133.6985,-3.0878,0.0],[133.7055,-3.082,0.0],[133.7214,-3.0603,0.0],[133.7301,-3.0438,0.0],[133.7429,-3.0338,0.0],[133.7519,-3.0348,38.2156],[133.7567,-3.0344,0.0],[133.758,-3.0327,0.0],[133.7576,-3.0302,0.0],[133.7531,-3.0262,0.0],[133.747,-3.0245,25.4058],[133.7357,-3.0258,9.99],[133.722,-3.0326,18.6697],[133.7124,-3.0315,16.4144],[133.6992,-3.0273,28.4564],[133.722,-3.0309,18.2657],[133.7354,-3.0249,9.99],[133.7494,-3.0232,23.3986],[133.7605,-3.0306,0.0],[133.7614,-3.0262,0.0],[133.7686,-3.023,0.0],[133.7818,-3.0278,0.0],[133.7885,-3.0262,0.0],[133.7957,-3.0274,0.0],[133.7994,-3.0304,0.0],[133.8015,-3.0291,0.0],[133.7996,-3.0234,0.0],[133.8007,-3.0142,0.0],[133.8116,-3.0073,0.0],[133.8245,-3.0047,0.0],[133.8384,-2.9953,0.0],[133.8455,-2.9894,0.0],[133.8486,-2.9794,0.0],[133.856,-2.9727,38.9467],[133.8634,-2.9614,20.79],[133.8663,-2.9594,113.7062],[133.8669,-2.9584,113.7062],[133.8645,-2.9565,20.9146],[133.868,-2.9583,162.0021],[133.8789,-2.9529,364.6467],[133.8756,-2.9554,232.1317],[133.8689,-2.9587,162.0021],[133.8731,-2.961,122.2863],[133.8791,-2.961,313.6201],[133.8731,-2.9616,114.6312],[133.8684,-2.9592,162.0021],[133.8639,-2.9621,20.79],[133.8618,-2.9673,145.6834],[133.8618,-2.9818,203.3813],[133.8666,-3.0051,93.1396],[133.8713,-3.014,101.5699],[133.8761,-3.0192,86.627],[133.8682,-3.0285,28.0289],[133.8832,-3.0474,104.3016],[133.8971,-3.0765,6.4705],[133.9053,-3.0847,10.1907],[133.9108,-3.0812,21.9148],[133.9351,-3.0785,10.3052],[133.9506,-3.079,351.0831],[133.954,-3.0728,299.1643],[133.9616,-3.0712,216.2765],[133.9707,-3.0623,53.3191],[133.9633,-3.0715,145.2702],[133.9543,-3.0742,310.3465],[133.9519,-3.0801,419.9146],[133.9126,-3.0828,20.2356],[133.9039,-3.0872,2.2224],[133.8967,-3.0947,0.0],[133.8984,-3.0977,0.0],[133.8976,-3.1001,0.0],[133.9162,-3.0999,9.1233],[133.9227,-3.1047,6.0682],[133.9158,-3.1004,9.1233],[133.8974,-3.1013,0.0],[133.9008,-3.1046,0.0],[133.9015,-3.1079,0.0],[133.8998,-3.11,0.0],[133.9005,-3.112,1.094],[133.8964,-3.1133,0.0],[133.9002,-3.1116,0.0],[133.8992,-3.11,0.0],[133.9009,-3.1077,0.0],[133.9,-3.1046,0.0],[133.8965,-3.1019,0.0],[133.8956,-3.0951,0.0],[133.9023,-3.0871,0.0],[133.895,-3.0814,6.4741],[133.8831,-3.0617,32.0075],[133.8792,-3.0597,0.0],[133.8704,-3.0586,59.4279],[133.8679,-3.056,10.8226],[133.8639,-3.048,0.0],[133.8629,-3.0368,0.0],[133.853,-3.025,0.0],[133.8449,-3.0236,24.7692],[133.8422,-3.0249,136.4947],[133.8339,-3.0393,265.6577],[133.8359,-3.0474,416.3467],[133.8348,-3.0642,488.6459],[133.8392,-3.0827,547.5128],[133.8353,-3.0934,115.3398],[133.8283,-3.0975,16.2526],[133.8233,-3.1063,18.1386],[133.8151,-3.1073,15.993],[133.813,-3.1089,15.5672],[133.8144,-3.1138,21.3116],[133.8129,-3.1187,67.9257],[133.8107,-3.1207,57.4644],[133.8022,-3.1231,32.2097],[133.7993,-3.122,20.2492],[133.7962,-3.1166,0.0],[133.7908,-3.1182,28.8092],[133.7843,-3.1146,6.6792],[133.7838,-3.1165,36.0644],[133.78,-3.1166,60.0749],[133.7784,-3.1189,71.8822],[133.7785,-3.1282,18.2474],[133.7828,-3.1353,19.6063],[133.7844,-3.1424,39.2936],[133.7829,-3.1493,17.5538],[133.7803,-3.1524,20.3365],[133.7814,-3.1566,18.9222],[133.778,-3.1625,26.8378],[133.7777,-3.1701,22.0024],[133.7795,-3.1727,36.4559],[133.7785,-3.1749,20.0761],[133.7724,-3.1787,0.0],[133.7627,-3.1789,3.2312],[133.7457,-3.1731,26.611],[133.7335,-3.1749,20.1171],[133.7234,-3.1817,22.7252],[133.7126,-3.1787,12.2183],[133.7088,-3.1739,0.0],[133.7058,-3.1743,4.2684],[133.7041,-3.18,15.7745],[133.7096,-3.1904,39.3217],[133.709,-3.2128,43.7158],[133.7042,-3.218,21.8072],[133.7009,-3.2193,19.8322],[133.6871,-3.219,10.6289],[133.6802,-3.228,130.7749],[133.6754,-3.2313,118.3916],[133.672,-3.2448,116.7272],[133.6734,-3.2707,178.144],[133.6821,-3.3222,121.0497],[133.681,-3.3243,100.7127],[133.6731,-3.3231,56.3314],[133.6738,-3.3252,60.5173],[133.6777,-3.3266,42.9265],[133.6813,-3.3339,69.031],[133.6804,-3.3359,47.8436],[133.6847,-3.3471,250.5714],[133.6848,-3.3521,225.6372],[133.6884,-3.3544,278.1599],[133.6879,-3.3604,271.4355],[133.6911,-3.3752,285.8664],[133.7033,-3.4056,232.2751],[133.7029,-3.4099,210.4179],[133.7012,-3.4138,26.7881],[133.6959,-3.4173,4.3523],[133.6907,-3.4236,21.0445],[133.6839,-3.4389,22.3281],[133.6717,-3.4452,20.4151],[133.6691,-3.4493,26.4574],[133.6611,-3.4531,78.7616],[133.646,-3.4513,20.8471],[133.6422,-3.4525,47.9684],[133.6428,-3.4588,44.482],[133.6406,-3.4736,28.5625],[133.6354,-3.4775,37.2516],[133.6302,-3.4776,16.6557],[133.6283,-3.4822,48.5162],[133.6312,-3.4895,35.5436],[133.6372,-3.494,35.0343],[133.6438,-3.5021,8.0955],[133.6463,-3.5016,15.5633],[133.6464,-3.4994,11.5504],[133.6525,-3.502,21.9656],[133.6539,-3.5044,23.0006],[133.6516,-3.5083,33.3043],[133.6559,-3.5185,15.915],[133.658,-3.5194,34.774],[133.6591,-3.5167,45.6683],[133.6626,-3.516,23.1019],[133.661,-3.5274,19.6417],[133.6636,-3.5314,41.831],[133.6686,-3.5352,20.0804],[133.6698,-3.5397,22.6828],[133.6759,-3.5369,20.5976],[133.6763,-3.5391,35.447],[133.6729,-3.5458,29.7572],[133.6738,-3.5482,60.8735],[133.6749,-3.5499,57.4155],[133.6782,-3.5486,21.9989],[133.6902,-3.5626,15.623],[133.6922,-3.5776,12.4604],[133.6965,-3.5797,19.0756],[133.6991,-3.5765,35.4143],[133.7003,-3.5787,21.1336],[133.6973,-3.5874,21.2472],[133.6985,-3.5907,0.0],[133.7015,-3.592,30.2055],[133.7064,-3.59,10.2007],[133.7064,-3.5973,37.912],[133.712,-3.6083,12.5567],[133.7129,-3.6145,14.201599999999999],[133.7101,-3.6229,25.4949],[133.6992,-3.6397,10.3212],[133.6986,-3.6624,6.4771],[133.6945,-3.6724,1.6899],[133.6956,-3.6747,0.0],[133.7065,-3.676,0.0],[133.7156,-3.668,0.0],[133.7237,-3.666,0.0],[133.7305,-3.6623,0.0],[133.7387,-3.6515,0.0],[133.7409,-3.6523,0.0],[133.7509,-3.6494,0.0],[133.7552,-3.6496,0.0],[133.7646,-3.6628,3.1112],[133.766,-3.673,0.0],[133.7714,-3.673,154.4961],[133.7733,-3.6747,176.7211],[133.776,-3.6853,39.34],[133.785,-3.6944,101.399],[133.7868,-3.6991,0.0],[133.7929,-3.7027,119.2822],[133.7954,-3.7066,0.0],[133.8021,-3.7087,168.846],[133.8036,-3.7137,0.0],[133.8179,-3.7307,0.0],[133.8209,-3.7297,0.0],[133.8232,-3.7185,0.0],[133.8225,-3.7131,0.0],[133.8176,-3.6985,0.0],[133.8115,-3.6919,2.7638],[133.8043,-3.6777,0.0],[133.7962,-3.6519,0.0],[133.7932,-3.6461,0.0],[133.7897,-3.6434,0.0],[133.7906,-3.6327,0.0],[133.7892,-3.6182,0.0],[133.7921,-3.6062,0.0],[133.8083,-3.5879,0.0],[133.8122,-3.581,0.0],[133.8181,-3.576,0.0],[133.8224,-3.5688,0.0038],[133.8399,-3.5595,197.2977],[133.8433,-3.5697,432.707],[133.8424,-3.578,219.1434],[133.8468,-3.6009,330.9868],[133.8417,-3.6148,127.8773],[133.8468,-3.6384,78.3577],[133.8498,-3.6433,101.4591],[133.8617,-3.653,103.3889],[133.8661,-3.6604,0.0],[133.8871,-3.6721,144.4703],[133.8869,-3.6773,100.8532],[133.892,-3.686,0.0],[133.9044,-3.6938,74.6827],[133.9093,-3.7009,165.9988],[133.911,-3.7058,194.7687],[133.9115,-3.7184,118.4773],[133.9156,-3.7223,105.3436],[133.9143,-3.7272,39.8841],[133.9191,-3.7479,17.2168],[133.9237,-3.7503,38.7977],[133.9298,-3.7576,0.0],[133.932,-3.7572,0.0],[133.9321,-3.7547,0.0],[133.9366,-3.7551,138.3775],[133.9361,-3.7604,35.9796],[133.9462,-3.7763,132.8216],[133.9395,-3.7731,61.477],[133.9388,-3.7707,4.8942],[133.9337,-3.7698,18.9826],[133.929,-3.7619,0.0],[133.9213,-3.7557,5.9224],[133.9175,-3.767,218.7317],[133.9165,-3.7846,64.1989],[133.9301,-3.8157,0.0],[133.9343,-3.8167,97.179],[133.933,-3.8227,43.6635],[133.9396,-3.8385,45.5763],[133.9486,-3.8506,0.0],[133.9588,-3.856,58.8101],[133.9596,-3.8598,0.0],[133.9645,-3.8639,0.0],[133.9752,-3.8575,0.0],[133.9754,-3.8555,0.0],[133.9686,-3.8559,41.1139],[133.9677,-3.8497,0.0],[133.9726,-3.8489,52.2193],[133.9779,-3.8448,23.8283],[133.9784,-3.8487,7.8096],[133.9769,-3.8505,0.0],[133.9818,-3.8507,0.0],[133.9832,-3.8363,0.0],[133.9895,-3.8247,58.2447],[133.9919,-3.8243,4.3516],[133.9946,-3.8295,0.0],[134.0073,-3.8099,32.6329],[134.0127,-3.8076,0.0],[134.016,-3.8041,0.0],[134.0212,-3.8028,0.0],[134.0297,-3.793,0.0],[134.0378,-3.7903,0.0],[134.0432,-3.7852,5.7748],[134.0454,-3.786,33.8316],[134.046,-3.788,6.9433],[134.0481,-3.7872,74.7163],[134.0498,-3.789,92.2525],[134.0495,-3.7915,101.8968],[134.0527,-3.7956,94.0771],[134.0516,-3.8028,89.9731],[134.0527,-3.8105,4.4554],[134.0651,-3.8235,0.0],[134.0696,-3.8208,0.0],[134.0708,-3.8228,0.0],[134.073,-3.8226,0.0],[134.0757,-3.8186,0.0],[134.0902,-3.8085,0.0],[134.0926,-3.8038,0.0],[134.1,-3.8019,0.0],[134.1043,-3.7981,0.0],[134.114,-3.7955,0.0],[134.1208,-3.7916,0.0],[134.1181,-3.7875,0.0],[134.1173,-3.7793,0.0],[134.1134,-3.7798,11.3375],[134.1113,-3.7748,0.0],[134.1033,-3.7699,0.0],[134.1038,-3.7678,0.0],[134.1085,-3.7627,0.0],[134.1125,-3.754,0.0],[134.1183,-3.7485,14.0522],[134.119,-3.7508,21.1885],[134.1248,-3.7522,20.7189],[134.126,-3.7543,23.359],[134.1246,-3.7597,8.2928],[134.1275,-3.7639,0.0],[134.132,-3.7641,0.0],[134.1336,-3.763,0.0],[134.1342,-3.7525,0.0],[134.1401,-3.7461,38.3953],[134.1367,-3.7428,2.1339],[134.1225,-3.7362,204.7482],[134.1153,-3.7243,349.0917],[134.1038,-3.7201,52.8103],[134.1023,-3.716,140.5565],[134.0926,-3.7147,75.8951],[134.0755,-3.7015,65.3279],[134.0574,-3.6705,80.9519],[134.0576,-3.6677,73.0684],[134.0686,-3.6519,407.3265],[134.0704,-3.628,758.6415],[134.0885,-3.6142,846.0777],[134.0829,-3.5976,817.9686],[134.0952,-3.5869,751.9137],[134.085,-3.5701,605.4263],[134.0648,-3.5664,559.4064],[134.0642,-3.5423,305.6356],[134.052,-3.5314,218.8279],[134.063,-3.4973,287.4419],[134.0535,-3.5314,226.2315],[134.0648,-3.5408,304.4296],[134.0668,-3.5656,607.937],[134.0849,-3.5685,582.6464],[134.097,-3.5867,727.759],[134.0844,-3.5988,822.3168],[134.0904,-3.6144,922.3025],[134.072,-3.628,704.4838],[134.0704,-3.6528,401.5667],[134.0677,-3.6549,326.2245],[134.0594,-3.6691,90.9036],[134.0762,-3.6999,57.6041],[134.0932,-3.7136,87.7376],[134.1029,-3.7153,140.5565],[134.105,-3.7198,70.9396],[134.1158,-3.7236,349.0917],[134.123,-3.7358,141.315],[134.136,-3.7416,2.1339],[134.1382,-3.7442,33.0374],[134.145,-3.7473,151.5096],[134.1452,-3.7571,98.2136],[134.1487,-3.7621,8.1116],[134.1531,-3.7616,121.868],[134.1543,-3.7679,19.8536],[134.1587,-3.7683,108.9278],[134.1581,-3.7722,23.953],[134.1625,-3.7732,93.5554],[134.1638,-3.7756,72.8856],[134.1637,-3.7785,0.0],[134.1613,-3.7818,0.0],[134.1663,-3.7812,0.0],[134.1714,-3.7746,19.6745],[134.175,-3.7772,86.753],[134.1775,-3.777,141.9588],[134.1723,-3.7903,186.4037],[134.1784,-3.7925,273.0841],[134.173,-3.7983,113.7451],[134.1782,-3.8073,136.4755],[134.177,-3.8123,135.4311],[134.184,-3.8209,97.2395],[134.1819,-3.828,4.7237],[134.1843,-3.8294,0.0],[134.1859,-3.8251,53.5077],[134.1881,-3.8252,86.8365],[134.1946,-3.8311,48.8472],[134.1832,-3.838,59.1292],[134.1659,-3.855,128.9382],[134.1541,-3.8623,25.4898],[134.1498,-3.8707,291.2791],[134.1453,-3.8742,363.0067],[134.1426,-3.8757,402.7552],[134.1356,-3.8755,369.6658],[134.1296,-3.8811,394.2144],[134.1186,-3.8851,187.3735],[134.1067,-3.8936,51.8651],[134.1044,-3.8982,0.0],[134.1067,-3.8988,0.0],[134.1115,-3.8959,29.7368],[134.1102,-3.9061,0.0],[134.1159,-3.9016,13.7251],[134.1185,-3.9081,2.53],[134.1207,-3.908,0.0],[134.1202,-3.9036,2.598],[134.1261,-3.9039,5.1468],[134.1324,-3.901,0.0],[134.1337,-3.8959,29.24],[134.136,-3.8948,36.8308],[134.154,-3.8965,43.3672],[134.1611,-3.9046,13.9842],[134.1659,-3.8992,0.0],[134.1658,-3.8967,0.0],[134.1688,-3.8925,9.1059],[134.1708,-3.9074,100.3624],[134.1737,-3.9109,146.2071],[134.17,-3.9138,34.2151],[134.1688,-3.9168,50.5554],[134.1717,-3.9209,114.2868],[134.1655,-3.9238,43.2303],[134.1732,-3.925,175.5958],[134.1751,-3.9268,197.7157],[134.1754,-3.9323,123.2452],[134.1817,-3.9381,251.2199],[134.1844,-3.9456,82.4964],[134.1938,-3.9541,187.2838],[134.1984,-3.9609,60.1316],[134.2152,-3.9705,122.1024],[134.2395,-3.9805,117.835],[134.2432,-3.9806,9.6384],[134.2475,-3.9786,0.0],[134.2389,-3.9688,0.0],[134.2398,-3.9667,16.3659],[134.2447,-3.9683,188.7617],[134.2619,-3.9856,175.6958],[134.2626,-3.9899,97.5803],[134.2755,-3.9982,117.5961],[134.2802,-4.0031,161.9778],[134.2921,-4.024,79.5423],[134.2894,-4.0321,76.6805],[134.292,-4.0376,43.4819],[134.2908,-4.0415,0.0],[134.2929,-4.0434,19.3194],[134.2978,-4.0437,60.2704],[134.3027,-4.0465,73.5174],[134.3106,-4.0459,97.0394],[134.3176,-4.0428,113.4696],[134.3251,-4.0296,96.0039],[134.3296,-4.0253,1.27],[134.3273,-4.0206,155.8688],[134.3297,-4.0189,102.2234],[134.3327,-4.0243,18.7779],[134.335,-4.0233,0.0],[134.3352,-4.0184,0.0],[134.3275,-4.0078,0.0],[134.3222,-4.0043,105.5574],[134.322,-4.0016,73.1037],[134.3256,-4.0001,0.0],[134.3254,-3.9975,0.0],[134.3116,-3.9841,8.3258],[134.312,-3.9789,0.0],[134.3095,-3.979,0.0],[134.3028,-3.9719,0.0],[134.3004,-3.9688,0.0],[134.3018,-3.9671,0.0],[134.301,-3.9652,0.0],[134.2941,-3.9581,0.0],[134.2893,-3.9577,0.0],[134.2861,-3.9551,0.0],[134.2809,-3.9493,0.0],[134.279,-3.9482,0.0],[134.2749,-3.9494,23.2769],[134.2706,-3.9388,0.0],[134.2715,-3.9324,177.7917],[134.276,-3.9342,96.8781],[134.2861,-3.9347,94.1767],[134.3056,-3.9482,125.30029999999999],[134.3097,-3.9563,10.9364],[134.3235,-3.9633,0.0],[134.3272,-3.9618,46.8226],[134.3364,-3.9652,12.6551],[134.3376,-3.9634,18.8699],[134.3393,-3.9651,31.0112],[134.3481,-3.9625,14.9014],[134.3513,-3.9653,0.0],[134.3532,-3.964,0.0],[134.353,-3.9589,22.9344],[134.3578,-3.9546,0.0],[134.3605,-3.9445,0.0],[134.3547,-3.9396,0.0],[134.3517,-3.9333,0.0],[134.3507,-3.9182,0.0],[134.3496,-3.9157,11.5789],[134.3457,-3.9133,0.0],[134.346,-3.911,61.3901],[134.3564,-3.9168,42.734],[134.3619,-3.9171,0.0],[134.3623,-3.9151,0.0],[134.3406,-3.8992,0.0],[134.338,-3.8957,0.0],[134.3294,-3.8924,5.7687],[134.3293,-3.8892,0.0],[134.3272,-3.8869,0.0],[134.3211,-3.8831,4.374],[134.3268,-3.8841,0.0],[134.3287,-3.8829,0.0],[134.3286,-3.8807,8.4323],[134.3352,-3.8775,20.9483],[134.3454,-3.8821,91.5276],[134.3518,-3.8932,19.1612],[134.3722,-3.9013,49.88],[134.3826,-3.909,24.1361],[134.3941,-3.91,48.6702],[134.3927,-3.913,63.764],[134.4034,-3.9183,22.4834],[134.4107,-3.9203,0.0],[134.4113,-3.916,15.5618],[134.4181,-3.9144,16.7894],[134.421,-3.9168,5.1325],[134.4276,-3.9181,2.7566],[134.4337,-3.9152,27.0356],[134.4405,-3.9167,13.1206],[134.446,-3.9255,17.587],[134.4464,-3.9298,15.1039],[134.455,-3.9313,14.6391],[134.4563,-3.9332,17.6517],[134.454,-3.9385,17.2893],[134.4561,-3.9459,0.5],[134.4578,-3.9479,9.8384],[134.4623,-3.9477,10.3224],[134.4664,-3.9497,10.6506],[134.4658,-3.9553,8.7351],[134.4772,-3.9657,14.0864],[134.4781,-3.9743,19.5729],[134.477,-3.9805,53.3825],[134.4753,-3.9821,46.9328],[134.4692,-3.9824,0.0],[134.452,-3.9761,0.0],[134.4498,-3.9773,0.0],[134.4512,-3.9821,46.805],[134.4546,-3.9845,76.1611],[134.4571,-3.984,76.0186],[134.461,-3.9893,74.9675],[134.4694,-3.9936,139.1765],[134.4704,-3.9981,107.9713],[134.474,-4.0021,21.8973],[134.4835,-4.0045,110.6228],[134.4891,-4.0105,114.4331],[134.5039,-4.0136,179.0576],[134.5024,-4.0173,159.3063],[134.5037,-4.0221,104.917],[134.5006,-4.0245,62.7558],[134.496,-4.025,0.0],[134.5111,-4.0414,117.3081],[134.5192,-4.0361,311.7621],[134.5269,-4.0372,296.4305],[134.5322,-4.0363,13.0153],[134.5416,-4.0272,125.7088],[134.5431,-4.0315,43.0992],[134.5462,-4.0327,88.9968],[134.5482,-4.0211,168.2645],[134.5569,-4.0082,141.9863],[134.5667,-4.0058,123.8987],[134.5736,-3.9971,38.7847],[134.5813,-3.9951,70.7086],[134.5845,-3.9959,93.0397],[134.5871,-3.9996,86.3692],[134.6055,-3.9962,60.5554],[134.6125,-3.9871,0.0],[134.6148,-3.9812,0.0],[134.6146,-3.9747,0.0],[134.6111,-3.9692,2.4503],[134.6125,-3.9664,7.9381],[134.6176,-3.9652,64.7802],[134.6197,-3.9616,45.4367],[134.6243,-3.9617,17.5649],[134.6254,-3.9599,0.0],[134.6226,-3.9551,74.8441],[134.625,-3.9498,101.805],[134.6333,-3.9441,187.6121],[134.6377,-3.9431,168.8903],[134.6454,-3.9444,146.557],[134.657,-3.9369,438.8882],[134.6647,-3.9345,13.4146],[134.6645,-3.9321,0.0],[134.6626,-3.9308,0.0],[134.6513,-3.9274,28.5058],[134.6513,-3.9247,64.5684],[134.6555,-3.9212,316.4547],[134.6727,-3.9172,219.813],[134.6848,-3.9202,64.6115],[134.6922,-3.916,240.6792],[134.6978,-3.9176,67.7957],[134.705,-3.9169,135.0911],[134.7273,-3.9323,9.7272],[134.7361,-3.9361,19.1436],[134.7476,-3.9185,4.8569],[134.7555,-3.9138,11.6507],[134.7661,-3.9135,15.746],[134.781,-3.9183,9.0533],[134.7896,-3.9227,15.5332],[134.801,-3.9315,3.1973],[134.8263,-3.9367,108.4844],[134.8435,-3.9367,170.2989],[134.8476,-3.9392,127.469],[134.8573,-3.9373,211.2404],[134.8737,-3.9475,7.6261],[134.8824,-3.9403,168.7355],[134.8833,-3.937,120.3713],[134.882,-3.9337,49.789],[134.883,-3.9304,107.0167],[134.885,-3.9294,116.4298],[134.8937,-3.9344,4.7535],[134.9048,-3.9364,10.8259],[134.9112,-3.9357,51.9779],[134.9205,-3.9307,101.7727],[134.931,-3.9315,19.6999],[134.9297,-3.9341,8.9552],[134.9264,-3.9358,1.8866],[134.9227,-3.9353,0.0],[134.9225,-3.9326,33.1842],[134.9198,-3.9334,5.1922],[134.9141,-3.9406,0.9839],[134.9074,-3.9446,13.2101],[134.9048,-3.9523,0.0],[134.9099,-3.9597,5.0291],[134.9224,-3.9584,170.8647],[134.9302,-3.9528,337.6295],[134.9418,-3.9499,211.1729],[134.9505,-3.9505,163.8965],[134.9573,-3.9442,362.598],[134.9594,-3.9442,322.4354],[134.9688,-3.9506,8.4585],[134.9688,-3.9552,0.0],[134.9666,-3.9592,0.0],[134.9449,-3.966,0.0],[134.9428,-3.9687,0.0],[134.9475,-3.9746,0.0],[134.9459,-3.9788,0.0],[134.9294,-3.9779,0.0],[134.9206,-3.9826,1.6488],[134.913,-3.978,0.0],[134.9078,-3.9768,0.0],[134.9037,-3.9779,0.0],[134.8902,-3.9722,0.0],[134.8838,-3.9738,0.0],[134.8671,-3.9727,0.0],[134.864,-3.9769,7.4195],[134.8643,-3.9792,10.2567],[134.8611,-3.9785,13.0869],[134.863,-3.9698,4.9438],[134.8582,-3.9646,10.5248],[134.8596,-3.9597,8.5382],[134.8565,-3.9481,0.0],[134.8323,-3.9506,1.7448],[134.8266,-3.9471,0.0],[134.8128,-3.9446,0.0],[134.8053,-3.9393,0.0],[134.784,-3.9363,0.0],[134.7614,-3.9304,0.0],[134.7562,-3.9321,0.0],[134.7501,-3.9399,0.0],[134.742,-3.9425,0.0],[134.7339,-3.9506,35.5921],[134.7242,-3.9565,9.7896],[134.7198,-3.9537,52.341],[134.6949,-3.9624,17.4765],[134.6903,-3.9662,0.0],[134.6827,-3.9657,0.0],[134.6779,-3.9759,0.0],[134.6755,-3.9779,0.0],[134.6576,-3.9799,0.0],[134.657,-3.9827,0.0],[134.6646,-3.9959,0.0],[134.6684,-4.01,0.0],[134.6675,-4.0189,0.0],[134.664,-4.0243,0.0],[134.6633,-4.0338,0.0],[134.6652,-4.0363,0.0],[134.6733,-4.0395,5.2323],[134.6714,-4.0423,0.0],[134.6767,-4.0461,0.0],[134.6819,-4.0535,0.0],[134.6925,-4.0555,0.0],[134.7073,-4.0532,1.6021],[134.7189,-4.0564,0.0],[134.7151,-4.061,0.0],[134.7101,-4.0619,0.0],[134.7108,-4.0668,19.0261],[134.7077,-4.0674,15.6976],[134.7068,-4.0649,0.0],[134.7014,-4.0678,0.0],[134.6982,-4.0677,4.9573],[134.6977,-4.0704,16.6824],[134.6957,-4.0692,21.6628],[134.6931,-4.0703,14.7948],[134.6936,-4.0678,12.8665],[134.686,-4.0667,0.0],[134.6795,-4.0734,4.672],[134.657,-4.0804,16.181],[134.6531,-4.0807,0.0],[134.6521,-4.0743,0.0],[134.6484,-4.082,1.2321],[134.6429,-4.0879,0.0],[134.6352,-4.0922,0.0],[134.6331,-4.1052,0.0],[134.6289,-4.1126,0.0],[134.622,-4.1183,0.0],[134.6305,-4.1206,0.0],[134.6485,-4.1347,0.0],[134.6614,-4.1344,0.0],[134.6726,-4.139,0.0],[134.6825,-4.1403,0.0],[134.6976,-4.1408,3.0728],[134.7063,-4.1378,8.9809],[134.708,-4.1394,0.0],[134.708,-4.1434,0.0],[134.7115,-4.1514,0.0],[134.7138,-4.1532,0.0],[134.7156,-4.1579,0.1464],[134.7151,-4.1639,0.0],[134.7207,-4.1739,0.0],[134.7224,-4.1866,0.0],[134.7194,-4.1983,0.0],[134.7275,-4.2011,0.8787],[134.736,-4.1979,13.8388],[134.7366,-4.2007,1.3035],[134.7344,-4.2053,4.5291],[134.7374,-4.2074,0.0],[134.7433,-4.2076,0.5769],[134.7506,-4.2046,3.1265],[134.7594,-4.2065,0.5679],[134.768,-4.216,0.0],[134.7731,-4.2281,0.0],[134.7869,-4.2364,0.0],[134.7959,-4.2382,0.0],[134.7995,-4.2364,0.0],[134.8081,-4.2436,0.0],[134.8096,-4.2457,0.0],[134.8096,-4.2518,0.0],[134.8117,-4.2527,0.0],[134.8158,-4.2532,0.0],[134.8174,-4.2504,93.2759],[134.8255,-4.2549,0.0],[134.8309,-4.2554,0.0],[134.8477,-4.25,50.9625],[134.8571,-4.2543,0.0],[134.8638,-4.2515,72.8459],[134.8699,-4.2518,2.3217],[134.8748,-4.2467,82.2742],[134.8899,-4.2215,814.3367],[134.9232,-4.1831,218.4502],[134.9794,-4.1302,86.4789],[135.0021,-4.1058,85.504],[135.0263,-4.0753,33.6788],[135.0499,-4.0415,134.8568],[135.1141,-3.9417,45.239],[135.1771,-3.8515,1013.6964],[135.258,-3.7519,1408.8274],[135.1636,-3.7268,300.914],[135.1173,-3.7031,137.8038],[135.0445,-3.6754,177.1767],[134.9837,-3.6562,88.6343],[134.8887,-3.631,56.3585],[134.7483,-3.5797,481.7455],[134.6359,-3.5426,254.3102],[134.7268,-3.4086,659.4913],[134.7259,-3.3638,1184.5703],[134.7035,-3.3455,999.0455],[134.6298,-2.7416,278.91],[134.6309,-2.7416,278.91],[134.6244,-2.6997,716.3862],[134.5988,-2.4891,10.4048],[134.5705,-2.4764,37.8126],[134.5698,-2.4726,0.0],[134.5719,-2.4646,0.0],[134.5676,-2.4617,16.4461],[134.5666,-2.4591,56.8145],[134.5593,-2.4574,52.8873],[134.5565,-2.4584,90.0611],[134.5307,-2.452,0.0],[134.5299,-2.4539,0.0],[134.5329,-2.4572,20.5595],[134.5324,-2.4605,0.0],[134.5339,-2.4628,0.0],[134.5442,-2.4671,0.0],[134.5503,-2.4723,0.0],[134.5511,-2.4749,10.1573],[134.5456,-2.4751,17.8781],[134.5378,-2.471,80.5557],[134.5276,-2.4705,91.3059],[134.5211,-2.4673,80.8644],[134.5187,-2.4675,45.3524],[134.5143,-2.4715,26.442],[134.5129,-2.4775,0.0],[134.5159,-2.4793,0.0],[134.5202,-2.476,0.0],[134.5226,-2.476,0.0],[134.5354,-2.4811,0.0],[134.5455,-2.4777,0.0],[134.5564,-2.4782,0.0],[134.5613,-2.4813,0.0],[134.5695,-2.4827,12.4814],[134.5676,-2.4876,31.1816],[134.5653,-2.489,69.8902],[134.5571,-2.4855,73.8605],[134.551,-2.4851,90.264],[134.5474,-2.4897,0.0],[134.5531,-2.4926,0.0],[134.5526,-2.4951,23.7101],[134.5502,-2.4959,39.9006],[134.5375,-2.4881,45.5472],[134.517,-2.4855,99.8319],[134.5119,-2.4861,2.0971],[134.4873,-2.5097,28.5816],[134.4857,-2.5126,0.0],[134.4896,-2.5169,69.8529],[134.4839,-2.5178,0.0],[134.4731,-2.5271,0.0],[134.4642,-2.5491,0.0],[134.4622,-2.5517,1.3718],[134.4595,-2.5521,0.0],[134.4631,-2.5575,0.0],[134.459,-2.5716,0.0],[134.4596,-2.594,0.0],[134.4637,-2.5997,0.0],[134.4702,-2.6022,0.0],[134.4725,-2.6068,0.0],[134.4739,-2.6141,11.1462],[134.4688,-2.619,0.0],[134.4687,-2.6214,0.0],[134.4693,-2.6273,0.0],[134.4726,-2.6351,6.3764],[134.4721,-2.642,0.0],[134.4741,-2.6462,0.0],[134.4846,-2.6571,0.0],[134.4916,-2.6596,0.0],[134.4935,-2.6626,0.0],[134.4957,-2.6779,0.0],[134.4919,-2.6827,0.0],[134.4906,-2.6883,0.0],[134.4973,-2.6976,0.0],[134.498,-2.7008,0.0],[134.4946,-2.7154,0.0],[134.4981,-2.7249,0.0],[134.5083,-2.736,0.0],[134.5023,-2.7538,0.0],[134.5027,-2.7587,0.0],[134.5059,-2.7669,0.0],[134.5137,-2.7725,0.0],[134.5126,-2.7822,0.0],[134.521,-2.7974,0.0],[134.517,-2.8136,0.0],[134.5175,-2.8203,0.0],[134.5107,-2.8429,21.6343],[134.5089,-2.8374,0.0],[134.4981,-2.8469,6.373],[134.4975,-2.849,6.9082],[134.5,-2.8495,13.0466],[134.4966,-2.8526,23.3379],[134.4941,-2.8539,15.4382],[134.4881,-2.8522,0.0],[134.4876,-2.8545,0.0],[134.4901,-2.8583,6.1082],[134.4962,-2.8638,21.9574],[134.4948,-2.8673,22.1377],[134.4894,-2.8637,24.0854],[134.4848,-2.863,18.6109],[134.4818,-2.8659,19.8308],[134.4754,-2.8675,34.4935],[134.4637,-2.8686,16.6225],[134.4556,-2.8671,26.0969],[134.4523,-2.8576,24.817],[134.4439,-2.8496,23.4434],[134.4469,-2.8472,0.0],[134.4488,-2.843,0.0],[134.4492,-2.8377,0.0],[134.4476,-2.8335,9.7916],[134.4493,-2.8231,0.0],[134.4467,-2.8179,72.1621],[134.4486,-2.8164,5.4206],[134.4484,-2.8141,0.0],[134.4504,-2.8135,0.0],[134.4539,-2.8168,0.0],[134.4564,-2.8168,0.0],[134.4565,-2.8146,0.0],[134.4521,-2.811,25.2575],[134.4407,-2.8091,22.4798],[134.4344,-2.7987,48.7136],[134.4291,-2.7952,46.4489],[134.4265,-2.8,116.7124],[134.4246,-2.7942,72.5397],[134.4248,-2.7837,0.0],[134.4229,-2.779,54.0749],[134.4153,-2.7736,73.3221],[134.4085,-2.7726,85.6091],[134.4074,-2.7704,90.3515],[134.4119,-2.7548,0.0],[134.4108,-2.7496,0.0],[134.4043,-2.7377,0.0],[134.4045,-2.7327,0.0],[134.4084,-2.723,3.9298],[134.4063,-2.7201,48.3902],[134.4,-2.7237,23.909],[134.3954,-2.7113,5.518],[134.3809,-2.6963,47.9921],[134.3884,-2.6964,0.0],[134.3797,-2.6764,18.5125],[134.3724,-2.6772,68.3972],[134.3709,-2.6729,0.0],[134.3677,-2.6697,5.4076],[134.3674,-2.661,0.0],[134.3744,-2.6544,0.0],[134.3755,-2.6475,7.6281],[134.367,-2.6485,26.2928],[134.3611,-2.6431,22.2013],[134.3574,-2.6359,0.0],[134.3537,-2.6334,9.6414],[134.3549,-2.6309,1.9275],[134.3509,-2.6297,32.7277],[134.3508,-2.627,23.589],[134.3603,-2.6254,0.0],[134.3605,-2.6211,0.0],[134.3518,-2.6161,24.6221],[134.3498,-2.6087,0.0],[134.3417,-2.6075,34.693],[134.3417,-2.6007,1.8379],[134.3367,-2.5935,12.1423],[134.3351,-2.5883,0.0],[134.3273,-2.587,57.1061],[134.3232,-2.5905,35.817],[134.3202,-2.591,38.6961],[134.3192,-2.5879,18.6555],[134.3204,-2.5833,0.0],[134.3226,-2.5822,0.0],[134.3334,-2.5841,0.0],[134.3368,-2.5809,0.0],[134.34,-2.5813,0.0],[134.3417,-2.5787,0.0],[134.3372,-2.5752,52.7185],[134.3326,-2.568,89.2938],[134.3345,-2.5588,0.0],[134.3385,-2.5594,0.0],[134.3408,-2.5551,0.0],[134.3332,-2.55,64.9673],[134.3284,-2.5492,57.5722],[134.3277,-2.5464,37.9844],[134.3258,-2.5456,14.4982],[134.3253,-2.5478,25.5301],[134.3204,-2.5474,36.5907],[134.3206,-2.5454,20.8309],[134.3187,-2.5439,39.8357],[134.3209,-2.541,5.6097],[134.3113,-2.5368,75.3484],[134.3146,-2.5338,1.7422],[134.3191,-2.5353,0.0],[134.3216,-2.5323,0.0],[134.321,-2.5289,21.9742],[134.312,-2.519,0.0],[134.3015,-2.5214,91.1223],[134.2959,-2.5207,110.5728],[134.287,-2.5222,64.2261],[134.2899,-2.5189,104.7533],[134.3106,-2.516,12.7228],[134.3149,-2.5127,4.3984],[134.3176,-2.5149,0.0],[134.3196,-2.514,0.0],[134.3195,-2.5092,35.3782],[134.3007,-2.5083,72.0453],[134.2987,-2.5072,59.8552],[134.2967,-2.4967,0.0],[134.2937,-2.4976,34.9342],[134.2907,-2.496,28.1709],[134.2906,-2.4896,0.0],[134.2853,-2.4869,106.1745],[134.2842,-2.4845,46.0218],[134.2804,-2.4847,103.4753],[134.2804,-2.4803,0.0],[134.2754,-2.4789,55.7385],[134.2676,-2.4824,67.4485],[134.2649,-2.481,70.8631],[134.2662,-2.4793,84.9115],[134.2722,-2.4784,128.3704],[134.2756,-2.4742,0.0],[134.2766,-2.469,10.1278],[134.2716,-2.4643,57.7021],[134.2693,-2.4644,53.2486],[134.268,-2.4681,13.6651],[134.2661,-2.4662,8.2649],[134.2655,-2.4642,20.3691],[134.2687,-2.4598,0.0],[134.2681,-2.452,8.3111],[134.2658,-2.4518,29.2309],[134.2636,-2.4548,55.1592],[134.2605,-2.4552,74.8065],[134.2586,-2.446,5.1069],[134.2627,-2.4399,0.0],[134.2624,-2.4356,4.9791],[134.2538,-2.4303,65.2197],[134.2501,-2.4334,11.4436],[134.2485,-2.4428,28.2086],[134.2448,-2.4429,21.8668],[134.2403,-2.434,0.0],[134.2307,-2.426,6.496],[134.2255,-2.4241,38.7963],[134.2156,-2.4238,19.4134],[134.2145,-2.4189,7.2329],[134.2079,-2.4073,0.0],[134.203,-2.403,61.5273],[134.2027,-2.401,50.8961],[134.2059,-2.398,0.0],[134.2024,-2.3942,14.35],[134.2051,-2.3877,0.0],[134.2045,-2.3826,3.0254],[134.2025,-2.3833,72.3728],[134.1989,-2.3897,0.0],[134.1968,-2.3889,155.364],[134.1965,-2.3819,0.0],[134.1942,-2.3807,9.2381],[134.1934,-2.3769,0.0],[134.1931,-2.3688,0.0],[134.1875,-2.3645,33.0496],[134.1858,-2.3581,0.0],[134.1824,-2.3608,29.5687],[134.1764,-2.3554,0.0],[134.1742,-2.3233,0.0],[134.1633,-2.3125,5.9757],[134.16,-2.3007,0.0],[134.1572,-2.2966,13.572],[134.1587,-2.2894,0.0],[134.1548,-2.2781,6.7087],[134.1583,-2.2697,0.0],[134.1567,-2.2646,0.0],[134.1525,-2.259,0.0],[134.1555,-2.2563,0.0],[134.1601,-2.2559,0.0],[134.1594,-2.2539,0.0],[134.1529,-2.253,6.3291],[134.152,-2.2505,0.0],[134.1574,-2.2474,0.0],[134.1563,-2.2456,0.0],[134.1513,-2.2449,34.9715],[134.1488,-2.2426,24.7631],[134.1396,-2.2415,204.6255],[134.1389,-2.239,36.7521],[134.1396,-2.234,0.0],[134.1377,-2.2292,0.0],[134.1467,-2.2283,0.0],[134.1475,-2.225,0.0],[134.1404,-2.223,25.7251],[134.1368,-2.2174,0.0],[134.1422,-2.2159,0.0],[134.1494,-2.2036,0.0],[134.1496,-2.1995,0.0],[134.1482,-2.1975,0.0],[134.1435,-2.1964,106.8407],[134.1428,-2.1944,69.6031],[134.147,-2.1936,0.0],[134.1474,-2.1913,0.0],[134.144,-2.1807,0.0],[134.1478,-2.1759,0.0],[134.1477,-2.1729,0.0],[134.1468,-2.1703,0.0],[134.142,-2.1695,73.9761],[134.1433,-2.1674,0.0],[134.1455,-2.1672,0.0],[134.1454,-2.1587,0.0],[134.1413,-2.1566,0.0],[134.1294,-2.1562,79.22],[134.1278,-2.1576,74.8007],[134.1279,-2.1601,154.3698],[134.1312,-2.1674,107.5467],[134.1299,-2.1691,177.5175],[134.1235,-2.1693,130.9158],[134.1209,-2.1638,0.0],[134.1184,-2.1437,0.0],[134.1146,-2.1287,0.0],[134.1167,-2.1143,0.0],[134.115,-2.1096,5.3218],[134.108,-2.1036,90.0465],[134.1069,-2.1008,7.4004],[134.1083,-2.0985,0.0],[134.1135,-2.1009,0.0],[134.1147,-2.0988,0.0],[134.1043,-2.0742,3.6147],[134.1072,-2.0615,0.0],[134.1042,-2.0529,0.0],[134.1073,-2.0502,0.0],[134.1098,-2.0442,0.0],[134.1177,-2.0402,0.0],[134.1199,-2.0419,0.0],[134.1214,-2.0398,0.0],[134.1212,-2.0286,0.0],[134.123,-2.0257,0.0],[134.1251,-2.0264,26.8487],[134.128,-2.0326,0.0],[134.1317,-2.0309,0.0],[134.1303,-2.0199,0.0],[134.1313,-2.0174,0.0],[134.1389,-2.0103,0.0],[134.1424,-2.0027,0.0],[134.1401,-1.983,5.264],[134.1363,-1.9764,79.0842],[134.1384,-1.9664,5.3799],[134.1451,-1.9673,0.0],[134.1446,-1.9698,0.0],[134.1463,-1.972,13.4364],[134.1518,-1.9705,4.1633],[134.1537,-1.966,25.6441],[134.1528,-1.9634,25.0734],[134.1473,-1.9629,19.5699],[134.146,-1.9608,2.8328],[134.1416,-1.9606,5.3448],[134.1384,-1.9638,11.4069],[134.1345,-1.9568,96.1314],[134.1362,-1.9462,67.0749],[134.133,-1.9276,2.1441],[134.1278,-1.9135,23.4905],[134.121,-1.8853,3.0367],[134.1224,-1.8767,29.3179],[134.1206,-1.8752,16.9876],[134.1226,-1.8715,8.5918],[134.1216,-1.8643,0.0],[134.1198,-1.8628,0.8947],[134.118,-1.8637,0.0],[134.114,-1.8684,21.761],[134.1074,-1.8678,7.6024],[134.1064,-1.8632,6.32],[134.1017,-1.8621,47.5915],[134.1036,-1.8559,17.4998],[134.1024,-1.8538,4.1123],[134.1039,-1.852,20.4861],[134.1069,-1.852,4.411],[134.0996,-1.8339,10.8393],[134.1027,-1.8156,0.0],[134.0991,-1.8046,75.4832],[134.1008,-1.7969,56.8565],[134.0968,-1.7914,0.0],[134.099,-1.7832,22.4935],[134.0985,-1.7732,12.2856],[134.1001,-1.7669,81.7531],[134.0929,-1.7682,268.7972],[134.0891,-1.7067,0.0],[134.0808,-1.6598,30.1985],[134.0752,-1.658,22.9194],[134.0707,-1.6586,17.5036],[134.0697,-1.6564,0.9312],[134.0705,-1.6533,0.0],[134.0754,-1.6492,0.0],[134.0881,-1.6465,0.0],[134.0928,-1.6439,24.4178],[134.0941,-1.641,2.3559],[134.1,-1.6401,1.6748],[134.1016,-1.6351,51.5454],[134.1062,-1.6384,5.6714],[134.117,-1.6387,9.8215],[134.121,-1.6363,0.0],[134.1307,-1.6232,7.3164],[134.1446,-1.5975,9.6025],[134.1659,-1.582,0.0],[134.1765,-1.5683,0.0],[134.1821,-1.5645,0.0],[134.1834,-1.556,4.0887],[134.1881,-1.5597,0.0],[134.1897,-1.5582,0.0],[134.1906,-1.5559,0.0],[134.1885,-1.5519,6.1798],[134.1903,-1.5438,17.3559],[134.1925,-1.5439,2.1992],[134.1958,-1.548,0.6701],[134.1989,-1.548,0.7914],[134.1991,-1.546,5.1783],[134.1957,-1.5435,6.5346],[134.1991,-1.5343,2.6993],[134.201,-1.5223,5.6899],[134.2092,-1.5092,0.0],[134.2115,-1.4996,0.0],[134.2099,-1.4915,0.0],[134.1982,-1.4642,9.4871],[134.1987,-1.4538,13.3607],[134.2113,-1.4334,0.0],[134.2128,-1.4159,48.7636],[134.2154,-1.4062,0.0],[134.2241,-1.3895,10.3786],[134.2291,-1.3759,9.3391],[134.2409,-1.3584,13.6412],[134.2467,-1.3526,18.6607],[134.2561,-1.3482,10.7626],[134.2642,-1.3407,11.5614],[134.2695,-1.3416,9.6388],[134.274,-1.3498,8.8508],[134.2768,-1.351,10.8746],[134.2797,-1.3446,0.0],[134.2758,-1.3317,0.0],[134.2559,-1.3181,0.0],[134.2493,-1.3111,0.0],[134.2458,-1.3001,0.0],[134.2462,-1.2899,0.0],[134.2348,-1.2779,0.0],[134.2245,-1.2637,0.0],[134.2146,-1.2446,0.0],[134.2077,-1.2348,0.0],[134.2041,-1.2275,0.0],[134.2034,-1.2128,0.0],[134.2006,-1.207,0.0],[134.1926,-1.1972,0.0],[134.1857,-1.1915,0.0],[134.1765,-1.1887,0.0],[134.1695,-1.183,0.0],[134.1598,-1.1788,0.0],[134.1451,-1.1645,0.0],[134.133,-1.1484,0.0],[134.1301,-1.1494,0.0],[134.1057,-1.1264,0.0],[134.1039,-1.1234,0.0],[134.1052,-1.11,0.0],[134.0991,-1.0977,0.0],[134.0847,-1.086,0.0],[134.0735,-1.0692,0.0],[134.072,-1.0596,0.0],[134.075,-1.0389,0.0],[134.0734,-1.0271,0.0],[134.0709,-1.0211,0.0],[134.0652,-1.0144,0.0],[134.0459,-1.0027,0.0],[134.0388,-0.9931,0.0],[134.0367,-0.9852,0.0],[134.0251,-0.9788,0.0],[134.0149,-0.9659,0.0],[134.0103,-0.9572,0.0],[134.0108,-0.9449,0.5505],[134.0208,-0.9291,5.7838],[134.0409,-0.9279,26.0964],[134.0442,-0.9248,9.6268],[134.0455,-0.9187,0.18],[134.0424,-0.9119,0.0],[134.0399,-0.9108,2.4144],[134.0403,-0.9041,2.6402],[134.0388,-0.9017,0.0],[134.0392,-0.8996,3.6432],[134.0496,-0.9022,0.0],[134.0541,-0.8965,0.0],[134.0549,-0.8911,0.0],[134.05,-0.8808,0.8201],[134.0501,-0.8693,2.1906],[134.0547,-0.8675,1.8971],[134.0639,-0.8761,3.0054],[134.0692,-0.8758,0.0],[134.0685,-0.8716,0.0],[134.0662,-0.8707,8.0556],[134.0693,-0.8706,0.0],[134.0688,-0.8669,0.8253],[134.067,-0.8654,6.12],[134.069,-0.8586,0.9068],[134.0713,-0.8611,5.4631],[134.071,-0.8659,0.0],[134.0765,-0.8691,5.3722],[134.0782,-0.8734,0.0],[134.0893,-0.8788,2.8416],[134.0992,-0.8781,0.0],[134.1006,-0.8736,0.0],[134.1053,-0.8731,0.0],[134.1088,-0.87,2.7554],[134.1136,-0.8716,4.7689],[134.1161,-0.876,0.0],[134.1188,-0.8752,19.5228],[134.1161,-0.8767,1.2496],[134.1164,-0.8788,0.0],[134.1205,-0.8803,1.7411],[134.1247,-0.8799,0.0],[134.1289,-0.877,0.0],[134.1333,-0.8719,0.0],[134.1316,-0.87,9.4733],[134.1335,-0.872,0.0],[134.1357,-0.8694,1.2046],[134.1367,-0.8639,10.5205],[134.1338,-0.8618,7.4789],[134.1304,-0.8647,16.1289],[134.1264,-0.8622,6.3111],[134.1259,-0.8559,0.0],[134.1048,-0.8423,0.0],[134.0851,-0.8222,0.0],[134.0826,-0.8135,6.0113],[134.0792,-0.8142,0.0],[134.0595,-0.8094,0.0],[134.0413,-0.8032,8.5312],[134.0322,-0.797,0.0],[134.0277,-0.7897,9.744],[134.0146,-0.7817,3.6251],[134.0039,-0.7726,3.7647],[133.9924,-0.7587,0.0],[133.9931,-0.7579,0.0],[133.9896,-0.7555,0.0],[133.9826,-0.7419,6.1412],[133.9857,-0.732,4.7441],[133.9776,-0.7259,3.0358],[133.9775,-0.7236,0.0],[133.9734,-0.7198,6.5043],[133.969,-0.7232,17.0484],[133.965,-0.7232,10.6705],[133.9641,-0.7187,6.8228],[133.9611,-0.7203,8.0864],[133.9502,-0.7138,4.2485],[133.946,-0.7139,7.8608],[133.9412,-0.7166,9.999],[133.936,-0.7293,12.823],[133.9327,-0.7331,11.0091],[133.9285,-0.7328,2.2817],[133.9222,-0.7215,2.9405],[133.9144,-0.7202,3.7263],[133.9082,-0.7224,0.0733],[133.9041,-0.7274,1.2784],[133.899,-0.7272,4.1398],[133.8961,-0.725,5.2547],[133.8924,-0.7184,0.0],[133.8815,-0.7141,0.0],[133.8767,-0.7138,4.7331],[133.8651,-0.7199,0.0],[133.8666,-0.7249,20.7846],[133.8619,-0.7257,0.0],[133.8628,-0.7292,0.4436],[133.8577,-0.7311,9.5333],[133.8533,-0.7306,0.0],[133.8513,-0.7277,0.0],[133.8495,-0.7328,16.5283],[133.8384,-0.7329,0.0],[133.8326,-0.7351,56.4461],[133.818,-0.747,0.0],[133.813,-0.7475,0.0],[133.8073,-0.7461,4.8011],[133.7997,-0.7394,0.0],[133.7974,-0.7272,4.2879],[133.7953,-0.7249,12.8869],[133.7909,-0.7277,1.3019],[133.789,-0.7251,0.0],[133.7859,-0.7248,2.361],[133.7826,-0.7271,7.3509],[133.7776,-0.7224,0.0],[133.7774,-0.7294,19.0339],[133.7729,-0.7302,5.712],[133.7704,-0.7287,0.0],[133.7639,-0.7287,0.0],[133.7591,-0.7273,17.2538],[133.7615,-0.7223,0.0],[133.7544,-0.7178,0.0],[133.7496,-0.7185,0.0],[133.7481,-0.7207,0.0],[133.744,-0.7216,13.7167],[133.7429,-0.7193,0.0],[133.74,-0.7183,0.0876],[133.7299,-0.722,11.7379],[133.7296,-0.7231,0.0],[133.7366,-0.7261,31.6078],[133.7379,-0.7315,0.0],[133.7327,-0.7419,0.0],[133.7278,-0.7469,0.0],[133.7196,-0.7507,0.0],[133.709,-0.7468,0.9781],[133.6608,-0.7378,12.6507],[133.6361,-0.7351,3.7274],[133.6257,-0.738,11.6966],[133.6055,-0.7346,7.3177],[133.5829,-0.7267,10.3041],[133.5798,-0.723,0.0],[133.5795,-0.7204,0.0],[133.5777,-0.7207,0.0],[133.5772,-0.7243,3.1806],[133.5746,-0.7246,17.0378],[133.5729,-0.7203,2.3181],[133.5714,-0.72,2.3181],[133.5654,-0.7216,0.0],[133.5647,-0.7239,0.0],[133.569,-0.7298,4.3835],[133.5683,-0.7379,1.0268],[133.5506,-0.7456,0.5],[133.5506,-0.747,14.2969],[133.5502,-0.7456,0.5],[133.5285,-0.7478,2.0137],[133.5086,-0.7443,5.7393],[133.5066,-0.7477,20.0761],[133.5083,-0.7435,5.7393],[133.4969,-0.7413,13.8286],[133.4525,-0.7404,11.5483],[133.4183,-0.7364,0.0],[133.3927,-0.7408,5.0576],[133.3865,-0.7372,0.0],[133.3737,-0.725,0.0],[133.3499,-0.7149,19.081],[133.3215,-0.6986,8.3505],[133.29,-0.6606,0.0],[133.2722,-0.6506,3.0691],[133.2497,-0.6275,52.8257],[133.2471,-0.6189,2.3498],[133.2386,-0.612,3.1301],[133.237,-0.6086,0.0],[133.2259,-0.6003,0.0],[133.1792,-0.5848,37.0004],[133.1736,-0.5806,1.0607],[133.1721,-0.5775,0.0],[133.1628,-0.5722,8.5813],[133.1583,-0.567,2.7786],[133.1593,-0.5536,2.335],[133.1516,-0.5462,0.0],[133.1447,-0.5436,7.4626],[133.1273,-0.545,0.0],[133.1228,-0.5532,12.5821],[133.1121,-0.5514,4.5563],[133.1078,-0.5483,1.3153],[133.0961,-0.5455,0.0],[133.087,-0.5382,0.0],[133.0816,-0.5284,1.8138],[133.0815,-0.5172,0.0],[133.0727,-0.5167,12.2272],[133.0706,-0.5172,6.7722],[133.0707,-0.5199,27.6962],[133.0699,-0.516,0.0],[133.0592,-0.5194,0.0],[133.0515,-0.5189,2.1518],[133.05,-0.5158,0.0],[133.047,-0.5155,0.0],[133.0415,-0.5205,15.412],[133.0372,-0.5212,1.4367],[133.0308,-0.5194,0.0],[133.0246,-0.5132,0.0],[133.0162,-0.5295,48.4225],[133.007,-0.502,26.8505],[132.9995,-0.4916,0.0],[133.0024,-0.4816,0.0],[132.9851,-0.4807,0.0],[132.9714,-0.476,0.0],[132.9619,-0.4745,5.9274],[132.9697,-0.4523,0.0],[132.962,-0.4405,0.0],[132.9562,-0.4393,0.0],[132.9255,-0.4522,0.0],[132.905,-0.4474,0.0],[132.8943,-0.4486,0.0],[132.887,-0.4462,0.0],[132.8801,-0.4478,0.0],[132.8617,-0.4375,0.0],[132.8292,-0.4247,0.0],[132.8112,-0.4155,0.0],[132.8017,-0.4135,0.0],[132.7883,-0.4066,12.8197],[132.7751,-0.3968,0.0],[132.7693,-0.3974,0.0],[132.7564,-0.3831,0.0],[132.7486,-0.3877,0.0],[132.7137,-0.3738,269.5705],[132.7095,-0.3622,0.0],[132.7099,-0.3569,0.0],[132.7019,-0.3589,0.0],[132.6914,-0.3664,0.0],[132.6757,-0.3654,0.0],[132.6473,-0.3571,0.0],[132.6399,-0.3603,0.0],[132.6009,-0.3552,0.0],[132.5819,-0.3566,0.0],[132.526,-0.3537,0.0],[132.5033,-0.3584,8.2494],[132.4305,-0.3437,0.0],[132.4092,-0.3447,0.0],[132.3822,-0.3636,0.0],[132.3625,-0.3598,0.0],[132.3585,-0.3684,0.0],[132.3441,-0.3776,0.0],[132.3209,-0.3819,5.3214],[132.2892,-0.3811,0.0],[132.2686,-0.3767,0.0],[132.2575,-0.3795,0.0],[132.2563,-0.3946,0.0],[132.2442,-0.4005,0.0],[132.1931,-0.4092,0.0],[132.1622,-0.425,0.0],[132.1453,-0.446,0.0],[132.1043,-0.4639,0.0],[132.0786,-0.4829,0.0],[132.0711,-0.4921,0.0],[132.0738,-0.5062,0.0],[132.0728,-0.5151,0.0],[132.0591,-0.5364,0.0],[131.9835,-0.5649,0.0],[131.9491,-0.6018,0.0],[131.9347,-0.6089,0.0],[131.9234,-0.6192,0.0],[131.9136,-0.6249,0.0],[131.9101,-0.6345,0.0],[131.9117,-0.6476,0.0],[131.8984,-0.6612,0.0],[131.8931,-0.6625,0.0],[131.8847,-0.6779,0.0],[131.8623,-0.6858,0.0],[131.8391,-0.7036,0.0],[131.8176,-0.7154,4.714],[131.802,-0.7149,0.0],[131.7771,-0.7204,0.0],[131.7467,-0.723,0.0],[131.7401,-0.7268,0.0],[131.7097,-0.7313,0.0],[131.6867,-0.7415,210.7985],[131.6647,-0.7433,59.0779],[131.6245,-0.7398,0.0],[131.6155,-0.7411,0.0],[131.6024,-0.7442,0.0],[131.5887,-0.7497,17.0475],[131.5836,-0.7485,2.6725],[131.5794,-0.751,0.7573],[131.575,-0.7595,17.6334],[131.559,-0.7672,40.35],[131.5469,-0.7709,17.6402],[131.5374,-0.7685,7.3108],[131.5264,-0.7719,31.9408],[131.521,-0.7709,7.5182],[131.5186,-0.7748,8.8483],[131.5126,-0.7702,0.0],[131.5325,-0.761,0.0],[131.5375,-0.7571,0.0],[131.5419,-0.7505,0.0],[131.5402,-0.7421,183.0432],[131.5369,-0.7372,101.8722],[131.533,-0.7355,192.4062],[131.5219,-0.7355,237.5232],[131.512,-0.7388,146.5895],[131.4987,-0.7394,41.8884],[131.4826,-0.7482,184.5264],[131.479,-0.7519,172.3767],[131.4679,-0.7556,123.8535],[131.4518,-0.7557,82.5482],[131.4433,-0.7609,112.7064],[131.4288,-0.7655,186.3757],[131.4126,-0.7652,2.2572],[131.4095,-0.7776,156.9539],[131.4018,-0.7819,144.5535],[131.3998,-0.7823,18.3482],[131.3996,-0.7774,3.7333],[131.3967,-0.7766,9.1587],[131.384,-0.7792,0.0],[131.3757,-0.7835,88.8123],[131.3686,-0.7817,0.0],[131.3628,-0.7826,9.1168],[131.3599,-0.7801,2.5459],[131.3574,-0.7822,68.2436],[131.355,-0.7814,0.0],[131.3556,-0.7828,12.4903],[131.35,-0.7846,36.8598],[131.348,-0.7868,7.5135],[131.3297,-0.7889,0.0],[131.3293,-0.7945,8.64],[131.3232,-0.7977,7.0437],[131.3151,-0.7974,2.9724],[131.3043,-0.803,81.5282],[131.2982,-0.8028,0.0],[131.2941,-0.8057,6.4143],[131.2838,-0.805,4.268],[131.2737,-0.8103,4.6337],[131.2695,-0.8094,0.0],[131.2592,-0.813,1.9221],[131.2556,-0.8162,0.0],[131.2492,-0.8166,0.0],[131.2456,-0.8201,4.3302],[131.2325,-0.8165,5.0942],[131.2253,-0.8214,0.0],[131.2281,-0.8292,5.6573],[131.2365,-0.8314,1.6697],[131.2358,-0.8323,1.6697],[131.2378,-0.8334,1.9577],[131.2395,-0.8379,0.0],[131.2424,-0.8402,2.3728],[131.2411,-0.8443,0.0],[131.2429,-0.8439,2.2665],[131.2453,-0.8465,0.84],[131.2437,-0.8502,0.0],[131.2476,-0.8514,2.0658],[131.2454,-0.8549,0.7561],[131.2469,-0.8632,4.226],[131.2452,-0.8661,2.03],[131.2464,-0.8682,4.9204],[131.2457,-0.8734,4.1207],[131.242,-0.8765,0.7293],[131.2466,-0.8783,0.0],[131.2525,-0.8777,9.6412],[131.2525,-0.8789,2.0402],[131.2623,-0.8824,3.2351],[131.2641,-0.8838,1.7996],[131.2631,-0.8859,1.1497],[131.2652,-0.8865,2.1438],[131.2648,-0.8878,2.1438],[131.2694,-0.8893,1.2141],[131.2711,-0.8946,0.0],[131.2802,-0.8979,1.4136],[131.2833,-0.8963,0.0],[131.2859,-0.8969,0.0],[131.2882,-0.9003,2.6796],[131.2867,-0.9088,0.0],[131.2888,-0.9114,0.0],[131.2984,-0.9153,6.9286],[131.3007,-0.9175,6.2428],[131.3011,-0.9217,4.8909],[131.2975,-0.9161,6.9286],[131.295,-0.9179,2.7471],[131.2856,-0.9137,0.9611],[131.2846,-0.9158,0.0],[131.2807,-0.9175,0.9712],[131.278,-0.9159,0.0],[131.2767,-0.9175,0.0],[131.2833,-0.9245,5.4977],[131.279,-0.9212,8.3253],[131.2761,-0.9224,5.6585],[131.2717,-0.9177,0.0],[131.2682,-0.9205,0.0],[131.2699,-0.9236,2.2401],[131.269,-0.9258,4.0323],[131.267,-0.9262,0.0],[131.2669,-0.9302,1.1599],[131.2741,-0.9428,3.1669],[131.2747,-0.948,1.8775],[131.2707,-0.9515,6.8676],[131.267,-0.9686,0.0],[131.2767,-0.9776,8.6225],[131.2732,-0.9811,16.2823],[131.2649,-0.9804,0.0],[131.2663,-0.9874,0.0],[131.2727,-0.9873,13.7069],[131.2767,-0.9935,2.385],[131.2749,-0.9987,4.8038],[131.2582,-1.0029,0.0],[131.2413,-1.0387,0.0],[131.2414,-1.0561,1.4273],[131.2366,-1.0664,19.7245],[131.2299,-1.0752,0.0],[131.2289,-1.0846,0.0],[131.2352,-1.0887,0.0],[131.2327,-1.1027,0.0],[131.2213,-1.1161,0.0],[131.2192,-1.124,0.0],[131.2133,-1.1327,0.0],[131.2115,-1.1425,0.0],[131.2144,-1.1509,16.7032],[131.2045,-1.161,0.0],[131.1994,-1.175,17.7019],[131.1737,-1.2295,18.4313],[131.1466,-1.2373,14.983],[131.1427,-1.2398,16.3636],[131.1416,-1.2432,17.2071],[131.1365,-1.2457,21.4761],[131.1292,-1.246,19.9098],[131.121,-1.2488,21.136],[131.0947,-1.2471,0.0],[131.0835,-1.2401,2.0176],[131.0629,-1.2531,27.4237],[131.055,-1.2562,23.4049],[131.0499,-1.261,0.0],[131.0457,-1.2655,0.0],[131.0369,-1.2875,18.9742],[131.031,-1.2923,18.5704],[131.0273,-1.2996,0.0],[131.0296,-1.3146,11.5693],[131.0176,-1.3264,9.7652],[131.0114,-1.3303,3.7612],[131.0102,-1.3328,0.0],[131.0077,-1.3533,9.7236],[131.0046,-1.3626,18.7223],[131.0019,-1.3645,17.3256],[130.9982,-1.3719,0.0],[130.9955,-1.3862,0.4571],[130.9926,-1.3873,0.0],[130.9914,-1.39,10.5313],[130.9823,-1.3915,2.0354],[130.9822,-1.3951,6.2786],[130.9734,-1.3977,2.9935],[130.9702,-1.3971,0.0],[130.9641,-1.4013,1.2714],[130.9635,-1.4102,14.0727],[130.9614,-1.4123,11.4422],[130.9552,-1.4139,16.177],[130.951,-1.4233,17.5881],[130.9421,-1.4269,26.2832],[130.9364,-1.4269,17.2063],[130.9348,-1.429,13.6103],[130.9337,-1.44,0.0],[130.9364,-1.4437,0.0],[130.9484,-1.4525,0.0],[130.9735,-1.4546,0.0],[130.9782,-1.4583,0.0],[130.9933,-1.4646,0.0],[131.0414,-1.4599,0.0],[131.0618,-1.4557,0.0],[131.0707,-1.4557,0.0],[131.0764,-1.4588,0.0],[131.0837,-1.4572,0.0],[131.0931,-1.4489,15.3071],[131.114,-1.4588,0.0],[131.1198,-1.4646,0.0],[131.1329,-1.4687,0.0],[131.1629,-1.4681,0.0],[131.1747,-1.4816,0.0],[131.1878,-1.4909,24.5566],[131.2004,-1.5153,0.0],[131.198,-1.5286,0.0],[131.2114,-1.5365,0.0],[131.2373,-1.5278,0.0],[131.2489,-1.5146,0.0],[131.2644,-1.5118,0.0],[131.2926,-1.5035,0.0],[131.3158,-1.4919,0.0],[131.3219,-1.4858,0.0],[131.3368,-1.4626,0.0],[131.339,-1.4543,0.0],[131.3346,-1.4432,15.134],[131.3128,-1.4119,0.0],[131.3186,-1.4134,0.0],[131.3252,-1.41,5.3868],[131.3285,-1.3929,19.9931],[131.3339,-1.391,18.8905],[131.3422,-1.3841,27.4627],[131.3462,-1.3768,20.3355],[131.3455,-1.3708,20.95],[131.3434,-1.3705,21.6153],[131.3506,-1.3642,0.0],[131.354,-1.3642,0.0],[131.3601,-1.3658,2.1333],[131.3643,-1.3689,18.7936],[131.3645,-1.3861,0.0],[131.3692,-1.4024,0.0],[131.3755,-1.4125,0.0],[131.3778,-1.4139,0.0],[131.3857,-1.4099,0.0],[131.3903,-1.411,8.5515],[131.3917,-1.4126,2.0781],[131.3928,-1.4225,0.0],[131.4019,-1.4316,0.0],[131.4118,-1.432,20.1713],[131.4198,-1.4293,2.2576],[131.4247,-1.421,22.2509],[131.4293,-1.4232,20.1005],[131.4266,-1.4248,0.0],[131.4274,-1.4278,15.7625],[131.4304,-1.4301,21.8834],[131.4217,-1.435,24.0198],[131.4088,-1.4392,20.9466],[131.4001,-1.4453,14.553],[131.3811,-1.451,17.4833],[131.3795,-1.4593,0.0],[131.3853,-1.4669,0.0],[131.4008,-1.4809,0.0],[131.4266,-1.4946,0.0],[131.4437,-1.5151,0.0],[131.4487,-1.5151,0.0],[131.4665,-1.5094,0.0],[131.473,-1.5056,0.0],[131.4869,-1.4862,0.0],[131.5807,-1.5336,0.0],[131.6609,-1.5609,0.0],[131.6795,-1.5476,0.0],[131.6823,-1.5484,0.0],[131.6975,-1.5551,26.1007],[131.6983,-1.5586,23.2876],[131.7085,-1.5723,18.7691],[131.7154,-1.5793,13.803],[131.7238,-1.584,0.0],[131.728,-1.5851,0.0],[131.7383,-1.5832,0.0],[131.7601,-1.5753,7.1015],[131.7676,-1.5743,0.0],[131.7693,-1.5724,0.0],[131.7692,-1.575,0.0],[131.7793,-1.5843,0.0],[131.7914,-1.6074,25.1565],[131.8046,-1.6149,0.0],[131.8115,-1.6146,0.0],[131.82,-1.6099,0.0],[131.8271,-1.6009,0.0],[131.8338,-1.5969,0.0],[131.8371,-1.5885,11.3105],[131.8391,-1.5869,19.4654],[131.8416,-1.5874,14.2271],[131.8456,-1.5838,27.8842],[131.8517,-1.5833,0.0],[131.8549,-1.5807,0.0],[131.8629,-1.5799,0.0],[131.8752,-1.5843,14.6478],[131.8815,-1.584,2.4802],[131.8919,-1.58,1.9916],[131.9061,-1.5688,0.0],[131.9247,-1.5573,1.2821],[131.9362,-1.555,0.0],[131.9489,-1.5582,0.0],[131.9536,-1.5585,0.0],[131.9556,-1.5566,0.0],[131.9574,-1.5596,0.0],[131.9543,-1.565,5.9626],[131.9362,-1.5746,25.4775],[131.9241,-1.5791,24.3629],[131.9047,-1.5951,25.378],[131.8938,-1.6137,14.7513],[131.8844,-1.637,18.3319],[131.8844,-1.6477,23.4374],[131.8894,-1.6616,5.1834],[131.8931,-1.6677,17.9133],[131.8988,-1.6702,7.7852],[131.9014,-1.6736,16.9906],[131.9007,-1.6878,22.5956],[131.9102,-1.7191,0.0],[131.9139,-1.7222,0.0],[131.9188,-1.7222,0.0],[131.9318,-1.7151,1.3228],[131.9438,-1.7134,0.0],[131.9489,-1.7143,0.0],[131.9533,-1.7064,0.0],[131.9638,-1.7086,0.0],[131.9833,-1.7025,0.0],[131.9898,-1.6938,0.0],[131.9897,-1.6849,0.0],[131.9915,-1.6806,0.0],[132.0004,-1.6704,13.0288],[132.0044,-1.6708,0.0],[132.0064,-1.6898,0.0],[132.0102,-1.6989,0.0],[132.013,-1.7001,0.0],[132.0164,-1.6983,0.0],[132.0266,-1.7026,0.0],[132.0412,-1.7171,0.0],[132.0325,-1.7225,17.8002],[132.0257,-1.7196,21.2559],[132.024,-1.7209,21.2559],[132.0151,-1.7354,0.0],[132.0181,-1.7413,23.2681],[132.0176,-1.7434,16.8113],[132.0139,-1.7409,0.0],[132.0044,-1.7509,23.5819],[132.0004,-1.7506,24.6453],[132.0001,-1.7445,24.5312],[131.9951,-1.7441,26.6245],[131.9907,-1.7506,26.1576],[131.9798,-1.7594,0.0],[131.9722,-1.7688,16.1136],[131.9597,-1.776,18.8351],[131.9576,-1.781,19.8158],[131.96,-1.7899,16.8574],[131.9522,-1.7915,26.1442],[131.934,-1.8014,19.6605],[131.927,-1.8086,19.9087],[131.9243,-1.8139,20.4706],[131.9469,-1.8433,5.0779],[131.9501,-1.8447,0.0],[131.9538,-1.8411,0.0],[131.9574,-1.8282,4.7498],[131.9591,-1.8259,0.0],[131.9616,-1.8277,21.9547],[131.9603,-1.8327,19.7606],[131.9625,-1.8353,12.8138],[131.9608,-1.84,8.6021],[131.9522,-1.8482,4.0604],[131.9333,-1.8604,18.8169],[131.9279,-1.8621,19.8121],[131.9259,-1.8681,16.7266],[131.9267,-1.8713,5.3087],[131.9303,-1.8749,20.8521],[131.9304,-1.8795,20.1416],[131.9335,-1.8861,17.893],[131.9596,-1.9222,0.0],[131.9684,-1.9251,0.0],[131.9839,-1.9222,22.4859],[131.9887,-1.9273,23.495],[131.9913,-1.9276,0.0],[131.9849,-1.9383,20.1319],[131.9854,-1.9504,15.0262],[131.9765,-1.9602,22.3676],[131.97,-1.9614,22.993],[131.9689,-1.964,22.5076],[131.971,-1.9684,19.7836],[131.9791,-1.9769,4.1963],[131.997,-1.9858,26.9108],[132.0026,-1.9903,17.5185],[132.0085,-1.9875,22.7595],[132.0108,-1.9882,22.6551],[132.0224,-2.0002,3.5763],[132.0252,-2.0096,24.0871],[132.0281,-2.0131,26.0376],[132.0417,-2.0233,22.8496],[132.0439,-2.0239,16.716],[132.0485,-2.0205,20.6603],[132.0614,-2.0156,0.0],[132.0658,-2.0171,12.4134],[132.0656,-2.0206,23.0415],[132.0677,-2.021,0.0],[132.072,-2.0144,0.0],[132.0771,-2.0123,20.5135],[132.0832,-2.0169,25.3134],[132.096,-2.0198,23.7881],[132.0961,-2.0228,24.4748],[132.0934,-2.0268,1.8296],[132.0893,-2.0259,0.0],[132.0816,-2.0311,0.0],[132.0807,-2.0338,0.0],[132.0821,-2.0387,11.4801],[132.0774,-2.0385,8.355],[132.0569,-2.0524,0.0],[132.0506,-2.0492,0.0],[132.0452,-2.054,0.0],[132.0437,-2.0523,0.0],[132.0385,-2.0677,0.0],[132.0399,-2.073,0.0],[132.0419,-2.0743,23.609],[132.0448,-2.0736,17.8871],[132.0428,-2.0671,17.3066],[132.044,-2.065,18.108],[132.0459,-2.0661,17.4796],[132.0467,-2.0621,19.9708],[132.0488,-2.0621,23.9269],[132.0473,-2.0729,23.5854],[132.0552,-2.0808,20.2311],[132.0677,-2.0865,11.4508],[132.0654,-2.0901,0.0],[132.0661,-2.0923,0.0],[132.0869,-2.1056,20.446],[132.0934,-2.113,6.2739],[132.1016,-2.1161,10.0203],[132.1161,-2.1261,9.236],[132.1231,-2.1329,19.6001],[132.134,-2.135,0.0],[132.1443,-2.1472,17.694],[132.1815,-2.1468,17.7923],[132.1929,-2.1608,11.1887],[132.2234,-2.1772,10.5349],[132.2529,-2.204,11.6334],[132.2821,-2.2476,9.7351],[132.2976,-2.2667,3.7183],[132.3059,-2.2745,10.8895],[132.316,-2.2801,8.9078],[132.3291,-2.2722,2.1018],[132.3674,-2.2691,2.6993],[132.3702,-2.2663,5.605],[132.3761,-2.2658,0.0],[132.3965,-2.2525,16.7729],[132.4045,-2.2511,0.0],[132.4141,-2.2434,4.7885],[132.4282,-2.2357,4.0227],[132.4434,-2.2304,0.7154],[132.4539,-2.2233,6.0314],[132.4598,-2.2229,4.5334],[132.4869,-2.208,6.7417],[132.5091,-2.2005,2.2016],[132.5124,-2.1976,11.4283],[132.5184,-2.1975,5.9361],[132.5416,-2.1899,10.5584],[132.5671,-2.1899,0.0],[132.5771,-2.1881,4.6581],[132.5911,-2.1895,16.7812],[132.5947,-2.1912,18.906],[132.6106,-2.2075,15.2426],[132.6201,-2.2245,10.9985],[132.6248,-2.2382,4.7162],[132.6237,-2.2597,10.9418],[132.6257,-2.2615,14.5834],[132.6295,-2.2587,5.8389],[132.6316,-2.2594,3.2809],[132.6291,-2.2677,6.1319],[132.6354,-2.2765,13.8902],[132.6507,-2.286,16.7943],[132.6684,-2.2872,0.0],[132.6811,-2.2921,9.1914],[132.6956,-2.2928,18.9352],[132.7157,-2.2991,0.0],[132.7228,-2.296,0.0],[132.7298,-2.2826,0.0],[132.7403,-2.2701,0.0],[132.7529,-2.2647,0.0],[132.7649,-2.2567,1.5096],[132.8093,-2.2422,15.0517],[132.8383,-2.2402,15.2504],[132.8557,-2.2425,9.7139],[132.8729,-2.2501,8.4235],[132.8827,-2.2601,11.9175],[132.8879,-2.2699,14.9708],[132.9012,-2.2783,12.3279],[132.9079,-2.28,2.11],[132.9414,-2.2777,0.0],[132.9539,-2.282,15.7241],[132.9598,-2.2896,13.4389],[132.9641,-2.2924,0.0],[132.9678,-2.2924,0.0],[132.9729,-2.2885,0.0],[132.9803,-2.286,0.0],[132.9909,-2.2754,0.0],[133.0034,-2.2701,0.0],[133.0224,-2.2461,1.0744],[133.0393,-2.2365,0.0],[133.0682,-2.2303,2.5014],[133.0979,-2.2331,0.0],[133.1009,-2.2292,14.9161],[133.1205,-2.225,13.7597],[133.1268,-2.2175,0.0],[133.1577,-2.1979,1.3524],[133.1798,-2.194,8.5514],[133.1947,-2.1942,21.1911],[133.224,-2.1992,22.1529],[133.2249,-2.2011,15.0541],[133.2228,-2.2057,16.1057],[133.2278,-2.209,20.2889],[133.2309,-2.215,0.0],[133.2359,-2.2133,0.0],[133.2501,-2.2034,0.0],[133.268,-2.2003,0.0],[133.2709,-2.2011,0.0],[133.2862,-2.1923,22.6216],[133.2896,-2.1954,11.7446],[133.2909,-2.2019,18.8893],[133.2967,-2.2072,13.924],[133.3054,-2.212,21.8301],[133.3145,-2.2144,8.7859],[133.3394,-2.2142,10.5023],[133.3479,-2.2115,15.4893],[133.3626,-2.2106,4.0037],[133.3737,-2.2083,0.0],[133.3777,-2.2042,22.91],[133.3952,-2.2093,1.5509],[133.4016,-2.2073,10.8715],[133.4136,-2.2072,25.2513],[133.4181,-2.2143,12.1099],[133.4258,-2.2184,10.6074],[133.4275,-2.2232,21.3056],[133.4318,-2.2263,15.6294],[133.4432,-2.2276,16.9082],[133.4696,-2.2268,18.5636],[133.4803,-2.2306,5.1085],[133.4902,-2.2279,23.1678],[133.5058,-2.2305,0.0],[133.5168,-2.228,20.8096],[133.5209,-2.2306,17.7635],[133.525,-2.2365,0.0],[133.5316,-2.2374,0.0],[133.5378,-2.2346,0.0],[133.5437,-2.2344,0.0],[133.5448,-2.2321,0.0],[133.56,-2.2289,0.0],[133.5728,-2.2206,0.0],[133.5787,-2.2118,21.737],[133.5788,-2.2059,21.6349],[133.5771,-2.2017,23.6968],[133.5815,-2.1906,5.5389],[133.5929,-2.1779,0.0],[133.5954,-2.1762,21.0026],[133.6,-2.1764,19.3988],[133.6055,-2.1819,0.0],[133.6052,-2.1852,25.7726],[133.6013,-2.1829,0.0],[133.5963,-2.1841,6.8408],[133.5878,-2.1946,19.6824],[133.5868,-2.2112,23.7034],[133.5915,-2.2223,22.2122],[133.5944,-2.2256,0.0],[133.5985,-2.2268,16.2681],[133.6023,-2.2258,23.1347],[133.6127,-2.2165,18.4574],[133.6233,-2.2168,17.3748],[133.6285,-2.2203,22.1893],[133.6356,-2.2325,0.0],[133.6379,-2.2329,0.0],[133.6465,-2.2288,0.0],[133.6519,-2.2236,0.0],[133.6574,-2.2217,0.0],[133.6646,-2.2111,0.0],[133.6698,-2.2101,0.0],[133.674,-2.2027,0.0],[133.6767,-2.2021,0.0],[133.6801,-2.1981,0.0],[133.6874,-2.1969,19.0153],[133.7067,-2.1993,0.0],[133.7091,-2.1979,0.0],[133.7124,-2.1944,0.0],[133.7216,-2.1732,0.0],[133.7328,-2.1649,0.0],[133.7335,-2.1625,22.0147],[133.7292,-2.1613,20.917],[133.7312,-2.1562,19.4155],[133.744,-2.165,19.2121],[133.7581,-2.1691,0.0],[133.7644,-2.17,0.0],[133.7737,-2.1677,0.0],[133.7835,-2.1619,0.0],[133.7917,-2.1515,0.0],[133.8275,-2.1405,0.0],[133.8315,-2.1363,0.0],[133.8344,-2.1358,0.0],[133.8376,-2.1317,0.0],[133.8451,-2.1114,24.9549],[133.8512,-2.1037,26.3857],[133.8514,-2.1014,24.8452],[133.8579,-2.0972,21.0859],[133.8635,-2.0955,25.2479],[133.8739,-2.0989,23.5428],[133.8883,-2.1092,2.2258],[133.9002,-2.1055,0.0],[133.9069,-2.1013,8.6002],[133.9198,-2.1035,18.9614],[133.9333,-2.09,16.6098],[133.9373,-2.0905,4.3102],[133.9395,-2.0924,4.3085],[133.9423,-2.1031,0.0],[133.94,-2.1115,0.0],[133.9156,-2.136,0.0],[133.9145,-2.1434,18.5274],[133.8964,-2.1438,21.1285],[133.8889,-2.1484,22.0354],[133.8841,-2.1695,23.2082],[133.8802,-2.1719,0.0],[133.8764,-2.1846,20.5274],[133.8645,-2.2023,0.0],[133.8596,-2.2028,0.0],[133.8173,-2.2185,24.1237],[133.8135,-2.2233,24.7979],[133.8042,-2.2255,0.0],[133.785,-2.2336,21.0972],[133.7834,-2.2366,26.3564],[133.7804,-2.2369,24.5031],[133.7795,-2.2398,24.7707],[133.7841,-2.2557,24.7084],[133.7901,-2.265,27.4648],[133.7937,-2.2655,26.2784],[133.8141,-2.2832,26.4631],[133.8291,-2.2919,8.4705],[133.8371,-2.2928,0.0],[133.8556,-2.2876,0.0],[133.8615,-2.2804,0.0],[133.8654,-2.2812,0.0],[133.8712,-2.2783,0.0],[133.8808,-2.2857,67.593],[133.8821,-2.2912,74.1366],[133.8875,-2.2964,11.7111],[133.8946,-2.2981,0.0],[133.908,-2.2971,24.3531],[133.9292,-2.3024,0.0],[133.9343,-2.3013,21.9262],[133.9388,-2.2945,24.4809],[133.9411,-2.2778,0.0],[133.9401,-2.2753,5.757],[133.9367,-2.2746,0.0],[133.9379,-2.2712,0.0],[133.9455,-2.2639,13.0812],[133.9487,-2.2505,7.8352],[133.947,-2.2365,0.0],[133.945,-2.2355,0.0],[133.9404,-2.2387,0.0],[133.9371,-2.2385,0.0],[133.9455,-2.2322,10.5702],[133.9444,-2.2271,19.2774],[133.9413,-2.2224,0.0],[133.9439,-2.2208,6.1512],[133.9433,-2.2161,21.724],[133.9454,-2.2149,16.9566],[133.9472,-2.2099,20.1017],[133.9448,-2.2059,19.6122],[133.9468,-2.2046,22.4301],[133.9474,-2.1878,20.2546],[133.9514,-2.1793,24.1789],[133.9492,-2.171,20.7293],[133.9514,-2.1699,19.2811],[133.9554,-2.1709,14.701],[133.9557,-2.1831,14.8081],[133.9523,-2.1969,27.9277],[133.9536,-2.1993,27.5497],[133.9524,-2.2068,25.2636],[133.9535,-2.2177,17.8952],[133.9616,-2.2296,4.1916],[133.9646,-2.2379,16.2006],[133.9599,-2.2462,0.0],[133.9613,-2.2516,140.0295],[133.9579,-2.2606,66.4942],[133.9547,-2.2806,84.0146],[133.9473,-2.3004,132.1615],[133.9431,-2.3051,231.3602],[133.9372,-2.3071,41.1141],[133.8785,-2.3112,13.3867],[133.8743,-2.3126,27.5939],[133.8664,-2.317,30.5658],[133.8629,-2.321,31.795],[133.8607,-2.3331,26.2673],[133.8723,-2.3498,18.9188],[133.8765,-2.3643,30.6477],[133.8802,-2.3671,31.3091],[133.8898,-2.3678,28.7551],[133.89,-2.3728,28.676],[133.8967,-2.3771,197.4502],[133.9059,-2.379,174.6496],[133.9151,-2.3833,29.6663],[133.9336,-2.3861,10.751],[133.9404,-2.3848,15.5868],[133.9546,-2.3857,6.7269],[133.9677,-2.3834,19.2073],[133.9874,-2.3848,8.1292],[133.9974,-2.3882,13.8701],[134.0009,-2.3932,15.1089],[133.997,-2.3942,14.9337],[133.9794,-2.3915,8.5256],[133.964,-2.3976,22.2308],[133.9586,-2.3976,22.3855],[133.9523,-2.3949,18.8968],[133.9408,-2.3972,22.7872],[133.9275,-2.397,28.4282],[133.9217,-2.3943,0.0],[133.903,-2.3911,0.0],[133.8913,-2.3919,27.7989],[133.886,-2.3875,0.0],[133.8775,-2.3861,0.0],[133.8602,-2.3912,26.003],[133.8515,-2.4042,26.0849],[133.8372,-2.4119,18.193],[133.8268,-2.4128,20.723],[133.8213,-2.416,18.6279],[133.8078,-2.4174,23.6893],[133.797,-2.4207,22.0837],[133.7824,-2.4207,22.7885],[133.772,-2.4233,24.3231],[133.7568,-2.422,9.5661],[133.7518,-2.4262,21.5214],[133.746,-2.4266,20.1139],[133.742,-2.432,15.7356],[133.7408,-2.4414,6.0093],[133.7417,-2.446,8.2017],[133.7502,-2.4406,13.637],[133.7522,-2.4418,24.7448],[133.7425,-2.4493,23.2143],[133.7457,-2.4553,15.3293],[133.7543,-2.4652,10.7181],[133.756,-2.4709,8.5164],[133.7592,-2.4707,13.6639],[133.761,-2.4746,14.3905],[133.7642,-2.476,21.5918],[133.7732,-2.4686,16.0643],[133.7725,-2.4718,14.4938],[133.7668,-2.4765,4.9898],[133.7724,-2.4814,3.8857],[133.7782,-2.4818,0.0],[133.781,-2.4785,7.7174],[133.785,-2.4826,0.0],[133.7888,-2.4818,0.0],[133.7923,-2.4771,0.0],[133.7971,-2.4814,27.2437],[133.7999,-2.486,21.3618],[133.798,-2.4912,0.0],[133.8027,-2.5006,24.0194],[133.8017,-2.5104,28.0306],[133.7971,-2.5169,18.0427],[133.7925,-2.517,0.0],[133.7848,-2.5147,3.0136],[133.7709,-2.5143,13.4142],[133.7567,-2.5113,0.0],[133.7369,-2.5027,0.0],[133.7097,-2.5017,22.5087],[133.7075,-2.5028,21.5528],[133.7054,-2.5055,21.2305],[133.704,-2.5129,21.9113],[133.7077,-2.5339,22.2671],[133.7047,-2.5448,0.0],[133.7063,-2.5573,22.5899],[133.7088,-2.5596,19.8567],[133.7025,-2.5672,12.6804],[133.693,-2.5684,0.0],[133.6843,-2.5659,0.0],[133.6695,-2.5498,0.0],[133.6611,-2.5456,0.0],[133.6566,-2.5381,0.0],[133.6529,-2.5357,0.0],[133.6445,-2.5344,5.0958],[133.63,-2.5378,13.9715],[133.6116,-2.5503999999999998,21.6805],[133.5949,-2.566,22.0544],[133.5883,-2.5687,17.1494],[133.58,-2.5661,15.371],[133.5763,-2.5592,15.9411],[133.5759,-2.5543,12.4876],[133.5732,-2.5528,0.0],[133.564,-2.5578,22.0654],[133.5545,-2.5552,22.7246],[133.5465,-2.5496,1.7128],[133.5433,-2.5564,17.6582],[133.5364,-2.5622,19.1341],[133.5292,-2.5779,25.9962],[133.527,-2.5797,25.4074],[133.5223,-2.5795,21.3438],[133.5201,-2.5785,25.0343],[133.5137,-2.5648,0.0],[133.5086,-2.5577,0.0],[133.5028,-2.5436,0.0],[133.4955,-2.5402,0.0],[133.4967,-2.538,0.0],[133.4954,-2.5332,0.0],[133.4907,-2.5332,0.0],[133.494,-2.5296,0.0],[133.4946,-2.5262,0.0],[133.4896,-2.5125,0.0],[133.4874,-2.5119,0.0],[133.4848,-2.5153,0.0],[133.4831,-2.5138,0.0],[133.4857,-2.5087,0.0],[133.4843,-2.507,0.0],[133.4776,-2.5091,17.1772],[133.4705,-2.5177,14.197],[133.4714,-2.5348,19.1176],[133.4762,-2.5519,20.6663],[133.468,-2.558,0.0],[133.4592,-2.5598,0.0],[133.4463,-2.5543,21.2948],[133.4334,-2.5459,1.2671],[133.4161,-2.545,21.2443],[133.4258,-2.5421,3.1226],[133.4325,-2.543,3.6753],[133.4392,-2.5456,6.4144],[133.4515,-2.554,21.4414],[133.4586,-2.5546,0.0],[133.4599,-2.5355,0.0],[133.4498,-2.5039,0.0],[133.4479,-2.5033,0.0],[133.431,-2.5067,10.3841],[133.4274,-2.5173,10.4464],[133.4229,-2.5214,11.7202],[133.4168,-2.5321,17.3593],[133.4109,-2.5362,23.265],[133.4096,-2.5393,24.309],[133.4123,-2.547,19.2129],[133.4082,-2.5494,2.9858],[133.3875,-2.5476,0.0],[133.3885,-2.5227,0.0],[133.3848,-2.5141,0.0],[133.3786,-2.5071,0.0],[133.3729,-2.504,0.0],[133.3601,-2.492,0.0],[133.3468,-2.4844,0.0],[133.3203,-2.4516,0.0],[133.3109,-2.4445,0.0],[133.2984,-2.4413,13.4976],[133.2905,-2.4355,0.0],[133.2701,-2.43,10.9411],[133.2612,-2.4255,2.3389],[133.2527,-2.4245,4.5699],[133.2475,-2.4185,0.0],[133.2206,-2.413,20.0537],[133.2161,-2.4138,26.2561],[133.2131,-2.4161,23.4731],[133.2092,-2.4237,17.5235],[133.1955,-2.432,15.4522],[133.1723,-2.4316,12.3858],[133.1549,-2.4375,12.0999],[133.1497,-2.4366,9.3187],[133.1291,-2.4383,24.3391],[133.1064,-2.4602,28.0762],[133.1043,-2.4612,18.9588],[133.0991,-2.4597,1.4769],[133.0948,-2.4611,0.0],[133.0763,-2.4782,18.5436],[133.0557,-2.4896,18.0671],[133.047,-2.4989,15.5108],[133.0401,-2.5134,20.6839],[133.0506,-2.5213,15.4564],[133.0407,-2.515,25.7461],[133.0149,-2.5452,17.3712],[133.0069,-2.5591,9.6461],[132.9761,-2.5987,6.2982],[132.9564,-2.6207,9.5644],[132.9417,-2.6335,9.6444],[132.9262,-2.6563,13.0189],[132.9075,-2.676,15.7284],[132.8281,-2.7518,24.5749],[132.8101,-2.7642,8.4724],[132.8101,-2.7682,16.4963],[132.8063,-2.7723,3.5793],[132.7935,-2.7753,20.5265],[132.7915,-2.7794,8.9363],[132.7946,-2.7837,12.2214],[132.7922,-2.7861,23.4099],[132.7847,-2.785,16.8568],[132.7787,-2.7867,21.6327],[132.7748,-2.7832,15.8665],[132.7723,-2.7836,18.3592],[132.7482,-2.8049,14.9642],[132.7441,-2.8062,18.3455],[132.7307,-2.8069,19.3391],[132.7269,-2.8027,0.0],[132.711,-2.7969,32.0435],[132.7046,-2.7903,3.5515],[132.7053,-2.7843,0.0],[132.7003,-2.7859,13.7945],[132.6967,-2.7918,33.3662],[132.6935,-2.789,14.5372],[132.6873,-2.7776,0.0],[132.6826,-2.7789,118.8162],[132.6789,-2.7735,7.4989],[132.6745,-2.7731,102.7022],[132.6741,-2.7707,37.1221],[132.672,-2.7694,0.0],[132.6702,-2.7712,65.0188],[132.6679,-2.7705,66.5407],[132.6671,-2.7673,0.0],[132.6697,-2.7631,0.0],[132.6627,-2.7586,65.9073],[132.6634,-2.754,0.0],[132.6568,-2.749,60.3855],[132.6574,-2.7468,5.4883],[132.6544,-2.7464,48.3458],[132.6541,-2.743,12.5209],[132.6508,-2.7407,16.2889],[132.6481,-2.7408,12.9298],[132.6442,-2.7354,0.0],[132.6407,-2.7362,24.8321],[132.6395,-2.7345,48.5629],[132.6436,-2.7321,0.0],[132.6418,-2.7308,0.0],[132.6418,-2.7284,0.0],[132.6336,-2.726,66.9485],[132.6266,-2.7258,78.0309],[132.6232,-2.7229,0.0],[132.6235,-2.7199,0.0],[132.618,-2.7122,0.0],[132.6154,-2.7124,15.7828],[132.6137,-2.7147,39.1993],[132.6092,-2.7137,27.1357],[132.6096,-2.7113,12.1199],[132.6052,-2.709,45.5394],[132.6009,-2.7098,62.0793],[132.5991,-2.7087,22.6065],[132.5945,-2.6997,0.0],[132.5921,-2.6993,41.2871],[132.5926,-2.697,0.0],[132.5889,-2.6954,44.8624],[132.5842,-2.6973,45.8183],[132.5831,-2.6956,48.9346],[132.5724,-2.6924,46.0614],[132.5713,-2.6904,0.0],[132.5643,-2.6897,35.1311],[132.5555,-2.6911,29.7639],[132.552,-2.6939,57.9401],[132.5461,-2.694,84.2105],[132.5359,-2.6859,14.4921],[132.5355,-2.684,0.0],[132.5241,-2.6813,77.0917],[132.5166,-2.6821,95.4249],[132.517,-2.685,112.9699],[132.5135,-2.686,30.0327],[132.5093,-2.684,69.9802],[132.5055,-2.6841,60.0166],[132.5011,-2.6806,61.2641],[132.493,-2.685,99.3235],[132.4884,-2.6834,39.4257],[132.4817,-2.686,13.1783],[132.482,-2.6953,81.3391],[132.4791,-2.6951,59.2649],[132.4775,-2.6904,26.0874],[132.4713,-2.6935,6.2361],[132.4805,-2.7017,0.0],[132.492,-2.7069,4.6582],[132.4965,-2.7111,5.7788],[132.494,-2.713,83.1307],[132.4875,-2.7123,16.9143],[132.4895,-2.7152,46.6972],[132.4875,-2.7167,27.9357],[132.485,-2.7149,25.0438],[132.4858,-2.7121,11.4309],[132.4796,-2.7117,6.7851],[132.4795,-2.7144,25.1539],[132.4774,-2.715,35.5341],[132.4757,-2.7128,0.0],[132.4692,-2.7116,38.4036],[132.4667,-2.7129,35.5188],[132.4633,-2.7202,46.7097],[132.4582,-2.7227,97.3949],[132.4591,-2.7246,88.3011],[132.456,-2.7256,73.1569],[132.4584,-2.7283,1.0],[132.4556,-2.7333,3.3121],[132.4411,-2.7398,60.9588],[132.4356,-2.74,69.6742],[132.4334,-2.7393,58.5572],[132.4326,-2.737,56.8827],[132.4474,-2.7274,1.0],[132.4499,-2.7192,0.5],[132.4536,-2.7172,0.5],[132.4541,-2.7149,0.5],[132.4584,-2.7157,0.25],[132.4574,-2.7125,4.2615],[132.4533,-2.7089,25.9793],[132.4484,-2.7072,55.2159],[132.4445,-2.7087,89.0982],[132.4454,-2.7038,0.0],[132.4386,-2.7048,90.1708],[132.4341,-2.7026,24.599],[132.4298,-2.7044,80.506],[132.4206,-2.7003,37.9104],[132.4203,-2.6978,0.0],[132.4261,-2.6959,0.0],[132.4292,-2.6907,0.0],[132.436,-2.6917,0.0],[132.4406,-2.6902,0.0],[132.4402,-2.6796,0.0],[132.4355,-2.6806,3.0501],[132.4263,-2.6779,0.0],[132.4218,-2.6802,23.9033],[132.4193,-2.6851,27.0201],[132.4151,-2.6835,20.3106],[132.4129,-2.6846,40.1877],[132.4111,-2.6826,2.4174],[132.4074,-2.6867,31.8045],[132.3951,-2.6896,53.0703],[132.3891,-2.6851,30.36],[132.3785,-2.6836,45.604],[132.3648,-2.677,27.2205],[132.363,-2.6729,13.2021],[132.3566,-2.6682,0.0],[132.3518,-2.669,56.3968],[132.3512,-2.671,58.1558],[132.349,-2.6701,46.9807],[132.3498,-2.6681,60.5589],[132.3434,-2.6679,72.0603],[132.3431,-2.6655,24.0179],[132.3306,-2.6663,98.004],[132.3298,-2.6628,10.0468],[132.323,-2.6613,36.6939],[132.3096,-2.6631,97.1811],[132.3091,-2.6608,0.0],[132.3046,-2.6635,217.6156],[132.2795,-2.6606,37.3363],[132.2756,-2.662,184.4493],[132.2695,-2.66,71.9538],[132.2556,-2.663,243.5298],[132.2484,-2.6609,57.7613],[132.2428,-2.6612,56.7086],[132.2404,-2.6576,0.0],[132.2302,-2.6554,40.09],[132.2291,-2.6573,97.7333],[132.2239,-2.6561,57.7692],[132.2224,-2.6582,136.2754],[132.219,-2.6561,15.5348],[132.2131,-2.6561,75.2794],[132.2017,-2.6605,102.0312],[132.2018,-2.658,52.5739],[132.198,-2.6559,16.7424],[132.1851,-2.6603,89.1625],[132.183,-2.6645,57.4704],[132.187,-2.6678,136.0844],[132.1856,-2.6697,191.0551],[132.1788,-2.6692,138.7167],[132.1793,-2.667,40.7924],[132.1694,-2.6617,113.0093],[132.1646,-2.6645,114.0513],[132.1545,-2.6652,75.1757],[132.1504,-2.6676,104.419],[132.143,-2.6664,68.7541],[132.1383,-2.6718,93.7216],[132.1126,-2.6918,13.6109],[132.1134,-2.6971,0.0],[132.1161,-2.6973,0.0],[132.1195,-2.7003,0.0],[132.1219,-2.6997,0.0],[132.1294,-2.6916,0.0],[132.1352,-2.6883,0.0],[132.1484,-2.6906,0.0],[132.1618,-2.6964,0.0],[132.1953,-2.7013,0.0],[132.2047,-2.7009,5.2811],[132.2079,-2.7027,21.2684],[132.1996,-2.7072,99.4159],[132.1721,-2.7078,44.0405],[132.1724,-2.71,73.4906],[132.1695,-2.7138,71.6565],[132.1658,-2.7111,0.0],[132.1563,-2.7153,76.7099],[132.1557,-2.7172,93.709],[132.1523,-2.7162,23.8996],[132.1501,-2.7175,44.4859],[132.1498,-2.7217,62.4696],[132.1462,-2.7238,72.6253],[132.1416,-2.7232,61.7492],[132.141,-2.7178,6.4516],[132.1334,-2.719,10.7439],[132.1342,-2.7161,0.0],[132.1385,-2.7128,0.0],[132.1374,-2.7104,0.0],[132.13,-2.7122,50.0907],[132.1253,-2.7159,25.3702],[132.1266,-2.7197,6.3564],[132.1257,-2.726,31.9785],[132.1228,-2.7272,46.5925],[132.1181,-2.7228,7.8729],[132.1184,-2.7201,0.0],[132.1123,-2.7203,48.1435],[132.1062,-2.7113,0.0],[132.102,-2.709,8.8437],[132.0984,-2.709,35.7137],[132.0956,-2.7127,5.2468],[132.0971,-2.7146,0.0],[132.0996,-2.7146,15.899],[132.0993,-2.719,78.3499],[132.0969,-2.7203,91.8145],[132.0905,-2.7129,39.6406],[132.0895,-2.7218,0.0],[132.0978,-2.7298,0.0],[132.1037,-2.73,0.0],[132.1087,-2.7322,2.6417],[132.1094,-2.7354,20.0718],[132.1075,-2.7434,21.3017],[132.1008,-2.7398,31.3568],[132.0982,-2.7439,14.6878],[132.0982,-2.7487,71.777],[132.0845,-2.7429,16.4602],[132.0836,-2.7354,0.0],[132.0876,-2.7287,0.0],[132.0859,-2.7271,0.0],[132.0735,-2.7277,71.2987],[132.0679,-2.7347,19.7656],[132.0721,-2.7431,21.7489],[132.0698,-2.7502,83.9378],[132.0672,-2.7515,83.2159],[132.0597,-2.7514,95.6774],[132.0579,-2.7497,16.5058],[132.0561,-2.744,6.1531],[132.0586,-2.7341,0.0],[132.0514,-2.7317,31.1057],[132.0457,-2.7371,56.3894],[132.0416,-2.7351,4.285],[132.0388,-2.7417,93.4801],[132.0314,-2.7448,83.7772],[132.0277,-2.7399,32.5085],[132.0251,-2.7392,39.568],[132.0161,-2.7449,50.0179],[132.0131,-2.7496,14.5946],[132.0118,-2.756,70.9796],[132.0086,-2.7536,43.4728],[131.9996,-2.7584,133.5936],[132.0003,-2.7758,79.8153],[132.0016,-2.7803,0.0],[132.0038,-2.7814,0.0],[132.0254,-2.7798,0.0],[132.028,-2.7733,0.0],[132.0339,-2.7714,0.0],[132.0373,-2.7729,0.0],[132.0399,-2.7722,0.0],[132.0473,-2.7791,0.0],[132.0511,-2.7788,59.3918],[132.052,-2.7838,0.0],[132.0538,-2.7852,0.0],[132.0564,-2.7841,0.0],[132.0576,-2.7865,0.0],[132.0683,-2.789,43.128],[132.0686,-2.7913,128.6223],[132.0616,-2.7907,79.6994],[132.056,-2.7922,17.6366],[132.0582,-2.7981,76.6015],[132.0511,-2.7959,32.505],[132.0509,-2.8014,16.084],[132.0525,-2.804,32.9873],[132.0515,-2.8058,63.912],[132.0458,-2.802,30.803],[132.0447,-2.8047,0.0],[132.0485,-2.8081,68.9684],[132.0479,-2.8101,98.2612],[132.0447,-2.8101,94.0853],[132.0372,-2.8138,84.4748],[132.0281,-2.8122,80.0763],[132.0249,-2.8149,102.2359],[132.0197,-2.8128,34.8632],[132.0174,-2.8153,17.7582],[132.0186,-2.8202,50.627],[132.0171,-2.8225,68.438],[132.0075,-2.8192,59.1554],[132.0058,-2.8202,26.9705],[132.0059,-2.8246,50.386],[132.0036,-2.825,38.5005],[132.0022,-2.8291,40.2519],[132.0035,-2.8329,0.0],[132.0056,-2.8324,2.4147],[132.0084,-2.8363,0.0],[132.0105,-2.8352,0.0],[132.0144,-2.8372,0.0],[132.0158,-2.8357,0.0],[132.0183,-2.8359,0.0],[132.0236,-2.8398,0.0],[132.0287,-2.8393,0.0],[132.0334,-2.8409,0.0],[132.0373,-2.8389,14.1039],[132.0392,-2.8398,106.8552],[132.0362,-2.8439,111.154],[132.0317,-2.8451,57.4449],[132.0228,-2.8541,16.0834],[132.0253,-2.8585,40.1291],[132.0249,-2.8631,2.7401],[132.0272,-2.8658,0.0],[132.0302,-2.8655,67.091],[132.0285,-2.8695,0.0],[132.0288,-2.8715,0.0],[132.0314,-2.8712,0.0],[132.0317,-2.8758,51.5465],[132.0274,-2.8791,68.4095],[132.0258,-2.8773,36.3475],[132.0233,-2.878,40.62],[132.021,-2.8814,88.5729],[132.0042,-2.8778,98.6523],[132.0016,-2.8785,130.3394],[131.9996,-2.8888,63.0071],[132.0022,-2.8991,56.4055],[132.0043,-2.9,2.9852],[132.0033,-2.8936,38.4268],[132.0073,-2.8921,0.0],[132.0144,-2.8939,0.0],[132.0203,-2.9068,0.0],[132.0316,-2.9014,0.0],[132.0337,-2.917,0.0],[132.0408,-2.9261,0.0],[132.047,-2.9271,0.0],[132.0488,-2.9259,0.0],[132.0487,-2.9236,0.0],[132.0448,-2.9182,37.723],[132.052,-2.9141,0.0],[132.0534,-2.9118,0.0],[132.0535,-2.8985,11.4196],[132.0564,-2.8908,23.0148],[132.0593,-2.8905,47.6367],[132.0646,-2.9104,0.0],[132.0684,-2.9142,0.0],[132.0803,-2.9195,16.2461],[132.0752,-2.9373,0.0],[132.0794,-2.952,0.0],[132.0839,-2.9555,3.4567],[132.0866,-2.9631,0.0],[132.1011,-2.9596,0.0],[132.104,-2.9552,0.0],[132.111,-2.9537,0.0],[132.1126,-2.9556,0.0],[132.1144,-2.9537,0.0],[132.1188,-2.954,0.0],[132.114,-2.9455,35.7393],[132.116,-2.9428,2.8903],[132.1131,-2.9427,0.0],[132.1129,-2.9406,7.2209],[132.1033,-2.9355,35.928],[132.1051,-2.932,0.0],[132.1157,-2.9384,5.2221],[132.1199,-2.9364,0.0],[132.1286,-2.9409,0.0],[132.1325,-2.945,0.0],[132.1374,-2.9456,0.0],[132.1399,-2.9436,0.0],[132.1458,-2.946,0.0],[132.1539,-2.9443,0.0],[132.1543,-2.9419,0.0],[132.147,-2.9359,65.5848],[132.1507,-2.9322,0.0],[132.151,-2.9347,5.8451],[132.1549,-2.9354,0.0],[132.1555,-2.9307,0.0],[132.1629,-2.9357,0.0],[132.1672,-2.9337,0.0],[132.1658,-2.9316,0.0],[132.1787,-2.9341,0.0],[132.1866,-2.9318,0.0],[132.185,-2.9267,7.7737],[132.1823,-2.9258,24.5583],[132.1844,-2.9223,0.0],[132.1894,-2.9219,19.441],[132.1901,-2.9261,0.0],[132.1945,-2.9262,7.8579],[132.1937,-2.9284,0.0],[132.2024,-2.9335,0.0],[132.2058,-2.9285,0.0],[132.2082,-2.9279,0.0],[132.2061,-2.9212,31.1923],[132.2073,-2.9114,0.0],[132.2108,-2.9148,0.0],[132.2114,-2.918,0.0],[132.2171,-2.9209,0.0],[132.2202,-2.9265,0.0],[132.232,-2.9263,0.0],[132.2367,-2.9233,0.0],[132.2373,-2.9254,0.0],[132.2439,-2.9268,0.0],[132.264,-2.928,0.0],[132.2709,-2.934,0.0],[132.2778,-2.9342,0.0],[132.279,-2.9313,0.0],[132.2858,-2.9313,0.0],[132.2868,-2.9295,0.0],[132.2896,-2.9328,0.0],[132.296,-2.9356,0.0],[132.3027,-2.9355,0.0],[132.301,-2.9311,17.8325],[132.3057,-2.9351,0.0],[132.3092,-2.9358,0.0],[132.3112,-2.9347,0.0],[132.312,-2.9259,0.0],[132.3144,-2.9232,136.8365],[132.3135,-2.9361,0.0],[132.3149,-2.9382,0.0],[132.3204,-2.9404,0.0],[132.3234,-2.9449,0.0],[132.3309,-2.9476,0.0],[132.3333,-2.9471,0.0],[132.3357,-2.9431,0.0],[132.3428,-2.9425,10.0366],[132.3402,-2.9498,0.0],[132.346,-2.9525,5.5851],[132.3469,-2.9472,0.0],[132.3512,-2.9431,0.0],[132.3471,-2.9395,10.6958],[132.3489,-2.9381,0.0],[132.3535,-2.941,9.2638],[132.355,-2.951,17.057],[132.3613,-2.9523,146.6638],[132.3603,-2.9544,210.0285],[132.3468,-2.9567,0.0],[132.347,-2.9612,0.0],[132.3519,-2.9689,0.0],[132.3623,-2.9688,0.0],[132.3664,-2.9719,22.7614],[132.3689,-2.9779,0.0],[132.371,-2.9785,0.0],[132.3723,-2.9769,0.0],[132.3804,-2.9805,0.0],[132.384,-2.9843,0.0],[132.3925,-2.985,0.0],[132.393,-2.9891,0.0],[132.4006,-2.9903,0.0],[132.4045,-2.9929,0.0],[132.4069,-2.9917,0.0],[132.4143,-2.9952,0.0],[132.4202,-2.9954,66.8068],[132.4225,-2.9969,79.9408],[132.419,-3.0025,0.0],[132.4212,-3.0051,0.0],[132.4274,-3.0051,0.0],[132.4339,-3.01,0.0],[132.4361,-3.0093,12.1945],[132.4408,-3.0155,0.0],[132.4522,-3.0234,0.0],[132.4565,-3.024,0.0],[132.4705,-3.0346,3.5444],[132.473,-3.0393,0.0],[132.4809,-3.0389,80.7234],[132.4825,-3.0445,0.0],[132.4892,-3.0509,0.0],[132.4962,-3.0534,0.0],[132.5016,-3.063,0.0],[132.5092,-3.065,23.4819],[132.5098,-3.0701,0.0],[132.5172,-3.0765,31.187],[132.5171,-3.0809,0.0],[132.5242,-3.0846,0.0],[132.5262,-3.084,2.7671],[132.5342,-3.0921,7.7985],[132.5347,-3.0948,0.0],[132.5426,-3.0979,38.9974],[132.5444,-3.101,0.0],[132.5603,-3.1115,0.0],[132.5675,-3.1214,17.116],[132.5726,-3.1329,7.222],[132.5767,-3.1349,58.0406],[132.5771,-3.1374,48.0326],[132.5697,-3.1395,11.7831],[132.5655,-3.1362,12.9926],[132.5556,-3.137,39.6607],[132.5542,-3.1458,0.0],[132.5526,-3.1475,0.0],[132.5575,-3.1501,35.6133],[132.5571,-3.1552,0.0],[132.5589,-3.157,0.0],[132.5638,-3.1582,0.0],[132.5668,-3.1612,0.0],[132.5775,-3.1663,0.0],[132.5802,-3.1652,0.0],[132.5761,-3.1587,17.7645],[132.5776,-3.1552,6.0149],[132.5845,-3.1671,0.0],[132.5937,-3.1708,0.0],[132.5984,-3.1707,32.8281],[132.6041,-3.1667,19.8189],[132.6061,-3.167,19.8189],[132.6068,-3.1692,73.7672],[132.6109,-3.1699,171.6767],[132.6099,-3.1719,106.5902],[132.5987,-3.1737,24.6265],[132.6004,-3.1802,0.0],[132.6078,-3.1804,0.0],[132.6142,-3.185,0.0],[132.6217,-3.1856,0.0],[132.6259,-3.1818,0.0],[132.6361,-3.1832,14.1414],[132.6356,-3.1879,0.0],[132.6383,-3.187,0.0],[132.6407,-3.1883,5.2888],[132.6488,-3.2031,10.99],[132.6495,-3.2125,176.1469],[132.6434,-3.2167,96.315],[132.6416,-3.2238,56.3296],[132.6397,-3.225,38.0092],[132.6308,-3.2242,134.9778],[132.6268,-3.2263,257.6187],[132.617,-3.2238,220.7939],[132.5977,-3.225,26.0202],[132.5988,-3.2349,0.0],[132.6087,-3.2439,0.0],[132.621,-3.2517,139.3781],[132.6221,-3.2549,0.0],[132.6254,-3.2572,30.4356],[132.6267,-3.2618,0.0],[132.6421,-3.2711,162.3492],[132.6437,-3.2741,172.0413],[132.6389,-3.2767,0.0],[132.6489,-3.2897,21.4141],[132.6544,-3.3063,0.0485],[132.6566,-3.3087,0.0],[132.6588,-3.3078,47.4622],[132.6612,-3.3097,7.434],[132.6617,-3.3157,1.5101],[132.6665,-3.3185,0.0],[132.6664,-3.321,0.0],[132.6684,-3.3224,0.0],[132.6722,-3.3216,6.491],[132.6791,-3.3288,0.0],[132.7014,-3.3356,0.0],[132.7142,-3.3446,0.0],[132.7201,-3.3455,0.0],[132.725,-3.3421,0.0],[132.7305,-3.343,0.0],[132.7332,-3.3416,0.0],[132.7379,-3.3172,0.0],[132.7357,-3.3132,0.0],[132.7361,-3.3029,0.0],[132.7314,-3.2879,0.0],[132.7322,-3.2858,0.0],[132.7411,-3.2864,0.0],[132.7473,-3.2824,0.0],[132.7544,-3.2839,0.0],[132.7618,-3.2745,0.0],[132.7654,-3.2741,0.0],[132.7674,-3.2704,0.0],[132.773,-3.2687,0.0],[132.7761,-3.2635,40.8654],[132.778,-3.2742,0.0],[132.7798,-3.276,0.0],[132.7853,-3.2747,7.2958],[132.7894,-3.2799,2.1743],[132.7894,-3.2822,0.0],[132.7981,-3.2797,0.0],[132.8,-3.2778,0.0],[132.7987,-3.2762,0.0],[132.791,-3.2751,0.0],[132.7896,-3.2735,8.1641],[132.7901,-3.2685,0.0],[132.8016,-3.2704,0.0],[132.8132,-3.2684,56.3394],[132.8151,-3.2696,70.56],[132.8143,-3.2737,90.5372],[132.8105,-3.2722,37.7026],[132.8086,-3.2766,27.3457],[132.8086,-3.2791,12.9837],[132.8126,-3.2852,24.4201],[132.8105,-3.285,9.2454],[132.81,-3.287,24.6169],[132.8055,-3.2854,31.0235],[132.8037,-3.2865,3.9091],[132.8077,-3.2899,7.873],[132.8106,-3.2957,0.0],[132.8133,-3.2988,0.0],[132.8231,-3.3004,17.3055],[132.8285,-3.3076,0.0],[132.8403,-3.309,18.1463],[132.8459,-3.3044,34.5737],[132.8459,-3.313,72.8265],[132.8436,-3.3139,81.9019],[132.8389,-3.3122,80.1211],[132.8347,-3.3141,24.2875],[132.8357,-3.323,89.9135],[132.8334,-3.3271,69.1059],[132.8343,-3.332,31.3257],[132.8311,-3.3379,81.6202],[132.8288,-3.3385,64.0072],[132.8278,-3.331,9.0428],[132.8257,-3.3312,0.0],[132.8209,-3.3398,40.7673],[132.82,-3.3501,90.3146],[132.8155,-3.352,95.5541],[132.8143,-3.3498,89.0543],[132.8038,-3.3653,66.633],[132.8067,-3.3784,46.9787],[132.8046,-3.3816,0.0],[132.8086,-3.387,0.0],[132.8142,-3.391,42.2455],[132.8177,-3.4077,2.959],[132.8221,-3.4143,62.4158],[132.8199,-3.4178,24.6915],[132.8232,-3.4335,13.3294],[132.8212,-3.4374,6.622],[132.8246,-3.44,37.1254],[132.8197,-3.4514,0.0],[132.8201,-3.4539,0.0],[132.8331,-3.4662,0.0],[132.8391,-3.4684,3.0227],[132.8457,-3.4783,0.0],[132.8521,-3.4793,0.0],[132.8585,-3.4831,0.0],[132.8725,-3.4814,0.0],[132.8755,-3.4784,0.0],[132.875,-3.4762,0.0],[132.8705,-3.4783,0.0],[132.8629,-3.4771,0.0],[132.8639,-3.4751,1.2962],[132.8709,-3.4743,0.0],[132.8756,-3.4708,0.0],[132.8817,-3.4695,0.0],[132.8917,-3.4709,12.3455],[132.9001,-3.469,15.1563],[132.902,-3.4701,46.8315],[132.8945,-3.4751,22.6758],[132.894,-3.4776,34.8813],[132.8905,-3.4788,32.3126],[132.8915,-3.4813,24.1654],[132.8883,-3.4915,0.0],[132.8958,-3.4954,31.5342],[132.8961,-3.5013,32.9445],[132.8934,-3.5058,14.6394],[132.8934,-3.5102,0.0],[132.895,-3.5137,0.0],[132.9,-3.5173,13.1529],[132.9012,-3.5263,9.909],[132.9067,-3.5317,0.0],[132.9052,-3.5376,0.0],[132.9095,-3.5368,0.0],[132.9175,-3.5419,21.1474],[132.92,-3.5409,26.6797],[132.9272,-3.5423,35.4912],[132.925,-3.5447,6.3431],[132.9128,-3.5468,31.0814],[132.9126,-3.5535,0.0],[132.9158,-3.5577,0.0],[132.9202,-3.5582,0.0],[132.9226,-3.5573,0.0],[132.9252,-3.5534,0.0],[132.9282,-3.553,0.0],[132.9317,-3.5553,0.0],[132.943,-3.5568,11.6915],[132.9453,-3.5585,28.9285],[132.9456,-3.5614,58.0505],[132.9327,-3.5687,29.8529],[132.9249,-3.5819,55.3685],[132.9219,-3.5838,73.4205],[132.9127,-3.5833,29.9986],[132.9099,-3.5848,34.0036],[132.9047,-3.5991,31.1314],[132.8996,-3.6065,15.2488],[132.901,-3.611,46.439],[132.8984,-3.621,11.6218],[132.9056,-3.6409,74.3147],[132.9048,-3.6442,65.659],[132.9022,-3.6449,70.9309],[132.8961,-3.6507,64.0926],[132.8901,-3.65,70.7299],[132.8893,-3.6518,95.7117],[132.881,-3.6479,52.056],[132.8781,-3.6515,63.6426],[132.8744,-3.6491,63.8572],[132.8682,-3.6513,86.3687],[132.8589,-3.6489,65.4144],[132.8539,-3.6505,105.9205],[132.8459,-3.6462,82.0649],[132.8428,-3.6476,99.202],[132.8386,-3.647,103.0631],[132.8378,-3.6451,80.2975],[132.832,-3.6436,70.5184],[132.823,-3.6458,103.8427],[132.8215,-3.644,75.0287],[132.8111,-3.6421,72.5185],[132.7987,-3.644,96.2292],[132.7981,-3.642,89.9511],[132.7909,-3.644,106.6098],[132.7689,-3.6429,103.348],[132.7671,-3.6386,73.8559],[132.7538,-3.6327,87.2373],[132.7386,-3.637,108.4328],[132.738,-3.6349,81.8178],[132.7351,-3.6383,129.6277],[132.7359,-3.6401,176.1425],[132.7339,-3.6441,183.1061],[132.731,-3.6425,117.3604],[132.7339,-3.6688,213.6975],[132.7381,-3.688,111.4764],[132.7363,-3.6926,0.0],[132.7425,-3.6994,68.144],[132.7475,-3.7099,30.3125],[132.7471,-3.7124,0.0],[132.7539,-3.7193,69.3396],[132.7585,-3.7293,174.0793],[132.7569,-3.731,17.9154],[132.7608,-3.7388,157.6042],[132.7596,-3.7433,0.0],[132.762,-3.7493,35.7274],[132.7645,-3.7505,55.1575],[132.763,-3.7538,0.0],[132.7682,-3.7593,77.9935],[132.7682,-3.7642,0.0],[132.7701,-3.7664,0.0],[132.7725,-3.7686,0.0],[132.7758,-3.7652,18.1063],[132.7795,-3.7711,163.8179],[132.7789,-3.7788,27.5867],[132.7823,-3.7828,123.513],[132.7831,-3.7907,12.357],[132.7877,-3.7964,51.9854],[132.7904,-3.8206,175.6051],[132.7882,-3.826,88.5718],[132.7835,-3.8277,0.0],[132.7839,-3.8339,0.0],[132.7863,-3.8335,0.0],[132.7885,-3.8295,0.0],[132.7914,-3.8299,0.0],[132.793,-3.8346,0.0],[132.799,-3.8379,69.9173],[132.804,-3.852,151.7521],[132.8015,-3.8518,41.8285],[132.8008,-3.8537,0.0],[132.8114,-3.8687,87.6772],[132.8121,-3.8766,52.4225],[132.8186,-3.8867,0.0],[132.8249,-3.8897,99.765],[132.8274,-3.8972,39.5401],[132.8337,-3.9065,155.3386],[132.8344,-3.9151,62.7073],[132.8394,-3.924,18.8563],[132.8497,-3.933,131.9285],[132.8477,-3.9339,137.2494],[132.8477,-3.936,101.4955],[132.8456,-3.9359,92.1703],[132.8454,-3.9379,113.8767],[132.8512,-3.9505,286.1146],[132.8531,-3.9605,334.9741],[132.8528,-3.9634,221.7579],[132.851,-3.9647,154.2975],[132.8461,-3.9565,45.5996],[132.8381,-3.9485,85.8991],[132.8319,-3.946,146.8957],[132.8309,-3.9418,8.647],[132.8332,-3.9409,0.0],[132.8318,-3.9364,0.0],[132.828,-3.9309,0.0],[132.8237,-3.9287,38.7274],[132.8252,-3.9273,0.0],[132.8207,-3.9221,0.0],[132.819,-3.9233,31.8195],[132.8218,-3.9276,11.1934],[132.8172,-3.9293,20.9176],[132.8116,-3.9433,81.4761],[132.8148,-3.9528,88.383],[132.8168,-3.9541,88.7003],[132.8209,-3.9624,0.0],[132.823,-3.9648,0.0],[132.8273,-3.966,0.0],[132.8276,-3.9684,0.0],[132.8315,-3.9684,0.0],[132.8328,-3.9595,0.0],[132.8374,-3.9599,0.0],[132.8423,-3.9656,61.8474],[132.8473,-3.9664,165.5127],[132.8487,-3.9682,269.5727],[132.8447,-3.9752,198.9468],[132.8453,-3.9998,0.0],[132.848,-4.008,0.0],[132.8493,-4.0198,0.0],[132.8528,-4.0241,0.0],[132.8619,-4.0282,0.0],[132.8668,-4.0326,0.0],[132.8683,-4.0459,0.0],[132.873,-4.0473,0.0],[132.8771,-4.0568,0.0],[132.8764,-4.0636,0.0],[132.8729,-4.0706,0.0],[132.8738,-4.0768,0.0],[132.8712,-4.0778,0.0],[132.8667,-4.0844,0.0],[132.8655,-4.0895,0.0],[132.8666,-4.0917,0.0],[132.8683,-4.0899,0.0],[132.8707,-4.091,0.0],[132.8792,-4.1004,0.0],[132.8897,-4.1019,0.0],[132.895,-4.1116,0.0],[132.9022,-4.1099,0.0],[132.9082,-4.1108,0.0],[132.9116,-4.1143,0.0],[132.9202,-4.1102,0.0],[132.9253,-4.1095,0.0],[132.9279,-4.1126,0.0],[132.9346,-4.1144,0.0],[132.9368,-4.1182,0.0],[132.9435,-4.1235,0.0],[132.9464,-4.1216,0.0],[132.9505,-4.1119,0.0],[132.9509,-4.1044,0.0],[132.949,-4.0998,0.0],[132.9501,-4.0978,38.949],[132.9634,-4.0915,59.3637],[132.9614,-4.0885,57.8139],[132.9642,-4.0804,155.681],[132.9663,-4.0812,221.7281],[132.9757,-4.0708,337.3317],[132.9877,-4.0692,431.2953],[133.0012,-4.0608,471.1496],[133.017,-4.0614,221.4209],[133.0238,-4.0645,242.1994],[133.0293,-4.065,155.5013],[133.0442,-4.0719,0.0],[133.0647,-4.0761,0.0],[133.083,-4.0723,0.0],[133.0953,-4.075,0.0],[133.1063,-4.0749,0.0],[133.1377,-4.0792,0.0],[133.1442,-4.0775,0.0],[133.1535,-4.0722,0.0],[133.166,-4.0531,748.9167]]],
[[[133.3823,-4.1375,9.4799],[133.3796,-4.1366,7.7451],[133.3779,-4.1323,0.0],[133.3791,-4.1087,0.0],[133.3759,-4.1077,0.0],[133.3708,-4.1099,0.0],[133.3678,-4.1086,0.0],[133.36,-4.0982,0.0],[133.3556,-4.095,0.0],[133.3455,-4.0992,0.0],[133.3449,-4.1019,0.0],[133.3489,-4.1068,3.9132],[133.3499,-4.1126,33.5406],[133.3437,-4.1278,54.6627],[133.343,-4.1303,46.9949],[133.3447,-4.133,51.3441],[133.3406,-4.1399,115.2614],[133.3378,-4.1528,0.0],[133.3412,-4.1544,0.0],[133.3457,-4.1519,20.8352],[133.3486,-4.1528,21.5271],[133.3528,-4.1593,27.8109],[133.3531,-4.1703,12.2281],[133.3463,-4.1789,0.0],[133.3562,-4.1792,0.0],[133.3692,-4.1841,0.0],[133.3739,-4.1889,0.0],[133.3765,-4.2061,0.0],[133.3808,-4.2045,0.0],[133.4032,-4.2095,0.0],[133.4075,-4.2134,0.0],[133.4157,-4.233,0.0],[133.4252,-4.2417,0.0],[133.4249,-4.2443,0.0],[133.4196,-4.251,0.0],[133.4229,-4.2535,0.0],[133.4257,-4.2535,0.0],[133.4346,-4.2486,0.0],[133.4422,-4.25,0.0],[133.4498,-4.2469,0.0],[133.4591,-4.2515,0.0],[133.4743,-4.2511,0.0],[133.4838,-4.2392,107.866],[133.4933,-4.2321,69.5675],[133.4957,-4.2132,64.5438],[133.4885,-4.2013,45.7761],[133.4737,-4.1968,44.6684],[133.4578,-4.1949,49.618],[133.4347,-4.185,21.1],[133.4214,-4.1722,3.1114],[133.4168,-4.1565,0.0],[133.408,-4.1573,20.9592],[133.405,-4.1549,16.6439],[133.4017,-4.1488,13.1771],[133.3974,-4.147,16.4457],[133.3948,-4.1435,12.6337],[133.3956,-4.1382,0.0],[133.3938,-4.1368,0.0],[133.3864,-4.139,19.7876],[133.3823,-4.1375,9.4799]]],
[[[133.6355,-3.4737,44.5137],[133.6371,-3.4724,22.7614],[133.6369,-3.4699,20.099],[133.633,-3.4652,0.0],[133.6293,-3.471,0.0],[133.6355,-3.4737,44.5137]]],
[[[133.6249,-3.4567,0.0],[133.6288,-3.4481,0.0],[133.6286,-3.4429,0.0],[133.6339,-3.436,0.0],[133.6338,-3.4329,0.0],[133.6286,-3.4258,0.0],[133.6174,-3.4239,46.7921],[133.6159,-3.4222,37.7305],[133.6139,-3.4231,79.362799999999993],[133.6108,-3.4313,35.9982],[133.6015,-3.4345,12.6237],[133.6042,-3.439,0.0],[133.6108,-3.4403,45.0423],[133.6135,-3.4432,36.9767],[133.6149,-3.4506,8.1053],[133.619,-3.4518,0.0],[133.6225,-3.4563,0.0],[133.6249,-3.4567,0.0]]],
[[[133.6721,-3.4407,14.873],[133.68,-3.4389,4.2892],[133.6824,-3.4339,13.5435],[133.678,-3.434,18.1505],[133.6707,-3.4373,17.3832],[133.6698,-3.4392,17.2405],[133.6721,-3.4407,14.873]]],
[[[133.7694,-3.1204,0.0],[133.7682,-3.1253,0.0],[133.7726,-3.1225,24.5422],[133.7738,-3.1184,19.9448],[133.7706,-3.1171,0.0],[133.7694,-3.1204,0.0]]],
[[[132.7609,-3.4662,0.0],[132.7618,-3.4592,0.0],[132.7573,-3.4583,0.0],[132.755,-3.4605,0.0],[132.7516,-3.4714,145.4413],[132.7524,-3.4732,0.0],[132.7502,-3.4741,34.0149],[132.7495,-3.4772,0.0],[132.7527,-3.4817,0.0],[132.7523,-3.4862,0.0],[132.7572,-3.486,0.0],[132.7594,-3.4896,0.0],[132.7625,-3.4888,0.0],[132.7668,-3.4843,0.0],[132.7686,-3.4795,0.0],[132.7609,-3.4662,0.0]]],
[[[132.8131,-3.3072,0.0],[132.8111,-3.3055,3.9211],[132.8112,-3.3031,0.0],[132.806,-3.3054,11.8068],[132.8043,-3.3142,0.0],[132.8058,-3.3162,0.0],[132.8127,-3.3164,0.0],[132.8141,-3.3091,0.0],[132.8131,-3.3072,0.0]]],
[[[133.8004,-3.1082,0.0],[133.7989,-3.1021,0.0],[133.7995,-3.0894,0.0],[133.7906,-3.0781,0.0],[133.7843,-3.0579,0.0],[133.783,-3.0557,0.0],[133.7758,-3.0563,102.5331],[133.7741,-3.0549,26.3977],[133.7723,-3.0564,13.9539],[133.7726,-3.0589,32.951],[133.7673,-3.0634,75.6507],[133.7674,-3.0797,87.8849],[133.7713,-3.0814,141.9086],[133.7744,-3.0885,78.8067],[133.773,-3.0903,72.6094],[133.7771,-3.0944,122.4584],[133.7783,-3.0995,24.0265],[133.7818,-3.101,0.0],[133.7827,-3.1039,0.0],[133.7848,-3.1047,0.0],[133.7922,-3.1027,8.5117],[133.7967,-3.1064,0.0],[133.798,-3.1137,0.0],[133.8001,-3.113,0.0],[133.8004,-3.1082,0.0]]],
[[[133.6032,-2.5444,0.0],[133.6018,-2.5538,10.6575],[133.6052,-2.5533,0.0],[133.6086,-2.5498,0.0],[133.6098,-2.5477,17.8424],[133.6084,-2.5447,16.5739],[133.6173,-2.5438,14.6378],[133.62,-2.5395,3.8045],[133.619,-2.5371,9.8259],[133.6082,-2.5367,12.8261],[133.5992,-2.5412,11.7625],[133.5858,-2.5547,9.0295],[133.5836,-2.5646,18.1434],[133.5885,-2.5643,18.5522],[133.5977,-2.5572,14.2878],[133.5993,-2.5484,3.9723],[133.6032,-2.5444,0.0]]],
[[[133.6529,-2.5005,24.5011],[133.6524,-2.5097,23.2555],[133.6558,-2.5179,20.9145],[133.6602,-2.5237,19.6497],[133.68,-2.5425,0.0],[133.6848,-2.544,0.0],[133.6906,-2.5435,0.0],[133.6935,-2.5416,0.0],[133.695,-2.5387,26.1846],[133.695,-2.5295,0.0],[133.6824,-2.5005,0.0],[133.6708,-2.4923,0.0],[133.6602,-2.4923,9.906],[133.6549,-2.4952,27.671],[133.6529,-2.5005,24.5011]]],
[[[132.7671,-3.5369,0.0],[132.7663,-3.5326,0.0],[132.7687,-3.5276,0.0],[132.7694,-3.513,0.0],[132.7652,-3.51,0.0],[132.7655,-3.5033,0.0],[132.7643,-3.5011,0.0],[132.7623,-3.501,0.0],[132.7544,-3.5057,0.0],[132.7527,-3.5195,0.0],[132.7543,-3.5247,0.0],[132.7523,-3.5286,0.0],[132.7562,-3.5363,0.0],[132.7612,-3.5406,0.0],[132.7643,-3.5412,0.0],[132.7671,-3.5369,0.0]]],
[[[132.7004,-3.4572,151.1702],[132.6943,-3.4546,150.5721],[132.692,-3.456,133.5438],[132.6882,-3.4522,84.9025],[132.6866,-3.4499,101.7054],[132.6885,-3.4486,47.3864],[132.6871,-3.4398,0.0],[132.69,-3.4361,0.0],[132.6846,-3.4262,0.0],[132.6819,-3.4264,128.3426],[132.6803,-3.4226,88.5113],[132.6661,-3.4103,154.1196],[132.6511,-3.4041,143.4466],[132.6455,-3.4075,179.4623],[132.6407,-3.4069,180.8535],[132.6376,-3.41,182.8448],[132.6364,-3.408,160.166],[132.634,-3.4092,124.6476],[132.6296,-3.42,39.0393],[132.6316,-3.4206,97.5687],[132.6324,-3.4278,0.0],[132.6388,-3.4353,0.0],[132.6655,-3.4474,0.0],[132.6679,-3.4472,0.0],[132.674,-3.4528,0.0],[132.679,-3.4537,0.0],[132.6833,-3.4568,57.3314],[132.6828,-3.4615,124.3008],[132.6805,-3.4627,99.0597],[132.6811,-3.4652,60.9441],[132.6773,-3.4672,37.6973],[132.6786,-3.4745,101.2772],[132.6775,-3.4795,0.0],[132.6795,-3.4806,5.389],[132.6808,-3.4851,98.3213],[132.6801,-3.491,0.0],[132.6814,-3.4937,0.0],[132.6801,-3.4956,0.0],[132.6813,-3.4972,0.0],[132.6891,-3.5002,0.0],[132.6959,-3.5077,56.9118],[132.6973,-3.5152,0.0],[132.6995,-3.5167,0.0],[132.7037,-3.5177,0.0],[132.7148,-3.5161,0.0],[132.7229,-3.5123,0.0],[132.7232,-3.5076,0.0],[132.7254,-3.5077,0.0],[132.7274,-3.5008,0.0],[132.725,-3.4923,9.2839],[132.727,-3.4912,0.0],[132.7254,-3.4897,0.0],[132.7244,-3.4828,0.0],[132.7168,-3.4767,115.243],[132.7193,-3.4754,0.0],[132.7152,-3.4684,0.0],[132.711,-3.4668,77.3033],[132.7117,-3.4647,23.9343],[132.7092,-3.4633,73.6327],[132.7101,-3.4611,0.0],[132.7004,-3.4572,151.1702]]],
[[[132.4777,-3.1124,263.6918],[132.472,-3.1067,95.0902],[132.4681,-3.1054,180.6123],[132.4598,-3.1059,170.1133],[132.4555,-3.1033,112.4942],[132.4406,-3.1022,15.6376],[132.4487,-3.1136,0.0],[132.4515,-3.1146,0.0],[132.4542,-3.1211,0.0],[132.4584,-3.1221,12.8241],[132.4596,-3.1267,0.0],[132.4653,-3.1272,0.0],[132.4731,-3.1332,0.0],[132.4767,-3.1308,72.5493],[132.4787,-3.1323,30.3227],[132.4774,-3.1348,0.0],[132.4787,-3.1368,0.0],[132.4848,-3.1378,0.0],[132.4917,-3.1361,0.0],[132.4905,-3.1382,0.0],[132.4937,-3.1395,0.0],[132.5021,-3.139,0.0],[132.519,-3.1413,0.0],[132.5303,-3.148,0.0],[132.5333,-3.1521,0.0],[132.5442,-3.1549,0.0],[132.5463,-3.1539,0.0],[132.5444,-3.1503,0.0],[132.5469,-3.1449,0.0],[132.5462,-3.1419,4.4521],[132.5341,-3.138,115.8415],[132.5333,-3.1358,95.0239],[132.5257,-3.132,117.0905],[132.5188,-3.1258,120.4227],[132.5074,-3.1214,281.7337],[132.5041,-3.1176,110.2698],[132.5001,-3.1197,387.2436],[132.4963,-3.1174,248.0426],[132.4983,-3.1156,69.9128],[132.4892,-3.1154,273.5953],[132.4777,-3.1124,263.6918]]],
[[[132.2119,-2.9766,53.7937],[132.2079,-2.976,28.956],[132.198,-2.9783,49.2289],[132.1963,-2.9766,46.6559],[132.1908,-2.9754,44.6286],[132.1865,-2.977,20.4361],[132.1808,-2.9733,44.3026],[132.1827,-2.9708,0.0],[132.1784,-2.9693,59.238],[132.1718,-2.9721,0.0],[132.1781,-2.9768,6.1162],[132.1778,-2.9791,0.0],[132.1808,-2.9822,0.0],[132.1852,-2.9835,0.0],[132.1923,-2.9802,0.0],[132.199,-2.9831,0.0],[132.2071,-2.9809,0.0],[132.2195,-2.9862,0.0],[132.2241,-2.9815,0.0],[132.2418,-2.9835,0.0],[132.2463,-2.9812,0.0],[132.2593,-2.9855,0.0],[132.2738,-2.9853,0.0],[132.287,-2.9882,0.0],[132.2926,-2.9912,0.0],[132.3015,-2.9897,0.0],[132.3197,-2.9973,0.0],[132.3215,-2.9961,0.0],[132.3151,-2.9919,3.1465],[132.3123,-2.9854,21.926],[132.3047,-2.9823,44.165],[132.2988,-2.9861,22.1033],[132.2909,-2.9801,96.0613],[132.2831,-2.9824,44.025],[132.2815,-2.9812,73.8819],[132.2826,-2.9792,18.9896],[132.2805,-2.9784,60.5305],[132.2782,-2.9805,68.7085],[132.2678,-2.9816,0.0],[132.2677,-2.9753,0.0],[132.2647,-2.9749,9.7072],[132.2567,-2.9785,86.7781],[132.2518,-2.9744,35.0842],[132.2515,-2.9722,40.1889],[132.2493,-2.9719,69.1405],[132.2482,-2.974,55.2664],[132.246,-2.9742,88.1238],[132.2457,-2.972,64.1899],[132.2327,-2.9743,80.4767],[132.2224,-2.9735,86.6986],[132.2147,-2.9748,87.2743],[132.2119,-2.9766,53.7937]]],
[[[132.1135,-2.9728,0.0],[132.1139,-2.9756,0.0],[132.1191,-2.9757,0.0],[132.1222,-2.974,0.0],[132.1253,-2.9756,0.0],[132.1268,-2.9738,0.0],[132.1356,-2.9762,0.0],[132.1409,-2.9725,0.0],[132.1314,-2.9695,64.3479],[132.1135,-2.9728,0.0]]],
[[[132.1209,-2.9424,0.0],[132.1184,-2.9425,7.0637],[132.1207,-2.9454,0.0],[132.1226,-2.9443,0.0],[132.1209,-2.9424,0.0]]],
[[[132.006,-2.9489,0.0],[132.0137,-2.9509,0.0],[132.0149,-2.9487,0.0],[132.0107,-2.9435,9.9974],[132.0055,-2.9454,29.2685],[132.0009,-2.9434,57.9646],[132.0003,-2.9498,0.0],[132.006,-2.9489,0.0]]],
[[[132.4879,-2.671,61.286],[132.4876,-2.6732,0.0],[132.4902,-2.6739,0.0],[132.496,-2.673,0.0],[132.4948,-2.6704,37.3339],[132.4879,-2.671,61.286]]],
[[[132.4368,-2.6182,0.0],[132.435,-2.6202,13.722],[132.435,-2.6224,0.0],[132.4375,-2.6217,0.0],[132.4368,-2.6182,0.0]]],
[[[132.5738,-2.6486,18.2285],[132.5685,-2.6479,29.5905],[132.5657,-2.644,11.6585],[132.5588,-2.6425,2.2284],[132.5455,-2.6437,55.0212],[132.5396,-2.6498,0.0],[132.5442,-2.6519,0.0],[132.545,-2.6538,1.1993],[132.548,-2.6533,1.4627],[132.5498,-2.658,0.0],[132.5522,-2.6551,0.0],[132.5511,-2.6534,0.0],[132.5521,-2.6512,0.0],[132.5583,-2.6513,29.0476],[132.5572,-2.6555,0.0],[132.5653,-2.6563,0.0],[132.5652,-2.6518,0.0],[132.5732,-2.6517,0.0],[132.5754,-2.6504,0.0],[132.5738,-2.6486,18.2285]]],
[[[132.4462,-2.6512,0.0],[132.4474,-2.6494,0.0],[132.4447,-2.6452,27.2367],[132.4439,-2.6489,0.0],[132.4462,-2.6512,0.0]]],
[[[132.5037,-2.6367,5.946],[132.5019,-2.6327,0.0],[132.5001,-2.6319,0.0],[132.4956,-2.6347,27.7663],[132.4922,-2.6349,59.4011],[132.4906,-2.6334,0.0],[132.4888,-2.6344,47.9345],[132.4874,-2.6328,0.0],[132.4804,-2.6333,59.3086],[132.4755,-2.6321,38.4056],[132.472,-2.6259,0.0],[132.4673,-2.6269,34.3942],[132.4674,-2.631,35.084],[132.4701,-2.6343,88.7394],[132.4688,-2.636,108.3115],[132.4668,-2.6354,0.0],[132.4641,-2.6318,31.5742],[132.4602,-2.6336,89.0529],[132.4585,-2.6352,26.6442],[132.4585,-2.6397,0.0],[132.4602,-2.6409,11.9124],[132.4616,-2.639,17.094],[132.4638,-2.6395,83.4768],[132.4659,-2.6446,47.32],[132.4694,-2.6469,67.1346],[132.468,-2.6485,78.7773],[132.4694,-2.6524,46.5558],[132.4682,-2.6548,89.3612],[132.4624,-2.6509,44.3465],[132.4644,-2.646,47.32],[132.4578,-2.6465,68.171],[132.4557,-2.6451,33.1611],[132.4536,-2.6462,52.1845],[132.4535,-2.6485,6.2388],[132.4576,-2.6588,0.0],[132.4638,-2.6685,0.0],[132.4737,-2.6695,0.0],[132.4783,-2.6668,0.0],[132.4814,-2.6623,0.0],[132.4921,-2.6595,0.0],[132.4991,-2.66,0.0],[132.501,-2.6591,0.0],[132.5012,-2.657,0.0],[132.5064,-2.6566,0.0],[132.5087,-2.6544,0.0],[132.5115,-2.6502,0.0],[132.5102,-2.6394,0.0],[132.5083,-2.6375,0.0],[132.5037,-2.6367,5.946]]],
[[[132.4298,-2.6186,19.7916],[132.4281,-2.6202,13.8346],[132.43,-2.6214,0.0],[132.4318,-2.6197,0.0],[132.4298,-2.6186,19.7916]]],
[[[132.4106,-2.6109,0.0],[132.4126,-2.6095,0.0],[132.4119,-2.6069,0.0],[132.4135,-2.6053,0.0],[132.4086,-2.6033,25.7999],[132.4067,-2.6045,66.2528],[132.4053,-2.6091,0.0],[132.4106,-2.6109,0.0]]],
[[[133.4417,-2.4988,0.0],[133.4483,-2.498,0.0],[133.4498,-2.496,0.0],[133.4488,-2.4875,0.0],[133.4445,-2.4863,0.0],[133.4402,-2.4882,2.7596],[133.4383,-2.4841,0.0],[133.4319,-2.4818,0.0],[133.4269,-2.4896,18.0263],[133.4312,-2.5018,0.0],[133.4334,-2.5029,8.5918],[133.4417,-2.4988,0.0]]],
[[[133.3686,-2.4488,0.0],[133.366,-2.4449,0.0],[133.3532,-2.4342,0.0],[133.352,-2.4313,0.0],[133.3397,-2.4232,0.0],[133.3312,-2.4252,21.4779],[133.3217,-2.4398,17.344],[133.3252,-2.4468,10.9219],[133.3427,-2.4642,9.4323],[133.3439,-2.4748,9.6952],[133.3621,-2.4856,23.2284],[133.3732,-2.4963,0.0],[133.3759,-2.4967,0.0],[133.3784,-2.4863,0.0],[133.3778,-2.4785,0.0],[133.3686,-2.4488,0.0]]],
[[[133.6389,-2.511,0.0],[133.6354,-2.4983,0.0],[133.6322,-2.4933,0.0],[133.6216,-2.4929,0.0],[133.6145,-2.5015,2.9807],[133.614,-2.5059,0.0],[133.6194,-2.5119,0.0],[133.6387,-2.5248,0.0],[133.6403,-2.521,0.0],[133.6389,-2.511,0.0]]],
[[[133.5193,-2.4231,0.0],[133.5051,-2.4137,0.0],[133.4923,-2.4076,0.0],[133.486,-2.3989,0.0],[133.4821,-2.3979,0.0],[133.4836,-2.4015,0.0],[133.4815,-2.4027,0.0],[133.4739,-2.3983,0.0],[133.467,-2.3986,0.0],[133.458,-2.4108,0.0],[133.4665,-2.424,0.0],[133.4742,-2.4322,0.0],[133.4792,-2.4341,0.0],[133.487,-2.4322,7.486],[133.488,-2.4344,4.8828],[133.4816,-2.4392,0.0],[133.4812,-2.444,0.0],[133.494,-2.4682,0.0],[133.498,-2.4695,0.0],[133.499,-2.4647,0.0],[133.5063,-2.4749,0.0],[133.5112,-2.477,0.0],[133.5161,-2.4755,22.0709],[133.5304,-2.4843,20.7629],[133.5361,-2.4907,3.8802],[133.537,-2.4967,0.0],[133.5429,-2.5014,0.0],[133.5596,-2.5084,3.8125],[133.5701,-2.509,18.7237],[133.5753,-2.5046,18.9752],[133.5806,-2.4964,17.5767],[133.5834,-2.4955,28.064],[133.5848,-2.4923,16.347],[133.5894,-2.4885,22.2879],[133.5938,-2.4887,18.6467],[133.5944,-2.4858,16.6112],[133.5919,-2.4789,21.1142],[133.5936,-2.4776,25.0192],[133.5789,-2.4473,0.0],[133.574,-2.4435,0.0],[133.5673,-2.4467,0.0],[133.5551,-2.4436,20.6667],[133.5475,-2.4399,0.0],[133.539,-2.433,0.0],[133.5313,-2.4353,16.4349],[133.5263,-2.4325,10.0067],[133.5256,-2.4296,4.977],[133.5193,-2.4231,0.0]]],
[[[133.61,-2.2331,4.1721],[133.6116,-2.2377,0.0],[133.614,-2.2389,0.0],[133.6241,-2.2361,0.0],[133.6312,-2.236,0.0],[133.6329,-2.2342,0.0],[133.6232,-2.2236,21.9267],[133.6184,-2.2208,17.2156],[133.615,-2.221,10.192],[133.6138,-2.2226,0.0],[133.61,-2.2331,4.1721]]],
[[[133.7915,-2.1845,24.2717],[133.7895,-2.19,26.6132],[133.7901,-2.1958,23.5947],[133.8005,-2.1991,0.0],[133.8159,-2.1989,0.0],[133.8505,-2.1927,0.0],[133.8557,-2.1887,0.0],[133.8568,-2.1848,0.0],[133.8501,-2.1686,16.2219],[133.8501,-2.1607,0.0],[133.8524,-2.1586,0.0],[133.8698,-2.1551,0.0],[133.8732,-2.153,0.0],[133.8725,-2.151,0.0],[133.8501,-2.1457,0.0],[133.8389,-2.1469,2.8484],[133.8273,-2.1538,24.0258],[133.7946,-2.1802,22.9058],[133.7915,-2.1845,24.2717]]],
[[[133.856,-2.1697,0.0],[133.8604,-2.174,0.0],[133.8616,-2.1792,0.0],[133.8756,-2.1628,16.2926],[133.8746,-2.1607,20.9202],[133.8535,-2.1621,7.8897],[133.8528,-2.167,14.693],[133.856,-2.1697,0.0]]],
[[[133.8514,-2.1271,21.4069],[133.8524,-2.1305,25.0451],[133.8547,-2.1318,23.6649],[133.8672,-2.1351,23.8973],[133.88,-2.1417,0.0],[133.8826,-2.1406,0.0],[133.8858,-2.136,0.0],[133.8863,-2.1133,22.4278],[133.8764,-2.1099,0.0],[133.8668,-2.1021,21.4273],[133.8601,-2.1009,0.0],[133.856,-2.1051,24.4182],[133.8514,-2.1271,21.4069]]],
[[[134.4127,-3.9953,0.0],[134.402,-3.9915,0.0],[134.3929,-3.9905,0.0],[134.3906,-3.9889,0.0],[134.3908,-3.9846,0.0],[134.3826,-3.9851,0.0],[134.3797,-3.9905,49.1766],[134.3825,-3.9973,57.0091],[134.3808,-3.9988,31.5643],[134.3821,-4.0046,130.1101],[134.3808,-4.0073,4.5494],[134.3857,-4.0155,107.6181],[134.3795,-4.0152,0.0],[134.3797,-4.0194,0.0],[134.3764,-4.0201,0.0],[134.3727,-4.0185,0.0],[134.3697,-4.0197,0.0],[134.369,-4.0251,36.1302],[134.3637,-4.0271,0.0],[134.3651,-4.0308,23.0462],[134.374,-4.0299,45.8151],[134.3825,-4.0329,219.9757],[134.3933,-4.0289,245.683],[134.4046,-4.0296,134.0258],[134.4118,-4.0284,92.5707],[134.4216,-4.0235,91.5263],[134.4324,-4.0252,105.0303],[134.4357,-4.022,109.7317],[134.4413,-4.0198,104.2121],[134.4424,-4.0168,3.6953],[134.4411,-4.0147,0.0],[134.4282,-4.0115,0.0],[134.4259,-4.0095,92.1212],[134.4265,-4.0046,0.0],[134.4193,-4.002,0.0],[134.4137,-4.0027,0.0],[134.4127,-3.9953,0.0]]],
[[[134.733,-3.9475,48.6923],[134.7316,-3.9448,7.2],[134.7242,-3.9404,0.0],[134.7094,-3.9355,0.0],[134.6808,-3.9341,0.0],[134.6754,-3.9369,0.0],[134.6743,-3.9394,0.0],[134.6758,-3.944,0.0],[134.6864,-3.95,0.0],[134.6842,-3.9566,0.0],[134.6874,-3.9602,0.0],[134.7028,-3.9561,76.8815],[134.7098,-3.9518,402.029],[134.7316,-3.949,162.3038],[134.733,-3.9475,48.6923]]],
[[[134.2391,-4.0356,83.4232],[134.2441,-4.0379,112.9577],[134.2596,-4.0397,8.2319],[134.2608,-4.0421,7.3818],[134.2649,-4.0319,0.0],[134.2617,-4.0282,0.0],[134.2599,-4.0168,0.0],[134.2561,-4.012,0.0],[134.2407,-4.0002,0.0],[134.2302,-3.9967,0.0],[134.226,-3.9935,0.0],[134.2215,-3.9931,0.0],[134.2219,-3.9954,14.4021],[134.227,-3.9967,9.9418],[134.2287,-3.9988,5.9124],[134.2267,-4.0102,0.0],[134.2311,-4.0138,20.8827],[134.2298,-4.0192,8.0623],[134.2311,-4.0267,0.0],[134.2353,-4.0341,69.5808],[134.2391,-4.0356,83.4232]]],
[[[134.1167,-3.9313,0.0],[134.1141,-3.9287,12.4853],[134.112,-3.9295,49.5088],[134.1066,-3.9233,14.4247],[134.1029,-3.9243,0.0],[134.1011,-3.9225,22.9759],[134.0995,-3.9205,56.0698],[134.1025,-3.9156,0.0],[134.1009,-3.9143,5.3518],[134.0965,-3.9149,13.6812],[134.0954,-3.917,103.285],[134.0919,-3.9143,0.0],[134.0894,-3.9148,32.2048],[134.0806,-3.9186,56.4869],[134.0716,-3.9174,0.0],[134.0675,-3.9204,206.7309],[134.0551,-3.9173,0.0],[134.0518,-3.9232,18.6271],[134.0542,-3.9258,0.0],[134.0608,-3.9285,5.7439],[134.0644,-3.935,0.0],[134.0652,-3.94,0.0],[134.0699,-3.939,24.9483],[134.074,-3.9435,27.8453],[134.0738,-3.9596,0.0],[134.0776,-3.9693,59.1514],[134.0855,-3.9813,29.7164],[134.0918,-3.9833,63.334],[134.0933,-3.9873,36.2748],[134.0994,-3.9887,11.1561],[134.1039,-3.9873,38.4422],[134.1064,-3.9882,0.0],[134.1079,-3.9867,45.3331],[134.1133,-3.9921,18.5211],[134.1229,-3.995,19.8571],[134.1241,-3.9967,13.0044],[134.1266,-3.9964,0.0],[134.1276,-3.9942,29.6405],[134.1319,-3.9951,14.4889],[134.1337,-3.994,64.0541],[134.1365,-3.9981,0.0],[134.1405,-3.9961,44.7715],[134.1433,-3.9994,33.7839],[134.1508,-3.9995,88.8307],[134.1584,-4.0045,116.7557],[134.1688,-4.0055,120.597],[134.1708,-4.007,7.2565],[134.1664,-4.0114,18.3665],[134.1673,-4.0146,43.1312],[134.1731,-4.0146,18.3485],[134.1744,-4.0168,14.7984],[134.1765,-4.0149,35.3845],[134.1865,-4.0211,46.6091],[134.1968,-4.0221,55.3662],[134.1971,-4.0241,72.548],[134.1944,-4.0253,12.4332],[134.1953,-4.028,38.2874],[134.2025,-4.0297,41.5058],[134.2051,-4.0284,0.0],[134.2057,-4.0228,106.2668],[134.2079,-4.0238,24.4573],[134.21,-4.0223,0.0],[134.2043,-4.0127,0.0],[134.2005,-4.0159,0.0],[134.1932,-4.0127,0.0],[134.1876,-4.0077,0.0],[134.1813,-4.008,0.0],[134.1778,-4.0039,58.2023],[134.1788,-4.0003,0.0],[134.1749,-3.9938,0.0],[134.1696,-3.9932,4.5896],[134.1662,-3.9797,0.0],[134.1681,-3.9754,0.0],[134.1572,-3.9655,0.0],[134.1565,-3.9678,16.9594],[134.1612,-3.9746,4.5676],[134.1635,-3.9739,27.4041],[134.1643,-3.9784,48.3018],[134.1623,-3.9792,0.0],[134.1597,-3.977,0.0],[134.1549,-3.9713,0.0],[134.1507,-3.969,0.0],[134.1473,-3.9593,0.0],[134.1366,-3.9527,0.0],[134.1225,-3.9394,0.0],[134.1214,-3.9353,11.8271],[134.1233,-3.9319,0.0],[134.1166,-3.9336,0.0],[134.1167,-3.9313,0.0]]],
[[[134.1671,-3.8016,0.0],[134.1697,-3.7981,0.0],[134.1691,-3.7927,0.0],[134.1659,-3.797,0.0],[134.1671,-3.8016,0.0]]],
[[[134.8976,-3.9464,5.9653],[134.9044,-3.9445,13.8851],[134.904,-3.9391,9.9936],[134.8975,-3.9383,2.4138],[134.8936,-3.9419,0.0],[134.8931,-3.9452,0.0],[134.8976,-3.9464,5.9653]]],
[[[134.0414,-3.9081,8.4874],[134.0467,-3.9112,54.5354],[134.0507,-3.91,0.0],[134.0515,-3.908,0.0],[134.049,-3.9074,0.0],[134.0414,-3.9081,8.4874]]],
[[[134.0187,-3.8653,9.833],[134.0208,-3.8655,59.4394],[134.0235,-3.8692,0.0],[134.0312,-3.868,0.0],[134.0359,-3.861,0.0],[134.04,-3.8501,0.0],[134.0343,-3.8508,5.3074],[134.0237,-3.8586,205.3037],[134.0144,-3.8571,83.9374],[134.0112,-3.8581,61.8973],[134.0118,-3.8606,86.8226],[134.0146,-3.8611,91.838],[134.0143,-3.8662,0.0],[134.0187,-3.8653,9.833]]],
[[[134.098,-3.8356,4.1564],[134.0957,-3.8394,0.0],[134.097,-3.8411,13.9139],[134.1,-3.8372,6.954],[134.1004,-3.8333,0.0],[134.098,-3.8356,4.1564]]],
[[[134.0506,-3.8292,0.0],[134.05,-3.8249,0.0],[134.0444,-3.823,36.7993],[134.0429,-3.819,0.0],[134.0406,-3.8196,0.0],[134.0369,-3.8162,0.0],[134.0321,-3.8166,69.0795],[134.0271,-3.8126,0.0],[134.0246,-3.8129,36.4526],[134.0227,-3.8182,0.0],[134.0283,-3.8215,79.0424],[134.0235,-3.8249,63.2649],[134.0209,-3.8248,63.5312],[134.0204,-3.8185,0.0],[134.0172,-3.8186,0.0],[134.0129,-3.8256,51.0148],[134.0106,-3.8244,70.3653],[134.0121,-3.8221,85.3566],[134.0112,-3.8202,39.3573],[134.0025,-3.8215,76.2536],[134.0013,-3.8287,77.2102],[134.0057,-3.8335,64.8305],[134.0106,-3.8338,70.421],[134.0099,-3.8361,88.75],[134.0039,-3.8362,20.7143],[134.0032,-3.8391,27.2017],[134.0074,-3.8428,98.8874],[134.0067,-3.8455,66.8275],[134.0007,-3.8417,79.9548],[134.0003,-3.8462,164.9567],[134.0023,-3.8535,0.0],[134.0042,-3.8546,0.0],[134.0089,-3.8496,0.0],[134.0203,-3.8481,0.0],[134.0237,-3.8507,0.0],[134.0257,-3.85,0.0],[134.0243,-3.8471,0.0],[134.0435,-3.8435,0.0],[134.0484,-3.836,0.0],[134.0506,-3.8292,0.0]]],
[[[134.4762,-2.8597,0.0],[134.4799,-2.8625,0.0],[134.4828,-2.8596,7.5854],[134.4837,-2.8573,21.6724],[134.4797,-2.8523,0.0],[134.475,-2.8581,0.0],[134.4762,-2.8597,0.0]]],
[[[134.4596,-2.8197,0.0],[134.4576,-2.8235,0.0],[134.4598,-2.8259,0.0],[134.4623,-2.8261,0.0],[134.4634,-2.8241,0.0],[134.4596,-2.8197,0.0]]],
[[[133.9362,-3.8847,0.0],[133.9378,-3.8806,0.0],[133.9361,-3.8771,0.0],[133.9313,-3.8792,44.0192],[133.9292,-3.8852,0.0],[133.9318,-3.8876,0.0],[133.9362,-3.8847,0.0]]],
[[[133.9007,-3.7564,0.0],[133.9016,-3.7469,0.0],[133.8966,-3.7347,0.0],[133.8927,-3.7314,0.0],[133.8911,-3.7332,75.7585],[133.889,-3.7307,44.8343],[133.8896,-3.7254,0.0],[133.8881,-3.7238,0.0],[133.877,-3.72,30.539],[133.8745,-3.7215,81.1437],[133.8698,-3.7316,133.0878],[133.8707,-3.7384,99.1757],[133.8812,-3.7735,20.5035],[133.8845,-3.7769,36.2108],[133.8869,-3.7835,143.5673],[133.8868,-3.7999,81.0403],[133.891,-3.807,99.4336],[133.8913,-3.8105,0.0],[133.8949,-3.8148,168.5632],[133.8965,-3.8284,118.2317],[133.8993,-3.8363,0.0],[133.9081,-3.849,0.0],[133.9103,-3.8503,10.0505],[133.9126,-3.8491,80.7394],[133.913,-3.8526,14.338],[133.9162,-3.8556,85.3043],[133.9226,-3.8677,61.4045],[133.9231,-3.8712,66.7778],[133.9213,-3.8751,0.0],[133.926,-3.8786,3.9592],[133.9281,-3.8774,50.9673],[133.9263,-3.8703,29.3131],[133.932,-3.8582,0.0],[133.9295,-3.854,0.0],[133.9293,-3.8462,0.0],[133.923,-3.8476,79.3201],[133.9267,-3.8366,0.0],[133.9216,-3.8224,0.0],[133.9135,-3.8081,0.0],[133.9083,-3.8056,72.7779],[133.9083,-3.8033,15.0568],[133.91,-3.8021,0.0],[133.9037,-3.7874,0.0],[133.9039,-3.7754,0.0],[133.9012,-3.7609,0.0],[133.8989,-3.7606,0.0],[133.9007,-3.7564,0.0]]],
[[[134.01,-3.8164,0.0],[134.0139,-3.813,0.0],[134.0111,-3.8128,0.0],[134.0086,-3.8149,0.0],[134.01,-3.8164,0.0]]],
[[[133.7377,-2.2461,23.906],[133.7485,-2.247,15.8989],[133.7545,-2.2508,0.0],[133.7596,-2.2499,0.0],[133.7633,-2.2454,0.0],[133.7715,-2.2245,0.0],[133.7721,-2.2182,0.0],[133.7626,-2.2151,0.0],[133.7377,-2.2268,22.6856],[133.7026,-2.2519,25.4811],[133.6905,-2.2547,23.8192],[133.6874,-2.2587,10.2764],[133.6864,-2.263,0.0],[133.688,-2.2665,0.0],[133.6912,-2.2669,0.0],[133.7185,-2.2559,22.9669],[133.7301,-2.2474,0.0],[133.7377,-2.2461,23.906]]],
[[[133.7766,-2.1867,0.0],[133.779,-2.1807,3.8655],[133.7772,-2.1793,0.0],[133.7667,-2.1827,0.0],[133.76,-2.1831,22.8903],[133.7512,-2.1816,21.8134],[133.7371,-2.176,0.0],[133.7338,-2.1769,0.0],[133.7307,-2.1818,20.001],[133.7287,-2.1988,22.9526],[133.7234,-2.2067,22.6144],[133.7087,-2.2183,24.1138],[133.6894,-2.2226,22.1994],[133.6866,-2.2245,23.5431],[133.6854,-2.2289,20.2598],[133.6862,-2.2317,22.6813],[133.6921,-2.2341,23.021],[133.6994,-2.2411,0.0],[133.7079,-2.2402,20.5713],[133.727,-2.2235,0.0],[133.7399,-2.2159,0.0],[133.7477,-2.2093,0.0],[133.7525,-2.207,0.0],[133.7608,-2.2066,0.0],[133.7766,-2.1867,0.0]]],
[[[133.898,-2.1109,15.0128],[133.8926,-2.1125,11.5967],[133.8897,-2.1195,25.4471],[133.8929,-2.1337,0.0],[133.8969,-2.1349,0.0],[133.9121,-2.1329,5.7164],[133.928,-2.1187,5.1719],[133.9273,-2.1147,12.2905],[133.9243,-2.1118,0.0],[133.9145,-2.1078,0.562],[133.898,-2.1109,15.0128]]],
[[[133.9357,-2.0998,8.8481],[133.936,-2.0965,9.208],[133.9344,-2.0949,12.0624],[133.9257,-2.1026,0.0],[133.931,-2.1088,8.9619],[133.9295,-2.114,6.6914],[133.9332,-2.1142,5.649],[133.9356,-2.1103,10.6539],[133.9357,-2.0998,8.8481]]],
[[[134.3945,-2.5393,0.0],[134.3914,-2.5365,49.7991],[134.39,-2.532,6.4422],[134.3826,-2.5309,12.7918],[134.3783,-2.5232,0.0],[134.3721,-2.5262,16.0037],[134.3709,-2.5285,23.5502],[134.373,-2.5417,34.9221],[134.3702,-2.5509,1.064],[134.3761,-2.5557,39.6572],[134.3795,-2.5676,0.0],[134.3872,-2.5791,0.0],[134.3899,-2.5787,0.0],[134.3926,-2.5756,0.0],[134.3961,-2.5613,0.0],[134.3941,-2.5426,0.0],[134.3957,-2.5412,0.0],[134.3945,-2.5393,0.0]]],
[[[134.5245,-2.4568,0.0],[134.5213,-2.4528,41.6568],[134.5171,-2.4567,0.0],[134.5216,-2.4585,0.0],[134.5245,-2.4568,0.0]]],
[[[134.5334,-2.4392,0.0],[134.5372,-2.4377,0.0],[134.532,-2.4368,0.0],[134.5307,-2.4387,0.0],[134.5334,-2.4392,0.0]]],
[[[134.3021,-2.487,3.9883],[134.3034,-2.4977,0.0],[134.3067,-2.5026,0.0],[134.3089,-2.5006,0.0],[134.3086,-2.4956,0.0],[134.305,-2.4823,0.0],[134.3018,-2.4854,6.5896],[134.3021,-2.487,3.9883]]],
[[[134.2835,-2.4767,0.0],[134.2852,-2.472,15.6661],[134.2819,-2.4733,21.327],[134.2813,-2.4759,0.0],[134.2835,-2.4767,0.0]]],
[[[134.5276,-2.4373,0.0],[134.5221,-2.4343,39.2729],[134.5175,-2.4385,0.0],[134.5222,-2.4406,0.0],[134.5276,-2.4373,0.0]]],
[[[134.5226,-2.4255,3.0592],[134.5193,-2.4254,0.0],[134.5181,-2.4286,0.0],[134.5209,-2.4277,0.0],[134.5226,-2.4255,3.0592]]],
[[[134.5761,-2.4284,30.8317],[134.5762,-2.4196,42.3886],[134.5635,-2.4145,74.0584],[134.5608,-2.411,95.5003],[134.5609,-2.4054,8.1388],[134.5642,-2.4036,0.0],[134.5734,-2.4054,0.0],[134.575,-2.4041,4.9459],[134.5745,-2.3992,33.7891],[134.5766,-2.3985,0.0],[134.5792,-2.3983,0.0],[134.5833,-2.4024,0.0],[134.5854,-2.4027,0.0],[134.5875,-2.4007,0.0],[134.5885,-2.3938,63.1408],[134.5863,-2.3845,57.4481],[134.5844,-2.383,139.2849],[134.5804,-2.3847,125.0451],[134.5782,-2.3838,64.4746],[134.5781,-2.3755,18.849],[134.5721,-2.3633,69.2891],[134.5722,-2.3556,23.568],[134.5759,-2.3421,0.0],[134.5732,-2.3365,90.2153],[134.5731,-2.3312,55.8063],[134.5771,-2.3193,0.0],[134.5693,-2.3112,0.0],[134.57,-2.3036,0.0],[134.5733,-2.2949,20.7246],[134.5706,-2.2848,29.5286],[134.5628,-2.2836,37.1017],[134.5617,-2.2884,0.0],[134.5645,-2.2955,1.4874],[134.5606,-2.2995,0.0],[134.5624,-2.3016,2.991],[134.562,-2.3051,56.4826],[134.5601,-2.3062,42.4341],[134.5627,-2.321,0.0],[134.56,-2.3259,10.6068],[134.5512,-2.3334,13.9557],[134.5522,-2.3367,0.0],[134.5649,-2.3387,0.0],[134.5684,-2.3433,0.0],[134.5687,-2.3471,16.4125],[134.5656,-2.3529,12.6192],[134.5597,-2.3533,60.2906],[134.5578,-2.3551,0.0],[134.5608,-2.3585,0.0],[134.5623,-2.3638,0.0],[134.5598,-2.3696,21.5029],[134.558,-2.3712,4.2818],[134.5553,-2.3711,21.4509],[134.5509,-2.3689,97.7131],[134.5443,-2.3693,38.6947],[134.5367,-2.3671,37.9536],[134.5322,-2.3677,37.1803],[134.5294,-2.3698,149.3277],[134.5237,-2.3667,77.1456],[134.5114,-2.3671,8.6251],[134.5043,-2.362,29.9029],[134.5022,-2.3665,0.0],[134.5049,-2.3714,0.0],[134.504,-2.3768,0.0],[134.5072,-2.3784,0.0],[134.5108,-2.3837,0.0],[134.5205,-2.3859,12.8944],[134.52,-2.3882,35.7085],[134.5098,-2.3874,36.8856],[134.5073,-2.3892,0.0],[134.5088,-2.3983,0.0],[134.5128,-2.4033,0.0],[134.5181,-2.4049,0.0],[134.5245,-2.4032,0.0],[134.5294,-2.4049,0.0],[134.5291,-2.4104,0.0],[134.5337,-2.4152,0.0],[134.5514,-2.4136,0.0],[134.5615,-2.4178,3.8847],[134.5509,-2.4224,16.3437],[134.5459,-2.4217,4.0757],[134.5423,-2.4267,84.6746],[134.5323,-2.4279,39.7678],[134.5314,-2.4306,0.0],[134.5338,-2.4331,0.0],[134.5413,-2.4343,0.0],[134.5461,-2.4381,0.0],[134.555,-2.4381,0.0],[134.5621,-2.4436,0.0],[134.5642,-2.4436,0.0],[134.5683,-2.4353,0.0],[134.5739,-2.4352,0.0],[134.5766,-2.4335,0.0],[134.5761,-2.4284,30.8317]]],
[[[134.5487,-2.3526,2.6972],[134.5448,-2.3519,20.9911],[134.5421,-2.3535,0.0],[134.5477,-2.3554,0.0],[134.5499,-2.3547,0.0],[134.5487,-2.3526,2.6972]]],
[[[134.5165,-2.3546,0.0],[134.5214,-2.3533,0.0],[134.5241,-2.3556,0.0],[134.5276,-2.3544,0.0],[134.5276,-2.352,27.5643],[134.5184,-2.3448,85.5989],[134.5124,-2.345,11.43],[134.5072,-2.3474,92.6925],[134.5036,-2.3439,65.142],[134.5018,-2.3462,0.0],[134.5009,-2.3524,0.0],[134.5102,-2.3548,0.0],[134.5148,-2.353,0.0],[134.5165,-2.3546,0.0]]],
[[[134.4861,-2.2982,0.0],[134.4823,-2.2986,0.0],[134.466,-2.3107,0.0],[134.4618,-2.3179,0.0],[134.4627,-2.3258,0.0],[134.4688,-2.329,0.0],[134.4717,-2.3287,0.0],[134.4766,-2.3164,0.0],[134.4863,-2.3116,0.0],[134.491,-2.3074,0.0],[134.4915,-2.3013,0.0],[134.4861,-2.2982,0.0]]],
[[[134.5318,-2.3107,0.0],[134.5329,-2.3088,0.0],[134.5317,-2.3062,111.2947],[134.5256,-2.3017,88.8956],[134.5184,-2.3009,21.0387],[134.5243,-2.3134,0.0],[134.5318,-2.3107,0.0]]],
[[[134.4819,-2.2053,0.0],[134.4777,-2.2126,0.0],[134.4777,-2.2255,0.0],[134.4719,-2.2377,0.0],[134.472,-2.242,0.0],[134.4753,-2.2443,0.0],[134.4783,-2.2413,0.0],[134.4872,-2.2243,0.0],[134.4947,-2.2165,0.0],[134.4951,-2.2139,0.0],[134.4855,-2.2035,0.0],[134.4828,-2.2023,0.0],[134.4819,-2.2053,0.0]]],
[[[134.7702,-2.2113,0.0],[134.7683,-2.2082,4.5322],[134.7655,-2.2084,0.0],[134.7679,-2.2138,0.0],[134.7699,-2.2136,0.0],[134.7702,-2.2113,0.0]]],
[[[134.7368,-2.1486,15.5548],[134.7414,-2.1586,0.0],[134.7443,-2.1604,0.0],[134.7467,-2.1599,0.0],[134.7471,-2.1557,0.0],[134.7391,-2.1479,3.9373],[134.7368,-2.1486,15.5548]]],
[[[134.3407,-2.1456,0.0],[134.3407,-2.154,0.0],[134.3468,-2.1659,0.0],[134.3511,-2.167,11.1864],[134.3537,-2.1582,18.0466],[134.3584,-2.1573,21.0106],[134.3612,-2.1549,78.0528],[134.3697,-2.1433,27.5452],[134.3728,-2.1305,108.5323],[134.3811,-2.1185,26.6676],[134.3798,-2.1057,70.3234],[134.3838,-2.1028,39.0716],[134.389,-2.1032,0.0],[134.3917,-2.0962,30.6858],[134.3839,-2.0894,66.6004],[134.383,-2.0862,76.6667],[134.3842,-2.082,8.9087],[134.3918,-2.0767,109.1313],[134.3932,-2.0788,0.0],[134.3958,-2.0785,0.0],[134.3966,-2.0759,84.3347],[134.4012,-2.0764,9.7745],[134.4051,-2.0728,9.313],[134.3995,-2.0667,42.1878],[134.3971,-2.0661,30.699],[134.407,-2.044,0.0],[134.4095,-2.0442,42.49],[134.4108,-2.0462,0.0],[134.4126,-2.0454,0.0],[134.4129,-2.0425,0.0],[134.4073,-2.0357,48.8783],[134.4075,-2.0221,64.5396],[134.4052,-2.0149,7.5013],[134.4057,-2.0021,3.4988],[134.4047,-2.0001,0.0],[134.3925,-1.9941,0.0],[134.3768,-1.9918,0.0],[134.3618,-1.9981,0.0],[134.3559,-2.01,0.0],[134.3452,-2.0255,0.0],[134.3399,-2.0442,0.0],[134.3261,-2.0625,0.0],[134.319,-2.0694,0.0],[134.3158,-2.0756,0.0],[134.3146,-2.0833,0.0],[134.3196,-2.0869,0.0],[134.3239,-2.0861,61.1303],[134.3278,-2.0882,0.0],[134.3276,-2.091,0.0],[134.3251,-2.095,15.3065],[134.3224,-2.0949,45.9987],[134.3173,-2.089,0.0],[134.3152,-2.0892,0.0],[134.311,-2.0931,0.0],[134.3109,-2.0993,0.0],[134.3147,-2.1003,3.2221],[134.3172,-2.0985,19.1544],[134.3194,-2.0992,13.2712],[134.3207,-2.1012,0.0],[134.3336,-2.1062,33.9419],[134.3351,-2.1086,0.0],[134.3364,-2.1136,0.0],[134.334,-2.1231,0.0],[134.3345,-2.1347,0.0],[134.3407,-2.1456,0.0]]],
[[[134.7276,-2.0808,31.4219],[134.7287,-2.0742,0.0],[134.7249,-2.0724,10.2613],[134.7225,-2.0756,15.6746],[134.7229,-2.0827,9.5711],[134.7268,-2.0857,0.0],[134.7288,-2.0836,0.0],[134.7276,-2.0808,31.4219]]],
[[[134.1367,-2.1407,0.0],[134.1387,-2.1419,0.0],[134.1402,-2.1404,0.0],[134.1356,-2.1347,29.7268],[134.1357,-2.1386,8.9493],[134.1367,-2.1407,0.0]]],
[[[134.1495,-2.0846,0.0],[134.1506,-2.0869,0.0],[134.1525,-2.086,6.6132],[134.151,-2.0794,15.4257],[134.1488,-2.0786,0.0],[134.1492,-2.081,0.0],[134.1495,-2.0846,0.0]]],
[[[134.1543,-2.0713,0.0],[134.1563,-2.0678,5.3023],[134.1544,-2.0664,24.8201],[134.1525,-2.0678,10.7791],[134.1543,-2.0713,0.0]]],
[[[134.158,-2.0501,5.074],[134.1553,-2.032,78.1895],[134.1563,-2.0269,2.2757],[134.1589,-2.027,0.0],[134.1581,-2.0159,0.0],[134.1511,-2.003,11.0477],[134.1498,-2.0048,0.0],[134.1519,-2.013,37.7015],[134.1483,-2.0263,8.1944],[134.1514,-2.034,26.999],[134.148,-2.0368,0.0],[134.151,-2.0498,0.0],[134.1536,-2.0539,0.0],[134.1564,-2.0545,0.0],[134.158,-2.0501,5.074]]],
[[[134.719,-2.0662,0.0],[134.721,-2.0659,0.0],[134.7217,-2.0638,0.0],[134.7176,-2.063,4.3781],[134.7167,-2.0651,0.0],[134.719,-2.0662,0.0]]],
[[[134.7284,-2.0224,8.6248],[134.7253,-2.026,4.8602],[134.7297,-2.0352,0.0],[134.7319,-2.0464,12.9298],[134.7369,-2.0519,4.6432],[134.7428,-2.0519,0.0],[134.7455,-2.0488,0.0],[134.7465,-2.0415,0.0],[134.7446,-2.0302,0.0],[134.7407,-2.0252,0.0],[134.7407,-2.0186,0.0],[134.7387,-2.0168,7.1393],[134.7365,-2.0174,14.5199],[134.7284,-2.0224,8.6248]]],
[[[134.7035,-1.9852,0.0],[134.7008,-1.9829,4.6071],[134.6984,-1.9835,0.0],[134.7035,-1.9895,0.0],[134.7059,-1.9902,0.0],[134.7054,-1.988,0.0],[134.7035,-1.9852,0.0]]],
[[[134.7011,-1.9759,0.0],[134.7008,-1.9799,0.0],[134.7032,-1.9804,0.0],[134.7033,-1.9767,0.0],[134.7011,-1.9759,0.0]]],
[[[134.136,-2.0217,6.8678],[134.134,-2.0226,18.3505],[134.1353,-2.0252,7.5195],[134.1371,-2.0236,0.0],[134.136,-2.0217,6.8678]]],
[[[134.1429,-1.9584,0.0],[134.1456,-1.958,0.0],[134.1447,-1.9551,12.2631],[134.1409,-1.9571,0.0],[134.1429,-1.9584,0.0]]],
[[[134.1474,-1.9453,24.4308],[134.1501,-1.9457,23.7519],[134.1483,-1.9413,24.7096],[134.1466,-1.943,0.0],[134.1474,-1.9453,24.4308]]],
[[[134.1714,-1.9263,21.43],[134.1748,-1.9194,2.2541],[134.173,-1.9122,19.2452],[134.1775,-1.9134,8.2614],[134.1819,-1.9108,6.33],[134.1858,-1.8922,3.8906],[134.1902,-1.8838,8.8352],[134.1911,-1.8884,30.9074],[134.1873,-1.9004,0.0],[134.1882,-1.9037,1.3539],[134.191,-1.9044,0.0],[134.1926,-1.9021,1.265],[134.2018,-1.8715,1.9525],[134.2013,-1.8672,21.6003],[134.2107,-1.8371,28.4319],[134.2148,-1.8295,7.5696],[134.2095,-1.8146,0.0],[134.2068,-1.8099,3.7348],[134.2048,-1.8095,0.0],[134.2005,-1.827,13.1026],[134.1993,-1.829,15.9488],[134.1967,-1.8267,11.101],[134.1989,-1.8073,0.0],[134.1952,-1.8013,4.1001],[134.1952,-1.7934,11.052],[134.207,-1.7817,4.3938],[134.2094,-1.7868,49.2179],[134.209,-1.7994,15.3546],[134.215,-1.7967,9.1336],[134.2215,-1.7892,9.9849],[134.2268,-1.7771,11.6301],[134.231,-1.7763,0.0],[134.234,-1.7635,0.0],[134.2376,-1.7571,29.7933],[134.2396,-1.7465,38.0781],[134.2264,-1.7354,0.0],[134.2217,-1.7341,5.2478],[134.2198,-1.7358,6.6132],[134.221,-1.74,0.0],[134.2198,-1.7426,2.2293],[134.2106,-1.7391,0.0],[134.2088,-1.7432,5.968],[134.2047,-1.7379,6.0193],[134.2023,-1.7382,3.8334],[134.2025,-1.7544,0.0],[134.1951,-1.7634,26.3564],[134.1829,-1.7834,1.2713],[134.18,-1.796,0.0],[134.1736,-1.8049,14.023],[134.159,-1.8195,0.0],[134.1517,-1.8224,0.0],[134.1481,-1.8291,26.7807],[134.1466,-1.8524,14.833],[134.1496,-1.8595,19.8718],[134.1499,-1.8678,7.128],[134.1469,-1.8802,6.9688],[134.1467,-1.8905,7.8598],[134.1426,-1.8962,4.0684],[134.1475,-1.9011,1.6009],[134.1368,-1.903,5.1133],[134.1353,-1.9084,18.625],[134.138,-1.9136,2.9626],[134.1445,-1.9094,5.4417],[134.146,-1.9117,22.1936],[134.1483,-1.9113,4.2169],[134.1505,-1.907,14.746],[134.1575,-1.9199,0.6849],[134.1594,-1.9347,0.0],[134.1641,-1.9421,41.6542],[134.165,-1.9498,7.5117],[134.1673,-1.9507,2.8006],[134.172,-1.9444,15.9372],[134.1695,-1.9337,37.3176],[134.1714,-1.9263,21.43]]],
[[[134.1376,-1.886,0.0],[134.1351,-1.8819,9.9858],[134.1328,-1.8863,0.0],[134.135,-1.8971,0.0],[134.1393,-1.8911,0.0],[134.1376,-1.886,0.0]]],
[[[134.2106,-1.8045,1.7472],[134.2085,-1.803,11.3561],[134.2063,-1.8047,0.0],[134.2102,-1.8087,15.7618],[134.2106,-1.8045,1.7472]]],
[[[134.1968,-1.7538,0.0],[134.1978,-1.7571,0.0],[134.1997,-1.7555,0.0],[134.1998,-1.7495,0.0],[134.1976,-1.7494,0.0],[134.1968,-1.7538,0.0]]],
[[[134.1121,-0.9136,0.0],[134.1067,-0.9089,0.0],[134.1068,-0.9013,0.0],[134.1036,-0.8905,0.0],[134.0988,-0.8885,1.5071],[134.0937,-0.8898,2.9723],[134.0904,-0.8941,11.4107],[134.0911,-0.8993,0.0],[134.0958,-0.9019,2.7699],[134.0992,-0.9071,0.0],[134.1051,-0.9223,0.0],[134.1093,-0.9217,0.0],[134.1124,-0.9161,0.0],[134.1121,-0.9136,0.0]]],
[[[134.0842,-0.8872,0.0],[134.0826,-0.8855,0.0],[134.08,-0.8858,0.0],[134.0783,-0.8879,3.8626],[134.0823,-0.889,2.373],[134.0842,-0.8872,0.0]]],
[[[133.992,-0.7401,0.0],[133.9935,-0.7418,3.2594],[133.9956,-0.7416,4.8252],[133.9967,-0.7367,6.695],[133.9951,-0.7352,0.0],[133.9928,-0.7366,0.0],[133.992,-0.7401,0.0]]],
[[[130.492,-2.2314,0.0],[130.494,-2.2334,0.0],[130.5001,-2.2345,0.0],[130.5001,-2.2285,0.0],[130.4916,-2.2292,0.0],[130.492,-2.2314,0.0]]],
[[[130.4286,-2.2119,114.4214],[130.4208,-2.211,118.0988],[130.4173,-2.2132,120.9785],[130.4124,-2.2122,62.0755],[130.4109,-2.2136,15.5182],[130.4041,-2.2123,0.0],[130.4034,-2.2103,0.0],[130.3976,-2.2194,0.0],[130.4009,-2.2185,0.0],[130.4052,-2.2206,0.0],[130.4164,-2.2184,0.0],[130.4251,-2.2221,0.0],[130.4317,-2.221,0.0],[130.436,-2.2238,0.0],[130.439,-2.2231,0.0],[130.4426,-2.2186,0.0],[130.4449,-2.2228,0.0],[130.444,-2.2248,0.0],[130.4459,-2.2254,0.0],[130.4476,-2.2238,0.0],[130.4504,-2.2272,0.0],[130.4523,-2.2239,0.0],[130.4551,-2.2227,0.0],[130.455,-2.2273,0.0],[130.4675,-2.2278,0.0],[130.4716,-2.2303,0.0],[130.4734,-2.2268,0.0],[130.4757,-2.2267,0.0],[130.4752,-2.2245,55.1805],[130.4678,-2.2217,43.5879],[130.4647,-2.2234,0.5843],[130.4638,-2.2214,3.9323],[130.4543,-2.2207,22.5883],[130.4536,-2.2186,0.0],[130.4345,-2.2139,82.2797],[130.4299,-2.2143,80.9527],[130.4286,-2.2119,114.4214]]],
[[[130.4146,-2.2007,0.0],[130.411,-2.2021,0.0],[130.4107,-2.2045,0.0],[130.4139,-2.2049,0.0],[130.4146,-2.2007,0.0]]],
[[[130.4573,-2.1679,0.0],[130.4484,-2.1692,0.0],[130.4474,-2.1713,20.1461],[130.4487,-2.1731,11.2227],[130.4573,-2.1679,0.0]]],
[[[130.4615,-2.1641,0.0],[130.4574,-2.1636,0.0],[130.4573,-2.1679,0.0],[130.4596,-2.1668,0.0],[130.4638,-2.1679,13.8489],[130.4615,-2.1641,0.0]]],
[[[130.4466,-2.1441,0.0],[130.4456,-2.1462,0.0],[130.4478,-2.1474,0.0],[130.454,-2.1462,0.0],[130.4575,-2.1483,0.0],[130.4641,-2.1476,17.3615],[130.4663,-2.1449,81.8907],[130.4622,-2.1434,0.0],[130.4466,-2.1441,0.0]]],
[[[130.4827,-2.139,40.6607],[130.4865,-2.1422,0.0],[130.4885,-2.1422,0.0],[130.4892,-2.14,17.3688],[130.4827,-2.139,40.6607]]],
[[[130.4797,-2.1414,0.0],[130.4821,-2.1417,0.0],[130.4827,-2.139,40.6607],[130.4764,-2.1391,48.2492],[130.4797,-2.1414,0.0]]],
[[[130.4864,-2.1351,1.2531],[130.485,-2.1331,13.2249],[130.4823,-2.1335,37.9361],[130.4825,-2.1363,73.8266],[130.4864,-2.1351,1.2531]]],
[[[130.4762,-2.1345,71.4368],[130.468,-2.1329,60.9052],[130.4649,-2.1338,87.5408],[130.4622,-2.1295,2.1171],[130.4583,-2.1314,36.138],[130.4557,-2.1277,54.1425],[130.4535,-2.129,2.905],[130.4422,-2.1214,0.0],[130.4402,-2.1244,5.4435],[130.4417,-2.1291,17.0965],[130.4449,-2.1327,0.0],[130.4477,-2.1302,0.0],[130.4491,-2.1336,0.0],[130.4533,-2.1366,0.0],[130.4599,-2.1368,0.0],[130.4679,-2.1406,0.0],[130.4719,-2.1401,0.0],[130.4762,-2.1345,71.4368]]],
[[[130.4075,-2.077,0.0],[130.4068,-2.0816,0.798],[130.412,-2.0806,1.576],[130.4144,-2.0784,0.0],[130.4162,-2.0798,0.5783],[130.4193,-2.0762,44.0599],[130.4237,-2.0751,25.581],[130.424,-2.073,17.0245],[130.4292,-2.0706,0.0],[130.4215,-2.0665,0.0],[130.4211,-2.0712,0.0],[130.4166,-2.0699,0.0],[130.4134,-2.0728,4.087],[130.4089,-2.0705,0.0],[130.4037,-2.0712,0.0],[130.4047,-2.0738,0.0],[130.4089,-2.0751,0.0],[130.4075,-2.077,0.0]]],
[[[130.449,-2.0727,0.0],[130.4557,-2.0722,0.0],[130.4591,-2.0691,73.4933],[130.4655,-2.0668,97.6274],[130.4649,-2.0649,66.9533],[130.461,-2.0638,6.8878],[130.4585,-2.0606,0.0],[130.4553,-2.0637,0.0],[130.4524,-2.0608,0.0],[130.449,-2.0675,91.5463],[130.4463,-2.0679,130.1786],[130.4462,-2.0656,77.4555],[130.4438,-2.0655,0.0],[130.4395,-2.0677,0.0],[130.4395,-2.0634,40.6633],[130.4375,-2.0624,61.9216],[130.4329,-2.0684,40.2104],[130.4344,-2.0698,37.3438],[130.4335,-2.0721,14.4773],[130.4352,-2.0732,0.0],[130.4403,-2.0716,19.6075],[130.449,-2.0727,0.0]]],
[[[130.4137,-2.0602,0.0],[130.4159,-2.0636,0.0],[130.4207,-2.0634,0.0],[130.427,-2.0668,0.0],[130.4299,-2.0667,7.765],[130.4316,-2.0647,0.0],[130.4305,-2.0605,34.2931],[130.4279,-2.0611,4.9171],[130.4287,-2.0557,0.0],[130.425,-2.0553,3.911],[130.4226,-2.0567,0.0],[130.4209,-2.0605,0.0],[130.4137,-2.0602,0.0]]],
[[[130.4498,-2.0129,70.5174],[130.4536,-2.0096,61.2126],[130.4633,-2.0087,0.0],[130.4647,-2.0132,0.0],[130.4696,-2.0132,0.0],[130.4678,-2.0066,0.0],[130.466,-2.0052,1.7521],[130.4642,-2.0064,0.0],[130.4603,-2.0033,10.0387],[130.4569,-2.006,17.8986],[130.4509,-2.0036,4.798],[130.4487,-2.0059,1.961],[130.4461,-2.0059,0.0],[130.4463,-2.0033,2.6344],[130.444,-2.0036,20.815],[130.4398,-2.011,52.7926],[130.4377,-2.0113,59.1622],[130.4374,-2.0048,0.0],[130.4333,-2.0044,12.0674],[130.4333,-2.0102,62.7072],[130.4323,-2.0131,65.5192],[130.4301,-2.0136,91.5927],[130.428,-2.0124,124.0718],[130.4289,-2.0082,41.5496],[130.4284,-2.0043,58.5086],[130.4267,-2.003,53.7003],[130.4246,-2.0043,3.5356],[130.4183,-2.0041,51.3902],[130.4166,-2.0087,17.069],[130.4143,-2.009,14.5751],[130.4148,-2.0046,16.8199],[130.4124,-1.996,0.0],[130.4038,-1.9941,14.5886],[130.3971,-1.9856,12.8273],[130.3908,-1.982,0.0],[130.3828,-1.9801,8.0542],[130.3883,-1.9765,8.0812],[130.396,-1.976,46.956],[130.4028,-1.9716,2.639],[130.4085,-1.971,29.3346],[130.4087,-1.9731,6.7905],[130.4048,-1.9774,0.0],[130.4107,-1.9858,14.7936],[130.4185,-1.9828,13.4379],[130.4187,-1.987,0.0],[130.423,-1.9874,22.7309],[130.4338,-1.9802,89.0986],[130.4393,-1.9788,65.1464],[130.4414,-1.9742,0.0],[130.4406,-1.9687,0.0],[130.4423,-1.9638,9.4727],[130.4392,-1.9611,5.3368],[130.445,-1.9544,0.0],[130.4429,-1.9534,0.0],[130.4361,-1.9564,5.8245],[130.4347,-1.9625,2.5333],[130.4326,-1.9634,0.5877],[130.4237,-1.9781,0.0],[130.4188,-1.9807,11.7992],[130.4285,-1.9651,0.0],[130.4327,-1.9534,3.2763],[130.4321,-1.9511,0.0],[130.4256,-1.9482,0.0],[130.4172,-1.9481,0.0],[130.4145,-1.9446,0.0],[130.4124,-1.9526,0.0],[130.4107,-1.9538,0.0],[130.4087,-1.9537,11.5391],[130.4079,-1.9499,0.0],[130.4058,-1.9494,0.0],[130.3934,-1.9516,4.0978],[130.3933,-1.9494,0.0],[130.3878,-1.9503,0.0],[130.3806,-1.945,0.0],[130.3786,-1.9491,4.1906],[130.3771,-1.9471,4.93],[130.3732,-1.9483,56.1269],[130.3742,-1.9447,22.419],[130.3705,-1.9422,21.9605],[130.3633,-1.9503,113.2793],[130.3573,-1.9484,0.0],[130.3593,-1.944,33.0451],[130.3657,-1.9405,37.4718],[130.3672,-1.9343,7.0864],[130.3647,-1.93,0.0],[130.3601,-1.9324,0.0],[130.3588,-1.9305,0.0],[130.3564,-1.9309,6.5783],[130.3546,-1.9326,11.4213],[130.3488,-1.9229,0.0],[130.3357,-1.9195,31.1859],[130.3374,-1.9161,58.1835],[130.3424,-1.9123,28.8718],[130.3505,-1.9155,16.5742],[130.3705,-1.8992,30.8686],[130.3728,-1.8997,32.9798],[130.3749,-1.9032,0.0],[130.3806,-1.8945,37.2139],[130.3887,-1.8879,38.5036],[130.4006,-1.8925,16.7331],[130.4068,-1.8906,20.7305],[130.4102,-1.8859,27.9301],[130.4079,-1.8799,18.356],[130.415,-1.8762,15.095],[130.4154,-1.8735,2.6943],[130.4085,-1.8644,15.8287],[130.4026,-1.8641,13.1503],[130.403,-1.8617,18.5207],[130.4096,-1.8614,11.7523],[130.4105,-1.8595,13.3642],[130.4079,-1.8555,25.7577],[130.4094,-1.8531,26.8278],[130.4134,-1.8512,26.3336],[130.4204,-1.8542,23.7271],[130.4226,-1.852,32.7996],[130.4253,-1.8578,31.6888],[130.4283,-1.8565,22.0617],[130.4334,-1.8467,32.5408],[130.4371,-1.8325,18.5345],[130.4542,-1.8302,0.0],[130.4542,-1.8278,0.0],[130.4395,-1.821,0.0],[130.4203,-1.7967,15.9138],[130.4172,-1.7864,13.8672],[130.4182,-1.7758,0.0],[130.4162,-1.7734,0.0],[130.4056,-1.7673,2.2632],[130.3987,-1.7608,0.0],[130.3837,-1.7533,0.0],[130.3794,-1.7519,0.0],[130.3735,-1.7548,7.6769],[130.3704,-1.7531,9.1324],[130.3706,-1.7506,0.0],[130.3673,-1.7466,0.0],[130.361,-1.7416,11.0128],[130.3459,-1.724,22.5277],[130.3474,-1.7181,10.4261],[130.3496,-1.7166,15.1228],[130.3617,-1.7159,20.0797],[130.3653,-1.7128,0.0],[130.3671,-1.7078,19.4892],[130.3654,-1.704,25.1607],[130.3749,-1.694,82.9887],[130.3783,-1.6822,0.0],[130.3768,-1.6768,0.0],[130.3737,-1.6736,0.0],[130.3663,-1.6698,0.0],[130.3564,-1.6683,0.0],[130.3456,-1.664,0.0],[130.3423,-1.6644,0.0],[130.3368,-1.6684,0.0],[130.3283,-1.6795,0.0],[130.2925,-1.6893,0.0],[130.2797,-1.6893,0.0],[130.2699,-1.6921,0.0],[130.264,-1.7005,0.0],[130.2635,-1.709,18.277],[130.2666,-1.7123,22.3484],[130.2541,-1.7235,0.0],[130.2458,-1.7225,0.0],[130.2422,-1.7185,0.0],[130.2387,-1.718,0.0],[130.2356,-1.7188,0.0],[130.2331,-1.723,0.0],[130.2265,-1.7219,0.0],[130.2246,-1.7192,0.0],[130.2103,-1.7196,0.0],[130.2007,-1.7137,0.0],[130.194,-1.7126,0.0],[130.1556,-1.7157,0.0],[130.1352,-1.713,3.7409],[130.1297,-1.7154,2.3136],[130.1275,-1.7147,15.1293],[130.1259,-1.7092,0.0],[130.1212,-1.7076,0.0],[130.1094,-1.71,0.0],[130.11,-1.7122,0.0],[130.1127,-1.7137,0.0],[130.1124,-1.7168,17.1321],[130.1011,-1.7185,0.0],[130.0968,-1.7205,0.8232],[130.0937,-1.724,0.0],[130.0705,-1.7218,0.0],[130.0631,-1.7183,0.0],[130.0538,-1.7187,0.0],[130.0267,-1.7351,0.0],[130.0061,-1.7363,0.0],[130.0005,-1.7388,0.0],[129.9859,-1.7492,0.0],[129.9769,-1.7608,0.0],[129.9731,-1.762,0.0],[129.9675,-1.7611,0.0],[129.9656,-1.7565,0.0],[129.9633,-1.7555,0.0],[129.9603,-1.7629,0.0],[129.9471,-1.7695,0.0],[129.9392,-1.7675,0.0],[129.9188,-1.7764,0.0],[129.8972,-1.7769,0.0],[129.8934,-1.7804,0.0],[129.8862,-1.7949,0.0],[129.88,-1.7993,0.0],[129.8706,-1.8021,0.0],[129.8605,-1.8121,0.0],[129.84,-1.8203,0.0],[129.8191,-1.8218,0.0],[129.8129,-1.8303,0.0],[129.8098,-1.8287,0.0],[129.8102,-1.8325,0.0],[129.8138,-1.836,0.0],[129.8122,-1.8375,20.882],[129.8093,-1.8357,25.0901],[129.806,-1.8267,0.0],[129.8037,-1.8258,0.0],[129.7832,-1.8364,0.0],[129.7737,-1.8387,0.0],[129.7653,-1.8369,0.0],[129.7423,-1.8442,0.0],[129.7286,-1.8566,0.0],[129.7238,-1.864,24.9477],[129.7233,-1.8693,0.0],[129.7183,-1.8698,0.0],[129.7179,-1.872,0.0],[129.7222,-1.882,14.9736],[129.7247,-1.8839,21.1687],[129.7314,-1.8821,34.8614],[129.7373,-1.8859,70.352],[129.7377,-1.8882,112.9937],[129.7357,-1.8892,69.4634],[129.7302,-1.8871,21.8582],[129.7271,-1.8878,18.003],[129.7242,-1.8899,0.0],[129.7255,-1.892,5.9595],[129.7421,-1.9013,57.695],[129.752,-1.9006,120.39],[129.7558,-1.9022,46.4819],[129.7633,-1.9106,150.4516],[129.7781,-1.9202,20.7222],[129.779,-1.9245,3.2501],[129.7861,-1.9302,5.1608],[129.7938,-1.9272,24.7928],[129.8054,-1.9301,35.8382],[129.8056,-1.9326,43.025],[129.8078,-1.9341,23.0651],[129.8139,-1.9328,56.9696],[129.8139,-1.9381,45.8026],[129.8159,-1.9404,4.747],[129.8245,-1.946,25.3237],[129.8366,-1.9575,40.0522],[129.8446,-1.9612,21.2994],[129.851,-1.9621,94.9574],[129.8518,-1.9671,45.0717],[129.8573,-1.9707,7.1627],[129.8622,-1.97,21.2413],[129.877,-1.9766,50.7585],[129.8963,-1.9794,122.5552],[129.8963,-1.9815,61.6548],[129.8983,-1.9827,102.0977],[129.9026,-1.9801,57.8745],[129.9071,-1.9877,0.0],[129.9168,-1.9883,59.316],[129.9184,-1.9932,30.4284],[129.9218,-1.9945,8.6447],[129.9244,-1.9939,12.7127],[129.9288,-1.996,119.7374],[129.9415,-1.9931,130.8421],[129.9447,-1.9988,77.1952],[129.9422,-2.0029,25.8404],[129.944,-2.0045,0.0],[129.9426,-2.0093,0.0],[129.9553,-2.0111,0.0],[129.9603,-2.0159,0.0],[129.9623,-2.0137,0.0],[129.965,-2.0145,0.0],[129.9705,-2.0108,21.3622],[129.9768,-2.0061,85.6814],[129.9788,-2.0025,95.2397],[129.9833,-2.0044,23.3258],[129.9833,-2.0068,0.0],[129.979,-2.0102,0.0],[129.9795,-2.0122,0.0],[129.9862,-2.0083,0.0],[129.9893,-2.0089,0.0],[129.9839,-2.0158,0.0],[129.9841,-2.0181,0.0],[129.9947,-2.0126,10.1414],[130.0006,-2.0166,0.0],[130.0031,-2.0128,0.0],[130.0062,-2.0154,0.0],[130.0078,-2.014,4.5764],[130.0075,-2.0112,36.168],[130.0098,-2.0101,23.4649],[130.0109,-2.0121,0.0],[130.0129,-2.0122,12.1286],[130.0132,-2.0099,40.1227],[130.018,-2.0085,41.07],[130.0196,-2.0099,7.9837],[130.0131,-2.0171,0.0],[130.006,-2.0207,0.0],[130.0096,-2.024,0.0],[130.0178,-2.0236,0.0],[130.0237,-2.0199,43.1074],[130.0239,-2.0239,0.0],[130.026,-2.0239,0.0],[130.0285,-2.0172,100.0026],[130.0346,-2.0125,50.1823],[130.035,-2.0169,70.8071],[130.033,-2.0227,43.4387],[130.0351,-2.0231,0.0],[130.0368,-2.0272,0.0],[130.0412,-2.0259,0.0],[130.0429,-2.0185,40.4552],[130.0483,-2.0147,93.545],[130.0494,-2.0165,111.9208],[130.0473,-2.0219,93.902],[130.0482,-2.0259,61.1099],[130.0555,-2.0156,11.9261],[130.0545,-2.0233,0.0],[130.0571,-2.0255,21.6575],[130.0657,-2.0271,0.0],[130.068,-2.0262,24.1285],[130.0699,-2.0213,133.7708],[130.0727,-2.0198,147.1986],[130.0853,-2.0197,0.0],[130.0933,-2.0171,100.1834],[130.0943,-2.0189,24.8938],[130.0865,-2.0247,7.806],[130.088,-2.0264,70.5741],[130.0865,-2.0285,17.0639],[130.0878,-2.0306,0.0],[130.0918,-2.0284,3.899],[130.1004,-2.0347,0.0],[130.1083,-2.037,0.0],[130.1073,-2.0397,0.0],[130.1021,-2.042,42.8495],[130.0975,-2.0403,0.0],[130.0905,-2.0404,0.0],[130.0908,-2.0465,0.0],[130.0951,-2.0465,0.0],[130.0981,-2.0506,0.0],[130.1011,-2.0511,0.0],[130.1039,-2.0507,0.0],[130.1078,-2.0469,74.0352],[130.1098,-2.0512,7.0814],[130.1157,-2.0539,0.0],[130.1157,-2.0595,0.0],[130.1171,-2.0611,0.0],[130.1222,-2.0617,0.0],[130.1273,-2.0568,32.692],[130.1344,-2.057,18.7799],[130.1378,-2.0546,18.3761],[130.1419,-2.0576,0.0],[130.148,-2.0558,17.6674],[130.1553,-2.0563,8.3058],[130.1612,-2.0536,66.7788],[130.1806,-2.0599,0.0],[130.1779,-2.062,0.0],[130.1726,-2.062,0.0],[130.1725,-2.0642,0.0],[130.1754,-2.0652,2.2907],[130.1865,-2.0629,35.6632],[130.1905,-2.06,26.8159],[130.1923,-2.0631,0.0],[130.1962,-2.0601,17.6137],[130.1978,-2.0623,0.0],[130.2007,-2.0627,0.0],[130.2135,-2.0567,100.7862],[130.2194,-2.057,56.659],[130.2257,-2.0541,67.6382],[130.2344,-2.0538,15.1031],[130.2364,-2.0556,0.0],[130.2426,-2.0551,0.0],[130.2445,-2.053,14.0223],[130.2537,-2.0535,17.246],[130.2635,-2.044,20.3885],[130.2622,-2.0341,35.5845],[130.2644,-2.0337,30.5423],[130.2678,-2.0298,17.9491],[130.2699,-2.0308,19.354],[130.2716,-2.0296,21.1963],[130.2615,-2.0222,35.0872],[130.2554,-2.0141,15.5152],[130.2479,-2.0095,10.0248],[130.2516,-2.0096,14.1221],[130.2646,-2.0156,12.7788],[130.2725,-2.0168,0.0],[130.2729,-2.012,93.3853],[130.264,-2.0058,16.8203],[130.2644,-2.0007,34.6281],[130.2665,-2.0007,18.2218],[130.2673,-2.0037,16.2265],[130.2708,-2.007,38.7758],[130.2826,-2.0131,82.6092],[130.293,-2.0119,4.2292],[130.293,-2.0095,85.6256],[130.2867,-2.0007,27.1367],[130.2882,-1.9986,35.8231],[130.2948,-2.0055,22.5606],[130.2975,-2.005,14.2258],[130.2996,-2.0007,10.0395],[130.3048,-2.0001,17.43],[130.3064,-1.9916,12.9008],[130.3179,-1.9773,53.0143],[130.322,-1.9657,75.2887],[130.3283,-1.9655,150.1976],[130.333,-1.9626,194.7798],[130.3382,-1.9543,100.0276],[130.3431,-1.9518,107.3477],[130.3456,-1.9529,102.127],[130.346,-1.9551,78.3045],[130.3379,-1.9594,175.2413],[130.3354,-1.9641,180.5163],[130.3392,-1.9717,0.0],[130.3303,-1.9695,17.2605],[130.3248,-1.9698,0.0],[130.3217,-1.9785,51.7302],[130.3227,-1.9813,0.0],[130.3356,-1.9797,41.804],[130.3347,-1.9846,0.0],[130.3362,-1.9867,0.0],[130.3477,-1.9868,27.7814],[130.3717,-1.9969,15.4894],[130.3743,-2.0005,4.8939],[130.3731,-2.005,0.0],[130.376,-2.012,0.0],[130.378,-2.0128,0.0],[130.3862,-2.0086,14.6302],[130.3911,-2.0114,0.0],[130.3927,-2.0148,5.6708],[130.389,-2.0181,0.0],[130.3867,-2.0174,0.0],[130.3851,-2.022,4.4836],[130.3825,-2.0237,2.6085],[130.3768,-2.0245,0.0],[130.3733,-2.0269,0.0],[130.3662,-2.0265,0.0],[130.3626,-2.0301,0.0],[130.361,-2.0368,0.0],[130.3633,-2.0384,0.0],[130.373,-2.0309,0.0],[130.375,-2.031,13.541],[130.3759,-2.0333,11.7277],[130.3819,-2.0322,0.0],[130.3892,-2.0361,4.1431],[130.3919,-2.0332,0.0],[130.395,-2.033,0.0],[130.4023,-2.0285,28.9625],[130.4021,-2.0258,11.9654],[130.4044,-2.0239,88.7123],[130.4105,-2.0228,37.8185],[130.4199,-2.0255,0.0],[130.4189,-2.0207,22.295],[130.4214,-2.019,51.0557],[130.4228,-2.0205,50.8987],[130.4228,-2.025,0.0],[130.4249,-2.0243,0.0],[130.4272,-2.0204,37.3455],[130.433,-2.0187,0.0],[130.4346,-2.0211,50.5157],[130.4408,-2.0193,0.0],[130.4441,-2.0226,0.0],[130.4455,-2.0211,0.0],[130.4453,-2.0163,0.0],[130.4498,-2.0129,70.5174]]],
[[[130.6204,-1.9982,0.0],[130.6185,-1.9995,0.0],[130.6122,-1.9988,20.1823],[130.6151,-2.0025,5.9528],[130.6178,-2.0027,0.0],[130.6273,-1.9987,0.0],[130.6204,-1.9982,0.0]]],
[[[130.6099,-2.0002,64.3903],[130.6122,-1.9988,20.1823],[130.6107,-1.9956,0.0],[130.6071,-1.9989,0.0],[130.6061,-1.9962,0.0],[130.6041,-1.9966,0.0],[130.6032,-2.0025,0.0],[130.6089,-2.0022,33.8644],[130.6099,-2.0002,64.3903]]],
[[[130.2595,-2.2323,0.0],[130.2666,-2.2366,0.0],[130.273,-2.232,13.1286],[130.2707,-2.2313,0.0],[130.27,-2.2291,67.9803],[130.2618,-2.2269,125.1111],[130.2522,-2.2257,0.0],[130.2455,-2.2283,0.0],[130.2463,-2.2327,0.0],[130.2516,-2.2321,0.0],[130.2553,-2.2339,0.0],[130.2595,-2.2323,0.0]]],
[[[130.1896,-2.202,0.0],[130.1943,-2.1982,0.0],[130.1907,-2.1971,0.0],[130.1898,-2.1991,0.0],[130.1853,-2.1982,0.0],[130.1824,-2.1999,0.0],[130.1821,-2.2024,0.0],[130.1868,-2.2025,0.0],[130.1896,-2.202,0.0]]],
[[[130.265,-2.1879,30.4537],[130.2575,-2.1885,57.757],[130.2551,-2.1902,19.9069],[130.2513,-2.1874,35.2771],[130.2401,-2.1859,141.041],[130.2349,-2.1835,121.6133],[130.2276,-2.1835,110.1979],[130.2243,-2.1855,12.7686],[130.2239,-2.1835,0.0],[130.2159,-2.1846,0.0],[130.2158,-2.1866,0.0],[130.2194,-2.1905,0.0],[130.2255,-2.1892,0.0],[130.2264,-2.1931,16.256],[130.2368,-2.1925,0.0],[130.24,-2.191,0.0],[130.2376,-2.1898,0.0],[130.2402,-2.1881,68.4971],[130.2435,-2.1885,81.5645],[130.2456,-2.1929,0.0],[130.2435,-2.1951,0.0],[130.239,-2.1958,0.0],[130.2364,-2.1991,34.2449],[130.2321,-2.1987,17.0315],[130.2319,-2.2008,0.0],[130.2206,-2.1972,0.0],[130.2187,-2.1996,0.0],[130.2319,-2.2055,0.0],[130.2353,-2.2093,0.0],[130.2414,-2.2109,0.0],[130.2473,-2.2154,0.0],[130.2536,-2.212,0.0],[130.2605,-2.2145,0.0],[130.2609,-2.2116,0.0],[130.2702,-2.2149,0.0],[130.2688,-2.2112,25.7664],[130.265,-2.2094,49.6472],[130.2634,-2.2012,150.8172],[130.2594,-2.1985,184.8076],[130.2614,-2.1967,168.9919],[130.2662,-2.1992,153.6663],[130.2761,-2.2004,0.0],[130.2796,-2.198,0.0],[130.2852,-2.2015,0.0],[130.2898,-2.2015,0.0],[130.2903,-2.1989,0.0],[130.2947,-2.1978,17.1602],[130.2953,-2.1951,121.0739],[130.2937,-2.1926,137.687],[130.2847,-2.1918,166.1907],[130.2832,-2.1903,65.2067],[130.2792,-2.1915,219.0959],[130.2776,-2.19,147.3536],[130.2737,-2.1918,98.114],[130.265,-2.1879,30.4537]]],
[[[130.3023,-2.1994,0.0],[130.303,-2.1973,0.0],[130.2975,-2.1957,143.8081],[130.2977,-2.1988,7.2787],[130.3023,-2.1994,0.0]]],
[[[130.3745,-2.1309,0.0],[130.3923,-2.1271,0.0],[130.3961,-2.1238,0.0],[130.3969,-2.1178,0.0],[130.3892,-2.1148,0.0],[130.3634,-2.1169,0.0],[130.3447,-2.1224,0.0],[130.3387,-2.1262,0.0],[130.3379,-2.1297,0.0],[130.3401,-2.1342,0.0],[130.3468,-2.1361,0.0],[130.3627,-2.1318,0.0],[130.3745,-2.1309,0.0]]],
[[[130.2734,-2.1202,0.0],[130.2675,-2.1214,0.0],[130.2614,-2.1257,0.0],[130.2611,-2.1285,0.0],[130.2707,-2.1273,0.0],[130.27,-2.1253,0.0],[130.2717,-2.1235,0.0],[130.273,-2.1254,0.6368],[130.2741,-2.1233,0.0],[130.2734,-2.1202,0.0]]],
[[[130.2998,-2.1168,0.0],[130.2931,-2.1191,0.0],[130.2881,-2.1257,0.0],[130.2894,-2.1346,0.0],[130.2914,-2.1371,0.0],[130.2971,-2.1371,0.0],[130.301,-2.1303,0.0],[130.3087,-2.1257,2.0673],[130.3175,-2.1158,0.0],[130.3146,-2.1115,0.0],[130.312,-2.1105,0.0],[130.3042,-2.1124,0.0],[130.2998,-2.1168,0.0]]],
[[[130.3975,-2.0884,0.0],[130.4037,-2.0852,0.0],[130.4062,-2.0809,13.8922],[130.4005,-2.0788,0.0],[130.3984,-2.083,0.0],[130.3959,-2.0816,0.0],[130.3973,-2.0766,0.0],[130.3962,-2.0749,0.0],[130.3898,-2.0791,0.0],[130.3896,-2.0811,0.0],[130.392,-2.081,0.0],[130.3954,-2.0875,0.0],[130.3975,-2.0884,0.0]]],
[[[130.1424,-2.0761,0.0],[130.1539,-2.0738,49.8516],[130.1591,-2.0705,21.5422],[130.1589,-2.0675,0.0],[130.1569,-2.0664,0.0],[130.1535,-2.0704,77.8529],[130.1501,-2.0708,0.0],[130.1456,-2.0662,0.0],[130.1421,-2.0716,0.0],[130.1424,-2.0761,0.0]]],
[[[130.0814,-2.0419,0.0],[130.0818,-2.0442,0.0],[130.0875,-2.0423,0.0],[130.0835,-2.0409,0.0],[130.0814,-2.0419,0.0]]],
[[[130.3787,-1.9379,2.0798],[130.3782,-1.9359,0.0],[130.3745,-1.9332,0.0],[130.3732,-1.9348,0.0],[130.3713,-1.9339,0.0],[130.3686,-1.9383,38.112],[130.3754,-1.9398,35.9738],[130.3787,-1.9379,2.0798]]],
[[[130.3646,-2.0575,0.0],[130.3688,-2.0572,0.0],[130.3673,-2.0548,51.3215],[130.3574,-2.0513,0.0],[130.3555,-2.0521,0.0],[130.3548,-2.0592,0.0],[130.3603,-2.0593,0.0],[130.3646,-2.0575,0.0]]],
[[[130.4018,-2.0385,0.0],[130.3974,-2.0384,0.0],[130.3882,-2.0458,0.0],[130.3906,-2.0468,0.0],[130.3988,-2.0454,12.1959],[130.3995,-2.0412,0.0],[130.4018,-2.0385,0.0]]],
[[[130.373,-2.0354,9.6308],[130.3725,-2.0402,8.466],[130.3745,-2.0449,0.0],[130.3773,-2.036,0.0],[130.373,-2.0354,9.6308]]],
[[[130.5819,-1.9968,62.3354],[130.5804,-1.9924,0.0],[130.5764,-1.9935,0.0],[130.5717,-1.9919,0.0],[130.5696,-1.9932,0.0718],[130.5676,-1.9921,0.0],[130.5674,-1.9889,0.0],[130.5643,-1.9908,18.5147],[130.56,-1.9862,0.0],[130.557,-1.9895,0.0],[130.5492,-1.9888,0.0],[130.5473,-1.994,27.5713],[130.5487,-1.9959,35.1596],[130.5558,-1.998,30.1651],[130.5654,-1.9984,100.2585],[130.5697,-2.002,83.2597],[130.5788,-2.0018,129.7443],[130.5884,-2.0053,30.8717],[130.5965,-2.003,115.189],[130.6001,-1.9984,0.0],[130.5901,-1.994,0.0],[130.5836,-1.9979,50.5911],[130.5819,-1.9968,62.3354]]],
[[[130.5441,-1.9923,0.0],[130.5461,-1.988,0.0],[130.5403,-1.9917,0.0],[130.5418,-1.9934,0.0],[130.5441,-1.9923,0.0]]],
[[[130.4743,-1.9811,0.0],[130.4724,-1.9804,0.0],[130.4708,-1.9817,0.0],[130.471,-1.9865,0.0],[130.4754,-1.9847,87.5794],[130.4743,-1.9811,0.0]]],
[[[130.477,-1.9868,0.0],[130.4814,-1.9853,105.5433],[130.4829,-1.9755,0.0],[130.4806,-1.9761,0.0],[130.477,-1.9868,0.0]]],
[[[130.5128,-1.9777,0.0],[130.5129,-1.9747,0.0],[130.5101,-1.976,0.0],[130.5104,-1.978,0.0],[130.5128,-1.9777,0.0]]],
[[[130.4658,-1.9736,14.9491],[130.4669,-1.9772,0.0],[130.4689,-1.9756,3.7713],[130.4688,-1.9728,2.6099],[130.4658,-1.9736,14.9491]]],
[[[130.4492,-1.9724,24.2801],[130.4472,-1.9796,0.0],[130.4483,-1.9819,2.2349],[130.4511,-1.9811,29.7429],[130.4534,-1.9844,0.0],[130.4557,-1.9849,103.7257],[130.4624,-1.9832,66.9174],[130.4648,-1.9775,0.0],[130.4622,-1.9781,0.0],[130.4599,-1.9748,0.0],[130.4593,-1.9682,0.0],[130.4565,-1.971,0.0],[130.4509,-1.9691,4.6935],[130.456,-1.965,12.6718],[130.4556,-1.9603,6.4575],[130.4503,-1.9665,9.9226],[130.4507,-1.963,2.767],[130.4442,-1.9666,0.0],[130.444,-1.9741,0.0],[130.4459,-1.9754,0.0],[130.4492,-1.9724,24.2801]]],
[[[130.4647,-1.9686,0.0],[130.4642,-1.9708,0.0],[130.4658,-1.9736,14.9491],[130.4672,-1.9684,4.1129],[130.4647,-1.9686,0.0]]],
[[[130.4758,-1.9691,0.0],[130.4759,-1.9643,2.5229],[130.4731,-1.968,0.0],[130.4746,-1.9716,0.0],[130.4758,-1.9691,0.0]]],
[[[130.46,-1.9645,1.52],[130.4587,-1.9662,8.7636],[130.4593,-1.9682,0.0],[130.4615,-1.9686,4.2793],[130.4615,-1.9664,16.4616],[130.46,-1.9645,1.52]]],
[[[130.4494,-1.9023,0.0],[130.4629,-1.9043,2.5889],[130.466,-1.8981,0.0],[130.4641,-1.8966,0.0],[130.451,-1.8967,0.0],[130.4495,-1.8979,0.0],[130.4494,-1.9023,0.0]]],
[[[129.7179,-1.86,0.0],[129.7199,-1.8611,0.0],[129.722,-1.8596,0.0],[129.726,-1.8524,0.0],[129.7219,-1.8518,0.0],[129.7187,-1.8558,0.0],[129.7179,-1.86,0.0]]],
[[[129.8128,-1.8227,0.0],[129.81,-1.8181,0.0],[129.8078,-1.8189,0.0],[129.8082,-1.8221,0.0],[129.8109,-1.8243,0.0],[129.8128,-1.8227,0.0]]],
[[[129.6539,-1.8194,33.1165],[129.6535,-1.7974,0.0],[129.65,-1.7928,16.853],[129.6487,-1.787,3.3219],[129.6457,-1.7857,23.4202],[129.6446,-1.7747,0.0],[129.6401,-1.765,0.0],[129.6379,-1.7644,0.0],[129.6349,-1.7676,0.0],[129.6312,-1.7812,0.0],[129.6325,-1.7854,13.8912],[129.6306,-1.7867,23.5203],[129.6258,-1.7846,27.2489],[129.6241,-1.7891,17.1324],[129.6297,-1.7998,8.0697],[129.6327,-1.7999,8.4285],[129.6372,-1.7964,7.3027],[129.6346,-1.8038,10.0813],[129.6344,-1.8101,0.0],[129.641,-1.8175,10.1122],[129.6443,-1.8276,11.8198],[129.6499,-1.8291,30.6829],[129.654,-1.8278,23.1803],[129.6539,-1.8194,33.1165]]],
[[[129.6177,-1.7623,0.0],[129.6102,-1.7665,0.0],[129.6095,-1.7713,0.0],[129.6184,-1.782,19.5213],[129.6229,-1.7844,36.2486],[129.6264,-1.7795,18.1191],[129.6275,-1.7741,0.0],[129.6198,-1.7632,0.0],[129.6177,-1.7623,0.0]]],
[[[129.7163,-1.7683,6.6546],[129.7141,-1.7685,15.6306],[129.7111,-1.7728,14.2278],[129.7133,-1.7732,0.9766],[129.7172,-1.771,0.0],[129.7163,-1.7683,6.6546]]],
[[[129.6568,-1.7728,0.0],[129.6536,-1.7646,0.0],[129.6498,-1.7631,0.0],[129.6475,-1.7673,0.0],[129.6495,-1.7731,0.0],[129.6563,-1.7752,17.9625],[129.6568,-1.7728,0.0]]],
[[[129.6843,-1.7515,0.0],[129.6862,-1.7659,0.0],[129.6916,-1.7768,0.0],[129.6933,-1.7754,0.0],[129.6942,-1.7644,3.368],[129.6927,-1.7569,13.9115],[129.6887,-1.748,0.0],[129.6858,-1.7476,0.0],[129.6843,-1.7515,0.0]]],
[[[131.2791,-1.5457,0.0],[131.2966,-1.5454,0.0],[131.2998,-1.5473,0.0],[131.3096,-1.5471,0.0],[131.3127,-1.5456,0.0],[131.3098,-1.5402,0.0],[131.3,-1.5333,0.0],[131.2947,-1.5327,0.0],[131.2783,-1.5343,0.0],[131.2716,-1.5396,0.0],[131.2703,-1.542,0.0],[131.2791,-1.5457,0.0]]],
[[[129.7025,-1.765,0.0],[129.7068,-1.7663,0.0],[129.7079,-1.7641,0.0],[129.7073,-1.7566,0.0],[129.7043,-1.7551,0.0],[129.7014,-1.76,0.0],[129.7025,-1.765,0.0]]],
[[[130.1364,-1.7081,0.0],[130.1389,-1.7069,0.0],[130.1371,-1.7055,0.0],[130.1324,-1.7072,0.0],[130.1327,-1.7092,0.0],[130.1364,-1.7081,0.0]]],
[[[129.931,-1.7107,0.0],[129.933,-1.7112,0.0],[129.9397,-1.7078,0.0],[129.9404,-1.7025,0.0],[129.9329,-1.7049,0.0],[129.931,-1.7107,0.0]]],
[[[130.1446,-1.705,0.0],[130.1436,-1.7074,0.0],[130.1506,-1.7091,0.0],[130.152,-1.7076,0.0],[130.1488,-1.7045,0.0],[130.1446,-1.705,0.0]]],
[[[129.775,-1.715,15.8136],[129.78,-1.7128,12.5817],[129.7804,-1.7096,13.157],[129.7766,-1.6982,0.0],[129.7748,-1.6968,0.0],[129.7728,-1.6975,0.0],[129.774,-1.7026,0.0],[129.7716,-1.7016,10.9742],[129.764,-1.6896,0.0],[129.7593,-1.6921,0.0],[129.7589,-1.6945,0.0],[129.763,-1.6962,0.0],[129.7654,-1.707,0.0],[129.7705,-1.7093,2.7876],[129.7735,-1.7065,12.9478],[129.775,-1.715,15.8136]]],
[[[129.9057,-1.6889,0.0],[129.9049,-1.6911,0.0],[129.9083,-1.6907,0.0],[129.9099,-1.6881,0.0],[129.9083,-1.6868,0.0],[129.9057,-1.6889,0.0]]],
[[[129.7831,-1.6843,0.0],[129.7807,-1.6828,0.0],[129.7788,-1.6843,0.0],[129.7788,-1.6869,0.0],[129.781,-1.6887,0.0],[129.7838,-1.6885,0.0],[129.7845,-1.6866,0.0],[129.7831,-1.6843,0.0]]],
[[[130.0487,-1.6835,0.0],[130.051,-1.6845,0.0],[130.0514,-1.6821,0.0],[130.0468,-1.6818,0.0],[130.0487,-1.6835,0.0]]],
[[[130.2625,-1.6944,0.0],[130.2505,-1.6987,0.0],[130.249,-1.7022,0.0],[130.2557,-1.706,26.4195],[130.259,-1.7053,26.7171],[130.264,-1.7005,0.0],[130.2649,-1.6955,0.0],[130.2625,-1.6944,0.0]]],
[[[130.235,-1.7024,0.0],[130.2393,-1.6974,0.0],[130.2309,-1.6966,0.0],[130.2248,-1.6991,0.0],[130.2258,-1.7015,0.0],[130.2304,-1.7031,0.0],[130.235,-1.7024,0.0]]],
[[[130.2077,-1.6416,0.0],[130.2076,-1.6387,0.0],[130.2027,-1.6366,0.0],[130.1973,-1.6377,0.0],[130.1959,-1.6397,0.0],[130.1973,-1.6414,0.0],[130.2077,-1.6416,0.0]]],
[[[130.3016,-1.6153,0.0],[130.3036,-1.6169,2.3142],[130.3078,-1.6157,9.736],[130.3115,-1.6127,0.0],[130.3106,-1.6104,0.0],[130.3024,-1.6107,0.0],[130.3007,-1.613,0.0],[130.3016,-1.6153,0.0]]],
[[[129.865,-1.664,0.0],[129.8636,-1.6668,13.239],[129.8652,-1.6683,11.4586],[129.8708,-1.6679,0.0],[129.8714,-1.6657,0.0],[129.8699,-1.6639,0.0],[129.8678,-1.6626,0.0],[129.865,-1.664,0.0]]],
[[[129.8507,-1.6556,0.0],[129.8507,-1.6576,0.0],[129.8551,-1.6634,0.0],[129.8566,-1.6613,0.0],[129.8636,-1.6618,0.0],[129.8642,-1.659,0.0],[129.8624,-1.6553,0.0],[129.8507,-1.6556,0.0]]],
[[[129.9073,-1.6179,0.0],[129.906,-1.6162,0.0],[129.9018,-1.6206,0.0],[129.9031,-1.6257,0.0],[129.9021,-1.631,0.0],[129.9062,-1.6405,0.0],[129.9122,-1.6383,13.7698],[129.9176,-1.6323,0.0],[129.9176,-1.6244,0.0],[129.9102,-1.6217,0.0],[129.9073,-1.6179,0.0]]],
[[[130.1347,-1.4831,0.0],[130.1343,-1.4808,0.0],[130.1322,-1.4804,0.0],[130.1307,-1.4844,0.0],[130.133,-1.4845,0.0],[130.1347,-1.4831,0.0]]],
[[[130.4751,-1.7696,0.0],[130.4773,-1.7699,0.0],[130.4771,-1.7658,0.0],[130.4748,-1.7671,0.0],[130.4751,-1.7696,0.0]]],
[[[130.5162,-1.5157,3.2088],[130.5202,-1.5221,0.0],[130.5228,-1.5221,0.0],[130.523,-1.5194,0.0],[130.5201,-1.5156,0.0],[130.5167,-1.5136,0.0],[130.5162,-1.5157,3.2088]]],
[[[130.4595,-1.4235,5.5553],[130.4558,-1.4261,13.4303],[130.4601,-1.4284,6.4545],[130.462,-1.4273,0.0],[130.4595,-1.4235,5.5553]]],
[[[130.489,-1.4216,5.6468],[130.4915,-1.4235,0.0],[130.4914,-1.4188,0.0],[130.4892,-1.4195,0.0],[130.489,-1.4216,5.6468]]],
[[[130.9162,-1.3272,3.6743],[130.9305,-1.3316,5.0515],[130.9307,-1.3344,0.0],[130.9341,-1.3374,0.0],[130.936,-1.3422,0.0],[130.9455,-1.3535,7.7525],[130.9637,-1.3627,0.0],[130.9677,-1.3631,0.0],[130.9794,-1.3553,0.0],[130.9848,-1.3469,0.0],[130.9922,-1.3237,34.9977],[130.9999,-1.3126,0.0],[131.0016,-1.3038,0.0],[131.0066,-1.2937,0.0],[131.0137,-1.2853,0.0],[131.0184,-1.2645,8.3331],[131.0345,-1.2628,0.0],[131.0396,-1.2571,0.0],[131.0432,-1.2433,0.0],[131.0412,-1.2302,15.5203],[131.0399,-1.2252,18.2565],[131.0325,-1.2134,46.5141],[131.0298,-1.2023,19.6456],[131.0238,-1.1955,27.2597],[131.0313,-1.1955,21.3225],[131.0433,-1.187,17.5537],[131.0439,-1.1807,17.6103],[131.0417,-1.1693,14.9962],[131.0449,-1.154,20.099],[131.0497,-1.141,24.7377],[131.052,-1.1233,15.6281],[131.0565,-1.1148,15.0189],[131.0612,-1.1112,23.1542],[131.0663,-1.1016,28.8479],[131.0671,-1.0971,18.4309],[131.0653,-1.0859,22.2619],[131.0708,-1.0735,20.9555],[131.0725,-1.0642,17.2752],[131.0717,-1.0417,10.6115],[131.0769,-1.0305,14.7949],[131.0771,-1.0222,22.6542],[131.08,-1.0145,2.1134],[131.0774,-1.0115,6.8024],[131.0833,-1.01,16.621],[131.0788,-1.0036,0.0],[131.0683,-1.0097,0.0],[131.0587,-1.007,18.266],[131.0625,-1.0035,21.8081],[131.0599,-1.0001,18.7323],[131.0633,-0.9972,22.4189],[131.0627,-0.9899,20.9633],[131.0656,-0.9809,18.3286],[131.0672,-0.9796,4.4946],[131.0754,-0.9806,1.5356],[131.077,-0.9788,14.5956],[131.0787,-0.9685,7.49],[131.0778,-0.9667,2.7905],[131.0696,-0.9676,3.0464],[131.0653,-0.9635,0.0],[131.0561,-0.9615,19.1533],[131.0568,-0.95,14.2643],[131.0505,-0.944,15.0851],[131.0527,-0.9383,5.3245],[131.0515,-0.9355,2.891],[131.0477,-0.9287,2.4451],[131.0401,-0.9275,44.1807],[131.038,-0.9202,11.5083],[131.0304,-0.9124,12.3409],[131.0243,-0.9121,0.0],[131.0134,-0.9197,0.0],[130.994,-0.9259,13.3643],[130.9905,-0.9256,31.8671],[130.9872,-0.9232,49.6453],[130.9853,-0.9194,32.3265],[130.9831,-0.9192,11.7935],[130.9764,-0.9245,13.9107],[130.9694,-0.9262,0.0],[130.9666,-0.931,0.0],[130.9686,-0.9321,7.9509],[130.964,-0.9362,9.3849],[130.9592,-0.9366,8.3697],[130.9549,-0.9325,6.231],[130.9502,-0.9337,5.1684],[130.9449,-0.9403,0.0],[130.9359,-0.9425,19.1872],[130.9258,-0.9329,2.3474],[130.9224,-0.9271,79.0348],[130.9243,-0.9208,25.2387],[130.9224,-0.9196,107.0373],[130.9227,-0.9168,98.3046],[130.9187,-0.9134,165.2058],[130.9205,-0.9048,53.3058],[130.9249,-0.8981,78.5293],[130.925,-0.8935,75.7051],[130.9185,-0.8903,0.0],[130.9182,-0.8953,0.0],[130.9084,-0.8949,0.0],[130.9005,-0.8988,37.1592],[130.8974,-0.8956,38.5281],[130.9003,-0.8914,3.7579],[130.8955,-0.8907,4.3767],[130.8844,-0.897,16.2256],[130.8639,-0.8954,11.2547],[130.858,-0.9054,7.9862],[130.8504,-0.9026,31.8505],[130.8484,-0.8978,27.0054],[130.8459,-0.8964,0.0],[130.8402,-0.9016,12.1979],[130.8379,-0.9014,25.5737],[130.8322,-0.897,15.4881],[130.83,-0.8976,0.0],[130.8304,-0.9021,0.0],[130.8259,-0.9077,0.0],[130.8186,-0.9108,13.2447],[130.8121,-0.9087,8.8976],[130.8053,-0.9138,18.1498],[130.7967,-0.9155,0.0],[130.7972,-0.9176,0.0],[130.7905,-0.9307,118.6429],[130.7882,-0.9315,148.7106],[130.7848,-0.9305,139.2976],[130.7825,-0.9263,0.0],[130.7783,-0.929,6.1202],[130.7632,-0.9319,11.3504],[130.7553,-0.9318,11.2333],[130.7471,-0.9294,6.4373],[130.7403,-0.9303,34.9066],[130.7201,-0.9435,80.4885],[130.7051,-0.943,12.9026],[130.6869,-0.9526,2.3697],[130.6515,-0.9546,74.3073],[130.6462,-0.956,0.0],[130.6434,-0.9604,26.0247],[130.636,-0.9602,46.4846],[130.6343,-0.9618,0.0],[130.6346,-0.9642,0.0],[130.636,-0.9673,0.0],[130.6384,-0.967,7.9569],[130.6396,-0.9704,0.0],[130.6397,-0.9726,0.0],[130.635,-0.9774,2.264],[130.6371,-0.9842,2.3874],[130.6449,-0.9943,0.0],[130.6499,-0.9966,3.6501],[130.6621,-1.0081,0.0],[130.6738,-1.0116,0.0],[130.6768,-1.0142,12.2172],[130.6794,-1.0234,0.0],[130.6853,-1.0265,4.9845],[130.6943,-1.0479,18.1258],[130.6975,-1.0514,0.0],[130.7055,-1.0533,1.8966],[130.7069,-1.0556,10.7166],[130.7079,-1.0603,8.4611],[130.7016,-1.0646,14.778],[130.7012,-1.0676,9.4925],[130.7104,-1.0748,0.0],[130.7146,-1.0754,2.2313],[130.7158,-1.0776,9.6364],[130.7181,-1.0779,19.1464],[130.7185,-1.0799,18.7369],[130.7087,-1.0851,10.4991],[130.7075,-1.0876,0.0],[130.7154,-1.0857,0.0],[130.7182,-1.0873,3.1715],[130.7194,-1.0903,13.4617],[130.7172,-1.0967,20.9294],[130.7141,-1.0984,28.2089],[130.7077,-1.0979,0.0],[130.6924,-1.0944,0.0],[130.6788,-1.1106,0.0],[130.6976,-1.1226,0.0],[130.6946,-1.1316,0.0],[130.7036,-1.1353,0.0],[130.7078,-1.141,22.4645],[130.7258,-1.1534,2.9933],[130.7363,-1.1635,8.5142],[130.7344,-1.1736,21.4668],[130.7277,-1.1819,0.0],[130.7295,-1.1853,0.0],[130.7342,-1.187,0.0],[130.7342,-1.1885,0.0],[130.745,-1.191,7.1759],[130.7484,-1.1965,21.9694],[130.7471,-1.2068,15.0461],[130.7427,-1.2197,12.473],[130.7499,-1.2436,0.0],[130.7621,-1.2523,6.8108],[130.767,-1.2597,0.0],[130.7836,-1.2532,11.5201],[130.7889,-1.2549,14.0788],[130.7925,-1.2592,5.286],[130.7995,-1.2596,8.2026],[130.8104,-1.2677,2.6355],[130.8133,-1.2726,12.3036],[130.8234,-1.2773,22.962],[130.8245,-1.2807,19.9868],[130.8319,-1.289,41.9823],[130.8421,-1.2955,17.6237],[130.8624,-1.3037,24.0882],[130.8736,-1.3114,17.7415],[130.8829,-1.3138,17.3029],[130.8987,-1.3228,20.2556],[130.9162,-1.3272,3.6743]]],
[[[131.0537,-1.1903,10.8629],[131.0507,-1.1916,4.1978],[131.0527,-1.1938,15.176],[131.0549,-1.1934,12.4574],[131.0537,-1.1903,10.8629]]],
[[[131.0568,-1.1535,0.0],[131.0534,-1.1543,0.0],[131.0468,-1.1702,0.0],[131.0537,-1.1903,10.8629],[131.0574,-1.1872,18.3082],[131.0606,-1.1753,16.4832],[131.0568,-1.1535,0.0]]],
[[[130.3248,-1.6044,0.0],[130.3208,-1.6031,0.0],[130.3202,-1.6068,0.0],[130.3268,-1.6082,0.0],[130.3272,-1.6059,0.0],[130.3248,-1.6044,0.0]]],
[[[130.3387,-1.5849,0.0],[130.3454,-1.5893,0.0],[130.3468,-1.5869,0.0],[130.3431,-1.5828,0.0],[130.3403,-1.5823,0.0],[130.3387,-1.5849,0.0]]],
[[[130.2459,-1.4732,14.854],[130.25,-1.4725,5.5954],[130.2506,-1.47,9.2242],[130.2478,-1.4701,11.5922],[130.2459,-1.4732,14.854]]],
[[[130.2637,-1.4628,2.2462],[130.2675,-1.4594,0.0],[130.2686,-1.4555,0.0],[130.2641,-1.4541,0.0],[130.265,-1.4512,0.0],[130.2626,-1.4505,0.0],[130.2242,-1.4604,0.0],[130.2062,-1.4716,0.0],[130.2048,-1.4759,0.0],[130.2067,-1.4779,0.0],[130.2147,-1.4807,15.8237],[130.2266,-1.4776,9.0752],[130.2325,-1.4778,16.804],[130.2361,-1.4714,15.6609],[130.2419,-1.4676,19.6329],[130.2562,-1.4659,6.9223],[130.2637,-1.4628,2.2462]]],
[[[130.0713,-1.4732,0.0],[130.0733,-1.4743,0.0],[130.0749,-1.4722,0.0],[130.0742,-1.4695,0.0],[130.0723,-1.4708,0.0],[130.0713,-1.4732,0.0]]],
[[[130.097,-1.4493,0.0],[130.0992,-1.4496,0.0],[130.1031,-1.4456,0.0],[130.1035,-1.4413,0.0],[130.1011,-1.4408,0.0],[130.0965,-1.4435,0.0],[130.097,-1.4493,0.0]]],
[[[130.1463,-1.4367,0.0],[130.1525,-1.4337,0.0],[130.1528,-1.4284,0.0],[130.1512,-1.427,0.0],[130.1433,-1.4334,0.0],[130.1444,-1.4361,0.0],[130.1463,-1.4367,0.0]]],
[[[130.1139,-1.4339,0.0],[130.1166,-1.4366,3.8361],[130.1192,-1.4361,0.0],[130.1204,-1.4315,0.0],[130.1189,-1.4264,0.0],[130.1125,-1.4303,0.0],[130.1139,-1.4339,0.0]]],
[[[130.3112,-1.4252,0.0],[130.3219,-1.4298,3.0805],[130.3246,-1.4301,0.0],[130.3264,-1.4279,0.0],[130.3261,-1.4253,0.0],[130.3208,-1.4223,0.0],[130.3139,-1.4221,0.0],[130.3117,-1.4229,0.0],[130.3112,-1.4252,0.0]]],
[[[130.2851,-1.4313,11.616],[130.287,-1.4293,0.0],[130.2882,-1.4202,0.0],[130.2859,-1.42,0.0],[130.2822,-1.4245,0.0],[130.2816,-1.4288,0.0],[130.2826,-1.4309,0.0],[130.2851,-1.4313,11.616]]],
[[[130.2314,-1.3545,0.0],[130.2344,-1.3538,0.0],[130.2359,-1.3515,0.0],[130.2322,-1.3502,0.0],[130.2203,-1.3554,0.0],[130.2192,-1.3598,0.0],[130.224,-1.3604,0.0],[130.2288,-1.3553,0.0],[130.2314,-1.3545,0.0]]],
[[[129.717,-1.2688,0.0],[129.7249,-1.2702,0.0],[129.7289,-1.2688,0.0],[129.7301,-1.2655,0.0],[129.7293,-1.2628,5.0239],[129.7245,-1.2613,0.0],[129.7252,-1.2654,0.0],[129.7219,-1.2677,0.0],[129.7192,-1.2664,0.0],[129.7214,-1.261,0.0],[129.7166,-1.2609,0.0],[129.7136,-1.2625,0.0],[129.7129,-1.265,0.0],[129.717,-1.2688,0.0]]],
[[[129.7672,-1.2551,0.0],[129.763,-1.2519,0.0],[129.7578,-1.2511,0.0],[129.7506,-1.2549,0.0],[129.7499,-1.2568,0.0],[129.7516,-1.2611,0.0],[129.7571,-1.2621,0.0],[129.7642,-1.2597,0.0],[129.7672,-1.2551,0.0]]],
[[[129.6557,-1.2547,0.0],[129.6554,-1.2596,0.0],[129.6581,-1.2617,1.9789],[129.6633,-1.2608,2.2407],[129.6651,-1.2619,6.1795],[129.6672,-1.2603,0.0],[129.6686,-1.2532,5.3287],[129.6661,-1.2537,1.4955],[129.6641,-1.2496,0.0],[129.6557,-1.2547,0.0]]],
[[[129.7421,-1.2553,3.8644],[129.741,-1.253,0.0],[129.7384,-1.253,0.0],[129.7397,-1.2555,0.0],[129.7421,-1.2553,3.8644]]],
[[[129.6891,-1.2489,0.0],[129.6834,-1.2515,7.8923],[129.6907,-1.2521,0.0],[129.6909,-1.2499,0.0],[129.6891,-1.2489,0.0]]],
[[[129.7317,-1.2477,0.0],[129.7289,-1.2473,0.0],[129.7291,-1.2495,0.0],[129.7313,-1.2503,0.0],[129.7317,-1.2477,0.0]]],
[[[129.7456,-1.2446,0.0],[129.7477,-1.2446,0.0],[129.7476,-1.2424,0.0],[129.7455,-1.2411,0.0],[129.7432,-1.2426,0.0],[129.7456,-1.2446,0.0]]],
[[[129.6745,-1.2433,0.0],[129.673,-1.2408,0.0],[129.6709,-1.2405,0.0],[129.6688,-1.2426,0.0],[129.6729,-1.2451,0.0],[129.6745,-1.2433,0.0]]],
[[[129.6779,-1.2356,0.0],[129.6808,-1.2387,0.0],[129.6831,-1.2389,0.0],[129.6838,-1.2366,0.0],[129.6822,-1.2334,0.0],[129.6796,-1.2319,0.0],[129.6779,-1.2356,0.0]]],
[[[129.793,-1.2337,0.0],[129.7958,-1.233,0.0],[129.7953,-1.231,4.1092],[129.7926,-1.2301,9.149],[129.7906,-1.2312,7.9488],[129.791,-1.2337,0.0],[129.793,-1.2337,0.0]]],
[[[129.7033,-1.2229,0.0],[129.7051,-1.2248,0.0],[129.7092,-1.2247,0.0],[129.711,-1.2198,0.0],[129.707,-1.2179,0.0],[129.7046,-1.2192,0.0],[129.7033,-1.2229,0.0]]],
[[[129.6557,-1.224,0.0],[129.6577,-1.2224,0.0],[129.6573,-1.2198,0.0],[129.6524,-1.2144,10.7074],[129.65,-1.2137,9.7832],[129.6479,-1.2158,3.2347],[129.6486,-1.2226,0.0],[129.6506,-1.2245,0.0],[129.6557,-1.224,0.0]]],
[[[129.8675,-1.224,10.9088],[129.8824,-1.2163,39.2772],[129.9267,-1.1767,73.1604],[129.9306,-1.1756,66.1949],[129.9222,-1.1977,0.0],[129.9232,-1.2007,0.0],[129.932,-1.204,48.8629],[129.9401,-1.1859,64.9847],[129.9468,-1.1821,66.0142],[129.9623,-1.1779,15.5038],[129.9651,-1.1739,16.0405],[129.9649,-1.1686,0.0],[129.9666,-1.167,0.0],[129.9712,-1.1697,36.8732],[129.9736,-1.1691,4.5082],[129.9772,-1.1644,0.0],[129.978,-1.1593,0.0],[129.973,-1.1565,0.0],[129.9379,-1.1535,0.0],[129.9173,-1.1481,0.0],[129.9086,-1.1503,0.0],[129.8945,-1.1489,0.0],[129.8909,-1.1472,0.0],[129.8831,-1.1352,0.0],[129.8657,-1.1311,0.0],[129.8509,-1.1443,0.8756],[129.8371,-1.1431,0.0],[129.8307,-1.1455,0.0],[129.8281,-1.1495,0.0],[129.8107,-1.1487,0.0],[129.7783,-1.1592,8.0965],[129.765,-1.1594,7.3769],[129.7516,-1.1645,0.0],[129.7455,-1.1696,0.0],[129.7343,-1.184,0.0],[129.7343,-1.1934,10.6324],[129.74,-1.2044,15.0088],[129.747,-1.2092,181.0441],[129.7498,-1.2095,175.5335],[129.7559,-1.2089,117.1935],[129.7681,-1.2024,54.8335],[129.7922,-1.1931,44.4437],[129.7971,-1.1931,40.3415],[129.8063,-1.1967,45.9735],[129.8108,-1.1961,47.3913],[129.8109,-1.2005,55.7279],[129.8167,-1.2022,37.6322],[129.8282,-1.199,42.9813],[129.8355,-1.2009,36.7567],[129.8696,-1.1906,48.0218],[129.8861,-1.1826,47.5273],[129.8955,-1.1825,52.8409],[129.8978,-1.1844,52.8457],[129.8966,-1.1865,48.9471],[129.8884,-1.1945,45.9506],[129.8797,-1.2009,0.0],[129.871,-1.204,0.0],[129.8711,-1.206,0.0],[129.8747,-1.2087,0.0],[129.8715,-1.2122,0.0],[129.8678,-1.2134,0.0],[129.8652,-1.2081,0.0],[129.8657,-1.2012,39.2474],[129.8639,-1.1995,30.897],[129.8607,-1.2001,30.3493],[129.8523,-1.2048,29.0379],[129.8504,-1.2098,0.0],[129.8442,-1.2108,0.0],[129.8389,-1.216,0.0],[129.8284,-1.2194,0.0],[129.8213,-1.2275,0.0],[129.8192,-1.2322,0.0],[129.8205,-1.235,0.0],[129.83,-1.2381,16.2446],[129.8389,-1.2286,7.3359],[129.8437,-1.2278,15.531],[129.8502,-1.2306,21.9515],[129.8675,-1.224,10.9088]]],
[[[129.7893,-1.2177,0.0],[129.7909,-1.2192,0.0],[129.7942,-1.2191,0.0],[129.804,-1.2158,0.0],[129.8088,-1.2178,0.0],[129.8119,-1.2149,0.0],[129.8175,-1.2147,5.1336],[129.8286,-1.2102,11.8827],[129.8287,-1.2074,18.745],[129.8064,-1.212,0.0],[129.7994,-1.2149,0.0],[129.7917,-1.2142,0.0],[129.7893,-1.2177,0.0]]],
[[[129.7392,-1.2134,16.0511],[129.7315,-1.2088,0.7357],[129.7292,-1.2151,0.0],[129.7306,-1.2168,0.0],[129.7389,-1.2172,3.6435],[129.7408,-1.2155,79.2548],[129.7392,-1.2134,16.0511]]],
[[[129.7863,-1.2106,0.0],[129.7868,-1.2062,44.6399],[129.7817,-1.2061,62.6955],[129.7706,-1.212,24.271],[129.7686,-1.2165,0.0],[129.7734,-1.2187,0.0],[129.7771,-1.2178,0.0],[129.7863,-1.2106,0.0]]],
[[[129.6584,-1.1959,0.0],[129.6544,-1.1879,0.0],[129.6517,-1.1878,0.0],[129.6494,-1.1899,0.0],[129.6499,-1.1981,0.0],[129.6528,-1.2021,2.2429],[129.6551,-1.2033,3.6075],[129.6575,-1.2023,0.0],[129.6584,-1.1959,0.0]]],
[[[129.7164,-1.198,2.0558],[129.7177,-1.1953,5.3332],[129.7151,-1.1903,22.2598],[129.706,-1.1943,25.9786],[129.7051,-1.1963,30.347],[129.7102,-1.2,9.3937],[129.7164,-1.198,2.0558]]],
[[[129.3947,-1.1838,0.0],[129.3945,-1.1864,0.0],[129.3964,-1.1871,0.0],[129.4032,-1.1849,0.0],[129.4008,-1.1798,0.0],[129.3984,-1.1805,0.0],[129.3953,-1.1781,0.0],[129.3877,-1.1776,0.0],[129.3862,-1.1793,0.0],[129.3878,-1.1813,0.0],[129.3947,-1.1838,0.0]]],
[[[131.0193,-1.2957,10.733],[131.0146,-1.296,19.1999],[131.0108,-1.2997,0.0],[131.0174,-1.3116,0.0],[131.0226,-1.3044,6.5699],[131.0246,-1.2991,0.0],[131.0193,-1.2957,10.733]]],
[[[131.0722,-1.138,16.5132],[131.0736,-1.1319,7.5082],[131.0726,-1.1295,0.0],[131.0705,-1.1293,0.0],[131.0652,-1.1386,0.0],[131.0679,-1.1477,0.0],[131.0699,-1.1455,5.3248],[131.0722,-1.138,16.5132]]],
[[[131.0961,-1.1273,0.0],[131.0977,-1.1224,0.0],[131.0945,-1.1238,0.0],[131.0933,-1.1279,0.0],[131.0961,-1.1273,0.0]]],
[[[131.1077,-1.1137,0.0],[131.1075,-1.1114,0.0],[131.1055,-1.1123,0.0],[131.1058,-1.1145,0.0],[131.1077,-1.1137,0.0]]],
[[[131.0859,-1.1072,0.0],[131.0822,-1.1099,0.0],[131.0817,-1.112,0.0],[131.0837,-1.1136,0.0],[131.086,-1.1094,0.0],[131.0859,-1.1072,0.0]]],
[[[132.446,-2.6413,22.4428],[132.4456,-2.6436,15.9062],[132.4472,-2.646,0.0],[132.4506,-2.6426,0.0],[132.446,-2.6413,22.4428]]],
[[[132.4646,-2.6256,13.4506],[132.464,-2.6226,0.0],[132.4621,-2.6243,0.0],[132.4626,-2.6271,0.0],[132.4646,-2.6256,13.4506]]],
[[[132.4453,-2.6196,0.0],[132.4474,-2.621,0.0],[132.449,-2.6193,0.0],[132.447,-2.6173,0.0],[132.4448,-2.6175,0.0],[132.4453,-2.6196,0.0]]],
[[[132.0758,-2.7024,0.0],[132.0847,-2.6945,0.0],[132.0857,-2.6875,0.0],[132.0827,-2.6826,0.0],[132.0738,-2.6826,0.0],[132.06,-2.6875,0.0],[132.054,-2.6945,0.0],[132.056,-2.7024,0.0],[132.0659,-2.7053,0.0],[132.0758,-2.7024,0.0]]],
[[[131.1691,-1.0898,0.0],[131.1663,-1.0925,0.0],[131.17,-1.0927,2.5518],[131.1774,-1.0877,0.0],[131.1763,-1.0854,5.2202],[131.1691,-1.0898,0.0]]],
[[[131.172,-1.0647,0.0],[131.1723,-1.0625,0.0],[131.1701,-1.0597,0.0],[131.1668,-1.0673,0.0],[131.1609,-1.0718,14.0494],[131.159,-1.0813,0.0],[131.1645,-1.0798,12.8359],[131.1689,-1.0736,20.7618],[131.172,-1.0647,0.0]]],
[[[131.2304,-1.0719,0.0],[131.234,-1.0643,0.0],[131.2355,-1.0556,0.0],[131.2262,-1.057,0.0],[131.2237,-1.0625,0.0],[131.2251,-1.0666,0.0],[131.2185,-1.0765,0.0],[131.2199,-1.0815,0.0],[131.2239,-1.0832,0.0],[131.2268,-1.0826,0.0],[131.2304,-1.0719,0.0]]],
[[[131.1644,-1.0637,15.7474],[131.1662,-1.0616,9.6374],[131.165,-1.0584,18.5162],[131.167,-1.0556,5.9284],[131.1671,-1.05,16.9251],[131.1642,-1.0437,1.8603],[131.1654,-1.039,5.5015],[131.164,-1.0367,0.0],[131.1566,-1.0353,0.0],[131.1534,-1.0397,0.0],[131.1549,-1.0438,0.0],[131.1543,-1.05,0.0],[131.1507,-1.0605,0.0],[131.1533,-1.0621,0.0],[131.1553,-1.0715,0.0],[131.1609,-1.0689,20.572],[131.1644,-1.0637,15.7474]]],
[[[131.1039,-0.9982,0.0],[131.0937,-1.0001,0.0],[131.0918,-1.0022,0.0],[131.0903,-1.0048,0.0],[131.0897,-1.0227,0.0],[131.0824,-1.0282,0.0],[131.0816,-1.0306,0.0],[131.0845,-1.0344,0.0],[131.0756,-1.0509,3.5688],[131.0774,-1.0702,0.0],[131.0763,-1.0762,0.0],[131.079,-1.0786,12.4125],[131.0817,-1.0789,16.4139],[131.0851,-1.0752,20.705],[131.0918,-1.0737,17.9459],[131.0943,-1.0743,14.4262],[131.0948,-1.0794,8.3938],[131.097,-1.0805,8.3622],[131.0999,-1.0794,16.2113],[131.107,-1.0802,12.1216],[131.1091,-1.0741,6.0497],[131.1067,-1.072,0.0],[131.1018,-1.0711,21.6255],[131.0976,-1.0634,18.2388],[131.0996,-1.063,22.4578],[131.1116,-1.0694,14.2344],[131.1126,-1.0656,17.1664],[131.1086,-1.0587,16.1004],[131.112,-1.0602,16.2396],[131.1172,-1.0692,0.0],[131.1165,-1.0718,0.0],[131.1182,-1.0742,0.0],[131.1205,-1.0744,9.8379],[131.1308,-1.067,8.9958],[131.1291,-1.0644,18.6931],[131.1291,-1.0591,15.5612],[131.1335,-1.0584,14.0814],[131.1307,-1.0545,11.2177],[131.1387,-1.0564,16.8431],[131.136,-1.0436,0.0],[131.1291,-1.0528,3.6999],[131.1227,-1.0485,4.9425],[131.1175,-1.0484,19.6074],[131.1195,-1.0465,12.1355],[131.117,-1.0438,15.1779],[131.1221,-1.0438,14.4049],[131.1256,-1.0471,0.0],[131.1281,-1.0466,6.6602],[131.1298,-1.0448,16.8048],[131.1309,-1.0366,0.0],[131.1274,-1.0334,19.2287],[131.1281,-1.0314,20.8019],[131.1303,-1.0313,17.337],[131.1289,-1.0269,19.3754],[131.1318,-1.0221,11.7803],[131.1373,-1.0239,16.5629],[131.1387,-1.022,10.6548],[131.1432,-1.0213,10.98],[131.1472,-1.0159,2.5152],[131.144,-1.0072,0.0],[131.1393,-1.0067,7.9745],[131.1382,-1.0044,8.1546],[131.1437,-1.0023,13.4143],[131.1446,-0.9977,9.9069],[131.1389,-0.9939,0.0],[131.1322,-0.997,8.4252],[131.13,-0.9953,0.0],[131.1191,-0.9986,0.0],[131.1039,-0.9982,0.0]]],
[[[131.2318,-1.0224,0.0],[131.2361,-1.0228,0.0],[131.2444,-1.0204,9.2299],[131.2461,-1.0159,0.0],[131.239,-1.0136,0.0],[131.2347,-1.0158,0.0],[131.2298,-1.0145,0.0],[131.2275,-1.0207,0.0],[131.2318,-1.0224,0.0]]],
[[[131.106,-0.9419,6.0157],[131.1079,-0.9402,4.9225],[131.1083,-0.9363,0.0],[131.0987,-0.9406,0.0],[131.0942,-0.9461,0.0],[131.0926,-0.9528,0.0],[131.095,-0.9522,0.0],[131.0967,-0.9465,3.6345],[131.099,-0.9446,5.3115],[131.106,-0.9419,6.0157]]],
[[[131.148,-0.9955,8.3941],[131.1483,-0.9982,1.5602],[131.1504,-0.9974,15.6268],[131.1509,-0.9951,13.3589],[131.1489,-0.9937,0.0],[131.148,-0.9955,8.3941]]],
[[[131.2672,-0.9333,0.0],[131.2668,-0.9341,0.0],[131.2686,-0.9352,0.6739],[131.2686,-0.9345,3.8813],[131.2672,-0.9333,0.0]]],
[[[131.2572,-0.9258,2.3114],[131.256,-0.9243,0.0],[131.2562,-0.9261,0.0],[131.2519,-0.9306,1.1074],[131.252,-0.9333,5.2111],[131.2624,-0.9355,1.839],[131.2635,-0.9321,0.0],[131.2572,-0.9258,2.3114]]],
[[[129.6858,-1.1902,0.0],[129.6942,-1.1898,28.0958],[129.6939,-1.1872,30.3009],[129.6917,-1.1854,10.4822],[129.6955,-1.1834,28.0953],[129.6858,-1.1794,12.1098],[129.6803,-1.1793,0.3929],[129.6773,-1.1772,3.1805],[129.6758,-1.1714,0.0],[129.6734,-1.1708,0.0],[129.6725,-1.1758,0.0],[129.6759,-1.1849,0.0],[129.6785,-1.1877,0.0],[129.6858,-1.1902,0.0]]],
[[[129.4488,-1.1615,0.0],[129.4453,-1.1687,0.0],[129.4456,-1.1722,16.824],[129.4496,-1.1801,0.0],[129.4562,-1.1846,0.0],[129.4638,-1.1846,2.5776],[129.481,-1.1732,0.0],[129.4805,-1.1686,0.0],[129.4698,-1.1606,0.0],[129.4671,-1.1558,0.0],[129.4537,-1.1581,0.0],[129.4488,-1.1615,0.0]]],
[[[129.7381,-1.1623,30.8258],[129.7482,-1.1491,0.0],[129.7473,-1.1411,0.0],[129.7402,-1.1446,0.0],[129.7289,-1.1436,0.0],[129.7218,-1.1469,0.0],[129.7112,-1.1481,0.0],[129.6959,-1.1596,0.0],[129.6779,-1.1633,0.0],[129.6742,-1.1654,0.0],[129.6782,-1.1709,0.0],[129.6817,-1.1721,0.0],[129.6843,-1.1709,0.0],[129.6862,-1.1658,0.0],[129.6958,-1.1665,0.0],[129.6908,-1.1729,0.0],[129.6924,-1.1793,22.5709],[129.6955,-1.1831,28.0953],[129.7083,-1.1889,25.4216],[129.7161,-1.1855,30.0977],[129.7332,-1.1709,34.6999],[129.7381,-1.1623,30.8258]]],
[[[129.3782,-1.1668,0.0],[129.3789,-1.1617,0.0],[129.3766,-1.1568,0.0],[129.3635,-1.1516,0.0],[129.357,-1.1536,0.0],[129.3569,-1.1597,0.0],[129.3589,-1.1652,42.5081],[129.3583,-1.1675,40.5283],[129.3554,-1.1677,33.3718],[129.3543,-1.1703,15.3003],[129.3567,-1.1738,32.6032],[129.3602,-1.1758,68.7518],[129.3692,-1.1745,11.5724],[129.3778,-1.1767,8.5318],[129.3799,-1.1751,10.4733],[129.3809,-1.1713,0.0],[129.3782,-1.1668,0.0]]],
[[[129.3275,-1.1641,47.2992],[129.3319,-1.1637,55.6431],[129.3334,-1.16,43.2372],[129.3434,-1.1592,12.9577],[129.3504,-1.1539,0.0],[129.357,-1.1536,0.0],[129.3565,-1.1503,0.0],[129.3463,-1.1456,0.0],[129.3394,-1.1446,0.0],[129.3177,-1.1473,0.0],[129.3083,-1.155,0.0],[129.3083,-1.1593,0.0],[129.3101,-1.1604,4.6729],[129.3134,-1.1581,2.924],[129.3168,-1.1581,27.0469],[129.3275,-1.1641,47.2992]]],
[[[129.4236,-1.145,0.0],[129.4227,-1.1491,0.0],[129.4284,-1.1596,0.0],[129.4316,-1.1513,0.0],[129.4303,-1.1479,0.0],[129.4271,-1.1524,0.0],[129.4255,-1.1457,0.0],[129.4236,-1.145,0.0]]],
[[[129.4136,-1.1539,0.0],[129.4143,-1.1519,0.0],[129.412,-1.1485,0.0],[129.4078,-1.1464,0.0],[129.4055,-1.151,0.0],[129.4061,-1.1534,0.0],[129.4082,-1.1536,0.0],[129.4097,-1.1517,0.0],[129.4136,-1.1539,0.0]]],
[[[129.7928,-1.1487,0.0],[129.7932,-1.1466,0.0],[129.7911,-1.1464,0.0],[129.7908,-1.149,0.0],[129.7928,-1.1487,0.0]]],
[[[129.7724,-1.1441,0.0],[129.7768,-1.1485,0.0],[129.7821,-1.1483,0.0],[129.7835,-1.1459,0.0],[129.7789,-1.1443,0.0],[129.7724,-1.1441,0.0]]],
[[[129.7995,-1.1472,0.0],[129.8054,-1.1437,0.0],[129.8044,-1.1412,0.0],[129.7995,-1.1414,0.0],[129.7962,-1.1438,0.0],[129.7962,-1.1467,0.0],[129.7995,-1.1472,0.0]]],
[[[129.4288,-1.1449,0.0],[129.4317,-1.1455,0.0],[129.4313,-1.1423,0.0],[129.4291,-1.1416,0.0],[129.4273,-1.1431,0.0],[129.4288,-1.1449,0.0]]],
[[[129.4424,-1.1423,0.0],[129.4437,-1.1449,0.0],[129.4458,-1.1447,0.0],[129.444,-1.1406,0.0],[129.4424,-1.1423,0.0]]],
[[[129.7564,-1.1381,0.0],[129.757,-1.1455,0.0],[129.7648,-1.1488,0.0],[129.7716,-1.146,0.0],[129.7682,-1.143,0.0],[129.7783,-1.1403,0.0],[129.7808,-1.1369,0.0],[129.7813,-1.1332,0.0],[129.7791,-1.1282,0.0],[129.7743,-1.1263,0.0],[129.7706,-1.1272,0.0],[129.7564,-1.1381,0.0]]],
[[[130.424,-1.4173,7.718],[130.4252,-1.4152,1.2858],[130.4235,-1.4128,0.0],[130.4203,-1.417,10.5962],[130.4217,-1.4188,11.3596],[130.424,-1.4173,7.718]]],
[[[130.6384,-0.938,5.3629],[130.636,-0.9395,0.0],[130.6356,-0.9418,0.0],[130.6374,-0.9471,0.0],[130.6483,-0.9512,0.0],[130.6605,-0.9507,5.1656],[130.6616,-0.9474,10.2644],[130.6572,-0.9421,14.8479],[130.6467,-0.9381,25.2146],[130.6384,-0.938,5.3629]]],
[[[130.6809,-0.8951,24.2704],[130.6944,-0.8881,0.0],[130.7131,-0.888,0.0],[130.7285,-0.8806,66.2063],[130.7335,-0.8759,22.7274],[130.7468,-0.882,2.8137],[130.7493,-0.8777,65.8747],[130.755,-0.8728,36.125],[130.7593,-0.8739,0.0],[130.7628,-0.8715,0.9836],[130.7681,-0.8755,0.0],[130.773,-0.876,28.9561],[130.7775,-0.874,65.4562],[130.7842,-0.8742,0.0],[130.7927,-0.8719,14.1782],[130.7982,-0.8689,47.0807],[130.8,-0.864,39.2322],[130.7987,-0.8615,38.919],[130.8012,-0.8609,9.7523],[130.8173,-0.8686,0.0],[130.8198,-0.8683,0.0],[130.821,-0.8657,39.082],[130.818,-0.8612,22.2806],[130.8212,-0.8609,21.1302],[130.8234,-0.8642,0.0],[130.8345,-0.8645,0.0],[130.8362,-0.8626,51.6032],[130.8478,-0.8595,84.4863],[130.8492,-0.8578,0.0],[130.8466,-0.8555,50.2554],[130.8461,-0.8505,0.0],[130.843,-0.8492,26.5828],[130.8439,-0.8434,78.9126],[130.8519,-0.8534,0.0],[130.8566,-0.8544,12.6623],[130.8624,-0.8465,80.6261],[130.8621,-0.8401,2.6386],[130.8594,-0.8381,60.9631],[130.8634,-0.8378,57.2748],[130.8641,-0.834,88.1808],[130.8692,-0.8339,8.1237],[130.8711,-0.8358,0.0],[130.868,-0.8457,0.0],[130.8689,-0.8476,0.0],[130.872,-0.8476,12.9758],[130.8813,-0.8381,63.6266],[130.8874,-0.8397,0.0],[130.8966,-0.8346,8.6738],[130.8976,-0.8326,41.8551],[130.8952,-0.8291,1.7608],[130.8883,-0.8272,2.1566],[130.8803,-0.8302,0.0],[130.8737,-0.8286,3.827],[130.8727,-0.8305,24.6726],[130.8705,-0.8296,60.2208],[130.8634,-0.8225,87.9754],[130.867,-0.8184,58.871],[130.8671,-0.8163,14.4912],[130.8648,-0.8154,0.0],[130.8607,-0.8185,21.1756],[130.8547,-0.8139,13.8823],[130.8557,-0.8121,22.3629],[130.8682,-0.8092,0.0],[130.8713,-0.7994,80.857],[130.8736,-0.7991,8.9956],[130.8745,-0.8019,0.0],[130.8766,-0.8031,0.0],[130.8775,-0.7973,24.1989],[130.8824,-0.7994,0.0],[130.8844,-0.7946,0.0],[130.8891,-0.7917,45.3674],[130.8949,-0.7995,0.0],[130.8977,-0.8008,0.0],[130.9028,-0.801,0.0],[130.9051,-0.7973,17.5007],[130.9155,-0.7986,13.2957],[130.9178,-0.7973,19.191],[130.9216,-0.7871,131.0012],[130.9254,-0.7847,35.7846],[130.9245,-0.7827,19.7771],[130.9184,-0.7741,0.0],[130.9131,-0.7832,15.9435],[130.9099,-0.7819,24.1884],[130.9115,-0.779,35.6797],[130.9107,-0.777,0.0],[130.896,-0.7781,67.1543],[130.896,-0.7739,86.3059],[130.8981,-0.7693,72.3196],[130.9022,-0.7678,29.8966],[130.8931,-0.7638,0.0],[130.8906,-0.7639,0.0],[130.8857,-0.7732,52.0343],[130.8839,-0.7714,77.74],[130.8849,-0.7675,23.6148],[130.8836,-0.7658,0.0],[130.8767,-0.7697,0.0],[130.873,-0.7773,34.3483],[130.8676,-0.7792,46.2036],[130.8712,-0.7738,109.048],[130.8689,-0.7728,53.1119],[130.8673,-0.7656,12.4306],[130.8636,-0.7666,0.0],[130.8581,-0.7728,60.4581],[130.8512,-0.7709,34.2363],[130.8535,-0.7663,11.0011],[130.8508,-0.7661,0.0],[130.8484,-0.7676,0.0],[130.8442,-0.7802,31.0077],[130.8465,-0.7805,0.0],[130.8511,-0.785,0.0],[130.8537,-0.7921,0.0],[130.8658,-0.794,2.4248],[130.8611,-0.8001,2.1521],[130.8629,-0.8044,56.2835],[130.8564,-0.8059,174.659],[130.8527,-0.797,16.0232],[130.8499,-0.7965,9.8239],[130.8481,-0.7985,25.6719],[130.8482,-0.7918,63.6737],[130.8467,-0.7894,0.0],[130.8418,-0.7906,63.1555],[130.8409,-0.7888,57.7616],[130.8429,-0.7849,78.8698],[130.8416,-0.7826,114.5275],[130.8427,-0.7756,28.6339],[130.8411,-0.7742,46.9906],[130.8414,-0.7669,0.0],[130.8392,-0.7667,0.0],[130.832,-0.7711,0.0],[130.8334,-0.781,0.0],[130.8322,-0.7849,0.0],[130.8282,-0.7876,46.8125],[130.829,-0.7789,0.0],[130.8247,-0.7821,36.9265],[130.8223,-0.781,30.6127],[130.8218,-0.7787,0.0],[130.8252,-0.7723,28.0722],[130.8199,-0.7737,0.0],[130.8175,-0.7808,31.7799],[130.8149,-0.7795,2.281],[130.8141,-0.776,28.9026],[130.8089,-0.7713,78.8518],[130.8137,-0.7619,147.397],[130.8076,-0.7549,90.3799],[130.8031,-0.7532,0.0],[130.8001,-0.7537,0.0],[130.796,-0.7587,0.0],[130.7964,-0.7614,0.0],[130.8006,-0.7636,0.0],[130.8005,-0.7661,0.0],[130.8,-0.7685,58.7602],[130.7971,-0.768,0.0],[130.795,-0.7718,0.0],[130.7984,-0.7755,0.0],[130.8073,-0.7734,10.0588],[130.811,-0.7824,0.0],[130.8136,-0.7835,0.0],[130.8091,-0.7885,0.0],[130.8133,-0.7908,0.0],[130.8133,-0.7929,0.0],[130.806,-0.796,0.0],[130.8084,-0.7993,0.0],[130.8134,-0.8018,0.0],[130.8145,-0.8106,0.0],[130.8181,-0.8158,2.3703],[130.8189,-0.8201,0.0],[130.8173,-0.8228,3.0415],[130.8134,-0.8227,104.0545],[130.8141,-0.8198,82.5673],[130.8129,-0.8131,22.252],[130.8111,-0.8115,93.184],[130.8111,-0.8071,52.2051],[130.8094,-0.8058,63.0568],[130.8074,-0.8076,128.8584],[130.8071,-0.8033,68.2183],[130.8009,-0.8043,0.0],[130.8002,-0.8073,9.8517],[130.8015,-0.809,0.0],[130.7999,-0.811,34.1746],[130.7987,-0.8088,73.6649],[130.7962,-0.8092,16.5224],[130.795,-0.8149,0.0],[130.7883,-0.8201,97.6652],[130.7862,-0.8139,10.0034],[130.7903,-0.8136,0.0],[130.7907,-0.8038,75.3174],[130.7961,-0.7946,37.7712],[130.7867,-0.799,0.0],[130.7776,-0.8089,58.5544],[130.777,-0.8064,56.853],[130.7727,-0.8066,12.3455],[130.77,-0.8149,0.0],[130.7665,-0.819,4.7315],[130.7632,-0.8176,17.8218],[130.7588,-0.8123,21.5772],[130.7525,-0.81,21.7208],[130.7452,-0.8111,0.0],[130.7331,-0.8212,46.1106],[130.7295,-0.8168,35.63],[130.7243,-0.815,50.9393],[130.7192,-0.8156,0.0],[130.7198,-0.8268,0.0],[130.7138,-0.831,25.7939],[130.703,-0.8299,66.843],[130.7017,-0.8281,47.8763],[130.7068,-0.8243,79.9049],[130.7082,-0.8204,112.3189],[130.7069,-0.8183,94.737],[130.7121,-0.8129,82.2243],[130.7007,-0.8074,19.1831],[130.6986,-0.8076,3.267],[130.6956,-0.8111,81.776],[130.6824,-0.8078,7.6983],[130.6778,-0.8059,34.2701],[130.6737,-0.7996,8.825],[130.6683,-0.7996,0.0],[130.6722,-0.8039,0.0],[130.6699,-0.8101,0.0],[130.6825,-0.814,6.2834],[130.6862,-0.8198,0.0],[130.6848,-0.8228,42.1228],[130.6771,-0.8239,19.256],[130.6763,-0.822,7.2637],[130.6713,-0.8222,92.2443],[130.6704,-0.8198,50.1633],[130.6629,-0.8203,0.0],[130.665,-0.8274,36.6281],[130.6617,-0.8285,184.0197],[130.6599,-0.8271,85.8898],[130.6591,-0.8222,95.7539],[130.6568,-0.8208,53.6913],[130.6483,-0.8219,35.053],[130.6384,-0.8165,94.7306],[130.6375,-0.8137,57.5602],[130.6403,-0.8122,24.1118],[130.6461,-0.8151,0.0],[130.6466,-0.8046,107.4482],[130.6396,-0.8036,4.0982],[130.6352,-0.8063,34.1039],[130.6315,-0.7994,64.6179],[130.6348,-0.7972,10.7345],[130.6358,-0.7943,19.0699],[130.6315,-0.7923,1.6226],[130.6241,-0.7974,0.0],[130.6262,-0.8026,0.0],[130.6191,-0.8089,0.0],[130.6193,-0.8115,4.8741],[130.6211,-0.8127,51.6299],[130.6196,-0.8148,135.6966],[130.6121,-0.8185,138.2048],[130.6053,-0.8157,0.0],[130.6002,-0.8228,0.0],[130.5915,-0.8263,1.9215],[130.5851,-0.8326,0.0],[130.5824,-0.833,16.7109],[130.5776,-0.8303,23.743],[130.5773,-0.8279,9.2164],[130.5781,-0.8259,21.7607],[130.5839,-0.8238,8.3446],[130.5847,-0.8208,52.0967],[130.5835,-0.8188,28.5914],[130.5865,-0.8111,29.4654],[130.5832,-0.8086,21.6223],[130.5771,-0.8082,0.0],[130.5754,-0.81,8.5287],[130.5724,-0.8091,64.2798],[130.5744,-0.8,69.7392],[130.5729,-0.7971,19.1075],[130.5666,-0.7941,0.0],[130.5622,-0.7958,0.0],[130.5581,-0.81,0.0],[130.558,-0.8132,0.0],[130.5644,-0.8167,0.0],[130.5645,-0.8223,3.2969],[130.5625,-0.8242,71.2585],[130.5581,-0.8219,55.1191],[130.5529,-0.8218,0.0],[130.5482,-0.827,0.0],[130.5476,-0.83,0.0],[130.5513,-0.8325,0.0],[130.5513,-0.8346,15.6952],[130.5427,-0.8409,6.9673],[130.5366,-0.8402,35.2712],[130.5357,-0.838,0.0],[130.5372,-0.8361,14.5118],[130.5357,-0.8343,0.0],[130.5337,-0.8352,0.0],[130.5338,-0.8399,24.0608],[130.531,-0.8407,20.5601],[130.5272,-0.8373,18.9752],[130.5182,-0.8349,20.5043],[130.5139,-0.8321,15.2506],[130.5045,-0.8335,199.7529],[130.5002,-0.8297,119.5908],[130.4916,-0.8298,21.1711],[130.4848,-0.8327,37.4656],[130.4792,-0.8203,76.6155],[130.4944,-0.8083,40.9669],[130.4973,-0.8021,34.5047],[130.5021,-0.8005,0.0],[130.5023,-0.7982,18.3238],[130.4845,-0.7917,81.0541],[130.4784,-0.7918,0.0],[130.47,-0.7992,0.0],[130.4707,-0.8014,0.0],[130.4749,-0.8022,24.8664],[130.472,-0.8089,0.0],[130.4723,-0.811,0.0],[130.4743,-0.8115,0.0],[130.4738,-0.8154,0.0],[130.4772,-0.8181,12.6446],[130.4762,-0.82,32.4959],[130.467,-0.8222,60.7259],[130.4614,-0.82,117.4832],[130.4585,-0.8127,86.6191],[130.4611,-0.8026,80.2526],[130.4562,-0.8027,12.9605],[130.4508,-0.8075,0.0],[130.4509,-0.8132,0.0],[130.4459,-0.8347,0.0],[130.4461,-0.8371,0.0],[130.4512,-0.8398,0.0],[130.4536,-0.8432,0.0],[130.4528,-0.849,0.0],[130.455,-0.8546,0.0],[130.4518,-0.8582,15.102],[130.4472,-0.857,0.0],[130.446,-0.8586,0.0],[130.4492,-0.8621,0.0],[130.4478,-0.8668,90.1673],[130.4423,-0.8656,75.9718],[130.4373,-0.8593,3.884],[130.4325,-0.8644,0.0],[130.4367,-0.8679,0.0],[130.4371,-0.8746,0.0],[130.4388,-0.876,0.0],[130.4557,-0.8807,1.0655],[130.4575,-0.8774,53.1376],[130.4649,-0.8805,204.0622],[130.4661,-0.8823,312.3049],[130.4599,-0.8862,58.119],[130.4608,-0.8905,153.6128],[130.4592,-0.8918,220.4108],[130.4561,-0.8881,144.8083],[130.4519,-0.8898,7.1871],[130.4494,-0.8954,18.1203],[130.4451,-0.8965,130.4368],[130.4357,-0.894,24.3344],[130.4311,-0.895,38.4252],[130.4254,-0.8912,43.0426],[130.4235,-0.893,20.6937],[130.4231,-0.9007,2.9268],[130.4171,-0.9061,31.6675],[130.4149,-0.9057,20.529],[130.4106,-0.8975,16.5968],[130.4081,-0.8999,0.0],[130.4048,-0.9138,78.1262],[130.3897,-0.923,2.706],[130.3889,-0.9264,0.0],[130.394,-0.9246,0.0],[130.4013,-0.9246,0.0],[130.402,-0.9206,59.8228],[130.4041,-0.9198,0.0],[130.4088,-0.9194,0.0],[130.415,-0.9222,0.0],[130.417,-0.9216,0.0],[130.4163,-0.9192,57.6013],[130.4218,-0.9114,0.0],[130.4239,-0.9106,0.0],[130.4298,-0.9135,0.0],[130.4339,-0.9089,0.0],[130.4531,-0.9005,0.0],[130.458,-0.901,0.0],[130.463,-0.9039,0.0],[130.4641,-0.9079,51.6499],[130.4599,-0.914,0.0],[130.4709,-0.9201,0.0],[130.473,-0.9189,0.0],[130.4728,-0.9157,0.0],[130.4661,-0.9032,43.3398],[130.468,-0.8979,39.8915],[130.4729,-0.8996,0.0],[130.477,-0.9052,0.0],[130.4871,-0.9083,0.0],[130.4873,-0.9058,48.5328],[130.4896,-0.905,0.0],[130.4957,-0.9059,0.0],[130.5002,-0.9015,0.0],[130.505,-0.9022,0.0],[130.515,-0.8971,10.7814],[130.5177,-0.8978,0.0],[130.5235,-0.9031,0.0],[130.5068,-0.9174,0.0],[130.5068,-0.9196,0.0],[130.5088,-0.92,3.3364],[130.5156,-0.9144,0.0],[130.5242,-0.9112,0.0],[130.5282,-0.9121,0.0],[130.5322,-0.918,0.0],[130.5365,-0.9177,19.8138],[130.5429,-0.9149,0.0],[130.5466,-0.9058,1.8298],[130.552,-0.9077,0.0],[130.5583,-0.9157,0.0],[130.5713,-0.9106,0.0],[130.5773,-0.9147,0.0],[130.5796,-0.9145,11.2491],[130.5815,-0.9107,0.0],[130.5842,-0.9092,5.0166],[130.5906,-0.913,1.8857],[130.5972,-0.9126,11.1818],[130.6035,-0.9098,32.6333],[130.6106,-0.9115,3.2864],[130.6251,-0.9089,6.0575],[130.6342,-0.9039,13.4094],[130.6429,-0.9063,0.0],[130.6589,-0.9012,3.6599],[130.6611,-0.8992,23.9402],[130.6756,-0.8995,7.5404],[130.6809,-0.8951,24.2704]]],
[[[131.0949,-1.0833,11.5896],[131.0964,-1.086,4.7504],[131.1013,-1.0836,3.3541],[131.0979,-1.0828,8.6175],[131.0949,-1.0833,11.5896]]],
[[[131.0794,-1.0822,3.9821],[131.0754,-1.0819,0.0],[131.0764,-1.084,0.0],[131.0794,-1.0822,3.9821]]],
[[[131.0903,-1.0775,16.8097],[131.0817,-1.0789,16.4139],[131.0839,-1.0836,7.0554],[131.091,-1.0832,17.673],[131.0923,-1.0789,9.2567],[131.0903,-1.0775,16.8097]]],
[[[131.0291,-0.8943,5.6828],[131.0326,-0.8886,34.2494],[131.0303,-0.8846,39.6258],[131.0275,-0.8845,0.0],[131.0257,-0.8947,0.0],[131.0278,-0.8959,0.0],[131.0291,-0.8943,5.6828]]],
[[[129.8525,-1.1387,0.0],[129.8552,-1.1335,0.0],[129.8532,-1.1298,0.0],[129.8401,-1.1406,0.0],[129.8486,-1.1404,0.0],[129.8525,-1.1387,0.0]]],
[[[129.7641,-0.8486,0.0],[129.76,-0.8453,0.0],[129.7592,-0.8615,0.0],[129.7641,-0.8486,0.0]]],
[[[129.7685,-0.8436,4.1195],[129.7661,-0.8435,2.0548],[129.7641,-0.8486,0.0],[129.7688,-0.8462,3.7825],[129.7685,-0.8436,4.1195]]],
[[[129.8993,-0.8373,26.1348],[129.8955,-0.8348,15.1152],[129.8933,-0.8354,7.2529],[129.8906,-0.8422,0.0],[129.894,-0.8463,0.0],[129.9008,-0.8494,0.0],[129.9025,-0.8442,0.0],[129.8993,-0.8373,26.1348]]],
[[[130.2202,-0.7483,0.0],[130.2213,-0.7398,0.0],[130.2263,-0.736,0.6749],[130.233,-0.7355,0.0],[130.2345,-0.7339,0.0663],[130.2339,-0.7252,10.9945],[130.2168,-0.7265,0.0],[130.2128,-0.7308,0.0],[130.2142,-0.7428,0.0],[130.2177,-0.7475,0.0],[130.2202,-0.7483,0.0]]],
[[[130.2671,-0.7003,0.0],[130.2681,-0.6961,8.8543],[130.2614,-0.6916,5.1936],[130.2562,-0.6949,0.0],[130.2538,-0.6996,0.0],[130.2558,-0.7019,0.0],[130.2671,-0.7003,0.0]]],
[[[130.2424,-0.6891,18.0676],[130.2384,-0.6874,6.9881],[130.232,-0.69,0.0],[130.2261,-0.6961,0.0],[130.2262,-0.701,0.0],[130.2415,-0.6987,0.0],[130.2461,-0.6966,0.0],[130.2476,-0.6917,10.889],[130.2424,-0.6891,18.0676]]],
[[[130.3067,-0.691,0.0],[130.3089,-0.6915,0.0],[130.3104,-0.6894,0.0],[130.3098,-0.6871,0.0],[130.3075,-0.6884,0.0],[130.3067,-0.691,0.0]]],
[[[130.2758,-0.6916,0.0],[130.278,-0.6931,0.0],[130.2812,-0.6914,0.0],[130.2796,-0.6853,10.426],[130.2777,-0.6843,1.6945],[130.2748,-0.6872,0.0],[130.2758,-0.6916,0.0]]],
[[[130.2728,-0.6844,7.3631],[130.272,-0.6825,8.7922],[130.2687,-0.6821,0.0],[130.2672,-0.6842,0.0],[130.2715,-0.6867,0.0],[130.2728,-0.6844,7.3631]]],
[[[130.2907,-0.68,0.0],[130.2949,-0.6759,5.7689],[130.2949,-0.6738,6.2735],[130.2928,-0.6728,1.2154],[130.2853,-0.6782,0.0],[130.2876,-0.6814,0.0],[130.2907,-0.68,0.0]]],
[[[130.2549,-0.6749,4.6184],[130.2525,-0.6712,8.6876],[130.2497,-0.6702,5.3713],[130.2469,-0.6712,0.0],[130.2434,-0.6757,0.0],[130.2507,-0.6835,0.0],[130.2529,-0.6819,0.0],[130.2549,-0.6749,4.6184]]],
[[[130.284,-0.6684,0.0],[130.2894,-0.6665,0.0],[130.2896,-0.6619,10.6344],[130.3033,-0.6591,0.0],[130.3132,-0.6541,2.9866],[130.3144,-0.6515,2.0771],[130.3055,-0.645,42.8509],[130.3006,-0.644,12.5104],[130.2867,-0.6489,0.0],[130.2854,-0.6536,16.0437],[130.2788,-0.6553,2.5549],[130.2742,-0.6626,17.2512],[130.2722,-0.6617,11.6076],[130.2718,-0.6581,10.9355],[130.2758,-0.6561,0.0],[130.2755,-0.6522,14.3785],[130.2698,-0.6544,0.0],[130.2659,-0.6644,0.0],[130.2665,-0.6691,0.0],[130.2756,-0.6712,0.0],[130.284,-0.6684,0.0]]],
[[[130.2801,-0.6053,0.0],[130.2802,-0.6076,0.0],[130.2845,-0.6048,0.0],[130.2869,-0.6013,26.5042],[130.2876,-0.5964,25.1462],[130.2847,-0.5947,28.6073],[130.2842,-0.592,70.0849],[130.2816,-0.5928,18.5365],[130.2777,-0.5886,0.0],[130.2756,-0.5953,0.0],[130.2761,-0.6024,0.0],[130.2801,-0.6053,0.0]]],
[[[130.3001,-0.5919,0.0],[130.2987,-0.5937,0.0],[130.3018,-0.5969,0.0],[130.304,-0.5968,0.0],[130.302,-0.5907,36.3217],[130.3001,-0.5919,0.0]]],
[[[130.2625,-0.5691,0.0],[130.2679,-0.5765,0.0],[130.2631,-0.5815,0.0],[130.2643,-0.5837,0.0],[130.2777,-0.5886,0.0],[130.2771,-0.5859,0.1522],[130.2744,-0.5838,1.606],[130.2761,-0.5797,7.2367],[130.2749,-0.5746,17.6778],[130.2733,-0.5727,25.783],[130.27,-0.5746,0.0],[130.2692,-0.5725,1.0863],[130.2689,-0.5689,18.3053],[130.2714,-0.5642,0.0],[130.258,-0.5549,97.7358],[130.2536,-0.547,0.0],[130.2515,-0.5476,0.5269],[130.2534,-0.5568,0.0],[130.2625,-0.5691,0.0]]],
[[[130.9053,-0.8159,67.9713],[130.9069,-0.8143,56.4382],[130.9061,-0.8125,0.0],[130.8967,-0.8138,0.0],[130.892,-0.8192,0.0],[130.8981,-0.8226,0.0],[130.9053,-0.8159,67.9713]]],
[[[130.704,-0.7808,0.0],[130.7024,-0.7826,0.0],[130.6997,-0.7953,0.0],[130.7021,-0.796,0.0],[130.7066,-0.7939,0.0],[130.7096,-0.7957,0.0],[130.7107,-0.7935,0.0],[130.7067,-0.7855,1.129],[130.7044,-0.7846,0.0],[130.7076,-0.7808,2.383],[130.7058,-0.7796,0.0],[130.704,-0.7808,0.0]]],
[[[130.7548,-0.7866,17.6438],[130.7514,-0.7854,0.0],[130.752,-0.7879,0.0],[130.7548,-0.7866,17.6438]]],
[[[130.7229,-0.7917,0.0],[130.7256,-0.7968,0.0],[130.7301,-0.7987,0.0],[130.7352,-0.7937,67.3198],[130.7406,-0.7927,26.4812],[130.7425,-0.7866,78.9478],[130.7479,-0.7824,71.3484],[130.7451,-0.7815,67.397],[130.7427,-0.7769,53.0192],[130.7476,-0.77,8.7832],[130.7469,-0.7678,0.0],[130.7444,-0.768,0.0],[130.7347,-0.7789,0.0],[130.7369,-0.7824,0.0],[130.7333,-0.7863,107.9954],[130.7312,-0.786,154.1957],[130.729,-0.782,109.2343],[130.7301,-0.777,79.2608],[130.7291,-0.7753,53.0261],[130.7239,-0.7724,0.0],[130.7157,-0.7739,0.0],[130.7178,-0.7776,0.0],[130.7186,-0.7853,0.0],[130.7229,-0.7917,0.0]]],
[[[130.5487,-0.8035,23.9523],[130.5491,-0.7975,6.3722],[130.5472,-0.7969,5.2295],[130.5384,-0.7988,28.9453],[130.5333,-0.7982,21.7705],[130.5307,-0.8003,17.0417],[130.5311,-0.8025,12.1191],[130.5289,-0.8033,46.8545],[130.5261,-0.8019,113.3502],[130.5279,-0.8005,62.1096],[130.5209,-0.7977,0.0],[130.5211,-0.7955,0.0],[130.519,-0.7955,0.0],[130.517,-0.8002,2.9813],[130.5084,-0.8033,0.0],[130.5123,-0.8123,0.0],[130.509,-0.8172,0.0],[130.5095,-0.8206,0.0],[130.5162,-0.8211,20.3217],[130.5153,-0.8233,0.0],[130.5194,-0.8247,0.0],[130.5197,-0.8271,10.481],[130.5223,-0.8283,0.0],[130.537,-0.8279,0.0],[130.5422,-0.8228,16.1287],[130.5444,-0.8101,44.0855],[130.5487,-0.8035,23.9523]]],
[[[130.5019,-0.7889,0.0],[130.5004,-0.7905,0.0],[130.5029,-0.7947,0.0],[130.5053,-0.7953,0.0],[130.5061,-0.793,0.0],[130.5019,-0.7889,0.0]]],
[[[130.5831,-0.6368,0.0],[130.5811,-0.6362,0.0],[130.5759,-0.6387,0.0],[130.5773,-0.6402,0.0],[130.5796,-0.6399,0.0],[130.5821,-0.6391,0.0],[130.5831,-0.6368,0.0]]],
[[[130.6219,-0.5846,85.8082],[130.642,-0.5803,17.2427],[130.6481,-0.5757,217.1501],[130.6626,-0.5728,0.0],[130.6637,-0.571,0.0],[130.6611,-0.5681,0.0],[130.6568,-0.5675,0.0],[130.656,-0.5651,0.0],[130.6484,-0.5654,0.0],[130.6365,-0.5711,0.0],[130.6242,-0.5723,0.0],[130.6064,-0.5767,0.0],[130.6034,-0.5784,0.0],[130.5978,-0.5859,106.2461],[130.5795,-0.596,11.8821],[130.5756,-0.5976,7.4209],[130.5673,-0.5954,1.6778],[130.5587,-0.6028,4.4545],[130.5565,-0.6098,0.0],[130.5588,-0.6097,149.4097],[130.5587,-0.612,8.4767],[130.5606,-0.6131,0.0],[130.5679,-0.6135,0.0],[130.5768,-0.6088,112.2848],[130.5875,-0.606,3.4392],[130.6003,-0.5946,1.6638],[130.6053,-0.5877,45.6624],[130.6088,-0.5857,148.2568],[130.6219,-0.5846,85.8082]]],
[[[130.773,-0.779,47.7683],[130.7715,-0.7775,123.6935],[130.7744,-0.7718,112.6641],[130.7822,-0.7694,71.7254],[130.7821,-0.7629,79.9251],[130.7867,-0.7613,4.2492],[130.7866,-0.7561,10.7462],[130.7845,-0.7561,0.0],[130.7836,-0.754,0.0],[130.7815,-0.7547,0.0],[130.7812,-0.7572,4.8111],[130.7717,-0.7543,0.0],[130.7699,-0.7562,0.0],[130.7693,-0.7603,1.9949],[130.7741,-0.7667,128.3494],[130.7717,-0.7674,126.275],[130.769,-0.7657,16.9457],[130.7673,-0.7617,0.0],[130.7652,-0.7626,0.0],[130.7691,-0.7702,0.0],[130.764,-0.7745,0.0],[130.7646,-0.7808,34.8553],[130.7611,-0.7788,72.2544],[130.7595,-0.771,0.0],[130.7572,-0.7702,0.0],[130.7564,-0.7779,0.0],[130.7623,-0.7853,0.0],[130.7659,-0.7992,0.0],[130.7699,-0.8015,0.0],[130.7732,-0.8015,0.0],[130.7791,-0.7929,48.7085],[130.7761,-0.7907,85.0976],[130.7816,-0.7849,1.7981],[130.786,-0.7833,13.826],[130.787,-0.7807,0.0],[130.784,-0.7789,0.0],[130.7785,-0.7841,69.0115],[130.7767,-0.7828,153.5027],[130.7776,-0.7782,21.6373],[130.773,-0.779,47.7683]]],
[[[130.7044,-0.701,0.0],[130.7079,-0.6952,0.0],[130.7013,-0.7011,0.0],[130.703,-0.7026,0.0],[130.7044,-0.701,0.0]]],
[[[130.6859,-0.5529,0.0],[130.6685,-0.5602,13.3254],[130.6662,-0.5623,28.1208],[130.6733,-0.5619,97.9849],[130.6769,-0.5641,114.735],[130.6902,-0.5576,3.7171],[130.6921,-0.5545,0.0],[130.6859,-0.5529,0.0]]],
[[[130.6981,-0.4876,0.0],[130.7006,-0.487,0.0],[130.6999,-0.4847,0.0],[130.6978,-0.484,0.0],[130.6957,-0.4882,0.0],[130.6981,-0.4876,0.0]]],
[[[131.2493,-0.9284,2.2306],[131.2498,-0.9307,1.1869],[131.2529,-0.925,0.0],[131.2507,-0.9261,0.0],[131.2493,-0.9284,2.2306]]],
[[[131.2651,-0.926,0.0],[131.2639,-0.9277,0.0],[131.2653,-0.929,1.5057],[131.2657,-0.9265,1.2739],[131.2651,-0.926,0.0]]],
[[[131.2626,-0.9264,0.0],[131.2632,-0.9264,0.0],[131.2633,-0.9257,0.0],[131.2628,-0.9257,0.0],[131.2626,-0.9264,0.0]]],
[[[131.2505,-0.9227,0.8439],[131.2505,-0.9214,0.8439],[131.2474,-0.9203,1.8418],[131.245,-0.9235,2.2601],[131.2458,-0.9247,0.0],[131.2493,-0.9244,3.9929],[131.2505,-0.9227,0.8439]]],
[[[131.1289,-0.9128,0.0],[131.1263,-0.9169,0.0],[131.115,-0.9212,0.0],[131.1135,-0.9296,0.0],[131.1145,-0.9314,0.5055],[131.1295,-0.919,4.8293],[131.1308,-0.9144,0.0],[131.1289,-0.9128,0.0]]],
[[[131.2642,-0.9222,1.8368],[131.2654,-0.92,0.0],[131.2646,-0.9191,0.0],[131.2622,-0.9208,1.3911],[131.2642,-0.9222,1.8368]]],
[[[131.2622,-0.9183,1.1374],[131.2639,-0.9175,0.2272],[131.2616,-0.9166,0.8419],[131.2607,-0.9197,1.3911],[131.261,-0.9197,1.3911],[131.2622,-0.9183,1.1374]]],
[[[131.2321,-0.9067,2.8501],[131.2306,-0.9033,0.7878],[131.2286,-0.903,1.6694],[131.2273,-0.9063,0.0],[131.2298,-0.9079,6.0643],[131.2292,-0.9102,0.0],[131.2313,-0.9132,0.0],[131.2338,-0.91,0.0],[131.2321,-0.9067,2.8501]]],
[[[131.2741,-0.9066,0.0],[131.2732,-0.9051,0.0],[131.2723,-0.9059,0.0],[131.2731,-0.9072,0.0],[131.2741,-0.9066,0.0]]],
[[[131.2684,-0.9045,0.0],[131.2703,-0.9048,0.0],[131.272,-0.9036,0.0],[131.2689,-0.9023,0.0],[131.2684,-0.9045,0.0]]],
[[[131.2105,-0.8831,3.1575],[131.2044,-0.8827,0.0],[131.1968,-0.8854,3.1424],[131.185,-0.8976,3.3301],[131.1922,-0.8986,1.244],[131.197,-0.8951,1.747],[131.2045,-0.8952,1.0324],[131.2099,-0.8879,0.0],[131.2105,-0.8831,3.1575]]],
[[[131.2346,-0.8907,2.0],[131.2404,-0.8884,0.6844],[131.2407,-0.8849,3.7593],[131.2366,-0.8841,0.7665],[131.2312,-0.8876,0.0],[131.2346,-0.8907,2.0]]],
[[[131.2423,-0.8772,0.7293],[131.2425,-0.8774,0.7293],[131.2425,-0.877,0.7293],[131.2423,-0.8772,0.7293]]],
[[[131.239,-0.8773,0.0],[131.2394,-0.8774,0.0],[131.2396,-0.8771,0.0],[131.2391,-0.8769,0.0],[131.239,-0.8773,0.0]]],
[[[131.2179,-0.8384,1.2372],[131.2144,-0.834,0.0],[131.2128,-0.8362,0.0],[131.21,-0.8352,4.1988],[131.2068,-0.838,0.0],[131.2213,-0.8424,0.0],[131.2215,-0.8408,0.0],[131.2179,-0.8384,1.2372]]],
[[[129.7768,-0.7703,0.0],[129.7772,-0.775,0.0],[129.7838,-0.7757,0.0],[129.7901,-0.7797,0.0],[129.7941,-0.7775,0.0],[129.7844,-0.7691,29.4355],[129.7768,-0.7703,0.0]]],
[[[130.1073,-0.7639,0.0],[130.1137,-0.7583,0.0],[130.1136,-0.756,4.8064],[130.1093,-0.7568,4.6435],[130.1061,-0.7599,0.0],[130.1055,-0.7624,0.0],[130.1073,-0.7639,0.0]]],
[[[130.1407,-0.7311,1.8112],[130.1322,-0.7351,0.0],[130.1224,-0.7514,0.0],[130.1245,-0.7524,0.0],[130.1313,-0.7504,0.0],[130.1382,-0.7454,0.0],[130.1535,-0.7411,0.0],[130.1527,-0.7364,5.3184],[130.1485,-0.7295,6.5445],[130.1452,-0.7291,9.0222],[130.1407,-0.7311,1.8112]]],
[[[129.9222,-0.4115,50.9712],[129.9151,-0.4017,1.9244],[129.9108,-0.399,0.0],[129.896,-0.3995,3.2421],[129.8855,-0.3978,0.0],[129.8811,-0.4009,0.0],[129.8763,-0.4098,7.5338],[129.8681,-0.4109,0.0],[129.8692,-0.4128,4.3215],[129.8633,-0.416,32.619],[129.8561,-0.4166,0.0],[129.8496,-0.4286,8.1142],[129.8473,-0.4287,0.0],[129.8487,-0.4355,0.0],[129.8448,-0.4431,9.4445],[129.8445,-0.4528,0.0],[129.8519,-0.4664,0.0],[129.8525,-0.4704,0.0],[129.8612,-0.4784,6.6346],[129.8651,-0.4916,0.0],[129.8721,-0.4992,0.0],[129.882,-0.4934,7.0187],[129.8906,-0.4906,0.0],[129.8913,-0.4859,21.1835],[129.9001,-0.4782,62.8808],[129.9002,-0.473,0.0],[129.9058,-0.4698,4.4856],[129.9071,-0.4651,0.0],[129.9063,-0.452,35.2867],[129.9025,-0.4416,0.0],[129.9059,-0.4391,4.913],[129.9132,-0.4444,24.7373],[129.918,-0.4451,0.0],[129.9157,-0.4315,4.3914],[129.9224,-0.4201,4.9215],[129.9222,-0.4115,50.9712]]],
[[[130.3426,-0.4857,0.9059],[130.3425,-0.4877,0.0],[130.3526,-0.49,0.0],[130.3605,-0.4891,0.0],[130.3597,-0.4872,0.0],[130.3531,-0.4846,4.6036],[130.3426,-0.4857,0.9059]]],
[[[130.2245,-0.407,0.0],[130.2258,-0.4099,0.0],[130.2289,-0.4098,0.0],[130.2289,-0.4078,0.0],[130.2245,-0.407,0.0]]],
[[[130.2526,-0.3989,0.0],[130.2582,-0.4029,0.0],[130.2599,-0.4014,0.0],[130.2569,-0.3979,1.449],[130.2536,-0.3972,0.0],[130.2526,-0.3989,0.0]]],
[[[130.2773,-0.3984,0.0],[130.2801,-0.4004,0.0],[130.2814,-0.3986,0.0],[130.2802,-0.3964,0.0],[130.2778,-0.3963,0.0],[130.2773,-0.3984,0.0]]],
[[[130.2687,-0.3943,0.0],[130.2725,-0.3914,0.0],[130.271,-0.3899,0.0],[130.2648,-0.3887,0.0],[130.2613,-0.3903,0.0],[130.264,-0.394,0.0],[130.2687,-0.3943,0.0]]],
[[[130.2746,-0.3779,0.0],[130.2786,-0.3803,0.0],[130.2826,-0.3774,0.0],[130.2826,-0.3754,0.0],[130.278,-0.3744,6.5014],[130.2743,-0.3759,0.0],[130.2746,-0.3779,0.0]]],
[[[130.2882,-0.3736,7.4932],[130.291,-0.3813,0.0],[130.2931,-0.3827,0.0],[130.2942,-0.3803,0.0],[130.2931,-0.3762,7.1248],[130.2948,-0.3744,0.0],[130.3027,-0.3755,0.0],[130.3053,-0.373,0.0],[130.291,-0.3702,7.1844],[130.2882,-0.3736,7.4932]]],
[[[130.2007,-0.3597,0.0],[130.2009,-0.3572,0.0],[130.1986,-0.3562,0.0],[130.1959,-0.3609,0.0],[130.1985,-0.3611,0.0],[130.2007,-0.3597,0.0]]],
[[[130.3898,-0.357,0.0],[130.3929,-0.3509,0.0],[130.3925,-0.3461,0.0],[130.3903,-0.3469,9.5395],[130.3873,-0.3521,0.0],[130.3868,-0.3572,0.0],[130.3888,-0.3588,0.0],[130.3898,-0.357,0.0]]],
[[[130.3428,-0.3487,0.0],[130.3397,-0.3503,0.0],[130.3411,-0.3519,0.0],[130.3456,-0.3508,0.0],[130.3457,-0.3484,0.0],[130.3428,-0.3487,0.0]]],
[[[130.2285,-0.3437,13.7751],[130.2298,-0.3421,1.9796],[130.228,-0.3402,0.0],[130.2297,-0.3357,0.0],[130.2261,-0.3322,0.0],[130.2219,-0.333,24.1677],[130.2194,-0.3358,82.4944],[130.2168,-0.3354,92.2623],[130.2052,-0.3315,9.7865],[130.1905,-0.3221,41.5177],[130.1839,-0.3214,30.2775],[130.1809,-0.3234,0.0],[130.1825,-0.3283,0.0],[130.1921,-0.3371,0.0],[130.1982,-0.3396,0.0],[130.2018,-0.3374,0.0],[130.2074,-0.3381,0.0],[130.2094,-0.3425,28.0988],[130.2072,-0.3428,4.2],[130.2064,-0.3446,0.0],[130.2121,-0.3505,0.0],[130.2218,-0.3531,0.0],[130.2287,-0.3517,0.0],[130.2307,-0.3503,0.0],[130.2281,-0.346,10.2553],[130.2285,-0.3437,13.7751]]],
[[[130.2448,-0.3227,7.2539],[130.2437,-0.3247,0.0],[130.2449,-0.327,0.0],[130.2496,-0.3296,0.0],[130.2527,-0.3303,0.0],[130.2557,-0.3261,0.0],[130.2555,-0.3235,0.0],[130.2487,-0.3247,0.0],[130.2448,-0.3227,7.2539]]],
[[[130.5203,-0.5636,0.0],[130.5209,-0.5637,0.0],[130.5215,-0.5632,0.0],[130.521,-0.5626,0.0],[130.5203,-0.5636,0.0]]],
[[[130.578,-0.5326,53.5849],[130.5749,-0.5313,0.0],[130.5746,-0.5266,13.4618],[130.5705,-0.5273,0.0],[130.5692,-0.5292,0.0],[130.5694,-0.5352,0.0],[130.5746,-0.5439,0.0],[130.5769,-0.5453,0.0],[130.5894,-0.5435,0.0],[130.5925,-0.5426,0.0],[130.593,-0.5382,0.0],[130.5974,-0.5406,0.0],[130.6085,-0.5348,0.0],[130.6296,-0.5314,0.0],[130.6347,-0.5294,0.0],[130.6423,-0.5224,0.0],[130.6545,-0.5206,0.0],[130.6523,-0.5133,7.5688],[130.657,-0.5157,0.0],[130.6622,-0.5159,0.0],[130.6671,-0.5057,0.0],[130.6714,-0.504,0.0],[130.6769,-0.4977,0.0],[130.6725,-0.4947,2.7009],[130.6658,-0.4966,25.013],[130.6663,-0.4909,22.7691],[130.6703,-0.4919,84.5989],[130.6716,-0.4883,24.4297],[130.6756,-0.4866,0.0],[130.6823,-0.4718,0.0],[130.6851,-0.4704,0.0],[130.6869,-0.4657,0.0],[130.691,-0.4692,0.0],[130.6924,-0.4611,0.0],[130.6973,-0.4528,0.0],[130.6943,-0.4468,88.8831],[130.6926,-0.4481,39.8174],[130.6908,-0.4453,106.4711],[130.6844,-0.4458,110.7831],[130.6814,-0.4424,86.8079],[130.6832,-0.4413,65.8078],[130.6826,-0.4388,4.9805],[130.6675,-0.4419,160.9027],[130.666,-0.4403,179.7378],[130.6689,-0.4334,0.0],[130.666,-0.4268,23.0319],[130.6508,-0.4195,165.7985],[130.6481,-0.4155,111.7405],[130.6408,-0.4138,153.7582],[130.6364,-0.4155,161.9557],[130.6309,-0.4116,152.5838],[130.6252,-0.4121,106.8179],[130.6239,-0.4141,127.3127],[130.6201,-0.4127,87.7686],[130.6184,-0.4109,93.6682],[130.6202,-0.4097,93.6682],[130.6206,-0.4055,0.0],[130.6176,-0.4031,113.064],[130.6105,-0.4026,36.3665],[130.6065,-0.4069,0.0],[130.6105,-0.4135,0.0],[130.6084,-0.4143,0.0],[130.6094,-0.4167,0.0],[130.6132,-0.4181,0.0],[130.6131,-0.4207,34.823],[130.6176,-0.4225,54.1552],[130.6157,-0.4257,110.1426],[130.6051,-0.4258,102.8018],[130.6,-0.4209,64.7705],[130.5935,-0.4189,64.1227],[130.5909,-0.4224,102.3214],[130.5733,-0.4312,135.3352],[130.5649,-0.4322,47.6288],[130.5517,-0.4409,0.0],[130.5521,-0.444,0.0],[130.5583,-0.4521,41.2201],[130.558,-0.4547,10.3108],[130.552,-0.4586,8.4954],[130.5495,-0.464,84.7399],[130.5434,-0.4667,102.8882],[130.539,-0.4654,84.9669],[130.5382,-0.4673,106.433],[130.5249,-0.4753,212.7811],[130.5158,-0.4754,96.409],[130.5169,-0.4713,113.7866],[130.514,-0.4677,93.1833],[130.5102,-0.4669,78.6161],[130.5109,-0.4644,106.869],[130.5078,-0.4612,147.8089],[130.5093,-0.4565,90.7084],[130.5061,-0.454,87.3997],[130.5088,-0.4498,20.0391],[130.5076,-0.4476,0.0],[130.5032,-0.4473,41.8128],[130.4996,-0.4444,19.3449],[130.4947,-0.4434,9.934],[130.4884,-0.4374,42.6115],[130.4859,-0.4379,29.8082],[130.4787,-0.4451,64.444],[130.4737,-0.4464,0.0],[130.4685,-0.4512,0.0],[130.474,-0.4561,0.0],[130.4743,-0.4585,0.0],[130.4783,-0.4559,1.9243],[130.4815,-0.459,8.2561],[130.488,-0.4611,25.2318],[130.4885,-0.4634,49.8649],[130.484,-0.4633,62.9184],[130.4845,-0.4653,71.8357],[130.483,-0.4666,85.5089],[130.479,-0.4649,56.1168],[130.4766,-0.4685,91.3745],[130.4709,-0.4706,28.3133],[130.465,-0.4671,0.0],[130.4665,-0.4653,37.6488],[130.4647,-0.4641,0.0],[130.4583,-0.4634,0.0],[130.4641,-0.4736,0.0],[130.4631,-0.4784,0.0],[130.4655,-0.4789,0.0],[130.4664,-0.481,0.0],[130.4639,-0.4882,0.0],[130.4665,-0.4917,0.0],[130.4745,-0.4936,0.0],[130.5032,-0.49,0.0],[130.5103,-0.4928,12.2925],[130.5112,-0.4948,84.8712],[130.5058,-0.5027,196.5416],[130.4876,-0.5067,202.0531],[130.4709,-0.515,35.0802],[130.4557,-0.5163,0.0],[130.454,-0.5176,0.0],[130.4552,-0.5197,0.0],[130.4594,-0.5213,0.0],[130.4609,-0.5283,0.0],[130.4664,-0.5296,0.0],[130.4676,-0.5258,0.0],[130.4717,-0.5267,0.0],[130.4798,-0.5248,0.0],[130.4894,-0.518,0.0],[130.4994,-0.5169,0.0],[130.5033,-0.5194,0.0],[130.5103,-0.5145,0.0],[130.5232,-0.5184,0.0],[130.5262,-0.5176,0.0],[130.529,-0.5156,0.0],[130.5293,-0.5121,0.0],[130.5312,-0.5105,0.0],[130.5363,-0.5161,0.0],[130.544,-0.519,0.0],[130.5444,-0.5135,0.0],[130.5463,-0.512,0.8205],[130.5475,-0.5137,1.4923],[130.5495,-0.5127,0.7417],[130.5479,-0.5088,7.2174],[130.5497,-0.5062,2.4156],[130.5643,-0.4996,0.0],[130.5679,-0.4869,0.0],[130.5625,-0.4779,105.7347],[130.5645,-0.4729,76.1061],[130.5749,-0.4692,0.0],[130.5797,-0.4703,0.0],[130.5814,-0.4744,0.0],[130.5871,-0.4742,0.0],[130.5874,-0.4721,0.0],[130.5896,-0.4719,0.0],[130.5913,-0.4733,0.0],[130.5979,-0.4737,0.0],[130.5983,-0.4761,0.0],[130.6014,-0.4766,0.0],[130.5996,-0.4808,0.0],[130.6017,-0.4812,0.0],[130.6007,-0.4832,0.0],[130.602,-0.4879,1.9936],[130.6041,-0.4869,36.3722],[130.6099,-0.4901,25.449],[130.6143,-0.4903,44.3512],[130.6125,-0.4944,79.1672],[130.6041,-0.4932,69.8402],[130.6022,-0.495,80.43],[130.6075,-0.4985,84.9657],[130.6052,-0.4997,30.9454],[130.5929,-0.4982,0.0],[130.599,-0.5063,94.4487],[130.5995,-0.511,69.2955],[130.5978,-0.5122,61.7134],[130.5955,-0.5109,38.6422],[130.5937,-0.5136,31.9798],[130.5955,-0.5221,4.9948],[130.5932,-0.5253,45.0462],[130.5951,-0.5313,0.0],[130.5895,-0.5307,61.7252],[130.5882,-0.5325,14.3303],[130.5863,-0.5295,47.3964],[130.578,-0.5326,53.5849]]],
[[[130.4439,-0.522,0.0],[130.4479,-0.526,0.0],[130.4526,-0.5248,0.0],[130.454,-0.5296,0.0],[130.4563,-0.529,0.0],[130.4555,-0.522,0.0],[130.4517,-0.5222,0.0],[130.4493,-0.5187,0.0],[130.4447,-0.5201,0.0],[130.4439,-0.522,0.0]]],
[[[130.453,-0.4583,0.0],[130.4495,-0.4574,0.0],[130.4509,-0.46,0.0],[130.453,-0.4583,0.0]]],
[[[130.4361,-0.4535,0.0],[130.44,-0.4553,0.0],[130.4424,-0.4538,0.0],[130.4386,-0.4504,0.0],[130.4494,-0.4493,0.0],[130.4447,-0.4455,46.2014],[130.441,-0.4462,36.0977],[130.4368,-0.4443,0.0],[130.4342,-0.4513,0.0],[130.4361,-0.4535,0.0]]],
[[[130.4611,-0.446,0.0],[130.4626,-0.444,0.0],[130.461,-0.4425,0.0],[130.4572,-0.4443,0.0],[130.4577,-0.4463,0.0],[130.4611,-0.446,0.0]]],
[[[130.4447,-0.4455,46.2014],[130.4504,-0.442,10.7618],[130.449,-0.4394,5.9334],[130.4462,-0.4418,0.0],[130.4447,-0.4455,46.2014]]],
[[[130.694,-0.4769,0.0],[130.6895,-0.4796,0.0],[130.6906,-0.4815,0.0],[130.6974,-0.479,52.9413],[130.6964,-0.4771,0.0],[130.694,-0.4769,0.0]]],
[[[130.8171,-0.47,0.0],[130.8056,-0.4754,0.0],[130.8023,-0.4805,0.0],[130.8036,-0.4846,0.0],[130.8117,-0.4839,0.0],[130.8204,-0.4766,0.0],[130.8206,-0.4731,0.0],[130.8171,-0.47,0.0]]],
[[[130.6905,-0.4146,13.9116],[130.6849,-0.4153,39.2797],[130.6812,-0.4208,0.0],[130.6831,-0.422,0.0],[130.6895,-0.4214,0.0],[130.694,-0.4188,0.0],[130.6947,-0.4162,0.0],[130.6933,-0.4143,12.0082],[130.6905,-0.4146,13.9116]]],
[[[130.9339,-0.3912,0.0],[130.9355,-0.3898,0.0],[130.9342,-0.3873,0.0],[130.9249,-0.3811,14.948],[130.9236,-0.3771,8.7919],[130.9252,-0.3733,13.0829],[130.9203,-0.3714,42.6331],[130.9193,-0.3692,18.0689],[130.9242,-0.3645,0.0],[130.9263,-0.3643,0.0],[130.9288,-0.3679,0.0],[130.9337,-0.3679,0.0],[130.9353,-0.3713,0.0],[130.9378,-0.3722,0.0],[130.9441,-0.3632,0.0],[130.9443,-0.3592,0.0],[130.9408,-0.3567,17.0793],[130.9311,-0.358,18.8784],[130.9334,-0.3538,41.9302],[130.9299,-0.3459,73.7017],[130.9294,-0.3366,7.7956],[130.9196,-0.3257,59.9808],[130.9207,-0.3185,0.5],[130.9186,-0.3167,37.2453],[130.9196,-0.3144,3.0955],[130.9185,-0.3124,98.8621],[130.9055,-0.3125,170.5354],[130.9064,-0.3145,206.9169],[130.8967,-0.3223,73.2912],[130.8907,-0.3238,59.4706],[130.8872,-0.3232,62.9864],[130.882,-0.3188,253.1711],[130.862,-0.3192,107.5659],[130.8503,-0.3163,193.8035],[130.8473,-0.3135,332.3734],[130.8456,-0.3003,259.9599],[130.8244,-0.2942,288.0836],[130.8094,-0.3003,14.1809],[130.8086,-0.3029,1.0],[130.8098,-0.3048,1.0],[130.8164,-0.3069,1.0],[130.8177,-0.3115,12.0615],[130.8159,-0.3158,21.7581],[130.8089,-0.3178,28.0801],[130.8094,-0.3156,52.7171],[130.804,-0.3106,48.8414],[130.8002,-0.3125,24.7135],[130.7941,-0.3104,41.2086],[130.7905,-0.3039,43.9039],[130.7907,-0.3015,98.7978],[130.7867,-0.3002,14.0835],[130.7848,-0.3019,19.8803],[130.7841,-0.3065,10.4606],[130.7821,-0.3063,21.0022],[130.7816,-0.2974,76.928],[130.7781,-0.2962,79.6936],[130.7709,-0.2994,28.6473],[130.7686,-0.2989,57.9468],[130.7632,-0.2918,23.1218],[130.7517,-0.2952,35.1129],[130.7442,-0.293,18.8267],[130.7397,-0.2974,14.8389],[130.735,-0.2982,70.2758],[130.7292,-0.2958,60.3175],[130.7274,-0.2938,23.2895],[130.7289,-0.2918,13.4166],[130.7354,-0.2884,1.0],[130.735,-0.2863,1.0],[130.7418,-0.2819,1.0],[130.7394,-0.2783,56.4571],[130.7349,-0.2756,135.866],[130.7318,-0.2691,25.8714],[130.7283,-0.2669,115.3436],[130.7233,-0.2506,1.0],[130.7192,-0.248,46.9861],[130.7218,-0.2441,1.0],[130.7208,-0.242,36.657],[130.7183,-0.2421,108.3455],[130.7198,-0.2379,4.7738],[130.7052,-0.2242,58.1395],[130.6967,-0.2118,109.6194],[130.6953,-0.2085,99.3358],[130.6969,-0.207,16.6467],[130.6953,-0.2058,50.4682],[130.6943,-0.2006,21.0475],[130.6796,-0.1866,153.0136],[130.6734,-0.1729,19.9971],[130.6635,-0.1654,107.789],[130.6587,-0.16,78.4329],[130.6589,-0.1571,53.4508],[130.6556,-0.1531,1.0],[130.6411,-0.1471,1.0],[130.6337,-0.1478,1.0],[130.6288,-0.1461,1.0],[130.6246,-0.1481,4.434],[130.6171,-0.145,92.7603],[130.6163,-0.1333,7.6433],[130.6182,-0.1316,9.8543],[130.6198,-0.1333,14.1473],[130.621,-0.1418,1.0],[130.6288,-0.1432,1.0],[130.6318,-0.1427,25.6123],[130.6317,-0.1407,54.9118],[130.6295,-0.1368,65.0868],[130.6298,-0.1311,8.4853],[130.6231,-0.1247,9.8577],[130.6157,-0.1222,14.623],[130.6161,-0.12,22.5197],[130.619,-0.1197,21.0868],[130.6259,-0.1148,19.7807],[130.6363,-0.1146,74.436],[130.6363,-0.1121,169.7411],[130.6395,-0.1111,183.6013],[130.6441,-0.1126,88.3357],[130.6432,-0.1101,146.4269],[130.646,-0.1056,40.9591],[130.6524,-0.1017,1.0],[130.6517,-0.099,1.0],[130.649,-0.0985,1.0],[130.6447,-0.1023,1.0],[130.637,-0.1006,1.0],[130.635,-0.1009,1.0],[130.6343,-0.1029,1.0],[130.6301,-0.1024,1.0],[130.6255,-0.1045,1.0],[130.6178,-0.1036,33.3203],[130.6155,-0.1011,60.4616],[130.6189,-0.0966,44.1322],[130.6188,-0.0938,1.0],[130.6138,-0.0929,1.0],[130.6121,-0.0943,9.2052],[130.6136,-0.0969,3.908],[130.6081,-0.0969,54.2552],[130.606,-0.0958,31.9377],[130.6029,-0.0898,17.5165],[130.6129,-0.0827,18.5673],[130.6139,-0.0776,57.4323],[130.617,-0.0769,59.2359],[130.6192,-0.0793,21.8133],[130.6259,-0.0799,31.6485],[130.6286,-0.0854,1.0],[130.6329,-0.0886,59.484],[130.634,-0.0929,1.0],[130.6372,-0.0902,29.4717],[130.641,-0.0925,22.0065],[130.6431,-0.0912,40.9268],[130.6413,-0.0875,77.7135],[130.6423,-0.0857,84.6869],[130.6488,-0.0847,68.3097],[130.6471,-0.0803,72.9352],[130.6527,-0.0817,17.5532],[130.6529,-0.0844,1.0],[130.6554,-0.085,49.6906],[130.6608,-0.0822,69.1215],[130.6595,-0.0804,29.424],[130.6599,-0.0757,64.3854],[130.6629,-0.074,113.7396],[130.6781,-0.078,49.4365],[130.6806,-0.078,15.1083],[130.6806,-0.0755,42.1186],[130.6947,-0.0744,86.5933],[130.698,-0.0758,53.8495],[130.6992,-0.08,14.809],[130.6957,-0.083,1.0],[130.696,-0.0854,1.0],[130.6801,-0.0911,1.0],[130.6783,-0.0947,1.0],[130.6838,-0.0972,72.6862],[130.6857,-0.0964,47.2531],[130.6853,-0.0939,7.742],[130.6934,-0.0953,57.9866],[130.698,-0.0939,38.2338],[130.7031,-0.0955,57.2351],[130.7031,-0.0935,92.8608],[130.7051,-0.0923,52.7995],[130.7098,-0.0966,20.671],[130.7114,-0.101,1.0],[130.713,-0.1065,1.0],[130.7126,-0.1158,1.0],[130.7179,-0.1303,1.0],[130.7205,-0.1345,1.0],[130.7283,-0.1409,11.8607],[130.7306,-0.1461,1.0],[130.7328,-0.1457,1.0],[130.7381,-0.1488,1.0],[130.743,-0.154,1.0],[130.7484,-0.1526,1.0],[130.7506,-0.1542,1.0],[130.7508,-0.1567,1.0],[130.7531,-0.1562,10.7115],[130.7539,-0.1598,1.0],[130.7587,-0.1592,1.0],[130.7599,-0.1611,1.0],[130.7619,-0.1605,7.73],[130.7617,-0.1558,27.9546],[130.7645,-0.1556,1.0],[130.7657,-0.1601,1.0],[130.768,-0.16,1.0],[130.7727,-0.1559,16.0797],[130.7765,-0.1589,1.0],[130.781,-0.1686,23.427],[130.7774,-0.1709,1.0],[130.779,-0.1727,1.0],[130.7827,-0.1703,1.0],[130.785,-0.1703,1.0],[130.7863,-0.172,1.0],[130.7823,-0.1803,1.0],[130.7887,-0.1832,1.0],[130.7927,-0.1932,1.0],[130.7928,-0.2007,1.0],[130.7909,-0.2054,1.0],[130.7928,-0.2134,1.0],[130.7865,-0.226,1.0],[130.7871,-0.2279,1.0],[130.795,-0.2343,1.0],[130.7942,-0.2389,1.0],[130.797,-0.246,1.0],[130.804,-0.2429,1.0],[130.8059,-0.2453,1.0],[130.8137,-0.2448,1.0],[130.8184,-0.2465,1.0],[130.8294,-0.2454,1.0],[130.8403,-0.2502,1.0],[130.851,-0.2432,1.0],[130.858,-0.2412,1.0],[130.8566,-0.2395,1.0],[130.8586,-0.2367,1.0],[130.8644,-0.2379,1.0],[130.881,-0.2525,1.0],[130.8837,-0.2571,5.7145],[130.8846,-0.2652,1.0],[130.8915,-0.2688,1.0],[130.8975,-0.2765,1.0],[130.9006,-0.285,35.7848],[130.9003,-0.288,41.4558],[130.8979,-0.2897,2.961],[130.8978,-0.2954,1.0],[130.9027,-0.2976,17.5857],[130.904,-0.3003,44.6478],[130.9007,-0.3066,11.5777],[130.9049,-0.3075,1.0],[130.9196,-0.3057,0.5],[130.9243,-0.3119,0.5],[130.9252,-0.3207,0.5],[130.9274,-0.3236,0.5],[130.9353,-0.3276,16.9937],[130.9389,-0.3369,0.0],[130.9379,-0.3434,0.0],[130.9434,-0.3503,33.9401],[130.9618,-0.3572,0.0],[130.9685,-0.3576,0.0],[130.974,-0.3555,0.0],[130.9885,-0.3675,0.0],[130.9916,-0.3642,0.0],[130.9962,-0.3644,0.0],[130.9975,-0.362,0.0],[130.992,-0.3516,43.979],[130.9936,-0.3473,0.0],[130.9895,-0.3432,11.9813],[130.9917,-0.3417,1.8749],[131.0119,-0.3452,0.0],[131.0155,-0.3495,0.0],[131.0225,-0.354,57.8854],[131.0237,-0.3559,64.566],[131.0222,-0.3629,0.0],[131.0234,-0.3653,0.0],[131.0254,-0.3653,0.0],[131.0271,-0.362,0.0],[131.0315,-0.3625,0.0],[131.0298,-0.3528,27.9698],[131.0362,-0.3485,16.3718],[131.0354,-0.3441,0.0],[131.0372,-0.3431,0.0],[131.0446,-0.3468,0.0],[131.0452,-0.3521,0.0],[131.0511,-0.3488,0.0],[131.0559,-0.3482,0.0],[131.0619,-0.3393,0.0],[131.063,-0.3332,0.0],[131.0677,-0.3324,0.0],[131.0703,-0.3262,18.3208],[131.0816,-0.3251,0.0],[131.0818,-0.3229,0.0],[131.0853,-0.3199,0.0],[131.0903,-0.3201,0.0],[131.0916,-0.3181,0.0],[131.0976,-0.3163,0.0],[131.1001,-0.3124,0.0],[131.1024,-0.3124,101.9371],[131.1043,-0.3132,184.1818],[131.1045,-0.316,212.4545],[131.1013,-0.3214,0.0],[131.1009,-0.3264,0.0],[131.1032,-0.3277,0.0],[131.1082,-0.3263,0.0],[131.1172,-0.3274,0.0],[131.1267,-0.3329,0.0],[131.1289,-0.3329,0.0],[131.1308,-0.3301,0.0],[131.1346,-0.3319,0.0],[131.156,-0.3333,0.0],[131.1684,-0.3388,0.0],[131.1795,-0.3403,0.0],[131.1944,-0.3487,0.0],[131.1972,-0.3537,0.0],[131.1943,-0.3568,0.0],[131.1952,-0.3591,0.0],[131.1993,-0.3586,3.6824],[131.202,-0.3625,23.8891],[131.1983,-0.3738,0.0],[131.2002,-0.375,0.0],[131.2027,-0.369,0.0],[131.2077,-0.3675,0.0],[131.227,-0.3729,0.0],[131.2404,-0.3841,0.0],[131.2472,-0.3851,0.0],[131.2522,-0.3833,0.0],[131.2573,-0.3771,0.0],[131.2521,-0.3606,13.3419],[131.2466,-0.3534,18.3608],[131.246,-0.3462,0.0],[131.2474,-0.3443,0.0],[131.2566,-0.3479,0.0],[131.266,-0.3483,0.0],[131.2679,-0.3504,0.0],[131.2791,-0.3478,0.0],[131.2815,-0.3425,0.0],[131.2869,-0.3402,0.0],[131.2833,-0.333,23.308],[131.2845,-0.331,4.3899],[131.2941,-0.3228,0.0],[131.3017,-0.324,0.0],[131.3035,-0.3218,0.0],[131.3031,-0.3172,2.05],[131.3079,-0.3147,0.0],[131.3068,-0.3111,0.0],[131.3082,-0.3051,0.0],[131.3143,-0.3012,0.0],[131.3196,-0.3016,0.0],[131.3248,-0.3046,0.0],[131.3286,-0.2993,0.0],[131.3367,-0.2993,0.0],[131.34,-0.2962,0.0],[131.3407,-0.2892,0.0],[131.338,-0.285,54.4725],[131.3313,-0.279,18.363],[131.3108,-0.2673,28.7801],[131.3018,-0.2582,23.0637],[131.2961,-0.2452,9.2134],[131.2962,-0.2401,0.0],[131.2939,-0.2339,11.8759],[131.2952,-0.2294,5.8896],[131.2924,-0.2248,108.5204],[131.2937,-0.2231,69.022],[131.3001,-0.2235,0.0],[131.3044,-0.2191,0.0],[131.3051,-0.2144,0.0],[131.3138,-0.2112,0.0],[131.3146,-0.1993,12.5273],[131.3105,-0.1985,110.2145],[131.3056,-0.1923,41.6199],[131.3105,-0.1876,0.0],[131.3097,-0.1856,16.6671],[131.2981,-0.1721,108.306],[131.2973,-0.1649,11.9473],[131.2957,-0.1631,10.7303],[131.2907,-0.1635,109.5035],[131.2894,-0.1656,63.2184],[131.2863,-0.1644,90.9146],[131.2784,-0.1563,41.1659],[131.2626,-0.1528,67.2927],[131.2603,-0.1506,97.2733],[131.2583,-0.141,47.804],[131.2562,-0.1385,23.7779],[131.2515,-0.1384,20.5165],[131.2379,-0.1491,60.2087],[131.2327,-0.1459,45.6607],[131.2262,-0.1368,99.7446],[131.2114,-0.1408,11.2053],[131.2034,-0.1329,28.677],[131.1999,-0.1313,107.1272],[131.1935,-0.1325,40.2368],[131.1912,-0.1268,3.7452],[131.1928,-0.1196,0.0],[131.192,-0.1148,3.5765],[131.1808,-0.1064,24.2311],[131.1787,-0.1008,4.4947],[131.1743,-0.0996,6.3861],[131.1678,-0.1023,10.164],[131.1635,-0.0975,21.1234],[131.1566,-0.0937,17.1065],[131.1572,-0.0892,15.4746],[131.152,-0.0828,17.7458],[131.1415,-0.0812,19.4272],[131.1377,-0.0779,37.3563],[131.1299,-0.0759,31.6239],[131.1221,-0.0779,22.1543],[131.1078,-0.0786,50.0316],[131.0978,-0.0727,16.677],[131.0964,-0.0742,44.4481],[131.0939,-0.0738,67.3343],[131.0899,-0.0682,33.7007],[131.0847,-0.0656,8.8734],[131.0793,-0.0664,13.6084],[131.0757,-0.0736,22.1644],[131.07,-0.0696,54.3593],[131.0613,-0.067,4.0384],[131.0599,-0.0689,15.926],[131.0555,-0.0686,27.461],[131.0463,-0.0637,15.9461],[131.0383,-0.0645,16.5089],[131.0334,-0.0632,54.6973],[131.0322,-0.061,4.0532],[131.0344,-0.059,0.0],[131.0476,-0.0584,0.0],[131.0534,-0.0542,0.0],[131.0553,-0.048,0.0],[131.0538,-0.0438,18.4883],[131.0543,-0.0385,0.0],[131.0506,-0.0264,0.0],[131.0481,-0.0242,6.3616],[131.0435,-0.025,17.0013],[131.0388,-0.0349,73.9944],[131.0331,-0.0384,70.9078],[131.0161,-0.0347,4.4592],[131.0152,-0.0367,0.0],[131.0196,-0.0375,55.4574],[131.0183,-0.0421,31.2621],[131.0062,-0.0472,8.2459],[130.992,-0.0458,45.8992],[130.978,-0.0379,23.4491],[130.9762,-0.0401,0.0],[130.9839,-0.0502,0.0],[130.9843,-0.0574,4.9487],[130.9798,-0.0615,17.1461],[130.9705,-0.0598,9.1131],[130.9686,-0.0636,19.3919],[130.9665,-0.0638,15.6621],[130.9653,-0.054,23.7756],[130.9691,-0.0534,0.0],[130.968,-0.051,2.0465],[130.9534,-0.0373,32.1359],[130.9511,-0.0378,9.1154],[130.9495,-0.0432,10.0451],[130.9474,-0.0438,37.2522],[130.9431,-0.0406,14.2411],[130.9415,-0.0421,16.0623],[130.9347,-0.0395,43.6522],[130.9247,-0.0332,50.7877],[130.9166,-0.0318,117.5545],[130.9128,-0.0277,16.5365],[130.9065,-0.0282,13.3165],[130.9031,-0.0253,20.8222],[130.8969,-0.0245,54.4025],[130.8907,-0.0206,51.9441],[130.8862,-0.0214,19.8052],[130.8844,-0.0184,14.8764],[130.8776,-0.0152,64.6169],[130.8728,-0.0159,48.7538],[130.8711,-0.0142,31.7292],[130.8336,-0.0096,104.3416],[130.8293,-0.0114,12.7308],[130.8261,-0.015,58.3853],[130.8239,-0.0135,33.2574],[130.8239,-0.0105,77.7291],[130.8169,-0.0071,0.0],[130.8094,-0.0063,0.0],[130.8004,-0.0097,16.1145],[130.7991,-0.0076,52.3368],[130.7949,-0.0061,0.0],[130.7894,-0.0069,0.0],[130.787,-0.0103,32.7101],[130.7841,-0.01,98.053],[130.7784,-0.0127,12.0051],[130.7749,-0.0134,54.7691],[130.7727,-0.0095,0.0],[130.7628,-0.014,0.0],[130.7613,-0.0164,70.8952],[130.7534,-0.0167,37.4431],[130.7555,-0.0212,29.6025],[130.7547,-0.0237,40.4944],[130.7465,-0.0222,0.0],[130.7392,-0.0246,0.0],[130.7387,-0.0304,6.3369],[130.7401,-0.0344,68.3813],[130.7481,-0.0347,28.9102],[130.7543,-0.0372,58.228],[130.7716,-0.0357,71.8336],[130.7758,-0.0365,29.0313],[130.7842,-0.0425,17.7472],[130.7808,-0.0463,0.0],[130.7806,-0.0491,0.0],[130.7749,-0.0502,5.6118],[130.771,-0.0476,0.0],[130.7691,-0.0488,0.0],[130.7698,-0.0511,0.0],[130.7668,-0.0526,0.0],[130.7573,-0.0521,2.3373],[130.7522,-0.0482,0.0],[130.7504,-0.049,0.0],[130.7485,-0.054,0.0],[130.7388,-0.047,6.6783],[130.7373,-0.0497,0.0],[130.7303,-0.0539,0.0],[130.7258,-0.0513,0.0],[130.7254,-0.0491,0.0],[130.7173,-0.0509,0.0],[130.7115,-0.0542,0.0],[130.7122,-0.0586,0.0],[130.7097,-0.0594,0.0],[130.7078,-0.0583,1.6333],[130.7058,-0.0542,61.256],[130.7139,-0.0459,110.5548],[130.728,-0.0388,31.0936],[130.7309,-0.0349,15.3437],[130.7257,-0.0314,0.0],[130.7267,-0.0257,0.0],[130.7196,-0.0273,0.0],[130.7126,-0.0264,0.0],[130.7052,-0.0359,0.0],[130.6987,-0.0335,0.0],[130.6965,-0.0385,8.6095],[130.6914,-0.0414,0.0],[130.6859,-0.0375,0.0],[130.6817,-0.0386,0.0],[130.6706,-0.0433,0.0],[130.6684,-0.048,2.9062],[130.6638,-0.0481,0.0],[130.6649,-0.046,0.0],[130.6636,-0.0444,0.0],[130.6538,-0.0467,0.0],[130.6516,-0.0483,0.0],[130.6514,-0.0507,0.0],[130.6532,-0.0518,0.0],[130.6538,-0.0548,0.0],[130.6485,-0.0587,100.835],[130.6462,-0.0551,79.521],[130.6482,-0.054,0.0],[130.6454,-0.052,0.0],[130.6397,-0.0521,0.0],[130.6385,-0.0543,0.0],[130.6324,-0.051,0.0],[130.6303,-0.0516,0.0],[130.6283,-0.0533,0.0],[130.631,-0.0568,0.0],[130.6283,-0.0603,22.1469],[130.6205,-0.0594,132.3922],[130.6201,-0.0543,134.3635],[130.6129,-0.0484,0.0],[130.6041,-0.0479,0.0],[130.6021,-0.049,11.1679],[130.604,-0.0509,5.9421],[130.6019,-0.052,161.7355],[130.5968,-0.0503,169.8269],[130.5967,-0.0447,35.014],[130.5948,-0.0442,0.0],[130.5936,-0.046,31.5834],[130.5914,-0.0408,0.0],[130.5844,-0.0392,0.0],[130.5845,-0.0437,0.0],[130.5796,-0.0432,0.0],[130.5778,-0.0452,0.0],[130.5822,-0.0566,89.9462],[130.5784,-0.0565,88.831],[130.5734,-0.0497,85.0248],[130.571,-0.0503,22.8771],[130.5677,-0.0427,0.0],[130.5682,-0.0401,0.0],[130.5708,-0.0399,31.8284],[130.5719,-0.0377,0.0],[130.5672,-0.0344,0.0],[130.56,-0.0323,0.0],[130.5621,-0.0411,0.0],[130.5606,-0.0465,0.0],[130.5667,-0.0509,17.9807],[130.5682,-0.054,0.0],[130.5671,-0.0602,0.0],[130.571,-0.0692,17.1922],[130.5663,-0.0717,178.7848],[130.5638,-0.0707,179.2079],[130.5587,-0.0626,0.0],[130.5385,-0.0533,0.0],[130.5384,-0.056,0.0],[130.5506,-0.0673,0.0],[130.5502,-0.0698,0.0],[130.546,-0.069,0.0],[130.5432,-0.0724,0.0],[130.541,-0.0717,92.7772],[130.5393,-0.0679,40.4915],[130.5337,-0.07,219.7001],[130.5317,-0.063,196.6691],[130.5281,-0.0598,170.5598],[130.5295,-0.0525,10.8927],[130.5206,-0.0532,166.4109],[130.5168,-0.0469,0.0],[130.5112,-0.0438,0.0],[130.4988,-0.0437,0.0],[130.4966,-0.0445,0.0],[130.496,-0.0469,0.0],[130.5057,-0.0514,0.0],[130.5087,-0.0559,7.1913],[130.5129,-0.0584,0.0],[130.5156,-0.0642,0.0],[130.5057,-0.0625,0.0],[130.5032,-0.0605,75.6011],[130.4926,-0.0633,0.0],[130.4916,-0.0654,0.0],[130.4937,-0.0694,0.0],[130.4909,-0.0761,0.0],[130.4857,-0.076,36.1376],[130.4753,-0.069,0.0],[130.4633,-0.072,0.0],[130.4626,-0.074,0.0],[130.467,-0.0761,0.0],[130.4683,-0.0785,0.0],[130.4678,-0.0807,0.0],[130.4639,-0.0837,0.0],[130.459,-0.0823,6.477],[130.4572,-0.0841,0.0],[130.4545,-0.0834,0.0],[130.4523,-0.0764,0.0],[130.4501,-0.077,0.0],[130.4496,-0.0814,0.0],[130.4465,-0.0847,0.0],[130.4465,-0.0918,0.0],[130.444,-0.0926,53.2021],[130.4424,-0.0908,18.3955],[130.4368,-0.0953,0.0],[130.435,-0.0873,33.9283],[130.4294,-0.0819,0.0],[130.4282,-0.0777,0.0],[130.4291,-0.0736,0.0],[130.4313,-0.0721,0.0],[130.4291,-0.0708,0.0],[130.4174,-0.0845,0.0],[130.4265,-0.0851,0.0],[130.4288,-0.0872,96.0401],[130.4294,-0.0902,3.0998],[130.4251,-0.1013,0.0],[130.4225,-0.1018,0.0],[130.4216,-0.0993,0.0],[130.4193,-0.0989,0.0],[130.416,-0.1014,0.0],[130.413,-0.1011,0.0],[130.4097,-0.0975,0.0],[130.4077,-0.0995,0.0],[130.4101,-0.1069,0.0],[130.404,-0.1121,0.0],[130.3945,-0.1104,42.3798],[130.3903,-0.1074,262.3012],[130.3914,-0.1029,208.7017],[130.398,-0.0933,266.0027],[130.3979,-0.0869,165.3243],[130.3918,-0.0818,115.3171],[130.3927,-0.0777,6.3725],[130.3958,-0.0761,21.3699],[130.3955,-0.0738,0.0],[130.3873,-0.0725,0.0],[130.3822,-0.0775,0.0],[130.3789,-0.0783,116.5679],[130.3756,-0.0779,101.4728],[130.3712,-0.0721,0.0],[130.3607,-0.0726,0.0],[130.3593,-0.074,0.0],[130.3613,-0.0757,0.0],[130.3706,-0.076,4.5731],[130.3726,-0.0813,34.3315],[130.3586,-0.0804,0.0],[130.3576,-0.0781,0.0],[130.3551,-0.0788,0.0],[130.353,-0.0834,0.0],[130.3541,-0.0881,27.108],[130.3585,-0.0892,0.0],[130.3599,-0.0949,0.0],[130.368,-0.0947,8.3152],[130.3722,-0.0979,106.2865],[130.3685,-0.1022,0.0],[130.374,-0.1143,0.0],[130.3709,-0.119,0.0],[130.3658,-0.1196,0.0],[130.3628,-0.1216,0.0],[130.3591,-0.1273,0.0],[130.3524,-0.1323,134.7952],[130.3503,-0.1321,176.1815],[130.3475,-0.1266,242.3191],[130.3474,-0.1165,161.9501],[130.3399,-0.1105,142.231],[130.3399,-0.1084,179.7011],[130.3482,-0.1017,0.0],[130.3436,-0.0946,16.2432],[130.3467,-0.0858,10.1034],[130.3423,-0.0813,0.0],[130.3431,-0.0766,0.0],[130.3387,-0.0764,0.0],[130.3371,-0.0791,0.0],[130.3357,-0.0851,0.0],[130.3384,-0.0916,0.0],[130.3313,-0.0927,0.0],[130.3382,-0.1004,0.0],[130.3379,-0.1049,71.5562],[130.3331,-0.1101,122.2131],[130.3326,-0.1063,135.5417],[130.324,-0.103,0.0],[130.3206,-0.1042,106.2471],[130.3209,-0.1067,54.5231],[130.3133,-0.1072,208.2462],[130.3114,-0.1064,197.2233],[130.3107,-0.102,0.0],[130.3078,-0.1005,3.1912],[130.2989,-0.1014,0.0],[130.2905,-0.0924,0.0],[130.2856,-0.0918,0.0],[130.2829,-0.0927,0.0],[130.2892,-0.0988,0.0],[130.2891,-0.1036,0.0],[130.2815,-0.1098,0.0],[130.2751,-0.1106,0.0],[130.2704,-0.1095,12.8252],[130.2717,-0.1167,0.0],[130.2805,-0.1214,0.0],[130.2835,-0.1306,71.0951],[130.2824,-0.1328,36.8559],[130.2755,-0.1289,0.0],[130.2736,-0.1301,0.0],[130.2724,-0.14,0.0],[130.2752,-0.1471,75.9467],[130.2852,-0.149,0.0],[130.2853,-0.1515,0.0],[130.2875,-0.1523,0.0],[130.2968,-0.1494,23.8576],[130.298,-0.1546,0.0],[130.2966,-0.1596,0.0],[130.3007,-0.1613,0.0],[130.3,-0.1643,0.0],[130.2911,-0.1681,0.0],[130.2912,-0.1702,0.0],[130.2959,-0.1758,0.0],[130.3191,-0.1786,0.0],[130.3365,-0.1895,0.0],[130.3442,-0.1915,0.0],[130.3468,-0.1905,3.6228],[130.3469,-0.1871,56.6536],[130.34,-0.1775,278.4661],[130.3419,-0.1689,182.0544],[130.3384,-0.16,212.1218],[130.3336,-0.156,99.8261],[130.3285,-0.1552,189.5249],[130.3221,-0.1494,140.7723],[130.3224,-0.1432,21.3339],[130.3258,-0.1402,60.7925],[130.3307,-0.1401,80.8826],[130.3334,-0.1437,6.2381],[130.3425,-0.1467,0.0],[130.3525,-0.1573,0.0],[130.3557,-0.1587,0.0],[130.3582,-0.1578,0.0],[130.3548,-0.1542,0.0],[130.3586,-0.1487,114.901],[130.3545,-0.143,64.5066],[130.3543,-0.1384,172.9573],[130.3563,-0.1368,142.4958],[130.3613,-0.1375,32.3873],[130.365,-0.1403,0.0],[130.3679,-0.153,0.0],[130.3714,-0.1562,0.0],[130.3678,-0.1602,0.0],[130.3691,-0.1637,0.0],[130.3716,-0.1643,0.0],[130.3754,-0.1702,0.0],[130.3799,-0.1712,0.0],[130.3815,-0.1698,0.0],[130.3765,-0.1582,0.0],[130.3834,-0.1607,40.867],[130.3878,-0.1665,0.0],[130.3929,-0.1676,28.0098],[130.396,-0.1643,101.5489],[130.3984,-0.1651,30.0066],[130.3987,-0.1627,26.9142],[130.4039,-0.1583,70.2109],[130.4118,-0.1609,0.0],[130.4102,-0.1518,40.1714],[130.4052,-0.1485,48.7557],[130.4054,-0.1401,13.6156],[130.3975,-0.1403,99.801],[130.3932,-0.1344,23.3486],[130.3919,-0.1274,27.999],[130.3933,-0.1257,38.3572],[130.3984,-0.1257,32.4501],[130.403,-0.1283,0.0],[130.4164,-0.1309,77.1831],[130.4197,-0.1346,0.0],[130.4121,-0.1496,20.69],[130.4182,-0.1583,51.345],[130.4183,-0.1636,0.0],[130.4148,-0.1666,0.0],[130.3716,-0.1759,0.0],[130.3693,-0.1771,0.0],[130.3696,-0.1818,28.9755],[130.3739,-0.1844,0.0],[130.3809,-0.1836,81.5746],[130.3848,-0.1861,13.7726],[130.3933,-0.1805,193.9636],[130.4044,-0.1801,27.4946],[130.4145,-0.1765,177.9866],[130.4203,-0.1762,110.4622],[130.4228,-0.181,0.0],[130.425,-0.1784,0.0],[130.4274,-0.1828,0.0],[130.4327,-0.1853,0.0],[130.4357,-0.1913,0.0],[130.438,-0.1906,0.0],[130.4406,-0.192,0.0],[130.4435,-0.1958,0.0],[130.4381,-0.1973,3.592],[130.434,-0.1953,0.0],[130.4318,-0.199,0.0],[130.4301,-0.1978,0.0],[130.4274,-0.2013,15.2186],[130.4194,-0.202,0.0],[130.4158,-0.2047,0.0],[130.4162,-0.2068,85.5939],[130.4087,-0.2063,0.0],[130.4005,-0.2137,0.0],[130.4049,-0.2157,0.0],[130.4011,-0.221,0.0],[130.4024,-0.2228,0.0],[130.4069,-0.2228,2.6992],[130.4031,-0.2256,10.9895],[130.3957,-0.2235,0.0],[130.3932,-0.2294,0.0],[130.3887,-0.2296,4.9277],[130.3888,-0.2319,68.9873],[130.3837,-0.2312,70.5103],[130.378,-0.2329,45.9549],[130.3748,-0.2379,0.0],[130.3677,-0.2402,113.7907],[130.3644,-0.2392,150.7054],[130.3629,-0.231,149.1081],[130.3745,-0.2349,0.0],[130.3753,-0.2292,67.8175],[130.3714,-0.2251,104.5135],[130.3665,-0.2242,14.6562],[130.369,-0.2226,166.4986],[130.3692,-0.2201,170.4359],[130.3667,-0.2166,192.2702],[130.3665,-0.2117,145.1206],[130.3704,-0.2117,11.2483],[130.367,-0.205,69.6506],[130.3642,-0.2052,82.1354],[130.3601,-0.202,0.0],[130.3518,-0.2035,4.4663],[130.3464,-0.2028,6.7901],[130.3374,-0.2076,118.1361],[130.3325,-0.2195,9.2578],[130.3288,-0.2175,0.0],[130.3204,-0.2188,84.9644],[130.3098,-0.2164,4.4605],[130.3063,-0.2196,143.2324],[130.297,-0.2164,0.0],[130.287,-0.2193,106.9391],[130.2749,-0.2165,0.7492],[130.2594,-0.2225,173.8311],[130.2637,-0.2155,340.4761],[130.2582,-0.2109,285.1626],[130.2451,-0.2054,101.2918],[130.2184,-0.2032,0.0],[130.2119,-0.2093,0.0],[130.2143,-0.2164,0.0],[130.2453,-0.2268,0.0],[130.2556,-0.228,0.0],[130.2723,-0.2262,81.2116],[130.2829,-0.2281,0.0],[130.2849,-0.2346,0.0],[130.3067,-0.2467,0.0],[130.3128,-0.2539,0.0],[130.3123,-0.2632,0.0],[130.3077,-0.2717,0.0],[130.3077,-0.2744,0.0],[130.3109,-0.2754,0.0],[130.3163,-0.2718,10.7876],[130.3153,-0.2673,0.0],[130.3167,-0.2647,0.0],[130.3236,-0.2639,7.0846],[130.3203,-0.2722,0.0],[130.3229,-0.273,0.0],[130.3333,-0.2624,99.3724],[130.3343,-0.2576,170.0032],[130.3364,-0.2565,173.3651],[130.3468,-0.2589,0.0],[130.3504,-0.2562,27.2268],[130.3533,-0.2571,0.0],[130.3569,-0.2623,0.0],[130.3562,-0.2676,0.0],[130.3574,-0.2693,0.0],[130.3593,-0.2673,0.0],[130.361,-0.2712,0.0],[130.3631,-0.2717,0.0],[130.3637,-0.2667,0.0],[130.3663,-0.2661,0.0],[130.3682,-0.2676,0.0],[130.3705,-0.2747,0.0],[130.37,-0.2792,0.0],[130.3779,-0.2794,0.0],[130.3782,-0.2817,0.0],[130.3857,-0.2773,28.2415],[130.3797,-0.2714,73.7629],[130.3782,-0.273,49.2272],[130.3767,-0.2716,16.3633],[130.3722,-0.2718,0.0],[130.3702,-0.2636,0.0],[130.3814,-0.2643,0.0],[130.3849,-0.2621,0.0],[130.3871,-0.2647,5.6056],[130.3855,-0.2696,14.2013],[130.3903,-0.2685,0.0],[130.3902,-0.2709,0.0],[130.3918,-0.2722,0.0],[130.394,-0.2718,0.0],[130.3942,-0.2696,1.2052],[130.3963,-0.2686,26.5793],[130.3971,-0.2711,8.7579],[130.4043,-0.2691,4.356],[130.4068,-0.2649,79.6842],[130.4091,-0.2657,70.841],[130.4138,-0.2615,28.1075],[130.4257,-0.2618,0.0],[130.4256,-0.2647,0.0],[130.4277,-0.2652,0.0],[130.4331,-0.2726,0.0],[130.4371,-0.2744,0.0],[130.4375,-0.2813,0.0],[130.4327,-0.2844,0.0],[130.4241,-0.2843,0.0],[130.4245,-0.2871,0.0],[130.4294,-0.2902,0.0],[130.4343,-0.2885,2.5953],[130.4429,-0.2901,0.0],[130.4453,-0.2892,1.6806],[130.4485,-0.2752,115.221],[130.453,-0.2732,27.9533],[130.4544,-0.2711,66.608],[130.4532,-0.2694,37.8313],[130.4595,-0.2613,31.731],[130.469,-0.2599,6.9807],[130.476,-0.2615,0.0],[130.4782,-0.2654,0.0],[130.4828,-0.2611,3.5467],[130.4926,-0.2577,0.0],[130.5102,-0.2464,5.7988],[130.5206,-0.2493,0.0],[130.524,-0.255,0.0],[130.5265,-0.2564,0.0],[130.5273,-0.2624,0.0],[130.5246,-0.2641,0.0],[130.5224,-0.2715,0.0],[130.5184,-0.2751,0.0],[130.5183,-0.2805,0.0],[130.515,-0.2831,0.0],[130.5146,-0.2942,0.0],[130.5125,-0.2991,0.0],[130.5173,-0.3062,66.5539],[130.5194,-0.3134,0.0],[130.5366,-0.3095,0.0],[130.5411,-0.3109,0.0],[130.5377,-0.3156,0.0],[130.5437,-0.3306,0.0],[130.5419,-0.3452,0.0],[130.5429,-0.3603,0.0],[130.545,-0.3643,0.0],[130.5428,-0.368,0.0],[130.545,-0.3701,0.0],[130.5454,-0.3747,0.0],[130.5451,-0.3809,34.1845],[130.5401,-0.3892,0.0],[130.5422,-0.3907,0.0],[130.5464,-0.3895,0.0],[130.5515,-0.3846,0.0],[130.5542,-0.3969,0.0],[130.5489,-0.4185,18.0056],[130.539,-0.4295,0.0],[130.5406,-0.4349,0.0],[130.5453,-0.433,0.0],[130.5463,-0.4347,0.0],[130.5486,-0.4338,0.0],[130.5515,-0.4369,0.0],[130.5609,-0.432,49.496],[130.5625,-0.4216,25.9366],[130.565,-0.421,5.7647],[130.5624,-0.4163,47.0367],[130.5673,-0.4121,0.0],[130.5692,-0.4091,0.0],[130.5686,-0.4061,6.7908],[130.5748,-0.3988,0.0],[130.5789,-0.3979,0.0],[130.5817,-0.3937,0.0],[130.5808,-0.3911,20.1115],[130.5822,-0.3889,28.3605],[130.5872,-0.3874,0.0],[130.5882,-0.3849,0.0],[130.5842,-0.3804,119.7729],[130.5835,-0.3773,128.5193],[130.5876,-0.3698,0.0],[130.5833,-0.3656,89.4626],[130.5784,-0.3654,78.2414],[130.5733,-0.3705,129.1505],[130.5687,-0.3698,125.884],[130.5623,-0.3735,48.2346],[130.5577,-0.3744,40.342],[130.5569,-0.372,32.1214],[130.5596,-0.3688,4.7606],[130.5589,-0.3643,48.8705],[130.5601,-0.3616,62.3435],[130.5644,-0.3582,2.9],[130.5702,-0.3571,0.0],[130.5724,-0.3514,0.0],[130.5717,-0.3456,0.0],[130.5795,-0.3345,0.0],[130.5748,-0.3312,8.2289],[130.576,-0.3286,0.0],[130.5711,-0.3262,19.0123],[130.5715,-0.3233,13.9755],[130.5789,-0.3218,0.0],[130.5865,-0.3225,0.0],[130.6008,-0.3172,0.0],[130.6033,-0.3148,0.0],[130.6069,-0.3167,0.0],[130.6132,-0.3049,0.0],[130.6147,-0.3067,4.5728],[130.612,-0.3105,0.0],[130.6151,-0.3135,0.0],[130.6211,-0.3099,0.0],[130.6222,-0.3121,0.0],[130.6296,-0.3106,0.0],[130.6321,-0.3073,0.0],[130.6349,-0.3127,0.0],[130.6333,-0.3147,0.0],[130.6357,-0.3149,0.0],[130.643,-0.3084,22.0954],[130.6475,-0.309,0.0],[130.656,-0.3071,0.0],[130.66,-0.3058,0.0],[130.6633,-0.3022,4.3599],[130.6676,-0.3022,0.0],[130.6691,-0.3001,12.4515],[130.671,-0.301,0.0],[130.6726,-0.296,6.475],[130.6779,-0.2934,2.2014],[130.6826,-0.2942,0.0],[130.6841,-0.3011,0.0],[130.6939,-0.3025,0.0],[130.6955,-0.3041,22.6581],[130.6943,-0.307,0.0],[130.697,-0.3062,11.0722],[130.6987,-0.3077,11.7093],[130.6951,-0.3164,0.0],[130.6973,-0.3172,0.0],[130.6985,-0.3225,0.0],[130.7049,-0.3282,18.4292],[130.6997,-0.3289,33.1929],[130.6967,-0.3336,17.5447],[130.6902,-0.3345,4.9872],[130.6861,-0.337,114.7463],[130.6782,-0.3368,97.9094],[130.6723,-0.3403,0.0],[130.6722,-0.3423,0.0],[130.6759,-0.3423,0.0],[130.6799,-0.345,0.0],[130.6842,-0.3436,0.0],[130.6875,-0.3469,0.0],[130.6881,-0.3516,0.0],[130.6936,-0.3556,0.0],[130.6958,-0.3627,0.0],[130.6991,-0.3652,73.225],[130.6979,-0.3676,0.0],[130.6996,-0.3728,0.0],[130.7057,-0.3826,22.0182],[130.7037,-0.3841,12.5638],[130.6993,-0.3944,0.0],[130.7064,-0.3989,0.0],[130.7076,-0.4035,17.88],[130.7064,-0.4094,52.403],[130.7032,-0.4131,0.0],[130.705,-0.4144,0.0],[130.7085,-0.4132,0.0],[130.7151,-0.4281,0.0],[130.7188,-0.4311,5.5039],[130.7196,-0.4364,0.0],[130.7267,-0.4443,0.0],[130.7394,-0.4444,0.0],[130.7509,-0.4478,0.0],[130.7687,-0.4478,0.0],[130.7704,-0.4461,0.0],[130.7694,-0.4416,0.0],[130.7748,-0.4401,0.0],[130.7772,-0.4434,0.0],[130.783,-0.443,0.0],[130.7841,-0.4451,0.0],[130.793,-0.4494,0.0],[130.7977,-0.4459,0.0],[130.8015,-0.4384,0.0],[130.8037,-0.4379,0.0],[130.8125,-0.4449,0.0],[130.8227,-0.437,0.0],[130.8353,-0.4362,0.0],[130.8502,-0.427,0.0],[130.8554,-0.4285,0.0],[130.857,-0.4266,0.0],[130.865,-0.4261,0.0],[130.8712,-0.4289,0.0],[130.8725,-0.4272,0.0],[130.8787,-0.428,0.0],[130.8773,-0.4257,0.0],[130.8784,-0.4217,0.0],[130.8832,-0.4176,0.0],[130.8834,-0.4131,0.0],[130.8917,-0.4115,0.0],[130.8918,-0.4087,0.0],[130.8939,-0.4073,0.0],[130.8982,-0.4096,0.0],[130.9033,-0.408,0.0],[130.9101,-0.4002,0.0],[130.9114,-0.4043,0.0],[130.9143,-0.404,0.0],[130.9268,-0.3919,0.0],[130.9261,-0.3896,0.0],[130.9339,-0.3912,0.0]]],
[[[130.4273,-0.3697,0.0],[130.4252,-0.3699,1.6939],[130.425,-0.3722,0.0],[130.427,-0.3733,0.0],[130.4273,-0.3697,0.0]]],
[[[130.6752,-0.3245,0.0],[130.6777,-0.3207,0.0],[130.6774,-0.3184,29.1676],[130.6728,-0.3165,96.3896],[130.6734,-0.3121,14.7801],[130.6755,-0.3114,0.0],[130.6756,-0.3091,0.0],[130.6659,-0.3077,74.6757],[130.6613,-0.3093,0.0],[130.6609,-0.3114,0.0],[130.668,-0.3143,30.4047],[130.6556,-0.3204,0.0],[130.6552,-0.3227,0.0],[130.6587,-0.3245,0.0],[130.6585,-0.3286,0.0],[130.6632,-0.3298,0.0],[130.6666,-0.3329,0.0],[130.6693,-0.3305,0.0],[130.6691,-0.3253,63.8812],[130.6752,-0.3245,0.0]]],
[[[130.8871,-0.3076,197.8139],[130.8808,-0.3036,274.949],[130.87,-0.301,274.3345],[130.855,-0.3,270.9663],[130.8486,-0.303,130.4102],[130.8491,-0.3107,195.4337],[130.852,-0.3145,283.6739],[130.8639,-0.3174,80.1789],[130.8699,-0.3149,87.9374],[130.8803,-0.3148,216.2504],[130.887,-0.3209,222.7631],[130.8941,-0.3194,14.5593],[130.8972,-0.3151,4.64],[130.8924,-0.313,33.6493],[130.8871,-0.3076,197.8139]]],
[[[130.6419,-0.3147,0.0],[130.6398,-0.3142,15.0371],[130.6373,-0.3184,0.0],[130.6393,-0.3195,0.0],[130.641,-0.3185,0.0],[130.6427,-0.3167,0.0],[130.6419,-0.3147,0.0]]],
[[[130.6501,-0.3175,0.0],[130.6463,-0.3155,0.0],[130.6453,-0.318,0.0],[130.6501,-0.3175,0.0]]],
[[[130.5128,-0.3065,25.7335],[130.508,-0.3068,19.0426],[130.5053,-0.3099,119.303],[130.4992,-0.3059,41.51],[130.4987,-0.3037,43.0612],[130.4946,-0.3037,13.1865],[130.4934,-0.3056,46.4453],[130.4892,-0.3007,0.0],[130.4858,-0.3018,0.0],[130.4824,-0.3045,0.0],[130.4852,-0.3095,0.0],[130.4874,-0.31,0.0],[130.4868,-0.3147,5.4654],[130.4848,-0.3155,0.0],[130.484,-0.3134,0.0],[130.4797,-0.3138,0.0],[130.4815,-0.3233,0.0],[130.4883,-0.3269,0.0],[130.4895,-0.3314,0.0],[130.4914,-0.3321,0.0],[130.4961,-0.3322,0.0],[130.4977,-0.3301,15.807],[130.5017,-0.3317,0.0],[130.5032,-0.3269,16.9894],[130.5072,-0.3314,0.0],[130.5097,-0.3315,0.0],[130.5113,-0.3291,0.0],[130.513,-0.3303,0.0],[130.5151,-0.3294,0.0],[130.52,-0.3241,14.1954],[130.5173,-0.32,68.643],[130.5124,-0.3196,39.4699],[130.5109,-0.3179,14.6111],[130.5143,-0.3148,7.5366],[130.5149,-0.3075,79.9256],[130.5128,-0.3065,25.7335]]],
[[[130.3772,-0.3262,0.0],[130.3805,-0.3302,0.0],[130.3834,-0.3268,0.0],[130.3825,-0.324,23.4179],[130.3805,-0.3234,12.2372],[130.3822,-0.3208,15.0057],[130.3882,-0.324,0.0],[130.3905,-0.3226,0.0],[130.3877,-0.3187,0.0],[130.3825,-0.3169,13.8682],[130.379,-0.3196,0.0],[130.3772,-0.3262,0.0]]],
[[[130.3563,-0.3162,67.3425],[130.3516,-0.3168,0.0],[130.3522,-0.3192,0.0],[130.3586,-0.3233,0.0],[130.365,-0.3198,0.0],[130.3657,-0.3178,0.0],[130.3611,-0.3158,15.3213],[130.3563,-0.3162,67.3425]]],
[[[130.271,-0.3079,0.0],[130.2712,-0.3118,0.0],[130.2788,-0.3094,0.0],[130.2754,-0.3059,3.5065],[130.271,-0.3079,0.0]]],
[[[130.3702,-0.3078,0.0],[130.3746,-0.3096,0.0],[130.3763,-0.3082,0.0],[130.3755,-0.302,18.3117],[130.3736,-0.3004,35.3987],[130.3693,-0.3059,0.0],[130.3702,-0.3078,0.0]]],
[[[130.3486,-0.3038,0.0],[130.3449,-0.3017,0.0],[130.3383,-0.302,0.0],[130.3403,-0.3054,0.0],[130.3474,-0.306,0.0],[130.3486,-0.3038,0.0]]],
[[[130.241,-0.3108,0.0],[130.2436,-0.3074,0.0],[130.2389,-0.3029,17.6075],[130.2315,-0.3037,62.793],[130.231,-0.3015,85.9814],[130.2345,-0.2984,21.4899],[130.2345,-0.2962,0.0],[130.2316,-0.283,0.0],[130.2297,-0.2818,0.0],[130.2063,-0.2865,108.7544],[130.2037,-0.2885,10.7835],[130.2044,-0.2991,11.508],[130.2092,-0.2959,92.1767],[130.2101,-0.2981,24.3129],[130.2063,-0.3027,111.6908],[130.2016,-0.3047,53.9069],[130.2007,-0.3077,22.7037],[130.2033,-0.3132,0.0],[130.2092,-0.3182,0.0],[130.2176,-0.316,79.0239],[130.2164,-0.3185,0.0],[130.2185,-0.3221,0.0],[130.2235,-0.3223,0.0],[130.2238,-0.3247,0.0],[130.2327,-0.3246,0.0],[130.2399,-0.3148,0.0],[130.241,-0.3108,0.0]]],
[[[130.1933,-0.2882,3.0759],[130.188,-0.2855,51.2778],[130.1857,-0.2869,0.0],[130.1864,-0.2894,0.0],[130.19,-0.2921,0.0],[130.1916,-0.2994,0.0],[130.1969,-0.3008,0.0],[130.1992,-0.2998,15.4596],[130.1999,-0.2973,0.0],[130.196,-0.2942,5.2074],[130.1933,-0.2882,3.0759]]],
[[[130.3255,-0.2149,41.2262],[130.3306,-0.2119,117.6059],[130.3368,-0.2042,66.2179],[130.3439,-0.201,62.4233],[130.3402,-0.1983,0.0],[130.338,-0.1987,0.0],[130.3383,-0.196,0.0],[130.3326,-0.1963,0.0],[130.3209,-0.2078,0.0],[130.3094,-0.2098,0.0],[130.3128,-0.2133,0.0],[130.3185,-0.2151,0.0],[130.3255,-0.2149,41.2262]]],
[[[130.3858,-0.2019,0.0],[130.386,-0.2039,0.0],[130.3881,-0.2036,0.0],[130.3864,-0.1986,0.0],[130.3858,-0.2019,0.0]]],
[[[130.2443,-0.1957,0.0],[130.2501,-0.1979,0.0],[130.2463,-0.1921,0.0],[130.2414,-0.1917,0.0],[130.2398,-0.193,0.0],[130.2443,-0.1957,0.0]]],
[[[130.2859,-0.1881,113.5675],[130.2818,-0.1881,76.4361],[130.2811,-0.1839,76.9663],[130.2745,-0.1802,58.116],[130.2712,-0.1823,94.7142],[130.2684,-0.1809,44.1767],[130.266,-0.1819,69.4342],[130.2627,-0.1786,2.9073],[130.2599,-0.1819,77.7382],[130.2548,-0.1805,68.604],[130.2481,-0.1811,0.0],[130.246,-0.1823,0.0],[130.2456,-0.1852,0.0],[130.2585,-0.1928,0.0],[130.2596,-0.1952,0.0],[130.2619,-0.1952,0.0],[130.2639,-0.1913,0.0],[130.2664,-0.1912,7.6525],[130.2776,-0.1942,0.0],[130.288,-0.1934,0.0],[130.2891,-0.1911,35.6691],[130.2859,-0.1881,113.5675]]],
[[[130.3483,-0.184,163.3015],[130.3515,-0.1903,66.8454],[130.3571,-0.1864,94.4402],[130.3626,-0.1858,121.1435],[130.3642,-0.1841,150.1165],[130.3639,-0.1819,76.5511],[130.3544,-0.1807,0.0],[130.3489,-0.1819,11.0714],[130.3483,-0.184,163.3015]]],
[[[130.2018,-0.1832,0.0],[130.1993,-0.184,0.0],[130.2003,-0.1858,0.0],[130.2044,-0.1871,0.0],[130.2063,-0.1861,0.0],[130.2045,-0.1835,0.0],[130.2018,-0.1832,0.0]]],
[[[130.2301,-0.1847,0.0],[130.2406,-0.1815,0.0],[130.2374,-0.1781,91.1703],[130.2326,-0.1767,129.1654],[130.2342,-0.172,109.1542],[130.2298,-0.1673,44.737],[130.2254,-0.1676,31.278199999999998],[130.2044,-0.1758,0.0],[130.203,-0.1777,0.0],[130.2098,-0.1848,0.0],[130.2297,-0.1869,0.0],[130.2301,-0.1847,0.0]]],
[[[130.2417,-0.1776,137.2073],[130.2579,-0.1786,27.3614],[130.2599,-0.1779,0.0],[130.2606,-0.1734,94.6176],[130.2644,-0.1759,67.1526],[130.2655,-0.1736,115.799],[130.2635,-0.1689,109.7877],[130.2641,-0.1637,127.7945],[130.25,-0.1517,0.0],[130.2421,-0.1509,0.0],[130.2407,-0.1526,0.0],[130.2518,-0.1576,0.0],[130.2502,-0.1619,85.9221],[130.2406,-0.1629,0.0],[130.2396,-0.1653,4.9397],[130.2421,-0.1728,8.1241],[130.2417,-0.1776,137.2073]]],
[[[131.1353,0.4137,0.0],[131.1315,0.3999,0.0],[131.1324,0.3944,0.0],[131.1367,0.3875,0.0],[131.1422,0.3868,0.0],[131.1468,0.3899,0.0],[131.1461,0.3982,0.0],[131.1436,0.4069,0.0],[131.1395,0.4127,0.0],[131.1353,0.4137,0.0]]],
[[[131.1444,0.5162,0.0],[131.145,0.5099,0.0],[131.149,0.5014,0.0],[131.157,0.4914,0.0],[131.1632,0.487,0.0],[131.1781,0.4811,0.0],[131.1835,0.4851,0.0],[131.1786,0.4946,0.0],[131.167,0.5039,0.0],[131.1599,0.5159,0.0],[131.15,0.5206,0.0],[131.1476,0.5202,0.0],[131.1444,0.5162,0.0]]],
[[[131.035,0.3775,0.0],[131.0444,0.3754,34.425],[131.0516,0.3767,44.3128],[131.0559,0.3757,4.4247],[131.0461,0.365,0.0],[131.0472,0.3612,0.0],[131.0506,0.3583,0.0],[131.0544,0.358,0.0],[131.0648,0.3525,0.0],[131.078,0.3545,0.0],[131.0802,0.3632,0.0],[131.0685,0.3855,0.0],[131.0643,0.3898,0.0],[131.0487,0.3997,0.0],[131.0444,0.399,0.0],[131.0366,0.3925,0.0],[131.0315,0.3829,0.0],[131.035,0.3775,0.0]]],
[[[131.1858,0.5675,0.0],[131.2065,0.561,0.0],[131.2167,0.5548,0.0],[131.2225,0.5562,0.0],[131.224,0.5609,0.0],[131.222,0.5682,0.0],[131.2013,0.5782,0.0],[131.187,0.5822,0.0],[131.1836,0.5813,0.0],[131.1792,0.5763,0.0],[131.1796,0.5724,0.0],[131.1858,0.5675,0.0]]],
[[[130.679,-0.1413,89.5112],[130.6813,-0.1397,152.3817],[130.6912,-0.1393,74.5784],[130.6926,-0.1369,20.5859],[130.691,-0.1316,1.0],[130.6882,-0.1302,1.0],[130.679,-0.1314,1.0],[130.6758,-0.1342,1.0],[130.6713,-0.1343,1.0],[130.6641,-0.1401,1.0],[130.6651,-0.1444,1.0],[130.6721,-0.1463,16.8349],[130.679,-0.1413,89.5112]]],
[[[130.6665,-0.1178,1.0],[130.6644,-0.118,1.0],[130.6661,-0.1216,8.5826],[130.6694,-0.1217,23.5076],[130.6689,-0.1189,7.6635],[130.6665,-0.1178,1.0]]],
[[[130.6636,-0.1145,1.0],[130.6595,-0.1129,1.0],[130.6573,-0.113,1.0],[130.6561,-0.1149,1.0],[130.6539,-0.1135,1.0],[130.6487,-0.1145,4.2798],[130.6441,-0.1126,88.3357],[130.6442,-0.1159,1.0],[130.6476,-0.1203,1.0],[130.6549,-0.1211,17.7689],[130.6636,-0.1145,1.0]]],
[[[130.6774,-0.1121,1.0],[130.6773,-0.1096,1.0],[130.6694,-0.1099,1.0],[130.6702,-0.112,1.0],[130.6774,-0.1121,1.0]]],
[[[130.6675,-0.0873,1.0],[130.6623,-0.0865,1.0],[130.6606,-0.0912,1.0],[130.6643,-0.0939,35.5381],[130.6653,-0.0917,41.0763],[130.6672,-0.0929,46.364],[130.6689,-0.0916,24.6539],[130.6675,-0.0873,1.0]]],
[[[130.4928,-0.0546,0.0],[130.4892,-0.0512,0.0],[130.4842,-0.0526,0.0],[130.4842,-0.0549,0.0],[130.4874,-0.0562,0.0],[130.4922,-0.0567,0.0],[130.4928,-0.0546,0.0]]],
[[[130.2678,-0.1508,0.0],[130.2655,-0.1472,0.0],[130.2633,-0.1473,0.0],[130.2651,-0.1543,0.0],[130.2674,-0.155,1.9506],[130.2678,-0.1508,0.0]]],
[[[130.2571,-0.1467,0.0],[130.257,-0.1488,24.7858],[130.2591,-0.149,4.2693],[130.2601,-0.146,0.0],[130.2583,-0.1447,0.0],[130.2571,-0.1467,0.0]]],
[[[130.2516,-0.1214,0.0],[130.2538,-0.1227,0.0],[130.2623,-0.1192,14.9179],[130.2632,-0.1165,19.5751],[130.2598,-0.1124,30.4048],[130.2591,-0.1046,0.0],[130.2551,-0.1056,0.0],[130.2516,-0.1101,0.0],[130.2475,-0.1099,0.0],[130.2424,-0.1123,0.0],[130.2413,-0.1145,0.0],[130.2466,-0.1137,0.0],[130.2479,-0.1178,0.0],[130.2516,-0.1214,0.0]]],
[[[130.1535,-0.3311,0.0],[130.1535,-0.3242,0.0],[130.1492,-0.3147,20.4632],[130.1397,-0.3136,21.5632],[130.1336,-0.3173,0.0],[130.1346,-0.3216,0.0],[130.1448,-0.3298,0.0],[130.148,-0.3374,0.0],[130.1519,-0.3368,0.0],[130.1535,-0.3311,0.0]]],
[[[130.1735,-0.0874,0.0],[130.1706,-0.0851,0.0],[130.1715,-0.0885,0.0],[130.1735,-0.0874,0.0]]],
[[[130.0429,-0.0742,0.0],[130.0495,-0.0754,0.0],[130.0514,-0.074,25.9307],[130.0563,-0.0777,0.0],[130.0593,-0.077,0.0],[130.0589,-0.066,0.0],[130.0575,-0.0645,0.0],[130.0539,-0.0653,0.0],[130.0498,-0.0693,0.0],[130.046,-0.0706,23.6702],[130.0336,-0.0703,0.0],[130.0291,-0.0719,88.8333],[130.0194,-0.0695,0.0],[130.0075,-0.0697,0.0],[130.0102,-0.0727,0.0],[130.0156,-0.0738,0.0],[130.0429,-0.0742,0.0]]],
[[[130.1166,-0.0121,32.8159],[130.109,-0.0082,179.0979],[130.1076,-0.0057,148.6588],[130.1092,-0.0045,68.0457],[130.1151,-0.0062,0.0],[130.1122,-0.0002,82.6993],[130.0996,0.0105,0.0],[130.0901,0.0124,0.0],[130.0854,-0.0006,0.0],[130.0867,-0.004,0.0],[130.0898,-0.0036,8.7467],[130.0977,-0.0108,0.0],[130.0984,-0.019,0.0],[130.1017,-0.0227,0.0],[130.1067,-0.0252,0.0],[130.1084,-0.0297,0.0],[130.1079,-0.035,23.4516],[130.1058,-0.0369,63.4357],[130.0987,-0.0385,101.8407],[130.0944,-0.036,0.0],[130.0935,-0.0381,0.0],[130.0961,-0.0464,0.0],[130.1001,-0.0496,68.7171],[130.0921,-0.0496,0.0],[130.0903,-0.0512,0.0],[130.0957,-0.0573,0.0],[130.0929,-0.0663,0.0],[130.0944,-0.0684,0.0],[130.1012,-0.0707,0.0],[130.1054,-0.0687,16.0687],[130.1075,-0.0695,7.8903],[130.1103,-0.0835,0.0],[130.1093,-0.0897,0.0],[130.1111,-0.093,0.0],[130.1148,-0.0959,0.0],[130.1169,-0.0957,0.0],[130.1178,-0.0908,28.5775],[130.1215,-0.0893,2.082],[130.1267,-0.0991,0.0],[130.1341,-0.0989,0.0],[130.1367,-0.0977,0.0],[130.1366,-0.0952,0.0],[130.1418,-0.093,0.0],[130.1455,-0.089,39.0424],[130.1459,-0.0845,156.115],[130.1478,-0.0824,33.5917],[130.148,-0.0747,47.6873],[130.1499,-0.0734,26.593],[130.1518,-0.0757,3.1306],[130.1536,-0.0713,2.9592],[130.1633,-0.0683,0.0],[130.1527,-0.063,105.9646],[130.1498,-0.0585,137.9555],[130.1504,-0.0396,0.0],[130.1451,-0.0467,7.6791],[130.1394,-0.0464,53.2553],[130.1333,-0.0388,93.4781],[130.1284,-0.0354,0.0],[130.1267,-0.0368,0.0],[130.1268,-0.0418,72.6165],[130.1247,-0.0418,122.1657],[130.1212,-0.0398,4.2977],[130.1192,-0.0413,158.9763],[130.112,-0.0352,11.5955],[130.1124,-0.0327,47.3532],[130.1186,-0.0307,65.6095],[130.1189,-0.0265,143.7811],[130.129,-0.0255,0.0],[130.1363,-0.0287,0.0],[130.1379,-0.0271,0.0],[130.1366,-0.0249,4.3604],[130.1395,-0.0181,8.8357],[130.1329,-0.0161,17.5765],[130.1151,-0.0168,88.7281],[130.1149,-0.0147,31.489],[130.1175,-0.0143,11.5912],[130.1166,-0.0121,32.8159]]],
[[[130.1852,-0.1063,0.0],[130.187,-0.1106,0.0],[130.1895,-0.1103,0.0],[130.1902,-0.1079,0.0],[130.1872,-0.1059,0.0],[130.1852,-0.1063,0.0]]],
[[[130.179,-0.0904,0.0],[130.1743,-0.0904,0.0],[130.1743,-0.0925,0.0],[130.1779,-0.0967,0.0],[130.1802,-0.1043,0.0],[130.183,-0.105,0.0],[130.186,-0.1013,31.4821],[130.1867,-0.0969,103.4857],[130.1859,-0.0944,98.0963],[130.179,-0.0904,0.0]]],
[[[130.3568,-0.0707,0.0],[130.3512,-0.0661,0.0],[130.3494,-0.0676,0.0],[130.3491,-0.0699,0.0],[130.3562,-0.0744,0.0],[130.3568,-0.0707,0.0]]],
[[[130.1852,-0.0661,0.0],[130.1826,-0.0659,0.0],[130.1836,-0.0684,0.0],[130.1864,-0.0698,0.0],[130.1868,-0.0678,8.6547],[130.1852,-0.0661,0.0]]],
[[[130.2893,-0.0132,0.0],[130.2881,-0.01,0.0],[130.2869,-0.0128,0.0],[130.2893,-0.0132,0.0]]],
[[[130.1224,-0.0036,0.0],[130.1238,-0.0057,0.0],[130.1261,-0.0058,0.0],[130.1255,-0.0037,5.5115],[130.1224,-0.0036,0.0]]],
[[[130.4672,-0.0545,8.5237],[130.4739,-0.0537,0.0],[130.4743,-0.0513,0.0],[130.467,-0.0513,0.0],[130.4656,-0.0528,0.0],[130.4672,-0.0545,8.5237]]],
[[[130.4548,-0.0503,0.0],[130.4572,-0.0498,0.0],[130.4573,-0.0473,0.0],[130.455,-0.0478,0.0],[130.4548,-0.0503,0.0]]],
[[[130.5559,-0.0465,0.0],[130.5579,-0.0459,0.0],[130.5565,-0.0438,0.0],[130.5545,-0.045,0.0],[130.5559,-0.0465,0.0]]],
[[[130.5438,-0.039,0.0],[130.541,-0.0331,0.0],[130.5374,-0.0357,0.0],[130.5373,-0.0382,0.0],[130.5438,-0.039,0.0]]],
[[[130.506,-0.0373,0.0],[130.514,-0.0385,0.0],[130.5164,-0.0371,0.0],[130.516,-0.032,0.0],[130.5136,-0.0299,0.0],[130.5072,-0.0291,0.0],[130.4999,-0.0318,0.0],[130.4895,-0.0297,0.0],[130.4918,-0.0337,0.0],[130.506,-0.0373,0.0]]],
[[[131.0747,-0.0498,0.0],[131.0808,-0.0514,0.0],[131.0816,-0.0486,0.0],[131.0804,-0.0412,3.5698],[131.0773,-0.0366,3.141],[131.0743,-0.0364,2.904],[131.0649,-0.0435,2.4457],[131.0675,-0.0483,0.0],[131.0747,-0.0498,0.0]]],
[[[130.9517,-0.0268,0.0],[130.9555,-0.0265,0.0],[130.9562,-0.0241,0.0],[130.9422,-0.0174,9.6821],[130.9379,-0.0194,0.0],[130.9444,-0.0283,0.0],[130.9463,-0.0346,0.0],[130.9485,-0.0335,0.0],[130.9496,-0.0273,0.0],[130.9517,-0.0268,0.0]]],
[[[130.9285,0.0186,0.0],[130.9237,0.0113,0.0],[130.9237,0.0018,0.0],[130.9209,-0.002,0.0],[130.9205,-0.0073,0.0],[130.9229,-0.0097,0.0],[130.9277,-0.0098,0.0],[130.9529,0.0017,0.0],[130.9643,0.0095,0.0],[130.9653,0.0152,0.0],[130.9647,0.0178,0.0],[130.962,0.0191,0.0],[130.9503,0.02,0.0],[130.943,0.023,0.0],[130.9363,0.0226,0.0],[130.9285,0.0186,0.0]]],
[[[130.896,0.0166,146.8163],[130.8999,0.0225,11.3675],[130.8999,0.0284,95.198],[130.894,0.0334,58.107],[130.8868,0.0327,245.1567],[130.8823,0.0296,155.005],[130.8706,0.0345,0.0],[130.8664,0.0266,0.0],[130.8702,0.0175,0.0],[130.8822,0.0128,0.0],[130.8924,0.0128,21.1118],[130.896,0.0166,146.8163]]]]}}