{"type":"Feature","properties":{"GID_1":"IDN.35_1","GID_0":"IDN","country":"Indonesia","province":"KalimantanUtara","VARNAME_1":"NA","NL_NAME_1":"NA","TYPE_1":"Propinisi","ENGTYPE_1":"Province","CC_1":"64","HASC_1":"ID.KU","ISO_1":"ID-KU","name":"Kalimantan_Utara.province"},
"geometry":{"type": "MultiPolygon","coordinates": [[[[116.8236,2.7308,46.1743],[116.8241,2.7351,25.1432],[116.8216,2.7351,31.4899],[116.8198,2.7337,37.8008],[116.8187,2.7273,19.3458],[116.8217,2.7298,47.51],[116.8236,2.7308,46.1743]]],
[[[117.1225,2.7429,5.0],[117.1177,2.7498,6.9788],[117.1179,2.7474,5.0],[117.1164,2.7462,5.0],[117.1225,2.7429,5.0]]],
[[[117.1914,2.772,3.5],[117.1877,2.7672,3.5],[117.1948,2.7711,6.8332],[117.1987,2.7758,3.5],[117.195,2.7754,3.5],[117.1914,2.772,3.5]]],
[[[117.6122,2.8048,0.0],[117.6214,2.7992,0.0],[117.6302,2.7983,0.0],[117.6192,2.8084,12.3932],[117.6104,2.8115,1.6499],[117.6122,2.8048,0.0]]],
[[[117.6301,2.8081,0.0],[117.6343,2.8047,0.0],[117.6493,2.8006,0.0],[117.6399,2.8109,1.5955],[117.631,2.8114,3.4995],[117.629,2.8106,0.0],[117.6301,2.8081,0.0]]],
[[[117.3752,2.8247,2.0827],[117.3778,2.8279,1.1534],[117.3717,2.8267,4.7178],[117.37,2.8282,3.9154],[117.3706,2.8412,4.4667],[117.3676,2.8424,3.1972],[117.3696,2.8364,1.9149],[117.3654,2.8284,12.0804],[117.3642,2.8164,2.9483],[117.3694,2.8156,2.4418],[117.3752,2.8247,2.0827]]],
[[[117.685,2.8302,2.1914],[117.6852,2.8345,1.5722],[117.6938,2.836,2.2501],[117.7012,2.8403,3.5452],[117.7001,2.8438,9.4037],[117.6907,2.8512,2.5229],[117.6758,2.8482,0.5],[117.659,2.8362,1.4273],[117.6409,2.8143,0.0],[117.6559,2.7985,0.0],[117.6775,2.7965,0.0],[117.6908,2.7989,0.0],[117.7056,2.8053,0.0],[117.7317,2.8057,0.0],[117.7359,2.8113,3.5875],[117.7363,2.816,3.0349],[117.7277,2.8267,12.3565],[117.722,2.8261,0.5],[117.7195,2.8309,2.2516],[117.7065,2.8368,5.0662],[117.7009,2.8376,5.8384],[117.686,2.8342,1.6143],[117.6849,2.8274,3.1095],[117.6799,2.8263,0.5],[117.6789,2.8233,4.0257],[117.6735,2.8179,7.5099],[117.6653,2.8184,2.1626],[117.6669,2.8234,0.6664],[117.6669,2.8211,3.0177],[117.6659,2.8184,2.1626],[117.667,2.819,4.4786],[117.6731,2.8184,7.5099],[117.6779,2.8228,4.0257],[117.6798,2.8269,0.5],[117.6844,2.8282,3.1095],[117.685,2.8302,2.1914]]],
[[[117.6319,2.8312,1.9339],[117.6319,2.8321,2.0296],[117.6311,2.833,2.0296],[117.6308,2.8311,1.9339],[117.6319,2.8312,1.9339]]],
[[[117.5608,2.8613,1.214],[117.5668,2.8509,2.6856],[117.5709,2.8486,0.0],[117.5688,2.855,1.3868],[117.5723,2.8597,0.6661],[117.5653,2.8628,0.9741],[117.562,2.8665,1.358],[117.5582,2.8665,3.3573],[117.5571,2.8633,0.0],[117.5608,2.8613,1.214]]],
[[[117.4433,2.8655,2.1677],[117.4482,2.8645,4.1632],[117.4497,2.865,1.5469],[117.4475,2.8673,0.6861],[117.4433,2.8655,2.1677]]],
[[[117.4933,2.8831,8.1951],[117.4886,2.8814,4.8066],[117.4789,2.8714,2.2276],[117.4744,2.8715,2.86],[117.4726,2.873,2.1188],[117.4674,2.8847,3.2006],[117.4637,2.8862,3.1329],[117.4564,2.8922,4.5825],[117.4524,2.8922,2.9863],[117.4427,2.8884,7.9946],[117.442,2.8871,4.7397],[117.4359,2.8821,4.2376],[117.4352,2.8792,6.3371],[117.4362,2.8773,7.3528],[117.4357,2.8747,4.3369],[117.4397,2.8697,6.7599],[117.4454,2.8694,5.3091],[117.4501,2.8666,1.8484],[117.4563,2.8525,0.0],[117.4595,2.8491,6.529],[117.4634,2.8483,0.0],[117.4666,2.8504,0.7261],[117.4673,2.8524,4.5611],[117.464,2.8583,3.6304],[117.4653,2.8608,0.8903],[117.4692,2.8624,4.5027],[117.4723,2.8614,2.3689],[117.4777,2.8529,7.663],[117.485,2.8506,5.0666],[117.4877,2.8516,2.6341],[117.4983,2.8471,8.8412],[117.4979,2.8401,0.0],[117.5006,2.8442,1.918],[117.5012,2.8554,1.4744],[117.5038,2.857,3.3591],[117.5077,2.8564,0.0],[117.5117,2.8526,7.8989],[117.512,2.8504,6.0236],[117.5077,2.8434,0.0],[117.5106,2.8427,0.0],[117.5145,2.8465,6.3375],[117.5147,2.8579,0.0],[117.5189,2.8585,0.0],[117.5217,2.8706,0.0],[117.5203,2.8791,2.6726],[117.5169,2.8855,0.0],[117.5122,2.8883,11.7473],[117.4933,2.8831,8.1951]]],
[[[117.5175,2.9088,4.7122],[117.52,2.9058,12.4005],[117.5301,2.9043,4.9761],[117.5435,2.9083,0.0],[117.5272,2.9117,10.9394],[117.5174,2.91,4.7122],[117.5175,2.9088,4.7122]]],
[[[117.6054,2.9042,1.5456],[117.5796,2.9033,6.6964],[117.5629,2.9085,6.4811],[117.5464,2.908,6.2318],[117.5443,2.905,4.7686],[117.5436,2.8992,6.3436],[117.5464,2.8902,1.8369],[117.5509,2.8922,10.3035],[117.5521,2.8873,4.0214],[117.5559,2.8871,3.1345],[117.5585,2.8854,1.6078],[117.5651,2.887,1.017],[117.5727,2.8836,0.7262],[117.58,2.8891,0.8786],[117.5854,2.8887,0.0],[117.5917,2.873,0.375],[117.5936,2.8612,0.25],[117.5977,2.8583,0.0],[117.5994,2.8604,0.0],[117.6041,2.8616,1.7047],[117.6063,2.8675,1.8572],[117.6105,2.8681,4.7631],[117.6116,2.8701,6.1939],[117.6058,2.8711,0.9187],[117.6018,2.8784,0.5],[117.6054,2.8827,0.75],[117.604,2.884,1.6612],[117.602,2.8813,0.625],[117.5988,2.8819,3.684],[117.5987,2.8882,1.6408],[117.5959,2.8902,3.2817],[117.5988,2.8898,1.406],[117.5995,2.8826,1.3486],[117.6017,2.8823,1.0],[117.6042,2.885,1.6612],[117.6061,2.8841,2.9208],[117.606,2.8811,0.75],[117.6029,2.878,0.5],[117.6066,2.8718,0.9187],[117.6102,2.8721,10.8837],[117.6123,2.8702,6.1939],[117.6113,2.8674,4.7631],[117.6068,2.8665,1.0112],[117.6061,2.8625,0.5677],[117.6035,2.8591,4.5503],[117.6167,2.8559,1.2269],[117.6322,2.8486,2.629],[117.6346,2.8488,0.0],[117.6389,2.8584,1.4707],[117.6365,2.8692,1.4387],[117.6283,2.8693,10.1459],[117.6266,2.872,10.0712],[117.6239,2.8725,8.5727],[117.6238,2.8744,0.9306],[117.6203,2.871,7.8009],[117.6154,2.8732,7.764],[117.6195,2.8718,4.6216],[117.6236,2.8752,6.2924],[117.626,2.8725,6.9518],[117.6368,2.8821,2.5177],[117.6311,2.8829,2.6154],[117.6306,2.8883,1.9933],[117.6256,2.8865,1.5908],[117.6259,2.8851,4.3955],[117.6251,2.8863,1.5908],[117.6265,2.8895,1.1655],[117.6255,2.8903,1.9056],[117.6228,2.8893,1.933],[117.6211,2.8906,1.5512],[117.6207,2.8851,3.1231],[117.6188,2.884,3.0319],[117.6206,2.8878,1.4582],[117.6199,2.8918,1.5512],[117.6226,2.8905,2.0003],[117.6269,2.8914,1.7004],[117.6278,2.8884,4.2266],[117.6313,2.8891,2.5636],[117.6316,2.884,2.6358],[117.6368,2.8838,2.6999],[117.6377,2.8824,2.5177],[117.6376,2.8804,0.5],[117.6327,2.8779,0.5],[117.6284,2.8728,0.0],[117.63,2.8708,0.0],[117.6349,2.8713,2.5208],[117.6377,2.8696,1.4387],[117.6413,2.8567,0.0],[117.6523,2.8581,0.0],[117.6669,2.8531,0.0],[117.6718,2.856,0.0],[117.665,2.8623,1.8676],[117.6607,2.8693,9.3443],[117.6569,2.8694,4.7789],[117.6566,2.8725,2.1107],[117.6539,2.8713,2.0862],[117.6508,2.872,2.0331],[117.6486,2.8781,1.8176],[117.6513,2.8725,2.9624],[117.657,2.8729,2.8319],[117.6573,2.8702,4.7789],[117.6598,2.8703,9.3443],[117.6612,2.8693,5.4591],[117.6651,2.8629,1.8676],[117.6708,2.859,3.1592],[117.6723,2.8561,0.0],[117.684,2.8615,0.0],[117.6809,2.8701,1.1301],[117.676,2.8754,10.4124],[117.6759,2.8812,2.2968],[117.6739,2.8814,3.6563],[117.6684,2.8777,7.4413],[117.664,2.881,2.8184],[117.6611,2.8801,2.0033],[117.6579,2.8812,1.5226],[117.6578,2.8835,4.6347],[117.6546,2.8846,5.6656],[117.6565,2.8853,5.6656],[117.6584,2.8837,4.6347],[117.6587,2.8816,2.298],[117.6638,2.8817,2.8184],[117.6677,2.8786,7.4413],[117.6733,2.8816,3.6563],[117.6761,2.8816,2.2968],[117.6774,2.8744,1.0131],[117.681,2.8718,1.9281],[117.6865,2.861,0.0],[117.7055,2.8595,0.0],[117.7086,2.8605,0.0],[117.716,2.8685,0.0],[117.719,2.8877,2.6307],[117.7177,2.8913,4.5589],[117.7126,2.8956,1.2629],[117.6743,2.8952,1.6808],[117.6534,2.8926,1.495],[117.6351,2.8964,2.5943],[117.6186,2.9021,0.0],[117.6054,2.9042,1.5456]]],
[[[117.4508,2.9062,0.0],[117.4489,2.9031,3.1381],[117.4446,2.9019,2.2492],[117.4328,2.9074,0.6765],[117.4282,2.9034,1.7454],[117.4241,2.9024,0.0],[117.4142,2.9089,0.0],[117.4113,2.9088,0.0],[117.4091,2.905,0.0],[117.4164,2.8999,3.7016],[117.4166,2.8933,5.3576],[117.4135,2.8859,0.0],[117.4112,2.8842,0.5894],[117.4072,2.8834,3.131],[117.4011,2.8881,0.0],[117.4,2.8772,1.4908],[117.3907,2.8707,0.0],[117.3924,2.8677,1.9801],[117.3898,2.8519,1.5043],[117.3962,2.8573,4.8078],[117.4088,2.8547,1.2528],[117.4116,2.8555,3.3501],[117.4118,2.861,0.0],[117.4085,2.8677,0.0],[117.4098,2.8697,3.0208],[117.4135,2.8694,0.0],[117.4175,2.8664,0.753],[117.4185,2.8598,1.7093],[117.4204,2.8576,0.9916],[117.4318,2.8585,2.7069],[117.4417,2.8675,1.3978],[117.4456,2.8686,0.0],[117.4393,2.8692,6.7599],[117.4362,2.8725,2.8025],[117.4346,2.879,6.3371],[117.4351,2.882,3.8356],[117.4432,2.8894,4.2398],[117.4535,2.8929,4.8055],[117.4572,2.8923,1.9456],[117.4677,2.885,3.2006],[117.4735,2.8732,1.7141],[117.4759,2.8719,2.6982],[117.4789,2.8723,6.8018],[117.4892,2.8833,1.4316],[117.4968,2.8847,0.0],[117.5057,2.8891,3.488],[117.5147,2.889,4.5668],[117.5188,2.8852,2.3508],[117.5227,2.877,0.0],[117.5212,2.8572,11.4354],[117.527,2.8538,11.2574],[117.5389,2.8524,4.5444],[117.5435,2.8427,5.7328],[117.5466,2.8447,0.0],[117.5504,2.8614,0.8372],[117.5567,2.8641,3.5395],[117.5581,2.8675,5.0197],[117.5624,2.8676,1.4776],[117.5645,2.8642,0.8335],[117.5733,2.8598,0.6661],[117.5694,2.8542,1.3868],[117.5731,2.8469,0.0],[117.5865,2.8417,0.0],[117.61,2.8217,0.0],[117.6164,2.8193,0.0],[117.6261,2.8181,0.0],[117.6406,2.8201,0.0],[117.6431,2.8227,0.0],[117.6434,2.8267,3.4029],[117.6364,2.8253,1.0],[117.6355,2.8268,1.0],[117.6365,2.8313,2.2859],[117.6332,2.8295,1.0],[117.6328,2.8335,2.9761],[117.6317,2.8335,2.0296],[117.6324,2.832,1.1307],[117.6314,2.8303,1.7552],[117.6304,2.8308,1.9339],[117.6302,2.8336,2.0296],[117.6266,2.8328,4.9858],[117.6328,2.8344,2.4066],[117.6338,2.8321,2.9761],[117.6332,2.8301,1.0],[117.6357,2.8319,1.5212],[117.6373,2.831,2.2859],[117.6362,2.8259,1.0],[117.6435,2.8274,4.8541],[117.6438,2.8232,0.0],[117.6512,2.8356,0.0],[117.6607,2.8443,1.1656],[117.6601,2.8468,4.0373],[117.653,2.8523,4.2534],[117.6475,2.8545,0.8057],[117.6431,2.8536,2.0402],[117.6372,2.847,1.0],[117.6326,2.8459,1.0],[117.6267,2.8471,0.5],[117.6132,2.8538,2.3247],[117.6017,2.8561,0.0],[117.6032,2.8548,1.5326],[117.6018,2.8514,4.6618],[117.6027,2.8495,1.7434],[117.6037,2.8524,1.9593],[117.6054,2.853,2.375],[117.6063,2.8524,2.375],[117.6043,2.8479,1.0672],[117.6077,2.8458,0.5],[117.6058,2.8456,0.5],[117.604,2.8474,1.0672],[117.6038,2.8484,1.0672],[117.6058,2.8526,2.375],[117.6036,2.8517,4.7845],[117.6038,2.8491,3.2799],[117.6023,2.8492,1.7434],[117.6013,2.8511,4.6618],[117.6023,2.8549,0.25],[117.6005,2.8561,2.079],[117.5981,2.8527,1.1172],[117.5999,2.8563,2.079],[117.5951,2.8575,0.0],[117.5919,2.8618,0.3339],[117.5846,2.8882,0.0],[117.5816,2.8883,0.9948],[117.5762,2.8835,0.735],[117.5724,2.8824,0.7262],[117.5686,2.8829,1.3792],[117.5648,2.8861,1.017],[117.5585,2.8843,1.6078],[117.552,2.8867,3.1993],[117.5503,2.8913,3.426],[117.5473,2.8891,1.8369],[117.5456,2.8901,1.8369],[117.5427,2.8984,5.948],[117.5437,2.907,5.8304],[117.5304,2.9032,4.3667],[117.5195,2.9049,3.6413],[117.5141,2.9104,9.485],[117.4845,2.9231,0.0],[117.4731,2.9353,5.4762],[117.4638,2.9336,2.9051],[117.4571,2.9294,2.4715],[117.4555,2.921,1.5541],[117.4483,2.9154,0.0],[117.4508,2.9062,0.0]]],
[[[117.5611,2.9173,0.0],[117.5565,2.9137,0.0],[117.5693,2.9124,7.4313],[117.5748,2.9162,0.0],[117.5744,2.9177,2.7965],[117.5683,2.9185,14.6847],[117.5611,2.9173,0.0]]],
[[[117.3638,2.9391,2.2479],[117.3656,2.9361,1.6204],[117.3686,2.9358,2.4596],[117.3669,2.9381,5.0152],[117.3638,2.9391,2.2479]]],
[[[117.3638,2.9423,2.885],[117.3672,2.9385,5.0152],[117.3704,2.9379,3.6078],[117.3733,2.9407,1.7452],[117.3737,2.9448,4.5106],[117.3669,2.9505,0.0],[117.3665,2.9465,5.5151],[117.3638,2.9423,2.885]]],
[[[117.596,2.9211,4.4423],[117.5933,2.9182,0.0],[117.6033,2.9182,1.5044],[117.6115,2.9222,0.0],[117.6022,2.9228,6.2591],[117.596,2.9211,4.4423]]],
[[[117.4926,2.9246,1.7995],[117.4893,2.9253,0.0],[117.4966,2.9197,0.0],[117.4951,2.9224,2.2856],[117.4926,2.9246,1.7995]]],
[[[117.7035,2.93,14.9491],[117.6839,2.9345,3.5293],[117.658,2.9268,8.5052],[117.6441,2.9273,0.0],[117.6264,2.9242,2.292],[117.6056,2.9174,3.7866],[117.589,2.9148,12.9893],[117.5804,2.9102,0.0],[117.5949,2.9064,4.2317],[117.6152,2.9075,2.1404],[117.6428,2.9019,0.0],[117.6625,2.9018,0.0],[117.6761,2.9043,0.5],[117.6993,2.903,2.2269],[117.7113,2.9068,9.8519],[117.7133,2.9101,14.4169],[117.7035,2.93,14.9491]]],
[[[117.414,2.8988,0.0],[117.4068,2.9047,1.7445],[117.4077,2.9089,0.0],[117.4121,2.9115,0.0],[117.4192,2.9096,2.4525],[117.4263,2.9165,0.5229],[117.4261,2.9201,7.1774],[117.4211,2.9237,10.1186],[117.4158,2.9328,1.9855],[117.416,2.9357,0.0],[117.4209,2.9419,3.4501],[117.4275,2.944,6.5128],[117.4278,2.9458,3.2225],[117.4241,2.9467,4.0169],[117.4239,2.9497,2.1477],[117.4351,2.9537,1.9185],[117.4372,2.9519,3.495],[117.4352,2.9473,6.6714],[117.4386,2.9471,8.0012],[117.4407,2.954,2.7347],[117.4437,2.9553,2.0873],[117.4475,2.9513,4.2757],[117.4535,2.9556,0.0],[117.4492,2.9597,0.0],[117.4257,2.9661,3.3359],[117.409,2.9629,3.1456],[117.4058,2.956,9.1535],[117.3983,2.9546,2.6071],[117.394,2.9563,4.4961],[117.3839,2.9539,0.0],[117.3765,2.9597,4.7858],[117.3721,2.9598,5.0406],[117.3692,2.9557,0.0],[117.3691,2.9501,1.1214],[117.3744,2.9467,1.3255],[117.3754,2.9423,1.2638],[117.3748,2.9398,3.7468],[117.3681,2.9345,1.6154],[117.3653,2.9347,5.0055],[117.3625,2.9375,0.8826],[117.3621,2.9425,0.8607],[117.3654,2.9478,4.5088],[117.3645,2.9518,2.5227],[117.36,2.9549,6.7381],[117.356,2.9547,1.4617],[117.3514,2.9498,0.0],[117.3484,2.9432,2.8548],[117.3462,2.9213,3.0518],[117.3424,2.9097,5.0352],[117.334,2.8995,6.0757],[117.3252,2.8979,0.0],[117.3382,2.8865,1.3923],[117.3397,2.8818,0.0],[117.3396,2.8654,0.0],[117.3466,2.8544,1.731],[117.3562,2.8445,0.0],[117.3592,2.8496,1.9282],[117.3621,2.8667,0.0],[117.3667,2.872,0.0],[117.3721,2.8743,2.3539],[117.3922,2.8748,0.0],[117.3959,2.8785,0.0],[117.4002,2.8898,1.3793],[117.4032,2.8894,0.8064],[117.4072,2.8861,0.7442],[117.4132,2.8892,3.54],[117.414,2.8988,0.0]]],
[[[117.4997,2.9588,6.7612],[117.5084,2.9557,5.6462],[117.5028,2.9607,7.9467],[117.5,2.9604,6.7612],[117.4997,2.9588,6.7612]]],
[[[117.487,2.9615,6.7733],[117.4815,2.9622,8.2494],[117.479,2.9586,5.5352],[117.48,2.9572,4.1571],[117.4872,2.9558,1.9965],[117.4969,2.958,1.2727],[117.4992,2.96,6.7612],[117.4931,2.9602,3.471],[117.487,2.9615,6.7733]]],
[[[117.4706,2.9558,5.6039],[117.479,2.9573,5.5352],[117.4789,2.9597,9.7809],[117.4791,2.9608,10.369],[117.4806,2.9627,8.2494],[117.499,2.961,6.823],[117.5048,2.9712,3.3928],[117.5111,2.9714,1.0894],[117.5138,2.9731,3.4621],[117.5118,2.9769,3.464],[117.5147,2.9788,6.0618],[117.5172,2.9785,1.0187],[117.5224,2.9726,2.2012],[117.5312,2.9702,1.4805],[117.5323,2.967,0.3683],[117.5317,2.9581,5.6128],[117.5341,2.9577,3.4756],[117.5399,2.9692,0.0],[117.536,2.9745,1.0385],[117.5416,2.9799,0.6231],[117.5418,2.9823,0.5226],[117.5329,2.9841,0.6004],[117.5315,2.9784,2.1984],[117.5288,2.9767,1.5604],[117.526,2.9813,1.1459],[117.5215,2.9814,0.625],[117.5181,2.9839,1.4687],[117.5156,2.9877,1.2784],[117.5184,2.9846,1.4687],[117.5224,2.9851,2.2041],[117.5214,2.984,2.2041],[117.519,2.9843,1.7239],[117.5221,2.9822,1.7744],[117.5265,2.9823,1.5508],[117.5281,2.9782,1.1278],[117.5299,2.9778,0.4454],[117.5304,2.981,0.802],[117.5267,2.9832,1.5508],[117.5271,2.9865,2.0619],[117.5255,2.988,1.359],[117.5292,2.9913,1.1409],[117.5309,2.9913,1.1409],[117.5315,2.9904,2.3366],[117.5302,2.9911,1.1409],[117.526,2.9879,1.359],[117.528,2.9868,2.0619],[117.5273,2.9836,1.226],[117.5301,2.9821,0.8175],[117.5317,2.9844,0.6004],[117.5355,2.9855,2.2143],[117.5421,2.9837,0.5226],[117.5422,2.9786,4.0758],[117.5368,2.974,1.0385],[117.5393,2.9716,0.0],[117.5425,2.9722,2.2745],[117.5475,2.9786,1.1339],[117.5474,2.9815,0.5],[117.5425,2.9861,1.4925],[117.5442,2.9922,2.0758],[117.5497,2.9929,1.317],[117.5573,2.9899,0.0],[117.5571,2.9984,1.4504],[117.5593,3.0031,4.8814],[117.5571,3.0092,0.7526],[117.5536,3.0112,3.5046],[117.5437,3.0119,4.3125],[117.5239,3.0065,2.6544],[117.4816,2.9827,0.0],[117.4794,2.978,0.0],[117.4786,2.9689,1.4619],[117.4763,2.9663,4.5692],[117.4636,2.9683,10.7586],[117.4556,2.966,5.0484],[117.4501,2.9618,3.5732],[117.4547,2.9567,0.0],[117.4706,2.9558,5.6039]]],
[[[117.4549,2.9505,9.4207],[117.4531,2.9538,2.1536],[117.4488,2.9503,9.7226],[117.4466,2.9503,11.6737],[117.4434,2.9542,2.0873],[117.4409,2.9526,11.2486],[117.4395,2.9462,5.0392],[117.4336,2.9475,2.1699],[117.4359,2.9523,1.9185],[117.4247,2.9495,5.3146],[117.4249,2.9473,6.751],[117.4286,2.946,4.3734],[117.4289,2.9443,1.3271],[117.4273,2.9423,0.5876],[117.4223,2.9412,3.8286],[117.4173,2.9334,1.6826],[117.4231,2.9237,0.4977],[117.4276,2.9202,1.1933],[117.4266,2.9147,3.4905],[117.4202,2.9085,0.5615],[117.4245,2.9047,0.7541],[117.4336,2.909,3.1573],[117.4375,2.9087,0.0],[117.444,2.9039,3.7821],[117.4469,2.9056,2.6028],[117.4481,2.9096,4.08],[117.4465,2.9153,4.3346],[117.4541,2.9225,3.3323],[117.4566,2.9344,0.6053],[117.4539,2.9345,2.0512],[117.4501,2.9385,4.0766],[117.4469,2.9447,0.87],[117.449,2.9481,2.3355],[117.4552,2.9485,4.1622],[117.4549,2.9505,9.4207]]],
[[[117.4767,2.9542,5.0632],[117.4632,2.9531,8.2127],[117.4548,2.9551,2.1536],[117.4539,2.9539,2.1536],[117.4564,2.9498,5.1592],[117.4558,2.948,4.1622],[117.4488,2.947,5.4642],[117.4479,2.9428,2.0774],[117.4553,2.9347,0.6053],[117.4632,2.939,2.6387],[117.4724,2.9381,0.6105],[117.4809,2.9298,0.0],[117.4928,2.9259,10.4651],[117.4998,2.9183,0.0],[117.5095,2.9152,0.0],[117.5237,2.916,2.9146],[117.5405,2.9123,4.8024],[117.549,2.9129,3.0727],[117.5659,2.9204,0.0],[117.5715,2.9258,5.5951],[117.5798,2.928,2.4049],[117.5823,2.9301,4.2205],[117.5798,2.9338,3.7378],[117.5708,2.9363,1.5],[117.5738,2.9448,1.9243],[117.5627,2.9481,0.5],[117.5589,2.9511,1.8703],[117.5562,2.9496,5.5516],[117.5546,2.9456,1.27],[117.5498,2.9437,1.3767],[117.5568,2.937,0.75],[117.5576,2.9294,1.9759],[117.5445,2.9241,1.2827],[117.5426,2.929,1.0],[117.5393,2.9284,1.6851],[117.5413,2.9298,1.5287],[117.5428,2.9295,1.0],[117.5445,2.9246,1.2827],[117.5502,2.9279,1.8717],[117.5569,2.9294,1.9759],[117.5568,2.9349,1.8595],[117.5531,2.9382,2.3831],[117.5523,2.9409,0.9259],[117.5489,2.9426,1.2984],[117.5497,2.9446,0.25],[117.554,2.9462,1.27],[117.5538,2.9477,2.0278],[117.5418,2.9437,3.9933],[117.5322,2.9426,2.1738],[117.5248,2.9375,3.1183],[117.5094,2.9384,3.0505],[117.5027,2.9401,2.5063],[117.4959,2.9471,2.4741],[117.4885,2.9459,2.8568],[117.48779999999999,2.9514,5.4116],[117.486,2.9532,2.212],[117.4767,2.9542,5.0632]]],
[[[117.5153,2.9424,3.9219],[117.5141,2.9471,1.9918],[117.5073,2.9515,7.6189],[117.4961,2.9552,11.3868],[117.4877,2.9536,2.212],[117.4894,2.9464,2.8568],[117.4962,2.9477,4.0979],[117.5037,2.9409,2.594],[117.5097,2.9392,3.8283],[117.5154,2.9404,0.0],[117.5153,2.9424,3.9219]]],
[[[117.6703,2.9694,2.3041],[117.6713,2.9763,0.0],[117.6654,2.9879,1.93],[117.6554,2.9873,1.9418],[117.636,2.9784,7.6647],[117.6141,2.982,14.217],[117.6025,2.9772,0.0],[117.6054,2.9726,3.9549],[117.6057,2.9696,0.8198],[117.5994,2.9569,1.7307],[117.5955,2.9554,5.3692],[117.6001,2.9586,1.5428],[117.6015,2.9631,2.9841],[117.6048,2.9679,0.375],[117.6047,2.9722,5.5818],[117.5892,2.974,0.0],[117.5792,2.9642,0.0],[117.5813,2.957,0.5],[117.5807,2.9513,0.5],[117.5795,2.9507,4.0206],[117.5807,2.9556,0.5],[117.5768,2.9617,0.375],[117.5613,2.9513,0.0],[117.5637,2.9491,2.0178],[117.5746,2.9459,5.276],[117.5754,2.9432,5.0537],[117.572,2.9366,1.5],[117.579,2.9355,4.281],[117.583,2.9322,1.0],[117.5816,2.9274,2.7203],[117.5715,2.9237,1.6106],[117.5721,2.9206,0.0],[117.5801,2.9208,3.1422],[117.5982,2.9253,0.0],[117.6145,2.9256,2.3706],[117.6435,2.9339,2.2701],[117.6659,2.9366,0.0],[117.6914,2.9446,3.2953],[117.696,2.9498,0.0],[117.6932,2.9545,8.3878],[117.6828,2.9615,12.2001],[117.6644,2.9638,0.0],[117.6512,2.9521,1.7189],[117.6507,2.9457,2.7896],[117.6568,2.9465,3.1085],[117.6538,2.9452,2.1574],[117.651,2.9449,1.7005],[117.6498,2.9459,2.5649],[117.65,2.9514,2.727],[117.6351,2.9547,3.2546],[117.634,2.9538,3.2546],[117.636,2.9532,2.8701],[117.6366,2.9483,3.4248],[117.635,2.9511,3.874],[117.6351,2.9527,2.8701],[117.6336,2.9527,3.178],[117.6333,2.9552,2.2969],[117.63,2.9585,7.4485],[117.6245,2.9548,9.6827],[117.6175,2.9563,0.75],[117.6154,2.9552,4.3832],[117.6151,2.9473,1.5],[117.6211,2.9453,1.25],[117.6231,2.9465,4.2292],[117.6247,2.9451,5.7556],[117.6218,2.945,4.882],[117.6226,2.9403,2.8124],[117.6211,2.9441,1.25],[117.6142,2.9467,5.5153],[117.6121,2.9461,3.3969],[117.6141,2.942,2.8003],[117.6132,2.9364,4.8512],[117.6116,2.9458,3.3969],[117.6136,2.9477,1.5],[117.6059,2.9468,7.6789],[117.6076,2.948,3.0491],[117.6093,2.9475,1.6541],[117.6088,2.9511,1.7579],[117.6113,2.9538,3.1593],[117.6091,2.9568,1.8609],[117.6095,2.9595,10.0079],[117.6072,2.9601,1.9766],[117.6084,2.9635,5.2803],[117.6092,2.961,8.4897],[117.6107,2.9617,8.6294],[117.6092,2.9605,8.4897],[117.6084,2.9628,5.2803],[117.6079,2.9606,8.4897],[117.6099,2.9598,10.0079],[117.6096,2.957,5.6513],[117.6116,2.9543,6.3296],[117.6111,2.9521,2.7133],[117.6095,2.9508,7.1769],[117.6095,2.9496,5.4333],[117.6126,2.9483,3.3364],[117.6149,2.9499,6.0975],[117.6145,2.9556,7.5715],[117.6181,2.9583,1.0],[117.6207,2.9629,2.9091],[117.6216,2.9687,5.3055],[117.6212,2.9641,1.3502],[117.6191,2.958,1.0],[117.6242,2.9564,1.0],[117.6266,2.9601,1.0],[117.6311,2.9605,0.75],[117.6373,2.9558,0.75],[117.6456,2.9542,1.862],[117.6506,2.9548,0.5],[117.655,2.9624,3.0142],[117.6597,2.9661,3.8564],[117.6703,2.9694,2.3041]]],
[[[117.5338,2.949,2.4018],[117.5599,2.9645,0.0],[117.5639,2.9686,0.7055],[117.5636,2.9753,1.575],[117.5582,2.9845,0.0],[117.5494,2.9901,2.6322],[117.5453,2.9902,0.0],[117.5495,2.9818,0.5229],[117.5488,2.9756,1.0482],[117.5424,2.9694,1.3271],[117.5385,2.9608,3.9006],[117.5343,2.9567,1.9634],[117.5313,2.9563,1.6151],[117.5301,2.9577,0.0],[117.5313,2.9662,0.3683],[117.5302,2.9693,0.0],[117.5217,2.9715,1.0553],[117.5153,2.9779,2.4048],[117.513,2.9764,2.1371],[117.5149,2.9738,2.1747],[117.5142,2.9722,3.4621],[117.5114,2.9707,1.0894],[117.5047,2.9699,10.9068],[117.5001,2.9619,6.823],[117.5055,2.9602,7.5844],[117.5149,2.9526,8.5392],[117.521,2.9405,11.3772],[117.524,2.9408,5.3941],[117.5275,2.9454,0.0],[117.5338,2.949,2.4018]]],
[[[117.6357,2.9829,2.1535],[117.6388,2.987,0.0],[117.6381,2.9889,0.0],[117.6305,2.993,4.1465],[117.6252,2.9925,4.8727],[117.621,2.9893,3.4078],[117.6233,2.9853,0.0],[117.6315,2.9825,5.9164],[117.6357,2.9829,2.1535]]],
[[[117.4637,2.9889,0.0],[117.4628,2.9889,3.8799],[117.4623,2.9868,0.0],[117.4633,2.9872,0.6569],[117.4637,2.9889,0.0]]],
[[[117.4526,2.9909,3.8747],[117.4507,2.9852,1.7426],[117.4552,2.9827,3.1567],[117.4609,2.9858,2.0765],[117.4627,2.9911,1.4755],[117.4607,2.9944,0.8162],[117.4574,2.996,1.2058],[117.4526,2.9909,3.8747]]],
[[[117.5035,3.0027,5.5243],[117.4977,2.9957,1.6369],[117.51,3.0026,5.9152],[117.5137,3.0101,0.0],[117.512,3.0097,5.2418],[117.5035,3.0027,5.5243]]],
[[[117.5175,3.0088,0.0],[117.5142,3.0059,0.0],[117.5142,3.0037,0.0],[117.5249,3.01,8.1077],[117.52,3.0104,8.7097],[117.5175,3.0088,0.0]]],
[[[117.4873,3.0944,3.4521],[117.4874,3.0915,1.334],[117.4947,3.0917,0.0],[117.4887,3.0952,7.9947],[117.4873,3.0944,3.4521]]],
[[[117.4894,2.9909,6.5972],[117.4908,2.9971,8.8694],[117.495,3.0029,1.1772],[117.4884,3.0162,2.2436],[117.4859,3.0176,2.7418],[117.4838,3.0161,12.3878],[117.4834,3.0089,0.0],[117.4769,3.0009,3.5106],[117.4732,2.9995,1.0],[117.4631,3.0038,0.0],[117.4602,3.0025,2.1874],[117.459,2.9966,1.2058],[117.4627,2.9939,0.25],[117.4645,2.9883,0.6569],[117.4636,2.9862,1.5],[117.457,2.9829,3.1567],[117.4556,2.9774,6.2167],[117.4635,2.9732,2.9834],[117.4649,2.9709,0.0],[117.4732,2.9679,0.0],[117.4766,2.9682,0.0],[117.4787,2.9825,0.9239],[117.4816,2.9866,5.4272],[117.4894,2.9909,6.5972]]],
[[[117.55,3.0629,0.4625],[117.5446,3.0677,3.2182],[117.5249,3.0682,1.7601],[117.495,3.0649,1.6597],[117.4832,3.062,0.6853],[117.4809,3.0604,3.5079],[117.4754,3.048,3.0228],[117.4708,3.0489,0.0],[117.4671,3.0455,0.75],[117.4684,3.041,3.5761],[117.4673,3.039,2.9422],[117.4594,3.0413,2.9224],[117.4622,3.037,2.4193],[117.4591,3.0327,1.9288],[117.4614,3.0284,2.2839],[117.4591,3.0267,2.1438],[117.4607,3.0292,3.5975],[117.4575,3.0327,1.849],[117.4607,3.0371,0.75],[117.4579,3.039,0.9954],[117.4578,3.0415,1.0007],[117.4613,3.0429,3.4658],[117.4667,3.0404,0.875],[117.4654,3.044,1.9881],[117.4663,3.0465,0.75],[117.4711,3.0509,6.4773],[117.4754,3.0496,1.5883],[117.4779,3.0594,0.0],[117.4635,3.0541,2.3997],[117.4451,3.0535,3.9465],[117.4371,3.0425,2.646],[117.4197,3.0302,0.0],[117.4185,3.0249,5.6493],[117.414,3.019,5.8123],[117.4075,3.0178,4.8538],[117.4005,3.0285,7.1881],[117.3973,3.0178,4.4114],[117.3789,3.0043,9.9226],[117.3792,2.9908,7.8825],[117.3702,2.9795,0.0],[117.3677,2.9723,0.7695],[117.3604,2.9629,6.5474],[117.3588,2.9578,0.0],[117.367,2.9519,0.0],[117.3682,2.9592,10.6847],[117.3738,2.9616,0.0],[117.3775,2.9606,6.3679],[117.3819,2.9564,3.9121],[117.3962,2.958,4.6168],[117.4016,2.9568,0.0],[117.4089,2.9651,2.0894],[117.4204,2.9684,3.9835],[117.4304,2.9683,2.8716],[117.4401,2.9652,0.0],[117.4479,2.9649,1.9687],[117.4622,2.9707,7.9321],[117.4628,2.9719,7.9321],[117.4548,2.9765,9.1164],[117.4554,2.9818,3.3638],[117.4519,2.9829,2.5903],[117.4503,2.9855,2.4615],[117.451,2.9896,2.9121],[117.4553,2.9957,0.0],[117.4448,2.9999,0.9937],[117.4389,2.9988,2.4017],[117.4439,3.0008,2.1852],[117.4449,3.0044,1.5813],[117.4397,3.007,2.3837],[117.4379,3.0129,1.528],[117.4404,3.0077,1.2648],[117.4461,3.005,1.5813],[117.446,3.0008,1.4194],[117.4562,2.9976,2.0087],[117.4595,3.005,0.0],[117.4651,3.0053,0.0],[117.4757,3.0027,0.0],[117.4802,3.0088,0.8279],[117.4811,3.0161,1.125],[117.4875,3.0313,0.5968],[117.4848,3.0382,2.1114],[117.4885,3.0436,4.4192],[117.5003,3.0415,2.6127],[117.5001,3.0457,2.2313],[117.5026,3.0518,2.3536],[117.4956,3.0593,2.183],[117.4966,3.0614,0.6947],[117.5042,3.0655,2.8829],[117.509,3.0652,1.4977],[117.5128,3.0604,0.0],[117.516,3.0592,1.6745],[117.5252,3.0602,0.0],[117.5281,3.059,1.5],[117.5298,3.0546,2.1099],[117.5251,3.0451,1.3188],[117.5269,3.0411,0.0],[117.5398,3.0423,2.5753],[117.5496,3.0364,0.0],[117.5522,3.0365,2.143],[117.5531,3.0399,1.8297],[117.55,3.0629,0.4625]]],
[[[117.508,3.0085,0.375],[117.5136,3.0141,0.0],[117.5032,3.0166,1.1499],[117.4927,3.0299,1.778],[117.4881,3.0289,2.8907],[117.4876,3.0189,0.0],[117.4962,3.0038,6.1922],[117.4924,2.9952,0.0],[117.508,3.0085,0.375]]],
[[[117.4017,3.0291,3.0959],[117.4074,3.019,8.3663],[117.4091,3.0185,4.6077],[117.4131,3.0196,10.569],[117.4184,3.0278,0.503],[117.418,3.03,0.0],[117.412,3.0323,1.893],[117.4027,3.04,6.4753],[117.3972,3.0385,3.2911],[117.4017,3.0291,3.0959]]],
[[[117.6271,3.0485,0.0],[117.6268,3.0535,1.9006],[117.622,3.059,2.2765],[117.602,3.0583,9.1181],[117.5942,3.0564,1.5758],[117.5731,3.046,2.1962],[117.565,3.0478,0.25],[117.5541,3.0563,0.636],[117.5551,3.0395,1.0442],[117.5529,3.0346,1.112],[117.5482,3.0344,1.7274],[117.5401,3.0406,0.0],[117.5283,3.0388,0.0],[117.5229,3.0409,1.1192],[117.5209,3.0384,3.6056],[117.5208,3.0318,1.7142],[117.5236,3.029,1.0],[117.5189,3.0209,2.0],[117.5138,3.0211,0.6206],[117.5129,3.0182,1.1759],[117.5236,3.0155,2.6355],[117.5411,3.0179,1.4779],[117.5536,3.0163,0.6905],[117.5545,3.0186,0.8393],[117.5505,3.0215,4.3326],[117.549,3.026,1.3264],[117.5461,3.0234,4.2797],[117.5417,3.0237,1.2451],[117.5458,3.0238,2.3978],[117.5482,3.0262,1.3264],[117.5498,3.0263,2.1894],[117.551,3.0222,1.4046],[117.5557,3.0192,1.5852],[117.5554,3.0151,0.0],[117.565,3.0057,2.1155],[117.5662,2.9964,1.5989],[117.5697,2.9863,0.0],[117.5751,2.9808,4.3009],[117.6014,3.0077,0.0],[117.6028,3.0119,5.2443],[117.5988,3.0138,0.0],[117.5871,3.0151,1.5668],[117.5828,3.0103,1.9926],[117.5784,3.0107,2.1117],[117.578,3.0059,2.4604],[117.5765,3.0155,0.5452],[117.5705,3.015,2.4159],[117.5635,3.017,2.6114],[117.563,3.0204,1.5719],[117.5605,3.0218,4.1104],[117.5597,3.024,2.6497],[117.5598,3.0319,1.5718],[117.5625,3.0315,2.8603],[117.5627,3.0334,2.405],[117.5635,3.0325,2.405],[117.5633,3.0315,2.8603],[117.5602,3.031,3.4226],[117.5608,3.0292,2.4852],[117.56,3.0253,1.9314],[117.5606,3.0225,1.2477],[117.5637,3.0208,1.5313],[117.5648,3.0171,1.0307],[117.5669,3.0217,1.4842],[117.5725,3.0244,2.5622],[117.575,3.0304,1.2295],[117.5716,3.033,2.2908],[117.5732,3.0331,2.5633],[117.575,3.032,2.8279],[117.5755,3.0298,1.2295],[117.5729,3.0238,2.5622],[117.5665,3.0189,2.9693],[117.5685,3.0168,0.5],[117.577,3.0164,0.5452],[117.5803,3.0123,0.0],[117.5826,3.0125,0.0],[117.5865,3.0194,1.9876],[117.5882,3.0172,0.7616],[117.5937,3.0162,2.3508],[117.6158,3.0157,0.0],[117.6197,3.0194,0.0],[117.6188,3.0257,3.6681],[117.6231,3.0353,12.3846],[117.6209,3.0408,11.7856],[117.6237,3.0411,0.0],[117.6191,3.0447,12.2589],[117.6147,3.0452,5.5652],[117.6125,3.0374,1.4472],[117.6074,3.0393,1.197],[117.6023,3.0315,3.6439],[117.6014,3.0355,3.536],[117.6029,3.0371,2.6304],[117.602,3.0349,2.462],[117.6035,3.0337,2.3303],[117.6039,3.0357,3.3093],[117.6071,3.0397,3.6753],[117.6117,3.0384,1.4472],[117.6126,3.0434,1.5233],[117.6151,3.0469,8.9697],[117.6239,3.0468,0.0],[117.6271,3.0485,0.0]]],
[[[117.521,3.0586,2.3669],[117.5113,3.0593,1.7414],[117.5071,3.0644,5.1847],[117.4978,3.0607,0.6947],[117.4967,3.0582,4.0547],[117.5036,3.0508,2.3536],[117.5007,3.0414,2.6127],[117.4978,3.0404,2.4122],[117.4885,3.0423,4.4192],[117.4857,3.0374,2.1114],[117.4882,3.0319,0.0],[117.4958,3.0309,2.1081],[117.5016,3.0223,1.7923],[117.5081,3.0179,0.8547],[117.5115,3.0185,0.0],[117.5135,3.0217,0.6206],[117.5179,3.0216,1.1256],[117.5228,3.0291,3.5101],[117.5202,3.0311,1.7142],[117.5198,3.037,1.0243],[117.52,3.0393,0.5399],[117.5236,3.0429,0.0],[117.5219,3.0438,4.2661],[117.5202,3.0472,3.7174],[117.5176,3.0468,4.7029],[117.5151,3.0436,2.6654],[117.5133,3.0444,3.0719],[117.5121,3.0465,5.1289],[117.5123,3.0477,5.1436],[117.5131,3.0452,3.0719],[117.5156,3.0446,2.985],[117.5175,3.0477,3.031],[117.52,3.0478,3.7174],[117.5214,3.047,2.6937],[117.5221,3.0443,4.2661],[117.5232,3.044,0.0],[117.5286,3.0563,0.0],[117.5275,3.0584,0.4382],[117.521,3.0586,2.3669]]],
[[[117.4472,3.0637,5.5853],[117.4462,3.0619,5.1255],[117.4408,3.0552,0.0],[117.4487,3.0581,7.6171],[117.4472,3.0637,5.5853]]],
[[[117.4415,3.0647,12.2297],[117.4408,3.0568,7.23],[117.4471,3.0643,3.9412],[117.4472,3.0685,3.1547],[117.4415,3.0647,12.2297]]],
[[[117.559,3.0614,1.8542],[117.5695,3.051,3.9475],[117.5887,3.0607,2.4089],[117.6189,3.0668,0.0],[117.6236,3.0726,8.0185],[117.6222,3.0749,2.9923],[117.6046,3.0832,12.055],[117.5702,3.0789,0.0],[117.5514,3.0719,0.0],[117.559,3.0614,1.8542]]],
[[[117.6239,3.0791,14.726],[117.627,3.0737,2.4255],[117.6325,3.0693,8.2306],[117.6359,3.069,9.536],[117.6392,3.0713,6.3756],[117.6377,3.0759,6.005],[117.6315,3.0804,14.8679],[117.6325,3.0826,0.0],[117.6229,3.0822,0.9961],[117.6239,3.0791,14.726]]],
[[[117.5282,3.0721,6.7411],[117.5312,3.0726,0.518],[117.5177,3.0734,4.2778],[117.5161,3.0721,2.5111],[117.5224,3.0717,0.0],[117.5282,3.0721,6.7411]]],
[[[117.5154,3.0726,2.5111],[117.5161,3.0737,2.5111],[117.5134,3.0767,2.3031],[117.5075,3.0764,1.125],[117.5027,3.0788,0.0],[117.4989,3.0752,1.3668],[117.4979,3.0718,0.0],[117.5045,3.0698,0.0],[117.5154,3.0726,2.5111]]],
[[[117.5339,3.0767,2.32],[117.5308,3.0745,-0.5113],[117.5318,3.0729,0.518],[117.5414,3.0724,2.4513],[117.5473,3.0743,0.0],[117.5384,3.0778,0.7274],[117.5339,3.0767,2.32]]],
[[[117.4426,3.0703,5.1997],[117.4405,3.0655,0.0],[117.4466,3.07,8.4782],[117.4449,3.0724,1.0019],[117.4426,3.0703,5.1997]]],
[[[117.4955,3.072,0.0],[117.4883,3.0723,2.2418],[117.4868,3.0697,1.2414],[117.4939,3.0705,0.9493],[117.4955,3.072,0.0]]],
[[[117.488,3.0735,2.2418],[117.4965,3.075,0.0],[117.4917,3.0859,3.226],[117.4883,3.0863,3.2753],[117.4824,3.0826,1.0119],[117.4696,3.082,2.2705],[117.4493,3.0677,4.264],[117.4509,3.0581,0.375],[117.4569,3.057,0.0],[117.4655,3.0607,2.3399],[117.4709,3.0598,0.0],[117.4823,3.0678,3.2168],[117.4799,3.0681,1.9457],[117.4733,3.0639,1.9032],[117.4712,3.0641,3.2374],[117.488,3.0735,2.2418]]],
[[[117.4505,3.0732,3.0135],[117.4539,3.0736,0.0],[117.4603,3.0807,3.6769],[117.448,3.0783,0.375],[117.4456,3.0729,1.0019],[117.4475,3.0708,1.5974],[117.4505,3.0732,3.0135]]],
[[[117.4758,3.086,2.0919],[117.4735,3.0837,2.4852],[117.4817,3.0832,1.1039],[117.4851,3.0863,0.0],[117.4806,3.0878,0.0],[117.4758,3.086,2.0919]]],
[[[115.4431,1.2314,1441.8105],[115.4639,1.2394,1149.1931],[115.4952,1.2555,954.851],[115.5482,1.2647,1054.764],[115.5718,1.2719,1213.5618],[115.586,1.2791,1430.9335],[115.6023,1.2779,1174.5784],[115.6212,1.284,1311.3839],[115.6461,1.2841,1054.2289],[115.7126,1.2657,1190.3805],[115.7207,1.2888,1152.2622],[115.7437,1.3198,1046.5942],[115.7618,1.3382,789.0665],[115.7651,1.3493,805.2496],[115.7723,1.3592,942.2449],[115.7857,1.3623,893.9002],[115.8087,1.3749,959.9979],[115.821,1.3716,1015.3323],[115.8357,1.3758,1102.4675],[115.8379,1.3832,1189.509],[115.8516,1.3959,1210.9973],[115.858,1.4071,1239.0901],[115.8513,1.4318,1251.9487],[115.8557,1.4377,1267.5059],[115.8862,1.4541,1425.4553],[115.9113,1.4777,1430.5436],[115.9269,1.4802,1406.9152],[115.9502,1.489,1523.6465],[115.9552,1.4924,1786.6929],[115.9636,1.5244,1665.161],[115.9698,1.5304,1830.4888],[115.9774,1.5336,1806.0333],[115.9875,1.5323,1927.814],[115.9976,1.5288,2002.7429],[116.0098,1.5282,1979.7311],[116.014,1.5366,1953.8561],[116.0226,1.5408,1803.8683],[116.024,1.5496,1770.3326],[116.0264,1.5532,1721.9641],[116.0335,1.5532,1734.6017],[116.0394,1.557,1839.046],[116.0422,1.5894,1730.9484],[116.0344,1.5994,1925.7783],[116.0359,1.6089,1713.8359],[116.0497,1.6217,1528.3824],[116.0526,1.6263,1569.6526],[116.0581,1.6287,1650.6443],[116.0655,1.6293,1709.8787],[116.0655,1.6438,1642.1558],[116.071,1.6532,1783.0938],[116.0912,1.6616,1699.1552],[116.1055,1.665,1712.2982],[116.1178,1.6589,1609.1978],[116.1282,1.6625,1686.3812],[116.1387,1.7062,1408.6846],[116.1491,1.7197,1498.4784],[116.1582,1.7482,1538.4871],[116.1606,1.7693,1559.6838],[116.1665,1.7769,1499.3103],[116.1678,1.7885,1578.1663],[116.176,1.8097,1706.3148],[116.1857,1.8448,1619.8865],[116.1767,1.8662,1814.7253],[116.1772,1.8825,1593.0508],[116.1749,1.8973,1661.2214],[116.1893,1.9366,1439.6282],[116.1964,1.9519,1555.9331],[116.1942,1.9728,1592.708],[116.1954,1.9858,1466.4015],[116.201,1.992,1451.6968],[116.2194,2.0024,1294.6597],[116.2298,2.0134,1382.8193],[116.2309,2.0446,1144.7969],[116.2259,2.0551,1508.5427],[116.2178,2.0633,1283.8254],[116.2216,2.0796,1305.2328],[116.2216,2.0951,1331.168],[116.259,2.1086,1156.4241],[116.2767,2.1046,1325.8423],[116.2925,2.1054,1145.1199],[116.2925,2.1243,1176.3569],[116.3107,2.122,1075.4775],[116.3217,2.1338,1231.6462],[116.3328,2.1488,995.5508],[116.3502,2.1662,1093.6675],[116.3407,2.1828,1227.9504],[116.3202,2.1947,1313.9877],[116.3004,2.2128,1431.9792],[116.2896,2.2352,1695.5139],[116.2952,2.2388,1714.6155],[116.3034,2.2602,1756.775],[116.311,2.2668,1807.0193],[116.3192,2.2776,1857.5145],[116.3304,2.2847,1787.6193],[116.3345,2.2893,1744.1741],[116.3437,2.2888,1488.6522],[116.3513,2.2918,1446.6321],[116.3912,2.2975,1318.615],[116.4009,2.2965,1064.8168],[116.4091,2.3016,949.4602],[116.417,2.3039,986.32],[116.4201,2.3016,804.4563],[116.428,2.2891,864.463],[116.445,2.2866,737.4627],[116.4546,2.2831,834.2733],[116.4573,2.2793,732.8929],[116.4613,2.2795,731.4149],[116.4656,2.2833,747.337],[116.4714,2.2846,774.7098],[116.4759,2.2887,894.3864],[116.4781,2.2936,944.5462],[116.477,2.2994,1098.1217],[116.4747,2.3019,1107.8833],[116.476,2.3166,931.2747],[116.4852,2.3223,1208.3999],[116.4883,2.328,1152.8312],[116.4974,2.3354,1110.571],[116.4996,2.3424,1045.072],[116.5058,2.3479,1122.167],[116.4983,2.3572,1021.0026],[116.5029,2.3742,1080.5347],[116.5021,2.3789,1076.6809],[116.5006,2.3819,1111.3132],[116.4964,2.3833,1102.4075],[116.4903,2.3896,1306.3433],[116.4882,2.3974,1393.4329],[116.4901,2.4013,1451.6788],[116.4955,2.4029,1615.8939],[116.4964,2.4068,1522.9026],[116.4928,2.4307,1841.6427],[116.4935,2.4387,1810.3772],[116.4911,2.4445,1846.6924],[116.4962,2.4558,1699.2727],[116.5002,2.4568,1381.843],[116.5062,2.4551,1150.1088],[116.5246,2.4472,936.1656],[116.5349,2.4479,801.9727],[116.5448,2.4544,490.8014],[116.5507,2.4551,517.4243],[116.5646,2.4527,987.3002],[116.5679,2.4513,1175.58],[116.57,2.4432,947.1284],[116.5763,2.4362,492.6719],[116.6071,2.4177,500.4682],[116.6181,2.4171,367.5949],[116.6285,2.4287,339.6226],[116.6331,2.4484,407.2094],[116.7125,2.5174,173.2051],[116.7282,2.529,153.8684],[116.7328,2.5295,158.0095],[116.7398,2.5272,144.3527],[116.7751,2.4391,121.6445],[116.7855,2.387,249.2866],[116.796,2.3789,333.6956],[116.8081,2.3829,385.3895],[116.8226,2.3986,272.809],[116.8325,2.4281,69.2722],[116.8458,2.4606,71.5273],[116.8643,2.4716,183.5137],[116.8939,2.4785,774.6681],[116.9159,2.4901,88.526],[116.9418,2.5074,107.2887],[116.994,2.5176,98.4291],[117.0237,2.5212,117.8458],[117.0338,2.5277,387.8786],[117.0396,2.5415,180.8148],[117.0613,2.5813,96.721],[117.07,2.5907,61.2217],[117.0939,2.598,70.5136],[117.1122,2.5993,98.1042],[117.1465,2.5953,119.5526],[117.1651,2.5878,168.8949],[117.2006,2.5841,139.4319],[117.2435,2.5766,350.7968],[117.2584,2.5822,308.1584],[117.2789,2.5972,397.1408],[117.3032,2.6046,149.4397],[117.3368,2.6046,205.6973],[117.3629,2.599,164.5617],[117.3863,2.5981,119.478],[117.4008,2.6066,383.0292],[117.4141,2.5981,123.9043],[117.4257,2.5865,116.3329],[117.4335,2.5787,132.0611],[117.4444,2.563,173.1324],[117.4601,2.5473,193.4389],[117.4794,2.5413,174.5909],[117.4949,2.5324,165.0114],[117.4986,2.523,132.3922],[117.5396,2.5214,109.0763],[117.547,2.5169,116.054],[117.5573,2.5147,110.4096],[117.5647,2.5058,118.1269],[117.572,2.5016,119.1418],[117.588,2.5175,104.3086],[117.6044,2.5225,178.1611],[117.6088,2.5227,150.0089],[117.6128,2.52,152.8145],[117.6276,2.5044,141.394],[117.6389,2.4799,122.43],[117.6542,2.462,160.5623],[117.6697,2.4481,148.4599],[117.6765,2.4258,155.4294],[117.6879,2.4063,131.0114],[117.6962,2.4051,111.6421],[117.7057,2.3969,141.751],[117.7086,2.3916,145.9831],[117.7125,2.371,147.9358],[117.7152,2.3695,173.2903],[117.7167,2.3619,169.8394],[117.7151,2.3574,104.3631],[117.7189,2.3559,156.6382],[117.718,2.3547,120.4187],[117.7212,2.3463,177.2892],[117.7391,2.3382,155.1355],[117.7443,2.334,167.8293],[117.7469,2.3268,124.4251],[117.7561,2.328,150.9019],[117.759,2.3339,143.8673],[117.7645,2.3325,151.0398],[117.769,2.3336,148.8686],[117.7711,2.3301,139.9442],[117.7854,2.3301,149.9149],[117.7916,2.3251,142.4799],[117.8116,2.3264,134.6356],[117.8215,2.3407,129.1805],[117.8214,2.3451,128.0101],[117.8244,2.3482,128.3316],[117.8223,2.3519,118.6728],[117.84,2.3742,108.5101],[117.8638,2.3929,80.5239],[117.8928,2.3984,58.1196],[117.9067,2.3979,50.6226],[117.9197,2.3929,53.265],[117.9327,2.3841,57.6193],[117.9356,2.3902,26.7324],[117.933,2.3978,28.2141],[117.9346,2.4036,30.0545],[117.9558,2.4156,14.2549],[117.9587,2.4269,27.8595],[117.9646,2.4273,26.6756],[117.9708,2.4246,16.8284],[117.9793,2.4265,5.7105],[117.988,2.4341,2.3104],[117.9807,2.4362,5.5499],[117.9663,2.444,2.9998],[117.945,2.463,3.6064],[117.9297,2.4795,3.2982],[117.902,2.5196,7.3269],[117.887,2.5373,4.0753],[117.8811,2.541,3.6648],[117.8621,2.5593,2.5904],[117.8333,2.5926,3.9227],[117.8167,2.6047,2.9212],[117.8147,2.6046,9.0745],[117.8035,2.6181,8.63],[117.7937,2.6359,3.4401],[117.7898,2.649,5.3658],[117.7886,2.6674,1.3789],[117.7919,2.6936,0.0],[117.7909,2.7178,0.0],[117.7848,2.7434,3.564],[117.7823,2.7485,7.4717],[117.772,2.7458,4.1101],[117.7503,2.7523,3.3959],[117.7447,2.7487,2.1022],[117.7505,2.7454,2.9634],[117.7508,2.7435,2.3747],[117.7535,2.7427,4.6476],[117.7503,2.7434,2.3747],[117.7503,2.7452,2.9634],[117.7475,2.7464,4.0815],[117.7472,2.7423,3.0761],[117.7443,2.7385,2.7147],[117.7445,2.7407,3.5513],[117.7471,2.7438,2.0263],[117.7473,2.7459,4.0815],[117.7444,2.7479,2.1022],[117.7408,2.7465,1.2509],[117.7408,2.7489,2.357],[117.7384,2.751,0.5],[117.7395,2.7511,3.153],[117.741,2.7496,4.593],[117.7411,2.7471,1.7715],[117.7435,2.7477,2.1022],[117.7453,2.7511,0.125],[117.7433,2.7542,1.11],[117.7432,2.7588,3.5614],[117.7323,2.7695,13.1982],[117.7217,2.7733,1.8905],[117.7162,2.7734,0.5],[117.7022,2.7802,0.5],[117.6897,2.7836,1.0],[117.6873,2.782,1.2667],[117.684,2.7719,1.5915],[117.6914,2.7681,1.0],[117.695,2.7636,2.3105],[117.6952,2.754,0.75],[117.6978,2.7507,0.5],[117.6958,2.7472,1.0737],[117.6997,2.7466,1.3806],[117.7019,2.7485,0.6957],[117.7038,2.7482,0.6957],[117.7048,2.7471,4.8598],[117.7062,2.7422,12.1034],[117.7011,2.7396,8.9052],[117.7003,2.7423,9.7676],[117.6983,2.7395,11.302],[117.7003,2.7399,8.9052],[117.7004,2.738,10.0259],[117.7001,2.7393,8.9052],[117.6978,2.7392,11.302],[117.7,2.7429,9.7676],[117.7012,2.7424,9.7676],[117.7013,2.7401,8.9052],[117.7053,2.7421,7.8529],[117.7045,2.7465,6.3874],[117.7029,2.7479,0.6957],[117.6998,2.7458,1.3806],[117.695,2.747,6.188],[117.6952,2.7486,2.0232],[117.697,2.7505,1.0044],[117.6945,2.7538,0.75],[117.6948,2.7626,2.3105],[117.6914,2.767,3.2103],[117.6833,2.771,1.6399],[117.683,2.7743,1.4873],[117.6855,2.781,1.2667],[117.682,2.7833,1.5917],[117.6723,2.7771,0.0],[117.673,2.7692,3.28],[117.667,2.7674,1.656],[117.6639,2.7624,1.0045],[117.6605,2.763,6.7411],[117.6588,2.7679,3.9392],[117.6529,2.7658,6.9182],[117.6531,2.7615,6.416],[117.6563,2.7612,8.1701],[117.6586,2.7595,7.9845],[117.6552,2.7581,6.2104],[117.6554,2.7566,7.6067],[117.6578,2.7559,8.406],[117.65737603305784,2.7547223140495878,5.911],[117.6545,2.7574,8.5565],[117.6552,2.7594,7.3435],[117.6576,2.76,7.9845],[117.6525,2.7605,6.416],[117.652,2.7661,1.2662],[117.6545,2.7679,5.717],[117.6591,2.7686,3.9392],[117.6623,2.7632,5.3162],[117.6663,2.7686,2.2233],[117.6725,2.7695,3.28],[117.6707,2.7761,1.3602],[117.677,2.7838,1.0],[117.6461,2.7916,1.0],[117.6362,2.7914,2.3752],[117.6355,2.7884,2.8699],[117.631,2.7845,1.5167],[117.633,2.7783,1.0],[117.629,2.77,1.6488],[117.63,2.7675,1.9924],[117.6345,2.7665,1.8639],[117.6355,2.7643,1.1747],[117.6294,2.7627,6.3839],[117.6279,2.7597,2.5983],[117.6302,2.7592,0.75],[117.6277,2.7589,3.2723],[117.6273,2.7614,1.8486],[117.6286,2.7628,6.3839],[117.635,2.7645,1.1747],[117.6333,2.7664,1.7484],[117.6296,2.7669,1.1601],[117.6281,2.7698,1.6488],[117.6324,2.7792,1.7431],[117.6306,2.7833,1.0],[117.6306,2.785,1.5167],[117.6355,2.7912,0.25],[117.6165,2.7952,0.5],[117.6122,2.7939,0.25],[117.61,2.7896,4.2816],[117.6282,2.7794,0.5],[117.6299,2.7738,2.2546],[117.6257,2.7712,1.0],[117.6245,2.7778,1.0],[117.6179,2.7783,1.5954],[117.6215,2.7747,0.803],[117.6185,2.7698,4.2573],[117.6221,2.763,3.099],[117.6209,2.7603,3.8089],[117.6216,2.7633,5.191],[117.6178,2.7687,6.3771],[117.6206,2.7743,0.803],[117.6171,2.7767,3.2167],[117.6168,2.7785,3.6018],[117.6192,2.7796,1.6829],[117.6252,2.7783,1.0],[117.6265,2.7723,0.5],[117.6291,2.7742,0.9979],[117.6277,2.7789,0.75],[117.6106,2.7889,4.2816],[117.6079,2.7877,3.3758],[117.6029,2.779,2.4997],[117.5991,2.7789,1.7565],[117.5976,2.7804,0.0],[117.5991,2.7767,2.4462],[117.5991,2.7737,1.8985],[117.6041,2.7727,1.0],[117.6045,2.7681,2.6585],[117.6098,2.7671,3.2546],[117.6089,2.7622,1.0],[117.6119,2.7608,3.4977],[117.612,2.7595,7.9094],[117.6098,2.7579,9.6251],[117.6081,2.7584,8.7418],[117.6057,2.7559,3.9506],[117.6043,2.7574,2.6818],[117.6052,2.7577,3.8333],[117.6063,2.7566,3.9506],[117.6077,2.7589,7.1197],[117.6101,2.7584,9.6251],[117.6115,2.7603,7.9094],[117.6082,2.762,0.75],[117.6091,2.7671,1.0],[117.6043,2.7673,2.6585],[117.6036,2.7722,1.0],[117.5981,2.7733,2.4809],[117.5984,2.777,0.4935],[117.5945,2.7851,1.3669],[117.5859,2.7855,0.5],[117.5864,2.7738,0.5],[117.584,2.7717,1.0],[117.5805,2.7732,1.0],[117.5848,2.7734,1.0],[117.5846,2.7867,0.5],[117.5832,2.789,1.7017],[117.5839,2.7904,1.7017],[117.5878,2.7924,0.875],[117.5841,2.7897,1.7017],[117.5845,2.7875,1.0],[117.5942,2.7867,1.0],[117.5996,2.7806,0.0],[117.6035,2.7815,2.8987],[117.6042,2.7879,1.3937],[117.6012,2.7913,1.5944],[117.6031,2.7954,2.4516],[117.5993,2.796,1.5148],[117.5979,2.8002,1.0],[117.5989,2.8024,1.3608],[117.5973,2.8053,1.8291],[117.5943,2.8062,1.7656],[117.593,2.8089,3.4189],[117.5945,2.8085,1.6501],[117.5953,2.8063,1.8103],[117.5977,2.8059,3.1852],[117.5994,2.8032,1.0],[117.5986,2.8009,2.0498],[117.6007,2.7985,2.027],[117.5996,2.7965,1.5148],[117.6027,2.797,1.0],[117.604,2.7957,1.4715],[117.6038,2.7935,1.6481],[117.6018,2.7919,1.5944],[117.6051,2.7882,1.3937],[117.6046,2.785,1.746],[117.608,2.7925,0.0],[117.6134,2.7982,0.0],[117.6098,2.8031,1.0],[117.6021,2.8094,1.0],[117.5866,2.8319,1.0],[117.5831,2.8334,5.3564],[117.5792,2.8308,0.0],[117.5829,2.8225,1.0],[117.5811,2.8173,1.0],[117.5778,2.8162,0.75],[117.5702,2.8175,4.1169],[117.5669,2.8132,1.4418],[117.5776,2.8097,1.6943],[117.5816,2.8061,1.7715],[117.5744,2.7961,1.0],[117.5681,2.7959,1.0],[117.5678,2.8056,1.8599],[117.5637,2.8082,1.8548],[117.5621,2.8032,1.5664],[117.5619,2.8073,2.276],[117.5633,2.8098,2.3581],[117.5693,2.8071,2.3259],[117.5696,2.7972,2.2383],[117.5718,2.7967,1.0],[117.5752,2.7996,1.0],[117.579,2.8065,3.4081],[117.5757,2.8093,2.3206],[117.5663,2.8111,1.2222],[117.565,2.8137,1.7268],[117.5693,2.8189,5.046],[117.5789,2.818,2.9578],[117.5802,2.8195,1.0],[117.5807,2.8249,0.75],[117.5781,2.8284,2.8531],[117.578,2.8331,1.0],[117.5829,2.8357,0.0],[117.5807,2.8388,0.0],[117.5696,2.8434,0.5],[117.5635,2.8426,1.6575],[117.5532,2.8367,0.0],[117.5404,2.8237,3.8432],[117.5441,2.8077,0.0],[117.5434,2.8055,2.2973],[117.5414,2.8049,4.8105],[117.5362,2.8062,6.8469],[117.5201,2.8161,4.2843],[117.5155,2.8233,6.8681],[117.5116,2.8252,7.5432],[117.4992,2.8234,7.969],[117.4829,2.8168,12.0865],[117.4817,2.819,11.9089],[117.4841,2.8344,1.1631],[117.481,2.8372,0.9483],[117.4758,2.8402,4.918],[117.468,2.8365,3.5961],[117.464,2.8318,4.2504],[117.4506,2.832,6.3977],[117.446,2.8344,7.7222],[117.4495,2.8424,0.4352],[117.4442,2.84,3.4504],[117.4399,2.8417,3.4133],[117.4357,2.8402,0.0],[117.4375,2.8352,7.611],[117.4277,2.8276,0.8536],[117.4296,2.8247,1.5188],[117.4288,2.8221,1.4701],[117.4261,2.8202,16.3342],[117.4224,2.8213,4.2949],[117.4181,2.8275,3.0357],[117.4185,2.8172,4.6504],[117.4166,2.8137,8.6467],[117.4141,2.8137,4.3506],[117.4124,2.8156,2.5345],[117.4124,2.8206,2.0585],[117.4107,2.8223,3.6774],[117.3995,2.8152,8.9506],[117.3982,2.8154,7.4969],[117.398,2.8195,1.1164],[117.3937,2.8174,0.7684],[117.3985,2.8201,1.1164],[117.3998,2.8162,1.2329],[117.4113,2.823,3.6774],[117.4131,2.8216,2.0585],[117.4135,2.815,2.4182],[117.4166,2.8146,2.0456],[117.4177,2.828,3.6758],[117.4195,2.8279,3.0357],[117.424,2.8218,4.2949],[117.4273,2.822,10.1605],[117.4285,2.8239,1.5188],[117.427,2.8281,0.8536],[117.4362,2.8356,2.3971],[117.4348,2.8394,0.0],[117.4366,2.8419,1.7265],[117.44,2.8425,1.5211],[117.4446,2.8408,1.8239],[117.45,2.8435,0.4352],[117.4515,2.8417,2.2573],[117.448,2.8345,0.0],[117.4508,2.8325,4.2429],[117.4635,2.8325,1.7921],[117.4687,2.8381,1.2066],[117.4774,2.8414,0.9383],[117.4837,2.8369,1.9129],[117.4859,2.8339,9.2494],[117.4834,2.818,1.9298],[117.4976,2.8251,0.0],[117.5115,2.8264,5.3802],[117.5168,2.824,13.1536],[117.5203,2.8183,2.5562],[117.5237,2.816,6.333],[117.5414,2.8063,2.2973],[117.5429,2.8077,8.8677],[117.5386,2.8215,1.7252],[117.5397,2.8254,0.8935],[117.5544,2.84,0.0],[117.5667,2.8461,0.0],[117.5637,2.8495,1.3649],[117.5601,2.8588,0.0],[117.5557,2.8615,6.7847],[117.551,2.8563,1.1629],[117.5491,2.8448,4.0755],[117.5444,2.8407,1.9176],[117.5419,2.8409,1.5076],[117.5397,2.8432,0.0],[117.5381,2.851,0.0],[117.5243,2.8519,12.1151],[117.5175,2.8577,5.4562],[117.5163,2.8569,2.2817],[117.5149,2.8445,6.3298],[117.5099,2.841,3.5364],[117.5069,2.8418,8.447],[117.5062,2.8443,7.5091],[117.5109,2.85,6.0236],[117.5109,2.8524,7.8989],[117.5079,2.8549,9.5733],[117.5028,2.8552,8.7617],[117.5016,2.8437,4.0974],[117.4975,2.8389,0.0],[117.4956,2.8405,3.9989],[117.4977,2.845,5.0334],[117.497,2.8467,2.4213],[117.4879,2.8503,5.6427],[117.4827,2.8483,3.7243],[117.4788,2.8489,0.0],[117.4756,2.8516,0.0],[117.4732,2.8586,7.2225],[117.4711,2.8604,7.4157],[117.4659,2.859,5.7345],[117.4658,2.8565,2.9164],[117.4682,2.8531,4.5611],[117.4671,2.8489,0.7261],[117.4608,2.8472,0.0],[117.456,2.8499,1.5612],[117.4495,2.8642,1.5469],[117.4412,2.8649,11.6022],[117.4305,2.8565,9.5626],[117.4233,2.8566,4.4171],[117.4182,2.8581,1.5578],[117.417,2.8652,1.2279],[117.4108,2.8688,3.0208],[117.4096,2.8677,0.0],[117.4128,2.8616,0.0],[117.4122,2.8545,2.5836],[117.407,2.8537,3.7509],[117.3966,2.8566,1.3701],[117.3899,2.8508,1.5043],[117.3882,2.8524,0.0],[117.3911,2.8684,1.5629],[117.3786,2.8724,0.9953],[117.3732,2.8714,1.6485],[117.3671,2.8671,0.9201],[117.3642,2.8615,1.5061],[117.3612,2.8429,5.286],[117.3624,2.8322,4.7421],[117.3646,2.8287,12.0804],[117.3684,2.8352,5.4396],[117.3667,2.8423,3.1972],[117.3699,2.8429,2.7411],[117.3712,2.8402,5.8748],[117.3712,2.8283,2.3588],[117.3788,2.8283,1.1534],[117.3695,2.8146,0.3501],[117.3758,2.8102,2.0434],[117.3821,2.8105,1.9127],[117.3807,2.8151,2.6619],[117.3826,2.8168,1.8215],[117.392,2.8171,1.5459],[117.3821,2.8154,1.4709],[117.3845,2.8063,4.7126],[117.3808,2.8104,1.7667],[117.376,2.8095,2.0434],[117.3636,2.816,2.9483],[117.3599,2.8003999999999998,10.2454],[117.3563,2.7972,5.4321],[117.3532,2.7968,17.5308],[117.3499,2.7992,12.6457],[117.3472,2.8046,4.6959],[117.3468,2.8147,1.7712],[117.3427,2.8112,2.6325],[117.3404,2.8041,15.6186],[117.3371,2.8022,3.0789],[117.3334,2.803,67.1871],[117.3315,2.8072,0.5],[117.3315,2.8201,1.97],[117.3305,2.8216,7.8627],[117.328,2.8206,2.1282],[117.321,2.8107,1.0],[117.3226,2.8056,3.3505],[117.3342,2.7874,11.0334],[117.3349,2.7783,9.5074],[117.3296,2.7752,5.8875],[117.3265,2.7776,1.5],[117.3245,2.7823,1.5],[117.3225,2.7818,9.7344],[117.3074,2.7543,4.6],[117.3033,2.7497,17.3757],[117.2999,2.7492,5.3992],[117.2932,2.7527,3.9607],[117.2893,2.7528,3.7881],[117.2823,2.7492,8.283],[117.2767,2.7439,26.7547],[117.2717,2.7432,42.4406],[117.2659,2.7465,4.4708],[117.2639,2.7504,2.5],[117.266,2.7557,2.5],[117.2723,2.7596,4.0186],[117.272,2.7607,2.5],[117.2667,2.7632,8.2381],[117.2621,2.7631,7.1201],[117.2598,2.7596,7.9225],[117.2603,2.7448,12.7376],[117.2575,2.7418,11.9672],[117.2321,2.7542,5.2838],[117.2275,2.7536,19.8245],[117.2225,2.7482,66.379],[117.2097,2.7453,59.9128],[117.2043,2.7503,3.5],[117.205,2.7554,3.5],[117.1974,2.7608,5.509],[117.1974,2.7632,4.9495],[117.2057,2.7748,8.2531],[117.2022,2.7759,5.3848],[117.1914,2.7679,5.5413],[117.1823,2.7646,8.8602],[117.177,2.7656,7.0797],[117.1774,2.7609,16.3292],[117.1812,2.7551,3.5],[117.1807,2.7527,3.5],[117.1776,2.7503,40.0287],[117.1684,2.7495,4.0],[117.1644,2.7466,5.5813],[117.157,2.7368,23.0196],[117.1537,2.7352,12.0657],[117.1553,2.7235,17.7671],[117.1545,2.721,4.0],[117.1513,2.7188,4.0],[117.1335,2.7281,12.2718],[117.1217,2.7423,5.0],[117.1162,2.7455,5.0],[117.1148,2.75,22.9829],[117.1107,2.7536,19.9958],[117.1039,2.7554,22.6117],[117.0944,2.7629,44.2093],[117.0913,2.7635,87.8961],[117.0891,2.7612,94.0179],[117.086,2.7611,8.1561],[117.0879,2.7702,40.4739],[117.0926,2.7733,6.0],[117.093,2.7761,6.0],[117.0773,2.7969,12.7893],[117.0677,2.7905,7.5],[117.0619,2.7898,31.249],[117.0539,2.7913,16.8934],[117.0445,2.7878,16.1166],[117.0311,2.7905,9.0],[117.0226,2.7945,21.0289],[116.9961,2.7986,43.2827],[116.9873,2.8016,17.7565],[116.9843,2.8009,19.0408],[116.9772,2.8099,19.8357],[116.9604,2.8246,29.1944],[116.9542,2.8257,10.5],[116.9498,2.8231,29.5482],[116.9455,2.823,32.833],[116.939,2.8306,10.5],[116.9252,2.8311,21.159],[116.9182,2.8385,20.5338],[116.9111,2.8354,31.2532],[116.9075,2.8361,26.5665],[116.9063,2.8385,10.5],[116.9065,2.8488,16.1413],[116.9036,2.8491,14.4849],[116.8788,2.8073,31.6611],[116.8408,2.7514,31.1412],[116.833,2.743,14.0],[116.8299,2.7342,49.3571],[116.8209,2.7277,17.8152],[116.8164,2.7184,19.3363],[116.8029,2.7127,27.573],[116.799,2.7043,23.8135],[116.7947,2.7008,23.5896],[116.794,2.691,24.5183],[116.7856,2.686,19.3456],[116.7717,2.6916,32.1813],[116.7665,2.6883,31.8405],[116.7588,2.6932,24.106],[116.762,2.692,17.5],[116.7751,2.6925,33.0231],[116.7871,2.6878,17.0],[116.7921,2.6928,21.6351],[116.7929,2.7013,18.7393],[116.7971,2.7041,17.2147],[116.802,2.7142,29.5905],[116.8096,2.7189,27.7433],[116.8137,2.7187,15.0],[116.8162,2.7204,17.9589],[116.8175,2.723,19.5194],[116.8178,2.7351,17.684],[116.8218,2.7373,47.8411],[116.8287,2.7353,14.0],[116.8287,2.7411,24.9402],[116.8414,2.7563,31.8674],[116.8639,2.7888,46.8978],[116.8926,2.8326,30.5645],[116.8983,2.8458,13.2955],[116.9031,2.8513,19.194],[116.9079,2.8493,39.1706],[116.9075,2.8405,10.5],[116.9088,2.8372,21.2243],[116.9177,2.8401,10.5],[116.9216,2.8383,10.5],[116.926,2.8327,10.5],[116.9286,2.8318,14.6483],[116.9359,2.8333,13.2487],[116.9393,2.8317,10.5],[116.9476,2.8242,18.6755],[116.9531,2.8275,26.866],[116.964,2.8257,12.7844],[116.9703,2.8168,10.5],[116.9776,2.812,14.8472],[116.9849,2.8029,10.5],[116.9885,2.8031,21.8505],[116.9943,2.8001,10.5],[117.0235,2.7963,16.7748],[117.0341,2.7912,12.0687],[117.0441,2.7893,12.2496],[117.0535,2.793,26.6412],[117.0632,2.7913,7.5],[117.0685,2.7931,7.5],[117.0742,2.7984,8.4861],[117.0792,2.7979,7.9016],[117.0874,2.7847,9.7643],[117.094,2.7805,22.362],[117.094,2.7729,7.4999],[117.0897,2.7694,21.8027],[117.0877,2.7635,6.0],[117.091,2.765,25.3417],[117.099,2.7628,14.2425],[117.1024,2.759,14.2566],[117.1122,2.7555,13.4479],[117.1142,2.7522,12.4507],[117.119,2.7503,6.9788],[117.1269,2.7373,13.5275],[117.1329,2.7311,4.5],[117.1451,2.7254,4.0],[117.1507,2.7203,4.0],[117.1532,2.7249,4.0],[117.1512,2.7299,4.0],[117.1514,2.7359,8.8201],[117.1644,2.7496,10.868],[117.1761,2.7517,4.8485],[117.1792,2.7539,7.6895],[117.1752,2.7592,6.2431],[117.1751,2.7662,7.0797],[117.1849,2.7686,5.974],[117.1939,2.7771,8.496],[117.2083,2.7775,16.5744],[117.2079,2.7724,3.5],[117.2029,2.7679,3.5],[117.1992,2.7619,3.5],[117.2036,2.758,3.5],[117.2072,2.7576,11.2403],[117.2058,2.7512,3.5],[117.2091,2.7476,6.6065],[117.2219,2.7507,10.9557],[117.2271,2.7554,3.0],[117.2306,2.7561,6.6744],[117.2398,2.7533,5.3896],[117.2535,2.7456,7.3242],[117.2579,2.7449,3.0],[117.2564,2.7548,3.0],[117.2573,2.7613,9.0012],[117.2589,2.7648,4.0356],[117.2646,2.7651,2.5],[117.2742,2.7618,13.2888],[117.2741,2.7586,17.6439],[117.2671,2.7524,5.2739],[117.2664,2.7493,13.5486],[117.2694,2.7462,3.9298],[117.274,2.7453,2.5],[117.2817,2.7528,11.711],[117.2883,2.7559,11.0673],[117.2919,2.7559,26.9312],[117.2981,2.7521,21.1676],[117.3044,2.7532,4.9496],[117.3214,2.7848,2.7468],[117.3242,2.7848,4.8908],[117.3278,2.7797,11.3424],[117.3321,2.778,5.0897],[117.3311,2.7883,7.1852],[117.3203,2.8045,4.0254],[117.319,2.8089,4.7902],[117.3192,2.8128,1.0],[117.3254,2.8229,1.0],[117.3294,2.8248,4.6251],[117.3326,2.8222,1.0],[117.3362,2.8043,3.524],[117.3419,2.8154,0.5],[117.3446,2.8176,14.4193],[117.3478,2.817,0.5],[117.3531,2.8002,3.5055],[117.3564,2.7994,0.0],[117.3591,2.8067,2.3404],[117.3605,2.8177,0.0],[117.3564,2.8382,0.0],[117.3522,2.8469,0.0],[117.3424,2.8561,0.9274],[117.3376,2.8641,1.6163],[117.3363,2.8687,0.0],[117.3374,2.8799,1.9271],[117.3362,2.8846,0.0],[117.3324,2.89,4.1341],[117.3235,2.8968,0.9718],[117.3255,2.9003,1.9924],[117.3326,2.9016,0.0],[117.3418,2.9125,0.0],[117.3442,2.92,0.3576],[117.3437,2.9311,1.3791],[117.3382,2.9294,1.6998],[117.3356,2.9264,1.3647],[117.3352,2.9153,7.1032],[117.32,2.917,4.061],[117.3166,2.9224,13.2485],[117.3191,2.9452,3.8946],[117.3149,2.9532,8.8444],[117.3104,2.9545,3.6278],[117.299,2.9503,7.5976],[117.2923,2.9521,5.3137],[117.2842,2.9586,4.3931],[117.2793,2.9707,4.2816],[117.286,2.9577,4.3931],[117.2921,2.9533,5.3137],[117.2982,2.9514,3.1929],[117.312,2.9555,3.6497],[117.3149,2.9544,2.924],[117.3201,2.9443,4.8893],[117.3177,2.928,6.4233],[117.3185,2.9195,2.4596],[117.3216,2.9178,2.5629],[117.3345,2.9165,1.5],[117.3333,2.9249,2.1055],[117.3345,2.9281,1.9991],[117.3372,2.9313,1.3036],[117.3431,2.9331,3.653],[117.346,2.9448,0.0],[117.3543,2.9562,0.0],[117.3645,2.9762,0.0],[117.3705,2.9836,4.9658],[117.3715,2.9866,0.0],[117.3702,2.9941,9.1134],[117.374,2.9964,1.6771],[117.3771,3.0057,4.2291],[117.385,3.013,0.0],[117.3855,3.0277,1.6077],[117.3894,3.0314,1.0983],[117.3865,3.037,3.5355],[117.3802,3.0417,1.6929],[117.3763,3.0313,3.3722],[117.3731,3.0314,3.2274],[117.3673,3.0366,3.1932],[117.3659,3.0316,0.0],[117.3711,3.0321,0.0],[117.3782,3.0292,2.3768],[117.3791,3.0265,6.5963],[117.3721,3.0245,4.9078],[117.3669,3.0201,5.4622],[117.361,3.0202,6.0563],[117.3589,3.0103,4.7955],[117.3508,3.0096,2.82],[117.3466,3.0038,1.588],[117.3493,3.0098,6.3502],[117.3584,3.0116,1.636],[117.3607,3.0212,0.0],[117.3667,3.0212,2.5469],[117.3725,3.0264,8.8594],[117.3783,3.0276,8.8426],[117.37,3.0317,7.9636],[117.365,3.0304,11.5817],[117.3643,3.0326,6.1509],[117.367,3.0381,0.0],[117.3658,3.0398,9.0707],[117.3747,3.0323,8.7267],[117.3768,3.0352,0.0],[117.377,3.0417,5.0534],[117.3715,3.0463,4.4543],[117.3565,3.0461,4.4327],[117.3531,3.0474,0.0],[117.351,3.0507,4.8231],[117.3497,3.0626,3.8955],[117.3451,3.0714,0.0],[117.3465,3.0779,0.8815],[117.352,3.0787,3.2035],[117.3549,3.0761,1.7214],[117.3579,3.0681,0.0],[117.362,3.0672,2.9291],[117.3642,3.0691,1.4609],[117.3661,3.0796,1.5438],[117.3684,3.0825,2.1389],[117.3828,3.0806,4.3771],[117.3823,3.0837,1.6833],[117.3782,3.0873,2.2335],[117.3681,3.0855,1.0996],[117.3633,3.0883,0.681],[117.3595,3.1054,0.625],[117.3607,3.1111,0.0],[117.3671,3.1166,1.5308],[117.3745,3.1151,0.0],[117.379,3.1096,2.4145],[117.3812,3.0974,4.6871],[117.3846,3.0955,6.3311],[117.3965,3.1094,0.9341],[117.406,3.1149,0.5131],[117.4243,3.1126,1.355],[117.4445,3.1264,3.7139],[117.4525,3.1281,0.0],[117.4652,3.1273,3.6939],[117.4657,3.1293,0.0],[117.4609,3.1418,3.3938],[117.4542,3.15,1.8558],[117.449,3.1531,1.3172],[117.4433,3.1621,0.0],[117.4261,3.1727,3.6757],[117.4226,3.1708,6.3299],[117.4213,3.1728,4.9255],[117.4185,3.1727,6.2138],[117.4172,3.1711,8.9083],[117.4167,3.1724,0.0],[117.397,3.1572,3.1247],[117.3892,3.1373,1.6766],[117.3854,3.1376,0.0],[117.372,3.1445,3.6318],[117.3607,3.1362,1.95],[117.3584,3.1333,1.9282],[117.3582,3.1299,0.6895],[117.3649,3.1264,1.596],[117.3663,3.1225,0.0],[117.3658,3.1198,1.6885],[117.3632,3.1177,2.6791],[117.3569,3.1184,2.8844],[117.3548,3.1301,1.3014],[117.3492,3.1378,2.5122],[117.3458,3.1355,1.3366],[117.3415,3.1275,0.7298],[117.3388,3.1263,0.9999],[117.3345,3.1271,7.196],[117.3338,3.1238,5.3069],[117.3404,3.1189,3.531],[117.3478,3.1173,0.9545],[117.3496,3.1115,2.2801],[117.3528,3.1077,0.9309],[117.3493,3.1104,2.1564],[117.3474,3.1167,3.3928],[117.3399,3.1184,6.3874],[117.3324,3.124,5.9716],[117.3329,3.1265,8.6879],[117.3351,3.1282,7.196],[117.34,3.1273,0.7298],[117.3467,3.1382,1.3514],[117.3489,3.1387,2.5122],[117.3557,3.1303,1.3014],[117.3572,3.1195,0.25],[117.3609,3.1182,0.0],[117.3636,3.1191,0.25],[117.3651,3.1236,0.0],[117.3578,3.1283,2.0887],[117.3567,3.1311,0.0],[117.3576,3.1346,2.16],[117.3614,3.1394,0.7712],[117.3711,3.1457,0.0],[117.3766,3.1451,4.0055],[117.387,3.1385,0.0],[117.3889,3.1389,1.217],[117.3912,3.1527,0.0],[117.3952,3.1637,5.2836],[117.3916,3.1687,8.2525],[117.3823,3.1726,9.7747],[117.3689,3.1812,8.1981],[117.3442,3.1815,7.3039],[117.3353,3.1781,0.9226],[117.327,3.1684,1.5438],[117.328,3.1653,0.8053],[117.3256,3.1661,2.0754],[117.3192,3.1607,10.1892],[117.3253,3.1516,9.2494],[117.3252,3.1496,14.0981],[117.3185,3.1585,5.1062],[117.3124,3.1574,1.3406],[117.3026,3.1587,8.6817],[117.2932,3.1577,4.0128],[117.2908,3.1559,10.4785],[117.2871,3.1384,5.6366],[117.2916,3.1342,4.2817],[117.2855,3.1376,5.0497],[117.2804,3.1384,4.1092],[117.2852,3.1397,2.936],[117.2882,3.156,5.6247],[117.2777,3.1579,3.6576],[117.2715,3.1571,1.0],[117.2694,3.1518,1.0],[117.2706,3.136,5.2419],[117.2696,3.1319,4.6036],[117.2622,3.1257,2.0],[117.2526,3.1221,10.1361],[117.2612,3.1272,7.5238],[117.2684,3.1347,2.0],[117.265,3.1514,1.0],[117.2606,3.1484,5.4743],[117.26,3.143,7.7092],[117.2554,3.1419,22.3222],[117.2553,3.1451,8.1012],[117.2504,3.1499,1.9748],[117.2591,3.1441,5.1587],[117.26,3.1508,2.5923],[117.2718,3.1609,3.6333],[117.2962,3.1616,0.5],[117.3127,3.1637,0.0],[117.3182,3.1663,0.0],[117.3186,3.1734,0.0],[117.3167,3.18,11.6541],[117.3145,3.1809,10.538],[117.3157,3.1841,7.3767],[117.3127,3.1886,12.5377],[117.3077,3.2068,7.8471],[117.3028,3.2083,7.3346],[117.2935,3.2039,0.0],[117.2924,3.2022,8.0253],[117.2932,3.1997,11.1376],[117.2915,3.2012,1.976],[117.2863,3.1977,1.8145],[117.276,3.1871,2.2257],[117.2671,3.1827,2.2269],[117.2663,3.1808,3.8729],[117.2543,3.1826,1.5444],[117.2452,3.1885,1.7552],[117.2385,3.1887,2.9292],[117.2343,3.179,1.3588],[117.23,3.1747,5.9169],[117.2243,3.1732,3.7278],[117.2147,3.1776,0.5],[117.2116,3.1776,0.5],[117.2099,3.1759,0.5],[117.2102,3.1714,5.2916],[117.2021,3.1649,2.2903],[117.2037,3.1675,2.5844],[117.2008,3.1695,4.0361],[117.198,3.1749,2.4048],[117.2023,3.17,0.5],[117.2047,3.1695,3.0236],[117.2071,3.1717,2.5859],[117.2094,3.1784,1.8319],[117.2128,3.18,0.5],[117.2153,3.184,9.8001],[117.2334,3.1929,3.7133],[117.238,3.1939,8.8974],[117.2428,3.1929,1.1599],[117.2649,3.1851,0.0],[117.2776,3.1952,0.0],[117.2782,3.1992,4.7114],[117.2811,3.2018,2.2256],[117.2756,3.2075,0.7966],[117.2643,3.2291,0.0],[117.261,3.2287,6.4142],[117.2553,3.2212,0.5],[117.2479,3.2187,8.1992],[117.2455,3.2155,2.1527],[117.2463,3.2194,4.3889],[117.2538,3.222,0.5],[117.2626,3.2318,3.4761],[117.2382,3.2411,3.1569],[117.2302,3.2399,7.456],[117.2159,3.244,6.8252],[117.2067,3.2512,5.3116],[117.1896,3.2485,4.4721],[117.1819,3.2495,2.4456],[117.1833,3.2451,2.5001],[117.1809,3.2481,2.5988],[117.1762,3.2484,3.8011],[117.1604,3.2592,2.4339],[117.1565,3.2596,5.7864],[117.1446,3.2753,2.9209],[117.1421,3.2756,2.7523],[117.1396,3.2712,3.7292],[117.1378,3.2714,9.0559],[117.1149,3.2875,3.2347],[117.109,3.2892,6.5305],[117.1078,3.292,5.8741],[117.1094,3.295,4.5142],[117.1029,3.294,7.5284],[117.1013,3.2962,2.3307],[117.0989,3.2923,7.5057],[117.0915,3.2933,9.0116],[117.0885,3.2968,10.6458],[117.0821,3.2971,2.8505],[117.0817,3.3017,8.1678],[117.0793,3.3053,7.4788],[117.0794,3.3068,7.1187],[117.0824,3.3027,9.6463],[117.0827,3.2984,9.6539],[117.0898,3.2973,31.5113],[117.0948,3.2936,7.5639],[117.0985,3.2934,7.5057],[117.1009,3.2976,12.7651],[117.103,3.2953,7.5284],[117.1107,3.2956,5.121],[117.1093,3.2903,5.6626],[117.1151,3.2886,3.2347],[117.1374,3.2733,1.0],[117.1391,3.2734,1.9251],[117.1412,3.277,2.7523],[117.1441,3.2772,11.3093],[117.1506,3.2686,3.3151],[117.1559,3.2648,1.0],[117.1571,3.2612,4.1991],[117.1705,3.2578,2.7329],[117.1818,3.2574,1.375],[117.1904,3.2524,4.7566],[117.1917,3.2531,1.0],[117.1902,3.264,2.9198],[117.1922,3.2621,3.1788],[117.1929,3.2563,1.0],[117.196,3.2543,6.0243],[117.2029,3.2558,2.4935],[117.2243,3.2496,1.0],[117.2326,3.2487,1.0],[117.2433,3.2492,8.692],[117.2551,3.252,0.5],[117.2638,3.2515,0.0],[117.2693,3.2572,3.8014],[117.2705,3.2612,0.6542],[117.2703,3.2653,0.8232],[117.2673,3.2709,1.4029],[117.2694,3.2766,2.2148],[117.2662,3.2802,1.5034],[117.2588,3.2833,2.2448],[117.2609,3.285,3.1484],[117.2578,3.2876,3.6465],[117.2656,3.2876,2.9177],[117.263,3.2837,1.211],[117.2707,3.2776,1.3522],[117.2685,3.2701,0.5829],[117.2722,3.2651,0.8003],[117.2715,3.2611,0.6542],[117.2804,3.2641,1.2091],[117.2811,3.2716,4.2381],[117.2856,3.2743,0.5],[117.2854,3.2763,0.8979],[117.2803,3.2811,0.5],[117.2814,3.2831,2.0431],[117.2869,3.2749,2.4986],[117.2817,3.2711,4.2381],[117.2817,3.2634,3.6951],[117.2722,3.2597,2.8287],[117.2704,3.251,1.6936],[117.2713,3.2435,0.0],[117.2837,3.237,0.0],[117.2875,3.2374,8.1523],[117.2923,3.2404,0.0],[117.306,3.241,1.9317],[117.3092,3.2367,6.3583],[117.3159,3.2137,0.0],[117.32,3.2113,3.5585],[117.3235,3.2124,10.4865],[117.3314,3.2114,2.3676],[117.3361,3.2136,0.0],[117.3356,3.2159,3.0729],[117.3381,3.2201,0.8591],[117.3467,3.2242,3.7669],[117.3511,3.2304,0.5],[117.3497,3.2245,0.5],[117.3513,3.2233,1.0084],[117.3731,3.2272,1.217],[117.3779,3.2296,9.0043],[117.3845,3.2373,2.6403],[117.3961,3.2569,0.0],[117.3889,3.2655,3.1283],[117.3798,3.2676,4.591],[117.3734,3.2619,3.8967],[117.3701,3.254,0.5],[117.3657,3.2512,1.6705],[117.3694,3.2457,2.462],[117.3697,3.2412,6.1873],[117.364,3.2508,2.3248],[117.3601,3.2525,4.1282],[117.3566,3.2519,8.0515],[117.3518,3.2438,6.454],[117.3514,3.2469,5.7042],[117.3534,3.2502,2.0932],[117.3575,3.2535,2.6228],[117.3606,3.2539,0.5],[117.3592,3.262,6.5388],[117.3527,3.2672,0.5],[117.3521,3.2735,0.5],[117.3417,3.2679,1.5263],[117.3416,3.2614,2.4883],[117.3394,3.2608,10.4728],[117.3342,3.2634,3.3254],[117.3405,3.2621,1.3846],[117.3408,3.2682,1.5263],[117.3499,3.2743,6.2977],[117.3533,3.2752,0.8655],[117.355,3.2722,1.0],[117.3607,3.2744,4.336],[117.3626,3.2801,2.4417],[117.3665,3.2816,3.1094],[117.3644,3.2868,3.636],[117.3674,3.2942,1.3059],[117.3596,3.2951,2.5182],[117.3477,3.2932,6.2975],[117.3406,3.2955,0.8212],[117.3371,3.2948,1.0627],[117.3393,3.297,1.6839],[117.3382,3.2983,1.7332],[117.3309,3.2963,0.8035],[117.3374,3.2994,1.1429],[117.3442,3.2982,1.0],[117.3465,3.3048,3.7096],[117.3453,3.2973,1.0],[117.3464,3.2955,2.0078],[117.3539,3.2955,2.8725],[117.359,3.2972,3.97],[117.3692,3.2959,4.159],[117.3711,3.2972,0.5],[117.3732,3.3037,0.5],[117.3723,3.3045,4.9108],[117.376,3.3078,4.0858],[117.382,3.3191,3.9734],[117.3881,3.3228,0.5],[117.3915,3.3425,0.5],[117.3899,3.3453,0.5],[117.3752,3.3546,4.1303],[117.3832,3.3507,0.5],[117.3854,3.3644,4.2473],[117.3879,3.367,3.2428],[117.3898,3.3671,2.7966],[117.3869,3.3644,4.2473],[117.3846,3.3501,0.5],[117.3928,3.3436,0.5],[117.3906,3.353,0.5],[117.394,3.3455,2.9328],[117.3903,3.3237,1.3155],[117.3959,3.3217,0.5],[117.4102,3.3269,0.0],[117.4153,3.3362,0.0],[117.413,3.3422,5.4501],[117.4126,3.3509,6.2876],[117.4142,3.3617,0.0],[117.4127,3.3778,3.4558],[117.4143,3.3868,0.0],[117.4131,3.3913,2.7731],[117.3933,3.4064,7.5244],[117.3742,3.4101,2.2819],[117.3691,3.413,3.5141],[117.3648,3.4208,0.0],[117.3608,3.443,0.0],[117.3556,3.4486,6.8444],[117.3233,3.4508,2.8682],[117.3059,3.4487,3.861],[117.304,3.4464,1.3034],[117.3037,3.4419,1.0148],[117.3127,3.4178,0.0],[117.329,3.4033,0.5628],[117.3319,3.3982,1.5853],[117.3333,3.3908,0.0],[117.3295,3.3661,15.3838],[117.3269,3.36,9.6346],[117.3187,3.3579,2.2794],[117.3077,3.3658,0.7778],[117.3017,3.3668,2.831],[117.2972,3.3645,2.6866],[117.2944,3.3582,0.0],[117.296,3.351,0.0],[117.3036,3.3461,1.4276],[117.3071,3.3416,1.082],[117.3047,3.3319,0.5445],[117.2962,3.321,0.0],[117.3048,3.3114,5.3237],[117.3044,3.3086,6.6939],[117.3016,3.3137,4.2425],[117.2955,3.3169,1.4689],[117.2941,3.3209,3.7788],[117.3033,3.3342,0.0],[117.3052,3.3415,0.0],[117.2938,3.3496,3.9686],[117.2925,3.361,0.0],[117.2967,3.3673,1.9652],[117.3039,3.3689,2.0139],[117.3132,3.3665,0.9333],[117.323,3.3606,1.3671],[117.3288,3.3878,0.625],[117.3287,3.398,2.2954],[117.3236,3.4029,1.9358],[117.3106,3.4091,1.0736],[117.3068,3.4077,3.4516],[117.3031,3.4084,2.6965],[117.3011,3.4106,0.0],[117.2978,3.4229,6.6014],[117.2954,3.4253,8.1094],[117.2898,3.4264,3.1136],[117.285,3.4252,6.7753],[117.2839,3.4234,0.0],[117.285,3.412,2.0416],[117.2785,3.4018,0.7699],[117.283,3.3967,4.7523],[117.2836,3.3932,0.9767],[117.2774,3.3819,3.464],[117.2715,3.3823,3.0887],[117.2704,3.388,0.9792],[117.2679,3.3908,0.0],[117.2638,3.3917,2.9008],[117.2601,3.3894,0.0],[117.2628,3.3926,2.8078],[117.2673,3.3926,1.9207],[117.2717,3.3895,0.0],[117.2723,3.3839,0.7179],[117.2765,3.3832,0.0],[117.2819,3.3946,2.3597],[117.2777,3.3998,2.6777],[117.2772,3.4036,2.1141],[117.2832,3.4119,0.0],[117.2815,3.4223,3.8117],[117.2845,3.4273,2.1399],[117.2889,3.4287,0.0],[117.2973,3.427,1.1574],[117.3015,3.4214,3.2621],[117.304,3.411,1.1761],[117.3078,3.4107,9.5969],[117.3088,3.4147,2.6684],[117.3036,3.4224,0.8102],[117.2974,3.4384,1.7701],[117.2979,3.4457,3.7016],[117.3043,3.4543,5.0971],[117.321,3.4593,3.7712],[117.3225,3.4612,2.0283],[117.3132,3.4659,2.4475],[117.289,3.4633,3.6698],[117.2797,3.4654,3.0106],[117.2751,3.4688,0.0],[117.2534,3.4713,9.7433],[117.2414,3.477,5.5632],[117.224,3.4888,0.0],[117.222,3.4883,5.679],[117.2211,3.4861,5.7803],[117.2225,3.4607,3.0898],[117.2299,3.4415,3.0697],[117.2236,3.4316,2.302],[117.2287,3.4261,2.4514],[117.2292,3.4304,2.7126],[117.2317,3.4339,4.4668],[117.235,3.4344,2.2169],[117.23779999999999,3.432,2.2344],[117.2344,3.4335,6.3551],[117.2312,3.4319,5.3758],[117.2266,3.4179,3.4138],[117.2231,3.4138,0.7927],[117.2206,3.4151,1.7217],[117.2202,3.4199,8.8851],[117.2181,3.4226,3.7797],[117.2145,3.4222,3.5053],[117.2138,3.4144,0.5],[117.213,3.4195,0.5],[117.2148,3.4237,3.5053],[117.2183,3.4242,1.8801],[117.2213,3.4211,7.1222],[117.2224,3.4151,1.7217],[117.2253,3.4184,0.0],[117.2268,3.4237,2.2277],[117.2213,3.4306,0.0],[117.2213,3.4336,0.0],[117.2266,3.4404,0.0],[117.2248,3.4429,1.2704],[117.2172,3.4372,1.1448],[117.2014,3.4341,0.5],[117.1919,3.4291,1.4255],[117.1798,3.4253,23.0889],[117.1768,3.4255,4.6853],[117.1718,3.4293,2.7152],[117.1732,3.414,16.4675],[117.172,3.412,9.4558],[117.1687,3.412,8.2572],[117.1637,3.4172,1.5],[117.1639,3.4123,4.801],[117.1596,3.4045,10.1204],[117.1576,3.3915,2.25],[117.1579,3.4037,6.0988],[117.163,3.4135,4.801],[117.1607,3.4171,1.5],[117.1642,3.4192,3.2667],[117.1677,3.4139,2.9692],[117.1714,3.4134,2.7321],[117.1701,3.4298,1.9385],[117.1732,3.4311,6.7406],[117.1782,3.4268,3.5368],[117.1864,3.4295,0.5],[117.1838,3.4449,5.4065],[117.1789,3.4474,5.073],[117.1654,3.448,2.3264],[117.1539,3.4575,2.1835],[117.1485,3.4597,4.2499],[117.148,3.4481,2.0548],[117.1431,3.4431,6.9904],[117.1385,3.4423,2.8315],[117.1332,3.4501,14.4574],[117.1209,3.455,17.722],[117.1182,3.4623,6.075],[117.1205,3.4661,7.8737],[117.1247,3.4659,8.428],[117.1282,3.4588,9.619],[117.1239,3.4652,1.838],[117.122,3.4654,13.3543],[117.1201,3.4634,10.866],[117.1208,3.4569,3.6612],[117.1353,3.4502,2.9215],[117.1397,3.4434,2.8315],[117.1474,3.4494,3.3588],[117.1457,3.4588,8.8427],[117.1492,3.461,7.0745],[117.155,3.4587,2.6581],[117.1649,3.4495,2.7642],[117.1788,3.4495,2.9491],[117.1844,3.4474,4.3774],[117.1871,3.443,2.6627],[117.1867,3.4324,2.1916],[117.1883,3.4304,0.5],[117.2049,3.4392,2.8007],[117.2211,3.4433,0.0],[117.2132,3.4678,0.0],[117.2144,3.481,0.0],[117.2176,3.4926,6.8462],[117.2109,3.501,2.4597],[117.2069,3.5165,2.1651],[117.1958,3.5277,0.0],[117.1932,3.5365,5.785],[117.1948,3.543,0.0],[117.2086,3.5716,3.3144],[117.227,3.5917,3.2245],[117.2281,3.5964,9.8155],[117.2269,3.6026,2.0754],[117.2204,3.6091,0.0],[117.2001,3.6109,5.7641],[117.1725,3.6195,5.0644],[117.1278,3.6207,2.5618],[117.1013,3.6096,7.4598],[117.0907,3.608,4.3521],[117.0716,3.6111,0.0],[117.0415,3.5933,9.0444],[117.0212,3.5859,4.325],[117.0067,3.5857,2.2386],[116.986,3.5898,0.0],[116.972,3.5896,10.8184],[116.9651,3.5918,13.0504],[116.9573,3.5979,0.0],[116.9532,3.6025,9.6215],[116.9511,3.6086,0.0],[116.9498,3.6174,1.2088],[116.9565,3.6511,15.6034],[116.9573,3.6708,0.0],[116.9537,3.6835,4.7151],[116.9473,3.6909,4.6602],[116.944,3.6914,4.2785],[116.9399,3.6892,0.0],[116.9264,3.6695,9.3594],[116.916,3.6616,5.9581],[116.9168,3.6485,0.0],[116.9191,3.6404,0.0],[116.9244,3.6321,11.6407],[116.9252,3.6253,6.2849],[116.9211,3.6137,4.9917],[116.8982,3.6071,3.5644],[116.8747,3.5933,5.0017],[116.8645,3.5926,0.0],[116.8546,3.5961,1.649],[116.8431,3.604,6.1092],[116.8343,3.6179,17.0477],[116.8309,3.6199,2.1164],[116.8241,3.6151,4.8686],[116.8167,3.606,0.0],[116.8133,3.5959,5.7802],[116.8105,3.573,0.0],[116.8092,3.5707,8.4891],[116.80029999999999,3.565,7.3338],[116.7866,3.5659,3.0413],[116.7757,3.5705,12.9935],[116.7645,3.5892,0.0],[116.7614,3.5879,0.0],[116.7613,3.5897,0.0],[116.7639,3.5962,1.7471],[116.772,3.5898,0.0],[116.7804,3.5765,0.0],[116.7841,3.5734,0.0],[116.7892,3.5701,0.0],[116.7964,3.5685,0.0],[116.8015,3.58,0.8813],[116.803,3.5788,0.6288],[116.8048,3.5827,0.0],[116.8115,3.6169,0.0],[116.8138,3.6225,0.8657],[116.8208,3.6303,0.0],[116.827,3.6327,0.0],[116.8322,3.6328,0.0],[116.84,3.6286,0.0],[116.8461,3.6218,0.7939],[116.8536,3.6083,0.0],[116.8581,3.6039,0.0],[116.8778,3.6063,2.1172],[116.8901,3.6103,0.0],[116.8942,3.613,0.841],[116.8976,3.6187,0.0],[116.8982,3.6331,0.452],[116.9083,3.6723,3.3113],[116.9242,3.6841,0.0],[116.9368,3.6976,1.7568],[116.9482,3.7022,9.2759],[116.9564,3.702,0.0],[116.9644,3.6993,0.0],[116.9731,3.6901,0.0],[116.9724,3.6723,0.0],[116.9768,3.6599,5.0496],[116.9769,3.6495,6.1987],[116.9672,3.6208,0.0],[116.9661,3.6031,0.0],[116.9965,3.5987,0.0],[117.0065,3.5947,0.0],[117.0179,3.5953,0.0],[117.0479,3.6196,0.0],[117.0663,3.631,2.3552],[117.0818,3.6371,14.4705],[117.1203,3.6358,7.2452],[117.1285,3.6367,0.0],[117.1537,3.6442,10.6914],[117.1765,3.6427,6.0183],[117.2063,3.632,0.0],[117.2276,3.628,4.0885],[117.2591,3.6177,5.0489],[117.3209,3.6236,0.0],[117.3802,3.6403,0.0],[117.3937,3.6398,4.1956],[117.4273,3.6251,1.8595],[117.4316,3.6311,0.926],[117.4322,3.6386,3.3879],[117.4344,3.6423,2.7227],[117.4558,3.6346,3.4208],[117.4604,3.6381,2.459],[117.4674,3.6387,1.5642],[117.4734,3.6477,4.6069],[117.476,3.6481,1.6519],[117.4796,3.6461,1.0],[117.4849,3.6364,5.0471],[117.4879,3.6361,2.3516],[117.4943,3.6389,0.75],[117.496,3.6406,1.1511],[117.488,3.6569,2.6986],[117.4884,3.665,3.1047],[117.4901,3.6686,2.3614],[117.4881,3.6721,1.0],[117.4792,3.6746,1.4618],[117.4709,3.6681,2.6078],[117.4668,3.6679,1.0],[117.4617,3.6695,1.0],[117.4554,3.6756,1.0],[117.4463,3.6704,4.1865],[117.4286,3.6716,4.3542],[117.4252,3.6741,1.0],[117.4243,3.678,1.0],[117.4288,3.6864,2.1001],[117.4342,3.6914,1.5537],[117.4374,3.6915,2.6496],[117.4425,3.7011,3.501],[117.4714,3.712,1.25],[117.4877,3.7226,7.8672],[117.4875,3.7242,1.9315],[117.481,3.7265,5.8096],[117.4808,3.7305,5.8655],[117.4825,3.734,3.8232],[117.4813,3.7382,3.5167],[117.4829,3.7391,7.0255],[117.4835,3.745,6.6947],[117.4773,3.7489,1.0],[117.4761,3.7551,1.0],[117.4808,3.7646,5.3068],[117.491,3.7731,5.1653],[117.4947,3.7753,1.0],[117.4995,3.7756,3.0142],[117.4998,3.7681,1.0],[117.5026,3.7663,2.9948],[117.5105,3.7709,6.0867],[117.5074,3.7727,8.0295],[117.5117,3.7725,6.4551],[117.5219,3.7767,3.0397],[117.5258,3.7749,3.1068],[117.5313,3.768,4.1107],[117.5561,3.7852,2.8359],[117.5629,3.7854,1.6688],[117.5719,3.782,0.5],[117.5785,3.7819,0.5],[117.5912,3.7958,3.0797],[117.5966,3.7973,3.029],[117.5996,3.7958,3.5381],[117.6011,3.792,4.2939],[117.5985,3.7801,2.0022],[117.5994,3.7757,2.2325],[117.6089,3.7747,1.5605],[117.6166,3.7776,1.176],[117.6198,3.7806,2.0722],[117.6304,3.7808,2.1113],[117.6394,3.7782,1.1016],[117.6469,3.7727,2.3396],[117.651,3.7717,0.0],[117.6565,3.784,1.7199],[117.6624,3.7878,4.7941],[117.6668,3.7874,3.8486],[117.6781,3.7819,2.4861],[117.6802,3.7858,8.091],[117.6797,3.7938,5.8223],[117.6833,3.7982,6.556],[117.6846,3.7967,4.75],[117.6836,3.7943,3.2018],[117.6861,3.793,5.8703],[117.6886,3.7948,4.934],[117.6891,3.791,4.2604],[117.6951,3.7907,2.4741],[117.6986,3.7925,1.5549],[117.6982,3.7952,2.6379],[117.6919,3.7932,5.5777],[117.6911,3.7958,5.3091],[117.6945,3.7994,0.8538],[117.6884,3.7993,4.1812],[117.6853,3.8029,7.4813],[117.6854,3.8054,2.9778],[117.6925,3.8075,2.6281],[117.695,3.8141,1.1297],[117.7066,3.8155,3.8884],[117.7099,3.8206,4.5099],[117.7156,3.8179,2.2375],[117.7197,3.8196,2.7408],[117.7203,3.8184,1.626],[117.726,3.8188,5.1657],[117.7306,3.815,4.6282],[117.7318,3.8155,0.0],[117.7336,3.8367,3.7334],[117.7228,3.8409,0.0],[117.7177,3.8398,4.6945],[117.7205,3.8431,0.0],[117.7078,3.8568,4.8299],[117.6934,3.8673,5.4331],[117.6742,3.8775,0.0],[117.6649,3.8785,8.5508],[117.6471,3.8752,12.286],[117.6199,3.8736,7.6541],[117.6031,3.8752,7.3358],[117.5927,3.8784,5.5377],[117.5826,3.8849,0.0],[117.5647,3.9105,0.5],[117.559,3.9148,4.0479],[117.5449,3.9209,3.2922],[117.5332,3.9245,4.6096],[117.5258,3.9246,7.6112],[117.5061,3.9144,2.8145],[117.4954,3.913,5.9204],[117.4894,3.9143,0.5],[117.4781,3.9213,0.5],[117.4647,3.9257,2.1361],[117.4574,3.9299,0.5],[117.4565,3.9407,9.2889],[117.4628,3.9516,6.9616],[117.4643,3.9569,10.053],[117.4637,3.9623,0.5],[117.4607,3.9684,8.5013],[117.4562,3.9706,0.5],[117.4571,3.9749,6.6797],[117.4549,3.9863,13.2218],[117.4513,3.9897,0.5],[117.4471,3.9885,2.8811],[117.4474,3.9956,3.3316],[117.4393,4.0039,4.7699],[117.4382,4.0138,19.9286],[117.4411,4.0172,1.7181],[117.4492,4.0347,0.5],[117.4669,4.0517,2.5092],[117.4677,4.0613,0.0],[117.4738,4.0718,3.8132],[117.4717,4.0757,2.0238],[117.4723,4.0791,11.5906],[117.4667,4.0835,4.7041],[117.4347,4.093,0.0],[117.4248,4.0946,3.7518],[117.4203,4.0995,0.0],[117.4172,4.1088,8.666],[117.4175,4.1131,11.5042],[117.4235,4.1206,0.0],[117.4343,4.1269,0.0],[117.4433,4.1283,7.9022],[117.4812,4.1113,1.1735],[117.4861,4.1108,5.466],[117.4915,4.1127,2.3639],[117.4989,4.1073,5.5088],[117.5218,4.1014,1.3337],[117.5381,4.1299,0.0],[117.5471,4.1414,4.1521],[117.5499,4.1443,6.9605],[117.5703,4.1518,0.9649],[117.5887,4.1623,3.3706],[117.5922,4.1666,0.0],[117.593,4.1703,0.0],[117.5889,4.1742,0.0],[117.5784,4.179,0.8922],[117.5685,4.1789,0.0],[117.5625,4.1765,4.2885],[117.5534,4.1685,2.9205],[117.5473,4.1669,3.8618],[117.5473,4.1624,2.7322],[117.5468,4.1638,4.5242],[117.5411,4.159,7.9373],[117.534,4.1581,5.5246],[117.5309,4.1583,4.2732],[117.5265,4.1622,14.6329],[117.5093,4.1699,75.0462],[117.5032,4.1704,101.3405],[117.4998,4.1688,119.0633],[117.4983,4.1717,81.1935],[117.4938,4.171,75.5178],[117.4901,4.1744,104.9455],[117.4867,4.1731,119.632],[117.4836,4.1681,63.7975],[117.4806,4.1699,79.9431],[117.4791,4.1685,37.3611],[117.4723,4.1726,57.7511],[117.466,4.1742,58.6428],[117.462,4.1782,48.2288],[117.4594,4.1777,51.1028],[117.4578,4.1818,55.047],[117.4506,4.1881,60.596],[117.4495,4.1907,83.4492],[117.4467,4.1894,64.0462],[117.4434,4.1909,62.0907],[117.4412,4.1952,69.1799],[117.4422,4.2014,73.1153],[117.4375,4.2075,79.2945],[117.4339,4.2082,60.141],[117.4288,4.2123,82.0352],[117.4277,4.2178,81.0876],[117.4245,4.2219,73.5701],[117.4298,4.2255,80.3476],[117.4297,4.2297,104.3537],[117.4242,4.233,145.4975],[117.423,4.2358,148.209],[117.4201,4.2341,141.1677],[117.4114,4.2381,82.9157],[117.41,4.2418,120.9313],[117.4126,4.2459,183.7751],[117.4123,4.25,191.2583],[117.3959,4.2585,146.8174],[117.3888,4.2572,233.2019],[117.3836,4.2606,146.173],[117.3812,4.2659,168.6798],[117.3759,4.2687,128.5837],[117.3737,4.2724,158.1779],[117.3726,4.2844,203.3511],[117.3709,4.286,213.60059999999999],[117.3644,4.2854,195.3348],[117.3622,4.2871,213.47],[117.3486,4.2889,164.9723],[117.3455,4.2914,166.7996],[117.3436,4.289,138.4871],[117.3389,4.2938,158.2797],[117.333,4.2959,115.0564],[117.3211,4.3037,180.2105],[117.3193,4.3036,180.2105],[117.316,4.2994,169.6947],[117.3115,4.3005,198.4243],[117.3093,4.3029,223.7564],[117.3092,4.3074,206.3665],[117.3063,4.3103,182.7148],[117.2959,4.3095,125.1048],[117.2911,4.3134,166.6047],[117.286,4.3221,210.9633],[117.2855,4.3326,329.0848],[117.2741,4.3414,346.4823],[117.2736,4.3452,284.4222],[117.2702,4.3474,368.9182],[117.2689,4.3515,358.2294],[117.2625,4.3583,206.546],[117.2572,4.3592,234.213],[117.2499,4.3641,283.0594],[117.2499,4.3708,378.6716],[117.248,4.3725,382.9828],[117.2287,4.3623,334.0013],[117.2174,4.3585,404.3415],[117.2157,4.3548,378.2467],[117.2133,4.3543,368.2409],[117.2126,4.3526,347.8354],[117.2129,4.3441,401.7756],[117.2031,4.3359,607.6423],[117.1982,4.3355,617.282],[117.1901,4.3383,598.9631],[117.1773,4.3357,559.0457],[117.1704,4.3366,418.8738],[117.1646,4.3433,349.5276],[117.1666,4.3458,388.4141],[117.1612,4.3462,354.3524],[117.1614,4.3483,370.5833],[117.1586,4.3502,329.4455],[117.1583,4.3529,330.5264],[117.1507,4.3535,312.7217],[117.147,4.351,298.7999],[117.1433,4.351,322.0698],[117.1443,4.3461,337.3102],[117.1425,4.3435,417.3511],[117.1325,4.3444,397.398],[117.1301,4.3425,410.6537],[117.1197,4.34,477.0846],[117.1155,4.3351,522.9219],[117.1068,4.3331,556.2011],[117.0945,4.3357,597.4141],[117.0852,4.3334,552.8199],[117.0446,4.3437,515.5204],[117.0374,4.3413,539.0234],[117.0328,4.3374,566.9327],[117.0248,4.3203,626.8305],[117.0182,4.3167,656.3401],[117.012,4.3188,776.7892],[117.0102,4.3209,852.4573],[117.0062,4.3213,853.655],[117.0066,4.3321,804.6107],[117.0046,4.3363,756.0096],[117.0,4.3396,691.4421],[116.9766,4.3374,932.5504],[116.9615,4.3379,1129.3711],[116.9553,4.3411,1109.3887],[116.9451,4.3533,1282.4967],[116.9247,4.3548,1193.5266],[116.9105,4.3642,1080.4548],[116.9005,4.3612,836.2035],[116.8896,4.3509,627.7065],[116.8683,4.3355,611.2894],[116.8531,4.3327,540.6893],[116.8475,4.3305,626.0863],[116.8434,4.3262,717.2512],[116.8291,4.3264,366.895],[116.8163,4.3394,539.5832],[116.8082,4.3438,787.8629],[116.7942,4.3374,970.6366],[116.7896,4.3374,985.4259],[116.7863,4.3396,1006.87],[116.7785,4.3531,804.5625],[116.7677,4.3667,889.5881],[116.7543,4.3792,1053.6118],[116.749,4.3819,1187.7545],[116.7436,4.3804,1272.6704],[116.7396,4.366,1181.8081],[116.7353,4.3602,1170.2056],[116.7324,4.352,1093.8105],[116.7276,4.3485,834.0076],[116.7183,4.3458,633.1133],[116.7098,4.3412,469.9008],[116.7055,4.3332,354.2303],[116.7027,4.3324,282.0569],[116.6981,4.3365,369.8574],[116.6817,4.3377,618.0927],[116.6681,4.3456,751.6738],[116.6642,4.3459,669.3329],[116.6572,4.3409,713.1409],[116.6568,4.339,742.9553],[116.6496,4.3354,706.2068],[116.6242,4.3313,723.2388],[116.6182,4.3339,867.1631],[116.616,4.3377,790.5794],[116.6127,4.3595,534.914],[116.6101,4.366,589.166],[116.6042,4.3715,582.4537],[116.5988,4.372,615.8162],[116.5989,4.3743,635.8481],[116.5887,4.3731,581.0873],[116.5823,4.3771,562.4111],[116.5685,4.4033,617.6288],[116.5656,4.403,687.4659],[116.5639,4.3998,675.2164],[116.5636,4.3905,727.275],[116.5412,4.3761,895.7841],[116.5346,4.3667,798.5411],[116.5302,4.349,1040.6199],[116.531,4.3451,1016.3658],[116.5385,4.3379,1131.2583],[116.5398,4.3343,1149.6816],[116.5391,4.3265,1189.3292],[116.5359,4.3212,1249.3962],[116.5308,4.3233,1069.6268],[116.5141,4.3208,507.6215],[116.5046,4.3217,479.4314],[116.4912,4.3325,840.1408],[116.4886,4.3323,886.5173],[116.4863,4.3295,885.4952],[116.4884,4.3208,771.0398],[116.4825,4.316,858.1205],[116.483,4.3092,850.4724],[116.4794,4.3034,813.6089],[116.4706,4.3,683.3804],[116.4629,4.2943,786.5419],[116.4597,4.2946,814.4662],[116.4582,4.2964,824.718],[116.4519,4.2954,815.6699],[116.4493,4.2905,807.8824],[116.4433,4.2882,729.2654],[116.4392,4.289,771.7973],[116.4338,4.2972,420.8159],[116.4317,4.3209,209.0968],[116.4283,4.3275,194.9246],[116.4188,4.3267,615.9113],[116.4194,4.3295,564.3335],[116.4175,4.3342,525.8351],[116.4076,4.3443,554.147],[116.4008,4.3563,488.0132],[116.3908,4.3585,475.8193],[116.3914,4.3605,535.173],[116.3889,4.3587,518.7414],[116.3842,4.3601,526.085],[116.382,4.3628,592.6462],[116.3818,4.3687,640.0535],[116.3789,4.3758,663.6288],[116.368,4.378,842.1362],[116.358,4.3833,769.9274],[116.3526,4.3847,665.3062],[116.3435,4.384,700.5283],[116.3091,4.3687,743.8387],[116.3051,4.3685,892.5842],[116.2933,4.372,864.0653],[116.2798,4.3597,979.6566],[116.2775,4.3615,986.2545],[116.2621,4.3614,840.5555],[116.254,4.3755,865.3344],[116.2342,4.377,590.9121],[116.218,4.3815,457.8871],[116.2118,4.38,566.2329],[116.2046,4.3739,779.8359],[116.2011,4.3732,778.9171],[116.1984,4.3774,825.8242],[116.1871,4.3809,592.3571],[116.1797,4.3806,620.2299],[116.1702,4.3843,885.612],[116.1661,4.3815,794.6293],[116.1641,4.3771,772.5339],[116.1623,4.3563,519.2719],[116.1561,4.3402,333.1371],[116.143,4.3391,458.181],[116.1325,4.33,680.9327],[116.1287,4.33,692.5978],[116.119,4.3341,976.5076],[116.116,4.3328,972.6934],[116.1045,4.3169,841.1561],[116.0844,4.2766,1140.7637],[116.0793,4.2712,1071.4979],[116.0756,4.2708,1123.657],[116.0704,4.2721,1013.3338],[116.0589,4.2813,1317.8455],[116.0342,4.295,1382.4741],[116.0316,4.3,1372.3315],[116.0334,4.3187,1293.9561],[116.0307,4.3222,1292.5282],[116.031,4.3286,1375.2155],[116.0276,4.3319,1346.7416],[116.0193,4.3331,1232.4486],[116.014,4.336,1191.1328],[116.0073,4.335,1206.5549],[116.0037,4.3433,1208.8258],[115.9999,4.3478,1106.5588],[115.9645,4.3536,1745.8297],[115.9301,4.3536,1731.9346],[115.9219,4.3617,1661.918],[115.9201,4.3671,1607.3296],[115.9151,4.371,1671.1185],[115.9152,4.3774,1621.0762],[115.9099,4.3882,1593.6361],[115.9028,4.3905,1655.1835],[115.8887,4.3899,1777.6418],[115.8825,4.3869,1677.9275],[115.8794,4.3825,1666.3616],[115.8698,4.3197,1540.0808],[115.8773,4.3033,1743.2461],[115.8785,4.2951,1784.2968],[115.874,4.2901,1738.3972],[115.8708,4.2892,1739.8018],[115.8695,4.2852,1669.0895],[115.8636,4.2854,1679.3265],[115.8595,4.2794,1588.2383],[115.8512,4.2805,1652.385],[115.8491,4.2785,1663.5159],[115.8492,4.2731,1659.3922],[115.8388,4.2668,1502.4226],[115.8431,4.2652,1488.3389],[115.8369,4.2615,1372.3545],[115.8345,4.2579,1370.1431],[115.833,4.2381,1494.3849],[115.8287,4.2283,1433.3596],[115.818,4.2219,1487.5726],[115.8106,4.2218,1546.1617],[115.806,4.2237,1748.4139],[115.8016,4.2198,1770.9375],[115.7981,4.2264,1651.7605],[115.7957,4.2376,1662.7488],[115.791,4.2381,1568.2828],[115.7885,4.2407,1491.7881],[115.7738,4.243,1390.432],[115.7691,4.2347,1466.9297],[115.7648,4.2406,1540.7662],[115.7636,4.2335,1549.715],[115.7592,4.2289,1594.7249],[115.7589,4.2241,1645.968],[115.7569,4.2227,1638.3241],[115.7565,4.2178,1595.2028],[115.751,4.2112,1638.6356],[115.7434,4.2097,1623.7422],[115.7395,4.2072,1473.0089],[115.7323,4.1924,1377.7833],[115.7269,4.1886,1466.7722],[115.7187,4.1938,1509.4159],[115.7085,4.1933,1677.0071],[115.7062,4.1908,1598.8708],[115.6881,4.1532,1530.6582],[115.6842,4.1259,1605.2212],[115.6901,4.1245,1397.0403],[115.6819,4.0707,1697.4546],[115.6685,4.0677,1622.8142],[115.6656,4.0642,1583.496],[115.6665,4.0628,1566.9207],[115.6636,4.0592,1584.2034],[115.6611,4.052,1531.7367],[115.6584,4.038,1587.6484],[115.6534,4.0336,1526.1388],[115.6624,4.0344,1512.1232],[115.6713,4.0321,1491.2056],[115.6562,3.9876,1305.504],[115.6399,3.9609,1445.2361],[115.631,3.9544,1272.6433],[115.626,3.9445,1175.5002],[115.6207,3.9415,1092.5096],[115.6177,3.9373,1129.708],[115.6101,3.9394,1273.0282],[115.5982,3.939,1258.2339],[115.5895,3.9429,1454.9471],[115.5836,3.9392,1652.3889],[115.5798,3.9402,1772.5171],[115.5714,3.9267,1762.2479],[115.5875,3.906,1272.2672],[115.6074,3.8944,1100.3076],[115.6259,3.8799,1066.5137],[115.6282,3.8644,1107.0492],[115.6227,3.8402,1255.2145],[115.6179,3.8305,1245.2683],[115.6143,3.83,1320.1807],[115.6126,3.8232,1373.5597],[115.6066,3.8154,1464.8013],[115.6027,3.8002,1414.5315],[115.5946,3.7913,1422.969],[115.5931,3.7851,1434.0432],[115.5895,3.7824,1411.6443],[115.5882,3.778,1380.5289],[115.5882,3.7758,1368.8641],[115.592,3.7712,1315.34],[115.5917,3.7685,1340.3568],[115.5868,3.7633,1449.6389],[115.5916,3.7608,1392.8729],[115.5827,3.7224,1535.4189],[115.5823,3.6961,1276.9894],[115.5715,3.6814,1599.5933],[115.5738,3.6702,1606.1173],[115.5719,3.6578,1593.9753],[115.5809,3.663,1582.5652],[115.5848,3.6285,1325.7313],[115.59,3.6034,1235.6108],[115.5933,3.5945,1272.5928],[115.5995,3.5899,1320.934],[115.6117,3.5757,1288.5153],[115.6156,3.5515,1362.6666],[115.6142,3.542,1514.6332],[115.6161,3.5224,1370.229],[115.6193,3.5102,1526.1779],[115.6425,3.4776,1360.7306],[115.6345,3.4746,1624.9235],[115.6339,3.4645,1648.9872],[115.6374,3.4622,1626.7983],[115.6414,3.4512,1639.1443],[115.6509,3.4481,1642.4934],[115.6531,3.4432,1646.8357],[115.657,3.4394,1653.8502],[115.6541,3.4369,1657.3857],[115.6489,3.4366,1730.9546],[115.6497,3.4288,1654.0576],[115.6451,3.4245,1622.0405],[115.6413,3.4245,1689.8176],[115.6412,3.4203,1675.0747],[115.6393,3.4175,1678.2341],[115.6237,3.4087,1750.7759],[115.6215,3.4115,1773.5197],[115.6216,3.4178,1818.8273],[115.6178,3.4205,1766.1528],[115.6138,3.4285,1821.6316],[115.6153,3.4344,1861.7333],[115.6097,3.447,1976.062],[115.604,3.4473,1974.3],[115.6009,3.4429,2022.6924],[115.5974,3.4426,2005.8392],[115.5934,3.4483,2020.842],[115.5873,3.4493,2070.0801],[115.5791,3.4279,1730.5487],[115.5787,3.4193,1644.5613],[115.5726,3.4155,1719.8975],[115.5711,3.409,1659.7332],[115.5639,3.4047,1777.9331],[115.5624,3.4007,1831.4673],[115.5638,3.3976,1822.0308],[115.5607,3.3943,1846.3359],[115.5561,3.3933,1923.8177],[115.5558,3.3916,1902.8164],[115.5587,3.389,1871.4214],[115.5584,3.3852,1864.7866],[115.549,3.3753,1869.8291],[115.5459,3.3682,1778.0996],[115.5433,3.3582,1843.4156],[115.5455,3.3531,1835.0825],[115.5443,3.3491,1906.702],[115.5462,3.3466,1853.488],[115.5443,3.342,1801.5203],[115.5479,3.335,1685.79],[115.5477,3.3281,1733.4596],[115.5441,3.3283,1760.239],[115.5424,3.3268,1735.0402],[115.54,3.32,1694.2172],[115.5371,3.3195,1630.921],[115.5365,3.3163,1615.8386],[115.5382,3.2983,1499.4828],[115.5363,3.2916,1604.7693],[115.5363,3.2684,1432.7432],[115.5393,3.2519,1284.2355],[115.5373,3.2359,1522.7571],[115.5338,3.2298,1654.4226],[115.5338,3.2261,1671.5879],[115.526,3.2248,1660.2429],[115.5198,3.2259,1694.4353],[115.5155,3.2227,1653.2588],[115.5189,3.2136,1660.7053],[115.5173,3.2027,1697.427],[115.5214,3.1893,1685.2004],[115.5309,3.182,1568.4485],[115.5344,3.1836,1589.0857],[115.539,3.1809,1552.6256],[115.5426,3.1818,1554.9341],[115.5519,3.1732,1518.6465],[115.5556,3.1711,1491.4923],[115.5595,3.1716,1412.277],[115.5642,3.1614,1460.9846],[115.5609,3.1553,1418.8215],[115.562,3.1515,1414.6162],[115.5555,3.1489,1470.7924],[115.5499,3.1409,1392.5558],[115.5434,3.1414,1350.1047],[115.5296,3.1294,1259.505],[115.5293,3.1234,1292.2292],[115.5266,3.117,1382.1036],[115.5217,3.1151,1370.5016],[115.5207,3.1102,1222.7656],[115.5235,3.0908,1121.6958],[115.5217,3.0651,1397.6021],[115.5136,3.0501,1482.6755],[115.5073,3.0451,1605.7103],[115.5057,3.0405,1643.2396],[115.5012,3.0392,1628.8923],[115.4982,3.0294,1787.1328],[115.495,3.0293,1785.0664],[115.489,3.0244,1768.8123],[115.486,3.0182,1865.6531],[115.4691,3.0215,1533.4563],[115.4683,3.0249,1510.8606],[115.4581,3.0258,1614.5178],[115.4532,3.0279,1745.9602],[115.4495,3.0242,1788.1021],[115.4404,3.024,1834.6086],[115.4378,3.0141,1925.937],[115.4333,3.0135,1897.6592],[115.4265,3.0157,1809.1655],[115.422,3.0069,1629.8456],[115.4181,3.0031,1801.7125],[115.4178,2.9994,1845.7318],[115.4073,2.9914,1878.2183],[115.4064,2.9882,1843.5809],[115.4034,2.988,1777.4154],[115.4024,2.9842,1803.3073],[115.3936,2.9796,1548.2065],[115.3817,2.9823,1709.5688],[115.3772,2.9864,1685.9834],[115.3722,2.9808,1802.4001],[115.3651,2.983,1687.2596],[115.3499,2.9814,1832.3645],[115.3462,2.9765,1877.4446],[115.3399,2.9781,1828.6333],[115.3317,2.9752,1851.2715],[115.3245,2.9812,1903.1155],[115.3254,2.9875,1814.3337],[115.3241,2.9889,1831.7761],[115.3262,2.994,1821.8414],[115.3229,2.9986,1903.0656],[115.3168,3.0173,1500.4438],[115.3085,3.0247,1386.1823],[115.3023,3.0271,1333.8405],[115.297,3.0326,1440.9529],[115.2884,3.0354,1491.2698],[115.2793,3.0055,1541.375],[115.2553,2.9793,1279.0991],[115.2489,2.9754,1343.457],[115.2503,2.9742,1307.1982],[115.25,2.966,1235.6765],[115.2382,2.9633,1237.2666],[115.238,2.9614,1247.8882],[115.2352,2.9597,1254.5986],[115.2278,2.9598,1246.5891],[115.2212,2.962,1250.8284],[115.2127,2.9586,1292.5154],[115.202,2.9438,1299.2384],[115.1947,2.9399,1397.7751],[115.1895,2.9337,1523.3077],[115.1828,2.9313,1476.0359],[115.1751,2.9312,1548.7595],[115.1668,2.8773,1344.944],[115.1599,2.8674,1606.4236],[115.1473,2.854,1519.3636],[115.126,2.8424,1757.2274],[115.1112,2.8258,1591.7422],[115.0996,2.8252,1650.5925],[115.0934,2.8211,1823.2522],[115.0969,2.818,1709.4231],[115.103,2.8175,1625.0457],[115.1142,2.8092,1507.9255],[115.1175,2.8083,1556.6743],[115.12,2.805,1508.1149],[115.1294,2.8021,1265.2297],[115.1346,2.8062,1303.103],[115.1419,2.8057,1226.4957],[115.1546,2.7932,1553.7319],[115.1552,2.7907,1577.8523],[115.1552,2.7888,1637.6603],[115.1519,2.7874,1647.9344],[115.1472,2.783,1573.9709],[115.147,2.7806,1520.0652],[115.1409,2.7758,1562.6049],[115.1405,2.7623,1471.9857],[115.1443,2.7548,1393.8474],[115.1405,2.7475,1401.6671],[115.1204,2.7291,1405.3591],[115.1075,2.7229,1491.1493],[115.1066,2.7081,1334.9194],[115.1086,2.6989,1314.7314],[115.1113,2.6957,1484.9497],[115.1189,2.6932,1420.2019],[115.1208,2.69,1460.4417],[115.1159,2.6793,1337.7515],[115.1204,2.6664,1190.6614],[115.1199,2.6567,1355.1365],[115.1212,2.6522,1457.9639],[115.1209,2.6509,1504.1907],[115.1179,2.6509,1473.4293],[115.1125,2.6351,1395.6556],[115.106,2.6308,1373.0496],[115.1004,2.6239,1324.7632],[115.0968,2.6234,1339.0168],[115.0961,2.6189,1305.7676],[115.0977,2.6127,1341.0205],[115.1095,2.6014,1466.4375],[115.1143,2.5895,1387.1052],[115.1171,2.5886,1430.1185],[115.1333,2.5899,1537.1958],[115.1386,2.5944,1511.0857],[115.1432,2.6012,1458.3417],[115.1522,2.6081,1570.0337],[115.1578,2.6063,1548.1104],[115.1704,2.6133,1792.0507],[115.172,2.61,1775.4176],[115.1772,2.6106,1683.4449],[115.1821,2.5979,1578.0017],[115.1929,2.5922,1403.9052],[115.1958,2.5816,1261.5819],[115.2007,2.5794,1227.3323],[115.2055,2.5737,1330.6001],[115.2122,2.5736,1275.0991],[115.211,2.5689,1229.04],[115.2149,2.5679,1169.6649],[115.2186,2.5597,1129.4004],[115.2157,2.5528,1128.8835],[115.2218,2.5466,1041.1921],[115.2236,2.5426,1032.4357],[115.2358,2.536,1160.468],[115.2483,2.5416,1310.7981],[115.2578,2.5404,1078.8032],[115.2581,2.5304,1269.5645],[115.2515,2.5236,1214.2444],[115.2471,2.5111,1213.9346],[115.2487,2.5076,1224.6051],[115.2435,2.5034,1162.7054],[115.2421,2.4986,1208.5077],[115.2372,2.4957,1226.998],[115.235,2.4925,1242.3143],[115.2304,2.4921,1185.1582],[115.2259,2.4862,1297.7974],[115.2098,2.479,1220.1497],[115.2055,2.4719,1219.8068],[115.2017,2.473,1098.3865],[115.1893,2.4828,1254.4226],[115.1836,2.4794,1284.2642],[115.1761,2.481,1391.48],[115.1621,2.4768,1322.5496],[115.1515,2.4772,1307.6038],[115.1445,2.4759,1340.4532],[115.1407,2.471,1320.2479],[115.1354,2.4682,1345.632],[115.1307,2.4563,1468.0731],[115.1245,2.4542,1472.8513],[115.1205,2.4572,1456.9528],[115.1182,2.4568,1487.6909],[115.1163,2.4538,1499.5488],[115.1161,2.447,1422.2229],[115.1129,2.4424,1473.637],[115.1082,2.441,1487.1482],[115.1079,2.4381,1438.1079],[115.103,2.4332,1430.7949],[115.1028,2.4288,1368.9375],[115.0987,2.4246,1322.4481],[115.1009,2.416,1393.6826],[115.0992,2.4132,1417.9016],[115.1013,2.4095,1497.8335],[115.1008,2.4061,1459.9504],[115.0982,2.4029,1443.895],[115.0907,2.4019,1405.0615],[115.0834,2.4053,1399.5765],[115.069,2.4062,1305.5051],[115.0675,2.4049,1355.7616],[115.0601,2.4074,1367.9137],[115.0504,2.4043,1380.1854],[115.0485,2.393,1386.6897],[115.0537,2.3871,1392.4025],[115.0531,2.3855,1473.3411],[115.0497,2.3848,1414.6416],[115.0467,2.3878,1412.6111],[115.0443,2.387,1401.8325],[115.0374,2.389,1391.4266],[115.0349,2.3806,1304.1821],[115.0292,2.3777,1282.2751],[115.0284,2.3714,1345.0012],[115.0249,2.3645,1397.2769],[115.0214,2.3625,1342.126],[115.015,2.3651,1402.0808],[115.0111,2.3631,1483.8912],[115.007,2.3641,1340.5997],[115.0055,2.3631,1397.8865],[115.0053,2.358,1517.8374],[115.0009,2.3541,1386.4958],[115.0002,2.3505,1449.2263],[114.9972,2.349,1421.4061],[114.99,2.3498,1490.8801],[114.9788,2.3604,1413.2842],[114.9756,2.3612,1466.2306],[114.9746,2.3668,1414.2285],[114.9689,2.3678,1440.1934],[114.9656,2.365,1491.8801],[114.9629,2.3654,1473.2686],[114.9608,2.3586,1444.6238],[114.957,2.3567,1391.4877],[114.9573,2.3528,1367.8564],[114.9536,2.3489,1387.7638],[114.9519,2.3329,1434.3826],[114.9481,2.3241,1226.9978],[114.9502,2.3101,1136.51],[114.9584,2.3056,1074.9341],[114.9613,2.3002,1071.3325],[114.9664,2.2957,1028.4492],[114.9653,2.2868,1092.6162],[114.9586,2.281,1353.9749],[114.9529,2.279,1295.2218],[114.9476,2.2815,1392.2092],[114.9381,2.2801,1408.8081],[114.9295,2.2675,1401.4816],[114.9204,2.2601,1483.7386],[114.9172,2.2553,1412.4104],[114.9131,2.2536,1434.6147],[114.9076,2.2533,1445.8115],[114.9054,2.2576,1454.3457],[114.8816,2.2603,1343.8572],[114.8602,2.2576,1276.6211],[114.8548,2.2535,1267.3407],[114.8473,2.253,1351.9084],[114.8275,2.2451,1387.5593],[114.8252,2.245,1392.093],[114.8236,2.2488,1240.4945],[114.8205,2.2502,1174.0587],[114.7998,2.2504,1295.0999],[114.7965,2.2473,1311.1661],[114.7997,2.2355,1229.2544],[114.7882,2.2254,1087.1536],[114.7845,2.2006,1255.6276],[114.7796,2.2,1419.4285],[114.771,2.1954,1650.9098],[114.7683,2.1972,1680.6794],[114.7631,2.1971,1640.4736],[114.7575,2.195,1811.4077],[114.7496,2.195,1861.3538],[114.7392,2.1911,1852.0029],[114.738,2.1857,1657.2474],[114.7411,2.1814,1404.1154],[114.7387,2.1764,1218.8043],[114.7394,2.1698,1408.9387],[114.735,2.1646,1274.226],[114.7338,2.1605,1235.1489],[114.7351,2.1539,1228.8098],[114.7325,2.1517,1170.0797],[114.7319,2.1483,1180.6022],[114.7359,2.1427,1209.9525],[114.7365,2.1338,1162.4907],[114.7413,2.1342,1376.795],[114.7582,2.1427,1416.9445],[114.7933,2.146,1283.3876],[114.7969,2.1436,1238.4512],[114.8028,2.1349,1077.0522],[114.8097,2.1351,1108.0735],[114.8186,2.1277,1324.1116],[114.8197,2.1179,1070.6346],[114.8157,2.1074,1024.0682],[114.8114,2.1021,993.0129],[114.8104,2.0981,1019.7328],[114.8053,2.0958,988.6531],[114.7973,2.0878,972.4511],[114.8014,2.0791,976.0339],[114.8043,2.0781,989.2506],[114.8067,2.0747,984.2007],[114.8098,2.064,1056.6487],[114.8068,2.0619,1177.8906],[114.7907,2.0584,1275.3386],[114.7945,2.0562,1155.8778],[114.7947,2.0496,974.237],[114.7962,2.0483,931.6995],[114.7953,2.0442,837.7127],[114.8015,2.0415,936.0168],[114.8017,2.0368,865.0227],[114.8051,2.0356,935.2885],[114.8078,2.0241,1100.7498],[114.8141,2.0231,1239.1542],[114.8131,2.0258,1148.5345],[114.8153,2.0272,1079.7299],[114.8267,2.0278,1160.4878],[114.8384,2.0358,1023.5951],[114.8564,2.0437,1167.6924],[114.8592,2.0437,1211.9731],[114.8631,2.0399,1265.7051],[114.8657,2.04,1277.6556],[114.8658,2.0351,1284.2614],[114.8697,2.0327,1437.9668],[114.8769,2.0327,1393.0703],[114.8869,2.0244,1303.3027],[114.8859,2.02,1377.9966],[114.8741,2.0156,1169.2437],[114.8729,2.0138,1245.2769],[114.8737,1.9954,821.7308],[114.8688,1.9844,745.4041],[114.863,1.9827,745.5348],[114.8585,1.9755,791.5583],[114.8552,1.9741,773.8326],[114.8527,1.966,700.8841],[114.8541,1.9479,836.0699],[114.8776,1.9265,775.6375],[114.8826,1.9158,762.364],[114.8782,1.9121,765.2909],[114.8706,1.9101,778.4833],[114.8673,1.9015,873.1224],[114.8637,1.8993,871.8571],[114.8607,1.9007,836.4583],[114.8556,1.8948,920.5892],[114.8409,1.8932,899.9902],[114.8314,1.8957,920.7103],[114.8194,1.8923,894.696],[114.8179,1.8782,851.481],[114.8127,1.8768,865.2191],[114.8061,1.8721,786.1713],[114.804,1.8658,903.387],[114.7987,1.861,985.2206],[114.7992,1.8521,889.537],[114.7921,1.8465,898.7139],[114.7851,1.8484,954.7186],[114.7838,1.8504,966.2727],[114.7797,1.849,961.1754],[114.7777,1.8507,938.9152],[114.7711,1.85,1019.7174],[114.7681,1.8569,983.6715],[114.7592,1.8604,1020.045],[114.7581,1.8635,991.5887],[114.7519,1.867,1049.5662],[114.7463,1.8684,996.0441],[114.7357,1.8653,1054.2053],[114.7341,1.8604,1058.8632],[114.732,1.8587,1085.6942],[114.7223,1.8568,1085.7977],[114.723,1.8519,1021.8848],[114.727,1.8447,1050.9576],[114.7279,1.8338,799.522],[114.7204,1.8285,893.2543],[114.7181,1.824,851.5126],[114.7149,1.8247,833.2128],[114.711,1.8187,905.1713],[114.7059,1.8198,889.5464],[114.7026,1.8144,763.8677],[114.7027,1.811,863.7125],[114.6977,1.8091,834.6102],[114.7005,1.8043,828.2529],[114.7085,1.7974,925.9368],[114.709,1.7928,964.8656],[114.7151,1.7841,996.3964],[114.7145,1.7715,993.2141],[114.7086,1.7637,1006.9485],[114.7087,1.758,1015.0268],[114.711,1.7501,1007.2783],[114.7103,1.7373,921.5682],[114.7127,1.7327,1005.3007],[114.7175,1.7297,1032.8572],[114.7189,1.7173,1043.2125],[114.7177,1.7133,1034.1968],[114.7115,1.7066,1105.7682],[114.7139,1.6882,1230.7804],[114.7126,1.6726,1421.6353],[114.7137,1.6702,1470.5525],[114.7112,1.6638,1532.3374],[114.7083,1.6444,1751.8582],[114.7087,1.638,1816.4194],[114.6917,1.6316,1718.0104],[114.6898,1.628,1754.3401],[114.6901,1.6225,1756.3337],[114.6791,1.6084,1550.3577],[114.674,1.6066,1528.8578],[114.6718,1.6027,1527.4403],[114.6683,1.6006,1585.5217],[114.6554,1.5994,1558.4668],[114.6525,1.5896,1602.0613],[114.6467,1.591,1493.4418],[114.6443,1.5892,1580.1367],[114.6376,1.5889,1565.1603],[114.6228,1.5782,2002.3616],[114.6157,1.5776,1924.3795],[114.6115,1.575,1930.7554],[114.6116,1.5588,1810.3033],[114.6058,1.551,1695.2363],[114.6049,1.5416,1655.719],[114.6019,1.536,1757.7554],[114.6021,1.5323,1809.8513],[114.6047,1.5267,1779.8894],[114.6094,1.5247,1792.8373],[114.6164,1.5159,1751.5131],[114.6121,1.5105,1769.175],[114.6121,1.5061,1653.2284],[114.6086,1.5028,1727.1183],[114.6059,1.4926,1625.7307],[114.6072,1.4879,1578.5089],[114.6011,1.4856,1652.5405],[114.5987,1.4821,1586.6733],[114.5946,1.4818,1618.42],[114.5939,1.4768,1620.6128],[114.5916,1.4741,1547.2876],[114.5898,1.458,1441.2183],[114.5879,1.4565,1416.8397],[114.5859,1.4455,1503.5425],[114.5761,1.4427,1570.1486],[114.5704,1.4354,1655.9592],[114.5696,1.4296,1802.1302],[114.5666,1.4277,1827.3689],[114.5676,1.4221,1746.8735],[114.5754,1.4141,1819.6658],[114.5746,1.408,1673.2026],[114.5768,1.3991,1620.3282],[114.5727,1.3898,1718.8329],[114.5901,1.3952,1503.5258],[114.5996,1.3945,1521.5551],[114.607,1.3687,1343.7924],[114.6099,1.367,1392.0157],[114.6177,1.3643,1452.4415],[114.6326,1.3639,1358.8518],[114.6337,1.3607,1368.5771],[114.6383,1.3588,1392.2423],[114.6546,1.3562,1487.1064],[114.6594,1.3571,1533.3479],[114.677,1.352,1605.5458],[114.6815,1.3528,1727.1924],[114.6837,1.3562,1691.2566],[114.6885,1.3591,1720.713],[114.6925,1.3588,1663.4961],[114.6999,1.354,1584.9299],[114.7015,1.3429,1578.8701],[114.7041,1.337,1712.553],[114.7103,1.3359,1716.6727],[114.7145,1.3325,1634.6216],[114.7171,1.3245,1901.4967],[114.7256,1.3105,1804.1008],[114.7231,1.3003,1713.8586],[114.7202,1.2959,1809.5183],[114.7207,1.2906,1746.8167],[114.7159,1.2782,1720.3029],[114.7174,1.2728,1716.1659],[114.7273,1.264,1584.2708],[114.733,1.2643,1512.2675],[114.7503,1.2566,1602.9043],[114.7578,1.2548,1668.5164],[114.7575,1.2478,1690.116],[114.7604,1.2431,1675.7542],[114.7655,1.2367,1733.234],[114.7774,1.2278,1532.3088],[114.7966,1.2043,1440.5173],[114.8096,1.1931,1398.9257],[114.8289,1.1826,1415.0934],[114.8396,1.1725,1495.0857],[114.8483,1.168,1483.6362],[114.8516,1.1683,1511.9224],[114.8542,1.1709,1357.3583],[114.8534,1.1761,1198.5308],[114.8588,1.194,1040.7773],[114.8702,1.1994,842.13],[114.8779,1.2088,990.8103],[114.8851,1.2122,967.5653],[114.8961,1.2094,1127.2305],[114.9202,1.1951,1148.3445],[114.9325,1.1803,904.087],[114.9362,1.1786,892.1351],[114.9453,1.18,891.1017],[114.9647,1.1866,818.7443],[114.9763,1.1937,1112.4984],[114.9795,1.1927,1029.3539],[114.9886,1.1863,1004.9849],[114.9903,1.1829,903.4869],[114.9891,1.1573,1078.0469],[114.9909,1.1538,1161.8896],[114.9994,1.1533,996.7269],[115.0003,1.1518,989.5669],[115.0068,1.1273,699.1746],[115.01,1.1233,778.1292],[115.0156,1.1208,837.0616],[115.0267,1.1203,780.1034],[115.0401,1.1157,579.564],[115.0455,1.116,586.0743],[115.0604,1.1228,565.531],[115.0705,1.12,468.9237],[115.0768,1.12,485.1843],[115.0797,1.116,469.0156],[115.0836,1.116,376.4931],[115.1061,1.1211,600.692],[115.1186,1.1294,710.8014],[115.1229,1.1294,708.8657],[115.1349,1.1226,648.5357],[115.142,1.116,802.8156],[115.1512,1.1191,672.4858],[115.1735,1.116,626.3713],[115.1756,1.1137,602.3945],[115.1779,1.1038,631.302],[115.1827,1.1026,611.5779],[115.1861,1.0986,530.0391],[115.1866,1.0932,592.7207],[115.1898,1.0878,756.203],[115.1861,1.0827,773.6137],[115.1868,1.0789,724.1209],[115.1844,1.0748,874.2276],[115.1855,1.0677,914.707],[115.2003,1.0619,929.8519],[115.2241,1.0577,787.7416],[115.23,1.0582,865.389],[115.2496,1.0471,723.1799],[115.2598,1.0475,821.6416],[115.2657,1.0437,876.1619],[115.2694,1.0463,878.1448],[115.2739,1.047,896.228],[115.2905,1.0476,1159.8508],[115.2939,1.0497,1172.6382],[115.2996,1.0648,1314.5332],[115.3166,1.0594,1130.8542],[115.3246,1.0623,1148.2485],[115.3477,1.0613,1327.2909],[115.3579,1.0635,1396.1558],[115.3603,1.0659,1444.7498],[115.3645,1.0659,1520.9626],[115.3687,1.0683,1565.1393],[115.3715,1.072,1652.5247],[115.3709,1.0777,1731.5642],[115.3733,1.0814,1618.5974],[115.3784,1.0995,1518.6586],[115.383,1.1029,1544.3623],[115.3939,1.105,1705.5674],[115.3982,1.1087,1832.262],[115.4015,1.1126,1700.7457],[115.4021,1.1171,1680.5212],[115.4109,1.1277,1579.0837],[115.4084,1.137,1520.3558],[115.4103,1.14,1509.165],[115.4182,1.144,1728.3765],[115.4191,1.1482,1658.3081],[115.4154,1.1603,1572.7584],[115.4091,1.1658,1508.2584],[115.4063,1.1728,1448.4156],[115.4082,1.1903,1517.7546],[115.4112,1.1931,1681.718],[115.4175,1.1925,1504.4695],[115.4206,1.1982,1409.9261],[115.4212,1.2076,1358.6038],[115.4263,1.2185,1612.4399],[115.4303,1.224,1588.7783],[115.4431,1.2314,1441.8105]],
[[117.65737603305784,2.7547223140495878,5.911],[117.6574,2.7547,5.911],[117.65736300578034,2.7546861271676288,5.911],[117.65737603305784,2.7547223140495878,5.911]],
[[117.65736300578034,2.7546861271676288,5.911],[117.6569,2.7534,5.4876],[117.6548,2.7534,5.7022],[117.6535,2.756,9.6599],[117.6498,2.7546,7.9417],[117.6546,2.7533,5.7022],[117.6559,2.7506,3.8395],[117.6551,2.7484,9.2346],[117.6541,2.753,8.9524],[117.6501,2.7534,9.2314],[117.6492,2.7543,7.9417],[117.6525,2.7567,9.6599],[117.6544,2.7563,9.6599],[117.655,2.7538,3.8768],[117.65736300578034,2.7546861271676288,5.911]]],
[[[117.5718,3.0863,0.0],[117.5721,3.0844,0.0],[117.5743,3.0837,0.0],[117.5864,3.0838,5.5905],[117.6042,3.0868,0.7246],[117.6071,3.0903,6.9636],[117.6053,3.0951,4.3676],[117.5934,3.097,6.8388],[117.5763,3.0918,2.6227],[117.5724,3.0889,3.7123],[117.5718,3.0863,0.0]]],
[[[117.4986,3.0927,3.2426],[117.5082,3.1003,2.9335],[117.5049,3.1034,5.857],[117.5007,3.1014,8.6899],[117.4961,3.1019,8.0266],[117.4899,3.0963,1.3315],[117.4897,3.0951,7.9947],[117.4936,3.094,12.9082],[117.495,3.0922,13.6466],[117.4986,3.0927,3.2426]]],
[[[117.5374,3.1004,11.4397],[117.5411,3.0961,2.0377],[117.5506,3.0959,4.1809],[117.5556,3.0983,2.3226],[117.5521,3.1011,1.7751],[117.5449,3.1026,4.4611],[117.5371,3.1015,0.0],[117.5374,3.1004,11.4397]]],
[[[117.4634,3.1151,2.2679],[117.459,3.1119,1.0143],[117.4607,3.1148,2.2788],[117.4527,3.1219,6.2441],[117.4479,3.1225,0.0],[117.4346,3.1114,2.2298],[117.4285,3.1082,1.3914],[117.418,3.1073,0.0],[117.4039,3.1095,4.2008],[117.3973,3.1012,0.9479],[117.3892,3.0946,4.9151],[117.3897,3.0919,5.8828],[117.3922,3.0908,7.1492],[117.4027,3.0904,0.0],[117.4039,3.0879,2.1902],[117.4026,3.0842,0.8233],[117.4071,3.0795,4.0014],[117.4053,3.0756,0.0],[117.3984,3.0762,2.3371],[117.3969,3.075,6.6349],[117.3985,3.0663,2.1165],[117.3952,3.0601,1.2779],[117.3849,3.0557,2.8228],[117.3806,3.0565,1.1978],[117.3808,3.053,2.6376],[117.3856,3.0489,2.6704],[117.3825,3.0457,0.0],[117.3829,3.0418,0.0],[117.3882,3.0387,4.0495],[117.3912,3.0317,2.4571],[117.3865,3.0247,0.0],[117.3895,3.0168,0.0],[117.3979,3.0259,0.0],[117.3951,3.0366,3.7331],[117.3966,3.0404,1.8698],[117.4013,3.0426,5.779],[117.4067,3.0402,1.0584],[117.4105,3.0364,0.9985],[117.4215,3.0355,6.3425],[117.4238,3.0361,3.3848],[117.4324,3.046,0.0],[117.4383,3.0568,1.125],[117.4393,3.0694,0.75],[117.4467,3.0808,3.3295],[117.4477,3.0874,1.3729],[117.4525,3.0934,2.0953],[117.4505,3.097,4.3432],[117.448,3.0979,1.7011],[117.4447,3.0894,2.7984],[117.4426,3.0882,1.891],[117.4358,3.0932,0.5],[117.4335,3.0931,5.1023],[117.4315,3.0882,2.4794],[117.4322,3.0854,0.7909],[117.4337,3.0837,0.0],[117.4397,3.0825,0.97],[117.4406,3.0796,1.6749],[117.4391,3.077,4.2685],[117.4324,3.0756,1.9917],[117.4301,3.0763,2.1668],[117.4393,3.0786,2.3996],[117.4399,3.0803,10.2411],[117.4326,3.0824,0.0],[117.4308,3.0847,0.7909],[117.4301,3.0902,-7.2104],[117.4327,3.0945,3.1634],[117.4368,3.0943,2.5943],[117.4427,3.09,1.1786],[117.4464,3.0986,0.8784],[117.4501,3.0995,0.75],[117.453,3.0967,1.3844],[117.4542,3.0919,0.7963],[117.4482,3.0841,0.0],[117.4492,3.0826,0.0],[117.4659,3.0929,2.0859],[117.4783,3.0963,0.0],[117.4789,3.1004,2.8951],[117.4765,3.1043,0.4017],[117.4634,3.1151,2.2679]]],
[[[117.39,3.0889,0.0],[117.3871,3.0929,6.511],[117.3821,3.0934,1.6302],[117.3794,3.0954,2.0546],[117.3758,3.1113,0.626],[117.3704,3.1139,0.0],[117.3642,3.1124,0.0],[117.3625,3.1082,1.667],[117.3656,3.0892,0.8563],[117.3738,3.0899,0.0],[117.3809,3.0883,0.8891],[117.3837,3.0854,0.3835],[117.3845,3.0809,0.0],[117.3814,3.0778,1.9762],[117.3698,3.0802,0.375],[117.3675,3.0711,0.861],[117.3628,3.0659,1.5341],[117.3589,3.0657,0.0],[117.3553,3.0675,0.8611],[117.3521,3.0769,0.0],[117.3479,3.0767,0.375],[117.3472,3.0712,1.8001],[117.3521,3.0631,2.0105],[117.3519,3.0533,1.3323],[117.3546,3.0481,3.5602],[117.3708,3.0484,2.8425],[117.3777,3.0442,1.1397],[117.3828,3.0481,2.0046],[117.3799,3.0513,0.0],[117.3783,3.057,4.6849],[117.393,3.061,3.8809],[117.3964,3.0675,0.0],[117.3946,3.0722,1.2361],[117.3958,3.0773,0.375],[117.404,3.0774,1.0422],[117.4053,3.0791,2.6662],[117.4004,3.0826,0.375],[117.4013,3.0888,0.0],[117.39,3.0889,0.0]]],
[[[117.5699,3.0892,0.5],[117.569,3.0911,0.3982],[117.564,3.0933,1.0027],[117.5476,3.0925,1.8432],[117.5296,3.0977,1.7023],[117.5201,3.0978,5.3907],[117.5055,3.0928,10.6594],[117.4984,3.0825,1.1774],[117.4996,3.0803,0.0],[117.5135,3.0782,0.0],[117.5186,3.0748,0.0],[117.5371,3.0792,1.0575],[117.5554,3.0765,0.0],[117.5674,3.0819,0.0],[117.5699,3.0892,0.5]]],
[[[117.5024,3.1067,2.617],[117.4985,3.1034,3.2501],[117.4992,3.1027,3.2501],[117.5046,3.1055,0.0],[117.5024,3.1067,2.617]]],
[[[117.522,3.1011,3.5963],[117.521,3.0999,3.137],[117.5303,3.0999,0.0],[117.5276,3.101,1.4095],[117.522,3.1011,3.5963]]],
[[[117.5566,3.103,1.9059],[117.5554,3.1024,0.0],[117.5569,3.1001,0.9673],[117.5594,3.0994,1.9429],[117.5586,3.1026,0.0],[117.5566,3.103,1.9059]]],
[[[117.5614,3.1038,2.2789],[117.567,3.0975,2.1798],[117.5701,3.0967,0.0],[117.5818,3.1013,0.0],[117.589,3.108,0.0],[117.5863,3.1127,2.5769],[117.5818,3.1149,2.0107],[117.5614,3.1083,0.9223],[117.5597,3.1067,0.0],[117.5614,3.1038,2.2789]]],
[[[117.5268,3.1141,6.4104],[117.519,3.1126,6.5428],[117.5244,3.1089,4.0123],[117.5326,3.1129,1.5188],[117.5313,3.1142,0.4384],[117.5268,3.1141,6.4104]]],
[[[117.6161,3.1218,2.0007],[117.6077,3.1256,0.0],[117.5921,3.1266,2.5021],[117.584,3.123,3.3106],[117.5814,3.1199,1.6598],[117.5921,3.1131,1.7581],[117.5964,3.108,0.0],[117.6019,3.1061,0.9284],[117.6178,3.1102,0.0],[117.6202,3.1164,2.8288],[117.6161,3.1218,2.0007]]],
[[[117.2191,3.1769,0.5],[117.224,3.1745,3.2532],[117.2284,3.1761,17.4085],[117.2262,3.1787,9.0169],[117.2231,3.1793,6.2216],[117.2182,3.1789,0.5],[117.2191,3.1769,0.5]]],
[[[117.2289,3.1765,0.5],[117.2337,3.1808,3.1269],[117.2362,3.1908,0.0],[117.2279,3.1885,3.55],[117.2202,3.1818,0.5],[117.2204,3.1804,5.0873],[117.2267,3.1794,7.7461],[117.2289,3.1765,0.5]]],
[[[117.2995,3.2182,0.0],[117.3057,3.2288,4.9643],[117.3046,3.232,11.6992],[117.2839,3.2294,2.0488],[117.2704,3.2298,0.6182],[117.2712,3.2246,0.0],[117.2781,3.2098,1.4864],[117.2825,3.2055,1.5],[117.2887,3.2066,1.7355],[117.2943,3.2145,4.1045],[117.2995,3.2182,0.0]]],
[[[117.5228,3.35,0.0],[117.52,3.3445,0.0],[117.5206,3.3429,0.0],[117.5262,3.3419,0.0],[117.5265,3.3481,3.7753],[117.5228,3.35,0.0]]],
[[[117.4157,3.3824,3.6185],[117.4147,3.3759,2.017],[117.417,3.3618,0.0],[117.4193,3.3671,1.9527],[117.4196,3.3738,2.1986],[117.4169,3.3833,2.7569],[117.4157,3.3824,3.6185]]],
[[[117.3278,3.4743,2.7424],[117.3412,3.4696,0.0],[117.3445,3.4693,0.0],[117.3326,3.4742,3.1222],[117.3278,3.4743,2.7424]]],
[[[117.3171,3.4834,5.6468],[117.3317,3.4821,0.0],[117.3241,3.4885,4.4301],[117.3187,3.4861,3.9345],[117.3171,3.4834,5.6468]]],
[[[117.6507,3.5252,4.3078],[117.6597,3.5261,0.0],[117.6614,3.5281,0.0],[117.6562,3.5295,1.5286],[117.6395,3.5266,0.0],[117.6483,3.5265,1.3823],[117.6507,3.5252,4.3078]]],
[[[117.4304,3.4538,0.0],[117.4275,3.4536,0.0],[117.4473,3.4424,1.1873],[117.4598,3.4392,0.0],[117.458,3.4453,2.2965],[117.4536,3.4493,1.0626],[117.4441,3.4531,1.0583],[117.4304,3.4538,0.0]]],
[[[117.2919,3.4645,8.9794],[117.2966,3.4655,4.0328],[117.2763,3.4689,3.4887],[117.2806,3.4657,12.8847],[117.2919,3.4645,8.9794]]],
[[[117.398,3.4519,0.9025],[117.395,3.4511,0.0],[117.4022,3.4468,0.0],[117.4169,3.4445,0.0],[117.4108,3.4483,2.0],[117.398,3.4519,0.9025]]],
[[[117.5284,3.5322,1.1104],[117.4993,3.5453,6.4051],[117.479,3.5484,4.9854],[117.441,3.5503,4.5196],[117.4163,3.5568,2.5657],[117.4126,3.5472,0.5539],[117.4151,3.5416,0.0],[117.4432,3.536,4.9635],[117.447,3.5297,2.1578],[117.4416,3.5203,2.2945],[117.4417,3.5099,0.0],[117.4553,3.5152,0.0],[117.4614,3.5146,0.0],[117.4622,3.5157,1.1018],[117.4758,3.509,2.4925],[117.4851,3.4977,0.8267],[117.5056,3.5084,1.7731],[117.504,3.5064,0.87],[117.5141,3.5055,2.1737],[117.5114,3.504,2.0328],[117.518,3.4957,0.0],[117.5297,3.4878,0.8029],[117.535,3.4903,1.767],[117.5346,3.5006,5.8475],[117.5358,3.5015,0.0],[117.5382,3.4974,3.2066],[117.5378,3.4844,4.3259],[117.5464,3.4712,2.6304],[117.5697,3.4753,0.0],[117.5771,3.475,0.7088],[117.5765,3.4814,1.8922],[117.5781,3.4792,1.6928],[117.5783,3.4753,0.7088],[117.5796,3.4749,1.719],[117.6055,3.4744,3.0555],[117.6108,3.4772,4.99],[117.6144,3.4816,1.5122],[117.6148,3.486,3.3512],[117.6118,3.4973,0.0],[117.6094,3.5,0.7799],[117.5662,3.5209,0.8758],[117.5344,3.5293,6.383],[117.5284,3.5322,1.1104]]],
[[[117.8743,3.4675,9.1263],[117.8725,3.4754,31.4361],[117.8639,3.483,34.3301],[117.8632,3.4927,10.8019],[117.8587,3.4977,15.6344],[117.8561,3.504,24.697],[117.8534,3.5249,0.4345],[117.8508,3.5336,6.8143],[117.8446,3.5386,11.5575],[117.8372,3.5523,0.0],[117.8305,3.5571,17.4785],[117.8243,3.5698,9.0324],[117.8214,3.5724,5.0014],[117.7985,3.5877,1.173],[117.7927,3.5806,8.7373],[117.7604,3.5666,8.3652],[117.7547,3.5611,0.0],[117.7513,3.5508,4.7117],[117.7511,3.5319,0.0],[117.7569,3.5233,0.0],[117.7593,3.5144,0.0],[117.771,3.5041,0.0],[117.7818,3.4992,0.0],[117.7865,3.4943,0.0],[117.7983,3.4897,0.0],[117.814,3.4762,0.0],[117.8199,3.4766,0.0],[117.8245,3.4744,0.3097],[117.8366,3.4595,0.0],[117.8413,3.458,0.0],[117.8452,3.4518,0.0],[117.8585,3.4497,0.0],[117.8626,3.4464,0.0],[117.8658,3.4468,0.0],[117.87,3.4534,0.0],[117.8743,3.4675,9.1263]]],
[[[117.2831,3.5716,1.0156],[117.2788,3.5785,8.9198],[117.2793,3.5858,2.8042],[117.2779,3.5881,2.9324],[117.237,3.587,10.7337],[117.2189,3.5719,1.4139],[117.2117,3.5561,0.0],[117.2011,3.5389,0.0],[117.2296,3.4971,3.3562],[117.2686,3.4864,0.0],[117.2955,3.4839,2.6232],[117.3045,3.4852,0.0],[117.3243,3.4914,0.0],[117.381,3.4696,1.453],[117.4086,3.4667,2.3965],[117.4316,3.4586,0.0],[117.4448,3.4567,0.829],[117.4549,3.4532,0.0],[117.4655,3.4475,2.6355],[117.476,3.4358,3.6689],[117.4851,3.432,0.0],[117.4873,3.4356,5.2804],[117.4868,3.4489,2.727],[117.4883,3.4538,2.6911],[117.4989,3.4644,1.0276],[117.5135,3.4741,1.0349],[117.5171,3.4797,0.9954],[117.5175,3.4833,2.5861],[117.5126,3.4878,0.0],[117.5083,3.4874,0.9314],[117.498,3.49,0.6999],[117.4972,3.4878,0.7839],[117.4994,3.4814,0.6356],[117.497,3.4783,4.5906],[117.4926,3.4789,0.0],[117.4864,3.4862,0.8246],[117.4814,3.4886,2.5005],[117.4761,3.4868,4.9781],[117.4693,3.4869,5.0606],[117.4679,3.4835,7.2927],[117.4697,3.4795,3.595],[117.4647,3.4769,0.9945],[117.4676,3.4798,1.5835],[117.4664,3.484,1.5301],[117.4689,3.488,1.6569],[117.4835,3.4896,0.625],[117.4954,3.4798,0.5],[117.4968,3.4818,1.0],[117.4951,3.4878999999999998,0.0],[117.4964,3.4918,0.5949],[117.5085,3.4906,2.6833],[117.5073,3.4946,0.5],[117.5042,3.4976,2.2816],[117.4883,3.4915,1.7554],[117.4823,3.4919,3.2157],[117.4721,3.5011,1.475],[117.4634,3.4925,1.9315],[117.4617,3.4885,4.9156],[117.4573,3.4855,2.1464],[117.4554,3.4813,2.5994],[117.4503,3.4807,1.7992],[117.4479,3.4861,1.5625],[117.4428,3.4859,2.3211],[117.4479,3.4876,2.0066],[117.4511,3.4819,0.9982],[117.4548,3.4828,2.3209],[117.4558,3.4858,2.8709],[117.4604,3.4895,1.6884],[117.4703,3.5037,1.0],[117.4657,3.5068,0.7949],[117.4552,3.5093,2.0025],[117.4443,3.504,0.0],[117.4396,3.5044,3.689],[117.4355,3.508,2.1935],[117.4343,3.5146,2.0579],[117.434,3.522,2.2482],[117.4372,3.5286,1.0279],[117.4283,3.5325,0.0],[117.4156,3.5344,1.57],[117.4067,3.5378,1.5298],[117.3995,3.5383,2.6222],[117.3948,3.5365,0.5],[117.3946,3.5257,0.5],[117.39,3.5218,2.4756],[117.3905,3.516,0.875],[117.3921,3.5159,1.7423],[117.3942,3.5198,1.9774],[117.4002,3.5177,3.2396],[117.4005,3.5164,2.2762],[117.3965,3.5136,1.701],[117.3986,3.5104,1.4513],[117.3977,3.5064,1.1589],[117.3973,3.5106,1.414],[117.3949,3.5142,3.1973],[117.3985,3.5174,1.8049],[117.3944,3.5186,1.125],[117.3929,3.5146,3.0852],[117.3904,3.5146,2.1168],[117.3887,3.5168,1.9202],[117.3885,3.5224,0.5],[117.3837,3.523,2.9985],[117.3807,3.528,1.4682],[117.3751,3.5293,4.0963],[117.3697,3.5244,2.0668],[117.3699,3.523,1.4911],[117.3731,3.5172,2.7565],[117.3797,3.5121,4.391],[117.3793,3.5094,2.9583],[117.3749,3.5046,2.8698],[117.3686,3.5055,0.0],[117.3633,3.5038,1.5922],[117.3683,3.5066,2.6096],[117.375,3.5065,0.8166],[117.3778,3.5107,2.5238],[117.3769,3.5133,2.3046],[117.372,3.5158,1.7144],[117.3685,3.523,2.4747],[117.3712,3.5303,1.7039],[117.379,3.531,3.4509],[117.3822,3.5292,2.3667],[117.386,3.524,5.4006],[117.3899,3.5246,0.5],[117.3923,3.5276,1.5639],[117.3908,3.5345,1.5804],[117.3925,3.5386,2.1668],[117.403,3.5423,2.763],[117.4,3.548,0.5],[117.369,3.5634,2.6438],[117.3412,3.5655,0.0],[117.3056,3.5598,8.8762],[117.2933,3.563,6.5622],[117.2831,3.5716,1.0156]]],
[[[117.5587,3.5506,0.0],[117.5588,3.5488,0.0],[117.5653,3.5459,2.3815],[117.5739,3.5483,0.973],[117.5703,3.5514,1.778],[117.5643,3.5527,1.3254],[117.5587,3.5506,0.0]]],
[[[117.4079,3.5605,0.0],[117.4036,3.5607,0.0],[117.4064,3.552,0.0],[117.4092,3.5497,0.0],[117.4123,3.5561,1.5322],[117.4079,3.5605,0.0]]],
[[[117.8583,3.5762,0.0],[117.8554,3.58,4.6064],[117.8494,3.5818,0.0],[117.8538,3.5792,2.6591],[117.8532,3.5768,4.2731],[117.8508,3.5755,0.0],[117.8515,3.5739,0.0],[117.8563,3.5731,0.0],[117.8583,3.5762,0.0]]],
[[[117.3304,3.5751,7.8069],[117.3305,3.5763,12.4893],[117.3279,3.5757,10.3383],[117.3216,3.572,2.9432],[117.3282,3.5727,7.2367],[117.3304,3.5751,7.8069]]],
[[[117.6546,3.5598,1.6204],[117.6375,3.57,4.7121],[117.6141,3.5785,7.3495],[117.5696,3.5873,0.5],[117.5607,3.5882,2.8441],[117.5581,3.587,2.9087],[117.553,3.579,0.5],[117.5452,3.5744,2.2747],[117.5344,3.5761,3.7175],[117.5166,3.5847,3.0474],[117.5093,3.5862,1.2272],[117.5056,3.5846,0.0],[117.5121,3.5766,0.0],[117.535,3.5616,0.0],[117.5416,3.56,0.0],[117.5593,3.5608,5.5861],[117.5708,3.5586,0.0],[117.5819,3.555,0.981],[117.6069,3.5414,1.5386],[117.6232,3.5373,8.0104],[117.6537,3.5424,5.2572],[117.6567,3.5442,2.9021],[117.6591,3.5461,0.0],[117.6581,3.5474,4.1802],[117.659,3.5491,0.0],[117.6637,3.5523,0.0],[117.6628,3.5548,0.0],[117.6584,3.556,2.6108],[117.6546,3.5598,1.6204]]],
[[[117.3101,3.5795,1.6107],[117.3089,3.5752,2.1401],[117.3145,3.5707,1.8505],[117.3344,3.5823,1.1059],[117.3184,3.5817,3.2487],[117.3101,3.5795,1.6107]]],
[[[117.4128,3.582,4.5485],[117.4,3.5843,2.7637],[117.3934,3.5839,1.8655],[117.402,3.5735,2.1054],[117.4044,3.5681,0.0],[117.4143,3.5652,0.0],[117.4161,3.5663,0.0],[117.4162,3.5705,0.0],[117.4128,3.582,4.5485]]],
[[[117.371,3.578,0.75],[117.4026,3.5684,0.0],[117.4022,3.5715,1.5],[117.3932,3.5822,3.6986],[117.3925,3.5847,2.5447],[117.381,3.5851,5.6813],[117.3671,3.5805,0.0],[117.371,3.578,0.75]]],
[[[117.4626,3.581,0.0],[117.4664,3.5756,12.9398],[117.4703,3.5731,5.015],[117.4922,3.5691,2.0875],[117.4949,3.5698,0.0],[117.496,3.5729,1.9841],[117.4909,3.5769,2.803],[117.4624,3.5914,4.2306],[117.4588,3.5892,1.9678],[117.4626,3.581,0.0]]],
[[[117.4595,3.5745,0.0],[117.4581,3.5794,0.0],[117.4554,3.5822,1.1672],[117.4147,3.6046,0.8028],[117.3938,3.6136,1.25],[117.3852,3.613,3.4134],[117.36,3.6053,5.73],[117.3242,3.6007,0.0],[117.3039,3.6015,2.2291],[117.2935,3.5992,0.0],[117.2913,3.5971,0.8698],[117.2959,3.5917,1.6887],[117.299,3.5822,6.0874],[117.3021,3.5788,5.7006],[117.3113,3.5837,0.0],[117.3221,3.5859,1.2219],[117.3915,3.5901,0.0],[117.4057,3.5889,2.7234],[117.4144,3.586,3.0832],[117.426,3.5749,0.0],[117.4309,3.5658,4.8663],[117.438,3.5616,1.9226],[117.4576,3.5669,0.0],[117.4602,3.569,4.1347],[117.4595,3.5745,0.0]]],
[[[116.9627,3.6897,0.0],[116.9664,3.6849,0.0],[116.9677,3.6887,0.0],[116.9622,3.6923,0.0],[116.9627,3.6897,0.0]]],
[[[117.4842,3.6794,2.678],[117.4901,3.6776,1.7011],[117.4918,3.6792,4.5258],[117.4906,3.6862,1.9618],[117.4928,3.6975,1.0],[117.4907,3.7024,1.8112],[117.486,3.7075,1.0],[117.4814,3.7086,2.0543],[117.4706,3.7041,1.6024],[117.4496,3.699,1.6791],[117.4413,3.6871,3.7612],[117.433,3.6839,1.0],[117.4286,3.6772,2.5798],[117.4302,3.6753,1.0],[117.4447,3.6743,1.9687],[117.4557,3.6798,1.6393],[117.46,3.678,2.9614],[117.467,3.6718,2.1953],[117.4741,3.6785,3.1801],[117.4842,3.6794,2.678]]],
[[[117.7842,3.7415,9.036],[117.7814,3.7408,5.8852],[117.7938,3.7368,2.5759],[117.7897,3.741,7.0611],[117.7842,3.7415,9.036]]],
[[[117.7599,3.7468,1.1516],[117.7735,3.744,15.071],[117.7732,3.7458,3.3641],[117.7641,3.7493,0.0],[117.7574,3.7513,5.8481],[117.7494,3.7514,7.0062],[117.7599,3.7468,1.1516]]],
[[[116.9746,3.6589,2.3502],[116.9734,3.6601,0.0],[116.9725,3.6579,0.0],[116.9743,3.6538,0.0],[116.9755,3.656,5.1385],[116.9746,3.6589,2.3502]]],
[[[117.4963,4.0602,0.0],[117.4978,4.0623,8.2593],[117.4965,4.0638,0.0],[117.4827,4.0627,0.0],[117.4783,4.053,7.8251],[117.4792,4.0479,5.8314],[117.4812,4.0479,6.2403],[117.4893,4.0584,3.9557],[117.4934,4.0606,14.4182],[117.4963,4.0602,0.0]]],
[[[117.6582,3.9728,0.8112],[117.6658,3.9672,5.1868],[117.6735,3.9661,0.3489],[117.7098,3.9834,11.604],[117.716,3.9839,9.0783],[117.724,3.9898,8.8552],[117.7241,3.9962,7.1912],[117.7286,4.0149,7.5393],[117.7358,4.0272,6.3763],[117.7434,4.0343,0.4285],[117.7525,4.0587,2.2247],[117.7514,4.062,1.2161],[117.7303,4.0777,0.2875],[117.7174,4.0896,4.4133],[117.6914,4.1208,3.8952],[117.6693,4.1439,0.0],[117.6566,4.1472,0.9341],[117.6449,4.1431,5.8782],[117.6303,4.1351,5.5468],[117.6178,4.121,12.2181],[117.6034,4.0995,8.5002],[117.5926,4.0874,1.45],[117.59,4.0794,8.639],[117.5944,4.0661,3.2384],[117.5955,4.0486,2.1792],[117.6014,4.0282,8.8179],[117.6021,4.0118,1.9262],[117.6258,3.9894,10.7293],[117.6317,3.9883,10.3459],[117.632,3.9859,17.8918],[117.6385,3.9811,6.6127],[117.6537,3.9762,5.0021],[117.6582,3.9728,0.8112]]],
[[[117.9239,4.1231,5.0041],[117.9239,4.128,5.2822],[117.9207,4.1367,4.3736],[117.9077,4.1502,5.8802],[117.901,4.1645,3.4659],[117.6864,4.1641,6.9893],[117.7073,4.148,3.6018],[117.7289,4.1232,3.6629],[117.7449,4.1102,0.0],[117.7569,4.104,4.1135],[117.7688,4.0927,4.2076],[117.799,4.0752,2.095],[117.8036,4.0745,4.6323],[117.8138,4.069,6.5703],[117.8263,4.0571,6.8806],[117.8401,4.0478,4.9076],[117.8476,4.0389,2.4679],[117.8578,4.0318,0.0],[117.8652,4.0317,1.4485],[117.8741,4.0337,1.221],[117.8762,4.0357,5.962],[117.8799,4.0352,0.8631],[117.8945,4.0446,8.4495],[117.9014,4.042,0.0],[117.9056,4.0424,9.7759],[117.9123,4.0481,24.4295],[117.9214,4.0594,4.0985],[117.9235,4.069,0.0],[117.9178,4.0867,5.3408],[117.9239,4.1231,5.0041]]],
[[[115.892,4.3925,1795.9502],[115.8897,4.3931,1782.1814],[115.8903,4.3907,1781.5264],[115.892,4.3923,1795.9502],[115.892,4.3925,1795.9502]]],
[[[117.5409,4.1031,6.0676],[117.5537,4.0985,0.0],[117.5587,4.1017,7.484],[117.5767,4.1202,0.0],[117.5891,4.1418,0.0],[117.5822,4.1451,2.7594],[117.5731,4.1445,2.6637],[117.5585,4.1409,1.8017],[117.5485,4.1363,3.0957],[117.5359,4.1149,1.6298],[117.537,4.1049,0.0],[117.5409,4.1031,6.0676]]],
[[[117.6591,3.9433,0.0],[117.6525,3.9503,0.0],[117.6434,3.9527,0.0],[117.6395,3.9497,0.0],[117.6404,3.9467,0.0],[117.6565,3.941,0.0],[117.6591,3.9433,0.0]]],
[[[117.6446,3.9532,0.0],[117.6525,3.9514,0.0],[117.655,3.9558,0.0],[117.647,3.958,0.0],[117.6446,3.9532,0.0]]],
[[[117.5021,4.0231,6.3057],[117.5197,4.0228,2.9362],[117.5222,4.0253,2.5005],[117.5231,4.0312,0.0],[117.5107,4.041,0.0],[117.5003,4.0528,0.0],[117.4975,4.0534,7.7818],[117.4771,4.036,3.3995],[117.4659,4.0312,17.1167],[117.4443,4.007,3.8526],[117.445,4.0024,8.5644],[117.4567,3.9872,2.0891],[117.4574,3.9776,7.3376],[117.4667,3.9606,7.3464],[117.4655,3.954,11.6901],[117.4585,3.94,3.3765],[117.4598,3.9314,2.9931],[117.4768,3.9258,4.1974],[117.4959,3.9168,3.4166],[117.5037,3.918,0.7968],[117.5248,3.9296,5.9234],[117.531,3.9299,5.7798],[117.5484,3.9261,5.4912],[117.5667,3.9178,7.493],[117.5754,3.91,4.298],[117.5906,3.8895,3.3772],[117.604,3.8826,3.576],[117.6214,3.8836,0.0],[117.662,3.8902,0.0],[117.6825,3.8869,0.0],[117.6871,3.9016,0.0],[117.6872,3.9055,0.0],[117.6837,3.9148,0.0],[117.6813,3.9149,1.3036],[117.6808,3.913,8.401],[117.675,3.9109,4.7333],[117.6543,3.9108,4.5407],[117.6432,3.9119,8.2042],[117.6324,3.917,0.0],[117.6293,3.9167,3.3996],[117.6237,3.9233,0.0],[117.6137,3.9257,6.0008],[117.5983,3.934,0.0],[117.5905,3.9455,0.0],[117.5802,3.9671,2.6117],[117.5777,3.9693,1.5807],[117.5752,3.9684,10.9068],[117.5705,3.9577,2.9585],[117.5626,3.9586,7.9624],[117.5562,3.9545,19.0194],[117.5596,3.9468,2.1134],[117.567,3.9442,15.1111],[117.5662,3.9393,4.8061],[117.5735,3.9257,11.9947],[117.5713,3.9266,8.5909],[117.5654,3.9385,2.3807],[117.5659,3.9431,13.1774],[117.5646,3.9445,2.5472],[117.5601,3.9443,4.5013],[117.5552,3.9511,2.6204],[117.5548,3.954,0.0],[117.5594,3.9595,12.9132],[117.5692,3.959,8.7942],[117.5723,3.968,1.9165],[117.5551,3.9857,0.0],[117.5498,4.0,0.0],[117.5476,4.0147,0.0],[117.5452,4.0154,4.2769],[117.5437,4.0191,0.6801],[117.5327,4.0302,8.3826],[117.5281,4.0298,9.3212],[117.524,4.0237,7.5887],[117.5201,4.0213,4.256],[117.5067,4.0225,0.0],[117.4976,4.0201,3.8557],[117.4883,4.0244,3.6694],[117.482,4.0179,4.8974],[117.4734,4.0238,0.5],[117.4666,4.0233,5.2431],[117.467,4.0142,5.4399],[117.463,4.0081,4.8471],[117.4677,4.0026,10.1114],[117.4677,3.9987,12.821],[117.4627,3.9965,3.4557],[117.4669,4.0,2.0245],[117.4665,4.0026,4.7051],[117.4621,4.0068,5.7761],[117.4623,4.0095,4.9627],[117.4658,4.0146,5.4399],[117.4644,4.0215,10.5407],[117.4656,4.0248,0.5],[117.4742,4.025,3.3345],[117.4818,4.0191,7.9211],[117.4864,4.0256,3.0027],[117.4909,4.0252,0.5],[117.4962,4.0215,4.0335],[117.5021,4.0231,6.3057]]],
[[[117.6801,3.7706,0.0],[117.6742,3.7746,1.4009],[117.6703,3.7747,3.047],[117.6644,3.7719,1.7414],[117.6777,3.7656,3.6674],[117.6791,3.7628,2.7007],[117.7011,3.7505,4.1122],[117.7084,3.7484,0.8953],[117.7123,3.7429,2.0372],[117.7238,3.7443,1.513],[117.7272,3.7432,1.6938],[117.7282,3.7448,1.9542],[117.7294,3.7419,3.9662],[117.7328,3.7427,1.3564],[117.7349,3.7411,5.7065],[117.7308,3.7418,7.3182],[117.7283,3.7324,0.0],[117.7294,3.7311,4.3819],[117.737,3.7331,3.7296],[117.739,3.7303,4.6643],[117.741,3.7303,4.4655],[117.739,3.7297,4.6643],[117.7369,3.7325,3.7296],[117.7299,3.7304,1.3499],[117.7373,3.7183,0.0],[117.7432,3.7171,3.8686],[117.7463,3.7221,1.7631],[117.75,3.7255,2.8523],[117.75,3.7287,1.9836],[117.7522,3.7315,1.9143],[117.7522,3.7299,3.046],[117.7503,3.7287,1.9836],[117.7506,3.7248,5.712],[117.7492,3.7247,1.6662],[117.754,3.7227,4.6499],[117.7486,3.7236,2.7659],[117.7428,3.715,0.0],[117.7467,3.7098,0.0],[117.7498,3.7,2.0452],[117.7517,3.7005,4.7011],[117.7504,3.7023,2.3782],[117.7499,3.7067,3.1705],[117.7514,3.7095,2.5571],[117.7532,3.7093,2.5571],[117.7548,3.7111,2.1078],[117.7534,3.7088,2.2769],[117.7516,3.7091,2.5571],[117.7501,3.7057,3.1705],[117.7523,3.701,4.7011],[117.7507,3.6986,0.0],[117.7544,3.6996,1.5174],[117.7552,3.705,1.6122],[117.759,3.7074,2.0164],[117.7627,3.7073,1.8541],[117.7659,3.7119,3.5808],[117.762,3.7195,5.3068],[117.765,3.7162,6.4607],[117.7665,3.7126,4.6381],[117.7672,3.7156,4.6887],[117.7699,3.7184,9.5442],[117.7678,3.7224,8.62],[117.7706,3.7192,6.055],[117.7673,3.7144,4.913],[117.767,3.7112,3.5808],[117.7687,3.7095,3.1188],[117.7734,3.711,3.6372],[117.7759,3.7193,2.7519],[117.7745,3.7108,1.9118],[117.7695,3.709,3.1188],[117.7674,3.7093,4.0754],[117.7665,3.7104,4.0754],[117.7625,3.7061,2.4025],[117.758,3.7063,2.1594],[117.7556,3.7039,4.7896],[117.7554,3.6995,3.965],[117.7528,3.6966,0.0],[117.7661,3.6968,1.7909],[117.7669,3.6989,3.0286],[117.7714,3.7009,2.6913],[117.7721,3.7042,3.2445],[117.7762,3.7045,2.9483],[117.7786,3.7066,1.3988],[117.7798,3.7107,2.1697],[117.7826,3.7105,1.2423],[117.7836,3.7123,2.7183],[117.7846,3.7126,4.1249],[117.7877,3.7114,1.9803],[117.7857,3.7107,1.8328],[117.7841,3.7122,2.7183],[117.7832,3.71,1.6115],[117.7805,3.7104,3.8425],[117.7793,3.7061,1.3988],[117.7771,3.704,2.9483],[117.7728,3.704,3.2445],[117.7719,3.7006,2.3603],[117.7672,3.6984,1.1881],[117.767,3.6962,1.7909],[117.764,3.6956,3.4947],[117.7797,3.6855,5.0796],[117.7855,3.6884,0.0],[117.792,3.6887,0.0],[117.8162,3.7043,1.3702],[117.8227,3.703,0.0],[117.8262,3.7045,0.0],[117.8242,3.7113,0.0],[117.8194,3.7146,0.0],[117.8144,3.7209,2.816],[117.7276,3.7528,1.5223],[117.6928,3.7639,2.2697],[117.6801,3.7706,0.0]]],
[[[117.7931,3.7529,0.7965],[117.7795,3.7518,1.3519],[117.7499,3.7623,0.0],[117.7454,3.7623,0.0],[117.7423,3.7593,1.8564],[117.7474,3.7555,3.4461],[117.7718,3.7485,0.125],[117.7817,3.7426,12.6073],[117.7923,3.7409,0.375],[117.7988,3.7336,6.8515],[117.8046,3.7309,6.7016],[117.8089,3.7306,0.3842],[117.8135,3.7335,0.0],[117.8155,3.7422,0.0],[117.8095,3.753,0.0],[117.7931,3.7529,0.7965]]],
[[[117.7965,3.7581,0.0],[117.807,3.7593,9.1065],[117.8166,3.7577,0.0],[117.8169,3.7745,8.1773],[117.8144,3.7789,1.7157],[117.8101,3.7813,0.0],[117.7817,3.7853,3.4223],[117.7792,3.7751,1.1103],[117.78,3.7714,0.0],[117.7857,3.7701,0.0],[117.7892,3.7674,1.3704],[117.7965,3.7581,0.0]]],
[[[117.7494,3.7818,1.8114],[117.7394,3.7819,1.6542],[117.7385,3.7837,0.8703],[117.7392,3.7888,0.8047],[117.7339,3.7905,3.6614],[117.732,3.7899,4.099],[117.7287,3.7829,7.4962],[117.7231,3.7819,5.1049],[117.7175,3.7851,2.0453],[117.715,3.7849,3.8972],[117.714,3.7806,5.9532],[117.7046,3.7755,1.0163],[117.7041,3.773,1.8219],[117.7527,3.7649,0.0],[117.782,3.7549,0.0],[117.7862,3.7547,4.4986],[117.7925,3.7587,0.0],[117.7902,3.7633,1.4753],[117.7838,3.7693,1.5465],[117.7775,3.7668,2.0068],[117.7678,3.7677,1.0757],[117.7616,3.7658,1.3457],[117.7593,3.7671,0.7915],[117.7582,3.7718,3.4122],[117.7566,3.7669,1.5522],[117.7538,3.7662,2.0755],[117.7528,3.7701,1.827],[117.7502,3.7701,1.346],[117.7484,3.7724,0.9194],[117.7439,3.7709,1.0244],[117.7352,3.7737,6.1655],[117.7373,3.7753,0.8936],[117.7381,3.7737,2.828],[117.7444,3.7715,1.0244],[117.7493,3.7734,6.6761],[117.7503,3.7707,2.2509],[117.7544,3.7711,1.3858],[117.7547,3.767,2.0755],[117.7562,3.7675,2.0537],[117.7574,3.7735,1.8579],[117.7604,3.772,0.423],[117.7606,3.7665,1.3222],[117.7675,3.7689,1.6037],[117.7786,3.7684,0.6167],[117.773,3.7762,0.6101],[117.7644,3.7763,1.5066],[117.7626,3.7772,1.219],[117.7632,3.7805,1.4556],[117.7669,3.7829,1.4583],[117.7658,3.7854,1.2248],[117.7547,3.7849,3.5729],[117.7517,3.7818,1.6593],[117.7494,3.7818,1.8114]]],
[[[117.6979,3.7829,6.827],[117.704,3.7814,7.5492],[117.7007,3.7874,3.9349],[117.7002,3.7906,0.7378],[117.6991,3.7908,5.1945],[117.6973,3.7884,8.5876],[117.696,3.7884,8.5876],[117.6945,3.79,3.3918],[117.6884,3.7906,4.2604],[117.6885,3.7943,4.934],[117.6865,3.7925,5.8703],[117.6837,3.7934,8.0518],[117.6831,3.7976,6.556],[117.6827,3.7954,7.4653],[117.68,3.7929,4.0156],[117.681,3.7847,6.7043],[117.6778,3.7812,2.4861],[117.6939,3.7747,1.9853],[117.7035,3.7731,0.0],[117.7036,3.7756,1.6739],[117.7078,3.7789,2.6703],[117.697,3.7772,2.7669],[117.6958,3.7813,9.0428],[117.696,3.7822,6.3671],[117.6979,3.7829,6.827]]],
[[[117.7393,3.7848,1.9475],[117.7399,3.7822,1.2125],[117.7437,3.7832,2.6544],[117.7508,3.7822,2.5577],[117.7533,3.7846,6.0331],[117.7559,3.7857,2.491],[117.7657,3.7862,1.5097],[117.7677,3.7828,1.4583],[117.7632,3.7774,1.219],[117.7731,3.7768,0.6101],[117.777,3.7715,1.5547],[117.7787,3.7718,0.0],[117.7797,3.7819,1.0574],[117.7783,3.7859,1.8556],[117.7574,3.7986,1.5534],[117.7415,3.8017,6.9513],[117.7353,3.8092,1.4903],[117.7316,3.8109,0.5781],[117.7283,3.809,3.187],[117.7268,3.806,0.9849],[117.7298,3.7982,2.3212],[117.7293,3.7961,2.0556],[117.7278,3.7957,3.0132],[117.7245,3.7972,2.2478],[117.7229,3.794,4.8222],[117.7188,3.797,3.1677],[117.7165,3.7969,5.4182],[117.715,3.7955,5.8408],[117.7157,3.792,1.7267],[117.7131,3.7883,1.0245],[117.7108,3.7866,4.0364],[117.7127,3.7844,3.1693],[117.7172,3.7857,3.1873],[117.7213,3.7831,2.4367],[117.7264,3.7829,2.0089],[117.7295,3.7852,6.7457],[117.732,3.7906,3.6766],[117.7353,3.7911,2.4855],[117.7397,3.7892,0.8047],[117.7393,3.7848,1.9475]]],
[[[117.7009,3.7882,3.9349],[117.7041,3.7819,7.5492],[117.704,3.7814,7.5492],[117.7038,3.7811,6.3142],[117.7025,3.7808,6.3142],[117.6968,3.7824,6.3671],[117.6975,3.7777,2.7669],[117.7125,3.7802,8.7507],[117.7136,3.7833,5.7433],[117.7101,3.7864,5.6455],[117.7153,3.7926,5.2454],[117.7145,3.7965,5.8408],[117.7191,3.7978,1.2256],[117.7231,3.7948,4.8222],[117.7242,3.7983,2.2478],[117.7278,3.7963,3.0132],[117.7292,3.7971,2.3212],[117.7259,3.8057,4.0368],[117.7279,3.8092,3.187],[117.7312,3.8115,0.5781],[117.7257,3.817,1.6444],[117.715,3.8166,2.4383],[117.7107,3.8192,1.1864],[117.707,3.8145,1.048],[117.6948,3.8128,5.9391],[117.6938,3.8072,8.7412],[117.6911,3.8053,7.5182],[117.687,3.8055,1.9733],[117.6858,3.8029,5.4556],[117.6893,3.7995,4.1812],[117.6942,3.8003,0.8538],[117.6949,3.7997,0.8538],[117.6948,3.798,1.4933],[117.6916,3.7943,1.4478],[117.6987,3.7955,1.213],[117.6994,3.7926,1.5549],[117.6957,3.7893,3.3918],[117.6971,3.7889,5.8214],[117.6992,3.7912,5.1945],[117.7001,3.7911,0.7378],[117.7009,3.7882,3.9349]]],
[[[117.7839,3.8368,4.1653],[117.7764,3.8456,0.0],[117.7699,3.8485,2.6669],[117.7592,3.8656,0.0],[117.7514,3.8702,1.4263],[117.7268,3.8763,0.0],[117.7207,3.8748,1.9846],[117.7113,3.8639,0.0],[117.7115,3.8581,0.0],[117.7247,3.8432,4.9189],[117.7389,3.8401,1.7693],[117.7352,3.8194,2.336],[117.7362,3.8148,0.0],[117.7432,3.8065,0.8373],[117.7607,3.8032,3.6731],[117.7832,3.79,1.482],[117.7927,3.7884,0.0],[117.8108,3.7891,2.3525],[117.8103,3.7986,0.0],[117.8059,3.8049,0.6095],[117.8005,3.8054,2.6298],[117.7832,3.8145,5.7217],[117.7956,3.8096,1.3283],[117.7988,3.8071,2.5664],[117.807,3.8051,1.7338],[117.8099,3.8013,2.3094],[117.8118,3.7959,3.1259],[117.812,3.7874,4.4402],[117.8228,3.7845,5.049],[117.8324,3.7861,3.6565],[117.8345,3.7958,0.0],[117.8286,3.8057,2.1768],[117.8207,3.8144,3.4425],[117.7924,3.8317,0.0],[117.7889,3.835,0.0],[117.789,3.8366,0.0],[117.7839,3.8368,4.1653]]],
[[[116.9117,3.6184,0.0],[116.9084,3.6113,3.9039],[116.9211,3.615,8.1937],[116.9244,3.626,4.2463],[116.9234,3.632,6.8597],[116.9208,3.6349,9.9772],[116.9201,3.6345,9.9772],[116.9117,3.6184,0.0]]],
[[[117.0459,3.6131,8.4033],[117.0404,3.6087,3.2987],[117.0404,3.6042,1.8242],[117.0567,3.612,0.0],[117.0592,3.6181,5.0076],[117.053,3.6171,0.0],[117.0459,3.6131,8.4033]]],
[[[117.5009,3.6361,0.5],[117.4963,3.6376,0.5],[117.4891,3.6344,0.5],[117.4838,3.6354,2.2906],[117.4764,3.6469,1.6415],[117.4683,3.6376,1.5642],[117.4614,3.6374,1.6996],[117.4566,3.6335,2.5565],[117.4351,3.6411,3.6776],[117.4333,3.6379,6.3617],[117.4333,3.6322,7.285],[117.4297,3.6244,1.2685],[117.4322,3.6217,0.0],[117.4431,3.6164,3.1571],[117.4693,3.6084,0.0],[117.494,3.5974,2.6353],[117.5028,3.6048,0.0],[117.5147,3.6227,0.5],[117.5185,3.633,7.264],[117.517,3.6387,4.1886],[117.5103,3.6346,0.5],[117.5052,3.6342,0.5],[117.5009,3.6361,0.5]]],
[[[117.3217,3.6175,2.7337],[117.319,3.6148,0.0],[117.3212,3.6128,4.9884],[117.3446,3.6118,0.0],[117.3603,3.6139,1.2641],[117.3705,3.6199,4.131],[117.3715,3.6219,0.0],[117.3661,3.6232,3.0817],[117.3503,3.623,3.6849],[117.3217,3.6175,2.7337]]],
[[[117.0921,3.6209,0.0],[117.0904,3.618,0.0],[117.1002,3.6143,2.9495],[117.1067,3.6204,9.6431],[117.0989,3.6241,0.9829],[117.0921,3.6209,0.0]]],
[[[117.5386,3.5819,0.5],[117.5466,3.5804,0.5],[117.549,3.5832,3.0657],[117.548,3.6012,0.5],[117.5423,3.6076,2.6847],[117.5249,3.6148,7.2331],[117.5208,3.6154,6.6996],[117.515,3.6131,6.6769],[117.5121,3.6091,2.3861],[117.5066,3.594,1.4568],[117.5263,3.5885,0.0],[117.5386,3.5819,0.5]]],
[[[116.9034,3.6357,0.0],[116.9026,3.6338,0.0],[116.906,3.629,0.9391],[116.9089,3.6318,1.1863],[116.908,3.6379,0.0],[116.9062,3.6393,1.0188],[116.9034,3.6357,0.0]]],
[[[117.7421,3.6958,1.7138],[117.7419,3.6987,1.7393],[117.7445,3.6995,1.6888],[117.7436,3.7078,0.0],[117.7404,3.7124,1.2548],[117.7331,3.7179,1.4245],[117.7292,3.7162,8.1487],[117.7289,3.7148,5.26],[117.7315,3.7128,6.3924],[117.7303,3.7013,1.0673],[117.7277,3.6975,2.1324],[117.7301,3.6929,1.0288],[117.7293,3.6876,4.2827],[117.7221,3.679,3.7719],[117.7155,3.6775,3.0813],[117.7151,3.6747,2.2767],[117.7103,3.6713,3.0249],[117.7084,3.6667,1.7392],[117.7116,3.6648,6.5882],[117.7093,3.6605,2.1618],[117.7106,3.6578,1.7134],[117.7104,3.6541,5.8688],[117.7123,3.6532,4.3204],[117.711,3.6488,1.4586],[117.7137,3.6436,1.6866],[117.7184,3.6377,3.8712],[117.7206,3.6385,11.4625],[117.7226,3.6357,4.4338],[117.7246,3.6362,13.3657],[117.7299,3.6324,14.2895],[117.7422,3.6364,0.4613],[117.749,3.6414,0.0],[117.7522,3.6491,0.0],[117.7641,3.6614,0.0],[117.7633,3.6639,0.6771],[117.7598,3.6643,5.6007],[117.761,3.67,5.2836],[117.7651,3.6696,0.69],[117.7688,3.6766,0.0],[117.7679,3.6834,0.0],[117.7597,3.6896,1.1037],[117.7595,3.6878,10.4398],[117.7549,3.6877,9.0132],[117.7534,3.6862,3.1436],[117.7529,3.6748,4.6284],[117.7492,3.6703,3.2439],[117.7449,3.6686,1.6275],[117.7415,3.669,4.4587],[117.736,3.6717,3.4881],[117.7351,3.6684,6.9767],[117.7346,3.6711,1.5069],[117.7356,3.6722,3.9908],[117.7462,3.6694,3.3594],[117.7508,3.6724,3.3407],[117.7532,3.6867,6.9989],[117.7553,3.6883,9.0132],[117.7589,3.6886,4.5005],[117.7519,3.6919,6.0977],[117.7448,3.6986,2.0324],[117.7425,3.6985,1.7393],[117.7429,3.6949,3.533],[117.7413,3.6954,3.533],[117.7403,3.6931,3.4936],[117.7342,3.6934,3.8001],[117.7399,3.6935,3.4936],[117.7408,3.6958,5.7053],[117.7421,3.6958,1.7138]]],
[[[116.9615,3.6393,4.162],[116.9597,3.63,7.4788],[116.9607,3.6242,1.7226],[116.9646,3.627,1.7624],[116.9696,3.6385,0.0],[116.9703,3.6442,5.4411],[116.9686,3.6532,2.7601],[116.9628,3.6455,0.0],[116.9615,3.6393,4.162]]],
[[[117.5187,3.6507,6.9947],[117.5126,3.6592,1.0],[117.502,3.6685,3.0347],[117.4919,3.6682,2.3614],[117.4901,3.6666,4.2217],[117.4891,3.6555,2.6986],[117.4976,3.6402,1.3218],[117.5034,3.6389,4.1835],[117.5078,3.6357,7.5875],[117.5138,3.6401,1.8709],[117.5213,3.6403,0.5],[117.5187,3.6507,6.9947]]],
[[[117.3726,3.6284,0.0],[117.3826,3.6331,13.9415],[117.3779,3.6366,9.1708],[117.3679,3.6335,0.0],[117.368,3.6306,0.0],[117.3726,3.6284,0.0]]],
[[[117.385,3.6371,0.0],[117.3822,3.6369,0.0],[117.3837,3.6342,4.0782],[117.3899,3.6339,14.974],[117.3881,3.6366,14.28],[117.385,3.6371,0.0]]],
[[[117.6016,3.7724,0.5],[117.5988,3.7734,3.6271],[117.5953,3.7776,0.5],[117.5988,3.7919,2.3957],[117.5962,3.7949,3.1172],[117.5923,3.793,0.9778],[117.578,3.7791,0.5],[117.571,3.7792,2.665],[117.5594,3.7828,3.277],[117.5317,3.766,1.9085],[117.5274,3.7684,1.0],[117.5242,3.7736,9.9499],[117.5209,3.7744,5.2463],[117.5049,3.765,5.0419],[117.5011,3.7651,4.499],[117.4984,3.7677,1.0],[117.499,3.7739,1.0],[117.4957,3.7734,6.8207],[117.4838,3.7651,9.4557],[117.4782,3.7557,6.7731],[117.4783,3.7505,6.2909],[117.4852,3.7469,6.0495],[117.4861,3.7446,7.3808],[117.4834,3.7277,1.0],[117.4891,3.7268,1.5227],[117.4911,3.7246,1.6831],[117.4903,3.7203,1.5144],[117.4858,3.7168,1.0],[117.4969,3.7088,2.4955],[117.5019,3.7026,2.9937],[117.5106,3.6847,7.4489],[117.5239,3.6718,1.6397],[117.5369,3.6633,2.568],[117.5556,3.6467,2.4114],[117.5882,3.6293,4.0944],[117.6072,3.6252,0.5],[117.6486,3.6202,8.1129],[117.6563,3.6167,0.0],[117.6654,3.6152,0.7066],[117.6766,3.6226,12.7169],[117.6979,3.6291,7.2061],[117.6978,3.6306,13.7629],[117.7048,3.6294,10.9851],[117.7084,3.6299,7.2646],[117.7084,3.6317,6.3977],[117.7147,3.6319,11.7705],[117.716,3.6377,10.1941],[117.71,3.6484,2.8457],[117.7118,3.6528,2.4906],[117.7095,3.654,2.3759],[117.7085,3.6612,2.1618],[117.7111,3.6645,6.5882],[117.7081,3.665,5.3216],[117.7079,3.6675,4.2534],[117.7099,3.6719,3.898],[117.7149,3.6753,2.2767],[117.7147,3.678,3.0813],[117.7181,3.6785,3.2608],[117.719,3.6802,3.0785],[117.7224,3.6799,3.7719],[117.7288,3.6879,4.2827],[117.7294,3.6925,1.0288],[117.7268,3.6978,2.1324],[117.7294,3.7008,1.0673],[117.731,3.7122,6.3924],[117.7278,3.7157,8.7309],[117.7315,3.72,0.0],[117.7287,3.7277,0.0],[117.7259,3.729,1.4448],[117.7038,3.7258,7.5236],[117.7003,3.7299,0.0],[117.7036,3.7361,9.2004],[117.703,3.7393,5.8794],[117.7008,3.741,1.1106],[117.6952,3.7368,7.6369],[117.6918,3.7364,3.8461],[117.6872,3.7395,5.9529],[117.6854,3.7452,4.1342],[117.6837,3.7439,4.1342],[117.6844,3.7372,4.2627],[117.6807,3.7329,4.1962],[117.6772,3.734,4.4281],[117.6768,3.7353,5.3979],[117.6751,3.7345,6.3343],[117.6723,3.7358,4.8912],[117.6711,3.7349,5.4651],[117.6708,3.7364,5.7821],[117.67529999999999,3.7351,5.3979],[117.6768,3.7364,8.1314],[117.6778,3.7345,4.4281],[117.6794,3.7354,5.4481],[117.681,3.7338,5.4481],[117.6841,3.7385,4.2627],[117.6827,3.7437,8.8462],[117.6854,3.7461,8.4601],[117.685,3.7476,3.1756],[117.6798,3.7459,4.8757],[117.6755,3.748,2.4247],[117.674,3.7437,4.8221],[117.672,3.7427,4.0689],[117.669,3.7437,6.2088],[117.6665,3.7469,7.4994],[117.6599,3.7455,1.6639],[117.6607,3.7536,4.819],[117.6552,3.7521,3.1877],[117.6503,3.761,4.4447],[117.6444,3.7602,5.2134],[117.6446,3.7654,5.1514],[117.6421,3.7623,3.2458],[117.6389,3.762,2.5257],[117.6374,3.7638,1.1803],[117.6377,3.7661,2.0198],[117.6405,3.7683,2.5778],[117.6368,3.7702,2.5135],[117.6356,3.7686,3.2272],[117.6359,3.7699,2.3593],[117.6373,3.7707,2.3494],[117.641,3.769,2.7433],[117.6412,3.7677,2.5778],[117.638,3.7652,1.1803],[117.6393,3.7625,1.8829],[117.6414,3.7625,3.2458],[117.6432,3.7658,3.9857],[117.6449,3.7663,1.916],[117.6462,3.7638,5.1514],[117.6446,3.7608,6.793],[117.6505,3.7617,8.1513],[117.6539,3.7565,2.792],[117.655,3.7529,3.1877],[117.6568,3.7527,3.2369],[117.6583,3.7548,8.091],[117.6613,3.754,5.9111],[117.6609,3.7463,2.3149],[117.667,3.748,4.7829],[117.6719,3.7437,4.0689],[117.6759,3.7492,5.8403],[117.6804,3.7472,5.5155],[117.6855,3.7488,9.4054],[117.6883,3.7409,6.5226],[117.6923,3.7377,2.1168],[117.6959,3.7385,5.6657],[117.699,3.742,1.5233],[117.7026,3.742,0.0],[117.705,3.7371,5.3354],[117.702,3.7297,4.3924],[117.7044,3.7275,4.6333],[117.7121,3.7276,5.3901],[117.727,3.7325,0.0],[117.7295,3.738,0.8654],[117.729,3.7409,3.9662],[117.7244,3.7432,8.1019],[117.7118,3.7422,2.1504],[117.7087,3.7477,0.8953],[117.7008,3.75,1.7108],[117.6791,3.762,8.4547],[117.6773,3.7649,1.8275],[117.6741,3.7657,2.9986],[117.6639,3.771,1.7414],[117.6647,3.7735,1.7987],[117.6738,3.7756,0.7969],[117.6649,3.7841,0.0],[117.6611,3.7825,2.4447],[117.6562,3.7714,0.6858],[117.6505,3.7677,2.0456],[117.6426,3.7692,1.6358],[117.631,3.7761,1.9805],[117.6236,3.7763,0.5],[117.6088,3.7714,2.3128],[117.6016,3.7724,0.5]]],
[[[117.2463,3.2437,1.0],[117.2463,3.242,0.75],[117.2526,3.2417,0.5],[117.2578,3.2433,0.5],[117.2571,3.2444,2.9989],[117.2463,3.2437,1.0]]],
[[[117.4357,3.2641,5.2311],[117.4445,3.2722,7.164],[117.4553,3.2774,2.6433],[117.4684,3.2879,4.4316],[117.4711,3.295,3.2106],[117.4678,3.3047,0.0],[117.464,3.3063,3.3351],[117.4598,3.3044,2.6627],[117.4502,3.2833,4.0702],[117.4438,3.2785,3.7906],[117.4383,3.2772,0.0],[117.4167,3.278,5.1284],[117.3992,3.2748,4.9036],[117.3928,3.2762,3.8347],[117.3841,3.2808,4.1153],[117.3798,3.2764,9.5482],[117.3813,3.2708,2.432],[117.386,3.2714,2.9937],[117.3965,3.2654,1.2883],[117.4108,3.2481,0.0],[117.416,3.2481,0.0],[117.4262,3.2518,0.0],[117.4357,3.2641,5.2311]]],
[[[117.3772,3.2804,1.625],[117.376,3.2758,0.5],[117.3783,3.2752,0.5],[117.383,3.2819,4.1153],[117.3818,3.2848,1.3753],[117.3795,3.2834,4.2806],[117.3772,3.2804,1.625]]],
[[[117.3764,3.274,2.5768],[117.3751,3.2751,2.5768],[117.3754,3.28,1.4128],[117.3816,3.2866,0.5],[117.3837,3.2934,0.5],[117.388,3.2996,0.5],[117.3872,3.3067,0.5],[117.3822,3.31,7.4138],[117.3798,3.309,2.45],[117.3752,3.299,6.9864],[117.3687,3.294,1.2588],[117.3663,3.2894,1.9386],[117.3655,3.2868,2.8217],[117.3673,3.281,3.1094],[117.3633,3.2796,2.4417],[117.3619,3.2749,4.336],[117.3594,3.272,5.2458],[117.3548,3.2711,3.6757],[117.3551,3.268,1.4015],[117.3612,3.263,8.2282],[117.363,3.254,3.7627],[117.366,3.2545,2.739],[117.3705,3.2649,5.9401],[117.3789,3.2705,0.5],[117.3789,3.2736,0.5],[117.3764,3.274,2.5768]]],
[[[117.5243,3.2925,2.3808],[117.5218,3.3012,1.8748],[117.5056,3.3207,1.988],[117.492,3.3262,0.0],[117.4639,3.332,3.4643],[117.4455,3.341,4.7872],[117.4356,3.3373,1.3496],[117.4147,3.3212,5.2748],[117.398,3.3141,2.7194],[117.3982,3.312,1.6937],[117.4038,3.3063,1.4566],[117.3963,3.313,0.5],[117.3915,3.3145,3.4773],[117.3864,3.3187,4.186],[117.3826,3.3139,0.5],[117.3879,3.3087,2.8972],[117.3903,3.3034,5.0797],[117.39,3.2992,5.0339],[117.3835,3.2866,6.1934],[117.384,3.2843,4.5608],[117.3878,3.2794,7.3029],[117.3961,3.2763,5.4044],[117.4134,3.2791,10.5449],[117.4361,3.2786,0.0],[117.4447,3.2801,1.8451],[117.4492,3.2846,0.7456],[117.4574,3.3051,0.0],[117.4624,3.3081,1.8869],[117.4695,3.3055,3.0882],[117.4736,3.2972,2.6747],[117.4734,3.2943,0.0],[117.4688,3.2845,0.914],[117.4564,3.2751,0.0],[117.4592,3.2721,5.8879],[117.475,3.2756,5.4227],[117.4763,3.2771,3.1546],[117.4824,3.2754,0.0],[117.493,3.2778,2.6743],[117.4989,3.2749,0.0],[117.5023,3.2768,3.3634],[117.5078,3.2748,0.9817],[117.5158,3.2754,0.0],[117.5206,3.2811,2.3913],[117.5243,3.2925,2.3808]]],
[[[117.5005,3.3917,0.0],[117.4993,3.4022,2.3193],[117.4943,3.4067,3.2708],[117.455,3.4063,6.2996],[117.4505,3.4046,1.2196],[117.4481,3.3981,0.0],[117.4502,3.3787,1.5762],[117.4497,3.3613,2.0303],[117.4516,3.3491,3.8314],[117.4812,3.3447,3.1762],[117.4876,3.3409,0.0],[117.4974,3.3416,0.0],[117.5033,3.3495,0.0],[117.5052,3.3589,0.5558],[117.5021,3.3711,1.7302],[117.5019,3.3866,2.3061],[117.5005,3.3917,0.0]]],
[[[117.6615,3.347,0.0],[117.665,3.3585,0.0],[117.6689,3.3619,0.0],[117.6679,3.3687,0.0],[117.6655,3.3696,4.2849],[117.6649,3.3823,2.2214],[117.6671,3.391,0.0],[117.6691,3.3923,0.0],[117.6687,3.4032,1.4572],[117.6648,3.4105,2.5954],[117.6546,3.4152,7.1472],[117.6491,3.4157,14.101],[117.6183,3.4344,6.5556],[117.6085,3.4342,6.8355],[117.6016,3.4371,7.4159],[117.5654,3.4327,11.025],[117.5598,3.4336,27.0043],[117.5556,3.4363,44.6772],[117.5506,3.4357,39.198],[117.5373,3.4246,4.5258],[117.5337,3.4173,2.6276],[117.5283,3.4142,4.1499],[117.5271,3.4117,2.5088],[117.5227,3.4109,4.5004],[117.521,3.405,2.1041],[117.5194,3.4043,3.0196],[117.5193,3.4001,2.7976],[117.5163,3.4002,0.0],[117.5143,3.3842,0.0],[117.5185,3.3681,0.0],[117.5311,3.3533,4.1677],[117.5367,3.3438,0.0],[117.5421,3.3255,4.6186],[117.5666,3.309,6.5224],[117.581,3.2957,3.4961],[117.5943,3.2795,0.0],[117.5972,3.2818,1.9391],[117.6012,3.2807,2.3096],[117.6021,3.2825,4.5514],[117.6063,3.279,4.4864],[117.6097,3.2797,0.0],[117.6131,3.266,0.0],[117.6186,3.2531,0.0],[117.6287,3.2417,0.0],[117.6385,3.2379,0.0],[117.6469,3.238,0.0],[117.6498,3.24,0.0],[117.657,3.2515,0.0],[117.6574,3.2904,0.0],[117.655,3.2908,1.0236],[117.659,3.317,0.0],[117.6581,3.3293,1.6695],[117.6618,3.3401,0.0],[117.6615,3.347,0.0]]],
[[[117.4223,3.3721,4.9745],[117.4157,3.3429,0.0],[117.4172,3.3397,4.4637],[117.424,3.3405,2.6496],[117.4354,3.3491,2.6385],[117.4385,3.3637,1.3561],[117.4364,3.3733,2.0694],[117.4438,3.4001,1.4096],[117.44,3.4161,5.1638],[117.4355,3.4187,6.657],[117.4195,3.4207,7.2048],[117.4102,3.4235,5.6458],[117.3926,3.43,1.4132],[117.3766,3.4384,4.1394],[117.3668,3.441,1.0121],[117.3666,3.4228,2.776],[117.3692,3.4166,0.0],[117.3728,3.4142,5.0325],[117.3976,3.4073,4.5624],[117.4081,3.4001,4.1191],[117.4209,3.3816,1.5755],[117.4223,3.3721,4.9745]]]]}}