{"type":"Feature","properties":{"GID_1":"IDN.28_1","GID_0":"IDN","country":"Indonesia","province":"SulawesiTenggara","VARNAME_1":"NA","NL_NAME_1":"NA","TYPE_1":"Propinisi","ENGTYPE_1":"Province","CC_1":"74","HASC_1":"ID.SG","ISO_1":"ID-SG","name":"Sulawesi_Tenggara.province"},
"geometry":{"type": "MultiPolygon","coordinates": [[[[122.7179,-6.2029,0.0],[122.7092,-6.1977,0.0],[122.6965,-6.1849,0.0],[122.6841,-6.1837,88.6747],[122.6794,-6.1807,4.7165],[122.6725,-6.1815,0.0],[122.6723,-6.1838,28.2571],[122.6757,-6.1871,145.6689],[122.6753,-6.1943,0.0],[122.6783,-6.1986,0.0],[122.6864,-6.2047,17.9591],[122.691,-6.2049,30.9401],[122.6917,-6.208,1.9066],[122.6957,-6.21,16.519],[122.6977,-6.2134,0.0],[122.7069,-6.2127,27.4593],[122.7157,-6.2182,0.0],[122.7197,-6.2161,0.0],[122.7315,-6.2176,0.0],[122.7362,-6.2147,0.0],[122.7366,-6.2096,0.0],[122.7231,-6.2072,0.8098],[122.7179,-6.2029,0.0]]],
[[[122.7208,-5.6888,0.0],[122.7255,-5.6919,0.0],[122.7289,-5.6883,7.9192],[122.7262,-5.6813,130.2494],[122.7269,-5.6741,0.0],[122.7302,-5.6713,14.5663],[122.7322,-5.6717,13.9472],[122.7348,-5.6645,115.9832],[122.7395,-5.6595,0.0],[122.7435,-5.6399,15.0893],[122.747,-5.6389,4.0008],[122.7505,-5.6405,0.0],[122.7568,-5.6399,9.2774],[122.76,-5.6425,32.5317],[122.7617,-5.6507,37.9438],[122.7597,-5.6559,27.5932],[122.773,-5.664,108.5729],[122.7721,-5.6771,65.3847],[122.7581,-5.6872,43.1282],[122.7535,-5.6934,0.0],[122.7555,-5.6969,0.0],[122.7779,-5.7038,0.0],[122.7864,-5.7025,7.2374],[122.803,-5.696,5.5529],[122.8101,-5.6745,13.4348],[122.8215,-5.6517,56.8996],[122.8341,-5.6397,0.0],[122.8388,-5.6321,0.8274],[122.8492,-5.6206,1.5193],[122.8609,-5.6106,0.0],[122.8632,-5.6054,0.0],[122.863,-5.6012,0.0],[122.8674,-5.5952,0.0],[122.8676,-5.5925,8.637],[122.887,-5.5769,0.0],[122.8893,-5.5709,14.4792],[122.8966,-5.5637,0.0],[122.8985,-5.5605,0.0],[122.8968,-5.5595,0.0],[122.8937,-5.5647,0.0],[122.8926,-5.56,0.5355],[122.8983,-5.552,0.0],[122.8963,-5.5459,0.2747],[122.8964,-5.5438,0.0],[122.898,-5.543,0.0],[122.8982,-5.5237,0.0],[122.8973,-5.5178,1.7235],[122.8956,-5.5162,0.0],[122.8843,-5.5109,8.0153],[122.881,-5.5069,6.4923],[122.876,-5.5064,4.1446],[122.8725,-5.5086,0.9873],[122.8629,-5.5224,9.6812],[122.8472,-5.5284,12.8376],[122.848,-5.5269,9.6963],[122.8447,-5.5241,2.1299],[122.8434,-5.5215,5.9119],[122.8419,-5.5171,20.7898],[122.8439,-5.5222,5.9119],[122.8451,-5.5172,0.0],[122.8443,-5.5088,0.0],[122.8487,-5.4857,7.3893],[122.8582,-5.471,19.8722],[122.862,-5.4687,0.0],[122.8641,-5.4642,3.8284],[122.8761,-5.4518,3.4003],[122.8952,-5.4392,4.0815],[122.9015,-5.4397,0.0],[122.9044,-5.4379,12.6796],[122.903,-5.4396,0.0],[122.9126,-5.4385,5.921],[122.914,-5.4398,0.0],[122.9231,-5.437,0.0],[122.9413,-5.424,1.295],[122.9466,-5.4141,12.1114],[122.955,-5.4094,11.3088],[122.962,-5.4079,3.9984],[122.9718,-5.3952,12.7967],[122.9749,-5.3941,19.1434],[122.9874,-5.3944,3.7599],[122.9898,-5.3989,0.0],[122.997,-5.4008,15.9587],[122.9993,-5.4077,0.7093],[123.0007,-5.4064,3.7171],[123.0019,-5.4081,5.8481],[123.0017,-5.4124,1.8995],[123.0044,-5.4141,2.37],[123.003,-5.4162,1.2544],[123.0041,-5.4217,0.333],[123.0101,-5.4342,3.4708],[123.0138,-5.4382,5.2472],[123.0155,-5.444,3.2856],[123.0352,-5.4371,6.8754],[123.0601,-5.4224,7.4508],[123.0966,-5.4104,2.1917],[123.1137,-5.4006,4.6896],[123.1238,-5.4012,7.6377],[123.1311,-5.3988,5.895],[123.1357,-5.3959,2.9573],[123.1404,-5.3894,18.1331],[123.1419,-5.3832,0.9033],[123.1532,-5.3737,0.0],[123.1541,-5.3702,3.7655],[123.1575,-5.3685,0.0],[123.1587,-5.3638,7.7995],[123.1619,-5.3619,3.4267],[123.1623,-5.3647,0.0],[123.1643,-5.3647,0.9128],[123.1673,-5.3569,13.362],[123.1686,-5.3596,0.0],[123.1727,-5.3591,8.8047],[123.177,-5.3494,8.3116],[123.1939,-5.3333,2.58],[123.1963,-5.329,0.0],[123.1975,-5.32,5.1932],[123.2033,-5.3113,0.0],[123.208,-5.3084,12.445],[123.2113,-5.3083,0.0],[123.2168,-5.3037,0.0],[123.2216,-5.2905,0.0],[123.2243,-5.2787,12.8349],[123.2203,-5.2724,0.0],[123.2154,-5.2703,0.2086],[123.2085,-5.2701,0.0],[123.2023,-5.2724,0.8531],[123.1991,-5.2717,5.5722],[123.1979,-5.27,1.4424],[123.1997,-5.2672,5.2921],[123.1981,-5.2606,4.1874],[123.1941,-5.2574,0.0],[123.1893,-5.2567,2.1848],[123.1848,-5.2494,0.0],[123.1805,-5.2467,11.7468],[123.1756,-5.2462,0.0],[123.1619,-5.2492,0.5142],[123.1507,-5.2474,4.3286],[123.1473,-5.2407,1.7197],[123.1409,-5.2382,1.2505],[123.1413,-5.235,0.0],[123.1375,-5.2269,6.3762],[123.1328,-5.2238,1.0907],[123.1324,-5.2211,0.0],[123.1286,-5.2169,1.4504],[123.1175,-5.207,2.5846],[123.1094,-5.2042,0.0],[123.1064,-5.2082,0.2365],[123.1072,-5.2088,0.2365],[123.1024,-5.2133,2.0048],[123.0918,-5.2172,3.2844],[123.0917,-5.214,3.5213],[123.1007,-5.2109,1.6995],[123.1033,-5.207,5.0105],[123.1065,-5.1997,0.0],[123.1067,-5.1938,0.482],[123.1043,-5.1889,1.905],[123.0981,-5.1836,0.8141],[123.0948,-5.1836,9.6915],[123.0846,-5.1736,2.8172],[123.0826,-5.173,2.1757],[123.0766,-5.1773,0.0],[123.0692,-5.1861,0.0],[123.068,-5.1909,0.0],[123.0588,-5.1916,6.311],[123.0585,-5.1839,1.8801],[123.0635,-5.179,1.1977],[123.0687,-5.1769,0.0],[123.0658,-5.1737,3.9399],[123.0664,-5.1694,5.1669],[123.0691,-5.1671,5.2603],[123.0679,-5.1606,5.1289],[123.0599,-5.1524,1.2646],[123.0532,-5.151,0.0],[123.0396,-5.1381,1.5991],[123.0332,-5.1355,0.0],[123.0282,-5.1358,0.0],[123.0046,-5.1476,0.0],[122.9936,-5.16,0.0],[122.9788,-5.1806,10.991],[122.9712,-5.1878,0.0],[122.97,-5.1925,4.4733],[122.9676,-5.1939,0.0],[122.9692,-5.199,1.9786],[122.9637,-5.1991,0.0],[122.9606,-5.2018,1.0266],[122.9606,-5.2053,1.1719],[122.9631,-5.2068,0.1148],[122.9624,-5.2104,2.6465],[122.9595,-5.2079,0.0],[122.9553,-5.2084,0.0],[122.9558,-5.2161,7.0786],[122.9547,-5.2168,3.8175],[122.9446,-5.2163,9.8536],[122.9439,-5.2129,0.0],[122.9366,-5.209,13.6017],[122.9342,-5.205,9.8073],[122.9311,-5.1886,0.294],[122.9254,-5.1823,1.7629],[122.9207,-5.1825,0.0],[122.9198,-5.1794,16.2691],[122.921,-5.1745,8.9707],[122.9284,-5.1721,5.6424],[122.9376,-5.1664,0.8638],[122.9428,-5.1611,10.6202],[122.951,-5.1437,6.7308],[122.9646,-5.1325,15.9605],[122.9661,-5.1242,2.5585],[122.9733,-5.1154,17.8313],[122.972,-5.1136,9.8698],[122.971,-5.0959,11.9351],[122.9685,-5.0899,6.2526],[122.972,-5.0868,1.22],[122.9793,-5.0584,5.6747],[122.9778,-5.0563,3.7822],[122.9782,-5.0537,1.7835],[122.9721,-5.0462,18.6021],[122.9719,-5.0396,18.607],[122.9688,-5.0329,18.697],[122.9685,-5.0269,2.9044],[122.9633,-5.026,0.0],[122.955,-5.0292,4.0366],[122.9521,-5.0251,7.0264],[122.9514,-5.0193,8.3555],[122.9557,-5.0172,0.0],[122.9549,-5.0018,16.9232],[122.958,-4.9948,0.0],[122.9636,-4.9679,3.0645],[122.969,-4.9518,3.9076],[122.9775,-4.9515,1.0156],[122.9837,-4.9438,2.1966],[122.9892,-4.9439,3.721],[122.9875,-4.9385,1.5731],[122.9937,-4.9407,2.9601],[123.0013,-4.9358,0.0],[123.0005,-4.9329,18.9265],[123.0025,-4.9314,2.3384],[123.002,-4.9256,8.5662],[123.0039,-4.924,2.3348],[123.0093,-4.9041,0.0],[123.0077,-4.8883,13.5444],[123.006,-4.8853,9.5519],[123.007,-4.882,2.0741],[123.0057,-4.8718,6.4559],[123.0022,-4.8627,7.142],[123.0034,-4.862,1.7375],[123.0036,-4.8537,2.1071],[123.0005,-4.8434,2.1169],[122.9948,-4.837,0.7487],[122.9938,-4.827,3.5447],[123.0,-4.8247,4.3907],[123.0026,-4.8269,0.8683],[123.0057,-4.8239,5.0189],[123.0081,-4.8251,1.7658],[123.0091,-4.8237,0.0],[123.0055,-4.8203,2.3439],[123.008,-4.8157,8.8735],[123.0183,-4.8117,0.6911],[123.0204,-4.809,7.9156],[123.0226,-4.8104,2.042],[123.0248,-4.8076,8.8867],[123.0266,-4.8088,1.793],[123.0356,-4.8058,0.0],[123.0368,-4.8042,3.3475],[123.0357,-4.8035,3.3475],[123.0399,-4.8018,0.0],[123.0389,-4.797,5.1201],[123.0366,-4.7955,3.8472],[123.0374,-4.791,5.7995],[123.0324,-4.7739,5.6932],[123.0266,-4.77,13.0334],[123.0236,-4.7653,7.5857],[123.0242,-4.7636,5.4888],[123.0281,-4.7638,0.0],[123.0306,-4.7499,5.341],[123.0327,-4.746,11.2293],[123.0359,-4.7454,18.6075],[123.0365,-4.7505,11.5635],[123.039,-4.7551,0.0],[123.052,-4.7637,1.3176],[123.0561,-4.7702,0.0],[123.0582,-4.7683,0.0],[123.0574,-4.7652,3.6042],[123.0597,-4.7612,6.1376],[123.058,-4.7586,5.0316],[123.0622,-4.7527,7.6238],[123.0651,-4.7529,5.7045],[123.0693,-4.7559,0.7916],[123.071,-4.7549,0.0],[123.0758,-4.7562,10.4229],[123.0771,-4.75,1.8092],[123.0789,-4.7485,4.3486],[123.0787,-4.744,1.9336],[123.0793,-4.7483,4.3486],[123.0787,-4.7497,1.8092],[123.0838,-4.7599,2.4088],[123.0813,-4.7665,2.36],[123.0761,-4.7731,0.0],[123.0784,-4.7748,0.0],[123.0852,-4.7757,4.0909],[123.0794,-4.7758,5.3042],[123.0746,-4.7834,0.0],[123.0745,-4.7867,0.0],[123.0772,-4.7913,0.0],[123.081,-4.7901,2.7746],[123.0827,-4.7921,0.0],[123.0862,-4.7916,0.0],[123.0869,-4.7895,4.1375],[123.0854,-4.7879,9.9624],[123.0929,-4.7943,0.0],[123.1002,-4.7946,0.0],[123.0995,-4.7919,0.9337],[123.1032,-4.7915,4.0942],[123.1055,-4.7888,9.4499],[123.1041,-4.7873,6.9901],[123.106,-4.7855,0.0],[123.1047,-4.7834,7.8146],[123.1078,-4.7821,0.0],[123.1069,-4.7787,6.6328],[123.1096,-4.7708,7.8857],[123.1075,-4.7632,6.9191],[123.102,-4.7616,6.9751],[123.1025,-4.7351,8.2213],[123.1076,-4.7326,0.0],[123.1062,-4.7274,4.0601],[123.1094,-4.7275,3.8538],[123.11279999999999,-4.7319,0.9741],[123.1153,-4.7266,2.8063],[123.1144,-4.7231,0.0],[123.1086,-4.7182,5.9837],[123.106,-4.7135,0.0],[123.1073,-4.7085,6.966],[123.1096,-4.7081,1.2089],[123.1083,-4.706,7.7932],[123.1096,-4.7031,9.8386],[123.1089,-4.6986,7.6212],[123.1051,-4.6942,10.1488],[123.1058,-4.6945,12.8904],[123.1093,-4.6989,7.6212],[123.1108,-4.7058,2.1133],[123.1131,-4.7025,11.1687],[123.1118,-4.6971,0.5],[123.1144,-4.696,16.0384],[123.1192,-4.7015,0.0],[123.1206,-4.7064,11.4353],[123.1183,-4.7055,4.7512],[123.1167,-4.7081,2.3699],[123.1213,-4.7159,0.0],[123.1243,-4.7146,3.6027],[123.1245,-4.7106,10.2804],[123.1262,-4.7098,13.6322],[123.1249,-4.7113,6.1161],[123.1253,-4.7152,3.6027],[123.1293,-4.7217,0.0],[123.1342,-4.7212,5.5276],[123.1315,-4.7193,8.6618],[123.132,-4.7156,10.3609],[123.1325,-4.7194,10.7313],[123.1355,-4.7197,1.0558],[123.1394,-4.723,6.126],[123.1418,-4.721,8.5482],[123.1417,-4.7223,5.2042],[123.1404,-4.7234,6.126],[123.1378,-4.7236,0.0],[123.1379,-4.7254,0.0],[123.1423,-4.7268,1.0854],[123.1429,-4.729,5.3375],[123.1454,-4.7275,10.6895],[123.1487,-4.7288,3.7636],[123.149,-4.7311,9.8713],[123.1482,-4.7292,3.7636],[123.1464,-4.7305,0.0],[123.1491,-4.7325,11.3005],[123.1485,-4.7354,6.7537],[123.1459,-4.7347,5.5769],[123.1449,-4.7366,5.1668],[123.152,-4.7414,1.2781],[123.1526,-4.7451,5.4865],[123.1497,-4.7412,0.9271],[123.147,-4.7409,0.8685],[123.1394,-4.7481,0.0],[123.1403,-4.7514,5.4768],[123.1384,-4.7508,0.0],[123.1325,-4.7548,5.683],[123.1334,-4.7572,2.2177],[123.1372,-4.7558,3.5405],[123.1471,-4.7593,3.5917],[123.1522,-4.7592,1.8886],[123.1525,-4.7577,4.5427],[123.1567,-4.7614,0.0],[123.1602,-4.7614,0.6834],[123.1631,-4.7638,0.4421],[123.1652,-4.7626,4.0587],[123.1646,-4.7651,2.1663],[123.1616,-4.7659,0.0],[123.1605,-4.7698,0.782],[123.1627,-4.7689,4.0618],[123.1631,-4.7724,0.8906],[123.1686,-4.7732,0.4948],[123.1714,-4.7709,0.0],[123.1705,-4.7666,6.5946],[123.1712,-4.7689,4.1618],[123.1762,-4.7706,3.9746],[123.175,-4.7751,0.0],[123.1699,-4.7786,3.7798],[123.1686,-4.7817,4.7916],[123.1703,-4.79,8.4553],[123.1692,-4.7951,0.3232],[123.1714,-4.7989,7.2931],[123.1724,-4.834,0.0],[123.1736,-4.8368,0.551],[123.1836,-4.8509,0.0],[123.1912,-4.857,0.0],[123.2008,-4.8613,0.0],[123.2048,-4.8668,2.3244],[123.2104,-4.8648,10.1795],[123.2132,-4.8586,0.0],[123.214,-4.826,8.6838],[123.2092,-4.8215,19.757],[123.2078,-4.8176,12.2078],[123.2056,-4.7916,10.9555],[123.2022,-4.7766,23.2694],[123.2076,-4.7524,12.0232],[123.207,-4.7353,6.9926],[123.2102,-4.7289,3.8943],[123.2103,-4.7255,6.725],[123.2082,-4.7295,14.8782],[123.2122,-4.7151,7.5384],[123.2068,-4.6752,0.0],[123.2035,-4.6649,4.6159],[123.2043,-4.6627,0.0],[123.2017,-4.6625,13.4172],[123.2008,-4.6607,8.4057],[123.2021,-4.6587,6.0959],[123.1985,-4.6566,3.6572],[123.1981,-4.6594,1.6368],[123.1949,-4.6603,12.0965],[123.1991,-4.6705,13.5634],[123.1989,-4.6738,12.1834],[123.1973,-4.6778,6.8185],[123.1945,-4.6768,8.4949],[123.1938,-4.6789,2.8802],[123.1947,-4.6803,1.683],[123.201,-4.6804,6.7387],[123.202,-4.6929,16.252],[123.2005,-4.6949,14.2539],[123.2006,-4.6913,16.252],[123.1981,-4.6925,3.0079],[123.1948,-4.6911,10.277],[123.1969,-4.6883,4.559],[123.1991,-4.6887,4.3137],[123.1982,-4.6853,2.3181],[123.1947,-4.6875,7.6896],[123.1918,-4.6839,0.0],[123.1915,-4.6866,10.7032],[123.1892,-4.6858,15.5014],[123.1874,-4.6793,13.3241],[123.1895,-4.679,6.2531],[123.1882,-4.6778,5.653],[123.1879,-4.6714,0.0],[123.183,-4.6757,6.1671],[123.181,-4.6754,6.5639],[123.1792,-4.6746,7.6875],[123.1781,-4.6736,6.4086],[123.1773,-4.6715,5.8443],[123.177,-4.668,8.7289],[123.1783,-4.6667,1.1533],[123.1762,-4.6623,6.6969],[123.1768,-4.6609,8.0667],[123.1812,-4.6607,18.9056],[123.1834,-4.6551,29.0267],[123.1845,-4.6599,0.0],[123.1863,-4.6581,0.0],[123.1862,-4.6529,0.0],[123.1834,-4.6496,36.2582],[123.1843,-4.6466,0.0],[123.1826,-4.645,8.422],[123.1807,-4.6465,13.7252],[123.1801,-4.6455,5.9842],[123.1827,-4.6416,10.0879],[123.1879,-4.6457,2.8449],[123.19,-4.6459,1.6733],[123.192,-4.6427,0.0],[123.1909,-4.6402,3.5404],[123.1876,-4.6409,6.8423],[123.1842,-4.6339,0.0],[123.1858,-4.6307,10.1548],[123.1879,-4.6308,0.0],[123.1893,-4.6279,15.0672],[123.1927,-4.6304,0.0],[123.1917,-4.6239,34.0764],[123.1927,-4.6219,0.0],[123.1915,-4.6208,40.948],[123.193,-4.6177,4.1757],[123.1938,-4.6204,1.3376999999999999],[123.1969,-4.6191,1.1912],[123.1984,-4.6164,0.7859],[123.2011,-4.6223,0.7757],[123.2052,-4.623,0.0],[123.2077,-4.6197,4.0448],[123.2087,-4.6129,0.9514],[123.204,-4.6096,6.5507],[123.1978,-4.6099,12.0012],[123.2007,-4.6073,3.3285],[123.1988,-4.5988,0.0],[123.1966,-4.5964,4.5537],[123.1966,-4.5928,0.0],[123.1905,-4.5869,13.9604],[123.1917,-4.581,8.6427],[123.1805,-4.5635,6.8386],[123.1796,-4.5561,0.0],[123.1751,-4.5521,26.7497],[123.1705,-4.5431,18.0821],[123.1622,-4.5404,5.7906],[123.1563,-4.5226,4.0981],[123.1516,-4.52,9.2605],[123.1506,-4.5171,1.554],[123.1499,-4.518,7.3361],[123.1473,-4.5165,24.2777],[123.1473,-4.5132,1.8269],[123.1461,-4.5135,9.563],[123.1457,-4.5114,6.9352],[123.1472,-4.509,1.7437],[123.1463,-4.5059,3.2496],[123.1405,-4.4982,0.0],[123.1416,-4.4867,0.0],[123.1389,-4.4823,3.1957],[123.1364,-4.4818,15.9472],[123.1341,-4.4844,0.0],[123.1308,-4.4842,3.1516],[123.125,-4.4767,9.9279],[123.1215,-4.4771,16.0691],[123.1184,-4.4751,16.6725],[123.1163,-4.4767,52.1409],[123.1145,-4.4747,0.0],[123.1149,-4.4839,29.9367],[123.1069,-4.4724,11.5089],[123.1091,-4.4702,18.4823],[123.1058,-4.4601,0.0],[123.1036,-4.4618,22.7094],[123.1026,-4.459,0.0],[123.1005,-4.4597,8.0484],[123.1002,-4.4543,0.0],[123.0939,-4.4604,2.5532],[123.0862,-4.4583,6.0559],[123.0806,-4.4595,8.3229],[123.0806,-4.4582,8.3229],[123.0767,-4.4568,94.2739],[123.0761,-4.4545,17.1932],[123.0777,-4.4501,5.5634],[123.0765,-4.4472,75.4356],[123.0781,-4.4467,9.9652],[123.0783,-4.4436,57.5062],[123.0762,-4.4411,1.0766],[123.0742,-4.4411,7.8744],[123.0734,-4.4364,15.3133],[123.0699,-4.4324,30.7648],[123.0663,-4.431,0.0],[123.061,-4.4338,35.3124],[123.0586,-4.4309,0.0],[123.052,-4.43,68.4462],[123.0451,-4.4247,37.2661],[123.0445,-4.4199,0.0],[123.0496,-4.4177,59.9424],[123.0505,-4.4157,33.0856],[123.0526,-4.4163,0.0],[123.0515,-4.4131,59.317],[123.0561,-4.4111,57.3482],[123.0587,-4.4122,9.9134],[123.0619,-4.4084,3.6639],[123.0659,-4.4101,2.2738],[123.0668,-4.4127,11.2231],[123.0694,-4.4083,24.1362],[123.073,-4.4075,5.0175],[123.0784,-4.4021,53.4515],[123.0811,-4.3916,0.0],[123.0825,-4.3889,44.168],[123.0843,-4.3888,14.507],[123.0812,-4.3804,0.0],[123.0784,-4.3797,86.6099],[123.0796,-4.3783,0.0],[123.0781,-4.3761,41.0731],[123.0822,-4.3748,3.1192],[123.0805,-4.3735,27.4884],[123.0789,-4.3668,0.0],[123.0733,-4.3666,48.8582],[123.0691,-4.3706,10.7218],[123.0634,-4.371,0.0],[123.0574,-4.3743,15.1973],[123.0573,-4.3666,10.6051],[123.0542,-4.3703,42.4522],[123.0522,-4.3672,0.0],[123.0497,-4.369,9.1874],[123.0423,-4.3694,0.0],[123.0336,-4.3771,8.7638],[123.0251,-4.3795,0.0],[123.0179,-4.3846,35.8968],[123.016,-4.3889,7.5387],[123.0111,-4.3938,11.376],[123.0036,-4.3948,22.5315],[122.9967,-4.3987,5.2903],[122.9933,-4.3944,0.0],[122.9894,-4.3976,0.0],[122.9874,-4.403,36.602],[122.9756,-4.4135,2.8733],[122.9669,-4.4148,2.0958],[122.9605,-4.4203,5.292],[122.9505,-4.4251,6.5681],[122.9452,-4.4316,1.9384],[122.9464,-4.4356,0.1821],[122.9435,-4.4382,9.3407],[122.9361,-4.4441,0.6905],[122.9268,-4.4482,7.9032],[122.9226,-4.454,16.2005],[122.9074,-4.4609,0.0],[122.9054,-4.465,8.1966],[122.9069,-4.4714,6.7099],[122.9051,-4.4712,0.8979],[122.9004,-4.477,3.084],[122.8987,-4.482,2.2555],[122.893,-4.4882,8.9895],[122.8909,-4.4885,4.0321],[122.8896,-4.4972,11.3958],[122.8798,-4.5038,3.2696],[122.8805,-4.5163,3.5268],[122.8674,-4.526,0.5112],[122.8686,-4.5322,0.0],[122.8669,-4.5505,9.7759],[122.8577,-4.5693,10.7297],[122.8543,-4.5718,2.3294],[122.8487,-4.5896,7.1832],[122.8479,-4.6041,0.0],[122.8496,-4.6048,1.1369],[122.8499,-4.6077,0.0],[122.8478,-4.6178,0.0],[122.8446,-4.6243,15.8214],[122.8434,-4.6428,6.1417],[122.8393,-4.6535,3.5706],[122.8319,-4.6619,4.8764],[122.8317,-4.6704,0.0],[122.8284,-4.6784,5.0128],[122.829,-4.6804,1.8936],[122.8335,-4.683,0.0],[122.8352,-4.6905,1.9378],[122.8408,-4.6948,2.7019],[122.8395,-4.7016,0.0],[122.8403,-4.7101,4.2328],[122.844,-4.7166,1.1454],[122.8453,-4.7237,1.5728],[122.8413,-4.7308,0.0],[122.8412,-4.74,0.0],[122.8481,-4.7531,0.0],[122.8477,-4.7601,0.0],[122.8508,-4.7653,24.3929],[122.8489,-4.7663,0.0],[122.8553,-4.7696,46.1002],[122.8542,-4.7725,3.2615],[122.8574,-4.7798,6.3105],[122.8523,-4.7938,2.0164],[122.8461,-4.8004,0.0],[122.8447,-4.8185,17.4092],[122.8399,-4.8353,1.5712],[122.8321,-4.8384,4.3527],[122.8161,-4.8282,0.0],[122.8133,-4.8287,0.0],[122.8169,-4.8316,11.3965],[122.8185,-4.8386,7.0083],[122.8131,-4.8491,0.0],[122.8124,-4.8568,1.7281],[122.8092,-4.8587,0.0],[122.8078,-4.8613,6.0366],[122.8088,-4.8636,1.7904],[122.806,-4.8668,0.5985],[122.8066,-4.8689,0.0],[122.8227,-4.881,3.3623],[122.8286,-4.8891,2.716],[122.8314,-4.8974,0.0],[122.8318,-4.9207,0.0],[122.8223,-4.9215,1.6969],[122.8203,-4.9258,0.0],[122.8201,-4.9324,13.9636],[122.8177,-4.9335,9.5291],[122.8174,-4.9393,0.0],[122.8149,-4.9422,0.0],[122.816,-4.9484,52.1952],[122.8122,-4.9603,7.8502],[122.8145,-4.9697,0.0],[122.8122,-4.9817,4.3004],[122.8078,-4.9853,9.2253],[122.7958,-4.9869,3.4869],[122.7901,-4.9916,15.4408],[122.7889,-4.9955,35.7822],[122.78,-5.0043,0.0],[122.7733,-5.0077,1.5764],[122.7667,-5.0077,0.0],[122.7635,-5.015,0.3637],[122.7585,-5.0188,4.574],[122.7493,-5.036,0.6708],[122.7406,-5.0396,2.3319],[122.7384,-5.0529,2.469],[122.7409,-5.0554,1.0688],[122.7434,-5.0546,0.0],[122.7541,-5.0392,8.4935],[122.7607,-5.0386,1.4909],[122.7629,-5.041,8.9019],[122.7893,-5.0192,4.0074],[122.7955,-5.0195,2.4564],[122.8025,-5.0266,0.0],[122.7988,-5.0324,0.0],[122.8023,-5.0373,2.1675],[122.8028,-5.044,2.9115],[122.7993,-5.0517,79.0506],[122.7962,-5.0546,2.4225],[122.7949,-5.0603,31.0118],[122.7882,-5.0678,0.0],[122.7818,-5.0718,30.6501],[122.7673,-5.0856,2.7272],[122.7605,-5.0951,0.0],[122.7602,-5.104,8.7812],[122.7575,-5.11,0.0],[122.7607,-5.1129,27.2814],[122.7645,-5.1112,4.7987],[122.7711,-5.1007,114.799],[122.7872,-5.0836,9.2674],[122.7878,-5.0876,0.0],[122.7895,-5.0889,5.0681],[122.7881,-5.0896,0.0],[122.7857,-5.0995,0.0],[122.7892,-5.1038,6.2463],[122.7891,-5.1066,8.3207],[122.784,-5.1096,3.9792],[122.772,-5.1105,0.0],[122.7689,-5.1203,0.0],[122.7666,-5.1221,2.058],[122.7619,-5.1335,30.778],[122.7375,-5.1704,40.493],[122.7404,-5.1795,30.2055],[122.7446,-5.1782,18.5188],[122.7495,-5.1733,7.8584],[122.7524,-5.1733,8.0967],[122.7583,-5.1876,30.2179],[122.7485,-5.2072,6.9594],[122.7472,-5.2199,0.0],[122.755,-5.229,2.1029],[122.7609,-5.2251,0.0],[122.7713,-5.203,16.9218],[122.7735,-5.2017,0.0],[122.7843,-5.1857,0.0],[122.7888,-5.1834,9.9268],[122.7937,-5.1857,13.8653],[122.7999,-5.1919,32.0417],[122.8067,-5.2026,0.0],[122.8086,-5.2108,42.2734],[122.8067,-5.2215,0.0],[122.7973,-5.2382,22.0297],[122.7922,-5.2429,0.0],[122.7821,-5.2444,0.0],[122.7709,-5.2541,4.2814],[122.7576,-5.2554,9.0349],[122.7531,-5.2535,1.9397],[122.7474,-5.2445,18.4939],[122.7535,-5.2409,32.759],[122.754,-5.2387,0.0],[122.7488,-5.2382,3.8964],[122.7424,-5.2435,7.5827],[122.7377,-5.2408,0.0],[122.7323,-5.2421,5.4595],[122.7258,-5.2484,0.0],[122.7191,-5.2597,26.824],[122.7142,-5.2616,3.0616],[122.7112,-5.2689,24.6636],[122.7077,-5.2719,0.0],[122.7084,-5.2778,16.0162],[122.7047,-5.284,12.8921],[122.7056,-5.2861,8.5128],[122.6999,-5.2921,0.0],[122.697,-5.3014,17.9147],[122.6883,-5.3159,6.0021],[122.6868,-5.3208,13.3377],[122.6839,-5.3221,16.5749],[122.6795,-5.3213,19.0982],[122.6762,-5.3081,2.7081],[122.6726,-5.3187,2.5128],[122.6686,-5.3213,25.8055],[122.6659,-5.3207,0.0],[122.6641,-5.3228,0.0],[122.6542,-5.3244,0.0],[122.6486,-5.3345,0.0],[122.6485,-5.3421,0.0],[122.6458,-5.3463,0.0],[122.6487,-5.3564,79.3445],[122.6402,-5.3671,0.0],[122.6301,-5.3871,0.0],[122.62,-5.3996,33.9174],[122.6186,-5.406,9.5823],[122.6265,-5.4076,17.1367],[122.628,-5.4089,0.8069],[122.627,-5.4109,0.0],[122.6281,-5.409,0.8069],[122.6357,-5.407,0.4252],[122.6408,-5.4113,1.7436],[122.6433,-5.4152,1.049],[122.6424,-5.4172,0.0],[122.6439,-5.4173,1.7091],[122.6474,-5.4233,1.0762],[122.6456,-5.4249,0.0],[122.6476,-5.4235,1.0762],[122.6486,-5.4244,1.0762],[122.6502,-5.4365,11.4062],[122.6467,-5.4437,20.4666],[122.6362,-5.4557,0.0],[122.6277,-5.4597,17.0456],[122.6216,-5.4577,0.0],[122.6163,-5.4579,0.0],[122.6159,-5.4562,0.0],[122.6142,-5.4572,2.3301],[122.6112,-5.4556,5.254],[122.6117,-5.4538,0.0],[122.61,-5.4537,0.0],[122.6099,-5.4549,5.254],[122.6087,-5.4538,0.0],[122.6086,-5.4551,4.9217],[122.6097,-5.4556,5.254],[122.6048,-5.4541,0.0],[122.604,-5.4525,0.0],[122.6037,-5.4556,4.05],[122.596,-5.4553,0.7329],[122.5926,-5.4567,0.3861],[122.5896,-5.4596,3.3191],[122.5894,-5.4629,9.2963],[122.5866,-5.467,3.3933],[122.5789,-5.4708,2.6922],[122.5726,-5.478,18.836],[122.5709,-5.4777,0.0],[122.5646,-5.482,18.4626],[122.5606,-5.4962,0.0],[122.5571,-5.5011,2.2581],[122.5578,-5.503,0.0],[122.5558,-5.5035,0.0],[122.5559,-5.5039,0.0],[122.558,-5.5032,0.0],[122.5594,-5.5081,8.4203],[122.557,-5.5126,6.9832],[122.5564,-5.5183,3.3912],[122.5667,-5.5228,15.3171],[122.5699,-5.5259,0.0],[122.5754,-5.5435,12.7992],[122.5777,-5.5455,29.6333],[122.5794,-5.5687,66.9026],[122.5811,-5.5738,50.5941],[122.5848,-5.5782,0.0],[122.588,-5.5795,9.8442],[122.5873,-5.5814,2.1789],[122.5909,-5.5866,0.6599],[122.5948,-5.603,0.0],[122.6025,-5.6197,0.0],[122.61279999999999,-5.6331,0.0],[122.6127,-5.6431,0.0],[122.6149,-5.6471,8.3374],[122.6139,-5.6519,24.9375],[122.6106,-5.6531,1.9389],[122.6101,-5.6548,2.6533],[122.6253,-5.6751,11.6056],[122.6249,-5.6801,10.5598],[122.6346,-5.6936,7.2775],[122.6462,-5.6994,9.4197],[122.6627,-5.6935,6.2611],[122.6725,-5.6831,4.3054],[122.6915,-5.6504,11.4468],[122.6961,-5.6396,0.0],[122.7015,-5.6321,18.6027],[122.7065,-5.629,0.0],[122.7073,-5.6235,5.7445],[122.712,-5.6194,4.8524],[122.7202,-5.6214,1.145],[122.7227,-5.6288,3.3989],[122.7122,-5.6594,3.0405],[122.71,-5.6735,0.0],[122.7101,-5.6786,0.0],[122.7124,-5.6828,0.0],[122.7208,-5.6888,0.0]]],
[[[124.6213,-6.1131,0.0],[124.6157,-6.1107,0.6407],[124.6081,-6.1164,13.0036],[124.6056,-6.1293,12.8433],[124.6073,-6.1324,0.0],[124.6108,-6.1324,0.0],[124.6207,-6.12,0.0],[124.6213,-6.1131,0.0]]],
[[[124.0511,-6.0252,73.3172],[124.0536,-6.0361,0.0],[124.0569,-6.0416,0.0],[124.0813,-6.0337,0.0],[124.089,-6.0264,0.0],[124.0915,-6.0205,0.0],[124.0911,-6.0117,0.0],[124.0882,-6.0009,0.0],[124.0744,-5.9755,0.0],[124.0682,-5.956,0.0],[124.0479,-5.907,0.0],[124.0389,-5.9018,0.0],[124.0232,-5.8892,0.0],[124.0143,-5.887,0.0],[123.9976,-5.8767,0.0],[123.9927,-5.876,0.0],[123.9896,-5.8777,0.0],[123.9802,-5.8963,43.0161],[123.9795,-5.902,34.1156],[123.9818,-5.9137,29.3579],[123.974,-5.9256,10.7876],[123.9729,-5.9361,48.0574],[123.9825,-5.9493,87.834],[123.9859,-5.9627,75.8352],[123.9906,-5.9683,0.0],[124.0109,-5.9747,0.7196],[124.0184,-5.9791,0.0],[124.0311,-5.979,0.7622],[124.0482,-5.9763,86.967],[124.0581,-5.98,112.4108],[124.0617,-5.9879,113.3836],[124.0608,-6.0064,102.116],[124.0515,-6.0214,86.9371],[124.0511,-6.0252,73.3172]]],
[[[123.9437,-5.8065,2.8203],[123.9261,-5.8054,15.2317],[123.9072,-5.8014,0.0],[123.9046,-5.8029,0.0],[123.905,-5.8053,7.3617],[123.9183,-5.8154,9.0121],[123.9219,-5.8171,13.7538],[123.9369,-5.8182,18.5557],[123.941,-5.8231,0.0],[123.9462,-5.8215,0.0],[123.946,-5.8149,10.1851],[123.9496,-5.8069,0.0],[123.9461,-5.8055,0.0],[123.9437,-5.8065,2.8203]]],
[[[124.3346,-5.8015,0.0],[124.3347,-5.8046,0.0],[124.3373,-5.8016,0.0],[124.3346,-5.8015,0.0]]],
[[[123.9274,-5.7759,12.36],[123.9513,-5.7817,0.0],[123.9636,-5.7801,0.0],[123.9759,-5.786,0.0],[123.986,-5.7868,0.0],[123.9911,-5.7819,0.0],[123.9941,-5.771,5.9735],[124.0069,-5.763,0.0],[124.009,-5.7583,0.0],[124.0058,-5.7555,0.0],[123.9971,-5.7542,0.0],[123.9888,-5.7502,0.0],[123.9783,-5.7422,0.0],[123.9695,-5.7329,0.0],[123.9585,-5.7268,0.0],[123.9236,-5.7188,0.0],[123.9149,-5.7197,11.3904],[123.9081,-5.7183,0.0],[123.897,-5.729,22.1216],[123.8954,-5.7363,19.0676],[123.8962,-5.7405,30.52],[123.901,-5.7476,20.3139],[123.9025,-5.7526,19.7625],[123.907,-5.7548,25.5876],[123.91,-5.7623,10.2493],[123.9217,-5.7731,9.7757],[123.9274,-5.7759,12.36]]],
[[[123.8966,-5.7633,13.1886],[123.8958,-5.7697,21.7558],[123.8985,-5.7765,0.0],[123.9095,-5.7773,10.4342],[123.914,-5.7707,0.0],[123.9102,-5.7665,0.0],[123.9033,-5.7604,0.5631],[123.8977,-5.7612,4.5757],[123.8966,-5.7633,13.1886]]],
[[[123.8695,-5.7521,0.0],[123.8711,-5.765,0.0],[123.868,-5.7722,0.0],[123.8698,-5.774,0.0],[123.8757,-5.7711,0.0],[123.878,-5.7716,0.0],[123.8785,-5.7696,0.0],[123.8762,-5.7675,0.0],[123.8767,-5.7575,0.0],[123.8703,-5.7508,0.0],[123.8695,-5.7521,0.0]]],
[[[124.4905,-5.7192,0.0],[124.4922,-5.7176,0.0],[124.4904,-5.7161,0.0],[124.4876,-5.7166,2.9936],[124.4848,-5.7208,0.0],[124.4872,-5.7208,0.0],[124.4905,-5.7192,0.0]]],
[[[124.0758,-5.6482,0.0],[124.072,-5.6458,0.0],[124.0577,-5.6225,0.0],[124.0557,-5.6218,0.0],[124.0475,-5.626,0.0],[124.0495,-5.6307,0.0],[124.0553,-5.6338,0.0],[124.0566,-5.6365,0.0],[124.0573,-5.6354,0.0],[124.0581,-5.639,0.0],[124.0558,-5.6408,0.0],[124.0517,-5.6369,0.0],[124.0471,-5.6362,0.0],[124.0491,-5.6447,0.0],[124.0607,-5.6551,0.0],[124.0732,-5.6715,0.0],[124.0785,-5.6754,0.0],[124.0827,-5.6758,0.0],[124.0874,-5.6719,0.0],[124.0884,-5.6625,0.0],[124.0827,-5.6521,0.0],[124.0758,-5.6482,0.0]]],
[[[124.0225,-5.6236,0.0],[124.0136,-5.6227,0.0],[124.0102,-5.6209,0.0],[124.0083,-5.6236,0.0],[124.0118,-5.6281,0.0],[124.0171,-5.6307,0.0],[124.0304,-5.6263,0.0],[124.0304,-5.6227,0.0],[124.0278,-5.6218,0.0],[124.0225,-5.6236,0.0]]],
[[[123.8183,-5.5849,1.5907],[123.8199,-5.5991,0.0],[123.823,-5.5964,0.0],[123.8251,-5.5845,7.6162],[123.8237,-5.5826,1.0584],[123.8183,-5.5823,1.0491],[123.8183,-5.5849,1.5907]]],
[[[123.8266,-5.5716,0.0],[123.827,-5.5594,0.0],[123.812,-5.5585,1.9397],[123.806,-5.5469,0.0],[123.7898,-5.5341,0.0],[123.7824,-5.5241,0.0],[123.779,-5.5229,0.0],[123.7752,-5.5142,0.0],[123.7709,-5.5108,8.5123],[123.7669,-5.5031,0.0],[123.763,-5.5037,0.7619],[123.7592,-5.5021,1.7016],[123.7568,-5.4974,0.0],[123.749,-5.4965,0.5304],[123.7373,-5.49,0.2342],[123.7344,-5.4817,1.0988],[123.7313,-5.4794,0.0],[123.726,-5.478,3.457],[123.7176,-5.4799,7.1502],[123.7059,-5.4742,5.9316],[123.6916,-5.472,0.9389],[123.6921,-5.4748,1.1211],[123.6999,-5.4824,0.0],[123.72,-5.5165,0.0],[123.755,-5.5436,0.8497],[123.7621,-5.5526,6.2816],[123.7619,-5.5585,0.0],[123.7709,-5.5666,6.4432],[123.7758,-5.5783,6.2956],[123.7853,-5.5932,0.0],[123.7914,-5.5955,0.0],[123.8031,-5.5952,3.0635],[123.815,-5.6017,0.0],[123.82,-5.602,0.0],[123.818,-5.5897,7.1011],[123.8136,-5.5866,4.9228],[123.8105,-5.5793,0.0],[123.8145,-5.5748,0.0],[123.8266,-5.5716,0.0]]],
[[[123.8481,-5.5528,10.7754],[123.8427,-5.5514,9.8869],[123.8383,-5.5544,10.9501],[123.8357,-5.5483,0.0],[123.8259,-5.5499,0.0],[123.8284,-5.5549,0.0],[123.8351,-5.5572,24.3821],[123.8305,-5.5612,11.0825],[123.8301,-5.5647,7.0064],[123.8314,-5.5747,0.0],[123.8335,-5.577,13.6869],[123.8334,-5.5794,15.8594],[123.8309,-5.5811,10.4337],[123.8312,-5.5837,3.1474],[123.8333,-5.586,12.1039],[123.8488,-5.5881,0.0],[123.8649,-5.5944,2.9525],[123.8728,-5.5925,1.1426],[123.8777,-5.585,0.0],[123.8841,-5.5841,0.0],[123.8852,-5.5792,0.0],[123.883,-5.5723,0.0],[123.8696,-5.5647,0.0],[123.8649,-5.5685,0.0],[123.8618,-5.5683,3.0744],[123.8608,-5.5659,0.0],[123.8583,-5.5652,2.4633],[123.8588,-5.5593,2.8324],[123.8533,-5.557,0.0],[123.8495,-5.5574,0.0],[123.8481,-5.5528,10.7754]]],
[[[123.8683,-5.5549,0.0],[123.871,-5.5481,9.5163],[123.8674,-5.5463,0.0],[123.8663,-5.5417,0.0],[123.8671,-5.5391,16.665],[123.8697,-5.542,2.2298],[123.8712,-5.5338,0.0],[123.8647,-5.5333,23.0788],[123.8595,-5.54,29.8153],[123.8517,-5.5451,1.3908],[123.8508,-5.55,38.5357],[123.8538,-5.5543,43.5145],[123.8613,-5.5569,10.9086],[123.8656,-5.5571,0.0],[123.8683,-5.5549,0.0]]],
[[[123.7043,-5.5093,0.0],[123.6985,-5.5136,0.0],[123.695,-5.5203,0.0],[123.699,-5.5248,0.0],[123.7039,-5.5259,0.0],[123.7108,-5.5233,0.0],[123.7151,-5.5185,0.0],[123.7155,-5.512,0.0],[123.713,-5.5076,0.7924],[123.7086,-5.5062,0.0],[123.7079,-5.5046,0.0],[123.7039,-5.5066,0.0],[123.7043,-5.5093,0.0]]],
[[[123.7402,-5.489,0.0],[123.751,-5.4962,0.0],[123.755,-5.4931,0.0],[123.759,-5.4974,2.7351],[123.759,-5.4875,0.0],[123.757,-5.4848,0.0],[123.752,-5.4884,0.0],[123.741,-5.4863,0.0],[123.7402,-5.489,0.0]]],
[[[123.7755,-5.4594,2.4898],[123.7712,-5.4565,0.0],[123.7702,-5.4598,7.283],[123.7674,-5.4588,6.382],[123.7673,-5.4572,1.255],[123.7608,-5.46,0.0],[123.7602,-5.4748,0.0],[123.762,-5.4769,0.0],[123.7648,-5.4749,1.2751999999999999],[123.7667,-5.4755,1.0739],[123.7723,-5.47,2.0188],[123.7757,-5.4732,0.0],[123.7792,-5.4725,3.7512],[123.7805,-5.4757,3.9876],[123.7859,-5.4773,2.9023],[123.7841,-5.4717,9.647],[123.7802,-5.4673,6.2198],[123.7765,-5.4658,3.8863],[123.7744,-5.4602,2.8608],[123.7755,-5.4594,2.4898]]],
[[[123.6431,-5.4265,0.0],[123.6437,-5.4219,6.7231],[123.6421,-5.4203,13.1182],[123.6321,-5.4165,12.6031],[123.6225,-5.407,2.6609],[123.6133,-5.4022,0.7584],[123.611,-5.4035,0.0],[123.6111,-5.4066,15.2092],[123.6006,-5.4059,0.0],[123.5857,-5.4098,3.0831],[123.5881,-5.4155,1.7941],[123.5996,-5.4231,0.0],[123.6102,-5.4287,0.0],[123.6294,-5.4355,1.2765],[123.6384,-5.4331,0.0],[123.6431,-5.4265,0.0]]],
[[[123.6382,-5.3935,3.9183],[123.6418,-5.3855,7.9712],[123.6397,-5.3838,1.9278],[123.6308,-5.3872,1.9288],[123.6288,-5.3896,2.6224],[123.6302,-5.3919,0.0],[123.6382,-5.3935,3.9183]]],
[[[123.6057,-5.3872,1.3557],[123.6104,-5.3882,0.0],[123.6116,-5.386,0.0],[123.609,-5.3842,0.0],[123.6104,-5.3815,0.0],[123.6162,-5.3853,0.0],[123.6197,-5.3848,0.0],[123.631,-5.3766,0.0],[123.6399,-5.3725,0.0],[123.6421,-5.369,0.0],[123.6426,-5.3648,0.0],[123.6386,-5.3522,0.0],[123.6385,-5.3398,0.0],[123.6478,-5.3126,0.0],[123.6486,-5.2941,0.0],[123.6447,-5.2878,0.0],[123.6285,-5.2724,2.2203],[123.6219,-5.2676,21.4028],[123.619,-5.2677,22.4631],[123.609,-5.2627,22.2582],[123.5886,-5.2489,7.992],[123.5835,-5.247,2.5349],[123.5714,-5.2467,0.0],[123.5604,-5.2493,0.0],[123.5371,-5.2475,0.0],[123.5289,-5.2494,0.0],[123.521,-5.2569,0.0],[123.5192,-5.2675,16.1614],[123.5274,-5.2925,9.6855],[123.5296,-5.317,4.4124],[123.5378,-5.328,8.1591],[123.5398,-5.3398,8.3415],[123.5426,-5.3461,5.4201],[123.5463,-5.3509,9.0863],[123.5537,-5.3552,7.7591],[123.5644,-5.3646,13.4082],[123.5814,-5.3835,0.0],[123.5937,-5.3863,0.0],[123.5964,-5.3883,1.357],[123.6057,-5.3872,1.3557]]],
[[[123.6023,-5.3971,0.0],[123.5987,-5.3925,15.7741],[123.5924,-5.3933,15.6405],[123.5909,-5.3959,0.0],[123.5909,-5.4014,0.0],[123.6,-5.4012,0.0],[123.6024,-5.3999,0.0],[123.6023,-5.3971,0.0]]],
[[[123.5304,-5.3748,0.0],[123.5283,-5.3716,0.0],[123.5292,-5.3676,6.909],[123.5272,-5.3649,3.4598],[123.525,-5.3631,5.1744],[123.5208,-5.3626,0.0],[123.5087,-5.354,9.8093],[123.5007,-5.3458,0.0],[123.4998,-5.3443,5.5705],[123.5013,-5.3407,0.0],[123.4961,-5.3357,0.9238],[123.4895,-5.3324,0.0],[123.4804,-5.3303,1.9251],[123.4765,-5.3268,1.3875],[123.4673,-5.3256,0.0],[123.4637,-5.3277,5.9252],[123.4632,-5.3322,0.0],[123.4692,-5.3448,0.0],[123.48,-5.3597,0.0],[123.4987,-5.3653,12.745],[123.5037,-5.3681,3.7042],[123.5048,-5.3705,6.3432],[123.5198,-5.3738,10.9755],[123.5272,-5.3805,1.6035],[123.5352,-5.3813,0.0],[123.5417,-5.3773,10.7577],[123.5398,-5.3735,13.8292],[123.5352,-5.3758,1.0257],[123.5304,-5.3748,0.0]]],
[[[123.5301,-5.3511,0.0],[123.532,-5.3556,3.9576],[123.539,-5.3524,2.1248],[123.535,-5.3456,0.0],[123.529,-5.3485,0.0],[123.5301,-5.3511,0.0]]],
[[[124.3559,-5.3456,0.0],[124.3534,-5.3378,0.0],[124.3514,-5.3379,0.0],[124.3408,-5.3267,0.0],[124.3358,-5.325,8.6275],[124.3294,-5.3262,11.1911],[124.3348,-5.3405,9.216],[124.3475,-5.3521,0.0],[124.3533,-5.352,0.0],[124.3559,-5.3482,0.0],[124.3559,-5.3456,0.0]]],
[[[124.3255,-5.3192,0.0],[124.3227,-5.3169,0.0],[124.3206,-5.3179,0.0],[124.3198,-5.3207,0.0],[124.3222,-5.3225,0.0],[124.3249,-5.3223,0.0],[124.3255,-5.3192,0.0]]],
[[[123.535,-5.342,0.0],[123.5349,-5.3433,0.0],[123.5369,-5.3419,1.2439],[123.536,-5.3397,0.0],[123.534,-5.3409,0.0],[123.535,-5.342,0.0]]],
[[[123.535,-5.3358,0.0],[123.5329,-5.3365,0.0],[123.5339,-5.3406,0.0],[123.536,-5.3395,0.0],[123.535,-5.3358,0.0]]],
[[[123.5326,-5.3364,0.0],[123.5346,-5.3358,0.0],[123.5346,-5.3341,0.0],[123.5326,-5.3343,0.0],[123.5326,-5.3364,0.0]]],
[[[122.631,-5.4251,5.2053],[122.6311,-5.4175,0.0],[122.6243,-5.422,6.477],[122.6228,-5.4374,3.3323],[122.628,-5.4359,3.227],[122.6309,-5.4301,3.1213],[122.631,-5.4251,5.2053]]],
[[[122.5931,-5.3714,55.7838],[122.5954,-5.3617,11.5564],[122.6027,-5.3546,1.9541],[122.6096,-5.3525,0.0],[122.6165,-5.3464,0.0],[122.6223,-5.3475,7.9853],[122.6187,-5.3545,6.2421],[122.6172,-5.3619,3.5911],[122.6165,-5.3688,8.9979],[122.6194,-5.3718,0.0],[122.6309,-5.3609,11.5371],[122.6401,-5.3562,28.5082],[122.6436,-5.3339,0.0],[122.642,-5.3081,6.2725],[122.6466,-5.2954,21.8517],[122.6449,-5.2791,0.0],[122.6413,-5.2677,0.0],[122.6379,-5.2624,8.7347],[122.6237,-5.2504,2.9531],[122.6168,-5.2492,0.0],[122.6151,-5.2506,2.9523],[122.6124,-5.2494,0.0],[122.6013,-5.25,3.0743],[122.5876,-5.2538,7.697],[122.5846,-5.2561,4.5106],[122.5794,-5.2544,0.0],[122.5772,-5.2487,1.371],[122.5922,-5.2303,4.0683],[122.6173,-5.2177,15.7773],[122.6231,-5.2107,3.7185],[122.6265,-5.2032,0.0],[122.6271,-5.1957,3.6174],[122.6246,-5.1924,1.4267],[122.5996,-5.2007,5.7276],[122.5945,-5.2006,11.4439],[122.5891,-5.196,0.0],[122.5854,-5.1868,3.3417],[122.5877,-5.181,0.0],[122.5887,-5.16,1.9512],[122.5951,-5.152,14.0172],[122.5997,-5.1417,0.0],[122.6095,-5.1297,4.7275],[122.6201,-5.1097,0.0],[122.6163,-5.1046,18.2354],[122.6124,-5.105,45.3919],[122.6108,-5.0996,55.2324],[122.6117,-5.0964,0.0],[122.6368,-5.0591,62.6579],[122.656,-5.0467,37.4273],[122.6613,-5.0474,8.2447],[122.6771,-5.0366,0.0],[122.6843,-5.0292,0.0],[122.6898,-5.0178,26.4613],[122.6963,-5.0144,0.0],[122.6967,-5.01,0.0],[122.7045,-5.0064,0.0],[122.7044,-5.0022,0.0],[122.7092,-4.9985,9.1249],[122.7122,-4.9928,10.7361],[122.7137,-4.9868,4.1541],[122.7105,-4.9843,9.6084],[122.7148,-4.983,0.0],[122.7131,-4.9815,6.281],[122.7194,-4.9811,0.0],[122.7167,-4.9772,5.0175],[122.7174,-4.9746,11.3659],[122.7212,-4.9729,0.0],[122.7184,-4.9714,40.0519],[122.7213,-4.9647,0.0],[122.7317,-4.9647,1.3398],[122.7322,-4.9631,7.8994],[122.7292,-4.9588,16.4625],[122.7331,-4.9584,24.1129],[122.754,-4.9664,37.6009],[122.7571,-4.9704,3.6566],[122.7597,-4.9712,20.7623],[122.7624,-4.9673,4.0053],[122.76,-4.9659,12.1265],[122.7636,-4.9651,9.5716],[122.7618,-4.9623,5.8007],[122.757,-4.9618,13.0633],[122.7584,-4.9619,0.0],[122.7579,-4.9602,12.2193],[122.7605,-4.9607,3.6839],[122.7569,-4.9565,24.7085],[122.7574,-4.9534,13.0812],[122.7552,-4.9524,15.8709],[122.757,-4.9513,12.7258],[122.7615,-4.9531,3.9266],[122.7615,-4.9505,28.1551],[122.7586,-4.9472,24.1213],[122.7625,-4.944,9.0205],[122.7608,-4.9399,10.3623],[122.7607,-4.9323,5.1197],[122.7561,-4.9291,0.0],[122.7558,-4.9261,13.8995],[122.7638,-4.9295,10.4873],[122.7645,-4.9272,0.0],[122.762,-4.9232,11.5243],[122.7627,-4.9194,10.7741],[122.7601,-4.916,9.4294],[122.759,-4.9097,9.1116],[122.7626,-4.9109,3.2368],[122.7567,-4.9048,13.3355],[122.7557,-4.9015,7.7149],[122.7613,-4.9029,20.8631],[122.7613,-4.9007,38.8178],[122.7635,-4.9005,26.7061],[122.7645,-4.8947,10.2654],[122.759,-4.892,13.2369],[122.7592,-4.8896,9.551],[122.7562,-4.8882,0.0],[122.7573,-4.884,8.9908],[122.7553,-4.8814,12.7798],[122.7435,-4.8874,17.1604],[122.7362,-4.8821,6.845],[122.735,-4.8788,10.894],[122.7377,-4.8764,0.0],[122.7338,-4.8741,24.9863],[122.7392,-4.8738,8.5659],[122.7345,-4.8716,6.7184],[122.7322,-4.8737,18.1668],[122.7327,-4.8721,14.7943],[122.73,-4.8713,23.6828],[122.7348,-4.8706,12.4591],[122.7336,-4.8695,7.413],[122.7347,-4.8688,7.413],[122.7373,-4.8696,0.0],[122.738,-4.8667,0.0],[122.7363,-4.8657,13.7204],[122.7368,-4.8641,7.5235],[122.7336,-4.8628,2.3025],[122.7342,-4.8594,0.0],[122.7285,-4.8561,0.5512],[122.7251,-4.8465,1.8375],[122.7261,-4.8426,5.0791],[122.7304,-4.8406,0.3912],[122.7283,-4.8338,0.8088],[122.7312,-4.8238,-0.5],[122.7326,-4.8241,-0.5],[122.7376,-4.811,0.5527],[122.7376,-4.8053,0.0],[122.734,-4.8033,0.6674],[122.7364,-4.8031,0.7373],[122.7388,-4.805,0.0],[122.7448,-4.7931,1.7045],[122.7398,-4.785,1.1227],[122.7421,-4.7784,4.1313],[122.7385,-4.7761,1.5817],[122.7372,-4.7684,2.0269],[122.7382,-4.7671,2.9509],[122.7356,-4.7638,6.5176],[122.7382,-4.757,0.42],[122.7368,-4.756,7.5687],[122.7346,-4.7571,8.8516],[122.7352,-4.7547,7.5687],[122.7412,-4.7561,2.1786],[122.743,-4.7535,0.6755],[122.7405,-4.7414,1.9313],[122.7347,-4.7386,0.8836],[122.7335,-4.7326,0.0],[122.7308,-4.7332,9.263],[122.7302,-4.718,0.0],[122.7272,-4.708,0.0],[122.7241,-4.7056,0.4338],[122.723,-4.6979,0.0],[122.7181,-4.6946,5.4158],[122.7174,-4.688,4.622],[122.7148,-4.6878,2.5867],[122.7178,-4.6858,3.5465],[122.7153,-4.6826,3.9452],[122.7165,-4.6791,14.7971],[122.7267,-4.6809,9.2843],[122.7318,-4.684,1.529],[122.7341,-4.683,1.0235],[122.734,-4.6788,3.0537],[122.7351,-4.6751,2.1404],[122.7376,-4.6741,0.0],[122.7396,-4.6624,0.0],[122.7382,-4.6615,0.0],[122.7368,-4.6654,0.0],[122.7341,-4.6609,4.2319],[122.7368,-4.6608,0.0],[122.7371,-4.6515,0.0],[122.7391,-4.6516,1.0114],[122.7399,-4.6495,0.4258],[122.7356,-4.6431,4.1095],[122.7153,-4.629,1.2114],[122.693,-4.6158,0.0],[122.6866,-4.6144,0.0],[122.6823,-4.6112,0.0],[122.677,-4.612,3.8298],[122.6695,-4.6105,1.4772],[122.6651,-4.612,0.0],[122.6619,-4.6185,7.3057],[122.6659,-4.6207,5.5256],[122.663,-4.6217,2.4622],[122.6626,-4.6234,0.3982],[122.6489,-4.6201,0.0],[122.6418,-4.6277,0.0],[122.6376,-4.6241,0.0],[122.6333,-4.6233,0.0],[122.6282,-4.6294,0.0],[122.6299,-4.6323,0.0],[122.6288,-4.633,1.189],[122.6187,-4.6303,0.0],[122.6195,-4.6369,0.0],[122.6174,-4.6341,0.0],[122.6031,-4.6318,0.0],[122.5996,-4.6269,0.0],[122.5932,-4.6436,2.1938],[122.5962,-4.6505,0.0],[122.5957,-4.6562,0.5515],[122.5846,-4.6697,1.8403],[122.5737,-4.6763,6.2817],[122.5651,-4.6791,1.6319],[122.5592,-4.69,2.5719],[122.5553,-4.6936,3.9244],[122.5523,-4.6915,0.0],[122.5466,-4.6913,0.0],[122.5452,-4.6883,0.0],[122.5304,-4.6963,0.0],[122.5291,-4.6972,0.0],[122.5348,-4.7058,1.4097],[122.5282,-4.7084,1.6882],[122.5292,-4.7109,2.5269],[122.5276,-4.7082,1.6882],[122.5231,-4.7084,0.0],[122.5224,-4.7134,4.1671],[122.5186,-4.7117,0.0],[122.5057,-4.7161,0.0],[122.504,-4.7183,0.8723],[122.5064,-4.7213,5.4828],[122.5023,-4.7186,2.7292],[122.4995,-4.7218,4.8573],[122.4864,-4.726,2.4378],[122.4811,-4.7261,9.1836],[122.4813,-4.7239,6.7007],[122.4778,-4.7238,0.7219],[122.4745,-4.7274,2.4405],[122.4776,-4.7313,3.7855],[122.4742,-4.7302,4.061],[122.4766,-4.739,2.6535],[122.4749,-4.7377,0.0],[122.4675,-4.7393,0.0],[122.4676,-4.7431,3.743],[122.4641,-4.7419,2.0305],[122.4589,-4.7443,2.0059],[122.4494,-4.7414,3.4333],[122.4501,-4.7491,1.806],[122.4482,-4.7422,1.0021],[122.4441,-4.7444,2.1588],[122.4339,-4.7386,2.8962],[122.43,-4.7382,3.2049],[122.4242,-4.7393,0.5181],[122.4252,-4.744,2.5447],[122.4229,-4.7411,0.0],[122.4161,-4.7427,0.0],[122.4109,-4.7475,1.7269],[122.4083,-4.747,3.5108],[122.4075,-4.7491,0.0],[122.4,-4.7455,2.6882],[122.396,-4.7477,1.8079],[122.3819,-4.7458,0.5488],[122.3736,-4.7406,1.3452],[122.3661,-4.7544,0.0],[122.3685,-4.7563,4.6009],[122.3647,-4.7556,0.3645],[122.3622,-4.7573,0.0],[122.3621,-4.7633,1.925],[122.3667,-4.7649,0.5],[122.3666,-4.766,0.5],[122.3604,-4.7642,0.0],[122.3572,-4.7658,0.0],[122.3541,-4.7788,0.0],[122.3549,-4.7816,5.087],[122.3526,-4.7814,5.4903],[122.35,-4.7865,1.2434],[122.3441,-4.7916,1.0669],[122.3379,-4.8064,2.4179],[122.321,-4.8268,0.7225],[122.318,-4.8325,2.9858],[122.3182,-4.836,4.1264],[122.322,-4.8443,2.4039],[122.3237,-4.8452,12.0264],[122.3262,-4.8575,4.5183],[122.3283,-4.858,5.5367],[122.328,-4.8599,3.1853],[122.332,-4.8637,0.8423],[122.3394,-4.8802,1.4268],[122.3378,-4.8833,0.0],[122.3387,-4.8889,4.4298],[122.3376,-4.8907,0.0],[122.3438,-4.8994,2.8835],[122.3453,-4.9097,0.517],[122.3498,-4.9169,0.0],[122.3495,-4.9239,0.0],[122.3564,-4.9298,0.0],[122.3599,-4.9301,4.7894],[122.3616,-4.9277,6.0698],[122.3616,-4.9292,0.75],[122.3583,-4.9327,0.0],[122.3613,-4.9403,7.2869],[122.3605,-4.9444,2.4279],[122.3698,-4.9461,2.6275],[122.3752,-4.9519,3.017],[122.38,-4.9683,2.9334],[122.3757,-4.9765,0.0],[122.3803,-4.9803,3.0171],[122.3834,-4.9795,3.3363],[122.381,-4.983,0.0],[122.3809,-4.988,0.0],[122.389,-4.9964,3.0133],[122.384,-4.9924,0.0],[122.3801,-4.9972,2.7384],[122.3793,-5.0258,3.6328],[122.3731,-5.0373,0.9587],[122.3729,-5.0398,0.0],[122.3768,-5.0423,0.0],[122.3855,-5.0554,1.9704],[122.3829,-5.0567,0.0],[122.3818,-5.0672,2.5913],[122.3829,-5.0697,0.0],[122.3901,-5.0705,0.8827],[122.394,-5.0693,2.2304],[122.4005,-5.0725,2.7453],[122.4037,-5.0687,6.5473],[122.4028,-5.0726,1.4968],[122.3995,-5.0733,0.5],[122.3992,-5.0787,0.5],[122.4042,-5.0894,9.1909],[122.4112,-5.0907,0.5],[122.4073,-5.0921,4.2162],[122.4042,-5.091,1.6582],[122.4,-5.0855,1.7836],[122.3959,-5.0732,0.5],[122.3941,-5.0716,3.39],[122.3917,-5.0731,4.5944],[122.3824,-5.0874,0.0],[122.3665,-5.0913,3.0046],[122.3634,-5.0954,0.5767],[122.3527,-5.1012,0.975],[122.347,-5.1024,0.504],[122.3394,-5.0996,4.39],[122.3339,-5.1007,2.3139],[122.3277,-5.1037,2.5616],[122.3223,-5.1128,0.0],[122.3181,-5.1245,2.0128],[122.3183,-5.141,2.6609],[122.3105,-5.1441,0.0],[122.3067,-5.1492,0.0],[122.3069,-5.1509,0.0],[122.3106,-5.1532,0.7041],[122.3117,-5.1568,1.1607],[122.3102,-5.1656,2.8974],[122.3151,-5.1715,0.0],[122.3156,-5.1866,2.0145],[122.3087,-5.1947,4.0331],[122.3045,-5.1955,0.0],[122.3031,-5.2012,6.0977],[122.3057,-5.2048,0.0],[122.3061,-5.2111,0.0],[122.3047,-5.2147,0.0],[122.3057,-5.2174,0.5141],[122.3146,-5.227,0.0],[122.3152,-5.2379,0.0],[122.3083,-5.2494,0.866],[122.3072,-5.2568,2.288],[122.2919,-5.2795,0.8842],[122.2889,-5.2822,4.4857],[122.2873,-5.2816,1.0414],[122.2849,-5.2868,3.4908],[122.2758,-5.295,0.0],[122.2684,-5.3135,1.6042],[122.2659,-5.3267,0.0],[122.2657,-5.3395,0.7552],[122.2664,-5.3556,6.6406],[122.2696,-5.3634,0.0],[122.2667,-5.3726,3.9859],[122.2694,-5.384,1.1924],[122.2789,-5.3946,0.0],[122.2914,-5.3942,8.4872],[122.3,-5.3966,0.0],[122.3262,-5.3967,0.0],[122.3651,-5.389,2.5332],[122.3715,-5.3821,2.6655],[122.376,-5.3799,1.4728],[122.382,-5.3678,1.433],[122.3824,-5.3601,3.7458],[122.3756,-5.3536,3.2632],[122.3707,-5.3403,4.4314],[122.3726,-5.3324,9.1169],[122.3773,-5.3246,0.0],[122.3846,-5.3206,10.6766],[122.3914,-5.3211,13.791],[122.3981,-5.3129,22.2498],[122.4029,-5.3169,1.0237],[122.427,-5.3139,0.6866],[122.4315,-5.3155,0.0],[122.433,-5.3135,0.0],[122.4385,-5.313,0.0],[122.4406,-5.3137,0.0],[122.4409,-5.3154,0.0],[122.435,-5.3163,2.65],[122.4348,-5.3183,7.2416],[122.4323,-5.319,0.0],[122.4258,-5.3194,0.0],[122.4156,-5.3229,0.0],[122.4051,-5.3232,3.9801],[122.3916,-5.3269,9.6707],[122.3849,-5.3269,0.0],[122.3824,-5.3327,0.0],[122.3835,-5.3387,6.4907],[122.391,-5.3533,0.9028],[122.3938,-5.3683,0.0],[122.3978,-5.3764,18.4044],[122.3973,-5.3834,0.0],[122.4069,-5.3982,2.3752],[122.4157,-5.4024,5.8832],[122.4224,-5.401,7.0003],[122.4316,-5.4035,0.0],[122.4322,-5.4019,2.1727],[122.4367,-5.4017,0.7939],[122.4459,-5.406,5.799],[122.4497,-5.405,0.0],[122.4516,-5.4028,5.1953],[122.4574,-5.4025,4.3619],[122.4606,-5.404,0.0],[122.4654,-5.4024,4.6192],[122.47,-5.3982,0.0],[122.4695,-5.3932,2.6259],[122.4741,-5.3864,0.0],[122.4718,-5.3726,0.0],[122.4675,-5.3661,5.2303],[122.4686,-5.3611,4.7293],[122.4704,-5.361,7.4995],[122.4734,-5.3664,0.0],[122.4788,-5.3663,3.1381],[122.4821,-5.3738,2.5216],[122.4839,-5.3736,2.5216],[122.4838,-5.3709,7.9346],[122.4874,-5.3682,0.0],[122.4867,-5.3625,0.0],[122.4891,-5.3573,3.6564],[122.4931,-5.3507,1.0655],[122.4984,-5.3468,10.0648],[122.4959,-5.3438,2.3331],[122.4986,-5.3392,0.0],[122.4978,-5.3347,0.0],[122.4948,-5.33,0.0],[122.4855,-5.3231,6.4579],[122.4799,-5.3124,19.4114],[122.4808,-5.3016,0.0],[122.4865,-5.2964,0.0],[122.4928,-5.2954,0.0],[122.4986,-5.2909,6.675],[122.5107,-5.2885,0.0],[122.5139,-5.2833,0.0],[122.5195,-5.2793,4.9168],[122.5235,-5.2784,0.9446],[122.5257,-5.2757,0.0],[122.5241,-5.2732,0.7285],[122.5254,-5.2707,0.0],[122.5378,-5.2606,2.5934],[122.5417,-5.2636,4.1284],[122.541,-5.2672,0.4389],[122.5383,-5.2699,3.3406],[122.5379,-5.2728,3.8979],[122.5346,-5.2736,0.0],[122.53,-5.2785,4.0461],[122.5305,-5.2847,9.1758],[122.527,-5.2878,0.0],[122.5241,-5.2949,0.0],[122.5241,-5.3034,4.4588],[122.5206,-5.3109,1.4979],[122.521,-5.3165,0.0],[122.5328,-5.3206,1.0649],[122.5384,-5.3244,14.3534],[122.539,-5.3329,0.0],[122.5376,-5.3393,15.1362],[122.5354,-5.3418,0.0],[122.5311,-5.3648,17.1007],[122.5273,-5.3707,67.6608],[122.5266,-5.3806,47.8787],[122.5246,-5.3836,0.0],[122.5243,-5.3979,0.0],[122.5151,-5.4023,1.9505],[122.5124,-5.4062,0.0],[122.5204,-5.4213,9.2548],[122.5182,-5.4266,5.1652],[122.5201,-5.4375,2.9003],[122.5274,-5.44,0.0],[122.546,-5.4407,0.8985],[122.5488,-5.4361,6.922],[122.5517,-5.4349,1.5271],[122.5563,-5.4248,0.0],[122.5559,-5.4218,8.6485],[122.5585,-5.4199,0.0],[122.5601,-5.4211,0.0],[122.5605,-5.4177,7.4948],[122.5665,-5.4114,0.0],[122.5758,-5.4166,0.0],[122.5875,-5.4296,5.2462],[122.5903,-5.4353,0.0],[122.5958,-5.4338,1.975],[122.6004,-5.4269,0.9726],[122.5958,-5.4248,3.8838],[122.5941,-5.4165,3.2331],[122.5976,-5.4156,0.0],[122.6033,-5.4065,2.9115],[122.6028,-5.4029,2.421],[122.5965,-5.3975,49.5968],[122.5932,-5.3908,0.0],[122.5931,-5.3714,55.7838]]],
[[[122.6805,-5.2939,4.0157],[122.6867,-5.2938,5.6974],[122.6906,-5.2917,3.0794],[122.6992,-5.2829,23.0453],[122.7021,-5.2737,16.3873],[122.7031,-5.2578,8.7459],[122.706,-5.2549,4.7374],[122.7124,-5.2424,8.2714],[122.7117,-5.2396,7.3591],[122.7002,-5.2525,0.0],[122.6947,-5.2682,26.58],[122.6802,-5.2896,5.5075],[122.6805,-5.2939,4.0157]]],
[[[122.7329,-5.1919,0.0],[122.7215,-5.2033,4.5859],[122.717,-5.2124,0.0],[122.7261,-5.2111,8.538],[122.7384,-5.1968,0.0],[122.7382,-5.1888,0.0],[122.7329,-5.1919,0.0]]],
[[[122.4974,-5.6994,5.1394],[122.5196,-5.6939,13.1667],[122.5267,-5.6951,0.0],[122.5356,-5.6931,0.0],[122.5429,-5.6876,22.012],[122.5511,-5.6769,14.6142],[122.5544,-5.6711,0.0],[122.5569,-5.653,0.0],[122.5545,-5.6455,0.0],[122.5465,-5.633,3.3033],[122.5445,-5.627,0.0],[122.5328,-5.6305,0.0],[122.5216,-5.6283,3.0191],[122.5169,-5.6247,7.6886],[122.5081,-5.6241,0.0],[122.5069,-5.6277,25.7495],[122.5033,-5.6306,47.5946],[122.506,-5.6369,23.0964],[122.5055,-5.6468,22.1129],[122.5022,-5.6495,0.0],[122.4949,-5.6509,0.0],[122.4946,-5.6551,40.335],[122.4912,-5.6617,27.868],[122.4838,-5.6713,39.797],[122.4759,-5.6736,4.2667],[122.4697,-5.6804,6.2874],[122.4638,-5.6797,20.1961],[122.4563,-5.6866,15.2104],[122.4581,-5.6932,3.5858],[122.466,-5.6926,2.1141],[122.4724,-5.6901,4.6174],[122.4773,-5.6905,4.1082],[122.4892,-5.6988,0.0],[122.4974,-5.6994,5.1394]]],
[[[122.4921,-5.5624,9.3279],[122.5045,-5.5628,9.2488],[122.5084,-5.5584,13.8656],[122.5087,-5.5493,36.0852],[122.5117,-5.5404,0.0],[122.5097,-5.5364,0.0],[122.5118,-5.5319,0.0],[122.5107,-5.5253,19.3128],[122.5167,-5.5196,23.2221],[122.5205,-5.507,8.6367],[122.5246,-5.5021,3.4745],[122.5243,-5.4997,0.7543],[122.5186,-5.5002,0.0],[122.5001,-5.5084,5.0668],[122.4836,-5.5136,1.3575],[122.4777,-5.5224,0.0],[122.4755,-5.5292,3.1896],[122.4716,-5.5307,0.0],[122.47,-5.5378,6.2999],[122.4735,-5.5478,0.0],[122.4807,-5.5531,0.9905],[122.4867,-5.5616,2.1883],[122.4921,-5.5624,9.3279]]],
[[[122.5009,-5.5969,17.5516],[122.5041,-5.6018,0.0],[122.5098,-5.6019,0.0],[122.5142,-5.5953,0.4713],[122.5142,-5.5901,1.8155],[122.5132,-5.5885,0.0],[122.5086,-5.5892,0.0],[122.5084,-5.5914,0.0],[122.5039,-5.5925,0.0],[122.5009,-5.5969,17.5516]]],
[[[122.3554,-5.091,0.0],[122.3554,-5.0923,0.0],[122.357,-5.0922,0.0],[122.3568,-5.0914,0.0],[122.3554,-5.091,0.0]]],
[[[122.3472,-5.0845,0.0],[122.3449,-5.0852,0.0],[122.3447,-5.0869,0.0],[122.3478,-5.0883,0.0],[122.3509,-5.0877,0.0],[122.3495,-5.0845,0.0],[122.3472,-5.0845,0.0]]],
[[[122.355,-4.9409,0.0],[122.3544,-4.9326,0.0],[122.3524,-4.9325,0.0],[122.3524,-4.9313,0.0],[122.343,-4.9312,0.0],[122.3414,-4.9327,0.0],[122.3402,-4.9434,0.0],[122.3513,-4.9446,0.0],[122.355,-4.9409,0.0]]],
[[[122.3104,-5.2244,0.0],[122.3064,-5.2245,0.0],[122.3064,-5.2287,0.0],[122.3105,-5.2284,0.0],[122.3104,-5.2244,0.0]]],
[[[122.3463,-5.0882,0.0],[122.3461,-5.0886,0.0],[122.3469,-5.0882,0.0],[122.3463,-5.0882,0.0]]],
[[[122.298,-5.0768,0.0],[122.297,-5.0768,0.0],[122.297,-5.0776,0.0],[122.298,-5.0776,0.0],[122.298,-5.0768,0.0]]],
[[[122.2958,-5.0754,0.0],[122.2959,-5.0731,0.0],[122.2927,-5.0712,0.0],[122.2879,-5.0721,0.0],[122.2893,-5.0756,0.0],[122.2958,-5.0754,0.0]]],
[[[122.3214,-4.9282,0.0],[122.3229,-4.9302,0.0],[122.3306,-4.9321,4.0278],[122.3398,-4.9301,0.9304],[122.346,-4.9243,0.0],[122.3464,-4.9175,0.0],[122.3421,-4.9145,0.0],[122.3313,-4.9138,0.0],[122.3218,-4.9243,0.0],[122.3214,-4.9282,0.0]]],
[[[122.2957,-4.89,0.0],[122.2949,-4.8912,0.0],[122.2979,-4.8908,0.0],[122.2971,-4.89,0.0],[122.2957,-4.89,0.0]]],
[[[122.2217,-4.886,0.0],[122.2247,-4.8851,0.0],[122.2247,-4.8836,0.0],[122.2219,-4.8842,0.0],[122.2217,-4.886,0.0]]],
[[[122.2585,-4.8757,0.0],[122.2625,-4.8752,0.0],[122.2657,-4.8712,31.2018],[122.265,-4.867,0.0],[122.2583,-4.8708,0.0],[122.2569,-4.8737,0.0],[122.2585,-4.8757,0.0]]],
[[[122.2414,-4.8714,0.0],[122.2415,-4.8655,0.0],[122.2377,-4.8716,0.0],[122.2382,-4.8741,0.0],[122.2414,-4.8714,0.0]]],
[[[122.2761,-4.8362,0.0],[122.2823,-4.8436,0.0],[122.2849,-4.8418,0.0],[122.2812,-4.8315,0.0],[122.2783,-4.8327,0.0],[122.2761,-4.8362,0.0]]],
[[[122.296,-4.7132,0.0],[122.301,-4.7162,4.8332],[122.3039,-4.7155,4.2541],[122.3034,-4.7136,5.1242],[122.3062,-4.7123,5.5842],[122.316,-4.6973,0.0],[122.3178,-4.6921,0.0],[122.3157,-4.6876,0.0],[122.3074,-4.6852,4.0766],[122.2964,-4.694,0.0],[122.292,-4.7044,2.645],[122.296,-4.7132,0.0]]],
[[[122.3348,-4.6879,1.5588],[122.3354,-4.6832,3.5257],[122.33,-4.6854,1.6137],[122.3265,-4.6912,3.463],[122.327,-4.6942,3.7493],[122.3294,-4.6937,5.2461],[122.3348,-4.6879,1.5588]]],
[[[122.3103,-4.6578,0.0],[122.3095,-4.6605,0.0],[122.3112,-4.6592,0.0],[122.3113,-4.6565,0.0],[122.3103,-4.6578,0.0]]],
[[[122.3032,-4.6522,2.629],[122.3027,-4.6599,3.5725],[122.309,-4.6542,0.0],[122.309,-4.6458,0.0],[122.3065,-4.6463,0.0],[122.3032,-4.6522,2.629]]],
[[[122.2062,-4.9316,0.0],[122.2111,-4.9291,0.0],[122.2128,-4.924,0.0],[122.2082,-4.9258,0.0],[122.2055,-4.9289,0.0],[122.2062,-4.9316,0.0]]],
[[[122.1715,-4.9223,0.0],[122.1699,-4.9224,0.0],[122.1693,-4.9238,0.0],[122.1711,-4.9236,0.0],[122.1715,-4.9223,0.0]]],
[[[122.1726,-4.9207,0.0],[122.17529999999999,-4.9195,0.0],[122.1766,-4.9151,0.0],[122.1826,-4.9091,0.0],[122.183,-4.9065,0.0],[122.1761,-4.9103,0.0],[122.1682,-4.9189,0.0],[122.1681,-4.9202,0.0],[122.1726,-4.9207,0.0]]],
[[[122.2153,-4.9015,0.0],[122.2162,-4.8972,0.0],[122.2093,-4.9018,0.0],[122.2082,-4.9053,0.0],[122.2097,-4.9054,0.0],[122.2153,-4.9015,0.0]]],
[[[122.118,-4.843,0.0],[122.1184,-4.837,1.8504],[122.1143,-4.8448,18.829],[122.111,-4.8472,0.0],[122.1158,-4.8464,0.0],[122.118,-4.843,0.0]]],
[[[122.1428,-4.8385,0.557],[122.1417,-4.8434,17.5063],[122.1425,-4.8463,0.0],[122.1434,-4.8365,1.802],[122.1428,-4.8385,0.557]]],
[[[122.1234,-4.8298,0.0],[122.13,-4.8273,5.6636],[122.1357,-4.8279,10.8309],[122.1359,-4.8206,38.5489],[122.1409,-4.8164,0.0],[122.1344,-4.8176,1.7195],[122.1308,-4.8163,0.0],[122.1305,-4.8188,16.1171],[122.1281,-4.8207,24.0115],[122.1207,-4.8201,0.0],[122.1209,-4.8246,17.609],[122.1194,-4.8259,0.0],[122.1209,-4.8326,0.0],[122.1234,-4.8298,0.0]]],
[[[122.1522,-4.8121,7.5615],[122.1524,-4.8086,7.3179],[122.1497,-4.8078,0.0],[122.1466,-4.8138,0.0],[122.1425,-4.8168,6.5105],[122.1459,-4.8172,14.4691],[122.1523,-4.8149,0.0],[122.1522,-4.8121,7.5615]]],
[[[122.2033,-4.8985,0.0],[122.2018,-4.8984,0.0],[122.2015,-4.9003,0.0],[122.2031,-4.8999,0.0],[122.2033,-4.8985,0.0]]],
[[[122.1876,-4.836,0.0],[122.1836,-4.8355,0.0],[122.1827,-4.837,0.0],[122.1845,-4.8401,0.0],[122.187,-4.8381,0.0],[122.1945,-4.8389,0.0],[122.1965,-4.8365,0.6102],[122.1957,-4.834,1.72],[122.1876,-4.836,0.0]]],
[[[122.2082,-4.4731,5.2174],[122.1984,-4.4759,3.7772],[122.1894,-4.4723,1.0],[122.1932,-4.4723,4.3414],[122.1993,-4.4751,3.7772],[122.2091,-4.4719,1.6496],[122.2152,-4.472,1.2777],[122.2187,-4.4744,4.7198],[122.22,-4.4728,3.8451],[122.2211,-4.4748,1.9278],[122.2188,-4.4751,2.2493],[122.2204,-4.4767,1.1916],[122.2196,-4.4785,1.2839],[122.223,-4.4813,0.0],[122.2257,-4.4807,1.7211],[122.2253,-4.4767,2.8081],[122.2264,-4.483,0.0],[122.2368,-4.4869,0.6935],[122.2518,-4.4841,0.9902],[122.2508,-4.4876,1.8356],[122.2533,-4.4929,0.9276],[122.2607,-4.493,0.4397],[122.2657,-4.4892,2.5574],[122.2762,-4.4878,4.3749],[122.2775,-4.4844,2.7891],[122.2795,-4.487,2.3965],[122.285,-4.4868,2.4554],[122.2872,-4.4854,3.4057],[122.2867,-4.4807,4.3119],[122.2875,-4.4832,2.4473],[122.2904,-4.4848,0.9462],[122.2991,-4.4822,0.5469],[122.3093,-4.4755,4.5009],[122.3329,-4.4736,4.1743],[122.3417,-4.4747,3.0283],[122.3449,-4.4719,0.4018],[122.3432,-4.4647,0.0],[122.345,-4.4647,7.6221],[122.3458,-4.4678,2.0201],[122.3474,-4.466,5.0241],[122.3504,-4.4683,0.0],[122.3519,-4.467,2.6779],[122.3639,-4.4657,2.151],[122.3745,-4.4602,1.9149],[122.3758,-4.4571,4.8458],[122.3811,-4.4576,4.8125],[122.3895,-4.4556,1.4112],[122.4009,-4.4451,2.3652],[122.4,-4.4398,1.0598],[122.4017,-4.4389,7.4807],[122.4086,-4.4407,3.9009],[122.415,-4.4336,3.5679],[122.4191,-4.4331,0.0],[122.4208,-4.4292,5.0484],[122.4228,-4.4352,1.9269],[122.4271,-4.4347,0.0],[122.4296,-4.4324,6.1459],[122.4315,-4.4387,6.2356],[122.4301,-4.4414,0.0],[122.4327,-4.4407,8.437],[122.4365,-4.4464,0.0],[122.4386,-4.4461,5.7275],[122.4392,-4.4434,0.0],[122.4369,-4.4421,1.5082],[122.4362,-4.437,3.7901],[122.4408,-4.4353,1.2406],[122.4451,-4.4364,3.0419],[122.4443,-4.4446,0.0],[122.449,-4.4472,4.2304],[122.4505,-4.4517,0.0],[122.4545,-4.4474,4.3169],[122.4548,-4.4455,1.656],[122.4529,-4.4445,27.4149],[122.4556,-4.4446,0.0],[122.4534,-4.4439,3.5214],[122.455,-4.4426,4.9825],[122.4533,-4.4431,3.5214],[122.4517,-4.4383,2.2629],[122.454,-4.439,3.6294],[122.4561,-4.4365,2.4543],[122.4636,-4.4398,0.0],[122.4678,-4.4373,1.4068],[122.4694,-4.4386,2.696],[122.468,-4.4388,2.696],[122.4679,-4.4426,2.7287],[122.4689,-4.4438,0.8161],[122.4721,-4.4431,0.0],[122.4729,-4.4461,0.0],[122.4706,-4.4471,0.3642],[122.4706,-4.4528,13.2173],[122.4774,-4.4491,14.4682],[122.4837,-4.4513,2.466],[122.4853,-4.448,5.1169],[122.4896,-4.4558,7.9735],[122.4938,-4.4526,5.7622],[122.4939,-4.4469,18.0284],[122.5009,-4.4494,0.9045],[122.5016,-4.4455,7.4915],[122.5037,-4.4482,12.269],[122.5029,-4.4514,19.1837],[122.5045,-4.4558,7.8704],[122.5072,-4.4509,7.4374],[122.5069,-4.4472,3.1916],[122.5051,-4.4481,16.883],[122.5043,-4.4462,9.8444],[122.5111,-4.4427,8.2432],[122.5201,-4.4431,0.0],[122.524,-4.4395,5.719],[122.5226,-4.4344,2.4257],[122.5202,-4.4333,9.1164],[122.5205,-4.4314,0.0],[122.5265,-4.4364,0.0],[122.5326,-4.427,8.9237],[122.5359,-4.4276,0.0],[122.5358,-4.4259,1.9594],[122.5375,-4.4251,1.9594],[122.5407,-4.4273,6.0615],[122.5436,-4.4208,12.9848],[122.5522,-4.4228,5.6108],[122.5565,-4.4216,0.0],[122.5582,-4.4195,0.0],[122.5564,-4.4161,3.5402],[122.5588,-4.4182,0.0],[122.5634,-4.4174,0.0],[122.5643,-4.4081,3.6057],[122.5694,-4.4116,0.0],[122.57,-4.4106,8.6567],[122.5664,-4.4041,0.9386],[122.5677,-4.4024,0.0],[122.5641,-4.402,4.1411],[122.5746,-4.3988,3.3656],[122.5747,-4.3971,3.5534],[122.5764,-4.3983,0.0],[122.5764,-4.3967,3.5534],[122.5788,-4.3996,0.0],[122.5846,-4.3967,3.2941],[122.5939,-4.397,1.4569],[122.5945,-4.3941,5.1806],[122.5991,-4.4031,0.0],[122.6078,-4.408,0.7008],[122.6144,-4.4093,3.9183],[122.63,-4.4238,0.0],[122.6402,-4.4371,0.0],[122.6628,-4.453,0.0],[122.6642,-4.455,2.3783],[122.6617,-4.4581,5.712],[122.6618,-4.4613,1.2061],[122.6643,-4.4658,0.5834],[122.6676,-4.4677,5.412],[122.6675,-4.4697,4.044],[122.6648,-4.4709,0.0],[122.6688,-4.4731,4.9012],[122.6663,-4.4734,0.6668],[122.6667,-4.4761,0.7155],[122.6644,-4.4767,2.2964],[122.6607,-4.4734,3.8418],[122.6604,-4.4712,0.0],[122.6573,-4.4706,0.9594],[122.6571,-4.4717,9.3964],[122.6638,-4.4824,4.9858],[122.667,-4.5013,0.0],[122.6717,-4.5079,4.2102],[122.6803,-4.5074,0.9359],[122.6829,-4.5048,0.6694],[122.6899,-4.5042,2.4581],[122.695,-4.5013,0.0],[122.6922,-4.499,0.0],[122.6867,-4.4979,0.0],[122.682,-4.4916,1.1582],[122.6793,-4.4913,3.1084],[122.6781,-4.4893,1.7153],[122.6799,-4.489,0.0],[122.6766,-4.4834,0.0],[122.6812,-4.4742,3.2806],[122.6851,-4.4754,0.4261],[122.6896,-4.4705,3.1914],[122.6936,-4.47,2.43],[122.6929,-4.4719,0.7694],[122.6941,-4.4729,1.5847],[122.6971,-4.4714,0.5993],[122.7063,-4.4762,0.8582],[122.7056,-4.4799,0.4065],[122.7089,-4.4833,1.2052],[122.7056,-4.491,0.0],[122.7107,-4.4986,2.204],[122.7143,-4.5014,0.0],[122.7171,-4.5014,0.0],[122.7185,-4.4988,1.9106],[122.7212,-4.5013,0.4917],[122.7431,-4.5103,0.8154],[122.7476,-4.5074,0.0],[122.7592,-4.4908,0.3754],[122.7618,-4.4809,3.9886],[122.7639,-4.4482,80.984],[122.7605,-4.4438,14.3628],[122.7621,-4.4378,0.0],[122.7599,-4.433,3.7337],[122.7567,-4.4309,3.3825],[122.7572,-4.4268,4.8443],[122.7534,-4.4258,0.0],[122.7506,-4.4289,3.1385],[122.7467,-4.4282,1.5732],[122.7435,-4.4323,1.3693],[122.7416,-4.4319,1.9766],[122.7374,-4.4278,0.0],[122.7335,-4.4266,0.9935],[122.7293,-4.4207,0.0],[122.7237,-4.4202,0.9052],[122.7251,-4.4165,0.0],[122.7213,-4.4131,0.0],[122.7179,-4.4122,0.3559],[122.7129,-4.4079,0.0],[122.7068,-4.4075,3.0486],[122.7028,-4.4047,0.7231],[122.6993,-4.3985,1.4037],[122.7026,-4.3977,0.0],[122.7029,-4.3941,0.0],[122.7008,-4.3899,0.7009],[122.6987,-4.3916,3.4523],[122.6975,-4.3906,2.6367],[122.6946,-4.3793,0.0],[122.6859,-4.369,0.0],[122.6805,-4.3681,11.4592],[122.6755,-4.3639,0.0],[122.667,-4.3615,12.6397],[122.6628,-4.3558,2.3998],[122.6629,-4.3472,3.596],[122.6599,-4.3386,0.3393],[122.6611,-4.3364,0.0],[122.6738,-4.3268,1.2501],[122.682,-4.3262,1.1576],[122.6894,-4.3309,2.162],[122.6918,-4.3307,6.6106],[122.6923,-4.3278,2.8487],[122.6944,-4.3302,2.6245],[122.6965,-4.3278,3.5389],[122.6952,-4.3305,2.6245],[122.6964,-4.3363,4.1341],[122.7001,-4.3408,0.0],[122.7039,-4.3388,3.3959],[122.7058,-4.34,0.9504],[122.707,-4.3439,0.0],[122.7134,-4.3486,0.0],[122.7172,-4.3536,1.2084],[122.7172,-4.3576,2.3623],[122.7205,-4.3607,2.858],[122.7211,-4.3646,2.6995],[122.7264,-4.3691,1.6508],[122.7303,-4.368,0.0],[122.7292,-4.3665,3.6097],[122.7301,-4.3632,3.5596],[122.732,-4.3639,5.7819],[122.7301,-4.3665,3.6097],[122.7313,-4.3678,2.739],[122.7356,-4.365,4.9196],[122.7352,-4.3694,7.3459],[122.743,-4.3828,0.7052],[122.7543,-4.3891,9.5141],[122.7557,-4.3928,6.1601],[122.759,-4.3943,5.2544],[122.7636,-4.4001,0.0],[122.766,-4.4003,8.7509],[122.7699,-4.4088,0.0],[122.7758,-4.4095,8.7145],[122.78,-4.4135,0.0],[122.7858,-4.4152,0.6134],[122.7898,-4.4196,0.0],[122.805,-4.4276,0.4776],[122.8095,-4.4275,9.3442],[122.8118,-4.4298,0.0],[122.816,-4.4251,2.0504],[122.8157,-4.4312,4.4502],[122.8135,-4.4346,3.1131],[122.8181,-4.4352,7.9502],[122.8151,-4.4378,0.0],[122.8206,-4.4428,1.5316],[122.8339,-4.4492,1.3743],[122.8376,-4.4459,2.0007],[122.8392,-4.4415,1.0941],[122.8374,-4.4388,1.6771],[122.8385,-4.4357,1.5892],[122.8412,-4.4357,1.6731],[122.8418,-4.4299,1.8154],[122.8455,-4.4265,0.0],[122.8479,-4.4209,3.0321],[122.8461,-4.4202,2.4625],[122.8439,-4.4226,5.0239],[122.8439,-4.4202,4.3675],[122.8479,-4.4192,5.2979],[122.8485,-4.4193,9.3644],[122.8493,-4.4211,1.1061],[122.8519,-4.4203,0.0],[122.8497,-4.4205,1.1061],[122.8491,-4.4194,9.3644],[122.851,-4.4187,15.3281],[122.8594,-4.4182,0.0],[122.8711,-4.4132,24.3134],[122.8692,-4.4174,18.3164],[122.8729,-4.4169,4.7445],[122.8764,-4.4185,0.0],[122.879,-4.4137,1.8652],[122.8797,-4.4085,2.9175],[122.8779,-4.4064,9.1315],[122.8802,-4.4065,10.2349],[122.8807,-4.4001,33.5377],[122.8828,-4.398,19.1377],[122.8841,-4.4001,11.7375],[122.8811,-4.4058,4.4563],[122.8813,-4.408,12.7609],[122.883,-4.4089,12.7609],[122.8807,-4.4107,2.6356],[122.8828,-4.4139,3.7684],[122.8855,-4.4107,0.0],[122.8874,-4.4043,11.0543],[122.8899,-4.4042,0.0],[122.8897,-4.3999,0.0],[122.8924,-4.3984,2.7709],[122.891,-4.3915,4.0231],[122.8963,-4.3857,0.0],[122.8982,-4.3794,56.3404],[122.901,-4.3796,0.0],[122.902,-4.373,0.0],[122.8967,-4.3701,0.0],[122.8986,-4.3654,11.4998],[122.9014,-4.3669,0.7024],[122.9012,-4.365,5.6339],[122.8968,-4.3645,4.9296],[122.8944,-4.362,0.0],[122.8968,-4.3523,0.0],[122.9006,-4.3508,0.0],[122.8999,-4.3468,0.0],[122.8948,-4.34,0.0],[122.8947,-4.3348,0.0],[122.8963,-4.3317,0.0],[122.9012,-4.3293,9.6228],[122.9032,-4.3256,18.0888],[122.9082,-4.3235,0.0],[122.9053,-4.321,0.0],[122.8949,-4.3206,25.569],[122.8936,-4.3171,0.0],[122.8911,-4.319,9.4513],[122.8895,-4.3181,9.4513],[122.8856,-4.3117,0.0],[122.8859,-4.307,0.0],[122.8842,-4.3047,0.0],[122.8848,-4.2982,0.0],[122.8812,-4.2953,0.0],[122.8821,-4.2925,33.559],[122.8853,-4.2907,21.8993],[122.8862,-4.2797,0.0],[122.8908,-4.2777,0.0],[122.8909,-4.2724,0.0],[122.8878,-4.269,0.0],[122.8937,-4.2573,0.0],[122.8935,-4.2548,0.0],[122.8986,-4.2501,18.1432],[122.9024,-4.2513,0.0],[122.9032,-4.2474,15.7554],[122.9063,-4.2436,0.0],[122.9048,-4.2377,0.0],[122.907,-4.2306,0.0],[122.9038,-4.2292,83.8348],[122.9019,-4.2254,4.0724],[122.8953,-4.2228,0.0],[122.8942,-4.2206,0.0],[122.8929,-4.2075,50.43],[122.8971,-4.2067,0.0],[122.8954,-4.2047,28.8286],[122.8981,-4.2044,8.3483],[122.897,-4.2009,72.9244],[122.8999,-4.195,23.3285],[122.8918,-4.1794,66.7812],[122.892,-4.1754,49.5829],[122.8899,-4.1714,90.7186],[122.8915,-4.1644,87.7935],[122.8885,-4.1579,134.1882],[122.8867,-4.1457,189.0367],[122.8887,-4.1433,67.0492],[122.8881,-4.1399,182.9903],[122.8832,-4.1324,261.8616],[122.8851,-4.1309,133.5027],[122.885,-4.1268,102.7576],[122.8825,-4.1225,26.0777],[122.8794,-4.1217,89.7353],[122.8769,-4.1176,64.8151],[122.873,-4.1161,161.6913],[122.8733,-4.1126,84.6245],[122.8707,-4.1094,175.8549],[122.8691,-4.0995,7.4694],[122.8571,-4.0892,245.1685],[122.8534,-4.076,126.7089],[122.8466,-4.0661,38.1755],[122.8308,-4.055,0.0],[122.8273,-4.0554,0.0],[122.8217,-4.0592,0.0],[122.8156,-4.0577,0.0],[122.8104,-4.0619,5.95],[122.7997,-4.0595,25.2417],[122.7945,-4.0555,0.0],[122.7886,-4.0612,0.0],[122.7804,-4.06,0.0],[122.7752,-4.0566,0.0],[122.7663,-4.056,0.0],[122.7627,-4.0596,0.0],[122.7611,-4.0646,0.0],[122.7625,-4.0669,0.0],[122.7691,-4.0693,43.7939],[122.7677,-4.0744,0.0],[122.7711,-4.0777,3.5257],[122.7711,-4.0799,0.0],[122.776,-4.0814,0.0],[122.7764,-4.084,0.0],[122.7751,-4.0846,0.0],[122.7762,-4.0857,0.0],[122.7746,-4.0867,0.0],[122.7771,-4.089,2.5282],[122.7772,-4.0918,0.0],[122.7798,-4.091,22.7873],[122.7819,-4.0929,47.6525],[122.7831,-4.097,0.0],[122.7861,-4.0943,110.6283],[122.7878,-4.0965,0.0],[122.7913,-4.0945,70.5528],[122.7914,-4.0963,0.0],[122.793,-4.0963,10.5448],[122.7931,-4.0926,40.4985],[122.7983,-4.0943,4.1505],[122.8,-4.0976,3.3823],[122.8016,-4.096,38.3165],[122.8039,-4.1,0.0],[122.801,-4.1014,3.7317],[122.7992,-4.1059,0.0],[122.8015,-4.1093,0.0],[122.8043,-4.1036,62.2034],[122.8065,-4.1035,19.5363],[122.8081,-4.1003,12.6059],[122.8091,-4.1022,14.3475],[122.807,-4.1058,18.0626],[122.8087,-4.1081,0.0],[122.8068,-4.1101,0.0],[122.8079,-4.1146,0.0],[122.8119,-4.1118,51.9322],[122.8153,-4.1119,22.8445],[122.817,-4.109,74.8728],[122.8203,-4.1078,50.4471],[122.8234,-4.1098,0.0],[122.8229,-4.1134,0.0],[122.8209,-4.1156,0.0],[122.8243,-4.1179,24.0695],[122.8241,-4.1224,0.0],[122.8299,-4.1199,4.2297],[122.8348,-4.1249,0.0],[122.8339,-4.1309,0.0],[122.831,-4.1316,9.0588],[122.8322,-4.1339,0.0],[122.8308,-4.1358,5.1162],[122.8283,-4.1361,36.4942],[122.8266,-4.1335,16.1948],[122.8243,-4.1345,0.0],[122.8323,-4.1401,0.0],[122.8318,-4.1467,0.0],[122.8349,-4.1473,15.8927],[122.8357,-4.1498,0.7484],[122.8334,-4.1539,2.8637],[122.8269,-4.1507,10.604],[122.8225,-4.1455,9.7394],[122.8172,-4.1452,72.1158],[122.8181,-4.1409,0.0],[122.8144,-4.1413,31.5995],[122.8162,-4.1367,8.0943],[122.815,-4.1361,6.0283],[122.8126,-4.1408,10.4339],[122.8097,-4.1404,0.0],[122.8095,-4.1487,18.1767],[122.8061,-4.1506,12.5967],[122.8027,-4.1504,0.0],[122.8031,-4.1541,13.3983],[122.8009,-4.154,0.0],[122.7997,-4.1561,6.8137],[122.7962,-4.1552,56.0665],[122.7932,-4.1519,4.2306],[122.7891,-4.1536,8.3941],[122.7738,-4.1517,1.0225],[122.769,-4.155,0.0],[122.7719,-4.1623,8.1388],[122.7703,-4.1629,8.1388],[122.7678,-4.1607,5.0654],[122.7657,-4.1617,10.3586],[122.7673,-4.1573,4.0983],[122.766,-4.1571,4.0983],[122.7651,-4.1596,14.113],[122.7632,-4.1544,0.0],[122.7602,-4.1538,8.4089],[122.7604,-4.1568,14.8813],[122.7587,-4.1558,3.3974],[122.7561,-4.1569,7.0964],[122.7558,-4.1521,0.0],[122.7545,-4.1516,11.859],[122.7543,-4.1542,25.1561],[122.7534,-4.1531,4.7888],[122.7507,-4.1559,4.9429],[122.7489,-4.1525,9.868],[122.7487,-4.1501,21.7974],[122.7503,-4.1488,3.0883],[122.7482,-4.1467,2.5168],[122.7485,-4.1446,1.4936],[122.7456,-4.1423,0.0],[122.7432,-4.1435,1.4077],[122.7441,-4.1448,49.7042],[122.7413,-4.1441,1.4077],[122.73779999999999,-4.1398,3.0403],[122.736,-4.1441,2.9754],[122.7376,-4.1473,94.0411],[122.736,-4.1468,4.6532],[122.7341,-4.1488,15.4111],[122.7287,-4.1467,7.9997],[122.7269,-4.1492,40.142],[122.7259,-4.1477,30.5865],[122.7275,-4.1447,0.3359],[122.7317,-4.1419,0.0],[122.7313,-4.1383,0.0],[122.728,-4.138,35.9286],[122.7285,-4.1409,83.3932],[122.727,-4.1425,53.0579],[122.7264,-4.1411,1.7891],[122.7279,-4.1406,83.3932],[122.7272,-4.1396,83.3932],[122.7255,-4.1422,14.9003],[122.7222,-4.1414,17.7742],[122.7199,-4.1382,7.163],[122.7198,-4.1325,0.0],[122.715,-4.1313,24.5043],[122.7149,-4.1352,30.5824],[122.7121,-4.1378,0.0],[122.7021,-4.134,0.0],[122.6967,-4.1354,8.9163],[122.6977,-4.1371,28.7879],[122.6959,-4.1373,0.0],[122.6968,-4.1385,0.0],[122.6984,-4.1373,53.0469],[122.7011,-4.1411,14.0348],[122.704,-4.1414,7.5746],[122.7026,-4.1431,0.0],[122.7062,-4.1427,51.8458],[122.7099,-4.1488,7.715],[122.7069,-4.1505,8.4231],[122.7092,-4.1563,0.0],[122.7144,-4.159,2.6087],[122.7135,-4.1638,2.6352],[122.7085,-4.1651,2.1194],[122.7021,-4.159,0.3246],[122.6982,-4.1594,0.4126],[122.6959,-4.1568,4.3813],[122.6907,-4.1586,2.0975],[122.6804,-4.1591,0.0],[122.6765,-4.1579,0.4219],[122.6774,-4.1558,1.7248],[122.6757,-4.1505,0.0],[122.6673,-4.1478,0.8906],[122.6665,-4.146,1.433],[122.6642,-4.1476,1.5103],[122.6659,-4.1454,1.433],[122.6669,-4.1459,1.433],[122.668,-4.1476,0.8906],[122.6725,-4.1482,2.3515],[122.6731,-4.1469,2.4661],[122.6687,-4.1445,0.0],[122.6679,-4.1405,0.0],[122.6652,-4.1406,3.4294],[122.6664,-4.1375,1.4141],[122.6631,-4.1331,2.8454],[122.6648,-4.1305,3.0076],[122.6688,-4.13,0.0],[122.6706,-4.1282,0.5018],[122.664,-4.1262,0.5614],[122.6632,-4.1185,0.0],[122.6605,-4.1183,3.1158],[122.66,-4.1204,2.3137],[122.6599,-4.1187,3.1158],[122.661,-4.1177,3.5573],[122.665,-4.1173,22.2702],[122.6677,-4.114,0.0],[122.6667,-4.1128,0.0],[122.6665,-4.1146,43.5795],[122.6645,-4.1145,28.7265],[122.6638,-4.1128,28.5686],[122.6654,-4.1112,0.0],[122.6625,-4.1049,48.8249],[122.6638,-4.1041,8.3598],[122.6628,-4.1017,13.8525],[122.6647,-4.1,18.6715],[122.6609,-4.0956,10.2074],[122.6568,-4.0947,105.8008],[122.6614,-4.0906,0.0],[122.6609,-4.088,2.6337],[122.6595,-4.0917,2.4941],[122.6581,-4.0914,16.8996],[122.6594,-4.0876,14.2487],[122.6619,-4.086,2.784],[122.6604,-4.0845,15.2765],[122.6619,-4.081,0.0],[122.6596,-4.084,15.2765],[122.6549,-4.086,12.7644],[122.6527,-4.0864,55.8447],[122.6509,-4.0834,0.0],[122.6509,-4.0746,0.5289],[122.6521,-4.0727,0.6331],[122.6501,-4.0705,3.03],[122.652,-4.0697,0.3182],[122.6523,-4.0657,1.7542],[122.6495,-4.0573,0.467],[122.6546,-4.0555,19.4608],[122.6552,-4.0507,7.2963],[122.6586,-4.0462,6.8998],[122.6615,-4.0451,5.5258],[122.6648,-4.048,0.0],[122.6674,-4.0473,0.0],[122.6726,-4.0366,1.526],[122.666,-4.036,2.1116],[122.6641,-4.0333,4.0664],[122.6651,-4.0286,5.2153],[122.6605,-4.0206,2.8483],[122.662,-4.0162,1.244],[122.6591,-4.0133,1.1958],[122.6588,-4.0079,0.46],[122.6498,-4.0021,0.4787],[122.6427,-4.003,15.8942],[122.6395,-4.0055,9.9726],[122.637,-4.0033,2.9137],[122.6318,-4.003,0.0],[122.6287,-4.0059,0.7149],[122.6276,-4.0011,0.0],[122.6192,-4.0029,1.1827],[122.6158,-3.9973,0.0],[122.6076,-3.9918,1.99],[122.6078,-3.9891,0.0],[122.6047,-3.9853,3.1883],[122.5996,-3.9846,1.4511],[122.5968,-3.9812,0.0],[122.5936,-3.9811,0.4044],[122.5934,-3.9796,0.4044],[122.5899,-3.9782,0.839],[122.5873,-3.982,16.3595],[122.5871,-3.9802,1.8197],[122.5836,-3.9791,0.0],[122.5839,-3.9804,2.5952],[122.5791,-3.981,0.0],[122.5793,-3.9821,2.2585],[122.5755,-3.983,1.3193],[122.576,-3.984,1.3193],[122.575,-3.9838,1.3193],[122.5737,-3.9807,0.5429],[122.5695,-3.9841,1.0],[122.5663,-3.9842,1.7248],[122.5662,-3.9829,0.0],[122.5597,-3.9853,0.4936],[122.5549,-3.9875,0.7951],[122.5529,-3.9928,1.296],[122.5507,-3.993,4.5863],[122.5507,-3.9912,0.0],[122.5471,-3.9898,0.5],[122.5359,-3.9894,0.0],[122.5371,-3.9834,2.4573],[122.534,-3.9785,1.5979],[122.5327,-3.9788,1.174],[122.5337,-3.9762,0.8317],[122.5317,-3.9744,2.8533],[122.5328,-3.9727,0.0],[122.5312,-3.973,5.0623],[122.53,-3.97,2.094],[122.5405,-3.9661,5.0926],[122.5489,-3.9676,2.1149],[122.5563,-3.9669,1.9898],[122.5723,-3.9718,0.4363],[122.5748,-3.9712,5.0076],[122.5763,-3.9736,0.0],[122.5813,-3.9715,5.9927],[122.584,-3.9743,3.2389],[122.5875,-3.975,0.0],[122.589,-3.9708,4.4415],[122.5908,-3.9735,0.0],[122.592,-3.9731,1.8585],[122.5923,-3.9765,0.0],[122.5993,-3.9791,7.9264],[122.6031,-3.9718,9.0376],[122.6098,-3.9695,0.0],[122.6109,-3.967,0.0],[122.6088,-3.9628,8.8648],[122.6202,-3.962,0.0],[122.622,-3.9595,2.0409],[122.6252,-3.9586,0.0],[122.6261,-3.9492,0.0],[122.6242,-3.9492,1.9333],[122.6271,-3.9456,2.699],[122.625,-3.9422,2.4221],[122.628,-3.9383,2.6197],[122.6338,-3.9384,0.0],[122.6478,-3.9345,11.3281],[122.6485,-3.9318,12.472],[122.6452,-3.9308,2.7722],[122.6468,-3.9245,12.0386],[122.6603,-3.9276,1.1143],[122.6645,-3.9252,5.8889],[122.6672,-3.9179,24.1785],[122.6637,-3.9122,3.7633],[122.6641,-3.9047,1.8903],[122.6664,-3.9004,6.5205],[122.6653,-3.8965,3.8293],[122.6396,-3.8909,0.0],[122.6255,-3.8927,0.0],[122.6214,-3.8885,0.0],[122.6168,-3.893,3.4136],[122.6155,-3.8895,0.0],[122.6137,-3.8904,0.0],[122.6104,-3.8962,0.0],[122.6077,-3.8961,0.0],[122.6052,-3.8931,4.8048],[122.5975,-3.8933,0.0],[122.5953,-3.8954,9.8944],[122.5874,-3.8941,0.0],[122.5886,-3.8989,2.4556],[122.5876,-3.9004,5.5526],[122.5861,-3.8998,25.4104],[122.5858,-3.8948,10.5622],[122.5828,-3.8951,1.9533],[122.575,-3.8982,8.251],[122.5765,-3.9026,0.6607],[122.5749,-3.9019,0.6607],[122.5727,-3.9044,0.0],[122.5724,-3.9025,0.0],[122.5691,-3.904,0.0],[122.5695,-3.8995,0.0],[122.563,-3.8993,0.0],[122.5601,-3.9023,0.0],[122.5561,-3.9026,0.0],[122.5537,-3.9005,0.0],[122.542,-3.898,7.7551],[122.5395,-3.8936,5.3062],[122.534,-3.8936,0.0],[122.5369,-3.8988,7.6639],[122.5335,-3.8998,46.1125],[122.5307,-3.8953,5.1605],[122.5247,-3.895,21.1447],[122.5151,-3.886,1.4006],[122.5106,-3.8848,12.9222],[122.5063,-3.8811,14.0308],[122.506,-3.8753,3.9961],[122.5079,-3.8694,2.3459],[122.5058,-3.8634,0.25],[122.5082,-3.863,0.0],[122.5086,-3.861,4.1213],[122.5061,-3.8543,0.9841],[122.4982,-3.8463,1.4945],[122.4796,-3.8209,1.691],[122.4776,-3.8198,1.256],[122.4752,-3.8225,0.0],[122.481,-3.8256,0.0],[122.4777,-3.8269,4.0252],[122.4688,-3.8201,0.25],[122.4728,-3.8207,2.8865],[122.4704,-3.8086,4.408],[122.4574,-3.7948,0.0],[122.4505,-3.781,0.9214],[122.4435,-3.7501,2.4082],[122.433,-3.7458,0.0],[122.4267,-3.7464,4.4597],[122.4207,-3.7515,4.2409],[122.402,-3.7499,3.6352],[122.3938,-3.7381,6.187],[122.3929,-3.7266,25.4592],[122.3844,-3.7265,0.0],[122.3874,-3.7318,12.6054],[122.383,-3.7393,0.0],[122.3631,-3.7528,1.1892],[122.3534,-3.7496,9.7526],[122.3482,-3.7442,0.604],[122.3408,-3.7446,1.427],[122.3353,-3.7382,3.2479],[122.3363,-3.7344,0.8642],[122.3321,-3.7339,3.126],[122.3299,-3.7359,2.1083],[122.3259,-3.7345,0.0],[122.3255,-3.7263,11.569],[122.3237,-3.7237,0.0],[122.3164,-3.7198,2.5258],[122.313,-3.7103,9.1874],[122.3093,-3.71,1.5537],[122.3047,-3.7066,4.4159],[122.3046,-3.6975,2.3562],[122.3008,-3.6915,6.7762],[122.2938,-3.6878,2.8639],[122.2924,-3.6853,4.5861],[122.2883,-3.6865,9.3576],[122.285,-3.6842,1.8866],[122.2765,-3.6834,10.2876],[122.2704,-3.681,1.8397],[122.2662,-3.6771,2.3014],[122.2643,-3.6708,0.0],[122.2579,-3.6683,7.501],[122.2539,-3.6642,0.0],[122.2466,-3.6646,0.0],[122.2469,-3.6555,0.0],[122.2291,-3.6453,0.0],[122.2192,-3.6319,0.0],[122.2123,-3.6279,0.0],[122.2064,-3.6217,0.0],[122.2016,-3.6116,1.9811],[122.1963,-3.6084,0.0],[122.1958,-3.5916,2.2637],[122.1978,-3.5801,7.7866],[122.1966,-3.5749,0.0],[122.2,-3.565,3.9627],[122.2048,-3.5651,10.2904],[122.2078,-3.5687,2.0374],[122.2078,-3.5641,36.8722],[122.2126,-3.5624,6.1587],[122.2303,-3.5653,0.9591],[122.2323,-3.5624,3.0266],[122.2395,-3.5607,3.1459],[122.243,-3.5635,0.6124],[122.2462,-3.5603,10.5766],[122.248,-3.5646,0.0],[122.25,-3.564,0.0],[122.2497,-3.5591,1.3184],[122.2519,-3.5576,1.6637],[122.2531,-3.5612,0.0],[122.2614,-3.5566,8.9447],[122.2647,-3.5563,8.8437],[122.267,-3.5591,2.852],[122.2694,-3.5538,8.3691],[122.2706,-3.5378,1.0],[122.2603,-3.5379,1.0],[122.2559,-3.5413,11.4643],[122.254,-3.5408,1.0],[122.258,-3.5359,7.2992],[122.2652,-3.5312,6.3384],[122.2673,-3.5211,6.1141],[122.2691,-3.5244,3.1542],[122.2684,-3.5309,6.7171],[122.2742,-3.5357,8.7456],[122.2747,-3.5383,3.2173],[122.2724,-3.5457,18.8609],[122.273,-3.5508,16.9567],[122.2772,-3.5533,0.0],[122.2786,-3.552,10.4674],[122.2777,-3.5478,16.2876],[122.2818,-3.5486,0.9072],[122.2778,-3.543,16.8385],[122.2772,-3.5375,7.6716],[122.2796,-3.5066,4.5918],[122.2839,-3.4886,0.2429],[122.2822,-3.4874,0.0],[122.2726,-3.4878999999999998,0.5],[122.2693,-3.4918,4.7872],[122.257,-3.4889,0.5],[122.2511,-3.4923,0.5],[122.2486,-3.4969,5.0294],[122.2471,-3.4953,5.2219],[122.2537,-3.4869,5.1575],[122.2589,-3.4863,0.5],[122.2646,-3.4889,4.1406],[122.2674,-3.4883,2.4988],[122.2665,-3.485,0.5],[122.261,-3.4845,0.5],[122.2612,-3.4831,0.5],[122.2671,-3.4835,11.9731],[122.2704,-3.4861,8.5019],[122.2816,-3.4808,6.801],[122.2878,-3.4924,1.2014],[122.2951,-3.4792,0.4788],[122.2968,-3.4724,9.544],[122.2992,-3.4683,0.0],[122.3017,-3.468,0.0],[122.2932,-3.4621,10.1741],[122.2914,-3.4517,0.0],[122.2831,-3.4493,0.0],[122.2837,-3.4435,0.0],[122.2795,-3.4401,21.9889],[122.2792,-3.4359,0.0],[122.2762,-3.4346,5.968],[122.2705,-3.4361,0.0],[122.2669,-3.4349,1.8384],[122.262,-3.4273,0.0],[122.2595,-3.4267,14.768],[122.2584,-3.4227,29.0726],[122.2611,-3.42,48.9126],[122.2639,-3.4197,0.0],[122.2622,-3.4158,0.0],[122.2554,-3.4175,0.0],[122.2546,-3.4157,0.0],[122.2532,-3.4175,0.0],[122.2489,-3.4156,5.6751],[122.2482,-3.4101,0.0],[122.2451,-3.4091,6.4285],[122.2426,-3.406,15.9114],[122.2432,-3.404,0.0],[122.2467,-3.4028,0.0],[122.2419,-3.4037,0.0],[122.2375,-3.3983,0.0],[122.24,-3.3956,0.0],[122.2379,-3.3925,0.4879],[122.2391,-3.3887,9.9898],[122.2442,-3.3907,12.9586],[122.2448,-3.389,31.1737],[122.2472,-3.3898,5.5038],[122.248,-3.3883,14.1589],[122.253,-3.3881,2.953],[122.2521,-3.3935,0.0],[122.2545,-3.3937,31.0878],[122.2588,-3.3979,41.2669],[122.268,-3.3991,5.2922],[122.2637,-3.3932,74.443],[122.2659,-3.3902,32.9922],[122.2701,-3.3916,6.2463],[122.2714,-3.3906,15.3671],[122.267,-3.3881,17.9444],[122.264,-3.3818,4.6557],[122.2674,-3.3813,4.5597],[122.268,-3.3796,27.477],[122.2742,-3.3806,0.0],[122.2745,-3.3746,0.0],[122.2774,-3.3719,11.4168],[122.275,-3.365,6.0331],[122.2762,-3.3631,33.0005],[122.2791,-3.3654,0.0],[122.2805,-3.3641,51.1788],[122.2849,-3.3689,9.2659],[122.2942,-3.3682,0.0],[122.2952,-3.3694,12.8614],[122.2927,-3.3716,0.0],[122.295,-3.373,15.0976],[122.2926,-3.3745,0.0],[122.2893,-3.3741,0.0],[122.2896,-3.3768,15.449],[122.2978,-3.3775,19.5724],[122.2969,-3.3823,4.8465],[122.3039,-3.3798,0.0],[122.3091,-3.3847,0.0],[122.3144,-3.3826,10.2629],[122.314,-3.3796,6.9402],[122.3186,-3.3753,12.2102],[122.3244,-3.3731,0.0],[122.3282,-3.3733,9.6032],[122.3282,-3.3766,14.8631],[122.3225,-3.3821,0.0],[122.3246,-3.3835,28.9577],[122.3232,-3.3866,0.0],[122.3297,-3.3868,0.0],[122.3301,-3.3908,4.3471],[122.3267,-3.3946,28.4492],[122.3201,-3.3962,0.0],[122.3261,-3.3992,43.2507],[122.3275,-3.4024,0.0],[122.3194,-3.4078,0.0],[122.3197,-3.4104,8.9229],[122.3243,-3.4104,30.0281],[122.3258,-3.4142,56.0053],[122.3224,-3.4181,8.9959],[122.315,-3.4204,0.0],[122.3147,-3.4251,0.0],[122.3165,-3.4265,0.0],[122.3227,-3.4232,12.3328],[122.3248,-3.4261,38.5459],[122.3267,-3.4261,21.2573],[122.3342,-3.414,8.1479],[122.344,-3.4079,28.1024],[122.347,-3.4081,7.345],[122.3497,-3.4098,0.0],[122.35,-3.4174,0.0],[122.3567,-3.4163,4.0999],[122.3591,-3.4196,34.0399],[122.3565,-3.4256,19.09],[122.3506,-3.429,4.3282],[122.3507,-3.4306,19.7907],[122.3553,-3.4295,28.7306],[122.3593,-3.4319,12.179],[122.3603,-3.4349,12.1179],[122.3572,-3.4388,0.0],[122.3641,-3.4404,3.0131],[122.3635,-3.4429,0.0],[122.3596,-3.4458,3.2822],[122.3626,-3.447,0.0],[122.3641,-3.4516,6.7378],[122.3568,-3.457,15.1306],[122.356,-3.4593,0.0],[122.3575,-3.4629,0.0],[122.3602,-3.4643,28.503],[122.3641,-3.4604,17.0524],[122.3677,-3.4601,4.8293],[122.3689,-3.4641,0.0],[122.3757,-3.4578,38.583],[122.3789,-3.459,4.721],[122.3808,-3.4631,0.0],[122.3832,-3.4575,77.1132],[122.3832,-3.4507,9.8381],[122.3793,-3.4486,1.2459],[122.3808,-3.441,39.8623],[122.3832,-3.4395,55.0901],[122.3818,-3.4351,25.5333],[122.3874,-3.4246,0.0],[122.3868,-3.4185,1.5301],[122.3896,-3.4136,0.0],[122.3906,-3.4066,0.0],[122.3789,-3.3927,0.0],[122.3749,-3.39,45.3445],[122.3758,-3.3825,0.0],[122.3715,-3.3792,0.0],[122.3657,-3.3823,0.0],[122.3605,-3.3802,0.0],[122.3543,-3.3852,1.4245],[122.3492,-3.38,7.623],[122.3463,-3.3797,7.8812],[122.341,-3.3752,3.3646],[122.3379,-3.3646,12.7665],[122.331,-3.3652,2.8805],[122.3239,-3.3626,0.0],[122.3204,-3.3694,0.0],[122.3119,-3.3695,0.0],[122.3097,-3.3653,0.0],[122.3047,-3.3639,42.6416],[122.3045,-3.3554,0.0],[122.3015,-3.3561,0.0],[122.3014,-3.3604,2.8535],[122.2932,-3.3594,0.0],[122.2934,-3.3518,0.0],[122.2955,-3.3481,0.0],[122.2929,-3.3462,0.0],[122.2923,-3.3434,7.2048],[122.2946,-3.3399,9.2944],[122.2914,-3.3389,0.0],[122.2892,-3.3345,0.0],[122.2911,-3.3263,0.0],[122.2945,-3.3225,2.1725],[122.2914,-3.3216,2.65],[122.2907,-3.3197,0.0],[122.2925,-3.3129,1.1344],[122.2878,-3.3098,3.2228],[122.2831,-3.314,0.7821],[122.2795,-3.3128,6.8455],[122.2826,-3.3117,0.0],[122.2953,-3.2944,4.137],[122.2988,-3.2932,1.7366],[122.3006,-3.2874,16.7602],[122.3093,-3.2771,0.0],[122.3095,-3.2735,0.7849],[122.3108,-3.2729,10.5225],[122.2997,-3.2623,161.0278],[122.2956,-3.2553,222.5421],[122.2976,-3.246,296.0726],[122.302,-3.2377,315.3058],[122.3003,-3.2326,367.5609],[122.2956,-3.2262,382.6659],[122.2954,-3.2206,412.7289],[122.2985,-3.2125,439.8806],[122.3026,-3.2089,296.3821],[122.3109,-3.1942,306.5471],[122.3154,-3.1746,471.9101],[122.3144,-3.165,529.6709],[122.2962,-3.1556,559.2244],[122.2894,-3.1432,738.5623],[122.2849,-3.1414,780.8763],[122.2789,-3.1412,862.941],[122.2664,-3.1452,865.8934],[122.2534,-3.135,908.7922],[122.2325,-3.1406,709.9643],[122.2287,-3.1399,598.7234],[122.2222,-3.1349,393.1232],[122.2056,-3.1116,635.1968],[122.1918,-3.099,511.0331],[122.1756,-3.0891,558.1638],[122.1719,-3.0842,540.5468],[122.1732,-3.0713,779.6185],[122.1797,-3.047,938.0283],[122.1809,-3.036,1011.7551],[122.1796,-3.0328,1015.2158],[122.1765,-3.03,976.1807],[122.1615,-3.0259,1010.0689],[122.142,-3.022,727.6577],[122.1306,-3.0221,618.223],[122.1081,-3.0137,830.9587],[122.1,-3.009,761.5898],[122.0894,-2.9969,765.9191],[122.0812,-2.9804,964.0288],[122.0848,-2.9715,1007.2964],[122.0849,-2.967,1035.9777],[122.0725,-2.9541,963.7874],[122.0634,-2.9495,1062.1987],[122.0506,-2.9518,906.1457],[122.0385,-2.9596,822.4515],[122.0319,-2.958,737.4772],[122.024,-2.9595,679.1691],[122.0162,-2.9574,641.4523],[122.0064,-2.9576,555.8152],[121.9811,-2.9662,734.0947],[121.9635,-2.9753,791.7572],[121.9492,-2.9766,790.6987],[121.9392,-2.9795,802.6782],[121.9284,-2.9839,632.5259],[121.9208,-2.99,714.4865],[121.8992,-2.9832,524.6672],[121.8824,-2.9751,372.7863],[121.8704,-2.9715,238.7242],[121.8655,-2.9674,248.2048],[121.8575,-2.9639,240.5431],[121.8531,-2.9645,283.0516],[121.8511,-2.9673,248.2801],[121.8462,-2.9679,273.2643],[121.8425,-2.9707,262.27],[121.8355,-2.9707,259.47],[121.8334,-2.9722,252.0604],[121.8255,-2.969,258.7528],[121.8191,-2.9591,266.9859],[121.8042,-2.9531,284.8546],[121.7912,-2.9444,311.8978],[121.7844,-2.9454,272.4885],[121.7824,-2.9436,283.5357],[121.7781,-2.9458,269.8242],[121.775,-2.943,271.1167],[121.7709,-2.9428,289.9707],[121.7661,-2.9329,331.7686],[121.7527,-2.9236,299.11],[121.7415,-2.9242,373.0459],[121.7383,-2.9188,333.8948],[121.7326,-2.918,301.3926],[121.7304,-2.9159,310.5341],[121.7249,-2.9168,298.8026],[121.7217,-2.9194,302.0882],[121.7142,-2.9203,302.0432],[121.7126,-2.9195,310.5044],[121.7107,-2.9138,314.1227],[121.7029,-2.9118,459.9496],[121.6919,-2.9014,1040.5736],[121.6754,-2.9004,993.3018],[121.6678,-2.8969,1032.6757],[121.6542,-2.8984,972.8261],[121.6378,-2.8941,968.1908],[121.6298,-2.8972,942.0524],[121.6168,-2.9057,843.1575],[121.6009,-2.9035,604.6783],[121.5969,-2.905,744.0124],[121.5888,-2.911,771.8098],[121.5704,-2.9175,715.9312],[121.5658,-2.9222,594.1049],[121.5575,-2.9195,621.8152],[121.5471,-2.9217,520.0412],[121.5447,-2.9249,452.616],[121.5402,-2.9408,387.2786],[121.5254,-2.9621,491.6336],[121.5083,-2.9738,783.9178],[121.4991,-2.9741,638.2147],[121.4919,-2.9782,817.6714],[121.4652,-2.9992,849.3108],[121.461,-3.0107,934.0744],[121.4561,-3.0131,1022.7308],[121.4403,-3.0067,915.6765],[121.4119,-3.0024,1022.0306],[121.3815,-2.98,529.9092],[121.3727,-2.9768,523.567],[121.3622,-2.9761,512.7513],[121.3555,-2.974,541.9371],[121.3468,-2.9665,504.6499],[121.3406,-2.9532,523.381],[121.3295,-2.9399,584.8965],[121.3287,-2.936,625.9016],[121.3369,-2.925,627.4592],[121.354,-2.9096,896.3053],[121.3577,-2.9039,1055.2748],[121.3577,-2.8993,1154.3469],[121.3535,-2.8859,1113.8318],[121.3405,-2.8597,601.2982],[121.3326,-2.834,634.9199],[121.3187,-2.8077,1015.4169],[121.3081,-2.8056,729.0183],[121.2954,-2.8071,737.1343],[121.2805,-2.8186,863.1571],[121.2455,-2.8242,527.756],[121.2369,-2.8273,292.8419],[121.2308,-2.8372,134.6665],[121.2332,-2.8423,109.8923],[121.2291,-2.8447,116.0931],[121.2247,-2.8449,111.3179],[121.2208,-2.8431,106.7757],[121.2238,-2.8493,121.4026],[121.2216,-2.8498,112.4933],[121.2212,-2.8521,117.309],[121.2232,-2.8543,127.7359],[121.22,-2.8585,121.9076],[121.2183,-2.8565,135.8638],[121.2196,-2.8549,129.6725],[121.2179,-2.8539,122.7872],[121.2147,-2.8554,127.0747],[121.2142,-2.8582,119.7751],[121.2115,-2.8576,131.4806],[121.2086,-2.8533,125.0174],[121.2035,-2.8559,140.5911],[121.2036,-2.8577,127.5386],[121.1984,-2.8553,142.6968],[121.1972,-2.8521,151.5737],[121.1934,-2.8502,209.4597],[121.1872,-2.8388,216.0747],[121.1813,-2.8358,250.461],[121.177,-2.8306,294.0297],[121.1727,-2.8181,373.4172],[121.1663,-2.8148,452.6499],[121.154,-2.8152,784.3909],[121.133,-2.7978,918.7885],[121.1196,-2.7907,1067.4572],[121.0801,-2.7794,445.2424],[121.0687,-2.7875,518.6815],[121.0625,-2.7867,465.5152],[121.053,-2.7919,437.7153],[121.0371,-2.7915,323.7306],[121.0316,-2.7935,204.5272],[121.0295,-2.7962,185.1445],[121.0276,-2.808,219.2708],[121.0194,-2.8198,321.2418],[120.9883,-2.8313,27.6875],[120.9872,-2.8399,0.0],[120.9891,-2.8455,8.9554],[120.9927,-2.8484,10.4101],[120.9954,-2.8569,16.5774],[120.9966,-2.8703,0.0],[121.0007,-2.87,0.0],[121.0036,-2.8665,0.0],[121.0112,-2.8702,0.0],[121.0114,-2.8629,0.0],[121.0043,-2.8614,64.9318],[121.0009,-2.8546,6.0067],[120.997,-2.8534,47.4964],[120.9968,-2.8512,0.0],[120.9937,-2.8486,10.4101],[120.9917,-2.8408,107.9163],[120.9946,-2.8363,0.0],[120.997,-2.836,39.1399],[121.0011,-2.8389,18.1769],[121.0083,-2.837,3.0871],[121.0088,-2.8421,0.0],[121.0167,-2.8377,32.7228],[121.0212,-2.8409,76.3322],[121.0205,-2.8464,0.0],[121.0246,-2.8457,40.062],[121.0277,-2.8497,0.0],[121.0327,-2.8385,20.1355],[121.0327,-2.8359,0.0],[121.0294,-2.8359,4.4476],[121.0272,-2.8336,0.0],[121.0281,-2.8316,0.0],[121.0356,-2.8316,0.0],[121.036,-2.8266,0.0],[121.0329,-2.8233,22.1862],[121.0324,-2.8157,26.3493],[121.0369,-2.8072,12.1292],[121.0399,-2.8223,37.1489],[121.0439,-2.8242,75.0242],[121.0457,-2.8305,14.182],[121.0437,-2.8333,93.0259],[121.0435,-2.8437,0.0],[121.0455,-2.8591,0.0],[121.0484,-2.8612,15.9405],[121.046,-2.8644,10.3897],[121.047,-2.8675,0.0],[121.0532,-2.8681,89.3885],[121.0546,-2.8717,38.2815],[121.0578,-2.8721,28.3915],[121.0606,-2.8758,23.2669],[121.0648,-2.8773,0.0],[121.0669,-2.8729,0.0],[121.0669,-2.8667,6.8066],[121.0641,-2.8597,0.0],[121.0623,-2.8586,0.0],[121.0666,-2.8535,1.8793],[121.0747,-2.8562,12.881],[121.0788,-2.8664,56.0063],[121.0774,-2.8731,3.8489],[121.075,-2.8757,0.0],[121.0764,-2.8823,0.8128],[121.0755,-2.887,11.6421],[121.0724,-2.8891,0.0],[121.0729,-2.8965,3.8023],[121.078,-2.8946,9.4957],[121.08,-2.8956,7.7803],[121.0788,-2.906,10.807],[121.0813,-2.9071,9.8969],[121.0813,-2.9093,10.0265],[121.0906,-2.9235,4.6963],[121.0897,-2.9276,4.541],[121.0854,-2.93,0.0],[121.0866,-2.9388,0.0],[121.0897,-2.9449,8.4082],[121.0885,-2.9463,67.0187],[121.0862,-2.945,7.5342],[121.0823,-2.9481,0.0],[121.0836,-2.9501,41.1927],[121.0816,-2.9553,7.5588],[121.083,-2.9557,78.5315],[121.082,-2.9602,3.5439],[121.0853,-2.9643,38.3492],[121.0848,-2.9672,6.1544],[121.0824,-2.9683,13.2893],[121.081,-2.9717,72.1401],[121.0784,-2.9709,22.8184],[121.0743,-2.9648,18.7873],[121.0676,-2.9604,13.3952],[121.0663,-2.957,0.0],[121.0639,-2.9562,0.0],[121.0632,-2.9577,18.3875],[121.0671,-2.9637,9.9202],[121.0673,-2.966,18.9306],[121.0656,-2.9645,0.0],[121.0641,-2.9654,0.0],[121.0683,-2.9793,0.0],[121.0664,-2.981,0.0],[121.0666,-2.9831,7.6775],[121.0727,-2.9808,0.0],[121.0759,-2.9824,0.0],[121.0747,-2.983,42.1207],[121.0743,-2.9879,0.0],[121.075,-2.9922,7.1562],[121.0774,-2.9933,8.9676],[121.0774,-2.9948,16.5235],[121.0733,-2.9964,21.911],[121.0729,-2.9984,0.0],[121.0793,-2.998,4.0233],[121.0807,-2.9938,52.3777],[121.0819,-2.9944,52.3777],[121.0808,-2.999,4.6327],[121.087,-2.9983,4.6695],[121.089,-2.9959,41.636],[121.0905,-2.9962,41.636],[121.0859,-3.0092,0.0],[121.0887,-3.0151,2.3885],[121.0862,-3.0149,29.0573],[121.079,-3.0081,0.0],[121.0755,-3.0087,2.9635],[121.0746,-3.0104,11.0814],[121.077,-3.0148,41.903],[121.0739,-3.0317,12.3215],[121.0679,-3.0327,0.0],[121.0679,-3.0342,5.6298],[121.0638,-3.037,17.068],[121.0643,-3.0303,0.0],[121.0614,-3.0296,38.9218],[121.0593,-3.0242,5.6117],[121.0565,-3.0221,0.0],[121.0515,-3.0264,0.0],[121.05,-3.0347,21.2831],[121.0482,-3.0355,0.0],[121.0451,-3.0332,5.9205],[121.0432,-3.0364,0.0],[121.0442,-3.0494,12.9255],[121.052,-3.059,2.2362],[121.0526,-3.0566,12.9827],[121.056,-3.0573,0.0],[121.0594,-3.0694,0.0],[121.056,-3.0764,0.0],[121.0578,-3.0894,0.0],[121.0561,-3.1001,3.8101],[121.0552,-3.0973,0.4621],[121.0542,-3.0987,2.6634],[121.0554,-3.1017,6.8819],[121.054,-3.1036,4.9284],[121.054,-3.1012,3.0048],[121.053,-3.1015,1.5378],[121.0504,-3.1114,0.0],[121.0564,-3.1207,0.7949],[121.0589,-3.1331,0.0],[121.061,-3.1342,3.3887],[121.0598,-3.1371,0.0],[121.061,-3.1447,2.6523],[121.0556,-3.1518,0.0],[121.0579,-3.1594,1.3885],[121.0567,-3.1594,1.3885],[121.0558,-3.1681,0.0],[121.0582,-3.1691,3.1142],[121.0558,-3.1705,0.0],[121.0559,-3.1845,0.0],[121.0575,-3.1859,1.7745],[121.0568,-3.1883,2.0184],[121.0607,-3.1922,0.4754],[121.0605,-3.1954,1.3688],[121.0645,-3.1983,3.0043],[121.0653,-3.2009,3.0459],[121.0688,-3.2021,2.682],[121.0691,-3.2049,4.806],[121.0626,-3.2076,1.9318],[121.0504,-3.1991,0.0],[121.0332,-3.2066,0.0],[121.03,-3.2123,0.9518],[121.0287,-3.2195,0.0],[121.0256,-3.2214,0.0],[121.0222,-3.2297,2.2172],[121.0217,-3.2339,2.8102],[121.023,-3.2358,1.9321],[121.0215,-3.2366,2.8416],[121.0204,-3.2447,9.2457],[121.0174,-3.2447,7.3674],[121.0134,-3.2476,0.0],[121.0074,-3.2473,0.0],[120.9945,-3.2541,1.4492],[120.9839,-3.2564,0.9842],[120.9814,-3.2594,1.2009],[120.979,-3.2581,1.5599],[120.9748,-3.2609,0.0],[120.9703,-3.2675,0.0],[120.9706,-3.2709,1.2856],[120.968,-3.278,2.4757],[120.9597,-3.2878,1.2154],[120.9597,-3.2913,7.6379],[120.9568,-3.2918,0.0],[120.9546,-3.2968,0.0],[120.9599,-3.3025,2.713],[120.9571,-3.3067,0.0],[120.9568,-3.3119,0.0],[120.9583,-3.3141,3.1226],[120.9564,-3.3305,1.0838],[120.9518,-3.33,1.0906],[120.937,-3.3355,0.4282],[120.9306,-3.3419,6.8176],[120.9297,-3.3457,0.0],[120.9248,-3.351,5.0946],[120.9194,-3.3538,0.0],[120.913,-3.3699,3.0945],[120.8943,-3.3873,0.0],[120.8958,-3.4032,12.7021],[120.8887,-3.4096,0.0],[120.8872,-3.4144,0.0],[120.8748,-3.4189,0.0],[120.8657,-3.4282,0.0],[120.8645,-3.4389,0.0],[120.8672,-3.4453,2.344],[120.8674,-3.4501,0.5258],[120.8706,-3.4563,0.5],[120.8692,-3.4633,10.5939],[120.8699,-3.4711,0.6778],[120.8712,-3.4724,45.1512],[120.8709,-3.477,17.6479],[120.8733,-3.4852,2.4508],[120.8731,-3.494,0.6391],[120.8779,-3.5061,2.3715],[120.876,-3.5103,0.0],[120.8782,-3.512,2.9836],[120.877,-3.513,1.4263],[120.8813,-3.5202,1.1974],[120.8802,-3.5309,0.0],[120.8852,-3.5407,0.0],[120.8882,-3.5433,0.0],[120.8936,-3.5448,0.0],[120.9061,-3.5591,6.4464],[120.9073,-3.5643,0.0],[120.91,-3.5681,23.6888],[120.9028,-3.5655,7.1649],[120.8984,-3.566,0.0],[120.9032,-3.5717,0.0],[120.905,-3.5764,0.0],[120.9175,-3.5825,0.0],[120.9189,-3.5842,4.8255],[120.9181,-3.5872,0.0],[120.9201,-3.5872,0.0],[120.9261,-3.5948,0.0],[120.9337,-3.5968,0.0],[120.9362,-3.5992,0.0],[120.9349,-3.6038,0.0],[120.9421,-3.6069,3.3005],[120.9457,-3.6128,0.0],[120.9437,-3.6196,0.0],[120.9479,-3.6227,14.7567],[120.9559,-3.6239,7.2359],[120.9626,-3.6281,0.0],[120.9751,-3.6402,1.6533],[120.9813,-3.6431,0.0],[120.9926,-3.6542,3.4983],[121.0063,-3.6756,0.0],[121.0168,-3.6823,0.0],[121.0235,-3.683,10.1272],[121.0235,-3.6865,0.9411],[121.0269,-3.6904,0.0],[121.0307,-3.6927,2.2976],[121.0358,-3.6931,1.7795],[121.0412,-3.6969,0.0],[121.0494,-3.6964,2.9831],[121.0576,-3.701,3.8498],[121.063,-3.7014,5.0272],[121.0685,-3.7049,6.0902],[121.0695,-3.7111,0.0],[121.0734,-3.712,0.0],[121.0739,-3.7109,1.0332],[121.0741,-3.7123,0.0],[121.0825,-3.7147,0.0],[121.089,-3.7222,1.6464],[121.0919,-3.7298,0.0],[121.0967,-3.7327,0.0],[121.0983,-3.7432,0.0],[121.1041,-3.7471,0.0],[121.1063,-3.7461,135.1661],[121.1059,-3.7484,0.0],[121.1419,-3.7791,2.3263],[121.1584,-3.7977,0.0],[121.1635,-3.8076,1.0924],[121.1678,-3.8239,0.8569],[121.1694,-3.8205,4.941],[121.1727,-3.8194,10.3181],[121.1731,-3.8171,11.3844],[121.1742,-3.8176,10.2279],[121.1738,-3.8146,9.8362],[121.1757,-3.8167,15.9736],[121.1772,-3.813,10.7046],[121.1854,-3.8095,17.1184],[121.1849,-3.8066,20.2222],[121.1873,-3.805,27.564],[121.1853,-3.8068,20.2222],[121.1858,-3.8097,44.9161],[121.1771,-3.8136,10.7046],[121.176,-3.8171,15.9736],[121.1752,-3.817,10.2279],[121.1743,-3.8152,9.8362],[121.1746,-3.8177,10.2279],[121.1732,-3.8176,11.3844],[121.1728,-3.8199,7.028],[121.1698,-3.8206,4.941],[121.1683,-3.8244,0.8569],[121.1802,-3.8295,5.3478],[121.1884,-3.8298,0.0],[121.1936,-3.8294,3.9103],[121.2076,-3.8235,0.8322],[121.2156,-3.8227,1.0324],[121.24,-3.8255,1.4767],[121.2455,-3.8294,6.7787],[121.2511,-3.837,0.0],[121.2557,-3.8481,0.0],[121.2588,-3.8506,0.0],[121.2588,-3.8549,2.1398],[121.2553,-3.8559,0.0],[121.2547,-3.8597,6.1062],[121.2519,-3.8622,4.535],[121.248,-3.8604,0.0],[121.2455,-3.8654,46.8888],[121.239,-3.866,0.0],[121.2333,-3.8701,0.0],[121.2429,-3.8716,0.0],[121.2468,-3.878,0.0],[121.2528,-3.8759,51.2023],[121.2564,-3.8769,5.4386],[121.2618,-3.8829,8.0118],[121.2611,-3.887,0.0],[121.2539,-3.8906,0.0],[121.2489,-3.8999,5.4948],[121.2439,-3.9031,44.8402],[121.2401,-3.903,0.0],[121.2429,-3.9088,0.0],[121.2424,-3.9132,0.0],[121.2495,-3.9142,34.9901],[121.2523,-3.9208,11.7673],[121.2559,-3.9195,0.0],[121.2535,-3.9154,34.954],[121.2537,-3.9111,36.1578],[121.2651,-3.9111,36.0305],[121.2677,-3.9099,19.0479],[121.2666,-3.9056,14.5344],[121.2711,-3.9017,25.2551],[121.2705,-3.8966,9.4697],[121.2764,-3.8972,7.0822],[121.2728,-3.8901,0.7727],[121.2815,-3.8896,0.0],[121.2801,-3.8847,87.8062],[121.2913,-3.8861,9.3009],[121.3052,-3.8909,0.5],[121.3026,-3.8914,5.1603],[121.3003,-3.8901,0.3737],[121.3133,-3.9141,1.4581],[121.3172,-3.9318,0.0],[121.3159,-3.9387,3.6342],[121.3172,-3.9434,0.0],[121.3193,-3.9465,0.0],[121.3227,-3.9467,3.1032],[121.3241,-3.9497,0.0],[121.3233,-3.9471,3.1032],[121.327,-3.9449,4.3009],[121.3273,-3.9423,5.6111],[121.33,-3.942,7.307],[121.3312,-3.94,5.5614],[121.3326,-3.9412,6.302],[121.3328,-3.9398,6.302],[121.3357,-3.9399,8.2156],[121.3363,-3.938,6.122],[121.3426,-3.938,10.1632],[121.3425,-3.9359,11.7946],[121.3459,-3.9323,14.9708],[121.345,-3.9298,11.9334],[121.3459,-3.9278,17.8839],[121.3477,-3.9273,12.6258],[121.3527,-3.9295,30.527],[121.355,-3.9247,31.483],[121.3581,-3.925,30.9209],[121.3638,-3.9215,37.9958],[121.36279999999999,-3.9201,36.2758],[121.3649,-3.9194,43.1025],[121.3643,-3.9167,72.928],[121.3667,-3.9086,85.8186],[121.3668,-3.9119,64.1794],[121.3654,-3.9133,60.313],[121.366,-3.9161,59.6871],[121.3647,-3.9172,70.6524],[121.3655,-3.9196,58.9582],[121.3632,-3.9202,36.2758],[121.3642,-3.9214,37.9958],[121.3581,-3.9255,30.9209],[121.3553,-3.9252,31.483],[121.3531,-3.93,59.7416],[121.3505,-3.9299,36.2997],[121.3468,-3.9278,12.6258],[121.3459,-3.9306,11.9334],[121.347,-3.9325,12.9492],[121.3453,-3.933,10.0723],[121.3448,-3.9355,12.2849],[121.3429,-3.9361,11.7946],[121.3434,-3.9379,9.5607],[121.3417,-3.9392,7.9472],[121.3376,-3.9395,6.122],[121.3365,-3.9384,6.122],[121.3359,-3.9406,9.384],[121.3332,-3.9403,6.302],[121.3329,-3.9416,8.5298],[121.3314,-3.9405,5.5614],[121.33,-3.9424,7.307],[121.3278,-3.9425,3.9497],[121.3275,-3.9452,4.3009],[121.3239,-3.9471,2.0941],[121.3247,-3.949,0.7373],[121.3244,-3.9499,0.0],[121.3233,-3.9495,0.6537],[121.3221,-3.9471,3.1032],[121.3202,-3.9477,0.0],[121.3247,-3.9515,0.0],[121.3335,-3.9639,0.0],[121.3391,-3.9818,0.0],[121.3408,-3.9794,1.475],[121.3438,-3.9854,0.5176],[121.3435,-3.9832,1.532],[121.3456,-3.9826,3.6061],[121.3438,-3.9799,3.0599],[121.3463,-3.9794,2.305],[121.3476,-3.9776,10.4099],[121.3504,-3.9754,4.6052],[121.3508,-3.9763,10.6414],[121.3536,-3.972,6.3384],[121.3561,-3.9718,7.9919],[121.3565,-3.9748,12.0061],[121.3584,-3.9685,23.8446],[121.3633,-3.9685,21.5172],[121.3653,-3.9662,40.2889],[121.3727,-3.9682,50.0044],[121.376,-3.9669,26.4883],[121.3839,-3.9695,27.5809],[121.3978,-3.9665,38.6073],[121.4065,-3.9699,61.9179],[121.4143,-3.9693,40.15],[121.4153,-3.9672,35.3992],[121.4212,-3.9649,37.6107],[121.4225,-3.9626,30.6628],[121.4245,-3.9641,28.1693],[121.4226,-3.9631,27.1028],[121.4215,-3.9654,37.6107],[121.4152,-3.9677,35.3992],[121.4145,-3.9696,102.0806],[121.4065,-3.9704,61.9179],[121.3987,-3.9671,38.6073],[121.3837,-3.9701,56.3042],[121.3761,-3.9675,26.4883],[121.3726,-3.9687,50.0044],[121.3674,-3.9679,23.735],[121.3655,-3.9667,13.5257],[121.3652,-3.9679,13.5257],[121.3637,-3.9688,21.5172],[121.3589,-3.9688,30.6681],[121.3581,-3.9745,14.2253],[121.3572,-3.9752,12.0061],[121.3559,-3.9749,11.239],[121.3557,-3.9723,7.9919],[121.3538,-3.9725,6.3384],[121.3512,-3.9765,10.6414],[121.3503,-3.9769,10.6414],[121.3499,-3.9762,8.9458],[121.3477,-3.9779,10.4099],[121.3485,-3.9787,7.746],[121.3462,-3.9802,6.5562],[121.3442,-3.9803,4.0114],[121.3455,-3.9807,4.0114],[121.3461,-3.9821,3.6061],[121.3459,-3.9827,3.6061],[121.3441,-3.9832,2.4185],[121.3439,-3.9868,0.0],[121.3457,-3.9891,0.0],[121.3626,-3.9975,0.0],[121.371,-4.0037,0.0],[121.4015,-4.0004,0.0],[121.4078,-3.9973,0.6684],[121.4105,-3.9993,0.0],[121.4139,-3.9988,0.0],[121.4234,-4.0062,0.0512],[121.4275,-4.0065,0.0],[121.4432,-4.0218,0.0],[121.4522,-4.024,0.2735],[121.4549,-4.0176,1.3038],[121.4518,-4.0097,0.7305],[121.4562,-4.0078,1.7863],[121.459,-4.0104,0.0],[121.4798,-4.0173,4.1327],[121.4859,-4.016,4.0097],[121.5005,-4.019,4.3688],[121.5052,-4.0178,2.1142],[121.5126,-4.0233,0.0],[121.5294,-4.0279,3.2785],[121.5307,-4.0314,0.0],[121.5352,-4.0312,3.6965],[121.54,-4.0332,0.0],[121.5478,-4.0375,0.6074],[121.5526,-4.0435,0.2595],[121.5551,-4.0443,0.5863],[121.5621,-4.0386,3.2694],[121.5674,-4.0423,0.0],[121.572,-4.0482,0.0],[121.5767,-4.0509,0.6257],[121.578,-4.0496,0.6257],[121.5775,-4.0529,0.0],[121.5786,-4.0532,0.0],[121.5789,-4.0494,2.7504],[121.5821,-4.0499,0.0],[121.5819,-4.0524,0.0],[121.5826,-4.0501,0.0],[121.5874,-4.0516,4.7553],[121.5883,-4.0576,2.1123],[121.5849,-4.0588,0.0],[121.5902,-4.0574,2.372],[121.5908,-4.062,0.0],[121.5983,-4.0637,1.0456],[121.599,-4.06,1.766],[121.6003,-4.0613,1.7695],[121.6039,-4.0611,2.4148],[121.6011,-4.0635,1.2154],[121.6087,-4.0672,0.0],[121.6072,-4.0726,0.0],[121.6101,-4.0759,1.6378],[121.6067,-4.0851,0.5326],[121.6072,-4.0892,0.9598],[121.6057,-4.0904,2.7495],[121.6055,-4.1042,2.8441],[121.6082,-4.1039,1.0],[121.6129,-4.106,1.0],[121.6156,-4.1041,1.0],[121.6166,-4.1049,1.0],[121.6187,-4.1006,1.0741],[121.6198,-4.1004,1.0741],[121.6213,-4.1014,1.0],[121.6192,-4.1007,1.0741],[121.6168,-4.1053,1.0],[121.613,-4.1066,1.0],[121.6101,-4.1061,1.17],[121.608,-4.1045,1.0],[121.6068,-4.1053,0.6747],[121.6084,-4.1131,0.0],[121.6129,-4.1196,0.0],[121.615,-4.1199,1.6426],[121.6141,-4.1207,1.6426],[121.613,-4.1202,0.0],[121.6164,-4.1368,2.5626],[121.6164,-4.1513,1.8457],[121.6092,-4.1622,1.7623],[121.6071,-4.1621,0.0],[121.6077,-4.17,0.7511],[121.6095,-4.1728,0.0],[121.6061,-4.1727,0.0],[121.608,-4.1749,2.7476],[121.6072,-4.1765,2.5303],[121.6035,-4.1758,0.0],[121.6029,-4.1771,0.0],[121.6067,-4.179,0.725],[121.6062,-4.1814,3.7247],[121.6018,-4.1793,0.0],[121.5965,-4.1806,1.3341],[121.5908,-4.1761,0.0],[121.5887,-4.1776,0.0],[121.5937,-4.1856,5.722],[121.5997,-4.1883,6.1717],[121.5949,-4.1908,0.8581],[121.5931,-4.1962,2.3409],[121.5856,-4.2005,0.0],[121.5828,-4.2092,0.0],[121.5817,-4.2259,0.0],[121.5844,-4.2284,0.0],[121.579,-4.2458,18.1518],[121.5752,-4.2475,0.0],[121.5656,-4.262,0.6771],[121.5592,-4.2649,4.3172],[121.5478,-4.2662,5.6267],[121.5479,-4.2624,0.0],[121.5426,-4.2596,18.8588],[121.5404,-4.255,3.8332],[121.5443,-4.2522,4.3734],[121.5587,-4.2496,0.0],[121.5603,-4.2436,5.1462],[121.5576,-4.2435,0.0],[121.5558,-4.2476,0.0],[121.5477,-4.2484,15.878],[121.5464,-4.2479,10.8418],[121.5463,-4.2441,0.0],[121.5405,-4.2463,9.626],[121.5386,-4.2427,0.0],[121.5332,-4.24,0.0],[121.5283,-4.2423,0.0],[121.5259,-4.246,0.0],[121.526,-4.2515,0.0],[121.5297,-4.2534,5.9143],[121.5303,-4.2596,0.0],[121.5326,-4.2628,0.0],[121.5322,-4.2647,7.6641],[121.5253,-4.266,0.0],[121.5292,-4.2708,2.946],[121.5326,-4.282,0.0],[121.5301,-4.2903,0.0],[121.5334,-4.292,3.4169],[121.5258,-4.2926,0.0],[121.5263,-4.2975,0.0],[121.5228,-4.3078,0.0],[121.5233,-4.3183,1.2372],[121.5181,-4.3329,0.0],[121.5156,-4.3456,0.0],[121.517,-4.3728,1.4137],[121.5222,-4.3887,0.0],[121.5202,-4.3955,0.0],[121.5238,-4.4025,0.0],[121.5207,-4.4067,0.0],[121.5162,-4.4424,0.0],[121.5126,-4.4488,0.0],[121.5119,-4.4574,1.0536],[121.5003,-4.4835,0.0],[121.4942,-4.5041,0.0],[121.4944,-4.5086,0.0],[121.4921,-4.5102,0.0],[121.4863,-4.5303,1.0955],[121.4749,-4.551,0.0],[121.4768,-4.5746,0.0],[121.4737,-4.5846,1.3197],[121.4701,-4.5864,0.0],[121.4692,-4.5897,0.0],[121.4715,-4.6066,0.0],[121.4676,-4.6076,0.0],[121.4629,-4.6123,0.0],[121.4649,-4.6196,0.0],[121.4708,-4.6176,5.794],[121.4715,-4.6186,3.9983],[121.4695,-4.6196,0.0],[121.4688,-4.6395,2.2103],[121.4668,-4.6395,0.0],[121.4675,-4.6458,0.0],[121.4691,-4.6471,1.6004],[121.4694,-4.6568,0.0],[121.4684,-4.6734,0.0],[121.4651,-4.6827,0.0],[121.4694,-4.6916,0.0],[121.4809,-4.6917,0.0],[121.4886,-4.696,0.0],[121.4948,-4.697,5.0811],[121.4978,-4.7023,1.987],[121.4958,-4.7023,2.0146],[121.4952,-4.6987,3.3513],[121.4935,-4.6993,0.0],[121.4928,-4.7023,0.0],[121.4955,-4.7136,0.0],[121.5018,-4.714,0.9995],[121.5067,-4.7113,1.7025],[121.508,-4.7123,1.7025],[121.5064,-4.718,1.7133],[121.508,-4.721,0.0],[121.5074,-4.7273,1.8606],[121.5083,-4.7296,0.0],[121.5107,-4.7276,13.2481],[121.5097,-4.7306,7.4028],[121.505,-4.7326,1.0791],[121.5054,-4.7352,0.0],[121.5159,-4.7366,0.0],[121.515,-4.7371,0.0],[121.5198,-4.7396,0.0],[121.5198,-4.7444,0.0],[121.5219,-4.748,0.0],[121.5267,-4.7532,0.0],[121.533,-4.7538,0.872],[121.536,-4.7571,1.197],[121.5369,-4.7601,0.9631],[121.533,-4.7595,0.0],[121.5348,-4.7632,0.0],[121.5378,-4.7638,2.2458],[121.5408,-4.7686,0.0],[121.5417,-4.7677,0.0],[121.5454,-4.7698,0.0],[121.549,-4.7735,0.0],[121.5586,-4.7735,0.0],[121.567,-4.7795,2.8024],[121.5721,-4.7789,0.0],[121.5766,-4.782,0.0],[121.5778,-4.7847,0.0],[121.5869,-4.7898,0.0],[121.6013,-4.7884,1.8235],[121.6164,-4.7956,1.435],[121.62,-4.7948,0.0],[121.62,-4.7842,0.727],[121.6231,-4.7768,1.923],[121.624,-4.7779,2.7145],[121.624,-4.7767,2.7145],[121.6283,-4.777,7.4405],[121.6301,-4.781,0.0],[121.6323,-4.7819,3.9333],[121.6274,-4.7864,0.0],[121.6274,-4.7898,2.274],[121.6296,-4.7956,0.0],[121.6362,-4.799,0.5869],[121.6312,-4.801,0.0],[121.6314,-4.8042,0.0],[121.6385,-4.8124,0.5071],[121.6455,-4.8091,1.6932],[121.6464,-4.8063,1.3001],[121.6637,-4.8113,0.0],[121.6653,-4.8139,1.8049],[121.6649,-4.8176,1.3531],[121.6602,-4.8171,1.6314],[121.6595,-4.8183,0.5938],[121.6642,-4.8193,1.8821],[121.6781,-4.8366,3.0332],[121.6774,-4.8441,0.0],[121.6808,-4.8463,0.0],[121.6837,-4.8515,0.0],[121.6887,-4.8501,0.424],[121.6991,-4.8557,1.5985],[121.7095,-4.855,2.6419],[121.725,-4.8466,0.0],[121.7345,-4.837,1.3337],[121.741,-4.8372,0.0],[121.7439,-4.8389,0.0],[121.7466,-4.8371,9.487],[121.7499,-4.8428,0.0],[121.7536,-4.8439,2.9926],[121.7557,-4.8424,1.0925],[121.757,-4.8442,2.6895],[121.7592,-4.8442,0.0],[121.7679,-4.8382,0.9902],[121.7799,-4.8372,4.6934],[121.7804,-4.8437,9.3705],[121.7835,-4.8452,0.0],[121.7914,-4.8346,0.6569],[121.7932,-4.8361,0.0],[121.8015,-4.8343,3.1807],[121.8089,-4.8347,1.0659],[121.8223,-4.8385,0.0],[121.8315,-4.8473,0.0],[121.8317,-4.8498,0.0],[121.835,-4.8533,0.0],[121.8506,-4.8597,7.0451],[121.8577,-4.8659,0.0],[121.8618,-4.8682,0.0],[121.868,-4.8689,0.0],[121.8737,-4.8739,0.0],[121.8796,-4.8762,0.4915],[121.9045,-4.8825,1.7735],[121.9181,-4.8805,3.5436],[121.9269,-4.8826,2.0542],[121.9373,-4.8828,3.2156],[121.9362,-4.8836,0.0],[121.9415,-4.8874,0.0],[121.9551,-4.8882,0.0],[121.9564,-4.8905,0.0],[121.9636,-4.8909,6.9507],[121.9675,-4.8937,0.0],[121.9722,-4.8916,15.3384],[121.9773,-4.8945,0.6025],[121.9745,-4.8977,5.4784],[121.9783,-4.8981,0.0],[121.9837,-4.9015,0.0],[121.9869,-4.8986,2.3413],[121.9858,-4.8979,51.1628],[121.9867,-4.8969,5.0924],[121.992,-4.8962,32.4048],[121.9918,-4.8934,56.2445],[121.9994,-4.8907,0.0],[122.0017,-4.886,3.0056],[122.0051,-4.8837,3.6542],[122.006,-4.8896,0.0],[122.0054,-4.8922,2.1084],[122.0035,-4.8926,0.7298],[122.0018,-4.8989,5.2908],[122.0071,-4.8981,4.0906],[122.0113,-4.8938,9.9536],[122.0152,-4.8926,6.584],[122.0198,-4.8936,1.6684],[122.023,-4.8919,37.3402],[122.0228,-4.8873,19.6277],[122.02,-4.8841,2.6656],[122.02,-4.8811,6.9991],[122.0243,-4.8768,7.938],[122.0253,-4.8709,13.7166],[122.0298,-4.87,0.0],[122.0313,-4.8713,0.0],[122.0345,-4.88,0.0],[122.036,-4.8743,6.3651],[122.04,-4.8738,4.1756],[122.0437,-4.8758,0.0],[122.0443,-4.8671,0.0],[122.0487,-4.8624,2.3338],[122.0543,-4.8586,0.0],[122.0585,-4.8596,0.0],[122.0585,-4.8569,7.5523],[122.066,-4.853,0.7386],[122.0675,-4.8498,2.9048],[122.0721,-4.8509,5.6333],[122.0751,-4.859,0.0],[122.0775,-4.8574,6.8246],[122.0741,-4.853,6.6731],[122.0751,-4.8494,2.3961],[122.0738,-4.8447,10.2416],[122.0792,-4.8371,1.967],[122.0823,-4.8364,0.0],[122.083,-4.8337,0.7565],[122.0887,-4.8301,5.3599],[122.0915,-4.8252,2.3622],[122.1021,-4.8235,0.0],[122.1017,-4.8211,20.936],[122.1083,-4.8179,39.6115],[122.1204,-4.819,2.4082],[122.1149,-4.8156,14.1915],[122.109,-4.8146,45.8157],[122.1071,-4.8118,4.3126],[122.1028,-4.8132,27.9969],[122.0939,-4.8082,2.1736],[122.0927,-4.8009,21.1832],[122.0944,-4.8008,22.3579],[122.0946,-4.7977,30.0207],[122.0965,-4.7978,16.1306],[122.0949,-4.7951,18.4051],[122.0895,-4.7972,17.1266],[122.0812,-4.7951,32.771],[122.0748,-4.7915,10.451],[122.0685,-4.786,2.6429],[122.0677,-4.7812,2.022],[122.0643,-4.7762,0.0],[122.0572,-4.7748,3.824],[122.0497,-4.7708,0.9151],[122.0444,-4.7639,0.0],[122.0407,-4.7561,2.5022],[122.0405,-4.7502,3.124],[122.0386,-4.7496,1.0],[122.0404,-4.7484,4.1867],[122.0404,-4.7456,3.0528],[122.0381,-4.733,5.9285],[122.0365,-4.733,24.0476],[122.0342,-4.7284,39.0808],[122.0318,-4.72,11.5527],[122.0328,-4.6971,2.9016],[122.0309,-4.6908,3.4174],[122.0341,-4.6691,1.1475],[122.0326,-4.6579,0.0],[122.0276,-4.652,0.25],[122.0193,-4.647,6.883],[122.0253,-4.6479,6.2553],[122.0326,-4.6546,0.0],[122.0382,-4.6509,0.6388],[122.0421,-4.6448,2.5076],[122.0416,-4.6428,2.6766],[122.0431,-4.6439,4.1474],[122.0435,-4.6402,1.8228],[122.0515,-4.6265,1.8201],[122.0493,-4.6216,5.4496],[122.0551,-4.6191,0.0],[122.0612,-4.6122,2.5728],[122.0631,-4.6066,0.0],[122.061,-4.6038,3.375],[122.0646,-4.6036,1.8862],[122.0643,-4.5984,1.4295],[122.0679,-4.5942,13.6125],[122.0659,-4.5884,11.0809],[122.0707,-4.5851,0.0],[122.0694,-4.5783,10.1438],[122.0725,-4.5762,4.0386],[122.0895,-4.5426,6.2259],[122.0966,-4.5432,1.4462],[122.1039,-4.5417,1.8927],[122.108,-4.5382,0.0],[122.1082,-4.5341,0.0],[122.1212,-4.5369,0.8128],[122.1238,-4.535,9.1974],[122.1245,-4.5312,3.6047],[122.1398,-4.5345,0.0],[122.1478,-4.5343,0.3503],[122.1525,-4.5308,2.0932],[122.161,-4.5296,0.0],[122.1634,-4.5256,15.2819],[122.1646,-4.5183,7.8365],[122.1702,-4.5197,0.0],[122.1736,-4.5185,0.856],[122.1809,-4.5115,2.1038],[122.182,-4.5017,4.9545],[122.183,-4.5028,4.9545],[122.1832,-4.5076,0.0],[122.1899,-4.504,1.0625],[122.1907,-4.4998,1.8431],[122.1932,-4.4987,2.4098],[122.1938,-4.4958,9.6619],[122.1908,-4.4934,1.1277],[122.1941,-4.4946,3.4778],[122.1944,-4.5007,0.9651],[122.2058,-4.4854,1.8387],[122.2137,-4.4843,1.9601],[122.2113,-4.4823,4.1188],[122.2107,-4.4793,2.1401],[122.212,-4.4803,3.6281],[122.2123,-4.4829,4.1188],[122.2138,-4.4813,2.6139],[122.2127,-4.4791,1.8649],[122.214,-4.4802,2.662],[122.2146,-4.4821,4.9902],[122.2169,-4.4828,1.6736],[122.2163,-4.4749,2.8781],[122.2082,-4.4731,5.2174]]],
[[[122.2216,-4.8214,0.0],[122.2221,-4.8217,0.0],[122.2226,-4.8217,0.0],[122.2223,-4.8211,0.0],[122.2216,-4.8214,0.0]]],
[[[122.2246,-4.7622,0.0],[122.2288,-4.7585,0.0],[122.2278,-4.757,0.0],[122.2201,-4.762,0.0],[122.2225,-4.7637,0.0],[122.2246,-4.7622,0.0]]],
[[[122.2165,-4.4895,0.0],[122.2178,-4.4901,0.6694],[122.2202,-4.4858,0.0],[122.2187,-4.4851,0.0],[122.2165,-4.4895,0.0]]],
[[[122.3316,-4.6356,0.9898],[122.3359,-4.6349,5.3844],[122.338,-4.6306,6.1553],[122.3421,-4.6277,4.8278],[122.3485,-4.6259,7.7121],[122.3488,-4.6224,4.854],[122.344,-4.6219,1.5079],[122.3377,-4.6294,0.0],[122.3163,-4.6451,2.8656],[122.3146,-4.6542,3.2224],[122.3163,-4.6582,4.6593],[122.3192,-4.6563,7.515],[122.3198,-4.6578,4.2683],[122.3206,-4.656,6.7976],[122.3228,-4.6565,4.9539],[122.323,-4.6542,3.8895],[122.3258,-4.6536,4.5013],[122.3255,-4.6515,3.8941],[122.3285,-4.6508,3.1984],[122.3284,-4.6458,2.7873],[122.3305,-4.6453,3.3237],[122.3313,-4.6413,1.5201],[122.3344,-4.6399,0.0],[122.3344,-4.6375,3.7771],[122.3316,-4.6356,0.9898]]],
[[[122.3371,-4.6153,0.0],[122.3331,-4.6183,0.0],[122.331,-4.6224,0.0],[122.3321,-4.6255,0.0],[122.3347,-4.6241,0.0],[122.3387,-4.6173,0.0],[122.3387,-4.6154,0.0],[122.3371,-4.6153,0.0]]],
[[[122.3178,-4.6127,4.5645],[122.3142,-4.615,8.8205],[122.3139,-4.6219,5.1015],[122.3192,-4.6268,0.7088],[122.3252,-4.6238,0.0],[122.3313,-4.6124,1.0224],[122.3178,-4.6127,4.5645]]],
[[[122.3222,-4.5994,0.0],[122.3218,-4.5991,0.0],[122.3216,-4.5993,0.0],[122.3218,-4.5996,0.0],[122.3222,-4.5994,0.0]]],
[[[122.3217,-4.5846,0.0],[122.3226,-4.5846,0.0],[122.3227,-4.5837,1.4952],[122.3212,-4.5837,0.0],[122.3217,-4.5846,0.0]]],
[[[122.3258,-4.5617,0.0],[122.3298,-4.5579,0.0],[122.3305,-4.553,0.0],[122.3292,-4.552,0.0],[122.3208,-4.5556,0.0],[122.3181,-4.5621,0.0],[122.3185,-4.5639,0.0],[122.3209,-4.564,0.0],[122.3258,-4.5617,0.0]]],
[[[122.2923,-4.5461,0.0],[122.29,-4.548,0.0],[122.2892,-4.5528,0.0],[122.2925,-4.56,0.0],[122.2945,-4.5601,0.0],[122.2972,-4.5581,0.0],[122.2976,-4.5542,0.0],[122.296,-4.5453,0.0],[122.2945,-4.5443,0.0],[122.2923,-4.5461,0.0]]],
[[[122.2484,-4.4876,1.3624],[122.2477,-4.4884,0.9075],[122.2492,-4.4889,0.9075],[122.2511,-4.4853,1.6664],[122.2497,-4.4861,1.6664],[122.2484,-4.4876,1.3624]]],
[[[122.3552,-4.7344,5.175],[122.3581,-4.7315,4.3561],[122.358,-4.7293,2.2038],[122.3555,-4.7306,2.2518],[122.3489,-4.7296,1.4934],[122.3482,-4.7364,0.0],[122.3505,-4.7394,7.5456],[122.3544,-4.7391,7.4053],[122.3557,-4.7405,2.6735],[122.3565,-4.7373,2.1549],[122.3552,-4.7344,5.175]]],
[[[122.4068,-4.7286,0.0],[122.4061,-4.7262,0.0],[122.3994,-4.7263,0.0],[122.3987,-4.7311,0.0],[122.4023,-4.7324,0.0],[122.4068,-4.7286,0.0]]],
[[[122.4148,-4.732,0.0],[122.415,-4.7302,0.0],[122.4175,-4.7301,0.0],[122.4175,-4.7273,0.0],[122.4136,-4.7259,0.0],[122.4098,-4.7267,0.0],[122.4091,-4.7283,0.0],[122.4109,-4.7322,0.0],[122.4148,-4.732,0.0]]],
[[[122.4647,-4.7115,0.4636],[122.465,-4.7141,1.1242],[122.4679,-4.7158,0.0],[122.469,-4.7119,0.0],[122.4613,-4.7063,0.0],[122.4617,-4.6984,0.0],[122.4607,-4.6965,0.0],[122.4577,-4.6966,0.0],[122.4569,-4.6994,0.0],[122.453,-4.7011,0.0],[122.4509,-4.7055,0.0],[122.455,-4.7091,0.0],[122.4508,-4.709,0.0],[122.4496,-4.7113,0.0],[122.454,-4.7129,0.0],[122.4569,-4.7112,0.0],[122.4586,-4.7123,0.0],[122.4647,-4.7115,0.4636]]],
[[[122.417,-4.6964,0.0],[122.4079,-4.7039,0.0],[122.4073,-4.7084,0.0],[122.4125,-4.7097,0.0],[122.4234,-4.6995,0.0],[122.426,-4.6948,0.0],[122.422,-4.6925,0.0],[122.417,-4.6964,0.0]]],
[[[122.3994,-4.7123,0.0],[122.397,-4.7141,0.0],[122.3988,-4.7204,0.0],[122.4021,-4.7153,1.9376],[122.3994,-4.7123,0.0]]],
[[[122.3895,-4.6956,0.0],[122.3841,-4.6953,0.0],[122.3812,-4.6971,6.1619],[122.3803,-4.7022,0.0],[122.3883,-4.7013,0.0],[122.3907,-4.6977,0.0],[122.3895,-4.6956,0.0]]],
[[[122.3407,-4.7165,1.3161],[122.3472,-4.7133,2.0683],[122.3508,-4.7064,0.0],[122.3656,-4.6947,1.6794],[122.3676,-4.6895,6.4351],[122.3802,-4.6721,3.8696],[122.3807,-4.6682,4.7504],[122.3782,-4.6649,4.0186],[122.3725,-4.664,2.4455],[122.3678,-4.6657,0.0],[122.3472,-4.6849,2.7239],[122.3299,-4.7087,3.0926],[122.3249,-4.7187,2.7446],[122.3241,-4.7241,4.899],[122.3261,-4.7257,3.6095],[122.3298,-4.7253,0.8135],[122.3407,-4.7165,1.3161]]],
[[[122.3559,-4.6369,3.5981],[122.35,-4.6359,0.0],[122.3448,-4.6369,0.0],[122.3442,-4.643,4.4066],[122.3403,-4.6498,0.0],[122.3413,-4.656,2.3813],[122.3464,-4.6565,3.4708],[122.3546,-4.6514,4.5012],[122.3581,-4.6413,3.4073],[122.3559,-4.6369,3.5981]]],
[[[122.4168,-4.6848,0.0],[122.4122,-4.6851,0.0],[122.4089,-4.6873,0.0],[122.4081,-4.69,0.0],[122.4093,-4.6923,0.0],[122.4117,-4.6927,0.0],[122.4175,-4.6878,0.0],[122.4168,-4.6848,0.0]]],
[[[122.4345,-4.6875,0.0],[122.4385,-4.6863,0.0],[122.4394,-4.6804,0.0],[122.4382,-4.6781,0.0],[122.4322,-4.6778,0.0],[122.4268,-4.6836,0.0],[122.4264,-4.6855,0.0],[122.4285,-4.6886,0.0],[122.4311,-4.6899,0.0],[122.4345,-4.6875,0.0]]],
[[[122.4325,-4.6694,0.0],[122.4267,-4.6736,0.0],[122.4275,-4.6777,0.0],[122.4299,-4.6778,0.0],[122.4349,-4.6743,0.0],[122.4353,-4.6696,0.0],[122.4325,-4.6694,0.0]]],
[[[122.3521,-4.5853,2.0578],[122.3517,-4.5838,1.0944],[122.3482,-4.5841,0.0],[122.3474,-4.5903,0.4587],[122.3491,-4.5897,1.6629],[122.3521,-4.5853,2.0578]]],
[[[122.4636,-4.7279,0.0],[122.4648,-4.7291,0.0],[122.4684,-4.7263,0.0],[122.4694,-4.7234,0.0],[122.4681,-4.7202,0.0],[122.4604,-4.7237,0.0],[122.4635,-4.7252,0.0],[122.4636,-4.7279,0.0]]],
[[[123.6605,-5.29,0.0],[123.6606,-5.3045,0.0],[123.6619,-5.3079,0.0],[123.6657,-5.3061,0.0],[123.667,-5.2993,0.0],[123.6653,-5.2899,0.0],[123.6623,-5.2883,0.0],[123.6605,-5.29,0.0]]],
[[[123.1606,-5.244,0.0],[123.1576,-5.2441,0.0],[123.1582,-5.2454,0.0],[123.161,-5.245,0.0],[123.1606,-5.244,0.0]]],
[[[122.7918,-4.9653,0.0],[122.7867,-4.9652,0.0],[122.7859,-4.9687,0.0],[122.7861,-4.9743,0.0],[122.7889,-4.9788,0.0],[122.7946,-4.9773,10.1927],[122.7947,-4.9664,5.4604],[122.7918,-4.9653,0.0]]],
[[[122.8001,-4.9386,0.0],[122.8048,-4.9379,0.0],[122.8048,-4.9366,0.0],[122.7996,-4.9306,0.0],[122.7967,-4.9321,0.0],[122.7957,-4.9336,0.0],[122.7969,-4.9354,0.0],[122.7927,-4.9395,0.0],[122.794,-4.9406,0.0],[122.8001,-4.9386,0.0]]],
[[[122.8173,-4.9108,0.0],[122.8174,-4.9041,0.0],[122.8154,-4.9034,0.0],[122.8118,-4.9059,0.0],[122.8122,-4.9111,0.0],[122.8145,-4.9161,2.3103],[122.8172,-4.914,3.3358],[122.8173,-4.9108,0.0]]],
[[[123.0519,-4.8237,0.0],[123.0506,-4.8252,1.3259],[123.0521,-4.8265,0.7878],[123.0528,-4.8249,0.0],[123.0519,-4.8237,0.0]]],
[[[123.0552,-4.8235,0.2918],[123.0543,-4.824,0.2918],[123.0548,-4.8245,0.2918],[123.0551,-4.8243,0.2918],[123.0552,-4.8235,0.2918]]],
[[[123.0824,-4.7996,5.9547],[123.0849,-4.7957,4.7455],[123.0799,-4.794,2.3414],[123.0785,-4.7966,5.5082],[123.0762,-4.7968,0.0],[123.0748,-4.8037,1.6045],[123.0765,-4.8037,1.6045],[123.0735,-4.8086,4.3513],[123.0743,-4.8059,3.7337],[123.0702,-4.8045,9.623],[123.0679,-4.8006,3.0338],[123.0599,-4.8052,0.0],[123.0516,-4.8132,4.9079],[123.0475,-4.8126,0.0],[123.0447,-4.8145,3.6589],[123.0436,-4.8175,0.0],[123.0443,-4.8188,1.0732],[123.0459,-4.8174,5.8],[123.0478,-4.8184,1.9105],[123.0461,-4.8201,7.1495],[123.0472,-4.822,2.5896],[123.0549,-4.8198,0.0],[123.0605,-4.8122,12.1011],[123.0571,-4.8238,3.4421],[123.0578,-4.8266,5.7362],[123.0561,-4.8272,2.3223],[123.0569,-4.8307,11.4082],[123.0545,-4.8272,2.3223],[123.0504,-4.8283,2.5773],[123.0473,-4.8257,3.7272],[123.0388,-4.8233,5.5576],[123.0341,-4.8264,0.0],[123.0344,-4.8334,0.0],[123.0402,-4.8334,3.3331],[123.052,-4.8408,3.6336],[123.054,-4.8472,0.952],[123.0585,-4.8481,0.0],[123.0617,-4.8421,2.6913],[123.0652,-4.8418,1.4855],[123.0745,-4.8457,2.0614],[123.0779,-4.8517,0.0],[123.0793,-4.8511,0.0],[123.0801,-4.847,0.0],[123.078,-4.8456,13.2212],[123.0794,-4.8454,5.7127],[123.0832,-4.8475,8.9713],[123.0845,-4.8535,0.0],[123.0889,-4.8538,0.0],[123.0935,-4.8527,3.3263],[123.0968,-4.8495,1.4692],[123.0908,-4.8387,4.2635],[123.0951,-4.8293,7.4471],[123.0946,-4.8326,5.7999],[123.0937,-4.8346,0.0],[123.0949,-4.8361,0.0],[123.0985,-4.8335,3.5244],[123.0997,-4.839,2.5175],[123.1051,-4.8383,2.0348],[123.0983,-4.844,1.1833],[123.099,-4.8458,1.2505],[123.0975,-4.848,1.1506],[123.0992,-4.8495,1.1506],[123.1051,-4.8497,0.0],[123.1089,-4.8471,2.3924],[123.1127,-4.8474,2.8054],[123.1181,-4.8283,0.0],[123.1174,-4.7976,3.1648],[123.1072,-4.7989,0.0],[123.1042,-4.7958,0.9233],[123.1005,-4.7984,5.3442],[123.0939,-4.7953,1.8857],[123.0921,-4.7979,5.5458],[123.093,-4.7956,4.3695],[123.091,-4.7949,7.1091],[123.0879,-4.7982,20.5046],[123.0851,-4.7956,1.5023],[123.0846,-4.7988,10.7379],[123.0828,-4.8,5.9547],[123.0816,-4.7995,1.4768],[123.0824,-4.7996,5.9547]]],
[[[123.0492,-4.8061,3.2361],[123.0487,-4.8092,2.9073],[123.0516,-4.8117,0.0],[123.0562,-4.8049,0.0],[123.0512,-4.8022,1.1273],[123.0489,-4.8041,0.0],[123.0492,-4.8061,3.2361]]],
[[[123.1165,-4.7931,0.0],[123.1184,-4.7912,1.5193],[123.1148,-4.7853,3.0626],[123.1133,-4.7857,0.0],[123.1131,-4.7884,9.3376],[123.111,-4.7867,0.0],[123.1104,-4.7889,5.7082],[123.1089,-4.7875,1.1648],[123.1069,-4.7897,10.4955],[123.1014,-4.7924,4.0942],[123.1025,-4.7942,1.3025],[123.1105,-4.7966,0.0],[123.1165,-4.7931,0.0]]],
[[[123.0451,-4.7797,3.6295],[123.0446,-4.7814,0.0],[123.0456,-4.7819,0.0],[123.0458,-4.7809,3.6295],[123.0451,-4.7797,3.6295]]],
[[[123.0506,-4.7778,2.1101],[123.0491,-4.7773,1.8992],[123.0484,-4.7787,8.0271],[123.0501,-4.7836,0.0],[123.0522,-4.7804,0.0],[123.0506,-4.7778,2.1101]]],
[[[123.1651,-4.7996,0.0],[123.1675,-4.7994,0.0],[123.1677,-4.7967,0.0],[123.1653,-4.7967,0.0],[123.1651,-4.7996,0.0]]],
[[[123.1454,-4.7723,0.918],[123.1386,-4.7692,2.3629],[123.1399,-4.7621,4.385],[123.1376,-4.7606,0.0],[123.1355,-4.7687,0.6194],[123.1361,-4.7733,0.0],[123.1485,-4.7767,0.0],[123.155,-4.7753,0.5273],[123.157,-4.7734,0.0],[123.1553,-4.7721,1.7879],[123.1486,-4.7737,7.1612],[123.1454,-4.7723,0.918]]],
[[[123.1537,-4.7599,0.0],[123.1531,-4.7605,0.0],[123.1532,-4.7612,0.0],[123.1538,-4.7611,0.0],[123.1537,-4.7599,0.0]]],
[[[123.1988,-4.6816,1.1436],[123.198,-4.6825,0.0],[123.1991,-4.6829,1.1436],[123.1995,-4.6822,1.1436],[123.1988,-4.6816,1.1436]]],
[[[123.1245,-4.7737,0.6318],[123.1189,-4.7723,2.6371],[123.1144,-4.7682,4.2356],[123.1114,-4.7767,0.0],[123.1126,-4.7806,0.8446],[123.1162,-4.7828,4.3307],[123.1192,-4.7816,1.2268],[123.1249,-4.7755,0.0],[123.1245,-4.7737,0.6318]]],
[[[123.0412,-4.7738,10.4627],[123.0393,-4.7699,6.3364],[123.0369,-4.7713,3.3177],[123.0397,-4.7777,11.8425],[123.0453,-4.7781,0.0],[123.0451,-4.7739,3.7631],[123.0412,-4.7738,10.4627]]],
[[[123.0714,-4.7748,0.0],[123.0747,-4.775,0.0],[123.0745,-4.7725,2.7202],[123.0713,-4.7706,1.7414],[123.0697,-4.7756,0.0],[123.0714,-4.7748,0.0]]],
[[[123.0369,-4.7685,4.373],[123.0362,-4.7696,1.6686],[123.0371,-4.7703,1.6686],[123.0376,-4.7687,4.373],[123.0369,-4.7685,4.373]]],
[[[123.1113,-4.7696,0.8074],[123.112,-4.7664,2.8925],[123.1106,-4.7641,0.0],[123.1094,-4.7662,4.5574],[123.1113,-4.7696,0.8074]]],
[[[123.0406,-4.77,2.9122],[123.0426,-4.7726,2.9188],[123.0472,-4.7741,1.8205],[123.0445,-4.7669,0.0],[123.0372,-4.7595,1.5651],[123.0372,-4.7613,9.8137],[123.0362,-4.7627,9.8137],[123.0378,-4.7634,8.5426],[123.0378,-4.7678,13.7203],[123.0406,-4.77,2.9122]]],
[[[123.037,-4.7675,7.0896],[123.0373,-4.7637,8.6619],[123.0357,-4.7624,9.8137],[123.037,-4.7593,1.5651],[123.0328,-4.7542,4.5215],[123.0296,-4.7658,14.4415],[123.0318,-4.7695,13.5768],[123.034,-4.7698,0.0],[123.0339,-4.7681,10.8207],[123.037,-4.7675,7.0896]]],
[[[123.0706,-4.7558,0.0],[123.0709,-4.757,0.2781],[123.0718,-4.7572,0.2781],[123.0716,-4.7565,0.2781],[123.0706,-4.7558,0.0]]],
[[[123.0323,-4.7531,4.5215],[123.0311,-4.7535,0.0],[123.0303,-4.7589,1.3848],[123.0306,-4.7588,1.3848],[123.0323,-4.7531,4.5215]]],
[[[123.1155,-4.7459,2.9344],[123.114,-4.7419,0.0],[123.1102,-4.7425,0.0],[123.11,-4.7497,2.5464],[123.1132,-4.7509,3.1833],[123.1144,-4.7561,7.699],[123.1179,-4.7572,6.3565],[123.117,-4.7597,2.5042],[123.1192,-4.7644,0.8672],[123.1223,-4.7653,0.0],[123.1256,-4.7636,1.3631],[123.1267,-4.7608,0.0],[123.125,-4.7587,0.801],[123.1222,-4.7588,2.5368],[123.1224,-4.7561,0.0],[123.1204,-4.7548,2.9126],[123.1211,-4.7491,1.4717],[123.1155,-4.7459,2.9344]]],
[[[123.1303,-4.7278,0.7807],[123.1278,-4.7281,6.2308],[123.1268,-4.7249,1.8053],[123.125,-4.7261,1.2305],[123.1272,-4.7335,5.0253],[123.1254,-4.7335,2.8482],[123.1249,-4.7354,4.7991],[123.1286,-4.7385,6.4482],[123.1229,-4.7388,1.1304],[123.1219,-4.7409,0.0],[123.1289,-4.7464,0.0],[123.1328,-4.7455,8.508],[123.1337,-4.7475,3.1993],[123.1349,-4.7357,0.0],[123.1302,-4.7313,8.9422],[123.1324,-4.73,0.0],[123.1303,-4.7278,0.7807]]],
[[[123.1256,-4.7241,0.0],[123.1253,-4.7237,0.0],[123.1248,-4.7241,0.0],[123.1249,-4.7243,0.0],[123.1256,-4.7241,0.0]]],
[[[123.1267,-4.7188,1.8727],[123.1259,-4.7187,0.0],[123.126,-4.7193,0.0],[123.1269,-4.7193,1.8727],[123.1267,-4.7188,1.8727]]],
[[[122.7131,-4.5918,0.7697],[122.7086,-4.5893,0.373],[122.7071,-4.5907,0.0],[122.7072,-4.5936,0.3491],[122.7138,-4.5985,0.6215],[122.7182,-4.5959,1.0702],[122.7174,-4.5993,0.0],[122.7192,-4.6023,2.1961],[122.732,-4.6026,0.5949],[122.7266,-4.6007,4.0209],[122.7184,-4.5944,0.5926],[122.7146,-4.5949,0.8707],[122.7131,-4.5918,0.7697]]],
[[[122.6967,-4.5809,0.0],[122.696,-4.5819,0.0],[122.6964,-4.5831,0.0],[122.6979,-4.5826,3.0689],[122.6967,-4.5809,0.0]]],
[[[122.6947,-4.5813,0.0],[122.6961,-4.5804,0.0],[122.6955,-4.5784,1.1245],[122.6921,-4.5794,0.9877],[122.6923,-4.5802,3.0707],[122.6947,-4.5813,0.0]]],
[[[122.6902,-4.5653,0.825],[122.6898,-4.5673,6.3879],[122.6872,-4.565,5.0071],[122.6841,-4.5665,8.3083],[122.6824,-4.5719,0.0],[122.6832,-4.5786,0.0],[122.6858,-4.5789,0.6713],[122.6865,-4.5767,3.8849],[122.6898,-4.5802,0.8707],[122.6928,-4.5777,2.6386],[122.699,-4.5767,0.2609],[122.6988,-4.5754,0.586],[122.6897,-4.5719,5.5113],[122.6917,-4.5707,5.6447],[122.69,-4.5683,2.6707],[122.6926,-4.567,0.0],[122.6902,-4.5653,0.825]]],
[[[122.7316,-4.5453,2.0104],[122.7279,-4.5448,3.3491],[122.7284,-4.5395,3.8594],[122.7299,-4.5408,2.2698],[122.7375,-4.5382,0.0],[122.7427,-4.5309,0.8282],[122.7365,-4.5289,3.5693],[122.7305,-4.5228,0.0],[122.7214,-4.5183,3.4365],[122.7174,-4.5198,0.8865],[122.7145,-4.5165,1.9231],[122.7136,-4.5222,1.352],[122.7095,-4.5229,0.0],[122.7087,-4.5261,0.6395],[122.7105,-4.5295,9.5281],[122.7053,-4.5296,3.1817],[122.7029,-4.5322,2.5136],[122.7033,-4.5301,1.276],[122.7066,-4.5271,1.6316],[122.7069,-4.5241,2.1986],[122.7067,-4.5203,1.0907],[122.7025,-4.5196,4.3281],[122.6961,-4.5244,2.7697],[122.6972,-4.5261,2.0543],[122.694,-4.5268,3.5371],[122.6944,-4.5281,6.9327],[122.6899,-4.5317,3.1337],[122.6866,-4.5387,2.3993],[122.6884,-4.547,2.29],[122.6932,-4.556,3.6988],[122.6999,-4.5625,0.0],[122.7056,-4.5648,0.0],[122.7092,-4.5644,3.4119],[122.7082,-4.5589,3.8273],[122.7117,-4.5547,0.6854],[122.7079,-4.5476,4.0061],[122.7095,-4.5466,3.5346],[122.7153,-4.5537,4.5643],[122.7118,-4.5615,3.4629],[122.7171,-4.5592,3.6944],[122.7194,-4.5557,12.3378],[122.7212,-4.558,3.0482],[122.7271,-4.5577,22.9485],[122.7275,-4.5594,13.5786],[122.7246,-4.5606,0.5937],[122.7249,-4.5627,12.6298],[122.727,-4.564,17.4645],[122.7257,-4.5646,1.1823],[122.7258,-4.5677,1.8117],[122.7276,-4.5677,3.8758],[122.731,-4.5637,10.5427],[122.7359,-4.5687,2.5053],[122.7352,-4.5717,2.71],[122.7368,-4.5731,0.0],[122.7367,-4.5755,0.0],[122.741,-4.5743,8.483],[122.7427,-4.5758,2.4183],[122.743,-4.5698,16.0845],[122.7401,-4.5684,3.114],[122.7371,-4.5619,31.3393],[122.7386,-4.5602,3.3463],[122.7411,-4.5621,1.0338],[122.742,-4.5592,1.1926],[122.7401,-4.5576,2.274],[122.7402,-4.5556,0.7611],[122.7374,-4.5565,10.2248],[122.7381,-4.554,0.0],[122.7367,-4.5532,5.6417],[122.7399,-4.552,1.9508],[122.742,-4.5488,1.0526],[122.7344,-4.545,3.4563],[122.7316,-4.5453,2.0104]]],
[[[122.6834,-4.4824,4.4806],[122.6829,-4.4811,0.0],[122.6812,-4.4822,0.0],[122.6824,-4.4837,0.0],[122.6834,-4.4824,4.4806]]],
[[[122.8811,-4.4157,0.8879],[122.8803,-4.4159,0.8879],[122.8807,-4.4173,4.1933],[122.8815,-4.4168,0.0],[122.8811,-4.4157,0.8879]]],
[[[123.193,-4.6738,4.3642],[123.1943,-4.6759,0.0],[123.1956,-4.6731,2.4004],[123.1934,-4.6729,0.0],[123.193,-4.6738,4.3642]]],
[[[123.1865,-4.6702,0.551],[123.1878,-4.669,7.8829],[123.1855,-4.6621,2.7303],[123.1838,-4.6684,6.6337],[123.1791,-4.6687,1.7719],[123.1777,-4.6718,7.0472],[123.179,-4.6742,6.4086],[123.183,-4.6754,6.1671],[123.1865,-4.6702,0.551]]],
[[[123.1936,-4.6661,8.361],[123.1934,-4.6647,8.361],[123.1913,-4.6645,0.0],[123.1918,-4.6671,0.0],[123.1936,-4.6661,8.361]]],
[[[123.197,-4.6435,2.6893],[123.196,-4.647,0.0],[123.1974,-4.6485,0.0],[123.2013,-4.6426,10.9871],[123.2004,-4.6374,1.9641],[123.1982,-4.6355,0.9087],[123.1964,-4.6376,3.1324],[123.197,-4.6435,2.6893]]],
[[[123.186,-4.6323,0.0],[123.1858,-4.632,0.0],[123.1855,-4.6321,3.3167],[123.1856,-4.6326,3.3167],[123.186,-4.6323,0.0]]],
[[[123.1868,-4.6322,0.0],[123.1865,-4.6319,0.0],[123.1861,-4.6318,0.0],[123.1866,-4.6325,0.0],[123.1868,-4.6322,0.0]]],
[[[123.2516,-4.1037,8.1708],[123.2505,-4.1018,0.0],[123.2527,-4.0966,3.1397],[123.2548,-4.0933,0.0],[123.2581,-4.0926,6.3154],[123.2593,-4.0893,3.454],[123.2578,-4.0886,3.454],[123.2573,-4.0762,0.0],[123.2544,-4.0665,0.0],[123.2314,-4.0397,0.0],[123.2252,-4.0354,2.1293],[123.2251,-4.0262,0.0],[123.2196,-4.0247,4.8783],[123.2168,-4.0213,3.7158],[123.2142,-4.0205,1.1801],[123.2119,-4.0217,3.0705],[123.2107,-4.0188,0.6649],[123.1985,-4.0147,2.1084],[123.1916,-4.0101,0.0],[123.1841,-4.0082,0.0],[123.1805,-4.0102,4.7904],[123.1652,-4.008,5.1896],[123.1524,-4.012,3.6359],[123.1383,-4.0087,0.4679],[123.133,-4.0113,3.9265],[123.1252,-4.0183,1.4817],[123.1046,-4.02,4.0208],[123.0966,-4.023,4.5504],[123.0867,-4.022,8.3883],[123.0786,-4.0178,6.8696],[123.0677,-4.0063,19.9455],[123.0599,-4.0045,6.3245],[123.0516,-3.9978,2.1678],[123.0466,-3.9972,7.3034],[123.0301,-3.9826,1.5534],[123.0262,-3.9805,4.6288],[123.0129,-3.9778,0.0],[123.0114,-3.9786,0.0],[123.0078,-3.9893,0.0],[122.9967,-4.0038,0.5904],[122.9984,-4.0079,0.0],[122.9969,-4.0155,3.5352],[122.9942,-4.0203,1.1426],[122.9909,-4.0214,5.1651],[122.9868,-4.026,0.0],[122.984,-4.0233,0.0],[122.9746,-4.0351,0.0],[122.9717,-4.0426,0.0],[122.97,-4.0542,0.0],[122.9584,-4.0548,0.0],[122.948,-4.0507,0.0],[122.9417,-4.0507,0.0],[122.9463,-4.0588,0.5398],[122.944,-4.0635,0.0],[122.9394,-4.0658,0.0],[122.9353,-4.0658,0.0],[122.9353,-4.0704,0.0],[122.9393,-4.0737,8.4277],[122.9394,-4.0785,0.0],[122.9446,-4.082,0.958],[122.9446,-4.0866,0.0],[122.9365,-4.0919,0.0],[122.9365,-4.0942,0.0],[122.9467,-4.1219,0.0],[122.9525,-4.1276,0.0],[122.9554,-4.1399,0.0],[122.9618,-4.1447,0.0],[122.965,-4.1523,0.0],[122.9707,-4.1553,0.0],[122.9749,-4.166,0.0],[122.9813,-4.1685,0.0],[122.99,-4.1914,0.0],[122.9902,-4.201,0.0],[122.9938,-4.2033,0.0],[123.0024,-4.2019,0.0],[123.01,-4.2045,1.8774],[123.0217,-4.2147,0.0],[123.0254,-4.2213,1.2981],[123.0399,-4.23,0.0],[123.0447,-4.2312,10.173],[123.0483,-4.2362,6.1915],[123.0568,-4.2392,2.3864],[123.0633,-4.2453,0.8174],[123.0741,-4.249,5.4039],[123.0926,-4.2507,2.4045],[123.1101,-4.2597,0.0],[123.1172,-4.2607,6.0369],[123.1228,-4.2601,0.0],[123.1292,-4.2566,0.0],[123.1361,-4.2559,12.0043],[123.1433,-4.2472,0.0],[123.1464,-4.2462,23.594],[123.1522,-4.24,0.0],[123.1558,-4.2303,9.5338],[123.1545,-4.2292,14.6976],[123.1554,-4.2251,5.8147],[123.1654,-4.2078,3.6638],[123.1711,-4.2029,41.824],[123.1731,-4.2034,0.0],[123.1756,-4.2009,4.6085],[123.1803,-4.2005,3.9252],[123.1844,-4.1979,0.0],[123.1874,-4.1939,4.0785],[123.1857,-4.1887,8.2315],[123.1866,-4.1841,5.8687],[123.1896,-4.1832,0.0],[123.1946,-4.1862,7.8798],[123.1991,-4.18,5.6133],[123.202,-4.1787,6.7421],[123.2071,-4.1724,0.0],[123.2075,-4.1632,2.5367],[123.2136,-4.153,0.0],[123.2206,-4.1533,3.9097],[123.2213,-4.1461,11.3491],[123.231,-4.1457,13.5902],[123.2394,-4.1371,0.0],[123.2501,-4.1187,0.0],[123.2527,-4.1096,4.203],[123.2516,-4.1037,8.1708]]],
[[[122.9027,-4.1766,0.0],[122.901,-4.1763,0.0],[122.9026,-4.1784,0.0],[122.9023,-4.1812,0.0],[122.9058,-4.1862,0.8049],[122.9066,-4.1796,6.9583],[122.9027,-4.1766,0.0]]],
[[[122.8965,-4.1483,7.8806],[122.8923,-4.1472,0.0],[122.8957,-4.1583,0.0],[122.8986,-4.1594,2.2002],[122.8973,-4.1494,7.8806],[122.8965,-4.1483,7.8806]]],
[[[122.8931,-4.1429,0.0],[122.8915,-4.1417,109.6855],[122.8925,-4.146,0.0],[122.894,-4.1451,3.3233],[122.8931,-4.1429,0.0]]],
[[[122.809,-4.1366,0.0],[122.8094,-4.1381,0.0],[122.8102,-4.1376,0.8417],[122.8094,-4.1365,0.8417],[122.809,-4.1366,0.0]]],
[[[122.8135,-4.1337,33.6427],[122.812,-4.1316,0.0],[122.8117,-4.1345,4.5682],[122.8142,-4.1353,6.0283],[122.8135,-4.1337,33.6427]]],
[[[122.8293,-4.132,0.0],[122.8302,-4.1315,9.0588],[122.8285,-4.1306,0.0],[122.8283,-4.1316,0.0],[122.8293,-4.132,0.0]]],
[[[122.8273,-4.1301,0.0],[122.8273,-4.1304,0.0],[122.8283,-4.1304,0.0],[122.8278,-4.1297,0.0],[122.8273,-4.1301,0.0]]],
[[[122.7277,-4.1255,6.2252],[122.724,-4.1237,2.4763],[122.7237,-4.1263,6.2541],[122.7217,-4.1268,5.2022],[122.722,-4.1296,0.0],[122.7239,-4.1272,6.2541],[122.7284,-4.1277,17.176],[122.7293,-4.1255,0.0],[122.7277,-4.1255,6.2252]]],
[[[122.7931,-4.1023,7.8698],[122.7938,-4.1026,7.8698],[122.7956,-4.0991,0.0],[122.7929,-4.1001,0.0],[122.7931,-4.1023,7.8698]]],
[[[122.7772,-4.0382,8.6517],[122.7785,-4.0386,2.198],[122.7781,-4.0363,7.0072],[122.7772,-4.0366,7.0072],[122.7772,-4.0382,8.6517]]],
[[[122.6673,-4.1217,0.0],[122.6667,-4.1229,0.0],[122.6677,-4.1233,0.0],[122.6678,-4.1218,0.0],[122.6673,-4.1217,0.0]]],
[[[122.6713,-4.121,1.9848],[122.6734,-4.1196,0.0],[122.6715,-4.1191,0.0],[122.6703,-4.122,2.3688],[122.6713,-4.121,1.9848]]],
[[[122.6685,-4.1018,0.0],[122.6694,-4.1026,0.0],[122.67,-4.1014,0.0],[122.6684,-4.1003,0.0],[122.6686,-4.1009,0.0],[122.6685,-4.1018,0.0]]],
[[[122.6916,-3.9245,0.0],[122.6942,-3.925,0.0],[122.6981,-3.9191,0.0],[122.6959,-3.9092,0.0],[122.6917,-3.9089,0.0],[122.6839,-3.9134,0.0],[122.6783,-3.9111,0.0],[122.6814,-3.9163,0.0],[122.6889,-3.9179,0.0],[122.6925,-3.9163,0.0],[122.6916,-3.9245,0.0]]],
[[[122.6985,-3.9012,0.0],[122.7055,-3.9101,0.0],[122.7119,-3.9111,0.0],[122.7229,-3.9046,0.0],[122.7264,-3.9001,0.0],[122.7264,-3.8961,0.0],[122.7199,-3.8919,0.0],[122.7012,-3.8924,0.0],[122.697,-3.8968,0.0],[122.6985,-3.9012,0.0]]],
[[[122.7074,-3.8855,0.0],[122.7082,-3.8895,0.0],[122.7106,-3.8904,0.0],[122.716,-3.8904,0.0],[122.7186,-3.8876,0.0],[122.7177,-3.884,0.0],[122.712,-3.8813,0.0],[122.7074,-3.8855,0.0]]],
[[[122.6123,-3.9786,1.0423],[122.6044,-3.9758,0.0],[122.5994,-3.983,5.3324],[122.607,-3.983,0.7802],[122.6103,-3.985,4.0968],[122.6111,-3.9921,0.0],[122.615,-3.9922,2.8999],[122.6182,-3.9907,0.6893],[122.6185,-3.9884,0.9538],[122.6176,-3.9857,0.847],[122.61279999999999,-3.9829,3.7892],[122.6123,-3.9786,1.0423]]],
[[[121.9352,-5.4951,0.0],[121.9362,-5.4948,0.0],[121.9367,-5.4932,2.1489],[121.9355,-5.4937,2.1489],[121.9352,-5.4951,0.0]]],
[[[121.9387,-5.4927,0.0],[121.9385,-5.4942,0.0],[121.9387,-5.4943,0.0],[121.9398,-5.493,0.0],[121.9387,-5.4927,0.0]]],
[[[121.9374,-5.4868,0.3748],[121.9361,-5.4868,0.0],[121.9407,-5.4913,0.0],[121.94,-5.4854,1.7755],[121.9374,-5.4868,0.3748]]],
[[[121.969,-5.4774,2.1468],[121.9712,-5.4757999999999996,2.8571],[121.9786,-5.4766,0.0],[121.9893,-5.4728,8.0141],[121.9915,-5.4748,1.5868],[121.994,-5.474,13.5889],[121.9963,-5.4675,14.8703],[121.9986,-5.4666,5.6328],[122.0031,-5.4689,2.8924],[122.0054,-5.4674,6.557],[122.0111,-5.4687,5.8264],[122.0107,-5.4722,0.0],[122.0147,-5.4763,0.0],[122.0208,-5.474,17.2979],[122.0308,-5.4751,0.0],[122.0436,-5.4621,16.6007],[122.0499,-5.4607,0.0],[122.0466,-5.4547,8.46],[122.0434,-5.4379,22.9115],[122.0461,-5.4284,0.0],[122.045,-5.4252,2.7127],[122.0432,-5.4247,73.3492],[122.046,-5.422,0.0],[122.0437,-5.4157,13.7825],[122.0484,-5.4144,18.5315],[122.045,-5.4038,6.1636],[122.0433,-5.3827,12.5703],[122.0442,-5.3747,0.0],[122.0477,-5.3657,13.1458],[122.0467,-5.3651,13.1458],[122.04,-5.3712,1.3],[122.037,-5.3696,5.3272],[122.0396,-5.3622,17.8448],[122.0368,-5.3574,5.6705],[122.0419,-5.3568,0.0],[122.0381,-5.3531,4.6879],[122.0377,-5.3506,0.0],[122.0338,-5.3486,6.0274],[122.0331,-5.3449,4.9627],[122.0359,-5.339,3.0706],[122.0409,-5.3414,0.0],[122.0405,-5.3388,5.4441],[122.0356,-5.3341,0.0],[122.0358,-5.3317,0.0],[122.0415,-5.3231,3.1782],[122.0509,-5.3159,0.3331],[122.0519,-5.2989,4.6903],[122.0511,-5.2901,5.6439],[122.0486,-5.2838,2.174],[122.0511,-5.27,4.9483],[122.0507,-5.2653,0.8894],[122.0428,-5.259,6.196],[122.0436,-5.2532,2.0677],[122.0327,-5.2414,3.5617],[122.0378,-5.2401,7.7037],[122.0486,-5.2444,20.8501],[122.0503,-5.2402,3.9946],[122.0553,-5.2377,9.1995],[122.0591,-5.2368,3.9656],[122.06,-5.2381,0.0],[122.0612,-5.2356,39.7393],[122.0667,-5.236,0.0],[122.0725,-5.2339,11.2901],[122.0725,-5.231,7.1091],[122.0671,-5.228,6.8241],[122.0629,-5.215,0.8325],[122.0629,-5.2083,3.4771],[122.0675,-5.2066,0.0],[122.0667,-5.2054,46.938],[122.0692,-5.2012,0.0],[122.0629,-5.2045,0.0],[122.0583,-5.2041,11.4934],[122.0558,-5.2007,5.4992],[122.0542,-5.1974,1.8423],[122.0546,-5.1936,0.0],[122.0554,-5.1906,31.4515],[122.0596,-5.1877,17.6766],[122.0575,-5.1865,68.1281],[122.0584,-5.1818,11.9735],[122.0542,-5.1839,30.7092],[122.0496,-5.1814,16.502],[122.0504,-5.1789,11.5132],[122.0421,-5.1696,19.1959],[122.0429,-5.1654,11.7221],[122.035,-5.1604,5.8324],[122.0362,-5.1583,0.0],[122.0337,-5.1495,9.2748],[122.035,-5.1491,9.2748],[122.0245,-5.1503,38.4534],[122.022,-5.149,0.0],[122.0212,-5.1564,92.5253],[122.0203,-5.1551,5.9281],[122.0151,-5.1557,4.5981],[122.0094,-5.1505,0.0],[122.0099,-5.1609,3.5983],[122.0128,-5.1603,0.6444],[122.0151,-5.1621,0.0],[122.0168,-5.1644,0.0],[122.0151,-5.1672,4.2182],[122.0088,-5.1678,0.0],[121.9978,-5.1603,5.2553],[121.9915,-5.1591,7.8581],[121.9915,-5.1568,4.7421],[121.9892,-5.1545,3.9768],[121.9898,-5.1493,6.2171],[121.9869,-5.1453,3.8766],[121.9881,-5.1412,4.1487],[121.9829,-5.1366,0.0],[121.9824,-5.1314,0.0],[121.9852,-5.1291,0.0],[121.9812,-5.1245,0.0],[121.9755,-5.1228,5.3197],[121.9778,-5.1113,7.3201],[121.9807,-5.1101,4.798],[121.9767,-5.1072,0.7699],[121.9772,-5.1026,8.0605],[121.983,-5.0968,0.0],[121.9853,-5.0968,0.0],[121.9842,-5.0905,0.0],[121.9778,-5.0876,10.2769],[121.979,-5.083,0.9799],[121.9744,-5.079,0.0],[121.975,-5.0703,0.0],[121.9669,-5.0622,0.0],[121.9566,-5.0599,10.0292],[121.9531,-5.0628,0.0],[121.9457,-5.0639,0.0],[121.9412,-5.0711,2.2116],[121.937,-5.0743,0.0],[121.9364,-5.076,0.0],[121.9388,-5.0772,37.9111],[121.933,-5.0824,0.0],[121.9324,-5.087,0.0],[121.9341,-5.087,0.0],[121.9324,-5.0922,0.0],[121.9376,-5.1048,0.0],[121.9365,-5.1109,2.1953],[121.9301,-5.1097,40.3282],[121.9295,-5.1073,4.3942],[121.9271,-5.1073,10.9549],[121.9256,-5.1024,1.4909],[121.9204,-5.0993,0.0],[121.9185,-5.1002,7.3692],[121.9158,-5.0971,4.4786],[121.9128,-5.0984,3.7806],[121.9103,-5.0956,3.3924],[121.9131,-5.0901,0.0],[121.9094,-5.0934,10.4291],[121.8984,-5.0885,0.0],[121.8954,-5.0894,3.3945],[121.8938,-5.0787,4.3969],[121.8951,-5.0778,4.4558],[121.8951,-5.0723,4.6229],[121.8984,-5.0702,0.0],[121.9027,-5.0714,0.0],[121.9045,-5.0696,0.0],[121.9,-5.0683,0.0],[121.8985,-5.0585,2.0256],[121.8927,-5.0557,2.0084],[121.8884,-5.056,0.0],[121.8777,-5.0652,4.7004],[121.8758,-5.0652,0.0],[121.8716,-5.0716,3.2102],[121.867,-5.0729,0.0],[121.8658,-5.0744,0.0],[121.8664,-5.0756,0.8482],[121.8682,-5.075,4.9844],[121.8676,-5.0765,7.0856],[121.8624,-5.0762,0.0],[121.8557,-5.0839,1.6367],[121.8498,-5.094,0.0],[121.8495,-5.0961,0.0],[121.8523,-5.0973,1.5483],[121.8547,-5.0992,9.553],[121.8544,-5.1028,0.0],[121.8568,-5.1065,0.0],[121.8639,-5.1041,11.4262],[121.8645,-5.1059,0.0],[121.8712,-5.105,3.2507],[121.8752,-5.1075,2.969],[121.877,-5.1118,11.9043],[121.8733,-5.1108,4.5505],[121.8724,-5.109,1.14],[121.8709,-5.1111,15.2839],[121.8669,-5.1121,0.8319],[121.8684,-5.1206,6.1742],[121.8654,-5.1197,6.3576],[121.8596,-5.1093,0.0],[121.8543,-5.1093,6.7469],[121.8515,-5.0972,1.5483],[121.8474,-5.0998,1.1169],[121.8439,-5.1047,2.0535],[121.847,-5.104,6.847],[121.8483,-5.1065,8.6595],[121.8447,-5.1075,6.8506],[121.843,-5.1056,2.0535],[121.8399,-5.1093,0.0],[121.8395,-5.1133,0.0],[121.8433,-5.1216,0.5516],[121.8449,-5.1207,6.8682],[121.8483,-5.1246,0.9315],[121.8534,-5.1264,0.0],[121.8574,-5.1249,0.0],[121.8602,-5.128,0.0],[121.8635,-5.128,0.0],[121.866,-5.1307,0.0],[121.866,-5.1338,0.0],[121.8635,-5.1347,1.6384],[121.8632,-5.1372,3.1625],[121.8669,-5.1372,1.9053],[121.8678,-5.1387,0.0],[121.8724,-5.1375,14.0428],[121.8775,-5.1409,3.6235],[121.8812,-5.1403,0.0],[121.8827,-5.1421,0.677],[121.8797,-5.1433,5.4779],[121.8803,-5.1501,1.5868],[121.8827,-5.1528,0.0],[121.8809,-5.1553,4.9661],[121.8787,-5.1543,0.5724],[121.8754,-5.1516,9.9425],[121.8754,-5.1491,0.0],[121.8726,-5.1513,0.0],[121.8711,-5.1553,6.043],[121.872,-5.1568,7.6449],[121.8687,-5.158,5.9999],[121.8626,-5.1568,0.0],[121.8607,-5.1595,0.9452],[121.8546,-5.1558,0.0],[121.8545,-5.1531,0.0],[121.8511,-5.1483,1.1876],[121.8409,-5.1464,0.0],[121.8413,-5.1503,2.3519],[121.8379,-5.1519,0.0],[121.8368,-5.1551,3.6248],[121.8227,-5.1689,0.0],[121.8204,-5.1771,0.7511],[121.8234,-5.1791,0.0],[121.8222,-5.1816,2.0538],[121.8238,-5.186,0.7226],[121.8277,-5.1898,0.0],[121.829,-5.1871,6.9287],[121.8315,-5.1889,0.6519],[121.8333,-5.1873,9.6293],[121.8383,-5.1901,1.672],[121.8381,-5.1914,2.6085],[121.834,-5.1957,4.3705],[121.8317,-5.1951,0.0],[121.8308,-5.1967,0.0],[121.8333,-5.1982,0.0],[121.8317,-5.2023,0.0],[121.824,-5.2023,0.0],[121.8201,-5.2039,2.3082],[121.8133,-5.203,4.1527],[121.8079,-5.2068,2.8073],[121.8072,-5.2082,5.7172],[121.8097,-5.2098,4.9095],[121.8122,-5.2159,0.6684],[121.8124,-5.2271,0.5449],[121.8081,-5.2361,1.5679],[121.8074,-5.2448,7.026],[121.8036,-5.2543,0.0],[121.7948,-5.2622,1.1347],[121.7948,-5.2669,1.6785],[121.7933,-5.2738,2.8536],[121.7944,-5.2775,0.0],[121.8027,-5.285,0.0],[121.8098,-5.2877,5.3456],[121.8147,-5.2923,0.0],[121.8222,-5.2933,2.491],[121.8235,-5.2985,0.0],[121.8222,-5.2992,0.0],[121.8232,-5.3002,0.0],[121.8215,-5.3048,3.7982],[121.8251,-5.3169,0.0],[121.828,-5.3169,8.4291],[121.8271,-5.3185,0.0],[121.8293,-5.3172,8.4291],[121.831,-5.3185,0.0],[121.8287,-5.3227,0.0],[121.8303,-5.3254,0.0],[121.8342,-5.3283,20.0287],[121.8378,-5.3349,0.0],[121.8411,-5.3349,0.0],[121.8427,-5.3411,23.9162],[121.8453,-5.3444,1.2845],[121.8518,-5.3473,7.4484],[121.8547,-5.3506,2.495],[121.8541,-5.3519,0.0],[121.8596,-5.3607,0.0],[121.8576,-5.3653,0.0],[121.8635,-5.3692,11.1017],[121.8752,-5.3876,2.5067],[121.8908,-5.3951,1.3244],[121.8908,-5.399,0.0],[121.897,-5.3994,7.2418],[121.9032,-5.4056,0.0],[121.9075,-5.4036,35.5398],[121.9107,-5.4046,0.0],[121.9127,-5.4027,3.292],[121.9127,-5.4001,6.2244],[121.916,-5.3991,8.2791],[121.916,-5.401,3.589],[121.9212,-5.4014,4.531],[121.9212,-5.4092,2.6823],[121.9228,-5.4102,11.6827],[121.9208,-5.4128,0.0],[121.9221,-5.4148,1.3148],[121.9218,-5.42,2.2203],[121.927,-5.4256,0.0],[121.9338,-5.4285,2.8968],[121.9332,-5.4308,0.9075],[121.9364,-5.4348,0.0],[121.9364,-5.437,0.0],[121.9384,-5.4374,0.0],[121.9394,-5.4357,14.9048],[121.9429,-5.4491,0.0],[121.9462,-5.4547,0.0],[121.9446,-5.456,0.0],[121.9446,-5.4596,0.0],[121.9426,-5.4599,0.0],[121.9426,-5.4668,0.0],[121.9452,-5.4679,21.6088],[121.9462,-5.4737,0.0],[121.9451,-5.4819,23.7087],[121.9516,-5.4853,0.9605],[121.9475,-5.493,0.7805],[121.958,-5.4957,0.0],[121.9579,-5.4938,0.0],[121.9544,-5.4922,2.3655],[121.9531,-5.4896,4.1938],[121.9547,-5.4806,6.4299],[121.9606,-5.4774,5.7268],[121.969,-5.4774,2.1468]]],
[[[121.8349,-5.3457,0.0],[121.835,-5.3495,0.0],[121.8402,-5.3558,0.0],[121.8436,-5.3562,0.0],[121.844,-5.353,0.0],[121.8419,-5.3481,0.0],[121.8371,-5.345,0.0],[121.8349,-5.3457,0.0]]],
[[[121.8384,-5.343,0.0],[121.838,-5.3409,0.0],[121.8365,-5.34,0.0],[121.8361,-5.3409,0.0],[121.8384,-5.343,0.0]]],
[[[121.8308,-5.3341,0.0],[121.8323,-5.3352,0.0],[121.8331,-5.3334,0.0],[121.8311,-5.3319,0.0],[121.8308,-5.3341,0.0]]],
[[[122.0607,-5.4948,0.0],[122.0632,-5.4912,0.0],[122.0574,-5.4926,2.931],[122.0478,-5.4901,1.7176],[122.0358,-5.5003,13.8003],[122.0307,-5.5014,1.9765],[122.0255,-5.5052,17.2332],[122.0174,-5.507,13.6825],[122.0127,-5.5132,3.9401],[121.993,-5.5227,1.0267],[122.0013,-5.5231,0.0],[122.0149,-5.519,10.2539],[122.0288,-5.5188,7.514],[122.0395,-5.5101,8.7952],[122.0519,-5.5037,2.1389],[122.0607,-5.4948,0.0]]],
[[[122.0836,-5.4942,9.2836],[122.0867,-5.493,9.3382],[122.092,-5.4855,0.0],[122.0899,-5.479,0.0],[122.087,-5.4741,0.0],[122.0737,-5.4733,0.7997],[122.0732,-5.4771,1.7905],[122.0754,-5.4822,7.9078],[122.0706,-5.4873,1.04],[122.0778,-5.4873,1.0382],[122.0836,-5.4942,9.2836]]],
[[[122.0567,-5.3733,0.0],[122.0543,-5.3786,0.0],[122.0581,-5.3852,0.0],[122.0619,-5.3796,0.0],[122.0639,-5.3668,0.0],[122.063,-5.3646,0.0],[122.0594,-5.3641,0.0],[122.0567,-5.3733,0.0]]],
[[[122.0583,-5.3031,40.7806],[122.0631,-5.3076,44.8697],[122.066,-5.306,76.4481],[122.0696,-5.3005,58.3556],[122.069,-5.2948,28.04],[122.0724,-5.2921,34.1813],[122.0753,-5.2861,5.7405],[122.0711,-5.2862,0.0],[122.0657,-5.2903,13.9528],[122.0601,-5.2965,11.6305],[122.0583,-5.3031,40.7806]]],
[[[122.0471,-5.2488,0.0],[122.0448,-5.2496,0.0],[122.0446,-5.2515,0.0],[122.0483,-5.249,0.0],[122.0471,-5.2488,0.0]]],
[[[122.0524,-4.8859,5.3758],[122.0577,-4.8836,2.2225],[122.0533,-4.881,0.0],[122.0513,-4.8813,49.3524],[122.0496,-4.8791,0.0],[122.0477,-4.8804,0.0],[122.0482,-4.8864,19.2087],[122.0422,-4.8895,0.0],[122.0396,-4.8893,0.0],[122.0375,-4.8942,0.0],[122.0397,-4.8913,8.7431],[122.0501,-4.8898,0.9216],[122.0524,-4.8859,5.3758]]],
[[[121.814,-5.1604,0.0],[121.8161,-5.1617,0.0],[121.8195,-5.1565,0.0],[121.8136,-5.1542,0.0],[121.8125,-5.1578,0.0],[121.814,-5.1604,0.0]]],
[[[121.8215,-5.1408,0.0],[121.8176,-5.1407,0.0],[121.8162,-5.1435,7.2294],[121.8173,-5.1463,1.7268],[121.8226,-5.1467,5.3352],[121.8229,-5.1421,1.8911],[121.8215,-5.1408,0.0]]],
[[[121.8282,-5.1521,3.7989],[121.8317,-5.1509,8.7074],[121.8358,-5.1518,2.2206],[121.8366,-5.1477,5.8341],[121.8391,-5.146,3.8327],[121.8396,-5.1424,13.7046],[121.8437,-5.1357,5.1881],[121.8425,-5.1291,0.0],[121.8403,-5.1281,3.5994],[121.8389,-5.125,5.8494],[121.8393,-5.119,0.0],[121.8344,-5.1208,2.4805],[121.8255,-5.1373,0.0],[121.8237,-5.1452,1.3988],[121.8251,-5.1485,0.0],[121.8232,-5.151,0.0],[121.8238,-5.1523,2.2288],[121.8282,-5.1521,3.7989]]],
[[[122.0753,-5.2217,0.0],[122.0768,-5.2239,0.0],[122.0775,-5.2236,0.0],[122.0758,-5.2194,0.0],[122.0753,-5.2217,0.0]]],
[[[122.0631,-4.8857,7.3055],[122.0639,-4.8859,7.3055],[122.0603,-4.8832,0.8213],[122.0607,-4.8853,4.2711],[122.0631,-4.8857,7.3055]]],
[[[121.775,-5.2823,0.0],[121.7753,-5.2837,0.0],[121.7767,-5.2832,0.0],[121.7801,-5.2769,0.0],[121.7774,-5.2781,0.0],[121.775,-5.2823,0.0]]],
[[[121.7828,-5.2716,0.0],[121.7822,-5.2699,0.0],[121.7808,-5.2686,0.0],[121.7802,-5.2704,0.0],[121.7828,-5.2716,0.0]]],
[[[121.7939,-5.2645,0.9884],[121.7939,-5.2655,0.6651],[121.7947,-5.2659,0.6651],[121.7946,-5.2633,0.9884],[121.7939,-5.2645,0.9884]]],
[[[121.7872,-5.2539,0.0],[121.785,-5.254,0.0],[121.786,-5.2548,0.0],[121.783,-5.2604,0.0],[121.7837,-5.2622,0.0],[121.7855,-5.2599,0.0],[121.7872,-5.2539,0.0]]],
[[[121.8122,-5.167,0.0],[121.8132,-5.1641,0.8539],[121.8117,-5.1618,0.0],[121.8092,-5.1672,7.6399],[121.811,-5.1705,0.0],[121.8126,-5.1697,0.0],[121.8122,-5.167,0.0]]],
[[[121.912,-5.0815,0.0],[121.9096,-5.0858,0.0],[121.9096,-5.0864,0.0],[121.9134,-5.0835,0.0],[121.912,-5.0815,0.0]]],
[[[121.9078,-5.0829,0.0],[121.9095,-5.0842,0.0],[121.9113,-5.0808,0.0],[121.9095,-5.0826,0.0],[121.9085,-5.0806,0.0],[121.9077,-5.0822,0.0],[121.9069,-5.0807,0.0],[121.9049,-5.0811,0.0],[121.9061,-5.0849,0.0],[121.9078,-5.0829,0.0]]],
[[[121.9094,-5.0754,0.0],[121.9086,-5.078,0.0],[121.9109,-5.078,0.0],[121.9109,-5.0757,0.0],[121.9094,-5.0754,0.0]]],
[[[121.9171,-5.0755,0.0],[121.9173,-5.0771,0.0],[121.9188,-5.0781,0.0],[121.9191,-5.0764,0.0],[121.9171,-5.0755,0.0]]],
[[[121.9465,-4.908,0.0],[121.9462,-4.9116,0.0],[121.9473,-4.913,0.0],[121.9478,-4.9111,0.2726],[121.9465,-4.908,0.0]]],
[[[121.915,-5.0738,0.0],[121.9139,-5.0725,0.0],[121.912,-5.0766,0.0],[121.9148,-5.0762,0.0],[121.915,-5.0738,0.0]]],
[[[121.4893,-4.2008,0.0],[121.4873,-4.2002,0.0],[121.4916,-4.1928,0.0],[121.4793,-4.1959,0.0],[121.4697,-4.2074,64.9091],[121.4723,-4.2144,30.7478],[121.4706,-4.2188,75.2286],[121.4735,-4.2259,7.6358],[121.4748,-4.2222,18.1735],[121.4777,-4.2228,0.0],[121.483,-4.2036,6.6702],[121.4968,-4.206,10.0827],[121.5007,-4.2038,0.0],[121.5015,-4.2017,9.6913],[121.4954,-4.204,7.3287],[121.4935,-4.2021,0.0],[121.4958,-4.2002,0.0],[121.4966,-4.1963,0.0],[121.4893,-4.2008,0.0]]],
[[[121.4892,-4.1516,0.0],[121.4877,-4.1508,0.0],[121.4887,-4.1527,0.0],[121.4873,-4.1537,0.0],[121.4869,-4.1502,0.0],[121.4843,-4.1482,0.0],[121.4822,-4.1524,13.2232],[121.4844,-4.1591,0.0],[121.4842,-4.1736,46.8241],[121.4869,-4.1764,5.3464],[121.4899,-4.1839,0.0],[121.4952,-4.1865,0.0],[121.4972,-4.1842,0.0],[121.4959,-4.1818,0.0],[121.4938,-4.1825,0.0],[121.4943,-4.181,0.0],[121.4929,-4.181,0.0],[121.4915,-4.1762,0.0],[121.4957,-4.1786,0.0],[121.4963,-4.1774,0.0],[121.4894,-4.1721,0.0],[121.488,-4.1684,0.0],[121.4892,-4.1666,0.0],[121.4911,-4.169,0.0],[121.49,-4.1644,0.0],[121.488,-4.1659,0.0],[121.4879,-4.1622,0.0],[121.4867,-4.1617,0.0],[121.4866,-4.157,0.0],[121.4906,-4.1533,0.0],[121.4892,-4.1516,0.0]]],
[[[121.4209,-4.0914,0.0],[121.4224,-4.0873,13.7453],[121.4264,-4.0872,0.0],[121.4251,-4.0836,0.0],[121.4171,-4.0855,0.0],[121.4119,-4.0841,4.3069],[121.4146,-4.0889,23.0205],[121.4124,-4.0987,65.1277],[121.4131,-4.1046,44.6962],[121.4044,-4.1137,12.9216],[121.401,-4.1138,28.7818],[121.399,-4.1101,5.497],[121.3954,-4.1119,13.7519],[121.3926,-4.1109,9.3821],[121.3891,-4.1037,2.2889],[121.3826,-4.1049,0.0],[121.3843,-4.1081,0.0],[121.3861,-4.1255,0.0],[121.3922,-4.1247,0.0],[121.3995,-4.1262,31.5887],[121.4017,-4.1311,0.0],[121.4012,-4.1433,0.0],[121.3981,-4.1486,22.8496],[121.3936,-4.1497,0.0],[121.3943,-4.162,0.0],[121.3928,-4.1669,1.1784],[121.4084,-4.157,0.0],[121.4186,-4.1558,0.0],[121.4215,-4.1582,0.0],[121.4255,-4.1584,5.8978],[121.4286,-4.1621,23.7693],[121.4281,-4.1702,0.0],[121.4335,-4.1685,2.9365],[121.4434,-4.1687,0.0],[121.4457,-4.1615,4.6066],[121.4376,-4.1585,22.765],[121.4378,-4.1514,9.7873],[121.4339,-4.1485,6.3178],[121.4345,-4.1443,16.4614],[121.4318,-4.1405,2.4422],[121.4315,-4.1372,0.0],[121.4297,-4.1363,46.364],[121.4303,-4.1296,12.2054],[121.4382,-4.1281,0.0],[121.442,-4.1287,18.0925],[121.4436,-4.1311,33.6904],[121.4505,-4.131,45.2555],[121.4577,-4.1376,5.431],[121.4634,-4.1341,4.7322],[121.4605,-4.1319,0.0],[121.4561,-4.1188,3.6126],[121.4588,-4.1171,15.6175],[121.4624,-4.1183,8.7758],[121.468,-4.1171,0.0],[121.4714,-4.1103,8.638],[121.4678,-4.1064,0.0],[121.4594,-4.1025,0.0],[121.4561,-4.1052,7.3276],[121.4503,-4.1022,0.0],[121.4452,-4.1102,4.9291],[121.4451,-4.113,46.452],[121.4417,-4.1165,51.2964],[121.4336,-4.1164,16.0026],[121.4292,-4.1134,11.0267],[121.4275,-4.1153,9.1359],[121.4252,-4.1131,5.5501],[121.4228,-4.1144,8.0284],[121.4168,-4.112,2.7463],[121.4156,-4.1087,0.0],[121.417,-4.1021,20.7979],[121.4236,-4.1007,3.2685],[121.4199,-4.0965,53.0371],[121.4209,-4.0914,0.0]]],
[[[121.482,-4.1129,0.0],[121.4768,-4.1107,0.0],[121.4754,-4.1119,0.0],[121.4777,-4.1174,0.0],[121.4778,-4.1221,0.0],[121.4854,-4.1237,0.0],[121.4871,-4.1219,0.0],[121.4866,-4.12,0.0],[121.4841,-4.1174,0.0],[121.4824,-4.1193,0.0],[121.4803,-4.1165,0.0],[121.4806,-4.1136,0.0],[121.4831,-4.1167,0.0],[121.482,-4.1129,0.0]]],
[[[121.3691,-4.0867,0.0],[121.3704,-4.0861,0.0],[121.3686,-4.0845,21.2085],[121.3698,-4.0833,0.0],[121.3682,-4.0718,0.0],[121.3641,-4.0808,0.0],[121.3659,-4.0823,0.0],[121.3631,-4.0851,0.0],[121.3553,-4.0884,0.0],[121.3545,-4.0905,14.8227],[121.3614,-4.0945,16.9209],[121.3641,-4.0983,0.0],[121.3678,-4.0988,0.0],[121.3695,-4.1013,0.0],[121.3736,-4.1007,0.0],[121.3782,-4.1029,0.0],[121.3797,-4.1002,0.0],[121.3778,-4.0985,0.0],[121.3768,-4.0921,0.0],[121.3754,-4.0926,0.0],[121.3691,-4.0867,0.0]]],
[[[121.3324,-4.0818,0.0],[121.3286,-4.0861,5.8094],[121.3373,-4.0844,20.088],[121.3376,-4.0772,3.3664],[121.3339,-4.0768,22.5588],[121.3324,-4.0818,0.0]]],
[[[121.2287,-3.9109,0.0],[121.2304,-3.9117,0.0],[121.2317,-3.9103,0.0],[121.2306,-3.9094,0.0],[121.2287,-3.9109,0.0]]],
[[[121.2259,-3.8658,0.0],[121.2217,-3.8688,3.6467],[121.2237,-3.8734,7.0797],[121.2273,-3.8666,0.0],[121.2259,-3.8658,0.0]]],
[[[122.4853,-3.4862,85.2336],[122.4865,-3.4824,0.0],[122.4831,-3.4786,0.0],[122.483,-3.4874,42.1735],[122.4853,-3.4862,85.2336]]],
[[[122.4165,-3.4932,0.0],[122.42,-3.4956,2.6333],[122.4233,-3.493,23.5254],[122.425,-3.4942,72.7825],[122.4266,-3.5005,33.7396],[122.4315,-3.506,27.3251],[122.4409,-3.5064,27.8712],[122.4448,-3.504,101.6729],[122.4508,-3.5034,0.0],[122.4511,-3.4995,29.8829],[122.449,-3.4953,5.6584],[122.4466,-3.494,89.2627],[122.4457,-3.4905,0.0],[122.4407,-3.4853,33.8761],[122.4379,-3.4795,150.7122],[122.4391,-3.4771,40.7729],[122.4424,-3.4775,105.5212],[122.4476,-3.4856,144.8372],[122.4532,-3.4874,146.5645],[122.4565,-3.4856,76.5612],[122.4583,-3.479,62.6589],[122.4607,-3.4765,41.4636],[122.4626,-3.484,26.1223],[122.4674,-3.4765,57.4518],[122.4662,-3.4653,0.0],[122.4638,-3.4615,0.0],[122.4606,-3.4612,0.0],[122.4543,-3.4561,27.8246],[122.4525,-3.4508,0.0],[122.448,-3.4514,11.8142],[122.4418,-3.4441,0.0],[122.4234,-3.4281,77.3817],[122.4184,-3.4167,46.8541],[122.4163,-3.3994,3.006],[122.4124,-3.3953,0.0],[122.403,-3.4009,0.0],[122.4034,-3.4105,0.0],[122.4016,-3.4143,0.0],[122.4032,-3.4204,0.0],[122.402,-3.4272,0.0],[122.398,-3.4353,0.0],[122.3978,-3.4428,0.0],[122.4011,-3.4461,22.0919],[122.4041,-3.4461,86.9006],[122.4055,-3.4499,0.0],[122.4041,-3.4534,0.0],[122.4067,-3.4555,52.4172],[122.4053,-3.4659,0.0],[122.4083,-3.4711,34.6148],[122.4104,-3.48,0.0],[122.4158,-3.4817,117.1917],[122.4214,-3.4909,108.6761],[122.4184,-3.4911,0.0],[122.4165,-3.4932,0.0]]],
[[[122.3957,-3.4612,-1.2503],[122.3932,-3.463,0.0],[122.3931,-3.4651,0.0],[122.3991,-3.4674,3.8179],[122.4014,-3.4631,34.5193],[122.3989,-3.4627,46.8085],[122.399,-3.4593,-0.5311],[122.3968,-3.4587,37.3912],[122.3957,-3.4612,-1.2503]]],
[[[122.3947,-3.4542,4.7512],[122.3917,-3.4505,0.0],[122.3916,-3.459,0.0],[122.3953,-3.4612,0.0],[122.3965,-3.4555,2.0008],[122.3947,-3.4542,4.7512]]],
[[[122.2701,-3.5651,0.0],[122.2759,-3.5611,0.0],[122.2785,-3.5624,0.0],[122.2828,-3.5585,0.0],[122.2803,-3.5549,0.0],[122.2785,-3.557,0.0],[122.2715,-3.5589,0.0],[122.2701,-3.5651,0.0]]],
[[[122.3391,-3.5646,3.5605],[122.3342,-3.5619,0.0],[122.3357,-3.5506,0.0],[122.334,-3.5469,57.3869],[122.346,-3.547,25.4286],[122.3457,-3.5409,0.0],[122.3394,-3.5407,8.141],[122.3356,-3.5388,39.3248],[122.3333,-3.5345,0.0],[122.3291,-3.5348,49.8221],[122.3258,-3.5305,0.0],[122.306,-3.5306,0.0],[122.2937,-3.5333,0.0],[122.2948,-3.5378,55.1328],[122.2914,-3.5431,0.0],[122.2906,-3.5477,0.0],[122.2861,-3.5497,0.0],[122.2813,-3.5635,0.0],[122.2754,-3.5668,0.0],[122.2803,-3.5791,0.0],[122.2795,-3.5861,0.0],[122.2821,-3.5909,21.6158],[122.2875,-3.5884,51.5334],[122.2888,-3.5798,110.2249],[122.3051,-3.5757,67.7498],[122.3162,-3.5815,21.8287],[122.3262,-3.5832,4.1369],[122.3323,-3.5831,0.0],[122.3498,-3.5746,119.5091],[122.3645,-3.576,94.094],[122.3645,-3.5706,0.0],[122.3531,-3.569,0.0],[122.3391,-3.5646,3.5605]]],
[[[121.0522,-3.0623,0.0],[121.0513,-3.064,0.0],[121.0523,-3.0651,0.0],[121.053,-3.0625,0.0],[121.0522,-3.0623,0.0]]],
[[[121.0434,-3.0298,0.0],[121.043,-3.0292,0.0],[121.042,-3.0295,0.0],[121.0434,-3.0309,0.0],[121.0434,-3.0298,0.0]]],
[[[121.054,-3.0211,0.0],[121.0539,-3.0216,0.0],[121.0546,-3.0218,0.0],[121.0545,-3.0209,0.0],[121.054,-3.0211,0.0]]]]}}