{"type":"Feature","properties":{"GID_2":"IDN.18.2_1","GID_0":"IDN","country":"Indonesia","GID_1":"IDN.18_1","province":"MalukuUtara","NL_NAME_1":"NA","county":"HalmaheraSelatan","VARNAME_2":"NA","NL_NAME_2":"NA","TYPE_2":"Kabupaten","ENGTYPE_2":"Regency","CC_2":"8204","HASC_2":"ID.MU.HS","name":"Halmahera_Selatan.county"},
"geometry":{"type": "MultiPolygon","coordinates": [[[[127.5708,-1.8603,0.0],[127.5705,-1.8611,0.0],[127.5709,-1.8613,0.0],[127.5713,-1.8609,0.0],[127.5708,-1.8603,0.0]]],
[[[127.5703,-1.8461,0.0],[127.5701,-1.847,0.0],[127.5702,-1.848,0.0],[127.5709,-1.8442,4.4529],[127.5703,-1.8461,0.0]]],
[[[127.648,-1.8302,0.0],[127.6476,-1.8283,0.0],[127.6461,-1.8282,0.0],[127.6467,-1.8295,0.0],[127.648,-1.8302,0.0]]],
[[[127.5711,-1.8569,0.0],[127.5707,-1.8594,0.0],[127.5717,-1.8571,0.0],[127.5716,-1.8541,0.0],[127.5713,-1.8542,0.0],[127.5711,-1.8569,0.0]]],
[[[127.6432,-1.8441,0.0],[127.6456,-1.8421,0.0],[127.6386,-1.8445,22.0771],[127.6399,-1.8471,0.4512],[127.6381,-1.8482,9.6378],[127.6377,-1.8471,3.6398],[127.6336,-1.8512,1.7687],[127.6396,-1.8487,0.0],[127.6432,-1.8441,0.0]]],
[[[127.6041,-1.8475,18.1176],[127.6178,-1.8492,16.7395],[127.6211,-1.8516,0.0],[127.6247,-1.8495,10.8154],[127.6285,-1.8502,0.0],[127.6351,-1.8469,0.0],[127.639,-1.8429,3.1243],[127.6366,-1.8415,24.7304],[127.6406,-1.842,3.1243],[127.6412,-1.8409,0.0],[127.638,-1.8399,16.1331],[127.6454,-1.8344,0.5935],[127.6422,-1.8329,3.2565],[127.6453,-1.8285,0.0],[127.6432,-1.8237,0.0],[127.6412,-1.822,0.4301],[127.6329,-1.8206,2.2721],[127.6182,-1.8238,7.8289],[127.6133,-1.8223,4.7292],[127.6024,-1.8224,2.1784],[127.5853,-1.8318,14.2575],[127.5841,-1.8314,4.3851],[127.5843,-1.8277,0.0],[127.5824,-1.8283,10.1049],[127.5795,-1.8349,57.7677],[127.5743,-1.8383,6.7539],[127.5719,-1.8434,4.4529],[127.5729,-1.8516,19.3327],[127.5717,-1.8524,1.6179],[127.5727,-1.856,0.0],[127.5741,-1.8548,12.1387],[127.5726,-1.8606,0.0],[127.5776,-1.8605,42.9515],[127.5751,-1.8636,16.7921],[127.5724,-1.8627,0.0],[127.5718,-1.8656,6.4931],[127.5779,-1.8667,0.0],[127.5826,-1.862,17.4285],[127.5937,-1.8567,0.0],[127.5961,-1.8529,0.0],[127.5932,-1.8522,4.149],[127.5903,-1.8536,34.3117],[127.5921,-1.8507,1.4993],[127.5897,-1.8497,18.8221],[127.5934,-1.8473,36.9203],[127.601,-1.8456,14.8531],[127.6017,-1.8487,0.5591],[127.6041,-1.8475,18.1176]]],
[[[128.0667,-1.5436,5.0748],[128.0689,-1.5413,0.0],[128.0662,-1.5365,4.9966],[128.0594,-1.5369,1.3503],[128.0574,-1.5387,1.5124],[128.0586,-1.544,8.8192],[128.0667,-1.5436,5.0748]]],
[[[128.0912,-1.5376,3.9187],[128.08,-1.5332,2.0506],[128.0787,-1.5339,2.0943],[128.0808,-1.5385,1.4168],[128.0838,-1.5408,3.1166],[128.0934,-1.54,0.0],[128.0912,-1.5376,3.9187]]],
[[[127.3553,-1.527,0.0],[127.3564,-1.5285,0.0],[127.3567,-1.524,0.0],[127.3555,-1.5249,0.0],[127.3553,-1.527,0.0]]],
[[[128.6351,-1.5001,18.7721],[128.6309,-1.5025,6.2316],[128.6297,-1.5083,0.0],[128.6314,-1.5029,6.2316],[128.6351,-1.5001,18.7721]]],
[[[128.0418,-1.5269,7.7914],[128.0355,-1.5265,4.9188],[128.0315,-1.529,0.0],[128.0375,-1.536,3.3991],[128.0421,-1.5387,3.0899],[128.0456,-1.5383,1.0119],[128.0469,-1.5305,0.2955],[128.0441,-1.5276,0.0],[128.0416,-1.5282,22.4341],[128.0418,-1.5269,7.7914]]],
[[[127.4018,-1.4914,78.2079],[127.3974,-1.4906,15.2468],[127.3961,-1.4836,0.0],[127.393,-1.4831,29.5744],[127.3872,-1.4874,2.8846],[127.3851,-1.4917,23.3712],[127.3813,-1.4939,0.0],[127.3817,-1.5019,1.5049],[127.3781,-1.5065,23.9555],[127.3793,-1.5126,0.0],[127.3772,-1.5168,5.9763],[127.3779,-1.522,0.0],[127.388,-1.5227,28.4089],[127.396,-1.5254,0.0],[127.3992,-1.5161,9.1949],[127.3965,-1.5115,2.534],[127.3964,-1.5067,0.6079],[127.4048,-1.5102,0.0],[127.4048,-1.5076,0.0],[127.3998,-1.5005,21.4676],[127.4031,-1.503,0.0],[127.4105,-1.5013,0.0],[127.4077,-1.4935,18.2006],[127.4018,-1.4914,78.2079]]],
[[[127.994,-1.4905,4.5267],[127.9896,-1.487,2.504],[127.9866,-1.4865,4.235],[127.985,-1.4881,6.6711],[127.9854,-1.4932,1.8352],[127.9893,-1.498,5.6587],[127.9893,-1.5017,0.0],[127.9939,-1.505,0.0],[127.999,-1.503,0.0],[127.994,-1.4905,4.5267]]],
[[[128.3303,-1.6634,0.0],[128.338,-1.6577,47.2411],[128.3433,-1.6575,20.2873],[128.3544,-1.6536,1.8414],[128.3622,-1.6458,2.0601],[128.3654,-1.6292,0.0],[128.3655,-1.6174,1.5789],[128.3603,-1.6078,0.0],[128.3508,-1.6018,2.971],[128.3312,-1.6043,0.0],[128.3224,-1.6077,9.3406],[128.3118,-1.6144,0.0],[128.3031,-1.6236,0.0],[128.2949,-1.6412,0.0],[128.2946,-1.6445,0.0],[128.297,-1.6484,0.0],[128.3176,-1.6639,2.2926],[128.3225,-1.6653,0.0],[128.3303,-1.6634,0.0]]],
[[[128.0996,-1.5631,2.4592],[128.1035,-1.5617,4.9569],[128.1007,-1.5602,1.3846],[128.0885,-1.5624,0.3146],[128.0871,-1.5664,3.4915],[128.0892,-1.5691,10.4655],[128.0884,-1.569,10.4655],[128.0853,-1.5661,3.3122],[128.0839,-1.5683,4.9029],[128.0844,-1.5722,0.0],[128.0889,-1.5761,9.7397],[128.095,-1.5778,12.6616],[128.0988,-1.5737,3.6559],[128.0972,-1.567,7.7563],[128.0986,-1.5667,0.0],[128.0975,-1.5646,14.9371],[128.0996,-1.5631,2.4592]]],
[[[127.2819,-1.4208,3.54],[127.283,-1.4197,0.0],[127.2814,-1.4193,0.0],[127.2791,-1.422,2.8884],[127.28,-1.4222,2.8884],[127.2819,-1.4208,3.54]]],
[[[127.3521,-1.4343,3.3147],[127.3512,-1.4346,0.0],[127.3512,-1.435,0.0],[127.3517,-1.435,0.0],[127.3521,-1.4343,3.3147]]],
[[[127.5263,-1.725,2.7621],[127.5546,-1.7339,5.6301],[127.5664,-1.7357,0.0],[127.5827,-1.7331,0.0],[127.5968,-1.7381,0.0],[127.6066,-1.7333,0.0],[127.6102,-1.7225,1.6061],[127.6167,-1.7177,4.7761],[127.6214,-1.7209,0.0],[127.6271,-1.719,11.5185],[127.6478,-1.7307,2.4528],[127.6531,-1.7306,4.4638],[127.657,-1.7282,7.9386],[127.6616,-1.7279,7.2224],[127.6692,-1.722,7.306],[127.6704,-1.711,1.5999],[127.673,-1.7072,8.2385],[127.6795,-1.7036,1.5398],[127.6849,-1.7054,1.8818],[127.6919,-1.7036,4.4592],[127.6978,-1.696,9.8524],[127.705,-1.6905,0.0],[127.7163,-1.6869,1.6454],[127.7291,-1.6877,22.544],[127.7318,-1.6925,8.0154],[127.7357,-1.6956,4.7854],[127.7415,-1.6948,2.0387],[127.7473,-1.6877,7.6794],[127.7546,-1.6868,0.6152],[127.7638,-1.6898,0.0],[127.7743,-1.6892,6.4178],[127.7912,-1.6961,12.6393],[127.7984,-1.6958,10.4141],[127.8111,-1.6981,2.5356],[127.817,-1.7009,5.0112],[127.8291,-1.6984,6.1676],[127.8372,-1.6935,16.4698],[127.8438,-1.6941,19.8876],[127.8491,-1.6982,0.0],[127.8552,-1.6979,12.092],[127.865,-1.6935,6.1351],[127.8732,-1.692,7.9787],[127.8823,-1.6851,1.1925],[127.8895,-1.6829,4.8427],[127.9244,-1.6883,0.0],[127.9526,-1.6964,0.0],[127.9614,-1.6955,16.867],[127.9672,-1.6977,5.7949],[127.9693,-1.6968,1.3348],[127.9813,-1.6995,15.4926],[127.9999,-1.7091,9.0892],[128.0087,-1.7205,1.6676],[128.0123,-1.7202,0.0],[128.0242,-1.7273,1.6278],[128.0287,-1.7225,20.9428],[128.0392,-1.7179,19.2121],[128.0646,-1.7193,13.2569],[128.0755,-1.7157,6.5245],[128.0809,-1.7166,0.0],[128.0869,-1.7224,4.3663],[128.0936,-1.72,0.0],[128.1014,-1.7145,6.2195],[128.1058,-1.7059,23.1476],[128.1109,-1.7018,2.309],[128.1239,-1.6976,8.2204],[128.1328,-1.6917,0.0],[128.1479,-1.6882,0.0],[128.1565,-1.6839,6.2427],[128.1621,-1.6672,1.6893],[128.1681,-1.6404,0.0],[128.1663,-1.6195,0.0],[128.1637,-1.6122,1.7147],[128.1495,-1.5941,0.0],[128.1405,-1.5881,4.1369],[128.1212,-1.5657,0.0],[128.1132,-1.561,0.0],[128.1098,-1.5617,0.0],[128.1042,-1.5734,20.8364],[128.1005,-1.5765,6.7526],[128.1012,-1.5784,10.9238],[128.096,-1.5785,10.8651],[128.0897,-1.584,11.2438],[128.0839,-1.5817,10.6759],[128.0837,-1.579,0.926],[128.0812,-1.5769,1.1339],[128.0779,-1.5815,16.5048],[128.0724,-1.5793,14.3291],[128.0746,-1.5752,13.3826],[128.0771,-1.576,0.0],[128.0813,-1.5743,0.0],[128.0813,-1.5713,0.0],[128.0787,-1.5669,2.0632],[128.0707,-1.5643,0.0],[128.0597,-1.5664,25.7345],[128.056,-1.5598,4.4034],[128.0533,-1.5597,14.7633],[128.0515,-1.5575,0.0],[128.0516,-1.5533,0.0],[128.0455,-1.5504,5.7168],[128.0457,-1.5458,1.2664],[128.0411,-1.544,5.526],[128.0381,-1.5401,0.0],[128.03,-1.5353,5.8208],[128.0202,-1.5263,1.7494],[128.0134,-1.5302,19.9009],[128.0172,-1.5244,1.5303],[128.0109,-1.5145,0.0],[128.0079,-1.5142,7.4398],[128.0032,-1.5093,0.0],[128.002,-1.5103,7.6932],[128.0039,-1.5146,19.0639],[128.0011,-1.5095,0.0],[127.9976,-1.5104,2.2143],[127.997,-1.5139,8.7765],[127.9985,-1.5165,17.6778],[127.9954,-1.5125,1.7966],[127.9915,-1.5122,3.6239],[127.9896,-1.5085,9.7598],[127.9903,-1.5047,19.8573],[127.9814,-1.4943,0.7416],[127.9824,-1.4918,0.0],[127.9783,-1.484,0.0],[127.9673,-1.4773,3.2249],[127.9567,-1.4739,1.4502],[127.9492,-1.4623,5.0608],[127.9338,-1.4478,0.0],[127.9164,-1.4412,5.6472],[127.8988,-1.432,10.2251],[127.8918,-1.4255,8.3557],[127.8855,-1.4269,1.1795],[127.8835,-1.4325,0.0],[127.8782,-1.4393,9.1347],[127.8696,-1.4354,0.0],[127.86,-1.4351,12.6637],[127.8578,-1.4377,0.0],[127.85,-1.4375,0.0],[127.8485,-1.439,9.3717],[127.8426,-1.435,0.0],[127.8355,-1.435,0.0],[127.8364,-1.4331,0.0],[127.8348,-1.432,0.0],[127.8359,-1.4302,12.0957],[127.8395,-1.4295,9.997],[127.8397,-1.4254,2.7625],[127.8317,-1.4236,19.7283],[127.8251,-1.4175,0.0],[127.8208,-1.4175,7.62],[127.817,-1.414,0.0],[127.8096,-1.4167,3.1837],[127.8012,-1.4134,15.2939],[127.7984,-1.4094,0.0],[127.7932,-1.3893,0.0],[127.7893,-1.3888,0.0],[127.794,-1.3808,4.1541],[127.7931,-1.3731,0.0],[127.7859,-1.3706,0.0],[127.7857,-1.373,5.3235],[127.7779,-1.3791,5.6707],[127.7801,-1.3726,0.4247],[127.7692,-1.3623,0.0],[127.7659,-1.3632,4.2613],[127.7623,-1.3587,0.0],[127.7603,-1.3525,0.0],[127.7578,-1.3519,0.0],[127.7505,-1.3571,0.6414],[127.7452,-1.3529,0.0],[127.7376,-1.3503,0.0],[127.7321,-1.3434,0.2814],[127.7236,-1.3431,3.1372],[127.7067,-1.3354,0.0],[127.6982,-1.3411,0.0],[127.6996,-1.3445,4.6965],[127.702,-1.344,16.5078],[127.7023,-1.3474,6.2827],[127.7043,-1.3485,2.8548],[127.7025,-1.3486,0.6089],[127.7024,-1.3523,0.1996],[127.7009,-1.3529,0.1996],[127.6968,-1.3497,3.1899],[127.6912,-1.3498,6.0788],[127.6905,-1.3471,0.0],[127.6865,-1.3477,0.7552],[127.6852,-1.3441,0.0],[127.6829,-1.3465,4.2646],[127.6803,-1.3437,2.5186],[127.6818,-1.341,14.5597],[127.6801,-1.3376999999999999,0.0],[127.6788,-1.3361,0.0],[127.6775,-1.3371,3.5862],[127.6736,-1.3313,3.1274],[127.6692,-1.332,0.3128],[127.6657,-1.3363,30.3833],[127.6658,-1.3401,20.3421],[127.6701,-1.3455,26.4944],[127.6691,-1.3469,0.5469],[127.6706,-1.3504,4.2881],[127.6657,-1.3462,0.0],[127.6606,-1.3462,0.0],[127.6541,-1.3413,3.842],[127.6554,-1.3373,0.3101],[127.6513,-1.331,0.0],[127.6414,-1.3302,0.0],[127.6374,-1.3347,2.5158],[127.6318,-1.3374,0.406],[127.6286,-1.3406,0.0],[127.6262,-1.3468,1.208],[127.6202,-1.3517,1.402],[127.6147,-1.3522,0.0],[127.6118,-1.3546,8.3051],[127.6082,-1.3538,1.4329],[127.5813,-1.3635,2.1991],[127.5769,-1.3747,1.5943],[127.574,-1.3759,0.0],[127.5699,-1.375,0.0],[127.561,-1.3793,0.0],[127.5615,-1.3813,25.22],[127.559,-1.3843,0.0],[127.5591,-1.389,0.0],[127.5546,-1.3923,4.0875],[127.5504,-1.3929,2.0474],[127.5479,-1.3975,0.0],[127.5402,-1.4027,0.0],[127.5399,-1.4049,3.3298],[127.5342,-1.4087,32.992],[127.5294,-1.407,6.6598],[127.5222,-1.412,9.099],[127.5213,-1.4168,6.8066],[127.5134,-1.4171,21.1589],[127.5134,-1.4258,11.0199],[127.5164,-1.4292,77.2618],[127.5171,-1.4358,9.0327],[127.5074,-1.434,6.3245],[127.505,-1.4402,18.6997],[127.5059,-1.446,0.0],[127.5084,-1.4484,14.8111],[127.5045,-1.453,5.7659],[127.4993,-1.453,8.2453],[127.4977,-1.4509,1.8265],[127.4939,-1.4501,7.3943],[127.4918,-1.4441,1.014],[127.4942,-1.4412,16.618],[127.4928,-1.4383,7.5416],[127.4883,-1.4406,0.0],[127.488,-1.4455,4.9522],[127.4839,-1.4463,30.2067],[127.4846,-1.4438,0.0],[127.4816,-1.4403,4.6497],[127.4737,-1.4382,3.8952],[127.4718,-1.4408,37.184],[127.4694,-1.4379,0.0],[127.4654,-1.4393,7.5172],[127.4635,-1.4371,13.5265],[127.4583,-1.4385,16.7607],[127.4543,-1.4348,46.1935],[127.4559,-1.4331,0.0],[127.4476,-1.4318,4.232],[127.4483,-1.4289,0.0],[127.4457,-1.4266,0.0],[127.4372,-1.4262,0.0],[127.4366,-1.4231,53.7435],[127.4347,-1.4219,55.2406],[127.4358,-1.4184,11.6366],[127.4479,-1.416,0.0],[127.4473,-1.4136,12.4829],[127.4439,-1.4135,34.2266],[127.4408,-1.4091,0.0],[127.4364,-1.4155,41.9169],[127.4354,-1.4114,7.7429],[127.4326,-1.4114,8.9104],[127.4262,-1.4141,0.0],[127.4264,-1.4162,0.0],[127.4237,-1.4178,0.0],[127.4216,-1.4172,0.0],[127.4182,-1.4189,10.7816],[127.4139,-1.4167,0.0],[127.4127,-1.418,0.0],[127.4196,-1.4274,7.3093],[127.4238,-1.4271,0.0],[127.4229,-1.425,0.0],[127.424,-1.4243,30.7189],[127.4291,-1.4246,38.4292],[127.4315,-1.4265,25.7232],[127.4318,-1.4319,40.5089],[127.4296,-1.4338,58.3623],[127.433,-1.4371,19.3818],[127.4367,-1.4375,21.2602],[127.4409,-1.4342,27.0858],[127.4444,-1.4339,0.0],[127.439,-1.4431,3.2737],[127.4394,-1.4458,58.6549],[127.4365,-1.4475,0.0],[127.4399,-1.4501,42.5495],[127.4396,-1.4512,42.5495],[127.4349,-1.451,0.0],[127.4327,-1.4532,0.0],[127.4345,-1.4549,0.0],[127.4339,-1.4564,11.5629],[127.4281,-1.4578,0.0],[127.4279,-1.4646,0.0],[127.4323,-1.4669,2.5512],[127.4326,-1.4686,0.0],[127.4241,-1.4704,0.0],[127.424,-1.4722,2.8519],[127.4196,-1.4718,0.0],[127.416,-1.4797,0.0],[127.4163,-1.4816,0.0],[127.4188,-1.4815,3.5975],[127.4164,-1.4882,0.0],[127.419,-1.4915,4.4141],[127.4188,-1.4949,0.0],[127.4204,-1.496,0.0],[127.4249,-1.4952,18.5042],[127.4282,-1.4968,2.2247],[127.4276,-1.4985,2.3897],[127.432,-1.4948,7.6606],[127.4315,-1.4988,36.8405],[127.4287,-1.502,0.0],[127.4247,-1.5025,0.0],[127.4179,-1.5067,0.0],[127.4175,-1.51,9.5507],[127.4122,-1.5166,30.758],[127.4105,-1.5213,85.089],[127.4073,-1.5226,0.0],[127.4064,-1.5257,28.6451],[127.4086,-1.5266,10.0611],[127.4087,-1.5288,2.3449],[127.4053,-1.5315,2.5755],[127.4028,-1.538,12.7663],[127.4091,-1.5426,2.9306],[127.411,-1.546,5.0566],[127.4099,-1.5573,0.0],[127.4122,-1.5664,2.9174],[127.4097,-1.5788,0.0],[127.4001,-1.6061,1.6359],[127.3915,-1.6175,0.0],[127.3956,-1.6224,4.3839],[127.4011,-1.6354,0.0],[127.4035,-1.6433,5.0595],[127.4036,-1.6523,3.6939],[127.4079,-1.657,0.0],[127.4078,-1.6605,0.0],[127.4108,-1.6637,2.5042],[127.4171,-1.6636,0.0],[127.4205,-1.6586,8.5383],[127.4232,-1.6592,3.8218],[127.4247,-1.6687,0.0],[127.4339,-1.6795,5.412],[127.4827,-1.7033,23.6377],[127.4959,-1.7168,0.0],[127.4971,-1.7237,5.8077],[127.5052,-1.7259,7.9662],[127.5159,-1.7252,16.353],[127.5182,-1.7264,0.0],[127.5263,-1.725,2.7621]]],
[[[127.9653,-1.4706,3.91],[127.9568,-1.4668,2.6731],[127.9594,-1.4704,0.0],[127.9691,-1.4739,0.0],[127.9686,-1.472,0.4527],[127.9653,-1.4706,3.91]]],
[[[127.4663,-1.4333,0.0],[127.4657,-1.4324,3.545],[127.4641,-1.4323,3.545],[127.4648,-1.4341,1.9096],[127.4663,-1.4333,0.0]]],
[[[127.8421,-1.4307,8.4748],[127.8446,-1.4333,5.7228],[127.8464,-1.433,5.7228],[127.8472,-1.4307,2.686],[127.844,-1.4271,0.0],[127.8421,-1.4307,8.4748]]],
[[[127.4235,-1.429,0.0],[127.424,-1.4301,0.0],[127.425,-1.43,0.0],[127.424,-1.4288,0.0],[127.4235,-1.429,0.0]]],
[[[127.8647,-1.4269,0.0],[127.8675,-1.4313,0.0],[127.8691,-1.4312,6.8739],[127.8712,-1.4259,12.9582],[127.8778,-1.4246,0.0],[127.8788,-1.4207,0.0],[127.8721,-1.4177,0.0],[127.8677,-1.4212,9.5417],[127.8647,-1.4269,0.0]]],
[[[127.7091,-1.3317,0.0],[127.7082,-1.3324,0.0],[127.7088,-1.3343,0.0],[127.71,-1.3336,0.0],[127.7091,-1.3317,0.0]]],
[[[127.3822,-1.3336,2.2151],[127.3808,-1.3306,2.6583],[127.3738,-1.3312,0.0],[127.3764,-1.3348,0.0],[127.3822,-1.3336,2.2151]]],
[[[127.4124,-1.3127,0.0],[127.3905,-1.3121,2.9589],[127.3793,-1.315,0.0],[127.3748,-1.3177,0.0],[127.3769,-1.3216,0.0],[127.3864,-1.3284,0.0],[127.3931,-1.3278,6.9711],[127.3933,-1.3243,12.1522],[127.4004,-1.321,11.2472],[127.406,-1.3253,4.5749],[127.4041,-1.3262,3.5476],[127.4018,-1.3243,2.5],[127.3941,-1.3265,11.2851],[127.394,-1.3277,11.2851],[127.4091,-1.3296,0.0],[127.4102,-1.3282,12.1665],[127.4077,-1.3267,10.5607],[127.4093,-1.325,0.8601],[127.4069,-1.3256,2.1045],[127.4108,-1.3228,14.1502],[127.4151,-1.3224,16.1205],[127.4138,-1.3268,4.9485],[127.4108,-1.3288,4.5411],[127.4129,-1.3323,2.2651],[127.4181,-1.333,0.0],[127.4222,-1.3317,0.8677],[127.4349,-1.3178,3.5354],[127.434,-1.3166,3.5354],[127.4177,-1.3157,2.5079],[127.4124,-1.3127,0.0]]],
[[[127.3172,-1.3839,8.5969],[127.3208,-1.3893,16.9923],[127.3156,-1.396,0.0],[127.3054,-1.3964,6.5288],[127.30029999999999,-1.4003,0.0],[127.2991,-1.4044,0.0],[127.2932,-1.4041,0.0],[127.2845,-1.4062,0.0],[127.2845,-1.4114,1.8109],[127.2808,-1.4146,24.3148],[127.2832,-1.4191,0.0],[127.2855,-1.4183,0.0],[127.2905,-1.4238,6.2058],[127.2941,-1.4303,0.0],[127.2937,-1.4325,16.6736],[127.3032,-1.4351,0.0],[127.3139,-1.4353,13.9179],[127.317,-1.4369,0.9896],[127.3196,-1.4421,0.0],[127.3239,-1.4451,31.5883],[127.3245,-1.451,37.4573],[127.3275,-1.4543,57.5151],[127.3316,-1.4533,12.8567],[127.3294,-1.4489,47.4942],[127.3352,-1.442,26.3034],[127.3378,-1.4411,31.6773],[127.3412,-1.4345,10.6983],[127.3438,-1.433,5.4976],[127.3509,-1.4336,3.3147],[127.3552,-1.428,4.2092],[127.3615,-1.4261,16.4433],[127.3754,-1.4259,0.0],[127.3778,-1.4225,1.3795],[127.3951,-1.4127,0.0],[127.3936,-1.4089,15.6184],[127.3994,-1.4054,16.5863],[127.3996,-1.4007,9.3421],[127.3926,-1.3926,37.7651],[127.393,-1.3879,0.0],[127.3801,-1.3889,1.3212],[127.3711,-1.3823,5.8018],[127.3715,-1.3799,3.5622],[127.3754,-1.3785,10.7641],[127.3828,-1.3801,0.0],[127.3842,-1.3731,0.0],[127.3812,-1.3675,0.0],[127.3744,-1.37,0.0],[127.3675,-1.3776,40.4802],[127.3641,-1.3751,49.7978],[127.3641,-1.37,28.6274],[127.3604,-1.3641,0.0],[127.3577,-1.3688,0.0],[127.3592,-1.3707,32.0887],[127.3574,-1.3732,0.0],[127.3602,-1.378,28.447],[127.3572,-1.3794,21.6877],[127.357,-1.3781,21.6877],[127.353,-1.3769,5.9648],[127.3487,-1.3839,6.7846],[127.3467,-1.3811,55.1716],[127.3511,-1.3713,0.0],[127.3473,-1.3654,27.4653],[127.3426,-1.3646,70.1388],[127.3403,-1.3681,0.0],[127.3418,-1.3735,24.3303],[127.3381,-1.3749,0.0],[127.337,-1.3783,0.0],[127.341,-1.3855,13.5505],[127.336,-1.388,2.3442],[127.3341,-1.3875,29.9354],[127.3339,-1.384,8.2333],[127.3304,-1.3802,5.4982],[127.3274,-1.3821,12.3746],[127.3255,-1.3753,38.9493],[127.3276,-1.3736,7.3447],[127.324,-1.3703,1.0795],[127.3271,-1.3675,9.9676],[127.3268,-1.3651,9.8041],[127.3225,-1.3642,0.0],[127.3152,-1.3798,16.457],[127.3172,-1.3839,8.5969]]],
[[[127.524,-1.3945,0.0],[127.5232,-1.394,0.0],[127.5221,-1.396,0.0],[127.5232,-1.396,0.0],[127.524,-1.3945,0.0]]],
[[[127.8729,-1.3865,0.0],[127.8729,-1.3868,0.0],[127.8733,-1.3868,0.0],[127.8732,-1.3865,0.0],[127.8729,-1.3865,0.0]]],
[[[127.8696,-1.3852,0.0],[127.869,-1.3845,0.0],[127.8686,-1.3846,0.0],[127.8696,-1.3862,0.0],[127.8696,-1.3852,0.0]]],
[[[127.3915,-1.3802,0.0],[127.3973,-1.3783,4.4439],[127.3915,-1.3706,0.0],[127.3906,-1.3768,0.0],[127.3915,-1.3802,0.0]]],
[[[127.8343,-1.3633,0.0],[127.8332,-1.3628,0.0],[127.8332,-1.3648,0.0],[127.8339,-1.3647,0.0],[127.8343,-1.3633,0.0]]],
[[[127.699,-1.227,1.02],[127.6988,-1.228,0.0],[127.6998,-1.2281,0.0],[127.7,-1.2274,1.02],[127.699,-1.227,1.02]]],
[[[127.4412,-1.1839,0.7973],[127.4398,-1.1806,0.0],[127.4351,-1.1772,14.8453],[127.4316,-1.1672,2.6869],[127.4319,-1.1597,1.4348],[127.4285,-1.152,15.3085],[127.4197,-1.1408,13.9185],[127.4134,-1.1368,12.8566],[127.4085,-1.1367,20.0111],[127.3969,-1.1429,2.4782],[127.3963,-1.149,13.576],[127.4028,-1.1501,33.8484],[127.4058,-1.1548,29.3253],[127.4061,-1.1602,0.0],[127.4095,-1.1633,3.71],[127.409,-1.1721,23.5578],[127.4073,-1.1761,3.4676],[127.4089,-1.1785,0.0],[127.4075,-1.1818,2.3303],[127.4081,-1.1993,12.1262],[127.4123,-1.2024,119.0889],[127.4139,-1.2076,83.1602],[127.4252,-1.2209,8.7014],[127.4321,-1.2201,0.0],[127.4396,-1.2143,0.0],[127.4417,-1.2104,0.0],[127.444,-1.2027,6.5599],[127.4444,-1.1884,8.2418],[127.4412,-1.1839,0.7973]]],
[[[128.4441,-1.1578,0.0],[128.4448,-1.1584,0.0],[128.4459,-1.1585,0.0],[128.4447,-1.1575,0.0],[128.4441,-1.1578,0.0]]],
[[[127.7065,-1.2872,1.1635],[127.7057,-1.2855,0.0615],[127.7006,-1.283,1.8946],[127.7045,-1.2883,0.0],[127.7065,-1.2872,1.1635]]],
[[[127.6963,-1.2746,0.4707],[127.6948,-1.2758,0.4707],[127.6945,-1.2772,0.7793],[127.6971,-1.2762,0.3294],[127.6963,-1.2746,0.4707]]],
[[[127.703,-1.2711,0.0],[127.6994,-1.2707,0.1546],[127.6973,-1.2736,0.3432],[127.7008,-1.282,0.0],[127.7035,-1.2754,0.0],[127.7019,-1.2742,0.8429],[127.703,-1.2711,0.0]]],
[[[127.7062,-1.2706,0.0],[127.7067,-1.2727,0.0],[127.7075,-1.2729,0.0],[127.7073,-1.2691,0.0],[127.7062,-1.2706,0.0]]],
[[[127.6998,-1.2672,0.0],[127.6984,-1.2693,0.2523],[127.701,-1.2698,0.0],[127.7013,-1.2666,0.0],[127.6994,-1.2644,0.0],[127.6998,-1.2672,0.0]]],
[[[127.5066,-1.2694,2.1996],[127.5162,-1.2676,2.0111],[127.5249,-1.2595,9.1573],[127.5277,-1.2528,1.2903],[127.5317,-1.2501,3.5971],[127.5464,-1.2501,0.0],[127.5614,-1.2478,9.7319],[127.5722,-1.2523,5.6669],[127.5789,-1.2525,10.2154],[127.5896,-1.258,0.0],[127.596,-1.2581,2.553],[127.6096,-1.2617,3.3881],[127.6222,-1.2698,0.0],[127.6293,-1.2777,0.7578],[127.6378,-1.2827,0.5978],[127.6587,-1.284,5.9538],[127.6709,-1.2919,0.348],[127.6771,-1.2928,2.7385],[127.6788,-1.2913,0.0],[127.6761,-1.2878,1.3731],[127.6665,-1.2848,5.5933],[127.6743,-1.2858,0.1292],[127.6757,-1.2846,0.1292],[127.6734,-1.2829,18.3678],[127.6766,-1.2814,2.7282],[127.6843,-1.2842,2.9479],[127.6867,-1.2822,2.0279],[127.6891,-1.2849,0.0],[127.693,-1.2851,0.0],[127.6887,-1.2823,0.2682],[127.6909,-1.2796,0.8359],[127.6937,-1.2827,0.0],[127.6911,-1.2769,1.4389],[127.6974,-1.2569,1.1933],[127.6971,-1.2471,0.8887],[127.6941,-1.2376,1.7318],[127.6956,-1.2372,0.9117],[127.6963,-1.2281,3.5169],[127.6943,-1.226,0.0],[127.6883,-1.2264,1.5377],[127.6705,-1.223,1.5368],[127.6621,-1.2246,-0.1958],[127.6642,-1.2255,2.35],[127.6639,-1.2268,8.3668],[127.6603,-1.2274,6.7055],[127.6611,-1.2246,2.6662],[127.6539,-1.224,1.3076],[127.6473,-1.2206,0.0],[127.6415,-1.2214,14.2227],[127.6256,-1.2122,1.8609],[127.6112,-1.2077,0.0],[127.5989,-1.2104,5.4983],[127.5932,-1.2018,1.99],[127.5859,-1.2023,0.0],[127.5818,-1.1983,2.1996],[127.5653,-1.1889,7.7458],[127.5626,-1.1822,0.0],[127.5485,-1.1711,0.0],[127.5397,-1.1792,5.609],[127.5265,-1.1763,60.9502],[127.5191,-1.1784,17.5559],[127.5122,-1.1771,11.1257],[127.5097,-1.1791,30.2979],[127.509,-1.1831,13.6597],[127.5104,-1.1992,13.4198],[127.5094,-1.2028,16.7063],[127.5039,-1.2084,12.7667],[127.4945,-1.212,5.0327],[127.4852,-1.2134,8.7647],[127.4807,-1.2163,21.4647],[127.4652,-1.2413,4.1067],[127.4652,-1.2503,4.9467],[127.4673,-1.2534,3.8359],[127.4844,-1.26,6.0244],[127.4884,-1.2703,0.0],[127.4926,-1.2716,0.0],[127.499,-1.2696,0.0],[127.5066,-1.2694,2.1996]]],
[[[128.2979,-1.1113,1.6587],[128.2992,-1.1121,1.6587],[128.3,-1.1118,0.0],[128.2984,-1.1104,1.5898],[128.2979,-1.1113,1.6587]]],
[[[128.3342,-1.0988,1.0203],[128.3353,-1.1015,1.1163],[128.338,-1.1023,1.2594],[128.3418,-1.0966,0.0],[128.3392,-1.0942,0.0],[128.3342,-1.0988,1.0203]]],
[[[128.3137,-1.0896,18.0713],[128.3161,-1.092,0.0],[128.318,-1.089,0.0],[128.3148,-1.0863,0.0],[128.3127,-1.0876,0.0],[128.3137,-1.0896,18.0713]]],
[[[128.3104,-1.1187,0.0],[128.3087,-1.1165,5.8412],[128.3068,-1.1173,5.9638],[128.3079,-1.1206,0.313],[128.3104,-1.1187,0.0]]],
[[[128.3177,-1.113,1.451],[128.3177,-1.1148,0.0],[128.3195,-1.1137,3.1855],[128.3192,-1.1128,0.0],[128.3177,-1.113,1.451]]],
[[[128.3345,-1.1212,2.6785],[128.3347,-1.1232,2.1595],[128.3376,-1.1225,3.3446],[128.3365,-1.1203,0.0],[128.3345,-1.1212,2.6785]]],
[[[128.3444,-1.1109,0.0],[128.3367,-1.1077,0.0],[128.3311,-1.1098,2.7395],[128.3289,-1.1135,2.9969],[128.3297,-1.1155,0.8569],[128.3359,-1.1191,2.8982],[128.3395,-1.1189,7.5371],[128.3408,-1.1209,12.1858],[128.3453,-1.1218,1.6134],[128.3479,-1.1192,7.2144],[128.3478,-1.1152,5.0069],[128.3469,-1.1123,0.0],[128.3444,-1.1109,0.0]]],
[[[128.3452,-1.1076,0.0],[128.3432,-1.1056,0.0],[128.3443,-1.1035,4.4852],[128.3424,-1.1013,6.9302],[128.336,-1.1033,0.3049],[128.3356,-1.1051,0.3261],[128.3444,-1.1094,7.8452],[128.3452,-1.1076,0.0]]],
[[[128.3945,-1.0824,0.0],[128.3811,-1.0767,0.0],[128.3765,-1.0775,0.0],[128.3696,-1.0729,0.0],[128.36,-1.0737,6.5069],[128.3541,-1.0769,4.936],[128.3441,-1.0884,0.4419],[128.3441,-1.0917,0.0],[128.3455,-1.0923,4.3334],[128.3434,-1.0959,0.0],[128.3443,-1.0968,1.1278],[128.3475,-1.0946,0.0],[128.358,-1.0936,4.6763],[128.3562,-1.1034,0.0],[128.3621,-1.1085,15.4018],[128.3598,-1.1182,7.5098],[128.3692,-1.1224,8.7995],[128.3767,-1.1206,2.4547],[128.3806,-1.116,1.3136],[128.3784,-1.1135,0.0],[128.3798,-1.1115,6.2933],[128.3822,-1.1125,7.36],[128.3863,-1.1083,0.0],[128.3945,-1.106,1.7444],[128.3979,-1.101,10.9493],[128.4042,-1.0991,5.4153],[128.4078,-1.1012,5.5813],[128.4128,-1.099,11.8441],[128.411,-1.0982,2.2202],[128.4127,-1.0972,8.3455],[128.4138,-1.1018,0.0],[128.4145,-1.0991,13.3651],[128.4196,-1.1038,4.0624],[128.4239,-1.1025,8.9338],[128.4304,-1.1078,6.353],[128.4305,-1.1114,5.8417],[128.4231,-1.1128,0.0],[128.4272,-1.1172,2.061],[128.4309,-1.1157,5.3268],[128.4303,-1.1173,9.2203],[128.4395,-1.1228,4.3051],[128.4481,-1.1237,4.5112],[128.4509,-1.1303,0.0],[128.4534,-1.1307,6.9044],[128.4541,-1.1238,0.0],[128.4384,-1.1187,0.0],[128.4333,-1.1093,0.0],[128.4207,-1.0952,0.0],[128.4138,-1.0926,0.0],[128.4112,-1.0877,0.0],[128.3945,-1.0824,0.0]]],
[[[128.4528,-1.1424,2.2878],[128.4512,-1.1421,0.0],[128.4503,-1.1442,7.2573],[128.452,-1.1481,0.0],[128.4527,-1.1472,4.219],[128.4528,-1.1424,2.2878]]],
[[[128.4422,-1.1566,1.1893],[128.4434,-1.1571,0.0],[128.4375,-1.1514,4.0446],[128.4371,-1.1555,1.2871],[128.4405,-1.1552,4.6308],[128.4422,-1.1566,1.1893]]],
[[[128.4047,-1.1444,0.0],[128.4045,-1.145,0.0],[128.405,-1.145,0.0],[128.4051,-1.1445,0.0],[128.4047,-1.1444,0.0]]],
[[[128.433,-1.1565,0.0],[128.4351,-1.1558,1.2871],[128.4348,-1.1516,6.4394],[128.427,-1.1457,0.9302],[128.422,-1.1524,4.5465],[128.4112,-1.1528,0.0],[128.4093,-1.1561,0.0],[128.4172,-1.16,0.6856],[128.4259,-1.1554,7.7205],[128.433,-1.1565,0.0]]],
[[[128.4063,-1.1372,0.0],[128.4063,-1.1376,0.0],[128.407,-1.1375,0.0],[128.4069,-1.1371,0.0],[128.4063,-1.1372,0.0]]],
[[[128.3833,-1.1341,4.3463],[128.3669,-1.1308,0.0],[128.363,-1.1337,0.0],[128.3718,-1.1399,1.1858],[128.3877,-1.1434,0.8055],[128.4031,-1.1556,0.0],[128.4062,-1.1539,5.3006],[128.4052,-1.1496,2.023],[128.4001,-1.1489,2.0511],[128.3989,-1.1462,0.0],[128.3953,-1.1457,3.8765],[128.396,-1.1441,0.0],[128.3933,-1.1452,8.9851],[128.3933,-1.1429,0.8425],[128.3906,-1.1431,7.5706],[128.3846,-1.1392,2.9004],[128.3851,-1.1378,0.0],[128.3824,-1.1376,4.5774],[128.3821,-1.1364,4.5774],[128.3847,-1.1359,0.0],[128.3833,-1.1341,4.3463]]],
[[[128.4056,-1.1385,0.0],[128.4061,-1.1381,0.0],[128.405,-1.138,0.0],[128.405,-1.1383,0.0],[128.4056,-1.1385,0.0]]],
[[[128.4029,-1.1249,0.0],[128.4015,-1.122,5.7544],[128.3921,-1.1219,7.381],[128.3848,-1.1259,0.3113],[128.3878,-1.1278,22.6893],[128.3924,-1.1365,0.0],[128.4006,-1.138,0.0],[128.4029,-1.1249,0.0]]],
[[[128.1406,-1.031,1.2238],[128.1405,-1.0308,1.2238],[128.1402,-1.031,1.2238],[128.1405,-1.0311,1.2238],[128.1406,-1.031,1.2238]]],
[[[128.1407,-1.0297,1.2238],[128.1403,-1.0303,1.2238],[128.1407,-1.0307,1.2238],[128.1412,-1.0298,0.0],[128.1407,-1.0297,1.2238]]],
[[[128.1393,-1.0295,0.0],[128.1397,-1.0301,1.2238],[128.1402,-1.03,1.2238],[128.1402,-1.0298,1.2238],[128.1393,-1.0295,0.0]]],
[[[128.1364,-1.0276,1.2035],[128.1372,-1.0287,0.7944],[128.1385,-1.029,0.7944],[128.1346,-1.0261,1.8397],[128.1364,-1.0276,1.2035]]],
[[[128.1345,-1.0219,1.6767],[128.1357,-1.0218,1.4319],[128.1342,-1.021,0.5593],[128.1326,-1.0234,0.0],[128.134,-1.0261,1.8397],[128.1331,-1.0233,0.0],[128.1345,-1.0219,1.6767]]],
[[[128.1589,-1.0054,0.0],[128.1592,-1.0061,0.0],[128.1596,-1.0062,0.0],[128.1596,-1.0058,0.0],[128.1589,-1.0054,0.0]]],
[[[128.1582,-1.0043,0.0],[128.1579,-1.0047,0.0],[128.1583,-1.0049,0.0],[128.1585,-1.0047,0.0],[128.1582,-1.0043,0.0]]],
[[[128.1559,-1.0028,0.9926],[128.1574,-1.0034,0.0],[128.1542,-1.0013,0.0],[128.1542,-1.0017,0.0],[128.1559,-1.0028,0.9926]]],
[[[128.1743,-1.0007,0.0],[128.1726,-0.998,4.2802],[128.1699,-0.9983,3.6838],[128.1734,-1.0024,0.0],[128.1749,-1.0024,0.0],[128.1743,-1.0007,0.0]]],
[[[128.3808,-0.9957,5.4795],[128.3796,-0.9947,5.4795],[128.3796,-0.9954,5.4795],[128.3806,-0.996,5.4795],[128.3808,-0.9957,5.4795]]],
[[[128.3802,-0.9928,1.6042],[128.3793,-0.9933,0.8979],[128.3794,-0.9936,0.8979],[128.3802,-0.9937,9.0251],[128.3802,-0.9928,1.6042]]],
[[[128.3731,-0.9898,1.2083],[128.3741,-0.9904,14.1169],[128.3746,-0.9897,14.1169],[128.3733,-0.9891,0.0],[128.3731,-0.9898,1.2083]]],
[[[128.3794,-0.9869,0.0],[128.3788,-0.9893,0.0],[128.3794,-0.99,0.0],[128.3802,-0.9888,0.0],[128.3794,-0.9869,0.0]]],
[[[128.3811,-0.986,0.0],[128.3817,-0.986,1.3141],[128.382,-0.9853,1.3141],[128.3813,-0.9854,0.0],[128.3811,-0.986,0.0]]],
[[[128.3677,-0.9854,1.0884],[128.3678,-0.9845,0.0],[128.3675,-0.9844,0.0],[128.3673,-0.9854,1.0884],[128.3677,-0.9854,1.0884]]],
[[[128.3776,-0.9867,0.0],[128.3778,-0.985,0.0],[128.3757,-0.9854,3.8793],[128.3759,-0.9859,3.8793],[128.3776,-0.9867,0.0]]],
[[[128.3623,-0.9757,3.5512],[128.3584,-0.9746,1.6211],[128.36,-0.9787,7.7944],[128.3624,-0.9784,2.3165],[128.3623,-0.9757,3.5512]]],
[[[128.3673,-0.9748,2.284],[128.3687,-0.9753,2.284],[128.3654,-0.974,1.7038],[128.3656,-0.9749,0.9675],[128.3673,-0.9748,2.284]]],
[[[128.3443,-0.9524,0.8378],[128.3448,-0.9563,0.0],[128.3474,-0.9562,0.3217],[128.3476,-0.9528,0.0],[128.3443,-0.9524,0.8378]]],
[[[128.3542,-0.9521,4.5135],[128.3575,-0.9548,0.0],[128.3604,-0.9533,0.0],[128.3583,-0.9481,0.0],[128.354,-0.9498,3.3502],[128.3542,-0.9521,4.5135]]],
[[[128.3357,-1.035,1.1627],[128.3347,-1.035,1.1627],[128.3342,-1.0359,0.0],[128.3358,-1.0358,1.1627],[128.3357,-1.035,1.1627]]],
[[[128.1777,-1.0135,0.0],[128.1777,-1.0141,0.0],[128.178,-1.0142,0.0],[128.1776,-1.0129,0.0],[128.1777,-1.0135,0.0]]],
[[[128.1609,-1.0084,0.666],[128.162,-1.0091,0.0],[128.1625,-1.009,0.0],[128.1613,-1.0081,0.666],[128.1609,-1.0084,0.666]]],
[[[128.1601,-1.007,0.0],[128.1599,-1.0073,0.0],[128.1605,-1.0075,0.0],[128.1605,-1.0071,0.0],[128.1601,-1.007,0.0]]],
[[[128.4592,-0.9183,0.0],[128.4631,-0.9187,3.7853],[128.4622,-0.9137,0.0],[128.4603,-0.9142,0.0],[128.4592,-0.9183,0.0]]],
[[[128.2375,-1.0419,0.0],[128.2353,-1.0435,0.0],[128.2337,-1.0483,2.5226],[128.2316,-1.038,0.0],[128.2285,-1.0372,0.0],[128.226,-1.0397,0.0],[128.229,-1.0614,0.0],[128.231,-1.0646,0.0],[128.2374,-1.0684,0.0],[128.2436,-1.0653,1.6791],[128.2449,-1.0613,0.0],[128.2435,-1.0594,0.0],[128.2392,-1.0633,0.5131],[128.2354,-1.0629,2.8232],[128.2337,-1.0546,0.0],[128.2354,-1.0507,5.8243],[128.2414,-1.0461,10.8579],[128.2454,-1.0473,17.6098],[128.2461,-1.0523,7.1361],[128.2485,-1.0533,0.0],[128.2521,-1.0476,0.0],[128.2511,-1.0447,2.4656],[128.2449,-1.0429,0.0],[128.2419,-1.0401,0.0],[128.2388,-1.0401,1.5777],[128.2375,-1.0419,0.0]]],
[[[128.1563,-1.0489,0.0],[128.1564,-1.0489,0.0],[128.1564,-1.0486,0.0],[128.1561,-1.0487,0.0],[128.1563,-1.0489,0.0]]],
[[[128.1558,-1.0476,0.0],[128.1555,-1.0475,0.0],[128.1555,-1.0479,0.0],[128.1558,-1.0478,0.0],[128.1558,-1.0476,0.0]]],
[[[128.1559,-1.0445,0.0],[128.1557,-1.0451,0.0],[128.1558,-1.0454,0.0],[128.1563,-1.045,0.0],[128.1559,-1.0445,0.0]]],
[[[128.356,-1.0385,0.8628],[128.3568,-1.039,0.8628],[128.3549,-1.0375,0.8904],[128.3551,-1.0379,0.8904],[128.356,-1.0385,0.8628]]],
[[[128.3466,-1.0353,7.3134],[128.3411,-1.0344,0.0],[128.3395,-1.036,0.0],[128.3403,-1.0386,11.667],[128.3382,-1.0374,0.0],[128.3374,-1.0396,12.1691],[128.3347,-1.0393,4.8879],[128.3389,-1.0537,2.264],[128.3427,-1.0536,5.4342],[128.3456,-1.0556,3.1128],[128.3517,-1.0537,0.0],[128.3605,-1.0439,0.0],[128.3466,-1.0353,7.3134]]],
[[[128.1787,-1.0381,1.3274],[128.1794,-1.039,1.3274],[128.1782,-1.0334,1.0361],[128.1743,-1.0313,4.7937],[128.1756,-1.039,0.8195],[128.1781,-1.0402,0.0],[128.1787,-1.0381,1.3274]]],
[[[128.328,-0.9418,5.3073],[128.3231,-0.9384,0.0],[128.3148,-0.9381,6.5711],[128.3128,-0.9428,0.0],[128.3139,-0.9453,5.0566],[128.3104,-0.943,0.3512],[128.3125,-0.9453,2.2261],[128.3079,-0.945,5.0538],[128.3058,-0.9555,16.077],[128.3093,-0.9582,6.8559],[128.3096,-0.9612,11.8305],[128.3073,-0.9634,0.7104],[128.3086,-0.9664,0.0],[128.3223,-0.9706,1.0636],[128.3266,-0.9696,1.1127],[128.3289,-0.9703,8.138],[128.3302,-0.9731,0.0],[128.339,-0.9737,9.1673],[128.3397,-0.9814,6.2059],[128.3372,-0.984,0.0],[128.3338,-0.9938,1.0043],[128.3362,-0.9993,15.7725],[128.3317,-1.0035,0.0],[128.3352,-1.0075,28.8987],[128.3354,-1.0121,26.5369],[128.3296,-1.0142,0.0],[128.3291,-1.0176,1.3506],[128.3316,-1.0197,0.0],[128.331,-1.018,0.8787],[128.3329,-1.0179,20.1552],[128.3331,-1.0215,1.9356],[128.3345,-1.0226,1.0121],[128.3389,-1.0224,1.0769],[128.3432,-1.0247,13.81],[128.346,-1.0302,0.0],[128.3551,-1.0349,7.6209],[128.3562,-1.037,0.8904],[128.3602,-1.0375,10.3142],[128.3633,-1.0413,0.0],[128.3781,-1.0373,0.0],[128.3874,-1.0391,2.198],[128.3991,-1.0389,0.0],[128.4048,-1.0363,0.0],[128.414,-1.0288,2.5833],[128.4198,-1.0207,0.0],[128.4193,-1.0106,0.0],[128.4166,-1.0018,0.0],[128.409,-0.9957,2.4499],[128.4053,-0.9902,0.0],[128.3962,-0.9898,4.8686],[128.3902,-0.9919,4.4455],[128.3858,-0.9944,4.6875],[128.3881,-0.9972,8.5883],[128.3855,-0.9987,32.0112],[128.3737,-0.9955,9.2959],[128.3733,-0.9919,7.8001],[128.3692,-0.9907,18.232],[128.367,-0.9919,34.538],[128.3663,-0.9907,33.374],[128.368,-0.9896,18.232],[128.3642,-0.9872,16.9078],[128.3649,-0.9856,1.6456],[128.361,-0.986,14.3014],[128.3597,-0.9836,24.0182],[128.3606,-0.9811,9.0805],[128.3552,-0.9802,16.4661],[128.3576,-0.973,0.0],[128.3546,-0.9772,10.5314],[128.353,-0.9755,0.589],[128.3507,-0.9772,0.0],[128.3504,-0.9756,2.7989],[128.3528,-0.9741,0.0],[128.3528,-0.9704,0.0],[128.3473,-0.9688,0.0],[128.346,-0.9655,0.0],[128.3391,-0.9652,12.8285],[128.3372,-0.9611,5.462],[128.3337,-0.9652,26.6037],[128.3324,-0.9646,26.6037],[128.3337,-0.9611,12.798],[128.3386,-0.9565,3.9489],[128.3376,-0.9557,38.4256],[128.3395,-0.9556,13.466],[128.3411,-0.9509,0.0],[128.3391,-0.95009999999999994,4.2296],[128.3355,-0.954,0.0],[128.333,-0.9529,0.0],[128.3287,-0.9539,13.9676],[128.3362,-0.9511,18.1812],[128.3381,-0.9485,5.8795],[128.333,-0.9432,1.1175],[128.3227,-0.9496,40.451],[128.325,-0.946,4.8441],[128.33,-0.9431,1.7186],[128.328,-0.9418,5.3073]]],
[[[128.4951,-0.5977,1.4688],[128.4963,-0.595,0.8038],[128.493,-0.5951,3.7385],[128.4944,-0.5978,4.3795],[128.4951,-0.5977,1.4688]]],
[[[128.4925,-0.5947,0.0],[128.4919,-0.5949,0.0],[128.4919,-0.5951,0.0],[128.4928,-0.5951,3.7385],[128.4925,-0.5947,0.0]]],
[[[128.4933,-0.5937,0.0],[128.4951,-0.593,0.0],[128.496,-0.5907,0.0],[128.4925,-0.5938,0.0],[128.4933,-0.5937,0.0]]],
[[[128.4919,-0.594,0.0],[128.4934,-0.592,0.8682],[128.4934,-0.59,0.0],[128.4884,-0.5926,3.2857],[128.4919,-0.594,0.0]]],
[[[128.4798,-0.5837,12.852],[128.4775,-0.5835,10.4061],[128.4748,-0.5871,14.4625],[128.4754,-0.5906,8.3751],[128.4879,-0.5925,3.2857],[128.4881,-0.5882,4.8219],[128.4798,-0.5837,12.852]]],
[[[128.5157,-0.6016,0.0],[128.5156,-0.5994,0.0],[128.5133,-0.5998,8.5161],[128.5135,-0.6025,0.0],[128.5157,-0.6016,0.0]]],
[[[128.548,-0.6973,0.0],[128.5511,-0.6995,5.8968],[128.5537,-0.6959,0.0],[128.5489,-0.6928,0.0],[128.548,-0.6973,0.0]]],
[[[128.5976,-0.6579,0.0],[128.5973,-0.658,0.0],[128.5968,-0.6584,0.0],[128.5975,-0.6582,0.0],[128.5976,-0.6579,0.0]]],
[[[128.5716,-0.6558,0.0],[128.5713,-0.6564,0.0],[128.572,-0.6564,0.0],[128.5719,-0.6557,0.0],[128.5716,-0.6558,0.0]]],
[[[128.5799,-0.6554,0.0],[128.5794,-0.6543,0.0],[128.5712,-0.6536,0.0],[128.5802,-0.6582,0.0],[128.5799,-0.6554,0.0]]],
[[[128.5219,-0.6086,0.0],[128.5217,-0.6104,0.0],[128.5221,-0.6108,0.0],[128.5226,-0.6086,0.0],[128.5219,-0.6086,0.0]]],
[[[128.5267,-0.6095,0.0],[128.5261,-0.6106,0.0],[128.5263,-0.6109,0.0],[128.527,-0.6099,0.0],[128.5267,-0.6095,0.0]]],
[[[128.5263,-0.6091,0.0],[128.5238,-0.608,3.517],[128.5236,-0.6109,0.5609],[128.5249,-0.6109,0.5609],[128.5263,-0.6091,0.0]]],
[[[128.5189,-0.6043,0.0],[128.5169,-0.6014,0.0],[128.5158,-0.6022,0.0],[128.5174,-0.606,1.8198],[128.519,-0.6052,1.8198],[128.5195,-0.608,0.0],[128.5207,-0.6061,0.2148],[128.5189,-0.6043,0.0]]],
[[[128.5311,-0.6114,0.0],[128.5291,-0.6099,1.7363],[128.5281,-0.6133,0.0],[128.5289,-0.6139,0.0],[128.5311,-0.6114,0.0]]],
[[[128.5943,-0.6285,2.86],[128.5927,-0.628,2.565],[128.5915,-0.6304,8.8367],[128.5838,-0.6322,2.9993],[128.5772,-0.6373,1.8233],[128.5865,-0.6367,5.8112],[128.5863,-0.6385,3.5419],[128.5889,-0.639,5.863],[128.5897,-0.6411,0.307],[128.5945,-0.6364,1.2344],[128.5915,-0.6335,0.0],[128.5943,-0.6339,9.8323],[128.5979,-0.6391,7.5603],[128.5971,-0.6423,2.2868],[128.5986,-0.6443,1.2859],[128.5957,-0.6437,0.0],[128.5932,-0.6475,0.0],[128.5934,-0.6525,0.0],[128.5964,-0.6542,8.234],[128.6034,-0.6515,3.5425],[128.6069,-0.6474,0.0],[128.6071,-0.6439,0.0],[128.6044,-0.6367,0.0],[128.5989,-0.6298,0.0],[128.5984,-0.6318,10.2678],[128.5975,-0.6309,8.5039],[128.5985,-0.629,0.0],[128.5954,-0.6281,2.86],[128.5941,-0.6303,9.1147],[128.5943,-0.6285,2.86]]],
[[[128.5742,-0.6373,0.0],[128.5738,-0.6385,0.0],[128.5767,-0.6368,0.0],[128.5748,-0.6376,0.0],[128.5742,-0.6373,0.0]]],
[[[128.5709,-0.6528,0.0],[128.5584,-0.6503,1.4534],[128.5668,-0.6552,3.3233],[128.571,-0.6553,0.0],[128.5709,-0.6528,0.0]]],
[[[128.5478,-0.647,0.0],[128.5482,-0.6463,0.0],[128.5472,-0.6463,0.0],[128.5472,-0.6469,0.0],[128.5478,-0.647,0.0]]],
[[[128.558,-0.6503,1.4534],[128.5562,-0.6478,0.0],[128.5533,-0.6484,0.4692],[128.5535,-0.6496,0.0],[128.558,-0.6503,1.4534]]],
[[[128.5506,-0.6465,0.0],[128.55,-0.6464,0.0],[128.55,-0.6469,0.0],[128.5506,-0.6469,0.0],[128.5506,-0.6465,0.0]]],
[[[128.5332,-0.6421,5.1906],[128.528,-0.6408,0.0],[128.5266,-0.6422,1.2585],[128.5395,-0.6479,2.3968],[128.5441,-0.6482,0.0],[128.5436,-0.6459,0.0],[128.5404,-0.6454,0.7953],[128.5399,-0.6472,2.3968],[128.5375,-0.6435,4.505],[128.5332,-0.6421,5.1906]]],
[[[128.5165,-0.6411,11.1298],[128.5204,-0.6412,1.9122],[128.5208,-0.6398,1.9122],[128.5139,-0.6329,0.0],[128.5139,-0.6365,2.8269],[128.5165,-0.6411,11.1298]]],
[[[128.5719,-0.6356,0.0],[128.5715,-0.6352,0.0],[128.5704,-0.6363,0.0],[128.571,-0.6364,0.0],[128.5719,-0.6356,0.0]]],
[[[128.5696,-0.6337,0.0],[128.5679,-0.6312,0.0],[128.565,-0.6317,7.008],[128.5652,-0.6332,3.4095],[128.5695,-0.6356,0.0],[128.5696,-0.6337,0.0]]],
[[[128.5628,-0.631,0.0],[128.5626,-0.6305,0.0],[128.5623,-0.6305,0.0],[128.5624,-0.631,0.0],[128.5628,-0.631,0.0]]],
[[[128.5901,-0.6301,2.5626],[128.5915,-0.6299,8.8367],[128.5917,-0.6279,0.0],[128.5905,-0.6281,6.7652],[128.5901,-0.6301,2.5626]]],
[[[128.5876,-0.6296,0.0],[128.5869,-0.6306,0.0],[128.5887,-0.6289,1.0876],[128.5888,-0.6275,0.0],[128.5883,-0.6275,0.0],[128.5876,-0.6296,0.0]]],
[[[128.5558,-0.6305,0.0],[128.5576,-0.6311,0.0],[128.5589,-0.6306,0.0],[128.5569,-0.6279,0.0],[128.5558,-0.6305,0.0]]],
[[[128.5853,-0.6292,0.0],[128.5846,-0.6304,0.0],[128.587,-0.627,1.3675],[128.5865,-0.6269,1.3675],[128.5853,-0.6292,0.0]]],
[[[128.5848,-0.6272,0.0],[128.585,-0.6264,0.0],[128.5843,-0.6279,0.0],[128.5845,-0.6279,0.0],[128.5848,-0.6272,0.0]]],
[[[128.586,-0.6267,1.3675],[128.5857,-0.627,1.3675],[128.5857,-0.6274,1.3675],[128.5861,-0.6271,1.3675],[128.586,-0.6267,1.3675]]],
[[[128.5679,-0.626,9.5253],[128.5672,-0.6229,0.0],[128.5627,-0.6254,8.8037],[128.5637,-0.6286,0.0],[128.5679,-0.626,9.5253]]],
[[[128.5582,-0.6214,0.0],[128.5576,-0.622,0.0],[128.5578,-0.6229,0.0],[128.5587,-0.6221,0.0],[128.5582,-0.6214,0.0]]],
[[[128.5544,-0.6219,1.002],[128.555,-0.6235,0.0],[128.556,-0.6208,2.1393],[128.5548,-0.6204,2.1393],[128.5544,-0.6219,1.002]]],
[[[128.5143,-0.6301,0.0],[128.5155,-0.6312,0.0],[128.5158,-0.6294,0.0],[128.5148,-0.6291,0.0],[128.5143,-0.6301,0.0]]],
[[[128.5517,-0.6293,6.1306],[128.5532,-0.6294,0.0],[128.5524,-0.6241,0.0],[128.5477,-0.6266,0.0],[128.5517,-0.6293,6.1306]]],
[[[128.5432,-0.6256,0.0],[128.5439,-0.6258,0.0],[128.5446,-0.625,0.0],[128.5423,-0.6255,0.0],[128.5432,-0.6256,0.0]]],
[[[128.5511,-0.6226,3.5595],[128.5501,-0.6241,0.9265],[128.5521,-0.6232,1.5116],[128.5527,-0.6198,2.4343],[128.5525,-0.6199,2.4343],[128.5511,-0.6226,3.5595]]],
[[[128.5486,-0.6237,0.9265],[128.5482,-0.6245,0.0],[128.5486,-0.625,0.0],[128.5493,-0.6239,0.9265],[128.5486,-0.6237,0.9265]]],
[[[128.5416,-0.6253,0.0],[128.5421,-0.6249,0.0],[128.5409,-0.6214,1.2196],[128.5389,-0.6253,0.0],[128.5416,-0.6253,0.0]]],
[[[128.5535,-0.6203,2.4343],[128.5532,-0.6214,1.002],[128.5535,-0.6218,1.002],[128.5541,-0.6208,2.4343],[128.5535,-0.6203,2.4343]]],
[[[128.5506,-0.619,0.0],[128.5464,-0.62,13.1586],[128.5461,-0.6188,0.0],[128.5453,-0.6205,0.9128],[128.548,-0.6234,0.0],[128.5514,-0.6215,3.5595],[128.5506,-0.619,0.0]]],
[[[128.5444,-0.6171,0.0],[128.5443,-0.6154,0.0],[128.5427,-0.6196,0.0],[128.5429,-0.6196,0.0],[128.5444,-0.6171,0.0]]],
[[[128.5357,-0.6235,0.0],[128.5358,-0.6204,0.0],[128.5334,-0.6186,0.0],[128.5305,-0.6191,0.0],[128.5278,-0.6227,3.7907],[128.528,-0.6236,1.6368],[128.5308,-0.6223,0.0],[128.5357,-0.6235,0.0]]],
[[[128.5015,-0.5947,0.0],[128.4993,-0.5924,0.0],[128.496,-0.5926,0.0],[128.4968,-0.5955,0.8038],[128.4949,-0.5984,8.082],[128.4957,-0.6001,1.1838],[128.5069,-0.6158,0.0],[128.5101,-0.6178,0.0],[128.507,-0.6116,4.4064],[128.5039,-0.6091,0.5274],[128.5099,-0.6106,0.0],[128.5119,-0.6139,7.2469],[128.5115,-0.6184,2.3926],[128.5145,-0.6187,5.3605],[128.5173,-0.6155,0.0],[128.5157,-0.6154,0.0],[128.5166,-0.6097,0.0],[128.515,-0.6062,0.0],[128.512,-0.6038,0.0],[128.5111,-0.6006,0.0],[128.5087,-0.603,0.0],[128.5083,-0.5974,0.0],[128.5053,-0.5979,0.0],[128.5015,-0.5947,0.0]]],
[[[127.1091,-0.3894,0.0],[127.1091,-0.3887,0.0],[127.1084,-0.3887,0.0],[127.1085,-0.3894,0.0],[127.1091,-0.3894,0.0]]],
[[[127.1099,-0.4292,0.0],[127.1099,-0.4286,0.0],[127.1091,-0.4286,0.0],[127.1096,-0.4293,0.0],[127.1099,-0.4292,0.0]]],
[[[127.1109,-0.4895,0.0],[127.1098,-0.4902,0.0],[127.1103,-0.4911,2.4433],[127.1112,-0.4904,2.4433],[127.1109,-0.4895,0.0]]],
[[[127.1163,-0.391,0.0],[127.1157,-0.3912,3.6316],[127.1165,-0.3916,0.0],[127.1165,-0.3913,0.0],[127.1163,-0.391,0.0]]],
[[[127.1171,-0.3907,0.0],[127.117,-0.3907,0.0],[127.117,-0.3912,0.0],[127.1173,-0.3912,0.0],[127.1171,-0.3907,0.0]]],
[[[127.1232,-0.4395,0.0],[127.1229,-0.44,5.6082],[127.1228,-0.4403,5.6082],[127.1233,-0.4401,5.6082],[127.1232,-0.4395,0.0]]],
[[[127.1193,-0.435,0.0],[127.1194,-0.4333,16.5027],[127.1164,-0.4335,18.3193],[127.1187,-0.4357,0.0],[127.1193,-0.435,0.0]]],
[[[127.1133,-0.4138,0.0],[127.1131,-0.4134,0.0],[127.1129,-0.4141,0.0],[127.1132,-0.4141,0.0],[127.1133,-0.4138,0.0]]],
[[[127.1284,-0.4991,0.0],[127.128,-0.4991,0.0],[127.1281,-0.4999,0.0],[127.1284,-0.4998,0.0],[127.1284,-0.4991,0.0]]],
[[[127.1198,-0.4804,0.0],[127.1199,-0.4799,0.0],[127.1195,-0.4798,0.0],[127.1196,-0.4804,0.0],[127.1198,-0.4804,0.0]]],
[[[127.1161,-0.4762,0.0],[127.1158,-0.4762,0.0],[127.1158,-0.4767,0.0],[127.1162,-0.4767,0.0],[127.1161,-0.4762,0.0]]],
[[[127.1277,-0.4986,0.0],[127.1281,-0.4987,0.0],[127.1283,-0.4983,0.0],[127.1277,-0.4983,0.0],[127.1277,-0.4986,0.0]]],
[[[127.128,-0.4979,8.6076],[127.1284,-0.498,0.0],[127.1283,-0.4977,8.6076],[127.128,-0.4976,8.6076],[127.128,-0.4979,8.6076]]],
[[[127.1169,-0.3811,0.0],[127.1163,-0.3806,0.0],[127.1161,-0.3815,10.1356],[127.1164,-0.3815,10.1356],[127.1169,-0.3811,0.0]]],
[[[127.1131,-0.3808,13.731],[127.1142,-0.3814,0.0],[127.1155,-0.3794,3.6956],[127.1134,-0.3793,7.3545],[127.1131,-0.3808,13.731]]],
[[[127.0708,-0.3074,0.0],[127.0682,-0.3041,4.1538],[127.0653,-0.3071,4.2677],[127.0695,-0.3095,10.783],[127.0708,-0.3074,0.0]]],
[[[127.0198,-0.2603,0.0],[127.021,-0.26,0.0],[127.0202,-0.2588,4.397],[127.0189,-0.2599,1.8294],[127.0198,-0.2603,0.0]]],
[[[127.0636,-0.2768,0.0],[127.0601,-0.2749,0.0],[127.0595,-0.2782,19.6922],[127.057,-0.2777,3.243],[127.0572,-0.2815,12.8988],[127.0557,-0.2822,0.0],[127.057,-0.2862,34.3327],[127.0559,-0.289,0.0],[127.0574,-0.2906,2.4243],[127.0569,-0.2979,0.0],[127.059,-0.2978,0.0],[127.0614,-0.2938,0.0],[127.0678,-0.2942,8.6591],[127.0677,-0.2921,39.1163],[127.0693,-0.2911,0.0],[127.0688,-0.2879,0.0],[127.0671,-0.2873,7.2399],[127.0692,-0.2802,0.0],[127.0682,-0.2784,0.0],[127.0669,-0.2833,31.8608],[127.0648,-0.2847,11.695],[127.0659,-0.2876,11.4355],[127.0618,-0.2892,9.9314],[127.0613,-0.2804,0.0],[127.0636,-0.2768,0.0]]],
[[[127.0288,-0.1972,0.0],[127.0286,-0.1976,0.0],[127.029,-0.1979,0.0],[127.029,-0.1974,0.0],[127.0288,-0.1972,0.0]]],
[[[127.0301,-0.1962,0.0],[127.0301,-0.1965,0.0],[127.0303,-0.1972,0.0],[127.0308,-0.1963,0.0],[127.0301,-0.1962,0.0]]],
[[[127.0738,-0.2674,3.4426],[127.0917,-0.2584,0.0],[127.0897,-0.2515,2.7504],[127.0908,-0.2457,17.4384],[127.0873,-0.242,0.0],[127.0886,-0.24,0.0],[127.0868,-0.2378,0.0],[127.0842,-0.2385,0.0],[127.082,-0.2427,3.0803],[127.0846,-0.2471,16.1234],[127.0812,-0.2459,1.8109],[127.0779,-0.2438,2.829],[127.0777,-0.2405,0.0],[127.0733,-0.2328,0.0],[127.0667,-0.2296,57.0299],[127.0614,-0.2299,113.4051],[127.0611,-0.2283,22.3751],[127.059,-0.2308,22.551],[127.0558,-0.2302,0.0],[127.0562,-0.2389,24.7652],[127.0543,-0.2388,8.8934],[127.0508,-0.2422,19.7243],[127.0456,-0.2404,25.339],[127.0432,-0.2411,0.0],[127.0441,-0.2499,15.6373],[127.0394,-0.2571,0.0],[127.0429,-0.2584,55.0678],[127.0432,-0.2647,0.0],[127.0468,-0.2671,18.7296],[127.0473,-0.2699,43.4737],[127.0458,-0.2697,14.9099],[127.0431,-0.2748,45.6669],[127.0388,-0.2737,94.992],[127.038,-0.2711,34.85],[127.0403,-0.2659,0.0],[127.039,-0.2622,3.2117],[127.033,-0.2601,84.5532],[127.0312,-0.2554,9.8291],[127.0209,-0.2626,0.0],[127.0241,-0.2641,4.0062],[127.0249,-0.267,0.0],[127.0322,-0.27,17.1246],[127.0309,-0.2724,0.0],[127.0323,-0.2731,2.0087],[127.0324,-0.2764,32.2244],[127.0261,-0.2833,0.0],[127.0289,-0.2826,16.1798],[127.034,-0.2845,62.789],[127.0365,-0.2879,21.0294],[127.0355,-0.2911,1.4696],[127.0366,-0.2909,23.851],[127.0367,-0.293,0.0],[127.0396,-0.2899,15.5446],[127.0377,-0.2865,21.0294],[127.0408,-0.2836,37.2442],[127.0447,-0.2832,0.0],[127.0438,-0.2796,4.1539],[127.0474,-0.2816,0.0],[127.0497,-0.2798,6.9244],[127.0518,-0.2806,0.0],[127.0563,-0.2771,9.4041],[127.0558,-0.2723,15.2714],[127.0578,-0.274,0.0],[127.0617,-0.2723,2.3967],[127.0638,-0.2733,0.0],[127.0738,-0.2674,3.4426]]],
[[[127.0589,-0.2287,0.0],[127.0589,-0.2281,0.0],[127.0588,-0.2281,0.0],[127.0584,-0.2289,0.0],[127.0589,-0.2287,0.0]]],
[[[127.4301,0.299,0.0],[127.4325,0.3062,3.7581],[127.4408,0.3156,4.2662],[127.4435,0.3243,0.0],[127.4386,0.3318,7.18],[127.4429,0.3366,5.0804],[127.4371,0.3509,0.0],[127.4252,0.3629,2.8262],[127.42,0.3705,20.3978],[127.4202,0.3727,9.2482],[127.4172,0.3746,7.548],[127.4031,0.373,22.205],[127.3982,0.3697,38.6288],[127.3879,0.3681,9.1711],[127.3736,0.3623,0.0],[127.3707,0.3586,24.2211],[127.3636,0.355,12.9053],[127.3458,0.3357,0.0],[127.3436,0.3309,0.0],[127.3433,0.328,0.0],[127.3501,0.3089,6.8545],[127.3617,0.2972,16.112],[127.365,0.296,0.0],[127.375,0.2848,0.0],[127.3847,0.2775,9.4146],[127.395,0.2751,0.0],[127.3964,0.2767,2.8044],[127.402,0.2764,0.0],[127.4066,0.2786,0.0],[127.4137,0.2792,7.1033],[127.4172,0.2824,15.8826],[127.4221,0.2827,0.0],[127.4244,0.2874,30.6663],[127.4274,0.2883,0.0],[127.4299,0.2916,0.0],[127.4301,0.299,0.0]]],
[[[127.1288,-0.3287,17.1219],[127.1314,-0.326,0.0],[127.1205,-0.3307,0.0],[127.1274,-0.3311,16.2892],[127.1288,-0.3287,17.1219]]],
[[[127.1295,-0.3318,0.0],[127.1298,-0.3322,0.0],[127.1303,-0.3317,0.0],[127.1301,-0.3315,0.0],[127.1295,-0.3318,0.0]]],
[[[127.1232,-0.3315,0.0],[127.123,-0.3314,0.0],[127.1229,-0.3317,0.0],[127.1231,-0.3318,0.0],[127.1232,-0.3315,0.0]]],
[[[127.1331,-0.323,21.2261],[127.1333,-0.3227,0.0],[127.1331,-0.3225,0.0],[127.1326,-0.3232,21.2261],[127.1331,-0.323,21.2261]]],
[[[127.1097,-0.3079,0.0],[127.1094,-0.3079,0.0],[127.1094,-0.3084,0.0],[127.1097,-0.3083,0.0],[127.1097,-0.3079,0.0]]],
[[[127.1108,-0.304,6.1034],[127.112,-0.3037,0.0],[127.1104,-0.3019,3.6608],[127.1098,-0.3033,0.0],[127.1108,-0.304,6.1034]]],
[[[127.1317,-0.3172,0.0],[127.1319,-0.317,0.0],[127.1318,-0.3169,0.0],[127.1316,-0.3171,0.0],[127.1317,-0.3172,0.0]]],
[[[127.1366,-0.3162,10.6291],[127.1352,-0.3155,10.6291],[127.1344,-0.317,0.0],[127.1357,-0.3168,0.0],[127.1366,-0.3162,10.6291]]],
[[[127.1331,-0.3158,4.8989],[127.1328,-0.3168,0.0],[127.134,-0.3169,0.0],[127.1337,-0.3159,4.8989],[127.1331,-0.3158,4.8989]]],
[[[127.1232,-0.3139,0.0],[127.1275,-0.3116,4.4686],[127.1172,-0.315,29.7446],[127.1162,-0.3191,1.4685],[127.1199,-0.3179,50.8549],[127.1232,-0.3139,0.0]]],
[[[127.2787,-0.2933,0.0],[127.2776,-0.2937,0.0],[127.2774,-0.2948,0.0],[127.279,-0.2943,0.0],[127.2787,-0.2933,0.0]]],
[[[127.2706,-0.2944,0.0],[127.2715,-0.2959,0.0],[127.2716,-0.2946,0.0],[127.2697,-0.2923,0.0],[127.2697,-0.2942,0.0],[127.2706,-0.2944,0.0]]],
[[[127.2761,-0.2936,0.0],[127.2765,-0.2932,0.0],[127.2765,-0.2928,0.0],[127.276,-0.2931,0.0],[127.2761,-0.2936,0.0]]],
[[[127.2748,-0.2779,0.0],[127.2739,-0.2779,0.0],[127.2736,-0.2782,0.0],[127.2756,-0.2785,0.0],[127.2748,-0.2779,0.0]]],
[[[127.2723,-0.2791,0.0],[127.2728,-0.2788,0.0],[127.2727,-0.2783,0.0],[127.2723,-0.2783,0.0],[127.2723,-0.2791,0.0]]],
[[[127.2601,-0.2704,0.0],[127.2601,-0.2708,0.0],[127.2606,-0.2709,0.0],[127.2607,-0.2705,0.0],[127.2601,-0.2704,0.0]]],
[[[127.2518,-0.2609,17.7446],[127.2526,-0.261,0.0],[127.2527,-0.2609,0.0],[127.2516,-0.26,17.7446],[127.2518,-0.2609,17.7446]]],
[[[127.1338,-0.2735,0.0],[127.1334,-0.274,0.0],[127.1339,-0.2742,0.0],[127.1339,-0.2735,0.0],[127.1338,-0.2735,0.0]]],
[[[127.1179,-0.2853,13.1516],[127.1182,-0.2852,15.9298],[127.1181,-0.2844,0.0],[127.1178,-0.2845,0.0],[127.1179,-0.2853,13.1516]]],
[[[127.1384,-0.1777,2.7691],[127.1383,-0.1773,2.7691],[127.138,-0.1772,2.7691],[127.138,-0.1777,2.7691],[127.1384,-0.1777,2.7691]]],
[[[127.141,-0.1779,2.0092],[127.1411,-0.176,0.0],[127.1395,-0.176,0.0],[127.1402,-0.1786,0.2984],[127.141,-0.1779,2.0092]]],
[[[127.471,-0.067,1.2403],[127.472,-0.067,1.2403],[127.4686,-0.06,2.4122],[127.467,-0.0653,1.0172],[127.4688,-0.0688,0.6052],[127.471,-0.067,1.2403]]],
[[[127.2034,-0.0454,0.0],[127.2036,-0.0449,0.0],[127.2028,-0.0447,0.0],[127.2029,-0.0451,0.0],[127.2034,-0.0454,0.0]]],
[[[127.4093,-0.1032,0.0],[127.4091,-0.1041,0.0],[127.4094,-0.1042,0.0],[127.4097,-0.1035,0.0],[127.4093,-0.1032,0.0]]],
[[[127.4372,-0.0801,0.0],[127.4397,-0.0781,0.0],[127.4382,-0.0737,0.6361],[127.4345,-0.0765,0.0],[127.4372,-0.0801,0.0]]],
[[[127.4464,-0.087,1.0787],[127.4427,-0.0865,2.7582],[127.4386,-0.0829,0.0],[127.434,-0.086,0.0],[127.4444,-0.0946,0.0],[127.4472,-0.093,0.0],[127.4477,-0.0886,0.0],[127.4464,-0.087,1.0787]]],
[[[127.4305,-0.0834,0.6747],[127.4313,-0.0839,0.0],[127.4339,-0.0816,0.7104],[127.4304,-0.0804,4.8721],[127.4305,-0.0834,0.6747]]],
[[[127.4184,-0.0931,0.0],[127.42,-0.0926,0.0],[127.417,-0.0882,0.0],[127.4178,-0.092,0.0],[127.4184,-0.0931,0.0]]],
[[[127.4224,-0.085,0.0],[127.426,-0.0856,6.1016],[127.427,-0.0821,2.7608],[127.4263,-0.079,12.0189],[127.4227,-0.076,0.0],[127.4203,-0.0767,0.0],[127.42,-0.0784,0.0],[127.4224,-0.085,0.0]]],
[[[127.4297,-0.0606,1.0528],[127.4201,-0.0593,7.1628],[127.4201,-0.0687,0.0],[127.431,-0.0748,0.0],[127.4357,-0.0741,8.0045],[127.4376,-0.0716,0.4738],[127.4385,-0.0736,0.6361],[127.439,-0.0715,0.4738],[127.435,-0.0634,16.5104],[127.4297,-0.0606,1.0528]]],
[[[127.2052,-0.1139,0.0],[127.2058,-0.1152,0.0],[127.2065,-0.1149,0.0],[127.2064,-0.1138,0.0],[127.2052,-0.1139,0.0]]],
[[[127.2115,-0.1134,5.9938],[127.2118,-0.1136,5.9938],[127.2117,-0.113,5.9938],[127.2115,-0.1131,5.9938],[127.2115,-0.1134,5.9938]]],
[[[127.2101,-0.1146,5.7516],[127.2105,-0.1146,5.7516],[127.2105,-0.1141,0.0],[127.2102,-0.1142,0.0],[127.2101,-0.1146,5.7516]]],
[[[127.2082,-0.1145,3.833],[127.2086,-0.1145,3.833],[127.2086,-0.114,3.833],[127.2083,-0.114,3.833],[127.2082,-0.1145,3.833]]],
[[[127.2098,-0.1136,0.0],[127.2093,-0.1136,0.0],[127.209,-0.1144,0.0],[127.2098,-0.1141,0.0],[127.2098,-0.1136,0.0]]],
[[[127.209,-0.1131,0.0],[127.2079,-0.1131,3.833],[127.2079,-0.1139,3.833],[127.2088,-0.1139,0.0],[127.209,-0.1131,0.0]]],
[[[127.2052,-0.1132,0.0],[127.2069,-0.1132,3.833],[127.2069,-0.1125,2.5158],[127.2055,-0.1125,1.0845],[127.2052,-0.1132,0.0]]],
[[[127.2235,-0.1361,8.1657],[127.2251,-0.1366,0.0],[127.226,-0.1393,2.5176],[127.228,-0.1395,2.2387],[127.2345,-0.134,5.8684],[127.2314,-0.1368,15.3853],[127.2312,-0.1388,0.0],[127.2328,-0.1398,0.0],[127.235,-0.138,4.0644],[127.2354,-0.1349,12.9983],[127.2405,-0.1343,4.7729],[127.2439,-0.1316,0.0],[127.2452,-0.1276,8.2749],[127.2562,-0.1243,14.3911],[127.2576,-0.1264,0.0],[127.2614,-0.126,7.1725],[127.2666,-0.1144,0.0],[127.268,-0.0935,14.162],[127.2742,-0.0853,2.3534],[127.2724,-0.0791,1.6501],[127.2702,-0.0774,5.0099],[127.2718,-0.0746,0.0],[127.2711,-0.0726,0.0],[127.2672,-0.0719,1.7561],[127.26,-0.076,0.0],[127.2581,-0.0808,6.7911],[127.2552,-0.081,1.063],[127.2566,-0.0784,0.0],[127.2553,-0.0771,2.4033],[127.2499,-0.0777,0.0],[127.2483,-0.0852,13.063],[127.2464,-0.0817,0.0],[127.2429,-0.081,8.4868],[127.2403,-0.0781,9.7167],[127.2355,-0.0846,13.3778],[127.2345,-0.0891,0.0],[127.2387,-0.0869,0.0],[127.2388,-0.0825,13.6116],[127.2402,-0.0891,9.2469],[127.2318,-0.0907,2.5656],[127.2292,-0.0929,1.4906],[127.2288,-0.0982,1.7353],[127.2328,-0.1018,5.0374],[127.2293,-0.1009,1.6509],[127.2321,-0.1069,15.0112],[127.2305,-0.11,18.1527],[127.2272,-0.1105,7.7665],[127.2276,-0.1049,0.0],[127.2246,-0.103,10.322],[127.2207,-0.1055,4.4118],[127.218,-0.1096,4.318],[127.2181,-0.1123,4.3019],[127.215,-0.1081,4.5376],[127.214,-0.1128,2.8398],[127.2113,-0.1141,5.9938],[127.2117,-0.1153,11.4971],[127.2049,-0.1165,9.6626],[127.2011,-0.1138,0.0],[127.1982,-0.1168,0.0],[127.1983,-0.1203,0.0],[127.2046,-0.1229,9.6643],[127.2106,-0.129,1.9438],[127.2137,-0.1294,8.9805],[127.2169,-0.1354,2.0314],[127.2208,-0.1378,4.1988],[127.2235,-0.1361,8.1657]]],
[[[127.2469,-0.2554,3.0953],[127.2473,-0.2555,3.0953],[127.2476,-0.2545,0.0],[127.2469,-0.2547,3.0953],[127.2469,-0.2554,3.0953]]],
[[[127.2289,-0.2515,0.0],[127.2287,-0.2515,0.0],[127.2288,-0.252,0.0],[127.229,-0.252,0.0],[127.2289,-0.2515,0.0]]],
[[[127.4341,-0.2329,0.0],[127.4347,-0.2333,0.0],[127.4353,-0.2324,0.0],[127.4344,-0.2324,0.0],[127.4341,-0.2329,0.0]]],
[[[127.3015,-0.2396,0.0],[127.3027,-0.2402,0.0],[127.3012,-0.2382,0.0],[127.3009,-0.2389,0.0],[127.3015,-0.2396,0.0]]],
[[[127.3154,-0.2318,11.2911],[127.3137,-0.2287,0.0],[127.3088,-0.2266,42.4475],[127.298,-0.228,9.9082],[127.2998,-0.2368,0.0],[127.3005,-0.2345,18.3307],[127.3025,-0.2358,6.2359],[127.3057,-0.2426,1.1159],[127.3091,-0.24,0.0],[127.3098,-0.235,0.0],[127.3128,-0.2346,0.0],[127.3145,-0.2366,0.0],[127.3167,-0.2356,0.0],[127.3154,-0.2318,11.2911]]],
[[[127.1298,-0.2284,14.2994],[127.1325,-0.2235,10.872],[127.1307,-0.2148,0.0],[127.1317,-0.2112,0.0],[127.1274,-0.2051,13.0854],[127.1358,-0.2029,18.5039],[127.1413,-0.1977,0.0],[127.1427,-0.1926,35.1481],[127.1448,-0.1922,10.5053],[127.1524,-0.1845,6.0098],[127.1523,-0.1833,6.0098],[127.1494,-0.1835,23.8751],[127.1446,-0.1802,0.0],[127.1434,-0.183,38.0729],[127.1408,-0.1799,2.612],[127.1371,-0.1827,20.8123],[127.1365,-0.1798,45.8301],[127.1383,-0.1808,9.214],[127.1399,-0.1786,0.2984],[127.1384,-0.1791,13.8349],[127.1375,-0.1774,2.7691],[127.134,-0.1765,19.5582],[127.1302,-0.1785,20.5433],[127.1281,-0.1773,0.0],[127.1295,-0.1844,10.0002],[127.1275,-0.1829,0.7937],[127.1274,-0.1812,0.0],[127.1249,-0.1858,14.2055],[127.1218,-0.1871,0.0],[127.1132,-0.2009,3.0883],[127.1127,-0.2075,14.0499],[127.1092,-0.2134,13.5638],[127.1045,-0.2165,118.8139],[127.094,-0.2116,11.7368],[127.0932,-0.2142,5.9693],[127.0915,-0.2145,5.9693],[127.0918,-0.2188,52.5114],[127.089,-0.2237,6.8544],[127.088,-0.231,19.0742],[127.0916,-0.2316,0.0],[127.0907,-0.2294,20.5047],[127.0946,-0.2275,9.7688],[127.0974,-0.2287,0.0],[127.0968,-0.2321,5.0511],[127.0981,-0.2334,51.5023],[127.0963,-0.2391,65.0377],[127.0925,-0.2402,0.0],[127.0948,-0.2446,0.0],[127.0943,-0.2466,24.8967],[127.0926,-0.2462,0.0],[127.0912,-0.2512,0.0],[127.0922,-0.2544,3.7994],[127.0949,-0.256,0.0],[127.098,-0.254,0.0],[127.1092,-0.2521,6.366],[127.1141,-0.243,0.0],[127.1225,-0.2401,0.0],[127.1298,-0.2284,14.2994]],
[[127.136,-0.1774,4.4261],[127.1361,-0.1772,4.4261],[127.1364,-0.1772,4.4261],[127.1364,-0.1775,4.4261],[127.136,-0.1774,4.4261]]],
[[[127.1263,0.1425,17.4409],[127.1185,0.1495,0.0],[127.1167,0.1461,54.3472],[127.1111,0.1428,2.2434],[127.1135,0.132,0.0],[127.1153,0.1307,1.6331],[127.1174,0.1321,8.0626],[127.1196,0.129,0.0],[127.1227,0.1298,4.8482],[127.1265,0.1267,0.0],[127.1266,0.128,0.0],[127.1242,0.1295,4.8482],[127.1269,0.1308,1.4728],[127.135,0.1277,0.0],[127.135,0.1365,0.0],[127.1307,0.1414,0.0],[127.1263,0.1425,17.4409]]],
[[[127.2162,0.143,48.4779],[127.2107,0.1431,13.5523],[127.2079,0.1386,0.0],[127.2128,0.1335,0.0],[127.2198,0.1326,0.0],[127.2228,0.1367,6.7535],[127.2216,0.1407,0.0],[127.2199,0.1436,5.1685],[127.2162,0.143,48.4779]]],
[[[127.2269,0.0355,57.0971],[127.2234,0.0376,15.7237],[127.2167,0.0303,0.0],[127.2197,0.025,0.0],[127.2231,0.0249,7.1145],[127.2263,0.0211,0.0],[127.2303,0.0248,0.5917],[127.2269,0.0355,57.0971]]],
[[[127.4297,0.0069,0.0],[127.4241,0.0118,0.0],[127.4248,0.0087,3.0348],[127.4213,0.0061,2.4336],[127.4187,0.0017,1.9128],[127.4188,-0.001,2.4825],[127.4174,-0.0009,0.0],[127.4171,-0.0038,0.0],[127.4197,-0.0043,0.0],[127.4197,-0.0068,0.0],[127.4163,-0.006,0.0],[127.4188,-0.0082,0.0],[127.4203,-0.0073,0.0],[127.4198,-0.0103,0.0],[127.4215,-0.0115,0.0],[127.4238,-0.0098,0.0],[127.4229,-0.007,3.689],[127.4283,-0.0076,1.7725],[127.4284,-0.0051,4.0524],[127.425,-0.0017,10.8735],[127.4263,0.001,9.0904],[127.4248,0.0052,0.7523],[127.4305,0.0045,0.0],[127.4297,0.0069,0.0]]],
[[[127.4293,0.0113,0.0],[127.4309,0.0115,0.0],[127.4305,0.0144,0.0],[127.4282,0.0154,0.0],[127.4278,0.0135,0.0],[127.4293,0.0113,0.0]]],
[[[127.1728,0.1555,0.2991],[127.1725,0.1552,0.0],[127.1726,0.1548,0.0],[127.1731,0.155,0.0],[127.1728,0.1555,0.2991]]],
[[[127.1718,0.1572,0.9468],[127.1728,0.1575,0.9468],[127.1725,0.1597,4.8353],[127.1715,0.159,0.0],[127.1718,0.1572,0.9468]]],
[[[127.173,0.1601,4.8353],[127.1733,0.1594,4.8353],[127.1737,0.1605,0.0],[127.1733,0.1604,4.8353],[127.173,0.1601,4.8353]]],
[[[127.4319,0.1447,0.0],[127.4332,0.145,0.0],[127.434,0.1501,2.7431],[127.4297,0.1526,11.231],[127.428,0.1485,0.0],[127.4286,0.1454,0.0],[127.4304,0.1438,4.379],[127.4319,0.1447,0.0]]],
[[[127.1561,0.1619,78.8505],[127.153,0.162,51.4018],[127.1461,0.1585,76.841],[127.1447,0.1564,0.0],[127.1451,0.1509,1.3102],[127.147,0.1502,0.0],[127.1538,0.157,0.0],[127.1583,0.1572,0.0],[127.1561,0.1619,78.8505]]],
[[[127.4115,-0.0125,0.0],[127.4117,-0.0131,0.0],[127.4128,-0.013,0.0],[127.4127,-0.0127,0.0],[127.4115,-0.0125,0.0]]],
[[[127.1664,-0.0125,0.0],[127.1662,-0.0123,0.0],[127.166,-0.0125,0.0],[127.1663,-0.0126,0.0],[127.1664,-0.0125,0.0]]],
[[[127.4128,-0.0119,0.0],[127.4137,-0.0127,0.0],[127.4113,-0.0092,0.0],[127.4114,-0.0098,0.0],[127.4128,-0.0119,0.0]]],
[[[127.4718,-0.0479,4.6949],[127.4722,-0.0449,0.0],[127.4692,-0.0409,0.9818],[127.4638,-0.0474,0.0],[127.4656,-0.0513,12.4199],[127.4628,-0.0539,0.0],[127.4638,-0.0572,0.0],[127.4687,-0.0593,1.1964],[127.4681,-0.0519,0.0],[127.4718,-0.0479,4.6949]]],
[[[127.2037,-0.0434,3.2517],[127.2059,-0.0446,0.0],[127.2063,-0.0398,4.4898],[127.2051,-0.0405,4.4898],[127.2037,-0.0434,3.2517]]],
[[[127.1754,-0.0376,0.8136],[127.1736,-0.037,0.0],[127.1723,-0.0385,1.4817],[127.1717,-0.0366,0.0],[127.1717,-0.0387,1.4817],[127.1742,-0.0413,0.0],[127.1916,-0.0456,1.262],[127.1894,-0.0435,2.7494],[127.1886,-0.0446,0.0],[127.1865,-0.043,1.3239],[127.1814,-0.0426,6.6883],[127.1811,-0.0403,6.644],[127.1766,-0.0407,3.7975],[127.1754,-0.0376,0.8136]]],
[[[127.202,-0.0412,0.0],[127.2018,-0.0396,0.0],[127.1992,-0.0392,1.3447],[127.1998,-0.0423,0.0],[127.202,-0.0412,0.0]]],
[[[127.4158,-0.0799,1.2782],[127.4166,-0.0558,0.0],[127.4181,-0.0525,3.0766],[127.4199,-0.0573,1.0199],[127.4215,-0.0575,0.0],[127.423,-0.0515,0.0],[127.4289,-0.0475,0.0],[127.4282,-0.043,11.5943],[127.4295,-0.0433,0.0],[127.4275,-0.0378,0.0],[127.4264,-0.0398,4.4745],[127.4245,-0.0336,2.7215],[127.4251,-0.0301,0.0],[127.4233,-0.0281,1.5323],[127.4231,-0.0238,1.2383],[127.4243,-0.0221,1.8891],[127.422,-0.0172,0.5531],[127.4177,-0.0175,2.2294],[127.4161,-0.0162,0.0],[127.4124,-0.0195,2.1562],[127.4128,-0.0275,19.2096],[127.4088,-0.0368,1.3395],[127.4027,-0.0722,27.8817],[127.4042,-0.0778,57.0844],[127.4031,-0.0886,15.4124],[127.4105,-0.1043,0.0],[127.4136,-0.0999,0.0],[127.4107,-0.096,0.0],[127.4104,-0.0921,0.0],[127.4122,-0.0867,0.4806],[127.4162,-0.0822,1.3991],[127.4158,-0.0799,1.2782]]],
[[[127.4288,-0.0189,0.6628],[127.4308,-0.0157,1.4428],[127.4275,-0.0142,1.5092],[127.4265,-0.012,0.2825],[127.4236,-0.0129,0.0189],[127.4253,-0.019,0.0],[127.4288,-0.0189,0.6628]]],
[[[127.2267,-0.0195,0.0],[127.2269,-0.019,0.0],[127.2264,-0.019,0.0],[127.2263,-0.0194,0.0],[127.2267,-0.0195,0.0]]],
[[[127.227,-0.0199,0.0],[127.2271,-0.0199,0.0],[127.227,-0.0197,0.0],[127.2269,-0.0198,0.0],[127.227,-0.0199,0.0]]],
[[[127.2183,-0.0194,0.0],[127.2186,-0.0199,0.0],[127.2195,-0.0185,0.0],[127.219,-0.0187,0.0],[127.2183,-0.0194,0.0]]],
[[[127.2361,-0.021,0.0],[127.234,-0.0204,0.0],[127.2352,-0.023,0.0],[127.2371,-0.0221,0.0],[127.2361,-0.021,0.0]]],
[[[127.2068,-0.0215,0.0],[127.2065,-0.0217,0.0],[127.2067,-0.0219,0.0],[127.2069,-0.0217,0.0],[127.2068,-0.0215,0.0]]],
[[[127.2022,-0.0206,0.0],[127.2019,-0.0206,0.0],[127.2017,-0.0211,0.0],[127.2021,-0.021,0.0],[127.2022,-0.0206,0.0]]],
[[[127.2179,-0.0207,0.0],[127.2177,-0.021,0.0],[127.2179,-0.0212,0.0],[127.2182,-0.0207,0.0],[127.2179,-0.0207,0.0]]],
[[[127.2255,-0.0226,1.964],[127.2245,-0.0214,4.3889],[127.2227,-0.0229,0.0],[127.2231,-0.0235,0.0],[127.2255,-0.0226,1.964]]],
[[[127.2073,-0.022,0.0],[127.208,-0.022,0.0],[127.2081,-0.0218,0.0],[127.2075,-0.0216,0.0],[127.2073,-0.022,0.0]]],
[[[127.2118,-0.0232,0.0],[127.2119,-0.0237,0.0],[127.2123,-0.0225,0.0],[127.2118,-0.0225,0.0],[127.2118,-0.0232,0.0]]],
[[[127.2102,-0.0223,0.0],[127.2086,-0.0221,0.0],[127.2084,-0.0223,0.0],[127.2104,-0.0228,0.0],[127.2102,-0.0223,0.0]]],
[[[127.2027,-0.0202,0.0],[127.2025,-0.0205,0.0],[127.2027,-0.0208,0.0],[127.2029,-0.0205,0.0],[127.2027,-0.0202,0.0]]],
[[[127.466,-0.0249,0.0],[127.4636,-0.0124,35.2301],[127.4661,-0.0076,0.0],[127.4655,-0.0019,2.0997],[127.4629,0.0008,2.0857],[127.4592,0.0012,19.4718],[127.4576,0.0074,3.1635],[127.4605,0.0179,2.0502],[127.4605,0.0259,2.9433],[127.4694,0.0324,2.9859],[127.4698,0.0343,4.6505],[127.4628,0.0446,10.42],[127.4604,0.0456,3.1745],[127.461,0.05,5.3674],[127.4586,0.053,2.4529],[127.4599,0.056,5.643],[127.4647,0.058,0.0],[127.4668,0.0725,0.0],[127.463,0.074,0.6575],[127.4546,0.0692,4.776],[127.4498,0.0701,12.8518],[127.4478,0.0686,12.7169],[127.4485,0.0728,1.9917],[127.4462,0.0758,0.0],[127.4428,0.0891,8.3751],[127.4431,0.0975,13.9938],[127.4407,0.1023,3.8329],[127.4427,0.1166,3.3383],[127.4592,0.131,5.1147],[127.4565,0.1331,8.086],[127.4365,0.1304,8.9316],[127.4319,0.1326,0.3314],[127.4287,0.1377,30.8284],[127.4261,0.1389,0.0],[127.4243,0.1313,13.9283],[127.4246,0.1107,0.8113],[127.4223,0.105,10.5736],[127.4151,0.0955,2.2165],[127.4151,0.0842,13.4164],[127.4115,0.068,0.0],[127.4136,0.056,10.4645],[127.409,0.04,0.0],[127.408,0.026,0.0],[127.4041,0.0195,0.0],[127.4062,0.0124,14.5885],[127.405,0.0099,0.0],[127.41,0.0088,2.1937],[127.414,0.0109,2.6045],[127.4153,0.0148,1.5424],[127.4181,0.0162,1.0658],[127.4235,0.0232,0.0],[127.4306,0.0219,0.0],[127.4349,0.0147,0.0],[127.4346,0.0121,0.0],[127.4378,0.0104,0.0],[127.4405,0.011,14.8554],[127.4427,0.0073,0.699],[127.4427,0.0053,14.2702],[127.4322,-0.0055,0.0],[127.4404,-0.0133,1.9883],[127.4418,-0.0175,7.3161],[127.4481,-0.0217,3.9634],[127.4495,-0.027,2.8186],[127.4537,-0.0317,5.331],[127.4541,-0.036,1.0325],[127.4589,-0.0407,0.7064],[127.4622,-0.0398,0.0],[127.4604,-0.0353,2.1978],[127.4616,-0.0342,3.6178],[127.4651,-0.04,0.8712],[127.4669,-0.0414,1.1944],[127.4679,-0.0403,2.1312],[127.466,-0.0249,0.0]]],
[[[127.2198,-0.0356,1.2204],[127.2195,-0.036,1.2204],[127.2197,-0.0362,1.2204],[127.22,-0.0358,1.2204],[127.2198,-0.0356,1.2204]]],
[[[127.2513,-0.0261,2.415],[127.2522,-0.025,0.0],[127.2501,-0.0244,0.0],[127.243,-0.0276,0.0],[127.243,-0.0317,0.0],[127.2449,-0.0331,0.0],[127.249,-0.0329,4.1141],[127.2513,-0.0294,5.9812],[127.2513,-0.0261,2.415]]],
[[[127.2375,-0.0306,0.0],[127.2372,-0.0305,0.0],[127.2372,-0.031,0.0],[127.2375,-0.031,0.0],[127.2375,-0.0306,0.0]]],
[[[127.1953,-0.0251,0.0],[127.195,-0.0256,0.0],[127.195,-0.0259,0.0],[127.1954,-0.0257,0.0],[127.1953,-0.0251,0.0]]],
[[[127.238,-0.0286,0.0],[127.2373,-0.0279,0.0],[127.2363,-0.0283,0.0],[127.237,-0.029,0.0],[127.238,-0.0286,0.0]]],
[[[127.2334,-0.0259,0.0],[127.2343,-0.028,0.0],[127.2347,-0.0241,0.0],[127.2332,-0.0244,0.0],[127.2334,-0.0259,0.0]]],
[[[127.2195,-0.0345,5.9614],[127.2216,-0.0362,2.8702],[127.2237,-0.0345,0.8441],[127.2223,-0.0317,4.6863],[127.2195,-0.0345,5.9614]]],
[[[127.2076,-0.0309,0.0],[127.2082,-0.0282,0.0],[127.2038,-0.0316,4.0796],[127.2038,-0.0379,2.6832],[127.2062,-0.0357,2.6781],[127.2047,-0.0328,0.0],[127.2076,-0.0309,0.0]]],
[[[127.1986,-0.032,0.0],[127.1946,-0.0265,1.2457],[127.1911,-0.0286,0.0],[127.1967,-0.0377,5.5636],[127.201,-0.0389,0.0],[127.1983,-0.0365,5.5636],[127.2002,-0.0367,5.3661],[127.1996,-0.0349,3.1034],[127.1971,-0.0342,5.8436],[127.1986,-0.032,0.0]]],
[[[127.2298,-0.0299,7.8744],[127.2299,-0.0325,2.8413],[127.2319,-0.0322,0.8668],[127.2318,-0.0293,0.9233],[127.2298,-0.0299,7.8744]]],
[[[127.1988,-0.0278,0.7546],[127.2,-0.028,0.0],[127.1989,-0.0262,0.0],[127.1985,-0.0272,0.7546],[127.1988,-0.0278,0.7546]]],
[[[127.2158,-0.0289,7.043],[127.216,-0.0273,2.0786],[127.2139,-0.0267,5.4699],[127.2107,-0.0312,0.0],[127.2152,-0.0309,1.2715],[127.2161,-0.0296,1.2715],[127.2167,-0.0306,1.2715],[127.2171,-0.0292,0.8852],[127.2158,-0.0289,7.043]]],
[[[127.2252,-0.0296,0.9813],[127.2272,-0.032,0.0],[127.2279,-0.0276,0.0],[127.2262,-0.0273,0.5995],[127.2252,-0.0296,0.9813]]],
[[[127.1811,-0.0195,6.7961],[127.1845,-0.0172,9.7236],[127.1906,-0.0183,0.0],[127.1913,-0.02,0.0],[127.1938,-0.019,8.199],[127.1934,-0.0228,3.4934],[127.197,-0.0204,5.4197],[127.1981,-0.0226,0.0],[127.1993,-0.0218,3.0022],[127.1998,-0.0238,0.0],[127.2027,-0.0246,0.0],[127.2026,-0.023,0.0],[127.192,-0.013,11.7931],[127.1738,-0.0123,10.0325],[127.1643,-0.0156,1.6842],[127.1738,-0.0226,0.0],[127.1739,-0.0195,11.1778],[127.1811,-0.0195,6.7961]]],
[[[127.1405,-0.6116,0.0],[127.1403,-0.6118,0.0],[127.1405,-0.6123,0.0],[127.1407,-0.6121,0.0],[127.1405,-0.6116,0.0]]],
[[[127.1397,-0.6182,0.0],[127.1401,-0.62,0.0],[127.1403,-0.6202,0.0],[127.1395,-0.6169,0.0],[127.1397,-0.6182,0.0]]],
[[[127.1706,-0.5885,2.5831],[127.1707,-0.5853,1.8519],[127.1668,-0.5857,3.4417],[127.1665,-0.5884,0.0],[127.1675,-0.5903,0.0],[127.1692,-0.5902,0.0],[127.1674,-0.5895,0.0],[127.1672,-0.5865,1.5095],[127.1686,-0.5895,6.6275],[127.1706,-0.5885,2.5831]]],
[[[127.1439,-0.5813,0.0],[127.1431,-0.5833,0.0],[127.1445,-0.5848,0.0],[127.1435,-0.5834,0.0],[127.1448,-0.5807,0.0],[127.1439,-0.5813,0.0]]],
[[[128.4088,-0.5821,0.0],[128.4095,-0.5827,0.0],[128.4106,-0.5825,0.0],[128.4092,-0.5815,0.0],[128.4088,-0.5821,0.0]]],
[[[127.3797,-0.5938,3.0805],[127.3798,-0.5945,3.0805],[127.3808,-0.5939,3.0805],[127.3805,-0.5935,3.0805],[127.3797,-0.5938,3.0805]]],
[[[127.1458,-0.6333,0.0],[127.1465,-0.6345,0.0],[127.1449,-0.6309,0.0],[127.1448,-0.6312,0.0],[127.1458,-0.6333,0.0]]],
[[[127.1451,-0.6287,0.0],[127.1444,-0.6298,0.0],[127.1464,-0.6283,0.0],[127.1459,-0.6282,0.0],[127.1451,-0.6287,0.0]]],
[[[128.0982,-0.844,9.2313],[128.0952,-0.8383,42.1811],[128.0849,-0.839,0.0],[128.0812,-0.8447,48.2867],[128.0798,-0.8507,46.2816],[128.0854,-0.8558,8.6302],[128.0905,-0.8549,4.2241],[128.0955,-0.8585,0.0],[128.0972,-0.8576,25.0549],[128.0988,-0.8606,13.4084],[128.1035,-0.8617,0.0],[128.1061,-0.8589,0.0],[128.105,-0.8586,2.2014],[128.1064,-0.8555,10.9658],[128.1097,-0.8562,10.9238],[128.1117,-0.8528,13.2614],[128.1076,-0.849,0.2553],[128.1036,-0.8488,46.692],[128.1016,-0.8431,24.6159],[128.0982,-0.844,9.2313]]],
[[[128.1234,-0.8451,0.0],[128.1198,-0.8414,44.3082],[128.1163,-0.8433,40.3349],[128.113,-0.8509,5.3767],[128.1146,-0.8555,2.378],[128.1222,-0.8528,0.0],[128.1199,-0.8478,20.4],[128.1234,-0.8451,0.0]]],
[[[127.8762,-0.8269,0.0],[127.876,-0.8259,0.0],[127.875,-0.826,0.0],[127.8757,-0.8271,0.0],[127.8762,-0.8269,0.0]]],
[[[128.1445,-0.8151,0.8325],[128.1439,-0.817,0.9923],[128.1448,-0.8176,0.9923],[128.1465,-0.8148,2.4624],[128.1445,-0.8151,0.8325]]],
[[[128.1432,-0.8144,2.139],[128.1471,-0.8133,0.0],[128.1472,-0.8116,0.0],[128.1396,-0.8131,3.3375],[128.1391,-0.8174,0.0],[128.1402,-0.8172,0.0],[128.1432,-0.8144,2.139]]],
[[[128.1328,-0.8281,0.0],[128.1331,-0.8274,0.0],[128.132,-0.8266,0.0],[128.1321,-0.8278,0.0],[128.1328,-0.8281,0.0]]],
[[[128.1355,-0.8264,0.0],[128.1395,-0.8239,0.0],[128.1375,-0.8214,4.8356],[128.1357,-0.8221,1.1266],[128.1338,-0.828,0.0],[128.1355,-0.8264,0.0]]],
[[[128.1416,-0.8062,0.0],[128.1404,-0.8042,0.0],[128.1339,-0.8045,0.0],[128.1325,-0.8018,0.0],[128.1311,-0.8032,0.0],[128.1317,-0.8063,0.0],[128.1375,-0.8107,2.447],[128.1407,-0.8082,2.1178],[128.151,-0.8078,3.0509],[128.1532,-0.806,0.0],[128.1495,-0.8043,0.0],[128.1416,-0.8062,0.0]]],
[[[127.878,-0.7322,11.1836],[127.8792,-0.7336,0.0],[127.8819,-0.7346,0.0],[127.8791,-0.7304,5.246],[127.878,-0.7322,11.1836]]],
[[[127.1669,-0.7059,4.6116],[127.1694,-0.7054,2.8505],[127.1697,-0.7037,0.0],[127.1628,-0.7051,0.0],[127.1638,-0.707,0.0],[127.1669,-0.7059,4.6116]]],
[[[127.1741,-0.6885,3.3701],[127.1744,-0.6904,0.6435],[127.1777,-0.6897,0.0],[127.1764,-0.6877,0.0],[127.1741,-0.6885,3.3701]]],
[[[127.6632,-0.676,12.14],[127.6676,-0.6739,0.0],[127.6664,-0.6708,0.0],[127.6637,-0.6705,23.2663],[127.6604,-0.6727,3.796],[127.6632,-0.676,12.14]]],
[[[127.3129,-0.668,0.0],[127.3131,-0.6697,0.0],[127.3151,-0.6681,0.0],[127.3134,-0.6667,0.0],[127.3129,-0.668,0.0]]],
[[[127.3089,-0.6654,5.6595],[127.3094,-0.6674,0.0],[127.3116,-0.6659,0.0],[127.3113,-0.6619,22.067],[127.3085,-0.6623,8.0054],[127.3089,-0.6654,5.6595]]],
[[[127.3077,-0.6567,0.0],[127.3101,-0.6565,0.0],[127.3111,-0.6548,7.6797],[127.3091,-0.6517,7.3166],[127.3068,-0.6511,0.0],[127.3056,-0.6543,14.8189],[127.3077,-0.6567,0.0]]],
[[[128.1603,-0.7934,3.4079],[128.1572,-0.7936,3.8559],[128.157,-0.7924,0.0],[128.1551,-0.7953,2.5638],[128.1518,-0.7966,1.4456],[128.1548,-0.7997,0.0],[128.159,-0.7982,0.0],[128.1623,-0.7939,0.0],[128.1603,-0.7934,3.4079]]],
[[[128.1617,-0.7901,0.0],[128.1586,-0.7868,0.9796],[128.1565,-0.7875,0.0],[128.1574,-0.791,4.8593],[128.1612,-0.7914,0.0],[128.1617,-0.7901,0.0]]],
[[[127.6562,-0.7792,0.0],[127.6561,-0.7789,0.0],[127.6559,-0.779,0.0],[127.656,-0.7793,0.0],[127.6562,-0.7792,0.0]]],
[[[127.1986,-0.7778,0.0],[127.1982,-0.7772,0.0],[127.1963,-0.7771,0.0],[127.1975,-0.7786,0.0],[127.1986,-0.7778,0.0]]],
[[[127.6578,-0.7771,0.0],[127.6575,-0.7771,0.0],[127.6574,-0.7775,0.0],[127.6577,-0.7776,0.0],[127.6578,-0.7771,0.0]]],
[[[127.1915,-0.7759,2.4564],[127.1912,-0.776,2.4564],[127.1912,-0.7763,0.0],[127.1917,-0.7763,0.0],[127.1915,-0.7759,2.4564]]],
[[[127.165,-0.7519,10.6851],[127.1613,-0.7506,0.0],[127.1598,-0.7525,2.089],[127.16,-0.756,3.2742],[127.1626,-0.7589,0.0],[127.1736,-0.7627,0.0],[127.1774,-0.7701,0.0],[127.1912,-0.7757,2.4564],[127.1855,-0.7702,3.7196],[127.1803,-0.7681,8.0704],[127.1736,-0.7591,10.9504],[127.1691,-0.7581,14.7937],[127.1656,-0.7547,6.5924],[127.165,-0.7519,10.6851]]],
[[[127.8926,-0.7508,0.0],[127.8928,-0.7506,0.0],[127.8923,-0.7504,0.0],[127.8923,-0.7507,0.0],[127.8926,-0.7508,0.0]]],
[[[127.3272,-0.7728,5.3962],[127.3121,-0.7536,0.9678],[127.3039,-0.7472,2.9793],[127.3022,-0.7417,6.2919],[127.2942,-0.7309,3.1734],[127.2957,-0.7158,0.9758],[127.2927,-0.7164,6.5055],[127.2906,-0.7134,3.238],[127.2956,-0.7123,1.3911],[127.2949,-0.7102,2.7534],[127.2912,-0.7107,1.9814],[127.2896,-0.705,0.0],[127.2974,-0.7042,0.0],[127.2978,-0.6989,0.0],[127.3002,-0.697,0.2301],[127.3006,-0.6942,0.4085],[127.2997,-0.6922,0.265],[127.2957,-0.6933,8.1418],[127.2931,-0.6922,2.7263],[127.2916,-0.6886,1.2391],[127.2948,-0.6869,1.6972],[127.3034,-0.689,0.0],[127.3039,-0.6833,1.6132],[127.2894,-0.6742,1.5583],[127.289,-0.6692,0.0],[127.274,-0.6627,3.643],[127.2695,-0.6645,0.3177],[127.2642,-0.6623,3.4403],[127.2643,-0.6549,0.0],[127.2612,-0.6525,4.39],[127.2612,-0.6497,4.7796],[127.2531,-0.6485,9.0749],[127.2525,-0.6442,2.2287],[127.2505,-0.6445,5.7725],[127.2507,-0.6392,3.782],[127.2473,-0.6357,4.7301],[127.2484,-0.6342,0.0],[127.2463,-0.629,3.3462],[127.2494,-0.6268,1.4125],[127.2547,-0.6293,3.7998],[127.2655,-0.6276,20.0721],[127.2713,-0.6218,0.0],[127.2704,-0.6179,0.0],[127.2595,-0.6095,9.0883],[127.2583,-0.6057,0.0],[127.2499,-0.603,30.73],[127.2453,-0.6055,38.4709],[127.2443,-0.6026,0.0],[127.2361,-0.6053,21.4608],[127.2209,-0.6033,7.5681],[127.2173,-0.6058,5.0724],[127.2067,-0.6191,10.5873],[127.2036,-0.6165,9.6189],[127.1947,-0.6144,7.3394],[127.1926,-0.6177,15.3629],[127.198,-0.6234,2.2963],[127.1973,-0.6251,0.0],[127.1989,-0.6254,3.861],[127.2023,-0.6326,5.0623],[127.2059,-0.6348,0.0],[127.2106,-0.6338,16.9818],[127.2169,-0.6372,9.5147],[127.2161,-0.6484,7.5941],[127.2091,-0.6523,19.1706],[127.207,-0.6652,5.5576],[127.2126,-0.6694,14.6037],[127.2127,-0.6719,9.9757],[127.2066,-0.6761,8.4011],[127.2003,-0.6729,0.0],[127.1952,-0.675,1.0267],[127.1976,-0.6767,5.7367],[127.1966,-0.6775,5.7367],[127.193,-0.6766,3.4166],[127.1878,-0.6781,1.1005],[127.1868,-0.6794,1.1005],[127.1936,-0.6806,3.4637],[127.191,-0.6925,5.1803],[127.1865,-0.6964,4.7975],[127.1784,-0.6989,8.0415],[127.1775,-0.7022,3.3589],[127.1731,-0.7058,0.0],[127.1736,-0.7078,0.99],[127.1675,-0.7084,0.0],[127.1691,-0.7127,3.2798],[127.1733,-0.7114,0.0],[127.1751,-0.712,7.8639],[127.1753,-0.7139,5.6579],[127.1744,-0.7165,39.702],[127.1682,-0.7164,8.15],[127.1688,-0.7175,8.15],[127.1674,-0.7179,0.0],[127.1678,-0.7213,0.0],[127.1699,-0.723,15.6517],[127.1683,-0.725,6.5237],[127.169,-0.734,2.3313],[127.1718,-0.7345,14.5525],[127.1719,-0.7362,9.0543],[127.1703,-0.7375,10.8575],[127.1688,-0.7361,0.0],[127.1675,-0.7386,0.726],[127.1644,-0.7474,0.0],[127.1656,-0.7508,19.3711],[127.1673,-0.7523,3.6361],[127.17,-0.7513,4.6821],[127.181,-0.7673,1.7356],[127.2025,-0.7772,21.7033],[127.1995,-0.7776,0.0],[127.2002,-0.7789,0.0],[127.2096,-0.7806,4.7995],[127.2265,-0.7803,1.5339],[127.2312,-0.7704,8.5612],[127.2346,-0.7679,15.0211],[127.2459,-0.7656,4.4109],[127.2491,-0.7681,0.0],[127.2585,-0.7711,10.7703],[127.2664,-0.7768,0.0],[127.2772,-0.7799,0.0],[127.2837,-0.7909,6.2462],[127.2901,-0.7966,0.0],[127.2965,-0.7993,3.9141],[127.312,-0.7965,0.0],[127.3344,-0.7867,0.0],[127.3279,-0.7772,14.0945],[127.3272,-0.7728,5.3962]]],
[[[127.2054,-0.6363,0.0],[127.2051,-0.6364,0.0],[127.2052,-0.6367,0.0],[127.2055,-0.6367,0.0],[127.2054,-0.6363,0.0]]],
[[[127.1978,-0.6319,0.0],[127.1989,-0.6327,0.0],[127.1978,-0.6294,0.0],[127.1974,-0.6308,0.0],[127.1978,-0.6319,0.0]]],
[[[127.1983,-0.6273,0.0],[127.1981,-0.6282,0.0],[127.1982,-0.6285,0.0],[127.1988,-0.6278,1.9751],[127.1983,-0.6273,0.0]]],
[[[127.1935,-0.6224,1.3162],[127.1945,-0.6234,1.8836],[127.193,-0.6207,0.0],[127.1929,-0.6218,1.3162],[127.1935,-0.6224,1.3162]]],
[[[127.1967,-0.6244,2.2963],[127.1959,-0.6236,1.8836],[127.1947,-0.6238,1.8836],[127.1953,-0.6245,1.8836],[127.1967,-0.6244,2.2963]]],
[[[127.1915,-0.6173,1.2516],[127.1913,-0.6166,1.2516],[127.1905,-0.6163,1.2516],[127.1909,-0.6176,1.2516],[127.1915,-0.6173,1.2516]]],
[[[127.191,-0.6183,0.0],[127.1926,-0.6199,0.0],[127.193,-0.62,0.0],[127.1928,-0.6187,8.3747],[127.191,-0.6183,0.0]]],
[[[127.3944,-0.608,0.0],[127.393,-0.6071,0.0],[127.3924,-0.6082,0.0],[127.3929,-0.6088,0.0],[127.3944,-0.608,0.0]]],
[[[127.3929,-0.6046,0.0],[127.3925,-0.605,0.0],[127.3928,-0.6055,0.0],[127.3933,-0.6049,0.0],[127.3929,-0.6046,0.0]]],
[[[127.3948,-0.6026,0.0],[127.3925,-0.5967,11.8577],[127.3886,-0.5922,5.5371],[127.3825,-0.5953,7.9876],[127.3808,-0.5987,0.0],[127.3834,-0.5998,0.0],[127.3855,-0.606,6.0331],[127.3887,-0.6064,0.0],[127.3948,-0.6026,0.0]]],
[[[128.4186,-0.5954,0.0],[128.4156,-0.5976,1.073],[128.4137,-0.597,2.2306],[128.4114,-0.5844,0.0],[128.4126,-0.5926,0.0],[128.4093,-0.5999,3.475],[128.4097,-0.6037,0.0],[128.4136,-0.6036,0.0],[128.419,-0.5992,0.0],[128.4209,-0.593,0.0],[128.4186,-0.5954,0.0]]],
[[[127.2765,-0.649,0.0],[127.2777,-0.6511,2.9463],[127.2794,-0.6507,0.0],[127.279,-0.6484,0.0],[127.2765,-0.649,0.0]]],
[[[127.4213,-0.6472,0.0],[127.4218,-0.647,0.0],[127.421,-0.6468,0.0],[127.421,-0.647,0.0],[127.4213,-0.6472,0.0]]],
[[[127.3035,-0.653,0.0],[127.3048,-0.653,0.0],[127.3041,-0.65,1.9293],[127.3006,-0.6494,0.6562],[127.3017,-0.6515,1.255],[127.3035,-0.653,0.0]]],
[[[127.3393,-0.6513,0.0],[127.3405,-0.6515,0.0],[127.3408,-0.6492,0.5916],[127.3383,-0.6475,2.0555],[127.3378,-0.6484,0.0],[127.3393,-0.6513,0.0]]],
[[[127.3242,-0.6608,0.0],[127.3241,-0.6565,0.0],[127.316,-0.6476,0.0],[127.316,-0.6442,0.0],[127.3102,-0.6335,0.9626],[127.3074,-0.6314,31.6544],[127.3041,-0.6317,10.8304],[127.3017,-0.6336,7.936],[127.3011,-0.6368,0.0],[127.3023,-0.643,3.1617],[127.3012,-0.6437,0.7922],[127.3027,-0.646,1.0121],[127.3107,-0.6506,2.8202],[127.3129,-0.6561,0.0],[127.3206,-0.6623,0.9462],[127.3242,-0.6608,0.0]]],
[[[127.2997,-0.6468,1.1968],[127.302,-0.647,0.0],[127.2999,-0.6437,0.7922],[127.299,-0.6442,0.4517],[127.2997,-0.6468,1.1968]]],
[[[127.4237,-0.6433,2.1013],[127.4226,-0.6419,6.4246],[127.4213,-0.6428,6.4246],[127.4219,-0.6466,0.0],[127.4235,-0.6461,0.0],[127.4237,-0.6433,2.1013]]],
[[[127.33,-0.6292,12.0055],[127.3284,-0.6213,2.525],[127.3225,-0.6185,0.0],[127.3137,-0.6195,0.7173],[127.309,-0.6248,0.0],[127.3169,-0.6399,0.0],[127.3233,-0.6465,0.0],[127.3238,-0.6497,0.0],[127.3279,-0.6519,0.0],[127.3308,-0.6577,1.4399],[127.3327,-0.6582,0.0],[127.3345,-0.6551,0.0],[127.33,-0.6415,23.6883],[127.3226,-0.6378,9.6198],[127.3254,-0.6381,0.0],[127.3257,-0.635,1.989],[127.3275,-0.6378,1.66],[127.3307,-0.6377,6.0572],[127.33,-0.6292,12.0055]]],
[[[127.2794,-0.6345,0.0],[127.2789,-0.6349,0.0],[127.2789,-0.6352,0.0],[127.2799,-0.6348,0.0],[127.2794,-0.6345,0.0]]],
[[[127.4134,-0.6503,0.0],[127.4158,-0.6437,11.344],[127.4146,-0.6365,0.0],[127.4077,-0.6367,33.4956],[127.405,-0.6313,2.2593],[127.4017,-0.629,53.8149],[127.402,-0.625,23.1921],[127.3982,-0.6214,2.2159],[127.3899,-0.6175,1.0235],[127.3861,-0.612,0.0],[127.3764,-0.6088,5.8881],[127.3741,-0.6114,0.0],[127.3749,-0.6144,0.0],[127.3701,-0.6127,0.4999],[127.3674,-0.6166,4.6117],[127.3651,-0.6173,2.6464],[127.3582,-0.6168,4.091],[127.3553,-0.6139,1.0294],[127.3516,-0.6147,10.8321],[127.3494,-0.6127,0.0],[127.3461,-0.6142,15.0072],[127.3421,-0.6119,12.5668],[127.3388,-0.6126,3.9308],[127.3362,-0.6111,7.0243],[127.3389,-0.6055,2.425],[127.3346,-0.5997,7.6642],[127.3243,-0.6064,8.4542],[127.3278,-0.6105,0.0],[127.3312,-0.6118,0.0],[127.3345,-0.6185,11.8171],[127.3372,-0.6318,3.2939],[127.3357,-0.6438,1.6382],[127.3372,-0.6457,1.4771],[127.3407,-0.6458,0.0],[127.3433,-0.6407,2.5269],[127.3446,-0.6408,8.4156],[127.3451,-0.6425,8.5521],[127.3421,-0.6487,0.5916],[127.3432,-0.6531,0.0],[127.3481,-0.6585,0.0],[127.3576,-0.6616,0.0],[127.3618,-0.6609,7.6461],[127.3676,-0.6657,0.5597],[127.3689,-0.6653,0.5597],[127.368,-0.6613,0.0],[127.3702,-0.6576,6.3411],[127.3724,-0.6601,2.9501],[127.3706,-0.6621,0.9801],[127.3736,-0.6643,2.9099],[127.3752,-0.661,6.886],[127.3745,-0.6556,10.3614],[127.3685,-0.6521,8.7464],[127.3686,-0.6508,6.8318],[127.3731,-0.6494,9.1489],[127.3768,-0.6532,3.4977],[127.3789,-0.6588,3.5889],[127.3765,-0.6664,4.3204],[127.3801,-0.6677,1.3493],[127.3859,-0.6627,0.0],[127.3831,-0.658,8.6719],[127.3844,-0.6566,0.0],[127.39,-0.6574,0.0],[127.3912,-0.6554,2.177],[127.3988,-0.6555,2.4777],[127.4116,-0.6606,0.0],[127.4149,-0.6561,0.0],[127.4134,-0.6503,0.0]]],
[[[127.4304,-0.6313,25.0794],[127.426,-0.6304,0.0],[127.4266,-0.6348,0.0],[127.4334,-0.6348,0.0],[127.4339,-0.6323,0.0],[127.4304,-0.6313,25.0794]]],
[[[127.2941,-0.6295,1.1264],[127.2982,-0.6275,0.0],[127.2968,-0.6224,3.183],[127.2947,-0.6226,0.0],[127.2934,-0.6248,4.8713],[127.2941,-0.6295,1.1264]]],
[[[127.4719,-0.6721,0.0],[127.464,-0.6812,8.4093],[127.4609,-0.6893,0.0],[127.4544,-0.6932,0.9563],[127.4433,-0.7312,4.0354],[127.4421,-0.7397,2.0933],[127.4435,-0.7508,5.6803],[127.4482,-0.7607,4.656],[127.4479,-0.7699,6.0616],[127.4531,-0.7797,0.0],[127.4604,-0.7885,2.0795],[127.4596,-0.793,0.0],[127.463,-0.8137,0.0],[127.4677,-0.8146,0.0],[127.4722,-0.8176,40.6509],[127.4746,-0.8237,2.7855],[127.4942,-0.8106,23.3818],[127.4999,-0.8013,0.0],[127.506,-0.7987,5.7703],[127.5215,-0.7959,1.5422],[127.5386,-0.7868,0.0],[127.5451,-0.7866,0.0],[127.5525,-0.7791,0.0],[127.5623,-0.777,2.0664],[127.5721,-0.7704,4.5804],[127.5936,-0.7688,2.5824],[127.6084,-0.7641,5.1048],[127.6156,-0.7591,2.8197],[127.6224,-0.7499,0.0],[127.6246,-0.7442,8.4056],[127.6299,-0.7411,20.1155],[127.6347,-0.7415,0.0],[127.6498,-0.7486,0.6229],[127.6516,-0.7482,2.0021],[127.6541,-0.7522,6.7556],[127.6545,-0.7574,0.0],[127.6596,-0.7683,15.6283],[127.6651,-0.7758,0.0],[127.6646,-0.7813,10.1144],[127.6591,-0.7878,0.0],[127.6595,-0.7901,9.4977],[127.6552,-0.7919,11.0672],[127.6596,-0.7963,23.3372],[127.6578,-0.8009,19.9719],[127.659,-0.8036,0.0],[127.659,-0.8018,1.6842],[127.6608,-0.8035,5.9827],[127.6596,-0.806,7.1884],[127.6625,-0.8063,16.416],[127.66,-0.8084,34.0322],[127.6594,-0.8066,0.0],[127.6575,-0.8076,0.0],[127.6579,-0.8115,46.5154],[127.6624,-0.8163,0.0],[127.6706,-0.8144,11.4296],[127.6653,-0.8194,0.0],[127.6683,-0.8245,20.638],[127.6762,-0.8199,0.0],[127.679,-0.8198,0.0],[127.6822,-0.8219,11.9802],[127.6849,-0.8261,7.5801],[127.686,-0.8327,0.0],[127.6818,-0.8386,0.0],[127.695,-0.8456,20.619],[127.7017,-0.8452,2.9825],[127.7077,-0.8491,1.6411],[127.7132,-0.8505,3.242],[127.7178,-0.8546,0.0],[127.7302,-0.8495,9.9489],[127.74,-0.8555,3.3542],[127.748,-0.8574,16.4564],[127.7498,-0.8608,0.0],[127.7533,-0.8619,5.1982],[127.749,-0.8628,0.0],[127.7481,-0.8652,14.6166],[127.7472,-0.8638,0.0],[127.7437,-0.8648,19.3825],[127.7426,-0.8611,0.0],[127.7381,-0.8614,15.0829],[127.7347,-0.8645,1.6599],[127.7316,-0.8633,4.6799],[127.7298,-0.8655,9.6836],[127.7252,-0.867,1.4784],[127.7263,-0.8691,1.6286],[127.7323,-0.8713,0.0],[127.7525,-0.8699,0.0],[127.7553,-0.867,1.0533],[127.7597,-0.8657,4.8032],[127.7695,-0.8697,0.0],[127.7709,-0.8629,0.545],[127.7804,-0.859,4.451],[127.7913,-0.8645,0.0],[127.7967,-0.8581,5.9404],[127.8054,-0.856,15.2036],[127.809,-0.8567,0.0],[127.8189,-0.8511,16.0432],[127.8208,-0.8533,0.0],[127.8275,-0.8548,0.0],[127.8278,-0.8524,13.2721],[127.8309,-0.8513,1.6181],[127.8317,-0.8481,14.7884],[127.8306,-0.8468,12.1146],[127.8335,-0.8434,6.342],[127.8412,-0.8444,7.685],[127.845,-0.8401,2.1639],[127.8473,-0.8403,0.0],[127.8445,-0.8379,0.0],[127.8447,-0.8351,0.0],[127.8472,-0.8318,2.0738],[127.8511,-0.8315,0.0],[127.8519,-0.827,3.8185],[127.8551,-0.8271,1.5282],[127.8581,-0.825,3.9783],[127.8607,-0.8276,8.301],[127.8633,-0.8256,15.2069],[127.8703,-0.827,2.9386],[127.8718,-0.8208,1.8447],[127.8803,-0.8117,0.0],[127.8762,-0.8051,0.0],[127.8796,-0.7957,1.4774],[127.8848,-0.794,22.1215],[127.8846,-0.7973,16.6438],[127.8912,-0.8005,3.6177],[127.8962,-0.8,0.0],[127.8992,-0.7962,15.4673],[127.8992,-0.7928,0.0],[127.8969,-0.7936,22.52],[127.8946,-0.79,0.0],[127.8916,-0.7915,45.6031],[127.8892,-0.789,5.3077],[127.8838,-0.7876,0.0],[127.884,-0.786,0.0],[127.8806,-0.7823,10.8009],[127.8823,-0.781,2.2227],[127.879,-0.7769,8.0071],[127.8804,-0.7747,0.0],[127.8919,-0.7805,6.8563],[127.9021,-0.7824,12.9021],[127.905,-0.7853,3.9453],[127.9062,-0.7841,17.5383],[127.9024,-0.7763,0.0],[127.9028,-0.7711,0.0],[127.9006,-0.7689,5.0731],[127.8964,-0.7694,0.0],[127.8908,-0.7638,12.9419],[127.8934,-0.7615,0.0],[127.8938,-0.7584,1.9384],[127.8907,-0.7597,18.8287],[127.8847,-0.7531,7.5196],[127.8794,-0.75,8.9542],[127.8781,-0.7518,20.0466],[127.88,-0.7532,24.6774],[127.8779,-0.7547,16.3866],[127.8775,-0.7577,19.6292],[127.8794,-0.755,16.3866],[127.8804,-0.756,23.0762],[127.879,-0.7596,16.432],[127.877,-0.7595,1.68],[127.8722,-0.7509,7.0902],[127.876,-0.7397,0.0],[127.8764,-0.7313,0.0],[127.873,-0.7309,12.1616],[127.8712,-0.7283,17.8671],[127.8701,-0.73,25.6308],[127.8687,-0.728,42.9423],[127.8737,-0.7184,3.7047],[127.869,-0.7163,15.1411],[127.863,-0.7091,6.2778],[127.8573,-0.7077,0.0],[127.8551,-0.7112,12.3754],[127.856,-0.7134,1.8532],[127.8606,-0.7112,14.6774],[127.8591,-0.7168,22.5831],[127.8572,-0.7153,16.4044],[127.8548,-0.7159,4.9132999999999996],[127.8541,-0.7144,0.0],[127.8517,-0.7155,14.3253],[127.8512,-0.7091,0.0],[127.8451,-0.7098,9.5833],[127.8439,-0.7055,1.552],[127.8376,-0.7008,3.3614],[127.826,-0.6988,0.0],[127.8178,-0.69,0.9815],[127.7976,-0.6786,5.0271],[127.7898,-0.683,6.5071],[127.7848,-0.6796,12.2413],[127.7746,-0.6821,5.1858],[127.767,-0.6869,6.8354],[127.7648,-0.6921,15.6754],[127.7619,-0.6933,7.1791],[127.7563,-0.6928,4.7969],[127.7523,-0.6894,0.0],[127.7421,-0.6858,3.4351],[127.738,-0.6864,6.3515],[127.7298,-0.692,3.0727],[127.722,-0.6922,6.045],[127.716,-0.6901,6.5844],[127.7084,-0.6949,0.0],[127.7038,-0.7002,7.0483],[127.699,-0.7012,0.0],[127.6973,-0.7051,10.2407],[127.6912,-0.7101,8.1815],[127.6842,-0.7116,12.2275],[127.6776,-0.7114,13.5571],[127.6757,-0.7087,2.6864],[127.6714,-0.7099,4.073],[127.6691,-0.7057,1.4766],[127.6641,-0.704,7.7772],[127.6635,-0.7009,0.0],[127.6557,-0.6936,38.789],[127.6558,-0.6903,13.8785],[127.6526,-0.6852,12.3851],[127.6531,-0.6799,3.0349],[127.651,-0.6829,0.0],[127.6483,-0.6827,12.1521],[127.6516,-0.6709,0.0],[127.6466,-0.6649,28.7096],[127.6521,-0.66,0.0],[127.6554,-0.6469,1.2699],[127.6514,-0.6443,0.0],[127.6503,-0.641,0.0],[127.6463,-0.6378,19.6362],[127.6471,-0.6291,0.0],[127.643,-0.6295,4.2748],[127.6424,-0.6265,24.8083],[127.6344,-0.6294,0.0],[127.6292,-0.6282,19.7445],[127.6231,-0.6303,18.0946],[127.6118,-0.6312,7.7531],[127.6053,-0.6283,5.1758],[127.6017,-0.6212,0.0],[127.5976,-0.6195,0.0],[127.6005,-0.6095,0.0],[127.5987,-0.6001,4.1139],[127.5961,-0.5978,0.0],[127.5999,-0.5901,0.0],[127.5988,-0.5866,6.57],[127.6014,-0.5887,0.0],[127.6037,-0.5876,6.1699],[127.6011,-0.584,7.4118],[127.6001,-0.5845,7.4118],[127.6002,-0.5771,3.6528],[127.6056,-0.5745,8.6503],[127.6113,-0.5741,5.6922],[127.6139,-0.5693,8.6085],[127.6215,-0.5628,4.4598],[127.6294,-0.5487,6.8537],[127.6354,-0.5424,2.4209],[127.6375,-0.537,7.6661],[127.6448,-0.5307,20.8104],[127.6488,-0.5292,3.2604],[127.6543,-0.522,5.9722],[127.6603,-0.5207,2.541],[127.6637,-0.5175,0.0],[127.6645,-0.5108,6.145],[127.6722,-0.5007,1.5229],[127.676,-0.4985,0.0],[127.6743,-0.494,0.0],[127.6744,-0.4871,0.0],[127.6778,-0.4807,16.1594],[127.6841,-0.4755,0.0],[127.6866,-0.471,7.584],[127.6902,-0.4696,0.0],[127.6927,-0.4568,0.0],[127.6846,-0.4553,7.7224],[127.681,-0.4529,7.3162],[127.6795,-0.4508,13.9624],[127.6828,-0.4483,0.0],[127.6798,-0.4461,4.4359],[127.6626,-0.4414,11.9971],[127.6584,-0.4387,2.4406],[127.6577,-0.4264,0.0],[127.6504,-0.4236,14.9582],[127.6524,-0.418,10.8029],[127.645,-0.4121,2.3034],[127.6394,-0.4104,3.6219],[127.6359,-0.4116,45.4133],[127.6281,-0.4105,0.0],[127.6268,-0.4129,8.5715],[127.6275,-0.417,187.7764],[127.6243,-0.4141,1.1863],[127.6211,-0.4162,3.0902],[127.6151,-0.4127,2.1693],[127.6171,-0.4106,7.8845],[127.619,-0.4112,5.6094],[127.6208,-0.4055,14.5852],[127.6197,-0.4027,0.0],[127.6176,-0.404,10.6688],[127.6149,-0.402,3.32],[127.6163,-0.3975,0.0],[127.6141,-0.3967,3.6461],[127.6153,-0.3954,0.0],[127.6145,-0.391,0.0],[127.6157,-0.386,0.0],[127.6139,-0.3815,2.7559],[127.6084,-0.3727,0.0],[127.6042,-0.3703,5.0928],[127.6017,-0.3709,2.5202],[127.5976,-0.3775,31.4951],[127.5926,-0.3797,18.5979],[127.5953,-0.3727,32.9832],[127.5943,-0.3711,16.6991],[127.5957,-0.3703,0.0],[127.5953,-0.3665,28.9558],[127.5915,-0.3638,1.9391],[127.5932,-0.359,2.1695],[127.5888,-0.3576,1.0185],[127.5887,-0.3527,0.4662],[127.5872,-0.3506,3.4462],[127.5788,-0.3473,5.1429],[127.5787,-0.3435,0.0],[127.5765,-0.3417,16.0137],[127.5812,-0.3377,0.0],[127.5815,-0.3337,0.0],[127.5771,-0.3283,0.0],[127.5743,-0.3289,13.898],[127.5743,-0.3256,20.4673],[127.5697,-0.3226,0.0],[127.5705,-0.319,0.0],[127.5689,-0.3155,0.0],[127.5447,-0.3147,89.0282],[127.5394,-0.313,12.0471],[127.5376,-0.3093,29.3394],[127.531,-0.3032,78.8752],[127.5206,-0.3017,6.3215],[127.5184,-0.3044,16.4049],[127.5188,-0.3062,17.0119],[127.5172,-0.3061,3.0595],[127.5161,-0.3082,58.9143],[127.5142,-0.3143,11.0689],[127.5147,-0.3176,0.0],[127.5182,-0.3182,4.8208],[127.5187,-0.3205,0.5563],[127.5141,-0.326,0.0],[127.5015,-0.3334,3.695],[127.4977,-0.3383,6.5988],[127.4928,-0.3415,11.2913],[127.4848,-0.34,43.842],[127.484,-0.3478,0.0],[127.4886,-0.3509,198.9795],[127.4888,-0.3525,265.8079],[127.4828,-0.3544,127.2104],[127.482,-0.3609,71.7235],[127.475,-0.3657,32.1855],[127.4786,-0.3711,4.8541],[127.4749,-0.3764,25.1219],[127.4761,-0.3806,0.0],[127.4791,-0.3838,0.8494],[127.4791,-0.3876,0.0],[127.4743,-0.392,75.1698],[127.4707,-0.3998,54.4886],[127.4675,-0.4029,0.0],[127.4656,-0.4033,26.0204],[127.463,-0.4013,12.0416],[127.4603,-0.4038,28.7735],[127.4567,-0.4023,6.974],[127.4525,-0.4035,3.9566],[127.4525,-0.4057,3.5307],[127.4577,-0.4088,10.228],[127.4587,-0.4119,3.9686],[127.4571,-0.4165,10.3546],[127.4519,-0.419,2.372],[127.4412,-0.415,5.8104],[127.4318,-0.4074,1.1041],[127.4263,-0.406,7.8027],[127.4248,-0.401,0.0],[127.4221,-0.3988,3.6684],[127.423,-0.3956,0.0],[127.4201,-0.3957,16.5441],[127.4176,-0.3934,12.6528],[127.418,-0.3877,3.6637],[127.4149,-0.3839,0.8496],[127.4167,-0.3811,0.0],[127.4138,-0.3815,9.0649],[127.4143,-0.3782,3.6099],[127.4118,-0.3774,5.0245],[127.4123,-0.3712,3.9863],[127.4149,-0.3683,0.0],[127.412,-0.3637,11.1594],[127.4125,-0.3584,0.0],[127.4089,-0.3562,1.2289],[127.4075,-0.3521,3.9483],[127.4051,-0.3524,7.7816],[127.4024,-0.3503,2.4131],[127.4013,-0.3477,21.8052],[127.4032,-0.3469,0.0],[127.4025,-0.3448,0.0],[127.3976,-0.3437,5.9441],[127.393,-0.3452,10.095],[127.3883,-0.3368,4.7569],[127.3863,-0.3358,0.0],[127.3862,-0.3321,0.0],[127.3803,-0.3255,7.7662],[127.3743,-0.3236,15.2908],[127.3724,-0.3169,8.7123],[127.3696,-0.3157,0.0],[127.3648,-0.3181,9.9012],[127.3605,-0.3219,15.3496],[127.3599,-0.3249,68.7172],[127.3569,-0.3277,14.9434],[127.357,-0.3306,17.0154],[127.3536,-0.3332,28.1609],[127.3497,-0.331,8.9775],[127.3479,-0.3356,7.745],[127.341,-0.3347,23.6688],[127.3382,-0.3387,3.5231],[127.3261,-0.3315,14.3367],[127.3237,-0.3282,0.0],[127.3242,-0.3323,17.2664],[127.3208,-0.3303,0.0],[127.3204,-0.3416,2.4269],[127.3246,-0.3454,0.0],[127.3271,-0.3455,2.9137],[127.3259,-0.3483,0.0],[127.327,-0.35,0.0],[127.3313,-0.3506,1.1648],[127.3299,-0.3539,0.0],[127.3314,-0.3572,0.0],[127.3332,-0.3572,8.4601],[127.3332,-0.3604,7.8816],[127.3351,-0.3624,8.2066],[127.3353,-0.37,1.9209],[127.3369,-0.3718,5.0183],[127.3356,-0.3741,0.0],[127.3377,-0.3763,4.7078],[127.3365,-0.378,7.9683],[127.3383,-0.3842,10.1224],[127.3365,-0.3854,8.5618],[127.3357,-0.3889,3.889],[127.3329,-0.3894,2.0994],[127.3337,-0.3918,1.2378],[127.3307,-0.3965,0.0],[127.3324,-0.3991,5.6003],[127.3315,-0.4062,0.0],[127.3246,-0.4181,13.2381],[127.3187,-0.4238,4.8157],[127.3188,-0.4285,12.1636],[127.316,-0.4315,10.7697],[127.3131,-0.4315,0.0],[127.3121,-0.434,6.4429],[127.3031,-0.4323,0.0],[127.2961,-0.4361,0.0],[127.2961,-0.4453,22.324],[127.2941,-0.4455,0.0],[127.2951,-0.4473,23.1855],[127.2933,-0.4487,8.3622],[127.2931,-0.454,9.6164],[127.2911,-0.4573,17.3153],[127.2924,-0.4684,11.7231],[127.2912,-0.4708,8.8182],[127.2952,-0.4766,3.4024],[127.2953,-0.4819,1.1165],[127.30029999999999,-0.4843,5.636],[127.3,-0.4861,3.4571],[127.3044,-0.4892,3.237],[127.3053,-0.4925,0.0],[127.3085,-0.4958,11.425],[127.3069,-0.499,11.1551],[127.3082,-0.5021,17.7384],[127.3048,-0.5054,0.0],[127.3064,-0.5076,30.7048],[127.3052,-0.5095,0.0],[127.3062,-0.5138,0.0],[127.3082,-0.5132,4.3876],[127.31,-0.5168,0.0],[127.316,-0.5167,4.3523],[127.3175,-0.5194,0.5979],[127.3157,-0.5204,0.0],[127.322,-0.5241,10.3858],[127.3253,-0.5292,11.2138],[127.3332,-0.5311,23.9253],[127.3357,-0.5342,8.9821],[127.3356,-0.5377,2.4511],[127.3403,-0.5403,0.0],[127.3464,-0.5392,4.2013],[127.3464,-0.5408,0.0],[127.3484,-0.5415,15.7576],[127.3454,-0.5423,6.6104],[127.3451,-0.5446,65.358],[127.3424,-0.5469,0.0],[127.3482,-0.5509,0.0],[127.3503,-0.5579,13.0296],[127.3536,-0.56,0.0],[127.3614,-0.5568,2.0583],[127.3624,-0.5581,2.7528],[127.3596,-0.5623,9.2668],[127.3606,-0.5639,2.271],[127.359,-0.5671,32.983],[127.3602,-0.5721,2.8836],[127.3592,-0.5795,3.9812],[127.3687,-0.584,2.397],[127.3756,-0.592,3.5991],[127.3791,-0.5915,0.0],[127.3821,-0.5884,0.0],[127.3849,-0.5885,0.0],[127.3825,-0.5853,7.5441],[127.3837,-0.5856,0.9814],[127.3835,-0.584,3.5992],[127.3897,-0.5882,0.0],[127.3942,-0.5954,14.103],[127.3973,-0.5955,1.7973],[127.4008,-0.5983,0.0],[127.3995,-0.6015,0.0],[127.4026,-0.6059,9.8981],[127.4023,-0.6083,1.9984],[127.4064,-0.611,5.3413],[127.4063,-0.6137,1.2512],[127.4083,-0.614,6.5082],[127.4095,-0.6162,1.0557],[127.4078,-0.6209,0.0],[127.4097,-0.6214,0.0],[127.412,-0.6186,1.8385],[127.4127,-0.6214,0.0],[127.4146,-0.6203,4.4752],[127.4198,-0.6216,0.0],[127.4203,-0.6192,24.1986],[127.4144,-0.6118,23.1679],[127.4155,-0.608,0.5335],[127.421,-0.6074,9.9801],[127.4295,-0.6104,19.6601],[127.4314,-0.614,6.1029],[127.431,-0.6163,4.0964],[127.4306,-0.614,0.0],[127.43,-0.6151,0.5332],[127.4308,-0.6208,0.9841],[127.4422,-0.6258,2.864],[127.4444,-0.6284,0.0],[127.449,-0.6275,3.1475],[127.4514,-0.6302,0.0],[127.4576,-0.632,0.0],[127.4592,-0.6301,3.5845],[127.4591,-0.626,2.755],[127.4607,-0.6254,3.2554],[127.4648,-0.6294,6.3346],[127.4709,-0.6266,0.3294],[127.4801,-0.6301,0.0],[127.4799,-0.6393,0.0],[127.4781,-0.6453,0.0],[127.4784,-0.6597,5.2608],[127.474,-0.6701,6.5788],[127.4719,-0.6721,0.0]]],
[[[127.1462,-0.5817,0.0],[127.146,-0.5819,0.0],[127.1462,-0.5823,0.0],[127.1464,-0.5821,0.0],[127.1462,-0.5817,0.0]]],
[[[127.6142,-0.5827,0.0],[127.6131,-0.5782,3.5198],[127.6072,-0.5751,7.3046],[127.6051,-0.5759,2.8298],[127.6044,-0.5789,8.2612],[127.6067,-0.5854,0.0],[127.6142,-0.5827,0.0]]],
[[[128.3475,-0.5685,1.0572],[128.3484,-0.5665,6.7804],[128.3459,-0.567,2.5152],[128.3386,-0.5729,0.5265],[128.3303,-0.5756,5.3738],[128.3296,-0.5774,0.0],[128.3335,-0.5795,12.012],[128.3424,-0.5791,9.6669],[128.3478,-0.5834,0.0],[128.3545,-0.5816,1.5067],[128.3616,-0.5752,0.0],[128.3612,-0.5731,0.0],[128.3571,-0.57,0.7648],[128.3542,-0.5749,5.3607],[128.3506,-0.5769,2.7624],[128.3467,-0.5763,3.5051],[128.343,-0.5728,0.0],[128.3397,-0.5729,0.5265],[128.3429,-0.5724,0.0],[128.3426,-0.5706,1.7845],[128.3458,-0.5695,7.8274],[128.3456,-0.5679,2.5152],[128.3475,-0.5685,1.0572]]],
[[[128.4073,-0.5717,2.1418],[128.4046,-0.5695,0.0],[128.4073,-0.576,1.4512],[128.4071,-0.5742,2.4793],[128.4073,-0.5717,2.1418]]],
[[[128.4134,-0.5719,0.0],[128.4126,-0.5717,0.0],[128.4126,-0.5728,0.0],[128.4133,-0.5729,0.0],[128.4134,-0.5719,0.0]]],
[[[127.6176,-0.5722,0.9599],[127.6194,-0.5724,2.3598],[127.6194,-0.5711,0.0],[127.6177,-0.5716,0.9599],[127.6176,-0.5722,0.9599]]],
[[[128.4031,-0.5704,0.0],[128.4036,-0.5703,0.0],[128.4038,-0.57,0.0],[128.4029,-0.57,0.0],[128.4031,-0.5704,0.0]]],
[[[128.406,-0.5688,0.0],[128.4063,-0.5686,0.0],[128.4063,-0.5683,0.0],[128.4057,-0.5685,0.0],[128.406,-0.5688,0.0]]],
[[[128.4014,-0.5659,0.0],[128.4014,-0.5667,0.0],[128.4022,-0.5669,0.0],[128.402,-0.5661,0.0],[128.4014,-0.5659,0.0]]],
[[[128.4004,-0.5641,0.0],[128.4002,-0.5646,0.0],[128.4005,-0.565,0.0],[128.4006,-0.5643,0.0],[128.4004,-0.5641,0.0]]],
[[[127.279,-0.5451,0.0],[127.28,-0.5455,0.0],[127.2801,-0.5439,0.0],[127.279,-0.5439,0.0],[127.279,-0.5451,0.0]]],
[[[127.2519,-0.5504,3.7321],[127.2524,-0.5512,3.7321],[127.2536,-0.5511,3.7321],[127.2529,-0.5498,3.7321],[127.2519,-0.5504,3.7321]]],
[[[127.2354,-0.5501,0.0],[127.2356,-0.5498,0.0],[127.235,-0.5495,0.0],[127.235,-0.5498,0.0],[127.2354,-0.5501,0.0]]],
[[[127.2463,-0.5374,13.0701],[127.2482,-0.5387,0.0],[127.2493,-0.5383,0.0],[127.2472,-0.5347,9.6228],[127.2463,-0.5374,13.0701]]],
[[[128.3868,-0.5567,0.0],[128.3869,-0.556,0.0],[128.3854,-0.5563,0.9513],[128.3859,-0.5571,0.0],[128.3868,-0.5567,0.0]]],
[[[128.3646,-0.5527,0.3481],[128.3649,-0.5525,0.3481],[128.364,-0.552,0.3481],[128.3641,-0.5526,0.3481],[128.3646,-0.5527,0.3481]]],
[[[128.4235,-0.5665,0.0],[128.4093,-0.5583,0.1984],[128.4053,-0.5616,0.0],[128.4053,-0.5634,0.0],[128.4093,-0.5599,0.0],[128.4061,-0.5647,0.0],[128.4084,-0.5656,5.7559],[128.409,-0.568,0.0],[128.414,-0.5672,0.0],[128.419,-0.5686,2.0036],[128.4172,-0.5702,2.024],[128.4187,-0.5724,5.0675],[128.4206,-0.5716,5.0675],[128.4192,-0.5733,2.4076],[128.4251,-0.5771,2.923],[128.4258,-0.5793,0.0],[128.4268,-0.5766,2.923],[128.4275,-0.5786,0.0],[128.4295,-0.5787,2.2324],[128.4301,-0.5812,8.8746],[128.4285,-0.582,0.0],[128.4277,-0.5871,3.0136],[128.4229,-0.5907,0.368],[128.4279,-0.5916,0.0],[128.4358,-0.5867,3.3257],[128.4418,-0.573,0.0],[128.439,-0.5699,19.1929],[128.43,-0.5692,0.0],[128.4235,-0.5665,0.0]]],
[[[128.3905,-0.5572,0.0],[128.3889,-0.5569,0.7505],[128.3886,-0.5575,0.7505],[128.3896,-0.5584,0.0],[128.3905,-0.5572,0.0]]],
[[[128.3972,-0.5627,0.0],[128.3944,-0.5608,0.0],[128.3933,-0.562,0.0],[128.3953,-0.5635,0.0],[128.3981,-0.5633,0.0],[128.3972,-0.5627,0.0]]],
[[[128.3942,-0.5606,0.0],[128.3908,-0.5584,0.0],[128.3898,-0.5591,0.0],[128.3922,-0.5614,0.0],[128.3942,-0.5606,0.0]]],
[[[127.2685,-0.5512,0.0],[127.2663,-0.5507,0.0],[127.2663,-0.5537,1.7632],[127.27,-0.5531,0.0],[127.2685,-0.5512,0.0]]],
[[[128.3331,-0.549,1.1258],[128.3308,-0.5474,0.0],[128.326,-0.5476,0.0],[128.3163,-0.5495,0.0],[128.3157,-0.551,1.5369],[128.3172,-0.5544,5.0786],[128.3249,-0.5559,6.1573],[128.335,-0.5561,9.3247],[128.3417,-0.5531,0.0],[128.3387,-0.5522,1.2604],[128.3389,-0.5509,0.8768],[128.3373,-0.5517,2.7527],[128.3378,-0.5506,1.0571],[128.3332,-0.5535,10.6747],[128.3332,-0.5503,2.7414],[128.3351,-0.5507,0.0],[128.3331,-0.549,1.1258]]],
[[[128.3865,-0.5405,1.2814],[128.3818,-0.5381,10.4991],[128.3729,-0.5288,9.0318],[128.3674,-0.5272,5.9824],[128.3574,-0.5351,2.0501],[128.3417,-0.5418,11.05],[128.336,-0.546,0.0],[128.3356,-0.5483,0.0],[128.3382,-0.548,0.0],[128.3398,-0.5503,0.8768],[128.3452,-0.5525,4.4696],[128.3623,-0.5494,4.4058],[128.3673,-0.5512,0.0],[128.3658,-0.5529,1.0262],[128.3694,-0.5578,14.3355],[128.3831,-0.5582,0.0],[128.3857,-0.5551,0.0],[128.3721,-0.5546,6.0232],[128.3676,-0.5497,0.0],[128.3542,-0.5464,8.0339],[128.3606,-0.5397,0.0],[128.3673,-0.5372,14.2931],[128.38,-0.5491,1.2757],[128.382,-0.5482,0.4549],[128.3908,-0.5538,0.0],[128.3969,-0.5555,2.3631],[128.3986,-0.5583,0.0],[128.4022,-0.5559,5.6116],[128.4018,-0.5585,0.0],[128.4045,-0.5618,0.0],[128.4096,-0.5538,7.79],[128.4056,-0.5523,1.7123],[128.4037,-0.5549,5.6116],[128.4036,-0.5511,6.5086],[128.4014,-0.5475,1.8067],[128.3934,-0.545,4.5232],[128.3924,-0.543,0.0],[128.3916,-0.544,7.371],[128.3865,-0.5405,1.2814]]],
[[[127.2452,-0.548,0.0],[127.2451,-0.5456,6.3118],[127.2477,-0.5453,0.0],[127.2485,-0.5435,0.0],[127.2386,-0.5383,7.628],[127.2348,-0.5401,58.8302],[127.234,-0.5375,7.0482],[127.2361,-0.5352,0.0],[127.2334,-0.5327,0.0],[127.2284,-0.5381,0.0],[127.2304,-0.5397,6.8398],[127.2302,-0.5434,12.9427],[127.2282,-0.5447,25.8958],[127.2253,-0.5432,23.5857],[127.2241,-0.544,7.2476],[127.2249,-0.5482,0.0],[127.2281,-0.5471,9.8726],[127.2317,-0.5481,0.0],[127.2328,-0.5462,16.8338],[127.2342,-0.5495,0.0],[127.2358,-0.5487,18.536],[127.2402,-0.5527,3.6415],[127.2507,-0.5514,0.0],[127.2494,-0.5505,1.5819],[127.2453,-0.5513,4.7943],[127.2412,-0.5491,11.8064],[127.2418,-0.5477,9.2309],[127.2435,-0.5485,0.0],[127.2433,-0.5461,21.1919],[127.2452,-0.548,0.0]]],
[[[128.1244,-0.4365,11.5108],[128.1262,-0.4385,0.0],[128.1276,-0.438,2.2178],[128.1259,-0.436,1.8303],[128.1244,-0.4365,11.5108]]],
[[[127.7295,-0.4012,0.0],[127.7284,-0.3995,0.0],[127.7213,-0.4027,0.0],[127.7226,-0.4063,0.0],[127.7261,-0.4045,25.8691],[127.7295,-0.4012,0.0]]],
[[[127.7351,-0.398,0.0],[127.7347,-0.3985,0.0],[127.7351,-0.3992,0.0],[127.7356,-0.3983,0.0],[127.7351,-0.398,0.0]]],
[[[127.7121,-0.4573,1.5942],[127.7114,-0.4549,0.0],[127.7072,-0.4521,15.3781],[127.705,-0.4517,18.3595],[127.7022,-0.4536,9.365],[127.704,-0.4562,7.594],[127.7068,-0.4549,5.4902],[127.7075,-0.4564,0.0],[127.7094,-0.4558,17.9015],[127.71,-0.4587,0.0],[127.7121,-0.4573,1.5942]]],
[[[127.7229,-0.4401,0.0],[127.7218,-0.4389,0.0],[127.7211,-0.4403,0.0],[127.7229,-0.4409,0.0],[127.7229,-0.4401,0.0]]],
[[[127.3115,-0.4289,4.7864],[127.3116,-0.4278,0.0],[127.3099,-0.4275,1.292],[127.3099,-0.4298,0.0],[127.3115,-0.4289,4.7864]]],
[[[127.7302,-0.4131,21.145],[127.7282,-0.4115,3.164],[127.7254,-0.4125,0.0],[127.7285,-0.4224,17.7152],[127.7258,-0.4223,7.436],[127.7267,-0.4208,5.7083],[127.7248,-0.4177,0.0],[127.7248,-0.4228,0.0],[127.7282,-0.423,4.4306],[127.7338,-0.4296,0.0],[127.7381,-0.4309,20.5836],[127.7406,-0.4309,18.7169],[127.7416,-0.4276,65.7906],[127.7457,-0.4275,4.5967],[127.7461,-0.4244,0.0],[127.7436,-0.427,22.9994],[127.7428,-0.4252,6.055],[127.7377,-0.4236,0.0],[127.7353,-0.4202,103.3688],[127.7377,-0.4181,0.0],[127.7368,-0.4157,1.5805],[127.7338,-0.416,0.0],[127.7302,-0.4131,21.145]]],
[[[127.7548,-0.4159,4.3677],[127.7555,-0.4143,0.0],[127.7528,-0.416,4.4261],[127.754,-0.4163,0.0],[127.7548,-0.4159,4.3677]]],
[[[127.1479,-0.527,0.0],[127.1481,-0.5269,0.0],[127.148,-0.5266,0.0],[127.1478,-0.5266,0.0],[127.1479,-0.527,0.0]]],
[[[127.3031,-0.5039,3.7806],[127.3022,-0.5044,3.7806],[127.302,-0.505,0.0],[127.3036,-0.5049,0.0],[127.3031,-0.5039,3.7806]]],
[[[127.3023,-0.4988,3.8019],[127.3016,-0.4988,3.8019],[127.3015,-0.4998,0.0],[127.3026,-0.4997,0.0],[127.3023,-0.4988,3.8019]]],
[[[128.089,-0.4641,0.0],[128.0888,-0.4665,0.0],[128.09,-0.4667,0.0],[128.09,-0.4645,0.0],[128.089,-0.4641,0.0]]],
[[[127.6796,-0.4949,0.0],[127.6816,-0.495,0.0],[127.6821,-0.4927,0.0],[127.6806,-0.4849,3.9867],[127.6762,-0.4888,7.6198],[127.6783,-0.4898,11.3857],[127.6784,-0.4945,2.7489],[127.6796,-0.4949,0.0]]],
[[[127.2725,-0.4813,18.3945],[127.2712,-0.4792,0.0],[127.2668,-0.4782,13.461],[127.2635,-0.4826,11.0178],[127.2698,-0.4856,0.0],[127.2763,-0.4834,2.7799],[127.2725,-0.4813,18.3945]]],
[[[127.2586,-0.4966,4.6187],[127.2575,-0.4955,1.5178],[127.2538,-0.4962,0.0],[127.2557,-0.4985,0.0],[127.2591,-0.4981,0.0],[127.2586,-0.4966,4.6187]]],
[[[127.2628,-0.4938,22.0728],[127.2648,-0.4955,5.5762],[127.2666,-0.4951,0.0],[127.265,-0.4934,9.3159],[127.2628,-0.4938,22.0728]]],
[[[127.1499,-0.5289,0.0],[127.1499,-0.5284,0.0],[127.1496,-0.5283,0.0],[127.1495,-0.5289,0.0],[127.1499,-0.5289,0.0]]],
[[[127.1493,-0.5278,0.0],[127.1493,-0.5273,0.0],[127.1486,-0.5272,0.0],[127.1488,-0.5277,0.0],[127.1493,-0.5278,0.0]]],
[[[127.2582,-0.5395,1.8783],[127.2613,-0.535,5.8911],[127.2597,-0.532,5.8149],[127.2551,-0.5374,3.0839],[127.2564,-0.5378,25.0719],[127.2555,-0.5419,1.2666],[127.2575,-0.5435,0.0],[127.2596,-0.5422,22.3543],[127.2582,-0.5395,1.8783]]],
[[[127.2837,-0.532,6.5358],[127.2776,-0.5323,3.6472],[127.277,-0.5384,5.134],[127.2785,-0.5422,0.0],[127.2838,-0.5372,10.1771],[127.2875,-0.5378,2.665],[127.2864,-0.5341,8.4238],[127.2841,-0.5343,9.5032],[127.2837,-0.532,6.5358]]],
[[[127.2926,-0.5291,0.0],[127.2928,-0.5306,0.0],[127.2934,-0.5306,0.0],[127.2934,-0.5285,0.0],[127.2926,-0.5291,0.0]]],
[[[127.2642,-0.5019,19.8608],[127.2587,-0.503,14.3917],[127.256,-0.509,6.7728],[127.2572,-0.5093,6.7728],[127.2532,-0.5111,0.0],[127.2528,-0.513,0.0],[127.2556,-0.5154,0.0],[127.2604,-0.5142,6.9706],[127.2656,-0.5166,8.1343],[127.2655,-0.5195,9.1276],[127.261,-0.5244,0.0],[127.267,-0.532,0.0],[127.2737,-0.5279,0.0],[127.2683,-0.526,28.4882],[127.2698,-0.5242,10.3219],[127.2695,-0.5214,13.1544],[127.2671,-0.5195,13.5073],[127.2681,-0.5179,10.0035],[127.2668,-0.5095,4.5474],[127.268,-0.5074,11.126],[127.2646,-0.5057,0.0],[127.2683,-0.5043,16.9756],[127.2682,-0.502,23.0989],[127.2642,-0.5019,19.8608]]],
[[[127.2878,-0.4908,7.1742],[127.2879,-0.489,3.1877],[127.2854,-0.4887,8.8529],[127.2824,-0.4924,5.7238],[127.2803,-0.4913,30.9073],[127.2753,-0.4951,29.2736],[127.2739,-0.4977,7.789],[127.274,-0.5053,1.941],[127.2758,-0.507,8.8422],[127.2733,-0.511,7.3619],[127.2757,-0.5125,2.68],[127.2773,-0.5099,1.5828],[127.2808,-0.5094,90.4457],[127.2822,-0.5169,4.467],[127.286,-0.5242,0.0],[127.2902,-0.5276,5.2606],[127.2915,-0.5263,0.0],[127.2895,-0.5204,0.0],[127.2907,-0.5194,6.9971],[127.2954,-0.5213,0.0],[127.2965,-0.519,7.0842],[127.2898,-0.5177,2.3753],[127.2985,-0.5137,0.0],[127.2938,-0.5099,17.4439],[127.296,-0.5077,0.8528],[127.2899,-0.5041,2.6978],[127.2875,-0.5006,7.8355],[127.2896,-0.498,3.4975],[127.292,-0.4998,0.0],[127.2945,-0.4967,3.9706],[127.2993,-0.4995,0.0],[127.3,-0.4982,0.0],[127.2958,-0.4934,9.5587],[127.2912,-0.493,24.426],[127.2878,-0.4908,7.1742]]],
[[[127.7627,-0.3703,0.0],[127.7611,-0.3689,0.0],[127.7618,-0.3707,0.0],[127.7603,-0.3716,1.8173],[127.7621,-0.3735,0.0],[127.7631,-0.3716,0.0],[127.7627,-0.3703,0.0]]],
[[[128.4544,-0.9133,0.0],[128.4576,-0.908,0.0],[128.4559,-0.9022,0.0],[128.4506,-0.8962,0.0],[128.4405,-0.8889,3.4158],[128.4355,-0.8821,0.0],[128.4297,-0.8783,3.8232],[128.4187,-0.8757,0.0],[128.3815,-0.853,11.9668],[128.3635,-0.8361,0.0],[128.3563,-0.8262,0.0],[128.3539,-0.8259,0.6316],[128.3543,-0.8238,1.3244],[128.3485,-0.8163,6.9652],[128.3311,-0.8075,4.2097],[128.3244,-0.8017,0.0],[128.3197,-0.795,14.4973],[128.3092,-0.7901,10.1389],[128.3073,-0.7772,1.6956],[128.299,-0.7648,16.8978],[128.295,-0.7635,11.1472],[128.2862,-0.754,22.9062],[128.2656,-0.7422,10.5506],[128.2554,-0.7324,2.046],[128.2534,-0.7331,18.8148],[128.2385,-0.7215,1.051],[128.2344,-0.721,9.0187],[128.2328,-0.7149,8.8968],[128.2297,-0.7142,5.7408],[128.2292,-0.7123,2.3993],[128.227,-0.7128,11.3734],[128.2266,-0.7095,3.8058],[128.2229,-0.7082,7.2836],[128.2156,-0.6999,12.6655],[128.2097,-0.6918,3.8635],[128.2099,-0.6813,0.0],[128.1989,-0.6718,13.7373],[128.1931,-0.6556,0.0],[128.1891,-0.6505,6.3665],[128.1854,-0.6285,4.4356],[128.18,-0.6236,5.2563],[128.1606,-0.5961,1.644],[128.1494,-0.5746,0.0],[128.1262,-0.5387,11.4341],[128.1206,-0.5356,0.0],[128.1104,-0.5181,3.1877],[128.1083,-0.5174,0.0],[128.1053,-0.512,2.7079],[128.102,-0.5113,3.2497],[128.0909,-0.4925,12.1198],[128.0915,-0.4907,0.0],[128.0845,-0.4767,5.6569],[128.0833,-0.4673,0.0],[128.0794,-0.4577,0.0],[128.0646,-0.4373,12.0962],[128.0647,-0.4268,0.0],[128.0601,-0.4245,4.7893],[128.0564,-0.4176,0.0],[128.0526,-0.4194,10.0987],[128.0495,-0.4174,10.4578],[128.0408,-0.3864,0.0],[128.0273,-0.3552,12.4926],[128.016,-0.3226,0.0],[128.0119,-0.3212,0.0],[128.0058,-0.3122,5.3503],[128.0027,-0.2996,2.5829],[127.9914,-0.2853,2.8065],[127.9818,-0.264,1.8108],[127.9775,-0.2315,2.6921],[127.9719,-0.2119,9.9898],[127.9716,-0.2003,10.6686],[127.97,-0.1972,10.6444],[127.9655,-0.1636,0.0],[127.9526,-0.1375,6.1759],[127.9488,-0.1263,14.3399],[127.9462,-0.111,0.0],[127.9333,-0.0864,0.0],[127.9269,-0.0799,6.1526],[127.9111,-0.0569,0.0],[127.9029,-0.0257,0.0],[127.8942,-0.0181,0.0],[127.8899,-0.0011,0.0],[127.8876,0.0313,1.8053],[127.8898,0.0424,0.0],[127.8942,0.0493,0.0],[127.8929,0.0561,0.7334],[127.8901,0.0583,0.6256],[127.8942,0.0629,0.0],[127.8951,0.0665,0.0],[127.8911,0.0685,2.7633],[127.8881,0.0743,0.0],[127.888,0.0832,0.0],[127.8936,0.0928,5.0419],[127.9038,0.1049,0.0],[127.9087,0.106,87.5391],[127.91,0.1042,21.6097],[127.9299,0.1081,0.0],[127.9288,0.1098,1.711],[127.92529999999999,0.1081,6.7499],[127.9239,0.1106,4.5153],[127.9263,0.1177,7.3373],[127.9238,0.1344,8.5842],[127.9251,0.1411,0.0],[127.9228,0.1496,0.0],[127.9244,0.1537,8.1128],[127.9218,0.16,13.7985],[127.9216,0.1768,1.5778],[127.8967,0.1758,134.492],[127.8946,0.1667,148.3745],[127.8944,0.1473,172.2223],[127.8875,0.1442,22.8307],[127.877,0.1314,18.4399],[127.8724,0.1305,11.8998],[127.8696,0.1324,8.5549],[127.8633,0.1322,11.8715],[127.8583,0.1342,95.0391],[127.854,0.1334,51.2354],[127.852,0.1361,217.2826],[127.8497,0.136,163.3016],[127.8478,0.1341,135.3616],[127.8442,0.1344,145.9927],[127.8396,0.1283,183.0051],[127.8355,0.1289,162.1354],[127.8345,0.1209,196.8333],[127.8268,0.1266,190.5914],[127.824,0.1254,178.8963],[127.8174,0.1359,288.3116],[127.8179,0.1376,272.8281],[127.8148,0.1448,267.989],[127.8087,0.15,446.9195],[127.8005,0.1508,439.4661],[127.7986,0.1475,535.4049],[127.7887,0.1522,539.4227],[127.7891,0.1407,552.2615],[127.791,0.1351,675.2876],[127.7888,0.1256,505.2],[127.7924,0.1167,610.4425],[127.7905,0.1087,543.8556],[127.7921,0.0993,568.1373],[127.7898,0.0932,408.6904],[127.79,0.0875,417.3733],[127.7926,0.0839,424.8338],[127.7969,0.0817,570.9989],[127.7942,0.0745,283.6726],[127.7953,0.0706,299.1108],[127.7986,0.07,290.7034],[127.7951,0.0613,189.0696],[127.7975,0.0562,213.2012],[127.7966,0.0537,230.6792],[127.8019,0.0491,317.1918],[127.806,0.048,426.4577],[127.8074,0.0424,449.5929],[127.8145,0.0382,330.1037],[127.8173,0.0314,261.5727],[127.8102,0.0181,351.7959],[127.8024,0.0215,292.4785],[127.7957,0.0126,175.4753],[127.792,0.012,131.907],[127.7865,0.0058,79.6051],[127.7745,0.0048,296.3505],[127.7726,0.0033,305.5473],[127.7701,0.0041,221.1144],[127.7686,0.0082,270.7953],[127.7681,0.0255,328.4289],[127.7539,0.02,284.2567],[127.751,0.023,213.2371],[127.7481,0.0235,227.019],[127.7402,0.021,222.4306],[127.7375,0.0182,250.8053],[127.7357,0.0097,150.1018],[127.7328,0.0048,71.6774],[127.7274,0.0032,29.1991],[127.7256,0.0073,91.1034],[127.723,0.0017,98.9982],[127.7178,0.0013,174.5607],[127.7129,0.0032,101.971],[127.7109,0.0,163.4132],[127.7102,-0.008,196.9487],[127.7058,-0.0073,26.4943],[127.6997,-0.01,0.0],[127.7008,-0.0187,15.5461],[127.6943,-0.0286,4.237],[127.6982,-0.0472,0.0],[127.6967,-0.0603,0.5499],[127.6984,-0.0767,4.6037],[127.6966,-0.0888,4.9601],[127.6999,-0.0999,0.0],[127.6953,-0.1054,2.1227],[127.6893,-0.109,0.0],[127.69,-0.1167,0.0],[127.6872,-0.1207,5.7111],[127.6859,-0.1262,0.0],[127.6875,-0.1313,0.0],[127.6871,-0.1374,0.0],[127.6804,-0.153,2.1471],[127.6814,-0.1583,0.8006],[127.6765,-0.1629,0.0],[127.6758,-0.1741,29.7798],[127.6679,-0.1878,2.9859],[127.6691,-0.1941,1.9662],[127.667,-0.1985,5.1058],[127.6672,-0.2022,2.2001],[127.661,-0.2088,0.0],[127.6632,-0.2212,0.0],[127.667,-0.2239,0.7348],[127.6684,-0.2223,5.1192],[127.671,-0.2228,8.107],[127.6711,-0.2293,0.0],[127.6792,-0.2384,0.0],[127.6801,-0.2429,3.9684],[127.6893,-0.2476,2.4077],[127.6869,-0.27,1.44],[127.7025,-0.2776,5.0845],[127.7048,-0.2769,3.8902],[127.7105,-0.2837,3.1645],[127.7138,-0.291,3.3256],[127.7311,-0.3032,0.0],[127.7358,-0.3037,24.1995],[127.7384,-0.2988,8.4515],[127.7397,-0.3019,42.0674],[127.736,-0.3041,24.1995],[127.7396,-0.3053,30.7683],[127.7402,-0.3088,5.7704],[127.7425,-0.3061,34.844],[127.7461,-0.308,11.3699],[127.7466,-0.3101,42.8107],[127.7447,-0.3123,26.4496],[127.7518,-0.3152,0.0],[127.7505,-0.3201,4.2068],[127.7556,-0.32,2.4678],[127.7713,-0.3274,6.75],[127.7792,-0.3286,0.0],[127.7833,-0.3275,1.9736],[127.7858,-0.329,10.2008],[127.7888,-0.336,0.0],[127.793,-0.3383,0.0],[127.803,-0.3401,0.0],[127.8112,-0.3368,2.1425],[127.8184,-0.3378,7.6716],[127.8208,-0.3412,1.5325],[127.8256,-0.3433,4.5725],[127.8265,-0.3474,7.919],[127.8296,-0.3503,0.0],[127.8333,-0.3521,0.0],[127.8377,-0.3517,0.0],[127.8445,-0.3552,3.9244],[127.8457,-0.3605,0.0],[127.8505,-0.3641,4.3794],[127.8593,-0.3639,9.2387],[127.8644,-0.366,6.0668],[127.8687,-0.3803,0.0],[127.8744,-0.3808,4.3501],[127.8768,-0.3836,12.1694],[127.8772,-0.3874,2.7294],[127.8812,-0.3896,0.0],[127.8806,-0.399,2.5691],[127.8836,-0.4104,39.3273],[127.8903,-0.4218,0.0],[127.8946,-0.4233,4.5499],[127.8957,-0.4304,1.7034],[127.9003,-0.4344,35.3285],[127.9001,-0.442,1.625],[127.9052,-0.4461,20.6026],[127.9064,-0.4742,10.5903],[127.9095,-0.4759,3.5302],[127.9135,-0.4816,1.1083],[127.9192,-0.4841,20.1365],[127.9248,-0.4943,9.261],[127.9322,-0.4955,1.5846],[127.9339,-0.5011,5.5529],[127.9384,-0.5036,9.0473],[127.9412,-0.511,1.7929],[127.9414,-0.5166,6.6648],[127.9459,-0.5233,25.7028],[127.9466,-0.5305,5.5977],[127.9508,-0.5334,1.8306],[127.9507,-0.5391,0.0],[127.9537,-0.5413,27.9375],[127.9546,-0.5561,56.6684],[127.9588,-0.5676,6.1444],[127.9648,-0.5782,2.7924],[127.969,-0.5802,10.032],[127.9712,-0.5855,0.0],[127.9749,-0.5869,10.2324],[127.9761,-0.5909,0.0],[127.9752,-0.5959,7.8853],[127.9884,-0.6115,0.0],[127.9908,-0.6228,18.312],[127.9957,-0.6293,4.8838],[127.9929,-0.6438,10.7177],[127.9942,-0.648,0.0],[127.9982,-0.6515,0.0],[127.9965,-0.6578,0.0],[128.001,-0.6598,2.6329],[128.0024,-0.6676,1.6963],[128.0089,-0.672,3.6848],[128.012,-0.6786,2.4502],[128.0183,-0.6827,31.9096],[128.0195,-0.6864,2.9441],[128.0303,-0.6928,16.9083],[128.0354,-0.699,4.012],[128.0571,-0.7097,0.0],[128.0656,-0.718,0.0],[128.086,-0.7229,13.5087],[128.1119,-0.7343,3.0213],[128.1153,-0.7334,6.4263],[128.1181,-0.7366,0.0],[128.1257,-0.7367,6.7086],[128.1289,-0.7393,5.3327],[128.1324,-0.7381,0.4519],[128.1476,-0.745,13.7543],[128.1512,-0.7491,2.6372],[128.1553,-0.7479,9.0332],[128.1623,-0.7509,10.5148],[128.1672,-0.7504,6.9945],[128.187,-0.7608,5.7565],[128.2019,-0.7631,0.7396],[128.2169,-0.7724,2.0523],[128.2206,-0.7701,0.3861],[128.2194,-0.7657,3.5392],[128.223,-0.7638,9.4888],[128.2251,-0.7561,14.5609],[128.2272,-0.7568,6.0382],[128.2308,-0.7538,0.0],[128.23,-0.7523,1.1578],[128.2321,-0.7524,0.0],[128.2338,-0.7502,1.4269],[128.2344,-0.7528,1.0419],[128.2276,-0.7588,31.4979],[128.2242,-0.7669,0.0],[128.2247,-0.7698,0.0],[128.232,-0.7687,0.0],[128.24,-0.7699,1.6715],[128.2433,-0.76,3.2543],[128.2433,-0.7642,0.0],[128.2474,-0.7641,1.9552],[128.2445,-0.7673,4.7134],[128.2472,-0.7699,8.2292],[128.245,-0.772,14.7003],[128.2417,-0.7708,11.9973],[128.2389,-0.7726,2.161],[128.2399,-0.7794,14.1468],[128.2378,-0.778,5.3553],[128.2375,-0.7742,1.2665],[128.2349,-0.778,5.6258],[128.2355,-0.7723,0.0],[128.2331,-0.7735,13.0772],[128.2303,-0.7709,4.8923],[128.227,-0.7732,0.0],[128.2298,-0.7795,3.7682],[128.2388,-0.7869,0.0],[128.2459,-0.7881,3.3233],[128.2492,-0.7925,3.8542],[128.2483,-0.7935,1.6701],[128.2533,-0.7986,0.0],[128.2547,-0.7981,0.0],[128.2533,-0.7965,0.0],[128.256,-0.7963,0.0],[128.2578,-0.8035,0.0],[128.2606,-0.8047,5.3777],[128.2601,-0.8064,0.0],[128.2618,-0.8088,0.0],[128.2632,-0.8085,12.2546],[128.2632,-0.811,3.7131],[128.2654,-0.8114,6.8393],[128.2681,-0.8219,0.0],[128.2704,-0.8204,0.5659],[128.271,-0.8245,5.3006],[128.2739,-0.8271,3.4031],[128.2799,-0.826,17.4288],[128.2836,-0.8326,10.3548],[128.2822,-0.8383,10.9568],[128.2791,-0.8386,4.0458],[128.2712,-0.8315,1.312],[128.2538,-0.8216,9.0976],[128.2482,-0.8203,6.0086],[128.2406,-0.8211,0.0],[128.2419,-0.8223,2.6985],[128.2409,-0.8268,5.0711],[128.232,-0.827,3.4121],[128.2259,-0.8322,0.0],[128.2257,-0.8393,0.0],[128.23,-0.8465,0.0],[128.2449,-0.8571,6.0141],[128.2604,-0.8633,5.1866],[128.262,-0.8667,0.0],[128.2653,-0.8687,0.0],[128.2686,-0.8672,1.8034],[128.274,-0.8679,13.3169],[128.2796,-0.8724,14.3189],[128.2812,-0.876,6.9833],[128.2859,-0.8791,2.6147],[128.2905,-0.8811,4.1483],[128.2995,-0.8816,0.0],[128.3079,-0.879,0.0],[128.3119,-0.8742,3.0367],[128.3136,-0.8648,6.3786],[128.3162,-0.864,1.105],[128.3236,-0.8684,4.3419],[128.3308,-0.8762,3.5287],[128.3408,-0.8809,24.8781],[128.3462,-0.8864,0.0],[128.3522,-0.8895,2.3476],[128.3542,-0.8885,0.0],[128.3546,-0.8823,3.2971],[128.3578,-0.8822,0.3904],[128.3623,-0.8781,0.0],[128.3686,-0.8808,7.0492],[128.3717,-0.8801,0.0],[128.3725,-0.878,1.0382],[128.3803,-0.878,1.0936],[128.3812,-0.8801,0.0],[128.3927,-0.882,0.3858],[128.4011,-0.8856,2.0041],[128.4117,-0.8948,0.0],[128.4187,-0.8944,14.684],[128.4206,-0.8962,7.0876],[128.4193,-0.8984,10.7609],[128.4203,-0.8997,0.0],[128.4385,-0.9031,2.6347],[128.4443,-0.9068,1.9105],[128.4501,-0.914,3.6098],[128.4544,-0.9133,0.0]]],
[[[127.7464,-0.3272,15.5439],[127.7433,-0.3265,0.0],[127.7425,-0.3334,0.0],[127.7439,-0.3383,89.7491],[127.7397,-0.3396,40.4928],[127.7362,-0.3483,30.4293],[127.7391,-0.3535,4.4495],[127.7377,-0.3594,38.5483],[127.7391,-0.3691,3.4709],[127.7347,-0.3762,0.0],[127.7333,-0.3838,0.7104],[127.7267,-0.3913,0.0],[127.7264,-0.3969,0.0],[127.7284,-0.3955,7.5088],[127.7301,-0.3966,0.0],[127.7319,-0.3946,4.6447],[127.7342,-0.3958,9.1154],[127.7332,-0.392,68.5342],[127.7367,-0.3904,13.4717],[127.7396,-0.3935,0.0],[127.7397,-0.3893,0.0],[127.7374,-0.3891,23.5914],[127.7396,-0.3827,6.5678],[127.742,-0.3814,0.0],[127.7441,-0.3823,0.0],[127.7484,-0.3766,0.0],[127.7532,-0.3771,3.0585],[127.7599,-0.3731,2.287],[127.7577,-0.373,46.3227],[127.7569,-0.3712,22.0315],[127.7587,-0.3696,0.0],[127.7566,-0.3632,4.5015],[127.7543,-0.3628,0.0],[127.7514,-0.365,0.0],[127.7552,-0.3691,11.6474],[127.751,-0.3683,19.3432],[127.7495,-0.3658,55.7256],[127.7516,-0.3603,58.5264],[127.7582,-0.3573,0.0],[127.7481,-0.3415,0.0],[127.75,-0.3405,0.0],[127.749,-0.3386,30.8121],[127.7506,-0.3341,12.5226],[127.748,-0.3321,0.0],[127.7485,-0.3282,9.2815],[127.7464,-0.3272,15.5439]]],
[[[127.4335,-0.3551,0.0],[127.4327,-0.3498,25.7471],[127.4239,-0.3531,40.9517],[127.4183,-0.3532,0.0],[127.4281,-0.3596,0.0],[127.4311,-0.3594,0.0],[127.4335,-0.3551,0.0]]],
[[[127.3093,-0.3422,0.0],[127.3092,-0.342,0.0],[127.3091,-0.3419,0.0],[127.309,-0.3424,0.0],[127.3093,-0.3422,0.0]]],
[[[127.764,-0.3329,0.0],[127.7635,-0.3323,0.0],[127.7624,-0.3327,0.0],[127.763,-0.3338,0.0],[127.764,-0.3329,0.0]]],
[[[127.3147,-0.3449,0.0],[127.3135,-0.3456,0.0],[127.3134,-0.3465,0.0],[127.3153,-0.3463,0.0],[127.3147,-0.3449,0.0]]],
[[[127.3196,-0.3447,0.0],[127.321,-0.3458,0.0],[127.3209,-0.344,2.1599],[127.3196,-0.3434,0.0],[127.3196,-0.3447,0.0]]],
[[[127.4081,-0.3437,0.0],[127.4099,-0.3453,0.0],[127.4113,-0.3416,0.0],[127.4083,-0.3418,10.292],[127.4081,-0.3437,0.0]]],
[[[127.1366,-0.4993,5.8155],[127.1366,-0.5036,5.4918],[127.1283,-0.5053,3.3359],[127.1251,-0.5067,13.4415],[127.1244,-0.5091,15.2693],[127.1227,-0.5081,2.8625],[127.1278,-0.5186,0.0],[127.1291,-0.5189,2.7282],[127.1302,-0.5156,20.5051],[127.1336,-0.5146,0.0],[127.1363,-0.5165,0.0],[127.1362,-0.5198,0.0],[127.1384,-0.523,0.0],[127.1489,-0.5267,0.0],[127.152,-0.5242,12.14],[127.1552,-0.5266,0.0],[127.1603,-0.5268,7.6996],[127.1608,-0.5287,0.0],[127.1635,-0.5289,13.1812],[127.1638,-0.531,6.4034],[127.1708,-0.5309,18.8582],[127.1738,-0.5272,0.0],[127.1712,-0.5276,25.5395],[127.1711,-0.5256,9.9243],[127.1758,-0.5234,6.7033],[127.1798,-0.5243,22.2892],[127.1855,-0.5228,9.2921],[127.185,-0.5206,4.5325],[127.1868,-0.5183,0.0],[127.1887,-0.5218,0.0],[127.1929,-0.5218,0.0],[127.198,-0.5189,13.5987],[127.2016,-0.5193,4.0762],[127.2037,-0.5162,10.1964],[127.208,-0.5147,1.4095],[127.2157,-0.5184,0.0],[127.2211,-0.515,0.0],[127.2223,-0.5119,6.8338],[127.2288,-0.5122,0.0],[127.2277,-0.5082,0.0],[127.2312,-0.5087,0.0],[127.2318,-0.5069,0.0],[127.2277,-0.5026,0.0],[127.2288,-0.5009,2.2886],[127.2259,-0.4966,12.2844],[127.2278,-0.4934,0.0],[127.2316,-0.4943,3.7608],[127.2332,-0.4922,16.6728],[127.2358,-0.4922,15.0641],[127.2479,-0.496,5.5046],[127.2642,-0.492,3.4636],[127.2632,-0.4903,3.8288],[127.2651,-0.4906,0.0],[127.2648,-0.4876,0.0],[127.2589,-0.4833,16.5617],[127.2611,-0.4749,6.9616],[127.2586,-0.4758,4.2573],[127.2569,-0.4733,8.0731],[127.2632,-0.4667,1.4971],[127.2657,-0.4669,0.0],[127.2671,-0.4616,2.4886],[127.2693,-0.4618,0.0],[127.2725,-0.4588,4.4251],[127.277,-0.4574,2.8237],[127.2778,-0.4559,4.5781],[127.2757,-0.4552,11.9504],[127.2782,-0.4545,22.968],[127.2788,-0.4513,0.0],[127.2761,-0.4498,44.08],[127.27,-0.4503,23.3141],[127.2718,-0.4473,13.853],[127.2736,-0.4482,0.0],[127.2754,-0.4469,0.0],[127.2761,-0.4441,28.1485],[127.2674,-0.4314,29.5765],[127.2658,-0.4216,32.5171],[127.2672,-0.418,4.2522],[127.2657,-0.4146,12.0683],[127.264,-0.415,28.8452],[127.2626,-0.4126,0.0],[127.2633,-0.4063,0.0],[127.2736,-0.3992,5.3775],[127.2794,-0.399,0.0],[127.2801,-0.3955,5.658],[127.2829,-0.3997,0.0],[127.2869,-0.3995,0.0],[127.2875,-0.3911,4.7805],[127.2841,-0.3882,14.7449],[127.284,-0.383,11.9077],[127.2882,-0.3748,56.9266],[127.2795,-0.3637,0.0],[127.2747,-0.362,5.3403],[127.2762,-0.3592,8.7082],[127.2728,-0.355,0.0],[127.2691,-0.3538,5.9452],[127.2661,-0.3502,2.2738],[127.2655,-0.3463,0.7494],[127.268,-0.3453,2.891],[127.2703,-0.3413,17.0735],[127.268,-0.3361,1.4926],[127.2636,-0.3336,3.2569],[127.2603,-0.3373,5.5215],[127.2559,-0.3387,1.5679],[127.2537,-0.3375,15.9028],[127.253,-0.3267,9.7338],[127.2542,-0.3256,0.0],[127.2505,-0.3208,12.317],[127.2539,-0.3187,19.1425],[127.2525,-0.3123,18.3458],[127.2539,-0.3129,18.3458],[127.2537,-0.3112,40.9788],[127.2607,-0.3051,5.3637],[127.2617,-0.3023,31.4084],[127.2572,-0.2955,4.6316],[127.2552,-0.2947,16.298],[127.2585,-0.2911,18.3023],[127.262,-0.2906,10.4728],[127.2627,-0.2918,0.0],[127.2642,-0.2903,8.6686],[127.2655,-0.2937,3.2337],[127.2676,-0.2946,0.0],[127.2682,-0.2921,23.9634],[127.2649,-0.2889,8.8479],[127.2698,-0.2889,0.0],[127.2829,-0.2911,14.8265],[127.2797,-0.2927,2.808],[127.2812,-0.2929,11.4059],[127.2814,-0.2961,3.0685],[127.2839,-0.2949,0.0],[127.283,-0.2934,3.0134],[127.2855,-0.2935,1.9297],[127.2846,-0.2913,13.8415],[127.2891,-0.2925,0.0],[127.2967,-0.2887,18.1687],[127.2986,-0.2891,2.9725],[127.3016,-0.2853,10.019],[127.3029,-0.2876,2.9473],[127.3029,-0.2814,20.1306],[127.3059,-0.2799,0.0],[127.3051,-0.2701,42.469],[127.30029999999999,-0.2686,17.1014],[127.2929,-0.2704,0.0],[127.2892,-0.2765,51.5035],[127.2823,-0.2791,4.2842],[127.2812,-0.2812,23.3421],[127.2758,-0.2801,0.0],[127.2751,-0.2826,22.2806],[127.273,-0.2821,7.3055],[127.2722,-0.28,3.9248],[127.2687,-0.2815,11.6051],[127.2684,-0.2796,0.0],[127.2717,-0.2783,0.0],[127.2686,-0.2772,9.6835],[127.2661,-0.2789,20.3143],[127.2648,-0.2763,2.3009],[127.2647,-0.2786,20.3143],[127.2621,-0.2803,33.3744],[127.2612,-0.2765,34.2948],[127.2628,-0.2757,0.0],[127.2576,-0.2744,14.1847],[127.2595,-0.2721,6.8951],[127.2579,-0.2708,34.1459],[127.2592,-0.2699,3.6332],[127.2547,-0.2677,1.7019],[127.253,-0.2639,8.8425],[127.2517,-0.2641,51.7627],[127.25,-0.257,2.9931],[127.2481,-0.2566,14.6476],[127.2499,-0.2554,0.0],[127.2461,-0.2566,40.7859],[127.2421,-0.2539,2.1346],[127.2404,-0.2549,42.3246],[127.241,-0.2527,31.6824],[127.2459,-0.2477,0.0],[127.2399,-0.2453,5.6468],[127.2386,-0.2476,11.7773],[127.2308,-0.2507,5.6574],[127.226,-0.2552,13.4176],[127.2241,-0.2541,0.0],[127.2238,-0.2562,8.934],[127.2194,-0.2583,68.3387],[127.2082,-0.2564,19.1746],[127.2062,-0.2548,7.261],[127.1995,-0.2572,18.1639],[127.1952,-0.2521,0.0],[127.1935,-0.2575,10.0602],[127.1892,-0.2552,2.4305],[127.1872,-0.2575,17.4075],[127.1838,-0.2578,0.0],[127.1839,-0.2609,7.4436],[127.1823,-0.2623,8.4965],[127.1752,-0.2643,3.9581],[127.1661,-0.2605,4.0312],[127.166,-0.2581,0.0],[127.1638,-0.2562,0.0],[127.1615,-0.2573,17.5951],[127.1625,-0.26,35.2008],[127.1594,-0.2607,33.5433],[127.1577,-0.2642,19.9551],[127.1552,-0.2645,3.1553],[127.151,-0.2623,28.2479],[127.1521,-0.2588,10.5955],[127.1504,-0.2566,2.4151],[127.1503,-0.2583,20.9836],[127.1477,-0.2587,8.6768],[127.1459,-0.2629,0.0],[127.1429,-0.2649,13.0626],[127.1409,-0.2681,24.7025],[127.1418,-0.2706,10.7549],[127.1391,-0.2704,6.2149],[127.1362,-0.2751,4.9051],[127.1318,-0.2749,47.5225],[127.1295,-0.2777,0.6691],[127.1225,-0.2802,21.4087],[127.1233,-0.2843,9.7242],[127.121,-0.2831,11.7973],[127.1184,-0.286,15.9298],[127.1135,-0.2844,0.0],[127.1126,-0.2867,42.6993],[127.1102,-0.281,5.1549],[127.1085,-0.2874,8.9758],[127.1105,-0.2923,3.5595],[127.1122,-0.2886,16.1182],[127.1136,-0.2897,0.0],[127.1168,-0.2878,23.4573],[127.1218,-0.2931,0.0],[127.1219,-0.2964,32.1268],[127.1193,-0.2974,2.2459],[127.1195,-0.2992,8.7969],[127.1165,-0.2997,45.3681],[127.1145,-0.2981,23.9987],[127.1133,-0.2995,5.2173],[127.1152,-0.3005,26.5349],[127.115,-0.3031,0.0],[127.1236,-0.3078,21.1751],[127.13,-0.3057,15.8282],[127.1359,-0.3076,7.8325],[127.1362,-0.3099,0.0],[127.1384,-0.31,0.0],[127.1398,-0.3125,8.2699],[127.1367,-0.315,9.2733],[127.1388,-0.318,7.5616],[127.1393,-0.3229,5.8869],[127.1382,-0.324,30.8566],[127.1334,-0.3234,21.2261],[127.133,-0.3285,43.8195],[127.1305,-0.3324,18.5267],[127.1319,-0.3331,62.118899999999996],[127.1293,-0.3369,0.0],[127.131,-0.3396,0.0],[127.1339,-0.3391,6.7325],[127.1359,-0.3416,0.0],[127.1333,-0.3579,8.2901],[127.1355,-0.3609,4.2328],[127.1337,-0.3641,3.8497],[127.1312,-0.3645,5.1135],[127.1313,-0.368,21.7896],[127.1287,-0.3703,18.5365],[127.1217,-0.3704,0.0],[127.1189,-0.3737,7.6532],[127.1202,-0.3781,13.4883],[127.1168,-0.3823,10.1356],[127.1181,-0.384,0.0],[127.1158,-0.3874,8.3787],[127.1093,-0.3884,0.0],[127.1125,-0.3889,40.9162],[127.1132,-0.3905,4.1484],[127.1176,-0.3894,13.7193],[127.1209,-0.3926,26.3911],[127.1164,-0.3948,9.7237],[127.1172,-0.3973,17.4102],[127.1154,-0.3999,5.5897],[127.1196,-0.4031,0.0],[127.1167,-0.4073,3.1536],[127.1202,-0.4074,26.6738],[127.1224,-0.4096,14.0378],[127.1201,-0.4135,11.0663],[127.1139,-0.4152,5.1061],[127.116,-0.4194,1.476],[127.1069,-0.4174,12.4695],[127.1038,-0.4149,1.8061],[127.1031,-0.4195,0.0],[127.1039,-0.426,2.0657],[127.1061,-0.4239,20.8555],[127.1227,-0.428,2.2898],[127.1237,-0.4309,6.2034],[127.1212,-0.4334,0.0],[127.1254,-0.4351,4.1261],[127.126,-0.4371,2.7689],[127.1225,-0.4416,12.6014],[127.1236,-0.4444,9.816],[127.1506,-0.4621,11.1876],[127.1479,-0.4677,47.0448],[127.1525,-0.4682,0.0],[127.1543,-0.4742,0.0],[127.1464,-0.4767,53.0995],[127.1209,-0.4732,39.8482],[127.1182,-0.476,14.5716],[127.1196,-0.4772,0.0],[127.1191,-0.4779,0.0],[127.1202,-0.4796,5.9169],[127.1199,-0.4806,0.0],[127.1177,-0.4831,51.4802],[127.1153,-0.4829,0.0],[127.1113,-0.4857,0.0],[127.1116,-0.4872,0.0],[127.1167,-0.4866,1.2814],[127.1187,-0.4884,2.9003],[127.1206,-0.4926,7.7314],[127.1182,-0.4976,55.7819],[127.1189,-0.4996,0.0],[127.1281,-0.4973,8.6076],[127.1316,-0.5,0.0],[127.1366,-0.4993,5.8155]]],
[[[127.2953,-0.336,0.0],[127.2902,-0.3335,7.5547],[127.2872,-0.3342,3.3084],[127.2867,-0.3375,0.0],[127.2809,-0.3441,15.9556],[127.2808,-0.3472,5.5057],[127.2899,-0.3497,0.0],[127.2977,-0.3441,10.9475],[127.3024,-0.3458,2.7158],[127.2953,-0.336,0.0]]],
[[[127.3168,-0.3446,0.0],[127.3182,-0.3418,0.0],[127.3131,-0.338,1.0781],[127.3119,-0.3421,2.5429],[127.3168,-0.3446,0.0]]],
[[[127.4092,-0.3288,1.5449],[127.4105,-0.3239,0.0],[127.4097,-0.3208,17.0476],[127.4056,-0.3194,0.0],[127.3999,-0.3226,0.0],[127.3988,-0.3261,1.6756],[127.3997,-0.3358,0.0],[127.4046,-0.3408,0.7534],[127.4073,-0.341,0.0],[127.4061,-0.3379,20.9813],[127.4092,-0.3288,1.5449]]],
[[[127.5696,-0.3106,0.0],[127.5697,-0.3102,0.0],[127.569,-0.3102,0.0],[127.569,-0.3106,0.0],[127.5696,-0.3106,0.0]]],
[[[127.5521,-0.298,15.6782],[127.548,-0.299,11.6924],[127.5455,-0.296,0.0],[127.5424,-0.3001,14.7815],[127.5463,-0.3096,0.0],[127.5551,-0.311,5.447],[127.5587,-0.3088,4.6567],[127.5583,-0.3113,0.0],[127.5628,-0.3124,0.0],[127.5653,-0.3106,0.0],[127.5638,-0.3082,0.0],[127.5635,-0.3097,1.6234],[127.5625,-0.309,2.3438],[127.5637,-0.3072,3.5783],[127.5688,-0.3099,0.0],[127.5671,-0.304,0.0],[127.5633,-0.3004,0.0],[127.5598,-0.3001,0.0],[127.5584,-0.3039,6.4644],[127.5549,-0.3041,7.2792],[127.5562,-0.3,10.3757],[127.5521,-0.298,15.6782]]],
[[[127.2603,-0.3059,5.3637],[127.2613,-0.3082,0.0],[127.2629,-0.3071,0.0],[127.2625,-0.305,2.6591],[127.2603,-0.3059,5.3637]]],
[[[127.2642,-0.3049,2.6591],[127.2638,-0.3059,2.6591],[127.2652,-0.3064,0.0],[127.2654,-0.3058,0.0],[127.2642,-0.3049,2.6591]]]]}}