{"type":"Feature","properties":{"GID_2":"IDN.34.6_1","GID_0":"IDN","country":"Indonesia","GID_1":"IDN.34_1","province":"KalimantanTimur","NL_NAME_1":"NA","county":"KutaiKartanegara","VARNAME_2":"NA","NL_NAME_2":"NA","TYPE_2":"Kabupaten","ENGTYPE_2":"Regency","CC_2":"6403","HASC_2":"ID.KM.KU","name":"Kutai_Kartanegara.county"},
"geometry":{"type": "MultiPolygon","coordinates": [[[[117.5074,-0.4011,0.0],[117.5048,-0.3988,0.25],[117.5033,-0.4004,0.0],[117.5013,-0.3988,1.0],[117.5014,-0.4048,0.75],[117.5,-0.4073,1.5485],[117.499,-0.4029,0.75],[117.4955,-0.4039,1.0],[117.4972,-0.4013,0.9745],[117.4954,-0.4031,1.0],[117.4947,-0.4008,1.0],[117.4944,-0.4026,0.25],[117.4914,-0.4033,2.3126],[117.4916,-0.4053,4.953],[117.4893,-0.4059,3.0475],[117.4899,-0.4054,3.0475],[117.4914,-0.405,4.953],[117.4907,-0.404,2.3126],[117.4915,-0.4028,1.0],[117.4943,-0.4023,0.25],[117.4933,-0.4013,2.8752],[117.4939,-0.4006,1.5513],[117.4944,-0.4004,1.0],[117.4952,-0.4008,1.0],[117.4956,-0.4025,0.25],[117.4961,-0.4007,1.0],[117.4968,-0.4008,1.2528],[117.4973,-0.4014,0.9745],[117.4983,-0.3998,1.0],[117.502,-0.398,1.0],[117.5034,-0.3996,0.0],[117.5044,-0.3983,0.25],[117.5065,-0.3992,0.0],[117.5076,-0.3968,1.0],[117.5308,-0.3952,2.1182],[117.5325,-0.3938,2.3558],[117.5336,-0.3855,0.0],[117.5289,-0.3819,1.0],[117.5303,-0.3807,1.0],[117.5329,-0.3821,0.5],[117.5355,-0.3791,2.4332],[117.5343,-0.3783,1.0],[117.5334,-0.3806,0.75],[117.5297,-0.379,1.9956],[117.5317,-0.3768,2.9341],[117.5291,-0.376,1.821],[117.5304,-0.3728,2.3047],[117.5296,-0.3702,2.4691],[117.5277,-0.3711,1.9458],[117.5277,-0.3687,1.7448],[117.5315,-0.3699,2.4364],[117.534,-0.3652,1.1599],[117.5354,-0.3642,0.0],[117.5354,-0.3647,0.0],[117.5342,-0.3655,1.1599],[117.5333,-0.3676,4.3996],[117.5347,-0.367,4.3996],[117.5345,-0.3684,3.9705],[117.5302,-0.3708,2.4691],[117.5305,-0.3721,2.3047],[117.5339,-0.3724,2.0547],[117.5462,-0.3661,0.0],[117.534,-0.3731,2.4576],[117.531,-0.3731,3.6899],[117.5302,-0.3757,1.821],[117.5324,-0.3767,2.9341],[117.5305,-0.3786,1.9956],[117.5333,-0.3797,0.75],[117.5345,-0.3776,2.3085],[117.5361,-0.3787,2.4332],[117.5336,-0.3826,0.0],[117.5297,-0.3818,1.0],[117.5335,-0.3838,0.0],[117.5346,-0.3876,1.7336],[117.5408,-0.3822,0.0],[117.56,-0.3703,0.0],[117.5603,-0.3668,0.0],[117.5542,-0.3616,0.0],[117.5434,-0.348,0.0],[117.5337,-0.3459,0.0],[117.5287,-0.3477,0.0],[117.5241,-0.3567,2.0446],[117.5163,-0.3646,1.3411],[117.5068,-0.3794,1.8258],[117.4743,-0.411,1.417],[117.4678,-0.4218,1.8794],[117.4583,-0.4622,3.1336],[117.4414,-0.4813,5.4728],[117.4405,-0.4868,0.0],[117.4424,-0.5006,0.0],[117.4489,-0.4985,1.7763],[117.4498,-0.4957,8.074],[117.4526,-0.4924,7.336],[117.4568,-0.49,7.8734],[117.4608,-0.4849,3.0334],[117.4653,-0.4831,1.0],[117.4655,-0.4805,1.0],[117.4631,-0.4788,0.375],[117.463,-0.4768,0.375],[117.4651,-0.4749,0.375],[117.4706,-0.4735,0.125],[117.4723,-0.4651,0.125],[117.4689,-0.4643,2.1027],[117.4689,-0.468,3.2893],[117.46849914529915,-0.46868717948717,3.2893],[117.4682,-0.4642,2.1027],[117.4688,-0.4638,2.1027],[117.4719,-0.4645,0.125],[117.4748,-0.4593,1.0],[117.4834,-0.4513,2.039],[117.4859,-0.442,2.9944],[117.4902,-0.4402,0.0],[117.4986,-0.4395,2.5366],[117.5003,-0.4374,1.7811],[117.5068,-0.4363,3.2505],[117.5088,-0.4342,2.6933],[117.509,-0.4294,4.8757],[117.5025,-0.424,0.5],[117.5008,-0.425,0.25],[117.5009,-0.4316,0.375],[117.49,-0.4352,2.6025],[117.49,-0.4374,1.4357],[117.4888,-0.4388,1.9794],[117.4813,-0.4432,0.9465],[117.4808,-0.441,1.889],[117.4853,-0.4403,2.729],[117.4893,-0.4375,1.6498],[117.4869,-0.4362,1.2421],[117.4865,-0.4339,0.5],[117.478,-0.4308,2.0528],[117.474,-0.4316,2.0379],[117.4713,-0.434,3.6689],[117.4723,-0.4311,1.6993],[117.4777,-0.4302,2.0528],[117.4898,-0.4344,0.5],[117.5,-0.4309,0.5],[117.4968,-0.4284,0.8861],[117.4982,-0.4272,0.0],[117.4983,-0.4225,0.4971],[117.5056,-0.4239,1.0],[117.5075,-0.4204,1.0],[117.4996,-0.4208,0.5],[117.4963,-0.4191,0.5],[117.4962,-0.4222,0.9259],[117.4921,-0.4248,0.375],[117.4916,-0.4276,0.5],[117.4907,-0.4286,0.5],[117.4777,-0.4282,1.5729],[117.4855,-0.4272,1.0],[117.4911,-0.4277,0.5],[117.4916,-0.4226,1.0727],[117.4836,-0.4244,1.6341],[117.4879,-0.4224,0.5],[117.4951,-0.4219,1.0789],[117.4949,-0.4196,1.0584],[117.4924,-0.419,0.5],[117.4922,-0.4176,1.609],[117.48779999999999,-0.4173,4.3289],[117.4909,-0.4174,0.6825],[117.4935,-0.415,1.5442],[117.4914,-0.4134,1.5353],[117.4937,-0.4139,1.8313],[117.4955,-0.412,2.2969],[117.502,-0.415,0.5],[117.498,-0.4144,1.7024],[117.4958,-0.4127,2.2969],[117.4924,-0.4164,1.609],[117.4937,-0.4188,0.5],[117.4954,-0.4181,0.5],[117.4999,-0.42,0.5],[117.5104,-0.4187,1.2658],[117.5138,-0.4117,3.8413],[117.5079,-0.4039,1.9419],[117.5074,-0.4011,0.0]],
[[117.46849914529915,-0.46868717948717,3.2893],[117.4685,-0.4687,3.2893],[117.46849492385788,-0.468694416243651,3.2893],[117.46849914529915,-0.46868717948717,3.2893]],
[[117.46849492385788,-0.468694416243651,3.2893],[117.4682,-0.4692,3.2893],[117.4672,-0.4678,0.75],[117.463,-0.4678,0.5],[117.464,-0.4684,6.622],[117.4637,-0.4704,2.0549],[117.4615,-0.4723,3.0256],[117.4613,-0.4714,3.0256],[117.4637,-0.4687,6.622],[117.4623,-0.4685,1.662],[117.4622,-0.4682,1.662],[117.4632,-0.4672,4.9194],[117.4654,-0.4671,0.75],[117.4675,-0.4676,1.9835],[117.46849492385788,-0.468694416243651,3.2893]]],
[[[117.4389,-0.5558,2.0151],[117.4372,-0.5473,1.1459],[117.4332,-0.5466,4.1561],[117.4303,-0.5506,3.7375],[117.4286,-0.5468,8.5792],[117.4257,-0.548,2.7405],[117.4286,-0.5515,8.0213],[117.427,-0.5534,7.8052],[117.4289,-0.554,8.7416],[117.4267,-0.5541,7.8052],[117.4269,-0.5525,3.0949],[117.4282,-0.5512,3.5588],[117.42529999999999,-0.5497,3.6081],[117.4254,-0.5454,8.9262],[117.4222,-0.5449,6.4758],[117.4221,-0.5439,9.6653],[117.4239,-0.5433,9.6653],[117.4224,-0.5433,9.6653],[117.4238,-0.5426,9.1067],[117.424,-0.5431,9.6653],[117.4237,-0.5439,9.6653],[117.4226,-0.5443,9.6653],[117.4257,-0.5449,8.9262],[117.4259,-0.5467,4.5353],[117.4273,-0.5456,7.2218],[117.4293,-0.5465,8.5792],[117.4308,-0.5498,3.7375],[117.43,-0.5463,8.5792],[117.432,-0.5457,8.538],[117.429,-0.5447,7.9391],[117.4307,-0.5432,8.1594],[117.4286,-0.5412,5.8506],[117.4303,-0.5415,8.0026],[117.4311,-0.5431,8.1594],[117.4296,-0.5445,6.8731],[117.4321,-0.545,8.538],[117.4321,-0.546,8.538],[117.4305,-0.5465,4.9874],[117.4316,-0.5477,4.9874],[117.4328,-0.5463,4.1561],[117.4362,-0.5467,4.1686],[117.4362,-0.5408,5.6639],[117.437,-0.5409,4.4125],[117.4372,-0.5427,6.0386],[117.4429,-0.5432,0.7127],[117.4484,-0.5336,5.5494],[117.4553,-0.5349,0.0],[117.4955,-0.5167,0.7657],[117.5086,-0.5074,1.3808],[117.509,-0.5033,1.8778],[117.502,-0.5035,2.3241],[117.499,-0.5087,1.1295],[117.4963,-0.5071,0.0],[117.496,-0.5022,4.8708],[117.4942,-0.4996,1.0912],[117.4855,-0.5009,1.5608],[117.4842,-0.5026,8.4717],[117.4849,-0.5059,4.7388],[117.4875,-0.504,7.724],[117.4884,-0.5047,5.3002],[117.4867,-0.5053,5.3922],[117.4877,-0.5061,5.3922],[117.4862,-0.5056,5.3922],[117.4859,-0.5064,6.963],[117.4842,-0.506,4.7388],[117.4845,-0.5088,2.2728],[117.4889,-0.5098,1.1868],[117.4904,-0.508,2.3285],[117.4891,-0.5106,1.1868],[117.4952,-0.5122,1.1588],[117.494,-0.512,3.8775],[117.4942,-0.5134,1.7396],[117.4917,-0.5118,0.9261],[117.4908,-0.5162,1.5474],[117.4907,-0.5121,0.9261],[117.488,-0.5117,1.0713],[117.4881,-0.5103,1.1868],[117.4859,-0.5092,2.1642],[117.4856,-0.5101,1.8985],[117.483,-0.5073,0.0],[117.4822,-0.5117,3.3515],[117.4841,-0.5127,1.7865],[117.486,-0.5155,1.6378],[117.4847,-0.5165,4.7291],[117.4836,-0.5142,3.3143],[117.4829,-0.5176,2.4195],[117.4821,-0.5156,3.3039],[117.4837,-0.513,3.3143],[117.4813,-0.513,4.9076],[117.4826,-0.5083,6.7466],[117.4793,-0.5103,5.785],[117.4777,-0.5092,2.8187],[117.4785,-0.5121,2.2179],[117.4769,-0.5181,2.0591],[117.4787,-0.5196,2.5017],[117.4773,-0.5207,1.7911],[117.4761,-0.5183,2.0591],[117.4752,-0.5199,3.6509],[117.4719,-0.5205,3.8093],[117.4707,-0.5226,2.3076],[117.4713,-0.5201,1.6167],[117.4754,-0.5191,2.0706],[117.4778,-0.5124,2.2179],[117.4765,-0.5102,0.8793],[117.4757,-0.511,0.8793],[117.477,-0.5094,1.2735],[117.476,-0.5076,3.4734],[117.4725,-0.5074,1.5274],[117.4752,-0.5069,2.4229],[117.4752,-0.5031,4.9488],[117.4724,-0.503,2.5339],[117.4749,-0.5025,1.9147],[117.4753,-0.5029,1.9147],[117.4756,-0.5047,3.7627],[117.4772,-0.5047,3.7627],[117.4778,-0.5084,2.8187],[117.4794,-0.5063,4.6529],[117.4822,-0.5062,2.1325],[117.4815,-0.5015,0.6434],[117.4798,-0.5014,0.6434],[117.4805,-0.4997,0.6698],[117.4786,-0.4997,0.5],[117.4801,-0.4995,2.7131],[117.4792,-0.498,0.5],[117.481,-0.4989,2.7131],[117.4821,-0.4968,0.7092],[117.4809,-0.5003,0.6698],[117.4826,-0.5031,0.25],[117.4842,-0.4991,5.6248],[117.4851,-0.4982,5.6248],[117.4845,-0.4976,7.1476],[117.4841,-0.4958,9.0947],[117.4858,-0.4937,6.9079],[117.4842,-0.4961,9.0947],[117.4853,-0.4981,5.6248],[117.4844,-0.4994,5.6248],[117.4898,-0.4998,0.0],[117.4888,-0.4967,7.2325],[117.49,-0.4961,4.5472],[117.4906,-0.4974,6.2736],[117.492,-0.4966,1.293],[117.4912,-0.4962,4.5472],[117.4917,-0.4949,4.5472],[117.4899,-0.4953,8.5124],[117.4906,-0.4939,4.0767],[117.4891,-0.4944,7.3712],[117.4889,-0.4901,2.3286],[117.4899,-0.493,7.3712],[117.4893,-0.4941,7.3712],[117.491,-0.4935,4.0767],[117.491,-0.4945,4.0767],[117.4903,-0.4952,4.5472],[117.4918,-0.4946,4.5472],[117.4917,-0.496,4.5472],[117.4934,-0.4929,2.4987],[117.4931,-0.4906,2.3151],[117.4936,-0.4936,2.8939],[117.4958,-0.4919,2.0096],[117.4954,-0.4934,2.092],[117.4909,-0.498,6.1404],[117.4904,-0.4979,6.2736],[117.4898,-0.4964,7.2325],[117.4891,-0.4974,7.2325],[117.4909,-0.4997,0.5779],[117.4952,-0.4974,1.7604],[117.4942,-0.4988,1.9415],[117.4967,-0.5004,2.276],[117.4984,-0.5064,0.0],[117.5016,-0.5017,0.8116],[117.5081,-0.5015,2.358],[117.5106,-0.5028,3.5967],[117.5106,-0.5073,1.3475],[117.5121,-0.5077,1.3475],[117.5235,-0.5022,0.0],[117.536,-0.5,0.0],[117.5377,-0.4946,1.5927],[117.5334,-0.491,1.2003],[117.5304,-0.4967,1.0],[117.5278,-0.4966,1.1342],[117.5258,-0.4937,0.75],[117.5219,-0.4939,1.3784],[117.5198,-0.4958,1.0],[117.5192,-0.4947,1.0],[117.5247,-0.4925,1.4729],[117.5277,-0.4873,2.5716],[117.53095479452055,-0.488286301369862,0.6412],[117.5269,-0.4893,3.2534],[117.5281,-0.4951,1.0],[117.5309,-0.4952,1.0],[117.5326,-0.489,1.3989],[117.5396,-0.4944,2.0186],[117.5385,-0.4874,1.3251],[117.543,-0.4771,2.4898],[117.5464,-0.4765,4.1046],[117.5475,-0.4744,5.1785],[117.5508,-0.4739,1.2108],[117.5526,-0.4753,1.7531],[117.5483,-0.4746,5.5613],[117.5469,-0.4771,4.1046],[117.5435,-0.4773,3.4798],[117.5439,-0.4798,0.7606],[117.5421,-0.4806,1.123],[117.5392,-0.4884,1.4346],[117.5414,-0.4932,2.0684],[117.5383,-0.4999,0.0],[117.5668,-0.492,0.0],[117.5762,-0.4925,0.0],[117.5827,-0.4904,0.0],[117.5864,-0.4861,0.0],[117.5864,-0.4839,0.0],[117.583,-0.4817,0.0],[117.5753,-0.4835,1.775],[117.573,-0.4793,0.8418],[117.5689,-0.4796,4.7885],[117.5703,-0.4818,1.8401],[117.5681,-0.4877,10.4372],[117.5666,-0.4882,0.0],[117.5689,-0.4811,4.7885],[117.5672,-0.48,3.6117],[117.5675,-0.4778,2.1972],[117.5576,-0.4793,1.0],[117.5672,-0.4764,2.1972],[117.5686,-0.479,3.2648],[117.5707,-0.479,4.3837],[117.573,-0.4769,1.0],[117.5754,-0.4825,1.8443],[117.5839,-0.4808,3.805],[117.5892,-0.484,0.0],[117.5976,-0.4778,0.0],[117.5923,-0.4771,1.8425],[117.5902,-0.4745,1.5],[117.5924,-0.4688,2.0455],[117.5919,-0.4651,2.9769],[117.5844,-0.4644,9.1668],[117.5803,-0.4659,2.2317],[117.5719,-0.4644,1.0],[117.5718,-0.4678,1.1793],[117.5691,-0.469,1.9709],[117.5629,-0.4658,1.2311],[117.5573,-0.4706,6.7702],[117.5472,-0.4682,2.5664],[117.5451,-0.4716,2.4532],[117.5404,-0.4703,1.8487],[117.5349,-0.4711,2.4558],[117.5315,-0.4671,0.75],[117.5358,-0.4706,1.8789],[117.5402,-0.4689,1.2447],[117.5457,-0.4704,5.7306],[117.5478,-0.4669,4.9182],[117.5513,-0.4688,3.5832],[117.5489,-0.4646,0.75],[117.5525,-0.4627,2.1406],[117.554,-0.4581,1.8078],[117.556,-0.4578,9.6362],[117.5609,-0.4612,3.6961],[117.5612,-0.4547,2.4844],[117.5658,-0.4514,1.149],[117.5538,-0.4425,1.5558],[117.548,-0.4441,4.5799],[117.5328,-0.4575,3.9363],[117.5245,-0.4626,1.0],[117.5062,-0.469,8.1754],[117.5059,-0.4719,2.0394],[117.509,-0.4739,9.0543],[117.5064,-0.4781,9.2276],[117.4986,-0.4749,10.8157],[117.4969,-0.4764,9.8445],[117.4969,-0.4793,7.1437],[117.5,-0.4803,7.7663],[117.4972,-0.4804,7.6244],[117.4962,-0.4774,9.8445],[117.497,-0.4752,7.163],[117.4981,-0.4744,12.318],[117.5022,-0.4751,4.2524],[117.5046,-0.4771,9.9707],[117.5073,-0.4752,7.9242],[117.5039,-0.4712,8.7285],[117.4981,-0.4715,6.4452],[117.4913,-0.4796,3.1405],[117.4897,-0.4854,2.4513],[117.4858,-0.489,1.0951],[117.4671,-0.5006,8.1808],[117.469,-0.5045,3.3242],[117.466,-0.5084,4.1822],[117.4714,-0.5105,5.1904],[117.4721,-0.5128,2.9356],[117.4708,-0.5147,2.8375],[117.46858213256485,-0.513761671469743,6.4649],[117.4715,-0.5124,2.9356],[117.4706,-0.5103,5.1904],[117.4654,-0.5092,4.1822],[117.4677,-0.504,3.3242],[117.4656,-0.4996,8.1808],[117.462,-0.5,4.8771],[117.4393,-0.5186,1.0998],[117.4365,-0.5235,9.557],[117.4398,-0.5249,9.4054],[117.4375,-0.5262,6.9227],[117.4385,-0.5292,6.9949],[117.4366,-0.5318,4.3217],[117.4342,-0.5318,10.821],[117.4363,-0.5313,9.8101],[117.4365,-0.5299,5.1616],[117.438,-0.5295,5.3392],[117.4372,-0.5288,5.3392],[117.4368,-0.5261,6.9227],[117.4392,-0.5247,9.4054],[117.4361,-0.5238,10.4572],[117.4364,-0.521,0.0],[117.4331,-0.5241,8.5068],[117.4313,-0.5236,7.1524],[117.4231,-0.5282,7.5297],[117.4172,-0.5334,1.9528],[117.4148,-0.5399,1.0046],[117.4212,-0.5491,0.0],[117.4182,-0.5614,1.5399],[117.438,-0.5637,5.3762],[117.4454,-0.5618,1.731],[117.4389,-0.5622,5.4263],[117.4389,-0.5558,2.0151]],
[[117.46858213256485,-0.513761671469743,6.4649],[117.4685,-0.5138,6.4649],[117.468025,-0.513525961538477,6.4649],[117.46858213256485,-0.513761671469743,6.4649]],
[[117.468025,-0.513525961538477,6.4649],[117.4656,-0.5125,8.2514],[117.4595,-0.5139,3.3853],[117.4583,-0.5174,2.1604],[117.4552,-0.517,2.9689],[117.4533,-0.5191,3.026],[117.4572,-0.5243,0.6401],[117.453,-0.5217,7.2813],[117.4517,-0.5235,6.5181],[117.4539,-0.526,7.1856],[117.4503,-0.5293,4.4657],[117.4439,-0.5312,8.2372],[117.4534,-0.5259,7.1856],[117.4527,-0.5247,8.2945],[117.45,-0.526,5.31],[117.4527,-0.5214,4.4417],[117.4538,-0.5215,7.2813],[117.4552,-0.5228,1.6967],[117.4522,-0.5191,4.7173],[117.4479,-0.5183,3.6266],[117.452,-0.5185,4.7173],[117.4536,-0.5162,7.7763],[117.4578,-0.5171,2.1604],[117.4583,-0.5126,8.9608],[117.4605,-0.5129,7.7482],[117.4611,-0.5109,10.879],[117.4622,-0.512,6.9131],[117.4659,-0.5123,8.2514],[117.468025,-0.513525961538477,6.4649]],
[[117.53095479452055,-0.488286301369862,0.6412],[117.53098266666667,-0.488279333333332,0.6412],[117.531,-0.4883,0.6412],[117.53095479452055,-0.488286301369862,0.6412]],
[[117.53098266666667,-0.488279333333332,0.6412],[117.5284,-0.4852,2.0735],[117.5306,-0.4822,3.1443],[117.5296,-0.4843,1.3699],[117.5313,-0.4882,1.3989],[117.53098266666667,-0.488279333333332,0.6412]]],
[[[117.3465,-0.6889,6.1961],[117.3462,-0.6868,4.7439],[117.3418,-0.6839,5.5504],[117.3399,-0.685,6.9802],[117.3377,-0.6839,4.8088],[117.3394,-0.684,4.8088],[117.34,-0.6846,6.9802],[117.3418,-0.6833,5.5504],[117.3465,-0.6863,4.7439],[117.3525,-0.6826,0.0],[117.3437,-0.6773,9.6217],[117.3393,-0.6715,9.111],[117.3309,-0.6714,9.4918],[117.3282,-0.6683,7.1178],[117.3255,-0.6688,7.7395],[117.3256,-0.6719,9.3777],[117.3225,-0.6775,7.9466],[117.3253,-0.6714,8.9192],[117.3241,-0.6699,8.3661],[117.3241,-0.6677,7.6067],[117.322,-0.6671,9.6437],[117.3244,-0.6673,7.6067],[117.3257,-0.6684,7.7395],[117.3291,-0.6654,4.3007],[117.336,-0.6637,6.175],[117.3381,-0.6582,5.7034],[117.3354,-0.6554,4.1548],[117.3325,-0.6586,4.3906],[117.3279,-0.6601,7.6681],[117.3247,-0.6551,8.2553],[117.3204,-0.6553,7.865],[117.3227,-0.6538,8.048],[117.3243,-0.6545,4.6885],[117.3239,-0.6493,4.6131],[117.3203,-0.6487,5.606],[117.3197,-0.6476,3.3982],[117.3203,-0.6463,3.3982],[117.3225,-0.6461,6.2008],[117.3236,-0.6434,2.1951],[117.3201,-0.6398,4.6808],[117.322,-0.6358,2.9513],[117.3198,-0.6336,2.886],[117.3221,-0.6325,3.6427],[117.3085,-0.6172,3.3959],[117.3008,-0.6133,1.4808],[117.3,-0.6296,2.2914],[117.3038,-0.6431,0.0],[117.3045,-0.6347,3.6991],[117.3052,-0.6356,4.8308],[117.3044,-0.6478,0.0],[117.3068,-0.6621,1.2249],[117.315,-0.6793,0.0],[117.313,-0.6584,5.2413],[117.3111,-0.6556,4.5444],[117.3119,-0.647,5.7216],[117.3123,-0.6506,5.7769],[117.3118,-0.6555,4.5444],[117.3136,-0.6584,5.2413],[117.3157,-0.6796,0.0],[117.32,-0.6878,1.6012],[117.3242,-0.7177,1.6089],[117.3303,-0.7141,5.7406],[117.3265,-0.71,6.8798],[117.3265,-0.7067,4.1395],[117.329,-0.7062,9.2319],[117.3321,-0.7091,6.3535],[117.3338,-0.7079,7.125],[117.3316,-0.7041,6.4541],[117.3315,-0.7018,6.9977],[117.3346,-0.6956,8.1069],[117.3305,-0.6947,9.1461],[117.3311,-0.6978,7.944],[117.3299,-0.6948,9.1461],[117.3317,-0.6936,6.9404],[117.3299,-0.6932,7.8685],[117.329,-0.6912,7.7107],[117.3301,-0.692,8.5111],[117.33,-0.6929,8.5111],[117.3319,-0.6927,7.7099],[117.3329,-0.6947,8.6938],[117.3376,-0.6957,9.4456],[117.3387,-0.6985,9.0494],[117.3416,-0.6947,8.2052],[117.3391,-0.6989,9.0494],[117.3376,-0.6991,9.3534],[117.3379,-0.6967,8.9253],[117.3362,-0.6959,9.4456],[117.3321,-0.7009,5.2125],[117.3322,-0.7043,6.4541],[117.3345,-0.7074,7.125],[117.3337,-0.7093,5.8416],[117.332,-0.7098,9.8894],[117.3283,-0.7065,8.9623],[117.3268,-0.7073,4.1395],[117.3271,-0.7097,6.8798],[117.3306,-0.712,6.2443],[117.3318,-0.7149,8.9069],[117.3261,-0.7176,7.7918],[117.3265,-0.7221,5.9706],[117.3402,-0.7361,8.3391],[117.3388,-0.7378,9.9758],[117.3404,-0.7392,9.901],[117.3385,-0.7396,8.6656],[117.3373,-0.7446,11.2437],[117.332,-0.75,4.3946],[117.3338,-0.7582,0.0],[117.338,-0.763,1.064],[117.349,-0.769,5.0453],[117.3534,-0.7753,5.3043],[117.3542,-0.7796,4.1808],[117.3541,-0.7822,0.0],[117.3616,-0.8035,2.567],[117.3658,-0.8095,0.9365],[117.3775,-0.8199,0.0],[117.3826,-0.8284,3.2198],[117.3868,-0.8433,0.0],[117.3997,-0.8564,0.125],[117.4033,-0.8636,0.0],[117.4084,-0.8831,0.0],[117.416,-0.8862,2.8822],[117.4232,-0.8807,1.405],[117.4222,-0.8762,0.1549],[117.4153,-0.8719,1.095],[117.4191,-0.8651,0.25],[117.4129,-0.8645,1.8129],[117.4138,-0.8658,0.25],[117.41358,-0.866372,1.5727],[117.4126,-0.865,0.6186],[117.4131,-0.8641,1.8129],[117.4193,-0.8647,0.25],[117.4254,-0.8614,0.6927],[117.4262,-0.8579,2.2311],[117.4245,-0.8571,5.7735],[117.425,-0.8567,5.7735],[117.4257,-0.8573,5.7735],[117.4261,-0.8567,5.7735],[117.4247,-0.8535,1.3293],[117.4258,-0.854,1.3293],[117.4263,-0.8566,2.2311],[117.4291,-0.8569,2.1284],[117.428,-0.8594,1.6336],[117.4287,-0.8575,2.1284],[117.4264,-0.857,2.2311],[117.4268,-0.8631,1.1694],[117.4249,-0.867,3.306],[117.4279,-0.8683,4.4343],[117.4327,-0.8667,0.8661],[117.4329,-0.8693,1.1372],[117.4357,-0.8707,1.5919],[117.4374,-0.8754,1.5337],[117.4392,-0.8748,2.5621],[117.4391,-0.8756,2.5621],[117.4366,-0.8758,1.5337],[117.4369,-0.8784,1.1227],[117.4363,-0.8737,1.2921],[117.4334,-0.8757,1.6625],[117.4345,-0.8799,2.0164],[117.4359,-0.8808,2.0164],[117.4368,-0.8842,1.2551],[117.4396,-0.8825,2.6127],[117.4369,-0.8785,1.1227],[117.4381,-0.8795,1.1227],[117.4399,-0.8825,2.6127],[117.4379,-0.8844,1.2551],[117.4352,-0.8858,0.8905],[117.4363,-0.8892,1.9577],[117.4422,-0.8892,5.6847],[117.4458,-0.8853,0.0],[117.4464,-0.8793,2.7528],[117.4365,-0.8641,0.0],[117.4343,-0.8544,1.4082],[117.4343,-0.8446,2.6692],[117.4307,-0.8437,1.6531],[117.4314,-0.8462,3.835],[117.4294,-0.8489,1.5474],[117.4294,-0.8485,1.5474],[117.4311,-0.8464,1.4341],[117.4304,-0.8439,1.6531],[117.4186,-0.8432,1.9711],[117.4035,-0.8379,1.1141],[117.4032,-0.8433,0.5],[117.4045,-0.846,2.7716],[117.4059,-0.8461,5.5674],[117.4058,-0.8446,5.5674],[117.4069,-0.8441,3.6159],[117.4065,-0.8457,5.5674],[117.4075,-0.8452,5.5674],[117.4081,-0.8453,1.6223],[117.4082,-0.8459,1.6223],[117.4066,-0.8471,2.3206],[117.4067,-0.8463,2.3206],[117.4081,-0.8457,1.6223],[117.4064,-0.846,5.5674],[117.4066,-0.8443,3.6159],[117.4059,-0.8463,2.3206],[117.4017,-0.8466,4.3006],[117.4014,-0.8476,0.631],[117.4027,-0.8472,4.3006],[117.4041,-0.848,1.7437],[117.4043,-0.8493,1.7437],[117.403,-0.8503,0.5],[117.4053,-0.8517,2.3535],[117.4049,-0.8531,0.5],[117.4073,-0.8527,0.689],[117.4079,-0.8546,3.7736],[117.409,-0.8533,3.0447],[117.4076,-0.856,0.5],[117.4088,-0.8564,1.288],[117.4075,-0.8563,0.5],[117.4072,-0.8531,1.9279],[117.406,-0.8538,1.9279],[117.405,-0.8534,0.5],[117.4028,-0.8505,0.5],[117.4029,-0.8499,0.5],[117.4041,-0.8492,1.7437],[117.4039,-0.8481,1.7437],[117.4029,-0.8474,4.3006],[117.4017,-0.848,0.8387],[117.4012,-0.8476,0.631],[117.4012,-0.847,0.631],[117.4015,-0.8465,4.3006],[117.4041,-0.846,2.7716],[117.4028,-0.8434,0.5],[117.4031,-0.838,0.9731],[117.3984,-0.8389,1.3172],[117.3995,-0.8394,0.8986],[117.3996,-0.84,0.6243],[117.3975,-0.8439,0.5],[117.398,-0.8415,1.5303],[117.3992,-0.8395,1.3172],[117.3909,-0.8368,1.7356],[117.3904,-0.8359,0.571],[117.3942,-0.83,1.1945],[117.3931,-0.8272,1.6123],[117.3914,-0.8287,2.2992],[117.3897,-0.8274,1.421],[117.3915,-0.8281,2.2992],[117.3925,-0.8266,1.6123],[117.3922,-0.8253,1.3594],[117.3929,-0.8245,1.802],[117.3911,-0.8228,0.1472],[117.3939,-0.8251,3.1897],[117.3953,-0.8242,1.8078],[117.3942,-0.8253,3.1897],[117.3925,-0.8255,1.3594],[117.3947,-0.8306,1.1945],[117.3967,-0.8304,1.941],[117.3985,-0.8315,3.4409],[117.3977,-0.8318,3.4409],[117.3966,-0.8308,1.941],[117.3962,-0.8317,4.2129],[117.3943,-0.8312,1.1945],[117.3908,-0.8365,1.7356],[117.3936,-0.8367,1.6192],[117.3978,-0.8388,1.3172],[117.4013,-0.8373,0.8141],[117.4035,-0.8372,1.1141],[117.4109,-0.8398,0.9991],[117.3983,-0.8035,0.25],[117.3953,-0.8056,2.332],[117.3978,-0.8085,2.7944],[117.3975,-0.8102,1.3279],[117.393,-0.8134,1.6255],[117.3893,-0.8116,3.9709],[117.392,-0.8148,3.272],[117.3876,-0.8185,0.3131],[117.3857,-0.8176,2.6699],[117.3864,-0.8154,5.096],[117.3838,-0.8168,3.1353],[117.3845,-0.8155,1.39],[117.3858,-0.8151,5.096],[117.3848,-0.8125,1.07],[117.3813,-0.8126,1.8441],[117.3826,-0.8091,0.125],[117.3783,-0.8103,0.5],[117.376,-0.8088,3.564],[117.3741,-0.8103,2.7049],[117.3746,-0.8093,3.228],[117.3762,-0.8085,3.564],[117.3776,-0.8087,0.6879],[117.3781,-0.8097,0.5],[117.377,-0.8063,1.4579],[117.3781,-0.8072,1.4579],[117.3806,-0.8057,2.2255],[117.3776,-0.8003,1.5813],[117.3791,-0.8007,3.3738],[117.3809,-0.8035,1.5965],[117.3811,-0.8051,5.918],[117.3843,-0.8044,3.0717],[117.3855,-0.8015,2.9677],[117.3832,-0.8018,5.2042],[117.3813,-0.7979,5.5686],[117.3836,-0.7962,3.869],[117.3831,-0.7973,2.0977],[117.3818,-0.7981,4.4148],[117.3819,-0.7987,4.4148],[117.3831,-0.799,1.1764],[117.3835,-0.8011,1.4849],[117.3858,-0.8012,1.7588],[117.3877,-0.8039,5.845],[117.389,-0.8027,6.6692],[117.3889,-0.8041,5.845],[117.3874,-0.8044,5.845],[117.3857,-0.8031,6.5786],[117.3836,-0.806,5.2179],[117.3814,-0.8054,5.918],[117.3785,-0.8083,0.6879],[117.383,-0.8088,7.9867],[117.383,-0.8105,4.5173],[117.3816,-0.8119,1.8441],[117.3851,-0.8117,3.424],[117.3875,-0.8153,3.6179],[117.3864,-0.8176,2.6699],[117.3876,-0.8177,0.8849],[117.3913,-0.8149,3.272],[117.3887,-0.8126,4.0889],[117.3891,-0.8109,5.4845],[117.3925,-0.8126,1.7243],[117.3971,-0.8095,4.8316],[117.3946,-0.8053,4.5996],[117.397,-0.8015,0.25],[117.3908,-0.7792,1.0141],[117.388,-0.7769,0.6788],[117.3807,-0.7809,2.6463],[117.3829,-0.7846,7.2742],[117.3804,-0.781,2.6463],[117.374,-0.7812,0.0],[117.3736,-0.7822,0.5],[117.3738,-0.7849,2.0664],[117.3733,-0.7864,1.2556],[117.3694,-0.7912,1.5859],[117.3695,-0.7937,3.3996],[117.3721,-0.7961,1.125],[117.3692,-0.7942,3.3996],[117.3692,-0.7896,1.5859],[117.3676,-0.7884,2.2227],[117.3701,-0.789,4.1248],[117.3735,-0.7849,2.0664],[117.3712,-0.7732,0.0],[117.3685,-0.771,3.781],[117.3706,-0.7716,0.0],[117.3711,-0.7726,0.0],[117.3737,-0.7685,0.9322],[117.3754,-0.7673,3.7639],[117.3761,-0.7673,3.7639],[117.378,-0.7673,11.1033],[117.3783,-0.7665,11.1033],[117.3777,-0.764,2.8702],[117.3723,-0.7592,0.5866],[117.3713,-0.7495,1.0821],[117.3674,-0.7483,1.9305],[117.3677,-0.7574,0.0],[117.3664,-0.7589,1.3555],[117.3638,-0.7578,1.2982],[117.363,-0.7543,0.0],[117.3599,-0.7543,0.0],[117.3548,-0.7559,1.0248],[117.3587,-0.7571,1.2719],[117.3598,-0.7606,2.6843],[117.3566,-0.7591,0.7046],[117.3522,-0.7605,0.9347],[117.35,-0.7585,1.8046],[117.3484,-0.7592,1.8046],[117.3478,-0.7626,3.6548],[117.3508,-0.7621,2.4804],[117.3514,-0.764,3.9952],[117.3509,-0.7663,1.5127],[117.3539,-0.7648,3.7942],[117.3544,-0.7661,0.8401],[117.3536,-0.7651,3.7942],[117.3518,-0.7665,1.5127],[117.3508,-0.7664,1.5127],[117.3505,-0.7655,2.0665],[117.3513,-0.7641,3.9952],[117.3508,-0.7623,2.4804],[117.3479,-0.763,1.0],[117.3475,-0.7625,3.6548],[117.3471,-0.7613,3.6548],[117.3482,-0.7585,1.8046],[117.3497,-0.7577,1.6882],[117.3486,-0.7552,3.0552],[117.3464,-0.756,2.2072],[117.3457,-0.7557,2.9198],[117.3451,-0.7529,2.3411],[117.3461,-0.7534,0.75],[117.3462,-0.7536,0.75],[117.346,-0.7558,2.2072],[117.3474,-0.7548,2.2072],[117.3486,-0.7549,3.0552],[117.3519,-0.7599,1.1002],[117.3582,-0.7579,0.4777],[117.3538,-0.7562,1.3854],[117.357,-0.754,0.25],[117.3555,-0.7495,1.2068],[117.3562,-0.7471,0.599],[117.3587,-0.7467,0.5871],[117.357,-0.7439,1.1676],[117.3543,-0.7429,1.4022],[117.3512,-0.7445,0.375],[117.3511,-0.7422,0.7675],[117.3595,-0.7417,0.0],[117.3546,-0.7342,2.3554],[117.3511,-0.7336,0.821],[117.3491,-0.7313,3.0417],[117.3519,-0.7334,0.821],[117.3538,-0.7331,2.6478],[117.3534,-0.7313,1.0],[117.3569,-0.7368,1.2911],[117.3606,-0.7377,0.25],[117.3613,-0.7345,0.8755],[117.3581,-0.7329,1.4924],[117.3582,-0.7302,1.2251],[117.3587,-0.7326,1.5428],[117.3606,-0.7331,0.8755],[117.3628,-0.7292,1.7619],[117.3612,-0.7378,0.25],[117.3602,-0.7382,0.0],[117.3586,-0.7373,1.8057],[117.3608,-0.7412,0.7601],[117.3585,-0.7431,1.1563],[117.3602,-0.7469,0.5871],[117.3563,-0.7493,0.5088],[117.3582,-0.7529,0.0],[117.3632,-0.7525,6.0322],[117.3657,-0.7568,0.0],[117.3664,-0.7474,0.8605],[117.37,-0.7471,0.0],[117.374,-0.7504,1.7458],[117.3776,-0.7491,7.566],[117.3807,-0.7388,4.1994],[117.3879,-0.7389,1.8508],[117.3891,-0.7373,8.556],[117.3863,-0.7306,9.0971],[117.3814,-0.7256,1.5046],[117.3808,-0.7367,9.641],[117.3744,-0.7433,8.1483],[117.3805,-0.7367,9.641],[117.3803,-0.7247,4.4012],[117.3743,-0.7179,0.0],[117.3642,-0.7206,6.093],[117.361,-0.7169,1.1429],[117.3602,-0.711,8.0708],[117.3573,-0.7093,4.1889],[117.3534,-0.709,4.6912],[117.3509,-0.7111,1.794],[117.3522,-0.716,9.7785],[117.3506,-0.7181,7.9828],[117.3445,-0.7193,4.7897],[117.3424,-0.7214,8.2634],[117.3408,-0.7209,6.9757],[117.34,-0.7191,8.5434],[117.3397,-0.7201,7.9251],[117.3396,-0.7186,9.1281],[117.3417,-0.7207,6.9757],[117.3438,-0.7187,9.2155],[117.3501,-0.7176,4.3741],[117.3497,-0.7113,8.8032],[117.3529,-0.7086,4.6912],[117.3568,-0.7086,4.1889],[117.3612,-0.7106,1.4106],[117.3643,-0.7068,8.2677],[117.3625,-0.7049,4.313],[117.3573,-0.7036,6.9944],[117.3563,-0.6966,1.8484],[117.3534,-0.6977,6.5276],[117.351,-0.6966,6.5561],[117.3484,-0.6994,6.9931],[117.3505,-0.6963,6.5561],[117.3531,-0.6973,6.5276],[117.3543,-0.6961,4.0724],[117.3483,-0.6939,6.2054],[117.3473,-0.6923,6.6308],[117.3465,-0.6889,6.1961]],
[[117.41358,-0.866372,1.5727],[117.4136,-0.8664,1.5727],[117.4135,-0.86658,1.5727],[117.41358,-0.866372,1.5727]],
[[117.4135,-0.86658,1.5727],[117.4128,-0.8684,2.3843],[117.4093,-0.8692,1.7413],[117.4094,-0.8714,1.0735],[117.409,-0.8688,1.7413],[117.4096,-0.8677,0.6586],[117.4126,-0.8682,2.3843],[117.4135,-0.86658,1.5727]]],
[[[117.5076,-0.6628,1.2285],[117.4994,-0.6639,0.6789],[117.4945,-0.6603,0.0],[117.4898,-0.6502,0.5],[117.4841,-0.6496,0.5],[117.4831,-0.6525,0.0],[117.4873,-0.6599,0.0],[117.4913,-0.6619,1.5755],[117.4928,-0.6665,2.7292],[117.4985,-0.6696,0.6465],[117.5,-0.6756,2.9224],[117.4982,-0.6767,0.0],[117.4953,-0.6739,3.4504],[117.4935,-0.6745,1.3284],[117.4938,-0.681,0.8577],[117.4905,-0.6823,0.9122],[117.4895,-0.6845,0.9537],[117.49,-0.6828,0.9122],[117.4866,-0.6825,0.2183],[117.4933,-0.681,0.8577],[117.4931,-0.6751,0.7103],[117.4915,-0.6765,0.0],[117.4904,-0.675,0.0],[117.4919,-0.6759,0.0],[117.4931,-0.6729,2.537],[117.4987,-0.6754,2.9224],[117.4977,-0.6705,3.7979],[117.4927,-0.6674,2.7292],[117.4901,-0.6618,1.5755],[117.4869,-0.6612,0.0],[117.4775,-0.6727,0.0],[117.47904384384384,-0.67302042042042,1.3685],[117.4758,-0.6742,0.0],[117.4723,-0.6808,1.6834],[117.4729,-0.6859,0.0],[117.4884,-0.6928,1.0245],[117.4989,-0.6938,0.0],[117.5261,-0.6869,2.3766],[117.5288,-0.6703,0.5],[117.5198,-0.6569,0.0],[117.5128,-0.659,0.0],[117.5076,-0.6628,1.2285]],
[[117.47904384384384,-0.67302042042042,1.3685],[117.4791,-0.673,1.3685],[117.4790881533101,-0.673029616724738,1.3685],[117.47904384384384,-0.67302042042042,1.3685]],
[[117.4790881533101,-0.673029616724738,1.3685],[117.4828,-0.6738,1.6578],[117.4823,-0.6781,1.1257],[117.4825,-0.6744,1.6578],[117.4799,-0.6741,1.9096],[117.4793,-0.6763,0.5248],[117.4781,-0.6755,3.4116],[117.4790881533101,-0.673029616724738,1.3685]]],
[[[117.4897,-0.6273,1.2191],[117.4784,-0.6256,1.9102],[117.4625,-0.6264,1.0559],[117.4587,-0.6315,0.8952],[117.4676,-0.6458,2.2222],[117.4717,-0.6433,4.2303],[117.4742,-0.6393,2.5537],[117.4742,-0.6413,7.6841],[117.4683,-0.6463,3.5177],[117.4701,-0.6478,4.7565],[117.4683,-0.6477,3.5177],[117.4687,-0.6508,1.0512],[117.4718,-0.6589,0.4075],[117.4784,-0.6653,4.6905],[117.4825,-0.6636,0.25],[117.4845,-0.6601,0.0],[117.4803,-0.6544,1.6108],[117.4805,-0.6519,6.2777],[117.4777,-0.6498,3.024],[117.4808,-0.651,2.8627],[117.4885,-0.6452,2.6118],[117.48644562910562,-0.641286912582111,3.3732],[117.4882,-0.6423,3.544],[117.489,-0.647,0.6045],[117.4925,-0.65,0.375],[117.5001,-0.6615,0.0],[117.505,-0.6597,1.0285],[117.507,-0.6548,1.5395],[117.5123,-0.6499,0.5],[117.5111,-0.6426,1.9595],[117.5013,-0.642,0.6161],[117.4988,-0.6398,1.4911],[117.4976,-0.637,2.7281],[117.4986,-0.6264,1.9277],[117.4897,-0.6273,1.2191]],
[[117.48644562910562,-0.641286912582111,3.3732],[117.4811,-0.6382,5.0708],[117.4864,-0.6412,1.4484],[117.48644562910562,-0.641286912582111,3.3732]]],
[[[117.286,-0.5852,0.0],[117.2941,-0.5972,0.5811],[117.2995,-0.6013,4.9106],[117.3039,-0.6084,0.0],[117.3218,-0.6272,2.5483],[117.3281,-0.6303,3.0156],[117.322,-0.6236,5.1099],[117.321,-0.6201,4.2445],[117.3146,-0.6142,3.2001],[117.3135,-0.6079,6.4187],[117.315,-0.6136,3.2001],[117.3205,-0.6183,6.6924],[117.3233,-0.6243,7.0405],[117.3287,-0.6304,3.0156],[117.3398,-0.6343,5.4487],[117.3309,-0.6272,5.8275],[117.3318,-0.6241,6.6676],[117.329,-0.617,6.6654],[117.3245,-0.6179,8.6786],[117.322,-0.6132,7.2186],[117.3247,-0.615,7.4276],[117.3251,-0.6175,8.6786],[117.3292,-0.6164,6.6654],[117.3323,-0.6232,6.6676],[117.3317,-0.6271,7.5603],[117.3408,-0.6342,5.4487],[117.3474,-0.636,4.7019],[117.346,-0.6325,3.3008],[117.3417,-0.6291,7.9983],[117.3436,-0.6271,5.4546],[117.3468,-0.6272,4.2235],[117.3528,-0.6329,7.0129],[117.3573,-0.6408,1.3359],[117.3681,-0.6439,1.8793],[117.3671,-0.6459,3.6196],[117.3607,-0.6469,8.0496],[117.3615,-0.65,3.519],[117.3646,-0.6523,5.5402],[117.367,-0.6529,9.0001],[117.3688,-0.6512,6.1865],[117.3727,-0.6311,2.8591],[117.3742,-0.6305,2.8591],[117.381,-0.6341,3.7357],[117.3851,-0.632,1.4719],[117.3842,-0.6236,7.4271],[117.3814,-0.6209,1.7929],[117.3767,-0.6241,4.1611],[117.3731,-0.6232,8.657],[117.3723,-0.6213,5.8598],[117.3696,-0.6216,1.3644],[117.3683,-0.6244,7.2195],[117.3643,-0.6247,6.9031],[117.3639,-0.6267,6.3567],[117.3614,-0.6277,6.1373],[117.3621,-0.6311,8.0517],[117.3608,-0.6287,8.2108],[117.3616,-0.6264,6.1373],[117.3643,-0.6241,6.4711],[117.3679,-0.6235,7.2195],[117.3645,-0.6166,6.2652],[117.3623,-0.6194,4.4995],[117.3541,-0.6193,5.6619],[117.3571,-0.6215,6.895],[117.3574,-0.6235,5.9229],[117.3562,-0.6247,8.7819],[117.3531,-0.6223,6.255],[117.3524,-0.624,6.6592],[117.3508,-0.624,6.1633],[117.3514,-0.6219,7.2609],[117.3492,-0.6235,7.0818],[117.3514,-0.6215,7.2609],[117.3517,-0.6223,7.2609],[117.3511,-0.6238,6.1633],[117.3533,-0.6219,6.255],[117.3562,-0.6243,5.9229],[117.357,-0.6228,6.895],[117.3533,-0.6205,5.3408],[117.3535,-0.6176,8.1573],[117.3616,-0.6189,4.4995],[117.3624,-0.6186,6.4366],[117.3638,-0.6163,6.0345],[117.3646,-0.6159,6.9052],[117.3677,-0.6212,3.4035],[117.3729,-0.6205,3.9611],[117.3688,-0.6136,4.5362],[117.3732,-0.6119,4.7238],[117.3738,-0.6078,3.0531],[117.3696,-0.6054,5.8263],[117.3666,-0.6056,5.162],[117.3691,-0.6075,6.408],[117.369,-0.6095,2.8809],[117.3668,-0.6136,6.307],[117.3648,-0.6147,6.9052],[117.3577,-0.611,11.5106],[117.358,-0.6096,11.5106],[117.3617,-0.6083,6.7161],[117.3612,-0.6049,6.3016],[117.358,-0.6063,8.6103],[117.3572,-0.6085,8.8932],[117.3509,-0.6083,7.8226],[117.3491,-0.6062,7.1738],[117.3463,-0.6065,8.8777],[117.3453,-0.6083,6.4176],[117.3482,-0.6118,8.046],[117.3439,-0.6133,5.6512],[117.3412,-0.6038,7.8533],[117.3378,-0.6019,8.092],[117.3376,-0.5991,5.4562],[117.3356,-0.5979,6.9415],[117.34,-0.5993,6.5809],[117.3467,-0.5977,7.6516],[117.3424,-0.5995,6.0084],[117.3385,-0.5997,7.3517],[117.3379,-0.6005,7.3517],[117.3415,-0.6032,7.8533],[117.3444,-0.6131,5.6512],[117.3475,-0.6115,6.7718],[117.345,-0.6089,6.4176],[117.3452,-0.6066,5.136],[117.3488,-0.6058,7.1738],[117.3509,-0.6079,6.7104],[117.3569,-0.6082,8.8932],[117.3576,-0.606,10.8872],[117.3608,-0.6043,9.4632],[117.3625,-0.6055,10.1775],[117.3625,-0.6078,10.2941],[117.358,-0.6111,11.5106],[117.3651,-0.6145,8.7707],[117.3682,-0.61,11.1291],[117.366,-0.6052,7.2397],[117.3683,-0.6047,5.162],[117.3724,-0.6061,4.0398],[117.3748,-0.608,5.3265],[117.3746,-0.6105,9.1168],[117.3733,-0.6126,4.7238],[117.3695,-0.6145,4.5362],[117.3733,-0.6184,5.617],[117.3749,-0.6222,4.5792],[117.3768,-0.6227,5.4334],[117.382,-0.6199,1.7929],[117.3855,-0.6238,2.2415],[117.3872,-0.6309,4.9372],[117.3949,-0.6291,0.9338],[117.4124,-0.6369,0.9881],[117.4145,-0.6411,0.375],[117.4133,-0.6472,0.0],[117.4211,-0.6453,0.0],[117.4241,-0.6498,0.5002],[117.425,-0.6565,1.5117],[117.4335,-0.6545,3.557],[117.4402,-0.6599,0.0],[117.4383,-0.6542,2.8744],[117.4395,-0.6519,1.4326],[117.4361,-0.6505,0.8511],[117.4368,-0.6476,1.6066],[117.433,-0.6495,2.1846],[117.4268,-0.647,6.0711],[117.4331,-0.6489,2.1846],[117.4374,-0.6453,5.1446],[117.4352,-0.6446,1.1757],[117.43708976377953,-0.643371653543316,6.5981],[117.4358,-0.6446,1.1757],[117.4376,-0.6444,6.5981],[117.4379,-0.6453,5.1446],[117.4371,-0.6465,1.6066],[117.4425,-0.6509,2.5563],[117.4477,-0.6507,2.9824],[117.4511,-0.6486,3.4202],[117.4502,-0.6463,3.2086],[117.4519,-0.6469,3.9085],[117.452,-0.6454,2.794],[117.4543,-0.645,3.3038],[117.4524,-0.6474,3.9085],[117.4506,-0.6465,3.2086],[117.4517,-0.648,3.4202],[117.4516,-0.649,3.4202],[117.4473,-0.6516,4.2585],[117.4417,-0.6513,2.4157],[117.437,-0.6485,5.4435],[117.4366,-0.6501,2.7517],[117.4402,-0.6513,1.4326],[117.4393,-0.6546,3.8441],[117.4419,-0.6608,4.1395],[117.45,-0.6633,2.9174],[117.4511,-0.6625,1.2985],[117.449,-0.6628,4.3668],[117.4491,-0.6611,2.3002],[117.4525,-0.6578,3.7211],[117.4508,-0.6565,1.7633],[117.4523,-0.6567,3.7211],[117.4531,-0.6581,0.5],[117.4492,-0.6623,4.3668],[117.4516,-0.6623,1.2985],[117.4502,-0.664,2.9174],[117.4554,-0.6671,4.269],[117.4551,-0.664,2.1227],[117.4576,-0.6638,0.952],[117.4562,-0.6608,0.5],[117.4586,-0.6598,4.3651],[117.4606,-0.6605,1.9836],[117.4615,-0.6624,2.3285],[117.4589,-0.6611,4.3651],[117.4587,-0.6601,4.3651],[117.4567,-0.6611,0.5],[117.4581,-0.6641,0.952],[117.4554,-0.6643,2.1227],[117.456,-0.6665,4.269],[117.4555,-0.6678,4.269],[117.4625,-0.6814,0.0],[117.4689,-0.6817,0.0],[117.4701,-0.6794,4.1627],[117.4681,-0.6776,1.3777],[117.4705,-0.6791,4.1627],[117.4724,-0.6761,4.4065],[117.4735,-0.6717,3.5076],[117.4708,-0.6711,2.9356],[117.4692,-0.6694,3.6289],[117.4695,-0.6685,4.2372],[117.4674,-0.6691,3.6289],[117.4691,-0.668,3.6289],[117.4703,-0.6685,4.2372],[117.4699,-0.667,0.8859],[117.4707,-0.6691,4.2372],[117.4695,-0.6693,4.2372],[117.4739,-0.6712,6.3904],[117.4755,-0.666,0.0],[117.4676,-0.6539,0.0],[117.466,-0.6545,1.1953],[117.4671,-0.6511,1.6547],[117.465,-0.6443,1.68],[117.4614,-0.6388,0.9033],[117.4602,-0.6393,1.2029],[117.4609,-0.638,1.2029],[117.4587,-0.635,2.3918],[117.4434,-0.6328,0.0],[117.4442,-0.6358,4.4018],[117.4426,-0.639,2.1295],[117.4439,-0.636,4.4018],[117.442,-0.6329,0.0],[117.4357,-0.6331,2.7018],[117.432,-0.6297,2.678],[117.4308,-0.6316,1.3991],[117.4269,-0.6327,2.3219],[117.42505833333334,-0.63645416666665,5.9486],[117.4268,-0.6321,2.3219],[117.4306,-0.6311,2.678],[117.4319,-0.6271,2.0185],[117.4311,-0.6234,1.2459],[117.4268,-0.6291,0.7339],[117.4228,-0.6307,1.2749],[117.4201,-0.6297,8.1766],[117.4186,-0.6248,7.9437],[117.4112,-0.6184,7.5617],[117.4073,-0.618,1.1512],[117.4046,-0.6224,2.3037],[117.399,-0.6178,3.8555],[117.3978,-0.6231,7.5984],[117.3953,-0.6242,5.7029],[117.3917,-0.622,0.464],[117.3914,-0.6199,3.8393],[117.3937,-0.6161,4.5787],[117.3905,-0.6144,1.185],[117.3909,-0.6193,4.9997],[117.3881,-0.6206,3.0444],[117.3817,-0.6159,2.0358],[117.3825,-0.6136,4.952],[117.3857,-0.6156,4.9987],[117.3878,-0.6146,5.6952],[117.386,-0.6094,4.0669],[117.3834,-0.609,2.1981],[117.3822,-0.613,4.952],[117.3775,-0.612,6.6621],[117.3776,-0.6098,3.0532],[117.3801,-0.6093,5.598],[117.3805,-0.6076,5.3163],[117.375,-0.6073,5.52],[117.3753,-0.6042,5.3523],[117.3727,-0.6056,5.6606],[117.3692,-0.6029,8.7621],[117.3685,-0.5995,9.3223],[117.3697,-0.5998,9.2418],[117.3696,-0.6026,8.7621],[117.3719,-0.6034,6.6592],[117.3732,-0.6051,5.6606],[117.3757,-0.6036,5.3523],[117.3756,-0.6068,5.52],[117.3811,-0.6071,8.8353],[117.3806,-0.6095,5.598],[117.3779,-0.6106,3.0532],[117.3792,-0.6123,8.4688],[117.3822,-0.6124,7.3812],[117.3836,-0.6077,5.7734],[117.3867,-0.6088,4.0669],[117.3882,-0.6149,5.6952],[117.3862,-0.6163,6.2221],[117.3827,-0.6143,4.952],[117.383,-0.6166,5.6819],[117.386,-0.6174,6.2221],[117.3893,-0.62,3.1181],[117.3905,-0.6179,4.4763],[117.3894,-0.6141,1.185],[117.3938,-0.6146,4.5787],[117.3945,-0.6177,5.5014],[117.3919,-0.6208,3.8393],[117.3953,-0.6236,5.7029],[117.3977,-0.6215,5.4174],[117.3985,-0.6167,3.8555],[117.401,-0.6178,2.4668],[117.4043,-0.6213,2.3037],[117.407,-0.6174,1.806],[117.4133,-0.6175,6.4965],[117.4159,-0.6146,2.8239],[117.4109,-0.6128,7.0161],[117.4112,-0.6083,8.9458],[117.4099,-0.6067,6.8328],[117.4055,-0.6125,7.1613],[117.4032,-0.6116,9.8913],[117.4017,-0.6072,4.3988],[117.3988,-0.6109,3.1843],[117.3956,-0.6121,3.1632],[117.3881,-0.6088,2.2611],[117.3869,-0.6036,5.9127],[117.393,-0.6052,3.4653],[117.395,-0.6001,11.7318],[117.394,-0.5976,3.3553],[117.3916,-0.5965,3.9198],[117.3909,-0.6024,4.8171],[117.3847,-0.6022,0.8615],[117.3837,-0.6002,1.0792],[117.3866,-0.5952,7.1943],[117.385,-0.5921,3.754],[117.3825,-0.5923,0.9617],[117.3833,-0.5965,3.4161],[117.3815,-0.5995,1.5221],[117.3789,-0.5991,3.3019],[117.3795,-0.5941,1.1854],[117.3774,-0.5925,3.4198],[117.3734,-0.593,6.8619],[117.3717,-0.5981,8.8325],[117.3714,-0.5968,3.9901],[117.3726,-0.5927,4.8908],[117.3712,-0.5904,2.0175],[117.3765,-0.5876,4.7743],[117.377,-0.5852,3.9723],[117.3684,-0.5859,0.0],[117.3543,-0.5944,6.8962],[117.3468,-0.5976,7.6516],[117.357,-0.5925,7.8929],[117.3634,-0.5871,1.6452],[117.3443,-0.5896,5.9229],[117.3253,-0.5807,1.6264],[117.322,-0.5828,3.6335],[117.3242,-0.5808,1.6264],[117.3228,-0.5798,4.2218],[117.3063,-0.5771,0.0],[117.2869,-0.5816,1.6391],[117.2847,-0.583,2.0298],[117.286,-0.5852,0.0]],
[[117.42505833333334,-0.63645416666665,5.9486],[117.4248,-0.6371,5.9486],[117.42474218472469,-0.637098623445826,5.9486],[117.42505833333334,-0.63645416666665,5.9486]],
[[117.42474218472469,-0.637098623445826,5.9486],[117.4243,-0.638,2.0391],[117.4198,-0.6382,2.0145],[117.4206,-0.637,4.5528],[117.42474218472469,-0.637098623445826,5.9486]],
[[117.43708976377953,-0.643371653543316,6.5981],[117.43718063829787,-0.643285106382977,6.5981],[117.4372,-0.6433,6.5981],[117.43708976377953,-0.643371653543316,6.5981]],
[[117.43718063829787,-0.643285106382977,6.5981],[117.4359,-0.6423,2.213],[117.4371,-0.6403,4.4788],[117.4373,-0.6414,5.2128],[117.4364,-0.6422,2.213],[117.4379,-0.6426,5.2128],[117.43718063829787,-0.643285106382977,6.5981]]],
[[[117.0196,-1.139,3.3137],[117.0226,-1.1401,4.61],[117.0322,-1.1302,2.2087],[117.0494,-1.1209,5.155],[117.0548,-1.113,1.6755],[117.0582,-1.1115,2.0131],[117.0599,-1.1071,3.7629],[117.0647,-1.1062,3.4101],[117.0676,-1.0972,11.1013],[117.0707,-1.0956,5.3501],[117.0729,-1.091,9.9227],[117.074,-1.0915,3.0357],[117.0762,-1.0888,11.5118],[117.0786,-1.0832,18.6522],[117.098,-1.0586,1.9963],[117.1005,-1.0492,8.1298],[117.1044,-1.045,3.69],[117.1101,-1.0331,6.1263],[117.1165,-1.0258,0.2218],[117.1196,-1.0161,7.0851],[117.1267,-1.0107,4.0982],[117.1409,-0.995,3.7426],[117.1497,-0.9802,4.0351],[117.1546,-0.9755,0.0],[117.153,-0.9738,2.8915],[117.1566,-0.9761,0.0],[117.1561,-0.9706,3.8412],[117.1631,-0.9643,0.3695],[117.1645,-0.9601,2.6974],[117.1773,-0.9447,1.0827],[117.2052,-0.9267,2.205],[117.2074,-0.9271,0.0],[117.2246,-0.9201,0.0],[117.2475,-0.9095,0.0],[117.2491,-0.905,2.1036],[117.2513,-0.8453,0.0],[117.25,-0.8313,0.7813],[117.2533,-0.8113,0.9697],[117.2495,-0.8061,0.0],[117.2445,-0.8029,2.7116],[117.2337,-0.8004,2.509],[117.2301,-0.8005,1.5982],[117.2295,-0.8029,6.2314],[117.2292,-0.8003,1.5982],[117.2122,-0.8007,3.7452],[117.2035,-0.7944,2.0729],[117.197,-0.7949,8.9055],[117.1907,-0.7926,3.7842],[117.1855,-0.7854,0.0],[117.1806,-0.7822,7.1094],[117.1815,-0.7792,1.3848],[117.1839,-0.7789,0.5],[117.1906,-0.7891,1.9622],[117.2046,-0.7902,0.0],[117.2173,-0.7971,0.0],[117.225,-0.7939,1.3051],[117.2342,-0.7939,0.0],[117.2409,-0.7959,1.1602],[117.2572,-0.8047,0.0],[117.2625,-0.8044,4.5413],[117.2612,-0.8001,9.6865],[117.2638,-0.7963,6.8375],[117.2599,-0.7984,10.0543],[117.2577,-0.7951,4.2667],[117.2532,-0.7994,5.6088],[117.25,-0.7976,4.7801],[117.2533,-0.7986,5.0294],[117.255,-0.7961,10.7355],[117.258,-0.7944,7.433],[117.2603,-0.7973,2.5304],[117.2625,-0.7955,2.1581],[117.2648,-0.796,4.8556],[117.2665,-0.791,7.1073],[117.2651,-0.7897,8.262],[117.2653,-0.7883,5.5955],[117.2665,-0.7874,2.4892],[117.2686,-0.7877,6.2773],[117.2696,-0.7888,7.9098],[117.2707,-0.7875,8.3681],[117.2718,-0.7884,7.957],[117.2722,-0.7859,8.5962],[117.272,-0.7886,8.8012],[117.2705,-0.7881,7.957],[117.2699,-0.7903,8.8017],[117.2694,-0.7896,9.9972],[117.2699,-0.7889,7.957],[117.2688,-0.789,7.9098],[117.2682,-0.7881,7.9098],[117.2674,-0.7884,9.4273],[117.2659,-0.788,9.4273],[117.2653,-0.7893,5.5955],[117.2665,-0.7902,7.1073],[117.2666,-0.7939,6.7373],[117.2646,-0.798,9.7637],[117.2619,-0.8003,2.8014],[117.2642,-0.8074,1.0852],[117.2703,-0.8054,0.0],[117.2788,-0.7972,1.5232],[117.2822,-0.7869,0.0],[117.2685,-0.7671,2.387],[117.2622,-0.7608,5.7091],[117.2569,-0.7569,6.636],[117.2496,-0.7545,9.8051],[117.2376,-0.7458,47.258],[117.2303,-0.7434,38.4051],[117.2246,-0.7382,45.0355],[117.2301,-0.732,26.4414],[117.233,-0.731,33.1483],[117.2343,-0.7266,38.1835],[117.2399,-0.7244,31.2478],[117.2435,-0.721,4.493],[117.2462,-0.7145,21.8701],[117.25,-0.7102,4.6548],[117.277,-0.7016,8.447],[117.2786,-0.698,4.4353],[117.2857,-0.6944,5.9469],[117.2901,-0.6883,5.7775],[117.2887,-0.6882,5.7775],[117.2874,-0.6848,6.2736],[117.2891,-0.6851,6.0257],[117.2936,-0.6808,4.3258],[117.3043,-0.6684,0.0],[117.3018,-0.6455,0.0],[117.2938,-0.612,0.0],[117.2856,-0.5977,0.0],[117.2828,-0.6008,0.0],[117.2749,-0.5988,6.3925],[117.2714,-0.6003,1.3879],[117.2702,-0.612,37.5142],[117.2627,-0.6206,10.8516],[117.2501,-0.6272,5.4321],[117.2452,-0.6342,7.556],[117.2346,-0.6369,6.7003],[117.2309,-0.6397,9.2673],[117.2307,-0.6423,5.1928],[117.2354,-0.6521,7.9635],[117.2324,-0.6598,5.1609],[117.2284,-0.6639,5.1073],[117.2229,-0.6684,4.1986],[117.2013,-0.6702,7.6204],[117.1935,-0.676,5.7226],[117.1935,-0.6824,3.6916],[117.1912,-0.6873,5.6857],[117.1883,-0.6894,8.2012],[117.1878,-0.694,3.6321],[117.1855,-0.6963,6.8393],[117.1858,-0.7007,9.9138],[117.1817,-0.7065,8.308],[117.1774,-0.7071,10.3436],[117.1682,-0.705,52.4529],[117.1662,-0.7065,39.5743],[117.161,-0.7045,56.6999],[117.152,-0.6852,24.2745],[117.1386,-0.6874,45.4476],[117.1384,-0.6739,67.3738],[117.1301,-0.6645,18.6508],[117.1294,-0.6602,19.0926],[117.1306,-0.6556,18.0765],[117.1379,-0.6491,12.8229],[117.1421,-0.6194,26.4057],[117.125,-0.6075,46.0225],[117.1201,-0.5991,31.9705],[117.1151,-0.5979,24.3066],[117.1102,-0.5996,30.9377],[117.1001,-0.5941,10.8373],[117.0966,-0.591,7.953],[117.0971,-0.5809,2.9959],[117.0939,-0.5771,6.1612],[117.0845,-0.5763,0.0],[117.0821,-0.5773,0.0],[117.0786,-0.5862,0.0],[117.0755,-0.5899,0.0],[117.0762,-0.5786,6.7884],[117.0667,-0.5714,63.5613],[117.0598,-0.5535,34.6637],[117.0545,-0.529,35.2257],[117.0473,-0.5172,13.9479],[117.0472,-0.5,9.5863],[117.0491,-0.4859,22.5267],[117.0543,-0.4663,31.6191],[117.0646,-0.4418,61.4863],[117.069,-0.4338,62.8796],[117.1012,-0.4235,39.6379],[117.123,-0.4094,77.9934],[117.1303,-0.4008,132.3691],[117.1357,-0.3882,72.6823],[117.1448,-0.3502,122.9683],[117.1502,-0.3465,108.6699],[117.1702,-0.338,105.899],[117.1853,-0.3206,87.8678],[117.1927,-0.3151,111.492],[117.1994,-0.3125,101.5832],[117.2082,-0.313,190.6112],[117.2207,-0.3206,47.4961],[117.2394,-0.3394,29.9489],[117.2416,-0.3445,37.3399],[117.2442,-0.3668,15.1607],[117.2487,-0.3675,15.5132],[117.2578,-0.3647,20.5158],[117.2618,-0.3651,21.4837],[117.2722,-0.3588,30.2034],[117.2793,-0.3592,36.7905],[117.293,-0.3662,44.1972],[117.2949,-0.3718,50.8695],[117.2982,-0.3751,42.3307],[117.2982,-0.3818,45.2238],[117.3027,-0.3832,40.8011],[117.3014,-0.3893,85.3712],[117.3039,-0.3973,70.7787],[117.3026,-0.4037,42.674],[117.2937,-0.4109,83.4437],[117.2892,-0.4037,112.7837],[117.2864,-0.4104,82.1038],[117.2788,-0.4197,82.064],[117.2838,-0.4296,63.693],[117.2851,-0.44,50.2884],[117.2843,-0.4497,47.7349],[117.28,-0.4628,9.6875],[117.2628,-0.4775,15.3746],[117.262,-0.4809,10.1479],[117.2596,-0.5237,12.6071],[117.2603,-0.527,11.1174],[117.2687,-0.5275,7.8929],[117.2688,-0.5313,9.4067],[117.2641,-0.5318,4.7793],[117.2641,-0.5337,6.7792],[117.2673,-0.5435,3.2742],[117.2668,-0.5469,2.3843],[117.269,-0.5489,3.1419],[117.2669,-0.5488,2.3851],[117.2619,-0.5543,5.9475],[117.2569,-0.5507,5.1742],[117.2567,-0.5535,4.5516],[117.2586,-0.5551,2.9497],[117.256,-0.5557,5.2065],[117.2551,-0.5542,4.4022],[117.2533,-0.5544,4.4022],[117.2544,-0.5524,3.9401],[117.2534,-0.5507,3.5686],[117.2527,-0.5533,5.6079],[117.2512,-0.5537,4.8158],[117.2519,-0.5555,4.9121],[117.2428,-0.5617,3.2362],[117.2386,-0.5624,1.5114],[117.2402,-0.5699,0.5614],[117.2495,-0.5705,1.8354],[117.2712,-0.5765,0.0],[117.281,-0.5775,1.709],[117.3071,-0.5714,0.0],[117.3091,-0.5692,0.0],[117.3082,-0.5667,6.0871],[117.3043,-0.5674,5.4907],[117.3072,-0.5663,6.0871],[117.309,-0.5664,0.0],[117.3091,-0.5647,2.254],[117.3312,-0.579,0.0],[117.3487,-0.5803,0.0],[117.3503,-0.5793,1.4564],[117.3472,-0.5765,3.5731],[117.3479,-0.5751,3.3068],[117.3691,-0.5683,1.6872],[117.3796,-0.5599,0.9112],[117.3843,-0.552,2.8982],[117.3945,-0.5452,2.7582],[117.4115,-0.5394,3.2929],[117.4156,-0.5302,3.7606],[117.4295,-0.5155,9.8267],[117.4272,-0.5134,8.619],[117.4249,-0.5062,0.7973],[117.4206,-0.5035,9.7127],[117.4183,-0.504,6.434],[117.4179,-0.5104,0.4887],[117.416,-0.5121,5.185],[117.419,-0.5133,7.7975],[117.4162,-0.5165,7.5155],[117.4198,-0.5205,8.3155],[117.4159,-0.5169,7.5155],[117.4143,-0.5199,6.4352],[117.4161,-0.5153,7.5353],[117.418,-0.514,7.7975],[117.4128,-0.5117,9.2863],[117.4106,-0.5081,9.6891],[117.4081,-0.5081,10.6858],[117.4067,-0.5132,6.1724],[117.4034,-0.5149,3.3955],[117.4049,-0.5167,9.592],[117.4044,-0.5195,5.7284],[117.4068,-0.52,3.5596],[117.407,-0.5221,3.4765],[117.4079,-0.5207,6.4624],[117.4094515151515,-0.521281818181817,8.0107],[117.4083,-0.5211,6.4624],[117.4044,-0.5255,5.2622],[117.4056,-0.5268,8.5676],[117.4086,-0.5253,8.5703],[117.4091,-0.5264,9.7762],[117.4066,-0.5273,8.5676],[117.4037,-0.5263,8.2682],[117.403,-0.5314,7.1727],[117.4091,-0.5316,7.0422],[117.4117,-0.5256,8.3367],[117.4124,-0.5252,4.8965],[117.4144,-0.5277,8.6008],[117.412,-0.5259,4.8965],[117.41,-0.5314,5.3922],[117.4111,-0.5326,5.3922],[117.4023,-0.5327,7.1727],[117.4033,-0.5259,9.9899],[117.4064,-0.521,3.5596],[117.4039,-0.5201,7.7871],[117.4043,-0.5165,9.592],[117.4011,-0.5162,1.8074],[117.3986,-0.5205,3.7464],[117.396,-0.5317,5.9841],[117.398,-0.5326,7.906],[117.3987,-0.5336,7.4639],[117.4009,-0.5327,7.4973],[117.4046,-0.5341,8.0396],[117.3977,-0.5338,7.4639],[117.3988,-0.5351,8.9859],[117.3982,-0.5362,8.9859],[117.3984,-0.535,8.9859],[117.3974,-0.5341,7.4639],[117.3975,-0.5327,7.906],[117.3957,-0.5326,5.9841],[117.3916,-0.5386,8.4602],[117.3888,-0.5352,5.9497],[117.3881,-0.5361,5.9497],[117.3899,-0.5377,8.0662],[117.3877,-0.5379,7.915],[117.388,-0.5399,8.4836],[117.3873,-0.5379,7.915],[117.3877,-0.5374,7.915],[117.3893,-0.5376,8.0662],[117.3876,-0.5357,5.9497],[117.3887,-0.5348,5.9497],[117.3902,-0.5356,6.057],[117.3901,-0.5342,6.3469],[117.3907,-0.5336,6.3469],[117.392,-0.5341,7.7039],[117.3925,-0.5363,6.185],[117.3938,-0.5349,6.0297],[117.3972,-0.526,7.3425],[117.3985,-0.5156,4.8142],[117.4056,-0.5118,3.3546],[117.4072,-0.506,5.9506],[117.4085,-0.5039,8.3576],[117.4099,-0.5045,8.0639],[117.4103,-0.5022,7.2858],[117.4104,-0.5046,5.6522],[117.4098,-0.505,5.6522],[117.4087,-0.5045,8.3576],[117.4079,-0.5062,3.8671],[117.4119,-0.5069,2.1442],[117.4151,-0.5106,4.6087],[117.4178,-0.5029,6.4207],[117.4226,-0.5022,3.3413],[117.4265,-0.5065,3.6891],[117.429,-0.5133,2.1304],[117.4317,-0.5117,1.4488],[117.4338,-0.5074,5.1505],[117.4303,-0.4984,11.7084],[117.434,-0.5063,5.1505],[117.4385,-0.4966,3.8307],[117.4372,-0.4841,2.5948],[117.4326,-0.4831,6.1245],[117.43,-0.485,3.156],[117.4331,-0.4905,9.3789],[117.4294,-0.4941,3.8346],[117.4265,-0.493,5.5118],[117.4266,-0.488,2.7991],[117.4229,-0.4888,2.8806],[117.4187,-0.484,5.6718],[117.4179,-0.4896,8.285],[117.4138,-0.4888,7.2314],[117.4121,-0.4838,7.6239],[117.4101,-0.4867,10.2148],[117.408,-0.4864,8.0749],[117.4078,-0.4913,8.0539],[117.405,-0.4913,9.0071],[117.404,-0.4929,9.0071],[117.4037,-0.4919,9.0071],[117.4052,-0.4901,9.2397],[117.4077,-0.4911,6.9035],[117.4071,-0.4895,8.2389],[117.4076,-0.486,7.5536],[117.4095,-0.486,8.2206],[117.4101,-0.4843,7.9242],[117.4113,-0.4835,7.9242],[117.4131,-0.4839,7.6239],[117.4141,-0.4884,7.2314],[117.417,-0.4888,4.6684],[117.4156,-0.4842,4.7364],[117.4176,-0.4883,4.6684],[117.417,-0.4844,4.044],[117.418,-0.4832,5.6718],[117.4206,-0.4842,4.7917],[117.4228,-0.4878,5.0627],[117.4269,-0.4876,5.7385],[117.4278,-0.4893,2.7991],[117.4275,-0.4931,5.5118],[117.4313,-0.4922,1.9902],[117.4318,-0.4889,2.9842],[117.4289,-0.4861,3.156],[117.4309,-0.4827,4.5744],[117.4293,-0.4811,6.192],[117.429,-0.479,2.2484],[117.4302,-0.4768,5.6003],[117.435,-0.4764,2.9535],[117.4347,-0.4724,4.5308],[117.4386,-0.4712,4.83],[117.4388,-0.4695,4.6041],[117.4365,-0.4654,1.8906],[117.4332,-0.4665,8.6661],[117.4307,-0.463,6.2812],[117.4256,-0.4638,4.4936],[117.4245,-0.4666,6.5937],[117.4219,-0.4661,4.517],[117.4215,-0.4678,9.004],[117.4215,-0.4626,1.2065],[117.4243,-0.4627,7.798],[117.4236,-0.4631,2.9791],[117.4218,-0.4628,1.2065],[117.4237,-0.4662,5.5076],[117.42529999999999,-0.4636,4.4936],[117.4307,-0.4624,10.7594],[117.432,-0.4632,6.2812],[117.433,-0.4659,3.7752],[117.4346,-0.4658,3.2435],[117.437,-0.4617,1.3435],[117.4366,-0.4565,0.5],[117.4417,-0.4551,0.949],[117.4442,-0.4503,6.9623],[117.4504,-0.4454,1.2922],[117.4442,-0.4421,2.4281],[117.4429,-0.4371,1.5899],[117.437,-0.4395,2.1266],[117.4342,-0.4351,3.1033],[117.4247,-0.4349,3.3576],[117.4249,-0.4287,1.1543],[117.4292,-0.4265,0.0],[117.4348,-0.4275,0.25],[117.4379,-0.4216,5.7092],[117.4368,-0.4181,3.9923],[117.4307,-0.415,0.0],[117.4324,-0.4056,0.0],[117.4283,-0.3988,0.0],[117.4268,-0.3992,3.9142],[117.4308,-0.3932,0.0],[117.4372,-0.3911,0.75],[117.4342,-0.3819,3.9954],[117.4361,-0.3803,0.5],[117.4414,-0.3786,1.0013],[117.4453,-0.3792,2.1166],[117.4501,-0.3816,0.5],[117.4551,-0.3867,0.0],[117.4588,-0.3867,0.125],[117.4623,-0.3822,2.5664],[117.4647,-0.3725,0.75],[117.462,-0.363,4.4858],[117.455,-0.3588,1.7126],[117.4526,-0.3549,4.7608],[117.451,-0.3448,0.0],[117.452,-0.3393,0.0],[117.4466,-0.3223,1.5],[117.447,-0.3169,3.9805],[117.4517,-0.3033,2.3806],[117.4414,-0.2966,0.6519],[117.4333,-0.2867,6.6344],[117.4345,-0.2864,0.0],[117.4254,-0.2733,2.8231],[117.4157,-0.2364,5.1051],[117.4158,-0.2221,4.2675],[117.4172,-0.2231,0.9],[117.4213,-0.2113,2.1321],[117.4278,-0.2068,1.0063],[117.4319,-0.2066,0.0],[117.4335,-0.2079,2.3595],[117.4379,-0.2023,1.8669],[117.4328,-0.1994,0.5],[117.432,-0.1921,1.2952],[117.4249,-0.1875,1.1177],[117.4242,-0.1822,1.142],[117.4266,-0.1788,1.2889],[117.4261,-0.1748,4.0972],[117.4313,-0.1685,0.25],[117.4438,-0.1649,2.915],[117.4444,-0.1608,0.5],[117.4473,-0.1582,0.4062],[117.4468,-0.1529,0.843],[117.4495,-0.1514,4.8235],[117.4483,-0.1485,3.1873],[117.4519,-0.1472,2.9881],[117.452,-0.1418,1.5145],[117.4485,-0.1413,2.7373],[117.4496,-0.1387,2.9271],[117.4454,-0.1364,5.577],[117.4445,-0.1322,2.7914],[117.4468,-0.1302,7.481],[117.4458,-0.1237,7.7495],[117.4472,-0.1298,7.481],[117.4451,-0.1321,4.5803],[117.4465,-0.1349,4.1381],[117.4459,-0.136,4.1381],[117.4469,-0.1356,7.9604],[117.4499,-0.1382,2.9271],[117.4493,-0.141,2.6421],[117.454,-0.1406,3.3133],[117.4522,-0.1411,3.5],[117.4522,-0.1476,2.9881],[117.4488,-0.1494,5.9088],[117.4498,-0.1522,4.8235],[117.4474,-0.1531,0.4176],[117.4477,-0.1588,0.4062],[117.4454,-0.1605,0.25],[117.4443,-0.1652,2.915],[117.4325,-0.1691,0.5],[117.427,-0.1753,0.6553],[117.4276,-0.1789,1.2889],[117.4252,-0.183,1.0925],[117.4258,-0.1871,1.1177],[117.4326,-0.1912,7.0222],[117.4343,-0.199,0.5],[117.4391,-0.1996,1.1737],[117.4371,-0.2079,1.8695],[117.424,-0.221,3.0709],[117.4311,-0.2187,0.0],[117.4438,-0.2022,0.0],[117.4455,-0.1793,0.4174],[117.4578,-0.152,0.0],[117.465,-0.1265,0.9128],[117.468,-0.1227,0.0],[117.4697,-0.1155,0.0],[117.4706,-0.1108,0.0],[117.4465,-0.0895,10.8576],[117.4467,-0.0877,10.4882],[117.4711,-0.1096,0.0],[117.474,-0.1033,0.0],[117.4731,-0.0962,1.7632],[117.4759,-0.0805,0.0],[117.4791,-0.0769,0.0],[117.4811,-0.0701,9.0591],[117.4853,-0.0652,4.7244],[117.4887,-0.0656,0.0],[117.4998,-0.0575,0.0],[117.5114,-0.0427,0.0],[117.5173,-0.0316,0.6763],[117.5147,-0.0337,1.1441],[117.5129,-0.0304,3.0291],[117.5114,-0.0301,2.789],[117.513,-0.0314,1.0],[117.5114,-0.0353,2.2412],[117.5103,-0.0359,1.9006],[117.5081,-0.0326,6.521],[117.5087,-0.0359,1.9006],[117.507,-0.0369,1.9989],[117.5053,-0.0346,7.4485],[117.5043,-0.0403,8.0065],[117.5026,-0.039,7.9261],[117.5007,-0.0402,8.9485],[117.4982,-0.0392,5.2285],[117.4997,-0.0412,8.1926],[117.4992,-0.0419,6.5276],[117.4936,-0.0426,10.7239],[117.4916,-0.0419,5.4204],[117.4909,-0.0394,9.437],[117.489,-0.0405,6.3645],[117.4863,-0.0395,5.4093],[117.488,-0.0413,4.8222],[117.4872,-0.0439,5.4748],[117.4845,-0.044,6.0688],[117.4844,-0.0419,6.0116],[117.4842,-0.0448,3.7471],[117.4809,-0.0461,6.1159],[117.4802,-0.045,6.1159],[117.4811,-0.0434,6.6144],[117.479,-0.0416,7.7166],[117.4781,-0.0435,7.4769],[117.4798,-0.0462,6.1159],[117.4786,-0.0489,5.9363],[117.4744,-0.0499,6.4652],[117.4733,-0.047,7.5705],[117.4718,-0.0488,6.7554],[117.4727,-0.0491,6.7554],[117.4734,-0.0503,6.8939],[117.4697,-0.0508,8.4574],[117.4701,-0.0523,6.6754],[117.4692,-0.0538,4.2528],[117.4668,-0.0528,7.0984],[117.4665,-0.0509,7.6624],[117.4656,-0.0542,4.5149],[117.4641,-0.0541,6.0661],[117.46277421052632,-0.052533157894737,8.5876],[117.4621,-0.0534,5.8575],[117.4606,-0.0541,5.5781],[117.4596,-0.0522,7.2756],[117.4582,-0.0548,5.6655],[117.4557,-0.0546,5.5581],[117.4547,-0.0535,4.3863],[117.4572,-0.0516,10.4595],[117.4561,-0.0515,7.453],[117.4554,-0.0501,9.8411],[117.4542,-0.051,8.6811],[117.4527,-0.0506,6.6414],[117.4533,-0.0481,8.3591],[117.4484,-0.0468,4.9889],[117.4477,-0.0432,13.1822],[117.4428,-0.0425,9.6292],[117.4429,-0.0385,11.2101],[117.442,-0.039,14.1543],[117.4405,-0.0382,7.6614],[117.438,-0.0399,6.6273],[117.4375,-0.0392,7.0983],[117.4383,-0.0374,7.7816],[117.4371,-0.0382,7.0983],[117.435,-0.0358,7.4172],[117.4354,-0.0322,8.3061],[117.4405,-0.0319,12.3258],[117.4366,-0.0253,9.9422],[117.4359,-0.0174,7.9124],[117.4345,-0.0178,7.9124],[117.4354,-0.0197,12.2562],[117.4345,-0.0211,12.2562],[117.4333,-0.0215,8.8541],[117.4322,-0.0202,8.6459],[117.4322,-0.0224,10.4987],[117.4293,-0.0234,7.6299],[117.4284,-0.0227,7.9007],[117.4302,-0.0199,8.1353],[117.4274,-0.0212,8.6059],[117.4257,-0.0177,9.5627],[117.4236,-0.0183,8.868],[117.4211,-0.0147,10.1044],[117.4195,-0.017,12.5367],[117.4185,-0.0171,12.5367],[117.4174,-0.0158,11.2719],[117.4167,-0.0172,12.1714],[117.4148,-0.018,8.7959],[117.4123,-0.0176,10.9238],[117.412,-0.0163,10.9238],[117.4136,-0.014,12.0113],[117.4118,-0.0144,12.0113],[117.4094,-0.0126,14.9401],[117.4087,-0.0109,13.0001],[117.408,-0.0122,14.9401],[117.4056,-0.0131,10.3538],[117.4048,-0.0126,11.5101],[117.4057,-0.011,15.5268],[117.4044,-0.0115,11.5101],[117.4035,-0.0097,12.3105],[117.4016,-0.0116,12.1102],[117.4007,-0.0121,11.9552],[117.3994,-0.0091,14.9845],[117.397,-0.0097,11.4452],[117.3957,-0.0062,12.4683],[117.3962,-0.0028,12.6511],[117.3918,-0.0005,15.9719],[117.3909,0.0005,14.4102],[117.3909,0.0024,15.1371],[117.3936,0.0026,14.6455],[117.394,0.0043,13.4521],[117.3907,0.0034,15.1371],[117.3867,0.0109,14.1138],[117.3842,0.0122,20.0251],[117.3827,0.0102,17.4892],[117.3813,0.0102,17.4892],[117.3802,0.0125,15.0323],[117.377,0.0099,16.8026],[117.376,0.0119,16.2979],[117.374,0.0101,16.5109],[117.3736,0.0102,16.5109],[117.3737,0.013,17.288],[117.3753,0.0152,18.9444],[117.3743,0.0148,17.4565],[117.3731,0.0157,17.9179],[117.3685,0.0206,19.4383],[117.3686,0.0219,19.4549],[117.3699,0.0223,19.4982],[117.3667,0.0273,19.9796],[117.3679,0.0286,19.9796],[117.3669,0.0302,20.0964],[117.3639,0.0277,26.0624],[117.3631,0.0304,21.4532],[117.3604,0.0269,27.8522],[117.3568,0.0265,22.0115],[117.3526,0.0303,22.8753],[117.3482,0.0269,64.5532],[117.3464,0.0309,23.6802],[117.3424,0.0334,38.5114],[117.3391,0.0333,40.655],[117.3379,0.0371,30.1669],[117.3357,0.0382,28.0315],[117.3342,0.0451,59.1597],[117.3379,0.0489,26.6973],[117.3241,0.0479,58.2922],[117.2864,0.0322,37.6156],[117.262,0.0548,57.739],[117.1952,0.0953,47.8941],[117.1699,0.1054,61.3083],[117.1528,0.122,86.0101],[117.1478,0.1436,89.1112],[117.1548,0.188,123.8837],[117.1618,0.1968,133.3979],[117.1837,0.2841,123.3035],[117.1804,0.3232,106.1883],[117.1703,0.3434,108.9929],[117.1511,0.3641,102.2483],[117.116,0.413,118.7344],[117.0825,0.448,117.1931],[117.0408,0.5012,87.6832],[117.0078,0.5805,115.1789],[116.9922,0.6137,133.1072],[116.9779,0.6146,112.6657],[116.9507,0.5966,120.1041],[116.9346,0.5603,98.4366],[116.9471,0.5211,79.5505],[116.9397,0.5032,75.4826],[116.9312,0.492,71.7515],[116.93,0.4875,65.9412],[116.9299,0.4837,70.184],[116.9393,0.4585,76.3356],[116.9432,0.4425,57.5147],[116.9467,0.4055,39.9188],[116.9441,0.3752,45.5044],[116.9221,0.331,24.5421],[116.8959,0.2947,14.1985],[116.8878,0.2784,13.3912],[116.8812,0.2688,11.5586],[116.8767,0.2656,12.4818],[116.8489,0.2219,8.422],[116.84,0.2134,6.7037],[116.8183,0.1841,8.7807],[116.7974,0.1616,4.4986],[116.7527,0.1089,3.1034],[116.7499,0.104,3.1465],[116.7392,0.0946,3.9915],[116.7395,0.0621,3.6702],[116.7417,0.0442,3.4358],[116.7383,0.0296,3.9618],[116.7293,0.0207,11.1456],[116.7152,0.0161,6.0544],[116.6846,0.0178,14.7327],[116.6389,0.018,10.2547],[116.6232,0.0207,16.4644],[116.6034,0.0201,13.1212],[116.5774,0.023,12.2991],[116.5404,0.0244,13.2512],[116.4962,0.0237,18.5509],[116.4955,0.0201,19.4555],[116.4916,0.0239,20.5852],[116.4749,0.0272,16.9451],[116.4747,0.0423,17.1911],[116.4766,0.0565,21.0502],[116.4905,0.1214,14.7143],[116.4894,0.1577,27.4159],[116.4936,0.2241,41.7629],[116.493,0.2688,42.7388],[116.4887,0.2873,38.6569],[116.4771,0.316,53.0135],[116.4586,0.3412,60.2028],[116.4532,0.3542,50.2445],[116.4299,0.3646,50.3397],[116.4029,0.3683,57.1512],[116.3887,0.3723,53.9176],[116.378,0.3806,56.5091],[116.3711,0.384,66.2952],[116.3414,0.4176,73.4776],[116.3307,0.4269,57.6243],[116.3186,0.4339,64.2792],[116.2845,0.4488,104.3385],[116.2856,0.4906,126.9719],[116.2834,0.4971,113.854],[116.2754,0.5094,85.6885],[116.271,0.5252,156.1758],[116.2738,0.5575,177.7536],[116.2845,0.568,281.3755],[116.2953,0.5741,181.2493],[116.2985,0.5779,140.7498],[116.2998,0.587,124.4708],[116.2911,0.607,98.6058],[116.2821,0.6195,100.3055],[116.2612,0.637,122.1658],[116.2575,0.6444,111.7525],[116.2415,0.6663,108.5456],[116.2361,0.6798,127.464],[116.2329,0.7033,296.5418],[116.225,0.7089,370.1016],[116.1853,0.7154,439.995],[116.1644,0.7169,317.7943],[116.1468,0.7212,442.4399],[116.1412,0.7274,588.2797],[116.1432,0.7462,551.6515],[116.1387,0.7562,562.4434],[116.1348,0.7577,537.4933],[116.1158,0.7592,598.359],[116.1055,0.7624,499.3335],[116.0978,0.7733,574.3825],[116.0872,0.7834,662.8543],[116.061,0.8035,713.3848],[116.0506,0.806,835.4393],[116.0314,0.8069,553.8329],[116.0204,0.8106,597.4098],[116.0092,0.8188,792.1162],[116.0068,0.8228,753.5667],[116.0064,0.8286,696.3462],[116.0096,0.834,780.7637],[116.0133,0.8351,861.3833],[116.0274,0.8517,960.6984],[116.0366,0.872,1095.1718],[116.0391,0.8868,937.4261],[116.0588,0.8923,827.9008],[116.0661,0.8991,1066.6398],[116.0426,0.9469,1192.3975],[116.049,0.9641,1000.5763],[116.0481,0.9853,1048.351],[116.0454,0.9947,1171.5297],[116.0501,1.0011,1071.7389],[116.0661,1.0146,1038.5056],[116.0698,1.0331,1028.9736],[116.0629,1.0471,976.2059],[116.0704,1.0622,707.5291],[116.071,1.0669,763.5074],[116.0703,1.0774,631.9782],[116.0667,1.0865,639.6339],[116.066,1.0931,778.6743],[116.0714,1.0985,809.0964],[116.0831,1.1036,628.1621],[116.107,1.1094,832.634],[116.132,1.1111,1166.015],[116.1428,1.1254,1103.3579],[116.1463,1.1339,1178.5398],[116.1449,1.1567,1619.6764],[116.1429,1.1627,1626.7091],[116.1313,1.1795,1521.5303],[116.1293,1.1889,1188.0261],[116.1476,1.2173,1078.991],[116.1484,1.2267,965.5085],[116.1467,1.2357,1136.9058],[116.1347,1.2592,1442.5911],[116.1278,1.2778,1587.2677],[116.1288,1.2863,1671.3046],[116.1442,1.298,1629.6104],[116.1473,1.3257,1571.7828],[116.1571,1.3558,1549.2456],[116.1583,1.3865,1371.1569],[116.1454,1.4068,1523.5994],[116.1387,1.4234,1330.434],[116.1485,1.4677,1502.656],[116.1411,1.4775,1403.6074],[116.1135,1.4867,1554.9395],[116.0876,1.491,1403.0879],[116.0098,1.5282,1979.7311],[115.9976,1.5288,2002.7429],[115.9875,1.5323,1927.814],[115.9774,1.5336,1806.0333],[115.9698,1.5304,1830.4888],[115.9636,1.5244,1665.161],[115.9552,1.4924,1786.6929],[115.9502,1.489,1523.6465],[115.9269,1.4802,1406.9152],[115.9113,1.4777,1430.5436],[115.8862,1.4541,1425.4553],[115.8557,1.4377,1267.5059],[115.8513,1.4318,1251.9487],[115.858,1.4071,1239.0901],[115.8516,1.3959,1210.9973],[115.8379,1.3832,1189.509],[115.8357,1.3758,1102.4675],[115.821,1.3716,1015.3323],[115.8087,1.3749,959.9979],[115.7857,1.3623,893.9002],[115.7723,1.3592,942.2449],[115.7651,1.3493,805.2496],[115.7618,1.3382,789.0665],[115.7437,1.3198,1046.5942],[115.7207,1.2888,1152.2622],[115.7126,1.2657,1190.3805],[115.6461,1.2841,1054.2289],[115.6212,1.284,1311.3839],[115.6023,1.2779,1174.5784],[115.586,1.2791,1430.9335],[115.5718,1.2719,1213.5618],[115.5482,1.2647,1054.764],[115.5028,1.2564,991.3541],[115.5055,1.2482,1056.3496],[115.4993,1.2362,980.6804],[115.4951,1.2308,992.6392],[115.4889,1.2269,967.3149],[115.4758,1.2138,1035.7007],[115.4792,1.1996,1040.8123],[115.4912,1.1845,962.8929],[115.5035,1.1618,955.4761],[115.5174,1.1214,1001.0679],[115.5209,1.1037,1007.9596],[115.5222,1.0812,1303.7648],[115.5259,1.0578,1314.2629],[115.5198,0.9531,582.9742],[115.5166,0.9357,585.6328],[115.5092,0.9116,623.7549],[115.4856,0.8664,616.8992],[115.4654,0.8344,971.9763],[115.4628,0.823,876.4475],[115.462,0.8075,806.8307],[115.4636,0.783,836.6492],[115.4661,0.7714,1115.4546],[115.4812,0.7552,1159.0128],[115.5086,0.7348,1129.7106],[115.52,0.7182,1111.6481],[115.5725,0.6543,637.9291],[115.5787,0.6437,753.5445],[115.5878,0.6347,731.3466],[115.6001,0.626,611.2635],[115.6105,0.6237,469.4699],[115.6203,0.625,376.181],[115.6263,0.6202,402.7878],[115.6423,0.6169,567.765],[115.6533,0.6039,585.9821],[115.65,0.5769,412.4177],[115.6365,0.5567,834.2296],[115.67,0.536,807.2555],[115.7649,0.4488,186.9904],[115.7818,0.4259,465.1609],[115.782,0.4046,474.5832],[115.775,0.3736,444.6683],[115.7631,0.3454,485.3481],[115.76,0.3316,485.4201],[115.7609,0.3185,581.7279],[115.7708,0.3058,553.9055],[115.7834,0.3011,366.6278],[115.7885,0.3008,256.2727],[115.7881,0.2982,328.3632],[115.8057,0.2603,151.3348],[115.8205,0.1955,101.2284],[115.8592,0.2058,108.9958],[115.8963,0.2125,109.3836],[115.9165,0.2058,74.2506],[115.9165,0.1687,102.9934],[115.9233,0.1383,105.4712],[115.9503,0.1147,121.4249],[115.9908,0.0911,104.397],[116.0113,0.0695,67.3769],[116.0283,0.0594,88.0648],[116.03,0.0501,91.8802],[116.0271,0.0362,89.9355],[116.0131,0.0194,83.4106],[115.9843,-0.0083,106.4995],[115.973,-0.0283,112.103],[115.9825,-0.0654,74.7533],[115.9908,-0.0709,78.0061],[116.0312,-0.1114,87.2375],[116.0717,-0.1654,57.0552],[116.1049,-0.1891,37.2566],[116.142,-0.21,19.1832],[116.1584,-0.2233,22.5402],[116.1883,-0.2516,20.9729],[116.2368,-0.2815,11.0559],[116.2548,-0.2899,15.9238],[116.32,-0.2998,1.0],[116.3038,-0.3743,0.5],[116.2931,-0.3908,5.794],[116.2758,-0.4252,3.8782],[116.2778,-0.4372,4.8452],[116.2822,-0.443,7.5389],[116.2915,-0.4478,6.564],[116.299,-0.449,7.5913],[116.3117,-0.4476,4.2159],[116.3171,-0.4513,5.4401],[116.3174,-0.4563,3.907],[116.3143,-0.4681,3.1729],[116.31,-0.4777,3.4676],[116.3043,-0.4827,5.11],[116.3042,-0.4865,5.0332],[116.3086,-0.4899,4.052],[116.3177,-0.4835,3.85],[116.3211,-0.4834,4.3978],[116.3286,-0.4882,3.8086],[116.3327,-0.4884,3.6319],[116.3361,-0.5,7.081],[116.3414,-0.5355,7.24],[116.3503,-0.5716,9.4714],[116.3886,-0.6329,26.4572],[116.4055,-0.6649,45.0243],[116.4445,-0.7268,66.5863],[116.4784,-0.7532,342.6763],[116.4989,-0.7664,344.2811],[116.5219,-0.775,321.6785],[116.5053,-0.8048,384.7],[116.4986,-0.8217,394.2411],[116.5053,-0.8385,427.0403],[116.516,-0.8421,601.8467],[116.5239,-0.8387,411.5867],[116.5319,-0.8378,346.9456],[116.5428,-0.8393,317.5533],[116.5654,-0.8495,366.6087],[116.5795,-0.8622,347.2248],[116.6031,-0.879,419.9884],[116.6301,-0.8824,424.8488],[116.6471,-0.8419,449.1263],[116.6673,-0.8115,404.9011],[116.6841,-0.8014,389.1703],[116.7145,-0.7979,386.5385],[116.7415,-0.8081,146.1523],[116.7685,-0.8115,131.3007],[116.8091,-0.8115,81.7274],[116.8597,-0.8183,77.2686],[116.8927,-0.8315,64.7205],[116.8848,-0.8514,68.1934],[116.8989,-0.864,71.5865],[116.9198,-0.8888,78.3657],[116.9406,-0.9076,109.5852],[116.955,-0.9257,129.7211],[116.9455,-0.9344,120.0532],[116.921,-0.9626,91.3326],[116.894,-0.975,91.1069],[116.8796,-0.9878,96.7324],[116.8747,-0.9952,119.94],[116.874,-1.0067,97.8858],[116.872,-1.0084,85.0902],[116.8523,-1.0145,91.7716],[116.8426,-1.0225,118.4976],[116.8397,-1.0289,127.7628],[116.8415,-1.0327,104.9203],[116.8375,-1.0386,112.7293],[116.8371,-1.046,112.0158],[116.8393,-1.049,108.7986],[116.845,-1.049,108.6452],[116.8465,-1.0532,114.9218],[116.8553,-1.0551,105.0225],[116.8606,-1.0585,88.269],[116.8678,-1.0593,93.2992],[116.8819,-1.0555,73.6566],[116.8841,-1.0558,62.1409],[116.8876,-1.0596,83.6567],[116.9028,-1.0634,74.134],[116.9039,-1.0714,62.6831],[116.9081,-1.0809,68.2514],[116.913,-1.0824,56.5433],[116.9176,-1.0908,57.5585],[116.9225,-1.0904,50.9546],[116.9267,-1.0961,58.5131],[116.9325,-1.0981,45.2891],[116.9291,-1.1061,46.4112],[116.934,-1.1083,47.9988],[116.9405,-1.1073,32.5142],[116.9488,-1.1084,22.6217],[116.9575,-1.1129,28.4531],[116.9635,-1.1209,16.1199],[116.9687,-1.122,14.455],[116.9724,-1.1254,7.7146],[116.9951,-1.1316,11.4914],[117.0037,-1.1303,6.3734],[117.018,-1.1365,1.5307],[117.0196,-1.139,3.3137]],
[[117.4094515151515,-0.521281818181817,8.0107],[117.40950590405903,-0.521290405904059,8.0107],[117.4095,-0.5213,8.0107],[117.4094515151515,-0.521281818181817,8.0107]],
[[117.40950590405903,-0.521290405904059,8.0107],[117.4103,-0.52,6.063],[117.4116,-0.5211,6.063],[117.4162,-0.5203,8.6114],[117.414,-0.522,8.8347],[117.40950590405903,-0.521290405904059,8.0107]]],
[[[117.5501,-0.4175,0.0],[117.5533,-0.4122,0.0],[117.5514,-0.409,0.0],[117.5432,-0.412,0.0],[117.5311,-0.4263,0.0],[117.5285,-0.4358,0.0],[117.5337,-0.4331,0.0],[117.5501,-0.4175,0.0]]],
[[[117.5509,-0.4029,0.0],[117.5509,-0.4022,0.0],[117.5506,-0.4018,0.0],[117.5504,-0.4029,0.0],[117.5509,-0.4029,0.0]]],
[[[117.5471,-0.3493,0.0],[117.5435,-0.346,0.0],[117.5376,-0.3447,0.0],[117.5332,-0.3447,0.0],[117.5295,-0.3468,0.0],[117.5347,-0.3454,0.0],[117.54,-0.346,0.0],[117.5471,-0.3493,0.0]]],
[[[117.5496,-0.4026,0.0],[117.5486,-0.4028,0.0],[117.5468,-0.4055,0.0],[117.5492,-0.4041,0.0],[117.5496,-0.4026,0.0]]],
[[[117.46277421052632,-0.052533157894737,8.5876],[117.4628,-0.0525,8.5876],[117.4619,-0.0515,8.5876],[117.46277421052632,-0.052533157894737,8.5876]]],
[[[117.5055,0.0146,2.0468],[117.5064,0.0176,2.6365],[117.4282,0.0197,11.2441],[117.3898,0.0187,14.6635],[117.3892,0.0225,26.6235],[117.3687,0.0214,19.4549],[117.3733,0.0179,19.2308],[117.3737,0.0157,17.9179],[117.3756,0.0157,17.7547],[117.3737,0.0107,17.6154],[117.3758,0.0124,17.5685],[117.3769,0.0104,16.8026],[117.3807,0.0129,15.0323],[117.382,0.0105,18.0512],[117.3834,0.0122,20.0251],[117.3847,0.0126,20.0251],[117.3872,0.0111,20.187],[117.3898,0.0061,14.4279],[117.3908,0.007,14.4279],[117.3935,0.0066,13.4726],[117.3945,0.0044,13.4521],[117.3941,0.0024,14.6455],[117.3915,0.002,15.7463],[117.3917,0.0,15.9719],[117.3958,-0.0016,12.6511],[117.3969,-0.0044,12.1309],[117.396,-0.0061,12.4683],[117.3971,-0.0095,13.4879],[117.3995,-0.0087,14.9845],[117.4008,-0.0116,11.9552],[117.4035,-0.0094,12.8299],[117.4058,-0.0108,15.5268],[117.4057,-0.0126,11.8872],[117.4087,-0.0105,13.0001],[117.4117,-0.0139,12.0513],[117.4141,-0.0139,14.2213],[117.4124,-0.0169,10.9238],[117.4144,-0.0176,10.581],[117.4172,-0.0154,11.2719],[117.419,-0.0166,12.5367],[117.4212,-0.0142,9.4745],[117.4238,-0.0176,9.7716],[117.4259,-0.0169,9.5627],[117.4275,-0.0208,8.6059],[117.4304,-0.0196,8.6459],[117.4291,-0.023,7.6299],[117.4316,-0.0223,10.4987],[117.4321,-0.0198,8.6459],[117.4341,-0.0207,8.9787],[117.4343,-0.0178,11.2291],[117.4361,-0.0167,7.9124],[117.4372,-0.025,9.9422],[117.441,-0.0319,9.1181],[117.4375,-0.0335,16.6031],[117.4359,-0.0325,8.3061],[117.4356,-0.036,7.4172],[117.4371,-0.0378,7.7816],[117.4387,-0.0372,12.0432],[117.4383,-0.0395,7.0983],[117.4405,-0.0374,12.0432],[117.4432,-0.0379,10.5323],[117.4433,-0.0422,9.6292],[117.4483,-0.0427,13.6033],[117.4486,-0.0464,4.9889],[117.4541,-0.0481,8.3591],[117.4531,-0.0503,8.6811],[117.4556,-0.0495,9.4892],[117.4575,-0.0508,8.3082],[117.4573,-0.0532,6.8968],[117.4553,-0.0537,6.9168],[117.4576,-0.0547,5.6655],[117.4595,-0.0517,7.2756],[117.4606,-0.0536,5.5781],[117.462,-0.0531,5.8575],[117.4616,-0.0511,8.0706],[117.4653,-0.0537,4.5149],[117.4664,-0.0503,7.6624],[117.4691,-0.0532,4.2528],[117.4692,-0.0506,6.5053],[117.4729,-0.05,6.8939],[117.4711,-0.049,9.5989],[117.4732,-0.0463,7.5705],[117.4756,-0.0484,5.8277],[117.4748,-0.0495,7.9402],[117.478,-0.0485,5.9363],[117.4792,-0.0459,8.3366],[117.4775,-0.0431,9.5353],[117.4793,-0.0409,6.5184],[117.4819,-0.043,7.0302],[117.4812,-0.0455,6.1159],[117.4835,-0.0446,10.5811],[117.4837,-0.0413,6.0653],[117.4856,-0.0419,6.0116],[117.485,-0.0437,6.0688],[117.4866,-0.0436,5.4748],[117.4873,-0.0409,4.3073],[117.485,-0.0402,7.6274],[117.4868,-0.0386,5.4093],[117.4892,-0.04,6.3645],[117.4909,-0.0387,9.437],[117.4914,-0.0409,5.0198],[117.4937,-0.0421,10.7239],[117.4987,-0.0413,6.5276],[117.4977,-0.0389,9.5956],[117.5027,-0.038,7.9261],[117.5038,-0.0395,7.9261],[117.5035,-0.0362,10.7358],[117.5053,-0.034,7.7562],[117.5079,-0.0358,4.1855],[117.5072,-0.0338,8.234],[117.5082,-0.0317,6.521],[117.5113,-0.0347,2.2412],[117.5113,-0.0293,2.0435],[117.5133,-0.0297,3.0291],[117.5151,-0.0323,3.0065],[117.5178,-0.0299,5.376],[117.5183,-0.0254,6.9864],[117.5146,-0.0119,3.9844],[117.5042,0.0033,2.1445],[117.5055,0.0146,2.0468]]],
[[[117.3921,0.0044,14.2493],[117.3922,0.0052,14.2493],[117.3909,0.0054,13.4169],[117.3911,0.0041,13.4169],[117.3921,0.0044,14.2493]]],
[[[117.3929,0.0063,14.5595],[117.3909,0.0065,14.4279],[117.3905,0.0061,14.4279],[117.3927,0.0054,14.2493],[117.3929,0.0063,14.5595]]],
[[[117.4993,-0.4001,1.0],[117.4987,-0.3999,1.0],[117.4986,-0.4002,1.0],[117.4996,-0.4002,1.0],[117.4993,-0.4001,1.0]]],
[[[117.4614,-0.3573,8.9961],[117.4656,-0.364,0.5],[117.4676,-0.3748,0.5],[117.4619,-0.3872,1.6304],[117.4593,-0.3885,0.75],[117.4541,-0.388,1.963],[117.4461,-0.3817,4.4909],[117.4375,-0.3807,0.0],[117.4363,-0.3832,0.0],[117.4387,-0.3869,2.0611],[117.439,-0.3916,0.25],[117.4366,-0.3961,1.2262],[117.4306,-0.3978,0.0],[117.4342,-0.4056,0.0],[117.4318,-0.4139,0.25],[117.4384,-0.4181,3.9923],[117.4391,-0.424,0.8359],[117.4347,-0.4298,1.5315],[117.4278,-0.4281,2.958],[117.4254,-0.4325,1.9988],[117.4342,-0.434,4.8096],[117.4382,-0.438,2.1266],[117.4436,-0.4354,6.0935],[117.4457,-0.4413,1.0179],[117.451,-0.4408,1.5684],[117.4531,-0.4384,0.0],[117.4551,-0.4245,1.9958],[117.4736,-0.3945,0.125],[117.4931,-0.3493,0.0],[117.4941,-0.3457,0.0],[117.4924,-0.3411,0.0],[117.4918,-0.3291,2.5277],[117.4778,-0.329,2.1405],[117.4725,-0.3316,3.8731],[117.4663,-0.3402,4.697],[117.4642,-0.3406,1.2014],[117.4595,-0.3494,9.96],[117.4584,-0.354,6.5425],[117.4614,-0.3573,8.9961]]],
[[[117.4995,-0.374,0.8709],[117.5026,-0.3678,0.0],[117.51,-0.3605,0.0],[117.5147,-0.3509,0.0],[117.5137,-0.348,0.0],[117.505,-0.3476,0.0],[117.4978,-0.3518,0.0],[117.486,-0.3762,2.0739],[117.4859,-0.387,0.125],[117.4943,-0.3822,0.0],[117.4995,-0.374,0.8709]]],
[[[117.4992,-0.4015,0.75],[117.498,-0.4016,0.9745],[117.4982,-0.4024,0.75],[117.4988,-0.4022,0.75],[117.4992,-0.4015,0.75]]],
[[[117.4996,-0.4011,1.0],[117.4998,-0.4007,1.0],[117.4992,-0.4008,1.0],[117.4993,-0.4013,0.75],[117.4996,-0.4011,1.0]]],
[[[117.4531,-0.4621,0.5939],[117.4552,-0.4528,3.7368],[117.4514,-0.4475,7.1565],[117.4449,-0.4511,0.25],[117.4418,-0.4562,0.949],[117.4368,-0.4571,0.5],[117.4375,-0.4599,1.1713],[117.439,-0.46,1.399],[117.4402,-0.4611,1.399],[117.4398,-0.4625,1.3516],[117.4367,-0.4644,0.8375],[117.4398,-0.471,4.83],[117.4353,-0.4727,4.5308],[117.4352,-0.4771,2.9535],[117.4305,-0.4772,2.3097],[117.4294,-0.4797,6.192],[117.4373,-0.4838,2.5948],[117.4416,-0.4762,1.7809],[117.4531,-0.4621,0.5939]]],
[[[117.4841,-0.5044,6.2275],[117.4838,-0.5045,6.2275],[117.4839,-0.505,4.7388],[117.4844,-0.5046,4.7388],[117.4841,-0.5044,6.2275]]],
[[[117.4761,-0.5052,3.7627],[117.4755,-0.5058,2.8082],[117.4755,-0.5064,2.4229],[117.4762,-0.5062,3.7627],[117.4761,-0.5052,3.7627]]],
[[[117.4841,-0.5037,6.2275],[117.4836,-0.5038,0.25],[117.4836,-0.504,0.25],[117.4839,-0.5041,6.2275],[117.4841,-0.5037,6.2275]]],
[[[117.4794,-0.5068,4.6529],[117.4791,-0.5071,4.6529],[117.4794,-0.5073,4.6529],[117.4796,-0.5071,4.6529],[117.4794,-0.5068,4.6529]]],
[[[117.4768,-0.5055,3.7627],[117.476,-0.507,3.4734],[117.4761,-0.5073,3.4734],[117.4774,-0.5065,3.4734],[117.4768,-0.5055,3.7627]]],
[[[117.5677,-0.5553,1.0],[117.568,-0.555,1.0],[117.5678,-0.5547,1.0],[117.5675,-0.555,1.0],[117.5677,-0.5553,1.0]]],
[[[117.5668,-0.5561,1.0],[117.5663,-0.5566,1.0],[117.567,-0.5569,1.0],[117.5671,-0.5564,1.0],[117.5668,-0.5561,1.0]]],
[[[117.5685,-0.5532,1.0],[117.5682,-0.5535,1.0],[117.5684,-0.5538,1.0],[117.5686,-0.5535,1.0],[117.5685,-0.5532,1.0]]],
[[[117.4092,-0.5424,0.9834],[117.4093,-0.5491,3.4362],[117.4117,-0.5498,4.9072],[117.4147,-0.5459,5.6504],[117.4126,-0.5409,0.0],[117.4092,-0.5424,0.9834]]],
[[[117.3919,-0.5356,6.8066],[117.3917,-0.5341,7.7039],[117.3907,-0.534,6.3469],[117.3909,-0.5356,6.057],[117.3919,-0.5356,6.8066]]],
[[[117.5621,-0.5075,1.5],[117.5712,-0.5076,5.0545],[117.5737,-0.5037,1.4924],[117.5664,-0.4988,2.6515],[117.5609,-0.5016,23.8502],[117.5527,-0.5029,4.9468],[117.549,-0.5063,5.7646],[117.5542,-0.5089,2.9291],[117.5621,-0.5075,1.5]]],
[[[117.491,-0.5204,1.9351],[117.4898,-0.5215,0.0],[117.4942,-0.5209,3.5228],[117.4981,-0.517,4.4338],[117.4952,-0.5178,0.7657],[117.491,-0.5204,1.9351]]],
[[[117.5225,-0.5296,1.6731],[117.5239,-0.5315,1.4233],[117.5273,-0.5305,1.0892],[117.5367,-0.5179,1.6045],[117.5362,-0.5136,1.7818],[117.5385,-0.5093,0.0],[117.5382,-0.5066,2.4753],[117.5098,-0.5134,1.2069],[117.4989,-0.5229,0.0],[117.5034,-0.5266,0.6813],[117.5127,-0.5279,3.4928],[117.517,-0.5273,2.6571],[117.5179,-0.5228,1.7804],[117.5188,-0.5279,1.0486],[117.5213,-0.5277,4.4909],[117.5225,-0.5296,1.6731]]],
[[[117.499,-0.5167,6.3269],[117.4985,-0.5186,1.1465],[117.5081,-0.5106,1.9668],[117.5036,-0.5126,0.0],[117.499,-0.5167,6.3269]]],
[[[117.4788,-0.5087,2.8187],[117.4786,-0.5093,2.8187],[117.4792,-0.51,5.785],[117.4795,-0.509,2.8187],[117.4788,-0.5087,2.8187]]],
[[[117.4812,-0.5076,2.2438],[117.4804,-0.5076,2.2438],[117.4803,-0.5084,2.6799],[117.4814,-0.508,2.6799],[117.4812,-0.5076,2.2438]]],
[[[117.4796,-0.5079,4.6529],[117.4794,-0.508,2.8187],[117.4797,-0.5083,2.6799],[117.4798,-0.5081,2.6799],[117.4796,-0.5079,4.6529]]],
[[[117.4474,-0.5043,1.6207],[117.4445,-0.5068,0.0],[117.4446,-0.5084,0.0],[117.4546,-0.5014,8.099],[117.4527,-0.5015,8.4784],[117.4474,-0.5043,1.6207]]],
[[[117.6283,-0.4195,0.0],[117.6204,-0.4192,2.492],[117.6069,-0.41,1.4702],[117.5902,-0.4174,2.5636],[117.5845,-0.4237,1.41],[117.5616,-0.4371,1.5],[117.5697,-0.4416,1.5],[117.5752,-0.4401,8.0017],[117.5752,-0.4443,2.3459],[117.5785,-0.4409,7.0377],[117.5762,-0.4456,1.1623],[117.5744,-0.444,2.3459],[117.5745,-0.4409,8.0017],[117.5702,-0.4431,1.6561],[117.5597,-0.4379,1.5],[117.5575,-0.4401,1.9466],[117.5581,-0.4443,3.0176],[117.5663,-0.4502,1.0],[117.5668,-0.4527,1.0],[117.5618,-0.4557,2.4844],[117.5613,-0.4622,0.25],[117.5599,-0.4627,0.25],[117.5546,-0.459,1.8078],[117.5548,-0.4645,1.6173],[117.5507,-0.4642,1.2465],[117.551,-0.4657,1.1546],[117.5531,-0.4686,3.8189],[117.5565,-0.4693,6.8708],[117.5634,-0.4643,0.25],[117.5684,-0.4681,1.9709],[117.5702,-0.468,3.4349],[117.5702,-0.4645,1.0],[117.5728,-0.4634,1.0],[117.581,-0.4647,5.5462],[117.5826,-0.4619,8.7555],[117.5872,-0.464,2.0978],[117.6017,-0.4452,1.7969],[117.5969,-0.454,0.75],[117.5929,-0.4572,1.0],[117.5938,-0.4589,2.9521],[117.5988,-0.4579,0.7038],[117.5921,-0.461,8.6217],[117.5915,-0.4628,3.8273],[117.5947,-0.4662,6.8976],[117.5923,-0.4753,1.8015],[117.5951,-0.4742,3.3334],[117.5993,-0.4756,3.8145],[117.5944,-0.4861,0.0],[117.5946,-0.488,0.0],[117.5967,-0.4879,0.0],[117.6043,-0.4762,3.2589],[117.6239,-0.4566,0.0],[117.6333,-0.444,0.0],[117.6349,-0.4302,0.0],[117.6328,-0.4247,0.0],[117.6283,-0.4195,0.0]]],
[[[117.438,-0.4608,1.1713],[117.4375,-0.4631,0.8375],[117.4376,-0.4633,0.8375],[117.4398,-0.4619,1.3516],[117.438,-0.4608,1.1713]]],
[[[117.5014,-0.4526,8.8284],[117.4977,-0.4591,9.0948],[117.511,-0.4501,0.0],[117.5207,-0.4403,0.0],[117.5244,-0.434,2.3589],[117.5154,-0.4428,0.0],[117.5014,-0.4526,8.8284]]],
[[[117.535,-0.4164,1.1011],[117.5538,-0.3934,0.0],[117.5551,-0.3883,0.0],[117.5518,-0.3826,0.0],[117.5453,-0.3842,0.0],[117.5353,-0.3949,3.4753],[117.5289,-0.3988,1.6221],[117.5227,-0.4001,1.0],[117.5132,-0.3989,0.0],[117.5094,-0.4004,0.0],[117.5161,-0.4132,8.0514],[117.5094,-0.4253,4.3074],[117.5108,-0.4263,1.368],[117.5112,-0.4348,2.6952],[117.4992,-0.4404,2.2248],[117.4925,-0.4406,1.3947],[117.4941,-0.4429,1.4633],[117.4921,-0.4424,3.5915],[117.4914,-0.4407,0.0],[117.487,-0.4422,2.9944],[117.4841,-0.4517,1.7592],[117.4849,-0.4541,1.1224],[117.484,-0.4522,1.7592],[117.4746,-0.4614,2.3486],[117.4778,-0.4652,5.1353],[117.4739,-0.4626,2.3486],[117.4717,-0.473,1.0],[117.4697,-0.4747,1.0],[117.4656,-0.4752,1.0],[117.4636,-0.4771,2.4744],[117.4659,-0.4806,1.0],[117.4656,-0.4832,1.0],[117.46,-0.4862,3.0334],[117.4572,-0.4903,9.9519],[117.4514,-0.4942,10.662],[117.4493,-0.4981,1.7763],[117.4551,-0.4982,0.0],[117.4614,-0.4954,0.0],[117.4808,-0.4819,2.0553],[117.4968,-0.4546,4.3583],[117.5208,-0.4361,1.7045],[117.535,-0.4164,1.1011]]],
[[[117.3137,-0.5742,0.7679],[117.3205,-0.5752,0.0],[117.3118,-0.5694,0.0],[117.3095,-0.5725,0.897],[117.3137,-0.5742,0.7679]]],
[[[117.3841,-0.5734,3.659],[117.3812,-0.5732,5.902],[117.3785,-0.5755,1.3837],[117.3831,-0.5741,3.659],[117.3841,-0.5734,3.659]]],
[[[117.2639,-0.8294,4.734],[117.2634,-0.8297,0.0],[117.2638,-0.8302,10.5948],[117.2641,-0.8299,10.5948],[117.2639,-0.8294,4.734]]],
[[[117.2573,-0.8298,11.3518],[117.2569,-0.8244,0.0],[117.2551,-0.8278,0.0],[117.255,-0.833,0.0],[117.2573,-0.8298,11.3518]]],
[[[117.2617,-0.8592,4.1943],[117.2591,-0.8541,10.0906],[117.2569,-0.8531,6.2491],[117.2556,-0.8569,4.3724],[117.2553,-0.8826,0.0],[117.2574,-0.8854,0.9275],[117.2579,-0.8843,17.7683],[117.2617,-0.8862,8.8824],[117.263,-0.8846,8.8824],[117.2634,-0.8686,2.737],[117.2617,-0.8592,4.1943]]],
[[[117.259,-0.8538,10.0906],[117.2609,-0.8554,8.7603],[117.2595,-0.8503,1.81],[117.2576,-0.8525,9.2531],[117.259,-0.8538,10.0906]]],
[[[117.2585,-0.8488,6.5207],[117.2589,-0.8469,2.4287],[117.2563,-0.8475,4.7967],[117.2564,-0.8521,2.1081],[117.2581,-0.8506,4.2652],[117.2585,-0.8488,6.5207]]],
[[[117.2556,-0.8447,4.3732],[117.2561,-0.8462,4.3732],[117.259,-0.8456,2.1934],[117.2583,-0.8428,1.5068],[117.2556,-0.8447,4.3732]]],
[[[117.2567,-0.8412,4.2587],[117.2563,-0.8428,9.9327],[117.2577,-0.8399,0.0],[117.2573,-0.8402,4.2587],[117.2567,-0.8412,4.2587]]],
[[[117.4959,-0.795,0.0],[117.4989,-0.7969,2.7136],[117.494,-0.7909,8.5933],[117.4953,-0.793,2.6593],[117.4959,-0.795,0.0]]],
[[[117.4261,-0.8698,6.2868],[117.4259,-0.8711,6.2868],[117.4256,-0.8708,6.2868],[117.4256,-0.8699,6.2868],[117.4267,-0.8689,4.4343],[117.4245,-0.8668,3.306],[117.4264,-0.8635,1.1694],[117.4256,-0.8623,0.6927],[117.416,-0.8711,1.463],[117.4225,-0.8749,0.1549],[117.4248,-0.8864,0.0],[117.4288,-0.8878,2.0562],[117.4309,-0.8906,6.279],[117.4352,-0.8911,6.517],[117.4345,-0.8853,0.8905],[117.4363,-0.884,0.0],[117.434,-0.8801,1.5471],[117.4331,-0.8759,1.6625],[117.4354,-0.8713,4.1643],[117.4331,-0.8703,2.2407],[117.4322,-0.8673,0.8268],[117.4299,-0.8709,1.4591],[117.4282,-0.8713,0.5],[117.4287,-0.8727,2.0147],[117.4279,-0.8714,0.5],[117.4284,-0.8708,1.4591],[117.4299,-0.8707,1.4591],[117.4295,-0.8696,1.4591],[117.43,-0.8687,3.1264],[117.4261,-0.8698,6.2868]]],
[[[117.4097,-0.8682,3.2075],[117.4095,-0.868,1.7413],[117.4092,-0.8688,1.7413],[117.4097,-0.8684,3.2075],[117.4097,-0.8682,3.2075]]],
[[[117.4877,-0.8283,11.3323],[117.4786,-0.8181,8.134],[117.4693,-0.8111,0.0],[117.4701,-0.8174,1.8267],[117.4668,-0.8256,1.3533],[117.4703,-0.8317,2.2188],[117.4819,-0.8393,8.8721],[117.4875,-0.8395,18.5961],[117.4912,-0.8382,6.8116],[117.4932,-0.8356,1.7622],[117.4877,-0.8283,11.3323]]],
[[[117.4786,-0.8154,8.2555],[117.4811,-0.8166,2.4256],[117.4828,-0.8152,15.4759],[117.4778,-0.8075,0.0],[117.4692,-0.8027,0.0],[117.4715,-0.809,13.6452],[117.4786,-0.8154,8.2555]]],
[[[117.382,-0.8324,3.7895],[117.3833,-0.8354,0.0],[117.3809,-0.827,0.8819],[117.381,-0.8292,3.2198],[117.382,-0.8324,3.7895]]],
[[[117.2775,-0.8109,5.4033],[117.2773,-0.8091,2.5635],[117.2759,-0.8095,1.3446],[117.2771,-0.81,5.4033],[117.2775,-0.8109,5.4033]]],
[[[117.2736,-0.857,9.8781],[117.2727,-0.8499,8.865],[117.2746,-0.8454,0.0],[117.267,-0.8453,4.4139],[117.2685,-0.8479,9.2945],[117.26653108108107,-0.846643243243232,4.191],[117.2688,-0.8498,0.765],[117.2686,-0.8563,9.279],[117.2655,-0.8571,3.3446],[117.2649,-0.8588,1.0934],[117.267,-0.8665,3.072],[117.2667,-0.881,4.8856],[117.2687,-0.8848,0.0],[117.2755,-0.8878,5.9278],[117.2771,-0.884,2.7961],[117.2769,-0.8778,1.8485],[117.2736,-0.857,9.8781]]],
[[[117.2664803960396,-0.846610891089106,4.191],[117.26653108108107,-0.846643243243232,4.191],[117.2665,-0.8466,4.191],[117.2664803960396,-0.846610891089106,4.191]]],
[[[117.2664803960396,-0.846610891089106,4.191],[117.2638,-0.8449,4.7975],[117.2741,-0.8449,0.0],[117.2852,-0.8264,3.2788],[117.2833,-0.822,1.8347],[117.2781,-0.8174,3.1955],[117.2775,-0.8113,5.1694],[117.2751,-0.8095,1.3446],[117.2672,-0.8125,0.9223],[117.2635,-0.8215,0.0],[117.2629,-0.8289,0.0],[117.2708,-0.8254,7.6521],[117.2793,-0.8316,10.2914],[117.2769,-0.8303,9.9595],[117.2691,-0.8422,3.8626],[117.2719,-0.8356,9.2714],[117.2766,-0.8301,9.9595],[117.2709,-0.8259,7.6521],[117.2681,-0.8292,7.4501],[117.266,-0.8284,4.33],[117.2641,-0.8306,10.5948],[117.2629,-0.8304,0.0],[117.2621,-0.8386,0.0],[117.2624,-0.8399,0.0],[117.2636,-0.8394,7.464],[117.2623,-0.841,0.0],[117.2641,-0.8562,4.4505],[117.2684,-0.8549,0.4834],[117.2684,-0.8502,0.765],[117.2656,-0.8471,4.3236],[117.2664803960396,-0.846610891089106,4.191]]],
[[[117.2701,-0.8098,4.054],[117.2758,-0.8082,1.3446],[117.2769,-0.8034,4.3899],[117.2658,-0.8101,0.0],[117.2701,-0.8098,4.054]]],
[[[117.4938,-0.6086,3.4822],[117.498,-0.6132,2.9558],[117.5018,-0.6097,1.0],[117.4977,-0.5966,0.0],[117.4935,-0.602,0.25],[117.4938,-0.6086,3.4822]]],
[[[117.4929,-0.5966,0.0],[117.4921,-0.5982,0.0],[117.4924,-0.5994,0.0],[117.493,-0.5986,0.0],[117.4929,-0.5966,0.0]]],
[[[117.5189,-0.5957,1.0],[117.5186,-0.5957,1.0],[117.5184,-0.597,1.0],[117.5188,-0.597,1.0],[117.5189,-0.5957,1.0]]],
[[[117.5127,-0.5946,2.9753],[117.5151,-0.5974,2.2062],[117.5133,-0.5953,2.9753],[117.5127,-0.5908,4.3507],[117.5127,-0.5946,2.9753]]],
[[[117.4551,-0.7651,3.3318],[117.4546,-0.7652,1.9229],[117.4544,-0.7655,1.9229],[117.4548,-0.7655,1.9229],[117.4551,-0.7651,3.3318]]],
[[[117.4378,-0.7392,4.6424],[117.4373,-0.7396,1.7357],[117.4371,-0.7403,1.7357],[117.438,-0.7398,1.7357],[117.4378,-0.7392,4.6424]]],
[[[117.3485,-0.769,5.0453],[117.3429,-0.7676,0.0],[117.3466,-0.7746,0.9583],[117.3535,-0.782,0.0],[117.3534,-0.7775,3.7859],[117.3485,-0.769,5.0453]]],
[[[117.4656,-0.7564,1.4373],[117.4639,-0.75,1.671],[117.4613,-0.7474,1.5506],[117.4422,-0.7416,2.9732],[117.4372,-0.7462,0.0],[117.438,-0.7517,0.0],[117.441,-0.7555,2.5643],[117.4528,-0.7651,0.0],[117.4557,-0.7637,5.3069],[117.4553,-0.7655,3.3318],[117.4544,-0.7664,0.0],[117.4684,-0.7857,1.5011],[117.4841,-0.8001,2.7213],[117.4912,-0.8025,5.4036],[117.4931,-0.7962,0.0],[117.4873,-0.7872,0.0],[117.4822,-0.7724,0.8997],[117.4721,-0.7671,2.5399],[117.4691,-0.7681,6.5876],[117.471,-0.7669,6.3577],[117.4662,-0.7629,3.4526],[117.4658,-0.758,0.0],[117.464,-0.7576,5.4001],[117.4656,-0.7564,1.4373]]],
[[[117.3768,-0.7689,2.8963],[117.3775,-0.7677,11.1033],[117.3761,-0.7673,3.7639],[117.3749,-0.7691,3.0688],[117.3762,-0.7693,3.0688],[117.3768,-0.7689,2.8963]]],
[[[117.3953,-0.7516,0.5],[117.3949,-0.7516,1.2305],[117.3948,-0.752,1.2305],[117.3952,-0.752,1.2305],[117.3953,-0.7516,0.5]]],
[[[117.4373,-0.742,1.7612],[117.4379,-0.7441,0.0],[117.4397,-0.7431,6.9557],[117.4395,-0.739,2.2506],[117.4373,-0.7409,1.7357],[117.4373,-0.742,1.7612]]],
[[[117.4461,-0.7861,0.125],[117.4317,-0.7721,1.6354],[117.4098,-0.755,1.7694],[117.4054,-0.7536,0.0],[117.4048,-0.7672,0.0],[117.4116,-0.7842,0.0],[117.415,-0.7858,1.9401],[117.4192,-0.7821,0.9371],[117.4248,-0.7802,0.0],[117.4314,-0.7818,0.25],[117.4359,-0.7868,0.0],[117.4427,-0.8044,17.3516],[117.4451,-0.806,5.1593],[117.4463,-0.8045,12.1754],[117.4493,-0.8043,0.9683],[117.4508,-0.8009,0.6736],[117.4496,-0.7989,0.8534],[117.4508,-0.8,0.6736],[117.4514,-0.8015,6.0052],[117.4496,-0.8047,0.5],[117.4463,-0.8054,5.1593],[117.4543,-0.8112,6.3623],[117.4642,-0.8218,0.0],[117.4677,-0.8174,0.0],[117.4656,-0.8073,0.0],[117.4461,-0.7861,0.125]]],
[[[117.4778,-0.7464,1.077],[117.4709,-0.7462,3.4866],[117.4629,-0.743,1.7944],[117.4624,-0.7457,0.0],[117.4655,-0.7504,0.5],[117.4682,-0.7619,2.0336],[117.4714,-0.7651,0.9106],[117.4824,-0.7704,1.4598],[117.4817,-0.7657,3.1413],[117.4792,-0.7633,7.3628],[117.4814,-0.7608,9.117],[117.4795,-0.7595,11.0681],[117.4806,-0.757,9.6574],[117.4787,-0.7551,8.5909],[117.4798,-0.7552,6.4825],[117.4809,-0.7573,9.6574],[117.4799,-0.7594,7.4107],[117.4812,-0.7601,9.117],[117.4824,-0.7626,9.7023],[117.4838,-0.7622,8.9395],[117.4836,-0.7628,9.7023],[117.4825,-0.7629,9.7023],[117.482,-0.7626,9.7023],[117.4814,-0.7616,9.005],[117.4795,-0.7634,7.3628],[117.4818,-0.7652,7.5447],[117.4833,-0.7693,8.5085],[117.4828,-0.7714,0.8997],[117.4893,-0.7852,0.0],[117.4928,-0.7913,0.0],[117.4942,-0.7907,10.1452],[117.4991,-0.7944,8.1145],[117.4997,-0.7969,2.7136],[117.5087,-0.8073,0.0],[117.5144,-0.8111,0.0],[117.5199,-0.8124,3.7851],[117.5243,-0.81,4.5078],[117.5235,-0.8071,0.5],[117.5303,-0.812,19.3982],[117.5472,-0.8018,5.7665],[117.5498,-0.7949,3.4352],[117.5485,-0.7916,6.977],[117.5348,-0.7875,2.2488],[117.5154,-0.7772,0.0],[117.507,-0.7756,1.677],[117.5171,-0.7647,1.0975],[117.5144,-0.7602,0.25],[117.5026,-0.7569,1.2378],[117.5013,-0.7513,0.5],[117.497,-0.7493,3.1352],[117.482,-0.7505,3.272],[117.4778,-0.7464,1.077]]],
[[[117.3222,-0.8915,0.0],[117.325,-0.8935,0.0],[117.3251,-0.8981,0.0],[117.3293,-0.9056,0.0],[117.3369,-0.9112,8.1214],[117.3435,-0.9139,0.0],[117.3491,-0.9089,0.0],[117.3585,-0.8957,1.0249],[117.3566,-0.8875,0.7617],[117.3578,-0.8811,1.1491],[117.3621,-0.8812,0.125],[117.3626,-0.8886,9.8317],[117.3694,-0.8901,7.6793],[117.3751,-0.8894,2.5239],[117.3877,-0.8826,0.4047],[117.393,-0.8769,1.843],[117.3902,-0.8671,0.2926],[117.3864,-0.8604,1.7143],[117.3761,-0.848,0.851],[117.3746,-0.8479,0.0],[117.3726,-0.8413,0.0],[117.3734,-0.8336,0.0],[117.3702,-0.8251,2.8109],[117.3624,-0.8152,1.1888],[117.3606,-0.8142,1.0619],[117.3596,-0.8161,2.9317],[117.3553,-0.813,9.5547],[117.347,-0.8032,8.8049],[117.3455,-0.7976,10.5172],[117.3476,-0.8031,8.8049],[117.3543,-0.8111,4.4269],[117.3601,-0.814,5.3776],[117.3494,-0.7891,8.9311],[117.3375,-0.7771,10.1187],[117.3364,-0.773,6.3415],[117.3289,-0.7665,7.0907],[117.3289,-0.7504,5.7014],[117.3209,-0.7288,9.9477],[117.3174,-0.692,0.0],[117.3151,-0.6861,0.7499],[117.3077,-0.6762,0.0],[117.298,-0.7002,0.0],[117.2952,-0.7172,1.6708],[117.2909,-0.7282,4.4577],[117.2912,-0.7491,5.364],[117.2978,-0.7703,0.0],[117.2962,-0.7765,1.8013],[117.2909,-0.7829,5.6669],[117.2917,-0.7977,4.6814],[117.2932,-0.8003,1.2692],[117.2984,-0.802,0.0],[117.3004,-0.8056,1.4515],[117.301,-0.8169,8.991],[117.3061,-0.8345,0.0],[117.3127,-0.8365,2.8266],[117.3167,-0.8341,11.2487],[117.3277,-0.8337,2.8157],[117.337,-0.8372,2.7667],[117.3427,-0.834,3.4912],[117.3428,-0.8304,2.6457],[117.338,-0.8224,0.0],[117.3269,-0.8086,2.7513],[117.3174,-0.803,0.745],[117.3144,-0.7964,1.7607],[117.3154,-0.7926,2.3341],[117.3229,-0.7865,7.3307],[117.316,-0.7827,1.5385],[117.3141,-0.7769,8.4016],[117.3152,-0.773,2.5476],[117.3201,-0.7695,0.0],[117.3156,-0.765,6.5611],[117.3142,-0.7612,6.5633],[117.3144,-0.75,6.1411],[117.3189,-0.75,1.1056],[117.3176,-0.7625,10.7182],[117.3233,-0.7668,4.2426],[117.3216,-0.7743,3.1531],[117.3244,-0.7738,5.357],[117.3257,-0.7745,5.6463],[117.3253,-0.7735,5.357],[117.3259,-0.7728,7.1269],[117.3271,-0.774,5.6463],[117.3269,-0.7743,5.6463],[117.326,-0.7741,5.6463],[117.3258,-0.7732,5.6463],[117.3255,-0.7735,5.6463],[117.3259,-0.7747,2.2388],[117.3244,-0.7746,8.933],[117.3264,-0.7763,3.0519],[117.3253,-0.7761,8.933],[117.3241,-0.7743,5.357],[117.3211,-0.7753,0.0],[117.3193,-0.7795,9.5312],[117.3255,-0.781,6.3523],[117.3274,-0.7846,9.1118],[117.3269,-0.7881,4.3206],[117.3198,-0.7986,5.0721],[117.3404,-0.8097,0.0],[117.3431,-0.8131,0.0],[117.3472,-0.8243,1.9889],[117.3475,-0.8328,0.0],[117.343,-0.8393,0.0],[117.3163,-0.8491,0.0],[117.3108,-0.8557,0.0],[117.3149,-0.8782,0.0],[117.3187,-0.8818,0.0],[117.319,-0.8866,1.42],[117.3222,-0.8915,0.0]]],
[[[117.3945,-0.7456,1.0],[117.3904,-0.7394,3.2802],[117.3815,-0.7396,0.9657],[117.3794,-0.7501,0.944],[117.3753,-0.7545,1.1396],[117.3811,-0.7576,1.0914],[117.3841,-0.757,2.6561],[117.387,-0.7608,0.5808],[117.3875,-0.7654,1.0],[117.3854,-0.7693,0.25],[117.3865,-0.7717,0.375],[117.3928,-0.7698,0.3602],[117.3921,-0.7669,1.2941],[117.3941,-0.7631,3.8897],[117.3918,-0.7628,0.7937],[117.3907,-0.7605,0.5],[117.3952,-0.7569,0.5],[117.3941,-0.7503,1.0319],[117.3898,-0.7519,0.9929],[117.3887,-0.7512,0.566],[117.3888,-0.7498,0.566],[117.3898,-0.7514,0.9929],[117.3927,-0.7498,1.0205],[117.3907,-0.7458,1.9409],[117.3956,-0.7516,0.5],[117.3952,-0.7583,1.0175],[117.3914,-0.7607,1.4171],[117.3952,-0.7633,3.8897],[117.3955,-0.7667,0.5905],[117.3942,-0.7652,0.5873],[117.3928,-0.7676,1.2941],[117.396,-0.7697,1.4427],[117.3962,-0.7723,0.0],[117.3938,-0.7734,1.4165],[117.3942,-0.7722,1.6699],[117.3958,-0.7721,0.0],[117.3949,-0.7697,0.25],[117.3881,-0.7723,0.375],[117.3855,-0.7717,0.375],[117.3847,-0.7689,0.5],[117.3866,-0.762,0.5],[117.3821,-0.7579,1.0914],[117.382,-0.7675,0.4996],[117.3736,-0.7778,4.0908],[117.3764,-0.7791,5.5495],[117.3849,-0.7744,0.5],[117.3921,-0.7765,0.0],[117.4104,-0.8184,1.7942],[117.4135,-0.8325,0.0],[117.4157,-0.8365,0.0],[117.4272,-0.8314,0.0],[117.4271,-0.8296,19.5552],[117.4395,-0.8167,5.6092],[117.4399,-0.8143,2.0042],[117.4351,-0.8045,0.0],[117.4327,-0.7953,0.0],[117.4284,-0.8013,0.8147],[117.4238,-0.7978,0.5],[117.4248,-0.7944,1.5792],[117.4232,-0.7931,2.9784],[117.4205,-0.7935,2.649],[117.4191,-0.7961,1.0333],[117.4219,-0.8002,1.4353],[117.4219,-0.8072,0.5],[117.4245,-0.8091,6.8552],[117.4232,-0.8106,6.7814],[117.4259,-0.8114,7.4606],[117.4255,-0.8128,7.4606],[117.4229,-0.8108,6.7814],[117.4231,-0.8101,6.7814],[117.4243,-0.8092,6.8552],[117.4228,-0.8093,8.708],[117.4225,-0.8078,7.067],[117.4215,-0.81,0.375],[117.4234,-0.8132,1.9228],[117.4226,-0.8152,0.5],[117.4189,-0.8154,3.181],[117.4186,-0.8078,1.4568],[117.4162,-0.8084,5.5783],[117.4167,-0.8106,1.6585],[117.4157,-0.8108,2.4213],[117.4143,-0.8102,2.4213],[117.4134,-0.8116,0.0],[117.4137,-0.8097,2.0746],[117.4161,-0.8105,1.6585],[117.4159,-0.8082,5.5783],[117.4175,-0.8074,6.6636],[117.4189,-0.8077,1.4568],[117.4199,-0.811,0.375],[117.4195,-0.8139,0.5443],[117.4226,-0.8148,0.5],[117.421,-0.8103,0.375],[117.4213,-0.8002,1.4353],[117.4186,-0.7956,1.0333],[117.4211,-0.7927,1.4609],[117.4243,-0.7931,1.5792],[117.4255,-0.7949,0.8708],[117.4244,-0.7976,1.12],[117.4266,-0.7982,0.8079],[117.4284,-0.8004,1.9145],[117.4322,-0.7934,0.4675],[117.4312,-0.793,0.4675],[117.4326,-0.7929,0.0],[117.4332,-0.7883,0.0],[117.4322,-0.7867,7.0479],[117.4258,-0.7859,0.0],[117.4141,-0.7881,1.8273],[117.4092,-0.7858,1.272],[117.4021,-0.7676,1.2193],[117.4005,-0.7563,0.375],[117.3945,-0.7456,1.0]]],
[[[117.3295,-0.742,10.6505],[117.3308,-0.7467,0.0],[117.3317,-0.7373,3.8825],[117.3274,-0.7263,1.514],[117.3263,-0.7302,11.6185],[117.3295,-0.742,10.6505]]],
[[[117.3258,-0.7259,1.0151],[117.3256,-0.7266,8.0078],[117.3256,-0.7293,11.7311],[117.3264,-0.7261,1.0151],[117.3258,-0.7259,1.0151]]],
[[[117.4356,-0.738,0.0],[117.4369,-0.7394,4.6424],[117.4374,-0.7368,9.9232],[117.4355,-0.7367,3.1579],[117.4356,-0.738,0.0]]],
[[[117.3591,-0.6554,0.0],[117.3632,-0.658,0.0],[117.3614,-0.6554,1.7061],[117.3589,-0.6543,0.0],[117.3591,-0.6554,0.0]]],
[[[117.4331,-0.5952,0.4626],[117.4288,-0.5977,0.0],[117.425,-0.5948,0.9329],[117.4249,-0.5914,0.0],[117.4322,-0.5873,1.2856],[117.425,-0.5841,1.929],[117.4199,-0.5912,6.8463],[117.4187,-0.5978,0.25],[117.4162,-0.598,1.7476],[117.4124,-0.5928,2.164],[117.4083,-0.5969,4.8115],[117.4092,-0.5998,6.9158],[117.4082,-0.6023,5.4954],[117.40637092511014,-0.602147577092511,7.8531],[117.4063,-0.6022,7.8531],[117.40630608695652,-0.602142173913044,7.8531],[117.4058,-0.6021,7.8531],[117.4058,-0.5984,6.2122],[117.4036,-0.5998,4.1104],[117.4052,-0.6037,8.819],[117.404,-0.6043,8.819],[117.4007,-0.6048,8.4324],[117.4049,-0.6112,4.6399],[117.4067,-0.6107,2.3498],[117.4088,-0.6058,4.6398],[117.4114,-0.6064,6.8328],[117.4127,-0.6091,1.4958],[117.4119,-0.6119,4.2129],[117.4162,-0.6129,10.0906],[117.4175,-0.6149,2.8239],[117.4144,-0.6199,2.9558],[117.4198,-0.6237,0.0],[117.4222,-0.6296,1.2749],[117.4261,-0.628,2.5629],[117.4276,-0.6226,7.4233],[117.4304,-0.6214,1.462],[117.4329,-0.6224,2.6516],[117.4352,-0.6291,5.3616],[117.438,-0.6314,0.0],[117.4407,-0.6299,0.0],[117.4407,-0.6275,0.5],[117.442,-0.6298,0.0],[117.4439,-0.6285,0.125],[117.445,-0.6191,3.0976],[117.4457,-0.6228,9.6034],[117.4485,-0.6208,2.6562],[117.4492,-0.615,1.8159],[117.4465,-0.6092,2.119],[117.4389,-0.6085,0.8301],[117.4351,-0.6119,2.1178],[117.4366,-0.6166,2.4087],[117.4339,-0.6122,3.9287],[117.4307,-0.6149,6.4397],[117.4321,-0.6101,0.497],[117.4297,-0.6088,2.8162],[117.4255,-0.6107,2.2482],[117.4259,-0.6168,8.0763],[117.4248,-0.6172,8.0763],[117.4249,-0.6136,2.4308],[117.4218,-0.6122,1.4047],[117.4227,-0.6091,6.2005],[117.4196,-0.6098,5.8601],[117.4157,-0.6071,9.962],[117.4178,-0.6063,4.5529],[117.4172,-0.6046,4.8346],[117.4184,-0.6063,1.489],[117.4173,-0.6075,4.5529],[117.4228,-0.6087,6.2005],[117.4234,-0.6101,7.2395],[117.4226,-0.6123,5.3964],[117.4239,-0.6126,5.3964],[117.42529999999999,-0.6097,2.2482],[117.4245,-0.6071,7.1062],[117.4274,-0.6083,4.4274],[117.4284,-0.607,4.2367],[117.4255,-0.606,4.8272],[117.4246,-0.6029,6.8344],[117.4263,-0.6043,6.7],[117.4251,-0.6041,6.8484],[117.4258,-0.606,4.8272],[117.429,-0.6062,1.5749],[117.4277,-0.6086,4.4274],[117.4248,-0.6078,7.1062],[117.42529999999999,-0.6092,7.1892],[117.4282,-0.609,4.4274],[117.4307,-0.6077,4.2876],[117.434,-0.6109,1.1489],[117.4367,-0.6097,0.25],[117.4383,-0.6054,8.8111],[117.4328,-0.605,6.3255],[117.4306,-0.6022,0.25],[117.4307,-0.6003,0.0],[117.4337,-0.5983,0.125],[117.4331,-0.5952,0.4626]]],
[[[117.40630608695652,-0.602142173913044,7.8531],[117.40637092511014,-0.602147577092511,7.8531],[117.4086,-0.6005,6.9158],[117.4077,-0.5978,4.8115],[117.4094,-0.594,5.341],[117.408,-0.5953,6.6297],[117.4077,-0.5929,5.788],[117.4048,-0.5945,7.0709],[117.4026,-0.5938,6.8955],[117.4033,-0.5925,9.8715],[117.4048,-0.5938,7.0709],[117.4078,-0.5922,5.788],[117.4083,-0.5945,5.341],[117.4088,-0.5927,5.788],[117.4102,-0.5935,3.344],[117.4119,-0.5927,2.164],[117.4148,-0.593,9.572],[117.4169,-0.589,7.9386],[117.4146,-0.5889,6.1447],[117.414,-0.5869,7.4708],[117.4124,-0.5869,2.7138],[117.4142,-0.5862,3.8828],[117.415,-0.5883,6.1447],[117.4173,-0.5889,7.9386],[117.4146,-0.5942,9.572],[117.4169,-0.5976,6.51],[117.4183,-0.597,0.25],[117.4187,-0.592,3.4763],[117.4228,-0.5842,1.531],[117.4207,-0.5816,7.4491],[117.4206,-0.5766,3.7742],[117.4222,-0.579,4.3679],[117.4212,-0.5817,7.4491],[117.4236,-0.5834,1.531],[117.4263,-0.5838,1.4865],[117.4335,-0.5875,4.5919],[117.4317,-0.5846,3.6681],[117.4327,-0.5832,9.7909],[117.432,-0.5843,5.5129],[117.434,-0.5858,5.7831],[117.434,-0.5874,4.5919],[117.4258,-0.5931,0.0],[117.4289,-0.5967,0.0],[117.4319,-0.5941,1.076],[117.4344,-0.5953,0.9388],[117.4349,-0.5983,0.5183],[117.4319,-0.6015,0.25],[117.4345,-0.6042,2.6947],[117.4388,-0.6028,5.9271],[117.4383,-0.5963,1.0693],[117.4393,-0.5953,3.8844],[117.4403,-0.5954,3.8844],[117.4387,-0.5961,3.8844],[117.4396,-0.6013,5.9271],[117.439,-0.6038,4.3223],[117.4413,-0.607,0.8323],[117.4466,-0.607,0.0],[117.4502,-0.6129,0.4869],[117.4507,-0.6203,1.0363],[117.448,-0.628,0.0],[117.4508,-0.6296,0.0],[117.4546,-0.6289,2.3557],[117.4631,-0.6237,0.8431],[117.4696,-0.6235,0.0],[117.4686,-0.6185,1.6724],[117.4725,-0.6082,0.25],[117.469,-0.6046,1.3307],[117.4658,-0.6037,0.0],[117.4621,-0.5978,8.1659],[117.4613,-0.5986,7.4719],[117.462,-0.5973,8.1659],[117.4633,-0.5993,3.5438],[117.4631,-0.5957,6.6423],[117.4645,-0.5935,7.0838],[117.4621,-0.5917,6.4564],[117.4641,-0.5926,5.5851],[117.4622,-0.5845,1.2271],[117.4639,-0.5806,2.2331],[117.4626,-0.5758,0.375],[117.4565,-0.574,1.5],[117.4532,-0.5714,1.125],[117.4505,-0.5733,2.4386],[117.4507,-0.5717,7.0914],[117.4537,-0.569,7.0504],[117.4536,-0.5673,7.6113],[117.4583,-0.5662,2.5187],[117.4565,-0.5679,9.07],[117.4542,-0.5678,7.6113],[117.4541,-0.5697,6.3102],[117.4526,-0.5702,3.8101],[117.4562,-0.5716,2.6955],[117.4569,-0.5737,1.5],[117.4629,-0.5751,0.375],[117.4629,-0.5713,6.7349],[117.4644,-0.5676,3.9044],[117.4648,-0.5679,3.9044],[117.4645,-0.5703,4.1412],[117.4633,-0.5714,4.6645],[117.4646,-0.5723,4.6645],[117.4707,-0.5702,3.8983],[117.4704,-0.5676,3.4428],[117.4715,-0.5685,3.3464],[117.471,-0.5704,3.8983],[117.4671,-0.5728,4.4862],[117.4641,-0.5732,5.3645],[117.4635,-0.5776,2.2274],[117.4656,-0.5802,1.0524],[117.4634,-0.5842,0.25],[117.4668,-0.5951,0.0],[117.4705,-0.5961,1.125],[117.4719,-0.5988,1.1013],[117.4754,-0.5953,1.5],[117.4707,-0.588,1.7804],[117.4742,-0.5815,3.4018],[117.4718,-0.574,1.6322],[117.4725,-0.5733,1.6322],[117.4762,-0.5741,2.1914],[117.4751,-0.5701,2.3938],[117.4791,-0.5688,7.2012],[117.4772,-0.5688,7.8154],[117.4742,-0.5658,1.0],[117.4758,-0.5658,3.938],[117.4776,-0.5683,7.2012],[117.4796,-0.5684,7.2012],[117.4784,-0.5705,6.0437],[117.4758,-0.5701,6.0759],[117.4762,-0.5727,7.9982],[117.4792,-0.5738,5.1098],[117.4817,-0.571,7.5977],[117.4838,-0.5718,7.0081],[117.4787,-0.5748,2.5282],[117.4727,-0.574,1.6322],[117.4749,-0.5805,0.25],[117.4717,-0.587,2.699],[117.4725,-0.5892,2.7686],[117.478,-0.588,1.4597],[117.4806,-0.5902,0.0],[117.4879,-0.5879,4.6067],[117.4938,-0.5914,3.6478],[117.4941,-0.5895,1.5],[117.4918,-0.588,2.1452],[117.4927,-0.5813,10.9887],[117.4941,-0.5801,9.4195],[117.4927,-0.5784,10.0462],[117.4936,-0.5767,10.3077],[117.4946,-0.5803,9.4195],[117.4925,-0.5879,1.5],[117.495,-0.5901,0.0],[117.4993,-0.59,0.0],[117.5032,-0.5728,2.0],[117.5024,-0.5707,1.0],[117.4985,-0.5687,2.536],[117.4835,-0.5664,8.5342],[117.4758,-0.5629,0.0],[117.475,-0.5522,6.7153],[117.4724,-0.5501,4.1045],[117.4658,-0.5559,3.5463],[117.4537,-0.5554,1.5407],[117.45,-0.5631,4.8094],[117.4458,-0.5655,2.6427],[117.4329,-0.5682,8.939],[117.4209,-0.5656,0.8818],[117.412,-0.574,3.5973],[117.4059,-0.5748,9.5622],[117.4092,-0.5775,4.6472],[117.4087,-0.5822,6.6172],[117.4065,-0.5824,4.7072],[117.4053,-0.5799,7.5769],[117.4022,-0.5782,7.0704],[117.4001,-0.5803,4.3529],[117.4007,-0.5842,1.7241],[117.3989,-0.5834,7.7628],[117.3955,-0.5869,7.598],[117.3929,-0.585,1.8569],[117.39,-0.5889,8.3607],[117.3883,-0.5876,1.4217],[117.3897,-0.5856,8.1693],[117.3908,-0.5861,8.1693],[117.3896,-0.5872,4.9149],[117.3905,-0.5869,4.9149],[117.3912,-0.5859,1.8569],[117.3914,-0.5843,5.9479],[117.3934,-0.5846,6.9903],[117.3955,-0.5859,2.7728],[117.3987,-0.5828,8.6899],[117.4005,-0.583,1.7241],[117.3977,-0.5812,10.0233],[117.402,-0.5776,9.43],[117.405,-0.5787,4.726],[117.4067,-0.5815,4.7072],[117.4083,-0.5816,6.6172],[117.4086,-0.5778,4.6472],[117.4052,-0.5762,9.3836],[117.4051,-0.5736,10.7896],[117.4117,-0.5732,5.7062],[117.4199,-0.5651,3.207],[117.4108,-0.5659,0.0],[117.399,-0.57,2.4098],[117.3838,-0.5766,0.7355],[117.3747,-0.5832,0.0],[117.3779,-0.5847,3.9723],[117.3784,-0.5864,4.3885],[117.3723,-0.5907,2.0175],[117.3795,-0.5925,3.1912],[117.3806,-0.5986,3.3019],[117.3824,-0.5959,6.8031],[117.3807,-0.5925,3.1912],[117.383,-0.5906,1.9289],[117.3861,-0.5918,3.754],[117.3873,-0.5963,8.3203],[117.3846,-0.6006,1.0792],[117.3878,-0.6019,3.498],[117.3901,-0.6011,6.8893],[117.391,-0.5959,8.9791],[117.3945,-0.5971,3.3553],[117.3993,-0.5929,7.9585],[117.3997,-0.5936,4.2929],[117.3949,-0.5975,3.3553],[117.3957,-0.6029,10.9298],[117.3942,-0.6058,1.1913],[117.3872,-0.6046,11.5726],[117.3886,-0.608,2.2611],[117.3968,-0.6109,5.853],[117.4008,-0.6063,6.9185],[117.4004,-0.6044,8.7137],[117.4047,-0.6039,8.819],[117.4032,-0.599,7.7546],[117.4058,-0.5982,6.2122],[117.4067,-0.5984,6.2122],[117.40630608695652,-0.602142173913044,7.8531]]],
[[[117.5039,-0.6085,1.0],[117.5,-0.6139,4.2796],[117.4957,-0.6132,4.4847],[117.4935,-0.6112,3.7707],[117.4925,-0.6039,0.5],[117.4893,-0.6018,5.9128],[117.4874,-0.6037,5.9851],[117.4862,-0.6107,3.5834],[117.4759,-0.6201,2.4965],[117.4702,-0.62,1.8602],[117.471,-0.6232,0.0],[117.491,-0.625,0.0],[117.4962,-0.6227,3.4394],[117.4993,-0.6233,0.0],[117.4998,-0.6218,5.6784],[117.5023,-0.6375,8.5903],[117.5086,-0.6373,3.9586],[117.5149,-0.6407,0.0],[117.5203,-0.6385,4.4058],[117.5228,-0.6404,2.228],[117.5265,-0.6368,9.0208],[117.524,-0.641,1.5205],[117.5197,-0.6399,2.3622],[117.5158,-0.643,3.7004],[117.5196,-0.6495,0.0],[117.5236,-0.6515,0.0],[117.5315,-0.6525,0.5],[117.5475,-0.6511,1.8273],[117.5538,-0.6494,0.5],[117.5589,-0.6449,5.23],[117.5675,-0.6261,2.6964],[117.5662,-0.6187,0.0],[117.5599,-0.616,0.0],[117.541,-0.6147,4.9724],[117.5107,-0.6066,0.0],[117.5055,-0.6064,0.25],[117.5039,-0.6085,1.0]]],
[[[117.4873,-0.5929,0.0],[117.483,-0.5968,8.367],[117.4785,-0.5903,2.4463],[117.4759,-0.59,8.2018],[117.4761,-0.6027,7.6285],[117.4753,-0.6024,1.4496],[117.4745,-0.5996,2.3335],[117.4716,-0.6027,2.7097],[117.4749,-0.6049,8.9445],[117.4767,-0.6081,3.6222],[117.4752,-0.6076,6.6511],[117.4742,-0.6051,8.9445],[117.4721,-0.6045,6.0512],[117.4686,-0.5972,1.6489],[117.4641,-0.5957,0.0],[117.4656,-0.6016,5.5569],[117.4737,-0.6077,6.6511],[117.4702,-0.619,0.25],[117.4779,-0.618,4.0536],[117.4806,-0.6129,1.1468],[117.4851,-0.6099,1.9376],[117.4865,-0.6024,0.9583],[117.4891,-0.6,2.0708],[117.49,-0.5917,2.9559],[117.4873,-0.5929,0.0]]],
[[[117.4133,-0.7083,0.5],[117.3971,-0.6986,7.723],[117.3868,-0.6948,0.0],[117.3859,-0.7012,0.0],[117.3801,-0.7086,4.7575],[117.3792,-0.7132,8.7322],[117.3824,-0.7202,1.985],[117.3956,-0.7323,8.5343],[117.3995,-0.7338,5.348],[117.4185,-0.7562,1.6282],[117.4362,-0.7672,0.5521],[117.451,-0.7815,0.3797],[117.4583,-0.7842,1.3355],[117.4584,-0.778,2.704],[117.455,-0.772,2.167],[117.4363,-0.7533,1.9422],[117.4333,-0.739,0.625],[117.4224,-0.7403,2.334],[117.4172,-0.7366,6.4517],[117.416,-0.7388,6.4537],[117.4193,-0.7447,3.1774],[117.421,-0.7437,5.7589],[117.423,-0.7445,4.9378],[117.4235,-0.747,0.7543],[117.4294,-0.7471,3.5531],[117.4292,-0.7497,1.5023],[117.4281,-0.75,2.05],[117.4287,-0.7479,3.5531],[117.4235,-0.7477,0.7543],[117.4211,-0.7448,1.7647],[117.4184,-0.746,3.1774],[117.4157,-0.7391,1.6956],[117.4157,-0.7375,2.3342],[117.4191,-0.7341,4.9755],[117.4201,-0.7307,2.5025],[117.4112,-0.7275,4.5492],[117.4107,-0.7291,6.2283],[117.4129,-0.7323,4.4924],[117.4104,-0.7322,4.0604],[117.4087,-0.734,4.6704],[117.4086,-0.7329,2.586],[117.4105,-0.7315,4.0604],[117.4124,-0.7321,4.4924],[117.41,-0.7285,6.2283],[117.4128,-0.7243,0.0],[117.4089,-0.726,0.0],[117.4038,-0.7234,0.8614],[117.402,-0.7245,5.5499],[117.4016,-0.7168,0.0],[117.3965,-0.7135,2.7125],[117.3965,-0.7152,2.7336],[117.3928,-0.7182,3.2672],[117.3928,-0.7165,2.6484],[117.3949,-0.7149,1.3219],[117.3963,-0.7148,2.7336],[117.3962,-0.7132,2.7125],[117.3984,-0.7146,2.5371],[117.3983,-0.7131,1.033],[117.3964,-0.7123,0.0],[117.388,-0.715,2.7907],[117.3892,-0.7133,2.3569],[117.3914,-0.7125,2.6714],[117.3883,-0.7105,4.0138],[117.3909,-0.7106,3.5974],[117.3925,-0.7123,2.6714],[117.3972,-0.712,0.0],[117.392,-0.7079,2.1588],[117.3915,-0.705,2.7605],[117.3905,-0.7061,1.9546],[117.3873,-0.7066,0.5],[117.3881,-0.7053,2.0821],[117.3903,-0.7055,1.9546],[117.3912,-0.7032,6.6498],[117.3896,-0.7024,4.2007],[117.3907,-0.7021,4.2007],[117.3918,-0.7028,1.0],[117.3914,-0.7044,6.6498],[117.3926,-0.7039,6.6498],[117.3924,-0.7074,2.1588],[117.3957,-0.7078,6.369],[117.3948,-0.7067,1.8962],[117.3969,-0.706,6.0442],[117.3955,-0.7102,5.1856],[117.3994,-0.713,1.7804],[117.4002,-0.7113,4.906],[117.4048,-0.7098,6.0921],[117.4047,-0.711,6.0921],[117.4005,-0.7119,4.906],[117.4033,-0.7161,2.3621],[117.4047,-0.7152,6.9232],[117.4036,-0.7165,5.1822],[117.4021,-0.7155,2.3621],[117.4036,-0.7221,0.25],[117.4093,-0.7249,0.0],[117.4113,-0.7208,1.5662],[117.4112,-0.7229,3.1682],[117.413,-0.7221,2.1768],[117.4158,-0.7247,4.1132],[117.4147,-0.7272,3.1732],[117.419,-0.728,1.4323],[117.4226,-0.731,4.7714],[117.4244,-0.7305,2.7964],[117.4222,-0.7315,1.0],[117.4229,-0.7383,0.4513],[117.435,-0.7363,3.1579],[117.4361,-0.732,3.8034],[117.4298,-0.7223,3.2002],[117.4133,-0.7083,0.5]]],
[[[117.4526,-0.6816,8.5224],[117.4543,-0.6799,3.0064],[117.4514,-0.6758,0.0],[117.4354,-0.6627,0.0],[117.4311,-0.6775,2.3756],[117.4264,-0.6827,1.1991],[117.4207,-0.6834,1.3672],[117.4138,-0.6775,0.0],[117.4087,-0.6775,2.4212],[117.4146,-0.6858,1.846],[117.4156,-0.6935,2.4112],[117.4119,-0.6975,0.729],[117.4058,-0.6952,6.9763],[117.4039,-0.6968,9.9016],[117.4057,-0.7014,1.9518],[117.422,-0.7088,0.0],[117.4358,-0.7261,1.9221],[117.4431,-0.7381,3.197],[117.4479,-0.7417,0.0],[117.4518,-0.7419,1.982],[117.4579,-0.7451,0.0],[117.4641,-0.7423,0.5974],[117.4712,-0.7455,3.4866],[117.4765,-0.7448,2.4984],[117.483,-0.7497,3.272],[117.4944,-0.7482,2.0886],[117.5013,-0.7503,0.375],[117.5026,-0.7438,0.25],[117.5012,-0.741,0.0],[117.4984,-0.7398,5.5942],[117.4971,-0.7415,6.021],[117.4988,-0.7428,4.5509],[117.4957,-0.7458,7.7461],[117.4972,-0.7398,5.1417],[117.4955,-0.7389,3.4971],[117.493,-0.7433,5.2882],[117.4948,-0.7394,3.4971],[117.4911,-0.7408,1.3599],[117.4944,-0.7383,3.4971],[117.4971,-0.7392,7.6556],[117.4988,-0.7378,1.3695],[117.4894,-0.7315,0.5],[117.4855,-0.7319,0.125],[117.4815,-0.7371,0.0],[117.4839,-0.7382,1.3819],[117.4872,-0.7429,7.2731],[117.4859,-0.7422,7.2731],[117.4834,-0.7385,0.25],[117.4793,-0.742,6.2749],[117.4811,-0.7383,2.453],[117.4788,-0.7401,5.0906],[117.4744,-0.7421,3.1668],[117.4729,-0.7419,3.5713],[117.4788,-0.7397,5.0906],[117.4802,-0.7377,0.0],[117.4775,-0.7369,4.653],[117.4806,-0.7367,0.0],[117.4834,-0.734,1.5422],[117.4798,-0.733,1.5562],[117.4809,-0.732,2.6858],[117.4781,-0.7294,7.1473],[117.4841,-0.7318,0.125],[117.4846,-0.7298,1.6454],[117.4802,-0.7271,3.981],[117.4803,-0.7245,1.1779],[117.4808,-0.7252,2.3791],[117.4805,-0.7267,3.981],[117.4828,-0.7272,0.9435],[117.4842,-0.7242,1.5899],[117.4833,-0.7229,1.63],[117.4844,-0.7234,1.5899],[117.4844,-0.7248,0.5],[117.4833,-0.7274,0.9435],[117.4864,-0.73,0.0],[117.4875,-0.7255,1.476],[117.4862,-0.7243,7.0687],[117.4866,-0.7201,2.5202],[117.4881,-0.7255,3.4083],[117.48779999999999,-0.7299,0.0],[117.4917,-0.7309,0.25],[117.4916,-0.7274,0.916],[117.4932,-0.7258,6.4505],[117.493,-0.7275,9.2681],[117.492,-0.7275,9.2681],[117.4928,-0.7315,0.5903],[117.4947,-0.7293,0.5],[117.4943,-0.7326,1.4701],[117.499,-0.7352,0.0],[117.4986,-0.7327,0.8587],[117.5011,-0.732,0.6297],[117.5042,-0.7374,2.4654],[117.5043,-0.7464,0.6506],[117.5027,-0.7494,1.2002],[117.5038,-0.7554,0.5],[117.5122,-0.7558,0.5],[117.5179,-0.7614,3.8859],[117.5185,-0.7655,1.0975],[117.5148,-0.7708,1.0],[117.5162,-0.7736,0.0],[117.5267,-0.7753,8.1373],[117.5479,-0.7836,3.8533],[117.5585,-0.7808,2.844],[117.5751,-0.7833,0.0],[117.5875,-0.7801,1.3851],[117.5902,-0.7816,1.0018],[117.6025,-0.7724,0.7959],[117.6057,-0.7682,0.5],[117.606,-0.7477,1.44],[117.6074,-0.7403,1.2432],[117.604,-0.7288,2.606],[117.5993,-0.7236,0.0],[117.5861,-0.726,0.0],[117.5785,-0.7232,0.0],[117.575,-0.7249,0.0],[117.568,-0.7219,0.0],[117.5611,-0.7231,0.0],[117.5556,-0.7217,0.0],[117.554,-0.7239,0.0],[117.5525,-0.7223,0.0],[117.549,-0.722,0.0],[117.5383,-0.7234,0.0],[117.5274,-0.7295,0.0],[117.5326,-0.7406,0.8759],[117.5367,-0.7416,1.0484],[117.5359,-0.7422,1.0484],[117.5324,-0.7413,0.5],[117.5271,-0.7306,0.0],[117.5194,-0.7326,0.0],[117.5226,-0.7365,2.4349],[117.5219,-0.7431,1.7728],[117.5243,-0.7465,0.5],[117.5211,-0.7444,1.7728],[117.5207,-0.7347,0.0],[117.5074,-0.7327,1.7411],[117.4925,-0.7191,0.0],[117.4889,-0.7141,2.383],[117.4796,-0.7095,0.0],[117.4734,-0.7112,0.7621],[117.4656,-0.7078,0.0],[117.4716,-0.7134,1.3071],[117.4709,-0.7157,1.8737],[117.4684,-0.715,2.3843],[117.4709,-0.7177,1.0194],[117.4721,-0.718,2.0311],[117.4737,-0.7158,1.7626],[117.4766,-0.7151,2.1876],[117.4765,-0.7166,1.5029],[117.4788,-0.7165,3.511],[117.4769,-0.7173,1.5029],[117.4739,-0.7163,2.3128],[117.4725,-0.7186,2.0311],[117.4666,-0.7196,2.0998],[117.4712,-0.7245,1.0461],[117.4762,-0.7334,1.1734],[117.4759,-0.7344,1.1734],[117.4736,-0.7343,2.176],[117.4722,-0.733,1.1857],[117.4703,-0.7342,1.952],[117.4721,-0.7325,0.8664],[117.4739,-0.7341,2.176],[117.4757,-0.7336,1.1734],[117.4712,-0.725,1.474],[117.4686,-0.7235,1.6991],[117.4665,-0.7292,2.6204],[117.4668,-0.7241,2.4268],[117.4652,-0.7232,0.9727],[117.4612,-0.7291,0.6295],[117.4618,-0.7267,1.0231],[117.4656,-0.7221,6.0661],[117.4637,-0.7193,2.5219],[117.4677,-0.7231,1.6991],[117.4659,-0.7195,0.7779],[117.4671,-0.7181,0.7779],[117.4694,-0.7183,0.125],[117.4677,-0.7144,0.5888],[117.4706,-0.7141,0.4777],[117.4654,-0.7091,5.6812],[117.464,-0.7035,0.0],[117.4558,-0.7028,0.0],[117.4545,-0.705,0.5],[117.4542,-0.7036,0.25],[117.4477,-0.7041,0.0],[117.4465,-0.7068,1.4058],[117.452,-0.7082,1.5975],[117.4521,-0.7114,0.8205],[117.4538,-0.7115,3.8751],[117.4555,-0.7137,2.5321],[117.4545,-0.7144,3.6633],[117.4532,-0.7137,3.6633],[117.4538,-0.712,3.8751],[117.4518,-0.7119,0.8205],[117.4518,-0.7086,1.5975],[117.4478,-0.7087,1.1213],[117.4425,-0.706,0.125],[117.4413,-0.7068,1.0339],[117.4418,-0.711,1.0756],[117.4457,-0.7113,0.25],[117.4474,-0.713,1.573],[117.4459,-0.7176,1.6817],[117.4532,-0.7172,1.3289],[117.453,-0.7214,2.3153],[117.4559,-0.725,3.0859],[117.4538,-0.7236,2.0269],[117.4528,-0.7221,1.4196],[117.4529,-0.7176,1.3289],[117.4494,-0.7184,0.0],[117.4514,-0.7198,2.2691],[117.4527,-0.723,0.0],[117.4518,-0.7249,1.942],[117.4507,-0.7197,0.6348],[117.4461,-0.7188,2.8452],[117.4449,-0.7174,1.6817],[117.4451,-0.7156,1.4708],[117.4468,-0.7127,1.3633],[117.4421,-0.7123,1.9397],[117.4403,-0.7099,0.8607],[117.4373,-0.7112,0.9954],[117.4398,-0.7113,-0.375],[117.441,-0.713,0.5],[117.4381,-0.7148,2.2362],[117.4395,-0.7167,1.9495],[117.4376,-0.7203,1.885],[117.4388,-0.7168,1.9495],[117.4376,-0.7146,2.2362],[117.4402,-0.7132,0.097],[117.4395,-0.7117,-0.375],[117.4375,-0.7132,1.1966],[117.4362,-0.7132,2.0993],[117.4373,-0.7127,2.7469],[117.4367,-0.7114,2.7469],[117.4379,-0.7101,0.9954],[117.4366,-0.7084,0.8293],[117.4351,-0.71,2.2888],[117.436,-0.7076,2.1017],[117.4344,-0.705,1.6198],[117.4306,-0.7072,0.5],[117.4333,-0.7051,2.1876],[117.4315,-0.701,1.156],[117.4305,-0.7022,2.0894],[117.4287,-0.7006,3.4127],[117.4276,-0.7013,2.0548],[117.4283,-0.7032,0.5],[117.4272,-0.7035,3.5486],[117.4278,-0.7057,1.2567],[117.4268,-0.7033,3.5486],[117.4279,-0.7029,2.0548],[117.4272,-0.7009,3.5352],[117.4261,-0.7006,3.9491],[117.4287,-0.6998,3.4127],[117.4308,-0.7018,2.0894],[117.4316,-0.7006,1.156],[117.4329,-0.704,3.4996],[117.4348,-0.7046,1.6198],[117.4387,-0.7093,1.1313],[117.4417,-0.7055,0.125],[117.445,-0.7054,0.125],[117.4472,-0.6982,1.0004],[117.4407,-0.6963,1.3387],[117.44,-0.6979,0.3892],[117.4399,-0.6962,0.0],[117.4421,-0.6964,1.3387],[117.4397,-0.6954,0.0],[117.4365,-0.6958,0.7866],[117.4356,-0.6985,5.9343],[117.4356,-0.6944,1.4767],[117.4283,-0.6962,4.1252],[117.4281,-0.6954,3.1499],[117.4343,-0.6946,4.3],[117.4351,-0.693,1.4767],[117.4326,-0.6918,0.25],[117.432,-0.6895,0.8588],[117.4291,-0.6888,0.0],[117.4267,-0.6908,1.4161],[117.427,-0.6894,2.0815],[117.4255,-0.6889,2.5627],[117.4212,-0.6914,5.9557],[117.4195,-0.696,2.4034],[117.4166,-0.6967,2.038],[117.4178,-0.6952,1.6483],[117.419,-0.6957,2.4034],[117.4204,-0.6914,5.9557],[117.4248,-0.6887,2.5627],[117.4295,-0.6874,1.6514],[117.4285,-0.6862,1.0596],[117.4226,-0.6867,2.84],[117.4261,-0.6847,3.395],[117.4266,-0.6862,1.5069],[117.4298,-0.6859,1.0596],[117.4302,-0.6884,0.0],[117.4327,-0.689,0.2785],[117.438,-0.695,0.7866],[117.4336,-0.68,3.1956],[117.4353,-0.682,1.5045],[117.4358,-0.6801,2.7145],[117.4379,-0.6793,1.6842],[117.4352,-0.6828,1.5045],[117.4371,-0.6849,1.9522],[117.4375,-0.6924,1.631],[117.4395,-0.6944,0.0],[117.4425,-0.6941,5.1743],[117.4402,-0.6913,0.6509],[117.4409,-0.6882,6.0566],[117.4417,-0.692,4.7934],[117.4438,-0.6909,3.8227],[117.4435,-0.6954,0.125],[117.4486,-0.6957,4.587],[117.4472,-0.6948,4.587],[117.4488,-0.6917,0.5],[117.449,-0.6939,0.5],[117.4476,-0.6947,4.587],[117.4494,-0.6958,0.5],[117.4464,-0.6965,0.25],[117.4485,-0.6978,1.4267],[117.4481,-0.7008,0.0],[117.45,-0.7005,3.9005],[117.4508,-0.6979,2.3054],[117.4503,-0.7007,3.9005],[117.448,-0.7022,0.0],[117.4626,-0.7008,0.25],[117.472,-0.7074,0.9478],[117.4637,-0.6951,0.125],[117.4547,-0.6867,3.7395],[117.453,-0.6825,1.6669],[117.4499,-0.6817,3.0929],[117.4472,-0.6848,1.4937],[117.4449,-0.6841,2.9087],[117.4464,-0.6833,2.9087],[117.4456,-0.6822,2.3025],[117.4469,-0.6834,3.4386],[117.4455,-0.684,2.9087],[117.4467,-0.6842,2.9087],[117.4481,-0.6816,1.9062],[117.4526,-0.6816,8.5224]]],
[[[117.3733,-0.6948,10.4129],[117.364,-0.6957,4.4526],[117.3614,-0.6929,2.1962],[117.3621,-0.6874,4.781],[117.3561,-0.6838,6.1108],[117.3532,-0.6831,10.1334],[117.3472,-0.6866,4.7439],[117.3482,-0.6928,8.5633],[117.3569,-0.6962,7.1045],[117.3578,-0.7027,3.6034],[117.3596,-0.7035,2.7403],[117.3624,-0.7017,9.7263],[117.3612,-0.7035,4.7281],[117.3653,-0.7061,7.9147],[117.3618,-0.7126,3.5899],[117.3628,-0.7181,0.78],[117.3645,-0.7197,1.5872],[117.368,-0.7195,8.6155],[117.3748,-0.7158,1.0658],[117.3791,-0.6994,2.3979],[117.3782,-0.6943,4.8122],[117.3733,-0.6948,10.4129]]],
[[[117.3548,-0.6537,2.1444],[117.3474,-0.6454,2.6624],[117.3369,-0.6375,3.9581],[117.3299,-0.6345,0.0],[117.3208,-0.6335,2.886],[117.3228,-0.6365,4.2823],[117.3208,-0.6402,4.6808],[117.3236,-0.6413,2.5592],[117.3242,-0.6442,2.1951],[117.3234,-0.6459,2.8248],[117.3203,-0.6477,3.3982],[117.3245,-0.6492,4.6131],[117.3246,-0.6537,4.6885],[117.3273,-0.659,4.2749],[117.3307,-0.6587,4.2862],[117.3343,-0.6556,4.1548],[117.3327,-0.6514,6.7173],[117.3351,-0.6489,10.1326],[117.3317,-0.6458,7.8434],[117.3344,-0.6469,7.0402],[117.3349,-0.6459,7.9211],[117.336,-0.6457,8.8546],[117.337,-0.6466,8.9785],[117.3353,-0.6462,7.9211],[117.3359,-0.6497,12.5955],[117.3334,-0.6518,6.7173],[117.338,-0.6556,7.5826],[117.3386,-0.6609,4.0146],[117.3361,-0.6643,6.175],[117.3297,-0.6658,5.7077],[117.3292,-0.6682,7.1178],[117.3326,-0.6702,3.7169],[117.3395,-0.6706,2.6271],[117.3447,-0.6768,2.2935],[117.3443,-0.673,7.7008],[117.3461,-0.6708,8.6471],[117.3429,-0.6701,9.576],[117.3448,-0.6679,7.415],[117.3438,-0.6651,8.2062],[117.3431,-0.6671,8.7381],[117.3392,-0.6659,8.2859],[117.3427,-0.6617,8.1766],[117.3398,-0.6658,7.3947],[117.343,-0.6667,8.7381],[117.343,-0.6644,8.9638],[117.3438,-0.6646,8.2062],[117.3452,-0.6678,7.415],[117.3435,-0.6702,9.576],[117.3466,-0.6707,8.6471],[117.345,-0.673,7.7008],[117.3453,-0.6765,2.2935],[117.3626,-0.6864,9.165],[117.3636,-0.694,9.1174],[117.3671,-0.695,1.0654],[117.3786,-0.6926,5.7705],[117.3787,-0.6874,7.8375],[117.3712,-0.6869,8.5014],[117.3671,-0.6809,4.104],[117.3619,-0.6775,3.4582],[117.3584,-0.6772,6.4896],[117.3566,-0.6745,7.0823],[117.3566,-0.6705,5.5926],[117.3509,-0.661,9.6968],[117.353,-0.662,7.4907],[117.3574,-0.6706,5.5926],[117.3569,-0.6741,7.0823],[117.3588,-0.6767,6.4896],[117.3625,-0.6769,10.303],[117.3693,-0.6823,5.582],[117.3715,-0.6864,8.5014],[117.378,-0.6866,7.8375],[117.3792,-0.6876,0.0],[117.3815,-0.7043,2.3431],[117.3836,-0.6945,1.4352],[117.3725,-0.6712,3.8469],[117.3672,-0.6631,10.1996],[117.3548,-0.6537,2.1444]]],
[[[117.5187,-0.7002,1.111],[117.5172,-0.6968,2.1384],[117.5139,-0.6951,0.0],[117.5,-0.698,0.0],[117.4971,-0.7011,0.0],[117.4977,-0.7026,0.0],[117.5054,-0.7051,3.8051],[117.5187,-0.7019,2.2274],[117.5187,-0.7002,1.111]]],
[[[117.3986,-0.687,5.3519],[117.3947,-0.6882,8.5008],[117.3882,-0.6824,1.1605],[117.3846,-0.6818,0.0],[117.3876,-0.6923,7.3878],[117.4047,-0.7009,3.2902],[117.4035,-0.696,9.3758],[117.405,-0.695,10.2048],[117.4079,-0.6952,1.0332],[117.4034,-0.6882,10.658],[117.3986,-0.687,5.3519]]],
[[[117.3702,-0.6486,9.1957],[117.3697,-0.651,6.1865],[117.3679,-0.6532,7.5607],[117.3624,-0.6522,3.9523],[117.3598,-0.6471,5.8717],[117.3608,-0.6462,8.1603],[117.3662,-0.6456,5.5325],[117.367,-0.6441,1.8793],[117.3563,-0.6409,1.3359],[117.3487,-0.6292,3.3671],[117.3451,-0.6275,4.4443],[117.3429,-0.6282,1.5747],[117.3428,-0.6293,1.5747],[117.3476,-0.6334,2.3222],[117.3572,-0.6482,0.0],[117.3811,-0.6753,4.6988],[117.394,-0.6861,2.2865],[117.4027,-0.6869,1.5485],[117.4116,-0.6963,1.8115],[117.414,-0.6931,2.4112],[117.4139,-0.6894,1.9513],[117.4068,-0.6784,3.318],[117.4081,-0.6761,2.0443],[117.4154,-0.6763,0.0],[117.4187,-0.669,2.1311],[117.4156,-0.664,1.7472],[117.4122,-0.663,2.5089],[117.4093,-0.6678,0.0],[117.4044,-0.6714,5.5165],[117.4037,-0.6749,7.4943],[117.4036,-0.6714,5.5165],[117.3962,-0.6688,3.6498],[117.3944,-0.6768,2.4674],[117.398,-0.6782,5.5178],[117.3981,-0.6796,8.9678],[117.3949,-0.6786,3.4673],[117.3939,-0.677,2.4674],[117.3947,-0.6726,1.3849],[117.3891,-0.6748,1.7466],[117.3874,-0.674,0.5892],[117.3844,-0.664,1.5865],[117.375,-0.6635,4.2485],[117.3719,-0.6601,3.5186],[117.3777,-0.6551,5.2287],[117.3784,-0.6494,4.7804],[117.3779,-0.6557,5.2287],[117.373,-0.6593,3.1116],[117.3729,-0.6611,9.8588],[117.3756,-0.6628,8.4489],[117.3844,-0.663,1.5865],[117.3879,-0.6725,9.1292],[117.393,-0.6717,4.2531],[117.3943,-0.6686,6.8605],[117.3919,-0.6627,4.0106],[117.3946,-0.6589,8.7516],[117.3922,-0.6561,1.9494],[117.3939,-0.6558,1.6759],[117.3999,-0.6609,1.3983],[117.4044,-0.6611,7.1198],[117.4063,-0.659,1.5314],[117.4061,-0.6546,1.094],[117.3964,-0.6504,1.9673],[117.4015,-0.6391,3.602],[117.3942,-0.6346,2.4521],[117.402,-0.6386,3.602],[117.4018,-0.6405,7.1782],[117.4034,-0.6408,7.1782],[117.401,-0.641,2.5293],[117.4012,-0.6438,3.465],[117.397,-0.65,1.9673],[117.4036,-0.6533,1.1363],[117.4088,-0.6538,6.3407],[117.4084,-0.6545,6.3407],[117.4074,-0.6543,5.136],[117.4073,-0.6592,1.5314],[117.404,-0.6619,3.4177],[117.3956,-0.6606,0.7119],[117.393,-0.6646,2.937],[117.4045,-0.6691,1.8173],[117.4118,-0.6611,5.2992],[117.4154,-0.6617,1.1293],[117.4182,-0.6638,3.508],[117.4202,-0.6688,0.7978],[117.4186,-0.6779,4.58],[117.4245,-0.6815,0.0],[117.4263,-0.6804,0.0],[117.4293,-0.6701,1.3657],[117.4291,-0.6674,2.1056],[117.427,-0.6674,3.6018],[117.4291,-0.6668,2.1056],[117.4297,-0.6687,0.375],[117.4327,-0.659,0.0],[117.4314,-0.6575,0.7937],[117.4263,-0.6584,0.3678],[117.4229,-0.6573,0.0],[117.4207,-0.6471,0.5],[117.4144,-0.6491,2.1288],[117.4105,-0.6481,1.1674],[117.41,-0.6463,1.4467],[117.4133,-0.6405,0.5],[117.4103,-0.6378,0.0],[117.395,-0.6305,1.1698],[117.3803,-0.6344,3.6208],[117.373,-0.6312,2.8591],[117.3726,-0.6392,2.7881],[117.3702,-0.6486,9.1957]]],
[[[117.545,-0.5925,8.2314],[117.545,-0.5928,8.2314],[117.5456,-0.5925,1.0],[117.5454,-0.5923,8.2314],[117.545,-0.5925,8.2314]]],
[[[117.4838,-0.5944,0.0],[117.4853,-0.5907,0.0],[117.4849,-0.5902,0.0],[117.4822,-0.5909,2.4086],[117.4838,-0.5944,0.0]]],
[[[117.5127,-0.5885,1.6872],[117.5124,-0.5884,2.6795],[117.5125,-0.589,2.6795],[117.5127,-0.5889,1.6872],[117.5127,-0.5885,1.6872]]],
[[[117.5188,-0.5919,1.0],[117.5187,-0.5921,1.3436],[117.5188,-0.5928,1.0],[117.519,-0.592,1.0],[117.5188,-0.5919,1.0]]],
[[[117.3568,-0.5855,0.0],[117.3508,-0.5844,0.0],[117.3447,-0.5866,0.9901],[117.35,-0.5882,0.0],[117.3568,-0.5855,0.0]]],
[[[117.519,-0.5909,1.0],[117.5172,-0.5928,1.3436],[117.5173,-0.5962,1.0],[117.518,-0.5924,1.3436],[117.5212,-0.5891,1.1114],[117.5202,-0.5861,1.2583],[117.5206,-0.5896,1.0],[117.519,-0.5909,1.0]]],
[[[117.5248,-0.5866,1.0851],[117.5254,-0.586,3.2309],[117.5252,-0.5858,3.2309],[117.5246,-0.5863,1.0851],[117.5248,-0.5866,1.0851]]],
[[[117.5229,-0.587,1.0851],[117.5223,-0.5872,1.0],[117.5225,-0.5875,1.0],[117.5235,-0.587,1.0851],[117.5229,-0.587,1.0851]]],
[[[117.5136,-0.5865,1.6737],[117.5135,-0.5863,1.6737],[117.5133,-0.5869,1.6737],[117.5134,-0.5869,1.6737],[117.5136,-0.5865,1.6737]]],
[[[117.51560625,-0.58263125,4.1281],[117.51558048780488,-0.582629268292684,4.1281],[117.5154,-0.5829,4.1281],[117.5157,-0.5831,3.3564],[117.51560625,-0.58263125,4.1281]]],
[[[117.51558048780488,-0.582629268292684,4.1281],[117.5156,-0.5826,4.1281],[117.51560625,-0.58263125,4.1281],[117.5165,-0.5827,4.1281],[117.513,-0.5885,1.6872],[117.5133,-0.5945,1.0],[117.5148,-0.5966,2.2062],[117.5161,-0.596,1.0],[117.5167,-0.5916,1.3436],[117.5198,-0.5887,1.0],[117.5193,-0.5845,3.8867],[117.5238,-0.5854,3.2263],[117.5239,-0.5825,5.0526],[117.5275,-0.5795,1.9286],[117.5322,-0.5783,1.5],[117.5342,-0.5805,3.0876],[117.5449,-0.5849,4.1024],[117.5606,-0.5587,1.0],[117.5615,-0.5595,1.0],[117.5458,-0.5867,1.896],[117.529,-0.5806,1.5],[117.5257,-0.5831,3.519],[117.5258,-0.5864,0.8411],[117.5226,-0.5881,1.1114],[117.5186,-0.5942,1.1475],[117.5203,-0.5963,1.0],[117.5279,-0.5942,4.8476],[117.5441,-0.5934,8.8139],[117.5435,-0.5931,8.8139],[117.5558,-0.5839,1.3238],[117.5668,-0.5835,2.1748],[117.5764,-0.5716,2.5672],[117.5825,-0.5391,2.1457],[117.5822,-0.5298,1.5],[117.5858,-0.519,4.7926],[117.5796,-0.5148,3.3187],[117.5774,-0.5159,2.304],[117.579,-0.5207,1.0],[117.5759,-0.5403,5.0566],[117.5686,-0.5545,1.0],[117.567,-0.5571,1.0],[117.5646,-0.5596,1.0],[117.5749,-0.5397,5.0566],[117.5772,-0.519,2.0782],[117.5716,-0.5138,2.1305],[117.5668,-0.5172,2.5857],[117.567,-0.5219,1.856],[117.5688,-0.5221,0.964],[117.5682,-0.5261,2.8073],[117.5598,-0.5279,2.5338],[117.5677,-0.5254,4.2726],[117.5653,-0.5184,1.4931],[117.5709,-0.5115,0.375],[117.5676,-0.509,2.1672],[117.5552,-0.5105,1.0],[117.5457,-0.5077,4.0995],[117.5386,-0.5116,0.375],[117.5386,-0.5181,0.8552],[117.5295,-0.5303,0.861],[117.5248,-0.533,1.5211],[117.5251,-0.5368,3.1111],[117.5295,-0.5456,7.9904],[117.5315,-0.5452,4.2436],[117.5386,-0.5378,8.9746],[117.5383,-0.5401,6.562],[117.5323,-0.5467,3.8534],[117.528,-0.5465,8.0836],[117.526,-0.5492,1.5806],[117.5267,-0.5438,2.058],[117.5211,-0.5295,2.6442],[117.5174,-0.528,1.9793],[117.5108,-0.5288,1.5503],[117.5027,-0.5272,0.6813],[117.5017,-0.532,1.5455],[117.5059,-0.5335,1.723],[117.5062,-0.5351,1.0],[117.5044,-0.5393,1.9749],[117.5083,-0.5382,0.9722],[117.5108,-0.5404,3.8806],[117.5091,-0.543,4.9081],[117.5116,-0.5492,1.6458],[117.5105,-0.5508,5.1427],[117.5083,-0.5432,3.5773],[117.5086,-0.5402,2.1904],[117.5049,-0.5413,2.4133],[117.5036,-0.5397,2.0516],[117.5047,-0.5348,1.0],[117.5011,-0.5338,1.0],[117.5011,-0.5267,1.2639],[117.4996,-0.5255,1.5925],[117.4959,-0.5272,2.2694],[117.4947,-0.5319,2.7987],[117.4947,-0.5272,2.2694],[117.4895,-0.5268,1.6925],[117.4893,-0.5283,3.666],[117.4863,-0.5264,0.75],[117.4829,-0.527,0.375],[117.4823,-0.5307,1.6087],[117.4807,-0.5328,2.129],[117.4731,-0.5359,1.6231],[117.4759,-0.5394,0.8175],[117.4756,-0.5422,1.0],[117.4726,-0.5358,1.6231],[117.4738,-0.5344,2.1011],[117.48,-0.5323,2.129],[117.4818,-0.5302,1.6087],[117.4804,-0.5278,0.0],[117.4777,-0.5273,0.0],[117.4637,-0.5325,0.0],[117.4647,-0.5385,1.2884],[117.4634,-0.5366,2.4048],[117.4638,-0.5337,3.9118],[117.4626,-0.5326,0.0],[117.4572,-0.5357,1.3084],[117.4582,-0.5367,2.3213],[117.4565,-0.5382,4.8986],[117.4605,-0.539,2.746],[117.4562,-0.5389,4.8986],[117.4566,-0.5371,5.6429],[117.4578,-0.537,2.3213],[117.4566,-0.5351,0.0],[117.4543,-0.5372,7.4712],[117.4571,-0.5444,1.8007],[117.456,-0.5443,7.271],[117.4542,-0.539,8.6941],[117.4539,-0.5372,7.4712],[117.4548,-0.5366,7.4712],[117.451,-0.536,0.9382],[117.4526,-0.5395,3.9499],[117.4514,-0.5408,1.7695],[117.453,-0.5438,7.7578],[117.4501,-0.5486,2.3752],[117.4488,-0.548,2.3752],[117.447,-0.5501,1.9697],[117.4475,-0.5464,2.1465],[117.4497,-0.548,2.3752],[117.4526,-0.5437,2.6078],[117.4508,-0.5411,1.4988],[117.4519,-0.5392,3.9499],[117.4493,-0.5348,0.0],[117.443,-0.544,0.7127],[117.4371,-0.5438,1.98],[117.44,-0.559,6.4883],[117.4392,-0.5617,5.4263],[117.4476,-0.5603,3.7775],[117.454,-0.5529,8.6106],[117.4653,-0.5533,0.0],[117.4722,-0.5483,0.9727],[117.4762,-0.5503,3.5541],[117.478,-0.5608,10.5145],[117.4805,-0.5636,3.5966],[117.4862,-0.5628,6.3976],[117.5008,-0.5543,6.2421],[117.4993,-0.5515,8.7883],[117.4959,-0.5525,4.9068],[117.4929,-0.552,4.0544],[117.4884,-0.5551,2.343],[117.4874,-0.5537,1.0929],[117.4889,-0.5488,3.9343],[117.4867,-0.5483,5.6172],[117.4841,-0.5462,2.9775],[117.4852,-0.5456,2.9775],[117.4835,-0.5424,7.9473],[117.4863,-0.542,5.7374],[117.4894,-0.5362,3.0686],[117.4864,-0.5428,5.7374],[117.484,-0.5427,7.2711],[117.4867,-0.5476,7.6482],[117.4893,-0.5482,3.9343],[117.4883,-0.5542,5.0818],[117.4926,-0.5517,4.0544],[117.4982,-0.5511,3.8551],[117.4981,-0.5454,2.7448],[117.4966,-0.5443,2.8586],[117.5,-0.5447,2.2834],[117.4986,-0.5458,2.2834],[117.4987,-0.5501,3.8551],[117.5011,-0.5517,6.0248],[117.5015,-0.5543,6.2421],[117.4901,-0.5606,9.493],[117.4891,-0.5629,5.5245],[117.4996,-0.5638,5.1977],[117.5064,-0.5679,0.0],[117.5148,-0.5642,7.919],[117.5106,-0.5689,11.9319],[117.5082,-0.5683,0.0],[117.5059,-0.5701,0.5],[117.5057,-0.5807,1.9064],[117.5028,-0.591,0.0],[117.5054,-0.5974,0.0],[117.5097,-0.5996,0.0],[117.5155,-0.5987,1.0831],[117.5126,-0.5961,2.9753],[117.5122,-0.5932,2.1234],[117.5123,-0.5879,1.7226],[117.5152,-0.5826,4.1281],[117.51558048780488,-0.582629268292684,4.1281]],
[[117.5138,-0.5849,2.1594],[117.5137,-0.5849,2.1594],[117.5138,-0.5844,3.4843],[117.514,-0.5844,3.4843],[117.5138,-0.5849,2.1594]]],
[[[117.4087,-0.5488,3.4362],[117.4082,-0.5428,0.9834],[117.3947,-0.546,2.7582],[117.3861,-0.5519,0.741],[117.381,-0.5598,4.0875],[117.3729,-0.567,2.6503],[117.3678,-0.57,2.3759],[117.3525,-0.574,3.4949],[117.3486,-0.5767,0.6847],[117.3525,-0.5809,2.4671],[117.3567,-0.5827,2.0337],[117.362,-0.5836,0.547],[117.3662,-0.5824,4.839],[117.3781,-0.5741,4.6621],[117.3947,-0.5676,3.8499],[117.4084,-0.5574,3.5856],[117.4165,-0.5541,1.6842],[117.4195,-0.5499,10.0688],[117.4151,-0.5441,0.0],[117.4154,-0.5468,5.5206],[117.4132,-0.5502,3.6152],[117.4076,-0.5494,3.7503],[117.406,-0.5521,4.9598],[117.4019,-0.5505,6.0704],[117.3978,-0.5544,7.133],[117.3919,-0.5541,9.1834],[117.392,-0.5567,10.0256],[117.3905,-0.5566,10.1647],[117.3892,-0.5554,9.0542],[117.3889,-0.5581,9.6969],[117.387,-0.5567,5.2653],[117.3868,-0.5591,9.3116],[117.3864,-0.5566,5.2653],[117.3874,-0.5562,7.5334],[117.3886,-0.5578,9.4003],[117.3887,-0.5551,7.5334],[117.3893,-0.555,9.0542],[117.3913,-0.5564,10.0256],[117.3914,-0.5538,9.1834],[117.3975,-0.5536,7.133],[117.4015,-0.5501,6.0704],[117.4032,-0.5502,6.0704],[117.4056,-0.5515,4.9598],[117.4067,-0.5493,3.7503],[117.4087,-0.5488,3.4362]]]]}}