{"type":"Feature","properties":{"GID_1":"IDN.27_1","GID_0":"IDN","country":"Indonesia","province":"SulawesiTengah","VARNAME_1":"NA","NL_NAME_1":"NA","TYPE_1":"Propinisi","ENGTYPE_1":"Province","CC_1":"72","HASC_1":"ID.ST","ISO_1":"ID-ST","name":"Sulawesi_Tengah.province"},
"geometry":{"type": "MultiPolygon","coordinates": [[[[123.6091,-1.6823,11.2501],[123.6083,-1.6754,0.0],[123.6102,-1.6656,0.0],[123.6142,-1.6598,0.0],[123.6179,-1.6606,0.0],[123.6161,-1.6583,4.3276],[123.6169,-1.6564,0.0],[123.6193,-1.6563,0.0],[123.6174,-1.654,16.419],[123.6201,-1.6519,0.0],[123.6182,-1.6525,5.9913],[123.6184,-1.65,0.0],[123.6163,-1.6505,31.9801],[123.6145,-1.6488,7.1161],[123.6145,-1.6457,0.0],[123.6097,-1.6432,13.9335],[123.604,-1.6305,8.2806],[123.6067,-1.6303,20.8172],[123.6122,-1.6367,0.0],[123.6205,-1.6398,0.0],[123.6216,-1.6376,16.7607],[123.6196,-1.634,52.9947],[123.6215,-1.6291,71.8976],[123.6232,-1.6288,0.0],[123.6229,-1.6244,0.0],[123.6162,-1.6207,3.0146],[123.6137,-1.6162,106.3892],[123.615,-1.608,0.0],[123.613,-1.6077,15.4311],[123.6121,-1.6054,17.4588],[123.6028,-1.6056,97.5495],[123.6034,-1.6023,1.963],[123.5992,-1.6023,39.8444],[123.5978,-1.5974,0.0],[123.5938,-1.5966,29.0884],[123.5916,-1.594,4.2661],[123.5875,-1.5953,53.7237],[123.59,-1.5997,13.2372],[123.5895,-1.6016,30.228],[123.5879,-1.6008,38.3929],[123.5893,-1.6031,5.7799],[123.5917,-1.5986,15.2974],[123.5938,-1.6005,0.0],[123.5891,-1.6069,129.5307],[123.5838,-1.6035,6.4168],[123.5772,-1.6105,7.4996],[123.5673,-1.6056,6.0405],[123.5597,-1.5988,30.0352],[123.5563,-1.589,6.401],[123.5576,-1.5864,33.906],[123.5573,-1.5779,7.9109],[123.5545,-1.5652,0.0],[123.5558,-1.5601,1.559],[123.5592,-1.5577,9.4274],[123.5591,-1.5533,19.2177],[123.5609,-1.5517,2.7002],[123.562,-1.5524,2.7002],[123.5619,-1.5498,0.0],[123.5635,-1.5499,0.0],[123.5638,-1.5483,10.7134],[123.5613,-1.547,0.0],[123.5622,-1.5439,5.4146],[123.5586,-1.5413,12.625],[123.5585,-1.5378,7.7752],[123.5598,-1.5371,7.7752],[123.5572,-1.536,6.8256],[123.5575,-1.533,12.5012],[123.5529,-1.5279,0.0],[123.5504,-1.5202,7.4901],[123.55,-1.5125,0.0],[123.547,-1.5097,36.6737],[123.5456,-1.5037,3.0502],[123.5478,-1.4955,14.1173],[123.5471,-1.4912,1.2616],[123.5351,-1.484,2.7251],[123.5317,-1.4772,1.9947],[123.5293,-1.4779,0.0],[123.5245,-1.4812,0.0],[123.5217,-1.4867,4.074],[123.5233,-1.4923,9.768],[123.5265,-1.493,0.0],[123.5229,-1.4893,5.6798],[123.5256,-1.4901,1.8431],[123.5244,-1.4856,5.3324],[123.5269,-1.4849,1.8283],[123.5254,-1.4872,6.6628],[123.5264,-1.4895,7.0451],[123.5276,-1.4906,1.5571],[123.5295,-1.4892,2.5929],[123.5284,-1.491,1.5571],[123.5307,-1.4915,2.3244],[123.5284,-1.4939,0.8987],[123.5312,-1.4943,1.8358],[123.5302,-1.4992,6.9991],[123.5282,-1.4984,2.3599],[123.5271,-1.5004,12.5483],[123.5228,-1.4984,0.0],[123.5241,-1.501,3.7184],[123.5258,-1.5003,12.5483],[123.5258,-1.5021,7.7058],[123.5282,-1.503,32.3804],[123.5266,-1.5039,3.8764],[123.5283,-1.5084,23.6572],[123.5267,-1.5084,3.0452],[123.5249,-1.511,4.9243],[123.5216,-1.5112,4.3073],[123.5167,-1.5077,8.3344],[123.5133,-1.4986,1.883],[123.5078,-1.4966,18.7867],[123.5054,-1.4974,3.1732],[123.4994,-1.5076,0.0],[123.4986,-1.5118,5.9795],[123.5003,-1.5187,0.0],[123.5001,-1.5269,0.0],[123.4951,-1.533,4.2023],[123.4891,-1.532,0.8273],[123.4889,-1.5335,8.0479],[123.4839,-1.5358,1.3248],[123.4789,-1.5477,1.9418],[123.4778,-1.5713,0.0],[123.4797,-1.5728,26.5736],[123.4787,-1.577,13.4691],[123.4799,-1.5836,0.0],[123.481,-1.5847,0.0],[123.4826,-1.5832,0.0],[123.4834,-1.5773,2.5823],[123.4854,-1.5755,11.1491],[123.4868,-1.5777,31.3386],[123.4925,-1.5797,3.7652],[123.4989,-1.5871,1.9184],[123.4995,-1.5917,1.3931],[123.498,-1.5959,0.0],[123.5006,-1.5972,4.1975],[123.4996,-1.5986,8.7588],[123.4979,-1.5966,1.0505],[123.4972,-1.5987,0.4658],[123.4985,-1.599,0.4658],[123.4963,-1.601,0.0],[123.4989,-1.6018,6.4766],[123.4973,-1.6042,2.7999],[123.4985,-1.6052,5.3074],[123.497,-1.605,5.3074],[123.4954,-1.6073,12.8133],[123.4908,-1.6047,7.7712],[123.4917,-1.603,3.5708],[123.4871,-1.6038,0.5347],[123.4845,-1.6063,18.3974],[123.4856,-1.6134,4.3741],[123.4797,-1.6149,0.0],[123.4797,-1.6225,4.0297],[123.4785,-1.6228,4.0297],[123.4824,-1.6291,4.9776],[123.485,-1.6278,16.2962],[123.486,-1.6332,0.8414],[123.486585,-1.63401,8.9212],[123.4833,-1.6362,2.3956],[123.485,-1.6376,22.8901],[123.4816,-1.6432,54.3374],[123.4788,-1.6432,27.1056],[123.4786,-1.6406,6.4263],[123.4755,-1.6414,7.3232],[123.4745,-1.6468,11.0958],[123.4764,-1.6474,24.7697],[123.4726,-1.6536,0.0],[123.4763,-1.6592,53.2244],[123.4766,-1.6657,12.0187],[123.4799,-1.6664,0.0],[123.4826,-1.6726,81.4026],[123.4835,-1.6803,5.8872],[123.485,-1.6817,19.297],[123.4825,-1.6847,42.9383],[123.4829,-1.6871,27.6588],[123.4798,-1.6883,0.0],[123.4856,-1.6975,26.3213],[123.4845,-1.6989,21.0412],[123.4859,-1.7009,6.2222],[123.4854,-1.7061,6.2008],[123.4874,-1.7073,0.0],[123.4885,-1.7031,11.9364],[123.4893,-1.7101,2.7789],[123.491,-1.7125,66.6089],[123.4889,-1.7129,4.9198],[123.4882,-1.7087,7.8805],[123.487,-1.7099,3.3004],[123.4885,-1.7134,0.0],[123.4899,-1.7144,0.0],[123.5102,-1.7216,2.4583],[123.5134,-1.725,0.0],[123.5144,-1.7228,4.3261],[123.5108,-1.7176,13.0144],[123.5128,-1.7141,9.2972],[123.5111,-1.7134,9.2972],[123.5154,-1.7109,1.6848],[123.5135,-1.7091,11.525],[123.5155,-1.7071,3.6344],[123.5138,-1.7069,20.6123],[123.5157,-1.7041,18.417],[123.5181,-1.7039,2.8554],[123.5179,-1.7007,35.3596],[123.5209,-1.7023,15.4831],[123.5194,-1.707,11.3835],[123.5237,-1.7071,12.6629],[123.5228,-1.7102,3.0068],[123.5186,-1.7079,0.0],[123.5195,-1.7098,0.8313],[123.5327,-1.7168,0.0],[123.5364,-1.7225,42.1982],[123.5366,-1.7255,27.1058],[123.5479,-1.7244,3.1914],[123.5548,-1.7175,3.1716],[123.5596,-1.7202,0.0],[123.5642,-1.7251,9.9955],[123.5641,-1.7269,0.0],[123.5681,-1.7284,0.0],[123.5758,-1.7267,0.0],[123.5791,-1.7137,0.0],[123.5808,-1.7118,0.7802],[123.5798,-1.7099,2.3803],[123.5812,-1.7103,0.8256],[123.5819,-1.7079,16.521],[123.5865,-1.7113,1.9279],[123.5811,-1.7114,1.0904],[123.5892,-1.7157,0.683],[123.5964,-1.7151,0.0],[123.6004,-1.7119,0.0],[123.6038,-1.7045,3.4369],[123.6066,-1.7047,0.0],[123.6097,-1.6991,5.5947],[123.6127,-1.6986,3.443],[123.6133,-1.695,79.3468],[123.6103,-1.6903,31.1653],[123.6114,-1.6851,16.8261],[123.6091,-1.6823,11.2501]],
[[123.486585,-1.63401,8.9212],[123.4866,-1.634,8.9212],[123.4886,-1.6368,42.6841],[123.486585,-1.63401,8.9212]]],
[[[123.6784,-1.8864,2.6479],[123.6787,-1.8841,2.9194],[123.6751,-1.8813,2.2494],[123.6715,-1.8826,0.0],[123.6681,-1.8871,22.4153],[123.6626,-1.8906,0.0],[123.6661,-1.9079,5.6763],[123.669,-1.9102,0.0],[123.6698,-1.9081,28.4131],[123.6707,-1.9117,0.0],[123.67218983050847,-1.912409443099276,13.3535],[123.6708,-1.9137,0.7164],[123.6744,-1.9157,1.1455],[123.676,-1.91,4.6025],[123.6778,-1.9108,12.9992],[123.6769,-1.908,7.8857],[123.679,-1.9094,17.8657],[123.6783,-1.9139,21.4159],[123.6765,-1.914,7.7707],[123.6768,-1.9169,39.6484],[123.6743,-1.918,0.0],[123.6766,-1.9271,6.2805],[123.6811,-1.9299,0.0],[123.6826,-1.9285,2.3551],[123.682,-1.9232,10.8691],[123.6842,-1.927,6.4804],[123.6867,-1.9273,0.0],[123.6875,-1.922,6.7788],[123.6864,-1.9202,0.0],[123.6887,-1.9142,0.0],[123.6873,-1.9106,3.9155],[123.6838,-1.9104,11.7321],[123.6824,-1.9037,5.7775],[123.6769,-1.8958,13.3153],[123.6747,-1.8868,28.3848],[123.6803,-1.89,11.2172],[123.6792,-1.8918,2.9212],[123.6812,-1.8975,0.0],[123.6836,-1.8951,24.1259],[123.683,-1.8921,31.4034],[123.6809,-1.8912,11.2172],[123.6806,-1.8892,1.1398],[123.6784,-1.8864,2.6479]],
[[123.67218983050847,-1.912409443099276,13.3535],[123.6722,-1.9124,13.3535],[123.67221666666667,-1.912422222222228,13.3535],[123.67218983050847,-1.912409443099276,13.3535]],
[[123.67221666666667,-1.912422222222228,13.3535],[123.6749,-1.9137,5.1593],[123.674,-1.9148,1.1455],[123.67221666666667,-1.912422222222228,13.3535]]],
[[[123.111,-3.6395,16.2013],[123.1186,-3.6402,0.0],[123.1182,-3.638,0.0],[123.1208,-3.6333,4.919],[123.1197,-3.615,32.6171],[123.1232,-3.6116,0.0],[123.1288,-3.6111,20.2062],[123.1531,-3.6207,11.3737],[123.1648,-3.622,0.0],[123.1649,-3.6209,16.758],[123.1691,-3.6227,9.2771],[123.1709,-3.6206,15.9718],[123.1778,-3.6211,0.0],[123.1785,-3.6174,0.4091],[123.1824,-3.6144,0.0],[123.1808,-3.601,1.5429],[123.1734,-3.5871,32.4283],[123.1736,-3.5844,1.2417],[123.1639,-3.5696,6.2303],[123.1605,-3.5604,4.657],[123.1564,-3.5562,0.0],[123.1553,-3.5573,7.2486],[123.1492,-3.5563,5.6721],[123.1286,-3.5669,8.2681],[123.0929,-3.5714,8.7076],[123.0762,-3.5758,0.0],[123.0722,-3.5774,0.1285],[123.0718,-3.5804,5.5983],[123.0649,-3.5856,0.7182],[123.0604,-3.5852,0.0],[123.0562,-3.5893,0.6567],[123.0439,-3.5928,2.3725],[123.0488,-3.6011,10.1402],[123.0698,-3.619,0.0],[123.0738,-3.6247,0.0],[123.078,-3.625,0.0],[123.1038,-3.6381,3.435],[123.111,-3.6395,16.2013]]],
[[[123.0432,-3.5496,0.0],[123.0463,-3.549,0.0],[123.0428,-3.5467,4.184],[123.0333,-3.5456,0.0],[123.039,-3.5486,1.5342],[123.0432,-3.5496,0.0]]],
[[[123.074,-3.5261,4.3299],[123.1017,-3.5057,0.0],[123.1075,-3.4996,0.0],[123.1088,-3.4944,0.0],[123.1035,-3.4966,0.0],[123.0983,-3.5026,0.0],[123.096,-3.5025,0.0],[123.095,-3.5052,0.0],[123.0914,-3.5054,0.0],[123.0861,-3.509,0.0],[123.07,-3.5156,0.5707],[123.0572,-3.5134,0.7655],[123.062,-3.5223,5.0651],[123.0586,-3.5222,0.0],[123.0576,-3.5239,0.0],[123.0599,-3.5276,0.0],[123.0673,-3.5281,0.0],[123.074,-3.5261,4.3299]]],
[[[122.5912,-3.3613,2.7132],[122.5912,-3.3632,1.9524],[122.5939,-3.363,0.0],[122.5925,-3.3613,2.7132],[122.5912,-3.3613,2.7132]]],
[[[122.3964,-3.344,0.0],[122.3939,-3.3431,0.0],[122.3912,-3.3443,0.0],[122.3909,-3.3425,0.0],[122.39,-3.3431,0.0],[122.3917,-3.3489,14.5614],[122.3892,-3.3491,0.0],[122.3897,-3.3517,26.197],[122.3935,-3.3529,32.7975],[122.3965,-3.3517,30.564],[122.3953,-3.3478,92.8532],[122.3964,-3.344,0.0]]],
[[[122.6111,-3.3881,0.0],[122.6122,-3.3905,0.8899],[122.6154,-3.3917,0.0],[122.6142,-3.3888,0.0],[122.6111,-3.3881,0.0]]],
[[[122.8181,-3.3853,2.1596],[122.8168,-3.3865,6.1052],[122.8175,-3.3883,0.0],[122.8192,-3.3861,2.1596],[122.8181,-3.3853,2.1596]]],
[[[124.1566,-1.7819,0.0],[124.1597,-1.7863,0.7811],[124.1639,-1.7885,0.0],[124.1795,-1.7741,5.0988],[124.1815,-1.7679,10.9574],[124.177,-1.7517,0.0],[124.1737,-1.7444,0.8299],[124.1681,-1.7371,0.0],[124.1511,-1.7355,0.0],[124.1433,-1.7415,0.0],[124.1404,-1.7459,0.0],[124.1404,-1.7504,0.0],[124.144,-1.751,0.0],[124.1451,-1.759,2.0234],[124.1488,-1.7666,2.8794],[124.1553,-1.7684,0.0],[124.157,-1.7661,6.9055],[124.157,-1.763,8.8317],[124.1528,-1.7612,0.0],[124.1515,-1.757,1.0597],[124.1664,-1.7544,0.0],[124.1651,-1.7493,2.4223],[124.1686,-1.7515,2.9478],[124.1692,-1.7552,1.424],[124.1675,-1.7684,6.0384],[124.1613,-1.777,3.8296],[124.1602,-1.7817,1.939],[124.16,-1.7779,0.0],[124.1551,-1.7755,3.9121],[124.1542,-1.7703,0.0],[124.15,-1.7706,0.0],[124.1502,-1.7754,0.0],[124.1566,-1.7819,0.0]]],
[[[122.8785,-1.6003,0.0],[122.9047,-1.6,0.0],[122.9142,-1.5953,0.0],[122.9244,-1.5852,0.1447],[122.924,-1.5837,0.2128],[122.9228,-1.5849,0.1447],[122.9217,-1.5818,0.0],[122.9186,-1.5831,58.0777],[122.9202,-1.5795,47.9199],[122.9225,-1.5798,0.0],[122.9226,-1.5781,35.1312],[122.9274,-1.5823,4.2982],[122.9275,-1.5743,21.0029],[122.9312,-1.5662,3.1161],[122.9339,-1.5652,0.0],[122.9319,-1.5621,16.4453],[122.935,-1.5629,3.5666],[122.9382,-1.5612,12.7599],[122.9372,-1.5586,15.7594],[122.9391,-1.557,0.0],[122.9402,-1.552,2.5739],[122.9418,-1.5524,0.0],[122.943,-1.5491,10.9307],[122.9446,-1.5497,0.0],[122.9464,-1.5448,15.4427],[122.9497,-1.543,20.7496],[122.9495,-1.545,3.691],[122.9527,-1.546,1.7648],[122.9502,-1.5439,20.7496],[122.9512,-1.5433,4.0426],[122.9523,-1.5441,4.0426],[122.9533,-1.5425,10.4284],[122.9515,-1.5419,20.6464],[122.9532,-1.5418,20.6464],[122.9577,-1.5434,16.891],[122.9586,-1.5466,0.0],[122.9636,-1.5464,0.0],[122.9637,-1.5424,5.9058],[122.9673,-1.542,2.8719],[122.9648,-1.5386,32.6226],[122.9692,-1.5378,7.5786],[122.9713,-1.5309,30.2849],[122.9718,-1.5336,0.0],[122.9749,-1.5331,0.0],[122.9743,-1.5303,0.0],[122.9776,-1.5269,1.8268],[122.9756,-1.5278,20.7272],[122.9762,-1.5269,1.8268],[122.9776,-1.5261,14.5092],[122.9772,-1.524,23.6741],[122.979,-1.5253,1.5912],[122.9837,-1.5238,2.2257],[122.9848,-1.5207,6.5536],[122.9868,-1.5204,0.0],[122.9863,-1.5188,2.1138],[122.9911,-1.5143,22.0256],[122.9917,-1.516,5.0292],[122.9944,-1.5138,11.5193],[122.9987,-1.516,0.0],[122.9994,-1.509,0.0],[123.001,-1.5083,0.0],[123.0032,-1.5004,2.6271],[123.0054,-1.4992,26.0505],[123.0048,-1.5014,0.0],[123.0071,-1.5025,13.3073],[123.0072,-1.5043,5.8963],[123.0089,-1.5032,0.0],[123.0114,-1.4957,3.9136],[123.0169,-1.4928,18.6941],[123.0172,-1.4873,0.0],[123.0227,-1.4756,18.5051],[123.0247,-1.464,40.1572],[123.0287,-1.4568,0.0],[123.0279,-1.4485,0.0],[123.0295,-1.4426,0.0],[123.0284,-1.4373,9.2085],[123.0315,-1.4381,25.4384],[123.0317,-1.4462,11.5142],[123.0341,-1.4487,0.0],[123.0326,-1.4419,0.0],[123.0354,-1.4388,9.6268],[123.0346,-1.4371,9.6933],[123.0368,-1.4337,0.0],[123.0371,-1.4214,22.2498],[123.0386,-1.419,9.9474],[123.0431,-1.418,0.0],[123.041,-1.4168,28.8119],[123.0436,-1.4164,8.4384],[123.044,-1.413,0.0],[123.0449,-1.4136,0.0],[123.0537,-1.3998,0.0],[123.0574,-1.3894,25.0229],[123.0612,-1.3874,0.0],[123.0612,-1.3855,0.0],[123.0639,-1.384,6.1657],[123.0663,-1.3794,44.9074],[123.0681,-1.3801,0.0],[123.0716,-1.3713,0.0],[123.0764,-1.3672,10.2709],[123.0793,-1.3613,0.0],[123.0854,-1.3566,0.0],[123.0886,-1.3484,3.8157],[123.0913,-1.3484,0.0],[123.0923,-1.35,0.0],[123.093,-1.3461,23.6955],[123.0968,-1.3455,0.0],[123.0967,-1.3413,0.0],[123.0981,-1.3389,1.3591],[123.1004,-1.3387,0.0],[123.0992,-1.3369,11.6128],[123.1036,-1.3319,0.0],[123.1089,-1.3199,1.9858],[123.108,-1.3169,11.5973],[123.1098,-1.3174,0.0],[123.11,-1.3141,8.9914],[123.1135,-1.3133,2.2356],[123.1143,-1.3067,0.0],[123.1184,-1.3013,0.0],[123.12,-1.2952,3.7718],[123.1216,-1.2946,3.7718],[123.1194,-1.3016,0.0],[123.1193,-1.3094,0.0],[123.1219,-1.3186,0.0],[123.1299,-1.3132,3.6345],[123.137,-1.2995,11.141],[123.143,-1.297,1.0714],[123.1493,-1.2967,0.4015],[123.1611,-1.3025,0.0],[123.1624,-1.3001,4.7042],[123.1658,-1.3031,10.2788],[123.1585,-1.3088,5.4287],[123.1598,-1.3108,36.1057],[123.1593,-1.3189,17.6764],[123.1607,-1.3199,15.383],[123.1592,-1.3261,42.2075],[123.1578,-1.3258,8.0678],[123.1556,-1.3364,0.0],[123.1584,-1.3527,32.4204],[123.1564,-1.3685,0.0],[123.1579,-1.3742,14.1263],[123.1605,-1.3734,5.2519],[123.1651,-1.3756,7.3638],[123.1634,-1.3773,19.211],[123.1622,-1.3754,13.0677],[123.1612,-1.3773,26.7272],[123.1599,-1.3754,8.3041],[123.1579,-1.3768,5.2803],[123.1593,-1.3776,18.325],[123.16,-1.3845,1.0928],[123.1609,-1.3838,1.0928],[123.1633,-1.3867,1.727],[123.168,-1.3864,5.139],[123.1653,-1.3919,0.8682],[123.1692,-1.3952,2.1071],[123.1689,-1.3982,3.9431],[123.1647,-1.398,2.2486],[123.1637,-1.4015,1.9768],[123.1648,-1.4079,0.0],[123.1672,-1.4091,0.0],[123.1665,-1.413,0.0],[123.1689,-1.4138,7.8078],[123.1666,-1.4144,0.0],[123.1671,-1.4218,0.0],[123.1726,-1.4283,1.3843],[123.167,-1.4464,49.2438],[123.1667,-1.4384,4.6307],[123.1653,-1.4387,4.6307],[123.1632,-1.4532,12.3923],[123.1656,-1.4557,5.1587],[123.167,-1.4503,62.0772],[123.1723,-1.4534,0.8478],[123.1722,-1.4564,0.0],[123.1743,-1.4597,1.864],[123.1729,-1.4642,0.0],[123.1765,-1.4702,14.9454],[123.1745,-1.476,0.0],[123.1786,-1.4848,14.6327],[123.1783,-1.4876,21.1263],[123.1765,-1.4889,26.4854],[123.176,-1.4984,10.3107],[123.1805,-1.5006,3.1681],[123.1848,-1.5144,16.5379],[123.1829,-1.5193,0.0],[123.1778,-1.5225,32.148],[123.175,-1.5287,25.5547],[123.1709,-1.5324,7.3124],[123.1702,-1.536,48.3176],[123.1609,-1.5411,12.4672],[123.1532,-1.5421,27.7346],[123.1447,-1.5463,56.2302],[123.1432,-1.5511,18.2332],[123.131,-1.5608,4.368],[123.1306,-1.5655,19.3532],[123.1282,-1.5681,55.5716],[123.126,-1.5685,29.8032],[123.1228,-1.5655,1.4079],[123.1192,-1.5647,59.0185],[123.1074,-1.5666,0.0],[123.1064,-1.5722,32.0635],[123.1017,-1.576,16.7063],[123.0997,-1.581,24.6764],[123.0978,-1.5926,12.9957],[123.0986,-1.6005,0.0],[123.1015,-1.6038,0.0],[123.1114,-1.5912,26.3509],[123.1088,-1.6052,3.6553],[123.1149,-1.6122,0.0],[123.1227,-1.6134,0.0],[123.1299,-1.612,5.2138],[123.1331,-1.6074,15.7989],[123.1379,-1.6094,8.6729],[123.1392,-1.6137,0.0],[123.1404,-1.6105,22.8532],[123.1442,-1.6098,1.8232],[123.1449,-1.6102,20.7715],[123.1437,-1.6126,11.4631],[123.147,-1.6155,0.0],[123.151,-1.6116,21.8984],[123.1533,-1.6127,48.3895],[123.1546,-1.6139,14.857],[123.151,-1.6143,13.219],[123.1507,-1.6171,0.0],[123.1536,-1.6243,7.3896],[123.1563,-1.6239,14.8964],[123.1533,-1.6266,6.8065],[123.1553,-1.6313,43.743],[123.1533,-1.6367,1.9214],[123.1549,-1.6409,0.0],[123.1566,-1.6388,22.7708],[123.1606,-1.639,7.7229],[123.1629,-1.6365,11.8319],[123.1635,-1.6382,3.2704],[123.162,-1.638,13.5781],[123.1615,-1.6401,0.0],[123.163,-1.6402,0.0],[123.1647,-1.637,12.8079],[123.1641,-1.6357,23.4669],[123.1687,-1.6336,0.0],[123.1704,-1.6284,7.9138],[123.1717,-1.6285,22.0177],[123.171,-1.633,0.0],[123.1732,-1.6315,7.5175],[123.1768,-1.6345,5.2069],[123.1799,-1.6328,2.8513],[123.1798,-1.6302,0.0],[123.182,-1.63,0.0],[123.1837,-1.6247,21.8736],[123.1829,-1.6226,39.4658],[123.1841,-1.6239,2.8761],[123.1853,-1.6228,21.9093],[123.1853,-1.6245,2.8761],[123.1885,-1.6202,0.0],[123.1889,-1.616,21.0968],[123.1905,-1.6153,6.6581],[123.191,-1.6165,0.0],[123.1922,-1.6149,0.0],[123.1908,-1.6141,16.1905],[123.1933,-1.6136,0.0],[123.1901,-1.613,16.1905],[123.1926,-1.6087,4.0454],[123.1948,-1.6081,11.8039],[123.1941,-1.6118,18.661],[123.1973,-1.6085,16.009],[123.1968,-1.6102,25.312],[123.194,-1.6124,18.661],[123.1942,-1.6143,1.5372],[123.1968,-1.6124,22.9382],[123.1963,-1.6146,3.114],[123.1982,-1.6155,19.0593],[123.1999,-1.6192,0.0],[123.2014,-1.6172,26.1852],[123.2049,-1.6167,0.0],[123.2045,-1.6154,21.9346],[123.2088,-1.62,0.0],[123.2086,-1.6143,4.6589],[123.206,-1.6104,20.21],[123.2081,-1.6102,0.0],[123.2081,-1.6082,27.5098],[123.2125,-1.6089,0.0],[123.2122,-1.6066,15.5344],[123.2139,-1.6075,0.0],[123.2135,-1.6055,7.1468],[123.2158,-1.6043,20.2405],[123.2185,-1.6059,2.8791],[123.2202,-1.6045,0.0],[123.2193,-1.6014,3.125],[123.2227,-1.6027,5.9559],[123.2218,-1.6017,5.9559],[123.2235,-1.5984,5.8821],[123.2233,-1.6015,0.0],[123.2247,-1.6015,0.0],[123.2241,-1.5993,5.8821],[123.2254,-1.5997,0.0],[123.2264,-1.5972,18.3019],[123.2256,-1.5954,19.2632],[123.227,-1.5958,37.688],[123.2267,-1.5975,18.3019],[123.2284,-1.5987,0.0],[123.2271,-1.5964,9.7357],[123.2289,-1.5973,9.7357],[123.2317,-1.602,14.5041],[123.2318,-1.6102,1.9552],[123.2332,-1.611,25.0258],[123.2315,-1.6125,3.7698],[123.2316,-1.6175,14.5347],[123.2331,-1.6193,31.8056],[123.2337,-1.6328,31.1107],[123.2364,-1.6432,0.0],[123.2374,-1.645,0.0],[123.241,-1.6455,4.4827],[123.2404,-1.6478,8.7688],[123.243,-1.6493,2.7751],[123.2464,-1.6436,6.8427],[123.2485,-1.6452,0.0],[123.25,-1.6438,0.0],[123.2478,-1.6395,11.0754],[123.2514,-1.6389,7.8678],[123.2501,-1.64,11.7202],[123.2511,-1.6414,0.0],[123.2545,-1.6394,0.0],[123.2572,-1.635,2.57],[123.2572,-1.6272,11.6425],[123.2607,-1.6255,8.7284],[123.2566,-1.6145,0.0],[123.2582,-1.6091,0.0],[123.2555,-1.6069,26.4656],[123.254,-1.6019,0.0],[123.251,-1.6014,77.8918],[123.2488,-1.5967,18.5651],[123.2454,-1.5959,2.109],[123.2367,-1.6028,27.3951],[123.2374,-1.5988,1.7147],[123.2345,-1.5953,21.7226],[123.2356,-1.5949,12.5304],[123.235,-1.5923,35.9475],[123.2368,-1.5949,12.5304],[123.2386,-1.5906,22.5453],[123.2404,-1.5917,15.8118],[123.2396,-1.5938,5.1696],[123.2417,-1.5937,0.0],[123.2421,-1.5883,15.4969],[123.2441,-1.5868,8.5545],[123.2437,-1.5822,7.7759],[123.2456,-1.5805,0.0],[123.2455,-1.5726,0.0],[123.2427,-1.5737,24.6582],[123.2398,-1.5717,8.786],[123.2416,-1.571,0.0],[123.24,-1.5695,4.329],[123.2427,-1.5649,14.9679],[123.2399,-1.5634,17.6062],[123.2408,-1.5623,7.4601],[123.2383,-1.5559,3.7585],[123.2391,-1.5542,6.1224],[123.2406,-1.5564,0.0],[123.2406,-1.5544,0.5059],[123.2377,-1.551,0.0],[123.2396,-1.55,4.6538],[123.2396,-1.5473,33.0192],[123.2405,-1.5506,4.6538],[123.2427,-1.5513,0.0],[123.2411,-1.5428,48.3567],[123.244,-1.542,0.749],[123.2439,-1.5393,3.3333],[123.2458,-1.5408,0.0],[123.2472,-1.5347,1.6241],[123.246,-1.5342,1.6189],[123.2472,-1.532,7.6959],[123.2461,-1.5294,4.5578],[123.248,-1.529,0.0],[123.2466,-1.5277,5.8272],[123.2478,-1.5222,3.1085],[123.2507,-1.519,13.4287],[123.2503,-1.5174,5.9623],[123.248,-1.5172,11.0368],[123.2503,-1.5147,0.0],[123.2475,-1.5105,7.9428],[123.2491,-1.5075,3.2444],[123.248,-1.5062,0.0],[123.2468,-1.5074,12.2839],[123.248,-1.5047,0.0],[123.2458,-1.5043,3.1409],[123.2448,-1.5016,56.3817],[123.2469,-1.4976,26.2373],[123.2455,-1.5013,12.6941],[123.248,-1.5032,0.0],[123.2486,-1.5007,5.7321],[123.2472,-1.4997,28.6872],[123.249,-1.4967,14.2734],[123.2475,-1.4955,10.3118],[123.2519,-1.4937,0.0],[123.251,-1.4912,10.4873],[123.2479,-1.489,12.9899],[123.2568,-1.4877,9.585],[123.2587,-1.4831,0.0],[123.255,-1.4832,41.9652],[123.2563,-1.4785,0.0],[123.2539,-1.4726,0.0],[123.2521,-1.4723,15.6811],[123.2547,-1.4696,2.011],[123.2555,-1.4656,15.7813],[123.2565,-1.468,0.0],[123.2588,-1.467,5.3093],[123.257,-1.4615,21.5607],[123.2566,-1.4423,9.6598],[123.2589,-1.4443,5.2512],[123.262,-1.4424,10.6974],[123.2636,-1.4433,2.3416],[123.2646,-1.442,7.6643],[123.2653,-1.4433,7.8161],[123.2672,-1.4403,4.7957],[123.2714,-1.444,0.0],[123.2758,-1.443,0.0],[123.2824,-1.4368,9.3287],[123.2835,-1.4204,7.4455],[123.2872,-1.4189,1.8165],[123.2893,-1.4146,0.0],[123.2894,-1.4162,0.0],[123.2949,-1.4135,0.0],[123.2945,-1.4114,16.0437],[123.2959,-1.4131,0.0],[123.2996,-1.4104,27.4714],[123.303,-1.414,0.0],[123.3041,-1.4125,10.8139],[123.3054,-1.414,6.2715],[123.3078,-1.4126,31.2924],[123.3114,-1.4147,17.3381],[123.315,-1.4207,0.0],[123.3182,-1.4222,2.6182],[123.3215,-1.4215,0.0],[123.3208,-1.4199,1.7498],[123.3227,-1.4205,0.0],[123.3228,-1.4183,17.549],[123.3257,-1.4153,48.378],[123.3246,-1.4175,15.8906],[123.3261,-1.4186,54.8607],[123.3241,-1.4196,21.9496],[123.3255,-1.4245,3.8158],[123.3233,-1.4232,1.3958],[123.3205,-1.4259,0.0],[123.3225,-1.426,1.737],[123.3212,-1.4341,0.0],[123.3224,-1.4353,2.8459],[123.3212,-1.4357,0.0],[123.3236,-1.4419,0.0],[123.3254,-1.443,4.1359],[123.3251,-1.4457,1.2564],[123.3268,-1.447,2.4705],[123.3289,-1.4545,0.0],[123.3319,-1.4561,5.0948],[123.3343,-1.4609,1.6333],[123.3367,-1.4612,0.5981],[123.3382,-1.4641,2.4528],[123.3409,-1.4652,0.0],[123.341,-1.4695,0.0],[123.3435,-1.4717,0.0],[123.348,-1.4734,0.0],[123.354,-1.4702,3.9653],[123.3554,-1.4732,10.8523],[123.3526,-1.4833,81.3916],[123.3556,-1.5133,21.3672],[123.354,-1.5187,3.5624],[123.3543,-1.5256,0.0],[123.3577,-1.5259,0.0],[123.359,-1.5242,0.0],[123.3652,-1.5005,0.0],[123.3679,-1.5006,0.6575],[123.3711,-1.498,0.0],[123.3752,-1.4989,1.2726],[123.3805,-1.5029,5.4529],[123.3843,-1.5014,3.4421],[123.384,-1.4994,20.8319],[123.3887,-1.5023,15.1287],[123.3913,-1.5061,4.8106],[123.3892,-1.506,0.0],[123.3928,-1.5089,9.1832],[123.3932,-1.5115,0.0],[123.397,-1.5116,19.9562],[123.3963,-1.5137,5.4594],[123.3987,-1.5135,18.9047],[123.3975,-1.5151,0.0],[123.3992,-1.5149,0.0],[123.4045,-1.5217,38.691],[123.4055,-1.5241,24.7538],[123.4041,-1.5238,24.7538],[123.4041,-1.5251999999999999,27.7849],[123.4057,-1.5272,3.2388],[123.408,-1.5273,6.1406],[123.4125,-1.5307,3.6445],[123.4151,-1.5298,0.0],[123.4116,-1.5226,13.319],[123.4165,-1.5187,3.8422],[123.4187,-1.5193,4.9039],[123.426,-1.5151,9.4316],[123.4367,-1.5199,0.0],[123.4396,-1.5174,0.0],[123.4364,-1.5111,34.612],[123.4376,-1.5112,8.5454],[123.4377,-1.5068,14.1735],[123.4397,-1.505,3.0405],[123.4433,-1.5064,16.1436],[123.4443,-1.5103,0.0],[123.4498,-1.5156,10.9779],[123.458,-1.5189,0.0],[123.4576,-1.5152,0.0],[123.4631,-1.5032,7.8339],[123.4652,-1.5035,0.0],[123.4664,-1.5003,5.0889],[123.4683,-1.5017,0.0],[123.47,-1.4979,0.0],[123.4691,-1.4906,26.4551],[123.4704,-1.4878,7.7164],[123.4717,-1.488,2.9681],[123.4709,-1.4901,0.2383],[123.4719,-1.4894,0.6054],[123.4723,-1.4881,0.6054],[123.4694,-1.4863,22.7318],[123.4717,-1.486,8.5862],[123.471,-1.4839,31.9015],[123.473,-1.4805,10.4791],[123.4712,-1.4787,42.2599],[123.4712,-1.4769,29.8565],[123.4726,-1.4774,2.2805],[123.4708,-1.4701,23.2155],[123.4739,-1.4606,31.6499],[123.479,-1.4638,4.1717],[123.4796,-1.4671,0.0],[123.4816,-1.4677,2.2073],[123.483,-1.4661,16.7392],[123.4864,-1.47,0.3331],[123.4973,-1.4667,0.0],[123.5023,-1.4608,12.6349],[123.5065,-1.4588,8.2178],[123.5088,-1.46,0.0],[123.5115,-1.4571,0.0],[123.5242,-1.4339,0.5061],[123.5233,-1.4317,1.0773],[123.5256,-1.4304,0.0],[123.53,-1.413,0.0],[123.5363,-1.4038,0.0],[123.5395,-1.3958,20.5849],[123.5368,-1.3878,2.283],[123.5396,-1.3839,14.7155],[123.5398,-1.3791,0.0],[123.5372,-1.3752,10.1367],[123.5363,-1.369,0.0],[123.5344,-1.3672,15.5539],[123.5344,-1.3634,4.0134],[123.536,-1.3641,0.0],[123.5368,-1.3627,0.0],[123.5351,-1.3603,6.4251],[123.5385,-1.3574,0.0],[123.539,-1.3537,2.4463],[123.5516,-1.3436,3.6429],[123.5532,-1.3393,0.0],[123.5526,-1.3363,0.0],[123.5574,-1.3304,16.0754],[123.5586,-1.3192,0.0],[123.5573,-1.3157,10.1775],[123.5598,-1.3095,8.4807],[123.5574,-1.3072,15.0801],[123.5563,-1.2961,0.0],[123.5573,-1.2949,0.0],[123.5556,-1.293,22.5297],[123.5586,-1.2879,0.0],[123.5593,-1.2814,34.1407],[123.5533,-1.2763,22.2204],[123.5499,-1.2785,42.5656],[123.5445,-1.2772,22.96],[123.5405,-1.2741,4.1776],[123.5337,-1.2749,17.3571],[123.5246,-1.269,9.404],[123.512,-1.2815,78.8008],[123.5246,-1.2689,9.404],[123.5221,-1.2644,0.0],[123.518,-1.2627,3.7677],[123.5138,-1.2662,0.0],[123.4994,-1.2703,14.2711],[123.4923,-1.2688,6.2952],[123.4874,-1.2697,27.1016],[123.4804,-1.2637,2.7996],[123.473,-1.2498,15.6295],[123.4679,-1.2482,7.7632],[123.4575,-1.2405,1.8682],[123.4481,-1.2388,7.0234],[123.4423,-1.2344,0.0],[123.4434,-1.2389,4.0041],[123.4401,-1.2413,0.0],[123.441,-1.245,9.8451],[123.4395,-1.2476,8.8095],[123.4396,-1.2525,19.1585],[123.4413,-1.2585,0.7303],[123.4454,-1.2623,3.0998],[123.4456,-1.2668,21.1687],[123.4436,-1.2673,3.39],[123.4413,-1.2629,0.0],[123.4417,-1.2674,1.7808],[123.4404,-1.2685,3.4915],[123.4282,-1.2694,2.9258],[123.4258,-1.2679,4.3996],[123.4264,-1.2662,7.6596],[123.4207,-1.2629,0.0],[123.4204,-1.2649,13.5295],[123.4199,-1.2607,2.2473],[123.4217,-1.2571,0.0],[123.4196,-1.2574,3.4724],[123.416,-1.2548,3.2636],[123.4096,-1.2586,2.8818],[123.4073,-1.2572,1.9623],[123.4073,-1.2541,1.8982],[123.4038,-1.2524,7.9899],[123.4028,-1.2469,5.9667],[123.4043,-1.2432,0.0],[123.4116,-1.2355,11.1185],[123.4115,-1.2324,49.8253],[123.4147,-1.2289,0.0],[123.4119,-1.2274,32.2261],[123.4127,-1.2247,0.0],[123.4082,-1.2245,0.0],[123.409,-1.2222,6.9208],[123.4041,-1.2186,5.4035],[123.4059,-1.2237,5.478],[123.4046,-1.2303,40.4136],[123.4011,-1.2344,0.0],[123.3983,-1.2351,2.177],[123.3917,-1.2292,2.8636],[123.391,-1.2229,0.0],[123.3889,-1.2238,26.1241],[123.3811,-1.2206,9.2719],[123.3753,-1.2217,20.7898],[123.3648,-1.2273,34.6161],[123.3451,-1.253,77.721],[123.3306,-1.2672,1.2701],[123.324,-1.282,9.4869],[123.323,-1.2927,0.0],[123.3139,-1.3041,12.6068],[123.3036,-1.3079,4.101],[123.3005,-1.3073,10.0892],[123.30029999999999,-1.3052,0.0],[123.2968,-1.305,1.4937],[123.2892,-1.3091,2.3859],[123.2826,-1.3172,1.5527],[123.2819,-1.3213,1.8875],[123.2835,-1.3173,1.5527],[123.2909,-1.3116,10.9107],[123.291,-1.3136,16.3931],[123.2874,-1.3166,0.946],[123.2885,-1.3183,12.1086],[123.2853,-1.3197,1.3543],[123.2868,-1.3217,18.9129],[123.2846,-1.3209,1.3543],[123.2816,-1.3226,1.8875],[123.2829,-1.3243,11.749],[123.2819,-1.3254,10.6295],[123.2811,-1.3242,0.9169],[123.2814,-1.3261,10.6295],[123.2792,-1.3292,0.0],[123.2803,-1.3326,0.0],[123.2812,-1.3312,23.1974],[123.2823,-1.3327,10.7011],[123.2809,-1.3353,8.1399],[123.2838,-1.3345,24.6174],[123.2807,-1.3363,8.2439],[123.283,-1.341,21.2919],[123.2825,-1.3443,21.0315],[123.2842,-1.3471,0.3358],[123.2856,-1.3443,15.2775],[123.2874,-1.346,7.7866],[123.2838,-1.3584,25.2985],[123.2734,-1.3691,7.2229],[123.2692,-1.3776,1.2815],[123.2667,-1.3793,0.963],[123.2702,-1.3788,4.8956],[123.2699,-1.382,9.2921],[123.2606,-1.3898,55.1861],[123.2471,-1.3905,1.1429],[123.2444,-1.3982,6.2974],[123.2416,-1.3996,12.7743],[123.2417,-1.3976,0.7703],[123.237,-1.3968,34.1997],[123.237,-1.3929,6.0697],[123.2336,-1.3933,46.7221],[123.2304,-1.3905,6.5078],[123.2303,-1.3883,8.5907],[123.2282,-1.3881,23.1352],[123.2314,-1.3853,0.0],[123.2366,-1.3848,0.0],[123.2388,-1.3827,6.3225],[123.23,-1.3755,23.2343],[123.2294,-1.3704,0.0],[123.2272,-1.3691,0.0],[123.2292,-1.3664,0.0],[123.2273,-1.3593,0.0],[123.2244,-1.3587,19.2468],[123.2198,-1.3518,20.6738],[123.2192,-1.3652,63.8366],[123.2166,-1.3648,36.3444],[123.2175,-1.3621,6.7576],[123.2145,-1.3596,43.6288],[123.217,-1.3598,0.0],[123.2167,-1.3585,0.0],[123.2153,-1.3589,7.5837],[123.2158,-1.3549,2.8921],[123.2141,-1.3561,11.527],[123.2135,-1.3548,11.527],[123.2125,-1.3569,42.1236],[123.2128,-1.3543,1.357],[123.2147,-1.354,0.0],[123.2124,-1.3534,30.1944],[123.2128,-1.3513,0.0],[123.209,-1.3482,57.2144],[123.2106,-1.346,0.0],[123.2088,-1.3465,31.6205],[123.2076,-1.3427,9.4161],[123.2063,-1.3431,62.563],[123.2073,-1.3407,9.5638],[123.205,-1.3391,11.7014],[123.2068,-1.3374,3.8798],[123.2036,-1.3376999999999999,12.4148],[123.202,-1.3333,41.7259],[123.198,-1.332,34.3775],[123.1971,-1.3281,11.6673],[123.1961,-1.331,25.8095],[123.1947,-1.3301,9.8749],[123.1948,-1.3258,0.0],[123.1907,-1.3196,39.053],[123.1881,-1.3202,15.1488],[123.19,-1.3265,32.7827],[123.1884,-1.3229,4.7323],[123.1836,-1.3206,42.8124],[123.186,-1.3064,0.0],[123.1872,-1.3041,30.0426],[123.1911,-1.3029,12.2422],[123.1907,-1.3008,30.6901],[123.1924,-1.3012,0.0],[123.1956,-1.2965,0.0],[123.1979,-1.2844,32.3624],[123.1966,-1.2798,6.3138],[123.1954,-1.2796,70.2406],[123.1969,-1.277,1.3713],[123.1967,-1.2748,0.7386],[123.195,-1.2746,41.8362],[123.1965,-1.2732,4.9549],[123.1954,-1.2731,8.0459],[123.1955,-1.2716,10.327],[123.1967,-1.2722,0.0],[123.1961,-1.2703,0.0],[123.1902,-1.2674,19.4728],[123.1861,-1.2622,18.8094],[123.1883,-1.2642,5.8141],[123.19,-1.2638,0.727],[123.1917,-1.2617,4.3532],[123.1912,-1.2593,13.8772],[123.1953,-1.2609,11.0748],[123.1962,-1.263,0.0],[123.1986,-1.2613,10.2517],[123.198,-1.2641,0.0],[123.2076,-1.2684,0.0],[123.211,-1.2719,0.7438],[123.2134,-1.2726,0.95009999999999994],[123.2176,-1.2705,4.1436],[123.2238,-1.2628,5.5269],[123.2263,-1.25,26.0765],[123.2279,-1.2475,11.928],[123.23,-1.2479,2.2808],[123.2319,-1.241,5.5439],[123.2351,-1.237,7.3745],[123.2344,-1.2361,3.8689],[123.2328,-1.2377,10.0692],[123.232,-1.236,3.0371],[123.2314,-1.238,10.8421],[123.2316,-1.2356,3.0371],[123.2299,-1.2355,4.8043],[123.2292,-1.2322,15.2491],[123.2303,-1.2347,4.8043],[123.2314,-1.232,6.8233],[123.233,-1.2323,6.8233],[123.2336,-1.236,3.8689],[123.2345,-1.2337,9.0309],[123.2351,-1.2354,3.8689],[123.2392,-1.2328,2.9781],[123.2391,-1.2358,0.8371],[123.2425,-1.2323,1.1498],[123.2487,-1.2294,0.0],[123.246,-1.2245,0.0],[123.2294,-1.2153,4.2282],[123.2214,-1.2086,1.0344],[123.2188,-1.2038,0.0],[123.2165,-1.1913,22.1471],[123.2056,-1.1802,16.6691],[123.1992,-1.1709,6.0337],[123.1936,-1.1537,2.7434],[123.1905,-1.1511,1.5618],[123.1712,-1.149,2.8613],[123.1638,-1.1516,2.5705],[123.1608,-1.1866,1.8139],[123.1462,-1.2059,0.0],[123.1486,-1.2063,0.0],[123.1487,-1.2091,0.0],[123.1447,-1.2112,13.6896],[123.1427,-1.2086,3.1774],[123.1389,-1.2079,6.5824],[123.1385,-1.2035,10.8235],[123.1355,-1.2029,15.4723],[123.1372,-1.2027,8.3753],[123.137,-1.1998,6.5166],[123.1333,-1.1924,0.5395],[123.1205,-1.1792,1.1838],[123.109,-1.1628,2.0344],[123.1053,-1.1607,1.796],[123.0981,-1.1625,2.1237],[123.0852,-1.1703,12.1884],[123.0743,-1.1702,8.4826],[123.0603,-1.1755,5.8927],[123.0594,-1.1768,0.0],[123.0632,-1.1759,13.1613],[123.0583,-1.1794,10.1367],[123.0565,-1.1768,3.4329],[123.0574,-1.1762,0.0],[123.0548,-1.1757,2.9263],[123.0459,-1.1787,13.4174],[123.0329,-1.1778,0.0],[123.0175,-1.1901,7.8166],[123.006,-1.1923,0.711],[123.0044,-1.1943,0.5284],[123.009,-1.1922,7.0849],[123.0082,-1.1939,4.3125],[123.0062,-1.1939,0.4779],[123.0069,-1.1949,27.2255],[122.9994,-1.197,6.9352],[123.0038,-1.1941,0.5284],[123.0023,-1.1937,2.9707],[122.9848,-1.2039,18.1251],[122.9809,-1.2026,6.638],[122.9778,-1.2034,2.8909],[122.9753,-1.2071,11.7836],[122.9768,-1.2115,53.9008],[122.9761,-1.2124,53.9008],[122.9743,-1.2109,1.2708],[122.9718,-1.2162,7.2566],[122.9704,-1.2143,1.8009],[122.9671,-1.2152,10.3279],[122.9649,-1.2098,20.7118],[122.9615,-1.2088,7.4146],[122.9626,-1.2084,7.4146],[122.9617,-1.2063,1.7553],[122.9546,-1.1947,37.663],[122.9459,-1.1855,21.8319],[122.9371,-1.1824,5.3084],[122.927,-1.1841,14.7032],[122.9121,-1.1803,5.5288],[122.9052,-1.1825,5.9181],[122.8994,-1.1901,0.0],[122.8988,-1.1988,23.364],[122.8914,-1.208,14.26],[122.8848,-1.2115,8.018],[122.8821,-1.2151,10.8862],[122.8822,-1.2277,5.2741],[122.8763,-1.2349,0.0],[122.8748,-1.2405,2.8279],[122.8716,-1.2414,4.9754],[122.8725,-1.2452,0.0],[122.871,-1.2498,64.8089],[122.8626,-1.2587,19.8364],[122.8573,-1.2598,2.2168],[122.8461,-1.2689,2.4899],[122.8363,-1.2732,9.0168],[122.8306,-1.2784,2.0503],[122.8242,-1.2885,7.6985],[122.8248,-1.295,3.3608],[122.8204,-1.3042,2.9785],[122.8157,-1.3078,6.3023],[122.8132,-1.319,0.0],[122.8135,-1.3253,2.1134],[122.8169,-1.3301,10.9257],[122.8167,-1.3335,64.5056],[122.8127,-1.337,4.4231],[122.8108,-1.3418,6.9164],[122.8043,-1.3475,4.3937],[122.803,-1.3507,2.8593],[122.8039,-1.3577,52.9127],[122.8,-1.3633,43.1308],[122.7981,-1.3696,13.6017],[122.7961,-1.3711,1.0559],[122.7973,-1.3775,25.0374],[122.7935,-1.3854,17.334],[122.7935,-1.4022,55.9543],[122.791,-1.4082,29.6998],[122.7903,-1.4181,37.3579],[122.7913,-1.4239,34.0329],[122.7941,-1.4267,4.2912],[122.7944,-1.4325,27.3984],[122.7933,-1.4396,78.9883],[122.788,-1.4449,0.0],[122.791,-1.4535,33.4299],[122.789,-1.4552,17.8406],[122.7869,-1.4546,15.1706],[122.7859,-1.4568,5.3178],[122.7892,-1.459,25.1103],[122.7862,-1.464,2.3823],[122.7901,-1.4624,22.6506],[122.7911,-1.4654,18.9251],[122.7901,-1.4674,9.2139],[122.794,-1.4682,19.6042],[122.793,-1.4732,10.3169],[122.7916,-1.4727,2.7267],[122.79,-1.4747,6.6805],[122.7903,-1.4813,0.0],[122.795,-1.4883,0.0],[122.7977,-1.4882,1.2387],[122.7984,-1.4917,0.0],[122.8009,-1.4918,0.0],[122.8019,-1.4892,1.5781],[122.8042,-1.4895,5.9131],[122.8047,-1.4875,8.0407],[122.8027,-1.4858,1.7771],[122.8019,-1.4882,1.5781],[122.8004,-1.4851,5.3071],[122.8072,-1.4813,30.4458],[122.8085,-1.4816,30.4458],[122.8068,-1.4837,0.0],[122.8099,-1.4853,2.2235],[122.8133,-1.4835,10.0965],[122.8149,-1.4874,0.0],[122.8128,-1.4883,0.0],[122.8135,-1.4892,5.8047],[122.8174,-1.4886,0.0],[122.8164,-1.4844,0.5446],[122.8138,-1.4841,5.469],[122.815,-1.4824,23.2232],[122.8173,-1.4839,0.5446],[122.8205,-1.4823,21.0307],[122.8227,-1.4921,0.5402],[122.8263,-1.4931,23.9531],[122.8251,-1.4988,7.714],[122.8262,-1.5002,15.2512],[122.8246,-1.4988,7.714],[122.8221,-1.4999,10.9025],[122.8203,-1.4982,6.1321],[122.8186,-1.4996,1.111],[122.824,-1.5049,3.3696],[122.8276,-1.5058,4.5453],[122.8275,-1.5084,0.7819],[122.8302,-1.5076,11.9286],[122.8302,-1.5098,6.6298],[122.8268,-1.5096,3.3295],[122.8278,-1.5133,2.9344],[122.8325,-1.5162,5.9572],[122.8316,-1.5169,0.0],[122.8379,-1.5244,1.1143],[122.8362,-1.5198,2.1082],[122.8377,-1.5195,10.8799],[122.8371,-1.5127,10.0669],[122.8389,-1.5107,15.8989],[122.8391,-1.5125,12.5028],[122.8379,-1.5145,5.4518],[122.8393,-1.5148,8.1719],[122.8391,-1.5199,0.0],[122.8406,-1.5215,11.4801],[122.8389,-1.5232,0.0],[122.8398,-1.5246,0.0],[122.8418,-1.5234,4.3017],[122.8394,-1.5264,3.62],[122.8436,-1.5296,4.6726],[122.841,-1.5297,4.6977],[122.839,-1.5267,3.62],[122.8371,-1.5275,2.1999],[122.8385,-1.5305,2.0858],[122.8436,-1.5333,1.5888],[122.8457,-1.538,0.0],[122.846,-1.5354,3.9008],[122.8469,-1.5383,4.8474],[122.8463,-1.5406,4.6568],[122.8471,-1.5426,1.1507],[122.8494,-1.5427,4.1122],[122.8484,-1.5438,1.8492],[122.8524,-1.5504,0.8791],[122.8542,-1.5589,1.0141],[122.8495,-1.5675,0.0],[122.8491,-1.5782,0.0],[122.8628,-1.5867,12.2682],[122.8687,-1.5957,0.0],[122.8785,-1.6003,0.0]]],
[[[123.2954,-1.2771,3.6508],[123.2977,-1.2822,0.0],[123.3008,-1.2837,0.989],[123.311,-1.2732,1.5932],[123.316,-1.25,0.0],[123.3153,-1.2353,8.4357],[123.3242,-1.2116,0.0],[123.3262,-1.1996,0.0],[123.3252,-1.1885,4.6957],[123.3197,-1.1783,2.0095],[123.3146,-1.1743,10.848],[123.304,-1.1771,6.9457],[123.2804,-1.1939,0.0],[123.2788,-1.1971,4.5828],[123.2789,-1.2056,5.2097],[123.2747,-1.2154,1.4527],[123.2773,-1.2173,0.5202],[123.2768,-1.2201,0.2462],[123.2804,-1.222,0.0],[123.281,-1.2287,19.2702],[123.2856,-1.238,0.0],[123.2918,-1.2577,3.4865],[123.2954,-1.2771,3.6508]]],
[[[121.3426,-1.8396,23.5525],[121.344,-1.8418,0.0],[121.3443,-1.8417,0.0],[121.343,-1.8375,0.0],[121.3426,-1.8396,23.5525]]],
[[[121.3431,-1.8355,0.0],[121.3428,-1.8356,0.0],[121.3428,-1.8366,0.0],[121.3433,-1.8362,0.0],[121.3431,-1.8355,0.0]]],
[[[123.0622,-0.898,7.0949],[123.0675,-0.8996,0.0],[123.0738,-0.8963,6.4059],[123.0619,-0.8957,0.0],[123.0622,-0.898,7.0949]]],
[[[123.0834,-0.8918,0.0],[123.0839,-0.8931,1.9311],[123.0804,-0.8948,0.5781],[123.0748,-0.8944,0.0],[123.0759,-0.8966,9.6097],[123.0819,-0.8959,0.5411],[123.085,-0.8935,0.0],[123.0854,-0.8918,0.0],[123.083,-0.8904,0.0],[123.0814,-0.8916,0.0],[123.0821,-0.8927,0.0],[123.0834,-0.8918,0.0]]],
[[[123.0676,-0.8898,0.0],[123.0696,-0.8933,0.0],[123.0731,-0.8926,0.0],[123.0676,-0.8891,0.0],[123.0676,-0.8898,0.0]]],
[[[123.0755,-0.8772,1.0155],[123.077,-0.8763,0.0],[123.0753,-0.8742,0.0],[123.0748,-0.8757,0.0],[123.0755,-0.8772,1.0155]]],
[[[121.6669,-0.8857,4.9908],[121.6644,-0.8842,0.0],[121.6624,-0.8856,0.0],[121.6652,-0.887,1.5636],[121.6669,-0.8857,4.9908]]],
[[[121.6677,-0.884,0.0],[121.6669,-0.8832,0.0],[121.6659,-0.8833,0.0],[121.6671,-0.8849,4.9908],[121.6677,-0.884,0.0]]],
[[[123.0815,-0.8825,0.9689],[123.0817,-0.8852,0.0],[123.0828,-0.881,0.0],[123.0804,-0.8812,0.0],[123.0815,-0.8825,0.9689]]],
[[[124.0261,-1.895,0.0],[124.0327,-1.894,1.1454],[124.0338,-1.8878,0.0],[124.0268,-1.8549,6.0],[124.0234,-1.8487,0.8176],[124.0238,-1.8439,0.2531],[124.0148,-1.8302,9.9782],[124.0123,-1.8308,5.1294],[124.0107,-1.8277,1.2394],[124.0079,-1.8275,0.4964],[124.0063,-1.8301,16.8618],[124.0035,-1.8273,5.8224],[124.0013,-1.8299,12.4055],[124.0016,-1.8332,13.9455],[124.0005,-1.8329,7.5856],[124.0012,-1.8256,1.7162],[124.0032,-1.8247,0.0],[124.0014,-1.8239,5.1871],[124.0036,-1.8225,0.0],[124.0021,-1.8223,7.8032],[124.0027,-1.8205,0.0],[124.0048,-1.8199,0.0],[124.0041,-1.8177,9.1011],[124.006,-1.8174,2.2903],[124.0068,-1.8215,0.0],[124.009,-1.8224,0.0],[124.0091,-1.8168,0.0],[124.0066,-1.814,9.0498],[123.997,-1.811,2.8764],[123.9887,-1.8202,2.0449],[123.9881,-1.8231,0.0],[123.9977,-1.8395,0.4521],[124.0023,-1.8525,1.03],[124.003,-1.8597,1.8675],[124.01,-1.8757,1.7704],[124.0182,-1.8905,4.6192],[124.0261,-1.895,0.0]]],
[[[123.6971,-1.8783,0.0],[123.6968,-1.8782,0.0],[123.6966,-1.8784,0.0],[123.697,-1.8786,0.0],[123.6971,-1.8783,0.0]]],
[[[123.6899,-1.8731,0.0],[123.6896,-1.8736,0.0],[123.6902,-1.874,2.1454],[123.6906,-1.8735,2.1454],[123.6899,-1.8731,0.0]]],
[[[123.6901,-1.8714,0.0],[123.6897,-1.8714,0.0],[123.6897,-1.8718,0.0],[123.6902,-1.8718,0.0],[123.6901,-1.8714,0.0]]],
[[[123.6931,-1.875,7.0333],[123.6916,-1.8739,2.1454],[123.691,-1.874,2.1454],[123.692,-1.8753,7.0333],[123.6931,-1.875,7.0333]]],
[[[123.2783,-1.7956,4.1095],[123.2916,-1.7947,0.0],[123.3044,-1.7887,3.421],[123.3109,-1.7834,1.1973],[123.3159,-1.7821,0.0],[123.3203,-1.7658,7.6942],[123.3248,-1.7634,0.0],[123.3309,-1.7515,15.2436],[123.3315,-1.7433,32.0229],[123.3385,-1.7356,0.194],[123.3388,-1.7329,13.8944],[123.3427,-1.7337,19.2921],[123.3437,-1.7366,0.0],[123.3501,-1.7389,1.8171],[123.3516,-1.7421,0.8963],[123.3549,-1.7367,0.0],[123.3588,-1.7365,0.0],[123.3602,-1.7328,33.079],[123.3641,-1.7336,4.1586],[123.3654,-1.7259,9.3781],[123.3726,-1.7216,3.0903],[123.3733,-1.7193,6.1143],[123.3712,-1.7201,30.3089],[123.3725,-1.7178,32.5052],[123.376,-1.7175,25.7685],[123.3768,-1.7196,17.8541],[123.3747,-1.7222,0.0],[123.3758,-1.7239,6.0352],[123.3797,-1.7237,0.0],[123.3832,-1.7213,1.7616],[123.3846,-1.7224,6.0984],[123.3855,-1.7122,0.0],[123.3876,-1.7103,0.0],[123.3859,-1.6898,0.0],[123.3797,-1.6726,0.0],[123.376,-1.672,0.0],[123.3692,-1.6739,0.8898],[123.3656,-1.673,11.7385],[123.3556,-1.6776,0.0],[123.3435,-1.6906,3.0786],[123.3351,-1.6948,7.2867],[123.3326,-1.7006,0.0],[123.3182,-1.7129,0.0],[123.3171,-1.7159,0.0],[123.3117,-1.7183,7.9043],[123.2975,-1.7396,16.8506],[123.2895,-1.746,8.4707],[123.2807,-1.7617,76.2711],[123.2745,-1.7782,3.2171],[123.2756,-1.7792,3.2171],[123.2698,-1.7849,0.0],[123.2761,-1.789,3.6895],[123.2721,-1.7906,0.0],[123.2719,-1.7934,0.0],[123.2778,-1.7926,1.9062],[123.2749,-1.7973,3.3053],[123.2768,-1.7978,1.591],[123.2783,-1.7956,4.1095]]],
[[[121.3313,-1.933,0.0],[121.3312,-1.934,0.0],[121.3322,-1.9323,0.0],[121.3316,-1.9323,0.0],[121.3313,-1.933,0.0]]],
[[[123.898,-2.0905,0.0],[123.8977,-2.0903,0.0],[123.8976,-2.0907,0.0],[123.8982,-2.0909,0.0],[123.898,-2.0905,0.0]]],
[[[123.899,-2.0896,0.0],[123.8988,-2.0894,0.0],[123.8986,-2.0895,0.0],[123.8988,-2.0898,0.0],[123.899,-2.0896,0.0]]],
[[[123.8992,-2.0896,0.0],[123.8994,-2.0895,0.0],[123.8993,-2.0892,0.0],[123.8991,-2.0892,0.0],[123.8992,-2.0896,0.0]]],
[[[123.9109,-2.0884,0.0],[123.9105,-2.0882,0.0],[123.9101,-2.0886,0.0],[123.9107,-2.0888,0.0],[123.9109,-2.0884,0.0]]],
[[[123.9123,-2.0801,0.0],[123.9126,-2.0805,0.0],[123.9131,-2.08,0.0],[123.9123,-2.0797,0.0],[123.9123,-2.0801,0.0]]],
[[[123.9206,-2.0734,0.0],[123.9219,-2.0736,0.0],[123.9205,-2.0727,0.0],[123.9165,-2.0729,0.0],[123.9139,-2.0766,0.0],[123.9171,-2.0757,0.9028],[123.9172,-2.0736,3.0884],[123.9206,-2.0734,0.0]]],
[[[123.5964,-2.0598,0.0],[123.5947,-2.0578,0.0],[123.5918,-2.0579,0.0],[123.5903,-2.0615,0.9188],[123.5953,-2.0653,0.0],[123.5971,-2.0626,0.0],[123.5964,-2.0598,0.0]]],
[[[123.7447,-2.0838,0.0],[123.7454,-2.0842,0.0],[123.7438,-2.0805,0.0],[123.7437,-2.0825,2.4577],[123.7447,-2.0838,0.0]]],
[[[123.9028,-2.0063,0.0],[123.9007,-2.0073,0.0],[123.901,-2.0038,0.0],[123.8996,-2.0024,0.0],[123.8939,-2.0063,0.0],[123.8916,-2.0042,0.0],[123.8895,-2.0045,0.0],[123.8912,-2.0105,0.0],[123.8935,-2.0098,0.0],[123.8891,-2.0155,0.0],[123.8891,-2.0181,0.0],[123.8948,-2.0237,0.0],[123.9012,-2.0187,0.0],[123.906,-2.0069,0.0],[123.9039,-2.005,0.0],[123.9028,-2.0063,0.0]]],
[[[123.9184,-2.086,0.0],[123.918,-2.0862,0.0],[123.9184,-2.0868,0.0],[123.9188,-2.0866,0.0],[123.9184,-2.086,0.0]]],
[[[123.9046,-2.0847,0.0],[123.904,-2.0849,0.0],[123.905,-2.0854,0.0],[123.905,-2.085,0.0],[123.9046,-2.0847,0.0]]],
[[[123.9084,-2.0843,0.0],[123.9082,-2.0839,0.0],[123.9078,-2.084,0.8471],[123.908,-2.0846,0.0],[123.9084,-2.0843,0.0]]],
[[[123.9164,-2.084,0.0],[123.9156,-2.0828,0.6108],[123.9147,-2.0826,0.6108],[123.9168,-2.0854,0.0],[123.9164,-2.084,0.0]]],
[[[123.9019,-2.088,0.0],[123.9027,-2.0881,0.0],[123.9029,-2.0873,0.8046],[123.9015,-2.0877,0.0],[123.9019,-2.088,0.0]]],
[[[123.9105,-2.0808,1.4132],[123.9119,-2.0802,1.4132],[123.9103,-2.0798,1.4132],[123.9059,-2.0834,0.0],[123.9072,-2.0841,0.8471],[123.9105,-2.0808,1.4132]]],
[[[121.4355,-1.9578,27.4207],[121.4353,-1.956,0.0],[121.4323,-1.9561,0.0],[121.4299,-1.9602,0.0],[121.4315,-1.9601,5.9975],[121.4355,-1.9578,27.4207]]],
[[[123.639,-1.9546,0.0],[123.6404,-1.9541,0.7461],[123.6404,-1.9531,0.7461],[123.6379,-1.9541,0.508],[123.639,-1.9546,0.0]]],
[[[123.6362,-1.9535,0.9846],[123.6362,-1.954,0.9846],[123.6367,-1.9541,0.508],[123.6366,-1.9535,0.508],[123.6362,-1.9535,0.9846]]],
[[[123.6342,-1.9435,6.0407],[123.6315,-1.9433,8.6284],[123.6313,-1.9472,4.0443],[123.6359,-1.9536,0.9846],[123.6361,-1.9466,2.1773],[123.6349,-1.9509,5.3335],[123.6328,-1.9473,1.1012],[123.6333,-1.9449,5.7648],[123.6354,-1.9464,2.1773],[123.6354,-1.9436,0.4737],[123.6342,-1.9435,6.0407]]],
[[[123.4874,-1.9996,4.2116],[123.483,-1.9978,0.8391],[123.4837,-2.0002,1.3317],[123.4865,-2.0014,2.4618],[123.4853,-2.0027,0.9884],[123.4888,-2.0024,2.3184],[123.4892,-2.0009,1.3082],[123.4876,-2.0005,4.2116],[123.4892,-1.9997,1.3082],[123.4874,-1.9996,4.2116]]],
[[[123.4926,-1.9949,0.0],[123.4907,-1.994,0.0],[123.4885,-1.9949,3.0276],[123.4907,-1.9974,0.0],[123.4926,-1.9949,0.0]]],
[[[123.486,-1.9957,3.1538],[123.4879,-1.9949,0.0],[123.488,-1.9941,5.9264],[123.4858,-1.9945,0.0],[123.486,-1.9957,3.1538]]],
[[[123.4916,-2.0026,0.0],[123.4927,-2.0029,0.0],[123.4929,-2.002,0.0],[123.4913,-2.0021,0.0],[123.4916,-2.0026,0.0]]],
[[[123.4897,-2.001,1.3082],[123.4897,-2.0023,2.3184],[123.4907,-2.0024,0.0],[123.4907,-2.0016,0.0],[123.4897,-2.001,1.3082]]],
[[[123.4878,-1.9832,19.0982],[123.4884,-1.9808,0.0],[123.4862,-1.9796,4.8194],[123.4818,-1.9822,0.0],[123.4769,-1.996,3.4078],[123.4788,-2.0016,0.0],[123.4781,-1.9979,5.4932],[123.4801,-1.9985,1.3437],[123.4803,-1.9956,4.9948],[123.4832,-1.9999,1.3317],[123.4825,-1.9938,0.0],[123.4833,-1.9899,0.8412],[123.4811,-1.9886,7.4856],[123.4839,-1.9857,8.1115],[123.4842,-1.9878,19.2943],[123.4897,-1.9883,2.5316],[123.4878,-1.9832,19.0982]]],
[[[123.4949,-1.9903,2.5763],[123.4929,-1.9891,9.4932],[123.4943,-1.9916,0.0],[123.4957,-1.9909,2.5763],[123.4949,-1.9903,2.5763]]],
[[[123.4965,-1.9842,0.0],[123.4953,-1.9828,0.0],[123.4915,-1.9835,8.7487],[123.4954,-1.9886,0.0],[123.4965,-1.9842,0.0]]],
[[[121.3652,-1.9465,11.2858],[121.3655,-1.9485,0.0],[121.368,-1.9446,23.9487],[121.3671,-1.9422,0.0],[121.3649,-1.9444,4.2325],[121.3652,-1.9465,11.2858]]],
[[[121.3632,-1.945,0.0],[121.3626,-1.9423,7.0618],[121.3603,-1.9485,0.0],[121.3643,-1.9474,14.7256],[121.3632,-1.945,0.0]]],
[[[121.3614,-1.9426,7.0618],[121.3602,-1.9399,0.0],[121.3594,-1.942,10.1428],[121.3578,-1.9417,0.0],[121.3588,-1.9437,20.2762],[121.3566,-1.9441,5.6711],[121.3595,-1.946,14.1318],[121.3614,-1.9426,7.0618]]],
[[[123.486,-1.9494,3.3081],[123.4873,-1.9488,0.0],[123.4858,-1.948,3.3081],[123.4827,-1.9507,3.7552],[123.4839,-1.9511,3.7552],[123.486,-1.9494,3.3081]]],
[[[123.4846,-1.937,5.1888],[123.4798,-1.9366,0.0],[123.4784,-1.9394,0.0],[123.4764,-1.9381,5.6884],[123.4752,-1.9401,6.9355],[123.4717,-1.9391,0.6243],[123.4664,-1.9445,6.6813],[123.4658,-1.9499,6.3882],[123.4693,-1.953,0.0],[123.4763,-1.9531,0.0],[123.4819,-1.951,3.4287],[123.4776,-1.951,3.0178],[123.4807,-1.9492,1.2312],[123.4799,-1.9456,3.4551],[123.4831,-1.9479,2.3439],[123.4883,-1.9474,0.0],[123.4901,-1.941,2.5949],[123.4865,-1.9367,0.5691],[123.4846,-1.937,5.1888]]],
[[[121.4941,-1.9429,5.699],[121.4926,-1.9449,0.0],[121.4936,-1.9467,0.0],[121.4953,-1.9448,0.0],[121.4941,-1.9429,5.699]]],
[[[123.7715,-2.0111,0.0],[123.7663,-2.0053,0.0],[123.7646,-2.0058,2.2974],[123.7646,-2.0126,15.3073],[123.7677,-2.0136,10.8965],[123.7679,-2.0151,13.3031],[123.7644,-2.0163,3.97],[123.7634,-2.0239,31.6782],[123.7621,-2.0253,69.4139],[123.7604,-2.023,11.3253],[123.7578,-2.0256,0.1937],[123.7596,-2.0263,19.859],[123.7568,-2.0269,7.5442],[123.7573,-2.0429,2.5124],[123.7602,-2.0484,0.0],[123.7616,-2.0479,7.5218],[123.7623,-2.0453,34.2205],[123.7643,-2.0462,57.4601],[123.7611,-2.0509,0.0],[123.7624,-2.0604,0.0],[123.7682,-2.0528,11.4813],[123.7697,-2.0529,11.4813],[123.775,-2.0462,34.6379],[123.7805,-2.0427,0.0],[123.7792,-2.0381,21.786],[123.7848,-2.0283,0.0],[123.7844,-2.0264,13.6272],[123.7833,-2.027,13.6272],[123.784,-2.0219,0.0],[123.7804,-2.0163,5.3436],[123.7767,-2.0129,0.0],[123.7715,-2.0111,0.0]]],
[[[123.7862,-2.0266,0.0],[123.7883,-2.0262,14.8299],[123.7892,-2.0238,0.0],[123.7875,-2.0214,32.4458],[123.7862,-2.0222,11.6545],[123.7862,-2.0266,0.0]]],
[[[123.7636,-2.013,0.0],[123.7633,-2.0134,0.0],[123.7639,-2.0135,0.0],[123.7639,-2.0132,0.0],[123.7636,-2.013,0.0]]],
[[[123.7609,-2.0202,6.3074],[123.7606,-2.0212,6.3074],[123.7615,-2.0216,0.0],[123.7617,-2.0199,6.3074],[123.7609,-2.0202,6.3074]]],
[[[123.7525,-2.0207,1.9071],[123.7504,-2.0158,0.3056],[123.7493,-2.0217,0.0],[123.7521,-2.0236,0.0],[123.7552,-2.0221,0.5196],[123.7564,-2.0162,0.0],[123.7542,-2.0223,0.5196],[123.7525,-2.0207,1.9071]]],
[[[123.7591,-2.0232,2.4244],[123.7595,-2.0237,2.4244],[123.76,-2.0232,11.3253],[123.7593,-2.0229,0.0],[123.7591,-2.0232,2.4244]]],
[[[123.7599,-2.0223,0.0],[123.7596,-2.0223,0.0],[123.7595,-2.0225,0.0],[123.7599,-2.0227,0.0],[123.7599,-2.0223,0.0]]],
[[[123.7618,-2.0186,0.0],[123.7616,-2.0183,0.0],[123.7612,-2.0183,0.0],[123.7614,-2.0188,0.0],[123.7618,-2.0186,0.0]]],
[[[123.7565,-2.0143,0.0],[123.7545,-2.0121,1.4979],[123.7518,-2.016,1.6668],[123.7558,-2.0162,0.0],[123.7565,-2.0143,0.0]]],
[[[123.8801,-2.0355,0.0],[123.8799,-2.029,0.0],[123.8685,-2.0197,119.5926],[123.8621,-2.008,13.2583],[123.8581,-2.012,0.0],[123.855,-2.0218,29.9706],[123.8552,-2.0286,31.3555],[123.8529,-2.0362,20.2998],[123.8495,-2.0409,0.0],[123.8517,-2.0435,19.5544],[123.8516,-2.0483,12.4295],[123.8485,-2.0516,4.215],[123.8496,-2.0528,4.215],[123.8483,-2.0551,3.7963],[123.844,-2.0581,2.4171],[123.8459,-2.062,8.4784],[123.8448,-2.0645,18.8926],[123.8476,-2.0687,3.3398],[123.8549,-2.0698,1.7085],[123.8608,-2.0745,0.0],[123.8629,-2.0729,0.0],[123.8608,-2.0682,0.0],[123.8593,-2.0687,12.7084],[123.8612,-2.0707,2.5019],[123.8597,-2.0726,15.664],[123.8552,-2.0687,8.4474],[123.8557,-2.0684,8.4474],[123.8575,-2.0695,9.4427],[123.8583,-2.0673,29.2345],[123.8607,-2.0678,16.7676],[123.8601,-2.0653,9.8112],[123.8612,-2.0647,24.8154],[123.8674,-2.0735,0.0],[123.8692,-2.0733,3.6567],[123.8704,-2.0752,0.0],[123.874,-2.0741,0.0],[123.8736,-2.077,0.0],[123.8761,-2.0818,0.0],[123.8796,-2.0835,0.0],[123.8808,-2.0785,0.0],[123.8819,-2.0828,0.0],[123.8828,-2.0817,0.0],[123.8847,-2.0827,6.1039],[123.8846,-2.086,0.0],[123.8895,-2.0877,9.6144],[123.8898,-2.0856,24.9637],[123.8973,-2.0823,6.3443],[123.8971,-2.0746,0.0],[123.8931,-2.0704,24.044],[123.8821,-2.0496,35.4703],[123.8783,-2.0378,30.1569],[123.8801,-2.0355,0.0]]],
[[[123.7912,-2.0154,0.0],[123.7942,-2.0166,0.0],[123.7992,-2.0104,0.0],[123.7957,-2.0089,0.0],[123.7927,-2.0108,0.0],[123.79,-2.0099,0.0],[123.7891,-2.0133,0.0],[123.7912,-2.0154,0.0]]],
[[[123.782,-2.0048,0.0],[123.7866,-2.005,0.0],[123.7867,-2.0016,0.0],[123.7771,-2.0027,0.0],[123.7782,-2.0056,0.0],[123.782,-2.0048,0.0]]],
[[[123.8387,-2.0082,11.1327],[123.8366,-1.9946,6.567],[123.8378,-1.9954,6.567],[123.841,-1.9912,32.3165],[123.8416,-1.9948,0.0],[123.8447,-1.9938,37.9773],[123.8422,-1.997,15.6438],[123.8489,-2.0029,16.9593],[123.8555,-2.0129,7.3984],[123.86,-2.0052,0.0],[123.8611,-1.9932,0.0],[123.8641,-1.9831,0.0],[123.86279999999999,-1.9775,0.0],[123.8547,-1.9712,0.0],[123.8505,-1.9585,0.0],[123.8466,-1.9535,7.36],[123.8444,-1.9543,54.3559],[123.8439,-1.9483,37.9682],[123.8451,-1.9471,26.5893],[123.8463,-1.9485,12.1953],[123.8493,-1.9476,10.3843],[123.8469,-1.9456,1.4381],[123.846,-1.9411,0.0],[123.845,-1.9453,21.0281],[123.8422,-1.9479,32.7394],[123.839,-1.9465,6.5645],[123.8372,-1.9435,2.4656],[123.8379,-1.9359,3.0523],[123.8265,-1.9279,0.0],[123.8192,-1.9135,0.0],[123.8173,-1.915,77.975],[123.8147,-1.9114,11.2961],[123.8114,-1.914,2.9562],[123.8094,-1.913,14.0875],[123.8107,-1.91,10.2407],[123.8076,-1.905,30.1292],[123.8039,-1.8928,4.2459],[123.7929,-1.89,13.9329],[123.7888,-1.8854,1.8872],[123.7884,-1.8819,35.9977],[123.7838,-1.8793,1.3324],[123.776,-1.8922,0.0],[123.7791,-1.905,1.0437],[123.7763,-1.9086,0.0],[123.7799,-1.9107,7.7639],[123.779,-1.913,55.6519],[123.7751,-1.9096,12.0861],[123.778,-1.9262,2.7203],[123.7764,-1.9255,2.7203],[123.7742,-1.9291,0.5476],[123.7764,-1.9351,38.2311],[123.7744,-1.9389,10.5076],[123.7712,-1.9368,0.0],[123.7708,-1.9431,0.0],[123.7729,-1.9479,32.0399],[123.7777,-1.949,8.9175],[123.7792,-1.9286,30.2764],[123.7804,-1.9283,30.2764],[123.7803,-1.9309,22.5085],[123.7821,-1.9295,25.8386],[123.7799,-1.9399,13.564],[123.7828,-1.9409,49.2179],[123.781,-1.9427,24.0919],[123.7827,-1.9502,14.4971],[123.7853,-1.9542,1.8941],[123.7855,-1.9521,8.8098],[123.7871,-1.9525,19.2326],[123.7873,-1.9537,18.4574],[123.7837,-1.9565,2.8418],[123.7849,-1.9831,1.591],[123.7933,-1.9913,5.3507],[123.7925,-1.9919,0.4639],[123.7943,-1.9929,5.3507],[123.8001,-2.0046,0.0],[123.8116,-2.0135,19.4631],[123.812,-2.0163,0.0],[123.8163,-2.0186,15.3225],[123.8159,-2.0212,9.7933],[123.8219,-2.0212,13.9534],[123.8248,-2.0228,18.9183],[123.8246,-2.027,0.0],[123.827,-2.0261,5.2371],[123.8282,-2.0233,0.0],[123.8276,-2.0179,7.1603],[123.8341,-2.0141,12.3881],[123.8365,-2.0145,2.5391],[123.8387,-2.0082,11.1327]]],
[[[121.3569,-1.9415,0.0],[121.358,-1.941,0.0],[121.358,-1.9408,0.0],[121.3569,-1.941,0.0],[121.3569,-1.9415,0.0]]],
[[[121.4983,-1.94,0.0],[121.4991,-1.9415,0.0],[121.5013,-1.9398,0.0],[121.5007,-1.9391,0.0],[121.4983,-1.94,0.0]]],
[[[121.4832,-1.9415,0.0],[121.4831,-1.942,0.0],[121.4842,-1.9419,0.0],[121.4837,-1.9412,0.0],[121.4832,-1.9415,0.0]]],
[[[123.7722,-1.9046,54.0452],[123.7688,-1.9034,6.6205],[123.7702,-1.9109,5.9076],[123.7674,-1.9237,0.0],[123.7695,-1.9334,0.0],[123.7715,-1.9347,0.0],[123.7729,-1.9339,0.0],[123.7723,-1.9257,9.9818],[123.7741,-1.927,0.0],[123.7768,-1.9222,0.2402],[123.7732,-1.9105,0.4409],[123.7745,-1.9068,0.0],[123.7722,-1.9046,54.0452]]],
[[[123.7025,-1.9618,0.0],[123.712,-1.9634,0.0],[123.7251,-1.9605,0.6255],[123.7303,-1.9582,0.0],[123.7342,-1.9499,3.0717],[123.7365,-1.9545,3.3843],[123.7392,-1.9547,0.0],[123.7386,-1.9398,0.0],[123.7363,-1.9358,19.0514],[123.7363,-1.9275,0.0],[123.7386,-1.9259,6.8701],[123.7386,-1.9157,1.913],[123.7367,-1.9105,0.0],[123.732,-1.9093,8.3923],[123.7315,-1.8983,0.0],[123.7284,-1.8977,0.0],[123.7245,-1.8997,0.0],[123.7212,-1.9072,41.7643],[123.7081,-1.9209,0.0],[123.7077,-1.9321,24.5274],[123.7046,-1.9346,0.0],[123.7037,-1.9416,0.0],[123.6979,-1.9452,0.0],[123.699,-1.9582,0.0],[123.7025,-1.9618,0.0]]],
[[[123.6509,-1.9082,0.0],[123.6538,-1.8978,0.0],[123.6475,-1.8957,0.0],[123.6438,-1.9071,0.0],[123.6474,-1.9036,3.8755],[123.6473,-1.9047,0.0],[123.6485,-1.9031,3.8755],[123.6498,-1.9039,2.9685],[123.6442,-1.9132,3.7996],[123.644,-1.9164,3.4902],[123.6481,-1.9278,1.0751],[123.6468,-1.9363,33.9617],[123.6483,-1.9556,6.9462],[123.6463,-1.9572,1.3832],[123.6447,-1.9556,1.2819],[123.6479,-1.9613,0.0],[123.6586,-1.9663,0.0],[123.6636,-1.9633,0.0],[123.6638,-1.9578,0.0],[123.6575,-1.9354,0.0],[123.6555,-1.9326,0.0],[123.655,-1.9206,0.0],[123.6509,-1.9082,0.0]]],
[[[123.639,-1.9333,1.1259],[123.6404,-1.9302,0.887],[123.636,-1.9366,0.0],[123.6385,-1.9357,0.4872],[123.639,-1.9333,1.1259]]],
[[[123.6353,-1.9346,1.2504],[123.6351,-1.9356,1.2504],[123.6357,-1.9355,1.2504],[123.6358,-1.9353,1.2504],[123.6353,-1.9346,1.2504]]],
[[[121.4885,-1.9336,9.543],[121.4867,-1.9338,18.8163],[121.4856,-1.9313,27.1935],[121.4803,-1.9307,0.0],[121.483,-1.9362,35.4581],[121.4817,-1.9397,0.0],[121.4852,-1.9404,2.6088],[121.4863,-1.943,0.0],[121.4915,-1.9412,23.5979],[121.4904,-1.9385,25.4061],[121.4885,-1.938,43.8161],[121.4885,-1.9336,9.543]]],
[[[121.3644,-1.9302,13.2021],[121.3666,-1.9289,14.9144],[121.364,-1.928,12.1802],[121.3617,-1.9303,9.3591],[121.3619,-1.9339,23.0894],[121.36,-1.9365,0.0],[121.36279999999999,-1.9388,7.5203],[121.365,-1.9374,0.0],[121.3627,-1.9339,6.742],[121.3644,-1.9302,13.2021]]],
[[[121.4969,-1.9352,0.0],[121.498,-1.935,0.0],[121.4983,-1.9331,0.0],[121.4964,-1.9332,0.0],[121.4969,-1.9352,0.0]]],
[[[121.4523,-1.9295,0.0],[121.4503,-1.9288,0.0],[121.4488,-1.9313,18.7754],[121.4522,-1.9371,15.6795],[121.4541,-1.936,25.1664],[121.4523,-1.9295,0.0]]],
[[[121.4427,-1.928,110.3692],[121.4444,-1.9258,30.3592],[121.4421,-1.9242,26.1136],[121.4392,-1.9175,4.7768],[121.4377,-1.9214,0.0],[121.4391,-1.9256,67.0753],[121.4364,-1.9298,33.2599],[121.4321,-1.9325,0.0],[121.433,-1.9366,20.5819],[121.4362,-1.9377,140.8833],[121.4348,-1.9379,140.8833],[121.4343,-1.9431,0.0],[121.4327,-1.9435,0.0],[121.4353,-1.944,43.6444],[121.4351,-1.9473,22.3033],[121.4366,-1.9483,0.0],[121.4408,-1.9447,4.336],[121.4408,-1.9415,23.676],[121.439,-1.9397,4.0832],[121.4396,-1.936,14.9239],[121.4432,-1.9336,0.0],[121.4445,-1.9307,31.6322],[121.4427,-1.928,110.3692]]],
[[[123.6364,-1.9325,1.4171],[123.6369,-1.931,0.7807],[123.6354,-1.9324,1.4171],[123.6362,-1.9338,0.0],[123.6364,-1.9325,1.4171]]],
[[[123.5655,-1.9329,6.2937],[123.5666,-1.9346,0.0],[123.5692,-1.9318,0.9182],[123.5686,-1.9284,1.0704],[123.5653,-1.93,8.097],[123.5655,-1.9329,6.2937]]],
[[[123.6361,-1.9308,1.2436],[123.6367,-1.9303,0.7807],[123.636,-1.93,1.2436],[123.6358,-1.9307,1.2436],[123.6361,-1.9308,1.2436]]],
[[[123.6434,-1.9115,0.9816],[123.6441,-1.9113,0.9816],[123.6432,-1.9106,0.0],[123.6429,-1.9114,0.9816],[123.6434,-1.9115,0.9816]]],
[[[123.6392,-1.9107,1.0743],[123.6388,-1.911,1.0743],[123.6394,-1.9114,1.8205],[123.6394,-1.9107,1.0743],[123.6392,-1.9107,1.0743]]],
[[[123.6404,-1.9237,0.0],[123.6401,-1.9255,0.0],[123.6408,-1.9271,0.0],[123.6413,-1.9244,0.0],[123.6404,-1.9237,0.0]]],
[[[121.3647,-1.9248,0.0],[121.3645,-1.924,0.0],[121.3626,-1.9234,0.0],[121.363,-1.925,0.9874],[121.3647,-1.9248,0.0]]],
[[[121.4785,-1.93,0.0],[121.4781,-1.9296,0.0],[121.4776,-1.9299,0.0],[121.4779,-1.9303,0.0],[121.4785,-1.93,0.0]]],
[[[123.5359,-1.9277,0.0],[123.5354,-1.9277,0.0],[123.5353,-1.9281,0.0],[123.536,-1.9283,0.0],[123.5359,-1.9277,0.0]]],
[[[123.6367,-1.9267,0.0],[123.6362,-1.9269,0.0],[123.6363,-1.9273,0.0],[123.6368,-1.927,0.0],[123.6367,-1.9267,0.0]]],
[[[123.6364,-1.9247,0.0],[123.6369,-1.926,0.6425],[123.6373,-1.9227,0.565],[123.6364,-1.9243,0.0],[123.6364,-1.9247,0.0]]],
[[[123.5401,-1.913,5.0793],[123.5365,-1.9126,2.3193],[123.5317,-1.9151,3.7149],[123.5302,-1.9222,6.8064],[123.5285,-1.9238,6.0534],[123.5351,-1.9361,3.6685],[123.5374,-1.9332,1.038],[123.5356,-1.9334,1.038],[123.5329,-1.9308,4.1598],[123.5322,-1.9276,2.8152],[123.5343,-1.9255,1.0414],[123.5334,-1.9243,4.6067],[123.534,-1.9221,0.5652],[123.5331,-1.9214,6.4988],[123.5348,-1.9187,7.2721],[123.5373,-1.92,0.0],[123.5388,-1.9186,3.4387],[123.5392,-1.9236,0.6395],[123.5411,-1.9225,2.7487],[123.5423,-1.9152,2.2442],[123.5401,-1.913,5.0793]]],
[[[123.5344,-1.9244,0.0],[123.5343,-1.924,0.0],[123.5339,-1.9242,0.0],[123.534,-1.9245,0.0],[123.5344,-1.9244,0.0]]],
[[[121.3782,-1.9049,0.0],[121.3788,-1.8998,5.308],[121.3757,-1.9028,0.0],[121.3688,-1.9021,9.9512],[121.3645,-1.9047,0.0],[121.3682,-1.9076,10.0075],[121.3634,-1.9159,9.5629],[121.3645,-1.9182,0.0],[121.3658,-1.9179,32.59],[121.3635,-1.9206,7.3299],[121.3645,-1.922,0.0],[121.3691,-1.9195,0.0],[121.3675,-1.9173,32.9444],[121.3708,-1.9136,15.5582],[121.3703,-1.912,22.412],[121.3721,-1.9121,7.577],[121.3723,-1.9099,27.9997],[121.3782,-1.9049,0.0]]],
[[[123.6372,-1.9207,0.6322],[123.6371,-1.9221,0.565],[123.6375,-1.9223,0.565],[123.6374,-1.9198,0.6322],[123.6372,-1.9207,0.6322]]],
[[[123.6383,-1.9185,0.0],[123.6378,-1.9188,0.0],[123.6379,-1.9193,0.0],[123.6384,-1.9188,0.0],[123.6383,-1.9185,0.0]]],
[[[123.6414,-1.9096,0.0],[123.6419,-1.9065,0.0],[123.6399,-1.9045,0.0],[123.6348,-1.9081,17.9706],[123.6378,-1.9137,0.4448],[123.64,-1.9119,1.8205],[123.638,-1.9132,0.4448],[123.6375,-1.911,5.8454],[123.6414,-1.9096,0.0]]],
[[[123.0687,-1.9236,0.0],[123.0768,-1.9209,1.9755],[123.0854,-1.9152,0.0],[123.0891,-1.9106,0.0],[123.0905,-1.8993,0.7689],[123.0875,-1.898,5.8478],[123.0871,-1.9016,5.7894],[123.0845,-1.9021,37.9959],[123.0848,-1.8969,27.1493],[123.088,-1.8971,2.3526],[123.0889,-1.8953,3.763],[123.089,-1.8974,2.3526],[123.0904,-1.8977,8.8508],[123.0918,-1.8962,22.7899],[123.0917,-1.9007,0.0],[123.093,-1.8983,4.9378],[123.0948,-1.8982,0.0],[123.0983,-1.892,0.0],[123.0932,-1.8856,12.1245],[123.0958,-1.887,0.0],[123.0979,-1.8844,12.2721],[123.0994,-1.8866,0.0],[123.1036,-1.8853,0.0],[123.1056,-1.8818,0.0],[123.1044,-1.88,13.4788],[123.1063,-1.8782,0.0],[123.1061,-1.8744,23.5447],[123.1078,-1.8758,11.9653],[123.1115,-1.8748,0.0],[123.112,-1.8714,15.8744],[123.1138,-1.8759,0.0],[123.1166,-1.8718,0.0],[123.1205,-1.8719,0.0],[123.1213,-1.867,17.4838],[123.1214,-1.87,2.914],[123.1255,-1.8689,5.4223],[123.1287,-1.8704,0.0],[123.1304,-1.8682,0.6708],[123.1282,-1.8657,0.842],[123.1281,-1.8629,33.5196],[123.1304,-1.8619,11.2463],[123.1322,-1.8699,0.0],[123.1345,-1.8688,0.0],[123.139,-1.8612,7.9277],[123.1363,-1.8587,35.4978],[123.1371,-1.8569,13.5184],[123.14,-1.8588,7.2855],[123.1415,-1.8568,0.0],[123.1409,-1.8526,0.0],[123.1375,-1.8536,28.9384],[123.1398,-1.8506,11.6644],[123.1439,-1.8536,0.0],[123.1452,-1.8439,0.0],[123.144,-1.8421,11.9731],[123.1468,-1.8403,0.0],[123.1444,-1.8353,1.9515],[123.1425,-1.8357,3.2295],[123.1401,-1.8337,2.3982],[123.1395,-1.8349,27.2432],[123.1368,-1.833,18.1008],[123.1401,-1.8305,14.6506],[123.1397,-1.8281,14.397],[123.1428,-1.824,6.7357],[123.1412,-1.8311,6.2024],[123.1452,-1.832,0.0],[123.1467,-1.8211,14.5783],[123.1496,-1.8206,0.0],[123.1443,-1.8067,6.8873],[123.1426,-1.8075,6.8873],[123.1414,-1.8062,2.5289],[123.1419,-1.8027,17.2827],[123.144,-1.8034,8.9861],[123.1446,-1.7991,1.9485],[123.1375,-1.7983,7.6207],[123.1354,-1.7994,9.6773],[123.1352,-1.7975,1.0874],[123.1323,-1.7956,0.0],[123.1297,-1.7992,17.0958],[123.1272,-1.7939,60.9526],[123.1302,-1.7849,59.6191],[123.1301,-1.7798,13.4344],[123.126,-1.7752,9.4732],[123.1219,-1.777,18.634],[123.1134,-1.7752,19.6575],[123.1132,-1.7741,8.561],[123.1079,-1.7752,37.5215],[123.1047,-1.7742,9.4695],[123.1005,-1.7709,0.6175],[123.0959,-1.7605,0.0],[123.0874,-1.7688,2.1129],[123.072,-1.8119,3.9033],[123.0682,-1.8164,0.0],[123.0631,-1.8283,7.1495],[123.0587,-1.8304,14.0004],[123.0619,-1.8438,2.6123],[123.0589,-1.853,0.966],[123.0592,-1.8652,2.1206],[123.0571,-1.8717,5.222],[123.06,-1.8811,0.0],[123.0591,-1.883,0.0],[123.0613,-1.8834,30.1661],[123.0625,-1.8862,0.0],[123.0653,-1.8822,13.9137],[123.0644,-1.8804,52.2297],[123.0694,-1.8872,3.8302],[123.0658,-1.8926,25.2652],[123.0619,-1.8914,75.0342],[123.0606,-1.8887,0.9368],[123.0551,-1.8904,28.2548],[123.0479,-1.9107,37.5842],[123.0523,-1.9217,3.938],[123.0618,-1.9262,2.4887],[123.0687,-1.9236,0.0]]],
[[[123.6954,-1.8891,9.995],[123.6965,-1.8897,0.0],[123.6972,-1.8886,0.0],[123.6956,-1.8884,9.995],[123.6954,-1.8891,9.995]]],
[[[123.7668,-1.8707,0.0],[123.7646,-1.8646,0.0],[123.7555,-1.876,8.3009],[123.7587,-1.8854,0.0],[123.7605,-1.8841,6.3324],[123.7659,-1.8843,6.939],[123.7677,-1.886,3.1471],[123.7707,-1.8853,2.0413],[123.77,-1.8778,20.9706],[123.7668,-1.8707,0.0]]],
[[[123.6938,-1.8975,0.0],[123.6938,-1.8972,0.0],[123.6933,-1.8972,0.0],[123.6934,-1.8976,0.0],[123.6938,-1.8975,0.0]]],
[[[123.6848,-1.8964,0.0],[123.6857,-1.897,0.0],[123.6865,-1.8963,0.0],[123.6855,-1.8957,9.3125],[123.6848,-1.8964,0.0]]],
[[[123.6908,-1.8962,0.0],[123.6913,-1.8956,0.0],[123.6901,-1.8955,0.0],[123.6901,-1.896,0.0],[123.6908,-1.8962,0.0]]],
[[[123.6931,-1.8952,11.9303],[123.6925,-1.8955,11.9303],[123.6926,-1.8958,11.9303],[123.6932,-1.8957,11.9303],[123.6931,-1.8952,11.9303]]],
[[[123.6972,-1.8646,0.0],[123.6948,-1.8616,2.3929],[123.685,-1.8632,2.8575],[123.6856,-1.8651,2.5926],[123.6816,-1.8753,0.0],[123.6827,-1.879,0.4407],[123.6841,-1.8793,0.0],[123.6826,-1.8744,1.2487],[123.6857,-1.874,1.0028],[123.6878,-1.8703,1.2019],[123.6873,-1.8689,0.612],[123.6847,-1.8701,1.8014],[123.6862,-1.8656,7.4909],[123.6875,-1.8659,7.4909],[123.6875,-1.8685,0.612],[123.6909,-1.8708,7.2248],[123.6922,-1.869,0.0],[123.691,-1.8668,4.5303],[123.694,-1.8675,1.652],[123.6915,-1.8648,3.467],[123.6954,-1.8677,6.7237],[123.6953,-1.8697,5.5275],[123.6919,-1.8708,7.2248],[123.6929,-1.8735,0.0],[123.6953,-1.872,20.8909],[123.6937,-1.8765,0.0],[123.6985,-1.8739,5.1874],[123.7007,-1.8754,3.2803],[123.6978,-1.881,0.0],[123.7003,-1.8907,12.0031],[123.6962,-1.8947,18.9857],[123.6927,-1.8931,6.4742],[123.6955,-1.8985,16.7413],[123.6939,-1.9025,0.0],[123.6954,-1.9057,5.4093],[123.6924,-1.9052,3.8126],[123.6939,-1.9082,0.0],[123.7017,-1.8992,2.9235],[123.7043,-1.8924,0.2629],[123.7022,-1.8871,6.4455],[123.7031,-1.883,0.0],[123.7005,-1.8799,1.7598],[123.7017,-1.8725,9.7306],[123.6974,-1.8673,4.487],[123.6972,-1.8646,0.0]]],
[[[122.558,-3.263,0.0],[122.5595,-3.2631,0.0],[122.5583,-3.2615,0.0],[122.5577,-3.2617,0.0],[122.558,-3.263,0.0]]],
[[[122.5256,-3.2439,0.0],[122.5266,-3.2446,0.0],[122.5271,-3.2443,0.0],[122.5258,-3.2424,0.0],[122.5256,-3.2439,0.0]]],
[[[122.6027,-3.1894,0.0],[122.6034,-3.19,0.0],[122.6043,-3.1897,0.0],[122.6033,-3.1883,0.0],[122.6027,-3.1894,0.0]]],
[[[122.5916,-3.146,2.9398],[122.5927,-3.1468,0.6262],[122.5932,-3.1465,0.0],[122.5918,-3.1444,0.0],[122.5916,-3.146,2.9398]]],
[[[122.6239,-3.1336,0.0344],[122.6237,-3.1332,0.0344],[122.6223,-3.1343,0.0344],[122.6232,-3.1346,0.0],[122.6239,-3.1336,0.0344]]],
[[[122.6148,-3.1306,0.0],[122.6144,-3.1308,0.0],[122.6146,-3.1313,0.0],[122.6152,-3.1311,0.0],[122.6148,-3.1306,0.0]]],
[[[122.6079,-3.1304,4.7236],[122.614,-3.1309,0.0],[122.6129,-3.1235,0.9434],[122.6071,-3.1281,0.0],[122.6079,-3.1304,4.7236]]],
[[[122.5937,-3.1194,0.0],[122.5926,-3.1188,1.6118],[122.5911,-3.1189,1.6118],[122.5924,-3.1197,0.0],[122.5937,-3.1194,0.0]]],
[[[122.59,-3.1187,0.0],[122.5902,-3.118,0.0],[122.5881,-3.1183,1.296],[122.589,-3.1189,1.296],[122.59,-3.1187,0.0]]],
[[[122.5771,-3.1167,1.87],[122.5808,-3.1157,0.0],[122.581,-3.1142,0.0],[122.5705,-3.115,0.0],[122.573,-3.1176,5.5238],[122.5771,-3.1167,1.87]]],
[[[122.5267,-3.092,1.0629],[122.5233,-3.0916,3.1366],[122.5202,-3.0934,2.3001],[122.5233,-3.0992,6.93],[122.527,-3.0991,3.9523],[122.5294,-3.0953,0.0],[122.5267,-3.092,1.0629]]],
[[[122.539,-3.0947,3.7032],[122.5438,-3.0935,0.0],[122.5345,-3.0933,1.9245],[122.5315,-3.0959,5.0955],[122.5339,-3.0967,0.0],[122.539,-3.0947,3.7032]]],
[[[122.5272,-3.0906,0.0],[122.5274,-3.0909,0.0],[122.5276,-3.0909,0.0],[122.5275,-3.0906,0.0],[122.5272,-3.0906,0.0]]],
[[[122.5202,-3.09,1.645],[122.5216,-3.0914,0.8021],[122.5226,-3.0912,1.7624],[122.5216,-3.0899,1.7624],[122.5202,-3.09,1.645]]],
[[[122.5214,-3.0879,3.1714],[122.5225,-3.0888,0.4934],[122.5248,-3.0886,1.4236],[122.5241,-3.0869,3.843],[122.5214,-3.0879,3.1714]]],
[[[122.53,-3.0889,0.934],[122.5291,-3.089,0.0],[122.5291,-3.09,0.0],[122.5308,-3.0899,0.0],[122.53,-3.0889,0.934]]],
[[[122.5331,-3.091,3.1539],[122.5329,-3.0894,4.5803],[122.531,-3.0894,0.934],[122.5318,-3.0911,3.1539],[122.5331,-3.091,3.1539]]],
[[[122.536,-3.0804,0.0],[122.5332,-3.0794,0.0],[122.5304,-3.0804,1.3059],[122.5311,-3.0834,6.3271],[122.5271,-3.0863,1.024],[122.5276,-3.0874,5.9537],[122.5325,-3.0891,4.5803],[122.5367,-3.088,0.0],[122.5375,-3.0863,3.6505],[122.5339,-3.0828,5.6516],[122.537,-3.0807,0.0],[122.536,-3.0804,0.0]]],
[[[122.3852,-3.0392,5.216],[122.3847,-3.0366,6.1582],[122.387,-3.0326,1.4348],[122.3837,-3.0291,0.0],[122.3818,-3.0304,4.8924],[122.3771,-3.03,1.3715],[122.3763,-3.0323,2.9386],[122.3745,-3.0305,0.0],[122.3708,-3.0318,5.5857],[122.3667,-3.031,0.0],[122.3645,-3.0337,8.1315],[122.3629,-3.0329,0.2209],[122.3584,-3.0354,0.0],[122.3577,-3.0393,0.0],[122.3608,-3.043,0.0],[122.3669,-3.0423,5.2871],[122.3723,-3.045,0.0],[122.3755,-3.0417,4.3291],[122.3797,-3.0433,1.4339],[122.3836,-3.0426,5.5137],[122.3856,-3.0411,0.0],[122.3852,-3.0392,5.216]]],
[[[122.3598,-3.0315,6.6085],[122.3603,-3.0335,0.8214],[122.3619,-3.0323,0.767],[122.3613,-3.0316,0.767],[122.3598,-3.0315,6.6085]]],
[[[122.3581,-3.0301,5.9689],[122.3568,-3.0268,3.7059],[122.3521,-3.0285,3.7384],[122.353,-3.0311,9.8363],[122.3581,-3.0301,5.9689]]],
[[[122.3644,-3.0259,7.2755],[122.3658,-3.0258,6.1724],[122.3653,-3.0242,2.0994],[122.3622,-3.0235,2.8853],[122.3614,-3.0261,7.524],[122.3644,-3.0259,7.2755]]],
[[[122.2159,-2.8863,3.5546],[122.2137,-2.8858,7.6078],[122.2128,-2.8868,6.945],[122.2149,-2.8874,3.5546],[122.2159,-2.8863,3.5546]]],
[[[122.1699,-2.8179,0.0],[122.1685,-2.8159,4.9704],[122.1702,-2.8135,0.0],[122.1642,-2.8153,0.0],[122.1671,-2.8196,6.7924],[122.1699,-2.8179,0.0]]],
[[[122.1802,-2.8157,1.7906],[122.1807,-2.8161,1.7906],[122.1821,-2.8153,2.3076],[122.181,-2.815,1.7906],[122.1802,-2.8157,1.7906]]],
[[[122.1823,-2.8152,2.3076],[122.1824,-2.8156,2.3076],[122.1842,-2.8158,0.0],[122.1837,-2.8145,0.0],[122.1823,-2.8152,2.3076]]],
[[[122.3275,-3.0198,14.5235],[122.3263,-3.0184,1.0214],[122.3237,-3.0185,7.7945],[122.3289,-3.0227,5.7027],[122.3275,-3.0198,14.5235]]],
[[[122.3507,-3.0073,5.2652],[122.3406,-3.0069,16.2915],[122.321,-2.9963,1.6638],[122.319,-2.9975,0.0],[122.3202,-3.0,3.8416],[122.3158,-3.0002,6.2302],[122.3165,-3.0028,2.5558],[122.3197,-3.0032,0.5144],[122.3242,-3.0073,3.3559],[122.3244,-3.0111,2.7318],[122.328,-3.0104,8.6762],[122.329,-3.0124,9.1386],[122.326,-3.0118,3.4578],[122.3257,-3.0134,0.3991],[122.3302,-3.015,2.4808],[122.331,-3.0171,0.4255],[122.341,-3.0217,0.0],[122.3523,-3.0234,4.7128],[122.3535,-3.0227,1.4486],[122.3528,-3.0208,0.0],[122.3457,-3.0165,4.8372],[122.3608,-3.0145,0.0],[122.3562,-3.008,13.2024],[122.3507,-3.0073,5.2652]]],
[[[123.1447,-2.2239,0.0],[123.1483,-2.223,0.0],[123.1564,-2.2103,2.2929],[123.1605,-2.2068,0.0],[123.1608,-2.199,5.3625],[123.1563,-2.1964,10.2608],[123.1484,-2.202,0.0],[123.1448,-2.21,4.9622],[123.1427,-2.2169,5.2048],[123.1447,-2.2239,0.0]]],
[[[123.4388,-2.2203,0.0],[123.4418,-2.2201,0.0],[123.4429,-2.2188,0.0],[123.4392,-2.2193,0.0],[123.4388,-2.2203,0.0]]],
[[[123.6701,-2.1637,2.039],[123.6681,-2.1644,0.0],[123.6692,-2.1614,0.2717],[123.6652,-2.1538,3.3296],[123.6624,-2.1537,1.1073],[123.662,-2.1562,1.8851],[123.6659,-2.1636,2.8045],[123.6648,-2.1639,0.0],[123.6665,-2.1646,3.4755],[123.668,-2.1745,1.8473],[123.6694,-2.1746,4.1145],[123.6706,-2.1789,0.7952],[123.6729,-2.1791,2.3862],[123.6797,-2.1753,0.0],[123.681,-2.167,1.7559],[123.6768,-2.1642,3.8713],[123.6812,-2.1632,0.3436],[123.6739,-2.1583,1.9033],[123.6724,-2.1618,0.0],[123.6732,-2.1645,0.9741],[123.6701,-2.1637,2.039]]],
[[[123.6713,-2.1511,2.5546],[123.6686,-2.1489,0.9906],[123.6662,-2.1497,3.1741],[123.667,-2.1512,3.1741],[123.6691,-2.1502,3.9526],[123.6679,-2.1523,4.2025],[123.6714,-2.1541,0.8615],[123.6729,-2.1511,0.0],[123.6713,-2.1511,2.5546]]],
[[[123.4682,-2.2051,0.0],[123.4671,-2.2086,0.0],[123.4676,-2.2051,0.0],[123.4645,-2.2065,0.0],[123.465,-2.2144,0.0],[123.4631,-2.2164,0.0],[123.4514,-2.22,0.0],[123.4457,-2.2236,0.0],[123.4434,-2.2217,0.0],[123.4388,-2.2248,0.0],[123.4329,-2.2232,0.0],[123.4329,-2.2218,0.0],[123.4272,-2.2262,0.0],[123.4221,-2.2271,0.0],[123.422,-2.2289,0.0],[123.4079,-2.2347,0.0],[123.4084,-2.229,0.0],[123.4019,-2.2187,0.0],[123.4003,-2.2096,0.0],[123.3983,-2.2087,0.0],[123.3964,-2.218,0.0],[123.3969,-2.224,0.0],[123.4006,-2.2302,0.0],[123.4025,-2.2388,0.0],[123.4057,-2.2418,0.0],[123.4118,-2.2415,0.0],[123.4654,-2.2198,0.0],[123.4716,-2.2133,0.0],[123.4716,-2.2082,0.0],[123.4682,-2.2051,0.0]]],
[[[123.4559,-2.211,0.0],[123.46,-2.2091,0.0],[123.4599,-2.2074,0.0],[123.4512,-2.2142,0.0],[123.4545,-2.213,0.0],[123.4559,-2.211,0.0]]],
[[[123.4619,-2.2052,0.0],[123.4599,-2.207,0.0],[123.4633,-2.2063,0.0],[123.4631,-2.2048,0.0],[123.4619,-2.2052,0.0]]],
[[[123.3987,-2.2084,0.0],[123.4013,-2.2084,0.0],[123.4027,-2.2067,0.0],[123.4066,-2.2009,0.0],[123.4054,-2.1988,0.0],[123.4009,-2.2025,0.0],[123.3987,-2.2084,0.0]]],
[[[123.6551,-2.1444,4.1004],[123.6569,-2.1459,0.7108],[123.6593,-2.1447,0.0],[123.6585,-2.1425,0.5806],[123.6547,-2.1401,0.9881],[123.6539,-2.1412,0.9881],[123.6551,-2.1444,4.1004]]],
[[[123.6055,-2.1423,0.0],[123.6059,-2.1426,0.0],[123.6063,-2.1425,0.0],[123.6061,-2.1422,0.0],[123.6055,-2.1423,0.0]]],
[[[122.5169,-3.0594,2.0663],[122.5223,-3.0613,0.0],[122.5234,-3.0602,2.4202],[122.5187,-3.0569,2.53],[122.5144,-3.0577,0.0],[122.5149,-3.0595,0.0],[122.5169,-3.0594,2.0663]]],
[[[122.3816,-3.0577,11.928],[122.3842,-3.06,0.0],[122.3872,-3.0599,1.8608],[122.3888,-3.0516,2.5542],[122.3806,-3.0543,0.0],[122.3796,-3.0553,9.3115],[122.3816,-3.0577,11.928]]],
[[[122.3996,-3.0562,0.0],[122.399,-3.0561,0.0],[122.4,-3.0583,0.0],[122.4004,-3.0581,0.0],[122.3996,-3.0562,0.0]]],
[[[122.4882,-3.0827,6.6877],[122.4894,-3.085,0.0],[122.492,-3.0846,0.7626],[122.4956,-3.0871,6.3706],[122.516,-3.0897,0.0],[122.5193,-3.0876,0.0],[122.5142,-3.071,3.1057],[122.5157,-3.0684,1.1546],[122.5142,-3.0643,0.9538],[122.5082,-3.0599,2.4986],[122.5028,-3.0604,1.6096],[122.5012,-3.0648,9.9425],[122.4994,-3.0657,1.4716],[122.4953,-3.065,1.7237],[122.4912,-3.0594,0.0],[122.4869,-3.0592,0.0],[122.4852,-3.0634,0.0],[122.4891,-3.0682,0.0],[122.4883,-3.0751,0.9177],[122.4847,-3.0752,3.1634],[122.4838,-3.0782,4.5701],[122.4817,-3.0787,3.4533],[122.483,-3.081,7.5668],[122.4882,-3.0827,6.6877]]],
[[[122.48,-3.0783,3.4533],[122.4814,-3.0783,3.4533],[122.485,-3.0731,0.0],[122.4801,-3.0681,0.7867],[122.4774,-3.0619,0.8617],[122.4726,-3.0591,0.0],[122.4648,-3.0587,0.0],[122.4647,-3.0607,2.1995],[122.4612,-3.0608,0.0],[122.4673,-3.0707,3.9269],[122.4745,-3.0765,0.0],[122.48,-3.0783,3.4533]]],
[[[122.4859,-3.0553,0.0],[122.4867,-3.0569,0.0],[122.4859,-3.0532,0.0],[122.4856,-3.054,0.0],[122.4859,-3.0553,0.0]]],
[[[122.4804,-3.0562,0.0],[122.4784,-3.0573,0.0],[122.4788,-3.0604,0.4557],[122.4826,-3.0613,0.0],[122.4832,-3.058,0.0],[122.4804,-3.0562,0.0]]],
[[[122.515,-3.0553,0.8432],[122.5174,-3.0551,0.0],[122.5179,-3.0537,0.0],[122.5164,-3.0528,0.0],[122.5134,-3.056,2.4022],[122.515,-3.0553,0.8432]]],
[[[122.502,-3.0535,0.0],[122.5007,-3.0536,0.0],[122.5007,-3.0543,0.0],[122.5016,-3.0549,0.0],[122.502,-3.0535,0.0]]],
[[[122.4097,-3.0607,4.6764],[122.4119,-3.0619,0.0],[122.418,-3.0595,11.8113],[122.421,-3.0601,0.0],[122.427,-3.053,0.0],[122.4209,-3.0428,0.0],[122.4172,-3.0413,9.2679],[122.4117,-3.0359,11.9791],[122.4131,-3.0297,0.0],[122.4052,-3.03,6.9163],[122.4019,-3.0265,2.2789],[122.4047,-3.0193,6.4264],[122.4124,-3.0169,0.0],[122.4089,-3.0165,2.7103],[122.3989,-3.0226,0.0],[122.3919,-3.03,4.5488],[122.3916,-3.0334,6.8126],[122.3887,-3.0375,0.0],[122.3913,-3.0392,3.8082],[122.3928,-3.0439,0.0],[122.3955,-3.0433,5.607],[122.396,-3.0445,0.0],[122.3982,-3.0423,10.9504],[122.3982,-3.0447,1.0656],[122.4013,-3.045,1.6418],[122.3978,-3.048,5.4428],[122.3979,-3.053,1.2052],[122.4036,-3.0582,0.0],[122.4097,-3.0607,4.6764]]],
[[[123.6471,-2.1282,0.0],[123.6465,-2.1288,1.4788],[123.6465,-2.1292,1.4788],[123.6467,-2.1292,1.4788],[123.6471,-2.1282,0.0]]],
[[[123.5964,-2.1287,0.0],[123.5963,-2.1294,0.0],[123.5971,-2.1296,0.0],[123.5973,-2.1287,0.0],[123.5964,-2.1287,0.0]]],
[[[123.4487,-2.1293,0.0],[123.4489,-2.1291,0.0],[123.4485,-2.1288,0.0],[123.4485,-2.129,0.0],[123.4487,-2.1293,0.0]]],
[[[123.4493,-2.1294,1.8716],[123.4495,-2.1296,3.1908],[123.4496,-2.1295,1.8716],[123.4495,-2.1293,1.8716],[123.4493,-2.1294,1.8716]]],
[[[123.594,-2.1296,0.0],[123.5947,-2.1295,0.0],[123.5944,-2.1288,0.0],[123.5937,-2.1289,0.0],[123.594,-2.1296,0.0]]],
[[[123.4394,-2.1257,3.8418],[123.439,-2.1256,3.8418],[123.4391,-2.1261,3.8418],[123.4395,-2.126,3.8418],[123.4394,-2.1257,3.8418]]],
[[[123.4397,-2.1256,3.8418],[123.4397,-2.1258,3.8418],[123.4399,-2.1258,3.8418],[123.4399,-2.1256,3.8418],[123.4397,-2.1256,3.8418]]],
[[[123.4464,-2.1272,0.4422],[123.4466,-2.1283,0.0],[123.4469,-2.1286,0.0],[123.447,-2.1281,0.0],[123.4464,-2.1272,0.4422]]],
[[[123.4496,-2.1274,2.2188],[123.4494,-2.1272,2.2188],[123.4492,-2.1272,2.2188],[123.4494,-2.1276,2.2188],[123.4496,-2.1274,2.2188]]],
[[[123.5948,-2.127,0.0],[123.5947,-2.1266,0.0],[123.5946,-2.1265,0.0],[123.5945,-2.127,0.0],[123.5948,-2.127,0.0]]],
[[[123.4445,-2.1202,5.8517],[123.4406,-2.1212,0.9891],[123.4399,-2.1232,2.9406],[123.4417,-2.1233,4.0585],[123.4392,-2.1247,3.8418],[123.4407,-2.1248,3.8418],[123.4402,-2.1269,3.3008],[123.4421,-2.1283,0.0],[123.4443,-2.127,1.3384],[123.4446,-2.1249,3.6215],[123.4455,-2.1265,0.4422],[123.4484,-2.1257,3.1956],[123.4479,-2.1242,1.2216],[123.4508,-2.1296,3.1908],[123.4505,-2.1258,1.1563],[123.4445,-2.1202,5.8517]]],
[[[123.5999,-2.1195,0.0],[123.601,-2.1196,0.0],[123.6017,-2.118,0.0],[123.599,-2.1182,0.0],[123.5999,-2.1195,0.0]]],
[[[123.8051,-2.117,0.0],[123.8055,-2.1171,0.0],[123.8059,-2.1168,0.0],[123.8052,-2.1164,0.0],[123.8051,-2.117,0.0]]],
[[[123.5632,-2.1099,0.0],[123.5627,-2.1097,0.0],[123.563,-2.1104,0.0],[123.5631,-2.1104,0.0],[123.5632,-2.1099,0.0]]],
[[[123.8097,-2.109,0.0],[123.8078,-2.1082,1.3416],[123.8047,-2.1107,0.0],[123.8073,-2.1107,0.0],[123.8097,-2.109,0.0]]],
[[[123.5611,-2.0958,0.0],[123.5492,-2.0944,0.0],[123.5442,-2.0959,0.0],[123.5431,-2.1002,0.0],[123.5443,-2.1018,0.0],[123.5472,-2.1012,0.0],[123.5513,-2.1042,0.0],[123.5515,-2.1032,0.0],[123.5546,-2.1052,0.0],[123.5539,-2.1059,0.0],[123.5598,-2.1054,0.0],[123.5597,-2.1061,0.0],[123.5578,-2.1061,0.0],[123.5589,-2.1072,0.0],[123.5614,-2.1056,0.0],[123.563,-2.1017,0.0],[123.5611,-2.0958,0.0]]],
[[[123.9147,-2.0933,0.4589],[123.9146,-2.0929,0.7094],[123.9143,-2.0929,0.7094],[123.9143,-2.0933,0.4589],[123.9147,-2.0933,0.4589]]],
[[[123.9112,-2.0938,0.6975],[123.9113,-2.0921,1.4741],[123.9096,-2.092,0.1441],[123.9097,-2.093,1.3925],[123.9112,-2.0938,0.6975]]],
[[[123.9123,-2.0918,0.2632],[123.9118,-2.0926,1.4741],[123.9132,-2.0935,0.0],[123.9132,-2.0926,0.2632],[123.9123,-2.0918,0.2632]]],
[[[123.9243,-2.1005,1.3992],[123.9231,-2.0993,0.5564],[123.9223,-2.1014,0.0],[123.924,-2.1018,3.2032],[123.9229,-2.1043,5.1747],[123.9257,-2.1097,0.0],[123.9317,-2.1097,0.0],[123.9336,-2.105,0.0],[123.9327,-2.1018,4.7731],[123.9284,-2.0995,0.0],[123.9284,-2.1055,1.9081],[123.927,-2.1053,1.9081],[123.9243,-2.1005,1.3992]]],
[[[123.8657,-2.0994,0.5704],[123.8654,-2.0995,0.5704],[123.8656,-2.1001,0.0],[123.866,-2.0998,0.0],[123.8657,-2.0994,0.5704]]],
[[[123.9282,-2.0987,0.0],[123.928,-2.0987,0.0],[123.9273,-2.0995,0.0],[123.928,-2.0994,0.0],[123.9282,-2.0987,0.0]]],
[[[123.8666,-2.0958,5.6574],[123.8644,-2.0949,3.1877],[123.8603,-2.0971,3.4509],[123.858,-2.1035,0.0],[123.8614,-2.1031,0.0],[123.8629,-2.0993,3.2687],[123.8686,-2.0957,4.6006],[123.8666,-2.0958,5.6574]]],
[[[123.9248,-2.0988,0.0],[123.9251,-2.0989,0.0],[123.9251,-2.0986,0.0],[123.9248,-2.0986,0.0],[123.9248,-2.0988,0.0]]],
[[[123.8698,-2.0982,0.0],[123.8718,-2.0965,0.0],[123.8661,-2.1,0.0],[123.868,-2.1001,0.0],[123.8698,-2.0982,0.0]]],
[[[123.7522,-2.1046,3.2181],[123.7495,-2.1016,1.7818],[123.7512,-2.1063,0.0],[123.7547,-2.108,0.0],[123.7608,-2.1076,2.3032],[123.7634,-2.1051,0.0],[123.7602,-2.1023,0.4879],[123.7559,-2.1028,1.7043],[123.7569,-2.1053,0.4649],[123.7599,-2.1053,2.5036],[123.7594,-2.1037,4.1122],[123.7611,-2.1053,2.5036],[123.7593,-2.1071,1.1462],[123.7543,-2.107,1.476],[123.7522,-2.1046,3.2181]]],
[[[123.7554,-2.1025,0.4313],[123.7556,-2.102,0.4313],[123.7553,-2.1019,0.4313],[123.7552,-2.1021,0.4313],[123.7554,-2.1025,0.4313]]],
[[[123.9268,-2.0982,0.0],[123.9275,-2.0982,0.0],[123.9275,-2.0975,0.3443],[123.9267,-2.0975,0.3443],[123.9268,-2.0982,0.0]]],
[[[123.9254,-2.0968,0.3228],[123.9249,-2.0972,0.3228],[123.9252,-2.0982,0.0],[123.9256,-2.097,0.3228],[123.9254,-2.0968,0.3228]]],
[[[123.7483,-2.0923,1.5087],[123.7451,-2.0912,0.0],[123.7442,-2.0924,0.0],[123.7448,-2.0977,0.0],[123.7484,-2.1022,1.7818],[123.7502,-2.097,0.528],[123.7483,-2.0923,1.5087]]],
[[[123.7518,-2.0962,0.8858],[123.7519,-2.0966,0.0],[123.7536,-2.0977,0.0],[123.7516,-2.0952,0.0],[123.7518,-2.0962,0.8858]]],
[[[123.9235,-2.0984,0.5564],[123.924,-2.0993,0.5564],[123.9244,-2.0979,0.445],[123.9235,-2.0972,0.445],[123.9237,-2.0979,0.445],[123.9235,-2.0984,0.5564]]],
[[[123.9224,-2.0977,1.176],[123.9221,-2.0965,1.176],[123.9219,-2.0994,0.9777],[123.9228,-2.0984,0.5564],[123.9224,-2.0977,1.176]]],
[[[123.9197,-2.0974,0.3959],[123.921,-2.0978,1.176],[123.9214,-2.0968,1.176],[123.9201,-2.0969,0.3959],[123.9197,-2.0974,0.3959]]],
[[[123.9007,-2.096,0.0],[123.9004,-2.0956,0.0],[123.9003,-2.0957,0.0],[123.9009,-2.0962,0.0],[123.9007,-2.096,0.0]]],
[[[123.8905,-2.0941,1.3943],[123.8943,-2.092,0.0],[123.8879,-2.0954,1.6071],[123.8956,-2.0988,1.7355],[123.9006,-2.0978,1.1775],[123.8999,-2.0966,1.1775],[123.893,-2.0965,2.6309],[123.8905,-2.0941,1.3943]]],
[[[123.9238,-2.0946,0.0],[123.9234,-2.0946,0.0],[123.9229,-2.0951,0.0],[123.9236,-2.0951,0.0],[123.9238,-2.0946,0.0]]],
[[[123.9197,-2.095,1.4972],[123.918,-2.0949,0.2405],[123.918,-2.0965,0.0],[123.9206,-2.0965,1.176],[123.9197,-2.095,1.4972]]],
[[[123.9088,-2.0953,0.1943],[123.9101,-2.0946,0.0],[123.91,-2.0937,1.3925],[123.908,-2.0938,0.0],[123.9088,-2.0953,0.1943]]],
[[[123.918,-2.0934,1.3522],[123.9163,-2.0924,0.4188],[123.9156,-2.0932,0.4589],[123.9173,-2.0951,0.2405],[123.918,-2.0934,1.3522]]],
[[[123.6432,-2.1245,0.0],[123.6431,-2.125,1.1057],[123.6438,-2.1251,1.1057],[123.6438,-2.1248,1.1057],[123.6432,-2.1245,0.0]]],
[[[123.5959,-2.1246,0.0],[123.5956,-2.1254,0.0],[123.5961,-2.1257,0.0],[123.5962,-2.1247,0.0],[123.5959,-2.1246,0.0]]],
[[[123.5905,-2.1222,0.0],[123.5902,-2.1221,0.0],[123.5905,-2.1227,0.0],[123.5907,-2.1225,0.0],[123.5905,-2.1222,0.0]]],
[[[123.5909,-2.1212,0.0],[123.5905,-2.1209,0.0],[123.5902,-2.1212,0.0],[123.5906,-2.1214,0.0],[123.5909,-2.1212,0.0]]],
[[[123.5929,-2.1205,0.0],[123.5921,-2.1189,0.0],[123.5916,-2.1189,0.0],[123.5909,-2.1205,0.0],[123.5929,-2.1205,0.0]]],
[[[123.5977,-2.1174,0.0],[123.5956,-2.1161,0.0],[123.5925,-2.1168,0.0],[123.5942,-2.1205,0.0],[123.5921,-2.122,0.0],[123.5914,-2.125,0.0],[123.5948,-2.121,0.0],[123.5935,-2.1176,0.0],[123.5984,-2.1184,0.0],[123.5977,-2.1174,0.0]]],
[[[123.4508,-2.1326,3.3041],[123.4516,-2.1317,0.0],[123.451,-2.13,3.1908],[123.4493,-2.1342,0.9484],[123.4508,-2.1326,3.3041]]],
[[[123.6,-2.1346,0.0],[123.6002,-2.134,0.0],[123.5991,-2.1339,0.0],[123.5992,-2.1343,0.0],[123.6,-2.1346,0.0]]],
[[[123.6005,-2.1311,0.0],[123.5973,-2.1302,0.0],[123.5981,-2.1327,0.0],[123.6001,-2.132,0.0],[123.6022,-2.1346,0.0],[123.602,-2.1334,0.0],[123.6005,-2.1311,0.0]]],
[[[123.6027,-2.136,0.0],[123.6023,-2.1357,0.0],[123.6008,-2.1353,0.0],[123.6019,-2.1363,0.0],[123.6027,-2.136,0.0]]],
[[[123.6068,-2.139,0.0],[123.6058,-2.1352,0.0],[123.603,-2.1365,0.0],[123.6049,-2.1398,0.0],[123.6079,-2.1405,0.0],[123.6093,-2.1388,0.0],[123.6068,-2.139,0.0]]],
[[[123.6091,-2.1355,0.0],[123.6088,-2.1372,0.0],[123.6098,-2.1361,0.0],[123.609,-2.1334,0.0],[123.6089,-2.1338,0.0],[123.6091,-2.1355,0.0]]],
[[[123.4446,-2.1315,0.0],[123.4443,-2.1314,0.0],[123.4441,-2.1318,0.0],[123.4445,-2.1319,0.0],[123.4446,-2.1315,0.0]]],
[[[123.6383,-2.1266,2.6939],[123.635,-2.1256,2.8514],[123.6315,-2.1279,3.8873],[123.6352,-2.1331,0.0],[123.6418,-2.1368,0.0],[123.6438,-2.1337,1.3563],[123.6424,-2.1322,2.1978],[123.6399,-2.1329,4.5984],[123.6383,-2.1266,2.6939]]],
[[[123.4411,-2.1318,0.0],[123.4394,-2.1312,1.3107],[123.438,-2.1282,0.0],[123.4396,-2.133,0.0],[123.4411,-2.1318,0.0]]],
[[[123.4436,-2.1305,0.8818],[123.4432,-2.1309,0.8818],[123.4433,-2.1317,0.0],[123.4442,-2.1305,0.8818],[123.4436,-2.1305,0.8818]]],
[[[123.6431,-2.1262,1.1057],[123.6409,-2.1244,0.0],[123.6385,-2.1256,1.6367],[123.6422,-2.1314,2.1978],[123.6467,-2.1321,1.5611],[123.6427,-2.1296,2.2268],[123.6457,-2.1295,1.4788],[123.6454,-2.1262,0.0],[123.6431,-2.1262,1.1057]]],
[[[123.6073,-2.1239,0.0],[123.6043,-2.1225,0.0],[123.607,-2.1252,0.0],[123.6088,-2.1322,0.0],[123.6083,-2.1242,0.0],[123.6073,-2.1239,0.0]]],
[[[123.602,-2.1232,0.0],[123.6033,-2.1233,0.0],[123.6019,-2.1202,0.0],[123.6016,-2.1218,0.0],[123.5983,-2.1221,0.0],[123.6045,-2.1305,0.0],[123.6045,-2.1288,0.0],[123.602,-2.1232,0.0]]],
[[[123.8973,-2.0923,0.2276],[123.8972,-2.092,0.2276],[123.8969,-2.0921,0.2276],[123.897,-2.0924,0.2276],[123.8973,-2.0923,0.2276]]],
[[[123.9154,-2.0923,0.7094],[123.9154,-2.0919,0.7094],[123.915,-2.0919,0.7094],[123.915,-2.0923,0.7094],[123.9154,-2.0923,0.7094]]],
[[[123.8977,-2.0912,0.0],[123.8975,-2.092,0.2276],[123.8981,-2.0923,0.0],[123.8983,-2.0915,0.0],[123.8977,-2.0912,0.0]]],
[[[123.9198,-2.0886,4.4806],[123.9154,-2.0877,0.7471],[123.9229,-2.0941,0.0],[123.9224,-2.0916,4.74],[123.9198,-2.0886,4.4806]]],
[[[120.878,1.3608,0.0],[120.8843,1.3581,2.4698],[120.8892,1.3642,13.0992],[120.89,1.3708,15.3724],[120.8882,1.3739,0.0],[120.8835,1.3752,0.0],[120.879,1.3697,0.0],[120.878,1.3608,0.0]]],
[[[121.6661,-0.8684,0.0],[121.6672,-0.8678,0.0],[121.667,-0.8666,0.0],[121.6655,-0.8679,0.0],[121.6661,-0.8684,0.0]]],
[[[122.4294,-3.1996,1.5319],[122.4286,-3.1925,5.7878],[122.4364,-3.1879,6.5611],[122.4692,-3.1888,10.3515],[122.4822,-3.1827,1.2243],[122.4856,-3.1778,0.0],[122.4733,-3.1682,6.7656],[122.4691,-3.1621,3.8983],[122.4648,-3.1597,11.0187],[122.4665,-3.1529,0.5493],[122.4644,-3.1498,5.9352],[122.4538,-3.1508,0.0],[122.4579,-3.1541,1.2853],[122.4597,-3.1628,0.0],[122.4536,-3.1639,0.0],[122.4453,-3.1621,1.7147],[122.4435,-3.1597,3.3823],[122.4458,-3.1521,10.1056],[122.4437,-3.142,1.2974],[122.4328,-3.1406,0.0],[122.4304,-3.1372,4.6482],[122.4284,-3.1368,6.3296],[122.4258,-3.1336,4.6734],[122.4284,-3.1309,5.9165],[122.4266,-3.1269,1.3287],[122.4222,-3.1263,1.5695],[122.4074,-3.1304,0.0],[122.4007,-3.1342,0.0],[122.3982,-3.1388,0.0],[122.3854,-3.1404,0.0],[122.3802,-3.1448,17.6457],[122.3714,-3.1416,56.7997],[122.3684,-3.1361,37.6884],[122.3585,-3.1288,13.1398],[122.3519,-3.1156,11.5871],[122.3488,-3.1036,1.3284],[122.3461,-3.1025,4.9715],[122.3364,-3.0918,2.9394],[122.3356,-3.0858,0.0],[122.3121,-3.0726,6.0706],[122.3067,-3.0666,192.6925],[122.3051,-3.0607,0.0],[122.2979,-3.0581,11.0647],[122.288,-3.0516,3.2949],[122.2839,-3.0523,7.4664],[122.2789,-3.0492,0.0],[122.2743,-3.049,0.0],[122.2671,-3.0404,2.2353],[122.2587,-3.0364,4.7232],[122.2553,-3.0286,0.9725],[122.2513,-3.0264,5.9414],[122.2505,-3.0224,0.0],[122.252,-3.0215,0.0],[122.2518,-3.017,0.0],[122.2544,-3.0108,0.9132],[122.2629,-3.0075,6.7764],[122.2695,-2.9992,12.1894],[122.2737,-3.0006,2.1426],[122.2785,-2.9994,2.0841],[122.2806,-2.9894,0.0],[122.2899,-2.9793,0.0],[122.3005,-2.9624,2.7838],[122.307,-2.9562,12.4894],[122.3085,-2.9499,0.0],[122.3078,-2.9461,2.914],[122.3182,-2.9291,5.6297],[122.3207,-2.921,17.0095],[122.3146,-2.9103,12.6302],[122.3121,-2.9106,28.7002],[122.3035,-2.9019,9.5468],[122.301,-2.902,24.8728],[122.299,-2.8973,0.0],[122.2943,-2.8958,35.2514],[122.2918,-2.892,21.2185],[122.2846,-2.8905,16.5971],[122.2783,-2.8864,19.9457],[122.2718,-2.8862,0.0],[122.2646,-2.8898,94.9499],[122.2592,-2.8872,8.5621],[122.2557,-2.8875,3.5033],[122.2531,-2.8913,146.1231],[122.2513,-2.8891,88.7537],[122.254,-2.8801,0.0],[122.2503,-2.8776,0.0],[122.2449,-2.8796,7.0461],[122.2424,-2.8836,20.1863],[122.2391,-2.8831,17.185],[122.2399,-2.8862,33.9617],[122.2373,-2.8846,95.1817],[122.2313,-2.8874,56.0169],[122.2262,-2.8869,0.0],[122.2243,-2.8891,0.0],[122.2242,-2.8926,0.0],[122.222,-2.8953,0.0],[122.2176,-2.897,0.0],[122.2163,-2.9001,7.0968],[122.2081,-2.9007,5.51],[122.2054,-2.8972,9.9936],[122.2075,-2.8951,7.138],[122.207,-2.8876,0.0],[122.2045,-2.8827,2.236],[122.1985,-2.8827,0.0],[122.1936,-2.8781,2.333],[122.1913,-2.878,4.5121],[122.1852,-2.8696,0.0],[122.1842,-2.8655,0.0],[122.1855,-2.8578,0.0],[122.1932,-2.8448,9.22],[122.1849,-2.8237,0.0],[122.1773,-2.8179,0.0],[122.1737,-2.8198,0.3376],[122.1726,-2.8225,2.3936],[122.1696,-2.8208,0.0],[122.1678,-2.8219,7.6288],[122.1663,-2.8191,0.4665],[122.1642,-2.8196,10.4566],[122.1638,-2.8175,1.5951],[122.1583,-2.8127,0.0],[122.1547,-2.8042,3.9284],[122.1563,-2.8044,1.8749],[122.1492,-2.7954,0.0],[122.1395,-2.7887,2.6253],[122.1256,-2.7875,0.0],[122.1157,-2.789,3.3028],[122.1044,-2.7872,2.4699],[122.094,-2.7894,1.8691],[122.0856,-2.7887,1.6141],[122.0833,-2.7835,0.0],[122.0744,-2.7755,7.4616],[122.0696,-2.7656,10.3637],[122.0644,-2.7628,0.0],[122.0589,-2.7491,1.082],[122.0292,-2.7248,3.8127],[122.0202,-2.7213,0.8367],[122.0191,-2.7228,0.8367],[122.0101,-2.7184,1.1426],[122.0065,-2.7016,3.0905],[122.0074,-2.687,2.3498],[122.0105,-2.6741,12.0919],[122.0199,-2.6692,20.4287],[122.0254,-2.6703,18.0702],[122.03,-2.6743,40.233],[122.0327,-2.6738,24.1412],[122.0373,-2.6686,2.2138],[122.0354,-2.657,16.4091],[122.0238,-2.6454,1.1367],[122.0182,-2.6469,0.0],[122.0166,-2.6458,6.359],[122.0096,-2.6305,0.0],[122.0017,-2.6278,0.0],[122.0009,-2.6244,0.0],[122.0052,-2.6212,0.0],[122.0031,-2.6188,0.0],[122.0018,-2.6193,9.4246],[122.0002,-2.6153,0.0],[121.9975,-2.6148,10.0399],[121.9969,-2.6115,0.0],[121.9899,-2.6011,7.8291],[121.9873,-2.5916,4.1532],[121.9884,-2.5886,0.0],[121.9859,-2.5843,14.2407],[121.9865,-2.5773,0.0],[121.9807,-2.5681,6.6046],[121.9773,-2.5513,1.1141],[121.9751,-2.5498,1.7816],[121.9727,-2.5431,3.0218],[121.9708,-2.5425,2.1558],[121.9682,-2.5281,0.0],[121.9585,-2.5172,0.0],[121.9483,-2.4958,0.0],[121.943,-2.492,0.0],[121.9413,-2.4883,0.0],[121.9419,-2.4823,0.0],[121.9405,-2.4784,1.5445],[121.9341,-2.4754,2.0875],[121.928,-2.4631,3.6967],[121.919,-2.4575,0.0],[121.9123,-2.4479,0.0],[121.9117,-2.4388,6.7536],[121.9078,-2.4329,0.0],[121.9053,-2.4299,2.9101],[121.9036,-2.43,11.0703],[121.9022,-2.4269,0.0],[121.8961,-2.4244,0.0],[121.8947,-2.42,1.107],[121.8891,-2.4169,3.4558],[121.8883,-2.413,0.0],[121.8836,-2.4113,3.2218],[121.8749,-2.4029,5.8426],[121.8759,-2.3933,0.9369],[121.8706,-2.3913,4.64],[121.8706,-2.383,5.0438],[121.8684,-2.3779,7.347],[121.8649,-2.3747,5.4165],[121.8635,-2.3698,6.0828],[121.8565,-2.3628,0.0],[121.8546,-2.355,0.659],[121.8444,-2.3503,5.3044],[121.8404,-2.3456,3.1269],[121.8397,-2.3363,10.7273],[121.8371,-2.3335,3.8487],[121.8369,-2.328,2.1531],[121.8344,-2.3243,0.0],[121.8347,-2.3187,0.0],[121.8284,-2.3056,2.78],[121.8248,-2.2939,3.1166],[121.8182,-2.2915,5.6703],[121.8082,-2.2915,4.5125],[121.7952,-2.2882,6.115],[121.7828,-2.2734,0.0],[121.7784,-2.2712,0.0],[121.7761,-2.2618,6.2348],[121.7718,-2.2554,4.1299],[121.7661,-2.2549,4.5212],[121.7569,-2.2496,3.6381],[121.7552,-2.2403,1.1563],[121.7462,-2.2358,1.1338],[121.7435,-2.2322,3.1538],[121.741,-2.2232,3.0605],[121.7299,-2.2153,0.0],[121.7273,-2.2035,0.0],[121.7238,-2.1981,1.5587],[121.7196,-2.1955,0.0],[121.7121,-2.1947,5.8208],[121.705,-2.1884,2.7074],[121.6966,-2.1915,2.5544],[121.6907,-2.1884,1.1799],[121.6898,-2.1895,1.1799],[121.6794,-2.1734,0.7986],[121.6756,-2.1724,0.0],[121.677,-2.1754,1.0939],[121.6801,-2.1774,1.3017],[121.6803,-2.1801,3.0939],[121.6701,-2.1848,4.0748],[121.6624,-2.1851,4.5455],[121.666,-2.1908,2.752],[121.6633,-2.1891,4.2976],[121.6599,-2.1827,0.0],[121.657,-2.1859,2.8721],[121.6503,-2.1846,6.7786],[121.6455,-2.1882,2.6447],[121.6424,-2.1858,4.188],[121.6334,-2.1848,1.6607],[121.631,-2.1833,0.0],[121.6251,-2.1844,0.0],[121.6191,-2.1832,0.0],[121.614,-2.1865,2.456],[121.6064,-2.1851,0.0],[121.6002,-2.181,0.0],[121.5969,-2.1812,0.0],[121.5925,-2.1784,0.0],[121.5848,-2.1787,0.0],[121.5783,-2.1747,0.9215],[121.5753,-2.1743,0.0],[121.5716,-2.1765,4.7583],[121.5701,-2.1726,0.0],[121.5668,-2.1747,3.4391],[121.5609,-2.1735,0.0],[121.5535,-2.1679,0.0],[121.544,-2.1476,0.0],[121.5415,-2.1364,3.8438],[121.5391,-2.1354,4.9619],[121.5382,-2.1312,4.3657],[121.5354,-2.1307,6.0521],[121.5348,-2.1329,4.5967],[121.5331,-2.1339,6.0602],[121.5334,-2.133,3.6588],[121.5346,-2.1327,4.5967],[121.5339,-2.1318,4.5967],[121.5259,-2.1339,7.4299],[121.5266,-2.1333,7.4299],[121.5314,-2.1318,3.986],[121.5342,-2.1314,4.5967],[121.5362,-2.13,5.7009],[121.5383,-2.1307,4.3657],[121.54,-2.1338,0.0],[121.5408,-2.1204,1.6626],[121.5448,-2.1096,0.0],[121.5435,-2.1072,3.2864],[121.54,-2.1068,1.7824],[121.5372,-2.1003,3.6101],[121.5356,-2.0789,0.0],[121.5338,-2.075,12.5038],[121.5312,-2.0753,12.4081],[121.5256,-2.0716,3.0231],[121.5227,-2.0746,3.6587],[121.5247,-2.0794,3.8553],[121.5221,-2.0749,3.6587],[121.5223,-2.0737,2.5791],[121.5262,-2.0707,2.5135],[121.5294,-2.0733,0.375],[121.5327,-2.0728,6.9715],[121.5347,-2.0486,0.0],[121.5318,-2.065,1.125],[121.5326,-2.0686,0.0],[121.5314,-2.0697,4.7162],[121.5292,-2.0676,0.75],[121.5314,-2.0636,1.0703],[121.5316,-2.0573,0.0],[121.5297,-2.0455,0.0],[121.5276,-2.0489,2.3834],[121.521,-2.0513,0.9475],[121.5218,-2.0539,1.8649],[121.5166,-2.0528,0.0],[121.5139,-2.0573,0.375],[121.5148,-2.0593,0.375],[121.5134,-2.0575,0.375],[121.5111,-2.0579,0.75],[121.5135,-2.0568,0.375],[121.5138,-2.0547,1.5216],[121.5068,-2.0532,0.75],[121.5088,-2.0502,0.0],[121.5069,-2.048,4.415],[121.5002,-2.0478,0.7274],[121.4933,-2.042,0.2836],[121.4911,-2.0348,2.7855],[121.4915,-2.0308,1.5],[121.4949,-2.0284,6.482],[121.5013,-2.0305,0.0],[121.4992,-2.0268,41.7358],[121.4926,-2.0239,5.0173],[121.4918,-2.0202,0.0],[121.4868,-2.0259,1.4633],[121.4856,-2.0237,7.0267],[121.4889,-2.0203,16.0523],[121.487,-2.0164,13.152],[121.4837,-2.0155,10.2374],[121.4817,-2.0175,0.0],[121.4784,-2.0176,0.0],[121.4734,-2.0151,77.0167],[121.465,-1.9996,3.4804],[121.4632,-2.0012,0.0],[121.4525,-1.9998,62.291],[121.4526,-1.9978,0.0],[121.4488,-1.9942,23.5296],[121.4498,-1.9908,0.0],[121.4445,-1.9887,28.2375],[121.4409,-1.9839,0.0],[121.4403,-1.9816,22.3126],[121.4436,-1.9747,0.0],[121.44,-1.9748,51.7685],[121.4383,-1.9776,1.6854],[121.4369,-1.9772,1.6854],[121.4348,-1.9754,8.2944],[121.4351,-1.9733,5.7557],[121.4328,-1.9723,0.0],[121.4332,-1.9692,0.0],[121.4307,-1.9649,0.0],[121.4289,-1.9635,9.7303],[121.4265,-1.9647,51.9861],[121.4208,-1.9568,0.0],[121.4211,-1.9523,7.3611],[121.4252,-1.9495,52.8041],[121.4267,-1.9464,0.0],[121.4231,-1.9427,7.2252],[121.4233,-1.9409,0.0],[121.4208,-1.9422,20.8997],[121.4197,-1.9392,0.0],[121.4135,-1.9407,20.5808],[121.4168,-1.9364,5.3537],[121.4136,-1.9349,55.0974],[121.4177,-1.9333,27.1961],[121.4188,-1.9311,11.0693],[121.4165,-1.9234,0.0],[121.4122,-1.9218,0.0],[121.4138,-1.918,17.8338],[121.4117,-1.9145,105.1567],[121.4137,-1.9125,6.5635],[121.4101,-1.9101,35.7183],[121.4093,-1.9062,0.0],[121.4086,-1.9088,30.3923],[121.4071,-1.9066,7.393],[121.4029,-1.9104,20.3381],[121.401,-1.91,0.0],[121.4003,-1.9155,54.9421],[121.3984,-1.9136,16.7293],[121.3982,-1.9097,8.7385],[121.3931,-1.9064,29.1199],[121.3925,-1.9038,0.0],[121.3909,-1.9083,16.6155],[121.3888,-1.9074,0.0],[121.3788,-1.9174,0.0],[121.3782,-1.9214,10.962],[121.3814,-1.9267,11.6077],[121.3799,-1.9301,16.9768],[121.3767,-1.9291,0.0],[121.376,-1.9323,0.0],[121.3783,-1.9369,13.2545],[121.3762,-1.9394,0.0],[121.3792,-1.9455,71.1753],[121.3774,-1.9507,100.4248],[121.3789,-1.9552,13.5062],[121.3771,-1.9576,37.5367],[121.377,-1.9631,0.0],[121.3796,-1.9657,39.4044],[121.3789,-1.9701,19.5335],[121.3763,-1.9695,0.0],[121.3776,-1.9738,40.81],[121.3806,-1.9749,4.7456],[121.381,-1.9768,2.2487],[121.3784,-1.9783,2.4378],[121.3764,-1.9823,5.3476],[121.3732,-1.9822,12.4545],[121.3713,-1.9783,10.134],[121.3705,-1.9826,1.4488],[121.3622,-1.9827,0.0],[121.3584,-1.9874,0.0],[121.3587,-1.9907,12.3614],[121.3531,-1.9931,18.6096],[121.3535,-2.0009,28.4466],[121.3502,-2.0014,0.0],[121.3488,-2.0083,52.1577],[121.3473,-2.004,0.5038],[121.3451,-2.0035,3.2716],[121.3427,-2.0054,13.2465],[121.3422,-2.0027,0.0],[121.3434,-2.0019,0.0],[121.3414,-2.0001,41.8905],[121.3394,-1.9913,14.0099],[121.3415,-1.9886,4.0428],[121.3392,-1.9853,4.9236],[121.3422,-1.9812,0.0],[121.3391,-1.9774,7.9188],[121.3413,-1.9752,4.467],[121.3427,-1.9697,0.0],[121.3475,-1.9649,14.9534],[121.3488,-1.96,7.6649],[121.3482,-1.9539,33.2532],[121.3511,-1.9502,0.0],[121.3482,-1.9511,0.0],[121.3474,-1.952,9.6146],[121.3391,-1.9509,16.9925],[121.3333,-1.9462,106.3808],[121.3316,-1.9375,2.6347],[121.3298,-1.9383,30.4354],[121.3287,-1.9332,6.0422],[121.3257,-1.9357,16.2329],[121.3288,-1.9389,32.3162],[121.3265,-1.9378,43.3719],[121.3231,-1.9353,6.6331],[121.3223,-1.9335,0.0],[121.3211,-1.9358,0.0],[121.3176,-1.9369,4.3947],[121.3122,-1.9294,7.8554],[121.3143,-1.9283,4.8066],[121.3148,-1.9232,17.5302],[121.3183,-1.9209,13.8019],[121.3279,-1.919,0.0],[121.3297,-1.9154,0.0],[121.3285,-1.9135,14.5747],[121.3305,-1.9116,12.4179],[121.3277,-1.9086,0.0],[121.3321,-1.8987,22.9354],[121.3346,-1.8989,51.2321],[121.3341,-1.9018,11.5093],[121.3417,-1.9018,0.0],[121.3428,-1.9002,8.1633],[121.3462,-1.9005,0.0],[121.3462,-1.8985,3.0927],[121.3498,-1.8973,14.7463],[121.3489,-1.8959,0.0],[121.3462,-1.8972,14.313],[121.3417,-1.896,47.652],[121.34,-1.8895,0.0],[121.338,-1.8932,31.1716],[121.3342,-1.8919,8.9962],[121.3347,-1.8902,0.0],[121.3336,-1.8914,67.2189],[121.3315,-1.8901,54.9238],[121.3307,-1.8801,15.538],[121.3355,-1.8754,15.4064],[121.339,-1.8782,1.7857],[121.3433,-1.8772,0.0],[121.3401,-1.874,18.8979],[121.3484,-1.8727,32.6674],[121.3499,-1.8706,51.4264],[121.3518,-1.8716,0.0],[121.3543,-1.8706,24.8044],[121.3585,-1.8758,13.7878],[121.362,-1.8744,3.0445],[121.3592,-1.869,16.5592],[121.355,-1.8665,21.2255],[121.3515,-1.8682,28.1313],[121.347,-1.8673,9.7538],[121.3449,-1.8651,13.67],[121.344,-1.8605,42.4634],[121.3469,-1.8608,15.9325],[121.3472,-1.8589,39.2037],[121.3515,-1.8583,0.0],[121.3495,-1.8559,73.9613],[121.3499,-1.8503,55.2735],[121.3458,-1.8492,41.5282],[121.3443,-1.8417,0.0],[121.344,-1.8497,14.4856],[121.3415,-1.8539,0.0],[121.3362,-1.8532,9.7132],[121.3272,-1.8639,6.6729],[121.3242,-1.862,9.4368],[121.3256,-1.8596,0.0],[121.3236,-1.8573,22.7937],[121.3252,-1.8547,19.839],[121.3178,-1.8561,9.8364],[121.3167,-1.8535,3.0732],[121.3047,-1.8564,26.1487],[121.3021,-1.8525,0.0],[121.2989,-1.8572,39.4947],[121.2967,-1.8561,1.4216],[121.2942,-1.857,7.2534],[121.2933,-1.8472,3.1948],[121.2889,-1.8425,39.6949],[121.29,-1.8401,32.7402],[121.2889,-1.8389,50.9391],[121.2906,-1.8372,0.0],[121.2902,-1.8335,86.5685],[121.2952,-1.8289,29.237],[121.2956,-1.8223,67.2587],[121.2977,-1.8205,14.8902],[121.2967,-1.8175,124.3878],[121.298,-1.8138,49.4304],[121.2962,-1.813,130.8592],[121.2966,-1.811,45.5012],[121.2949,-1.8094,29.504],[121.2961,-1.8063,28.4643],[121.2987,-1.8085,0.0],[121.3001,-1.8063,8.8185],[121.3007,-1.7997,77.3792],[121.299,-1.7975,19.3461],[121.3022,-1.7963,0.0],[121.3022,-1.793,44.2105],[121.3073,-1.7966,2.8756],[121.3079,-1.7951,8.9512],[121.3087,-1.7969,2.8756],[121.3105,-1.7945,20.4945],[121.3125,-1.7948,0.0],[121.318,-1.7847,0.0],[121.3206,-1.7837,7.1852],[121.3195,-1.7767,0.0],[121.3175,-1.7763,4.5619],[121.3195,-1.7751,0.0],[121.3156,-1.7756,3.5865],[121.3108,-1.7701,6.8241],[121.318,-1.7684,6.3172],[121.3194,-1.7694,5.0199],[121.3222,-1.7668,5.5812],[121.3214,-1.7645,9.4094],[121.3227,-1.7639,5.6716],[121.325,-1.7728,1.6816],[121.3295,-1.7734,0.9853],[121.3354,-1.7775,6.7214],[121.3367,-1.7766,1.6456],[121.3363,-1.7726,35.763],[121.341,-1.7724,24.4882],[121.3475,-1.7782,0.0],[121.3506,-1.7844,71.9536],[121.3499,-1.7865,0.0],[121.3536,-1.7871,32.9182],[121.3579,-1.7908,10.3958],[121.3611,-1.7886,41.9703],[121.367,-1.7917,17.8922],[121.368,-1.7962,0.0],[121.3707,-1.7974,43.0197],[121.3734,-1.8047,32.0064],[121.372,-1.8081,0.0],[121.3766,-1.8075,79.8234],[121.3787,-1.8085,26.8761],[121.379,-1.8104,6.0777],[121.3814,-1.809,48.1197],[121.387,-1.8115,0.0],[121.3928,-1.8055,43.5105],[121.4001,-1.805,18.3738],[121.4044,-1.8079,12.465],[121.4128,-1.8098,50.4911],[121.4144,-1.8124,62.415],[121.4122,-1.8133,0.0],[121.4161,-1.814,19.1264],[121.4147,-1.8181,24.0999],[121.4187,-1.822,16.7769],[121.4205,-1.8217,0.0],[121.4228,-1.8168,0.0],[121.4211,-1.8137,0.0],[121.4222,-1.8123,31.0894],[121.428,-1.8106,48.6391],[121.4308,-1.8129,0.0],[121.4335,-1.8092,46.1294],[121.4373,-1.8095,24.9483],[121.4423,-1.8048,25.2229],[121.446,-1.804,51.3449],[121.4454,-1.8084,1.3525],[121.4523,-1.8112,19.2929],[121.4554,-1.8105,15.5023],[121.4611,-1.8167,0.0],[121.4616,-1.822,36.6058],[121.4563,-1.8237,3.7128],[121.4549,-1.8263,0.0],[121.4588,-1.8249,5.0557],[121.4625,-1.8272,13.6404],[121.468,-1.8364,57.3276],[121.4658,-1.8366,30.4738],[121.4667,-1.84,21.6541],[121.4618,-1.8401,10.0578],[121.4578,-1.8427,4.5907],[121.4546,-1.8486,15.3355],[121.4501,-1.8494,0.0],[121.4552,-1.8522,0.0],[121.4543,-1.8542,14.514],[121.4501,-1.8548,0.0],[121.449,-1.8606,5.595],[121.447,-1.8619,20.7465],[121.4487,-1.8632,7.9964],[121.4485,-1.8673,7.7073],[121.4602,-1.8649,0.0],[121.4642,-1.8622,20.8427],[121.4662,-1.8583,0.0],[121.4698,-1.857,31.5548],[121.4646,-1.8738,29.9382],[121.4577,-1.8768,17.1404],[121.4615,-1.879,8.4195],[121.4653,-1.8781,0.0],[121.4697,-1.8755,3.0051],[121.4732,-1.8756,0.0],[121.474,-1.8733,0.0],[121.4775,-1.8715,0.0],[121.4832,-1.8702,11.1458],[121.4861,-1.8748,2.1424],[121.4885,-1.8732,4.2002],[121.4867,-1.8751,2.1424],[121.4875,-1.8783,3.0965],[121.4853,-1.8792,0.0],[121.4861,-1.883,0.0],[121.4904,-1.8846,1.8836],[121.4945,-1.8897,0.0],[121.4968,-1.89,0.0],[121.4975,-1.8879,6.5607],[121.4989,-1.889,3.7703],[121.4968,-1.895,0.0],[121.4985,-1.8972,0.0],[121.5019,-1.8986,0.0],[121.506,-1.898,0.0],[121.5109,-1.9059,0.0],[121.5262,-1.9114,0.0],[121.5298,-1.9169,0.0],[121.5319,-1.9174,0.0],[121.5355,-1.9153,4.3704],[121.5396,-1.918,3.192],[121.5407,-1.9202,2.5566],[121.5391,-1.9211,0.0],[121.5413,-1.9235,0.0],[121.5402,-1.9255,1.288],[121.5429,-1.9275,1.5306],[121.5445,-1.9333,1.1638],[121.5478,-1.9348,0.8247],[121.5513,-1.9439,0.513],[121.553,-1.9449,0.0],[121.5581,-1.9437,2.0064],[121.5603,-1.9471,4.5435],[121.5601,-1.9493,6.2752],[121.5579,-1.946,0.0],[121.5559,-1.946,0.0],[121.5566,-1.9469,5.0184],[121.5537,-1.9474,1.284],[121.5546,-1.9504,4.064],[121.5636,-1.9572,2.6509],[121.5738,-1.959,0.0],[121.5804,-1.9546,0.0],[121.6014,-1.9525,6.6203],[121.6155,-1.9541,3.9995],[121.6261,-1.9605,0.0],[121.6313,-1.9578,7.6063],[121.639,-1.9594,3.9671],[121.6435,-1.9561,5.3492],[121.6452,-1.9581,0.0],[121.653,-1.9552,2.1777],[121.6545,-1.9565,0.0],[121.6636,-1.9501,0.0],[121.6767,-1.9466,0.0],[121.6902,-1.9277,4.9303],[121.698,-1.9247,0.0],[121.7009,-1.9215,1.4401],[121.7064,-1.922,5.3994],[121.7121,-1.9249,0.0],[121.7142,-1.9231,0.0],[121.714,-1.9201,0.0],[121.7125,-1.9201,0.0],[121.7188,-1.9055,0.0],[121.7302,-1.9018,0.0],[121.7316,-1.8945,1.303],[121.7393,-1.8915,0.0],[121.7438,-1.8875,0.0],[121.7443,-1.8814,3.695],[121.7497,-1.8759,0.0],[121.7648,-1.8509,0.0],[121.7684,-1.8375,0.0],[121.767,-1.8355,0.0],[121.7634,-1.838,1.1748],[121.7655,-1.834,3.6547],[121.7678,-1.8337,0.0],[121.7677,-1.8288,2.0044],[121.7704,-1.8219,0.0],[121.7791,-1.8083,0.0],[121.779,-1.7983,2.4802],[121.7798,-1.7991,2.4802],[121.7822,-1.7928,1.9363],[121.7845,-1.7915,0.5286],[121.7816,-1.7995,0.0],[121.7835,-1.7984,0.0],[121.7917,-1.7853,0.0],[121.7972,-1.7713,0.0],[121.8023,-1.7647,0.0],[121.8049,-1.7652,0.0],[121.8071,-1.763,0.0],[121.8043,-1.7607,0.0],[121.8023,-1.7437,0.0],[121.803,-1.7382,0.0],[121.8076,-1.7308,0.0],[121.8118,-1.7283,0.0],[121.8154,-1.7289,0.0],[121.8242,-1.7267,0.0],[121.8257,-1.7253,0.0],[121.8232,-1.7233,5.5396],[121.8271,-1.7164,0.0],[121.837,-1.7141,0.0],[121.8396,-1.7061,3.1399],[121.8434,-1.7067,0.0],[121.8437,-1.7025,0.7275],[121.8485,-1.6947,0.0],[121.8513,-1.6932,12.4488],[121.8526,-1.6951,56.5465],[121.8519,-1.6991,8.7145],[121.8586,-1.7093,17.3584],[121.8685,-1.7091,15.2688],[121.8715,-1.7108,22.3378],[121.8818,-1.7111,2.0801],[121.8873,-1.706,0.0],[121.8876,-1.7039,0.0],[121.8802,-1.6964,1.7433],[121.8779,-1.7008,25.0424],[121.8645,-1.7063,31.0349],[121.8646,-1.7019,6.4019],[121.8613,-1.7023,14.1896],[121.8612,-1.7005,4.0951],[121.8649,-1.6996,0.0],[121.8643,-1.6979,0.0],[121.8624,-1.6977,8.0105],[121.8634,-1.6908,26.009],[121.8658,-1.694,5.2309],[121.8701,-1.6942,0.0],[121.8707,-1.6911,0.0],[121.8681,-1.6892,4.3894],[121.8681,-1.6807,0.0],[121.8666,-1.6804,2.7168],[121.8655,-1.6833,33.8393],[121.8631,-1.6845,9.725],[121.8606,-1.679,0.0],[121.8632,-1.677,0.0],[121.8616,-1.674,0.0],[121.863,-1.6708,9.339],[121.8659,-1.6725,7.7162],[121.8685,-1.6777,1.9738],[121.8712,-1.6793,0.0],[121.872,-1.6779,17.5809],[121.8745,-1.6779,18.7752],[121.8749,-1.6809,0.0],[121.8735,-1.682,4.6954],[121.8768,-1.6815,0.0],[121.8778,-1.6878,0.0],[121.8796,-1.6845,43.4428],[121.8831,-1.6888,0.0],[121.8863,-1.6875,0.0],[121.8855,-1.6785,0.0],[121.8887,-1.6755,3.4338],[121.8893,-1.6796,0.0],[121.8908,-1.6799,5.296],[121.8896,-1.6818,21.4772],[121.8902,-1.6879,14.4004],[121.8921,-1.6896,0.0],[121.8951,-1.687,42.4236],[121.8959,-1.6885,20.0527],[121.8926,-1.692,3.7268],[121.8919,-1.6912,0.0],[121.8912,-1.6946,0.0],[121.8957,-1.6993,3.6524],[121.9043,-1.7013,0.0],[121.9056,-1.6895,17.0821],[121.9083,-1.6895,16.7889],[121.9104,-1.6875,18.8727],[121.9149,-1.6884,0.0],[121.9187,-1.6838,3.0588],[121.9238,-1.6831,0.0],[121.9255,-1.6806,9.5252],[121.9269,-1.6821,29.7964],[121.927,-1.6869,0.0],[121.9307,-1.6867,31.8963],[121.9296,-1.6902,0.0],[121.9355,-1.6879,0.0],[121.9329,-1.6847,0.0],[121.9391,-1.6764,0.0],[121.9439,-1.6768,0.0],[121.9442,-1.6742,2.6377],[121.9592,-1.6792,5.5684],[121.9631,-1.6725,1.4555],[121.9764,-1.6637,0.0],[121.9821,-1.6565,0.0],[121.9949,-1.6523,0.0],[121.9981,-1.6458,7.0609],[122.0044,-1.6408,0.0],[122.0062,-1.6352,0.3131],[122.0126,-1.6299,0.3969],[122.02,-1.6283,0.0],[122.0236,-1.6157,6.8858],[122.0256,-1.6158,0.942],[122.0331,-1.611,4.8887],[122.0434,-1.6112,6.0846],[122.0459,-1.6139,8.0733],[122.0485,-1.6125,10.9819],[122.0512,-1.6156,7.7394],[122.055,-1.6166,0.0],[122.0916,-1.6167,42.4715],[122.1555,-1.608,0.0],[122.1967,-1.6087,0.0],[122.2124,-1.6049,0.0],[122.2127,-1.606,0.0],[122.222,-1.6002,0.0],[122.2246,-1.5946,2.6874],[122.2439,-1.5741,7.3237],[122.2536,-1.5734,0.9141],[122.2684,-1.5596,0.0],[122.2787,-1.5567,0.0],[122.283,-1.5499,0.8017],[122.304,-1.5329,3.5604],[122.3236,-1.5231,0.0],[122.3348,-1.5214,1.6294],[122.3411,-1.5222,1.6813],[122.3487,-1.5189,0.0],[122.3591,-1.5172,1.7199],[122.369,-1.5103,0.0],[122.3714,-1.5062,0.0],[122.3922,-1.493,0.2802],[122.4107,-1.4655,1.35],[122.408,-1.4606,0.0],[122.4089,-1.4571,1.4375],[122.416,-1.4506,1.442],[122.4152,-1.4464,0.778],[122.4183,-1.4406,3.8579],[122.437,-1.4241,2.7695],[122.4574,-1.4111,2.8085],[122.4723,-1.4043,0.0],[122.4881,-1.3857,5.1722],[122.4897,-1.381,2.5802],[122.4884,-1.3718,0.6314],[122.4934,-1.3611,4.3613],[122.5081,-1.3476,5.6896],[122.5299,-1.3382,0.0],[122.5316,-1.3343,0.8669],[122.5416,-1.3262,9.8527],[122.54,-1.3239,8.8557],[122.5426,-1.3256,7.3466],[122.5517,-1.3152,3.3999],[122.56,-1.312,3.0241],[122.563,-1.3064,0.0],[122.5649,-1.2942,1.9419],[122.5684,-1.2923,3.0344],[122.5699,-1.2858,4.6073],[122.5672,-1.2756,0.0],[122.5613,-1.273,1.6576],[122.5593,-1.2708,1.4322],[122.5599,-1.2681,0.9716],[122.5686,-1.262,2.5887],[122.599,-1.2477,10.6422],[122.6202,-1.2414,0.0],[122.6331,-1.2354,0.0],[122.6356,-1.2207,2.8281],[122.6338,-1.2131,0.0],[122.6305,-1.2099,0.4484],[122.629,-1.2057,0.8483],[122.6293,-1.2016,2.861],[122.6338,-1.1979,10.2199],[122.6367,-1.1924,1.7875],[122.6369,-1.1789,0.0],[122.6319,-1.1874,41.9754],[122.6363,-1.1772,6.5647],[122.6351,-1.1651,66.1448],[122.6432,-1.1706,0.8477],[122.6618,-1.1645,3.2989],[122.6647,-1.1594,7.1519],[122.6632,-1.1514,2.2908],[122.6649,-1.1437,18.453],[122.6667,-1.1393,9.7033],[122.6692,-1.1377,8.4016],[122.6911,-1.1345,6.4479],[122.7081,-1.1384,1.1958],[122.7151,-1.1343,0.0],[122.7139,-1.1148,13.1396],[122.722,-1.102,0.0],[122.7284,-1.0864,0.0],[122.7352,-1.078,0.0],[122.7422,-1.074,4.12],[122.7499,-1.0621,1.4542],[122.7668,-1.0491,1.9586],[122.7984,-1.0035,20.3688],[122.7959,-0.9911,2.2705],[122.7876,-0.9821,24.0902],[122.7867,-0.9746,1.6598],[122.7893,-0.9678,1.9903],[122.7931,-0.9645,0.0],[122.7931,-0.9595,3.4064],[122.7993,-0.9528,0.0],[122.7993,-0.95009999999999994,0.0],[122.798,-0.9497,0.9352],[122.795,-0.9546,5.8453],[122.7908,-0.9555,0.2811],[122.7924,-0.9489,9.1308],[122.7965,-0.949,2.9614],[122.8017,-0.9422,2.4634],[122.8091,-0.9392,34.4607],[122.8094,-0.9369,72.1866],[122.8196,-0.9366,19.6987],[122.8229,-0.9322,106.733],[122.8305,-0.9288,91.9751],[122.8354,-0.9277,60.0702],[122.8397,-0.9291,37.5892],[122.852,-0.927,22.1303],[122.8572,-0.9257,5.7892],[122.8589,-0.9229,24.5815],[122.8597,-0.9248,0.7432],[122.8654,-0.9227,5.68],[122.8716,-0.9226,12.2539],[122.8771,-0.9252,0.0],[122.881,-0.9299,0.0],[122.8861,-0.93,0.4326],[122.8857,-0.9272,14.2096],[122.8864,-0.9299,0.4326],[122.8898,-0.9296,0.0],[122.8992,-0.9266,0.5428],[122.9057,-0.9203,9.413],[122.9286,-0.9171,48.0743],[122.9364,-0.9129,37.6425],[122.9521,-0.911,24.5814],[122.982,-0.9009,11.1639],[123.0011,-0.8996,0.3014],[123.0007,-0.8983,11.0031],[123.0036,-0.8976,16.782],[123.0056,-0.8936,0.0],[123.0075,-0.8941,5.836],[123.0065,-0.8997,0.0],[123.0076,-0.9011,1.3577],[123.0248,-0.9091,2.4849],[123.0413,-0.9082,3.8921],[123.0416,-0.9062,0.0],[123.0386,-0.902,0.0],[123.0288,-0.8967,0.0],[123.0279,-0.8944,17.1699],[123.0316,-0.8946,0.6421],[123.0265,-0.8871,3.8838],[123.0298,-0.8851,0.0],[123.0276,-0.8815,0.4727],[123.0296,-0.8806,9.809],[123.0327,-0.8835,4.4305],[123.0367,-0.8755,1.1293],[123.0427,-0.8718,0.35],[123.0431,-0.8741,0.0],[123.0379,-0.8785,10.094],[123.0386,-0.8869,19.1464],[123.0367,-0.8906,0.0],[123.0372,-0.8943,8.3603],[123.0415,-0.8973,7.5788],[123.0433,-0.8922,5.101],[123.0426,-0.8985,0.0],[123.0461,-0.8999,21.8992],[123.0527,-0.8997,7.0425],[123.0592,-0.8967,3.353],[123.0614,-0.8851,1.4079],[123.066,-0.8823,2.8075],[123.0708,-0.8835,1.8874],[123.0719,-0.8866,0.3159],[123.0737,-0.8856,1.1311],[123.0742,-0.8824,3.2862],[123.0737,-0.879,0.0],[123.0708,-0.877,0.0],[123.0681,-0.8775,0.0],[123.0658,-0.8801,2.2936],[123.0646,-0.8769,0.0],[123.06,-0.8769,8.197],[123.06,-0.8715,5.4179],[123.0628,-0.8681,0.0],[123.0649,-0.8697,0.0],[123.0657,-0.8677,0.0],[123.0699,-0.8667,0.0],[123.0684,-0.8638,9.8323],[123.0771,-0.8627,0.0],[123.0796,-0.8547,0.0],[123.0904,-0.8487,2.3358],[123.0957,-0.8385,0.0],[123.1002,-0.8355,3.984],[123.106,-0.8381,2.4316],[123.1136,-0.8459,0.0],[123.1197,-0.8482,5.4494],[123.1284,-0.8553,1.0989],[123.1359,-0.8704,0.0],[123.1414,-0.8767,3.8486],[123.15,-0.8829,4.628],[123.1511,-0.8856,4.3202],[123.1492,-0.888,5.7786],[123.1463,-0.8885,0.0],[123.1482,-0.8891,1.2988],[123.1461,-0.889,0.0],[123.1483,-0.8922,0.0],[123.147,-0.8942,0.0],[123.1478,-0.897,0.0],[123.153,-0.894,4.1347],[123.1534,-0.8998,7.3343],[123.1521,-0.901,0.0],[123.1458,-0.9015,0.0],[123.1437,-0.8957,0.0],[123.1339,-0.8994,0.0],[123.1359,-0.9059,1.7341],[123.141,-0.9109,5.8361],[123.1388,-0.9226,0.0],[123.1395,-0.9264,0.0],[123.1452,-0.9306,5.8984],[123.1481,-0.9371,0.0],[123.141,-0.9447,9.6439],[123.1405,-0.9503,8.4918],[123.1431,-0.9532,0.8193],[123.1474,-0.9553,3.1647],[123.1581,-0.9503,4.3187],[123.1678,-0.9539,5.2237],[123.1688,-0.9525,18.9304],[123.1677,-0.9543,5.2237],[123.1747,-0.9571,4.3626],[123.1869,-0.9683,4.1354],[123.1912,-0.9695,44.6272],[123.1927,-0.9719,30.788],[123.1934,-0.971,73.5098],[123.208,-0.9905,0.0],[123.2365,-1.0016,0.0],[123.2385,-1.0002,5.2362],[123.2364,-1.0017,0.0],[123.2433,-1.0081,0.0],[123.2457,-1.0084,5.8753],[123.2508,-1.0218,4.3187],[123.2494,-1.0226,0.0],[123.2574,-1.0362,2.0174],[123.2592,-1.0355,21.0654],[123.2575,-1.0364,0.0],[123.2651,-1.0424,22.6395],[123.2717,-1.0443,39.1586],[123.2797,-1.0434,2.4831],[123.2885,-1.0481,0.0],[123.311,-1.0509,13.7201],[123.3217,-1.0497,0.0],[123.331,-1.0463,2.8294],[123.3438,-1.0393,10.4249],[123.3465,-1.0373,6.8445],[123.346,-1.0358,45.1634],[123.3467,-1.0374,6.8445],[123.3535,-1.033,0.0],[123.375,-1.0066,6.7368],[123.3796,-0.9862,0.0],[123.3773,-0.976,0.0],[123.3814,-0.9668,28.2978],[123.3865,-0.9615,0.0],[123.3884,-0.9572,7.9806],[123.3958,-0.9549,1.5715],[123.3974,-0.953,1.6564],[123.3853,-0.9365,22.1385],[123.3836,-0.9313,2.4055],[123.3862,-0.9118,1.0807],[123.3889,-0.9067,7.1603],[123.3928,-0.9072,4.5263],[123.3946,-0.9057,0.0],[123.3917,-0.8975,0.0],[123.3916,-0.8902,4.247],[123.397,-0.8783,9.529],[123.3991,-0.8758,33.7957],[123.405,-0.8745,1.1436],[123.4046,-0.8683,0.0],[123.4066,-0.8614,3.1002],[123.4106,-0.8554,73.8497],[123.4188,-0.8492,25.0741],[123.4235,-0.849,14.8886],[123.4287,-0.8441,47.2931],[123.4345,-0.8432,11.0873],[123.4355,-0.8377,56.9726],[123.4439,-0.838,10.013],[123.4408,-0.8331,6.0812],[123.444,-0.8282,7.8869],[123.433,-0.82,0.0],[123.4325,-0.8211,3.6224],[123.4317,-0.8185,1.357],[123.4316,-0.8148,0.0],[123.4336,-0.8125,0.0],[123.4341,-0.7996,6.7213],[123.4413,-0.7911,0.0],[123.4418,-0.7849,0.8875],[123.4465,-0.7707,3.7274],[123.4516,-0.7678,42.3862],[123.4571,-0.7702,0.0],[123.4576,-0.7691,0.0],[123.452,-0.7629,0.0],[123.4522,-0.7589,0.0],[123.4461,-0.7527,16.1962],[123.4459,-0.7498,11.8924],[123.4445,-0.7498,50.8347],[123.446,-0.7497,11.8924],[123.4447,-0.7451,24.372],[123.4327,-0.7478,0.0],[123.4274,-0.7468,4.3154],[123.4266,-0.7446,1.0756],[123.4274,-0.7399,16.0875],[123.4329,-0.7371,0.0],[123.4358,-0.7331,10.1081],[123.4359,-0.7295,50.5341],[123.4382,-0.7281,7.6249],[123.4382,-0.7172,21.391],[123.4442,-0.7124,15.4748],[123.4439,-0.7105,0.0],[123.4412,-0.7076,0.0],[123.4387,-0.7086,9.1277],[123.4353,-0.7077,0.0],[123.4318,-0.7096,2.4776],[123.4287,-0.7155,14.9809],[123.4261,-0.7157,0.0],[123.4228,-0.7189,0.0],[123.4177,-0.7141,84.1167],[123.4205,-0.7142,0.0],[123.419,-0.7091,0.0],[123.4155,-0.7074,1.1651],[123.4132,-0.7038,0.0],[123.4043,-0.699,0.0],[123.4017,-0.6935,1.6709],[123.3961,-0.6966,16.8829],[123.4015,-0.6934,1.6709],[123.3963,-0.6925,0.0],[123.3945,-0.6861,0.0],[123.3904,-0.6795,3.9899],[123.3872,-0.6811,8.3635],[123.3934,-0.6762,6.4239],[123.3924,-0.6691,0.0],[123.3871,-0.6743,1.9482],[123.3869,-0.6725,0.0],[123.3848,-0.6729,4.2108],[123.3842,-0.6719,4.2108],[123.3862,-0.6715,0.0],[123.3858,-0.6694,0.0],[123.3807,-0.6702,8.5552],[123.3809,-0.6675,8.0589],[123.3843,-0.6686,3.979],[123.3852,-0.6652,2.1264],[123.3815,-0.6628,31.5527],[123.4059,-0.6554,45.8486],[123.4112,-0.6552,22.3476],[123.4075,-0.6505,1.4135],[123.4005,-0.6486,1.0763],[123.3945,-0.6418,0.0],[123.3885,-0.6455,1.7566],[123.3822,-0.6446,1.2949],[123.3793,-0.6421,0.0],[123.3796,-0.6373,0.0],[123.3759,-0.6394,0.0],[123.3726,-0.6362,0.0],[123.354,-0.6311,0.3903],[123.3494,-0.6249,4.5988],[123.325,-0.6148,0.7676],[123.3178,-0.6101,0.0],[123.3118,-0.6114,4.4961],[123.3086,-0.6103,3.0168],[123.2685,-0.5824,0.0],[123.2628,-0.5803,1.9809],[123.2627,-0.5884,10.6394],[123.2627,-0.58,1.9809],[123.2588,-0.5791,0.964],[123.2527,-0.582,2.0471],[123.2448,-0.583,1.9713],[123.2346,-0.5823,1.5693],[123.2201,-0.5786,0.6211],[123.2029,-0.5697,1.2148],[123.198,-0.5691,0.0],[123.1946,-0.5694,0.0],[123.1895,-0.5741,0.0],[123.1742,-0.5829,0.0],[123.1636,-0.5837,1.2498],[123.1499,-0.5768,1.278],[123.1505,-0.5783,3.642],[123.1494,-0.5762,0.0],[123.1443,-0.5748,2.9326],[123.1374,-0.576,0.0],[123.1259,-0.5728,0.0],[123.125,-0.5807,10.7671],[123.1258,-0.5729,0.0],[123.1151,-0.57,0.4854],[123.0993,-0.5744,0.0],[123.0976,-0.5767,2.8286],[123.0897,-0.5769,3.4814],[123.0867,-0.5754,0.0],[123.0892,-0.5728,0.0],[123.0872,-0.5714,0.0],[123.0833,-0.5701,0.0],[123.0779,-0.5714,7.2453],[123.064,-0.5654,2.956],[123.057,-0.5643,0.8993],[123.0501,-0.5686,1.7943],[123.0498,-0.5742,0.0],[123.0532,-0.5783,6.6934],[123.0487,-0.5872,2.7178],[123.0516,-0.5906,4.8046],[123.0485,-0.5876,2.7178],[123.0425,-0.5948,5.7],[123.0337,-0.5963,4.6933],[123.0311,-0.5986,2.6077],[123.0312,-0.6052,3.1616],[123.0309,-0.5986,2.6077],[123.0289,-0.5988,2.585],[123.0258,-0.5958,0.0],[123.0227,-0.5984,2.6102],[123.0124,-0.6011,0.0],[123.0125,-0.605,3.8545],[123.0063,-0.612,3.3444],[122.9986,-0.6171,5.8269],[122.9938,-0.6169,0.0],[122.9894,-0.6233,7.9206],[122.9868,-0.6208,1.7969],[122.9864,-0.6164,0.0],[122.982,-0.6202,9.9649],[122.9817,-0.6181,6.8364],[122.9681,-0.6189,1.3032],[122.9624,-0.6262,0.0],[122.9619,-0.6328,2.6281],[122.9564,-0.6336,0.6267],[122.9573,-0.6441,4.5238],[122.9527,-0.6442,1.1882],[122.9517,-0.6378,0.0],[122.9465,-0.6376,2.0005],[122.9478,-0.6334,0.5511],[122.9452,-0.6307,2.0336],[122.9459,-0.6265,0.8071],[122.9427,-0.6256,0.5214],[122.94,-0.6272,0.0],[122.9426,-0.6231,5.3958],[122.9541,-0.6179,0.0],[122.9405,-0.6212,0.0],[122.9281,-0.6183,5.9839],[122.9243,-0.6205,1.3228],[122.9234,-0.6259,3.1251],[122.9203,-0.6264,7.1569],[122.905,-0.6256,0.8642],[122.8945,-0.6229,6.3917],[122.8968,-0.6269,3.5051],[122.894,-0.6341,2.2154],[122.8816,-0.6385,4.1853],[122.8791,-0.6385,2.3045],[122.8746,-0.6351,13.0185],[122.8736,-0.6292,0.0],[122.8675,-0.6283,5.363],[122.8645,-0.6254,7.1262],[122.8652,-0.6218,1.6407],[122.8633,-0.6217,18.7604],[122.8613,-0.6225,5.8905],[122.8599,-0.6278,11.5457],[122.8599,-0.6261,1.6998],[122.852,-0.6288,10.3549],[122.852,-0.6318,1.6418],[122.8473,-0.6395,0.0],[122.842,-0.6415,2.0451],[122.8341,-0.6408,0.3988],[122.8331,-0.6362,1.3324],[122.8272,-0.6342,0.0],[122.8185,-0.6386,3.0216],[122.8174,-0.6378,9.0445],[122.8181,-0.6353,3.2923],[122.8207,-0.6343,6.1439],[122.8229,-0.6298,26.9162],[122.8074,-0.6341,5.1556],[122.8019,-0.641,1.7227],[122.8027,-0.6472,0.0],[122.8005,-0.6516,5.0464],[122.7966,-0.6548,0.0],[122.793,-0.6608,4.0374],[122.786,-0.6645,0.0],[122.7814,-0.6695,0.5616],[122.769,-0.6691,7.7348],[122.7627,-0.6643,1.4278],[122.7574,-0.6635,5.1136],[122.7432,-0.6643,0.0],[122.7393,-0.6613,0.0],[122.7327,-0.663,16.9923],[122.7258,-0.6608,0.0],[122.7251,-0.6625,18.8481],[122.7245,-0.6646,0.0],[122.7272,-0.6663,33.7271],[122.7319,-0.6761,1.198],[122.7375,-0.6757,4.3608],[122.7476,-0.6789,9.1186],[122.7497,-0.6837,1.7344],[122.7643,-0.6928,3.4949],[122.7666,-0.6952,3.1892],[122.7661,-0.6978,3.1878],[122.7782,-0.701,4.0662],[122.7816,-0.7049,0.0],[122.7828,-0.7049,0.0],[122.7839,-0.7014,0.0],[122.7866,-0.7036,6.4153],[122.8042,-0.7083,1.9726],[122.8153,-0.7035,64.8468],[122.8193,-0.7034,0.0],[122.8282,-0.7054,15.0282],[122.833,-0.7096,0.0],[122.8484,-0.7092,35.0598],[122.8499,-0.713,0.0],[122.8694,-0.7111,49.5977],[122.8717,-0.7162,48.1369],[122.8801,-0.7172,38.0231],[122.8871,-0.722,12.6726],[122.889,-0.7317,0.0],[122.8937,-0.7386,0.0],[122.8951,-0.7347,1.0986],[122.8959,-0.7379,3.586],[122.8975,-0.7379,3.586],[122.8981,-0.7362,13.7901],[122.9013,-0.7363,0.0],[122.902,-0.7341,17.5872],[122.9055,-0.734,27.1734],[122.908,-0.7387,12.1833],[122.9362,-0.7364,3.6753],[122.9387,-0.7372,5.2184],[122.9424,-0.7415,2.2241],[122.9446,-0.741,9.5056],[122.9475,-0.736,7.9449],[122.9503,-0.7356,18.9147],[122.952,-0.7408,0.0],[122.9575,-0.7409,13.7482],[122.9622,-0.7431,1.0287],[122.9656,-0.7514,19.0067],[122.9616,-0.7511,0.0],[122.9612,-0.7542,0.0],[122.9454,-0.7533,1.0879],[122.9421,-0.7511,0.0],[122.9364,-0.7518,0.1915],[122.9316,-0.755,19.7754],[122.9292,-0.7623,36.7147],[122.9248,-0.759,0.0],[122.9229,-0.7612,0.0],[122.9235,-0.7634,42.229],[122.9176,-0.7661,13.145],[122.904,-0.7687,108.6122],[122.8901,-0.7685,30.131],[122.8787,-0.7711,14.7824],[122.8772,-0.7743,47.9456],[122.8706,-0.7756,55.6057],[122.8677,-0.7741,12.6574],[122.8632,-0.7761,13.4683],[122.857,-0.7677,0.5564],[122.8509,-0.7666,9.5985],[122.8454,-0.7703,11.9436],[122.8442,-0.7698,11.9436],[122.8378,-0.7769,7.5348],[122.8349,-0.7761,1.6],[122.8284,-0.7798,72.8099],[122.8258,-0.7791,36.1968],[122.8217,-0.7809,74.9609],[122.8194,-0.7788,32.2978],[122.815,-0.7805,19.064],[122.8122,-0.7788,10.5957],[122.8064,-0.7788,10.9367],[122.8034,-0.781,15.0825],[122.8012,-0.7807,13.2888],[122.7978,-0.7768,29.2892],[122.7907,-0.776,3.1381],[122.7827,-0.7809,97.2535],[122.7757,-0.7829,14.8289],[122.7505,-0.8018,9.6084],[122.7427,-0.8039,0.0],[122.728,-0.8127,2.5945],[122.7015,-0.809,0.0],[122.6856,-0.8103,2.2421],[122.6848,-0.8065,0.9303],[122.6817,-0.8056,0.6282],[122.68,-0.803,1.2124],[122.6665,-0.8001,3.1499],[122.6498,-0.79,0.0],[122.6556,-0.7892,1.5422],[122.6402,-0.7772,3.3437],[122.6343,-0.7698,0.0],[122.6331,-0.769,0.0],[122.6316,-0.7721,0.0],[122.6307,-0.7694,0.0],[122.6264,-0.7689,3.9156],[122.6279,-0.7669,7.0259],[122.6358,-0.7683,0.0],[122.6373,-0.766,0.0],[122.6314,-0.7649,9.5908],[122.6306,-0.7636,0.5273],[122.6198,-0.7652,16.4489],[122.615,-0.7615,8.9612],[122.5993,-0.7732,0.0],[122.5895,-0.774,0.0],[122.5856,-0.7809,0.0],[122.5805,-0.7837,1.3379],[122.5662,-0.7826,0.0],[122.56,-0.7796,0.0],[122.5561,-0.7811,0.0],[122.5519,-0.7798,0.0],[122.5469,-0.7822,1.2437],[122.5403,-0.78,0.0],[122.5343,-0.7825,2.556],[122.5316,-0.7809,0.0],[122.529,-0.7817,0.0],[122.5248,-0.786,11.2286],[122.5224,-0.7843,2.3875],[122.5215,-0.7775,0.8478],[122.5097,-0.7669,1.4216],[122.508,-0.7687,0.0],[122.5001,-0.7706,0.3514],[122.4901,-0.7695,0.6553],[122.4853,-0.7667,0.0],[122.4827,-0.7675,0.0],[122.4692,-0.7599,0.0],[122.4658,-0.7617,1.318],[122.4589,-0.7587,0.0],[122.4385,-0.7655,0.0],[122.4287,-0.7762,0.0],[122.4141,-0.7833,10.5943],[122.4063,-0.7817,0.0],[122.4016,-0.7837,6.6068],[122.388,-0.7812,0.0],[122.3832,-0.7845,1.8435],[122.3698,-0.7787,14.1638],[122.364,-0.7786,7.6045],[122.3603,-0.776,0.0],[122.3503,-0.7822,0.0],[122.344,-0.7837,0.0],[122.3388,-0.7813,93.0614],[122.3353,-0.777,0.0],[122.3306,-0.7771,0.0],[122.3222,-0.7837,0.0],[122.3163,-0.7862,0.0],[122.3104,-0.7926,0.0],[122.3027,-0.7939,12.6796],[122.2987,-0.7882,0.0],[122.2939,-0.7878,0.0],[122.2906,-0.7905,0.0],[122.2869,-0.79,16.3386],[122.2834,-0.7862,0.0],[122.2729,-0.7882,0.0],[122.264,-0.7857,0.0],[122.2542,-0.7897,14.8073],[122.2415,-0.7865,0.0],[122.235,-0.787,7.1679],[122.2277,-0.7851,0.0],[122.2221,-0.7874,0.0],[122.2202,-0.7898,0.0],[122.2117,-0.7922,0.0],[122.1997,-0.7876,0.0],[122.2,-0.7907,0.0],[122.1949,-0.7948,0.0],[122.1949,-0.7995,0.0],[122.1867,-0.8119,0.0],[122.17529999999999,-0.8078,0.0],[122.1646,-0.8139,0.0],[122.1585,-0.8141,0.0],[122.1549,-0.8299,0.0],[122.1571,-0.8328,0.8829],[122.1631,-0.835,5.1042],[122.1657,-0.838,0.0],[122.1616,-0.8466,0.0],[122.1523,-0.852,0.0],[122.1466,-0.8596,0.0],[122.1476,-0.8704,0.0],[122.1445,-0.8747,0.0],[122.1481,-0.8922,0.0],[122.1454,-0.9046,0.0],[122.1351,-0.9207,0.0],[122.1293,-0.9248,0.0],[122.1281,-0.9285,0.0],[122.1192,-0.9394,0.0],[122.1141,-0.9422,0.0],[122.1073,-0.9491,0.0],[122.0929,-0.9547,0.0],[122.0905,-0.9514,0.0],[122.0877,-0.9514,0.0],[122.0764,-0.9438,0.0],[122.064,-0.9457,0.0],[122.0581,-0.9405,0.0],[122.0515,-0.9434,0.0],[122.0424,-0.9391,0.0],[122.0374,-0.9411,0.0],[122.0274,-0.9356,0.0],[122.0254,-0.9321,0.0],[122.0237,-0.9317,0.0],[122.0191,-0.9316,0.0],[122.0128,-0.9363,1.2334],[122.0052,-0.933,0.0],[121.9946,-0.9432,0.0],[121.9886,-0.9425,0.0],[121.986,-0.9465,0.0],[121.9873,-0.9506,0.0],[121.9837,-0.9581,0.0],[121.9798,-0.9599,0.0],[121.977,-0.966,0.0],[121.9729,-0.9675,0.0],[121.9701,-0.9706,0.0],[121.9629,-0.9724,0.0],[121.9565,-0.9824,0.0],[121.9424,-0.9887,0.0],[121.9362,-0.9864,0.0],[121.9288,-0.9872,0.0],[121.9232,-0.9856,0.0],[121.9102,-0.989,0.0],[121.9005,-0.9787,0.0],[121.8945,-0.9746,0.0],[121.8871,-0.9745,0.0],[121.8848,-0.9729,0.0],[121.8818,-0.9745,0.0],[121.8786,-0.9739,0.0],[121.8702,-0.9692,0.0],[121.8662,-0.9696,0.0],[121.8637,-0.9668,0.0],[121.8517,-0.9694,0.0],[121.8489,-0.9686,0.0],[121.8518,-0.9615,0.0],[121.8475,-0.963,0.0],[121.8344,-0.9617,0.0],[121.835,-0.9681,5.2023],[121.8337,-0.9682,4.8224],[121.8268,-0.9645,0.0],[121.8254,-0.9596,3.171],[121.8218,-0.9565,0.0],[121.8134,-0.9566,2.3746],[121.8072,-0.9635,11.6648],[121.7933,-0.9604,2.0571],[121.7781,-0.9706,2.8173],[121.7609,-0.9711,1.3548],[121.7537,-0.965,1.6648],[121.746,-0.9637,3.905],[121.7366,-0.9593,21.679],[121.7298,-0.952,1.6449],[121.7259,-0.9534,16.4557],[121.7207,-0.9516,2.8993],[121.7188,-0.9531,12.3433],[121.7099,-0.9495,12.2813],[121.7087,-0.9471,9.5953],[121.7118,-0.9421,2.0857],[121.7111,-0.9407,0.0],[121.7015,-0.9321,3.7348],[121.6974,-0.9316,12.093],[121.6963,-0.9261,0.0],[121.6932,-0.926,9.0074],[121.6898,-0.9237,4.3041],[121.6836,-0.9259,7.5423],[121.6798,-0.9211,0.0],[121.6681,-0.9223,2.0375],[121.6659,-0.9208,9.7822],[121.6644,-0.9154,7.1869],[121.656,-0.9118,16.4813],[121.6573,-0.8854,5.7495],[121.662,-0.8808,3.5107],[121.6607,-0.8777,8.4511],[121.6646,-0.8679,9.1168],[121.6636,-0.8651,9.8207],[121.669,-0.8577,7.1239],[121.6682,-0.8541,0.0],[121.6658,-0.8526,17.4586],[121.6629,-0.8471,62.5955],[121.6652,-0.8385,16.9713],[121.6642,-0.8179,26.0019],[121.6624,-0.8112,7.4167],[121.657,-0.808,16.8789],[121.6541,-0.8021,4.2569],[121.6459,-0.8063,48.0339],[121.6336,-0.8071,15.9938],[121.6204,-0.8149,54.3306],[121.617,-0.8154,6.3716],[121.6075,-0.8268,88.1624],[121.5969,-0.8252,0.0],[121.5896,-0.8362,2.9779],[121.5924,-0.8346,0.0],[121.5962,-0.8351,7.7202],[121.5935,-0.8375,6.4304],[121.5971,-0.8383,0.0],[121.5949,-0.8418,0.0],[121.596,-0.8429,5.1312],[121.6002,-0.8441,0.7993],[121.6002,-0.8441,0.7993],[121.6003,-0.8441,0.7993],[121.60027777777778,-0.844122222222224,0.7993],[121.6009,-0.8443,0.7993],[121.6012,-0.8506,0.0],[121.5977,-0.8574,8.614],[121.5888,-0.866,1.1279],[121.5839,-0.8676,1.9464],[121.5783,-0.8659,0.0],[121.5715,-0.8676,2.1899],[121.5614,-0.867,0.9711],[121.5514,-0.8744,1.5518],[121.5385,-0.8732,12.9363],[121.5223,-0.8851,14.8392],[121.5095,-0.8851,8.6602],[121.5075,-0.8882,30.263],[121.5053,-0.8862,0.0],[121.5014,-0.8874,7.233],[121.4946,-0.893,14.6051],[121.4945,-0.8965,21.4698],[121.4917,-0.8996,18.2516],[121.4798,-0.9001,0.0],[121.4806,-0.9039,7.3637],[121.477,-0.9038,9.0763],[121.4737,-0.9101,0.0],[121.4737,-0.9175,0.0],[121.4715,-0.9204,0.0],[121.4716,-0.925,0.0],[121.4685,-0.9297,26.3805],[121.4671,-0.9375,11.154],[121.4576,-0.9454,46.2971],[121.46,-0.95009999999999994,9.4076],[121.4596,-0.9565,8.0347],[121.4493,-0.9731,10.4936],[121.4438,-0.9783,3.6491],[121.4137,-0.9923,0.0],[121.4083,-0.9963,0.586],[121.4094,-0.9989,0.0],[121.4076,-0.997,0.0],[121.4062,-0.9989,0.0],[121.4039,-0.9987,0.0],[121.3963,-1.005,9.5811],[121.4,-1.0106,9.5944],[121.3977,-1.0155,10.485],[121.3994,-1.0192,4.0863],[121.3959,-1.0229,2.4493],[121.3923,-1.035,15.1289],[121.3872,-1.0385,5.8808],[121.3794,-1.0346,0.0],[121.3717,-1.0405,10.9205],[121.3671,-1.0414,19.6813],[121.3365,-1.0646,22.0622],[121.3284,-1.0793,5.7698],[121.3147,-1.0948,1.8259],[121.3081,-1.0984,26.6243],[121.3027,-1.1059,0.0],[121.3015,-1.1119,30.1926],[121.2952,-1.116,0.0],[121.2945,-1.121,1.0412],[121.2965,-1.124,3.3039],[121.295,-1.1326,19.4995],[121.2883,-1.137,0.0],[121.2837,-1.1429,1.9377],[121.286,-1.1465,14.5756],[121.2823,-1.1481,4.9196],[121.2822,-1.1541,9.4141],[121.2796,-1.1588,2.2288],[121.2717,-1.1648,39.5329],[121.2645,-1.1643,4.5086],[121.2622,-1.169,25.5982],[121.2545,-1.1748,5.3085],[121.2542,-1.1778,13.3071],[121.2499,-1.1838,12.3713],[121.2487,-1.1901,46.4441],[121.2459,-1.193,78.579],[121.2397,-1.1921,0.0],[121.2362,-1.1944,0.0],[121.2325,-1.1928,0.0],[121.2326,-1.1953,15.9095],[121.2303,-1.1966,11.5138],[121.2293,-1.1999,13.4981],[121.225,-1.2031,10.338],[121.2227,-1.2025,0.0],[121.2208,-1.2089,16.2196],[121.2243,-1.2132,12.1026],[121.2232,-1.2168,29.3479],[121.2204,-1.2171,0.0],[121.2166,-1.2205,13.2044],[121.2168,-1.2234,21.5235],[121.2118,-1.2321,3.6801],[121.2055,-1.2346,0.0],[121.2042,-1.2366,0.0],[121.2043,-1.2456,0.0],[121.2061,-1.2457,0.0],[121.2056,-1.2533,0.0],[121.2085,-1.2615,8.7647],[121.1986,-1.2668,7.6107],[121.1943,-1.2719,6.7479],[121.1957,-1.2819,1.4439],[121.1928,-1.2873,0.0],[121.1948,-1.2911,17.6209],[121.1945,-1.2946,20.2682],[121.1886,-1.299,3.033],[121.1881,-1.3042,12.2434],[121.1845,-1.306,0.0],[121.1814,-1.3191,0.0],[121.182,-1.3255,8.2113],[121.1798,-1.3292,8.8691],[121.1739,-1.3324,0.0],[121.1681,-1.3383,7.5086],[121.1664,-1.3439,0.0],[121.1614,-1.3486,9.9451],[121.1636,-1.357,2.4226],[121.1635,-1.3672,5.2257999999999996],[121.1575,-1.3666,4.6116],[121.1518,-1.3722,8.1063],[121.1413,-1.3779,0.0],[121.1364,-1.3832,1.1035],[121.1323,-1.3931,0.5],[121.1329,-1.4015,85.923],[121.1301,-1.4061,36.1229],[121.1253,-1.4086,1.057],[121.125,-1.4156,13.9667],[121.1124,-1.429,0.0],[121.1041,-1.4318,2.1469],[121.1034,-1.4352,6.5381],[121.1009,-1.4376,0.5625],[121.0979,-1.4364,0.0],[121.0886,-1.4401,3.522],[121.0875,-1.4387,0.0],[121.0826,-1.4388,0.0],[121.078,-1.4356,0.0],[121.0725,-1.4354,0.0],[121.061,-1.4402,0.0],[121.0478,-1.432,0.0],[121.0391,-1.4339,0.0],[121.0385,-1.4209,0.0],[121.0415,-1.4173,0.0],[121.0397,-1.4128,0.0],[121.0354,-1.4175,0.0],[121.0321,-1.4187,1.7485],[121.0175,-1.4197,3.3626],[121.0008,-1.4134,0.0],[120.9934,-1.4056,0.0],[120.9819,-1.3991,0.0],[120.9647,-1.4116,4.343],[120.95,-1.4149,2.9051],[120.9304,-1.4129,0.0],[120.9312,-1.4144,3.7782],[120.9296,-1.4131,2.7887],[120.9132,-1.4172,1.7761],[120.8893,-1.4107,0.0],[120.8905,-1.4133,7.0874],[120.8852,-1.4138,13.7135],[120.8831,-1.4099,0.0],[120.8777,-1.4117,8.0211],[120.873,-1.4111,0.0],[120.866,-1.4138,11.2307],[120.8589,-1.4121,12.7871],[120.8532,-1.4072,0.0],[120.8486,-1.407,14.1654],[120.8425,-1.4029,5.0224],[120.8375,-1.3956,12.7919],[120.839,-1.3865,11.8414],[120.8362,-1.3691,83.1615],[120.8403,-1.3673,19.7578],[120.8403,-1.3581,32.3898],[120.8368,-1.3558,0.0],[120.8319,-1.3569,30.7763],[120.8192,-1.3534,0.0],[120.8146,-1.3559,0.0],[120.8095,-1.3562,0.0],[120.8071,-1.3551,14.0119],[120.8071,-1.3513,0.0],[120.8049,-1.3521,0.0],[120.8022,-1.3505,0.0],[120.8002,-1.3558,0.0],[120.7944,-1.3545,0.0],[120.7953,-1.3579,0.0],[120.7894,-1.358,0.0],[120.7901,-1.3617,0.0],[120.7882,-1.3642,0.0],[120.7884,-1.3676,0.0],[120.7847,-1.3721,0.0],[120.7816,-1.372,3.843],[120.775,-1.3683,0.0],[120.7684,-1.3685,22.29],[120.7627,-1.365,0.0],[120.7589,-1.3684,0.0],[120.7575,-1.3713,0.0],[120.7584,-1.3749,0.0],[120.753,-1.3807,0.0],[120.753,-1.3847,0.0],[120.7481,-1.3893,5.4538],[120.7402,-1.3854,19.8828],[120.7383,-1.3811,0.0],[120.7278,-1.3839,0.0],[120.721,-1.388,0.0],[120.7181,-1.3933,0.0],[120.7114,-1.3961,0.0],[120.7119,-1.4032,13.5053],[120.7071,-1.3989,0.0],[120.7042,-1.3999,0.0],[120.7004,-1.4062,0.0],[120.6994,-1.4121,0.0],[120.6942,-1.4162,3.1932],[120.6934,-1.4194,0.0],[120.6855,-1.4191,5.7701],[120.6754,-1.415,0.8017],[120.6725,-1.4051,4.328],[120.6729,-1.3972,4.6792],[120.6672,-1.3921,0.0],[120.6646,-1.3939,2.7176],[120.6654,-1.3835,1.5208],[120.6618,-1.3818,0.9405],[120.6611,-1.3837,3.2302],[120.6608,-1.3807,0.4471],[120.6586,-1.3814,2.3458],[120.6594,-1.3795,0.0],[120.6576,-1.3792,1.5336],[120.6562,-1.3757,1.4901],[120.6459,-1.3692,5.3392],[120.6432,-1.3635,1.0476],[120.6428,-1.3608,0.0],[120.6476,-1.3535,2.7445],[120.6462,-1.3493,5.8719],[120.6473,-1.3341,2.8946],[120.6467,-1.3296,2.5319],[120.6413,-1.321,0.0],[120.6404,-1.3136,0.0],[120.6377,-1.3116,6.1576],[120.6382,-1.3082,1.4931],[120.6339,-1.307,3.8976],[120.6291,-1.3024,4.0057],[120.6292,-1.3003,1.2495],[120.6237,-1.2999,7.6544],[120.6223,-1.2948,3.1009],[120.6122,-1.2849,3.6763],[120.6062,-1.2838,1.739],[120.5972,-1.27,0.0],[120.5946,-1.2697,4.512],[120.5904,-1.265,2.865],[120.5881,-1.2663,2.8149],[120.5888,-1.2644,0.6395],[120.5868,-1.2651,3.7305],[120.5786,-1.2579,0.0],[120.5735,-1.2581,3.824],[120.5712,-1.2562,0.0],[120.5716,-1.2503,0.0],[120.5694,-1.2469,12.0357],[120.5704,-1.2419,0.0],[120.568,-1.2388,17.335],[120.5677,-1.2344,1.1133],[120.565,-1.2321,2.4607],[120.5674,-1.2292,4.5285],[120.5665,-1.2262,1.8796],[120.5708,-1.2195,0.0],[120.572,-1.2123,1.6256],[120.5696,-1.208,5.0538],[120.5723,-1.205,1.2478],[120.5714,-1.1991,0.9023],[120.5758,-1.1986,1.8588],[120.5774,-1.1944,1.379],[120.58,-1.1926,1.5297],[120.5838,-1.1946,0.0],[120.5857,-1.1878,2.0382],[120.5837,-1.1859,7.3758],[120.5868,-1.1864,2.0382],[120.5885,-1.1811,0.7234],[120.5875,-1.1809,0.7234],[120.5915,-1.178,0.0],[120.5931,-1.1683,0.0],[120.591,-1.164,1.4552],[120.5932,-1.1607,0.0],[120.5932,-1.1561,0.0],[120.5913,-1.1534,0.0],[120.5931,-1.1526,0.0],[120.593,-1.1487,2.2066],[120.5887,-1.1452,1.4977],[120.5885,-1.1414,3.5999],[120.5853,-1.1382,1.7446],[120.5852,-1.1355,0.0],[120.5816,-1.1338,1.8703],[120.5832,-1.1318,0.0],[120.5813,-1.1308,0.0],[120.5818,-1.1249,0.6119],[120.5878,-1.1245,1.0056],[120.5872,-1.1204,0.8935],[120.5831,-1.1182,0.8211],[120.5864,-1.114,3.3702],[120.586,-1.1119,3.5176],[120.5813,-1.1094,0.0],[120.5822,-1.108,0.0],[120.5797,-1.1015,0.0],[120.5665,-1.0966,2.9932],[120.5658,-1.0938,2.5014],[120.56,-1.0923,9.208],[120.561,-1.0895,1.9878],[120.5569,-1.0853,1.9118],[120.5582,-1.0824,0.0],[120.5559,-1.077,3.1274],[120.5523,-1.0734,4.1033],[120.5501,-1.0733,2.3818],[120.5505,-1.07,5.1533],[120.5468,-1.0647,1.061],[120.5442,-1.065,1.516],[120.5443,-1.0629,0.0],[120.5437,-1.064,0.0],[120.5401,-1.0614,2.7584],[120.5399,-1.0547,0.0],[120.534,-1.0527,2.1946],[120.5296,-1.0471,0.0],[120.5289,-1.0443,0.4505],[120.5307,-1.0408,1.524],[120.5327,-1.0412,2.7996],[120.5314,-1.0436,1.7513],[120.5329,-1.0446,0.0],[120.534,-1.0432,1.6678],[120.5316,-1.0337,0.0],[120.5241,-1.0217,1.0326],[120.5167,-1.0159,0.1622],[120.509,-0.9984,0.0],[120.5078,-0.997,2.1798],[120.4918,-0.9953,2.301],[120.4869,-0.9897,5.9601],[120.4861,-0.9915,7.3821],[120.4848,-0.9896,2.4151],[120.4809,-0.9923,2.425],[120.4724,-0.9906,0.0],[120.4718,-0.9925,1.8696],[120.4739,-0.9923,8.7967],[120.4726,-0.9955,5.8538],[120.467,-0.9912,0.0],[120.4649,-0.9935,3.506],[120.4609,-0.9936,5.4578],[120.4598,-0.989,2.9835],[120.4565,-0.9866,11.1565],[120.4542,-0.9818,1.9672],[120.4435,-0.9727,2.0547],[120.4423,-0.9693,0.0],[120.44,-0.9693,0.423],[120.4347,-0.9646,0.4028],[120.4297,-0.9396,4.0621],[120.4271,-0.9388,1.0825],[120.4207,-0.9304,0.0],[120.4119,-0.9243,0.0],[120.4067,-0.923,1.0943],[120.4004,-0.9258,0.4892],[120.3972,-0.9241,0.0],[120.3956,-0.9269,0.6251],[120.3946,-0.9248,1.6737],[120.3809,-0.9285,2.1512],[120.3718,-0.9277,0.0],[120.3698,-0.9304,4.3109],[120.3706,-0.9323,3.5652],[120.3687,-0.9336,0.0],[120.3699,-0.9368,2.1943],[120.3646,-0.9356,0.0],[120.3609,-0.9411,1.2073],[120.358,-0.9417,1.3595],[120.3583,-0.9432,0.8796],[120.353,-0.9418,1.4904],[120.3508,-0.9454,1.3436],[120.3517,-0.9461,1.3436],[120.3508,-0.9461,1.3436],[120.3494,-0.9451,0.0],[120.352,-0.9529,0.0],[120.3506,-0.9526,0.0],[120.3482,-0.9554,1.0899],[120.3437,-0.9531,0.0],[120.3373,-0.9532,0.2296],[120.3335,-0.9502,0.0],[120.3266,-0.9564,0.0],[120.3223,-0.9569,0.0],[120.3223,-0.9559,0.0],[120.3191,-0.9573,0.0],[120.3149,-0.9621,0.0],[120.3104,-0.9633,0.0],[120.3097,-0.9648,0.8755],[120.3031,-0.9537,0.0],[120.2977,-0.9492,1.1727],[120.2965,-0.9452,0.0],[120.2877,-0.9395,0.0],[120.2883,-0.9306,0.0],[120.283,-0.9213,0.0],[120.2814,-0.9212,0.0],[120.2784,-0.9126,0.0],[120.2649,-0.9018,0.0],[120.2477,-0.8919,0.7309],[120.2442,-0.8875,1.9705],[120.2422,-0.8804,2.6216],[120.2431,-0.8768,0.0],[120.2375,-0.8724,2.0522],[120.2317,-0.86,0.0],[120.2247,-0.8521,0.8874],[120.2232,-0.8482,0.0],[120.2197,-0.8461,1.52],[120.215,-0.8459,0.8647],[120.2145,-0.8473,2.4834],[120.2095,-0.8479,0.3806],[120.2045,-0.8522,7.4861],[120.1984,-0.8487,2.5452],[120.1988,-0.8473,0.7672],[120.1937,-0.8413,6.158],[120.1883,-0.8383,0.844],[120.1785,-0.806,0.0],[120.1742,-0.7974,0.5969],[120.1646,-0.7881,5.232],[120.1483,-0.7789,5.8535],[120.1412,-0.7725,0.0],[120.1397,-0.7728,0.0],[120.1375,-0.7778,2.027],[120.1326,-0.774,0.0],[120.1321,-0.7672,0.0],[120.1302,-0.7639,0.0],[120.131,-0.7587,0.7947],[120.1171,-0.7436,2.3972],[120.1093,-0.7377,6.5842],[120.11,-0.735,0.0],[120.1077,-0.73,0.0],[120.1066,-0.7188,0.0],[120.1023,-0.7058,0.0],[120.0947,-0.7013,8.9025],[120.0843,-0.6882,2.5136],[120.0824,-0.6783,3.7599],[120.0754,-0.6693,0.0],[120.076,-0.6667,4.2217],[120.072,-0.6542,0.0],[120.0697,-0.653,14.4478],[120.0649,-0.6456,0.0],[120.0656,-0.6413,0.0],[120.0602,-0.6324,0.0],[120.0597,-0.6299,2.8591],[120.0624,-0.6269,0.0],[120.063,-0.6191,0.0],[120.061,-0.61,3.6661],[120.0618,-0.6058,5.5874],[120.0575,-0.5966,2.2191],[120.0589,-0.5936,0.0],[120.0553,-0.578,2.5247],[120.0565,-0.5721,0.0],[120.0515,-0.5653,10.0192],[120.0534,-0.5515,9.2814],[120.0509,-0.5462,4.3466],[120.0516,-0.5394,1.5631],[120.0485,-0.5356,0.0],[120.0474,-0.5313,4.3273],[120.0501,-0.5273,0.0],[120.0524,-0.5173,3.8131],[120.0449,-0.517,20.8366],[120.0519,-0.517,3.8131],[120.0535,-0.5124,5.0859],[120.0499,-0.5042,0.0],[120.0494,-0.4929,5.3814],[120.0551,-0.4809,5.2586],[120.0658,-0.4707,0.0],[120.0667,-0.4647,0.0],[120.0706,-0.4601,0.0],[120.0723,-0.4416,1.9723],[120.0685,-0.4357,1.1928],[120.0706,-0.4323,0.0],[120.0657,-0.4305,3.3556],[120.0661,-0.4218,2.6574],[120.0631,-0.4191,0.0],[120.0648,-0.416,0.0],[120.0599,-0.4185,2.5069],[120.0579,-0.418,3.5742],[120.0575,-0.4133,2.5445],[120.0535,-0.4061,3.379],[120.0549,-0.4045,0.0],[120.0533,-0.4036,2.5],[120.053,-0.3988,3.5963],[120.0504,-0.397,1.4732],[120.046,-0.3982,2.2649],[120.0429,-0.3915,4.3922],[120.0409,-0.3908,1.9875],[120.0417,-0.3887,0.0],[120.039,-0.382,2.2978],[120.0408,-0.3763,1.7982],[120.0384,-0.3761,0.0],[120.035,-0.3711,3.7482],[120.0351,-0.3695,3.5652],[120.0375,-0.3698,0.0],[120.0383,-0.3678,0.0],[120.0346,-0.3635,3.9638],[120.0356,-0.359,0.0],[120.0312,-0.3468,7.2435],[120.0309,-0.3419,3.7412],[120.0333,-0.3431,2.795],[120.0338,-0.333,0.0],[120.0334,-0.3153,0.0],[120.0302,-0.3037,2.4139],[120.021,-0.2955,0.0],[120.0122,-0.2917,1.5548],[120.0086,-0.2857,6.1377],[120.0071,-0.2733,2.4036],[120.0115,-0.2488,0.7125],[120.0047,-0.2307,0.0],[120.0053,-0.2229,7.1201],[120.0091,-0.2222,0.0],[120.008,-0.2188,47.1625],[120.0093,-0.2163,0.0],[120.0082,-0.2113,44.5789],[120.0095,-0.2068,0.0],[120.0083,-0.2048,31.3076],[120.0107,-0.1956,0.0],[120.0092,-0.1918,0.0],[120.0071,-0.1912,4.3196],[120.0086,-0.191,4.3196],[120.008,-0.1883,3.6492],[120.0103,-0.1853,0.907],[120.0091,-0.1766,0.0],[120.0133,-0.173,0.0],[120.0168,-0.1737,0.7024],[120.0194,-0.1724,0.0],[120.0212,-0.1667,0.0],[120.0261,-0.1637,4.1991],[120.0345,-0.1539,4.5289],[120.0401,-0.1412,0.0],[120.0423,-0.1285,1.7927],[120.0402,-0.1167,0.0],[120.0412,-0.1109,0.9781],[120.0356,-0.1036,0.0],[120.0335,-0.0899,0.848],[120.0335,-0.0848,0.0],[120.0352,-0.0816,5.4417],[120.0333,-0.0752,2.9413],[120.0351,-0.0655,4.8942],[120.039,-0.0594,3.2021],[120.0479,-0.0561,2.1955],[120.05029999999999,-0.0564,4.9274],[120.0494,-0.0573,0.0],[120.0511,-0.0592,2.3052],[120.0538,-0.0583,4.3693],[120.0665,-0.0601,0.0],[120.0705,-0.0515,0.0],[120.0883,-0.0404,2.8719],[120.092,-0.0338,1.7454],[120.095,-0.0314,2.6814],[120.0969,-0.0197,10.2669],[120.1003,-0.0158,0.0],[120.0987,-0.0115,0.0],[120.1018,-0.0071,0.0],[120.1031,0.0011,1.4523],[120.1017,0.0027,0.0],[120.1027,0.0063,4.0569],[120.1013,0.0132,0.0],[120.1035,0.0178,0.0],[120.0992,0.0259,0.0],[120.0992,0.0291,0.0],[120.1022,0.0404,0.9549],[120.1055,0.0449,0.0],[120.1086,0.046,0.8212],[120.1116,0.0561,0.0],[120.1108,0.0627,1.2864],[120.1078,0.0685,0.0],[120.1092,0.0813,3.6222],[120.106,0.0881,0.0],[120.106,0.0951,0.0],[120.1114,0.1012,5.3427],[120.1137,0.1127,0.0],[120.1237,0.118,3.7324],[120.1327,0.127,0.0],[120.1349,0.1318,0.0],[120.1363,0.1391,0.0],[120.1334,0.1489,0.0],[120.1339,0.1534,1.752],[120.1254,0.1591,0.0],[120.1241,0.1648,0.0],[120.1275,0.1714,3.8757],[120.129,0.1712,0.0],[120.1295,0.1776,1.7469],[120.1314,0.1811,3.1766],[120.1339,0.1818,0.0],[120.1338,0.1861,0.0],[120.1363,0.1917,0.0],[120.1429,0.1977,0.0],[120.1458,0.2025,0.0],[120.1462,0.2066,2.4228],[120.1506,0.2072,0.0],[120.1519,0.209,0.0],[120.1501,0.2106,40.4568],[120.1518,0.2102,0.0],[120.1543,0.2123,3.0287],[120.1583,0.2203,1.1238],[120.1582,0.2276,3.2628],[120.1596,0.2292,6.7743],[120.1645,0.2291,6.1226],[120.1663,0.2311,5.4297],[120.1669,0.2356,7.8226],[120.1734,0.2377,0.871],[120.1749,0.2416,5.8216],[120.174,0.243,3.7142],[120.1814,0.2481,3.0789],[120.1829,0.2529,8.8896],[120.202,0.2643,3.5956],[120.215,0.2898,0.0],[120.2152,0.2956,5.074],[120.2227,0.3009,0.0],[120.2233,0.3075,3.8274],[120.2294,0.3117,0.0],[120.2294,0.3157,0.0],[120.2328,0.3207,21.0361],[120.2333,0.3239,1.7894],[120.2409,0.3311,2.7689],[120.2451,0.3376,0.4591],[120.2442,0.3429,0.5203],[120.2399,0.3445,2.1883],[120.2422,0.3444,0.5],[120.2427,0.3485,28.5498],[120.2458,0.3534,14.2383],[120.2471,0.3523,14.2383],[120.2499,0.3542,8.2256],[120.2576,0.3637,10.8474],[120.2622,0.3643,23.9608],[120.27,0.3618,0.0],[120.2766,0.3674,0.0],[120.2762,0.369,0.0],[120.2738,0.3692,0.0],[120.2779,0.3715,0.0],[120.2767,0.3748,0.0],[120.2804,0.3756,0.0],[120.2821,0.379,0.3038],[120.2864,0.3802,0.0],[120.2896,0.3852,0.0],[120.2923,0.392,0.0],[120.2916,0.4005,1.4852],[120.2988,0.4124,0.0],[120.3104,0.4243,6.5251],[120.3128,0.4246,1.2592],[120.3136,0.4264,7.4951],[120.3242,0.4279,2.0011],[120.3334,0.441,21.5117],[120.3368,0.4421,14.6219],[120.3443,0.4485,12.978],[120.349,0.4496,12.034],[120.3541,0.4551,35.1008],[120.3589,0.4559,11.3152],[120.3629,0.4593,21.2173],[120.3755,0.4644,33.7328],[120.3879,0.4653,20.1234],[120.3966,0.4705,16.0072],[120.3988,0.4728,23.9071],[120.3977,0.4756,57.2083],[120.4108,0.4819,106.0753],[120.4167,0.4815,10.5672],[120.4259,0.4718,1.4156],[120.4368,0.4714,2.3111],[120.4478,0.4784,1.6756],[120.4619,0.4977,165.87],[120.4748,0.497,12.3738],[120.4788,0.5001,9.4642],[120.4794,0.5035,168.506],[120.4984,0.5126,212.1446],[120.4991,0.508,0.0],[120.5065,0.5096,0.0],[120.5117,0.5139,25.8599],[120.5237,0.5132,0.0],[120.5257,0.5159,3.0086],[120.5301,0.5172,11.6224],[120.551,0.5115,0.5219],[120.5511,0.5131,4.4254],[120.5519,0.512,0.0],[120.5576,0.5131,4.7869],[120.569,0.5118,10.724],[120.5742,0.5087,0.0],[120.5779,0.5114,0.212],[120.5882,0.5144,0.0],[120.5902,0.5172,1.3171],[120.5908,0.5162,0.0],[120.5995,0.5192,1.3129],[120.6034,0.5179,0.0],[120.6042,0.5202,0.0],[120.608,0.5215,1.0549],[120.6169,0.5199,1.7962],[120.6181,0.5179,0.0],[120.6222,0.5196,3.844],[120.6337,0.5159,0.0],[120.6429,0.5174,0.0],[120.6491,0.5209,3.7505],[120.6559,0.5151,0.0],[120.6692,0.5096,0.8748],[120.682,0.5099,0.0],[120.6884,0.5133,3.5742],[120.6879,0.5111,0.3991],[120.7,0.5013,0.0],[120.709,0.4963,0.0],[120.7101,0.4915,0.0],[120.714,0.4877,0.0],[120.7176,0.4881,0.5335],[120.7171,0.4859,1.6998],[120.7259,0.4769,0.1991],[120.7498,0.4666,0.8459],[120.7554,0.4659,0.4441],[120.756,0.4638,4.0266],[120.7569,0.4651,4.0266],[120.7587,0.4636,0.3189],[120.761,0.4641,3.0633],[120.7635,0.4597,0.0],[120.7679,0.4569,0.0],[120.7743,0.4577,0.0],[120.7809,0.4631,2.852],[120.7899,0.4605,1.1022],[120.7952,0.4689,0.6062],[120.7948,0.4706,1.8061],[120.801,0.4717,1.4861],[120.8075,0.4695,0.0],[120.8082,0.474,1.3375],[120.8107,0.475,2.2386],[120.8109,0.4663,0.0],[120.8069,0.4629,0.0],[120.8101,0.4581,4.7201],[120.8088,0.4532,0.0],[120.8169,0.4473,34.7672],[120.819,0.4492,41.1552],[120.8238,0.4489,15.0128],[120.8294,0.443,0.0],[120.83,0.4404,0.0],[120.8327,0.444,38.6033],[120.8378,0.4464,19.8395],[120.8443,0.4461,13.3494],[120.8544,0.4425,19.1727],[120.8573,0.4394,2.5742],[120.8582,0.4357,0.0],[120.8612,0.4354,3.169],[120.8638,0.4316,0.0],[120.8647,0.4281,11.4562],[120.8633,0.4258,3.0756],[120.8676,0.4267,7.3582],[120.871,0.4222,23.3794],[120.8748,0.4206,0.4738],[120.8793,0.4128,18.2885],[120.8973,0.3959,1.3776],[120.9126,0.4011,20.1106],[120.9215,0.3995,0.4254],[120.9323,0.4003,0.0],[120.9365,0.406,16.7195],[120.9487,0.4144,2.8606],[120.9524,0.4155,4.3119],[120.9544,0.412,0.0],[120.9569,0.4114,0.0],[120.9601,0.4152,0.0],[120.9639,0.4152,0.0],[120.9674,0.4181,0.5763],[120.9715,0.417,0.2753],[120.9774,0.418,2.0655],[120.979,0.4191,2.3035],[120.9787,0.4212,2.0099],[120.9857,0.421,0.7076],[120.9929,0.4256,5.3016],[120.9923,0.4275,6.5698],[120.9959,0.4273,5.2556],[121.0003,0.4294,0.0],[121.0015,0.4321,1.0885],[121.0042,0.4316,2.9146],[121.0119,0.4354,0.6847],[121.0176,0.434,4.5856],[121.0218,0.4347,0.0],[121.023,0.4379,8.0198],[121.0275,0.4403,4.5466],[121.0343,0.4323,1.4343],[121.0366,0.4318,0.9357],[121.0383,0.4258,2.095],[121.0437,0.4233,0.6024],[121.0534,0.4133,0.0],[121.0614,0.409,0.0],[121.0654,0.4091,0.515],[121.0675,0.404,0.5251],[121.0747,0.4,0.9017],[121.0808,0.3976,0.9435],[121.0853,0.3995,0.6772],[121.0901,0.4044,0.7746],[121.0975,0.4075,0.9408],[121.1113,0.4011,0.0],[121.1226,0.4116,1.4169],[121.1298,0.4102,0.9611],[121.1359,0.4118,5.4426],[121.1525,0.4113,0.0],[121.1619,0.4155,0.0],[121.1586,0.4249,0.0],[121.1618,0.4337,0.0],[121.1608,0.4364,0.0],[121.1672,0.4436,0.0],[121.171,0.4423,0.0],[121.1733,0.4467,0.5557],[121.1792,0.4465,0.0],[121.1777,0.4516,0.0],[121.1847,0.461,1.402],[121.1874,0.4613,0.0],[121.1896,0.4571,0.0],[121.1913,0.4595,0.0],[121.1906,0.4627,2.0061],[121.1974,0.4634,5.2774],[121.2005,0.4618,4.8848],[121.2024,0.4576,0.0],[121.2108,0.459,1.8808],[121.2144,0.4571,0.0],[121.2211,0.4632,1.9967],[121.2303,0.4581,0.9805],[121.2329,0.4584,0.5104],[121.2387,0.4625,2.8593],[121.2448,0.4774,11.0601],[121.2504,0.4843,2.9627],[121.2505,0.4887,1.8531],[121.256,0.4866,0.0],[121.2633,0.4897,2.2632],[121.267,0.4895,0.0],[121.2694,0.4923,2.5632],[121.2826,0.4924,0.0],[121.2918,0.4948,1.0835],[121.3082,0.4863,0.0],[121.3205,0.4842,1.2428],[121.3226,0.4851,2.1814],[121.3243,0.4822,3.7969],[121.3347,0.4775,4.5717],[121.337,0.4737,0.0],[121.3419,0.4787,6.3874],[121.3426,0.4837,7.2289],[121.3508,0.4883,8.8201],[121.3517,0.492,11.8258],[121.3446,0.497,19.1893],[121.3443,0.5029,21.2783],[121.3431,0.5035,16.9052],[121.3444,0.5054,20.4221],[121.3381,0.5065,22.3946],[121.3356,0.5113,19.5273],[121.3337,0.5117,22.516],[121.3337,0.5201,28.1633],[121.3313,0.5227,40.2104],[121.3343,0.5239,71.9099],[121.3357,0.5265,46.7588],[121.3426,0.5268,73.1287],[121.3473,0.5352,97.4345],[121.3477,0.5377,107.2775],[121.344,0.5474,187.4815],[121.3503,0.5552,561.9808],[121.3457,0.5658,925.063],[121.3433,0.5658,904.5423],[121.3353,0.5752,868.6576],[121.3299,0.5745,837.9077],[121.3164,0.5784,869.7573],[121.3076,0.5686,1093.7035],[121.3038,0.5679,1062.9283],[121.3016,0.5698,1124.5569],[121.3004,0.5753,1071.5626],[121.2949,0.5801,1240.506],[121.2754,0.5825,1516.8149],[121.2701,0.5876,1600.9354],[121.2618,0.5899,1539.9391],[121.25,0.6009,1411.7673],[121.2428,0.6005,1532.9135],[121.2394,0.6022,1585.0968],[121.2351,0.6082,1657.0857],[121.2311,0.6214,1665.1799],[121.2279,0.6261,1764.0334],[121.2275,0.6292,1818.9562],[121.2316,0.6351,1817.8535],[121.2307,0.6432,1864.4193],[121.228,0.6454,1901.8036],[121.2189,0.6384,1922.1963],[121.2026,0.6426,1882.6924],[121.1967,0.6419,1870.6047],[121.1867,0.6514,1682.822],[121.1792,0.6551,1660.811],[121.1733,0.6654,1641.4127],[121.1655,0.6693,1809.0835],[121.1612,0.6787,1881.473],[121.173,0.6854,1726.1638],[121.1743,0.693,1589.0825],[121.1789,0.7013,1470.6866],[121.1806,0.7138,1312.1887],[121.1874,0.7221,1313.8806],[121.1848,0.7314,1290.9366],[121.1827,0.7341,1243.4077],[121.1838,0.7374,1221.4548],[121.1821,0.7432,1190.2413],[121.1856,0.75,1048.6484],[121.1864,0.7572,959.149],[121.1904,0.7619,971.4531],[121.192,0.7666,1053.389],[121.2009,0.7661,1158.1294],[121.2083,0.7677,1084.3934],[121.2136,0.7734,1093.0947],[121.2138,0.7793,1126.4043],[121.2172,0.7837,1157.6152],[121.2159,0.792,1379.4353],[121.2336,0.797,1324.4706],[121.2375,0.8012,1342.0203],[121.2458,0.8012,1331.076],[121.2521,0.7985,1349.4263],[121.2701,0.7958,1342.604],[121.2892,0.7982,1320.8577],[121.2927,0.7949,1323.1732],[121.3032,0.7955,1391.5494],[121.3059,0.7919,1379.2812],[121.3175,0.7845,1271.4698],[121.3235,0.7881,1264.6503],[121.3262,0.7922,1130.1624],[121.3324,0.7946,1187.5643],[121.3446,0.7931,1206.0771],[121.3533,0.7953,1104.8241],[121.3541,0.799,1105.4631],[121.3573,0.8009,1146.4497],[121.3634,0.801,1210.7855],[121.3645,0.8068,1064.9043],[121.3614,0.815,1099.488],[121.3505,0.8213,1136.1781],[121.3532,0.8345,830.3586],[121.3519,0.8407,802.6049],[121.348,0.8438,819.5894],[121.347,0.8483,937.1198],[121.3499,0.8508,969.7401],[121.3548,0.8502,1014.2399],[121.359,0.8534,1013.7118],[121.3637,0.8524,993.8613],[121.3672,0.8492,977.0693],[121.3746,0.8532,992.187],[121.3788,0.8524,866.8286],[121.386,0.8543,972.0399],[121.3904,0.8505,1014.1599],[121.3939,0.8512,949.3796],[121.398,0.8494,841.2943],[121.4013,0.8434,877.3703],[121.4112,0.8449,800.1733],[121.4165,0.8479,853.1936],[121.4201,0.8442,821.8694],[121.4263,0.8435,748.6121],[121.4332,0.8444,878.9203],[121.4372,0.847,901.3793],[121.4553,0.8476,816.304],[121.4623,0.845,839.0245],[121.4668,0.8475,824.9421],[121.472,0.8422,707.114],[121.4753,0.8415,735.0582],[121.4766,0.8376,827.4077],[121.4808,0.8376,781.131],[121.4826,0.8397,746.267],[121.4937,0.8395,855.8754],[121.4994,0.8432,878.7079],[121.5012,0.8429,892.2816],[121.5014,0.8461,875.4979],[121.5059,0.8459,861.9299],[121.5264,0.8522,886.1353],[121.5324,0.8527,906.7625],[121.5357,0.8601,686.52],[121.5346,0.868,636.0279],[121.5369,0.8759,865.9858],[121.5478,0.8785,819.7458],[121.557,0.878,829.2271],[121.5632,0.8739,870.9994],[121.5668,0.8746,821.9379],[121.574,0.8706,877.673],[121.5879,0.8732,737.4294],[121.6031,0.8729,846.2769],[121.6104,0.8822,803.8037],[121.6233,0.8821,859.9916],[121.6352,0.891,1011.1196],[121.6458,0.8952,1160.7347],[121.6494,0.8947,1203.1742],[121.6546,0.8912,1339.6239],[121.6581,0.8918,1363.076],[121.6734,0.9035,1666.2849],[121.6841,0.9005,1621.0857],[121.6913,0.9026,1665.1395],[121.6962,0.9064,1620.6364],[121.7015,0.9071,1664.6448],[121.7052,0.9138,1622.7649],[121.7092,0.9173,1517.8903],[121.7193,0.9202,1551.4961],[121.7354,0.9297,1949.1484],[121.7617,0.9322,2022.5387],[121.78,0.9394,2150.0664],[121.7856,0.9397,2080.446],[121.7941,0.9482,2051.5752],[121.8064,0.951,2148.1528],[121.8119,0.9502,2123.7312],[121.8212,0.9616,2027.0555],[121.8307,0.9608,1718.0763],[121.8374,0.9738,1501.2046],[121.8479,0.9785,1705.5763],[121.8489,0.9808,1702.6758],[121.8467,0.9858,1596.8577],[121.8515,0.9927,1556.2656],[121.8629,0.9908,1448.4042],[121.8676,0.9862,1477.9937],[121.8761,0.9831,1487.7859],[121.8788,0.98,1474.2883],[121.8842,0.9788,1442.12],[121.8903,0.9748,1402.2349],[121.896,0.9669,1332.5769],[121.9021,0.9639,1305.7048],[121.916,0.9418,1226.8101],[121.9178,0.9341,1326.0944],[121.9217,0.9278,1313.0938],[121.9267,0.9275,1284.8071],[121.932,0.9296,1291.1254],[121.9382,0.9278,1400.3071],[121.9442,0.9196,1350.1818],[121.9473,0.9187,1403.7439],[121.9487,0.9141,1499.5938],[121.9547,0.9077,1623.1661],[121.9649,0.9073,1726.9474],[121.9758,0.9042,1731.1234],[121.9818,0.9067,1782.2593],[121.9852,0.9105,1847.5021],[121.9865,0.9191,1489.0796],[121.9836,0.9217,1408.0615],[121.9833,0.9265,1140.3114],[121.9933,0.9417,945.4097],[122.0003,0.9431,937.517],[122.0077,0.9484,823.7144],[122.01,0.952,846.3449],[122.017,0.9546,947.8636],[122.0179,0.9569,941.1315],[122.0231,0.9581,803.3152],[122.0423,0.9895,540.4612],[122.0449,0.9891,503.5136],[122.052,0.9945,513.9016],[122.0622,0.998,408.0273],[122.0759,1.0062,620.6473],[122.0844,0.9986,322.3733],[122.0927,0.9998,465.2729],[122.1131,1.0131,99.8629],[122.123,1.0123,253.4547],[122.1255,1.0182,310.663],[122.1363,1.0199,235.8427],[122.1413,1.0184,138.4114],[122.1563,1.0256,100.7315],[122.1606,1.0299,100.2295],[122.1703,1.0278,140.1348],[122.17529999999999,1.0302,144.3151],[122.1755,1.0363,213.5004],[122.1862,1.037,2.9003],[122.1892,1.0393,59.8098],[122.1955,1.0385,19.9367],[122.1916,1.0409,34.8646],[122.186,1.0482,5.5867],[122.1848,1.0512,8.4715],[122.1864,1.057,2.3906],[122.1843,1.0571,0.0],[122.1816,1.0527,0.0],[122.1821,1.0441,0.0],[122.1725,1.0473,0.0],[122.1705,1.0455,0.0],[122.1693,1.035,2.0609],[122.1633,1.0333,0.0],[122.1596,1.0369,0.0],[122.1541,1.0499,0.0],[122.1486,1.0462,1.299],[122.1413,1.0464,0.0],[122.1402,1.0524,0.0],[122.1372,1.0524,0.0],[122.1301,1.0569,0.0],[122.1243,1.0536,35.0123],[122.1268,1.05,0.8538],[122.1252,1.0501,0.0],[122.1228,1.0454,1.5165],[122.1192,1.0476,25.5106],[122.1188,1.0511,0.0],[122.1172,1.0516,2.102],[122.1186,1.0548,22.3942],[122.1179,1.0569,2.6555],[122.1124,1.0566,4.9167],[122.1104,1.0587,0.8281],[122.1085,1.0576,1.0456],[122.1066,1.0622,5.28],[122.1096,1.0663,4.2487],[122.109,1.0688,0.0],[122.104,1.0681,9.7209],[122.0984,1.07,3.4728],[122.093,1.0689,0.0],[122.0901,1.0653,13.7692],[122.079,1.0648,15.984],[122.0792,1.0625,66.4772],[122.0747,1.0595,1.9703],[122.0716,1.0646,0.0],[122.0634,1.0643,1.8393],[122.0673,1.0697,7.9165],[122.0701,1.0703,12.6642],[122.0691,1.0734,0.0],[122.0653,1.0744,0.0],[122.0559,1.0727,0.0],[122.0563,1.0704,6.3037],[122.0598,1.0683,0.0],[122.0592,1.0642,0.5026],[122.0533,1.0663,0.0],[122.0513,1.0624,0.0],[122.0506,1.0547,0.0],[122.0465,1.0531,0.0],[122.0417,1.0476,7.1143],[122.0347,1.0469,0.0],[122.031,1.0432,16.4815],[122.0283,1.0454,2.6554],[122.0219,1.04,7.7411],[122.0191,1.041,0.0],[122.0154,1.0399,4.9476],[122.0108,1.035,10.5161],[122.0028,1.0369,0.0],[122.0002,1.0289,0.0],[121.994,1.028,0.0],[121.9868,1.0233,6.8049],[121.9818,1.0234,29.7642],[121.9756,1.0282,6.0836],[121.9724,1.0281,1.5566],[121.9559,1.0379,0.0],[121.9531,1.041,2.7491],[121.9542,1.0494,5.1431],[121.9582,1.0608,0.0],[121.9563,1.061,0.0],[121.9527,1.0563,0.0],[121.9505,1.0561,0.0],[121.9504,1.0677,0.0],[121.9442,1.076,0.0],[121.9354,1.0789,0.0],[121.9358,1.0857,0.0],[121.9335,1.0892,0.0],[121.9362,1.0948,0.0],[121.9345,1.1004,0.0],[121.9269,1.1026,2.8002],[121.9164,1.0988,0.0],[121.9137,1.095,4.2823],[121.9081,1.0928,8.0397],[121.8912,1.0911,0.0],[121.8879,1.0875,10.1047],[121.8888,1.0843,0.0],[121.8877,1.0823,1.8603],[121.8842,1.0809,0.0],[121.8792,1.0802,1.9756],[121.8741,1.0819,1.0252],[121.8742,1.0838,0.0],[121.8637,1.0888,0.0],[121.8632,1.0943,0.0],[121.8584,1.0895,0.0],[121.8599,1.0853,17.4221],[121.8574,1.0855,0.0],[121.8552,1.0889,0.0],[121.8483,1.0935,8.6656],[121.8461,1.0929,0.0],[121.8463,1.0901,44.5764],[121.8441,1.0873,0.0],[121.8358,1.0868,14.5632],[121.8319,1.0885,0.0],[121.8294,1.0867,4.5365],[121.8282,1.0906,0.0],[121.8236,1.0921,0.0],[121.8206,1.0896,0.0],[121.819,1.0811,1.4159],[121.8126,1.0822,0.0],[121.8099,1.0779,2.8865],[121.8089,1.0808,0.0],[121.8026,1.0827,0.0],[121.8001,1.0815,4.238],[121.7868,1.0829,0.0],[121.7838,1.0809,0.0],[121.7832,1.0763,8.2626],[121.7801,1.0771,0.0],[121.7791,1.0754,2.8691],[121.7754,1.0781,0.0],[121.7668,1.0712,2.5377],[121.7605,1.0704,0.0],[121.7523,1.0735,0.0],[121.7511,1.0721,0.0],[121.7451,1.0727,0.0],[121.7421,1.0684,0.0],[121.7437,1.0669,2.3611],[121.741,1.0619,8.4748],[121.7403,1.065,0.0],[121.7355,1.0685,0.0],[121.7354,1.0722,0.0],[121.7301,1.0767,0.0],[121.7255,1.0745,2.2537],[121.7218,1.0756,0.0],[121.721,1.0777,0.0],[121.7163,1.0807,0.0],[121.7106,1.0818,0.0],[121.7065,1.0787,0.2732],[121.7069,1.073,1.0462],[121.7025,1.0742,0.0],[121.7001,1.0682,0.0],[121.7039,1.0681,1.9394],[121.7081,1.0597,0.0],[121.7079,1.0541,0.0],[121.7112,1.0452,0.0],[121.7148,1.0431,0.0],[121.7173,1.0438,0.8833],[121.7132,1.0405,0.0],[121.7058,1.0385,3.864],[121.7073,1.0419,2.6984],[121.7069,1.0458,0.9318],[121.7044,1.0461,3.0847],[121.7084,1.0509,0.0],[121.7057,1.0541,0.0],[121.6977,1.0563,0.0],[121.6953,1.0622,0.0],[121.6967,1.0638,0.0],[121.6946,1.0647,0.0],[121.6928,1.0684,0.0],[121.685,1.072,0.0],[121.6835,1.0712,0.0],[121.6835,1.0678,0.0],[121.6786,1.0654,10.4084],[121.6719,1.0692,0.0],[121.6549,1.0651,0.0],[121.6498,1.0591,0.0],[121.6511,1.0536,0.0],[121.653,1.0529,0.0],[121.6576,1.0553,0.8181],[121.656,1.0533,0.0],[121.6571,1.0521,2.2755],[121.6548,1.0407,0.125],[121.6515,1.04,4.558],[121.648,1.0453,2.3557],[121.6481,1.053,0.0],[121.6433,1.0553,0.0],[121.6388,1.055,0.0],[121.6324,1.0611,0.0],[121.6281,1.0621,0.0],[121.6222,1.06,0.4613],[121.6217,1.0617,0.0],[121.6114,1.0618,2.1485],[121.6085,1.0599,8.2496],[121.609,1.0562,33.9371],[121.6021,1.0547,5.6912],[121.5872,1.058,0.0],[121.5839,1.0575,0.0],[121.5733,1.0634,1.8846],[121.5682,1.0635,4.3796],[121.5654,1.0616,1.5829],[121.5557,1.063,1.6672],[121.5274,1.0827,0.0],[121.5102,1.0876,0.0],[121.5007,1.0946,0.0],[121.4893,1.1077,0.0],[121.4838,1.1081,3.6868],[121.4834,1.1132,0.0],[121.4538,1.1412,0.0],[121.4483,1.1532,0.0],[121.4342,1.1634,0.0],[121.4222,1.186,0.0],[121.4219,1.191,0.0],[121.4238,1.1913,0.0],[121.4219,1.1929,0.6029],[121.4257,1.1949,0.0],[121.429,1.1943,0.0],[121.4325,1.2058,7.96],[121.4356,1.2088,0.0],[121.4344,1.2173,4.4327],[121.4355,1.223,0.0],[121.4329,1.2284,0.0],[121.4286,1.2305,0.0],[121.4345,1.2345,0.0],[121.4314,1.2357,0.0],[121.4263,1.2327,0.0],[121.4194,1.2312,6.8194],[121.4166,1.2326,4.4706],[121.4132,1.2305,21.5154],[121.4163,1.2395,0.0],[121.4225,1.2442,26.6001],[121.4251,1.2426,0.0],[121.4305,1.2441,9.4206],[121.4321,1.2394,0.0],[121.44,1.2407,0.0],[121.445,1.2444,0.0],[121.4442,1.2464,0.0],[121.4493,1.2455,0.0],[121.4552,1.2495,0.0],[121.4627,1.2511,0.0],[121.4633,1.2561,0.0],[121.4652,1.2588,0.0],[121.4721,1.2626,0.0],[121.47,1.2784,0.0],[121.4644,1.2836,0.0],[121.4715,1.2971,0.0],[121.4709,1.3016,0.0],[121.4626,1.3087,0.0],[121.452,1.3119,12.9928],[121.4474,1.3112,14.4245],[121.4441,1.3128,20.0556],[121.4438,1.3103,77.3458],[121.4378,1.3096,52.1725],[121.4344,1.3072,7.2352],[121.4341,1.3035,63.6318],[121.4289,1.2988,51.2756],[121.4314,1.2943,19.411],[121.4287,1.2917,35.3403],[121.4298,1.2891,2.3794],[121.4259,1.2884,30.527],[121.4236,1.2833,9.0494],[121.4127,1.2774,26.5299],[121.4105,1.2779,12.7571],[121.4111,1.2682,6.4007],[121.4045,1.2621,3.4168],[121.3971,1.2603,12.641],[121.3851,1.2616,19.5625],[121.3796,1.2573,21.8699],[121.3698,1.2556,9.2467],[121.361,1.2497,6.5285],[121.3538,1.2484,7.3842],[121.3466,1.2523,0.0],[121.3438,1.2603,0.0],[121.3372,1.2624,0.0],[121.3352,1.2553,6.3221],[121.3325,1.2537,7.5008],[121.3301,1.2531,6.6682],[121.3258,1.2554,2.802],[121.3247,1.2541,4.0171],[121.3183,1.254,1.0688],[121.3159,1.2563,0.0],[121.3084,1.2555,0.0],[121.3063,1.253,13.3461],[121.3005,1.2516,10.4757],[121.2951,1.2419,46.1027],[121.2921,1.2402,4.0175],[121.2834,1.2385,7.5759],[121.2761,1.2414,0.0],[121.2712,1.2328,0.0],[121.2561,1.2307,0.0],[121.2425,1.2328,2.6405],[121.2267,1.2394,6.2896],[121.203,1.2517,1.4452],[121.1843,1.2656,0.0],[121.1781,1.2631,11.1086],[121.1767,1.2605,9.5386],[121.1775,1.2679,2.6544],[121.1631,1.2776,0.0],[121.1556,1.2848,0.0],[121.1543,1.2834,7.8673],[121.1553,1.2846,0.0],[121.1432,1.2927,0.0],[121.1419,1.2902,3.5903],[121.1431,1.2927,0.0],[121.1001,1.3164,0.0],[121.0929,1.3149,26.3099],[121.0796,1.3195,0.0],[121.0743,1.3099,3.9778],[121.0701,1.3104,0.0],[121.0682,1.3054,0.0],[121.0627,1.3028,0.0],[121.0556,1.3051,6.4692],[121.0527,1.3102,22.7508],[121.0463,1.3102,11.0317],[121.0459,1.3136,24.3777],[121.0396,1.3128,17.1134],[121.0384,1.3219,7.8684],[121.0342,1.3212,7.1372],[121.0248,1.3229,34.5078],[121.0255,1.3277,0.0],[121.0208,1.3294,0.0],[121.018,1.3253,4.9486],[121.009,1.327,1.6186],[121.0083,1.326,76.1501],[121.009,1.3275,0.0],[121.0071,1.3295,0.0],[121.0055,1.3289,0.0],[120.999,1.3318,0.0],[120.9956,1.34,0.0],[120.9931,1.3357,7.1807],[120.9829,1.3389,0.0],[120.9734,1.3443,0.0],[120.9662,1.3425,0.0],[120.9422,1.3504,5.2522],[120.9394,1.346,7.8462],[120.9311,1.3402,3.3128],[120.9287,1.3341,1.1778],[120.9217,1.3306,0.0],[120.9211,1.3283,0.0],[120.9244,1.3281,0.0],[120.9301,1.3305,5.6493],[120.9303,1.3251,0.0],[120.9281,1.3226,1.8179],[120.9249,1.3235,0.9381],[120.9285,1.321,13.8905],[120.9283,1.3186,2.351],[120.9263,1.318,1.7951],[120.9245,1.3193,0.0],[120.9244,1.317,5.4592],[120.9224,1.3171,0.0],[120.9223,1.3188,0.0],[120.9199,1.3196,57.5238],[120.9206,1.3254,6.8973],[120.9184,1.3261,0.0],[120.9161,1.3195,56.7685],[120.9087,1.3144,4.2536],[120.9121,1.3119,26.0232],[120.911,1.3085,7.4123],[120.903,1.3056,0.0],[120.9004,1.3072,0.0],[120.8971,1.3069,3.3761],[120.8952,1.3039,1.7226],[120.8929,1.3065,5.3176],[120.8944,1.3092,23.9675],[120.9013,1.3092,16.4082],[120.901,1.3135,15.6606],[120.893,1.3127,41.0012],[120.8888,1.3184,11.8503],[120.8852,1.3167,15.5196],[120.8901,1.3212,17.0677],[120.8929,1.3205,32.4719],[120.8928,1.3182,0.0],[120.8958,1.3179,0.0],[120.89,1.3245,1.8007],[120.8914,1.326,6.6448],[120.8966,1.3228,0.0],[120.8986,1.3179,0.0],[120.9058,1.318,0.0],[120.9063,1.3223,0.0],[120.9001,1.3251,0.0],[120.9007,1.3282,1.0348],[120.8985,1.3288,0.0],[120.8994,1.3342,2.796],[120.9045,1.3397,5.2435],[120.9079,1.3386,0.0],[120.9116,1.3395,9.4692],[120.9134,1.3371,0.0],[120.9152,1.3372,0.0],[120.9145,1.3431,0.0],[120.9089,1.354,0.0],[120.9034,1.3567,0.0],[120.8973,1.3506,0.0],[120.8914,1.3507,0.0],[120.8912,1.3494,0.0],[120.8947,1.3475,0.0],[120.8951,1.3419,0.0],[120.8882,1.3353,5.0482],[120.8887,1.3279,2.5854],[120.8815,1.3222,0.5221],[120.876,1.3226,0.0],[120.8701,1.3208,0.0],[120.869,1.3177,6.7273],[120.8649,1.3182,3.0971],[120.8633,1.322,0.6222],[120.8565,1.3166,2.4615],[120.8494,1.3163,3.7855],[120.8473,1.3188,0.0],[120.8451,1.3147,0.5615],[120.8385,1.3126,0.4117],[120.8329,1.314,11.968],[120.8315,1.3194,3.8361],[120.8265,1.3219,20.9432],[120.8248,1.325,19.1911],[120.8222,1.3231,10.1685],[120.8166,1.3232,11.0957],[120.8076,1.3254,11.0726],[120.8074,1.3192,36.517],[120.8093,1.3174,52.7669],[120.8114,1.2996,4.3148],[120.8206,1.2958,9.9092],[120.8216,1.2939,5.9093],[120.8196,1.2867,2.5347],[120.8205,1.2832,3.1927],[120.8188,1.2834,1.5275],[120.8162,1.2805,0.0],[120.8115,1.2816,6.3362],[120.8119,1.2782,49.503],[120.8083,1.2667,19.3567],[120.8084,1.2626,0.0],[120.8134,1.2583,0.0],[120.8183,1.2589,1.505],[120.82,1.2567,1.6902],[120.8103,1.2193,2.0558],[120.8166,1.2119,9.5898],[120.8161,1.2102,2.8221],[120.8184,1.2058,0.0],[120.8274,1.2051,1.773],[120.828,1.2023,4.1191],[120.8257,1.2001,0.0],[120.8273,1.192,0.0],[120.822,1.1718,3.0429],[120.8145,1.1706,0.0],[120.7973,1.1579,0.0],[120.7924,1.1638,0.0],[120.7882,1.1641,0.0],[120.7876,1.1424,0.0],[120.7894,1.1419,0.0],[120.7909,1.1379,15.0003],[120.7868,1.1299,1.2496],[120.7842,1.1198,0.8753],[120.7769,1.1108,0.0],[120.777,1.1082,15.5584],[120.7824,1.1038,8.0343],[120.7843,1.1034,0.0],[120.7866,1.1052,1.3979],[120.7891,1.1035,0.3304],[120.7972,1.0891,1.8399],[120.7985,1.081,0.0],[120.8007,1.082,2.2003],[120.7984,1.0808,0.0],[120.801,1.075,1.652],[120.7971,1.0678,7.6215],[120.7984,1.0618,0.0],[120.7958,1.0535,0.0],[120.7995,1.0502,0.0],[120.8014,1.0525,1.1879],[120.8059,1.0524,1.5717],[120.8097,1.0479,1.4024],[120.8092,1.0463,3.0973],[120.8108,1.045,2.3011],[120.8085,1.0427,0.0],[120.8086,1.0351,0.0],[120.8101,1.0343,1.7606],[120.8087,1.0289,1.4554],[120.8032,1.0282,0.5743],[120.7936,1.0304,2.2602],[120.7851,1.0303,6.8649],[120.781,1.0255,3.4677],[120.7766,1.0237,4.6156],[120.7771,1.0217,2.7477],[120.7753,1.0216,1.2361],[120.7652,1.0129,0.7464],[120.7585,1.0106,0.0],[120.7609,1.0058,4.694],[120.7596,1.004,0.5652],[120.7549,1.0056,0.0],[120.7522,1.0012,0.5892],[120.7495,1.0014,4.2015],[120.7471,0.9962,5.4504],[120.7479,0.9935,31.8245],[120.7422,0.9933,4.1099],[120.7411,0.9953,10.8652],[120.7389,0.9942,0.0],[120.7418,0.9924,4.1099],[120.7417,0.9908,21.5979],[120.7399,0.989,4.3635],[120.7383,0.9897,0.0],[120.7383,0.9873,24.413],[120.7406,0.9859,23.0435],[120.7373,0.9841,9.4224],[120.7373,0.9802,13.2812],[120.7392,0.9789,20.1477],[120.7419,0.9797,3.7759],[120.7418,0.9759,16.8804],[120.7442,0.9753,10.6021],[120.7379,0.9748,1.805],[120.7373,0.9764,0.0],[120.735,0.9741,8.661],[120.7332,0.979,0.0],[120.73,0.9773,0.0],[120.7298,0.9739,38.7944],[120.7272,0.9731,0.0],[120.7319,0.9705,23.7153],[120.7307,0.9686,12.7613],[120.725,0.9712,7.8279],[120.7273,0.9657,2.1112],[120.7316,0.9649,28.9905],[120.7292,0.9635,20.1977],[120.7322,0.9616,22.001],[120.7247,0.9652,0.0],[120.7175,0.9578,1.7968],[120.7147,0.959,0.0],[120.7126,0.958,3.7253],[120.7053,0.9616,6.3151],[120.7125,0.9592,2.8232],[120.7199,0.9629,20.009],[120.721,0.9721,1.368],[120.7228,0.9728,0.0],[120.7174,0.9781,0.0],[120.7175,0.9752,21.3991],[120.7153,0.9763,1.3825],[120.7143,0.9749,7.2806],[120.7121,0.9766,1.4711],[120.7119,0.9741,2.7156],[120.7071,0.9744,0.4832],[120.7063,0.9768,0.0],[120.708,0.9778,9.0027],[120.7079,0.9798,2.082],[120.7054,0.9784,10.5957],[120.7035,0.981,2.6117],[120.7057,0.9819,0.0],[120.7036,0.9863,0.0],[120.7005,0.9803,0.7669],[120.7019,0.9786,0.0],[120.7011,0.9749,6.2844],[120.7,0.9783,14.7532],[120.6976,0.9797,34.2709],[120.7001,0.9858,0.0],[120.697,0.9869,33.965],[120.6944,0.9842,47.0223],[120.6916,0.9839,0.0],[120.6918,0.9822,14.6118],[120.6866,0.9788,3.7169],[120.6862,0.9762,4.8335],[120.6823,0.9754,6.0831],[120.6787,0.9701,0.0],[120.6824,0.9683,0.0],[120.6867,0.9715,19.7026],[120.6905,0.9639,8.0771],[120.6919,0.9649,4.1836],[120.6929,0.9634,0.0],[120.6927,0.9657,45.504],[120.6959,0.9659,52.9781],[120.694,0.9631,23.2334],[120.6948,0.9613,11.6022],[120.6974,0.9612,14.8059],[120.6946,0.9591,18.8638],[120.6912,0.9609,0.0],[120.6926,0.9568,4.8095],[120.6832,0.9618,11.172],[120.6807,0.9612,0.0],[120.6836,0.9585,6.5276],[120.6827,0.9572,0.0],[120.6864,0.9574,21.9101],[120.6887,0.9558,15.4964],[120.6874,0.9555,2.1652],[120.689,0.9535,3.3635],[120.6814,0.953,0.0],[120.6823,0.9497,8.8084],[120.6789,0.9505,10.4626],[120.6785,0.9535,4.7524],[120.6761,0.9542,0.6738],[120.6773,0.9556,2.2123],[120.6751,0.9596,26.5202],[120.6767,0.9646,0.0],[120.6702,0.9657,0.0],[120.6695,0.9634,11.783],[120.671,0.9612,1.3496],[120.669,0.9614,0.0],[120.6686,0.9599,1.4132],[120.6701,0.9579,4.2849],[120.6632,0.9529,3.7477],[120.6644,0.9513,0.0],[120.6706,0.95,0.0],[120.6575,0.9451,0.5953],[120.6575,0.9416,16.0589],[120.6548,0.9435,2.1257],[120.6473,0.9411,1.2492],[120.6446,0.9432,1.9514],[120.6411,0.9423,0.0],[120.6385,0.9384,18.4978],[120.6353,0.9395,0.0],[120.6353,0.9377,9.665],[120.637,0.9369,36.2926],[120.6352,0.9371,9.665],[120.6347,0.9331,8.536],[120.6381,0.919,0.0],[120.6356,0.9182,1.5005],[120.6348,0.9144,2.5474],[120.632,0.9129,0.0],[120.6318,0.9108,0.0],[120.6231,0.9126,0.0],[120.6245,0.9058,13.9443],[120.6219,0.9042,0.0],[120.6198,0.8983,9.8365],[120.621,0.8959,0.6196],[120.62,0.8921,1.3924],[120.6171,0.8922,0.0],[120.6134,0.8826,0.0],[120.6107,0.8807,0.0],[120.6107,0.8755,1.0607],[120.606,0.8759,0.9188],[120.6037,0.872,1.3743],[120.605,0.8637,0.0],[120.6098,0.8615,5.7478],[120.6087,0.8592,2.2965],[120.6115,0.8586,0.3574],[120.6071,0.856,0.0],[120.605,0.8519,0.0],[120.6063,0.8484,3.8693],[120.6013,0.8444,7.8632],[120.5979,0.8392,4.6045],[120.5976,0.8355,4.1055],[120.6009,0.8344,2.259],[120.6007,0.8323,0.8318],[120.6025,0.8316,1.5682],[120.5999,0.8279,10.9001],[120.603,0.8216,0.0],[120.6072,0.8247,1.8794],[120.613,0.8209,3.6577],[120.6077,0.8144,38.8146],[120.6103,0.8093,9.505],[120.6072,0.807,14.6997],[120.6055,0.8109,0.0],[120.5995,0.8074,1.4349],[120.5967,0.8093,0.0],[120.5959,0.8073,0.0],[120.5972,0.8048,16.9412],[120.6018,0.8021,28.7536],[120.5976,0.7938,28.4752],[120.5948,0.7961,0.0],[120.5906,0.7941,0.0],[120.5835,0.7831,22.2385],[120.5761,0.7761,5.5571],[120.5739,0.7696,6.6441],[120.5761,0.7677,5.103],[120.5778,0.769,16.8011],[120.5789,0.7732,39.6053],[120.5798,0.7709,10.4325],[120.582,0.7701,14.2233],[120.5794,0.768,5.4355],[120.5837,0.7668,1.2525],[120.5852,0.7648,4.2057],[120.5923,0.7643,6.7084],[120.591,0.7581,10.5075],[120.5969,0.7534,0.0],[120.5959,0.751,2.525],[120.5929,0.7493,1.0278],[120.5875,0.7505,0.0],[120.5865,0.7523,0.0],[120.5774,0.7509,0.0],[120.5772,0.7496,9.3451],[120.5757,0.7502,9.7729],[120.5744,0.7554,3.3683],[120.571,0.7535,18.305],[120.571,0.7508,56.7637],[120.5709,0.7532,18.305],[120.5633,0.7548,0.0],[120.5524,0.7566,1.6456],[120.5472,0.7557,0.3705],[120.5465,0.7585,0.0],[120.5478,0.7611,0.2323],[120.555,0.7706,0.0],[120.5493,0.7735,2.7211],[120.5551,0.7712,0.0],[120.5574,0.7678,0.0],[120.5565,0.7704,0.0],[120.5518,0.7779,0.7883],[120.5457,0.7817,0.0],[120.5442,0.7795,5.3575],[120.5454,0.7816,1.0701],[120.5343,0.7923,0.0],[120.5302,0.791,0.5292],[120.5186,0.7934,4.6359],[120.4955,0.7931,2.1239],[120.4881,0.7902,24.1692],[120.4823,0.786,3.9213],[120.4774,0.7794,0.0],[120.4739,0.778,0.6781],[120.4483,0.7819,2.6412],[120.4328,0.7894,0.0],[120.4162,0.7929,0.0],[120.4044,0.7903,2.4148],[120.3973,0.7922,0.0],[120.3851,0.8043,24.4932],[120.3838,0.8169,1.7029],[120.3806,0.8232,3.9884],[120.3749,0.829,2.6229],[120.3734,0.8437,3.0213],[120.3761,0.8619,4.2415],[120.3738,0.8668,2.9285],[120.3697,0.8671,0.0],[120.3674,0.8646,0.0],[120.3675,0.8576,0.0],[120.365,0.8521,3.9854],[120.3655,0.846,0.0],[120.3621,0.8416,1.7487],[120.3653,0.8392,19.7444],[120.3657,0.8365,3.1957],[120.3658,0.83,5.6116],[120.3634,0.8283,8.2126],[120.3605,0.8293,0.0],[120.3581,0.8282,5.7337],[120.3569,0.8295,1.7056],[120.3573,0.8331,0.784],[120.3605,0.837,0.0],[120.3521,0.838,6.0492],[120.35,0.8401,2.8299],[120.3426,0.8415,0.9522],[120.3287,0.8513,1.0156],[120.3271,0.8549,1.0316],[120.3267,0.8604,0.8199],[120.3311,0.8663,4.1598],[120.3299,0.878,1.2107],[120.3361,0.8846,0.0],[120.3387,0.8928,15.651],[120.3404,0.8922,0.0],[120.3401,0.9029,0.0],[120.3379,0.9099,0.0],[120.3415,0.9189,15.9679],[120.339,0.9263,1.4104],[120.339,0.9287,2.3507],[120.3419,0.9313,68.8459],[120.3421,0.9367,0.0],[120.3403,0.9416,0.7411],[120.3413,0.945,0.3369],[120.3432,0.9451,0.0],[120.3467,0.951,2.7813],[120.3449,0.9587,2.5539],[120.3455,0.9594,9.129],[120.3486,0.9592,2.933],[120.3498,0.9619,22.1929],[120.3456,0.9628,4.1762],[120.3456,0.968,2.6918],[120.348,0.9701,5.6319],[120.3532,0.969,0.0],[120.355,0.9737,0.0],[120.352,0.9749,0.0],[120.3487,0.973,4.0595],[120.3465,0.974,1.2122],[120.3468,0.9758,6.2801],[120.3503,0.9802,0.3107],[120.3541,0.9806,12.3337],[120.3541,0.9842,0.0],[120.3419,0.9846,0.0],[120.3364,0.9816,2.909],[120.3294,0.9838,0.0],[120.3242,0.9835,3.5046],[120.3202,0.9856,0.0],[120.3113,0.9823,0.0],[120.3011,0.9815,1.2611],[120.2823,0.9863,2.4681],[120.2802,0.9842,0.0],[120.282,0.9836,0.0],[120.2844,0.9765,4.4113],[120.2791,0.9807,0.0],[120.2756,0.969,0.0],[120.2647,0.9689,0.0],[120.2661,0.9657,18.8964],[120.2636,0.9655,0.0],[120.2631,0.9612,0.0],[120.2595,0.9586,0.0],[120.2544,0.9578,0.0],[120.2483,0.9602,0.0],[120.2471,0.9577,0.0],[120.2523,0.9376,0.9129],[120.2435,0.9222,1.7149],[120.2403,0.9214,4.5761],[120.2416,0.9033,5.7663],[120.2396,0.8967,34.8716],[120.237,0.8954,0.0],[120.2346,0.8863,0.0],[120.2354,0.8816,4.3178],[120.2405,0.8776,2.6245],[120.2428,0.8409,0.0],[120.2452,0.8383,0.0],[120.246,0.834,3.5659],[120.2446,0.8193,0.0],[120.242,0.8155,0.0],[120.2402,0.8048,0.0],[120.2327,0.7941,0.0],[120.2027,0.7728,1.3511],[120.1891,0.7656,0.0],[120.1914,0.7643,1.9598],[120.1889,0.7649,1.6265],[120.1779,0.7566,2.2256],[120.1717,0.755,0.0],[120.1725,0.7532,2.5809],[120.1713,0.7549,0.0],[120.159,0.754,0.0],[120.1434,0.7488,0.0],[120.1381,0.7488,0.0],[120.1367,0.748,0.0],[120.1372,0.7451,3.5537],[120.1363,0.7473,0.0],[120.1291,0.7428,2.365],[120.1226,0.741,1.7876],[120.1118,0.7429,0.0],[120.1037,0.7411,1.9517],[120.1018,0.7439,3.7504],[120.1034,0.7471,0.0],[120.1008,0.7505,0.0],[120.093,0.7397,7.3313],[120.0817,0.739,0.0],[120.0766,0.7422,0.0],[120.0663,0.7358,13.3089],[120.0592,0.7272,0.0],[120.0609,0.7176,1.4981],[120.0588,0.7161,6.8089],[120.057,0.7168,6.3115],[120.0538,0.712,2.0723],[120.0452,0.7117,11.515],[120.043,0.7131,43.4386],[120.0435,0.7148,27.3255],[120.0384,0.7174,0.0],[120.0407,0.7119,25.1067],[120.038,0.702,19.448],[120.039,0.6947,6.5585],[120.0351,0.6946,0.0],[120.0335,0.6925,0.0],[120.0344,0.6885,0.0],[120.0292,0.6865,0.0],[120.0301,0.6829,0.0],[120.0285,0.6794,0.0],[120.017,0.672,0.0],[120.0142,0.6644,0.0],[120.0142,0.6518,0.0],[120.0187,0.6427,0.0],[120.0229,0.6258,0.0],[120.0281,0.6218,7.2876],[120.0332,0.6095,0.0],[120.0345,0.588,0.0],[120.0381,0.5695,2.7563],[120.0373,0.5579,0.0],[120.0399,0.5463,1.1432],[120.0443,0.5406,3.7296],[120.0474,0.5303,0.0],[120.0468,0.5137,4.1974],[120.0397,0.5086,9.6608],[120.0274,0.5029,1.3629],[120.0191,0.4951,4.1815],[120.001,0.4838,0.0],[119.9909,0.4819,3.6968],[119.989,0.4831,0.0],[119.9809,0.4805,1.1139],[119.9788,0.4819,1.9893],[119.9681,0.4806,0.0],[119.9509,0.4742,3.1925],[119.9268,0.477,5.0603],[119.9248,0.4743,10.8573],[119.92529999999999,0.4769,2.3926],[119.918,0.4775,7.4428],[119.9162,0.4794,0.0],[119.9118,0.4748,7.4828],[119.9104,0.4776,1.2744],[119.9056,0.4759,9.1104],[119.9042,0.478,1.8178],[119.9062,0.4781,3.4589],[119.9061,0.4799,3.9417],[119.9089,0.4785,3.9762],[119.9067,0.481,0.0],[119.9008,0.479,0.0],[119.9015,0.4731,0.0],[119.9001,0.4693,5.7692],[119.8967,0.4659,1.1519],[119.8951,0.467,12.4359],[119.891,0.4653,23.9933],[119.8865,0.4608,0.0],[119.8828,0.4596,0.0],[119.877,0.4429,10.2423],[119.8769,0.4331,0.0],[119.8843,0.4268,3.5549],[119.8879,0.4192,55.0958],[119.8885,0.3929,2.5286],[119.8854,0.3911,0.0],[119.8804,0.384,0.0],[119.8754,0.3822,0.0],[119.8691,0.3727,4.0828],[119.8656,0.3711,0.0],[119.86279999999999,0.3658,5.7546],[119.854,0.3599,0.0],[119.8483,0.3518,4.2485],[119.8477,0.3388,0.0],[119.8455,0.3344,2.1553],[119.8519,0.3259,2.871],[119.8561,0.3235,0.0],[119.8569,0.3244,17.9094],[119.8718,0.2946,4.3389],[119.8752,0.2924,4.2544],[119.8817,0.294,4.688],[119.8839,0.2962,6.2535],[119.8869,0.295,0.0],[119.8874,0.2967,5.3106],[119.8907,0.2961,5.7246],[119.8884,0.2932,1.2456],[119.8932,0.2872,1.464],[119.8941,0.2704,0.0],[119.8977,0.2668,8.272],[119.8982,0.2459,4.9243],[119.906,0.2324,4.2637],[119.9033,0.2234,0.0],[119.8983,0.2169,3.5812],[119.8875,0.211,1.8675],[119.8762,0.2172,0.0],[119.8687,0.2163,11.721],[119.8677,0.2182,15.5506],[119.8591,0.2144,2.7186],[119.8545,0.2144,2.4495],[119.8533,0.2165,2.9998],[119.8486,0.2184,4.662],[119.8347,0.216,0.0],[119.8288,0.2244,18.7377],[119.829,0.2289,0.0],[119.825,0.2327,14.4703],[119.8208,0.2344,2.3419],[119.8132,0.234,0.0],[119.808,0.2364,7.3643],[119.7894,0.2307,0.0],[119.782,0.2266,0.0],[119.7705,0.2127,1.5742],[119.772,0.2019,89.1371],[119.7751,0.1945,47.3897],[119.7781,0.1906,31.1853],[119.7887,0.183,34.0818],[119.7947,0.1759,51.0037],[119.7938,0.1746,0.0],[119.7956,0.1717,8.9024],[119.8014,0.167,13.2819],[119.8032,0.1678,42.7323],[119.8034,0.1659,23.0092],[119.8117,0.1579,19.5412],[119.8244,0.1522,18.2136],[119.8295,0.1474,12.0993],[119.8335,0.1373,0.0],[119.8415,0.1293,2.9335],[119.8498,0.1264,5.7979],[119.8559,0.115,3.2526],[119.8633,0.1153,24.025],[119.8586,0.1085,10.9229],[119.8593,0.107,0.0],[119.8623,0.1076,8.6541],[119.8642,0.1097,19.7056],[119.8644,0.108,0.0],[119.8681,0.1057,4.3627],[119.8713,0.0974,9.3896],[119.8714,0.0906,11.0279],[119.8771,0.0841,10.9996],[119.8789,0.0771,2.2819],[119.8781,0.0702,3.021],[119.8793,0.0621,10.5586],[119.8749,0.0431,6.9782],[119.8811,0.0289,11.1073],[119.8857,-0.0012,2.5013],[119.8825,-0.0219,0.0],[119.8778,-0.0334,5.08],[119.8714,-0.0424,0.0],[119.8711,-0.0471,2.5468],[119.8668,-0.0578,1.9041],[119.8572,-0.0679,1.6268],[119.8435,-0.0906,3.7521],[119.842,-0.0978,13.7493],[119.8379,-0.103,8.0635],[119.8224,-0.1165,4.1929],[119.8187,-0.1167,1.8728],[119.8174,-0.1127,0.0],[119.798,-0.1065,5.5602],[119.7828,-0.1123,17.9089],[119.7807,-0.1108,0.0],[119.7776,-0.114,11.0987],[119.7791,-0.109,0.0],[119.7766,-0.1108,0.0],[119.7765,-0.107,0.0],[119.7739,-0.1073,0.0],[119.7724,-0.1039,0.0],[119.7748,-0.0937,0.0],[119.7689,-0.0768,0.0],[119.7617,-0.0718,0.0],[119.7523,-0.0725,0.0],[119.7461,-0.069,0.0],[119.7387,-0.0613,1.5998],[119.7377,-0.0582,7.6937],[119.7393,-0.057,0.0],[119.7394,-0.0523,2.6635],[119.7429,-0.048,3.8889],[119.7418,-0.0395,3.6226],[119.7428,-0.0374,3.6028],[119.7396,-0.0295,0.0],[119.7327,-0.021,0.0],[119.7172,-0.0059,0.0],[119.7036,-0.0005,0.0],[119.6984,0.0033,0.0],[119.6791,0.0079,0.0],[119.6739,0.0119,0.0],[119.6713,0.0121,0.0],[119.6707,0.0163,0.0],[119.6673,0.0173,0.0],[119.6657,0.02,0.0],[119.6596,0.0177,3.7315],[119.662,0.0069,43.6777],[119.6651,0.0059,88.299],[119.6685,0.0021,78.4363],[119.6722,0.0032,64.2833],[119.6733,0.001,97.4064],[119.6676,-0.0105,24.3541],[119.6666,-0.0141,0.0],[119.668,-0.0152,15.845],[119.6663,-0.0173,0.0],[119.6592,-0.0178,0.0],[119.6472,-0.0111,0.0],[119.6366,-0.0085,0.0],[119.6318,-0.011,0.0],[119.6265,-0.0113,0.0],[119.6104,-0.0043,0.0],[119.6064,-0.0042,0.0],[119.6054,-0.0082,36.5555],[119.6068,-0.0147,16.1562],[119.6155,-0.0322,0.0],[119.6242,-0.0445,39.6259],[119.6295,-0.0477,16.6135],[119.632,-0.0557,0.0],[119.6347,-0.0582,37.9427],[119.6345,-0.0609,36.4104],[119.6386,-0.0594,92.1527],[119.6427,-0.0609,9.1869],[119.6441,-0.0632,7.2613],[119.6434,-0.0688,22.6437],[119.6484,-0.0754,8.4162],[119.651,-0.0743,15.2094],[119.6518,-0.0771,12.21],[119.6496,-0.0807,0.0],[119.65,-0.085,0.0],[119.653,-0.0865,11.4652],[119.6542,-0.0894,13.9594],[119.6537,-0.0945,6.1885],[119.6569,-0.0978,21.1583],[119.6598,-0.0962,8.0078],[119.6636,-0.102,14.1942],[119.6631,-0.1059,10.7419],[119.6657,-0.1087,7.8569],[119.668,-0.1087,9.6946],[119.6675,-0.1116,29.1001],[119.6702,-0.1112,11.4391],[119.6709,-0.1141,6.2248],[119.6741,-0.1164,8.7626],[119.6843,-0.1187,6.7899],[119.6877,-0.1234,8.808],[119.6926,-0.1259,20.9799],[119.7031,-0.1367,14.9225],[119.7158,-0.1411,59.2115],[119.7209,-0.1444,103.6547],[119.7257,-0.1425,68.5563],[119.7377,-0.143,0.0],[119.7501,-0.1376,126.1535],[119.754,-0.138,0.0],[119.7653,-0.1294,16.3341],[119.7717,-0.1291,39.1867],[119.7791,-0.1244,82.6512],[119.7879,-0.1258,41.5368],[119.7938,-0.1218,9.7494],[119.8016,-0.1241,10.1682],[119.8103,-0.1367,5.4071],[119.8105,-0.142,29.3136],[119.804,-0.1515,11.0939],[119.7998,-0.1528,3.653],[119.7987,-0.1554,0.0],[119.8014,-0.1648,13.2762],[119.8134,-0.1769,8.7864],[119.8182,-0.1917,3.9327],[119.8181,-0.1958,4.4269],[119.8161,-0.2013,1.175],[119.812,-0.204,0.7059],[119.8051,-0.213,1.5503],[119.8043,-0.2256,0.0],[119.7988,-0.2367,7.3007],[119.795,-0.2558,4.8537],[119.7865,-0.2619,7.4153],[119.7807,-0.2755,9.3896],[119.7787,-0.2772,7.1672],[119.7763,-0.2859,7.73],[119.7771,-0.2923,18.1762],[119.7735,-0.3039,10.9176],[119.7738,-0.3123,2.6547],[119.7713,-0.3177,0.0],[119.7699,-0.3274,0.0],[119.7631,-0.3384,0.0],[119.7639,-0.3488,14.1878],[119.7624,-0.3524,0.0],[119.7558,-0.3565,4.9371],[119.7516,-0.3665,10.0298],[119.7526,-0.3735,7.1197],[119.7608,-0.3847,9.776],[119.7645,-0.4005,12.0396],[119.7615,-0.4125,0.0],[119.7583,-0.4161,0.0],[119.7585,-0.4208,87.9771],[119.7561,-0.4261,26.7988],[119.7572,-0.4326,32.8853],[119.7544,-0.4375,0.0],[119.7609,-0.4509,0.0],[119.7638,-0.4726,36.9672],[119.7638,-0.476,19.1774],[119.759,-0.4847,0.0],[119.7586,-0.49,1.8596],[119.7597,-0.4972,6.6726],[119.7674,-0.5064,14.1198],[119.7686,-0.5112,31.9762],[119.7672,-0.5117,3.6696],[119.769,-0.5147,35.4483],[119.7674,-0.5175,0.0],[119.769,-0.5241,37.3214],[119.7712,-0.5263,3.5851],[119.7708,-0.5287,0.0],[119.7766,-0.5313,29.3894],[119.7842,-0.5516,5.1758],[119.7899,-0.5748,0.0],[119.7895,-0.5986,0.7175],[119.7923,-0.6058,6.1257],[119.796,-0.6056,17.2682],[119.7936,-0.6073,10.4115],[119.8014,-0.6151,14.8777],[119.8064,-0.6253,0.0],[119.8116,-0.6287,6.291],[119.8062,-0.6419,0.0],[119.8068,-0.6486,0.0],[119.8107,-0.6556,17.3156],[119.8092,-0.6563,10.4718],[119.8106,-0.6585,2.5362],[119.8161,-0.6618,0.0],[119.8181,-0.6651,14.4525],[119.8171,-0.6719,0.0],[119.8225,-0.6884,0.0],[119.8311,-0.6927,0.885],[119.835,-0.6918,3.3147],[119.8386,-0.6951,0.0],[119.8423,-0.6958,8.7465],[119.8441,-0.6973,10.029],[119.8446,-0.7024,7.0703],[119.8627,-0.7136,6.765],[119.8633,-0.7179,5.4711],[119.8615,-0.7182,4.9466],[119.8627,-0.7188,7.2532],[119.8587,-0.7242,11.3358],[119.8547,-0.7353,6.6285],[119.8554,-0.7429,8.6035],[119.8611,-0.7511,12.948],[119.8622,-0.7556,16.5793],[119.859,-0.7645,9.1649],[119.8587,-0.7741,12.2245],[119.8631,-0.7881,6.2436],[119.872,-0.7972,8.2564],[119.8784,-0.8012,12.8058],[119.8785,-0.8104,10.905],[119.8804,-0.8177,9.7564],[119.8842,-0.8213,6.7989],[119.881,-0.8292,6.315],[119.8822,-0.8337,14.6516],[119.8793,-0.857,12.7453],[119.8811,-0.86,15.3139],[119.88,-0.8633,19.9884],[119.8744,-0.8688,2.1017],[119.8737,-0.8766,6.871],[119.8698,-0.8839,6.9216],[119.8649,-0.885,3.7357],[119.8461,-0.883,2.9135],[119.8388,-0.879,0.0],[119.825,-0.846,0.0],[119.8206,-0.8436,0.0],[119.816,-0.8382,0.0],[119.813,-0.8277,0.0],[119.8128,-0.8077,0.0],[119.8082,-0.8014,0.0],[119.8054,-0.8027,6.5506],[119.8064,-0.8015,6.5506],[119.8035,-0.791,0.0],[119.7952,-0.784,4.2437],[119.7932,-0.7761,0.0],[119.788,-0.7698,27.507],[119.7919,-0.7643,0.0],[119.7903,-0.7609,11.2073],[119.7868,-0.7587,4.4015],[119.7877,-0.7551,3.5086],[119.7829,-0.7513,9.9218],[119.7798,-0.746,27.8087],[119.7756,-0.7186,1.175],[119.7718,-0.715,12.6997],[119.769,-0.7034,3.2238],[119.7662,-0.7018,7.4902],[119.7655,-0.7052,6.6601],[119.764,-0.7056,6.6601],[119.7584,-0.7021,0.8953],[119.7582,-0.6944,0.0],[119.7621,-0.6852,0.0],[119.7609,-0.682,3.0079],[119.7453,-0.6654,0.0],[119.7406,-0.6636,4.8626],[119.7408,-0.6564,0.0],[119.7391,-0.6532,0.0],[119.7399,-0.6452,0.0],[119.7321,-0.6442,0.0],[119.7274,-0.6457,0.0],[119.7222,-0.6645,0.0],[119.7099,-0.6844,0.0],[119.7062,-0.6871,10.3186],[119.6901,-0.6922,11.8899],[119.6884,-0.6977,10.7503],[119.6899,-0.7007,21.9231],[119.6792,-0.7049,13.4919],[119.6701,-0.7026,0.0],[119.666,-0.7116,2.6847],[119.661,-0.717,11.6745],[119.6651,-0.7212,11.0018],[119.6747,-0.7209,11.2909],[119.6853,-0.7412,0.0],[119.6863,-0.7477,9.1455],[119.6818,-0.7556,20.852],[119.6822,-0.7615,51.8911],[119.6841,-0.7629,40.6603],[119.682,-0.7687,4.4512],[119.6796,-0.7691,0.6433],[119.6756,-0.7645,0.0],[119.6752,-0.7666,0.0],[119.6725,-0.767,2.8257],[119.6708,-0.7659,0.0],[119.6717,-0.765,0.0],[119.6694,-0.7646,0.0],[119.6676,-0.7676,35.8245],[119.6638,-0.7693,0.0],[119.6665,-0.7699,41.2464],[119.6676,-0.7724,11.652],[119.6657,-0.7755,15.9978],[119.6564,-0.7816,1.135],[119.6562,-0.7848,2.3747],[119.659,-0.7893,76.7329],[119.6564,-0.7948,4.005],[119.6572,-0.7961,9.0229],[119.6582,-0.7952,9.0229],[119.6584,-0.7985,9.8751],[119.6634,-0.7972,8.1454],[119.663,-0.8016,17.3947],[119.6569,-0.8047,10.0436],[119.6546,-0.8028,1.0],[119.649,-0.8054,3.2331],[119.6494,-0.7992,3.0097],[119.6512,-0.7971,2.5776],[119.6504,-0.8011,5.165],[119.6536,-0.8004,1.0],[119.6525,-0.7964,2.5776],[119.6506,-0.7952,6.5759],[119.6544,-0.7907,2.0],[119.6573,-0.7898,0.5],[119.655,-0.7842,1.9492],[119.6528,-0.7841,0.0],[119.6454,-0.7894,0.0],[119.6412,-0.79,0.0],[119.6304,-0.7952,0.0],[119.6229,-0.8008,0.0],[119.6211,-0.8205,2.6882],[119.6176,-0.8297,2.2388],[119.6137,-0.8346,2.9133],[119.6074,-0.835,0.0],[119.5968,-0.8432,1.9368],[119.5861,-0.8468,1.7136],[119.5618,-0.8497,2.2289],[119.562,-0.8548,9.9809],[119.5651,-0.8533,8.6199],[119.566,-0.8585,9.7734],[119.5651,-0.8604,10.1055],[119.5624,-0.8603,7.5281],[119.5623,-0.863,9.7656],[119.5639,-0.8641,9.7656],[119.5688,-0.8636,9.4315],[119.5663,-0.8667,11.3454],[119.568,-0.8685,15.9797],[119.5696,-0.8655,6.5115],[119.5716,-0.866,13.2763],[119.5703,-0.8747,21.5298],[119.572,-0.8752,9.0075],[119.5708,-0.8782,14.5831],[119.5728,-0.8797,13.9703],[119.5701,-0.8818,19.2762],[119.5712,-0.8845,18.966],[119.5698,-0.8894,16.5355],[119.567,-0.8886,18.7022],[119.5645,-0.8957,28.4598],[119.5619,-0.8953,21.1546],[119.5617,-0.8988,16.1294],[119.5603,-0.8994,16.1294],[119.5631,-0.9032,55.0045],[119.5595,-0.9066,26.9914],[119.5624,-0.9083,22.3177],[119.5632,-0.9105,22.6529],[119.5616,-0.9117,55.2623],[119.5632,-0.9143,26.3018],[119.5587,-0.9264,289.0461],[119.5558,-0.9271,273.8617],[119.5532,-0.9382,161.4664],[119.5555,-0.944,300.1389],[119.555,-0.9642,395.5411],[119.5592,-0.9756,327.1949],[119.56,-0.9847,469.7294],[119.5569,-1.0095,681.2463],[119.5659,-1.0187,468.9287],[119.5734,-1.0172,455.3799],[119.5754,-1.0186,435.0135],[119.5781,-1.0299,495.976],[119.574,-1.0394,572.0756],[119.5768,-1.042,588.6011],[119.5775,-1.0453,488.1552],[119.5742,-1.0468,487.009],[119.5725,-1.0499,463.8439],[119.5739,-1.0529,508.3819],[119.5805,-1.0565,479.4541],[119.5777,-1.0611,498.8331],[119.5795,-1.0633,491.3275],[119.5779,-1.0672,457.1506],[119.5811,-1.0733,560.1377],[119.58,-1.0755,527.1285],[119.5825,-1.0854,507.3564],[119.5881,-1.0868,475.9767],[119.589,-1.0883,450.5442],[119.5875,-1.0975,501.5279],[119.5904,-1.1015,496.0384],[119.5905,-1.1149,603.7367],[119.593,-1.1243,669.6603],[119.5948,-1.1245,669.6603],[119.6015,-1.1183,699.6697],[119.6055,-1.1181,640.9188],[119.6091,-1.1204,630.0714],[119.6086,-1.1285,598.8044],[119.6104,-1.1299,599.3237],[119.6106,-1.1354,599.5714],[119.607,-1.1415,552.4534],[119.6073,-1.1541,606.8311],[119.6031,-1.1591,578.4089],[119.6001,-1.1591,579.8353],[119.5952,-1.1551,336.6968],[119.5877,-1.1521,580.2869],[119.5721,-1.149,491.0151],[119.5705,-1.1811,142.6089],[119.5696,-1.1859,95.0269],[119.5664,-1.188,82.5196],[119.5669,-1.1962,76.3381],[119.5648,-1.2013,58.1455],[119.5608,-1.2016,76.9338],[119.5608,-1.2036,47.0829],[119.5541,-1.2048,42.037],[119.5517,-1.2028,38.907],[119.5421,-1.2005,35.8892],[119.5422,-1.223,31.3733],[119.5383,-1.2267,28.1135],[119.524,-1.2515,26.3468],[119.5038,-1.2765,25.7459],[119.4805,-1.2903,26.1326],[119.4733,-1.2978,22.5989],[119.476,-1.3059,18.7968],[119.4749,-1.308,26.3498],[119.4768,-1.3093,22.7834],[119.4776,-1.3067,18.591],[119.4782,-1.3088,24.4],[119.4818,-1.3094,20.3933],[119.4819,-1.3068,22.6548],[119.484,-1.3085,24.2754],[119.4845,-1.3061,24.4973],[119.4874,-1.3083,22.1893],[119.4882,-1.3064,22.7699],[119.4925,-1.3049,26.9169],[119.4954,-1.3058,28.7138],[119.4961,-1.3045,23.3859],[119.4947,-1.3031,23.3859],[119.4987,-1.303,28.0111],[119.4986,-1.299,25.0455],[119.5,-1.3006,28.0445],[119.5013,-1.2993,25.8629],[119.5051,-1.2995,27.0692],[119.5066,-1.302,24.75],[119.5097,-1.2989,28.0725],[119.512,-1.3002,29.8105],[119.5106,-1.3027,29.8781],[119.5136,-1.3009,29.3424],[119.517,-1.3024,28.5057],[119.5189,-1.3006,34.0181],[119.5165,-1.2972,32.2574],[119.5199,-1.2969,29.7495],[119.5236,-1.2944,30.7744],[119.5253,-1.2955,29.8023],[119.5266,-1.3007,40.1899],[119.5225,-1.3107,30.5338],[119.5195,-1.3154,31.0234],[119.5106,-1.313,29.5356],[119.501,-1.32,31.0323],[119.4919,-1.3218,23.9163],[119.489,-1.3206,26.2385],[119.4863,-1.3223,24.2711],[119.482,-1.322,23.5106],[119.4733,-1.317,22.4271],[119.4643,-1.3186,22.4804],[119.4566,-1.3279,17.6333],[119.4558,-1.335,18.2758],[119.4479,-1.3409,21.1166],[119.4469,-1.3528,27.4878],[119.4485,-1.3609,28.1647],[119.452,-1.3669,26.7156],[119.4784,-1.3983,28.9133],[119.4813,-1.3985,28.459],[119.4905,-1.3909,30.4971],[119.5022,-1.3929,32.4406],[119.5047,-1.3949,32.2851],[119.5027,-1.3988,30.2515],[119.5034,-1.4013,33.1815],[119.5095,-1.4047,35.438],[119.5081,-1.4131,36.7673],[119.5094,-1.4169,39.7057],[119.5121,-1.416,38.1538],[119.5144,-1.4101,35.4221],[119.5187,-1.412,37.1547],[119.5216,-1.4237,37.7725],[119.5201,-1.4335,34.125],[119.5172,-1.4389,50.6495],[119.5107,-1.4382,42.6326],[119.5105,-1.443,42.2931],[119.5075,-1.4474,57.1356],[119.5083,-1.4508,88.7716],[119.5117,-1.4511,42.4134],[119.5156,-1.4456,71.4287],[119.5204,-1.4454,43.4221],[119.5292,-1.4367,60.3973],[119.5331,-1.4283,73.9693],[119.5406,-1.4318,49.1616],[119.5397,-1.424,50.7967],[119.5421,-1.4218,50.8478],[119.5468,-1.4236,48.9746],[119.5487,-1.4266,50.2639],[119.5451,-1.435,54.7325],[119.5466,-1.4374,61.7987],[119.5507,-1.4322,61.1103],[119.5569,-1.4315,62.9152],[119.5619,-1.4276,118.2876],[119.5689,-1.428,60.4236],[119.5693,-1.4249,56.75],[119.5674,-1.4224,76.1632],[119.5687,-1.4213,63.0827],[119.5734,-1.4216,69.3754],[119.5829,-1.4256,64.3562],[119.5845,-1.4213,68.3414],[119.582,-1.4096,65.2583],[119.5894,-1.4092,68.8921],[119.5902,-1.4056,70.7149],[119.589,-1.4026,81.1499],[119.5913,-1.3965,73.4018],[119.5971,-1.3992,71.4207],[119.6,-1.3977,99.3006],[119.6016,-1.4027,76.0924],[119.6045,-1.4039,74.0883],[119.6075,-1.4026,87.3612],[119.6114,-1.4063,127.065],[119.6156,-1.4039,148.96],[119.6143,-1.4005,125.1986],[119.6182,-1.4012,84.5532],[119.622,-1.397,84.5141],[119.6298,-1.4066,139.6316],[119.6324,-1.4049,145.9741],[119.6313,-1.4007,142.7857],[119.6421,-1.4046,151.82],[119.6461,-1.4129,131.2191],[119.6514,-1.4164,111.7735],[119.6552,-1.4229,106.9704],[119.6584,-1.4241,114.515],[119.6637,-1.4225,107.8899],[119.6656,-1.4275,112.164],[119.6723,-1.4315,106.2607],[119.6715,-1.4333,138.1277],[119.6659,-1.4342,141.3282],[119.6716,-1.4352,129.0544],[119.6695,-1.4399,158.2717],[119.6709,-1.4426,115.9389],[119.6799,-1.443,196.3225],[119.6823,-1.4406,119.1243],[119.6841,-1.4423,125.7861],[119.6861,-1.4501,130.276],[119.6955,-1.4509,116.4508],[119.7006,-1.4578,122.1971],[119.6926,-1.467,213.7815],[119.6934,-1.4727,258.7335],[119.6866,-1.4774,315.4013],[119.6848,-1.4853,505.7313],[119.6801,-1.4903,686.843],[119.6805,-1.4945,761.3021],[119.6693,-1.5142,1121.8899],[119.6687,-1.5211,1145.0936],[119.6664,-1.5256,1093.7914],[119.6666,-1.5305,1005.8755],[119.6685,-1.5335,1154.5184],[119.6735,-1.5356,1229.0598],[119.6711,-1.544,1390.1462],[119.6778,-1.5504,1523.818],[119.6865,-1.5547,1498.0957],[119.6889,-1.558,1467.9619],[119.6897,-1.5629,1442.332],[119.692,-1.5648,1475.2059],[119.7013,-1.5661,1573.0752],[119.7033,-1.5727,1588.4436],[119.71,-1.5768,1588.3623],[119.7097,-1.5824,1645.6262],[119.7153,-1.5922,1551.2722],[119.7334,-1.605,1734.6934],[119.7357,-1.6139,1810.6193],[119.7334,-1.6178,1794.5699],[119.7271,-1.6223,1844.4536],[119.7288,-1.627,1839.0544],[119.7262,-1.635,1876.0854],[119.7278,-1.6435,1879.062],[119.7299,-1.645,1852.229],[119.7362,-1.6434,1944.1467],[119.7505,-1.6434,1558.0841],[119.7513,-1.6531,1487.4456],[119.7598,-1.6593,1500.4668],[119.7594,-1.6685,1648.4167],[119.7643,-1.6786,1780.9626],[119.7789,-1.69,1901.897],[119.7794,-1.7003,2049.2754],[119.7765,-1.7045,1975.2139],[119.7765,-1.7091,1907.3826],[119.7788,-1.7123,1853.9998],[119.792,-1.7211,1626.4246],[119.7943,-1.7246,1628.8635],[119.7925,-1.7303,1531.7655],[119.7975,-1.7392,1655.7159],[119.8045,-1.7437,1693.8076],[119.809,-1.7413,1754.0579],[119.8146,-1.7493,1770.204],[119.8146,-1.755,1926.7295],[119.8201,-1.7581,1989.6803],[119.8224,-1.763,2012.3411],[119.8269,-1.7674,2042.7142],[119.8357,-1.7698,2035.7271],[119.8438,-1.7755,2119.4551],[119.8548,-1.7699,2126.5491],[119.8614,-1.7724,2079.2324],[119.8661,-1.7709,2138.6392],[119.8714,-1.7786,2116.3247],[119.8704,-1.7828,2039.9288],[119.8655,-1.7887,2034.2515],[119.8651,-1.7949,2026.3435],[119.8606,-1.8008,2165.7581],[119.859,-1.8088,2276.1943],[119.8627,-1.8165,2189.0369],[119.8579,-1.8221,2195.2891],[119.8624,-1.8362,2268.8096],[119.8689,-1.8423,2167.397],[119.8672,-1.8499,2201.1426],[119.8754,-1.8624,2326.8914],[119.8736,-1.8652,2358.4641],[119.8569,-1.8765,2408.0596],[119.8593,-1.8803,2416.9319],[119.8658,-1.8813,2228.9541],[119.8691,-1.8906,2202.1191],[119.8657,-1.9118,2121.0361],[119.8605,-1.916,2118.4302],[119.8631,-1.92,2063.7314],[119.8606,-1.9258,2062.1885],[119.8614,-1.9322,2135.1536],[119.8646,-1.9359,2124.2676],[119.8708,-1.9382,2079.45],[119.8656,-1.9497,2083.8555],[119.8676,-1.9528,2083.4038],[119.8638,-1.9612,2095.6577],[119.8677,-1.9678,2023.5999],[119.8676,-1.9844,1890.6926],[119.8704,-1.9998,1684.1689],[119.8661,-2.0114,1676.7935],[119.8734,-2.0211,1834.7089],[119.8682,-2.0275,1675.3096],[119.8716,-2.0345,1639.7992],[119.8793,-2.038,1668.7694],[119.8839,-2.0462,1550.1671],[119.8911,-2.0497,1544.3206],[119.8938,-2.0489,1541.9661],[119.8968,-2.054,1511.7666],[119.9003,-2.0554,1582.197],[119.9091,-2.0534,1673.703],[119.9207,-2.0337,1755.8107],[119.9244,-2.0339,1809.0547],[119.9304,-2.0375,1913.7721],[119.9366,-2.0352,1959.5804],[119.9393,-2.0308,2050.2397],[119.945,-2.0283,2074.8323],[119.9443,-2.0158,2122.2068],[119.9523,-2.0094,2126.1882],[119.9555,-2.0038,2145.9033],[119.9638,-2.0003,2299.8015],[119.9647,-1.9888,2078.7302],[119.9691,-1.9765,2120.104],[119.9838,-1.9736,2472.7935],[119.9913,-1.966,2347.1667],[120.0095,-1.9644,2111.1929],[120.0129,-1.966,2132.3198],[120.0157,-1.97,2153.8176],[120.0216,-1.9677,2183.4148],[120.0324,-1.9718,2029.6439],[120.0368,-1.9746,2154.2805],[120.0408,-1.9805,2218.1963],[120.0509,-1.9848,2165.2249],[120.0535,-1.9822,2125.2297],[120.062,-1.9809,1933.7388],[120.0853,-1.9797,1964.3861],[120.0905,-1.9814,1916.709],[120.1104,-1.9921,2239.1125],[120.1134,-1.992,2154.1812],[120.1144,-2.0068,1972.9154],[120.115,-2.009,2019.0996],[120.1194,-2.0124,2117.1943],[120.1417,-2.0216,1727.1935],[120.1519,-2.0226,1774.2266],[120.1642,-2.0296,1737.9224],[120.1747,-2.0319,1443.3083],[120.1791,-2.0344,1343.7162],[120.2034,-2.0362,1040.9659],[120.2178,-2.0326,1184.6136],[120.2324,-2.0321,1358.7085],[120.2383,-2.029,1310.0677],[120.2706,-2.0283,1702.535],[120.2824,-2.0326,1738.3953],[120.2916,-2.0402,1842.0935],[120.3111,-2.0506,1773.3992],[120.3173,-2.0519,1637.3351],[120.3349,-2.0616,1708.6565],[120.3398,-2.0613,1761.0496],[120.3447,-2.0567,1924.396],[120.3493,-2.0301,1926.7809],[120.357,-2.019,1732.9862],[120.358,-2.0129,1728.5532],[120.3619,-2.0108,1730.4343],[120.3629,-1.9916,1720.3972],[120.3721,-1.9629,1669.0784],[120.3754,-1.9611,1617.5518],[120.3793,-1.9534,1481.4163],[120.3795,-1.9452,1463.0808],[120.3888,-1.8975,1713.1362],[120.3908,-1.8952,1733.3922],[120.4034,-1.8955,1667.8719],[120.4085,-1.8973,1561.6377],[120.4188,-1.9145,1480.1937],[120.4274,-1.9241,1273.5433],[120.4416,-1.9365,1450.3379],[120.4462,-1.9373,1544.6902],[120.4618,-1.9537,1279.4524],[120.4657,-1.9611,1421.7853],[120.4705,-1.9629,1565.5293],[120.477,-1.9778,1590.9524],[120.4798,-1.9799,1455.0012],[120.4808,-1.9842,1356.3348],[120.4839,-1.9873,1475.5081],[120.4839,-2.0021,1304.9763],[120.5028,-2.0296,1591.2218],[120.5397,-2.0703,1136.7115],[120.5433,-2.0783,1024.459],[120.5782,-2.1162,970.1447],[120.5803,-2.1226,976.6566],[120.5864,-2.1295,1088.8644],[120.6223,-2.1621,1234.584],[120.6684,-2.1923,1579.0093],[120.6766,-2.1957,1690.5548],[120.6853,-2.2054,1563.8678],[120.6992,-2.2108,1490.3275],[120.7174,-2.2233,1670.3853],[120.7256,-2.2267,1831.4329],[120.7423,-2.2303,1784.7838],[120.7566,-2.239,1495.8604],[120.791,-2.2385,1260.2605],[120.805,-2.2253,1098.854],[120.8377,-2.2186,1304.3281],[120.8803,-2.2198,1274.754],[120.9365,-2.2282,1493.8622],[120.9606,-2.2337,1569.9333],[120.9909,-2.2441,1346.6439],[121.0031,-2.252,1361.6732],[121.0104,-2.2623,1296.2826],[121.0284,-2.2703,1321.4929],[121.0344,-2.2755,1290.0974],[121.0532,-2.267,1520.5569],[121.0673,-2.2679,1590.2229],[121.097,-2.2747,1534.1611],[121.1051,-2.2792,1651.5941],[121.1127,-2.2909,1462.8636],[121.1408,-2.3204,681.7144],[121.1492,-2.3399,845.5375],[121.1629,-2.3514,786.1818],[121.1756,-2.3698,1246.8992],[121.181,-2.3749,1337.8945],[121.1854,-2.3755,1309.8586],[121.205,-2.3717,1212.1067],[121.2306,-2.3613,1228.5897],[121.2406,-2.3666,1096.4764],[121.2986,-2.378,468.5739],[121.3187,-2.3888,423.5611],[121.408,-2.4103,647.2428],[121.4104,-2.4105,654.7208],[121.4162,-2.4066,604.0568],[121.4406,-2.4068,486.5527],[121.4421,-2.405,469.7459],[121.447,-2.4116,731.8409],[121.4603,-2.4198,953.5749],[121.4688,-2.4216,1135.7781],[121.4903,-2.4302,1280.3147],[121.5013,-2.4526,626.1755],[121.5066,-2.4516,632.2044],[121.5129,-2.455,641.2634],[121.516,-2.4599,677.6602],[121.5272,-2.4618,715.965],[121.5308,-2.467,690.4321],[121.5455,-2.4719,719.9766],[121.5496,-2.4802,810.15],[121.556,-2.4853,951.8128],[121.5598,-2.4911,1026.9836],[121.5858,-2.4918,1089.2969],[121.6115,-2.4848,969.2396],[121.6175,-2.4858,905.0103],[121.6263,-2.49,1143.5894],[121.631,-2.494,1080.425],[121.6363,-2.502,1024.7734],[121.6437,-2.5227,936.2595],[121.649,-2.5342,991.2993],[121.6532,-2.5395,916.5496],[121.6595,-2.5398,897.3232],[121.6666,-2.5368,868.9886],[121.6836,-2.5427,928.0288],[121.6866,-2.5409,994.9919],[121.6873,-2.535,1013.8267],[121.6894,-2.5325,859.7869],[121.6938,-2.5316,899.777],[121.6983,-2.5329,1130.8029],[121.7041,-2.5381,1081.2847],[121.7384,-2.5927,816.2745],[121.7556,-2.6105,959.1626],[121.7753,-2.6246,1012.0947],[121.7799,-2.6307,971.3481],[121.7784,-2.6449,718.2844],[121.7806,-2.6492,678.4355],[121.7887,-2.6545,674.5392],[121.7904,-2.6604,739.9709],[121.7896,-2.667,845.3092],[121.7783,-2.6861,1335.7275],[121.7636,-2.6967,1025.4714],[121.7577,-2.7051,1063.8091],[121.7544,-2.7346,1004.067],[121.743,-2.7496,766.1556],[121.7415,-2.7563,748.0431],[121.7242,-2.7658,773.901],[121.7222,-2.7683,766.797],[121.724,-2.808,967.2946],[121.7198,-2.8141,1106.6512],[121.7123,-2.8182,1063.209],[121.7094,-2.8182,1087.4705],[121.7031,-2.8144,1023.7316],[121.6987,-2.8144,1006.6506],[121.6865,-2.821,1062.9238],[121.6784,-2.8296,799.3442],[121.6698,-2.8426,757.2146],[121.6721,-2.854,1001.7923],[121.6726,-2.869,942.7855],[121.6883,-2.878,898.9485],[121.6912,-2.8823,901.377],[121.6904,-2.8887,950.2479],[121.6855,-2.9008,1066.8494],[121.6939,-2.9022,1040.5736],[121.7029,-2.9118,459.9496],[121.7107,-2.9138,314.1227],[121.7126,-2.9195,310.5044],[121.7142,-2.9203,302.0432],[121.7217,-2.9194,302.0882],[121.7249,-2.9168,298.8026],[121.7304,-2.9159,310.5341],[121.7326,-2.918,301.3926],[121.7383,-2.9188,333.8948],[121.7415,-2.9242,373.0459],[121.7516,-2.9235,299.11],[121.7562,-2.9253,306.1521],[121.7661,-2.9329,331.7686],[121.7709,-2.9428,289.9707],[121.775,-2.943,271.1167],[121.7781,-2.9458,269.8242],[121.7824,-2.9436,283.5357],[121.7844,-2.9454,272.4885],[121.7912,-2.9444,311.8978],[121.8042,-2.9531,284.8546],[121.8191,-2.9591,266.9859],[121.8255,-2.969,258.7528],[121.8334,-2.9722,252.0604],[121.8355,-2.9707,259.47],[121.8425,-2.9707,262.27],[121.8462,-2.9679,273.2643],[121.8511,-2.9673,248.2801],[121.8531,-2.9645,283.0516],[121.8575,-2.9639,240.5431],[121.8655,-2.9674,248.2048],[121.8704,-2.9715,238.7242],[121.8824,-2.9751,372.7863],[121.8992,-2.9832,524.6672],[121.9208,-2.99,714.4865],[121.9284,-2.9839,632.5259],[121.9392,-2.9795,802.6782],[121.9492,-2.9766,790.6987],[121.9635,-2.9753,791.7572],[121.9811,-2.9662,734.0947],[122.0064,-2.9576,555.8152],[122.0162,-2.9574,641.4523],[122.024,-2.9595,679.1691],[122.0319,-2.958,737.4772],[122.0385,-2.9596,822.4515],[122.055,-2.95,896.1978],[122.0611,-2.9491,1014.9908],[122.0691,-2.9518,994.7625],[122.0849,-2.967,1035.9777],[122.0848,-2.9715,1007.2964],[122.0812,-2.9804,964.0288],[122.0894,-2.9969,765.9191],[122.1,-3.009,761.5898],[122.1081,-3.0137,830.9587],[122.1306,-3.0221,618.223],[122.142,-3.022,727.6577],[122.1615,-3.0259,1010.0689],[122.1765,-3.03,976.1807],[122.1796,-3.0328,1015.2158],[122.1809,-3.036,1011.7551],[122.1797,-3.047,938.0283],[122.1732,-3.0713,779.6185],[122.1719,-3.0842,540.5468],[122.1756,-3.0891,558.1638],[122.1918,-3.099,511.0331],[122.2056,-3.1116,635.1968],[122.2222,-3.1349,393.1232],[122.2287,-3.1399,598.7234],[122.2325,-3.1406,709.9643],[122.2534,-3.135,908.7922],[122.2664,-3.1452,865.8934],[122.2789,-3.1412,862.941],[122.2849,-3.1414,780.8763],[122.2894,-3.1432,738.5623],[122.2962,-3.1556,559.2244],[122.3144,-3.165,529.6709],[122.3154,-3.1746,471.9101],[122.3109,-3.1942,306.5471],[122.3026,-3.2089,296.3821],[122.2985,-3.2125,439.8806],[122.2954,-3.2206,412.7289],[122.2956,-3.2262,382.6659],[122.3003,-3.2326,367.5609],[122.302,-3.2377,315.3058],[122.2976,-3.246,296.0726],[122.2956,-3.2553,222.5421],[122.2997,-3.2623,161.0278],[122.3108,-3.2729,10.5225],[122.314,-3.2721,9.1671],[122.3166,-3.2668,0.0],[122.3173,-3.2586,10.256],[122.3214,-3.2541,19.3262],[122.3234,-3.2413,10.7349],[122.3259,-3.2387,0.0],[122.3249,-3.2337,2.228],[122.3275,-3.2324,5.4454],[122.3275,-3.2342,3.6647],[122.3319,-3.2363,0.0],[122.3358,-3.2344,11.1313],[122.338,-3.2352,0.0],[122.3394,-3.2338,3.8154],[122.3389,-3.2317,8.3853],[122.3422,-3.231,116.8033],[122.3443,-3.2329,73.9599],[122.3437,-3.236,22.1512],[122.3476,-3.2369,2.2963],[122.3568,-3.2311,3.1069],[122.3569,-3.2296,3.1069],[122.3611,-3.2326,6.2263],[122.3631,-3.2318,0.0],[122.3618,-3.2287,3.5064],[122.3652,-3.2267,9.3143],[122.3668,-3.2278,0.0],[122.3659,-3.2264,9.3143],[122.3681,-3.2255,39.0386],[122.3705,-3.2291,114.0605],[122.3638,-3.2332,35.6777],[122.3634,-3.2354,47.7342],[122.365,-3.2378,28.1942],[122.3694,-3.2363,255.6194],[122.3693,-3.2383,276.1445],[122.367,-3.2423,174.4337],[122.3621,-3.2445,7.908],[122.3617,-3.2464,0.0],[122.3639,-3.2452,42.817],[122.3633,-3.2481,59.6143],[122.3601,-3.2472,4.0553],[122.3594,-3.2498,97.3221],[122.3567,-3.2505,56.4313],[122.3563,-3.2524,7.0049],[122.3582,-3.2528,74.2621],[122.3592,-3.2552,3.6751],[122.3638,-3.2544,75.338],[122.365,-3.2566,0.0],[122.3667,-3.2543,65.1891],[122.3666,-3.2484,49.4559],[122.3684,-3.2488,9.8531],[122.3691,-3.2469,22.1744],[122.3716,-3.248,22.7161],[122.3724,-3.2456,41.2266],[122.3746,-3.2474,18.5846],[122.3739,-3.2494,26.7348],[122.3718,-3.2493,22.7161],[122.3716,-3.2532,0.0],[122.3735,-3.2502,38.9847],[122.3749,-3.2523,0.0],[122.3741,-3.2546,0.0],[122.3774,-3.2531,104.314],[122.3769,-3.257,0.0],[122.3816,-3.2548,20.5808],[122.3857,-3.2572,0.0],[122.3851,-3.2552,35.7974],[122.3939,-3.2509,7.4651],[122.3947,-3.2488,51.5332],[122.3978,-3.2497,0.0],[122.397,-3.2478,41.4712],[122.3989,-3.2474,4.2252],[122.3969,-3.243,7.9201],[122.4011,-3.2396,0.0],[122.4056,-3.2427,78.0857],[122.4083,-3.2481,52.7918],[122.4082,-3.2563,9.0003],[122.4112,-3.2562,110.226],[122.4115,-3.2579,4.7818],[122.4155,-3.2561,81.8627],[122.4169,-3.2594,30.0925],[122.4195,-3.2596,45.5685],[122.4166,-3.2605,6.716],[122.4168,-3.2621,19.6083],[122.4226,-3.2616,86.787],[122.4233,-3.263,60.5943],[122.4214,-3.2644,56.0188],[122.4235,-3.2663,25.0026],[122.4222,-3.2707,25.5948],[122.424,-3.2724,55.0063],[122.4233,-3.2744,48.2142],[122.4218,-3.2741,0.0],[122.4231,-3.2782,0.0],[122.426,-3.2755,46.7233],[122.4252,-3.279,60.6383],[122.4273,-3.2797,0.0],[122.4271,-3.2764,3.5754],[122.4309,-3.2747,0.0],[122.4329,-3.2712,0.0],[122.4309,-3.2691,0.0],[122.43,-3.2636,111.2885],[122.4334,-3.2576,0.0],[122.4285,-3.2556,97.8298],[122.4282,-3.2507,34.8837],[122.4235,-3.2474,3.3696],[122.4226,-3.2449,0.0],[122.4257,-3.2433,11.8924],[122.4263,-3.247,0.0],[122.4283,-3.246,34.5482],[122.4304,-3.2474,0.0],[122.4309,-3.2451,0.0],[122.4295,-3.2449,24.6734],[122.433,-3.243,0.0],[122.4337,-3.2408,0.0],[122.4305,-3.2386,83.3303],[122.43,-3.2351,86.6716],[122.4326,-3.2349,0.7278],[122.428,-3.2266,79.0686],[122.4289,-3.2247,24.0946],[122.4268,-3.2177,0.0],[122.4247,-3.2163,10.5723],[122.4261,-3.2093,3.4187],[122.4228,-3.2053,6.239],[122.4241,-3.2018,3.9895],[122.428,-3.2013,0.0],[122.4294,-3.1996,1.5319]],
[[119.6692,-0.7054,18.0445],[119.6693,-0.7058,18.0445],[119.6691,-0.7059,18.0445],[119.6688,-0.7055,0.0],[119.6692,-0.7054,18.0445]],
[[121.6645,-0.8301,30.4293],[121.6643,-0.8303,30.4293],[121.6644,-0.8296,30.4293],[121.6645,-0.8298,30.4293],[121.6645,-0.8301,30.4293]]],
[[[121.60027777777778,-0.844122222222224,0.7993],[121.6002,-0.8441,0.7993],[121.6002,-0.8442,0.7993],[121.60027777777778,-0.844122222222224,0.7993]]],
[[[121.5829,-0.8671,1.9464],[121.5835,-0.8672,1.9464],[121.5835,-0.8674,1.9464],[121.5836,-0.8671,1.9464],[121.5829,-0.8671,1.9464]]],
[[[123.4519,-0.829,2.2006],[123.4516,-0.8277,0.0],[123.4488,-0.8285,0.0],[123.448,-0.8303,3.9118],[123.4487,-0.8301,3.9118],[123.4519,-0.829,2.2006]]],
[[[123.4587,-0.8227,2.5768],[123.4573,-0.8195,0.0],[123.4526,-0.8179,0.0],[123.4543,-0.8234,5.9858],[123.4573,-0.8249,13.1262],[123.4587,-0.8227,2.5768]]],
[[[119.6559,-0.7933,3.5223],[119.6579,-0.7912,0.5],[119.6546,-0.7911,2.0],[119.652,-0.7954,6.5759],[119.6537,-0.795,3.8275],[119.654,-0.7938,6.7362],[119.6554,-0.7947,4.005],[119.6559,-0.7933,3.5223]]],
[[[119.6578,-0.7892,2.0852],[119.6582,-0.7896,0.5],[119.6583,-0.7885,2.0852],[119.658,-0.7884,2.0852],[119.6578,-0.7892,2.0852]]],
[[[119.6547,-0.7831,1.9492],[119.6553,-0.7829,1.135],[119.6555,-0.7816,1.135],[119.6546,-0.7822,0.0],[119.6547,-0.7831,1.9492]]],
[[[121.7696,-0.7464,4.5224],[121.7725,-0.738,0.0],[121.7665,-0.7399,12.2985],[121.7605,-0.7383,6.6818],[121.7575,-0.741,0.0],[121.7624,-0.7502,10.3424],[121.7694,-0.7547,0.0],[121.7696,-0.7464,4.5224]]],
[[[119.6779,-0.7274,3.3554],[119.6778,-0.7273,3.3554],[119.6777,-0.7275,3.3554],[119.6778,-0.7275,3.3554],[119.6779,-0.7274,3.3554]]],
[[[119.7616,-0.6993,0.0],[119.7609,-0.6998,0.0],[119.761,-0.7006,0.0],[119.7617,-0.6997,0.0],[119.7616,-0.6993,0.0]]],
[[[119.7631,-0.6981,0.0],[119.7633,-0.6985,0.0],[119.7637,-0.6981,0.0],[119.7633,-0.698,0.0],[119.7631,-0.6981,0.0]]],
[[[122.7514,-0.6405,0.0],[122.7437,-0.6437,0.0],[122.7473,-0.6469,0.0],[122.7505,-0.6464,0.0],[122.7546,-0.6428,0.0],[122.7553,-0.6401,0.0],[122.7514,-0.6405,0.0]]],
[[[122.8377,-0.6263,0.9545],[122.836,-0.6249,0.7799],[122.8307,-0.6291,0.0],[122.8368,-0.6296,0.0],[122.8377,-0.6263,0.9545]]],
[[[122.8948,-0.6156,3.6353],[122.8928,-0.622,1.2878],[122.8955,-0.6223,6.3917],[122.899,-0.6183,0.0],[122.8978,-0.6161,1.0268],[122.8948,-0.6156,3.6353]]],
[[[123.3614,-0.6186,0.0],[123.3595,-0.6154,0.0],[123.3561,-0.6165,0.0],[123.3563,-0.618,0.0],[123.3614,-0.6186,0.0]]],
[[[123.3545,-0.6118,1.5049],[123.35,-0.609,0.0],[123.3469,-0.6091,0.0],[123.3464,-0.6111,3.0617],[123.3538,-0.6145,1.6357],[123.3545,-0.6118,1.5049]]],
[[[123.3364,-0.6039,0.0],[123.3332,-0.6052,0.0],[123.3339,-0.6064,0.0],[123.336,-0.6064,0.0],[123.3364,-0.6039,0.0]]],
[[[121.6262,-0.5941,11.3901],[121.6308,-0.5907,9.2877],[121.6265,-0.5825,0.0],[121.6234,-0.5885,0.0],[121.6206,-0.5904,0.0],[121.6262,-0.5941,11.3901]]],
[[[121.644,-0.5358,0.0],[121.6464,-0.5369,0.0],[121.6474,-0.5345,0.0],[121.6426,-0.5351,0.0],[121.644,-0.5358,0.0]]],
[[[122.6505,-0.5085,0.0],[122.6515,-0.5056,1.0985],[122.6456,-0.5027,0.0],[122.644,-0.5039,0.0],[122.6474,-0.5085,0.0],[122.6505,-0.5085,0.0]]],
[[[121.8735,-0.522,0.0],[121.8721,-0.5123,1.3364],[121.8659,-0.5165,1.4555],[121.8609,-0.5254,45.0932],[121.8655,-0.5292,27.7057],[121.8736,-0.5302,0.6667],[121.875,-0.5267,0.0],[121.8726,-0.5245,4.3672],[121.8735,-0.522,0.0]]],
[[[122.5696,-0.493,15.355],[122.5631,-0.4907,12.76],[122.5545,-0.4923,21.5354],[122.5304,-0.4923,0.0],[122.524,-0.4991,0.0],[122.5243,-0.5033,0.0],[122.5284,-0.5077,3.5269],[122.5308,-0.5079,26.8687],[122.538,-0.5029,9.2776],[122.5501,-0.5096,0.0],[122.5578,-0.5189,18.9991],[122.5641,-0.5203,0.0],[122.5704,-0.514,11.3946],[122.5803,-0.5107,0.0],[122.5807,-0.5081,0.0],[122.5848,-0.5044,0.0],[122.6021,-0.5055,0.0],[122.6032,-0.5037,2.0132],[122.6164,-0.5027,0.0],[122.6172,-0.5007,2.9826],[122.6028,-0.4806,11.5584],[122.5884,-0.4845,9.0635],[122.5848,-0.4841,0.0],[122.5696,-0.493,15.355]]],
[[[121.6587,-0.5337,0.0],[121.6584,-0.5338,0.0],[121.6582,-0.5344,0.0],[121.6585,-0.5343,0.0],[121.6587,-0.5337,0.0]]],
[[[121.6591,-0.5334,0.0],[121.6595,-0.5331,0.0],[121.6594,-0.5328,0.0],[121.659,-0.533,0.0],[121.6591,-0.5334,0.0]]],
[[[121.6609,-0.5308,0.0],[121.6606,-0.5308,0.0],[121.6596,-0.5327,0.0],[121.661,-0.5317,0.0],[121.6609,-0.5308,0.0]]],
[[[121.6698,-0.5284,2.8814],[121.67,-0.5278,1.398],[121.6698,-0.5275,1.398],[121.6694,-0.5283,2.8814],[121.6698,-0.5284,2.8814]]],
[[[121.6916,-0.4896,0.0],[121.6911,-0.4902,0.0],[121.6913,-0.4906,0.0],[121.6919,-0.49,0.0],[121.6916,-0.4896,0.0]]],
[[[121.69,-0.4874,0.0],[121.6879,-0.4902,0.8356],[121.6877,-0.4916,0.0],[121.6905,-0.4884,0.0],[121.69,-0.4874,0.0]]],
[[[121.6905,-0.4869,0.0],[121.691,-0.4871,0.0],[121.691,-0.4859,0.0],[121.6904,-0.4861,0.0],[121.6905,-0.4869,0.0]]],
[[[121.6761,-0.4847,0.0],[121.6766,-0.4832,0.0],[121.68,-0.4793,0.0],[121.6745,-0.4837,0.0],[121.6761,-0.4847,0.0]]],
[[[121.6984,-0.4775,0.0],[121.6988,-0.4768,0.0],[121.6979,-0.4762,0.0],[121.6976,-0.477,7.7427],[121.6984,-0.4775,0.0]]],
[[[121.6937,-0.4784,3.0402],[121.6938,-0.4779,4.1264],[121.6934,-0.4779,4.1264],[121.6934,-0.4787,3.0402],[121.6937,-0.4784,3.0402]]],
[[[121.6941,-0.4775,4.6512],[121.6943,-0.4777,4.6512],[121.6946,-0.4773,4.6512],[121.6943,-0.477,4.6512],[121.6941,-0.4775,4.6512]]],
[[[121.692,-0.477,4.1264],[121.692,-0.475,2.9293],[121.6888,-0.4754,0.0],[121.69,-0.4797,0.0],[121.6926,-0.4787,3.0402],[121.6913,-0.4779,4.7007],[121.692,-0.477,4.1264]]],
[[[121.6946,-0.4747,1.7973],[121.6943,-0.4748,1.7973],[121.6948,-0.4759,1.7973],[121.6954,-0.4749,1.7973],[121.6946,-0.4747,1.7973]]],
[[[121.6821,-0.4753,0.0],[121.6828,-0.4739,0.0],[121.6828,-0.472,0.0],[121.6818,-0.4752,0.0],[121.6821,-0.4753,0.0]]],
[[[121.6939,-0.466,0.0],[121.693,-0.4654,0.0],[121.6912,-0.4668,0.0],[121.6916,-0.467,0.0],[121.6939,-0.466,0.0]]],
[[[121.7024,-0.467,0.0],[121.6976,-0.4643,1.5717],[121.6955,-0.4653,0.0],[121.7035,-0.4676,0.0],[121.7024,-0.467,0.0]]],
[[[121.7245,-0.4653,0.0],[121.723,-0.465,0.0],[121.7222,-0.4666,0.0],[121.7238,-0.4665,0.0],[121.7252,-0.4646,0.0],[121.7245,-0.4653,0.0]]],
[[[121.6958,-0.4709,0.0],[121.6955,-0.4709,0.0],[121.6956,-0.4715,5.2016],[121.696,-0.4712,0.0],[121.6958,-0.4709,0.0]]],
[[[121.6963,-0.4703,0.0],[121.6967,-0.4705,0.0],[121.6968,-0.47,0.0],[121.6962,-0.4699,0.0],[121.6963,-0.4703,0.0]]],
[[[121.6934,-0.4698,0.0],[121.694,-0.4698,0.0],[121.6941,-0.4695,0.0],[121.6937,-0.4693,0.0],[121.6934,-0.4698,0.0]]],
[[[121.7155,-0.4685,0.0],[121.7152,-0.4686,0.0],[121.7146,-0.4686,0.0],[121.7152,-0.4693,0.0],[121.7155,-0.4685,0.0]]],
[[[121.6978,-0.4699,0.0],[121.6975,-0.4698,0.0],[121.6973,-0.4698,0.0],[121.6973,-0.4701,0.0],[121.6978,-0.4699,0.0]]],
[[[121.6945,-0.4699,0.0],[121.6944,-0.4709,0.0],[121.6955,-0.4707,0.0],[121.6956,-0.4703,0.0],[121.6945,-0.4699,0.0]]],
[[[121.6845,-0.4698,0.0],[121.684,-0.4712,0.0],[121.69,-0.4665,0.0],[121.6881,-0.4671,0.0],[121.6845,-0.4698,0.0]]],
[[[121.7091,-0.4684,0.0],[121.7133,-0.4695,0.0],[121.7047,-0.4666,1.4023],[121.7048,-0.4671,1.4023],[121.7091,-0.4684,0.0]]],
[[[121.6494,-0.5409,0.0],[121.6492,-0.5405,0.0],[121.6488,-0.5406,0.0],[121.6492,-0.5411,0.0],[121.6494,-0.5409,0.0]]],
[[[122.3274,-0.3069,0.0],[122.3293,-0.3063,0.0],[122.3283,-0.3037,4.2278],[122.3268,-0.3046,0.0],[122.3274,-0.3069,0.0]]],
[[[122.3166,-0.2879,0.0],[122.3156,-0.2881,2.913],[122.3153,-0.2892,0.0],[122.317,-0.2894,2.913],[122.3166,-0.2879,0.0]]],
[[[122.2342,-0.3119,1.5918],[122.2324,-0.3141,0.0],[122.233,-0.3149,0.0],[122.234,-0.3141,3.3779],[122.2342,-0.3119,1.5918]]],
[[[122.2384,-0.304,0.0],[122.2383,-0.3004,0.0],[122.2323,-0.3017,2.6077],[122.2345,-0.31,0.0],[122.2379,-0.3071,0.0],[122.2384,-0.304,0.0]]],
[[[121.9403,-0.3171,0.0],[121.945,-0.32,0.0],[121.9484,-0.3202,0.0],[121.9492,-0.3132,0.0],[121.9471,-0.3124,10.4598],[121.9435,-0.3155,8.8069],[121.9392,-0.315,3.5283],[121.9403,-0.3171,0.0]]],
[[[121.9732,-0.3234,0.0],[121.9739,-0.3222,0.0],[121.9719,-0.3217,0.0],[121.9719,-0.3221,0.0],[121.9732,-0.3234,0.0]]],
[[[121.9945,-0.3107,0.0],[121.9959,-0.3107,0.0],[121.9931,-0.3099,0.0],[121.9945,-0.3107,0.0]]],
[[[121.96,-0.3116,0.0],[121.9611,-0.3129,0.0],[121.9628,-0.3134,0.0],[121.9618,-0.3103,0.0],[121.96,-0.3116,0.0]]],
[[[121.9853,-0.3122,2.8243],[121.9816,-0.3108,0.0],[121.9783,-0.3137,0.0],[121.9805,-0.3166,0.0],[121.9827,-0.3166,0.0],[121.9859,-0.3143,6.4509],[121.9853,-0.3122,2.8243]]],
[[[122.1315,-0.3444,2.9873],[122.1285,-0.3413,4.183],[122.1275,-0.3414,0.0],[122.1303,-0.3446,0.0],[122.1315,-0.3444,2.9873]]],
[[[122.1425,-0.3361,1.5249],[122.1431,-0.3371,0.9475],[122.1442,-0.3353,1.5249],[122.143,-0.3353,1.5249],[122.1425,-0.3361,1.5249]]],
[[[121.6486,-0.129,10.202],[121.6424,-0.1261,0.0],[121.6355,-0.1279,5.3247],[121.6288,-0.1217,4.7403],[121.625,-0.1267,15.9457],[121.6167,-0.1276,1.7776],[121.6083,-0.1313,28.8911],[121.6036,-0.1283,8.0576],[121.591,-0.1361,0.0],[121.5836,-0.1444,7.1957],[121.5807,-0.1443,0.0],[121.5725,-0.1559,19.2922],[121.5663,-0.1576,0.0],[121.5638,-0.1605,0.0],[121.5622,-0.1682,0.0],[121.5648,-0.18,0.0],[121.5745,-0.1912,4.1892],[121.5782,-0.1985,0.0],[121.5849,-0.2045,8.1906],[121.5919,-0.2071,7.6954],[121.5926,-0.2107,2.1146],[121.616,-0.2162,1.5434],[121.6195,-0.2105,9.1047],[121.6285,-0.2086,4.5513],[121.6318,-0.2103,0.0],[121.6361,-0.209,2.6863],[121.6524,-0.1918,3.3276],[121.6575,-0.1754,4.0399],[121.6561,-0.1602,13.4619],[121.6578,-0.1507,8.8931],[121.6539,-0.1435,6.6448],[121.6541,-0.1367,3.1262],[121.6486,-0.129,10.202]]],
[[[119.7994,-0.0589,0.0],[119.7984,-0.0601,3.2968],[119.7994,-0.0613,0.0],[119.8007,-0.0598,0.0],[119.7994,-0.0589,0.0]]],
[[[119.7973,-0.0575,0.0],[119.7978,-0.0569,0.0],[119.7973,-0.056,0.0],[119.7967,-0.0565,0.0],[119.7973,-0.0575,0.0]]],
[[[119.8046,-0.058,0.0],[119.8066,-0.0576,3.3587],[119.8063,-0.0539,6.0837],[119.8027,-0.0496,0.0],[119.8052,-0.0559,0.0],[119.8019,-0.0545,0.0],[119.8009,-0.0522,6.1897],[119.8006,-0.0533,10.768],[119.8035,-0.0565,28.1936],[119.8031,-0.0578,28.1936],[119.8046,-0.058,0.0]]],
[[[119.8062,-0.0464,0.4435],[119.8047,-0.0483,0.0],[119.8054,-0.0493,0.0],[119.8072,-0.046,0.0],[119.8062,-0.0464,0.4435]]],
[[[119.8002,-0.0396,0.0],[119.7999,-0.0379,0.0],[119.7953,-0.0387,16.3192],[119.7995,-0.0406,0.0],[119.8012,-0.0455,16.561],[119.803,-0.0465,0.0],[119.8043,-0.0448,0.0],[119.8017,-0.0437,1.4849],[119.8002,-0.0396,0.0]]],
[[[119.7859,-0.0183,0.0],[119.7881,-0.0167,0.0],[119.7873,-0.0156,0.0],[119.7829,-0.0195,6.8622],[119.784,-0.0199,0.0],[119.7859,-0.0183,0.0]]],
[[[119.9063,0.4839,8.6532],[119.9075,0.4828,2.2228],[119.9086,0.4852,0.9177],[119.9051,0.4929,7.4683],[119.8996,0.4945,0.0],[119.8914,0.4918,16.2818],[119.8992,0.4823,8.3774],[119.9043,0.4813,0.7933],[119.9063,0.4823,2.2228],[119.905,0.4827,4.0825],[119.9063,0.4839,8.6532]]],
[[[119.6198,0.0886,19.6199],[119.6196,0.0891,40.2593],[119.619,0.0889,40.2593],[119.6194,0.0885,0.0],[119.6198,0.0886,19.6199]]],
[[[119.6247,0.09,0.0],[119.6217,0.0956,0.0],[119.6182,0.0984,0.0],[119.6159,0.0933,38.3862],[119.6204,0.0894,49.7151],[119.6206,0.0871,19.6199],[119.6247,0.09,0.0]]],
[[[119.8624,0.5307,0.0],[119.858,0.5329,0.0],[119.855,0.531,4.6456],[119.8534,0.5241,11.2043],[119.8504,0.5208,0.0],[119.8507,0.5058,4.3428],[119.859,0.5156,14.8905],[119.8683,0.5154,0.0],[119.8782,0.5204,0.0],[119.8697,0.529,0.0],[119.8624,0.5307,0.0]]],
[[[119.7979,0.5773,11.9147],[119.7938,0.5821,0.0],[119.7929,0.5809,5.2472],[119.7904,0.5819,0.0],[119.7922,0.5747,7.3149],[119.7982,0.5738,30.9647],[119.7979,0.5773,11.9147]]],
[[[120.036,0.6998,0.0],[120.0362,0.6994,0.0],[120.0365,0.6992,0.0],[120.0366,0.7004,0.0],[120.036,0.6998,0.0]]],
[[[120.0753,0.7462,0.0],[120.0752,0.7456,0.0],[120.0758,0.7457,0.0],[120.0757,0.7462,0.0],[120.0753,0.7462,0.0]]],
[[[120.0796,0.7468,0.0],[120.08,0.7487,0.0],[120.0794,0.7491,0.0],[120.0785,0.7482,0.0],[120.0796,0.7468,0.0]]],
[[[120.3483,0.9647,2.617],[120.3482,0.9659,0.0],[120.3471,0.9663,0.0],[120.3471,0.9647,5.0917],[120.3483,0.9647,2.617]]],
[[[120.2333,0.9748,9.9914],[120.2309,0.9728,11.6169],[120.231,0.9683,4.5416],[120.2361,0.9682,3.1852],[120.2355,0.9698,10.1027],[120.23779999999999,0.9743,1.3599],[120.2439,0.9769,0.0],[120.2494,0.9854,1.8008],[120.248,0.9865,1.3085],[120.2408,0.9853,0.0],[120.2402,0.9814,0.6328],[120.2333,0.9748,9.9914]]],
[[[120.3589,0.9807,0.0],[120.3582,0.9808,0.0],[120.3586,0.9798,0.0],[120.3591,0.9803,0.0],[120.3589,0.9807,0.0]]],
[[[120.3782,1.0022,0.0],[120.3758,1.0026,0.0],[120.3742,0.9995,0.0],[120.3723,0.9995,0.0],[120.3732,0.9981,1.519],[120.3756,0.9968,0.0],[120.3782,1.0022,0.0]]],
[[[120.3984,1.0376,0.0],[120.3998,1.0435,0.0],[120.3993,1.0457,0.0],[120.3972,1.0462,0.0],[120.3992,1.047,0.0],[120.3988,1.0495,2.4331],[120.4014,1.0514,5.64],[120.4028,1.0558,13.8384],[120.4013,1.0597,4.4713],[120.4026,1.064,0.0],[120.4003,1.0712,0.0],[120.3895,1.0779,0.0],[120.384,1.0777,0.0],[120.3777,1.0735,19.4677],[120.3721,1.0639,0.0],[120.3677,1.0466,0.0],[120.3682,1.0386,0.0],[120.3658,1.0291,0.0],[120.368,1.0187,0.0],[120.3736,1.0104,0.0],[120.3858,1.0067,0.0],[120.3926,1.0103,0.0],[120.3943,1.0189,8.5764],[120.3971,1.0206,0.0],[120.396,1.0235,0.0],[120.3946,1.0226,3.4004],[120.3946,1.0246,2.5015],[120.3962,1.0255,0.0],[120.395,1.0309,1.7513],[120.3979,1.032,0.0],[120.3984,1.0376,0.0]]],
[[[120.777,1.0436,0.0],[120.774,1.0501,0.0],[120.7715,1.0481,0.0],[120.7714,1.0407,0.0],[120.7729,1.0403,0.0],[120.777,1.0436,0.0]]],
[[[120.6649,1.0501,0.0],[120.6664,1.0466,0.0],[120.6688,1.0489,0.0],[120.6678,1.0512,0.0],[120.6649,1.0501,0.0]]],
[[[121.9731,1.0721,0.0],[121.9695,1.0727,0.0],[121.97,1.0655,0.0],[121.9672,1.0637,0.0],[121.9623,1.052,0.0],[121.9677,1.0535,0.0],[121.9764,1.0654,0.0],[121.9764,1.068,0.0],[121.9731,1.0721,0.0]]],
[[[121.81,1.0921,0.0],[121.8134,1.0931,0.0],[121.8149,1.0961,0.0],[121.8104,1.0955,1.3388],[121.81,1.0921,0.0]]],
[[[121.8457,1.1222,0.0],[121.8458,1.1248,0.0],[121.8425,1.1252,4.273],[121.8344,1.1188,15.1727],[121.8388,1.1168,0.0],[121.8425,1.1172,0.0],[121.8426,1.1196,0.0],[121.8457,1.1222,0.0]]],
[[[120.7869,1.1682,3.7235],[120.7858,1.1684,4.7909],[120.7832,1.1683,0.0],[120.7878,1.1661,0.0],[120.7869,1.1682,3.7235]]],
[[[121.3608,1.2693,28.0744],[121.3641,1.268,0.0],[121.3648,1.2723,0.0],[121.3613,1.2709,2.7751],[121.3608,1.2693,28.0744]]],
[[[120.7997,1.2818,5.7948],[120.7999,1.2791,4.5372],[120.8039,1.2786,0.0],[120.8074,1.2806,0.0],[120.8014,1.2841,0.0],[120.7997,1.2818,5.7948]]],
[[[121.0635,1.3219,0.0],[121.0567,1.3151,0.0],[121.0593,1.3132,0.0],[121.0621,1.3167,0.0],[121.0635,1.3219,0.0]]],
[[[120.6471,1.0417,12.9275],[120.6447,1.0444,0.6646],[120.6459,1.046,2.3278],[120.6427,1.0496,0.0],[120.6318,1.056,32.1589],[120.6279,1.0625,4.9232],[120.625,1.0642,0.0],[120.6117,1.0694,0.0],[120.6048,1.0678,0.0],[120.5995,1.0641,8.6049],[120.5987,1.0546,3.199],[120.6023,1.0611,0.0],[120.608,1.0643,17.1699],[120.6136,1.0584,59.2528],[120.6147,1.0513,2.5119],[120.6182,1.054,4.9605],[120.6253,1.0469,0.0],[120.6272,1.049,14.4054],[120.6346,1.0497,3.4032],[120.6395,1.0481,5.3471],[120.6408,1.0435,0.0],[120.6441,1.043,2.806],[120.6454,1.0378,4.3482],[120.6429,1.0362,5.0298],[120.644,1.0332,5.0354],[120.6523,1.0329,14.5328],[120.6567,1.0233,0.0],[120.6618,1.0226,7.7697],[120.6653,1.0153,0.0],[120.6681,1.0164,2.0979],[120.6756,1.0128,0.0],[120.6745,1.0158,9.2415],[120.6648,1.0247,6.5419],[120.6673,1.0341,0.0],[120.6655,1.0403,1.7264],[120.6602,1.0431,0.0],[120.6574,1.0405,0.0],[120.6471,1.0417,12.9275]]],
[[[120.6693,1.0764,5.7289],[120.6677,1.0709,5.6248],[120.6706,1.0684,0.0],[120.6745,1.0723,9.6544],[120.6755,1.0778,0.0],[120.6693,1.0764,5.7289]]],
[[[120.7899,1.3334,0.0],[120.7916,1.3323,0.0],[120.793,1.3348,0.0],[120.7902,1.336,0.0],[120.7899,1.3334,0.0]]],
[[[120.7182,0.9833,0.0],[120.7192,0.9826,0.0],[120.7195,0.9827,0.0],[120.719,0.9841,0.0],[120.7182,0.9833,0.0]]],
[[[120.6898,0.9868,0.8555],[120.6873,0.9878,0.0],[120.6876,0.9844,0.9003],[120.6913,0.9865,0.8555],[120.6898,0.9868,0.8555]]],
[[[120.7326,0.9981,4.843],[120.7277,1.0024,0.0],[120.7148,1.0015,16.3086],[120.7036,0.9967,4.5618],[120.6997,0.9932,0.0],[120.7029,0.9872,13.9104],[120.7043,0.9881,44.6442],[120.7069,0.9863,5.5053],[120.7081,0.9916,12.778],[120.709,0.9892,2.8562],[120.7102,0.9907,4.2628],[120.7114,0.987,0.0],[120.7151,0.9871,1.4576],[120.7152,0.9891,15.5241],[120.7181,0.9857,7.0484],[120.72,0.9856,20.704],[120.718,0.9897,31.0847],[120.7227,0.9854,0.0],[120.7256,0.9874,0.0],[120.7218,0.99,19.069],[120.7228,0.9915,11.3846],[120.7252,0.9908,5.1152],[120.725,0.9925,35.2882],[120.728,0.99,1.6463],[120.7284,0.9922,69.4543],[120.731,0.9902,0.0],[120.7315,0.9929,25.0052],[120.7334,0.9919,0.0],[120.7357,0.9978,3.4449],[120.7326,0.9981,4.843]]],
[[[122.3139,-0.2854,0.0],[122.3171,-0.2872,0.0],[122.3143,-0.2825,0.0],[122.3128,-0.2842,0.0],[122.3149,-0.2845,2.7507],[122.3139,-0.2854,0.0]]],
[[[122.2572,-0.28,0.0],[122.2554,-0.2811,0.0],[122.2576,-0.2825,0.0],[122.258,-0.2812,0.0],[122.2572,-0.28,0.0]]],
[[[122.2683,-0.2876,3.9074],[122.2656,-0.2855,8.6573],[122.263,-0.2895,0.0],[122.2682,-0.2895,10.8002],[122.2683,-0.2876,3.9074]]],
[[[122.272,-0.2869,0.0],[122.2702,-0.2868,0.0],[122.2733,-0.2875,0.0],[122.2722,-0.2859,0.0],[122.272,-0.2869,0.0]]],
[[[122.3772,-0.3089,0.0],[122.3727,-0.3019,2.9063],[122.3843,-0.2938,15.3086],[122.3772,-0.2879,0.0],[122.3782,-0.2856,3.3525],[122.3825,-0.2841,6.788],[122.3829,-0.2816,6.5809],[122.3802,-0.2788,0.0],[122.3786,-0.2732,17.5669],[122.372,-0.274,6.9409],[122.3627,-0.2697,0.0],[122.3611,-0.2717,8.6942],[122.3552,-0.2606,0.0],[122.3565,-0.2566,0.0],[122.3475,-0.258,15.7386],[122.3451,-0.253,0.5181],[122.3415,-0.2525,8.0622],[122.3389,-0.2487,0.0],[122.3205,-0.2441,2.3553],[122.3183,-0.2409,0.0],[122.309,-0.235,0.0],[122.3079,-0.2376,1.7399],[122.2986,-0.2429,0.0],[122.2985,-0.2445,18.6316],[122.2962,-0.2435,20.0573],[122.2952,-0.2404,2.9819],[122.2938,-0.2408,0.0],[122.2943,-0.2473,4.2422],[122.2918,-0.2479,0.0],[122.2875,-0.2427,1.2566],[122.2847,-0.2426,4.2286],[122.2851,-0.2403,13.47],[122.2885,-0.2391,1.6457],[122.2883,-0.2369,0.0],[122.2871,-0.2364,0.0],[122.2861,-0.2387,9.6405],[122.2869,-0.2297,0.0],[122.2826,-0.2257,0.0],[122.282,-0.2245,8.1132],[122.2837,-0.2232,5.4369],[122.2817,-0.2221,17.5203],[122.2814,-0.2241,8.1132],[122.2755,-0.2237,0.0],[122.2722,-0.2264,31.5476],[122.2711,-0.2308,5.5133],[122.2661,-0.2328,5.81],[122.2648,-0.2387,14.1111],[122.2634,-0.2387,23.2636],[122.2605,-0.2303,11.9005],[122.2622,-0.2283,0.0],[122.2624,-0.2223,11.606],[122.2578,-0.2169,9.2583],[122.2566,-0.2168,3.5559],[122.2568,-0.2205,9.9892],[122.2517,-0.222,15.5153],[122.2478,-0.2192,0.0],[122.2488,-0.2154,10.976],[122.247,-0.2106,3.0264],[122.2428,-0.2122,11.1659],[122.2426,-0.2072,3.3447],[122.2402,-0.2059,0.0],[122.2341,-0.2116,29.6867],[122.2288,-0.2123,0.0],[122.2277,-0.2141,0.0],[122.2317,-0.2252,0.0],[122.231,-0.2301,10.9674],[122.2328,-0.2378,0.0],[122.2472,-0.2508,0.0],[122.2475,-0.2545,0.0],[122.2514,-0.2601,0.0],[122.2524,-0.2535,20.2664],[122.2542,-0.2559,6.1437],[122.2568,-0.2556,4.8905],[122.2651,-0.2644,5.33],[122.2708,-0.2673,0.0],[122.2731,-0.2664,3.5258],[122.2737,-0.268,0.0],[122.2799,-0.2688,0.0],[122.2811,-0.2656,0.0],[122.2802,-0.2598,72.6106],[122.2822,-0.2596,0.0],[122.2842,-0.2569,15.2428],[122.2855,-0.2598,0.0],[122.2866,-0.2594,2.9992],[122.2879,-0.2661,0.0],[122.2916,-0.2694,0.0],[122.2999,-0.2621,0.0],[122.3013,-0.2583,3.8579],[122.3044,-0.2629,0.0],[122.3012,-0.2661,3.5645],[122.3025,-0.2693,0.0],[122.3078,-0.276,0.0],[122.3108,-0.2742,4.6604],[122.3177,-0.2819,1.1475],[122.3191,-0.2816,1.1475],[122.3223,-0.289,0.0],[122.3256,-0.2916,0.0],[122.3322,-0.2939,3.2356],[122.3401,-0.2861,3.8439],[122.3455,-0.2901,15.6916],[122.3452,-0.2953,23.2765],[122.3424,-0.3006,3.0606],[122.3445,-0.3051,21.9376],[122.3433,-0.3105,0.0],[122.3473,-0.3207,0.0],[122.3498,-0.3239,0.0],[122.3516,-0.3223,15.5095],[122.3531,-0.3229,33.6786],[122.3532,-0.3255,4.5346],[122.3581,-0.3295,0.0],[122.3581,-0.3406,0.0],[122.3613,-0.3461,92.1391],[122.3699,-0.3576,69.2502],[122.371,-0.357,89.4434],[122.3789,-0.3646,7.1959],[122.3911,-0.3834,0.0],[122.3968,-0.3896,0.0],[122.3871,-0.3703,3.7485],[122.3834,-0.3664,2.2571],[122.3838,-0.3628,1.3335],[122.3814,-0.3562,1.555],[122.3829,-0.3475,2.5328],[122.3752,-0.3391,0.0],[122.3735,-0.3389,0.0],[122.3713,-0.3357,0.0],[122.3714,-0.3326,0.0],[122.368,-0.329,51.0282],[122.3706,-0.3271,4.3886],[122.3683,-0.326,42.0747],[122.3698,-0.3243,70.8843],[122.374,-0.3229,0.0],[122.3691,-0.3182,0.0],[122.3694,-0.3153,5.7364],[122.3741,-0.3151,9.7113],[122.3757,-0.3111,31.5776],[122.3789,-0.3139,4.5116],[122.3772,-0.3089,0.0]]],
[[[122.3142,-0.2804,0.0],[122.3146,-0.2807,0.0],[122.3152,-0.2811,0.0],[122.3149,-0.28,0.0],[122.3142,-0.2804,0.0]]],
[[[122.0896,-0.2571,0.0],[122.0911,-0.256,12.4131],[122.0915,-0.2589,0.0],[122.0953,-0.2478,0.0],[122.0891,-0.2415,0.0],[122.0868,-0.241,0.0],[122.0684,-0.2504,0.0],[122.0597,-0.2506,0.0],[122.0478,-0.2558,10.4635],[122.0432,-0.2561,0.0],[122.0366,-0.2618,42.9397],[122.0303,-0.2738,35.1524],[122.0283,-0.2751,4.9879],[122.0319,-0.277,0.0],[122.0442,-0.2777,0.0],[122.0542,-0.2736,0.0],[122.07,-0.2613,0.0],[122.0743,-0.2663,0.0],[122.0833,-0.2658,0.0],[122.088,-0.2614,0.0],[122.0896,-0.2571,0.0]]],
[[[122.0923,-0.2584,0.0],[122.0915,-0.2605,0.0],[122.0942,-0.2609,0.8361],[122.0957,-0.2551,0.0],[122.0924,-0.2569,2.4465],[122.0923,-0.2584,0.0]]],
[[[122.2306,-0.2735,1.83],[122.2303,-0.2738,1.83],[122.2308,-0.274,1.83],[122.2308,-0.2736,1.83],[122.2306,-0.2735,1.83]]],
[[[122.1507,-0.2743,26.1367],[122.1523,-0.2746,0.0],[122.1544,-0.2716,6.8262],[122.1533,-0.2665,0.0],[122.155,-0.2657,0.0],[122.1514,-0.2631,0.0],[122.1482,-0.2674,0.0],[122.1515,-0.27,37.2491],[122.1472,-0.2737,0.0],[122.1501,-0.2764,0.0],[122.1507,-0.2743,26.1367]]],
[[[122.1131,-0.2672,0.0],[122.1154,-0.2696,0.0],[122.1225,-0.2712,0.0],[122.1296,-0.267,0.0],[122.1268,-0.2589,0.0],[122.1173,-0.2531,0.0],[122.1153,-0.2532,3.7359],[122.1121,-0.2563,0.0],[122.1125,-0.2625,0.0],[122.1109,-0.2646,0.0],[122.1138,-0.2654,15.0897],[122.1131,-0.2672,0.0]]],
[[[122.208,-0.2224,3.059],[122.2065,-0.2233,0.0],[122.2082,-0.2239,0.0],[122.2099,-0.2218,10.5362],[122.2087,-0.2217,10.5362],[122.208,-0.2224,3.059]]],
[[[122.2463,-0.2847,0.0],[122.2458,-0.281,22.9578],[122.2493,-0.2833,0.0],[122.2507,-0.2807,3.9624],[122.2478,-0.2783,0.0],[122.2495,-0.2759,0.0],[122.2481,-0.2741,0.0],[122.2463,-0.2748,19.7437],[122.2418,-0.2728,0.0],[122.2411,-0.2711,0.0],[122.2398,-0.2714,0.0],[122.24,-0.274,4.441],[122.238,-0.2747,2.3047],[122.2341,-0.2728,0.0],[122.2305,-0.2762,5.1744],[122.2301,-0.274,1.83],[122.2281,-0.273,37.827],[122.2283,-0.2704,11.0798],[122.2325,-0.2705,5.2861],[122.2353,-0.265,3.6176],[122.2332,-0.2584,0.0],[122.2298,-0.2563,7.9098],[122.2248,-0.2603,5.1882],[122.2216,-0.26,7.4525],[122.2208,-0.2626,29.0557],[122.2147,-0.2618,2.0676],[122.2175,-0.2545,8.3437],[122.2154,-0.2526,7.9335],[122.2184,-0.2485,13.942],[122.2149,-0.2496,33.0114],[122.212,-0.247,5.7867],[122.2102,-0.2496,61.569],[122.2023,-0.246,5.7617],[122.1994,-0.2485,44.6836],[122.1971,-0.2482,7.0026],[122.1929,-0.2565,14.8608],[122.1881,-0.2504,0.0],[122.1875,-0.2475,3.3511],[122.1902,-0.2425,4.0089],[122.2011,-0.2329,2.2156],[122.2064,-0.2216,3.059],[122.211,-0.2189,0.0],[122.2111,-0.2172,0.0],[122.2084,-0.2157,4.0585],[122.2099,-0.2147,4.0585],[122.2087,-0.2103,4.279],[122.2037,-0.2106,5.8561],[122.2051,-0.2132,33.7554],[122.2007,-0.2119,12.0448],[122.1978,-0.2148,66.1397],[122.1985,-0.2121,0.0],[122.1961,-0.2113,25.8622],[122.1925,-0.2131,9.8146],[122.1915,-0.2123,0.0],[122.1905,-0.215,22.1548],[122.1893,-0.2134,0.0],[122.1851,-0.2152,3.7178],[122.1867,-0.2171,27.5688],[122.1844,-0.2165,26.9476],[122.1838,-0.2182,57.2852],[122.1762,-0.2216,6.5939],[122.1762,-0.2229,6.5939],[122.1736,-0.223,31.6552],[122.1668,-0.2305,14.74],[122.1651,-0.2297,0.0],[122.164,-0.2325,17.1409],[122.1627,-0.2321,0.0],[122.1631,-0.2351,5.4733],[122.1572,-0.2346,18.1961],[122.1539,-0.2423,18.2231],[122.1526,-0.2397,6.9338],[122.1475,-0.2437,0.0],[122.1466,-0.2499,0.0],[122.1484,-0.2525,0.0],[122.1504,-0.2519,24.1306],[122.1496,-0.2536,3.1482],[122.1512,-0.253,29.2005],[122.1537,-0.2579,13.4058],[122.1515,-0.2623,1.6868],[122.1559,-0.2609,10.0029],[122.1556,-0.2594,25.9905],[122.1577,-0.2582,8.0893],[122.1608,-0.2586,18.7726],[122.1584,-0.2611,0.0],[122.1596,-0.263,0.0],[122.1619,-0.2587,5.9804],[122.1667,-0.2567,1.261],[122.1654,-0.2535,0.0],[122.1694,-0.2509,8.5673],[122.1686,-0.2484,8.7097],[122.1713,-0.2513,0.3967],[122.1744,-0.2481,9.4493],[122.1782,-0.2511,18.5547],[122.1779,-0.253,76.2882],[122.1734,-0.2561,19.8242],[122.1746,-0.2651,3.9008],[122.1804,-0.2793,42.6349],[122.1927,-0.2772,6.043],[122.1956,-0.2744,15.9055],[122.1999,-0.2756,4.0927],[122.2047,-0.2719,8.6252],[122.2076,-0.2746,0.0],[122.203,-0.2764,10.5269],[122.2018,-0.2786,0.0],[122.2067,-0.2824,29.9425],[122.2087,-0.2877,15.8232],[122.2133,-0.2915,0.0],[122.2153,-0.2904,0.0],[122.2139,-0.2873,23.6928],[122.2159,-0.2875,19.5775],[122.2186,-0.2839,56.6815],[122.2279,-0.2817,28.175],[122.2337,-0.2831,5.6716],[122.2396,-0.2806,27.4165],[122.2371,-0.2852,3.2012],[122.2355,-0.2854,3.2012],[122.2346,-0.2892,0.0],[122.2293,-0.2924,1.0331],[122.2322,-0.2943,27.6608],[122.2336,-0.2976,6.9726],[122.2351,-0.2949,18.0765],[122.2388,-0.2934,0.0],[122.2401,-0.2903,44.6721],[122.2451,-0.2922,15.9023],[122.2443,-0.2853,23.7407],[122.2463,-0.2847,0.0]]],
[[[122.2845,-0.2227,16.0446],[122.2874,-0.2226,2.1719],[122.2829,-0.2199,24.8909],[122.2814,-0.2206,12.5978],[122.2816,-0.2214,17.5203],[122.2845,-0.2227,16.0446]]],
[[[122.2644,-0.2177,0.0],[122.2632,-0.2179,0.0],[122.2635,-0.2201,0.0],[122.2653,-0.2189,0.0],[122.2644,-0.2177,0.0]]],
[[[122.2124,-0.2139,0.0],[122.2125,-0.2143,0.0],[122.2128,-0.2145,0.0],[122.2129,-0.214,0.0],[122.2124,-0.2139,0.0]]],
[[[121.7944,-0.4014,0.0],[121.7947,-0.4018,0.0],[121.795,-0.401,0.0],[121.7947,-0.401,0.0],[121.7944,-0.4014,0.0]]],
[[[121.7983,-0.4029,25.9772],[121.7988,-0.4007,31.268],[121.797,-0.3995,0.0],[121.7957,-0.4013,0.0],[121.7983,-0.4029,25.9772]]],
[[[122.0578,-0.3734,0.0],[122.0571,-0.3743,0.0],[122.0586,-0.3747,0.2608],[122.0586,-0.3741,0.0],[122.0578,-0.3734,0.0]]],
[[[122.0807,-0.397,0.0],[122.0765,-0.3966,0.6425],[122.076,-0.3983,1.2199],[122.0791,-0.3998,0.7263],[122.0807,-0.397,0.0]]],
[[[121.8344,-0.4086,0.0],[121.8352,-0.4078,0.0],[121.8332,-0.4077,0.0],[121.8334,-0.4085,0.0],[121.8344,-0.4086,0.0]]],
[[[121.827,-0.407,0.0],[121.8273,-0.4054,0.0],[121.8264,-0.4051,0.0],[121.8263,-0.4059,0.0],[121.827,-0.407,0.0]]],
[[[121.8287,-0.4047,0.0],[121.8281,-0.4054,0.0],[121.8295,-0.4053,0.0],[121.8295,-0.4047,0.0],[121.8287,-0.4047,0.0]]],
[[[122.0964,-0.4041,1.4864],[122.0975,-0.4027,0.0],[122.0953,-0.4022,0.0],[122.095,-0.4047,1.3392],[122.0964,-0.4041,1.4864]]],
[[[121.8332,-0.4036,0.0],[121.8332,-0.403,0.0],[121.8313,-0.4017,0.0],[121.832,-0.4044,0.0],[121.8332,-0.4036,0.0]]],
[[[121.8413,-0.3613,0.0],[121.8416,-0.3611,0.0],[121.8415,-0.3607,0.0],[121.8412,-0.3609,0.0],[121.8413,-0.3613,0.0]]],
[[[121.8324,-0.3505,0.0],[121.8302,-0.3527,7.6957],[121.8352,-0.3528,11.7009],[121.838,-0.3492,0.0],[121.8338,-0.3498,0.0],[121.8324,-0.3505,0.0]]],
[[[121.8481,-0.3521,0.0],[121.849,-0.3527,6.2032],[121.8498,-0.3523,6.2032],[121.8488,-0.3513,6.2032],[121.8481,-0.3521,0.0]]],
[[[121.8389,-0.3466,0.0],[121.839,-0.347,0.0],[121.8395,-0.347,0.0],[121.8395,-0.3467,0.0],[121.8389,-0.3466,0.0]]],
[[[122.022,-0.3651,4.9283],[122.021,-0.3629,0.0],[122.019,-0.364,0.5083],[122.0182,-0.369,1.9324],[122.0213,-0.3675,2.6946],[122.022,-0.3651,4.9283]]],
[[[121.855,-0.3646,0.0],[121.8551,-0.3649,0.0],[121.8553,-0.3648,0.0],[121.8553,-0.3647,0.0],[121.855,-0.3646,0.0]]],
[[[121.8524,-0.3629,0.0],[121.8521,-0.3629,0.0],[121.852,-0.3633,0.0],[121.8524,-0.3632,0.0],[121.8524,-0.3629,0.0]]],
[[[121.8529,-0.3614,0.0],[121.8524,-0.3619,0.0],[121.8532,-0.3623,0.0],[121.8533,-0.3616,0.0],[121.8529,-0.3614,0.0]]],
[[[121.8438,-0.3632,10.8693],[121.8512,-0.3622,0.0],[121.8531,-0.3594,32.5611],[121.8481,-0.3555,29.3179],[121.8473,-0.3531,3.8627],[121.8414,-0.3596,0.0],[121.8438,-0.3632,10.8693]]],
[[[121.8661,-0.3624,23.8042],[121.8782,-0.3491,0.0],[121.8676,-0.3533,27.9292],[121.857,-0.3546,15.9812],[121.8551,-0.3577,12.8593],[121.8543,-0.3552,0.0],[121.853,-0.3564,29.8968],[121.8533,-0.3602,38.4016],[121.8563,-0.3619,33.1922],[121.8556,-0.3649,0.0],[121.8661,-0.3624,23.8042]]],
[[[121.8517,-0.3556,0.0],[121.8521,-0.3557,0.0],[121.8523,-0.3552,0.0],[121.8516,-0.3552,0.0],[121.8517,-0.3556,0.0]]],
[[[122.0121,-0.3523,0.8098],[122.013,-0.3541,3.3869],[122.0157,-0.3518,19.5312],[122.0141,-0.3513,26.9094],[122.0121,-0.3523,0.8098]]],
[[[121.8621,-0.3515,0.0],[121.8621,-0.3519,0.0],[121.8624,-0.3521,0.0],[121.8625,-0.3516,0.0],[121.8621,-0.3515,0.0]]],
[[[121.8506,-0.3541,0.0],[121.8506,-0.3545,0.0],[121.8513,-0.3542,0.0],[121.8512,-0.354,0.0],[121.8506,-0.3541,0.0]]],
[[[121.9828,-0.3539,0.0],[121.9838,-0.3534,0.0],[121.9834,-0.3524,0.0],[121.9823,-0.3527,0.0],[121.9828,-0.3539,0.0]]],
[[[121.8514,-0.3536,0.0],[121.8508,-0.3525,0.0],[121.8494,-0.353,0.0],[121.8499,-0.3538,0.0],[121.8514,-0.3536,0.0]]],
[[[121.8761,-0.3478,0.0],[121.8767,-0.3481,0.0],[121.8769,-0.3476,0.0],[121.8764,-0.3474,0.0],[121.8761,-0.3478,0.0]]],
[[[121.8587,-0.3468,0.0],[121.8588,-0.3474,0.0],[121.8592,-0.3475,0.0],[121.859,-0.347,0.0],[121.8587,-0.3468,0.0]]],
[[[121.8572,-0.3471,0.0],[121.8575,-0.3471,0.0],[121.8575,-0.3464,0.0],[121.8571,-0.3466,0.0],[121.8572,-0.3471,0.0]]],
[[[121.8618,-0.3461,0.0],[121.8617,-0.3463,0.0],[121.8621,-0.3465,0.0],[121.8622,-0.3462,0.0],[121.8618,-0.3461,0.0]]],
[[[121.8827,-0.3443,3.7752],[121.8796,-0.3427,0.0],[121.8766,-0.3429,0.0],[121.879,-0.3442,1.4167],[121.8827,-0.3443,3.7752]]],
[[[121.8745,-0.3404,0.0],[121.8746,-0.3408,0.0],[121.8758,-0.3407,0.0],[121.8755,-0.3404,0.0],[121.8745,-0.3404,0.0]]],
[[[121.906,-0.3394,0.0],[121.9064,-0.3397,0.0],[121.9066,-0.3393,0.0],[121.9063,-0.339,0.0],[121.906,-0.3394,0.0]]],
[[[121.8835,-0.3402,0.0],[121.884,-0.3405,0.0],[121.8842,-0.3405,0.0],[121.8832,-0.3398,0.0],[121.8835,-0.3402,0.0]]],
[[[121.8823,-0.3403,0.0],[121.8818,-0.3396,0.0],[121.881,-0.3397,0.0],[121.882,-0.3405,0.0],[121.8823,-0.3403,0.0]]],
[[[121.8509,-0.3348,0.0],[121.8505,-0.3359,0.0],[121.8521,-0.3338,0.0],[121.8518,-0.3336,0.0],[121.8509,-0.3348,0.0]]],
[[[121.9034,-0.3314,0.0],[121.9033,-0.3311,0.0],[121.9028,-0.331,0.0],[121.903,-0.3313,0.0],[121.9034,-0.3314,0.0]]],
[[[121.9234,-0.3326,0.0],[121.9234,-0.3322,0.0],[121.9225,-0.3323,0.0],[121.9229,-0.3331,0.0],[121.9234,-0.3326,0.0]]],
[[[121.9076,-0.3354,0.0],[121.907,-0.3355,0.0],[121.9069,-0.3359,0.0],[121.9078,-0.336,0.0],[121.9076,-0.3354,0.0]]],
[[[121.9163,-0.3356,0.0],[121.9168,-0.3351,0.0],[121.9168,-0.3349,0.0],[121.916,-0.3352,0.0],[121.9163,-0.3356,0.0]]],
[[[121.9172,-0.3386,0.0],[121.9182,-0.3376,0.0],[121.9182,-0.3372,0.0],[121.9166,-0.3373,0.0],[121.9172,-0.3386,0.0]]],
[[[121.9265,-0.3289,3.3587],[121.9305,-0.3283,0.0],[121.9311,-0.3276,17.8141],[121.92529999999999,-0.3279,0.0],[121.9265,-0.3289,3.3587]]],
[[[122.0376,-0.3235,0.0],[122.0351,-0.3214,27.8348],[122.0322,-0.3228,3.1199],[122.0307,-0.3257,0.0],[122.0325,-0.3272,7.4314],[122.036,-0.326,15.5367],[122.0376,-0.3235,0.0]]],
[[[121.9407,-0.3476,1.3663],[121.9422,-0.3431,1.6689],[121.9387,-0.3423,2.8333],[121.9398,-0.3471,1.3663],[121.9407,-0.3476,1.3663]]],
[[[121.9744,-0.3355,2.9079],[121.9798,-0.3366,0.0],[121.9827,-0.3345,0.0],[121.9811,-0.3328,0.0],[121.9744,-0.3355,2.9079]]],
[[[121.9982,-0.3413,0.0],[122.0021,-0.3401,0.8586],[121.9972,-0.3385,0.0],[121.9928,-0.3428,3.2948],[121.9936,-0.3431,0.0],[121.9982,-0.3413,0.0]]],
[[[121.7192,-0.4656,0.0],[121.7162,-0.4686,0.0],[121.7174,-0.4687,0.0],[121.7193,-0.4668,0.0],[121.7198,-0.4615,0.0],[121.7186,-0.4632,0.0],[121.7192,-0.4656,0.0]]],
[[[121.7632,-0.4639,30.2303],[121.7659,-0.462,11.0402],[121.7608,-0.4592,3.5498],[121.7608,-0.462,12.966],[121.7632,-0.4639,30.2303]]],
[[[121.7277,-0.4611,0.0],[121.7277,-0.4606,0.0],[121.7271,-0.4613,0.0],[121.7274,-0.4613,0.0],[121.7277,-0.4611,0.0]]],
[[[121.9195,-0.4781,2.5308],[121.9204,-0.4792,3.5172],[121.9234,-0.4769,0.0],[121.9197,-0.4745,5.3953],[121.9206,-0.4718,0.0],[121.9177,-0.4711,0.0],[121.9171,-0.4736,1.3789],[121.9148,-0.4708,6.2908],[121.9174,-0.4688,0.8446],[121.9165,-0.4641,4.5562],[121.9183,-0.4629,0.0],[121.9172,-0.4593,0.0],[121.9153,-0.4602,1.5841],[121.9138,-0.4534,3.085],[121.9153,-0.4536,0.8542],[121.9143,-0.4508,0.0],[121.913,-0.4511,3.221],[121.9142,-0.4483,0.7832],[121.9168,-0.4482,0.0],[121.9171,-0.4463,1.0613],[121.9185,-0.4483,0.0],[121.9157,-0.4399,3.8541],[121.9144,-0.4399,3.8541],[121.9152,-0.4423,5.1129],[121.9141,-0.4437,4.2854],[121.9144,-0.4413,5.1129],[121.9055,-0.4362,5.3789],[121.9033,-0.4293,13.9443],[121.8968,-0.4249,24.1533],[121.8896,-0.4261,0.0],[121.8828,-0.4244,8.3718],[121.8797,-0.42,1.6961],[121.8766,-0.4197,0.6393],[121.8755,-0.4221,2.2187],[121.8744,-0.4168,0.0],[121.8728,-0.4175,1.8312],[121.8717,-0.4131,0.0],[121.8677,-0.4093,0.0],[121.8553,-0.4111,0.0],[121.8512,-0.4088,1.3225],[121.8429,-0.4121,2.3686],[121.8421,-0.417,7.7494],[121.8388,-0.4152,0.8518],[121.8179,-0.4343,2.1532],[121.8091,-0.4366,1.1026],[121.8032,-0.4421,2.4802],[121.7949,-0.4418,5.2026],[121.7911,-0.4448,17.4402],[121.7894,-0.4371,0.0],[121.7881,-0.437,0.0],[121.7886,-0.4408,6.8795],[121.7849,-0.4417,11.9998],[121.784,-0.4464,0.0],[121.785,-0.4466,0.8372],[121.7831,-0.4487,1.2329],[121.7786,-0.4231,51.0082],[121.774,-0.4171,29.7112],[121.769,-0.4157,0.0],[121.771,-0.4183,0.0],[121.7697,-0.42,4.0313],[121.772,-0.4228,3.2019],[121.7704,-0.4248,54.927],[121.7688,-0.4212,4.0313],[121.7675,-0.4213,19.1261],[121.7688,-0.4197,4.0313],[121.767,-0.4179,0.0],[121.7654,-0.4199,0.0],[121.7665,-0.4223,19.1261],[121.7644,-0.4212,0.0],[121.7638,-0.4239,5.7619],[121.7631,-0.422,0.0],[121.7612,-0.4238,5.7095],[121.7579,-0.4227,0.0],[121.755,-0.4296,26.9317],[121.755,-0.4343,11.6725],[121.7635,-0.446,7.4202],[121.7607,-0.4434,0.0],[121.7631,-0.45,3.3305],[121.7616,-0.4516,0.0],[121.7623,-0.4556,0.0],[121.7668,-0.4587,9.3295],[121.7689,-0.461,8.8341],[121.7637,-0.464,30.2303],[121.7624,-0.4638,30.2303],[121.7603,-0.4627,12.966],[121.7594,-0.4595,0.0],[121.7577,-0.4588,0.0],[121.7561,-0.4507,0.0],[121.754,-0.449,0.0],[121.749,-0.4523,35.3897],[121.7384,-0.4487,16.9446],[121.7311,-0.4517,29.2601],[121.7308,-0.4605,0.0],[121.7209,-0.4732,14.1536],[121.7169,-0.4749,28.5436],[121.7154,-0.4727,5.0559],[121.7194,-0.4719,0.0],[121.7179,-0.4707,2.5346],[121.7119,-0.4724,13.6898],[121.7023,-0.4691,3.9773],[121.7064,-0.4729,22.4188],[121.6995,-0.4719,21.9815],[121.6984,-0.4698,2.0157],[121.6966,-0.4725,6.0424],[121.6938,-0.4711,0.0],[121.695,-0.4728,5.2016],[121.6938,-0.4731,0.0],[121.6928,-0.4714,0.0],[121.6925,-0.4739,0.0],[121.6966,-0.4731,9.7727],[121.6952,-0.4746,1.7973],[121.6966,-0.4753,0.0],[121.6987,-0.4743,5.6603],[121.6976,-0.4729,6.0424],[121.6994,-0.4746,0.0],[121.6987,-0.4761,0.0],[121.7002,-0.4748,2.2176],[121.7023,-0.4756,31.0184],[121.7055,-0.4805,3.6144],[121.7021,-0.4814,38.0111],[121.7004,-0.4773,2.4677],[121.6966,-0.4783,11.9678],[121.697,-0.4753,0.0],[121.694,-0.4805,22.085],[121.693,-0.479,3.0402],[121.6913,-0.4849,0.0],[121.6939,-0.4892,0.0],[121.6922,-0.4903,0.0],[121.6929,-0.4917,0.0],[121.6896,-0.4958,0.0],[121.6859,-0.4957,3.1149],[121.6837,-0.5005,20.1605],[121.6845,-0.5038,6.8338],[121.6813,-0.5099,0.0],[121.6772,-0.5131,10.5432],[121.6723,-0.5135,0.0],[121.6705,-0.5187,0.0],[121.6697,-0.5267,1.398],[121.6712,-0.5269,1.398],[121.6698,-0.5316,11.0328],[121.664,-0.5353,1.8069],[121.6637,-0.5381,18.4397],[121.6595,-0.5409,16.9356],[121.6634,-0.5346,1.8069],[121.6629,-0.5321,0.0],[121.6562,-0.5396,14.3438],[121.655,-0.5379,0.0],[121.6536,-0.5402,0.0],[121.6494,-0.5397,0.0],[121.6525,-0.5481,0.0],[121.6591,-0.5515,5.2098],[121.6603,-0.554,0.0],[121.6597,-0.5583,1.9814],[121.6545,-0.5673,0.0],[121.6583,-0.5772,0.0],[121.6703,-0.575,0.0],[121.6802,-0.5612,58.6835],[121.6922,-0.5636,14.6322],[121.7002,-0.5631,0.0],[121.7047,-0.5545,26.3899],[121.7081,-0.5517,32.5386],[121.7052,-0.5462,9.6974],[121.7094,-0.5386,38.0889],[121.7137,-0.5354,0.0],[121.7124,-0.532,16.3459],[121.7135,-0.5277,11.0793],[121.715,-0.5261,56.0359],[121.7213,-0.5251,0.0],[121.7293,-0.5141,0.0],[121.7319,-0.5088,0.0],[121.73,-0.5009,17.4406],[121.7353,-0.4964,0.0],[121.7412,-0.4954,12.2597],[121.746,-0.4978,66.8855],[121.7433,-0.5004,8.5591],[121.7434,-0.5036,0.0],[121.7453,-0.5068,0.0],[121.7444,-0.5108,0.0],[121.7473,-0.5122,0.0],[121.7505,-0.5076,28.4],[121.752,-0.5082,0.0],[121.7625,-0.502,11.6427],[121.7691,-0.5016,0.0],[121.7725,-0.4984,20.6816],[121.7743,-0.4988,18.0524],[121.7735,-0.5017,0.0],[121.7759,-0.5036,0.0],[121.7813,-0.5033,0.0],[121.781,-0.4951,2.9288],[121.7832,-0.4942,37.575],[121.7837,-0.4977,10.4467],[121.786,-0.4967,10.9578],[121.7842,-0.5003,0.0],[121.7944,-0.5057,11.2697],[121.799,-0.5061,47.6629],[121.8055,-0.5122,10.1647],[121.806,-0.5156,10.4524],[121.8148,-0.5148,1.146],[121.8255,-0.521,7.1111],[121.8274,-0.5253,1.4671],[121.8247,-0.5277,0.0],[121.825,-0.5292,0.0],[121.8311,-0.5322,13.8194],[121.8335,-0.5311,28.6594],[121.8345,-0.5274,8.6781],[121.8441,-0.5207,16.2721],[121.8484,-0.5227,23.4725],[121.8582,-0.5224,26.576],[121.8626,-0.5186,11.8419],[121.8625,-0.5126,0.0],[121.8567,-0.5039,0.0],[121.8528,-0.505,15.0317],[121.8552,-0.5096,23.4711],[121.8529,-0.5084,1.7779],[121.8523,-0.5057,0.0],[121.8482,-0.5036,0.0],[121.8472,-0.5053,5.113],[121.8455,-0.5048,2.2475],[121.8457,-0.5013,2.3375],[121.8436,-0.5025,0.0],[121.8339,-0.496,13.5005],[121.845,-0.4965,0.0],[121.851,-0.4934,12.8301],[121.8587,-0.4962,39.8444],[121.8631,-0.496,20.3172],[121.8732,-0.5126,7.7948],[121.8752,-0.5221,0.9444],[121.8779,-0.5269,18.7136],[121.8741,-0.5317,11.7887],[121.8717,-0.5318,3.4521],[121.8712,-0.5346,5.0557],[121.8861,-0.5397,0.0],[121.8913,-0.535,5.3277],[121.8895,-0.5336,38.0358],[121.8923,-0.5343,26.027],[121.8942,-0.5291,35.0662],[121.8945,-0.5335,0.0],[121.8985,-0.5313,0.0],[121.9002,-0.5271,3.3729],[121.9067,-0.5277,9.1747],[121.9162,-0.5158,13.1597],[121.9178,-0.516,13.1597],[121.9186,-0.5099,0.0],[121.9158,-0.5096,5.6604],[121.9142,-0.5069,0.0],[121.9151,-0.5048,0.0],[121.9116,-0.5026,15.4977],[121.9131,-0.5,0.0],[121.91,-0.4985,0.0],[121.9146,-0.4956,0.0],[121.9148,-0.4912,0.0],[121.91,-0.4936,1.61],[121.9091,-0.4919,4.9472],[121.9138,-0.4891,0.0],[121.9125,-0.4862,8.605],[121.9167,-0.4877,29.863],[121.92,-0.4922,0.0],[121.9222,-0.4911,0.0],[121.9211,-0.4848,0.0],[121.9164,-0.4833,1.814],[121.916,-0.4816,6.9836],[121.9195,-0.4781,2.5308]]],
[[[121.7667,-0.4617,10.2607],[121.768,-0.4608,8.8341],[121.7672,-0.4595,9.3295],[121.7647,-0.4597,6.4248],[121.7654,-0.4612,6.4248],[121.7667,-0.4617,10.2607]]],
[[[121.7217,-0.4594,0.0],[121.7216,-0.4594,0.0],[121.7212,-0.4595,0.0],[121.7216,-0.4598,0.0],[121.7217,-0.4594,0.0]]],
[[[121.7597,-0.4578,0.0],[121.7588,-0.458,0.0],[121.7598,-0.4592,3.5498],[121.7607,-0.4587,3.5498],[121.7597,-0.4578,0.0]]],
[[[121.7535,-0.4484,0.0],[121.7527,-0.4484,0.0],[121.7524,-0.4488,0.0],[121.7534,-0.449,0.0],[121.7535,-0.4484,0.0]]],
[[[121.7587,-0.4557,0.0],[121.7606,-0.4583,3.5498],[121.763,-0.4587,2.9213],[121.7607,-0.4549,3.5018],[121.7589,-0.4544,0.0],[121.7587,-0.4557,0.0]]],
[[[121.7245,-0.456,0.0],[121.7251,-0.4559,0.0],[121.725,-0.4548,0.0],[121.7245,-0.4552,0.0],[121.7245,-0.456,0.0]]],
[[[122.1039,-0.4447,0.0],[122.1036,-0.4444,0.0],[122.1029,-0.4447,0.0],[122.1031,-0.4448,0.0],[122.1039,-0.4447,0.0]]],
[[[122.1012,-0.4441,2.2541],[122.1024,-0.4443,9.3482],[122.1036,-0.4435,0.0],[122.1007,-0.4432,2.2541],[122.1012,-0.4441,2.2541]]],
[[[122.0724,-0.4412,3.8433],[122.0717,-0.4423,2.7187],[122.0731,-0.4431,0.0],[122.0734,-0.4417,0.0],[122.0724,-0.4412,3.8433]]],
[[[122.1021,-0.4412,4.9565],[122.1023,-0.441,4.9565],[122.102,-0.4408,4.9565],[122.1019,-0.4411,4.9565],[122.1021,-0.4412,4.9565]]],
[[[122.1007,-0.4424,0.0],[122.1014,-0.4425,0.0],[122.1014,-0.4421,0.0],[122.1008,-0.4418,0.0],[122.1007,-0.4424,0.0]]],
[[[122.0832,-0.4408,0.0],[122.0824,-0.442,5.4763],[122.0847,-0.4421,21.8031],[122.0845,-0.4401,0.0],[122.0832,-0.4408,0.0]]],
[[[122.071,-0.4412,3.8433],[122.0707,-0.4405,3.8433],[122.07,-0.4405,0.0],[122.0706,-0.4413,2.7187],[122.071,-0.4412,3.8433]]],
[[[122.0987,-0.4403,0.0],[122.0979,-0.4408,0.0],[122.0985,-0.4416,0.0],[122.0989,-0.4414,0.0],[122.0987,-0.4403,0.0]]],
[[[122.0961,-0.4414,9.1452],[122.0967,-0.4414,9.1452],[122.0972,-0.4404,0.0],[122.0959,-0.4406,0.0],[122.0961,-0.4414,9.1452]]],
[[[121.7949,-0.4402,0.0],[121.7945,-0.4402,0.0],[121.7942,-0.4409,0.0],[121.7951,-0.4411,0.0],[121.7949,-0.4402,0.0]]],
[[[121.7822,-0.4318,0.0],[121.7821,-0.4313,0.0],[121.782,-0.4297,0.0],[121.7813,-0.4308,0.0],[121.7822,-0.4318,0.0]]],
[[[122.1263,-0.4247,0.0],[122.126,-0.4234,0.0],[122.1258,-0.4233,0.0],[122.1251,-0.4244,0.0],[122.1263,-0.4247,0.0]]],
[[[122.1,-0.4072,0.3585],[122.1004,-0.4039,0.0],[122.098,-0.4042,0.0],[122.0981,-0.4088,2.1496],[122.1003,-0.4088,0.4748],[122.1,-0.4072,0.3585]]],
[[[121.8317,-0.4088,0.0],[121.8312,-0.409,0.0],[121.8311,-0.41,0.0],[121.8328,-0.4092,0.0],[121.8317,-0.4088,0.0]]],
[[[121.8288,-0.408,0.0],[121.8287,-0.4086,0.0],[121.8298,-0.409,0.0],[121.8297,-0.4085,0.0],[121.8288,-0.408,0.0]]],
[[[121.8157,-0.3884,0.0],[121.8137,-0.3903,0.0],[121.8148,-0.3955,0.0],[121.8123,-0.4051,0.0],[121.813,-0.4074,0.0],[121.8166,-0.4089,4.8827],[121.8249,-0.4017,13.8955],[121.8271,-0.3976,37.7142],[121.8157,-0.3884,0.0]]],
[[[121.8301,-0.4156,0.0],[121.8305,-0.416,0.0],[121.8317,-0.4157,0.0],[121.8309,-0.4144,0.0],[121.8301,-0.4156,0.0]]],
[[[121.80029999999999,-0.4201,0.0],[121.7998,-0.4201,0.0],[121.7997,-0.4204,0.0],[121.80029999999999,-0.4207,0.0],[121.80029999999999,-0.4201,0.0]]],
[[[121.8005,-0.4168,0.0],[121.7998,-0.4178,0.0],[121.8021,-0.4167,0.0],[121.8011,-0.4159,0.0],[121.8005,-0.4168,0.0]]],
[[[121.8289,-0.4161,0.0657],[121.8291,-0.4153,0.0657],[121.8272,-0.4148,0.0],[121.8271,-0.416,0.0],[121.8289,-0.4161,0.0657]]],
[[[121.8244,-0.4159,0.0],[121.8252,-0.4161,0.0],[121.8259,-0.4137,0.0],[121.825,-0.4142,0.0],[121.8244,-0.4159,0.0]]],
[[[121.7959,-0.4108,33.4435],[121.791,-0.4097,63.8171],[121.7897,-0.4108,19.1327],[121.7882,-0.4126,0.0],[121.7892,-0.4167,12.7658],[121.7916,-0.4177,27.587],[121.7952,-0.4164,0.0],[121.7959,-0.4108,33.4435]]],
[[[122.1198,-0.4256,5.1448],[122.1189,-0.426,5.1448],[122.1193,-0.4271,0.0],[122.1198,-0.4271,0.0],[122.1198,-0.4256,5.1448]]],
[[[122.0644,-0.4252,0.0],[122.0648,-0.4252,0.0],[122.0647,-0.4242,0.0],[122.0643,-0.4244,0.0],[122.0644,-0.4252,0.0]]],
[[[122.1168,-0.4269,0.0],[122.1172,-0.427,0.0],[122.1172,-0.4269,0.0],[122.1167,-0.4265,0.0],[122.1168,-0.4269,0.0]]],
[[[122.0693,-0.4245,2.6721],[122.0688,-0.4256,7.7431],[122.0697,-0.4262,7.7431],[122.0698,-0.4232,2.6721],[122.0693,-0.4245,2.6721]]],
[[[122.0149,-0.4258,1.887],[122.0157,-0.4251,1.4337],[122.0127,-0.4232,1.7185],[122.0119,-0.4249,1.9401],[122.0149,-0.4258,1.887]]],
[[[122.1157,-0.4305,0.0],[122.1157,-0.4297,0.0],[122.1148,-0.4298,0.0],[122.115,-0.4304,0.0],[122.1157,-0.4305,0.0]]],
[[[122.11,-0.4315,0.0],[122.1097,-0.4313,0.0],[122.1095,-0.4319,0.0],[122.1104,-0.432,0.0],[122.11,-0.4315,0.0]]],
[[[122.0858,-0.4321,0.0],[122.0863,-0.4315,0.0],[122.0835,-0.4313,0.0],[122.084,-0.4318,0.0],[122.0858,-0.4321,0.0]]],
[[[122.1015,-0.431,32.8273],[122.1008,-0.4311,29.8055],[122.101,-0.4317,0.0],[122.1017,-0.4315,0.0],[122.1015,-0.431,32.8273]]],
[[[122.0751,-0.4315,0.0],[122.0747,-0.4311,0.0],[122.074,-0.4314,0.0],[122.0742,-0.432,0.0],[122.0751,-0.4315,0.0]]],
[[[122.0834,-0.4286,0.0],[122.0829,-0.4292,0.0],[122.0833,-0.4299,1.5191],[122.0838,-0.4293,0.0],[122.0834,-0.4286,0.0]]],
[[[122.08,-0.4309,0.0],[122.0791,-0.4296,0.0],[122.0771,-0.4286,0.0],[122.0781,-0.4321,0.0],[122.08,-0.4309,0.0]]],
[[[122.0759,-0.4318,0.0],[122.0769,-0.4318,0.0],[122.0761,-0.4303,0.0],[122.0758,-0.4307,0.0],[122.0759,-0.4318,0.0]]],
[[[122.0618,-0.4296,1.6986],[122.0624,-0.4294,0.0],[122.0619,-0.4286,0.7954],[122.0616,-0.4286,0.7954],[122.0618,-0.4296,1.6986]]],
[[[122.0692,-0.4305,0.0],[122.0698,-0.4301,0.0],[122.0695,-0.4297,0.0],[122.0691,-0.4299,0.0],[122.0692,-0.4305,0.0]]],
[[[121.8007,-0.429,0.0],[121.8015,-0.4292,0.0],[121.8016,-0.428,0.0],[121.8009,-0.4281,0.0],[121.8007,-0.429,0.0]]],
[[[121.8032,-0.4253,0.0],[121.8023,-0.4283,0.0],[121.8031,-0.4287,0.0],[121.8045,-0.4273,0.0],[121.8032,-0.4253,0.0]]],
[[[122.1115,-0.43,0.0],[122.1089,-0.4267,0.0],[122.112,-0.4314,0.0],[122.1122,-0.4305,0.0],[122.1115,-0.43,0.0]]],
[[[122.0597,-0.4296,0.0],[122.0607,-0.431,1.6986],[122.0618,-0.4262,0.0],[122.0598,-0.4266,0.0],[122.0601,-0.4281,0.0],[122.0591,-0.4269,0.0],[122.0597,-0.4296,0.0]]],
[[[121.9806,-0.4306,27.4867],[121.9816,-0.4276,0.0],[121.9798,-0.4279,0.0],[121.9788,-0.4261,2.9388],[121.9784,-0.4302,34.8704],[121.9806,-0.4306,27.4867]]],
[[[122.0746,-0.4285,13.3552],[122.0759,-0.4293,13.3552],[122.0754,-0.4265,5.8689],[122.0746,-0.4267,5.8689],[122.0746,-0.4285,13.3552]]],
[[[122.0684,-0.4281,0.0],[122.0688,-0.428,4.5492],[122.0689,-0.4273,2.4904],[122.0683,-0.4277,0.0],[122.0684,-0.4281,0.0]]],
[[[121.8056,-0.4261,0.0],[121.8051,-0.4259,0.0],[121.8049,-0.4261,0.0],[121.8054,-0.4267,0.0],[121.8056,-0.4261,0.0]]],
[[[122.1161,-0.4262,0.0],[122.1155,-0.4261,0.0],[122.1151,-0.4269,2.2328],[122.1164,-0.4268,0.0],[122.1161,-0.4262,0.0]]],
[[[122.0729,-0.4237,9.7979],[122.0739,-0.4246,2.7584],[122.0718,-0.4219,0.0],[122.0707,-0.4239,14.6816],[122.0724,-0.4249,12.984],[122.0726,-0.4295,18.1924],[122.0745,-0.4308,8.7266],[122.074,-0.4255,2.7584],[122.0729,-0.4237,9.7979]]],
[[[122.0263,-0.426,0.0],[122.0262,-0.4277,0.0],[122.0313,-0.4273,1.3599],[122.0285,-0.4239,1.2822],[122.0263,-0.426,0.0]]],
[[[122.1039,-0.4246,3.4197],[122.1048,-0.4252,3.4197],[122.1059,-0.4238,0.0],[122.1045,-0.4232,0.0],[122.1039,-0.4246,3.4197]]],
[[[122.1182,-0.4228,0.0],[122.1177,-0.4243,0.0],[122.1187,-0.4255,5.1448],[122.1193,-0.4234,4.8385],[122.1182,-0.4228,0.0]]],
[[[121.7991,-0.4241,0.0],[121.7986,-0.4242,87.1905],[121.7985,-0.4245,87.1905],[121.7992,-0.4245,0.0],[121.7991,-0.4241,0.0]]],
[[[122.0688,-0.4213,2.6498],[122.0684,-0.4212,0.0],[122.0678,-0.422,0.0],[122.0686,-0.422,2.6498],[122.0688,-0.4213,2.6498]]],
[[[122.0786,-0.4249,4.8434],[122.0791,-0.425,35.5403],[122.079,-0.4237,36.2068],[122.0785,-0.4239,9.335],[122.0786,-0.4249,4.8434]]],
[[[121.7979,-0.4311,11.6474],[121.8008,-0.4251,7.4324],[121.8066,-0.423,28.4095],[121.8061,-0.4161,11.3869],[121.803,-0.4163,47.2212],[121.8021,-0.4188,9.2475],[121.8007,-0.4188,0.0],[121.8021,-0.4224,3.9833],[121.7999,-0.4254,7.4324],[121.7982,-0.4254,108.9774],[121.7976,-0.4213,37.3463],[121.7937,-0.4222,8.1932],[121.7931,-0.428,0.0],[121.7979,-0.4311,11.6474]]],
[[[122.0676,-0.4251,8.9773],[122.0687,-0.4223,2.6498],[122.0671,-0.4223,0.0],[122.0662,-0.4255,0.0],[122.0676,-0.4251,8.9773]]],
[[[122.0785,-0.4193,9.7081],[122.0782,-0.4161,0.8974],[122.0767,-0.4165,0.8435],[122.0777,-0.4177,0.8435],[122.0746,-0.4179,0.0],[122.0748,-0.4198,9.2683],[122.0705,-0.4188,0.0],[122.0688,-0.4216,2.6498],[122.0695,-0.4226,2.6498],[122.0717,-0.4214,0.0],[122.0714,-0.4198,7.8979],[122.0767,-0.4254,4.8434],[122.0775,-0.4231,9.335],[122.0797,-0.4226,8.3489],[122.0783,-0.421,7.7129],[122.0785,-0.4193,9.7081]]],
[[[121.7828,-0.4354,-0.1348],[121.7837,-0.4349,-0.1348],[121.7827,-0.4342,0.0],[121.7821,-0.4351,0.0],[121.7828,-0.4354,-0.1348]]],
[[[122.0729,-0.4352,3.6706],[122.0732,-0.4349,3.6706],[122.0728,-0.4343,0.0],[122.0725,-0.4349,0.0],[122.0729,-0.4352,3.6706]]],
[[[121.7878,-0.4365,0.0],[121.7891,-0.4362,0.0],[121.7884,-0.4335,0.0],[121.7875,-0.4359,0.0],[121.7878,-0.4365,0.0]]],
[[[122.0681,-0.435,0.0],[122.0679,-0.4349,0.0],[122.0673,-0.4356,0.0],[122.0684,-0.4358,0.0],[122.0681,-0.435,0.0]]],
[[[122.1123,-0.437,10.757],[122.1133,-0.4353,14.052],[122.1101,-0.4322,0.0],[122.1102,-0.4355,11.9025],[122.1123,-0.437,10.757]]],
[[[122.0839,-0.4358,0.0],[122.0838,-0.4355,0.0],[122.0832,-0.4358,0.0],[122.0839,-0.4361,0.0],[122.0839,-0.4358,0.0]]],
[[[122.0778,-0.436,0.0],[122.0784,-0.4356,0.0],[122.078,-0.4348,0.0],[122.0777,-0.4353,0.0],[122.0778,-0.436,0.0]]],
[[[122.0738,-0.4338,0.0],[122.074,-0.4351,3.6706],[122.075,-0.4355,0.0],[122.0747,-0.4338,0.0],[122.0738,-0.4338,0.0]]],
[[[122.1025,-0.4348,10.3802],[122.0983,-0.4333,0.0],[122.0997,-0.4351,10.7973],[122.103,-0.4357,10.3802],[122.1025,-0.4348,10.3802]]],
[[[122.0831,-0.4343,0.0],[122.0833,-0.4343,0.0],[122.0834,-0.434,0.0],[122.083,-0.4339,0.0],[122.0831,-0.4343,0.0]]],
[[[122.0767,-0.4343,0.0],[122.0767,-0.4337,0.0],[122.076,-0.4336,0.0],[122.076,-0.4341,0.0],[122.0767,-0.4343,0.0]]],
[[[121.7866,-0.4385,0.0],[121.7865,-0.4381,5.0283],[121.7861,-0.4381,5.0283],[121.786,-0.4384,5.0283],[121.7866,-0.4385,0.0]]],
[[[122.0687,-0.4386,0.0],[122.0685,-0.4379,0.0],[122.0678,-0.4378,0.0],[122.0684,-0.4389,0.0],[122.0687,-0.4386,0.0]]],
[[[121.9269,-0.4412,0.0],[121.9247,-0.4392,0.0],[121.9188,-0.4401,0.4384],[121.9233,-0.4492,1.3534],[121.9283,-0.4451,7.5618],[121.9269,-0.4412,0.0]]],
[[[122.1033,-0.4403,4.9565],[122.1026,-0.439,0.0],[122.1007,-0.4393,0.0],[122.1052,-0.4424,7.0305],[122.1033,-0.4403,4.9565]]],
[[[121.7856,-0.4408,8.9637],[121.7861,-0.4396,8.9637],[121.7847,-0.4386,5.0283],[121.7842,-0.4413,0.0],[121.7856,-0.4408,8.9637]]],
[[[122.0726,-0.4388,0.0],[122.0714,-0.4399,3.8433],[122.0714,-0.4408,3.8433],[122.0725,-0.4399,3.8433],[122.0726,-0.4388,0.0]]],
[[[122.0814,-0.4406,3.382],[122.0825,-0.4397,3.382],[122.0811,-0.439,0.0],[122.081,-0.44,3.382],[122.0814,-0.4406,3.382]]],
[[[122.0995,-0.4386,0.0],[122.0995,-0.4383,0.0],[122.0989,-0.4386,0.0],[122.0994,-0.4392,0.0],[122.0995,-0.4386,0.0]]],
[[[122.0965,-0.4382,1.8031],[122.0961,-0.4383,1.8031],[122.0971,-0.4392,1.8031],[122.0972,-0.439,1.8031],[122.0965,-0.4382,1.8031]]],
[[[122.0681,-0.4391,0.0],[122.0684,-0.4399,0.0],[122.0693,-0.4395,0.0],[122.0688,-0.4392,0.0],[122.0681,-0.4391,0.0]]],
[[[122.0714,-0.4392,0.0],[122.0716,-0.4386,0.0],[122.0712,-0.4383,0.0],[122.0707,-0.4393,0.0],[122.0714,-0.4392,0.0]]],
[[[122.0732,-0.4393,0.0],[122.0732,-0.4404,0.0],[122.0745,-0.4399,0.0],[122.0726,-0.4368,0.0],[122.0726,-0.4376,0.0],[122.0732,-0.4393,0.0]]],
[[[122.0957,-0.4396,0.0],[122.0956,-0.4376,0.0],[122.0935,-0.4374,0.0],[122.0934,-0.4381,1.1165],[122.0957,-0.4396,0.0]]],
[[[121.7822,-0.4376,0.0],[121.7826,-0.4368,0.0],[121.7821,-0.4365,0.0],[121.7818,-0.4372,0.0],[121.7822,-0.4376,0.0]]],
[[[121.7842,-0.4381,0.0],[121.7848,-0.438,5.0283],[121.7842,-0.437,0.0],[121.784,-0.4377,0.0],[121.7842,-0.4381,0.0]]],
[[[121.794,-0.4382,3.5089],[121.7935,-0.4363,0.0],[121.7918,-0.4389,0.0],[121.7927,-0.4394,3.5089],[121.794,-0.4382,3.5089]]],
[[[121.7866,-0.4374,0.0],[121.7864,-0.4368,2.4493],[121.7855,-0.4355,0.0],[121.785,-0.4378,2.4493],[121.7866,-0.4374,0.0]]],
[[[121.9367,-0.4349,0.0],[121.9356,-0.4365,0.0],[121.9369,-0.4374,2.1618],[121.941,-0.436,0.0],[121.9411,-0.4337,0.0],[121.9386,-0.4322,0.0],[121.9381,-0.4347,3.5082],[121.9367,-0.4349,0.0]]],
[[[122.1028,-0.4365,0.6608],[122.1033,-0.437,0.6608],[122.1047,-0.4365,5.9843],[122.1039,-0.4355,0.0],[122.1028,-0.4365,0.6608]]],
[[[122.0987,-0.437,0.0],[122.0992,-0.4375,0.0],[122.0999,-0.4374,0.0],[122.0996,-0.4369,0.0],[122.0987,-0.437,0.0]]],
[[[122.0851,-0.4394,0.0],[122.085,-0.437,0.0],[122.083,-0.4372,0.0],[122.0831,-0.4381,13.2661],[122.0851,-0.4394,0.0]]],
[[[122.0827,-0.4369,0.0],[122.0823,-0.437,0.0],[122.0825,-0.4373,0.0],[122.0827,-0.4372,0.0],[122.0827,-0.4369,0.0]]],
[[[122.0763,-0.4368,0.0],[122.0759,-0.4364,0.0],[122.0749,-0.4371,0.0],[122.0758,-0.4373,0.0],[122.0763,-0.4368,0.0]]],
[[[121.7854,-0.4345,0.0],[121.7862,-0.4347,0.0],[121.786,-0.4332,0.0],[121.7855,-0.4334,0.0],[121.7854,-0.4345,0.0]]],
[[[122.0812,-0.4346,0.0],[122.0813,-0.434,0.0],[122.0801,-0.4331,0.0],[122.0808,-0.4346,0.0],[122.0812,-0.4346,0.0]]],
[[[122.08,-0.4324,0.0],[122.0798,-0.432,0.0],[122.0794,-0.4321,0.0],[122.0794,-0.4327,0.0],[122.08,-0.4324,0.0]]],
[[[122.0177,-0.4341,30.1463],[122.0187,-0.4358,11.5888],[122.0222,-0.4351,7.6773],[122.0165,-0.4293,0.0],[122.0167,-0.4314,0.0],[122.0177,-0.4341,30.1463]]],
[[[122.0714,-0.4305,0.0],[122.0706,-0.4265,0.0],[122.0691,-0.4283,4.5492],[122.0705,-0.4285,0.0],[122.0715,-0.4354,0.0],[122.0714,-0.4326,12.0881],[122.0733,-0.4325,0.0],[122.0714,-0.4305,0.0]]],
[[[121.9368,-0.4313,0.0],[121.9385,-0.4292,6.9927],[121.939,-0.4309,0.0],[121.94,-0.4297,0.0],[121.9404,-0.4256,8.7834],[121.9465,-0.4296,0.0],[121.9501,-0.4281,0.0],[121.9481,-0.4231,5.7738],[121.9505,-0.42,2.6688],[121.9535,-0.4187,5.8669],[121.9658,-0.4184,0.0],[121.9688,-0.4162,5.8843],[121.97,-0.4182,2.0],[121.972,-0.4157,17.6342],[121.9712,-0.4191,2.0],[121.976,-0.4208,13.8407],[121.9752,-0.4228,2.0333],[121.9773,-0.4253,6.6199],[121.9796,-0.4245,25.8885],[121.9804,-0.4207,10.0496],[121.9835,-0.4191,1.7139],[121.9849,-0.416,14.4116],[121.985,-0.4218,0.7064],[121.993,-0.4248,0.0],[121.9967,-0.4233,0.0],[122.0003,-0.4244,5.3683],[122.0005,-0.4205,4.3954],[122.0024,-0.4222,0.0],[122.0015,-0.4186,1.7857],[122.0027,-0.4181,2.1811],[122.0028,-0.4197,1.2644],[122.0064,-0.416,4.8128],[122.008,-0.4211,0.0],[122.0103,-0.4217,0.0],[122.0073,-0.4116,7.6569],[122.0087,-0.4103,19.8036],[122.0066,-0.4065,7.2769],[122.0038,-0.4057,3.0269],[122.0076,-0.4035,0.0],[122.0065,-0.4001,12.4415],[122.008,-0.4027,3.2099],[122.0094,-0.4022,6.5658],[122.0092,-0.3981,9.6107],[122.0124,-0.4048,13.9668],[122.0094,-0.4085,25.2247],[122.0126,-0.4172,0.0],[122.0149,-0.4155,1.8386],[122.0172,-0.4194,0.0],[122.0208,-0.4154,1.9704],[122.0219,-0.4182,0.9263],[122.0236,-0.4183,0.0],[122.0271,-0.4142,6.65],[122.0294,-0.4152,3.8577],[122.0298,-0.4182,11.1624],[122.0274,-0.4202,4.0256],[122.0282,-0.422,2.3932],[122.0266,-0.4235,0.0],[122.028,-0.4236,1.2822],[122.0304,-0.4203,2.4963],[122.0332,-0.4219,0.9691],[122.0364,-0.4204,3.3077],[122.037,-0.4218,8.2478],[122.0354,-0.423,0.0],[122.0415,-0.4261,3.1378],[122.0462,-0.425,0.0],[122.0509,-0.4207,2.9113],[122.0546,-0.421,0.0],[122.0544,-0.4176,0.0],[122.0517,-0.4159,15.9604],[122.0536,-0.4142,2.4941],[122.0574,-0.4146,0.0],[122.0586,-0.4106,0.3957],[122.0537,-0.4103,3.169],[122.0477,-0.4135,25.9222],[122.05,-0.4114,13.7514],[122.0488,-0.4101,6.3601],[122.0506,-0.4113,13.7514],[122.0548,-0.4088,0.0],[122.053,-0.4015,0.0],[122.0554,-0.4022,2.1017],[122.0562,-0.406,12.7316],[122.0613,-0.4076,1.2974],[122.0621,-0.4051,8.3972],[122.0635,-0.4056,0.0],[122.0635,-0.3999,3.1096],[122.0652,-0.3996,0.0],[122.0655,-0.3968,0.5216],[122.0672,-0.3977,0.4502],[122.0682,-0.3963,0.4502],[122.064,-0.3922,0.6069],[122.0621,-0.3936,27.5444],[122.0612,-0.3919,13.3106],[122.0594,-0.3926,16.0223],[122.0605,-0.3897,0.0],[122.0639,-0.3889,0.4222],[122.0613,-0.3851,0.7665],[122.0568,-0.3877,1.6255],[122.0589,-0.3829,0.6772],[122.0574,-0.3803,2.1724],[122.0631,-0.3798,0.0],[122.0608,-0.3762,0.0],[122.0564,-0.3756,0.8071],[122.0545,-0.3726,0.0],[122.0559,-0.3706,1.3963],[122.0596,-0.3737,0.0],[122.0615,-0.3722,14.3833],[122.0612,-0.3694,0.8485],[122.0558,-0.3688,2.5645],[122.0572,-0.3648,2.0943],[122.0595,-0.364,4.6008],[122.0594,-0.3599,7.4904],[122.057,-0.3575,2.9622],[122.0538,-0.3573,2.2872],[122.0545,-0.3569,2.1624],[122.0587,-0.3579,3.616],[122.0584,-0.3531,0.0],[122.06,-0.3491,4.0555],[122.0548,-0.3482,3.0348],[122.054,-0.3494,1.8886],[122.0505,-0.3451,2.2082],[122.0445,-0.3479,1.5318],[122.0428,-0.3411,5.7027],[122.0441,-0.3401,0.0],[122.0402,-0.339,1.7757],[122.0361,-0.3449,2.038],[122.0371,-0.346,2.038],[122.0388,-0.3442,17.2014],[122.0402,-0.3451,8.3641],[122.0376,-0.347,7.6316],[122.0397,-0.3513,8.9723],[122.0393,-0.3582,0.551],[122.0406,-0.3627,2.6285],[122.0368,-0.3581,6.2046],[122.035,-0.3581,8.94],[122.0343,-0.36,5.9263],[122.0333,-0.3548,0.0],[122.0306,-0.3581,2.0316],[122.0258,-0.3522,3.3542],[122.0229,-0.3553,1.8266],[122.019,-0.3534,0.0],[122.0192,-0.3574,2.2338],[122.0239,-0.359,5.196],[122.0225,-0.3637,1.5988],[122.025,-0.3661,1.1516],[122.0189,-0.3709,2.1768],[122.0137,-0.3699,3.072],[122.012,-0.375,4.9976],[122.0112,-0.3738,0.787],[122.0114,-0.3687,0.0],[122.0088,-0.367,2.5005],[122.0101,-0.3665,2.5005],[122.009,-0.3644,5.3965],[122.0115,-0.3638,0.0],[122.0091,-0.3625,2.1399],[122.0108,-0.3616,0.0],[122.0065,-0.3596,4.4536],[122.0051,-0.3609,4.4536],[122.0021,-0.358,10.6466],[122.0041,-0.3558,4.8467],[122.0018,-0.3556,7.3149],[121.9997,-0.3532,2.5048],[121.9989,-0.3559,10.7441],[121.9974,-0.3516,1.486],[121.9951,-0.355,3.9421],[121.992,-0.3551,7.7367],[121.9914,-0.3533,1.259],[121.9791,-0.3556,2.7024],[121.9809,-0.3537,1.9658],[121.9786,-0.3514,7.8042],[121.9808,-0.3496,3.0399],[121.9812,-0.3512,3.0399],[121.9831,-0.3508,0.0],[121.9841,-0.3488,3.6254],[121.9855,-0.3498,0.0],[121.9863,-0.3476,1.5834],[121.9895,-0.3469,0.0],[121.9903,-0.3448,0.0],[121.9931,-0.3436,0.0],[121.991,-0.3414,13.1672],[121.9867,-0.343,8.0554],[121.985,-0.3458,4.0744],[121.9832,-0.3426,0.0],[121.9818,-0.3428,0.0],[121.98,-0.347,7.0547],[121.9786,-0.3449,2.8305],[121.9752,-0.3483,6.6481],[121.9745,-0.3467,0.0],[121.9722,-0.3481,13.1682],[121.9696,-0.3466,27.4433],[121.968,-0.3438,1.697],[121.9719,-0.3467,0.5055],[121.9752,-0.3428,12.7158],[121.9781,-0.343,0.0],[121.9791,-0.3416,2.3018],[121.9766,-0.3395,0.0],[121.972,-0.342,8.9441],[121.9732,-0.3387,4.7042],[121.9706,-0.3376,4.8726],[121.9729,-0.3349,3.4535],[121.9685,-0.3265,22.6455],[121.9655,-0.3268,0.0],[121.9595,-0.3319,9.7464],[121.9579,-0.3284,0.4992],[121.9514,-0.3243,2.5777],[121.9307,-0.326,7.959],[121.9345,-0.3288,24.4823],[121.9275,-0.3301,9.9237],[121.9263,-0.3324,0.0],[121.9273,-0.3349,15.6479],[121.9248,-0.3343,5.4456],[121.9303,-0.339,0.0],[121.9323,-0.3448,0.0],[121.9351,-0.3455,0.6724],[121.9369,-0.3416,2.8333],[121.9405,-0.3418,2.2097],[121.9422,-0.3387,13.8025],[121.9451,-0.3433,0.0],[121.9469,-0.3389,6.0967],[121.9459,-0.3374,7.615],[121.9489,-0.3342,16.5038],[121.9509,-0.3374,0.842],[121.9535,-0.337,4.1489],[121.9491,-0.3397,6.6576],[121.9518,-0.3423,4.7108],[121.9477,-0.3434,16.9479],[121.9482,-0.3492,2.7851],[121.9504,-0.3466,0.0],[121.9515,-0.3496,0.0],[121.9554,-0.3499,0.0],[121.9559,-0.3427,4.2154],[121.9572,-0.342,4.2154],[121.9562,-0.3439,14.6462],[121.9577,-0.3461,2.5015],[121.9601,-0.3428,20.1932],[121.9613,-0.3435,2.0798],[121.9575,-0.3494,11.1291],[121.9598,-0.3493,24.0134],[121.9592,-0.3509,0.0],[121.9631,-0.3541,2.6815],[121.9644,-0.3522,9.715],[121.9635,-0.3491,4.7784],[121.9658,-0.351,2.6446],[121.9669,-0.3502,2.6446],[121.9658,-0.3551,0.0],[121.9713,-0.3538,7.9911],[121.9668,-0.3574,7.3712],[121.9665,-0.3587,5.8541],[121.9698,-0.3613,31.9446],[121.9673,-0.3609,1.3196],[121.9672,-0.3633,9.7265],[121.9657,-0.3575,7.3712],[121.9578,-0.3558,2.1244],[121.959,-0.3569,20.4509],[121.958,-0.3589,13.9441],[121.9598,-0.3597,9.6203],[121.9591,-0.366,1.9184],[121.9607,-0.3694,22.7193],[121.9594,-0.3688,22.7193],[121.9578,-0.3621,3.9299],[121.9552,-0.3619,28.1092],[121.956,-0.3579,1.0499],[121.9519,-0.3528,0.0],[121.949,-0.3535,5.4083],[121.9516,-0.3584,40.4463],[121.9513,-0.3601,31.4918],[121.9485,-0.3591,1.5684],[121.9496,-0.36,10.2917],[121.9479,-0.3612,8.1224],[121.9488,-0.3653,8.5246],[121.9467,-0.3625,3.1611],[121.9458,-0.3638,5.6266],[121.9457,-0.356,0.0],[121.9422,-0.359,0.0],[121.9413,-0.3642,25.6348],[121.9387,-0.358,5.2307],[121.9346,-0.3582,0.0],[121.9334,-0.3619,15.4333],[121.9362,-0.3634,4.7914],[121.9342,-0.3647,2.328],[121.9399,-0.3718,22.4473],[121.937,-0.3708,6.8731],[121.9361,-0.3687,0.0],[121.934,-0.3696,20.9962],[121.9314,-0.3654,0.0],[121.9286,-0.3678,1.0414],[121.9282,-0.3713,13.4091],[121.9266,-0.3689,1.2597],[121.9243,-0.3696,4.3235],[121.9245,-0.3667,0.0],[121.927,-0.3668,0.0],[121.9281,-0.3641,7.4582],[121.926,-0.3639,32.3901],[121.9279,-0.3629,3.3621],[121.9247,-0.3614,14.1612],[121.9214,-0.3628,8.407],[121.9223,-0.36,6.3052],[121.9212,-0.3591,4.2592],[121.9239,-0.359,1.9848],[121.9263,-0.3556,9.8433],[121.925,-0.3521,0.0],[121.9203,-0.3509,5.0864],[121.9196,-0.3489,0.0],[121.9154,-0.3508,7.196],[121.9148,-0.3486,1.963],[121.9163,-0.3475,0.0],[121.9128,-0.3411,18.0065],[121.9158,-0.3396,0.0],[121.916,-0.3376,0.0],[121.9144,-0.3375,0.0],[121.9135,-0.3393,13.7993],[121.9118,-0.3386,5.9359],[121.9123,-0.3416,6.6998],[121.9108,-0.3441,9.7949],[121.9108,-0.3397,15.576599999999999],[121.9095,-0.3387,0.0],[121.9086,-0.3423,19.8054],[121.8998,-0.3421,31.7118],[121.8994,-0.3399,10.9515],[121.9012,-0.3412,7.7641],[121.9059,-0.3403,0.0],[121.9029,-0.3388,26.5273],[121.9051,-0.3376,21.6518],[121.907,-0.3386,0.0],[121.908,-0.3409,0.0],[121.9091,-0.3364,0.0],[121.9066,-0.3375,7.6137],[121.9066,-0.3361,0.0],[121.9026,-0.334,11.2829],[121.8997,-0.3341,6.541],[121.8996,-0.3353,15.6627],[121.8973,-0.3353,0.0],[121.8997,-0.338,27.2581],[121.8964,-0.3395,3.0151],[121.8977,-0.341,10.9515],[121.8878,-0.3417,4.3181],[121.8895,-0.3426,42.7925],[121.8874,-0.3434,18.1836],[121.8981,-0.3553,44.6374],[121.8874,-0.3435,18.1836],[121.8838,-0.3441,0.0],[121.872,-0.3591,0.0],[121.8756,-0.3604,17.0968],[121.8833,-0.3579,8.236],[121.8844,-0.3605,0.0],[121.8781,-0.3657,2.7331],[121.8743,-0.365,0.0],[121.8742,-0.3717,2.5732],[121.8719,-0.3715,3.6488],[121.8688,-0.3671,0.0],[121.864,-0.3699,22.7411],[121.8622,-0.3694,0.0],[121.8591,-0.3778,0.0],[121.8602,-0.3809,0.0],[121.8589,-0.3827,0.0],[121.861,-0.3833,52.1003],[121.8613,-0.3885,21.9662],[121.8631,-0.3896,0.0],[121.867,-0.3855,9.1346],[121.8707,-0.3898,0.0],[121.8761,-0.3916,0.7569],[121.8759,-0.3964,6.0244],[121.8738,-0.3936,2.2956],[121.8703,-0.3954,1.6785],[121.8725,-0.3979,14.6793],[121.8731,-0.4084,1.9176],[121.8748,-0.4093,1.9176],[121.8753,-0.4125,1.3984],[121.8798,-0.4145,12.8868],[121.8819,-0.4178,11.9018],[121.8838,-0.4177,9.6727],[121.8834,-0.4203,3.2103],[121.8855,-0.4221,12.5008],[121.8914,-0.4234,5.4469],[121.8952,-0.4207,46.407],[121.8975,-0.4217,0.7107],[121.901,-0.426,4.4463],[121.9049,-0.4271,8.6411],[121.9061,-0.4342,5.0894],[121.918,-0.4393,3.7828],[121.9198,-0.4377,19.73],[121.9192,-0.4344,22.2911],[121.9223,-0.4325,8.1404],[121.9233,-0.4334,3.0704],[121.9221,-0.4372,0.0],[121.9257,-0.4347,0.0],[121.9275,-0.4362,8.5519],[121.9323,-0.431,14.8903],[121.9326,-0.4268,21.3337],[121.9345,-0.4292,0.6485],[121.9372,-0.4287,6.9927],[121.9348,-0.4315,0.0],[121.9368,-0.4313,0.0]]],
[[[122.1313,-0.4149,2.3961],[122.1327,-0.4118,49.8987],[122.135,-0.4158,20.0928],[122.1335,-0.4181,1.02],[122.1364,-0.4202,1.0433],[122.137,-0.4169,4.2171],[122.1387,-0.4159,0.0],[122.1364,-0.4115,0.0],[122.1382,-0.4104,12.7631],[122.1426,-0.4167,34.1541],[122.146,-0.4187,1.9793],[122.1411,-0.4057,11.87],[122.1458,-0.4069,3.2771],[122.148,-0.4038,1.1853],[122.1464,-0.4027,0.0],[122.1482,-0.4004,4.1333],[122.1507,-0.4024,3.903],[122.1504,-0.4006,1.1979],[122.154,-0.3972,0.0],[122.154,-0.3927,0.0],[122.151,-0.3945,3.0579],[122.1493,-0.3914,3.4108],[122.1534,-0.39,0.0],[122.1499,-0.3855,0.0],[122.15,-0.3825,0.0],[122.1467,-0.3849,19.0951],[122.1495,-0.3798,0.0],[122.1492,-0.373,0.0],[122.1459,-0.3711,0.0],[122.1434,-0.3742,2.0749],[122.1399,-0.3755,6.9658],[122.1393,-0.3745,6.9424],[122.1423,-0.3711,0.0],[122.1403,-0.3705,3.0648],[122.1407,-0.3687,0.4485],[122.1439,-0.3664,0.872],[122.1438,-0.3638,10.1707],[122.1458,-0.3617,1.0295],[122.1414,-0.3578,23.2129],[122.1465,-0.3566,21.7588],[122.1428,-0.3532,0.0],[122.1446,-0.3512,0.0],[122.1436,-0.3459,0.0],[122.1409,-0.3436,0.0],[122.1416,-0.3391,0.0],[122.1346,-0.3398,1.0844],[122.1347,-0.3415,3.0336],[122.1382,-0.3421,1.6224],[122.1383,-0.346,0.0],[122.1339,-0.3448,1.2554],[122.1356,-0.3461,1.6713],[122.1345,-0.3509,30.3126],[122.1398,-0.3565,7.5423],[122.1368,-0.3555,0.0],[122.1316,-0.3476,0.0],[122.1294,-0.3473,0.0],[122.1282,-0.3503,5.5584],[122.1212,-0.3385,2.6228],[122.1191,-0.3378,0.0],[122.1186,-0.3406,1.4849],[122.1202,-0.3424,11.8297],[122.1164,-0.3416,0.6073],[122.1154,-0.3438,0.5183],[122.1131,-0.3418,3.899],[122.1135,-0.3392,0.0],[122.1109,-0.339,1.6042],[122.1117,-0.3373,0.0],[122.1107,-0.3365,1.3519],[122.1136,-0.3359,14.2273],[122.1131,-0.3319,5.9084],[122.116,-0.3334,0.0],[122.1173,-0.3314,0.0],[122.1152,-0.3308,0.0],[122.1159,-0.3271,0.0],[122.1137,-0.3285,0.0],[122.1124,-0.3269,0.0],[122.1098,-0.3293,1.6123],[122.11,-0.3263,0.0],[122.1059,-0.3271,0.0],[122.1053,-0.3258,11.8509],[122.1111,-0.3241,1.6403],[122.1145,-0.3208,0.0],[122.1115,-0.3227,0.0],[122.1079,-0.3222,0.0],[122.112,-0.3169,0.0],[122.1098,-0.313,0.0],[122.1107,-0.3099,0.0],[122.1067,-0.3108,0.0],[122.1078,-0.3034,0.0],[122.1043,-0.3053,2.0066],[122.1024,-0.304,11.0276],[122.1043,-0.3008,4.8885],[122.1019,-0.2972,7.1381],[122.1023,-0.2902,4.946],[122.0983,-0.2911,0.0],[122.0981,-0.2872,9.1058],[122.1003,-0.2854,0.0],[122.0951,-0.2838,32.1332],[122.0957,-0.2738,0.0],[122.0924,-0.275,13.2689],[122.093,-0.2721,3.3676],[122.0907,-0.2708,0.0],[122.0857,-0.2753,0.0],[122.0855,-0.2799,0.0],[122.0808,-0.292,8.5792],[122.081,-0.2936,0.0],[122.087,-0.2908,46.8879],[122.0849,-0.2934,0.0],[122.0857,-0.2984,0.0],[122.0839,-0.3008,0.0],[122.08,-0.3016,7.2959],[122.0806,-0.3065,5.2703],[122.0789,-0.307,5.2703],[122.077,-0.3046,13.8132],[122.0756,-0.3089,24.5228],[122.0745,-0.3068,42.4492],[122.0734,-0.3029,0.0],[122.0698,-0.3032,0.0],[122.0735,-0.3178,46.3614],[122.0769,-0.321,11.3797],[122.0765,-0.3224,3.3413],[122.0727,-0.3213,15.9587],[122.0719,-0.3231,19.6761],[122.0747,-0.3253,8.5353],[122.0676,-0.3284,0.0],[122.0758,-0.3445,3.1143],[122.0712,-0.3445,0.0],[122.0675,-0.3485,6.3694],[122.0635,-0.3479,0.0],[122.0638,-0.3501,17.5621],[122.0614,-0.3529,0.0],[122.0622,-0.3591,0.0],[122.0642,-0.3589,3.6744],[122.0621,-0.3611,0.0],[122.062,-0.3664,0.0],[122.0633,-0.3678,2.9316],[122.0672,-0.3673,0.0],[122.067,-0.3657,3.2605],[122.0691,-0.3658,1.3614],[122.0684,-0.3647,3.2605],[122.0702,-0.3667,1.8498],[122.0692,-0.3684,0.9464],[122.0702,-0.3687,0.9464],[122.0661,-0.3696,0.2634],[122.0663,-0.3715,1.2749],[122.0645,-0.3726,1.2749],[122.0667,-0.3781,12.8659],[122.0643,-0.3807,3.2554],[122.0693,-0.3868,8.0477],[122.0672,-0.391,0.7472],[122.0704,-0.3934,0.0],[122.0839,-0.3922,16.9717],[122.0849,-0.3949,33.9148],[122.0813,-0.3997,6.4614],[122.0768,-0.4009,0.0],[122.0729,-0.3982,0.0],[122.0683,-0.3998,0.4363],[122.0672,-0.4051,5.401],[122.0636,-0.4085,0.9469],[122.0684,-0.4135,0.3722],[122.071,-0.4129,20.0958],[122.0735,-0.4156,3.0277],[122.0789,-0.4142,16.9885],[122.08,-0.4218,8.3489],[122.08,-0.4279,11.1381],[122.081,-0.4287,0.0],[122.0813,-0.4268,7.4163],[122.0824,-0.4274,7.4163],[122.0832,-0.4244,18.4681],[122.0834,-0.4276,7.5399],[122.0851,-0.4249,42.1833],[122.0852,-0.4297,3.5952],[122.0899,-0.43,30.7966],[122.0906,-0.4324,12.0356],[122.0891,-0.4306,30.7966],[122.0875,-0.4321,28.0693],[122.0889,-0.4328,28.0693],[122.0867,-0.4332,0.0],[122.0896,-0.4374,46.9232],[122.0877,-0.44,15.5104],[122.0962,-0.4465,1.9525],[122.0986,-0.446,0.0],[122.0983,-0.4437,0.0],[122.0958,-0.4424,9.1452],[122.0955,-0.4404,0.0],[122.0926,-0.4425,24.4432],[122.0931,-0.4396,35.2871],[122.0897,-0.4336,32.4718],[122.0931,-0.4362,13.9205],[122.0956,-0.4353,15.7173],[122.0972,-0.4372,0.0],[122.0964,-0.433,14.1433],[122.0937,-0.4314,10.3113],[122.0934,-0.4272,12.0287],[122.1084,-0.434,0.0],[122.1058,-0.4326,0.0],[122.1036,-0.4281,18.3115],[122.1077,-0.43,0.0],[122.1063,-0.4278,0.0],[122.1038,-0.4274,0.0],[122.1019,-0.4249,1.1471],[122.1022,-0.4227,12.04],[122.1043,-0.4216,10.5173],[122.1034,-0.4179,0.0],[122.0995,-0.4201,4.5361],[122.0926,-0.4152,11.7316],[122.0935,-0.4144,0.0],[122.0911,-0.4109,1.0893],[122.0947,-0.4076,0.4544],[122.0936,-0.4056,1.3392],[122.0945,-0.3992,7.3812],[122.0974,-0.3985,11.6508],[122.1039,-0.4015,4.3968],[122.1079,-0.4043,7.5852],[122.1111,-0.4094,3.2361],[122.1187,-0.4107,17.3986],[122.118,-0.4174,5.1677],[122.1199,-0.4171,20.1855],[122.1216,-0.4205,0.0],[122.1256,-0.423,0.0],[122.1267,-0.4216,13.3979],[122.1299,-0.4238,5.6286],[122.1289,-0.4166,7.8188],[122.1306,-0.4141,16.937],[122.1313,-0.4149,2.3961]]]]}}