{"type":"Feature","properties":{"featurecla":"Island","name":"BORNEO","namealt":null,"region":"Asia","subregion":"Malay Archipelago","min_label":4.3,"max_label":7.0,"scalerank":2},
"geometry":{"type": "Polygon","coordinates": [[[110.1130607577762,1.7034606544703621,0.0],[110.04161491595815,1.703972933450842,0.0],[110.0398055347712,1.7039859070253129,0.0],[110.01819908945876,1.701361395306606,0.0],[110.00294030039626,1.6934268249940909,10.4044],[109.9909774097712,1.69135162968162,0.0],[109.9416610035212,1.6903750671815909,0.0],[109.92750084727126,1.6934268249940909,0.0],[109.91529381602126,1.7095401062440909,7.71],[109.90686661177571,1.7271690739489149,0.0],[109.89869225352126,1.744269110150356,0.0],[109.8866072925837,1.7614199890565909,0.0],[109.86951744883376,1.774054266400299,0.0],[109.82886803477126,1.791327215619049,10.3493],[109.79322350352126,1.8146426453065909,0.0],[109.73170006602126,1.8408267273378129,0.0],[109.72557453079659,1.8452750326795671,0.0],[109.71119225352126,1.8557193054628269,0.0],[109.6927596363337,1.8743350281190909,0.0],[109.6634627613337,1.915961004681549,0.0],[109.6544295582087,1.9382388367128409,0.0],[109.65503990977126,1.95429108280662,0.0],[109.65959276769766,1.967323638621153,0.0],[109.6599227222712,1.9682681335878409,0.0],[109.6634627613337,1.9841983093690909,0.0],[109.66187584727126,2.0039126648378129,0.0],[109.65269730318582,2.042175720493717,0.0],[109.6521102222712,2.0446231140565492,0.0],[109.65036873589887,2.061213063183629,0.0],[109.64979088633376,2.06671784061912,0.0],[109.6451522144587,2.0844180359315772,0.0],[109.64260562980107,2.082156069559232,0.0],[109.6347762378962,2.075201727337856,0.0],[109.6045028003962,2.022101141400384,4.2732],[109.59266198008376,2.00873444218162,0.0],[109.57874596445876,1.9987857117128409,0.0],[109.5610457691462,1.9916445984315909,0.0],[109.42383873789626,1.95685455936912,0.0],[109.38897569042908,1.952897309140639,0.0],[109.3587752613337,1.9494693054628269,0.0],[109.3408309253962,1.9367129578065909,8.284],[109.33448326914626,1.902289129681606,9.2269],[109.33602591910298,1.8743671654653009,0.0],[109.33631432383376,1.869147039837799,0.0],[109.33497155039626,1.85138580936912,0.0],[109.3282576832087,1.8339907898378409,0.0],[109.31479507737006,1.8188748815277189,0.0],[109.3143416675837,1.818365789837856,0.0],[109.2998153003962,1.808172918744106,0.0],[109.2890731128962,1.79712555546287,0.0],[109.28663170664626,1.779364324994106,0.0],[109.30742664718113,1.795570586048669,10.0222],[109.33448326914626,1.816656805462856,4.6567],[109.33680260508376,1.82001373905662,5.1699],[109.34156334727126,1.8211123718690769,7.2365],[109.3464461597712,1.82001373905662,1.768],[109.3487654957087,1.816656805462856,0.5],[109.34766686289626,1.810736395306606,0.5],[109.3452254566462,1.807623602337799,0.5],[109.3430281910212,1.8055484070253129,0.5],[109.34192955820876,1.8029849304628269,0.5],[109.33887780039626,1.7988955749940909,0.5],[109.3208113941462,1.779364324994106,3.5793],[109.30323326914626,1.7537905945253409,3.2012],[109.2719832691462,1.6950137390565629,3.5919],[109.25257408945876,1.669501043744106,0.0],[109.24154192618775,1.66192287551587,0.0],[109.0958358082087,1.561835028119106,0.0],[109.0727645191462,1.535162664837799,3.5872],[109.06067955820876,1.5001895203065769,3.7308],[109.06067955820876,1.4133736315617109,9.4757],[109.06067955820876,1.385016180462856,2.1299],[109.05420983164626,1.353399969525299,4.206],[109.04029381602126,1.320074774212856,3.5619],[109.00586998789626,1.2753970398378129,3.7334],[108.9902449878962,1.2486026062440629,5.5409],[108.9856063160212,1.2170474304628269,3.005],[109.0120955738337,1.2255313171815769,4.1449],[109.06592858164626,1.2307803406190769,2.5556],[109.08814537852126,1.2375552429628269,2.8742],[109.10425865977126,1.250006414837884,9.4207],[109.11390221445876,1.25562164921287,2.1531],[109.12562096445876,1.25800202030662,2.4602],[109.1372176441462,1.263434149212856,4.8299],[109.14454186289626,1.2753970398378129,3.1781],[109.14918053477126,1.287359930462856,8.0184],[109.1528426441462,1.292731024212884,3.6319],[109.16492760508376,1.303412176556634,0.5],[109.18799889414626,1.350348211712799,3.7261],[109.20106041758376,1.361029364056549,9.9859],[109.21717369883376,1.3706118835878409,2.0339],[109.2271834644587,1.390021063275299,4.4774],[109.24036705820876,1.4054019226503269,1.0],[109.26612389414626,1.402594305462884,10.4644],[109.26612389414626,1.3957583679628129,6.2244],[109.2431746753962,1.381048895306549,3.3522],[109.2279158863337,1.3598086609315769,3.112],[109.21558678477126,1.336676336712856,8.7124],[109.1582137378962,1.2658755554628269,0.5],[109.14271080820876,1.2517764343690909,1.5702],[109.10792076914626,1.2299258484315769,0.5],[109.03248131602126,1.2002627624940769,0.0],[108.9924422535212,1.1890933289003129,3.4764],[108.95215905039626,1.18524811405662,0.0],[108.94130835371996,1.1819661132100661,0.0],[108.9323836597712,1.1792666687440629,0.0],[108.92420494883376,1.165228582806549,2.823],[108.92689049570876,1.141669012494134,5.5216],[108.9778807502511,1.002790738941385,6.2234],[108.98011315195876,0.996710516400384,3.2421],[108.9807235035212,0.95722077030662,2.814],[108.9650985035212,0.915411688275341,6.6927],[108.95386803477126,0.898016668744049,6.1104],[108.9411727222712,0.885199285931606,6.3794],[108.9259139332087,0.877142645306563,0.0],[108.90650475352126,0.874396063275327,0.0],[108.90431928498279,0.873523880876931,0.0],[108.8931990894587,0.869086004681606,16.3852],[108.87671959727126,0.85669586796287,0.0],[108.86243737070876,0.84296295780662,0.0],[108.85535729258376,0.833441473431634,0.0],[108.8557235035212,0.812750555462799,44.6292],[108.87663160430222,0.786114207892524,5.8777],[108.88245690195876,0.77869293827537,11.0652],[108.88941490977126,0.75495026249412,8.1537],[108.88502037852126,0.73444244999412,7.3308],[108.88432724282976,0.733608521115286,7.2113],[108.87720787852126,0.725043035931577,1.9476],[108.8757430347712,0.715887762494077,30.5208],[108.90404838163349,0.679124309025042,0.0],[108.9170028003962,0.662298895306577,5.7898],[108.9270125660212,0.641913153119106,6.7521],[108.9310408863337,0.617438055462799,2.4937],[108.9310408863337,0.576178289837827,8.6123],[108.92947905314585,0.57036827037895,4.7114],[108.9279891285212,0.564825750775327,4.3135],[108.91419518320876,0.542547918744106,0.0],[108.90992272227126,0.531805731244049,0.0],[108.9128524097712,0.505499578900313,3.8585],[108.9245466851813,0.487538514753766,2.3182],[108.9383651050837,0.466315008587827,9.0993],[108.9445906910212,0.446478582806577,5.8665],[108.9441024097712,0.423712469525356,0.0],[108.94214928477126,0.40943024296287,0.0],[108.9310408863337,0.380926824994049,0.0],[108.92821150823906,0.370047192558459,0.0],[108.92078698008376,0.341498114056591,10.9564],[108.9284774097712,0.316229559369091,0.0],[108.95301354258376,0.302923895306549,0.0],[109.00791207868926,0.298668194833283,0.0],[109.0160018238337,0.29804108280662,0.8817],[109.0329695972712,0.294562078900327,2.0884],[109.0465194019587,0.288275457806591,1.8096],[109.10218346445876,0.244330145306606,5.1666],[109.14176305817827,0.163819093186433,11.947],[109.1665145191462,0.113470770306591,4.0643],[109.17676842539626,0.10883209843162,3.7312],[109.2365828785212,0.058417059369063,12.0934],[109.28040612070876,0.028692938275341,2.5455],[109.3003035816462,0.011664129681549,3.7457],[109.19727623789626,0.024725653119134,6.5894],[109.17200768320876,0.035406805462884,0.0],[109.1607772144587,0.035162664837827,0.0],[109.15626061289626,0.021307684369049,0.0],[109.1572371753962,-0.008050225787187,0.0],[109.16016686289626,-0.022454522662187,0.0],[109.1795760425837,-0.05425383906838,3.2539],[109.18665612070876,-0.08104827266213,6.6638],[109.1904403003962,-0.136040948443437,4.4262],[109.1882430347712,-0.176202081255951,2.3404],[109.1904403003962,-0.187554620318451,13.6222],[109.19849694102126,-0.199639581255923,2.154],[109.21851647227126,-0.220391534380894,2.5057],[109.22461998789626,-0.23601653438088,4.1051],[109.2183944019587,-0.23601653438088,0.0],[109.20154869883376,-0.221490167193437,1.4819],[109.17579186289626,-0.21074797969338,3.8518],[109.1464949878962,-0.204156182818366,0.0],[109.1184188160212,-0.201836846880937,3.701],[109.08594811289626,-0.206231378130937,0.0],[109.0702010425837,-0.210625909380951,0.0],[109.0600692066462,-0.21550872188088,6.5451],[109.05079186289626,-0.227837823443394,0.0],[109.0461531910212,-0.244683526568451,0.0],[109.0501815113337,-0.260674737505923,0.0],[109.06690514414626,-0.270074151568394,1.5],[109.0671492847712,-0.253960870318394,2.0746],[109.0763045582087,-0.249444268755951,13.5216],[109.0892440113337,-0.251763604693394,12.5729],[109.1010848316462,-0.25652434688088,12.7749],[109.1010848316462,-0.26262786250588,10.6176],[109.0907088550837,-0.286065362505951,14.8802],[109.10303795664626,-0.312920831255909,0.0],[109.1358748707087,-0.35894133906838,0.0],[109.1123153003962,-0.358575128130894,10.0809],[109.1023055347712,-0.360039971880923,6.5651],[109.10047448008376,-0.368462823443451,1.3258],[109.10254967539626,-0.408746026568394,0.0],[109.12317955820876,-0.49846770625588,5.0258],[109.1298934253962,-0.51458098750588,20.4282],[109.13929283945876,-0.527398370318409,20.4063],[109.15967858164626,-0.547539971880923,20.042],[109.1712752613337,-0.555108331255866,18.8769],[109.1795760425837,-0.554986260943437,19.9406],[109.18726647227126,-0.551812432818409,9.929],[109.19727623789626,-0.550713800005951,18.4291],[109.20765221445876,-0.551324151568394,17.3781],[109.21168053477126,-0.550957940630909,18.6808],[109.2149764332087,-0.552178643755894,18.4598],[109.22461998789626,-0.557549737505923,17.6357],[109.22779381602126,-0.561822198443409,19.7757],[109.2309676441462,-0.568780206255909,15.466],[109.2352401050837,-0.575127862505951,13.283],[109.2502547535212,-0.581109307818423,5.8326],[109.25648033945876,-0.587212823443423,11.8401],[109.26221764414626,-0.59136321406838,11.8283],[109.27735436289626,-0.585015557818423,5.1457],[109.3438826832087,-0.582696221880894,18.5582],[109.3744002613337,-0.58611419063088,0.0],[109.4005233082087,-0.59612395625588,19.4573],[109.42383873789626,-0.61272551875588,16.2021],[109.42383873789626,-0.618951104693409,10.9501],[109.4061385425837,-0.619073175005937,12.658],[109.3730574878962,-0.613091729693366,0.0],[109.3548690113337,-0.61272551875588,0.0],[109.3548690113337,-0.618951104693409,0.0],[109.35938561289626,-0.622369073443394,22.7107],[109.3645125660212,-0.628960870318409,10.2714],[109.3686629566462,-0.632622979693437,11.5929],[109.35938561289626,-0.638482354693394,11.6332],[109.3548690113337,-0.640069268755951,19.1905],[109.3548690113337,-0.646905206255923,0.0],[109.36243737070876,-0.650811456255923,11.2323],[109.37903893320876,-0.651665948443409,12.346],[109.3896590503962,-0.653741143755894,10.2069],[109.4128524097712,-0.662896417193394,11.5129],[109.43445885508376,-0.67766692500588,14.0632],[109.4433699878962,-0.686211846880937,16.8495],[109.46143639414626,-0.711724542193394,16.0318],[109.47144615977126,-0.715386651568423,12.7516],[109.49720299570876,-0.712579034380894,11.532],[109.50635826914626,-0.71514251094338,12.7737],[109.5095320972712,-0.723809503130951,11.8274],[109.50159752695876,-0.729790948443437,0.0],[109.4785262378962,-0.73565032344338,0.0],[109.46839440195876,-0.735894464068437,0.0],[109.4616805347712,-0.733697198443423,0.0],[109.4555770191462,-0.730889581255894,0.0],[109.42908776133376,-0.724541925005923,0.0],[109.3979598316462,-0.701958917193451,0.0],[109.3828231128962,-0.69463469844338,0.0],[109.3137313160212,-0.69378020625588,0.0],[109.29712975352126,-0.684502862505937,0.0],[109.2784529957087,-0.667779229693409,0.0],[109.2624617847712,-0.66631438594338,8.584],[109.25074303477126,-0.676446221880894,12.874],[109.24512780039626,-0.69463469844338,10.9305],[109.2729598316462,-0.852349542193437,9.8621],[109.2837020191462,-0.861993096880951,2.5158],[109.3203231128962,-0.88213469844338,11.5992],[109.3282576832087,-0.88298919063088,11.5112],[109.3350936207087,-0.887872003130894,15.7003],[109.37598717539626,-0.907647393755923,24.412],[109.3906356128962,-0.910699151568423,25.9738],[109.4062606128962,-0.910332940630937,19.2292],[109.41871178477126,-0.902398370318423,26.6912],[109.42383873789626,-0.88298919063088,0.0],[109.42090905039626,-0.872613214068394,0.0],[109.4157820972712,-0.865899346880951,4.6572],[109.4137069019587,-0.859063409380894,23.0437],[109.42042076914626,-0.848931573443451,17.7562],[109.42786705820876,-0.845391534380951,19.1045],[109.4379988941462,-0.844414971880923,4.99],[109.4885360035212,-0.850396417193394,3.6704],[109.52552330820876,-0.861138604693451,17.8974],[109.55958092539626,-0.876153253130909,8.933],[109.5815535816462,-0.893243096880923,3.5316],[109.5985213550837,-0.946709893755894,0.0],[109.6051131519587,-0.95537688594338,0.0],[109.6159774097712,-0.953423760943423,19.9548],[109.62305748789626,-0.950372003130923,7.4818],[109.62964928477126,-0.950738214068409,10.9939],[109.6478377613337,-0.96624114375588,14.9086],[109.67713463633376,-0.982720635943451,15.207],[109.70374596445876,-0.959405206255909,2.9676],[109.7139998707087,-0.946099542193451,8.4126],[109.7180281910212,-0.924615167193423,9.5661],[109.7192488941462,-0.902886651568437,2.1989],[109.72425377695876,-0.887505792193409,3.7637],[109.7346297535212,-0.87774016719338,10.0391],[109.76343834727126,-0.869683526568423,5.1749],[109.7638045582087,-0.870538018755923,5.1749],[109.7645369800837,-0.872247003130909,5.2664],[109.76490319102126,-0.873101495318409,5.1967],[109.75965416758376,-0.886407159380951,0.0],[109.75123131602126,-0.898492120318423,0.0],[109.7419539722712,-0.906914971880951,0.0],[109.7346297535212,-0.916436456255937,9.3382],[109.73170006602126,-0.931206964068437,9.3464],[109.7340194019587,-0.952813409380894,4.8113],[109.74036705820876,-0.966485284380923,9.7887],[109.75965416758376,-0.989556573443423,6.4061],[109.77491295664626,-1.0175106750059231,5.3998],[109.7855330738337,-1.0317929015684091,4.5008],[109.80982506602126,-1.0441220031309371,4.9646],[109.82276451914626,-1.0741513000059231,5.4602],[109.8353377613337,-1.0851376281309371,7.9786],[109.8588973316462,-1.083916925005951,17.2008],[109.86951744883376,-1.0851376281309371,9.2266],[109.89380944102126,-1.0973446593809371,8.3226],[109.89991295664626,-1.0994198546934231,7.4736],[109.92261803477126,-1.1024716125059231,4.9445],[109.93433678477126,-1.111504815630894,2.8363],[109.9367781910212,-1.1263973937559091,0.0],[109.92359459727126,-1.1727841125059371,0.0],[109.9218856128962,-1.20037200313088,316.4156],[109.92969811289626,-1.222100518755951,0.0],[109.95142662852126,-1.229668878130894,8.1191],[109.9482528003962,-1.249688409380894,7.5531],[109.96412194102126,-1.26445891719338,26.11],[109.9881697925837,-1.2737362609434091,8.8868],[110.00977623789626,-1.2769100890684231,4.5226],[110.02942955820876,-1.2847225890684231,5.7087],[110.0439559253962,-1.303643487505951,5.0122],[110.06128990977126,-1.34514739375588,2.897],[110.07081139414626,-1.38872649531838,0.0],[110.0683699878962,-1.431329034380951,9.2003],[110.0415145191462,-1.558648370318451,2.1123],[110.0383406910212,-1.6265194640684231,2.924],[110.03382408945876,-1.644952081255951,0.0],[110.00452721445876,-1.710992120318394,4.1837],[109.99366295664626,-1.7290585265684371,6.9395],[109.9825545582087,-1.7368710265684371,0.0],[109.9677840503962,-1.742242120318366,0.0],[109.9215194019587,-1.768365167193451,0.0],[109.91041100352126,-1.7777645812559091,0.0],[109.9084578785212,-1.788872979693451,0.0],[109.91053307383376,-1.7986386046934091,8.756],[109.91602623789626,-1.8065731750059231,4.9605],[109.9240828785212,-1.811944268755951,8.5007],[109.91871178477126,-1.81462981563088,1.1939],[109.90870201914626,-1.82207610469338,0.0],[109.9036971363337,-1.825005792193451,3.3208],[109.9535018238337,-1.87310149531838,0.0],[109.96851647227126,-1.8801815734434091,0.0],[109.9874373707087,-1.883599542193394,4.1676],[110.0339461597712,-1.9081356750059231,2.4309],[110.06568444102126,-1.916314385943394,1.8869],[110.0749617847712,-1.9211971984434091,2.075],[110.0924178394587,-1.948418878130951,2.7852],[110.09534752695876,-1.959038995318394,3.1384],[110.1234236988337,-2.0242245421934371,2.155],[110.1290389332087,-2.0682919250059508,3.7582],[110.11976158945876,-2.1108944640684228,5.7091],[110.10523522227126,-2.1531307921934091,0.0],[110.0954695972712,-2.19609954219338,2.8722],[110.0947371753962,-2.2142880187559371,3.7361],[110.09705651133376,-2.234551690630894,5.1191],[110.10438073008376,-2.2507870421934091,4.672],[110.1193953785212,-2.25762297969338,10.4286],[110.13184655039626,-2.2669003234434091,5.722],[110.14063561289626,-2.288506768755866,7.7029],[110.15467369883376,-2.3750546203184228,19.4019],[110.1568709644587,-2.4183895812559508,10.08],[110.15980065195876,-2.4352352843809228,0.0],[110.2009383472712,-2.507012628130894,5.5391],[110.2209578785212,-2.5316708312559371,7.4259],[110.24659264414626,-2.5386288390684371,1.8568],[110.2804061207087,-2.51702239375588,0.0],[110.2647811207087,-2.55535247188088,0.0],[110.23182213633376,-2.5554745421934091,2.0198],[110.19898522227126,-2.551080010943394,2.4888],[110.1840926441462,-2.5759823546934091,0.0],[110.1795760425837,-2.58892180781838,0.0],[110.16016686289626,-2.611260675005894,37.2518],[110.1568709644587,-2.6200497375059091,9.6644],[110.16724694102126,-2.6311581359434508,39.5761],[110.2036238941462,-2.6388485656309228,9.8788],[110.2115584644587,-2.6514218078184091,0.0],[110.2137557300837,-2.6677792296934508,0.0],[110.22303307383376,-2.7007382140684228,0.0],[110.22730553477126,-2.7407772765684091,4.2481],[110.24561608164626,-2.78508880000588,0.0],[110.24695885508376,-2.81389739375588,0.0],[110.2373153003962,-2.8458798156309091,0.0],[110.2215682300837,-2.8748104796934508,0.0],[110.20472252695876,-2.89495208125588,0.0],[110.22352135508376,-2.9291317687559091,0.0],[110.24000084727126,-2.9718563781309091,0.0],[110.2629500660212,-3.0016415343809371,0.0],[110.3007918628962,-2.9967587218809228,0.0],[110.4038192066462,-2.91936614375588,0.0],[110.5079451832087,-2.8733456359434091,0.0],[110.5493270191462,-2.8663876281309228,0.0],[110.58838951914626,-2.8752987609434508,0.0],[110.6168319019587,-2.9086239562559091,0.0],[110.63025963633376,-2.9502499328184508,0.0],[110.6348983082087,-2.9729550109434508,0.0],[110.6366072925837,-2.9937069640684228,7.5425],[110.64246666758376,-3.0176327453184091,1.0],[110.6434432300837,-3.0277645812559371,1.0],[110.6400252613337,-3.0359432921934091,0.0],[110.6330672535212,-3.0382626281309371,0.0],[110.62806237070876,-3.04143645625588,0.0],[110.6303817066462,-3.0520565734434091,0.0],[110.6623641285212,-3.0796444640684371,0.0],[110.69776451914626,-3.0614559875059508,0.0],[110.77674401133376,-2.9585507140684508,2.6055],[110.79371178477126,-2.9423153625059371,2.6891],[110.8114119800837,-2.9353573546934371,3.8255],[110.82984459727126,-2.932549737505894,3.1712],[110.87916100352126,-2.9169247375059091,5.0093],[110.8967391285212,-2.9086239562559091,4.3534],[110.9338485035212,-2.8826229796934371,2.8741],[110.95582115977126,-2.8778622375059508,4.7432],[110.9655867847712,-2.8983700500059508,3.3319],[110.95582115977126,-2.898858331255866,3.3609],[110.87183678477126,-2.9340145812559228,3.2996],[110.83777916758376,-2.94378020625588,7.1928],[110.80420983164626,-2.957818292193394,2.5092],[110.7738143238337,-2.9832089171934091,0.0],[110.76490319102126,-2.9945614562559228,0.0],[110.75538170664626,-3.010552667193394,0.0],[110.7541610035212,-3.0248348937559508,0.0],[110.77015221445876,-3.0309384093809508,0.0],[110.80640709727126,-3.0317929015684508,0.0],[110.8236190113337,-3.0359432921934091,0.0],[110.90626061289626,-3.082085870318394,0.0],[110.9422713550837,-3.09026458125588,0.0],[110.9860945972712,-3.0862362609434371,0.0],[111.06055748789626,-3.059869073443394,0.0],[111.29590905039626,-2.9352352843809091,0.0],[111.3239852222712,-2.9247372375059091,0.0],[111.3629256519587,-2.9216854796934091,0.0],[111.44727623789626,-2.92852141719338,0.0],[111.48560631602126,-2.9402401671934508,1.7704],[111.51429283945876,-2.9627011046934091,5.6223],[111.5207625660212,-2.9777157531309508,0.0],[111.52564537852126,-2.995782159380894,0.0],[111.53406823008376,-3.01091887813088,0.0],[111.5516463550837,-3.0172665343809228,0.0],[111.5695906910212,-3.01445891719338,0.0],[111.5842391285212,-3.0076229796934091,0.0],[111.6488143238337,-2.9607479796934508,0.0],[111.6919051441462,-2.945611260943394,0.0],[111.6941024097712,-2.9418270812559228,0.0],[111.7033797535212,-2.942559503130894,0.0],[111.7055770191462,-2.9387753234434228,0.0],[111.7038680347712,-2.9305966125059371,0.0],[111.6998397144587,-2.9270565734434371,0.0],[111.69532311289626,-2.9249813781309508,8.6498],[111.68653405039626,-2.9158261046934508,0.0],[111.6806746753962,-2.91326262813088,0.0],[111.67530358164626,-2.909844659380894,8.8319],[111.67139733164626,-2.9017880187559371,1.6904],[111.6723738941462,-2.8933651671934091,0.0],[111.6772567066462,-2.886773370318394,0.0],[111.68299401133376,-2.8817684875059371,0.0],[111.68567955820876,-2.877618096880894,0.0],[111.68970787852126,-2.8729794250059228,0.0],[111.6986190113337,-2.8668759093809228,0.0],[111.7077742847712,-2.8585751281309228,0.0],[111.7129012378962,-2.8472225890684228,2.8217],[111.7124129566462,-2.83391692500588,4.6026],[111.7055770191462,-2.7885067687559508,14.3983],[111.7107039722712,-2.77337005000588,0.0],[111.7233992847712,-2.7578671203184228,0.0],[111.73926842539626,-2.7449276671934508,7.2658],[111.7539168628962,-2.7373593078184228,3.6448],[111.7526961597712,-2.7551815734434091,12.3319],[111.7373153003962,-2.782159112505894,1.9051],[111.7334090503962,-2.802178643755894,4.2164],[111.7365828785212,-2.8114559875059228,4.3633],[111.74366295664626,-2.8162167296934091,3.9399],[111.75074303477126,-2.81914641719338,3.1708],[111.7539168628962,-2.822686456255894,2.7017],[111.7539168628962,-2.8677304015684228,3.0159],[111.7600203785212,-2.9064266906309091,2.7945],[111.82215416758376,-3.0172665343809228,2.7391],[111.8324080738337,-3.0604794250059371,2.6251],[111.81739342539626,-3.1433651671934508,4.7672],[111.81470787852126,-3.18926360469338,1.3969],[111.84266198008376,-3.3605282531309508,4.7526],[111.8427840503962,-3.38323333125588,4.5678],[111.83521569102126,-3.44646575313088,2.512],[111.82960045664626,-3.46697356563088,2.9968],[111.80823815195876,-3.51055266719338,1.9827],[111.80860436289626,-3.5317929015684371,0.0],[111.8219100269587,-3.5438778625059228,0.0],[111.8693953785212,-3.5588925109434508,0.0],[111.88709557383376,-3.569024346880894,0.0],[111.90503990977126,-3.5708554015684091,0.0],[111.9309188160212,-3.5577938781309091,0.0],[111.97303307383376,-3.5243466125059371,0.0],[112.1167098316462,-3.381036065630866,10.8902],[112.20276940195876,-3.32830169063088,11.8663],[112.30262291758376,-3.3127987609434091,0.0],[112.34888756602126,-3.3217098937559508,0.0],[112.3903914722712,-3.3386776671934508,0.6574],[112.52454674570876,-3.4365780578184091,0.0],[112.54493248789626,-3.443047784380894,2.4107],[112.55579674570876,-3.4414608703184228,4.4424],[112.5656844410212,-3.4367001281309371,0.0],[112.5730086597712,-3.429131768755894,6.794],[112.5756942066462,-3.4188778625059371,15.188],[112.5813094410212,-3.414727471880894,13.8148],[112.6179305347712,-3.4226620421934091,0.0],[112.6379500660212,-3.415581964068394,0.0],[112.66968834727126,-3.3873837218809228,0.0],[113.0213729175837,-3.161309503130866,0.0],[113.0213729175837,-3.1550839171934371,0.0],[113.0112410816462,-3.1520321593809371,0.0],[112.9902449878962,-3.1505673156309091,0.0],[112.9797469410212,-3.14824797969338,0.0],[112.96827233164626,-3.1427548156309091,0.0],[112.96180260508376,-3.1372616515684508,0.0],[112.9493514332087,-3.1240780578184228,0.0],[112.94080651133376,-3.105157159380894,17.0904],[112.9488631519587,-3.0847714171934091,11.0654],[112.96314537852126,-3.0678036437559228,2.4478],[112.97608483164626,-3.0564511046934091,16.3956],[112.98304283945876,-3.048516534380894,18.8397],[112.9871932300837,-3.0452206359434371,16.8791],[112.99183190195876,-3.04448821406838,14.3926],[113.00318444102126,-3.0461971984434508,0.0],[113.0077010425837,-3.0452206359434371,0.0],[113.01710045664626,-3.0355770812559228,0.0],[113.0251570972712,-3.01616790156838,0.0],[113.0312606128962,-3.0076229796934091,0.0],[113.0369979175837,-2.9918759093809091,0.0],[113.03504479258376,-2.9216854796934091,4.5795],[113.10120690195876,-3.0413143859434371,1.8805],[113.1281844410212,-3.053765557818394,6.6472],[113.1590682300837,-3.0635311828184371,3.3583],[113.18238365977126,-3.075982354693394,4.2097],[113.20154869883376,-3.0918514953184371,3.1162],[113.20984948008376,-3.1027157531309228,5.6144],[113.2153426441462,-3.13298919063088,8.7514],[113.2214461597712,-3.14873626094338,0.0],[113.23035729258376,-3.1632626281309091,0.0],[113.2410994800837,-3.1755917296934371,0.0],[113.2544051441462,-3.185845635943394,0.0],[113.28480065195876,-3.2029354796934091,4.8558],[113.2990828785212,-3.2134335265684228,3.7567],[113.3509627613337,-3.271172784380866,0.0],[113.34498131602126,-3.2452938781309228,5.5306],[113.3025008472712,-3.161309503130866,3.1117],[113.31568444102126,-3.1669247375059508,3.2],[113.3291121753962,-3.1815731750059091,3.0582],[113.33936608164626,-3.1990292296934228,1.4396],[113.3435164722712,-3.2134335265684228,1.5941],[113.3457137378962,-3.2366268859434371,5.1686],[113.3526717457087,-3.2482235656309091,5.5985],[113.3656111988337,-3.251641534380894,9.4634],[113.4228621753962,-3.246026300005894,0.0],[113.43958580820876,-3.23723723750588,0.0],[113.44654381602126,-3.2199032531309091,0.0],[113.4520369800837,-3.1982968078184508,0.0],[113.46619713633376,-3.18316008906838,7.9714],[113.4860945972712,-3.173516534380866,17.858],[113.50794518320876,-3.16875579219338,2.7825],[113.59339440195876,-3.16875579219338,0.0],[113.61133873789626,-3.1730282531309508,5.8258],[113.6202498707087,-3.1842587218809228,5.6694],[113.64185631602126,-3.254693292193394,11.3986],[113.64356530039626,-3.2971737609434228,14.9615],[113.6373397144587,-3.34050872188088,13.9082],[113.6246444019587,-3.381036065630866,14.8865],[113.63233483164626,-3.45562102656838,9.2427],[113.71290123789626,-3.471368096880894,0.0],[113.81446373789626,-3.4540341125059091,0.0],[113.8852645191462,-3.42949797969338,0.0],[113.94788658945876,-3.3936093078184508,0.0],[113.9804793628962,-3.3838436828184091,0.0],[114.0417586597712,-3.3543026671934371,0.0],[114.0802108082087,-3.2900936828184091,2.6061],[114.09388268320876,-3.27996184688088,1.2609],[114.09693444102126,-3.2748348937559091,1.6931],[114.09913170664626,-3.2522518859434228,1.156],[114.10877526133376,-3.207207940630894,5.9422],[114.1120711597712,-3.1976864562559091,0.0],[114.11744225352126,-3.18926360469338,0.0],[114.1224471363337,-3.2148983703184508,3.2358],[114.1037703785212,-3.3127987609434091,4.7674],[114.1081649097712,-3.346246026568394,3.3542],[114.12574303477126,-3.3666317687559508,10.2238],[114.1530867847712,-3.377251885943394,3.9495],[114.18641198008376,-3.381036065630866,3.2283],[114.24781334727126,-3.3590634093809228,0.0],[114.28931725352126,-3.30523040156838,4.4281],[114.3239852222712,-3.246758721880866,1.9827],[114.3645125660212,-3.2103817687559228,2.454],[114.35950768320876,-3.233330987505894,3.722],[114.3505965503962,-3.2478573546934228,2.911],[114.3234969410212,-3.27861907344338,1.1186],[114.3016463550837,-3.344537042193394,1.1748],[114.29273522227126,-3.3543026671934371,0.9844],[114.2751570972712,-3.3611386046934091,1.6083],[114.26490319102126,-3.377251885943394,2.8485],[114.2634383472712,-3.396416925005894,1.3868],[114.2721053394587,-3.41204192500588,2.4782],[114.2885848316462,-3.42339446406838,5.9466],[114.36768639414626,-3.457330010943366,3.5187],[114.4123641285212,-3.484063409380894,3.3198],[114.45142662852126,-3.4976132140684091,3.829],[114.47669518320876,-3.4994442687559228,1.7059],[114.48804772227126,-3.4872372375059228,0.2822],[114.49988854258376,-3.38152434688088,1.5482],[114.5114852222712,-3.3663876281309091,0.0],[114.5289412769587,-3.3561337218809508,0.0],[114.55005944102126,-3.3468563781309228,3.3775],[114.52381432383376,-3.4746639953184371,0.9909],[114.5222274097712,-3.5182430968809371,0.9642],[114.5366317066462,-3.5621884093809228,0.0],[114.59620201914626,-3.6367733703184228,0.0],[114.61097252695876,-3.6826718078184508,0.0],[114.60413658945876,-3.8539364562559371,0.0],[114.6112166675837,-3.9251034484434508,0.0],[114.6313582691462,-4.0116513000059086,0.0],[114.6104842457087,-4.0877011046934513,0.0],[114.6064559253962,-4.1310360656308944,0.0],[114.62452233164626,-4.1693661437558944,0.0],[114.6640731128962,-4.1829159484433944,0.0],[114.7127791675837,-4.1696102843809371,0.0],[114.87574303477126,-4.0697567687559371,6.932],[115.58326256602126,-3.7793514953184228,0.0],[115.7586776050837,-3.6957333312559508,2.9234],[115.79639733164626,-3.66838958125588,0.0],[115.8359481128962,-3.6321346984434508,0.0],[115.8580428394587,-3.6189511046934371,5.4827],[115.8824569019587,-3.6138241515684508,5.5257],[115.94861901133376,-3.612969659380866,0.0],[115.96778405039626,-3.6075985656309371,4.9708],[115.9892684253962,-3.5814755187559371,0.0],[115.99952233164626,-3.53887297969338,0.0],[116.0092879566462,-3.4498837218809508,1.6646],[116.0233260425837,-3.4105770812559371,0.9963],[116.08509362070876,-3.3058407531309228,0.0],[116.1001082691462,-3.2637264953184508,10.3249],[116.11036217539626,-3.2449276671934371,8.308],[116.12256920664626,-3.2369930968809228,15.2285],[116.1558944019587,-3.2244198546934371,4.807],[116.1720076832087,-3.2249081359434508,6.6074],[116.16700280039626,-3.2444393859434371,3.9055],[116.16053307383376,-3.2517636046934091,4.1474],[116.1533309253962,-3.25811126094338,0.0],[116.14344323008376,-3.25029876094338,4.3721],[116.1340438160212,-3.2531063781309228,3.6339],[116.1275740894587,-3.2636044250059228,2.9027],[116.12598717539626,-3.27861907344338,0.0],[116.14954674570876,-3.26946380000588,0.0],[116.16822350352126,-3.2645809875059508,0.0],[116.1811629566462,-3.254693292193394,0.0],[116.18751061289626,-3.230767510943394,0.0],[116.1829940113337,-3.207085870318366,0.0],[116.1632186207087,-3.1716854796934371,2.0099],[116.16700280039626,-3.1550839171934371,3.0335],[116.18006432383376,-3.160088800005894,5.1935],[116.2190047535212,-3.1454403625059228,0.0],[116.2647811207087,-3.135674737505894,0.0],[116.2671004566462,-3.1231014953184091,16.1984],[116.25464928477126,-3.1074764953184228,5.5201],[116.19178307383376,-3.0623104796934508,0.0],[116.1772567066462,-3.0486386046934228,4.703],[116.1672469410212,-3.0294735656309228,8.9712],[116.16736901133376,-3.013604425005894,13.1864],[116.16126549570876,-3.00225188594338,10.5796],[116.1328231128962,-2.9967587218809228,5.1217],[116.11817467539626,-3.0040829406309091,6.8148],[116.1101180347712,-3.0050595031309228,14.7338],[116.10547936289626,-2.9967587218809228,15.5414],[116.1097518238337,-2.9854061828184228,1.0],[116.11951744883376,-2.975274346880894,1.0],[116.1265975269587,-2.9650204406309371,1.0],[116.12256920664626,-2.9526913390684091,1.0],[116.11109459727126,-2.9291317687559091,1.0],[116.11732018320876,-2.90850188594338,1.0],[116.1305037769587,-2.88884856563088,5.8537],[116.1396590503962,-2.8677304015684228,1.0],[116.13953698008376,-2.85662200313088,1.0],[116.13379967539626,-2.838799737505894,1.0],[116.1328231128962,-2.8329403625059371,1.0],[116.1374617847712,-2.82219817500588,13.3393],[116.14429772227126,-2.81560637813088,6.2546],[116.1505233082087,-2.8151180968809508,9.4922],[116.1533309253962,-2.822686456255894,12.0112],[116.15479576914626,-2.842705987505894,11.5255],[116.15906823008376,-2.8663876281309228,11.1069],[116.1655379566462,-2.8878720031309371,18.4758],[116.1738387378962,-2.9017880187559371,20.6889],[116.1833602222712,-2.908135675005894,5.817],[116.19971764414626,-2.914117120318366,2.0],[116.20801842539626,-2.9216854796934091,8.9935],[116.2121688160212,-2.9292538390684371,17.801],[116.2143660816462,-2.9374325500059091,9.8532],[116.2187606128962,-2.9838192687559508,26.4109],[116.2286483082087,-3.0004208312559508,24.4233],[116.24366295664626,-3.007989190630894,0.0],[116.2630721363337,-3.0042050109434228,5.4644],[116.2874861988337,-2.9860165343809508,0.0],[116.33399498789626,-2.9243710265684228,0.0],[116.35132897227126,-2.89495208125588,0.0],[116.3646346363337,-2.860162042193394,0.0],[116.3698836597712,-2.8228085265684228,1.9551],[116.3654891285212,-2.6514218078184091,9.0843],[116.3703719410212,-2.63164641719338,11.1355],[116.39014733164626,-2.5878231750059228,0.0],[116.3929549488337,-2.5729305968809091,0.0],[116.38184655039626,-2.5564511046934228,0.0],[116.3660994800837,-2.5554745421934091,0.0],[116.34144127695876,-2.56536223750588,2.2102],[116.31043541758376,-2.613824151568394,6.9892],[116.2967635425837,-2.6069882140684228,5.4543],[116.3205672535212,-2.5657284484434508,19.5202],[116.3236190113337,-2.5463192687559091,0.5],[116.30701744883376,-2.5381405578184228,1.2836],[116.3028670582087,-2.5338680968809371,1.0],[116.30396569102126,-2.524468682818394,11.4217],[116.30994713633376,-2.5150692687559371,13.5008],[116.32093346445876,-2.5107968078184508,12.556],[116.33314049570876,-2.5099423156309508,10.4713],[116.3654891285212,-2.503960870318394,4.0271],[116.3695174488337,-2.505181573443366,11.1796],[116.37415612070876,-2.5081112609434371,1.3046],[116.37964928477126,-2.5107968078184508,1.2215],[116.3861190113337,-2.5107968078184508,1.0795],[116.3917342457087,-2.5079891906309091,0.5],[116.4013778003962,-2.4996884093809091,1.4737],[116.4066268238337,-2.4971249328184228,1.5367],[116.4188338550837,-2.495293878130894,4.1417],[116.4444686207087,-2.4971249328184228,1.961],[116.46082604258376,-2.5057919250059091,3.0561],[116.4680281910212,-2.5252011046934508,0.0],[116.4729110035212,-2.54619719844338,0.0],[116.4823104175837,-2.55925872188088,6.0359],[116.5178328785212,-2.5526669250059508,0.0],[116.53980553477126,-2.51177337031838,0.0],[116.6030379566462,-2.2229550109434228,0.0],[116.6052352222712,-2.1924374328184228,0.0],[116.59852135508376,-2.1827938781309228,0.0],[116.5831404957087,-2.1864559875059508,4.1182],[116.5660506519587,-2.1964657531309508,0.0],[116.5543319019587,-2.206109307818366,0.0],[116.5424910816462,-2.2080624328184091,0.0],[116.5351668628962,-2.194024346880894,7.7303],[116.53150475352126,-2.176568292193394,2.6766],[116.5307723316462,-2.1681454406309508,0.5972],[116.5177108082087,-2.165215753130894,0.8409],[116.50049889414626,-2.1685116515684371,0.7352],[116.43677819102126,-2.197076104693394,0.5],[116.4104110035212,-2.2025692687559508,3.0595],[116.3927108082087,-2.18999602656838,1.7842],[116.3861190113337,-2.151177667193366,5.0518],[116.3707381519587,-2.1367733703184508,3.3748],[116.33692467539626,-2.1448300109434091,1.8435],[116.2893172535212,-2.1681454406309508,7.7824],[116.2830916675837,-2.1681454406309508,6.6225],[116.2918807300837,-2.1498348937559508,4.4259],[116.3120223316462,-2.1278622375059228,4.5553],[116.33655846445876,-2.1071102843809508,10.5007],[116.35877526133376,-2.092461846880894,1.7953],[116.42676842539626,-2.0751278625059228,3.435],[116.4383651050837,-2.065728448443366,0.9472],[116.45777428477126,-2.041314385943366,1.6749],[116.46302330820876,-2.018731378130894,0.0],[116.4502059253962,-1.956231378130951,2.3842],[116.4663192066462,-1.906304620318394,0.0],[116.45167076914626,-1.882745050005894,0.0],[116.4134627613337,-1.846001885943366,1.5],[116.4327498707087,-1.8206112609434371,1.5],[116.44813073008376,-1.7948544250059371,1.0],[116.4415389332087,-1.7748348937559371,3.2766],[116.42469323008376,-1.7651913390684231,0.0],[116.40235436289626,-1.76274993281838,0.0],[116.3794051441462,-1.76409270625588,8.5071],[116.3791610035212,-1.7647030578184231,2.5204],[116.3791610035212,-1.7656796203184371,2.5204],[116.3790389332087,-1.766167901568451,2.5204],[116.37269127695876,-1.775811456255866,9.6181],[116.37269127695876,-1.776177667193451,9.6181],[116.3725692066462,-1.7772763000059091,4.5042],[116.3724471363337,-1.7777645812559091,4.5042],[116.3664656910212,-1.7770321593809371,0.0],[116.3573104175837,-1.77105071406838,0.0],[116.35132897227126,-1.7709286437559371,0.0],[116.32996666758376,-1.7770321593809371,0.0],[116.32093346445876,-1.78154876094338,0.0],[116.3171492847712,-1.788018487505866,14.4076],[116.30774987070876,-1.799737237505951,4.7917],[116.2857772144587,-1.805840753130951,1.0],[116.2608748707087,-1.807305596880894,0.0],[116.2426863941462,-1.8044979796934371,1.6498],[116.2221785816462,-1.78850676875588,0.0],[116.2318221363337,-1.7760555968809231,5.28],[116.2630721363337,-1.760674737505894,0.9904],[116.2718611988337,-1.7482235656309371,3.3342],[116.32471764414626,-1.702691339068394,0.0],[116.3454695972712,-1.6948788390684091,3.0408],[116.39063561289626,-1.6832821593809371,0.0],[116.4296981128962,-1.65813567500588,0.0],[116.5175887378962,-1.633233331255951,0.0],[116.5400496753962,-1.6216366515684091,0.0],[116.5573836597712,-1.605035089068394,0.0],[116.56421959727126,-1.582330010943394,0.0],[116.56104576914626,-1.562554620318451,0.0],[116.5534774097712,-1.550103448443394,0.0],[116.54444420664626,-1.5392391906309091,3.5517],[116.5368758472712,-1.5245907531309371,2.5242],[116.5390731128962,-1.4800350890684231,0.0],[116.5673934253962,-1.44536712031838,0.0],[116.6096297535212,-1.4193661437559091,0.0],[116.71888268320876,-1.376031182818366,4.5275],[116.7396346363337,-1.373101495318394,0.0],[116.7622176441462,-1.364190362505951,0.0],[116.76734459727126,-1.3430721984434091,0.0],[116.76295006602126,-1.2974179015684371,0.0],[116.76649010508376,-1.2864315734434091,0.0],[116.7789412769587,-1.272637628130951,0.0],[116.7888289722712,-1.253228448443394,0.0],[116.79078209727126,-1.247857354693366,0.0],[116.79078209727126,-1.242730401568394,0.0],[116.7876082691462,-1.238213800005951,0.0],[116.78296959727126,-1.2363827453184371,0.0],[116.7789412769587,-1.23528411250588,0.0],[116.7771102222712,-1.2328427062559231,0.0],[116.73585045664626,-1.2197811828184231,2.4764],[116.73768151133376,-1.21392180781838,0.0],[116.7491561207087,-1.2018368468809091,1.9819],[116.75379479258376,-1.192193292193394,5.8962],[116.75733483164626,-1.187188409380951,4.6167],[116.7569686207087,-1.1809628234434231,7.1742],[116.7491561207087,-1.16765715938088,4.5445],[116.7192488941462,-1.135064385943394,16.3157],[116.7150985035212,-1.123589776568451,0.5],[116.72022545664626,-1.0697567687559091,16.9763],[116.7287703785212,-1.0427792296934231,6.1055],[116.7430526050837,-1.0236141906309231,9.0228],[116.7566024097712,-1.0226376281309091,11.3113],[116.7431746753962,-1.0841610656309231,39.3648],[116.7461043628962,-1.109307550005894,8.0077],[116.78736412852126,-1.15764739375588,16.3291],[116.7922469410212,-1.1699764953184091,57.366],[116.79310143320876,-1.202203057818394,34.8745],[116.79700768320876,-1.215997003130951,8.3365],[116.8050643238337,-1.2001278625059231,0.5366],[116.81128990977126,-1.1914608703184231,1.4221],[116.81739342539626,-1.18816497188088,7.3676],[116.83057701914626,-1.193780206255951,11.3488],[116.8291121753962,-1.2028134093809371,18.2742],[116.81739342539626,-1.219170831255894,2.8633],[116.8172713550837,-1.2462704406309091,7.3561],[116.8197127613337,-1.260186456255894,55.7896],[116.82960045664626,-1.2645809875059091,83.1254],[116.8516951832087,-1.263238214068394,37.6481],[116.9575301441462,-1.238702081255866,0.0],[116.98316490977126,-1.2284481750059091,0.0],[117.0077010425837,-1.215264581255894,0.0],[117.0234481128962,-1.2018368468809091,0.0],[117.0295516285212,-1.18291594844338,0.0],[117.03272545664626,-1.158135675005894,0.0],[117.0390731128962,-1.1365292296934231,0.0],[117.0649520191462,-1.120660089068394,0.0],[117.1637069019587,-0.980523370318437,0.0],[117.1948348316462,-0.94793059688088,0.0],[117.2349959644587,-0.923272393755909,0.0],[117.2501326832087,-0.908013604693409,0.0],[117.2563582691462,-0.88298919063088,16.8159],[117.25904381602126,-0.857110284380937,6.0099],[117.26734459727126,-0.827080987505951,4.553],[117.28126061289626,-0.807915948443451,0.0],[117.3010360035212,-0.814751885943423,9.3628],[117.3277694019587,-0.84026458125588,0.0],[117.3320418628962,-0.848931573443451,1.4514],[117.3306990894587,-0.876519464068394,3.622],[117.3325301441462,-0.890557550005909,1.5685],[117.33887780039626,-0.900201104693423,1.5],[117.35023033945876,-0.895684503130894,0.5],[117.3635360035212,-0.877251885943451,0.5],[117.37452233164626,-0.85466887813088,1.8789],[117.3791610035212,-0.83806731563088,0.0],[117.39075768320876,-0.847466729693423,1.2989],[117.4127303394587,-0.873711846880937,0.9458],[117.4276229175837,-0.879571221880894,1.9548],[117.4464217457087,-0.875909112505951,0.0],[117.4516707691462,-0.865288995318409,0.0],[117.4481307300837,-0.841851495318437,0.0],[117.4580184253962,-0.819268487505951,0.0],[117.4932967457087,-0.826592706255937,0.0],[117.4890242847712,-0.797784112505923,3.7748],[117.5374861988337,-0.811333917193437,2.3021],[117.5444442066462,-0.807671807818394,10.3955],[117.5578719410212,-0.79448821406838,0.0],[117.5648299488337,-0.790337823443423,0.0],[117.5714217457087,-0.78972747188088,0.0],[117.58558190195876,-0.791192315630923,0.0],[117.61487877695876,-0.784966729693394,0.0],[117.6225692066462,-0.780328057818423,0.0],[117.62696373789626,-0.769707940630894,0.0],[117.6267195972712,-0.754693292193437,0.0],[117.6219588550837,-0.741875909380909,0.0],[117.6134139332087,-0.732842706255937,0.0],[117.6023055347712,-0.729424737505951,0.0],[117.5749617847712,-0.726128839068394,0.0],[117.5205184253962,-0.711602471880951,0.0],[117.49964440195876,-0.708306573443409,0.0],[117.48841393320876,-0.705254815630909,0.0],[117.48279869883376,-0.698418878130937,0.0],[117.48572838633376,-0.69158294063088,0.0],[117.49964440195876,-0.68853118281838,1.3701],[117.52723229258376,-0.692681573443423,0.0],[117.5391951832087,-0.693291925005951,0.0],[117.55115807383376,-0.68853118281838,0.0],[117.53980553477126,-0.673394464068394,0.0],[117.54590905039626,-0.664361260943423,0.0],[117.55982506602126,-0.657037042193437,0.0],[117.5715438160212,-0.646905206255923,0.0],[117.5758162769587,-0.628716729693451,0.0],[117.5649520191462,-0.621636651568423,4.3939],[117.54688561289626,-0.618462823443394,8.5284],[117.5300399097712,-0.61272551875588,2.5905],[117.5300399097712,-0.605889581255909,0.0],[117.53589928477126,-0.601739190630951,0.0],[117.5427352222712,-0.599541925005951,0.0],[117.5736190113337,-0.597832940630866,0.0],[117.5783797535212,-0.595757745318394,0.0],[117.5805770191462,-0.591851495318394,0.0],[117.5932723316462,-0.573540948443394,0.0],[117.59742272227126,-0.558282159380894,0.0],[117.5988875660212,-0.520318292193394,0.0],[117.5892440113337,-0.509942315630909,0.0],[117.5544539722712,-0.50151946406838,23.5464],[117.5578719410212,-0.489190362505937,2.2585],[117.57032311289626,-0.483819268755909,0.5],[117.60523522227126,-0.47490813594338,3.5933],[117.61268151133376,-0.465630792193437,1.8324],[117.61915123789626,-0.455010675005909,1.6775],[117.6314803394587,-0.446343682818423,0.0],[117.6386824878962,-0.43523528438088,0.0],[117.63001549570876,-0.417535089068409,0.0],[117.6154891285212,-0.413995050005894,0.0],[117.5958358082087,-0.421441339068409,2.7961],[117.47486412852126,-0.507867120318423,2.4229],[117.44129479258376,-0.523980401568423,7.6803],[117.44129479258376,-0.516534112505923,4.3583],[117.4520369800837,-0.500542901568451,0.0],[117.46229088633376,-0.478814385943366,0.375],[117.4663192066462,-0.456109307818451,2.382],[117.45826256602126,-0.437676690630923,0.0],[117.4575301441462,-0.425957940630937,0.0],[117.46741783945876,-0.410332940630951,0.0],[117.4890242847712,-0.386163018755909,0.375],[117.4939070972712,-0.371392510943423,0.9894],[117.4969588550837,-0.349175714068423,0.0],[117.4951278003962,-0.332574151568423,0.0],[117.4856063160212,-0.334649346880894,1.4941],[117.47449791758376,-0.329034112505909,0.0],[117.4576522144587,-0.306939385943437,0.0],[117.4419051441462,-0.280694268755923,0.0],[117.43384850352126,-0.26262786250588,0.0],[117.43482506602126,-0.238580010943451,0.0],[117.4563094410212,-0.204278253130894,0.0],[117.4616805347712,-0.184502862505951,0.0],[117.4650985035212,-0.143243096880894,0.0],[117.4693709644587,-0.127740167193437,0.0],[117.4846297535212,-0.09105803828713,0.0],[117.4890242847712,-0.084527276568423,0.0],[117.50709069102126,-0.068413995318423,0.0],[117.5127059253962,-0.057915948443423,0.0],[117.5251570972712,-0.040887139849616,0.0],[117.5266219410212,-0.036736749224659,0.0],[117.5300399097712,-0.031182550005894,0.0],[117.52894127695876,-0.018304132037144,0.0],[117.52320397227126,0.00421784061912,0.0],[117.5166121753962,0.017157293744091,0.0],[117.50892174570876,0.027167059369091,3.0212],[117.49976647227126,0.034186102337813,3.7682],[117.4890242847712,0.038336492962856,8.2162],[117.4968367847712,0.052252508587841,6.8894],[117.4920760425837,0.055792547650356,11.0978],[117.4821883472712,0.055731512494049,5.5669],[117.47535240977126,0.058783270306549,1.6451],[117.47315514414626,0.066046453900313,0.0],[117.4733992847712,0.070379949994106,4.6044],[117.4746199878962,0.075995184369091,3.1102],[117.47535240977126,0.086737371869063,4.5992],[117.47352135508376,0.096747137494063,4.0673],[117.47046959727126,0.103338934369063,14.6609],[117.4697371753962,0.109991766400299,18.5019],[117.47535240977126,0.120306707806563,15.7465],[117.4834090503962,0.125982977337856,12.6452],[117.5066024097712,0.134222723431549,3.4957],[117.51710045664626,0.141363836712799,2.4472],[117.5090438160212,0.149725653119106,14.7754],[117.49793541758376,0.152044989056549,3.6714],[117.4880477222712,0.152350164837813,1.5061],[117.4821883472712,0.155035711712827,9.0938],[117.4799910816462,0.16766998905662,5.458],[117.48353112070876,0.180060125775356,6.0199],[117.4908553394587,0.191107489056591,7.3805],[117.5138045582087,0.213080145306549,16.1753],[117.5229598316462,0.22699616093162,16.1175],[117.52637780039626,0.243414617962799,0.0],[117.52320397227126,0.264288641400384,0.0],[117.51929772227126,0.27228424686912,2.9375],[117.51587975352126,0.276495672650384,4.4745],[117.5142928394587,0.281561590619049,13.4769],[117.51710045664626,0.292181707806577,9.7885],[117.5534774097712,0.350653387494091,0.881],[117.5693465503962,0.390204168744063,0.0],[117.5853377613337,0.408270574994106,12.9332],[117.59522545664626,0.413519598431606,12.9328],[117.6075545582087,0.418402410931634,0.0],[117.61915123789626,0.425116278119077,0.0],[117.62696373789626,0.435614324994077,0.0],[117.62610924570876,0.445257879681591,0.0],[117.61524498789626,0.470343328900341,0.0],[117.61268151133376,0.48029205936912,0.0],[117.62012780039626,0.503241278119091,0.5477],[117.6746932300837,0.565985418744091,0.0],[117.67896569102126,0.575873114056563,0.0],[117.6843367847712,0.597601629681549,0.0],[117.6882430347712,0.607489324994106,0.0],[117.6955672535212,0.618231512494077,0.0],[117.71900475352126,0.637945867962799,0.0],[117.72474205820876,0.653815008587827,0.0],[117.7292586597712,0.716742254681563,0.0],[117.74293053477126,0.741705633587799,0.0],[117.7882186207087,0.793524481244077,91.4802],[117.8111678394587,0.812994696087841,280.123],[117.82923424570876,0.821478582806591,89.1093],[117.8501082691462,0.825506903119106,7.3114],[117.8840438160212,0.826605535931563,0.0],[117.8891707691462,0.828863836712884,0.0],[117.89466393320876,0.833746649212813,8.2749],[117.9023543628962,0.838690496869049,3.5661],[117.91395104258376,0.840887762494049,5.13],[117.92701256602126,0.839850164837813,17.1592],[117.9379988941462,0.83685944218162,7.5851],[117.9471541675837,0.83228180546287,24.2549],[117.95533287852126,0.826605535931563,33.6216],[117.9621688160212,0.818304754681563,28.1334],[117.97315514414626,0.799627996869077,10.1403],[117.9825545582087,0.792486883587841,29.9835],[117.9937850269587,0.789679266400299,28.8537],[118.0051375660212,0.789984442181563,17.3949],[118.0203963550837,0.792486883587841,10.9208],[118.03284752695876,0.801398016400384,0.0],[118.0361434253962,0.821844793744077,0.0],[118.0339461597712,0.844549871869077,0.0],[118.03028405039626,0.860174871869063,0.0],[118.02466881602126,0.874029852337841,0.0],[118.0166121753962,0.887457586712827,0.0],[118.0139266285212,0.889349676556563,0.5],[118.00550377695876,0.89313385624412,0.75],[118.0048934253962,0.893622137494049,0.75],[118.00416100352126,0.89398834843162,1.0],[118.0029403003962,0.894964910931549,1.0],[117.9956160816462,0.907965399212827,1.0],[117.9926863941462,0.911993719525356,1.0],[117.98450768320876,0.927435614056591,1.0],[117.9796248707087,0.967352606244049,1.0],[117.9751082691462,0.984259344525327,7.0274],[117.9377547535212,1.0327212585878409,15.7045],[117.93348229258376,1.039923407025299,6.592],[117.9011336597712,1.079840399212856,5.7513],[117.89258873789626,1.09607575077537,3.8671],[117.8908797535212,1.1053530945253129,5.0972],[117.89380944102126,1.114691473431549,6.568],[117.9013778003962,1.121039129681606,1.0],[117.91309655039626,1.1261660828065769,3.1503],[117.92383873789626,1.1261660828065769,3.5574],[117.9284774097712,1.117743231244049,4.3834],[117.93653405039626,1.109320379681606,3.2047],[117.97571862070876,1.0893618835878409,6.0982],[117.98939049570876,1.079840399212856,8.9491],[118.00538170664626,1.0522525085878269,8.8004],[118.0283309253962,0.985663153119049,9.2577],[118.0445662769587,0.956305242962813,2.9608],[118.06910240977126,0.929999090619077,29.3296],[118.09656823008376,0.909796453900341,5.6327],[118.1289168628962,0.894232489056577,10.466],[118.18763268320876,0.876410223431591,7.4638],[118.31678307383376,0.859991766400327,2.2483],[118.3325301441462,0.853888250775327,6.3073],[118.3466903003962,0.840216375775299,13.7662],[118.35633385508376,0.82446930546287,51.0286],[118.3669539722712,0.811529852337813,25.1148],[118.38379967539626,0.80615875858787,0.879],[118.3918563160212,0.808783270306577,0.0],[118.40211022227126,0.815130926556634,0.0],[118.4107772144587,0.823004461712841,3.6087],[118.4185897144587,0.83838532108787,17.1335],[118.4282332691462,0.841131903119091,14.4563],[118.4733992847712,0.839422918744106,9.9048],[118.5140486988337,0.823187567181577,11.951599999999999],[118.5340682300837,0.819159246869063,8.9305],[118.54383385508376,0.815741278119077,10.4688],[118.5544539722712,0.809149481244063,0.0],[118.56519615977126,0.805243231244063,0.0],[118.57520592539626,0.809576727337856,0.0],[118.58301842539626,0.814886785931577,10.2197],[118.6391707691462,0.841681219525327,0.0],[118.6626082691462,0.847601629681577,0.0],[118.68592369883376,0.84735748905662,0.0],[118.70557701914626,0.837164617962799,116.5016],[118.71741783945876,0.829474188275327,177.5091],[118.7414656910212,0.823370672650327,81.0023],[118.76307213633376,0.810187078900299,8.8206],[118.77405846445876,0.806952215619063,0.0],[118.7861434253962,0.805731512494077,1.0851],[118.79810631602126,0.80615875858787,13.9022],[118.8125106128962,0.810370184369049,0.0],[118.8282576832087,0.819342352337799,0.0],[118.84083092539626,0.831122137494106,0.0],[118.85120690195876,0.858160711712813,0.0],[118.8648787769587,0.870001532025327,0.0],[118.9398299488337,0.903326727337856,0.0],[118.95630944102126,0.91382477421287,0.0],[118.9703475269587,0.936896063275356,0.0],[119.0026961597712,0.963690496869106,0.0],[119.01160729258376,0.977484442181577,0.0],[119.0109969410212,0.989386297650313,0.0],[119.0061141285212,0.99603912968162,0.0],[119.0004988941462,1.000250555462799,0.0],[118.99732506602126,1.004828192181549,0.0],[118.9987899097712,1.01587555546287,0.0],[119.0030623707087,1.0274722351503409,0.0],[119.0053817066462,1.0388247742128409,0.0],[119.0008651050837,1.049139715619106,0.0],[118.98511803477126,1.0587222351503129,0.0],[118.9337264332087,1.077215887494049,0.0],[118.9154158863337,1.079840399212856,0.0],[118.9062606128962,1.076605535931606,0.0],[118.8941756519587,1.0639712585878129,45.2952],[118.88746178477126,1.0593936218690629,241.8282],[118.8779403003962,1.0571963562440629,310.3615],[118.8707381519587,1.057440496869106,243.6316],[118.85682213633376,1.0593936218690629,0.0],[118.82593834727126,1.120856024212856,0.0],[118.80884850352126,1.1409365906190629,0.0],[118.79761803477126,1.1511294617128129,0.0],[118.7639266285212,1.165228582806549,0.0],[118.7668563160212,1.17389557499412,9.3939],[118.7734481128962,1.17694733280662,0.0],[118.7804061207087,1.1785342468690909,0.0],[118.78443444102126,1.182867742962884,0.0],[118.7761336597712,1.203192449994049,0.0],[118.75403893320876,1.2307803406190769,0.0],[118.7290145191462,1.2550112976503269,0.0],[118.7127791675837,1.26544830936912,0.0],[118.67505944102126,1.28156159061912,0.0],[118.61316979258376,1.3523623718690629,0.0],[118.5820418628962,1.3684756531190629,0.0],[118.5358992847712,1.3718325867128269,0.0],[118.52381432383376,1.37531159061912,0.0],[118.4920760425837,1.3969180359315769,12.1749],[118.4760848316462,1.4032046570253269,10.096],[118.4629012378962,1.3957583679628129,11.7156],[118.4560653003962,1.3957583679628129,0.0],[118.4538680347712,1.4044253601503129,0.0],[118.45093834727126,1.429693914837799,0.0],[118.4486190113337,1.4367739929628269,0.0],[118.43799889414626,1.44177887577537,0.0],[118.4145613941462,1.4420230164003269,16.1017],[118.4045516285212,1.44635651249412,9.5819],[118.39954674570876,1.4555728210878409,11.8938],[118.4035750660212,1.46295807499412,19.8542],[118.41822350352126,1.474005438275356,0.0],[118.4249373707087,1.48688385624412,0.0],[118.4167586597712,1.4930484070253269,0.0],[118.3940535816462,1.49823639530662,0.0],[118.3696395191462,1.5239321960878129,0.0],[118.35254967539626,1.5347964539003129,0.0],[118.31104576914626,1.54315827030662,0.0],[118.2711287769587,1.5639102234315909,0.0],[118.1851912769587,1.633002020306634,0.0],[118.1264754566462,1.655890203900384,0.0],[118.0544539722712,1.7346865906190629,0.0],[118.0476180347712,1.7446963562440629,4.8408],[118.0470076832087,1.7534854187440769,16.3213],[118.04908287852126,1.763190008587799,19.1016],[118.05079186289626,1.775641180462856,5.0212],[118.04603112070876,1.7843081726503409,0.0],[118.03467858164626,1.786078192181549,0.0],[118.0103865894587,1.785589910931634,0.0],[117.9947615894587,1.792853094525299,0.0],[117.9807235035212,1.8019473328065909,0.0],[117.9652205738337,1.809637762494049,0.0],[117.9445906910212,1.812933660931606,0.0],[117.92383873789626,1.820379949994106,0.0],[117.91163170664626,1.838019110150356,0.0],[117.9032088550837,1.8585879578065769,0.0],[117.89380944102126,1.87494537968162,0.0],[117.8857528003962,1.883734442181549,0.0],[117.88379967539626,1.885260321087799,0.0],[117.8808699878962,1.8833071960878409,0.0],[117.8701278003962,1.8817813171815909,9.5724],[117.86243737070876,1.88715241093162,0.0],[117.85718834727126,1.89887116093162,19.2225],[117.8565779957087,1.910589910931606,17.023],[117.8634139332087,1.915961004681549,24.1637],[117.87208092539626,1.925848699994106,0.0],[117.8745223316462,1.948736883587856,0.0],[117.87330162852126,1.9916445984315909,0.0],[117.8670760425837,1.9916445984315909,0.0],[117.85547936289626,1.9845645203065769,0.0],[117.8438826832087,1.99262116093162,9.0311],[117.8316756519587,2.006842352337884,18.7521],[117.8186141285212,2.01837799686912,0.0],[117.80274498789626,2.0225283874940772,0.0],[117.76441490977126,2.0261294617128129,1.6742],[117.7497664722712,2.032660223431606,0.0],[117.7406111988337,2.046210028119106,0.0],[117.7545272144587,2.04755280155662,6.7188],[117.7912703785212,2.0394961609315772,10.1172],[117.82532799570876,2.0374209656190909,16.2502],[117.8596297535212,2.0394961609315772,8.1832],[117.9001570972712,2.0512149109315629,11.1099],[117.8818465503962,2.0692202820252992,0.0],[117.84412682383376,2.0893618835878129,0.0],[117.8260604175837,2.10773346561912,0.0],[117.8827010425837,2.0966861023377992,5.692],[117.9145613941462,2.09467194218162,0.0],[117.91480553477126,2.10773346561912,8.8486],[117.9350692066462,2.12537262577537,5.8544],[117.9389754566462,2.1445986999940772,0.0],[117.9411727222712,2.16437409061912,0.0],[117.95533287852126,2.1834170593690909,0.0],[117.97535240977126,2.1932437195253409,2.196],[118.0445662769587,2.21015045780662,0.0],[118.0576278003962,2.2211367859315492,0.0],[118.09131920664626,2.2632510437440909,0.0],[118.09925377695876,2.2790591492128272,0.0],[118.09571373789626,2.3053653015565629,0.0],[118.0820418628962,2.338690496869106,0.0],[118.0632430347712,2.3681094421815492,0.0],[118.0445662769587,2.3826968445252992,0.0],[118.03687584727126,2.365118719525356,0.0],[118.0239363941462,2.38324616093162,0.0],[118.00672448008376,2.4267031921815909,0.0],[117.9995223316462,2.435492254681606,0.0],[117.98755944102126,2.4575869812440772,0.0],[117.97877037852126,2.4677798523378129,0.0],[117.8814803394587,2.55261871952537,0.0],[117.8669539722712,2.5739199890565629,0.0],[117.8260604175837,2.6086489929628272,0.0],[117.81617272227126,2.6226870789003409,0.0],[117.80713951914626,2.6392276062440492,0.0],[117.8006697925837,2.6583316101503272,0.0],[117.7960311207087,2.72437164921287,0.0],[117.79188073008376,2.7434756531190492,0.0],[117.78394615977126,2.7594058289003129,0.0],[117.75208580820876,2.785773016400356,0.0],[117.7141219410212,2.7952945007753409,0.0],[117.6733504566462,2.80048248905662,2.4406],[117.63306725352126,2.8134829773378129,2.9442],[117.6193953785212,2.8267276062440492,1.2368],[117.62696373789626,2.8382022156190772,4.9848],[117.66407311289626,2.86524078983787,3.063],[117.68116295664626,2.8745181335878129,5.1282],[117.70411217539626,2.8801333679627992,2.8971],[117.7249861988337,2.8877627624940492,0.0],[117.73609459727126,2.9028384460878129,0.0],[117.6399031910212,2.90967438358787,9.2946],[117.56727135508376,2.923773504681606,6.4726],[117.54371178477126,2.9233462585878129,1.5774],[117.54371178477126,2.93018219608787,1.0],[117.61268151133376,2.9375674499940772,0.7712],[117.6302596363337,2.9434878601503272,9.1721],[117.6672469410212,2.96069977421287,1.3057],[117.6848250660212,2.9642398132752992,0.0],[117.6878768238337,2.9718081726503272,0.0],[117.6751815113337,2.987005926556606,0.0],[117.6555281910212,2.9986026062440772,0.0],[117.6364852222712,2.99530670780662,0.0],[117.6223250660212,2.9876162781190629,8.0791],[117.60132897227126,2.9818179382753272,0.0],[117.5802108082087,2.9801699890565492,0.0],[117.5648299488337,2.9847476257752992,0.0],[117.5749617847712,2.994086004681634,1.0],[117.6005965503962,3.026190496869106,2.716],[117.60914147227126,3.0332095398378129,2.0421],[117.6193953785212,3.0360781921815772,1.9839],[117.62928307383376,3.0435244812440772,0.0],[117.6341658863337,3.0535342468690772,0.0],[117.63001549570876,3.0642153992128272,0.0],[117.6229354175837,3.0736758484315909,8.0185],[117.6207381519587,3.0806338562440909,0.0],[117.61695397227126,3.087042547650356,0.0],[117.60572350352126,3.0946109070252992,4.3676],[117.5634871753962,3.1030947937440492,1.448],[117.5199080738337,3.0996768249940629,0.0],[117.4815779957087,3.102423407025384,0.0],[117.4549666675837,3.1293399109315629,2.2871],[117.45399010508376,3.1463076843690629,2.5966],[117.4576522144587,3.1615054382753409,0.0],[117.4537459644587,3.1723696960878272,0.0],[117.4306746753962,3.1765811218690909,0.0],[117.38978112070876,3.1763369812440492,0.0],[117.3701278003962,3.17841217655662,2.6501],[117.35242760508376,3.1839663757752992,0.0],[117.28126061289626,3.2243106140565492,1.6677],[117.26990807383376,3.23554108280662,0.0],[117.2675887378962,3.2456729187440492,0.0],[117.2641707691462,3.2554995789002992,1.8617],[117.2645369800837,3.2629458679628129,2.8653],[117.2736922535212,3.2659365906190909,2.3826],[117.2815047535212,3.2644717468690629,1.2091],[117.3115340503962,3.2529361023378129,20.2166],[117.3335067066462,3.2332827820253129,8.2088],[117.3446151050837,3.2316958679628409,1.5939],[117.35938561289626,3.2454287781190909,6.2216],[117.3630477222712,3.25604889530662,3.3199],[117.3662215503962,3.296942449994106,3.2223],[117.3695174488337,3.3064639343690909,13.3137],[117.37769615977126,3.3143374695252992,15.2299],[117.38672936289626,3.3211123718690492,3.6959],[117.3935653003962,3.3273989929627992,3.687],[117.4052840503962,3.34674713749412,4.9463],[117.41431725352126,3.35742828983787,0.0],[117.4242049488337,3.36218903202537,2.4705],[117.4342147144587,3.3654849304628272,11.0722],[117.44178307383376,3.3742739929628409,0.0],[117.4464217457087,3.3863589539003129,0.0],[117.4481307300837,3.39966461796287,0.0],[117.4481307300837,3.427313543744106,0.0],[117.4464217457087,3.435919500775384,0.0],[117.4420272144587,3.4368350281190909,0.0],[117.43555748789626,3.4354922546815909,0.0],[117.4276229175837,3.4372012390565772,0.0],[117.4047957691462,3.445624090619106,0.714],[117.3742781910212,3.44983551640037,0.0],[117.3448592457087,3.4477603210877992,3.3299],[117.3252059253962,3.4372012390565772,15.1203],[117.31190026133376,3.4623477234315492,4.9865],[117.30445397227126,3.47052643436912,0.0],[117.29053795664626,3.4782168640565909,0.0],[117.2528182300837,3.4872500671815629,0.0],[117.2426863941462,3.49188873905662,0.0],[117.2274276050837,3.5063540710878409,4.132],[117.21021569102126,3.5300967468690909,2.895],[117.19983971445876,3.5562197937440772,8.0023],[117.20508873789626,3.5781314148378129,13.0899],[117.21631920664626,3.6041934265565772,10.4698],[117.19898522227126,3.6174380554628272,0.0],[117.16920006602126,3.6221987976503129,0.0],[117.1140242847712,3.621771551556606,0.0],[117.08301842539626,3.6178042664003129,0.0],[117.0538436207087,3.6095034851502992,0.0],[117.0302840503962,3.5955264343690909,0.0],[117.05555260508376,3.6330630554628129,3.134],[117.09034264414626,3.647040106244106,16.3608],[117.21937096445876,3.6485049499940492,28.8855],[117.3020125660212,3.6344058289003129,22.7655],[117.4306746753962,3.6358706726503409,2.3925],[117.45093834727126,3.6304995789003129,6.4581],[117.4942733082087,3.609564520306606,11.0697],[117.5095320972712,3.6085879578065909,0.5],[117.52418053477126,3.626654364056634,0.5],[117.52332604258376,3.65143463749412,0.5],[117.5130721363337,3.676031805462856,1.0],[117.49964440195876,3.6939151062440629,1.0],[117.4917098316462,3.7083194031190629,1.0],[117.4821883472712,3.766180731244134,5.7692],[117.4798690113337,3.7724063171815629,9.7168],[117.4685164722712,3.793524481244106,12.3407],[117.48878014414626,3.78333161015037,7.9423],[117.49891198008376,3.7768008484315772,3.0142],[117.5034285816462,3.7699038757752992,8.8863],[117.5052596363337,3.7479922546815629,12.9722],[117.5083113941462,3.737066961712856,23.0433],[117.52418053477126,3.7100283874940629,70.4313],[117.5335799488337,3.6859805359315492,30.7436],[117.54639733164626,3.6652285828065772,15.7207],[117.56824791758376,3.656317449994134,35.5155],[117.58741295664626,3.6520449890565629,19.1104],[117.6284285816462,3.6332461609315492,3.369],[117.6504012378962,3.62903473515037,5.2283],[117.74830162852126,3.63819000858787,0.0],[117.7609969410212,3.644964910931634,0.0],[117.7771102222712,3.6699893249940772,0.0],[117.78785240977126,3.6798770203065492,0.0],[117.81714928477126,3.695990301556634,0.0],[117.8260604175837,3.7047793640565629,0.0],[117.8291121753962,3.722784735150384,0.0],[117.8176375660212,3.73126862186912,0.0],[117.7771102222712,3.73889801640037,0.0],[117.7341414722712,3.7533633484315909,0.0],[117.71461022227126,3.764715887494106,0.0],[117.7019149097712,3.7798526062440772,7.8538],[117.7602645191462,3.7736270203065492,1.3317],[117.77662194102126,3.7752749695253272,1.1059],[117.78272545664626,3.7802188171815629,1.4723],[117.78174889414626,3.78858063358787,0.0],[117.7771102222712,3.8003604187440772,11.0713],[117.7248641285212,3.8520571960878409,0.9513],[117.71900475352126,3.8617617859315629,5.7656],[117.6895858082087,3.879950262494134,0.0],[117.6814070972712,3.8834903015565492,0.0],[117.66797936289626,3.8812320007753272,0.0],[117.6521102222712,3.8762881531190909,9.3138],[117.6364852222712,3.8740908874940909,5.8345],[117.62317955820876,3.8797671570252992,0.0],[117.60352623789626,3.8978945984315492,20.9828],[117.5793563160212,3.915716864056634,5.5624],[117.55201256602126,3.9283511414003409,10.3472],[117.52320397227126,3.9307315124940772,11.4902],[117.52320397227126,3.9375674499940492,13.9771],[117.56995690195876,3.93439362186912,6.8899],[117.59046471445876,3.9273135437440909,13.6292],[117.62794030039626,3.9015567078065909,10.1554],[117.6507674488337,3.896429754681606,5.8007],[117.6726180347712,3.898993231244106,6.1307],[117.6882430347712,3.9102236999940772,0.0],[117.6892195972712,3.922674871869134,0.0],[117.6783553394587,3.9336001648378409,0.0],[117.66138756602126,3.94135162968162,0.0],[117.62781823008376,3.948309637494106,0.0],[117.61353600352126,3.9582583679627992,0.0],[117.52015221445876,4.0504824890565487,0.0],[117.51026451914626,4.0551211609316056,0.0],[117.4995223316462,4.05103180546287,19.6304],[117.48878014414626,4.0441348328065914,7.0591],[117.47877037852126,4.0405947937440772,0.0],[117.4681502613337,4.044745184369134,0.0],[117.4681502613337,4.0541445984315914,0.0],[117.47535240977126,4.06848786015037,0.0],[117.4663192066462,4.0811221374940772,16.3117],[117.4505721363337,4.0893008484315629,0.0],[117.4311629566462,4.0938174499940914,0.0],[117.41028893320876,4.0951602234315914,0.5],[117.3956404957087,4.1001040710878272,0.5],[117.3962508472712,4.1108462585877987,18.781],[117.40296471445876,4.1215274109315487,18.0679],[117.4071151050837,4.1262271179628272,5.6661],[117.40381920664626,4.1367251648378272,0.0],[117.39600670664626,4.1408145203065772,0.0],[117.38672936289626,4.1436831726503272,0.5],[117.3791610035212,4.1504580749940772,17.4838],[117.3769637378962,4.1555850281190629,19.5895],[117.37378990977126,4.1664492859315487,6.0012],[117.37293541758376,4.17090485233787,9.1897],[117.5077010425837,4.1246402039003556,6.091],[117.5183211597712,4.12341950077537,10.9395],[117.52808678477126,4.128668524212884,6.2247],[117.5554305347712,4.1530215515565772,3.0683],[117.56690514414626,4.1607730164003414,15.669],[117.6081649097712,4.1774356140565772,16.0114],[117.61695397227126,4.1785952820253414,12.1531],[117.62696373789626,4.1777407898378414,0.0],[117.62012780039626,4.1859195007753129,0.0],[117.60254967539626,4.20294830936912,21.033],[117.5988875660212,4.2081362976503129,21.4407],[117.6019393238337,4.21649811405662,21.2811],[117.60792076914626,4.2233950867128129,0.0],[117.6128035816462,4.2321231140566056,17.4395],[117.6193953785212,4.238531805462884,17.2616],[117.6403914722712,4.2525698914003129,9.1976],[117.6489363941462,4.2619693054628556,3.7709],[117.65357506602126,4.2733218445253556,0.0],[117.65186608164626,4.28601715702537,2.5716],[117.6368514332087,4.3001773132753272,0.0],[117.63306725352126,4.3108584656190772,0.0],[117.63306725352126,4.352118231244134,0.0],[117.6286727222712,4.3629214539003129,0.0],[117.6093856128962,4.37451813358787,0.0],[117.60572350352126,4.3831851257753556,0.0],[117.6145125660212,4.3942324890565914,0.0],[117.63404381602126,4.41132233280662,4.2876],[117.6558944019587,4.425360418744134,2.6203],[117.6709090503962,4.4271914734315629,0.0],[117.68677819102126,4.4082095398378129,4.5119],[117.6960555347712,4.3889834656190914,5.5028],[117.70728600352126,4.3711001648377987,0.0],[117.7292586597712,4.3558413757752987,0.0],[117.7382918628962,4.3530337585878414,0.0],[117.76343834727126,4.348395086712884,3.0838],[117.7946883472712,4.3360659851503556,7.6345],[117.8081160816462,4.3347232117128414,9.318],[117.8117781910212,4.3305117859315772,3.5299],[117.8186141285212,4.3117129578065772,8.2171],[117.82227623789626,4.3074404968690914,11.2003],[117.83106530039626,4.30585358280662,4.6545],[117.8394881519587,4.3020694031190629,4.8332],[117.8534041675837,4.2937686218690629,6.9633],[117.89210045664626,4.2581240906190772,10.6253],[117.90430748789626,4.2528140320253556,5.5515],[117.92090905039626,4.2503115906190914,5.3525],[117.9825545582087,4.2323672546815772,236.3753],[118.0044051441462,4.23279450077537,121.4723],[118.1369735035212,4.2998721374940629,11.1571],[118.16065514414626,4.3074404968690914,12.623],[118.2419539722712,4.3148867859315914,5.4579],[118.33240807383376,4.3402163757753129,17.6697],[118.3399764332087,4.3452822937440772,0.0],[118.3530379566462,4.3626773132753556,2.5083],[118.3687850269587,4.3517520203065629,5.7501],[118.3918563160212,4.347540594525384,104.7949],[118.4350692066462,4.348395086712884,2.9683],[118.4542342457087,4.351446844525384,5.6651],[118.4864608082087,4.3607241882753129,9.9097],[118.5031844410212,4.3626773132753556,6.036],[118.5427352222712,4.3611514343691056,61.0945],[118.5567733082087,4.36469147343162,0.0],[118.57215416758376,4.3757388367128556,0.0],[118.5825301441462,4.3858096374940629,0.0],[118.59266198008376,4.3985659851502987,3.4167],[118.5973006519587,4.4134585632753129,0.0],[118.5920516285212,4.43030426640037,0.0],[118.60743248789626,4.4267031921815487,7.6244],[118.6174422535212,4.4218814148378414,7.3428],[118.6259871753962,4.42047760624412,0.0],[118.63709557383376,4.4271914734315629,0.0],[118.6456404957087,4.4379946960878414,0.0],[118.6451522144587,4.445196844525384,0.0],[118.6054793628962,4.48810455936912,0.0],[118.5938826832087,4.5067202820252987,0.0],[118.5994979175837,4.52033112186912,0.0],[118.5872908863337,4.5249697937440914,0.0],[118.56299889414626,4.5283877624940772,0.0],[118.55164635508376,4.5340029968690629,0.0],[118.5232039722712,4.5128237976502987,0.0],[118.5047713550837,4.50354645390037,0.0],[118.49634850352126,4.50946686405662,0.0],[118.4901229175837,4.5176455749941056,6.1121],[118.47803795664626,4.52728912968162,0.0],[118.46924889414626,4.5383975281190629,25.2118],[118.47315514414626,4.5510318054628556,6.3977],[118.4842635425837,4.5639712585878272,10.0346],[118.48939049570876,4.5762393249940487,0.0],[118.4873153003962,4.5887515320253129,0.0],[118.4765731128962,4.6023013367128272,0.0],[118.4621688160212,4.61121246952537,107.2928],[118.44446862070876,4.6161563171816056,0.0],[118.4306746753962,4.6124942078065629,0.0],[118.4282332691462,4.5954653992128556,95.8481],[118.4110213550837,4.6026675476503129,0.0],[118.40394127695876,4.6070010437441056,0.0],[118.3974715503962,4.61255524296287,0.0],[118.39307701914626,4.61951325077537,0.0],[118.38514244883376,4.6378848328065914,0.0],[118.38038170664626,4.6438662781190629,4.8714],[118.37256920664626,4.64697907108787,0.0],[118.35157311289626,4.64984772343162,12.0222],[118.3425399097712,4.65003082890037,15.9303],[118.33326256602126,4.652716375775384,13.0208],[118.32496178477126,4.6590640320253414,3.7308],[118.3121444019587,4.6711489929628129,0.0],[118.2773543628962,4.6963565124940914,0.0],[118.2463485035212,4.7249820007753556,0.0],[118.2187606128962,4.75751373905662,0.0],[118.1948348316462,4.7940737976503129,3.8808],[118.1836043628962,4.8230654968690629,0.0],[118.1777449878962,4.8319766296816056,0.0],[118.1712752613337,4.83771393436912,0.0],[118.1456404957087,4.8543765320253414,0.0],[118.13892662852126,4.8565737976503414,0.0],[118.1347762378962,4.8607852234316056,0.0],[118.1333113941462,4.8728701843690914,0.0],[118.1363631519587,4.8835513367128414,18.9347],[118.1438094410212,4.8914248718690487,2.8585],[118.16065514414626,4.9039370789003129,3.1564],[118.21680748789626,4.967047430462884,70.1969],[118.25257408945876,4.9883486999940772,46.8468],[118.29102623789626,4.9790103210878272,10.543],[118.2895613941462,4.9921328796815487,8.9148],[118.29151451914626,5.002142645306634,16.909],[118.29664147227126,5.0058047546815772,9.5859],[118.3046981128962,5.00012848515037,9.8466],[118.3357039722712,5.0263736023377987,9.3644],[118.3570662769587,5.03998444218162,14.2387],[118.3667098316462,5.0370547546815487,4.814],[118.37598717539626,5.0423037781190487,22.0656],[118.3967391285212,5.0359561218690914,31.7735],[118.4282332691462,5.0200259460878414,10.0371],[118.4625350269587,4.9799258484315487,16.1996],[118.4804793628962,4.9492251648377987,14.4187],[118.4862166675837,4.9418399109316056,9.0927],[118.4992781910212,4.9326846374941056,13.1211],[118.50892174570876,4.9321963562440914,10.7847],[118.5305281910212,4.9455630554628556,12.4328],[118.56006920664626,4.968573309369134,8.3703],[118.57215416758376,4.97284577030662,16.3377],[118.5847274097712,4.9730288757753556,11.9642],[118.60572350352126,4.9669253601503556,76.7124],[118.6342879566462,4.962469793744134,160.315],[118.6656600269587,4.9492251648377987,45.3477],[118.6814070972712,4.9455630554628556,31.4601],[118.7024031910212,4.9477603210878556,0.0],[118.7271834644587,4.9550845398378414,6.2804],[118.7506209644587,4.9652774109315772,92.0217],[118.7863875660212,4.9871890320253129,127.6023],[118.97291100352126,5.0410830749940772,0.0],[119.1557723316462,5.1073672546815772,3.4914],[119.1953231128962,5.1298892273378414,1.3232],[119.2439070972712,5.1825015320253129,1.3917],[119.2668563160212,5.2022769226503414,0.0],[119.2691756519587,5.2273623718690914,0.0],[119.2641707691462,5.2738711609315629,0.0],[119.26624596445876,5.2909610046815914,0.0],[119.2756453785212,5.324103094525384,0.0],[119.2778426441462,5.34583161015037,0.0],[119.27418053477126,5.3623111023378556,0.0],[119.26490319102126,5.3753726257753414,0.0],[119.24317467539626,5.3967959656190629,0.0],[119.2194930347712,5.4291445984315772,0.0],[119.20472252695876,5.4445864929628272,0.0],[119.1892195972712,5.45197174686912,0.0],[119.1637069019587,5.4481265320253414,0.0],[119.0854598316462,5.4110171570253272,0.0],[119.0554305347712,5.4121768249940914,0.0],[119.0080672535212,5.437018133587884,0.0],[118.9836531910212,5.4376895203065487,0.0],[118.97071373789626,5.4295108093690629,0.0],[118.9731551441462,5.4207217468690487,14.0779],[118.97901451914626,5.4103457703065772,15.8243],[118.97632897227126,5.3967959656190629,8.8171],[118.9643660816462,5.3896548523378272,8.4908],[118.9481307300837,5.389715887494134,0.0],[118.9325057300837,5.3952700867128129,7.3767],[118.9216414722712,5.4042422546815772,0.0],[118.93921959727126,5.4140078796816056,0.0],[118.9355574878962,5.43518707890037,0.0],[118.91871178477126,5.4561221374940772,0.0],[118.8977156910212,5.4656436218690629,0.0],[118.8794051441462,5.4710147156190914,0.0],[118.8321639332087,5.5066592468690629,0.0],[118.8326522144587,5.4964053406191056,0.0],[118.8309432300837,5.4898135437440914,9.8612],[118.8266707691462,5.4848086609315487,7.0461],[118.8191024097712,5.4793154968690914,6.1852],[118.81287682383376,5.5035464539003414,6.5381],[118.79981530039626,5.5232608093690772,0.0],[118.78016198008376,5.5365054382753129,0.0],[118.7537947925837,5.5413882507753272,0.0],[118.7363387378962,5.5490786804627987,0.0],[118.7170516285212,5.5670230164003129,0.0],[118.6701766285212,5.6242739929628414,0.0],[118.6508895191462,5.6375796570252987,0.0],[118.62891686289626,5.637762762494134,1.7953],[118.60279381602126,5.6199404968690487,10.6756],[118.5988875660212,5.6091983093690772,8.6059],[118.6003524097712,5.5825259460878556,10.9324],[118.59571373789626,5.5724551453065629,12.5074],[118.58826744883376,5.56384918827537,1.5698],[118.5820418628962,5.5525576843690914,6.7133],[118.57215416758376,5.5271060242128556,5.2099],[118.5653182300837,5.5271060242128556,9.443],[118.55860436289626,5.54810211796287,0.0],[118.5619002613337,5.5691592468690914,1.6411],[118.5686141285212,5.5907046570253414,6.6006],[118.57837975352126,5.6475283874940772,7.1004],[118.58143151133376,5.6511294617127987,5.4742],[118.5885115894587,5.6548526062440629,4.9047],[118.59571373789626,5.6605899109315772,2.6695],[118.5994979175837,5.670477606244134,0.0],[118.5937606128962,5.6832949890565772,0.0],[118.57911217539626,5.69287750858787,0.0],[118.56177819102126,5.7009341492128272,0.0],[118.5479842457087,5.7092959656190487,0.0],[118.51295006602126,5.7379214539003129,0.0],[118.41053307383376,5.79730866093162,0.0],[118.3905135425837,5.80206940311912,0.0],[118.38428795664626,5.80512116093162,0.0],[118.3752547535212,5.81104157108787,0.0],[118.36512291758376,5.8150088562440914,9.8835],[118.35645592539626,5.8120181335878129,13.4958],[118.34546959727126,5.7996279968690629,0.1123],[118.3405867847712,5.7954776062441056,0.0],[118.3357039722712,5.7970645203065772,0.0],[118.28357994883376,5.8244693054628556,0.0],[118.2619735035212,5.8291079773378272,16.9928],[118.2207137378962,5.8107974304628272,10.3278],[118.1761580738337,5.8063418640566056,7.6592],[118.16065514414626,5.7945620789002987,11.6007],[118.1591903003962,5.7840029968690772,7.2127],[118.16712487070876,5.7655703796815487,1.9534],[118.1643172535212,5.7573916687440772,12.5726],[118.15796959727126,5.75018952030662,0.0],[118.15369713633376,5.7432925476503414,0.0],[118.1469832691462,5.72577545780662,6.0931],[118.1513778003962,5.7152774109316056,14.3835],[118.1512557300837,5.7063052429628556,12.9606],[118.14356530039626,5.6953189148378414,0.0],[118.1337996753962,5.6908023132752987,0.0],[118.12659752695876,5.6947695984316056,0.0],[118.11622155039626,5.7092959656190487,0.0],[118.1064559253962,5.7137515320253556,0.0],[118.0959578785212,5.711676336712884,0.0],[118.0864363941462,5.7075869812440487,0.0],[118.07874596445876,5.7058779968690629,0.0],[118.06946862070876,5.7092349304628272,0.0],[118.06251061289626,5.717779852337884,5.9517],[118.0544539722712,5.7195498718690914,0.962],[118.0376082691462,5.7154605164003556,0.0],[117.9978133472712,5.6970889343690487,0.0],[117.9825545582087,5.69220612186912,0.0],[117.9704695972712,5.6897647156190629,0.0],[117.9646102222712,5.6873843445253129,0.0],[117.9602156910212,5.6883609070253414,0.0],[117.9519149097712,5.6953189148378414,0.0],[117.9218856128962,5.7729556335878414,0.0],[117.9176131519587,5.780340887494134,0.0],[117.90821373789626,5.7858340515565914,0.0],[117.9101668628962,5.7980410828065914,7.8639],[117.92090905039626,5.810187078900384,15.3804],[117.9377547535212,5.8157412781190629,52.1288],[117.9998885425837,5.810187078900384,0.0],[118.0166121753962,5.8157412781190629,2.3012],[118.0352889332087,5.8089663757753129,165.7915],[118.0587264332087,5.810187078900384,3.2561],[118.08094323008376,5.8165957703065629,26.7342],[118.09571373789626,5.8253237976503556,0.0],[118.1250106128962,5.8650576843690772,0.0],[118.1242781910212,5.87158844608787,0.0],[118.1189070972712,5.8765322937441056,0.0],[118.0770369800837,5.9327456726502987,0.0],[118.0719100269587,5.95600006718162,0.0],[118.07349694102126,5.976507879681634,0.0],[118.07081139414626,5.9885928406191056,0.0],[118.05347740977126,5.9975650085878556,0.0],[118.0522567066462,6.00653717655662,0.0],[118.05298912852126,6.0175235046815487,0.0],[118.05079186289626,6.0274111999941056,0.0],[118.0166121753962,6.06214020390037,0.0],[118.00232994883376,6.0658023132753129,0.0],[117.99537194102126,6.0628726257753414,0.0],[117.9912215503962,6.0579287781191056,6.761],[117.9735213550837,6.0489566101503556,3.4512],[117.94092858164626,6.0068423523377987,13.9367],[117.91382897227126,5.9876162781190772,6.7356],[117.89991295664626,5.97516510624412,0.0],[117.89380944102126,5.9625308289003272,0.0],[117.8839217457087,5.955816961712884,0.0],[117.8364363941462,5.9467227234316056,0.0],[117.8186141285212,5.94550202030662,0.0],[117.8042098316462,5.94769928593162,0.0],[117.7924910816462,5.9511782898378272,0.0],[117.7819930347712,5.9518496765565772,0.0],[117.7714949878962,5.94550202030662,0.0],[117.78003990977126,5.9206607117128272,7.2329],[117.7741805347712,5.9091861023377987,6.25],[117.7563582691462,5.90735504765037,0.0],[117.70679772227126,5.91278717655662,0.0],[117.6399031910212,5.9044253601502987,0.0],[117.56910240977126,5.9040591492128129,0.0],[117.54371178477126,5.8976504578065487,0.0],[117.4863387378962,5.8729922546815914,12.9144],[117.4685164722712,5.869696356244134,8.3421],[117.49268639414626,5.8958804382753414,14.4406],[117.6193953785212,5.9386050476503414,10.0205],[117.65455162852126,5.9598452820253129,6.6218],[117.66883385508376,5.9738833679628272,11.4334],[117.6746932300837,5.9901187195253556,11.8647],[117.6681014332087,6.0145938171815772,0.0],[117.6539412769587,6.0210025085878414,0.0],[117.63965905039626,6.02466461796287,0.0],[117.63306725352126,6.0410220398378272,0.0],[117.6359969410212,6.05316803593162,8.1866],[117.6433211597712,6.0575015320253129,7.1196],[117.6525985035212,6.0604922546815914,8.2787],[117.6608992847712,6.0689761414003414,0.0],[117.66541588633376,6.0810611023378129,0.0],[117.6650496753962,6.0893618835878272,0.0],[117.6624861988337,6.0969302429628556,0.0],[117.6608992847712,6.1068179382753272,0.0],[117.6577254566462,6.11249420780662,0.0],[117.64307701914626,6.1187197937440629,0.0],[117.62696373789626,6.1577212585877987,0.0],[117.6054793628962,6.1829898132752987,0.0],[117.6001082691462,6.1989810242128556,9.3268],[117.60914147227126,6.216070867962884,0.0],[117.6380721363337,6.2417666687440772,12.4527],[117.6561385425837,6.2539736999940772,0.0],[117.6746932300837,6.2601382507752987,9.1749],[117.7077742847712,6.2540347351502987,11.9871],[117.72291100352126,6.2558657898378129,0.0],[117.7292586597712,6.2706973328066056,0.0],[117.73865807383376,6.3368594421815914,0.0],[117.7284041675837,6.3635318054628129,0.0],[117.73292076914626,6.3728091492128414,0.0],[117.73987877695876,6.38172028202537,0.0],[117.7436629566462,6.3911196960878414,0.0],[117.74170983164626,6.3979556335878129,0.0],[117.73255455820876,6.4153506531190914,9.6187],[117.7292586597712,6.42462799686912,6.8786],[117.7279158863337,6.4359195007753129,3.7552],[117.7280379566462,6.4448916687440772,0.0],[117.72693932383376,6.4523379578065772,0.0],[117.72242272227126,6.459357000775384,0.0],[117.7160750660212,6.4641787781190914,0.0],[117.7104598316462,6.4649111999940629,0.0],[117.7056990894587,6.4611880554628129,0.0],[117.7019149097712,6.4525210632753272,3.4813],[117.69507897227126,6.4525210632753272,5.6932],[117.68506920664626,6.47431061405662,0.0],[117.67457115977126,6.4901797546815629,0.0],[117.6504012378962,6.5177676453065914,0.0],[117.6406356128962,6.5228945984315629,0.0],[117.63001549570876,6.5210635437440487,0.0],[117.61609948008376,6.5140445007753272,0.0],[117.6031600269587,6.5158755554628556,0.0],[117.59351647227126,6.5208194031190914,0.0],[117.5783797535212,6.53449127811912,0.0],[117.5744735035212,6.5362002624941056,0.0],[117.5615340503962,6.539557196087884,0.0],[117.5578719410212,6.5413272156190914,0.0],[117.55726158945876,6.5459658874940629,0.0],[117.5582381519587,6.5523745789003272,0.0],[117.56080162852126,6.5568911804628556,0.0],[117.5648299488337,6.5555484070253556,0.0],[117.54163658945876,6.57874176640037,0.0],[117.5374861988337,6.57941315311912,0.0],[117.5368758472712,6.6069400085878414,0.0],[117.5335799488337,6.6222598328065629,0.0],[117.5251570972712,6.62213776249412,0.0],[117.5095320972712,6.6033389343691056,8.7198],[117.4856063160212,6.5636050476502987,8.5392],[117.4746199878962,6.55261871952537,23.4101],[117.45826256602126,6.5487735046815914,10.0851],[117.44214928477126,6.5542056335878414,8.7797],[117.4245711597712,6.5667178406191056,0.0],[117.3996688160212,6.5897280945252987,0.0],[117.37806237070876,6.6146304382753129,0.0],[117.36463463633376,6.6263491882752987,0.0],[117.3491317066462,6.63129303593162,0.0],[117.30884850352126,6.62995026249412,0.0],[117.2957869800837,6.6375186218690629,0.0],[117.28431237070876,6.6586367859315914,0.0],[117.2801619800837,6.6747500671815914,0.0],[117.27735436289626,6.7368838562440487,6.3028],[117.2718611988337,6.7549502624940914,0.0],[117.2358504566462,6.8019473328065772,5.829],[117.23023522227126,6.8187320007753272,0.0],[117.2282820972712,6.839300848431634,13.9083],[117.2326766285212,6.8566958679628272,10.5714],[117.24634850352126,6.86408112186912,14.5707],[117.25074303477126,6.8739688171815914,0.0],[117.2570906910212,6.9220034851503129,0.0],[117.2563582691462,6.9391543640565487,0.0],[117.2523299488337,6.946966864056634,0.0],[117.2465926441462,6.9516665710878129,0.0],[117.1948348316462,6.9830386414003129,0.0],[117.19141686289626,6.9869448914003129,0.0],[117.1833602222712,6.9890811218690914,0.0],[117.15784752695876,6.99988434452537,9.9087],[117.15015709727126,7.0043399109315914,18.0451],[117.14356530039626,7.004950262494134,18.0649],[117.1285506519587,6.9918277039003272,0.0],[117.1197615894587,6.9869448914003129,12.838],[117.11207115977126,6.98853180546287,6.1325],[117.1007186207087,6.992743231244134,5.3091],[117.08863365977126,6.9958560242128414,0.0],[117.07813561289626,6.99378082890037,0.0],[117.07422936289626,6.9868838562440914,0.0],[117.07239830820876,6.97547028202537,9.1333],[117.0743514332087,6.9649722351503556,8.2837],[117.0819197925837,6.9602725281190914,14.8763],[117.0857039722712,6.95697662968162,9.9669],[117.0831404957087,6.9497134460878556,2.9366],[117.07642662852126,6.9424502624940914,0.0],[117.0680037769587,6.9391543640565487,0.0],[117.0556746753962,6.9415957703066056,0.0],[117.04639733164626,6.9450137390565914,6.0734],[117.03846276133376,6.9437930359316056,9.8943],[117.0302840503962,6.9323184265565772,13.7391],[117.0291854175837,6.9111392273378129,0.0],[117.0516463550837,6.8673770203065772,0.0],[117.0577498707087,6.8467471374940487,7.5011],[117.05237877695876,6.8319155945253414,7.9468],[117.0161238941462,6.7951113953066056,0.0],[117.0024520191462,6.7678897156190629,11.2753],[116.9954940113337,6.7622744812440772,0.0],[116.9889022144587,6.7603823914003414,0.0],[116.98389733164626,6.7561709656190772,0.0],[116.98011315195876,6.7215640320253272,0.0],[116.9736434253962,6.7092349304628129,0.0],[116.9410506519587,6.6859195007753556,0.0],[116.8964949878962,6.6432559265565772,31.4195],[116.8829451832087,6.6375186218690629,0.0],[116.87281334727126,6.629584051556634,0.0],[116.8608504566462,6.6117617859315487,15.1444],[116.84534752695876,6.5932070984315914,0.0],[116.8242293628962,6.5828921570253272,0.0],[116.7837020191462,6.5927798523377987,0.0],[116.7783309253962,6.6276919617127987,0.0],[116.7924910816462,6.6709048523378129,0.0],[116.8105574878962,6.7058169617128272,0.0],[116.8437606128962,6.7534854187440629,0.0],[116.85450280039626,6.7796695007753556,4.0333],[116.85840905039626,6.8190371765565914,4.5367],[116.8521834644587,6.83966705936912,0.0],[116.8380233082087,6.84863922733787,15.842],[116.8220320972712,6.85407135624412,22.7352],[116.8105574878962,6.86408112186912,0.0],[116.8110457691462,6.8700625671815914,0.0],[116.81739342539626,6.9013125671815629,4.5899],[116.82227623789626,6.9053408874940914,35.7186],[116.8330184253962,6.9019839539003129,4.5047],[116.8516951832087,6.89136383671287,5.1542],[116.8380233082087,6.9633853210877987,0.0],[116.83179772227126,6.9744937195253414,0.0],[116.79078209727126,7.00122711796287,0.0],[116.78040612070876,7.0239932312441056,0.0],[116.7771102222712,7.0278994812440914,0.0],[116.7657576832087,7.0262515320253272,0.0],[116.7547713550837,7.0199649109315772,5.6531],[116.74634850352126,7.0116641296815772,10.5356],[116.7408553394587,6.9995791687441056,82.6327],[116.7299910816462,6.9836489929628414,47.0795],[116.72596276133376,6.9801699890565487,52.5727],[116.7187606128962,6.976629949994134,0.0],[116.71631920664626,6.9679629578065487,0.0],[116.7150985035212,6.9459903015566056,13.05],[116.7055770191462,6.9065615906190629,3.0978],[116.6973983082087,6.8908145203065629,24.3432],[116.6690779957087,6.87763092655662,0.0],[116.66566002695876,6.8607852234315629,9.7042],[116.6672469410212,6.8224551453065772,0.0],[116.66309655039626,6.8122622742128414,123.5135],[116.65088951914626,6.7956607117128272,13.8497],[116.6467391285212,6.7877261414003129,97.4269],[116.64527428477126,6.7775332703065772,104.4075],[116.6467391285212,6.7436587585877987,71.4771],[116.64478600352126,6.7181460632753414,0.0],[116.6389266285212,6.700445867962884,2.5639],[116.6284285816462,6.6865298523377987,7.5188],[116.6132918628962,6.6722476257753272,0.0],[116.5514022144587,6.5895449890565487,8.6328],[116.5338240894587,6.5760562195253556,0.0],[116.52051842539626,6.5699527039003556,0.0],[116.5129500660212,6.5548770203065914,0.0],[116.50965416758376,6.53583405155662,148.1118],[116.5090438160212,6.5177676453065914,0.5],[116.50306237070876,6.49634430546287,15.3927],[116.4880477222712,6.4854190124940629,1.8584],[116.4693709644587,6.476996160931634,0.0],[116.45130455820876,6.4630801453065487,0.0],[116.4362899097712,6.448004461712884,0.0],[116.34754479258376,6.3808047546815772,7.0081],[116.33826744883376,6.3700015320252987,0.0],[116.33301842539626,6.3617617859316056,45.1978],[116.3303328785212,6.3554751648378556,30.7003],[116.32178795664626,6.323553778119134,6.7424],[116.3219100269587,6.3179385437440487,38.5292],[116.3198348316462,6.3145205749940629,33.7747],[116.31043541758376,6.3085391296815914,21.3714],[116.29029381602126,6.309820867962884,105.1342],[116.2830916675837,6.3085391296815914,0.0],[116.27894127695876,6.3051211609316056,60.8839],[116.2630721363337,6.2880923523378129,13.8164],[116.2359725269587,6.2737490906191056,169.4885],[116.2359725269587,6.2675845398377987,17.3924],[116.26124108164626,6.27051422733787,78.946],[116.28028405039626,6.2797915710877987,19.6346],[116.29249108164626,6.2769229187440487,61.5023],[116.2967635425837,6.2436587585878129,15.3086],[116.2913924488337,6.2337710632753414,14.2328],[116.2788192066462,6.23609039921287,0.5],[116.2639266285212,6.2431094421815914,0.5],[116.25196373789626,6.2471377624941056,0.5],[116.2352401050837,6.2446963562440487,4.5374],[116.22242272227126,6.2383486999940914,3.4062],[116.2011824878962,6.2191836609315914,7.1157],[116.15381920664626,6.14844391483787,8.7249],[116.1362410816462,6.1372744812441056,1.1898],[116.1057235035212,6.1276919617128129,0.0],[116.09583580820876,6.1089541687441056,148.7404],[116.1036483082087,6.0959536804628272,141.6832],[116.12598717539626,6.1037051453066056,48.8248],[116.14173424570876,6.0742861999940629,48.9738],[116.1275740894587,6.03095123905662,4.8585],[116.06629479258376,5.9318301453065914,4.3381],[116.06019127695876,5.9124820007753414,3.629],[116.05713951914626,5.8662783874940487,8.0138],[116.0507918628962,5.8434512390566056,12.1943],[116.03492272227126,5.8261782898378556,5.3397],[115.94507897227126,5.77594635624412,0.0],[115.9305526050837,5.7642276062440487,0.0],[115.9196883472712,5.74799225468162,0.6293],[115.9139510425837,5.7285830749940629,3.5458],[115.90626061289626,5.6847598328066056,5.11],[115.89405358164626,5.6444766296815772,5.0101],[115.8742781910212,5.6005313171815914,0.0],[115.8483992847712,5.5611636414003556,0.4783],[115.8176375660212,5.5345523132753556,3.302],[115.79114830820876,5.5260684265566056,12.4723],[115.7622176441462,5.5242984070253129,4.8948],[115.67396080820876,5.5305850281190487,7.7935],[115.6532088550837,5.5398013367128556,10.6662],[115.61890709727126,5.56928131718162,0.0],[115.61414635508376,5.558417059369134,9.7696],[115.60987389414626,5.53131744999412,11.5039],[115.6047469410212,5.5208804382753272,0.0],[115.5842391285212,5.54962799686912,9.687],[115.6186629566462,5.6140811218691056,22.7224],[115.6047469410212,5.6369693054628556,0.0],[115.58497155039626,5.6173159851503414,0.0],[115.55005944102126,5.5413882507753272,13.173],[115.47938073008376,5.4909121765565487,0.0],[115.4680281910212,5.4758975281191056,0.0],[115.45630944102126,5.45551178593162,21.966],[115.4041854175837,5.4251162781190629,0.0],[115.39234459727126,5.4144351257753129,0.0],[115.38929283945876,5.40686676640037,5.1116],[115.38221276133376,5.3964907898377987,7.8192],[115.3750106128962,5.38312409061912,19.3727],[115.3685408863337,5.3505313171815487,48.5178],[115.36255944102126,5.3350894226503129,0.0],[115.3593856128962,5.3208682312440487,0.0],[115.3650008472712,5.3086001648378272,13.3985],[115.3846541675837,5.325628973431634,11.1949],[115.3890486988337,5.3278262390565487,13.9476],[115.39966881602126,5.3253848328065772,8.8087],[115.40015709727126,5.31903717655662,9.7897],[115.39795983164626,5.31055328983787,19.4477],[115.40052330820876,5.3011538757753272,14.5184],[115.4896346363337,5.2241275085878556,1.5],[115.5236922535212,5.21002838749412,14.0336],[115.56055748789626,5.2090518249940914,12.8683],[115.59852135508376,5.22662994999412,11.1343],[115.60499108164626,5.2133242859315772,4.7549],[115.6012069019587,5.2057559265565487,10.5333],[115.59241783945876,5.199835516400384,6.9012],[115.58411705820876,5.1912905945253272,0.0],[115.5733748707087,5.1709048523378414,3.3795],[115.57105553477126,5.1612612976503414,0.0],[115.56971276133376,5.1248843445252987,11.0419],[115.56275475352126,5.0843570007752987,16.3746],[115.5567733082087,5.0684268249940487,12.9329],[115.5473738941462,5.0570132507753272,17.8896],[115.5316268238337,5.0457827820253414,16.8347],[115.5123397144587,5.0371157898378556,0.0],[115.49207604258376,5.0336367859315629,0.0],[115.47950280039626,5.0271670593690772,0.0],[115.44764244883376,4.9864566101503414,0.0],[115.4077254566462,4.9515445007753272,10.4934],[115.4033309253962,4.9455630554628556,0.0],[115.37012780039626,4.912115789837884,0.0],[115.3581649097712,4.9039370789003129,0.0],[115.34205162852126,4.9010073914003414,0.0],[115.3215438160212,4.9013736023378272,0.0],[115.30372155039626,4.9072940124940772,0.0],[115.2929793628962,4.92688629765037,0.0],[115.28504479258376,4.9324404968690487,0.0],[115.2751570972712,4.9364688171815772,0.0],[115.2655135425837,4.9381167664003556,0.0],[115.2437850269587,4.9365908874941056,0.0],[115.2385360035212,4.9385440124940487,2.4322],[115.23536217539626,4.9455630554628556,0.4997],[115.2241317066462,4.9594790710878556,17.342],[115.21045983164626,4.960943914837884,17.5058],[115.19874108164626,4.95197174686912,10.6799],[115.1893416675837,4.9186465515565914,6.3507999999999996],[115.1781111988337,4.9112002624940772,9.3659],[115.16260826914626,4.9091861023378129,9.2972],[115.1344100269587,4.9099795593690914,0.0],[115.12501061289626,4.9088809265565487,0.0],[115.11841881602126,4.9049136414003414,0.0],[115.11634362070876,4.8972842468690914,17.5161],[115.1220809253962,4.8805606140565487,17.5158],[115.13074791758376,4.8649356140565629,16.3654],[115.1301375660212,4.8532168640565772,15.0897],[115.10840905039626,4.8487002624940487,1.9217],[115.0859481128962,4.8367984070253129,14.3468],[115.06617272227126,4.8147647156190629,14.7083],[115.04786217539626,4.8030459656190772,13.1268],[115.0293074878962,4.8220278992128272,0.0],[115.02344811289626,4.8582827820253414,2.8918],[115.0223494800837,4.89704010624412,0.0],[115.01563561289626,4.917547918744134,1.2342],[115.0097762378962,4.9083316101503272,0.0],[115.0018416675837,4.9011904968690772,0.0],[114.99244225352126,4.8953921570253556,16.4939],[114.9814559253962,4.89026520390037,0.0],[114.99158776133376,4.9061343445253129,89.1671],[115.0227156910212,4.9348819031191056,0.0],[115.0293074878962,4.9486148132753556,1.7715],[115.0323592457087,4.96063873905662,16.8999],[115.0488387378962,5.00031159061912,0.0],[115.0572615894587,5.0138003601503129,9.6865],[115.08838951914626,5.02777741093162,0.0],[115.1030379566462,5.0380313171815772,0.0],[115.10157311289626,5.0510928406190629,0.0],[115.08277428477126,5.0584170593690487,0.0],[115.05750573008376,5.05524323124412,0.0],[114.9282332691462,5.0017764343690629,0.0],[114.7224227222712,4.87720368046287,0.0],[114.6015731128962,4.7811343445253414,0.0],[114.5655623707087,4.7445742859315629,1.0746],[114.55005944102126,4.7155825867128129,6.6146],[114.52906334727126,4.6950137390565914,14.7073],[114.3955184253962,4.6469180359315629,5.3153],[114.32642662852126,4.6080996765565629,4.2299],[114.2515975269587,4.5938174499940772,5.4137],[113.99854576914626,4.6023013367128272,0.0],[113.9755965503962,4.5958926453065629,3.4546],[113.96924889414626,4.57965729374412,2.5563],[113.9917098316462,4.4856021179628556,0.0],[113.9920760425837,4.4382998718691056,0.0],[113.9817000660212,4.3959414734315914,7.3532],[113.9604598316462,4.3626773132753556,0.0],[113.96753990977126,4.3233706726503414,4.6904],[113.94654381602126,4.2749697937440487,16.417],[113.7365828785212,4.0024478210878272,0.6426],[113.4943953785212,3.793524481244106,0.8287],[113.45301354258376,3.7699038757752992,0.8487],[113.4340926441462,3.75433991093162,2.8368],[113.42603600352126,3.7357852234315629,2.9268],[113.4228621753962,3.7124087585878129,0.0],[113.41480553477126,3.689886785931634,4.3374],[113.3913680347712,3.6494815124940772,9.005],[113.3435164722712,3.5957095398378409,0.0],[113.33668053477126,3.5850283874940909,9.5965],[113.3313094410212,3.57868073124412,11.4907],[113.30787194102126,3.5604922546815629,0.0],[113.3025008472712,3.5504824890565629,11.4338],[113.30103600352126,3.528876043744106,4.783],[113.29883873789626,3.5207583679628409,0.0],[113.29566490977126,3.512945867962856,0.0],[113.27735436289626,3.4853579773378272,4.4523],[113.1994735035212,3.416754461712884,38.3797],[113.1660262378962,3.3641421570253272,48.8749],[113.1619979175837,3.3546817078065492,50.8778],[113.1512557300837,3.348944403119134,0.0],[113.1032820972712,3.306891180462884,0.0],[113.0766707691462,3.2890078796815909,0.0],[113.06910240977126,3.2802188171815772,34.8507],[113.08216393320876,3.2580020203065772,6.7663],[113.0609236988337,3.219794012494106,34.6712],[113.0077010425837,3.1629092468690629,0.0],[112.9742537769587,3.1453921570253409,0.0],[112.80042565195876,3.09125397343162,0.0],[112.7885848316462,3.0914981140565772,0.0],[112.72718346445876,3.067328192181634,3.6527],[112.0134383472712,2.8870913757752992,10.1876],[111.86048424570876,2.8817813171815772,0.0],[111.6694442066462,2.844244696087856,0.0],[111.63868248789626,2.8294131531190629,5.3816],[111.52967369883376,2.7619082703065772,0.0],[111.45777428477126,2.7067935242128409,8.0258],[111.44678795664626,2.69586823124412,1.989],[111.44019615977126,2.6813418640565909,4.2632],[111.43506920664626,2.6420962585877992,10.1204],[111.41749108164626,2.5806948914003129,2.642],[111.4170028003962,2.55634186405662,7.5393],[111.42274010508376,2.5408389343690772,3.8403],[111.43287194102126,2.5299746765565772,3.6134],[111.44544518320876,2.519232489056606,15.8493],[111.46155846445876,2.50922272343162,9.3402],[111.4992781910212,2.5000064148378129,0.0],[111.5211287769587,2.491949774212856,9.1187],[111.5153914722712,2.488714910931606,7.9517],[111.51392662852126,2.4881045593690772,0.0],[111.5124617847712,2.4894473328065772,2.4554],[111.5068465503962,2.491949774212856,0.0],[111.4870711597712,2.475165106244106,8.7599],[111.46326744883376,2.47614166874412,0.0],[111.43543541758376,2.4833438171815772,5.6982],[111.40442955820876,2.4851138367127992,3.7637],[111.4121199878962,2.4704653992128272,4.051],[111.42408287852126,2.4284121765565772,3.4434],[111.43238365977126,2.4162051453065772,4.5245],[111.4649764332087,2.385992742962856,7.6349],[111.4849959644587,2.365301824994106,6.1639],[111.4931746753962,2.34729645390037,0.0],[111.47339928477126,2.358526922650356,2.9469],[111.4553328785212,2.3718325867128129,0.0],[111.44800865977126,2.373602606244106,0.0],[111.4143172535212,2.3684146179628272,0.0],[111.4050399097712,2.3655459656190629,0.0],[111.3736678394587,2.3441836609315629,0.0],[111.3653670582087,2.3419863953065629,0.0],[111.35828698008376,2.3460147156190772,0.0],[111.35181725352126,2.3518130554628129,0.0],[111.3462020191462,2.3548037781190909,0.0],[111.3379012378962,2.3612735046815772,0.0],[111.3127547535212,2.3919741882753272,6.3175],[111.3014022144587,2.401922918744106,10.4985],[111.2677108082087,2.4123599304627992,8.7361],[111.25452721445876,2.4204165710878409,1.1328],[111.24622643320876,2.43732330936912,0.0],[111.2207137378962,2.4172427429628272,16.5886],[111.20826256602126,2.39002106327537,8.1626],[111.19837487070876,2.32001373905662,10.9667],[111.1864119800837,2.2729556335878272,0.0],[111.18470299570876,2.2548281921815629,0.0],[111.19263756602126,2.24677155155662,7.8543],[111.21045983164626,2.243353582806634,0.0],[111.2293807300837,2.2363955749940492,0.0],[111.2400008472712,2.21759674686912,0.0],[111.2198592457087,2.2216250671815492,3.5288],[111.19996178477126,2.212042547650356,0.0],[111.18470299570876,2.195929266400356,0.0],[111.1784774097712,2.179999090619106,11.6572],[111.1793319019587,2.1570498718690492,14.8873],[111.1845809253962,2.1463076843690772,6.7118],[111.19874108164626,2.1444766296815629,10.5816],[111.2703963550837,2.15503571171287,7.1589],[111.29114830820876,2.1516177429627992,9.4965],[111.3184920582087,2.134039617962856,5.4358],[111.3288680347712,2.1298892273378129,5.3898],[111.3383895191462,2.1320254578065909,0.0],[111.3466903003962,2.1569888367128272,0.0],[111.3567000660212,2.16742584843162,2.8611],[111.3684188160212,2.1712100281190909,2.911],[111.37781823008376,2.1629702820252992,8.3454],[111.37476647227126,2.15521881718162,0.0],[111.3562117847712,2.1292178406190629,0.0],[111.3498641285212,2.122015692181606,0.0],[111.3361922535212,2.1132876648377992,0.0],[111.3278914722712,2.1115786804628129,0.0],[111.2913924488337,2.118780828900356,0.0],[111.27149498789626,2.125860907025384,9.7223],[111.2537947925837,2.1273257507753272,7.6289],[111.2400008472712,2.1145694031190909,8.4351],[111.2417098316462,2.090643621869106,6.3553],[111.2677108082087,2.06873200077537,0.5],[111.2430526050837,2.06671784061912,10.5368],[111.2232772144587,2.07330963749412,8.5452],[111.2111922535212,2.0751406921815492,17.3615],[111.2058211597712,2.070135809369106,15.0603],[111.20386803477126,2.0468203796815629,9.7249],[111.17518151133376,1.9543521179628409,8.8393],[111.14380944102126,1.889227606244106,4.9259],[111.12147057383376,1.8550479187440629,3.4567],[111.1130477222712,1.836676336712856,4.7099],[111.1096297535212,1.816656805462856,6.968],[111.11329186289626,1.808356024212856,2.3712],[111.1283065113337,1.7987735046815629,0.0],[111.1301375660212,1.793036199994049,1.4081],[111.1230574878962,1.786993719525356,7.8628],[111.10071862070876,1.781500555462799,1.7324],[111.0959578785212,1.775641180462856,0.0],[111.0979110035212,1.7607486023378409,6.2586],[111.10279381602126,1.747259832806549,14.3075],[111.12586510508376,1.7078311218690909,3.6243],[111.1301375660212,1.703070379681606,5.9558],[111.1362410816462,1.7007510437440769,2.6082],[111.15430748789626,1.6972110046815629,3.5626],[111.15809166758376,1.6934268249940909,8.3208],[111.1601668628962,1.68897125858787,11.3261],[111.17164147227126,1.6726138367128269,2.3429],[111.17261803477126,1.6605899109315629,9.1973],[111.17603600352126,1.657965399212856,4.3359],[111.1823836597712,1.65845368046287,5.6201],[111.20228112070876,1.6531436218690629,2.44],[111.2110701832087,1.6536319031190629,10.6134],[111.21973717539626,1.6525943054628269,10.7945],[111.23755944102126,1.638922430462799,7.0643],[111.24708092539626,1.634527899212884,8.7414],[111.2673445972712,1.6285464539003129,0.0],[111.2456160816462,1.62250397343162,0.0],[111.22889244883376,1.6312320007753269,0.0],[111.2149764332087,1.6410586609315769,0.0],[111.2020369800837,1.63843414921287,4.2512],[111.1793319019587,1.628241278119049,4.1735],[111.1632186207087,1.6420962585878269,0.0],[111.1501570972712,1.6653506531190629,0.0],[111.1369735035212,1.683172918744049,0.0],[111.1174422535212,1.690008856244106,0.0],[111.09534752695876,1.6892153992128269,0.0],[111.0377303394587,1.6781680359315909,0.0],[111.0284529957087,1.66522858280662,8.2606],[111.0202742847712,1.6285464539003129,8.277],[111.0066024097712,1.593817449994049,8.7435],[111.0053817066462,1.585699774212884,13.5024],[111.0066024097712,1.55621979374412,16.0008],[111.0109969410212,1.544134832806549,14.3098],[111.0301619800837,1.5254580749940629,16.5567],[111.04822838633376,1.47772858280662,0.0],[111.06482994883376,1.4638736023378409,16.9075],[111.1090194019587,1.4462344421815909,17.2933],[111.1270858082087,1.4330508484315769,15.9428],[111.1413680347712,1.4180972351503409,3.359],[111.1578475269587,1.4072940124940629,10.5808],[111.17652428477126,1.401800848431606,10.0351],[111.19837487070876,1.402594305462884,0.0],[111.23438561289626,1.4191348328065769,12.0078],[111.24622643320876,1.4224917664003409,13.0921],[111.2608748707087,1.42108795780662,13.0116],[111.2887069019587,1.4112002624940629,9.6626],[111.3044539722712,1.4088198914003129,6.7681],[111.31165612070876,1.4025332703065769,6.9885],[111.3209334644587,1.374823309369106,9.621],[111.3254500660212,1.3684756531190629,9.606],[111.3389998707087,1.3659121765565769,9.9524],[111.3668319019587,1.3555972351503129,1.0],[111.3833113941462,1.3548648132753409,1.0],[111.34046471445876,1.334479071087856,1.0],[111.3010360035212,1.3532168640565629,1.0],[111.26502526133376,1.38294098515037,6.334],[111.2325545582087,1.3957583679628129,0.0],[111.2116805347712,1.3892886414003269,0.0],[111.1784774097712,1.3720156921815769,0.0],[111.15430748789626,1.3684756531190629,0.0],[111.1418563160212,1.372748114056549,5.8313],[111.08228600352126,1.402594305462884,0.0],[111.0438338550837,1.4281070007753409,0.0],[110.9677840503962,1.5044009460878409,0.0],[110.92457115977126,1.5323550476503409,0.0],[110.83948815195876,1.5671450867128269,0.0],[110.79322350352126,1.5736148132753129,7.5656],[110.7664901050837,1.552801824994049,2.0982],[110.76671359277188,1.547147586484996,3.5548],[110.76710045664626,1.537359930462799,0.0],[110.77198326914626,1.5191714539003269,7.4374],[110.77320397227126,1.4998233093690909,7.0767],[110.7633162769587,1.4808413757753269,4.6551],[110.7434188160212,1.4635684265565769,6.4226],[110.72486412852126,1.454352117962856,7.2577],[110.7042342457087,1.450567938275299,0.0],[110.6776229175837,1.449774481244106,6.8144],[110.6776229175837,1.4572818054628269,8.3939],[110.7153426441462,1.481756903119049,7.242],[110.7332869800837,1.4998233093690909,5.4467],[110.7390242847712,1.52484772343162,8.2631],[110.72657311289626,1.5486514343690909,4.1194],[110.71953921869644,1.5525890689211079,3.4064],[110.7010604175837,1.5629336609315629,0.0],[110.6434432300837,1.580145574994106,1.0289],[110.6024276050837,1.60266754765037,0.0],[110.58887780039626,1.60742828983787,0.0],[110.5772811207087,1.60639069218162,0.0],[110.56293159089066,1.599131518273595,0.0],[110.55652916758376,1.59589264530662,0.0],[110.54737389414626,1.593817449994049,0.0],[110.53614342539626,1.5980288757753129,0.0],[110.5328475269587,1.6065127624940629,0.0],[110.5301619800837,1.6173159851503409,0.0],[110.5205184253962,1.6285464539003129,0.0],[110.5062361988337,1.634222723431606,0.0],[110.4923201832087,1.632879949994106,5.0871],[110.46534264414626,1.6217105164003409,10.6276],[110.4712020191462,1.6331240906190629,0.0],[110.48890221445876,1.65149567265037,43.6497],[110.4926863941462,1.6592471374940629,0.0],[110.49333668002058,1.6668647720219381,0.0],[110.4943953785212,1.679266668744049,0.0],[110.49952233164626,1.694769598431606,0.0],[110.5083113941462,1.70880768436912,0.0],[110.5205184253962,1.7241275085878409,105.8106],[110.50770104258376,1.7421328796815629,77.9187],[110.49158776133376,1.74017975468162,0.0],[110.4735213550837,1.7301089539003129,0.0],[110.44620574394875,1.7208371915841809,0.1099],[110.4434920582087,1.7199160828065769,0.0],[110.4311629566462,1.7011172546815629,0.0],[110.42090905039626,1.6968447937440769,0.0],[110.39881432383376,1.698309637494106,0.0],[110.39002526133376,1.7002627624940629,0.0],[110.3828231128962,1.703070379681606,0.0],[110.3762313160212,1.7068545593690769,0.0],[110.37086022227126,1.7114321960878269,0.0],[110.3663436207087,1.71710846561912,0.0],[110.36292565195876,1.7241275085878409,0.0],[110.36207115977126,1.730658270306634,0.0],[110.3635360035212,1.7448184265565769,0.0],[110.36305346518836,1.7500298405521311,0.0],[110.36292565195876,1.7514102234315909,0.0],[110.3596297535212,1.7575137390565909,0.0],[110.3504744800837,1.7697207703065909,0.0],[110.34290612070876,1.7987124695253409,188.3124],[110.3291121753962,1.803717352337799,2.3283],[110.31324303477126,1.793768621869106,0.0],[110.3007918628962,1.7719180359315909,0.0],[110.29932701914626,1.762579657025356,0.0],[110.30030009827888,1.741577365745741,0.0],[110.3007918628962,1.7309634460878129,0.0],[110.30201256602126,1.726813055462856,0.0],[110.3070174488337,1.716742254681549,0.0],[110.30762780039626,1.710516668744106,0.0],[110.3051863941462,1.7044741882753269,0.0],[110.2955428394587,1.69269440311912,0.0],[110.29053795664626,1.6751162781190909,8.9286],[110.2838240894587,1.6773135437440909,0.0],[110.2598983082087,1.7038028015565769,9.139],[110.25403893320876,1.707403875775299,12.6754],[110.2481795582087,1.70642731327537,10.7761],[110.23878014414626,1.703070379681606,6.207],[110.2314559253962,1.6989199890565629,8.7572],[110.21607506602126,1.68591950077537,11.8721],[110.2115584644587,1.683172918744049,9.145],[110.2002059253962,1.6863467468690769,0.0],[110.18067467539626,1.699957586712799,3.9225],[110.1674910816462,1.703070379681606,4.2148],[110.1130607577762,1.7034606544703621,0.0]]]}}