{"type":"Feature","properties":{"GID_1":"IDN.26_1","GID_0":"IDN","country":"Indonesia","province":"SulawesiSelatan","VARNAME_1":"NA","NL_NAME_1":"NA","TYPE_1":"Propinisi","ENGTYPE_1":"Province","CC_1":"73","HASC_1":"ID.SE","ISO_1":"ID-SN","name":"Sulawesi_Selatan.province"},
"geometry":{"type": "MultiPolygon","coordinates": [[[[117.2025,-7.7585,0.0],[117.2037,-7.7589,0.0],[117.2011,-7.7566,0.0],[117.201,-7.7569,0.0],[117.2025,-7.7585,0.0]]],
[[[117.2562,-7.5901,0.0],[117.2551,-7.5888,0.0],[117.2537,-7.5899,0.0],[117.2543,-7.5912,0.0],[117.2562,-7.5901,0.0]]],
[[[117.4472,-7.5761,0.0],[117.4427,-7.5751,3.2951],[117.4412,-7.5829,8.2606],[117.4479,-7.589,3.2416],[117.4555,-7.5885,1.0758],[117.4532,-7.5833,0.0],[117.4472,-7.5761,0.0]]],
[[[121.2034,-7.5156,0.0],[121.2051,-7.5154,0.0],[121.2056,-7.5123,0.0],[121.2042,-7.5151,0.0],[121.2034,-7.5156,0.0]]],
[[[117.886,-7.5323,0.0],[117.882,-7.5324,0.0],[117.8819,-7.5326,0.0],[117.8855,-7.5337,0.0],[117.886,-7.5323,0.0]]],
[[[117.2923,-7.5253,2.8166],[117.2849,-7.5256,1.5907],[117.2823,-7.5275,4.1347],[117.2821,-7.5313,5.0087],[117.2803,-7.5308,0.0],[117.2794,-7.5329,0.0],[117.2822,-7.5378,3.8313],[117.2907,-7.5396,0.0],[117.3048,-7.5379,8.1092],[117.3138,-7.5385,0.9937],[117.3265,-7.5349,0.0],[117.3359,-7.528,0.0],[117.3109,-7.5292,0.9018],[117.2923,-7.5253,2.8166]]],
[[[117.276,-7.5333,0.0],[117.2746,-7.5309,0.4664],[117.2762,-7.5236,0.0],[117.2744,-7.5201,0.0],[117.2743,-7.5318,1.6628],[117.277,-7.5374,0.6354],[117.2775,-7.5348,3.2528],[117.276,-7.5333,0.0]]],
[[[117.4441,-7.5142,2.4745],[117.4433,-7.5119,0.0],[117.4399,-7.5121,0.8003],[117.4238,-7.5187,3.083],[117.4311,-7.5393,5.1114],[117.4337,-7.5397,0.0],[117.4333,-7.5366,0.0],[117.4381,-7.5342,6.9703],[117.4441,-7.5142,2.4745]]],
[[[117.1901,-7.4972,0.0],[117.1844,-7.4926,0.7639],[117.1796,-7.4929,0.0],[117.1805,-7.4934,4.6251],[117.1761,-7.4994,0.0],[117.1752,-7.5061,5.7242],[117.1802,-7.5083,0.0],[117.183,-7.5062,2.0716],[117.1811,-7.5053,5.1563],[117.1973,-7.5014,0.0],[117.1901,-7.4972,0.0]]],
[[[121.214,-7.4962,0.0],[121.2057,-7.4965,0.0],[121.2024,-7.4983,0.0],[121.2029,-7.4994,0.0],[121.2111,-7.4987,0.0],[121.2097,-7.4994,0.0],[121.2115,-7.4997,0.0],[121.2124,-7.5022,0.0],[121.2154,-7.5011,0.0],[121.2075,-7.5118,0.0],[121.2133,-7.5084,0.0],[121.2168,-7.5036,0.0],[121.2174,-7.4975,0.0],[121.214,-7.4962,0.0]]],
[[[117.483,-7.4811,1.2937],[117.4803,-7.4793,0.0],[117.478,-7.4809,2.8352],[117.4745,-7.489,0.0],[117.4761,-7.4936,7.7425],[117.4793,-7.4958,5.5923],[117.4812,-7.4951,5.1723],[117.4805,-7.4977,2.4292],[117.4825,-7.4988,1.4468],[117.4832,-7.4961,5.1101],[117.4817,-7.494,8.4937],[117.4835,-7.4932,3.0832],[117.4846,-7.4954,1.4297],[117.4834,-7.5024,0.0],[117.485,-7.4995,0.0],[117.4858,-7.4899,0.0],[117.4857,-7.485,0.0],[117.4841,-7.485,0.0],[117.4845,-7.4823,0.0],[117.483,-7.4811,1.2937]]],
[[[121.8041,-7.4839,0.0],[121.8038,-7.484,0.0],[121.8037,-7.4853,0.0],[121.8042,-7.4847,0.0],[121.8041,-7.4839,0.0]]],
[[[121.4236,-7.452,0.0],[121.42,-7.4497,0.0],[121.4154,-7.4504,0.0],[121.4129,-7.4572,0.0],[121.416,-7.4624,0.0],[121.4205,-7.4646,0.0],[121.4233,-7.4642,0.0],[121.4231,-7.4658,0.0],[121.4248,-7.4659,0.0],[121.428,-7.4638,0.0],[121.4285,-7.4596,0.0],[121.4236,-7.452,0.0]]],
[[[117.8742,-7.4491,0.5289],[117.8707,-7.442,0.0],[117.8664,-7.44,0.0],[117.8703,-7.4432,2.9947],[117.8694,-7.4457,4.0797],[117.872,-7.453,0.5807],[117.8778,-7.4606,1.0478],[117.8781,-7.456,1.5648],[117.8766,-7.4555,2.8835],[117.8768,-7.4587,2.2153],[117.8742,-7.4491,0.5289]]],
[[[121.8024,-7.4903,0.0548],[121.8019,-7.4916,0.0],[121.8031,-7.49,0.0],[121.803,-7.4863,0.0],[121.8022,-7.4867,0.0],[121.8024,-7.4903,0.0548]]],
[[[121.8,-7.4741,2.242],[121.7976,-7.4722,6.0568],[121.7923,-7.4724,2.1399],[121.7917,-7.4748,46.9379],[121.7866,-7.4775,4.7557],[121.7796,-7.476,0.0],[121.7716,-7.4805,6.0173],[121.7563,-7.4858,12.7604],[121.747,-7.484,2.503],[121.7391,-7.4861,0.0],[121.734,-7.4904,14.5127],[121.7237,-7.4888,5.386],[121.7234,-7.4919,9.1772],[121.7259,-7.4939,1.0844],[121.7349,-7.4927,16.8963],[121.7387,-7.4945,8.857],[121.7532,-7.4953,2.2336],[121.7723,-7.4889,5.3143],[121.7797,-7.4878,19.5377],[121.7835,-7.4891,7.5487],[121.7905,-7.4867,0.0],[121.7974,-7.4883,0.0],[121.8005,-7.4874,2.039],[121.8034,-7.4811,0.0],[121.8,-7.4741,2.242]]],
[[[117.7949,-7.4331,1.2103],[117.7906,-7.4321,0.8635],[117.7887,-7.4372,1.653],[117.7938,-7.4346,0.7481],[117.796,-7.4353,0.0],[117.7961,-7.4337,1.2103],[117.7949,-7.4331,1.2103]]],
[[[117.5878,-7.404,1.6406],[117.5928,-7.4049,0.0],[117.594,-7.4036,2.578],[117.5855,-7.3984,1.9506],[117.5863,-7.403,0.0],[117.5878,-7.404,1.6406]]],
[[[121.7819,-7.423,0.0],[121.7821,-7.4213,3.9729],[121.7893,-7.418,0.0],[121.802,-7.4068,0.9605],[121.8225,-7.3978,30.9208],[121.8295,-7.3842,12.1219],[121.8397,-7.3718,5.5356],[121.8382,-7.3702,4.0685],[121.8396,-7.3494,5.5621],[121.8275,-7.3331,10.3855],[121.8165,-7.3302,5.0986],[121.7906,-7.3349,14.0764],[121.7854,-7.334,2.4085],[121.7806,-7.3388,12.2471],[121.7723,-7.3395,0.0],[121.7698,-7.3446,25.5718],[121.7639,-7.3464,28.9806],[121.7592,-7.3447,10.8642],[121.7542,-7.3521,23.3217],[121.7538,-7.3761,36.5496],[121.7499,-7.3797,40.8781],[121.7468,-7.3791,5.6324],[121.745,-7.3845,0.0],[121.7446,-7.3974,0.0],[121.746,-7.3987,26.1125],[121.7444,-7.4077,0.0],[121.7457,-7.4136,18.6846],[121.7548,-7.423,0.0],[121.7591,-7.4218,10.6603],[121.7708,-7.4242,35.0321],[121.7742,-7.4224,8.5275],[121.7819,-7.423,0.0]]],
[[[117.535,-7.3461,11.0269],[117.5343,-7.3419,5.15],[117.5318,-7.3398,1.5071],[117.5334,-7.3421,5.15],[117.5318,-7.3449,5.3424],[117.5346,-7.3517,0.0],[117.535,-7.3461,11.0269]]],
[[[121.1022,-7.3118,0.7273],[121.1027,-7.3115,0.7273],[121.1026,-7.3109,0.0],[121.1024,-7.3108,0.0],[121.1022,-7.3118,0.7273]]],
[[[121.1006,-7.3058,0.0],[121.0976,-7.3028,0.0],[121.0963,-7.303,0.0],[121.0993,-7.3046,0.0],[121.1024,-7.3102,0.0],[121.1022,-7.3084,0.8227],[121.1006,-7.3058,0.0]]],
[[[118.1135,-7.3004,0.3738],[118.1104,-7.2966,2.1301],[118.1078,-7.2987,3.5068],[118.1086,-7.3003,5.5421],[118.1063,-7.3028,2.0453],[118.1053,-7.301,0.8979],[118.1037,-7.302,3.7571],[118.1047,-7.3037,2.3343],[118.1031,-7.3054,0.0],[118.1057,-7.3081,0.0],[118.1112,-7.3091,0.6427],[118.1139,-7.3058,0.7599],[118.1135,-7.3004,0.3738]]],
[[[121.05,-7.3704,0.0],[121.05,-7.3706,0.0],[121.0501,-7.3706,0.0],[121.0502,-7.3705,0.0],[121.05,-7.3704,0.0]]],
[[[121.0488,-7.3696,0.0],[121.05,-7.3704,0.0],[121.047,-7.3681,0.0],[121.0471,-7.3686,0.0],[121.0488,-7.3696,0.0]]],
[[[117.8145,-7.3998,0.7185],[117.8086,-7.3923,0.0],[117.8077,-7.3965,4.7567],[117.8069,-7.3932,1.155],[117.8016,-7.3921,1.9375],[117.8031,-7.4014,0.5303],[117.8163,-7.4054,0.0],[117.8174,-7.4037,0.0],[117.8145,-7.3998,0.7185]]],
[[[117.7502,-7.3976,0.0],[117.7468,-7.3961,0.0],[117.7434,-7.3977,1.7273],[117.7509,-7.4008,4.6384],[117.7502,-7.3976,0.0]]],
[[[117.711,-7.3952,0.0],[117.7133,-7.3964,0.0],[117.7102,-7.3926,0.0],[117.7104,-7.3943,2.7936],[117.711,-7.3952,0.0]]],
[[[117.7505,-7.3637,2.6688],[117.7468,-7.3627,0.0],[117.7428,-7.3657,0.0],[117.7433,-7.3745,6.2226],[117.7463,-7.3727,6.1039],[117.7486,-7.3741,2.0726],[117.75,-7.3725,1.2728],[117.7505,-7.3637,2.6688]]],
[[[121.0453,-7.3665,0.499],[121.0458,-7.3649,0.0],[121.0418,-7.3642,1.5947],[121.0426,-7.3669,0.8355],[121.046,-7.3675,0.0],[121.0453,-7.3665,0.499]]],
[[[121.0987,-7.3975,3.826],[121.1073,-7.3917,1.8078],[121.117,-7.3886,1.2741],[121.1236,-7.3832,4.3242],[121.1421,-7.3786,2.5664],[121.15,-7.3723,5.1155],[121.1567,-7.3718,3.4862],[121.1623,-7.3623,6.3291],[121.1672,-7.3578,0.0],[121.1682,-7.3541,0.0],[121.1651,-7.3455,0.0],[121.1579,-7.3446,8.2049],[121.1474,-7.3377,0.0],[121.1367,-7.3396,14.1274],[121.1319,-7.3373,12.0423],[121.129,-7.3328,6.0004],[121.1293,-7.3243,1.954],[121.1261,-7.3209,0.0],[121.119,-7.3186,11.0427],[121.1147,-7.3145,0.0],[121.1112,-7.3152,0.0],[121.1146,-7.3148,0.0],[121.1152,-7.3161,0.0],[121.1068,-7.3187,8.3409],[121.1022,-7.3157,1.7755],[121.1011,-7.3134,7.4539],[121.1022,-7.3118,0.7273],[121.0957,-7.3041,0.0],[121.0827,-7.3037,0.0],[121.0807,-7.3072,6.7332],[121.0813,-7.3179,21.0042],[121.0783,-7.3302,0.0],[121.0793,-7.3429,10.098],[121.0837,-7.3512,6.8495],[121.0822,-7.3628,2.8087],[121.0737,-7.3695,0.6587],[121.0621,-7.3702,1.0548],[121.0602,-7.3715,3.7512],[121.064,-7.3746,0.0],[121.0711,-7.3762,4.7764],[121.0793,-7.3854,22.011],[121.0876,-7.3882,1.0284],[121.0987,-7.3975,3.826]],
[[121.1151,-7.3155,0.0],[121.1151,-7.3157,0.0],[121.115,-7.3156,0.0],[121.1151,-7.3155,0.0]]],
[[[121.7461,-7.2386,1.6242],[121.7469,-7.2397,2.2459],[121.7474,-7.241,2.2459],[121.7474,-7.2398,2.2459],[121.7461,-7.2386,1.6242]]],
[[[121.7501,-7.2325,2.7912],[121.7557,-7.2299,1.4303],[121.7543,-7.2224,0.0],[121.7479,-7.2228,0.0],[121.7475,-7.224,14.4615],[121.7497,-7.2242,15.6223],[121.7471,-7.2262,0.0],[121.7386,-7.2291,1.4556],[121.742,-7.2327,0.6339],[121.7436,-7.2316,1.2238],[121.7471,-7.2342,7.4971],[121.7501,-7.2325,2.7912]]],
[[[118.0088,-7.2193,0.7145],[118.0094,-7.2211,0.3132],[118.0115,-7.2219,0.0],[118.0095,-7.2167,0.2564],[118.0088,-7.2193,0.7145]]],
[[[118.1858,-7.1989,0.0],[118.1863,-7.1994,0.0],[118.1877,-7.1989,0.0],[118.1871,-7.1983,0.0],[118.1858,-7.1989,0.0]]],
[[[118.1923,-7.1995,0.4747],[118.193,-7.1966,2.0848],[118.1914,-7.1959,0.0],[118.1902,-7.1995,0.3293],[118.1923,-7.1995,0.4747]]],
[[[118.4079,-7.1799,1.034],[118.4056,-7.1775,0.0],[118.4001,-7.1794,0.0],[118.3948,-7.183,0.0],[118.3954,-7.1849,4.4688],[118.4019,-7.182,2.6646],[118.3979,-7.1852,7.075],[118.3923,-7.189,4.6055],[118.3817,-7.1913,7.9855],[118.381,-7.1931,4.6107],[118.3825,-7.1931,4.6107],[118.3795,-7.1944,2.7988],[118.3725,-7.1957,3.5946],[118.3688,-7.1929,0.0],[118.3677,-7.1991,0.61],[118.37,-7.2004,0.6349],[118.38,-7.1958,3.1408],[118.3845,-7.1975,3.4066],[118.3891,-7.1941,4.5862],[118.397,-7.1925,3.8161],[118.4011,-7.1878,4.66],[118.4003,-7.1847,1.3101],[118.4076,-7.1833,0.0],[118.4096,-7.1818,1.8386],[118.4079,-7.1799,1.034]]],
[[[118.4118,-7.177,0.8122],[118.4099,-7.174,0.0],[118.408,-7.1736,1.046],[118.4125,-7.1799,1.594],[118.4091,-7.1882,0.0],[118.4114,-7.186,1.987],[118.4129,-7.1821,1.2399],[118.413,-7.1795,1.94],[118.4118,-7.177,0.8122]]],
[[[121.4767,-7.1539,0.0],[121.4797,-7.1531,0.0],[121.4806,-7.1499,0.0],[121.4771,-7.146,0.0],[121.4749,-7.1458,0.0],[121.4719,-7.1504,0.0],[121.4767,-7.1539,0.0]]],
[[[121.4428,-7.1199,0.0],[121.4432,-7.1177,0.0],[121.4413,-7.1177,0.4649],[121.4418,-7.1205,0.0],[121.4428,-7.1199,0.0]]],
[[[120.5459,-7.0692,3.1263],[120.546,-7.0697,0.0],[120.5466,-7.0697,0.0],[120.5465,-7.0693,3.1263],[120.5459,-7.0692,3.1263]]],
[[[120.5471,-7.0697,0.0],[120.5476,-7.0696,0.0],[120.5478,-7.0692,0.0],[120.5469,-7.0692,3.1263],[120.5471,-7.0697,0.0]]],
[[[118.2768,-7.1455,0.0],[118.2794,-7.1472,0.1203],[118.2814,-7.146,1.4015],[118.2788,-7.1425,0.0817],[118.2774,-7.1426,0.0],[118.2768,-7.1455,0.0]]],
[[[120.6749,-7.1277,0.0],[120.676,-7.1279,0.0],[120.6766,-7.1262,0.0],[120.675,-7.1263,0.0],[120.6749,-7.1277,0.0]]],
[[[118.1584,-7.1146,0.0],[118.1585,-7.1176,0.0],[118.1594,-7.1181,0.0],[118.1591,-7.1122,0.0],[118.1584,-7.1146,0.0]]],
[[[120.5894,-7.1053,1.7422],[120.5902,-7.1055,1.7422],[120.5915,-7.104,0.0],[120.5894,-7.1041,3.9733],[120.5894,-7.1053,1.7422]]],
[[[118.2389,-7.091,0.3881],[118.2384,-7.0879,0.0],[118.2348,-7.0848,0.0],[118.2367,-7.0865,0.0],[118.2345,-7.0909,0.0],[118.2357,-7.0938,0.2363],[118.2379,-7.0934,0.0],[118.2389,-7.091,0.3881]]],
[[[120.564,-7.0754,3.0838],[120.563,-7.0732,6.071],[120.5599,-7.0732,5.2281],[120.5548,-7.0803,0.0],[120.5567,-7.0805,33.0603],[120.5591,-7.0886,3.5745],[120.5636,-7.0926,10.6116],[120.5673,-7.0936,0.0],[120.5695,-7.089,8.7665],[120.5765,-7.0874,3.7717],[120.5835,-7.0912,24.3284],[120.5868,-7.0899,0.0],[120.5903,-7.0912,17.0791],[120.5905,-7.0969,5.064],[120.5956,-7.1003,0.0],[120.5985,-7.0989,5.7728],[120.6028,-7.0995,15.432],[120.6035,-7.0956,0.563],[120.6117,-7.0905,0.0],[120.6133,-7.085,11.2031],[120.613,-7.0816,3.7916],[120.6088,-7.0801,4.9951],[120.5895,-7.0829,4.0006],[120.586,-7.0813,52.2458],[120.5828,-7.0772,0.0],[120.5758,-7.0776,5.6471],[120.5718,-7.0758,2.8234],[120.5692,-7.0784,12.109],[120.5646,-7.0782,20.5966],[120.564,-7.0754,3.0838]]],
[[[121.1214,-7.0687,0.0],[121.1201,-7.0754,5.4637],[121.1212,-7.0793,2.0437],[121.1229,-7.0712,4.0853],[121.1214,-7.0687,0.0]]],
[[[118.1742,-7.0779,9.0771],[118.1776,-7.0724,0.0],[118.174,-7.0735,0.4173],[118.1667,-7.0844,0.0],[118.1618,-7.0886,3.6185],[118.1567,-7.0903,0.5687],[118.153,-7.0884,1.2032],[118.1522,-7.0913,0.0],[118.1634,-7.0915,0.0],[118.169,-7.0897,0.0],[118.1742,-7.0779,9.0771]]],
[[[120.9245,-7.2833,16.4038],[120.9186,-7.2844,0.0],[120.913,-7.2789,0.0],[120.906,-7.2777,0.0],[120.9014,-7.2731,12.9845],[120.8892,-7.2755,9.3112],[120.8823,-7.2719,9.063],[120.8749,-7.2732,11.2878],[120.8717,-7.2716,5.8216],[120.8632,-7.2711,0.0],[120.86,-7.2671,3.4484],[120.8576,-7.2685,7.6515],[120.854,-7.2681,19.9234],[120.8514,-7.2651,0.0],[120.8394,-7.2598,28.3526],[120.8278,-7.2608,3.396],[120.8143,-7.2588,0.0],[120.81,-7.2626,4.7521],[120.799,-7.2646,8.2068],[120.7957,-7.2704,3.2217],[120.7979,-7.2765,0.0],[120.8014,-7.277,42.3614],[120.8046,-7.2817,0.0],[120.806,-7.2879,0.0],[120.8206,-7.2922,16.1585],[120.8304,-7.2985,3.6844],[120.8328,-7.2973,6.2573],[120.8382,-7.2983,1.0435],[120.8506,-7.2931,4.008],[120.8658,-7.2989,9.299],[120.8736,-7.3053,5.7379],[120.8916,-7.3098,1.5597],[120.901,-7.3103,4.9492],[120.9021,-7.3082,3.2276],[120.9083,-7.3069,4.7952],[120.9288,-7.3065,3.4122],[120.9364,-7.3097,0.0],[120.956,-7.3244,5.6803],[120.9757,-7.3249,4.0309],[120.9859,-7.3267,3.774],[121.0039,-7.3327,10.79],[121.0128,-7.3321,0.0],[121.014,-7.3305,6.8208],[121.0278,-7.3284,0.0],[121.0352,-7.3256,8.1938],[121.0518,-7.3264,1.6392],[121.0523,-7.3185,2.5789],[121.0639,-7.301,4.4118],[121.0625,-7.2983,0.0],[121.0591,-7.2975,0.0],[121.0457,-7.2973,7.6218],[121.0299,-7.2875,0.0],[121.0242,-7.2895,3.4114],[121.0145,-7.2864,14.3307],[121.0126,-7.2841,3.056],[121.0084,-7.2845,3.4996],[121.0044,-7.2818,4.4456],[120.9938,-7.2844,0.0],[120.9859,-7.2815,23.1469],[120.9638,-7.2814,16.9503],[120.9608,-7.278,13.464],[120.9505,-7.2831,35.9644],[120.9483,-7.2819,6.0558],[120.942,-7.2837,12.0332],[120.9245,-7.2833,16.4038]]],
[[[121.7652,-7.2609,1.5631],[121.7598,-7.2608,0.8249],[121.7618,-7.2629,1.6664],[121.7617,-7.2659,8.1058],[121.756,-7.2634,7.0595],[121.752,-7.2672,9.3096],[121.748,-7.2679,1.5583],[121.7461,-7.2662,0.0],[121.7443,-7.271,0.0],[121.7405,-7.2724,1.8333],[121.7362,-7.2795,0.0],[121.7322,-7.2804,3.8601],[121.7311,-7.2776,0.0],[121.7301,-7.2782,2.2437],[121.7303,-7.2884,5.7663],[121.7278,-7.2906,0.0],[121.7274,-7.2946,0.0],[121.7485,-7.2899,0.0],[121.7541,-7.2867,0.0],[121.7594,-7.2878,7.8672],[121.7734,-7.2864,0.0],[121.7794,-7.2755,10.0407],[121.7788,-7.2726,2.8151],[121.7753,-7.2682,24.5203],[121.7652,-7.2609,1.5631]]],
[[[118.8083,-6.9763,0.0],[118.8091,-6.9721,0.0],[118.8077,-6.9702,0.848],[118.8082,-6.9725,0.971],[118.8046,-6.9748,0.0],[118.8083,-6.9763,0.0]]],
[[[120.7875,-6.9608,5.5304],[120.7916,-6.9606,2.8959],[120.7943,-6.958,3.0074],[120.788,-6.9565,3.7213],[120.7856,-6.9596,1.788],[120.7875,-6.9608,5.5304]]],
[[[121.0003,-6.9429,0.0],[121.0,-6.9456,0.0],[121.0012,-6.9481,0.0],[121.0015,-6.9426,0.0],[121.0003,-6.9429,0.0]]],
[[[118.8607,-6.9299,0.0],[118.861,-6.9282,0.0],[118.8573,-6.9271,0.5957],[118.8551,-6.9332,1.4839],[118.855,-6.9319,3.5951],[118.8536,-6.9326,0.0],[118.8551,-6.9338,1.4839],[118.8607,-6.9299,0.0]]],
[[[119.0233,-6.9059,0.0],[119.0216,-6.906,1.2404],[119.0217,-6.9033,0.4732],[119.0194,-6.9081,2.7777],[119.0214,-6.909,0.6172],[119.0231,-6.9075,0.0],[119.0233,-6.9059,0.0]]],
[[[119.0698,-6.894,2.5446],[119.0695,-6.8914,0.0],[119.0674,-6.8977,0.2196],[119.069,-6.8961,1.8943],[119.0698,-6.894,2.5446]]],
[[[118.9037,-6.8893,0.0],[118.9111,-6.8847,0.5434],[118.91,-6.882,0.0],[118.9037,-6.8838,8.1546],[118.8972,-6.8911,0.5514],[118.9037,-6.8893,0.0]]],
[[[118.9627,-6.8634,0.0],[118.9652,-6.8646,0.0],[118.9688,-6.8595,1.3601],[118.9681,-6.8556,0.0],[118.9651,-6.8527,0.0],[118.9616,-6.8553,3.2025],[118.9627,-6.8634,0.0]]],
[[[120.7909,-6.8814,0.0],[120.7925,-6.8791,0.0],[120.7906,-6.881,1.0082],[120.7902,-6.8824,0.0],[120.7909,-6.8814,0.0]]],
[[[119.138,-6.8814,0.4631],[119.1371,-6.8818,0.4631],[119.1363,-6.8791,0.0],[119.1366,-6.8821,0.4631],[119.1373,-6.8824,0.4631],[119.138,-6.8814,0.4631]]],
[[[119.0055,-6.8139,0.0],[119.0039,-6.8113,0.7292],[119.0017,-6.8136,2.2839],[119.0033,-6.8191,0.5969],[119.0048,-6.8185,1.3121],[119.0055,-6.8139,0.0]]],
[[[121.1385,-6.7926,0.0],[121.1386,-6.7825,0.0],[121.1364,-6.7837,0.0],[121.1371,-6.7871,0.0],[121.1351,-6.7992,0.0],[121.1368,-6.7984,0.0],[121.1385,-6.7926,0.0]]],
[[[121.203,-6.7779,0.0],[121.2022,-6.7804,0.0],[121.2022,-6.7831,0.0],[121.203,-6.7779,0.0]]],
[[[121.203,-6.7779,0.0],[121.203,-6.7779,0.0],[121.2032,-6.7766,0.0],[121.203,-6.7779,0.0]]],
[[[119.1688,-6.7938,0.7589],[119.1655,-6.7916,0.0],[119.1679,-6.7936,0.7589],[119.1652,-6.8023,0.9692],[119.1635,-6.8032,0.0],[119.1651,-6.8033,0.0],[119.1692,-6.7976,0.0],[119.1688,-6.7938,0.7589]]],
[[[119.1635,-6.7922,0.0],[119.1634,-6.7932,0.0],[119.164,-6.7938,0.0],[119.1643,-6.7921,0.0],[119.1635,-6.7922,0.0]]],
[[[121.1713,-6.7606,0.0],[121.1704,-6.7612,0.0],[121.1715,-6.756,0.0],[121.1707,-6.7594,0.0],[121.17,-6.7576,0.0],[121.167,-6.7584,0.0],[121.1657,-6.7728,0.0],[121.1688,-6.7633,0.0],[121.1713,-6.7606,0.0]]],
[[[118.9728,-6.7655,0.0],[118.9749,-6.7641,0.0],[118.9742,-6.7613,0.0],[118.97,-6.7558,0.0],[118.969,-6.7555,0.0],[118.9703,-6.7569,0.7685],[118.9703,-6.7618,5.131],[118.9728,-6.7655,0.0]]],
[[[121.1405,-6.7685,0.0],[121.14,-6.7536,0.0],[121.1422,-6.7487,0.0],[121.1408,-6.7469,0.0],[121.1384,-6.7568,0.0],[121.1389,-6.7711,0.0],[121.1405,-6.7685,0.0]]],
[[[121.0737,-6.7619,0.0],[121.0724,-6.7544,0.0],[121.0719,-6.7566,0.0],[121.07,-6.7568,0.0],[121.0715,-6.758,0.0],[121.0724,-6.7571,0.0],[121.0699,-6.7607,0.0],[121.074,-6.7643,0.0],[121.0737,-6.7619,0.0]]],
[[[120.9696,-6.7591,0.0],[120.972,-6.7514,0.0],[120.9708,-6.7504,1.8479],[120.9664,-6.7535,4.4654],[120.9675,-6.7648,0.0],[120.9696,-6.7591,0.0]]],
[[[121.1789,-6.8494,0.0],[121.1782,-6.8458,0.0],[121.1774,-6.8476,0.0],[121.1752,-6.8478,0.0],[121.1789,-6.8512,0.0],[121.1789,-6.8494,0.0]]],
[[[119.0186,-6.8415,0.0],[119.0229,-6.8386,2.9238],[119.0216,-6.834,0.0],[119.0194,-6.8325,0.0],[119.0178,-6.8355,0.0],[119.0186,-6.8415,0.0]]],
[[[119.1513,-6.865,0.0],[119.1468,-6.8595,0.0],[119.1482,-6.8622,0.0],[119.1498,-6.8641,0.0],[119.1495,-6.8679,0.0],[119.1513,-6.865,0.0]]],
[[[119.1378,-6.861,1.5897],[119.1344,-6.8598,4.485],[119.1293,-6.8658,0.7305],[119.1295,-6.8681,0.0],[119.1349,-6.8748,0.0],[119.1388,-6.8631,0.0],[119.1378,-6.861,1.5897]]],
[[[118.9865,-6.8547,0.0],[118.9866,-6.8564,0.0],[118.9876,-6.8523,0.0],[118.9869,-6.8525,0.0],[118.9865,-6.8547,0.0]]],
[[[119.1144,-6.8385,3.1234],[119.1135,-6.8364,3.1197],[119.1089,-6.8379,0.0],[119.0993,-6.8461,4.3656],[119.0943,-6.8588,0.6889],[119.0939,-6.8618,2.6286],[119.097,-6.8653,0.0],[119.0972,-6.8677,7.128],[119.0959,-6.868,0.0],[119.1012,-6.869,0.0],[119.1062,-6.8653,0.0],[119.1054,-6.8644,2.836],[119.104,-6.8649,3.8274],[119.1051,-6.8638,4.2521],[119.1079,-6.8646,0.0],[119.1152,-6.8599,3.3193],[119.1178,-6.8608,0.6391],[119.1222,-6.859,1.786],[119.1225,-6.8574,1.7188],[119.1205,-6.8573,4.6145],[119.1224,-6.8555,2.3975],[119.1222,-6.8476,3.2774],[119.1251,-6.844,0.0],[119.1196,-6.8403,2.9149],[119.1125,-6.844,3.0933],[119.1099,-6.8409,1.519],[119.1112,-6.8384,5.1775],[119.1144,-6.8385,3.1234]]],
[[[119.1919,-6.8221,1.2963],[119.1945,-6.8175,0.0],[119.187,-6.8246,1.7143],[119.184,-6.8242,2.5145],[119.1868,-6.8206,0.0],[119.1855,-6.8183,1.096],[119.1798,-6.8247,4.9658],[119.1743,-6.8261,0.0],[119.1686,-6.8366,1.7014],[119.1693,-6.8391,2.1957],[119.1682,-6.8391,2.8729],[119.1705,-6.8412,5.0986],[119.1689,-6.8473,0.0372],[119.1745,-6.8415,0.6345],[119.1811,-6.8311,4.8572],[119.1919,-6.8221,1.2963]]],
[[[120.814,-6.8325,3.6226],[120.809,-6.8184,4.5299],[120.8101,-6.8127,0.0],[120.8073,-6.8072,0.0],[120.8074,-6.7946,0.0],[120.7977,-6.7858,4.3011],[120.7939,-6.7802,1.6581],[120.7928,-6.7797,1.6581],[120.7939,-6.7826,4.4315],[120.7912,-6.781,3.8771],[120.7922,-6.7791,0.0],[120.7887,-6.7787,3.3548],[120.7866,-6.7866,19.803],[120.7834,-6.7884,9.304],[120.7796,-6.799,0.0],[120.7823,-6.8126,10.9264],[120.7867,-6.818,0.0],[120.7891,-6.8174,17.9638],[120.7918,-6.8208,11.372],[120.7936,-6.8623,3.5243],[120.7958,-6.8664,0.0],[120.7988,-6.8653,0.0],[120.8017,-6.8498,0.0],[120.8044,-6.8457,15.2892],[120.8079,-6.8443,0.0],[120.8106,-6.8384,6.2427],[120.8135,-6.8359,0.0],[120.814,-6.8325,3.6226]]],
[[[120.4467,-6.9492,0.0],[120.4419,-6.9492,0.0],[120.4392,-6.9515,0.0],[120.4375,-6.959,0.0],[120.4338,-6.9648,0.0],[120.4349,-6.9696,0.0],[120.4381,-6.9684,0.0],[120.4376,-6.9708,0.0],[120.4474,-6.9676,0.0],[120.4553,-6.9625,0.0],[120.4544,-6.9597,0.0],[120.4556,-6.9578,0.0],[120.4506,-6.9497,0.0],[120.4467,-6.9492,0.0]]],
[[[121.2112,-6.7228,0.0],[121.2111,-6.7223,0.0],[121.2105,-6.7226,0.0],[121.2106,-6.7229,0.0],[121.2112,-6.7228,0.0]]],
[[[121.0881,-6.7251,0.0],[121.0843,-6.7223,0.0],[121.0812,-6.7238,0.0],[121.0874,-6.7257,0.0],[121.0881,-6.7251,0.0]]],
[[[121.2128,-6.7211,0.0],[121.2123,-6.721,0.0],[121.2121,-6.7222,0.0],[121.2124,-6.722,0.0],[121.2128,-6.7211,0.0]]],
[[[121.2148,-6.7187,0.0],[121.2148,-6.7181,0.0],[121.2145,-6.7181,0.0],[121.2143,-6.7188,0.0],[121.2148,-6.7187,0.0]]],
[[[121.0804,-6.7228,0.0],[121.0822,-6.7229,0.0],[121.0799,-6.721,0.0],[121.079,-6.7234,0.0],[121.0804,-6.7228,0.0]]],
[[[121.2098,-6.7207,0.0],[121.2107,-6.7213,0.0],[121.2111,-6.7212,0.0],[121.2108,-6.7206,0.0],[121.2098,-6.7207,0.0]]],
[[[121.2072,-6.7198,0.0],[121.2066,-6.7193,0.0],[121.2065,-6.7202,0.0],[121.2068,-6.7204,0.0],[121.2072,-6.7198,0.0]]],
[[[121.2111,-6.7162,0.0],[121.2105,-6.7179,0.0],[121.2109,-6.7198,0.0],[121.2133,-6.7173,0.0],[121.2111,-6.7162,0.0]]],
[[[118.278,-6.6857,6.1846],[118.2781,-6.6824,0.0],[118.2738,-6.6919,0.0],[118.274,-6.6984,0.0],[118.2789,-6.6927,-0.0642],[118.2788,-6.6913,-0.0642],[118.2765,-6.6929,-0.2528],[118.278,-6.6857,6.1846]]],
[[[120.2769,-6.677,0.0],[120.2729,-6.6758,0.0],[120.271,-6.6772,0.0],[120.2698,-6.6966,0.0],[120.2725,-6.6997,0.0],[120.2818,-6.7013,0.0],[120.2799,-6.6968,0.0],[120.2786,-6.6973,0.0],[120.2807,-6.6925,0.0],[120.2828,-6.6933,0.0],[120.2823,-6.6835,0.0],[120.2811,-6.6796,0.0],[120.2769,-6.677,0.0]]],
[[[120.427,-6.6484,1.5008],[120.4264,-6.6473,0.0],[120.4268,-6.6505,0.0],[120.4289,-6.6491,0.0],[120.427,-6.6484,1.5008]]],
[[[118.3283,-6.6358,0.0],[118.3248,-6.6349,0.0],[118.3256,-6.6382,5.3151],[118.3235,-6.6462,0.0],[118.3248,-6.6456,0.0],[118.3272,-6.6421,1.0586],[118.3283,-6.6358,0.0]]],
[[[120.4273,-6.6564,0.0],[120.427,-6.6566,0.0],[120.4278,-6.6574,0.0],[120.4279,-6.6569,0.0],[120.4273,-6.6564,0.0]]],
[[[118.932,-6.6462,0.0],[118.9304,-6.6454,0.0],[118.9307,-6.6464,1.2743],[118.9263,-6.6476,0.0],[118.9273,-6.6546,0.8501],[118.9293,-6.6576,0.5634],[118.9321,-6.655,0.0],[118.932,-6.6462,0.0]]],
[[[118.8892,-6.6074,0.0],[118.8864,-6.6047,2.6697],[118.8832,-6.6057,1.1432],[118.8831,-6.6085,2.4706],[118.8855,-6.612,0.0],[118.889,-6.6103,0.6177],[118.8892,-6.6074,0.0]]],
[[[118.8661,-6.5995,5.2434],[118.8699,-6.5991,0.0],[118.8695,-6.5951,0.0],[118.8602,-6.587,3.8802],[118.858,-6.5866,0.6011],[118.8549,-6.592,3.4042],[118.8661,-6.5995,5.2434]]],
[[[118.8361,-6.5707,0.0],[118.8308,-6.5686,1.1804],[118.8252,-6.5711,0.0],[118.8251,-6.5768,0.0],[118.8264,-6.5755,5.7689],[118.8319,-6.5808,7.1066],[118.8403,-6.5837,0.0],[118.8417,-6.5829,4.6823],[118.8416,-6.5762,5.596],[118.8361,-6.5707,0.0]]],
[[[121.0234,-6.5729,1.181],[121.024,-6.5788,0.3947],[121.0254,-6.5758,1.0455],[121.0248,-6.5656,0.0],[121.0235,-6.5702,0.0],[121.0234,-6.5729,1.181]]],
[[[121.058,-6.5725,0.0],[121.0583,-6.5711,0.0],[121.0577,-6.5704,0.0],[121.0577,-6.5726,0.0],[121.058,-6.5725,0.0]]],
[[[121.0987,-6.5655,0.0],[121.0979,-6.5694,2.6427],[121.0984,-6.5741,0.4649],[121.1003,-6.5697,0.0],[121.0987,-6.5655,0.0]]],
[[[121.0793,-6.5652,0.0],[121.0792,-6.5648,0.0],[121.0784,-6.5694,0.0],[121.0801,-6.567,0.0],[121.0793,-6.5652,0.0]]],
[[[120.435,-6.645,0.0],[120.4345,-6.6438,0.0],[120.4336,-6.6445,0.0],[120.4338,-6.6448,0.0],[120.435,-6.645,0.0]]],
[[[120.4373,-6.5817,0.0],[120.4347,-6.5808,0.0],[120.4292,-6.5846,9.8606],[120.4248,-6.597,9.1539],[120.4232,-6.5985,7.9725],[120.4211,-6.5971,3.6216],[120.4205,-6.5984,6.818],[120.4212,-6.6006,0.0],[120.4266,-6.6022,17.0172],[120.4279,-6.6061,0.0],[120.4257,-6.64,3.6751],[120.4267,-6.6416,0.0],[120.4325,-6.6398,0.0],[120.431,-6.6404,0.0],[120.44,-6.6443,2.4131],[120.4426,-6.6405,0.0],[120.4439,-6.6228,0.0],[120.4429,-6.6177,0.0],[120.4396,-6.6124,0.0],[120.442,-6.6052,0.0],[120.4389,-6.5905,0.0],[120.4399,-6.5853,0.0],[120.4373,-6.5817,0.0]]],
[[[118.9538,-6.7105,0.0],[118.9507,-6.7071,0.0],[118.9512,-6.7153,5.6603],[118.954,-6.7203,0.0],[118.9551,-6.7194,0.0],[118.9554,-6.717,0.0],[118.9538,-6.7105,0.0]]],
[[[120.9761,-6.7046,0.0],[120.9786,-6.7036,0.0],[120.9786,-6.7032,0.0],[120.9747,-6.705,0.0],[120.9761,-6.7046,0.0]]],
[[[121.0943,-6.7183,0.0],[121.0952,-6.718,0.0],[121.0946,-6.7169,0.0],[121.094,-6.7173,0.0],[121.0943,-6.7183,0.0]]],
[[[120.4366,-6.6557,0.0],[120.4384,-6.6541,0.0],[120.438,-6.6525,0.0],[120.4374,-6.6543,0.0],[120.4333,-6.6562,0.0],[120.4345,-6.6571,0.0],[120.4297,-6.6587,0.0],[120.4303,-6.6889,0.0],[120.4272,-6.6951,6.6064],[120.4312,-6.6988,10.2634],[120.4285,-6.7169,0.0],[120.432,-6.7109,0.0],[120.4337,-6.6989,0.0],[120.4425,-6.6743,0.0],[120.4418,-6.6625,0.0],[120.4389,-6.6575,0.0],[120.4364,-6.658,0.0],[120.4366,-6.6557,0.0]]],
[[[118.7931,-6.5561,2.6671],[118.7947,-6.5581,0.0],[118.7978,-6.5561,0.9722],[118.7949,-6.5522,0.0],[118.7931,-6.5561,2.6671]]],
[[[121.1711,-6.5524,0.0],[121.1713,-6.5556,0.1049],[121.1716,-6.5571,0.0],[121.1719,-6.5544,0.0],[121.1711,-6.5524,0.0]]],
[[[120.9979,-6.5336,0.7336],[120.9971,-6.5397,2.7531],[120.9995,-6.5461,0.0],[120.9999,-6.5316,0.0],[120.9979,-6.5336,0.7336]]],
[[[121.0374,-6.5359,0.0],[121.0388,-6.5361,0.0],[121.0369,-6.5356,0.0],[121.0357,-6.5363,0.0],[121.0371,-6.5358,0.0],[121.0374,-6.5359,0.0]]],
[[[120.952,-6.5145,1.1263],[120.9498,-6.5228,0.2735],[120.9499,-6.5231,0.0],[120.9541,-6.5087,0.0],[120.952,-6.5145,1.1263]]],
[[[121.1322,-6.4933,6.8921],[121.1328,-6.4955,2.4049],[121.1352,-6.4968,0.3908],[121.1354,-6.494,0.8026],[121.1319,-6.4904,0.0],[121.1322,-6.4933,6.8921]]],
[[[120.9827,-6.5046,0.0],[120.9954,-6.5028,3.3932],[121.0015,-6.4941,0.0],[120.9971,-6.4948,0.4205],[120.9799,-6.5049,0.0],[120.9808,-6.505,0.0],[120.9827,-6.5046,0.0]]],
[[[121.1293,-6.4595,0.0],[121.1323,-6.464,0.0],[121.1301,-6.4593,1.701],[121.126,-6.4537,0.0],[121.1259,-6.4542,0.0],[121.1293,-6.4595,0.0]]],
[[[121.0956,-6.4093,0.5576],[121.0957,-6.4125,0.6815],[121.098,-6.4101,0.0],[121.0965,-6.4058,0.0],[121.0959,-6.4079,0.2228],[121.0956,-6.4093,0.5576]]],
[[[120.4193,-6.1804,22.1291],[120.4218,-6.1725,19.6959],[120.4173,-6.1581,23.8661],[120.4165,-6.1386,1.5538],[120.4213,-6.1304,19.576],[120.419,-6.1234,13.7252],[120.4221,-6.1202,2.0505],[120.4234,-6.1222,0.0],[120.4274,-6.1192,2.7784],[120.4294,-6.1125,3.0767],[120.4323,-6.1106,3.0235],[120.4315,-6.1058,0.0],[120.4285,-6.1056,0.0],[120.4255,-6.1082,4.3247],[120.4222,-6.116,0.0],[120.4144,-6.115,9.9386],[120.4125,-6.12,34.1824],[120.4085,-6.1227,1.7671],[120.4064,-6.128,11.041],[120.4017,-6.1557,3.7347],[120.4003,-6.1599,13.9021],[120.3955,-6.1627,6.031],[120.3948,-6.1726,0.0],[120.3922,-6.1803,0.0],[120.3949,-6.1859,1.3857],[120.3963,-6.1977,8.7933],[120.3986,-6.2026,2.3777],[120.4015,-6.201,17.575],[120.403,-6.2026,1.1237],[120.4073,-6.2021,6.0991],[120.4108,-6.2073,1.9043],[120.4146,-6.2087,2.1526],[120.4203,-6.2069,2.8983],[120.4269,-6.1965,0.0],[120.4234,-6.1887,3.0103],[120.4204,-6.1869,29.1442],[120.4193,-6.1804,22.1291]]],
[[[120.4899,-5.7431,22.028],[120.4889,-5.7382,8.5726],[120.4832,-5.7399,24.1499],[120.479,-5.7389,2.762],[120.4735,-5.746,0.0],[120.4738,-5.7497,8.2906],[120.4849,-5.7554,0.0],[120.4914,-5.7529,19.5127],[120.4926,-5.7515,0.0],[120.4899,-5.7431,22.028]]],
[[[120.4343,-6.4657,0.0],[120.4321,-6.4654,0.0],[120.4301,-6.4695,3.1053],[120.4245,-6.4697,2.9309],[120.4257,-6.4724,3.7538],[120.4216,-6.4834,0.0],[120.4217,-6.4886,0.0],[120.428,-6.4893,41.7628],[120.4323,-6.4836,3.5675],[120.4308,-6.4704,0.0],[120.4343,-6.4657,0.0]]],
[[[120.431,-6.4529,0.0],[120.4319,-6.4531,0.0],[120.4313,-6.4527,0.0],[120.4296,-6.4531,0.0],[120.4305,-6.4531,0.0],[120.431,-6.4529,0.0]]],
[[[120.4337,-6.4535,0.0],[120.4332,-6.4531,0.0],[120.432,-6.4532,0.0],[120.4322,-6.4534,0.0],[120.4337,-6.4535,0.0]]],
[[[120.4529,-6.3423,0.0],[120.45,-6.341,0.0],[120.4502,-6.3436,17.6217],[120.4485,-6.3443,2.0946],[120.4498,-6.3468,19.4887],[120.4464,-6.347,0.0],[120.4465,-6.3481,0.0],[120.4509,-6.349,6.6211],[120.4544,-6.3451,0.0],[120.4565,-6.3459,0.0],[120.4529,-6.3423,0.0]]],
[[[120.4579,-6.3235,0.0],[120.4564,-6.3241,0.0],[120.453,-6.3217,0.0],[120.4497,-6.3241,19.2785],[120.4536,-6.3252,0.0],[120.4544,-6.3292,0.0],[120.4568,-6.3305,0.0],[120.4628,-6.3267,0.0],[120.4605,-6.3239,0.0],[120.4579,-6.3235,0.0]]],
[[[120.4627,-6.3084,0.0],[120.456,-6.3074,0.0],[120.4536,-6.3099,0.0],[120.4595,-6.3121,0.0],[120.4642,-6.311,0.0],[120.4647,-6.3082,0.0],[120.4627,-6.3084,0.0]]],
[[[120.4588,-6.2943,0.0],[120.4534,-6.2892,0.0],[120.4535,-6.2912,0.0],[120.4517,-6.2914,0.0],[120.456,-6.3022,0.0],[120.4606,-6.3047,0.0],[120.4678,-6.3009,0.0],[120.4649,-6.2941,0.0],[120.4622,-6.2959,0.0],[120.4588,-6.2943,0.0]]],
[[[120.4995,-6.459,16.0774],[120.5025,-6.4485,0.0],[120.5095,-6.4453,0.0],[120.5099,-6.4427,0.0],[120.503,-6.4359,0.0],[120.4979,-6.4226,39.4025],[120.5006,-6.4211,0.0],[120.5014,-6.4162,0.0],[120.4972,-6.4103,8.0237],[120.4964,-6.4049,0.0],[120.4923,-6.4023,0.0],[120.4928,-6.3998,0.0],[120.4966,-6.3974,3.6734],[120.4949,-6.392,4.0392],[120.4965,-6.3911,23.2674],[120.4992,-6.3946,0.0],[120.5047,-6.3938,0.0],[120.5064,-6.392,37.4993],[120.5051,-6.3892,7.8016],[120.5071,-6.3891,13.4628],[120.5076,-6.3869,37.6689],[120.5056,-6.3851,37.9521],[120.5054,-6.3811,11.577],[120.5096,-6.3783,0.0],[120.5132,-6.372,0.0],[120.5133,-6.3678,0.0],[120.5104,-6.3666,13.2046],[120.5104,-6.3651,2.1848],[120.5135,-6.3627,11.816],[120.5191,-6.3655,0.0],[120.5209,-6.3646,0.0],[120.5214,-6.3576,0.0],[120.5203,-6.3565,29.941],[120.5228,-6.3535,24.1328],[120.5176,-6.3507,10.7726],[120.5173,-6.3489,10.7584],[120.5204,-6.3472,7.4798],[120.5262,-6.3477,23.3026],[120.5272,-6.3461,0.0],[120.5248,-6.3442,8.3123],[120.5248,-6.3417,12.6403],[120.5219,-6.34,8.679],[120.5215,-6.3362,9.8288],[120.5244,-6.3345,24.7197],[120.5273,-6.3356,0.0],[120.5286,-6.3318,4.4984],[120.5381,-6.3275,0.0],[120.5366,-6.3097,5.6307],[120.5378,-6.3069,0.0],[120.5353,-6.2984,17.4929],[120.5379,-6.2974,1.849],[120.5392,-6.2919,21.7681],[120.5373,-6.2883,8.9248],[120.5385,-6.2859,2.2546],[120.5373,-6.2831,11.6511],[120.5391,-6.2797,22.6163],[120.5381,-6.2758,0.0],[120.5361,-6.2744,0.0],[120.5375,-6.2713,0.0],[120.5349,-6.2696,14.4318],[120.5341,-6.2649,7.237],[120.5363,-6.2553,4.4932],[120.5384,-6.2534,3.8953],[120.5383,-6.2476,3.1242],[120.5374,-6.2458,3.3647],[120.5321,-6.2466,20.5296],[120.5298,-6.2449,7.1183],[120.5298,-6.2412,9.9374],[120.5311,-6.2405,9.9374],[120.5295,-6.2379,22.3077],[120.5308,-6.2352,43.9815],[120.528,-6.2338,1.6178],[120.529,-6.2301,4.4552],[120.5266,-6.2286,19.5354],[120.5258,-6.2242,0.0],[120.524,-6.2225,14.7425],[120.5265,-6.2207,43.1322],[120.5298,-6.2212,2.4448],[120.5263,-6.2178,29.2694],[120.5276,-6.215,4.6945],[120.5295,-6.2152,0.0],[120.5262,-6.2077,16.4604],[120.5298,-6.2045,7.6726],[120.5316,-6.1966,0.0],[120.5285,-6.1874,12.4093],[120.5334,-6.1779,14.3558],[120.5327,-6.1741,47.5206],[120.5348,-6.174,32.6459],[120.5366,-6.1715,3.3171],[120.5354,-6.1693,4.3745],[120.5386,-6.1642,8.5632],[120.5388,-6.1569,11.436],[120.543,-6.1552,4.8067],[120.5416,-6.1515,4.0221],[120.5452,-6.1475,6.9167],[120.5465,-6.1371,8.8053],[120.5484,-6.1354,3.852],[120.5481,-6.1288,5.5135],[120.5395,-6.1241,48.9553],[120.5407,-6.1227,59.9518],[120.5501,-6.1233,0.0],[120.5511,-6.122,36.2732],[120.5439,-6.1089,0.0],[120.5472,-6.106,49.9095],[120.5526,-6.1081,0.0],[120.5545,-6.1045,0.0],[120.5555,-6.0938,9.1697],[120.5524,-6.0901,25.3729],[120.5539,-6.0886,22.8805],[120.5561,-6.0898,0.0],[120.5573,-6.0813,39.6257],[120.5563,-6.079,0.0],[120.5516,-6.0767,71.5368],[120.5515,-6.075,47.3188],[120.5565,-6.0752,3.3489],[120.5547,-6.0731,18.4838],[120.5574,-6.0706,16.5914],[120.5551,-6.0636,17.4422],[120.5584,-6.0634,8.0339],[120.5621,-6.0661,8.0004],[120.5622,-6.0637,0.0],[120.5643,-6.0627,7.4115],[120.5681,-6.0549,58.0161],[120.5673,-6.0511,0.0],[120.5655,-6.0498,22.0005],[120.5669,-6.0479,9.0981],[120.5659,-6.0337,4.0273],[120.5594,-6.0067,36.8941],[120.5584,-5.9919,18.9421],[120.5539,-5.982,62.638],[120.5516,-5.9805,73.2326],[120.5535,-5.9732,101.8783],[120.5463,-5.9533,16.6818],[120.5462,-5.9449,0.0],[120.5438,-5.9422,0.0],[120.5426,-5.9341,26.9636],[120.5409,-5.9317,37.3688],[120.5381,-5.9312,3.8717],[120.5387,-5.9297,3.8717],[120.5345,-5.9194,36.7209],[120.535,-5.914,33.0848],[120.533,-5.9118,16.9925],[120.5342,-5.9097,6.2127],[120.5322,-5.9007,15.1019],[120.5325,-5.89,24.4046],[120.5345,-5.8883,14.4701],[120.5339,-5.8754,10.7134],[120.5261,-5.8529,25.6535],[120.5272,-5.8463,0.0],[120.5302,-5.8441,0.0],[120.5247,-5.8348,9.9168],[120.5189,-5.8375,7.0112],[120.5175,-5.8369,7.0112],[120.5181,-5.8347,0.0],[120.5169,-5.8349,0.0],[120.5174,-5.8366,7.0112],[120.5157,-5.836,3.7849],[120.5107,-5.826,3.6317],[120.5079,-5.8233,18.1746],[120.5064,-5.8178,3.4096],[120.504,-5.816,10.031],[120.5012,-5.8097,2.8579],[120.5018,-5.8013,0.0],[120.5039,-5.7961,14.7284],[120.5086,-5.7926,3.8585],[120.5054,-5.7833,15.2031],[120.4991,-5.7773,16.0119],[120.4968,-5.7689,3.7414],[120.4916,-5.7676,0.0],[120.4822,-5.7684,7.5327],[120.4749,-5.7739,4.3133],[120.4611,-5.7943,0.0],[120.4593,-5.8222,5.5208],[120.4572,-5.8268,9.8433],[120.4558,-5.8431,4.3808],[120.4531,-5.8469,6.6839],[120.4527,-5.8905,0.0],[120.4471,-5.9206,19.0743],[120.4455,-5.9605,7.0204],[120.4506,-5.9771,8.3255],[120.4491,-6.0017,14.2992],[120.4528,-6.0108,0.7472],[120.4482,-6.0353,6.2061],[120.4493,-6.042,18.6958],[120.4532,-6.0501,1.5405],[120.4533,-6.0544,5.5164],[120.4506,-6.0584,0.0],[120.4505,-6.0612,0.0],[120.4552,-6.0769,4.5981],[120.4611,-6.0861,2.3914],[120.4653,-6.0891,0.0],[120.466,-6.0939,10.0572],[120.4632,-6.1084,0.0],[120.457,-6.1163,0.0],[120.4561,-6.1249,1.5404],[120.4479,-6.1404,5.256],[120.4491,-6.143,2.668],[120.4504,-6.1408,2.5542],[120.4508,-6.1432,2.668],[120.4488,-6.1582,5.3023],[120.4461,-6.1616,0.0],[120.4478,-6.1623,21.1955],[120.4464,-6.1644,2.007],[120.4327,-6.1664,4.3058],[120.4329,-6.1683,2.1834],[120.4303,-6.1683,0.0],[120.4327,-6.1764,1.0],[120.4276,-6.1783,0.7881],[120.4265,-6.1807,2.3445],[120.4278,-6.1817,0.0],[120.4293,-6.1799,0.3859],[120.4319,-6.1801,1.0473],[120.4294,-6.1816,0.1009],[120.4284,-6.1852,0.4088],[120.4407,-6.1924,2.2552],[120.4431,-6.1954,3.102],[120.4416,-6.1971,0.0],[120.4451,-6.1981,9.6814],[120.4444,-6.201,0.0],[120.4465,-6.2062,0.0],[120.4454,-6.2081,5.099],[120.4479,-6.2162,35.4724],[120.4454,-6.2258,4.8441],[120.4474,-6.2456,11.5322],[120.4444,-6.2498,0.0],[120.4424,-6.2565,0.0],[120.4446,-6.2601,0.0],[120.4455,-6.2664,0.0],[120.4485,-6.2685,3.6071],[120.4544,-6.2656,21.943],[120.4684,-6.2689,4.2884],[120.4732,-6.2714,0.0],[120.4753,-6.2767,0.0],[120.4791,-6.2778,10.9314],[120.481,-6.2816,5.6163],[120.4797,-6.2912,0.0],[120.4747,-6.2986,13.7662],[120.4716,-6.2995,0.0],[120.4775,-6.3091,0.0],[120.4763,-6.3207,17.5528],[120.4729,-6.3277,0.0],[120.4715,-6.3409,0.0],[120.4724,-6.358,0.0],[120.4748,-6.368,16.2155],[120.4719,-6.3814,6.4285],[120.47,-6.3852,5.1152],[120.4644,-6.3891,15.936],[120.4611,-6.3847,42.8309],[120.454,-6.3817,0.0],[120.4578,-6.3881,20.3684],[120.4568,-6.3908,0.0],[120.46,-6.3942,33.1401],[120.4608,-6.3993,0.0],[120.4648,-6.3977,5.7163],[120.469,-6.3986,3.9093],[120.4701,-6.401,1.725],[120.4683,-6.4064,11.7793],[120.4664,-6.4032,5.2816],[120.4605,-6.4029,0.0],[120.4601,-6.4085,6.0858],[120.4685,-6.4304,5.7928],[120.4737,-6.4376,6.4817],[120.4756,-6.4574,0.0],[120.4776,-6.4621,0.0],[120.4797,-6.4767,0.0],[120.4805,-6.494,1.8566],[120.4833,-6.4984,0.0],[120.4857,-6.4968,2.0383],[120.4863,-6.4903,0.0],[120.4907,-6.4811,17.8794],[120.4929,-6.4681,0.0],[120.4995,-6.459,16.0774]]],
[[[121.1007,-6.7441,0.0],[121.1002,-6.7439,0.0],[121.1,-6.7441,0.0],[121.1005,-6.7445,0.0],[121.1007,-6.7441,0.0]]],
[[[121.1009,-6.741,0.0],[121.1007,-6.7432,0.0],[121.1011,-6.7435,0.0],[121.1016,-6.7394,0.0],[121.1009,-6.741,0.0]]],
[[[121.1021,-6.7309,0.0],[121.1028,-6.7337,0.0],[121.1053,-6.7315,0.0],[121.1036,-6.7301,0.0],[121.1021,-6.7309,0.0]]],
[[[121.1545,-6.7207,0.0],[121.1566,-6.7179,0.0],[121.1543,-6.7153,0.0],[121.1482,-6.7293,0.0],[121.1417,-6.7376,0.0],[121.1402,-6.7439,0.0],[121.1412,-6.7455,0.0],[121.1424,-6.7385,0.0],[121.1436,-6.7411,0.0],[121.1448,-6.7364,0.0],[121.1481,-6.7351,0.0],[121.1526,-6.7221,0.0],[121.1545,-6.7207,0.0]]],
[[[117.9897,-7.0681,0.0],[117.9968,-7.0667,0.0],[117.9983,-7.0641,0.0],[117.9972,-7.0614,2.7336],[117.9951,-7.0613,6.8251],[117.9897,-7.0681,0.0]]],
[[[121.0987,-7.0579,0.0],[121.0965,-7.0623,0.0],[121.0958,-7.0674,0.6666],[121.0998,-7.0633,0.0],[121.0987,-7.0579,0.0]]],
[[[118.6516,-7.073,0.0],[118.6541,-7.0712,3.4587],[118.6555,-7.0676,0.0],[118.6533,-7.0629,0.0],[118.6503,-7.0613,0.0],[118.648,-7.0674,0.0],[118.6516,-7.073,0.0]]],
[[[120.5988,-7.0667,0.0],[120.5974,-7.065,0.0],[120.5962,-7.0659,0.0],[120.6002,-7.0673,0.0],[120.5988,-7.0667,0.0]]],
[[[120.5642,-7.0646,24.4993],[120.5616,-7.0674,0.0],[120.5599,-7.0636,0.0],[120.5583,-7.0646,18.5452],[120.5572,-7.0706,12.5234],[120.5584,-7.0726,0.0],[120.5647,-7.0718,0.0],[120.5626,-7.0707,0.0],[120.5672,-7.0644,0.0],[120.5642,-7.0646,24.4993]]],
[[[120.5683,-7.0653,0.0],[120.5683,-7.0646,0.0],[120.5677,-7.0646,0.0],[120.5677,-7.0653,0.0],[120.5683,-7.0653,0.0]]],
[[[120.5517,-7.0562,0.0],[120.5488,-7.0555,0.0],[120.5387,-7.0589,0.0],[120.5372,-7.0635,26.5665],[120.5389,-7.067,11.1332],[120.5452,-7.0697,0.0],[120.5436,-7.0687,0.0],[120.5511,-7.0679,11.3396],[120.5508,-7.0592,13.2293],[120.5532,-7.0569,6.1195],[120.5517,-7.0562,0.0]]],
[[[120.7764,-7.1096,0.0],[120.7783,-7.1029,9.0335],[120.782,-7.1007,3.6634],[120.7832,-7.0976,0.0],[120.784,-7.0754,7.531],[120.7872,-7.063,3.2429],[120.7857,-7.0592,0.0],[120.7826,-7.0597,9.2483],[120.7783,-7.0637,5.742],[120.7763,-7.0678,8.9325],[120.7782,-7.068,4.3448],[120.7772,-7.0693,4.3448],[120.7674,-7.0764,4.1792],[120.7598,-7.0791,4.51],[120.7488,-7.079,1.7153],[120.736,-7.0742,2.7049],[120.7148,-7.0589,0.0],[120.6833,-7.0488,8.8166],[120.6788,-7.0449,2.2837],[120.6738,-7.0432,6.7699],[120.6668,-7.0349,9.5846],[120.6585,-7.0191,7.7106],[120.6513,-7.0127,0.0],[120.6417,-7.0098,8.5219],[120.6398,-7.0055,13.4552],[120.6329,-7.0007,0.0],[120.6224,-7.0015,9.8794],[120.6199,-7.0037,2.9104],[120.6217,-7.0222,0.0],[120.6245,-7.0259,3.9096],[120.624,-7.0352,69.3412],[120.6278,-7.0459,1.9914],[120.6275,-7.0529,2.959],[120.6228,-7.0521,5.0279],[120.6201,-7.0548,16.5182],[120.619,-7.0593,9.1983],[120.6142,-7.066,16.3568],[120.6083,-7.065,44.205],[120.6077,-7.0672,38.4637],[120.6106,-7.0694,10.5479],[120.6107,-7.0714,12.4946],[120.6086,-7.0729,2.5545],[120.605,-7.0717,0.0],[120.6048,-7.075,0.0],[120.6108,-7.0788,2.2639],[120.6153,-7.0785,2.7668],[120.619,-7.0814,8.557],[120.6184,-7.0841,6.4904],[120.6209,-7.0877,14.5143],[120.6202,-7.0981,0.0],[120.624,-7.0967,0.0],[120.6271,-7.0919,3.402],[120.6318,-7.0938,0.0],[120.6354,-7.099,12.1821],[120.634,-7.105,5.469],[120.6311,-7.104,5.8745],[120.6264,-7.1057,30.2144],[120.6288,-7.1123,18.5009],[120.6239,-7.1136,48.7355],[120.6263,-7.1186,13.2194],[120.6296,-7.1214,0.0],[120.632,-7.1213,0.0],[120.6339,-7.1245,22.3767],[120.6324,-7.1328,22.0798],[120.6345,-7.1334,0.0],[120.6367,-7.129,0.0],[120.6403,-7.129,3.6443],[120.6407,-7.1309,25.3145],[120.6538,-7.1357,19.9129],[120.6585,-7.1443,7.3659],[120.6613,-7.1425,12.6643],[120.6651,-7.1436,67.6228],[120.6677,-7.1472,0.0],[120.6691,-7.147,0.0],[120.6684,-7.1488,8.8841],[120.6701,-7.1505,0.0],[120.6702,-7.1464,0.0],[120.6764,-7.1454,0.0],[120.6784,-7.1419,6.089],[120.6803,-7.1428,0.0],[120.6755,-7.1371,0.0],[120.6763,-7.1349,0.0],[120.6731,-7.1336,27.8768],[120.6688,-7.1288,5.0071],[120.6622,-7.1299,45.6239],[120.6541,-7.1281,19.2461],[120.6535,-7.1262,2.8893],[120.6555,-7.124,3.155],[120.6619,-7.121,3.3103],[120.6696,-7.1212,35.2656],[120.6734,-7.1236,0.6228],[120.6769,-7.1223,3.0277],[120.6821,-7.1229,6.6502],[120.6932,-7.1283,0.0],[120.695,-7.1277,15.6499],[120.6989,-7.1337,0.0],[120.7103,-7.134,14.5042],[120.7114,-7.1313,0.0],[120.7157,-7.1296,0.0],[120.7286,-7.1287,15.7027],[120.7343,-7.1344,3.2293],[120.7417,-7.1314,0.0],[120.7454,-7.1282,13.6209],[120.7476,-7.1305,0.0],[120.7489,-7.1292,17.9417],[120.7589,-7.1306,12.0248],[120.7543,-7.1312,2.7794],[120.7539,-7.1337,4.4174],[120.7568,-7.1355,5.2304],[120.7597,-7.1344,1.5916],[120.7601,-7.1314,6.0725],[120.7633,-7.1339,0.0],[120.7638,-7.1313,9.2559],[120.7673,-7.1354,2.5746],[120.7764,-7.1096,0.0]]],
[[[120.6027,-7.0653,0.0],[120.6042,-7.0644,3.8373],[120.6035,-7.0571,0.0],[120.6008,-7.0592,0.0],[120.6027,-7.0653,0.0]]],
[[[120.5376,-7.0607,15.8604],[120.5376,-7.0604,15.8604],[120.5372,-7.0605,0.0],[120.5373,-7.0607,0.0],[120.5376,-7.0607,15.8604]]],
[[[120.542,-7.0544,0.0],[120.5392,-7.0542,0.0],[120.5384,-7.0558,7.4899],[120.5421,-7.0561,0.0],[120.542,-7.0544,0.0]]],
[[[120.5388,-7.0586,0.0],[120.5394,-7.0574,1.6953],[120.5388,-7.0571,1.6953],[120.5383,-7.0583,0.0],[120.5388,-7.0586,0.0]]],
[[[120.5458,-7.0548,0.0],[120.5457,-7.0551,0.0],[120.5465,-7.0554,0.0],[120.5464,-7.055,0.0],[120.5458,-7.0548,0.0]]],
[[[120.5453,-7.0548,0.0],[120.5452,-7.055,0.0],[120.5453,-7.0551,0.0],[120.5453,-7.0549,0.0],[120.5453,-7.0548,0.0]]],
[[[118.0435,-7.0372,0.2052],[118.0437,-7.0353,0.2524],[118.0415,-7.0343,0.0],[118.0346,-7.0377,0.0],[118.0386,-7.0386,0.8139],[118.0435,-7.0372,0.2052]]],
[[[120.7535,-7.0212,0.0],[120.7535,-7.0216,0.0],[120.7537,-7.0216,0.0],[120.7539,-7.0213,0.0],[120.7535,-7.0212,0.0]]],
[[[120.7537,-7.0177,0.0],[120.7526,-7.0189,2.6757],[120.7532,-7.0197,0.0],[120.7537,-7.0193,3.7702],[120.7537,-7.0177,0.0]]],
[[[121.2182,-7.0026,0.0],[121.2175,-7.0046,0.4866],[121.2175,-7.0059,0.4866],[121.2185,-7.0035,0.4472],[121.2182,-7.0026,0.0]]],
[[[120.5286,-6.9984,1.0099],[120.5223,-6.9869,0.0],[120.5157,-6.9899,0.0],[120.5231,-6.9963,4.4532],[120.5291,-7.0041,0.0],[120.5286,-6.9984,1.0099]]],
[[[121.0636,-7.0396,2.2845],[121.0626,-7.0423,3.2227],[121.063,-7.0464,0.0],[121.0643,-7.0432,0.0],[121.0636,-7.0396,2.2845]]],
[[[120.6052,-7.0418,0.0],[120.6069,-7.0419,0.0],[120.6032,-7.0405,0.0],[120.6016,-7.0427,4.8215],[120.6021,-7.0429,4.8215],[120.6052,-7.0418,0.0]]],
[[[120.6178,-7.0399,15.1468],[120.619,-7.0424,10.2728],[120.6206,-7.042,0.0],[120.6197,-7.0404,15.1468],[120.6178,-7.0399,15.1468]]],
[[[120.6134,-7.0408,13.0273],[120.6136,-7.0402,0.0],[120.6111,-7.0394,0.0],[120.6118,-7.0413,0.0],[120.6134,-7.0408,13.0273]]],
[[[117.0389,-5.052,1.8881],[117.0395,-5.0533,0.0],[117.0413,-5.0513,2.1245],[117.0429,-5.0465,4.215],[117.0423,-5.0425,1.1939],[117.0402,-5.0404,1.3924],[117.0389,-5.0429,2.5797],[117.0389,-5.052,1.8881]]],
[[[117.0633,-5.0252,0.0],[117.063,-5.0256,0.0],[117.0642,-5.026,0.0],[117.0638,-5.0254,0.0],[117.0633,-5.0252,0.0]]],
[[[117.0618,-5.0238,0.0],[117.063,-5.0235,0.0],[117.063,-5.0211,0.0],[117.0617,-5.0223,0.0],[117.0618,-5.0238,0.0]]],
[[[117.0739,-5.0183,3.8226],[117.0713,-5.0176,0.0],[117.0685,-5.0239,2.6656],[117.0726,-5.025,0.0],[117.0748,-5.0235,0.0],[117.076,-5.0204,3.3273],[117.0739,-5.0183,3.8226]]],
[[[119.2893,-4.9672,1.447],[119.2872,-4.9663,4.8836],[119.2858,-4.9687,0.0],[119.2872,-4.9694,1.8041],[119.2893,-4.9672,1.447]]],
[[[119.3272,-4.9689,1.1213],[119.3277,-4.971,0.0],[119.3288,-4.9679,0.0],[119.3275,-4.9675,0.0],[119.3272,-4.9689,1.1213]]],
[[[119.3408,-4.9445,0.0],[119.3406,-4.947,0.3905],[119.3417,-4.9476,0.3905],[119.3423,-4.9455,0.0],[119.3408,-4.9445,0.0]]],
[[[119.3296,-5.0207,0.0],[119.3285,-5.022,0.0],[119.3286,-5.0224,0.0],[119.33,-5.0213,0.0],[119.3296,-5.0207,0.0]]],
[[[119.3261,-5.0074,0.0],[119.3252,-5.0058,0.0],[119.3228,-5.0062,0.0],[119.3233,-5.0152,0.0],[119.3216,-5.0167,0.0],[119.3255,-5.0181,0.0],[119.3234,-5.0208,0.0],[119.3252,-5.02,0.0],[119.3259,-5.0215,0.0],[119.3297,-5.0184,0.0],[119.3275,-5.0159,0.0],[119.3261,-5.0074,0.0]]],
[[[119.3204,-4.9288,1.3091],[119.3207,-4.9305,0.0],[119.3217,-4.9281,0.0],[119.3199,-4.9256,0.0],[119.3196,-4.9262,0.0],[119.3204,-4.9288,1.3091]]],
[[[119.341,-4.8867,2.2281],[119.3401,-4.8851,1.4403],[119.3392,-4.888,0.0],[119.3401,-4.8882,0.0],[119.341,-4.8867,2.2281]]],
[[[119.2679,-4.8822,0.0],[119.267,-4.8794,0.0],[119.2656,-4.8793,0.0],[119.2653,-4.8827,2.9118],[119.2679,-4.8822,0.0]]],
[[[119.3423,-4.8454,0.8761],[119.3424,-4.8469,0.0],[119.344,-4.8465,0.0],[119.3433,-4.8445,0.0],[119.3423,-4.8454,0.8761]]],
[[[119.234,-4.8111,0.0],[119.2347,-4.8122,0.8221],[119.2354,-4.8105,0.642],[119.2348,-4.8103,0.0],[119.234,-4.8111,0.0]]],
[[[119.3308,-4.8019,0.0],[119.3315,-4.8033,0.0],[119.3327,-4.8033,0.0],[119.3319,-4.8011,0.0],[119.3308,-4.8019,0.0]]],
[[[119.0624,-4.7358,0.0],[119.0622,-4.7406,0.4507],[119.0629,-4.7418,0.0],[119.0636,-4.7363,1.1788],[119.0624,-4.7358,0.0]]],
[[[119.3038,-4.7267,1.1114],[119.3032,-4.727,1.1114],[119.3033,-4.7284,0.0],[119.3048,-4.7259,0.0],[119.3038,-4.7267,1.1114]]],
[[[118.9825,-4.7219,1.4059],[118.9814,-4.7192,1.1986],[118.979,-4.7195,0.0],[118.9806,-4.7234,0.0],[118.9824,-4.7236,0.0],[118.9825,-4.7219,1.4059]]],
[[[119.274,-4.7198,0.0],[119.2733,-4.719,0.6241],[119.2722,-4.7218,0.0],[119.2729,-4.7217,0.0],[119.274,-4.7198,0.0]]],
[[[119.0615,-4.7198,0.0],[119.0659,-4.716,3.6556],[119.0663,-4.7136,0.0],[119.0606,-4.7166,1.3236],[119.0615,-4.7198,0.0]]],
[[[118.9576,-4.6977,0.0],[118.9555,-4.6956,-0.238],[118.9503,-4.6965,0.0],[118.9512,-4.6982,0.0],[118.9539,-4.6974,2.7117],[118.9576,-4.6989,1.3296],[118.9654,-4.7058,0.0],[118.9664,-4.7043,0.0],[118.9649,-4.701,4.242],[118.9553,-4.6968,-0.2084],[118.9576,-4.6977,0.0]]],
[[[119.1228,-4.6909,0.0],[119.1241,-4.6899,0.0],[119.1178,-4.6909,0.3233],[119.1184,-4.6916,0.0],[119.1228,-4.6909,0.0]]],
[[[119.2222,-4.5584,0.0],[119.2237,-4.5597,0.0],[119.2239,-4.557,0.6081],[119.2227,-4.5571,0.6081],[119.2222,-4.5584,0.0]]],
[[[119.1569,-4.4896,0.0],[119.1559,-4.4894,0.0],[119.1555,-4.4903,0.0],[119.1574,-4.4909,0.0],[119.1569,-4.4896,0.0]]],
[[[119.3278,-4.7047,3.2514],[119.3287,-4.7072,0.0],[119.3303,-4.7049,0.5959],[119.3288,-4.7037,1.439],[119.3278,-4.7047,3.2514]]],
[[[119.301,-4.7876,0.0],[119.3008,-4.7891,0.0],[119.3012,-4.7894,0.0],[119.3017,-4.7881,0.0],[119.301,-4.7876,0.0]]],
[[[119.6027,-3.9927,0.0],[119.6032,-3.9935,0.6805],[119.6038,-3.993,0.0],[119.6034,-3.9923,0.0],[119.6027,-3.9927,0.0]]],
[[[120.1994,-2.965,0.0],[120.2012,-2.9667,0.0],[120.2032,-2.9655,0.0],[120.2002,-2.9617,0.7498],[120.1988,-2.9625,1.5406],[120.1994,-2.965,0.0]]],
[[[120.1982,-2.9626,1.5406],[120.1972,-2.9627,0.0],[120.1968,-2.9636,0.4394],[120.1982,-2.9635,1.8015],[120.1982,-2.9626,1.5406]]],
[[[120.2034,-2.9597,0.0],[120.2036,-2.9585,0.0],[120.2004,-2.958,1.1967],[120.2013,-2.9599,0.0],[120.2034,-2.9597,0.0]]],
[[[120.9623,-2.8118,15.7559],[120.9673,-2.8104,6.9997],[120.9644,-2.8077,0.0],[120.9618,-2.811,0.0],[120.9547,-2.8114,0.0],[120.9576,-2.8151,0.0],[120.961,-2.8144,40.7912],[120.9623,-2.8118,15.7559]]],
[[[119.5714,-4.4882,0.0],[119.5726,-4.4883,0.0],[119.5713,-4.4863,1.0032],[119.5706,-4.4874,1.0032],[119.5714,-4.4882,0.0]]],
[[[119.6021,-4.3423,0.0],[119.6036,-4.3405,2.1824],[119.6058,-4.3407,0.0],[119.6037,-4.3375,0.0],[119.599,-4.3387,1.5754],[119.5986,-4.3532,5.6906],[119.5959,-4.359,1.1968],[119.5918,-4.3618,6.7454],[119.5922,-4.364,3.2557],[119.6004,-4.357,0.0],[119.6032,-4.3488,1.3223],[119.6021,-4.3423,0.0]]],
[[[119.6218,-4.1809,0.0],[119.6204,-4.1788,1.76],[119.6181,-4.1814,0.0],[119.6189,-4.1822,0.0],[119.6218,-4.1809,0.0]]],
[[[119.6048,-4.1445,0.0],[119.6027,-4.1446,0.0],[119.6029,-4.1469,0.0],[119.6044,-4.1463,0.0],[119.6048,-4.1445,0.0]]],
[[[119.6235,-4.0459,0.0],[119.6234,-4.046,0.0],[119.6235,-4.0462,0.0],[119.6236,-4.046,0.0],[119.6235,-4.0459,0.0]]],
[[[119.6213,-4.0036,0.0],[119.6213,-4.0043,0.0],[119.6214,-4.0043,0.0],[119.6214,-4.0036,0.0],[119.6213,-4.0036,0.0]]],
[[[119.6288,-4.0021,0.6448],[119.6288,-4.0022,0.6448],[119.6291,-4.0024,0.6448],[119.6288,-4.0021,0.6448]]],
[[[119.6014,-3.996,3.3449],[119.6032,-3.9989,0.6955],[119.6063,-3.9988,0.0],[119.6072,-3.9974,0.0],[119.6035,-3.9941,0.0],[119.6014,-3.996,3.3449]]],
[[[119.3649,-4.9554,2.082],[119.3657,-4.9563,0.0],[119.3664,-4.9556,2.082],[119.3657,-4.9548,2.082],[119.3649,-4.9554,2.082]]],
[[[120.3157,-4.9471,0.0],[120.3155,-4.949,0.0],[120.3173,-4.9517,0.0],[120.3179,-4.9503,0.0],[120.3157,-4.9471,0.0]]],
[[[119.4207,-4.9425,4.0722],[119.4194,-4.9402,1.6591],[119.4178,-4.9441,0.0],[119.4197,-4.9444,7.1605],[119.4207,-4.9425,4.0722]]],
[[[119.3963,-4.9454,6.9647],[119.3973,-4.9486,0.0],[119.4009,-4.9454,1.6794],[119.3989,-4.9412,0.0],[119.3973,-4.9415,2.5124],[119.3963,-4.9454,6.9647]]],
[[[119.3987,-4.9248,0.0],[119.3965,-4.9261,0.0],[119.3991,-4.9255,0.0],[119.4002,-4.9237,0.0],[119.3987,-4.9248,0.0]]],
[[[119.3596,-4.8965,1.3309],[119.3588,-4.8976,1.3309],[119.3594,-4.8984,0.0],[119.3611,-4.8972,0.0],[119.3596,-4.8965,1.3309]]],
[[[119.3863,-4.8552,4.1231],[119.3822,-4.8558,1.0103],[119.3862,-4.859,2.3706],[119.3879,-4.8564,0.0],[119.3863,-4.8552,4.1231]]],
[[[119.4041,-4.8457,0.0],[119.4048,-4.8443,0.0],[119.4034,-4.8436,0.0],[119.4029,-4.8452,0.0],[119.4041,-4.8457,0.0]]],
[[[119.4191,-4.8228,0.0],[119.4182,-4.8247,0.0],[119.4219,-4.8202,4.6315],[119.4193,-4.8175,0.0],[119.4195,-4.8221,0.0],[119.4191,-4.8228,0.0]]],
[[[119.4641,-4.7747,0.0],[119.4639,-4.7753,0.0],[119.4641,-4.7756,0.0],[119.4644,-4.7753,0.0],[119.4641,-4.7747,0.0]]],
[[[119.4465,-4.7718,0.0],[119.4476,-4.7734,0.0],[119.4486,-4.77,2.0181],[119.4476,-4.7703,2.0181],[119.4465,-4.7718,0.0]]],
[[[119.4346,-4.7757,0.8516],[119.4357,-4.7782,0.0],[119.4376,-4.7709,0.0],[119.4355,-4.7712,0.0],[119.4346,-4.7757,0.8516]]],
[[[119.4623,-4.7674,2.0185],[119.4634,-4.7679,1.1418],[119.4646,-4.7663,1.1418],[119.4621,-4.7665,2.0185],[119.4623,-4.7674,2.0185]]],
[[[119.4349,-4.7495,0.0],[119.4338,-4.7468,1.4944],[119.4314,-4.7477,2.6554],[119.4317,-4.7529,5.6869],[119.4343,-4.753,0.0],[119.4349,-4.7495,0.0]]],
[[[119.4515,-4.7395,0.0],[119.451,-4.7391,0.0],[119.4497,-4.7389,0.8157],[119.4503,-4.7402,0.0],[119.4515,-4.7395,0.0]]],
[[[119.3633,-4.7103,6.5032],[119.3638,-4.7117,0.0],[119.3655,-4.7111,2.5344],[119.3648,-4.7098,2.5344],[119.3633,-4.7103,6.5032]]],
[[[119.3526,-4.7167,7.8024],[119.353,-4.7181,0.0],[119.3546,-4.7174,0.0],[119.3538,-4.7159,0.0],[119.3526,-4.7167,7.8024]]],
[[[119.4685,-4.6914,0.7432],[119.47,-4.6925,0.0],[119.4708,-4.6883,1.669],[119.4693,-4.6866,2.4115],[119.4678,-4.6886,6.0225],[119.4685,-4.6914,0.7432]]],
[[[119.5045,-4.6747,0.0],[119.5043,-4.6744,0.0],[119.5043,-4.6751,0.0],[119.5046,-4.675,0.0],[119.5045,-4.6747,0.0]]],
[[[119.4503,-4.6642,0.0],[119.4505,-4.6644,0.0],[119.4509,-4.6643,0.0],[119.4506,-4.6638,0.0],[119.4503,-4.6642,0.0]]],
[[[119.5033,-4.6563,0.0],[119.5032,-4.6546,0.0],[119.5018,-4.6551,1.362],[119.5019,-4.6557,1.362],[119.5033,-4.6563,0.0]]],
[[[120.4078,-4.5928,0.0],[120.4064,-4.5924,0.0],[120.4062,-4.5894,0.0],[120.4027,-4.5907,0.0],[120.4051,-4.5953,0.0],[120.4082,-4.5945,0.0],[120.4078,-4.5928,0.0]]],
[[[120.4216,-4.5796,0.0],[120.4184,-4.5795,0.0],[120.4183,-4.5822,0.0],[120.4158,-4.5833,0.0],[120.4173,-4.5878,0.0],[120.4218,-4.5874,0.0],[120.4216,-4.5796,0.0]]],
[[[120.4225,-4.5758,0.0],[120.4233,-4.5735,0.0],[120.4198,-4.5709,0.0],[120.415,-4.5732,0.0],[120.4157,-4.5756,0.0],[120.4225,-4.5758,0.0]]],
[[[120.4345,-4.5592,0.0],[120.4371,-4.5609,0.0],[120.4385,-4.5563,0.0],[120.4353,-4.5564,0.0],[120.4345,-4.5592,0.0]]],
[[[120.4772,-4.5361,0.0],[120.4793,-4.5427,0.0],[120.4815,-4.533,0.0],[120.4754,-4.5309,0.0],[120.4772,-4.5361,0.0]]],
[[[120.462,-4.5298,0.0],[120.4555,-4.529,0.0],[120.449,-4.5341,0.0],[120.447,-4.5371,0.0],[120.4487,-4.5421,0.0],[120.4559,-4.5434,0.0],[120.4604,-4.5418,0.0],[120.4629,-4.5347,0.0],[120.462,-4.5298,0.0]]],
[[[120.4505,-4.5092,0.0],[120.4527,-4.5084,0.0],[120.4519,-4.5072,0.0],[120.4416,-4.5009,0.0],[120.4262,-4.5007,0.0],[120.4167,-4.4949,0.0],[120.4161,-4.4961,0.0],[120.4228,-4.5012,0.0],[120.422,-4.509,0.0],[120.4233,-4.5182,0.0],[120.4301,-4.5186,0.0],[120.4371,-4.5102,0.0],[120.444,-4.5066,0.0],[120.4466,-4.5088,0.0],[120.4505,-4.5092,0.0]]],
[[[119.4775,-4.7032,3.3941],[119.4744,-4.6998,0.3532],[119.4687,-4.705,1.4985],[119.4696,-4.7097,1.141],[119.4732,-4.7116,0.0],[119.4771,-4.7066,0.2242],[119.4775,-4.7032,3.3941]]],
[[[119.4621,-4.698,0.0],[119.4571,-4.6967,0.3669],[119.4486,-4.7027,0.0],[119.4491,-4.7077,1.6678],[119.4502,-4.7082,0.0],[119.4581,-4.6986,0.7544],[119.4621,-4.698,0.0]]],
[[[119.4332,-4.7864,0.0],[119.4322,-4.7845,0.0],[119.4294,-4.7849,0.0],[119.4321,-4.7879,4.132],[119.4321,-4.7904,0.0],[119.4329,-4.7889,0.0],[119.4332,-4.7864,0.0]]],
[[[119.3367,-5.3206,0.0],[119.3368,-5.3247,0.0],[119.3417,-5.3297,0.0],[119.3448,-5.3242,0.0],[119.3401,-5.32,0.0],[119.3367,-5.3206,0.0]]],
[[[119.3402,-5.3135,0.0],[119.3404,-5.3161,0.0],[119.3431,-5.3167,0.0],[119.3412,-5.313,0.0],[119.3402,-5.3135,0.0]]],
[[[117.8885,-5.2829,3.8196],[117.8879,-5.2915,4.5206],[117.8897,-5.2958,0.9277],[117.8986,-5.2614,0.4313],[117.8929,-5.2381,3.6094],[117.8894,-5.234,0.0],[117.8866,-5.2384,0.0],[117.8857,-5.2467,0.3656],[117.8857,-5.2521,0.0],[117.8907,-5.2632,0.8501],[117.8885,-5.2829,3.8196]]],
[[[117.8897,-5.1713,1.7],[117.8854,-5.168,4.1127],[117.8809,-5.1685,1.4592],[117.8777,-5.1736,0.0],[117.8792,-5.1778,7.9381],[117.8812,-5.1792,6.314],[117.8849,-5.1788,4.7633],[117.8902,-5.1736,1.1534],[117.8897,-5.1713,1.7]]],
[[[119.2666,-5.1466,0.4705],[119.2648,-5.1451,1.506],[119.2625,-5.146,0.0],[119.2638,-5.1513,0.0],[119.2627,-5.1533,0.0],[119.2654,-5.1502,1.3233],[119.2666,-5.1466,0.4705]]],
[[[119.4031,-5.1338,0.0],[119.4032,-5.134,0.0],[119.4033,-5.134,0.0],[119.4034,-5.1339,0.0],[119.4031,-5.1338,0.0]]],
[[[119.403,-5.1358,0.0],[119.4029,-5.1357,0.0],[119.4029,-5.1359,0.0],[119.403,-5.1358,0.0]]],
[[[119.3903,-5.1351,0.8158],[119.3891,-5.131,0.0],[119.3898,-5.137,1.233],[119.3932,-5.1391,1.0379],[119.394,-5.1374,1.5168],[119.3903,-5.1351,0.8158]]],
[[[117.6559,-5.2287,0.0],[117.656,-5.2251,0.1746],[117.6582,-5.2218,0.0],[117.6554,-5.2254,0.1746],[117.6498,-5.228,0.0],[117.6559,-5.2287,0.0]]],
[[[117.6546,-5.219,1.8209],[117.6543,-5.2217,0.0],[117.656,-5.222,0.3883],[117.6818,-5.1978,0.0],[117.6783,-5.1903,-0.101],[117.6736,-5.1849,0.8869],[117.6622,-5.1757,0.0],[117.6592,-5.1762,0.0],[117.654,-5.1844,0.0],[117.6541,-5.1906,1.0534],[117.6526,-5.1934,2.0224],[117.6564,-5.1952,0.6746],[117.6605,-5.2017,2.7792],[117.6593,-5.2093,3.5612],[117.6546,-5.219,1.8209]]],
[[[120.3907,-5.1163,8.9718],[120.3876,-5.122,46.8589],[120.3902,-5.1253,4.841],[120.3941,-5.1256,10.7515],[120.3963,-5.1209,0.0],[120.3923,-5.116,1.1723],[120.3907,-5.1163,8.9718]]],
[[[120.4125,-5.1102,3.0811],[120.4111,-5.1117,0.0],[120.4122,-5.113,0.0],[120.4141,-5.1118,0.0],[120.4145,-5.1087,0.0],[120.4125,-5.1102,3.0811]]],
[[[119.2898,-5.1049,0.2819],[119.2879,-5.1026,0.0],[119.2852,-5.1028,0.0],[119.2837,-5.1061,0.0],[119.2846,-5.1098,0.0],[119.2863,-5.1102,0.0],[119.2898,-5.1049,0.2819]]],
[[[120.4179,-5.0999,0.0],[120.4205,-5.1016,0.0],[120.4214,-5.0937,0.0],[120.4191,-5.0946,2.9869],[120.4179,-5.0999,0.0]]],
[[[117.0539,-5.0914,0.0],[117.0483,-5.0885,3.1847],[117.0455,-5.0916,8.6011],[117.0463,-5.0937,9.3079],[117.0451,-5.0949,0.0],[117.0473,-5.0979,6.2592],[117.054,-5.1016,0.0],[117.0585,-5.1015,0.0],[117.0621,-5.0978,0.0],[117.0539,-5.0914,0.0]]],
[[[119.4056,-5.0892,0.0],[119.4059,-5.0872,0.0],[119.4007,-5.0863,0.0],[119.4001,-5.0909,0.0],[119.4025,-5.0926,0.0],[119.3977,-5.0949,0.0],[119.3979,-5.0965,0.0],[119.4,-5.0968,0.0],[119.401,-5.1007,0.0],[119.4042,-5.1016,0.0],[119.4065,-5.0981,0.0],[119.405,-5.0948,0.0],[119.4061,-5.0944,0.0],[119.4056,-5.0892,0.0]]],
[[[119.3163,-5.0863,0.0],[119.3178,-5.0895,0.0],[119.3223,-5.0804,0.0],[119.3191,-5.0768,0.0],[119.3158,-5.0792,0.0],[119.3163,-5.0863,0.0]]],
[[[119.4118,-5.0786,0.0],[119.4107,-5.0771,0.0],[119.4061,-5.0768,0.0],[119.4032,-5.0822,0.0],[119.4089,-5.0829,0.0],[119.4119,-5.0811,0.0],[119.4118,-5.0786,0.0]]],
[[[120.4229,-5.0694,4.7894],[120.4261,-5.0744,0.0],[120.4263,-5.0679,6.8574],[120.4234,-5.0667,11.2075],[120.4229,-5.0694,4.7894]]],
[[[120.4254,-5.0591,0.0],[120.4278,-5.0586,0.0],[120.4279,-5.0573,3.6497],[120.4244,-5.0523,0.0],[120.423,-5.0444,0.0],[120.4199,-5.0431,0.0],[120.4171,-5.0487,2.3293],[120.4126,-5.0496,16.9584],[120.4122,-5.0525,14.5335],[120.4197,-5.0547,0.0],[120.4254,-5.0591,0.0]]],
[[[117.0741,-5.0452,4.1173],[117.0713,-5.0452,0.0],[117.0745,-5.0504,0.0],[117.0757,-5.0468,2.0045],[117.0741,-5.0452,4.1173]]],
[[[120.3933,-5.0382,1.5777],[120.391,-5.0393,0.0],[120.3901,-5.0412,5.8499],[120.3933,-5.0412,9.0989],[120.3933,-5.0382,1.5777]]],
[[[119.2785,-5.0336,0.0],[119.2738,-5.0318,0.0],[119.2746,-5.0335,0.0],[119.2747,-5.0322,0.0],[119.2764,-5.0329,0.0],[119.2756,-5.0356,0.0],[119.2741,-5.0359,0.0],[119.2761,-5.0381,0.0],[119.2753,-5.0417,0.0],[119.2773,-5.0417,0.0],[119.2806,-5.0382,0.0],[119.2785,-5.0336,0.0]]],
[[[117.9138,-5.0547,0.0],[117.9139,-5.0563,0.8284],[117.9159,-5.0568,0.0],[117.9193,-5.055,0.8513],[117.9211,-5.0519,1.9312],[117.9199,-5.0488,3.045],[117.9161,-5.0484,2.4717],[117.9138,-5.0547,0.0]]],
[[[119.2733,-5.0518,0.0],[119.274,-5.0506,0.0],[119.2707,-5.0502,0.0],[119.2706,-5.0536,0.0],[119.2737,-5.0529,0.0],[119.2733,-5.0518,0.0]]],
[[[119.4223,-5.0522,0.0],[119.4221,-5.0555,0.0],[119.4243,-5.0585,0.0],[119.4307,-5.0574,0.0],[119.4267,-5.0505,0.0],[119.4223,-5.0522,0.0]]],
[[[119.3212,-5.0538,0.0],[119.3228,-5.0559,0.0],[119.3244,-5.0542,0.0],[119.3216,-5.0525,0.0],[119.3212,-5.0538,0.0]]],
[[[119.3559,-5.0525,0.0],[119.354,-5.0518,0.0],[119.3528,-5.0544,0.0],[119.3553,-5.055,0.0],[119.3559,-5.0525,0.0]]],
[[[120.3968,-5.045,1.6618],[120.3986,-5.0421,0.0],[120.3967,-5.0404,0.0],[120.3955,-5.0467,0.0],[120.3968,-5.045,1.6618]]],
[[[119.4183,-5.0425,0.0],[119.4191,-5.0461,0.0],[119.4231,-5.0451,0.0],[119.4195,-5.0407,0.0],[119.4183,-5.0425,0.0]]],
[[[119.3258,-5.0548,0.0],[119.3295,-5.0552,0.0],[119.3319,-5.0512,0.0],[119.3318,-5.0453,0.0],[119.3271,-5.0412,0.0],[119.3226,-5.0424,0.0],[119.3214,-5.0445,0.0],[119.3258,-5.0548,0.0]]],
[[[119.2775,-5.0452,0.0],[119.2737,-5.0429,0.0],[119.2728,-5.0468,0.0],[119.2757,-5.0471,0.0],[119.2775,-5.0452,0.0]]],
[[[120.3927,-5.0707,0.0],[120.3928,-5.0696,0.0],[120.3915,-5.0719,0.0],[120.3925,-5.0716,0.0],[120.3927,-5.0707,0.0]]],
[[[119.4115,-5.0725,0.0],[119.4093,-5.0722,0.0],[119.4081,-5.0736,0.0],[119.41,-5.0744,0.0],[119.4115,-5.0725,0.0]]],
[[[119.4032,-5.0718,0.0],[119.4047,-5.0728,0.0],[119.4034,-5.0745,0.0],[119.4043,-5.0754,0.0],[119.4094,-5.0683,0.0],[119.4041,-5.066,0.0],[119.4032,-5.0718,0.0]]],
[[[120.3992,-5.0666,3.3856],[120.3981,-5.0679,3.3856],[120.3988,-5.0706,0.0],[120.4014,-5.068,10.2144],[120.3992,-5.0666,3.3856]]],
[[[119.3425,-5.1255,1.4641],[119.3439,-5.1256,1.4641],[119.3425,-5.1238,0.0],[119.3421,-5.1247,1.4641],[119.3425,-5.1255,1.4641]]],
[[[118.1506,-5.1184,0.0],[118.1459,-5.1141,0.0],[118.1438,-5.1211,0.0],[118.1389,-5.1267,0.0],[118.1487,-5.1302,2.9313],[118.155,-5.1346,0.0],[118.1565,-5.1334,0.0],[118.1506,-5.1184,0.0]]],
[[[119.3928,-5.1273,0.0],[119.3924,-5.1286,0.0],[119.3965,-5.12,0.0],[119.3955,-5.121,0.0],[119.3928,-5.1273,0.0]]],
[[[119.4002,-5.1153,0.0],[119.4001,-5.1154,0.0],[119.4001,-5.1155,0.0],[119.4003,-5.1155,0.0],[119.4002,-5.1153,0.0]]],
[[[119.4002,-5.1153,0.0],[119.4002,-5.1151,0.0],[119.4001,-5.1151,0.0],[119.4,-5.1152,0.0],[119.4002,-5.1153,0.0]]],
[[[119.3994,-5.1147,0.0],[119.3996,-5.1146,0.0],[119.3998,-5.1146,0.0],[119.3994,-5.1145,0.0],[119.3994,-5.1147,0.0]]],
[[[119.4005,-5.1132,0.9221],[119.3998,-5.1143,0.9221],[119.4,-5.1149,0.0],[119.4013,-5.1138,0.9221],[119.4005,-5.1132,0.9221]]],
[[[117.0558,-5.0378,4.6689],[117.058,-5.0384,0.0],[117.0593,-5.0364,2.9454],[117.0572,-5.0322,0.0],[117.0563,-5.0345,3.0436],[117.0564,-5.0374,4.6689],[117.0558,-5.0378,4.6689]]],
[[[119.3222,-5.0361,0.0],[119.3227,-5.0354,0.0],[119.3211,-5.0347,0.0],[119.3207,-5.036,0.0],[119.3222,-5.0361,0.0]]],
[[[119.4119,-5.0309,0.0],[119.4107,-5.0285,0.0],[119.4053,-5.0287,0.0],[119.4077,-5.0329,0.0],[119.4119,-5.0309,0.0]]],
[[[119.4138,-5.0357,0.0],[119.4115,-5.0357,0.0],[119.4108,-5.0374,0.0],[119.4131,-5.0373,0.0],[119.4138,-5.0357,0.0]]],
[[[120.4799,-5.6783,4.0889],[120.4793,-5.6763,17.8617],[120.477,-5.6758,0.0],[120.4737,-5.6807,9.3757],[120.4778,-5.6814,0.0],[120.4799,-5.6783,4.0889]]],
[[[120.4305,-5.6394,0.0],[120.425,-5.6403,2.7165],[120.4204,-5.6489,0.6107],[120.4215,-5.6556,0.0],[120.425,-5.6595,2.7297],[120.4296,-5.6609,0.8048],[120.4335,-5.6596,0.0],[120.4456,-5.6463,2.8618],[120.4435,-5.6418,5.2102],[120.4353,-5.6422,4.5028],[120.4305,-5.6394,0.0]]],
[[[119.6019,-5.6479,0.0],[119.5982,-5.6475,0.0],[119.5961,-5.6467,0.0],[119.5992,-5.6498,0.0],[119.6019,-5.6479,0.0]]],
[[[119.5244,-5.594,0.0],[119.5278,-5.5945,0.0],[119.5276,-5.5899,0.0],[119.5267,-5.5901,0.0],[119.5244,-5.594,0.0]]],
[[[119.5199,-5.589,0.0],[119.5177,-5.5877,0.0],[119.5149,-5.5899,0.0],[119.5144,-5.5923,0.0],[119.5183,-5.5935,0.0],[119.52,-5.5921,0.0],[119.5199,-5.589,0.0]]],
[[[118.4539,-5.5006,0.0],[118.4519,-5.4999,4.8614],[118.45,-5.5014,5.7859],[118.45,-5.5069,5.7719],[118.4523,-5.5116,0.0],[118.4566,-5.5118,2.1531],[118.4571,-5.5028,0.0],[118.4539,-5.5006,0.0]]],
[[[118.6337,-5.4883,0.0],[118.6296,-5.4874,0.0],[118.6273,-5.4923,0.0],[118.6287,-5.4984,0.0],[118.6319,-5.5031,0.0],[118.6347,-5.4911,0.0],[118.6337,-5.4883,0.0]]],
[[[119.2548,-5.5219,0.0],[119.2605,-5.5266,0.0],[119.2682,-5.5263,0.0],[119.2703,-5.5237,0.0],[119.27,-5.5194,0.0],[119.2713,-5.5192,0.0],[119.2729,-5.5229,0.2466],[119.2721,-5.5257,1.2881],[119.2679,-5.5288,1.1746],[119.2675,-5.5317,0.0],[119.2684,-5.5342,0.0],[119.2729,-5.5364,0.0],[119.2856,-5.5345,0.0],[119.2865,-5.532,0.0],[119.2901,-5.5311,0.5508],[119.2967,-5.5316,0.0],[119.3081,-5.5258,0.0],[119.3082,-5.5209,0.0],[119.3103,-5.5208,0.0],[119.3171,-5.5155,1.0767],[119.3199,-5.5107,0.0],[119.3205,-5.4952,0.5947],[119.3169,-5.4864,1.746],[119.319,-5.4832,0.0],[119.3172,-5.4813,0.0],[119.3203,-5.4788,0.0],[119.3203,-5.4756,0.0],[119.3171,-5.472,0.9336],[119.313,-5.4731,0.0],[119.3116,-5.4762,0.5778],[119.3097,-5.4765,0.0],[119.3024,-5.4714,0.824],[119.3085,-5.4717,0.0],[119.3153,-5.4688,0.0],[119.315,-5.4628,0.0],[119.2945,-5.4491,0.0],[119.2845,-5.4514,0.0],[119.2793,-5.4492,0.0],[119.2713,-5.4493,0.0],[119.2647,-5.4535,0.0],[119.2627,-5.4557,0.0],[119.2632,-5.4623,0.0],[119.2699,-5.4717,0.0],[119.2741,-5.4725,0.0],[119.2747,-5.4739,0.0],[119.2725,-5.4767,0.0],[119.2723,-5.484,0.0],[119.2774,-5.4936,0.0],[119.2776,-5.4977,0.0],[119.2757,-5.5013,0.573],[119.2697,-5.4993,0.0],[119.2672,-5.5023,0.0],[119.2593,-5.5032,0.3323],[119.2566,-5.4991,0.0],[119.2598,-5.495,0.0],[119.2599,-5.4868,0.0],[119.2578,-5.4842,0.0],[119.2519,-5.4855,0.0],[119.248,-5.492,0.0],[119.2489,-5.4982,0.0],[119.2449,-5.5023,0.0],[119.2435,-5.5068,0.0],[119.2499,-5.5119,0.0],[119.2573,-5.514,0.0],[119.2571,-5.5181,0.0],[119.2549,-5.5198,0.0],[119.2548,-5.5219,0.0]]],
[[[117.9397,-5.3667,-0.8786],[117.9311,-5.3539,0.0],[117.9251,-5.3524,0.0],[117.9209,-5.3533,0.0],[117.9264,-5.3856,5.1089],[117.9299,-5.3947,0.0],[117.9365,-5.4043,0.4802],[117.9467,-5.4078,1.4067],[117.9505,-5.4057,1.1718],[117.9519,-5.4022,2.7001],[117.9536,-5.3944,-0.0432],[117.9529,-5.3878,-0.1422],[117.9397,-5.3667,-0.8786]]],
[[[118.4267,-5.4184,0.0],[118.4369,-5.408,0.0],[118.4334,-5.3983,1.225],[118.4284,-5.3948,2.8093],[118.4248,-5.397,4.6701],[118.4243,-5.399,6.6612],[118.4259,-5.4039,4.1114],[118.4251,-5.4144,4.0985],[118.4267,-5.4184,0.0]]],
[[[119.1904,-5.3976,0.0],[119.19,-5.4008,0.6514],[119.1922,-5.4017,0.0],[119.1974,-5.3977,0.0],[119.1983,-5.3947,0.0],[119.195,-5.3925,0.0],[119.1904,-5.3976,0.0]]],
[[[119.2382,-5.4589,0.0],[119.2395,-5.4554,0.0],[119.2393,-5.4453,0.0],[119.2352,-5.443,0.0],[119.2276,-5.4439,0.0],[119.2238,-5.4495,0.0],[119.2214,-5.4581,0.3066],[119.2225,-5.4676,0.0],[119.225,-5.47,0.0],[119.2271,-5.4695,0.216],[119.2283,-5.4669,1.3392],[119.234,-5.4638,0.0],[119.2382,-5.4589,0.0]]],
[[[119.2284,-5.4378,8.848],[119.2307,-5.4347,3.6109],[119.2222,-5.434,0.0],[119.217,-5.438,0.0],[119.2163,-5.4403,0.0],[119.2214,-5.4442,0.6023],[119.2253,-5.4392,2.7469],[119.2284,-5.4378,8.848]]],
[[[119.628,-5.6247,3.8427],[119.6379,-5.6294,10.9658],[119.6502,-5.6284,10.5959],[119.6532,-5.6344,1.6967],[119.6544,-5.6339,1.6967],[119.6533,-5.6369,4.381],[119.6541,-5.6383,0.0],[119.6562,-5.6378,5.3353],[119.6541,-5.6389,0.0],[119.6578,-5.6427,3.2236],[119.6599,-5.6482,2.2024],[119.6576,-5.6519,0.4329],[119.6586,-5.6533,0.0],[119.6568,-5.6545,0.0],[119.6517,-5.6535,2.2182],[119.6472,-5.658,3.5541],[119.6405,-5.6602,3.4307],[119.6408,-5.6721,5.3185],[119.6476,-5.6797,0.8133],[119.6474,-5.6821,0.1471],[119.6589,-5.6836,5.8505],[119.673,-5.6949,0.0],[119.676,-5.6943,7.5864],[119.6797,-5.6965,0.0],[119.6851,-5.6965,0.0],[119.6925,-5.7008,0.4499],[119.6962,-5.7004,2.4162],[119.7046,-5.7029,2.4889],[119.7298,-5.7023,0.0],[119.7353,-5.7012,1.7695],[119.7394,-5.6982,0.3686],[119.7439,-5.6985,0.0],[119.7459,-5.7009,0.4383],[119.7643,-5.703,0.0],[119.7911,-5.7017,0.0],[119.8082,-5.6904,0.0],[119.8223,-5.6732,0.0],[119.8391,-5.6726,0.9721],[119.85,-5.6652,0.5181],[119.854,-5.6598,0.0],[119.8544,-5.6565,0.0],[119.8491,-5.6512,0.0],[119.8474,-5.6526,0.1514],[119.8457,-5.649,0.6751],[119.8443,-5.6492,0.6751],[119.8439,-5.6416,1.427],[119.8382,-5.6416,5.3076],[119.8366,-5.6393,9.617],[119.8414,-5.6382,0.8942],[119.84,-5.6345,1.0],[119.8438,-5.6339,3.1187],[119.8464,-5.6361,0.0],[119.8465,-5.6345,1.9887],[119.8506,-5.6332,0.0],[119.8486,-5.6265,1.0],[119.8508,-5.6293,2.7557],[119.8544,-5.6296,1.1861],[119.8533,-5.6332,0.0],[119.8579,-5.636,0.0],[119.8626,-5.6335,0.0],[119.8606,-5.6273,0.0],[119.8662,-5.6175,1.6263],[119.8667,-5.614,0.0],[119.8647,-5.6127,0.0],[119.865,-5.6104,2.2825],[119.8668,-5.6089,5.757],[119.8683,-5.6095,5.757],[119.872,-5.6141,3.7281],[119.874,-5.6144,1.9097],[119.877,-5.6077,0.0],[119.8867,-5.5969,2.0995],[119.8978,-5.5922,0.0],[119.8997,-5.5879,0.0],[119.9058,-5.583,0.0],[119.9073,-5.5768,2.5637],[119.9176,-5.565,3.5526],[119.9188,-5.559,1.7459],[119.9228,-5.5532,0.5692],[119.9337,-5.545,0.9008],[119.9379,-5.5443,3.3346],[119.9435,-5.5459,4.484],[119.951,-5.553,0.3528],[119.9649,-5.5542,2.513],[119.9727,-5.5591,0.0],[119.9881,-5.5609,0.3464],[119.9926,-5.559,2.71],[120.0014,-5.5607,3.6349],[120.0158,-5.569,1.0888],[120.036,-5.5738,2.889],[120.0474,-5.5789,0.9778],[120.0528,-5.5782,0.0],[120.0591,-5.5828,1.4368],[120.0836,-5.5883,0.0],[120.0938,-5.5838,1.601],[120.1013,-5.5857,3.0387],[120.1059,-5.5891,1.8495],[120.1124,-5.5895,3.0239],[120.1227,-5.5872,1.457],[120.1292,-5.5884,0.0],[120.1361,-5.5836,0.6303],[120.1482,-5.5803,1.4765],[120.1553,-5.573,0.3335],[120.1706,-5.5647,0.0],[120.1744,-5.5642,3.6021],[120.1848,-5.5666,0.0],[120.1903,-5.566,0.3671],[120.2014,-5.5552,3.5786],[120.2124,-5.5493,0.0],[120.2158,-5.5436,3.6333],[120.2204,-5.5402,3.5536],[120.2308,-5.5379,5.2231],[120.2357,-5.5388,1.5716],[120.2408,-5.5356,1.3899],[120.2452,-5.5373,1.9519],[120.2584,-5.536,4.0761],[120.2759,-5.5378,1.2881],[120.2848,-5.534,0.9199],[120.2896,-5.5318,0.0],[120.2847,-5.5309,0.5531],[120.2887,-5.5304,3.4389],[120.2941,-5.5255,2.4787],[120.2959,-5.5198,2.0902],[120.3009,-5.5136,0.6554],[120.3149,-5.5072,1.4855],[120.3193,-5.5094,1.6334],[120.3421,-5.5123,13.4823],[120.3521,-5.5195,0.0],[120.3648,-5.5357,3.468],[120.3801,-5.5707,3.4931],[120.3936,-5.5863,0.0],[120.4084,-5.5972,2.2451],[120.4331,-5.6117,0.0],[120.4455,-5.6078,15.3219],[120.4544,-5.613,0.0],[120.4603,-5.6205,3.7139],[120.4674,-5.6196,0.0],[120.4721,-5.6227,3.4958],[120.4733,-5.6197,30.0525],[120.4683,-5.6147,15.0989],[120.4673,-5.6098,10.6211],[120.4684,-5.6086,0.0],[120.467,-5.6097,10.6211],[120.4632,-5.6071,33.2725],[120.4639,-5.6053,0.5369],[120.4667,-5.6052,0.0],[120.4681,-5.6076,0.0],[120.4668,-5.605,0.0],[120.4642,-5.6051,0.5369],[120.4626,-5.6027,8.3146],[120.4616,-5.5932,0.0],[120.463,-5.5838,24.0528],[120.4594,-5.5728,0.0],[120.4483,-5.5684,19.0261],[120.4452,-5.5572,0.0],[120.446,-5.5511,41.6527],[120.4509,-5.5478,8.9007],[120.4489,-5.5403,21.9825],[120.4501,-5.538,0.0],[120.4489,-5.5308,5.8922],[120.4467,-5.5265,32.4445],[120.4485,-5.5117,8.938],[120.4434,-5.4903,0.0],[120.446,-5.4817,16.8543],[120.4511,-5.4787,0.0],[120.4511,-5.4768,0.0],[120.4493,-5.4744,0.0],[120.4432,-5.4745,6.2304],[120.4409,-5.4723,0.0],[120.4367,-5.4727,1.3296],[120.433,-5.4689,3.096],[120.4283,-5.4689,45.4763],[120.4242,-5.4654,32.4102],[120.4249,-5.4638,0.0],[120.423,-5.4621,4.6286],[120.4227,-5.4577,0.0],[120.4245,-5.4521,1.926],[120.4256,-5.4531,0.0],[120.4294,-5.4513,2.6985],[120.434,-5.4519,10.312],[120.4324,-5.446,29.6646],[120.4337,-5.4452,4.6144],[120.4303,-5.4397,85.8179],[120.4284,-5.43,8.0458],[120.4259,-5.4301,27.717],[120.4225,-5.4259,0.0],[120.4208,-5.4196,15.1972],[120.413,-5.4074,2.8536],[120.4121,-5.3947,0.0],[120.4098,-5.3935,30.8059],[120.4027,-5.3784,4.7208],[120.4037,-5.3754,5.5339],[120.4074,-5.3752,7.0409],[120.4041,-5.3736,8.2668],[120.4005,-5.3658,5.4556],[120.4022,-5.3606,5.7813],[120.4067,-5.3621,0.9037],[120.4038,-5.3592,2.751],[120.407,-5.358,3.6634],[120.4068,-5.3488,9.038],[120.4046,-5.3416,0.0],[120.4027,-5.339,0.0],[120.3977,-5.3406,18.3927],[120.3934,-5.3386,11.7801],[120.3877,-5.3388,9.7655],[120.3834,-5.3336,10.9133],[120.3762,-5.3331,3.218],[120.3745,-5.3274,12.2064],[120.37,-5.3217,1.5894],[120.3641,-5.3218,1.9779],[120.3632,-5.3247,0.9227],[120.3618,-5.3246,1.6887],[120.3589,-5.3161,6.1446],[120.3537,-5.3142,6.9274],[120.349,-5.3061,6.8849],[120.3426,-5.3014,4.8155],[120.3417,-5.2927,30.74],[120.3362,-5.2871,4.3752],[120.3344,-5.2875,8.4601],[120.3305,-5.2749,11.7164],[120.3276,-5.2707,0.0],[120.3278,-5.2654,0.0],[120.3245,-5.2513,13.2482],[120.3178,-5.2369,0.0],[120.314,-5.2329,10.4222],[120.3152,-5.2273,2.0301],[120.3124,-5.2265,0.603],[120.3134,-5.2248,1.2781],[120.3112,-5.217,0.0],[120.3072,-5.2113,0.0],[120.2962,-5.2034,15.0083],[120.2845,-5.1851,1.5334],[120.2815,-5.1761,0.0],[120.2778,-5.1715,1.5],[120.2754,-5.1529,8.6806],[120.2765,-5.15,0.0],[120.273,-5.1478,0.0],[120.2707,-5.143,4.8508],[120.2743,-5.1395,0.0],[120.2736,-5.1353,1.1007],[120.2755,-5.1352,2.1582],[120.2835,-5.124,2.6282],[120.2866,-5.1221,1.2775],[120.2897,-5.1156,6.261],[120.2868,-5.113,1.4434],[120.2903,-5.1107,6.3174],[120.2871,-5.1064,3.6358],[120.2886,-5.1028,0.0],[120.2884,-5.0941,2.3374],[120.2902,-5.0936,0.0],[120.2879,-5.0918,2.8563],[120.2916,-5.0792,0.0],[120.2897,-5.0677,3.2007],[120.2911,-5.0638,0.9292],[120.3005,-5.0552,2.0483],[120.2986,-5.0544,0.5],[120.30029999999999,-5.0492,0.0],[120.2986,-5.0476,1.0832],[120.3014,-5.0425,0.0],[120.2983,-5.0444,0.5247],[120.2913,-5.0448,0.5],[120.2892,-5.0428,2.67],[120.2927,-5.0402,0.0],[120.2904,-5.0367,1.7651],[120.2923,-5.0361,0.0],[120.2916,-5.0336,0.0],[120.294,-5.0312,0.0],[120.2978,-5.0207,0.0],[120.2969,-5.0153,0.0],[120.3018,-5.0092,0.0],[120.3044,-5.0023,11.5981],[120.3078,-5.0023,0.0],[120.3086,-5.0005,0.0],[120.3034,-4.9902,0.0],[120.3044,-4.9843,0.0],[120.3005,-4.9809,0.0],[120.3,-4.9773,0.0],[120.3009,-4.973,6.8726],[120.3052,-4.9725,0.0],[120.3042,-4.9701,0.0],[120.3059,-4.9696,0.0],[120.3052,-4.9677,0.0],[120.3072,-4.9641,0.0],[120.3051,-4.9619,0.0],[120.3045,-4.964,0.0],[120.3028,-4.9635,0.0],[120.2985,-4.9589,0.0],[120.2971,-4.9519,0.0],[120.2986,-4.9511,0.0],[120.2969,-4.9486,0.0],[120.2981,-4.9445,40.1699],[120.3055,-4.9448,0.9695],[120.308,-4.9433,0.0],[120.3109,-4.9362,0.0],[120.309,-4.9353,0.0],[120.307,-4.9305,0.0],[120.3025,-4.9312,0.0],[120.2982,-4.928,0.0],[120.2952,-4.9214,0.0],[120.2981,-4.9142,2.0],[120.3023,-4.9123,13.3751],[120.3082,-4.9143,11.0926],[120.3147,-4.909,0.0],[120.3118,-4.9064,0.0],[120.313,-4.9025,0.0],[120.3142,-4.9025,0.0],[120.3133,-4.901,0.0],[120.3072,-4.9007,0.0],[120.3074,-4.8944,0.0],[120.3029,-4.8844,0.0],[120.3087,-4.8661,0.9765],[120.3139,-4.86,0.0],[120.3146,-4.8569,2.6028],[120.3201,-4.8542,0.0],[120.3203,-4.851,2.0],[120.3243,-4.8497,0.4531],[120.3378,-4.8402,1.9593],[120.344,-4.839,3.2964],[120.3555,-4.8401,1.0224],[120.3608,-4.8441,1.5433],[120.3658,-4.8452,0.0],[120.3757,-4.8424,1.779],[120.3833,-4.8379,1.1092],[120.3826,-4.8294,1.3826],[120.3801,-4.8231,1.3714],[120.3821,-4.8214,1.0034],[120.3813,-4.8121,0.4756],[120.3789,-4.8079,1.1143],[120.3832,-4.805,0.0],[120.3864,-4.7955,2.7664],[120.3863,-4.788,7.1188],[120.3839,-4.7847,2.2437],[120.3854,-4.7682,2.4833],[120.3921,-4.7567,1.4147],[120.3987,-4.755,1.3999],[120.3954,-4.7532,2.0],[120.3938,-4.7491,3.2498],[120.4004,-4.7333,3.0966],[120.4006,-4.7252,2.3373],[120.3973,-4.7193,1.0],[120.4003,-4.7094,2.253],[120.4092,-4.6952,2.3036],[120.4315,-4.678,0.0],[120.4443,-4.6646,0.6084],[120.4445,-4.6621,5.089],[120.4497,-4.6584,7.019],[120.4613,-4.6583,0.0],[120.4514,-4.657,8.5076],[120.4496,-4.6512,0.0],[120.442,-4.6485,7.5171],[120.4407,-4.6464,13.3625],[120.441,-4.6406,0.0],[120.4387,-4.6403,0.575],[120.44,-4.6332,0.6933],[120.4326,-4.6232,0.0],[120.4295,-4.6229,1.1869],[120.4241,-4.6184,0.9205],[120.4191,-4.618,1.5],[120.4084,-4.6132,2.5827],[120.3996,-4.6061,0.0],[120.387,-4.5661,2.099],[120.3838,-4.5613,2.622],[120.3839,-4.5548,2.6381],[120.3856,-4.5552,0.8927],[120.3862,-4.5493,2.025],[120.3936,-4.5507,0.0],[120.4064,-4.547,0.0],[120.4074,-4.5443,0.0],[120.4058,-4.5456,0.0],[120.4053,-4.5423,0.0],[120.4052,-4.5441,0.0],[120.4056,-4.5459,0.6641],[120.394,-4.5502,0.0],[120.3849,-4.5487,5.5967],[120.3858,-4.5423,2.0883],[120.393,-4.5405,0.0],[120.3858,-4.5421,2.0883],[120.3846,-4.5382,4.9329],[120.3852,-4.5286,0.0],[120.3802,-4.5229,1.0222],[120.3766,-4.5119,1.5],[120.3812,-4.5064,0.0],[120.3821,-4.5001,2.4804],[120.3879,-4.4902,1.8772],[120.3903,-4.4906,1.9269],[120.3929,-4.4876,6.4483],[120.3979,-4.4919,0.0],[120.4019,-4.4812,0.0],[120.3969,-4.469,2.0475],[120.3875,-4.4681,12.8061],[120.3854,-4.4673,0.0],[120.3831,-4.4619,3.2017],[120.3736,-4.4608,1.0125],[120.3723,-4.459,2.2838],[120.3755,-4.4581,0.0],[120.3758,-4.4566,7.1121],[120.3721,-4.452,9.5433],[120.3716,-4.4461,0.0],[120.3657,-4.4445,1.2284],[120.36279999999999,-4.4418,2.3076],[120.3634,-4.4393,0.0],[120.3599,-4.439,2.5257],[120.36,-4.4375,0.0],[120.3565,-4.4357,0.0],[120.3473,-4.4257,2.5124],[120.3466,-4.4125,3.2433],[120.3484,-4.4072,0.0],[120.3471,-4.4047,3.2128],[120.355,-4.3999,0.9473],[120.3635,-4.3826,1.7532],[120.3612,-4.3781,2.2413],[120.3609,-4.3707,0.0],[120.363,-4.3694,2.0],[120.369,-4.3737,0.0],[120.3774,-4.3663,0.0],[120.3862,-4.3537,2.5415],[120.384,-4.3513,2.0],[120.3878,-4.3508,0.5017],[120.3879,-4.3484,0.5662],[120.3902,-4.3475,2.3793],[120.3905,-4.3442,0.5],[120.3924,-4.3427,1.8773],[120.3933,-4.3325,3.2282],[120.3925,-4.3256,1.548],[120.3877,-4.3133,0.0],[120.3734,-4.2999,6.925],[120.3649,-4.2986,0.0],[120.3672,-4.2963,0.9987],[120.3657,-4.2956,3.2002],[120.3646,-4.2904,4.9207],[120.3657,-4.2625,3.38],[120.3716,-4.249,0.0],[120.3727,-4.2334,4.6064],[120.3663,-4.2218,3.2245],[120.3692,-4.2111,2.2918],[120.3754,-4.2036,3.2322],[120.3766,-4.1894,2.2068],[120.3815,-4.1768,0.0],[120.3804,-4.1686,2.2092],[120.3781,-4.1629,0.0],[120.3758,-4.1624,2.6624],[120.3758,-4.1587,3.3402],[120.3732,-4.1537,2.0546],[120.3743,-4.1511,4.0499],[120.3733,-4.1445,0.0],[120.3625,-4.1412,0.449],[120.3542,-4.1335,1.584],[120.3469,-4.1316,3.1057],[120.344,-4.128,2.909],[120.3454,-4.1234,1.2497],[120.3403,-4.1107,0.8475],[120.3381,-4.1091,0.0],[120.3322,-4.1102,1.8407],[120.3304,-4.1038,1.7219],[120.3315,-4.0962,2.285],[120.3345,-4.0958,1.0651],[120.3355,-4.0933,4.1139],[120.3383,-4.0919,0.7927],[120.3488,-4.0745,1.9614],[120.3484,-4.0697,1.5491],[120.3559,-4.0649,3.2111],[120.3567,-4.0566,0.0],[120.3545,-4.0537,1.5395],[120.3569,-4.0523,1.4115],[120.3576,-4.0491,3.027],[120.3564,-4.0435,0.0],[120.3539,-4.0411,1.8511],[120.3553,-4.0364,1.1002],[120.3539,-4.0321,3.4351],[120.3569,-4.0287,0.7607],[120.3568,-4.0258,2.6805],[120.3593,-4.026,3.3957],[120.361,-4.0218,0.0],[120.3589,-4.0182,2.3323],[120.3526,-4.0146,3.2852],[120.3489,-4.01,3.3212],[120.3463,-4.0012,0.0],[120.345,-3.9989,1.5033],[120.3428,-4.0,1.5],[120.3413,-3.9954,2.1387],[120.3504,-3.9863,1.2434],[120.3512,-3.9828,2.7963],[120.3498,-3.9813,2.5867],[120.3525,-3.98,1.2645],[120.3532,-3.9742,1.8612],[120.3513,-3.9684,3.3567],[120.3445,-3.9599,3.2151],[120.336,-3.9385,2.0942],[120.3441,-3.9046,0.0],[120.3437,-3.8916,0.8517],[120.3455,-3.8906,1.0836],[120.3565,-3.8667,0.0],[120.3561,-3.8644,1.1642],[120.3608,-3.8544,0.0],[120.3615,-3.8487,0.7939],[120.3656,-3.8497,0.0],[120.3732,-3.8413,0.0],[120.3778,-3.8287,0.0],[120.3835,-3.8183,0.0],[120.384,-3.8134,1.8546],[120.3944,-3.7969,1.186],[120.3982,-3.7949,0.0],[120.4011,-3.7861,0.3373],[120.4098,-3.7749,1.0952],[120.4386,-3.7469,2.5259],[120.4413,-3.7393,0.0],[120.4409,-3.728,0.0],[120.4386,-3.7258,1.0],[120.4384,-3.7149,0.5],[120.4363,-3.7072,2.4669],[120.4372,-3.701,1.5456],[120.4348,-3.6974,0.0],[120.4371,-3.6962,1.8497],[120.438,-3.6889,1.9364],[120.4361,-3.6859,1.1333],[120.4297,-3.6827,0.0],[120.4325,-3.6803,0.0],[120.4306,-3.6808,0.0],[120.4288,-3.683,1.6112],[120.4286,-3.6788,0.0],[120.4275,-3.6796,0.0],[120.4283,-3.6827,2.0068],[120.4273,-3.6811,0.0],[120.4278,-3.6826,2.0068],[120.4243,-3.6821,2.1524],[120.421,-3.679,1.2951],[120.4177,-3.6785,2.2609],[120.412,-3.6636,0.0],[120.4152,-3.6598,0.8504],[120.4124,-3.6582,2.6668],[120.4116,-3.6499,12.0654],[120.4144,-3.6457,0.0],[120.4123,-3.6451,3.2717],[120.4117,-3.6416,15.4649],[120.4151,-3.6418,0.0],[120.4117,-3.6407,12.6229],[120.4178,-3.6322,6.9508],[120.4158,-3.6293,7.6183],[120.4182,-3.6265,0.0],[120.4156,-3.6198,2.7417],[120.4179,-3.617,2.5139],[120.4196,-3.6071,4.5959],[120.4174,-3.5732,2.5953],[120.4129,-3.5644,0.0741],[120.4097,-3.5641,1.722],[120.4088,-3.5619,2.6521],[120.4055,-3.561,1.1533],[120.4052,-3.5556,0.9069],[120.4007,-3.5511,16.3986],[120.3998,-3.5418,1.6733],[120.4012,-3.5392,3.0016],[120.3996,-3.537,0.0],[120.4019,-3.5311,0.0],[120.3987,-3.5287,1.4836],[120.3922,-3.5271,4.4967],[120.3871,-3.5222,1.5],[120.3872,-3.517,0.5],[120.3847,-3.5112,3.9051],[120.3812,-3.5087,1.8825],[120.3794,-3.5003,0.1333],[120.3796,-3.4983,0.0],[120.385,-3.4958,2.6852],[120.387,-3.4913,0.5],[120.3914,-3.4885,0.0],[120.3894,-3.4826,0.0],[120.3913,-3.4763,2.2241],[120.3889,-3.4699,1.2788],[120.3901,-3.4658,1.1434],[120.3887,-3.46,1.4935],[120.3906,-3.4552,3.3828],[120.3921,-3.4553,0.9203],[120.3895,-3.4451,0.6152],[120.3921,-3.4419,2.8952],[120.3963,-3.4411,0.9317],[120.3997,-3.4365,0.619],[120.4018,-3.4365,0.0],[120.4045,-3.4314,0.0],[120.4018,-3.4171,1.2596],[120.4041,-3.4122,0.0],[120.4036,-3.3993,3.1572],[120.3993,-3.3956,2.1493],[120.4011,-3.395,1.2205],[120.4022,-3.3887,1.3717],[120.3979,-3.3856,1.0],[120.404,-3.3848,0.0],[120.4037,-3.3837,0.0],[120.3972,-3.3854,2.05],[120.4003,-3.3832,0.785],[120.3988,-3.3814,2.0994],[120.4003,-3.3729,0.0],[120.3989,-3.3723,1.303],[120.399,-3.3669,1.0897],[120.3975,-3.3658,1.7123],[120.402,-3.3559,1.2644],[120.3993,-3.3495,1.1459],[120.4013,-3.3489,1.1636],[120.4045,-3.3396,0.0],[120.4032,-3.3335,0.7066],[120.3981,-3.3236,0.6497],[120.3974,-3.3169,0.25],[120.3981,-3.3118,0.6172],[120.4066,-3.3057,1.6112],[120.4057,-3.3024,2.8246],[120.4071,-3.2997,3.0683],[120.3989,-3.2888,3.5343],[120.405,-3.2786,0.0],[120.4168,-3.2726,1.4437],[120.4193,-3.2702,0.8896],[120.4209,-3.2651,3.663],[120.4182,-3.263,4.9888],[120.416,-3.2572,4.2688],[120.4176,-3.2484,3.4406],[120.4118,-3.2544,0.0],[120.4112,-3.2587,1.5378],[120.4057,-3.2608,3.2613],[120.397,-3.258,1.3072],[120.3904,-3.2513,4.4552],[120.3884,-3.2511,1.6077],[120.3886,-3.2446,0.7557],[120.3858,-3.2408,1.7953],[120.3879,-3.229,0.0],[120.381,-3.2235,2.6729],[120.3812,-3.217,0.2914],[120.3834,-3.2119,1.0662],[120.3818,-3.2021,1.7882],[120.3793,-3.2024,3.0196],[120.3722,-3.1992,0.0],[120.3679,-3.2,3.4718],[120.3656,-3.1968,2.0773],[120.3618,-3.1962,0.0],[120.3562,-3.1982,1.4415],[120.3387,-3.1873,0.0],[120.3281,-3.1846,1.66],[120.3262,-3.1856,1.4407],[120.3211,-3.1813,4.3411],[120.3134,-3.1803,3.4653],[120.3102,-3.1779,0.0],[120.304,-3.1779,0.762],[120.2987,-3.1753999999999998,1.5755],[120.2934,-3.1702,1.4645],[120.2919,-3.1707,2.0709],[120.29,-3.168,1.5],[120.2812,-3.1656,0.0],[120.2776,-3.1671,5.4884],[120.2752,-3.1653,3.5406],[120.2716,-3.1682,0.25],[120.2656,-3.1665,2.7683],[120.2556,-3.16,0.0],[120.2533,-3.1548,0.8835],[120.2517,-3.1424,1.8411],[120.2568,-3.1353,0.6032],[120.2603,-3.1268,0.0],[120.2593,-3.1107,1.5918],[120.2611,-3.1056,1.6679],[120.2626,-3.0878,0.8939],[120.2619,-3.0792,0.8551],[120.2581,-3.0695,1.3237],[120.2587,-3.065,1.3321],[120.2543,-3.059,1.1074],[120.2531,-3.0515,3.6335],[120.2498,-3.0503999999999998,0.637],[120.2501,-3.0475,0.0],[120.2476,-3.0465,0.5468],[120.2478,-3.0498,1.941],[120.2454,-3.0487,0.3968],[120.2443,-3.0503,1.2638],[120.2408,-3.0489,0.9286],[120.2396,-3.0501,1.1657],[120.2357,-3.0479,0.0],[120.2337,-3.0486,1.0912],[120.2295,-3.0433,0.6671],[120.2269,-3.0306,2.0491],[120.2224,-3.0207,1.1338],[120.2237,-3.0196,0.0],[120.2218,-3.0076,0.0],[120.2194,-3.0047,2.3373],[120.2177,-3.0048,0.7704],[120.2174,-3.0013,1.7785],[120.211,-2.9982,1.0386],[120.2134,-2.9957,0.0],[120.2124,-2.9938,0.0],[120.2069,-2.9914,0.8749],[120.2108,-2.9874,0.0],[120.21,-2.9864,0.0],[120.2031,-2.9899,0.7173],[120.1975,-2.9835,1.1807],[120.1977,-2.9811,0.7086],[120.1938,-2.9816,1.2782],[120.1882,-2.9773,1.0],[120.1904,-2.9762,0.3088],[120.1896,-2.9686,2.659],[120.193,-2.9619,2.1117],[120.199,-2.9608,1.5418],[120.1994,-2.9573,1.3492],[120.2097,-2.9569,0.0],[120.2115,-2.9547,1.2017],[120.2163,-2.957,0.3854],[120.223,-2.9548,0.9561],[120.2275,-2.9562,0.2183],[120.2298,-2.9526,0.375],[120.2323,-2.9537,0.6689],[120.2384,-2.9475,4.264],[120.2468,-2.9453,1.9455],[120.2495,-2.9466,0.0],[120.2516,-2.9437,2.8397],[120.2555,-2.9459,0.7583],[120.263,-2.9398,5.3359],[120.2657,-2.9393,2.3301],[120.266,-2.9366,0.0],[120.2645,-2.9352,1.0109],[120.266,-2.9338,2.4885],[120.2686,-2.9328,0.0],[120.2713,-2.934,1.3465],[120.2794,-2.9287,2.1127],[120.2832,-2.921,1.1214],[120.2859,-2.9212,4.8201],[120.2879,-2.9158,1.1171],[120.2875,-2.9105,0.5],[120.2887,-2.9138,0.0],[120.293,-2.9138,0.0],[120.2933,-2.9173,0.0],[120.2953,-2.9181,0.0],[120.2997,-2.9092,0.0],[120.3029,-2.9065,0.0],[120.3077,-2.9088,0.0],[120.3125,-2.9075,0.0],[120.3141,-2.9084,0.0],[120.3214,-2.9031,0.0],[120.3244,-2.9025,0.0],[120.3247,-2.9,0.0],[120.3313,-2.896,0.0],[120.3331,-2.8929,0.0],[120.3327,-2.8866,0.0],[120.3351,-2.8865,0.0],[120.3449,-2.8779,0.0],[120.347,-2.8737,0.0],[120.3457,-2.8711,0.0],[120.3469,-2.8699,0.0],[120.352,-2.8673,1.3342],[120.3559,-2.8677,0.0],[120.356,-2.8644,4.5264],[120.3645,-2.8657,0.0],[120.3776,-2.8609,0.0],[120.3902,-2.8535,0.0],[120.3968,-2.8514,0.0],[120.3997,-2.8476,0.0],[120.4044,-2.8464,0.0],[120.4094,-2.8428,0.0],[120.4168,-2.8431,0.0],[120.4227,-2.838,0.0],[120.4277,-2.8374,0.0],[120.4317,-2.8296,0.0],[120.4331,-2.8318,0.0],[120.4375,-2.8316,0.0],[120.4393,-2.8296,0.0],[120.4407,-2.8303,0.0],[120.4477,-2.8268,0.0],[120.4485,-2.8245,2.7511],[120.4497,-2.8253,0.8388],[120.4554,-2.8219,0.2111],[120.4556,-2.8199,1.845],[120.4614,-2.8136,5.7308],[120.4629,-2.8149,0.0],[120.4668,-2.8123,1.3315],[120.4669,-2.8081,0.0],[120.4731,-2.8065,1.7448],[120.4781,-2.8025,3.0992],[120.4812,-2.7961,4.8624],[120.4838,-2.7958,0.0],[120.4855,-2.7906,4.4734],[120.4845,-2.7897,4.4734],[120.4901,-2.7877,2.9316],[120.4865,-2.7848,2.0285],[120.4908,-2.7824,3.0445],[120.4919,-2.7798,1.6986],[120.4924,-2.7812,4.8314],[120.4982,-2.7792,2.6974],[120.5018,-2.7727,7.3894],[120.5058,-2.7747,0.3566],[120.518,-2.7697,1.0517],[120.5236,-2.761,3.7204],[120.5272,-2.7615,0.8056],[120.53,-2.7573,1.2603],[120.5315,-2.7579,0.6054],[120.5327,-2.7537,2.9367],[120.5387,-2.7512,0.0],[120.5377,-2.7487,0.0],[120.5407,-2.7469,0.0],[120.5396,-2.7445,0.0],[120.5407,-2.7388,0.0],[120.5642,-2.7255,0.0],[120.5654,-2.7237,0.0],[120.5641,-2.721,0.0],[120.571,-2.7148,0.0],[120.5695,-2.7083,1.3799],[120.5732,-2.7052,0.0],[120.5746,-2.7003,0.0],[120.5733,-2.6959,0.0],[120.5703,-2.6951,0.7673],[120.5698,-2.6895,0.5],[120.5718,-2.6859,1.5356],[120.5765,-2.6882,0.0],[120.5831,-2.6845,2.4671],[120.5873,-2.6856,4.1631],[120.5938,-2.6837,1.0402],[120.6012,-2.6791,2.4384],[120.6082,-2.6785,3.8198],[120.6112,-2.6814,0.0],[120.6155,-2.6811,2.5921],[120.6223,-2.6835,2.3341],[120.6331,-2.6822,1.7245],[120.649,-2.6687,2.9807],[120.6559,-2.6669,0.0],[120.6573,-2.6622,6.6502],[120.6621,-2.6626,2.5879],[120.6669,-2.6521,2.4855],[120.6727,-2.6491,3.4908],[120.673,-2.6445,4.7139],[120.6753,-2.6462,2.7071],[120.6811,-2.6457,2.715],[120.6859,-2.643,1.7825],[120.7107,-2.6425,4.061],[120.7186,-2.6373,2.0189],[120.7277,-2.635,2.5529],[120.7461,-2.6371,0.0],[120.7476,-2.6358,0.0],[120.7474,-2.6303,0.0],[120.7499,-2.6225,2.7443],[120.7553,-2.6201,1.4642],[120.7726,-2.6194,1.5],[120.7824,-2.6272,1.5996],[120.7851,-2.6274,1.3776],[120.7898,-2.6258,1.7975],[120.792,-2.621,0.0],[120.7961,-2.624,2.9148],[120.8017,-2.62,0.0],[120.8092,-2.6188,2.5577],[120.8173,-2.6196,0.0],[120.8215,-2.6227,6.9885],[120.8275,-2.63,3.1618],[120.8272,-2.6371,1.3958],[120.8313,-2.6377,2.8494],[120.8346,-2.6414,0.0],[120.8373,-2.6409,1.7599],[120.8399,-2.6495,1.5526],[120.8567,-2.657,3.4822],[120.8588,-2.6573,0.7267],[120.8607,-2.6548,5.7844],[120.863,-2.6569,0.0],[120.8661,-2.6567,0.0],[120.8681,-2.6452,5.0546],[120.8732,-2.646,0.0],[120.8877,-2.6428,0.0],[120.8885,-2.6405,1.8622],[120.8913,-2.6403,0.4341],[120.8959,-2.6451,0.0],[120.8995,-2.6446,0.0],[120.9009,-2.6482,0.0],[120.9035,-2.6489,1.8633],[120.9051,-2.6558,6.91],[120.9043,-2.6603,0.0],[120.9067,-2.6624,1.5876],[120.913,-2.6611,0.75],[120.9131,-2.6639,1.7714],[120.9148,-2.6649,0.0],[120.9198,-2.6641,0.7105],[120.9278,-2.6593,7.9819],[120.9396,-2.6611,4.9816],[120.9431,-2.658,1.975],[120.9477,-2.6607,2.7631],[120.9488,-2.665,0.0],[120.9541,-2.6685,0.0],[120.9594,-2.6676,1.0],[120.9623,-2.6702,0.8979],[120.9702,-2.6706,1.8523],[120.9735,-2.668,4.3118],[120.9773,-2.6698,0.0],[120.9795,-2.6673,5.6578],[120.985,-2.67,3.1226],[120.987,-2.6729,7.5073],[120.9896,-2.6723,0.0],[120.9946,-2.6789,6.7383],[120.9977,-2.6793,9.0267],[121.0019,-2.6761,1.5187],[121.0051,-2.6788,4.7293],[121.0093,-2.6765,4.1644],[121.0107,-2.6772,4.1644],[121.0137,-2.6731,3.6343],[121.0173,-2.6715,13.3916],[121.0175,-2.6732,0.0],[121.0198,-2.6726,8.4694],[121.0219,-2.6677,0.0],[121.0194,-2.6609,0.0],[121.0178,-2.6608,1.08],[121.0206,-2.6558,0.75],[121.0211,-2.6504,1.1664],[121.027,-2.654,0.0],[121.0294,-2.654,1.0],[121.0312,-2.6598,0.0],[121.0431,-2.6562,2.0],[121.0446,-2.6543,1.875],[121.0544,-2.6584,3.1063],[121.0488,-2.662,1.8205],[121.0361,-2.6648,6.1979],[121.037,-2.6662,6.1979],[121.0347,-2.6712,0.0],[121.0403,-2.6699,0.5],[121.0407,-2.671,0.5],[121.0358,-2.6734,1.8639],[121.0344,-2.6768,0.0],[121.037,-2.6943,0.0],[121.0427,-2.6967,2.2678],[121.0475,-2.6923,2.9361],[121.0486,-2.6986,3.2447],[121.0568,-2.6933,3.9039],[121.0629,-2.6935,5.868],[121.0649,-2.6961,4.9259],[121.0717,-2.6982,1.4004],[121.0763,-2.6985,3.1567],[121.0789,-2.6968,3.0115],[121.0846,-2.7043,1.3101],[121.087,-2.715,1.5833],[121.097,-2.7155,4.0765],[121.0942,-2.7232,0.802],[121.085,-2.7329,0.0],[121.0861,-2.7404,0.0],[121.0827,-2.7444,0.0],[121.0788,-2.7437,2.6546],[121.0755,-2.7461,2.5922],[121.0738,-2.7441,1.3794],[121.069,-2.7429,21.4048],[121.0696,-2.7402,29.7522],[121.0679,-2.7382,0.0],[121.0658,-2.7464,10.9673],[121.0626,-2.7481,25.3114],[121.0647,-2.7518,53.0431],[121.0651,-2.7644,8.8338],[121.0602,-2.7706,6.2047],[121.0493,-2.7727,0.0],[121.0486,-2.7774,11.506],[121.0459,-2.7782,11.9237],[121.0434,-2.7765,32.1672],[121.0358,-2.7767,15.5463],[121.0373,-2.7719,17.2917],[121.036,-2.7668,0.0],[121.0337,-2.7675,0.0],[121.0299,-2.7811,30.89],[121.0261,-2.7837,0.0],[121.0261,-2.7893,0.0],[121.0206,-2.7924,8.6438],[121.0189,-2.7909,0.0],[121.0188,-2.7958,10.8448],[121.0214,-2.7972,51.5662],[121.0201,-2.802,11.5045],[121.0217,-2.8043,33.2175],[121.0172,-2.8086,81.4555],[121.014,-2.8087,13.9959],[121.0132,-2.8048,0.0],[121.0062,-2.799,0.0],[121.0055,-2.8002,4.5637],[121.0077,-2.804,0.0],[121.0061,-2.8093,0.0],[121.0027,-2.8098,26.6204],[121.0035,-2.814,8.7737],[121.0004,-2.8168,0.0],[120.9937,-2.8185,12.6289],[120.9898,-2.8154,4.838],[120.985,-2.8162,0.0],[120.9778,-2.8062,0.0],[120.9747,-2.8087,20.0005],[120.9774,-2.8225,0.0],[120.9822,-2.8223,63.5175],[120.986,-2.826,3.5466],[120.9883,-2.8313,27.6875],[121.0194,-2.8198,321.2418],[121.0276,-2.808,219.2708],[121.0295,-2.7962,185.1445],[121.0316,-2.7935,204.5272],[121.0371,-2.7915,323.7306],[121.053,-2.7919,437.7153],[121.0625,-2.7867,465.5152],[121.0687,-2.7875,518.6815],[121.0801,-2.7794,445.2424],[121.1214,-2.7913,988.0702],[121.133,-2.7978,918.7885],[121.154,-2.8152,784.3909],[121.1638,-2.8145,522.4291],[121.1719,-2.8176,391.7523],[121.177,-2.8306,294.0297],[121.1813,-2.8358,250.461],[121.1872,-2.8388,216.0747],[121.1948,-2.8517,163.3933],[121.1969,-2.8519,151.5737],[121.1984,-2.8553,142.6968],[121.2032,-2.8576,127.5386],[121.2076,-2.8533,133.6918],[121.2121,-2.8579,131.4806],[121.2144,-2.8581,119.7751],[121.2147,-2.8554,127.0747],[121.2179,-2.8539,122.7872],[121.2196,-2.8549,129.6725],[121.219,-2.8578,125.6873],[121.2213,-2.8577,112.8779],[121.2233,-2.8536,127.7359],[121.2212,-2.8508,112.4933],[121.2238,-2.8493,121.4026],[121.2208,-2.8431,106.7757],[121.2247,-2.8449,111.3179],[121.2312,-2.8442,112.3753],[121.2332,-2.8421,109.8923],[121.2308,-2.8372,134.6665],[121.2352,-2.8288,187.3655],[121.2413,-2.8253,500.5466],[121.2805,-2.8186,863.1571],[121.2954,-2.8071,737.1343],[121.3081,-2.8056,729.0183],[121.3187,-2.8077,1015.4169],[121.3326,-2.834,634.9199],[121.3405,-2.8597,601.2982],[121.3535,-2.8859,1113.8318],[121.3577,-2.8993,1154.3469],[121.3577,-2.9039,1055.2748],[121.354,-2.9096,896.3053],[121.3369,-2.925,627.4592],[121.3287,-2.936,625.9016],[121.3295,-2.9399,584.8965],[121.3406,-2.9532,523.381],[121.3468,-2.9665,504.6499],[121.3555,-2.974,541.9371],[121.3622,-2.9761,512.7513],[121.3727,-2.9768,523.567],[121.3815,-2.98,529.9092],[121.4119,-3.0024,1022.0306],[121.4403,-3.0067,915.6765],[121.4574,-3.0132,1002.2107],[121.4611,-3.0105,934.0744],[121.4652,-2.9992,849.3108],[121.4919,-2.9782,817.6714],[121.4991,-2.9741,638.2147],[121.5083,-2.9738,783.9178],[121.5254,-2.9621,491.6336],[121.5402,-2.9408,387.2786],[121.5447,-2.9249,452.616],[121.5471,-2.9217,520.0412],[121.5575,-2.9195,621.8152],[121.5658,-2.9222,594.1049],[121.5704,-2.9175,715.9312],[121.5888,-2.911,771.8098],[121.5969,-2.905,744.0124],[121.6009,-2.9035,604.6783],[121.6168,-2.9057,843.1575],[121.6298,-2.8972,942.0524],[121.6378,-2.8941,968.1908],[121.6542,-2.8984,972.8261],[121.6678,-2.8969,1032.6757],[121.6754,-2.9004,993.3018],[121.6855,-2.9008,1066.8494],[121.6904,-2.8887,950.2479],[121.6912,-2.8823,901.377],[121.6883,-2.878,898.9485],[121.6726,-2.869,942.7855],[121.6721,-2.854,1001.7923],[121.6698,-2.8426,757.2146],[121.6784,-2.8296,799.3442],[121.6865,-2.821,1062.9238],[121.6987,-2.8144,1006.6506],[121.7031,-2.8144,1023.7316],[121.7094,-2.8182,1087.4705],[121.7123,-2.8182,1063.209],[121.7198,-2.8141,1106.6512],[121.724,-2.808,967.2946],[121.7222,-2.7683,766.797],[121.7242,-2.7658,773.901],[121.7415,-2.7563,748.0431],[121.743,-2.7496,766.1556],[121.7544,-2.7346,1004.067],[121.7577,-2.7051,1063.8091],[121.7636,-2.6967,1025.4714],[121.7772,-2.6875,1314.3906],[121.7896,-2.667,845.3092],[121.7898,-2.6564,660.3969],[121.7806,-2.6492,678.4355],[121.7784,-2.6449,718.2844],[121.7799,-2.6307,971.3481],[121.7753,-2.6246,1012.0947],[121.7556,-2.6105,959.1626],[121.7384,-2.5927,816.2745],[121.7041,-2.5381,1081.2847],[121.6983,-2.5329,1130.8029],[121.6938,-2.5316,899.777],[121.6894,-2.5325,859.7869],[121.6873,-2.535,1013.8267],[121.6866,-2.5409,994.9919],[121.6836,-2.5427,928.0288],[121.6666,-2.5368,868.9886],[121.6595,-2.5398,897.3232],[121.6532,-2.5395,916.5496],[121.649,-2.5342,991.2993],[121.6437,-2.5227,936.2595],[121.6363,-2.502,1024.7734],[121.631,-2.494,1080.425],[121.6263,-2.49,1143.5894],[121.6175,-2.4858,905.0103],[121.6115,-2.4848,969.2396],[121.5858,-2.4918,1089.2969],[121.5598,-2.4911,1026.9836],[121.556,-2.4853,951.8128],[121.5496,-2.4802,810.15],[121.5455,-2.4719,719.9766],[121.5308,-2.467,690.4321],[121.5272,-2.4618,715.965],[121.516,-2.4599,677.6602],[121.5129,-2.455,641.2634],[121.5066,-2.4516,632.2044],[121.5013,-2.4526,626.1755],[121.4903,-2.4302,1280.3147],[121.4688,-2.4216,1135.7781],[121.4603,-2.4198,953.5749],[121.447,-2.4116,731.8409],[121.4421,-2.405,469.7459],[121.4406,-2.4068,486.5527],[121.4162,-2.4066,604.0568],[121.4104,-2.4105,654.7208],[121.408,-2.4103,647.2428],[121.3187,-2.3888,423.5611],[121.2986,-2.378,468.5739],[121.2406,-2.3666,1096.4764],[121.2306,-2.3613,1228.5897],[121.2064,-2.3713,1197.7251],[121.1819,-2.3752,1335.6453],[121.1756,-2.3698,1246.8992],[121.1629,-2.3514,786.1818],[121.1505,-2.3416,779.0836],[121.1459,-2.3342,476.5016],[121.1408,-2.3204,681.7144],[121.1127,-2.2909,1462.8636],[121.1051,-2.2792,1651.5941],[121.1012,-2.2766,1694.3083],[121.0778,-2.2698,1570.1434],[121.0532,-2.267,1520.5569],[121.0344,-2.2755,1290.0974],[121.0284,-2.2703,1321.4929],[121.0098,-2.2618,1296.2826],[121.0031,-2.252,1361.6732],[120.9951,-2.2463,1400.5952],[120.9606,-2.2337,1569.9333],[120.9365,-2.2282,1493.8622],[120.8803,-2.2198,1274.754],[120.8527,-2.2181,1288.457],[120.8377,-2.2186,1304.3281],[120.805,-2.2253,1098.854],[120.791,-2.2385,1260.2605],[120.7566,-2.239,1495.8604],[120.7423,-2.2303,1784.7838],[120.7256,-2.2267,1831.4329],[120.7174,-2.2233,1670.3853],[120.6992,-2.2108,1490.3275],[120.6853,-2.2054,1563.8678],[120.6766,-2.1957,1690.5548],[120.6684,-2.1923,1579.0093],[120.6223,-2.1621,1234.584],[120.5864,-2.1295,1088.8644],[120.5803,-2.1226,976.6566],[120.5782,-2.1162,970.1447],[120.5433,-2.0783,1024.459],[120.5397,-2.0703,1136.7115],[120.5028,-2.0296,1591.2218],[120.4839,-2.0021,1304.9763],[120.4839,-1.9873,1475.5081],[120.4808,-1.9842,1356.3348],[120.4798,-1.9799,1455.0012],[120.477,-1.9778,1590.9524],[120.4705,-1.9629,1565.5293],[120.4657,-1.9611,1421.7853],[120.4618,-1.9537,1279.4524],[120.4462,-1.9373,1544.6902],[120.4416,-1.9365,1450.3379],[120.4274,-1.9241,1273.5433],[120.4188,-1.9145,1480.1937],[120.4085,-1.8973,1561.6377],[120.4034,-1.8955,1667.8719],[120.3908,-1.8952,1733.3922],[120.3888,-1.8975,1713.1362],[120.3795,-1.9452,1463.0808],[120.3793,-1.9534,1481.4163],[120.3754,-1.9611,1617.5518],[120.3721,-1.9629,1669.0784],[120.3629,-1.9916,1720.3972],[120.3619,-2.0108,1730.4343],[120.358,-2.0129,1728.5532],[120.357,-2.019,1732.9862],[120.3493,-2.0301,1926.7809],[120.3447,-2.0567,1924.396],[120.3398,-2.0613,1761.0496],[120.3349,-2.0616,1708.6565],[120.3173,-2.0519,1637.3351],[120.3111,-2.0506,1773.3992],[120.2916,-2.0402,1842.0935],[120.2824,-2.0326,1738.3953],[120.2706,-2.0283,1702.535],[120.2383,-2.029,1310.0677],[120.2324,-2.0321,1358.7085],[120.2178,-2.0326,1184.6136],[120.2034,-2.0362,1040.9659],[120.1791,-2.0344,1343.7162],[120.1747,-2.0319,1443.3083],[120.1642,-2.0296,1737.9224],[120.1519,-2.0226,1774.2266],[120.1417,-2.0216,1727.1935],[120.1194,-2.0124,2117.1943],[120.115,-2.009,2019.0996],[120.1144,-2.0068,1972.9154],[120.1134,-1.992,2154.1812],[120.1104,-1.9921,2239.1125],[120.0874,-1.9801,2007.7168],[120.0613,-1.9809,1933.7388],[120.0535,-1.9822,2125.2297],[120.0509,-1.9848,2165.2249],[120.0408,-1.9805,2218.1963],[120.0339,-1.9726,2048.5188],[120.0216,-1.9677,2183.4148],[120.0157,-1.97,2153.8176],[120.01,-1.9644,2111.1929],[119.9916,-1.9659,2347.1667],[119.9838,-1.9736,2472.7935],[119.972,-1.975,2200.7288],[119.9689,-1.9767,2120.104],[119.9645,-1.9896,2125.9094],[119.9638,-2.0003,2299.8015],[119.9555,-2.0038,2145.9033],[119.9523,-2.0094,2126.1882],[119.9443,-2.0158,2122.2068],[119.945,-2.0283,2074.8323],[119.9393,-2.0308,2050.2397],[119.9366,-2.0352,1959.5804],[119.9304,-2.0375,1913.7721],[119.9244,-2.0339,1809.0547],[119.9207,-2.0337,1755.8107],[119.9091,-2.0534,1673.703],[119.9003,-2.0554,1582.197],[119.8968,-2.054,1511.7666],[119.8938,-2.0489,1541.9661],[119.8911,-2.0497,1544.3206],[119.8839,-2.0462,1550.1671],[119.8793,-2.038,1668.7694],[119.8702,-2.0328,1643.1353],[119.8682,-2.0275,1675.3096],[119.8735,-2.0221,1844.4194],[119.8703,-2.0181,1864.6584],[119.8658,-2.0208,1727.6744],[119.8624,-2.0271,1707.6616],[119.8624,-2.0319,1741.9165],[119.8566,-2.0334,1716.0302],[119.8515,-2.0418,1698.1534],[119.8435,-2.0458,1859.6272],[119.8357,-2.0449,1921.6602],[119.827,-2.0474,2025.1589],[119.8177,-2.06,2317.3887],[119.8177,-2.0667,2493.4661],[119.8208,-2.0744,2453.8225],[119.8193,-2.0809,2378.127],[119.8157,-2.0848,2424.4773],[119.8174,-2.0936,2610.5632],[119.8163,-2.0982,2581.4915],[119.8142,-2.1019,2684.4932],[119.81,-2.1035,2664.2046],[119.8046,-2.1119,2441.677],[119.7918,-2.1087,2316.4937],[119.782,-2.1166,2279.4685],[119.7699,-2.121,2214.5527],[119.7663,-2.124,2180.3254],[119.7665,-2.13,2126.3862],[119.7627,-2.1356,2150.7839],[119.7637,-2.139,2148.8928],[119.7619,-2.1454,2162.7461],[119.7512,-2.1551,2063.8401],[119.7432,-2.1543,1986.0736],[119.7376,-2.1622,1931.3704],[119.7293,-2.1663,1735.8826],[119.7271,-2.1716,1753.3435],[119.727,-2.1774,1726.9757],[119.7115,-2.1898,1634.3307],[119.7071,-2.1948,1577.5656],[119.7065,-2.1981,1574.9226],[119.6912,-2.209,1446.54],[119.6849,-2.208,1449.7977],[119.6749,-2.2099,1380.0685],[119.6682,-2.2161,1347.7642],[119.6575,-2.2317,1290.7628],[119.6574,-2.2338,1308.8196],[119.6523,-2.2336,1289.3682],[119.6517,-2.2365,1310.7422],[119.6326,-2.2425,1306.7473],[119.6292,-2.2532,1271.5151],[119.6324,-2.2609,1302.7843],[119.6344,-2.2776,1138.0466],[119.6362,-2.2798,1127.3466],[119.6286,-2.2959,774.3628],[119.6323,-2.2978,697.137],[119.641,-2.3073,524.64],[119.6435,-2.3135,393.0333],[119.65,-2.3158,460.8248],[119.6504,-2.3201,543.9783],[119.6542,-2.3226,413.4243],[119.6552,-2.3263,432.0963],[119.664,-2.3274,465.2183],[119.6658,-2.3309,480.8848],[119.6703,-2.3329,541.4941],[119.6706,-2.336,546.1193],[119.6736,-2.3394,562.28],[119.6803,-2.3393,606.7737],[119.688,-2.3335,671.2277],[119.6927,-2.3365,730.2132],[119.6945,-2.3421,989.5436],[119.6904,-2.3515,1029.4908],[119.6908,-2.3544,1013.9084],[119.6934,-2.3568,1094.2236],[119.6999,-2.371,1171.7308],[119.7144,-2.3924,1408.9321],[119.7198,-2.4043,1214.9209],[119.719,-2.4095,1086.7374],[119.7126,-2.4245,720.3037],[119.6969,-2.4454,1270.6484],[119.6943,-2.4606,1613.1326],[119.7005,-2.4738,1806.1873],[119.7266,-2.4923,1982.6066],[119.7313,-2.5003,1961.9602],[119.7302,-2.5129,2112.9163],[119.7265,-2.5268,2455.6914],[119.711,-2.5545,1609.5872],[119.7095,-2.5665,1235.4519],[119.7105,-2.5694,1373.8496],[119.7161,-2.5759,1526.7296],[119.74,-2.5911,2155.2051],[119.7606,-2.6171,2294.325],[119.7825,-2.6278,2101.9485],[119.797,-2.6405,2050.6221],[119.7842,-2.6523,2323.3818],[119.7776,-2.6618,2377.8096],[119.7662,-2.6636,2437.3254],[119.7525,-2.671,2546.1372],[119.7553,-2.6774,2507.4473],[119.7599,-2.6789,2525.7034],[119.7556,-2.6852,2522.5229],[119.7526,-2.6853,2514.8345],[119.748,-2.6886,2578.9058],[119.7495,-2.6919,2541.8284],[119.7461,-2.6947,2568.894],[119.7487,-2.6998,2597.2109],[119.7494,-2.7074,2576.4487],[119.7467,-2.7145,2613.1138],[119.7366,-2.7175,2546.926],[119.731,-2.7175,2576.3757],[119.7234,-2.727,2654.1025],[119.7078,-2.7324,2612.303],[119.7004,-2.7423,2795.3232],[119.6959,-2.7449,2725.9612],[119.6931,-2.7495,2778.3413],[119.6883,-2.7531,2818.3557],[119.6799,-2.7564,2816.9956],[119.6652,-2.7535,2608.5676],[119.6601,-2.7548,2556.4978],[119.6569,-2.7532,2501.1348],[119.6496,-2.7541,2481.4736],[119.6443,-2.7516,2516.7666],[119.6355,-2.7517,2482.6514],[119.6302,-2.7545,2533.8328],[119.6249,-2.751,2365.6304],[119.6139,-2.7491,2168.0137],[119.6107,-2.7416,2376.043],[119.6074,-2.7401,2397.5029],[119.5872,-2.7434,2451.095],[119.5834,-2.7478,2560.5352],[119.5836,-2.75,2565.2148],[119.5784,-2.752,2379.491],[119.5784,-2.7576,2394.3601],[119.5847,-2.7641,2404.8931],[119.5757,-2.7708,2371.2371],[119.5732,-2.7752,2431.1567],[119.5651,-2.8064,1565.3513],[119.5615,-2.8121,1964.9208],[119.5629,-2.817,1933.3483],[119.5667,-2.8216,1915.5913],[119.5625,-2.8341,1889.3733],[119.5614,-2.8508,2139.5752],[119.5632,-2.8545,2280.7434],[119.5679,-2.858,2291.5046],[119.5688,-2.8704,2273.8994],[119.563,-2.8801,1809.4012],[119.556,-2.8854,1708.5487],[119.5507,-2.8978,1444.7231],[119.5548,-2.9035,1228.0905],[119.5543,-2.9134,1122.6768],[119.5566,-2.9208,1399.9518],[119.5687,-2.9265,1558.3386],[119.569,-2.9362,1491.4204],[119.5731,-2.9418,1561.9871],[119.5735,-2.9456,1479.2104],[119.5767,-2.9511,1316.5631],[119.5753,-2.964,847.8809],[119.573,-2.9668,820.2627],[119.5721,-2.9721,720.744],[119.5692,-2.974,671.1112],[119.5651,-2.996,509.9392],[119.5682,-3.0003,588.1104],[119.5685,-3.0038,495.3023],[119.5713,-3.0046,470.467],[119.575,-3.0124,458.123],[119.577,-3.0183,452.4684],[119.5765,-3.0263,469.8994],[119.5797,-3.0281,456.7869],[119.5787,-3.031,447.4246],[119.5802,-3.0349,514.8117],[119.5852,-3.0355,415.5221],[119.5853,-3.0413,459.2737],[119.5881,-3.0448,412.1901],[119.5866,-3.0484,467.6638],[119.5939,-3.0581,381.0357],[119.5948,-3.0633,454.4275],[119.6,-3.066,380.3978],[119.6069,-3.0666,380.3372],[119.6107,-3.0738,382.8721],[119.619,-3.0792,360.2055],[119.621,-3.088,376.5208],[119.6274,-3.0967,370.2197],[119.6278,-3.1024,368.8457],[119.6321,-3.1096,370.5988],[119.6316,-3.1246,417.2514],[119.6363,-3.1283,311.0415],[119.635,-3.129,308.5323],[119.6328,-3.1272,334.2951],[119.6307,-3.1284,440.431],[119.6267,-3.126,391.3775],[119.6222,-3.1269,463.0491],[119.6144,-3.1246,500.0166],[119.6099,-3.1202,495.8031],[119.6066,-3.1192,549.9957],[119.5978,-3.1279,1010.1417],[119.5867,-3.1252,1274.7155],[119.5796,-3.1309,1610.2876],[119.5719,-3.1314,1657.3265],[119.567,-3.1295,1636.3723],[119.5629,-3.1305,1602.9031],[119.5587,-3.1345,1722.4371],[119.5451,-3.1386,1940.3052],[119.5362,-3.1393,2211.9683],[119.5255,-3.1513,2025.2386],[119.5162,-3.1663,1892.3392],[119.5156,-3.1717,1844.6471],[119.4896,-3.1827,1706.7213],[119.4838,-3.1878,1875.246],[119.4756,-3.1911,1867.2311],[119.4639,-3.1886,1891.2227],[119.4585,-3.1823,1643.4338],[119.4471,-3.1844,1604.9929],[119.4386,-3.1836,1710.6082],[119.4301,-3.1725,1834.0896],[119.4237,-3.1784,1771.1757],[119.4093,-3.1847,1469.4023],[119.3993,-3.1921,1395.2672],[119.3945,-3.1979,1398.563],[119.3745,-3.1958,1067.9968],[119.3703,-3.1993,1030.2695],[119.3732,-3.2126,1239.8016],[119.3908,-3.2324,1553.6776],[119.4004,-3.2388,1714.1942],[119.421,-3.2488,1535.9915],[119.4223,-3.2526,1477.6539],[119.4306,-3.2632,1489.8837],[119.4361,-3.2776,1334.9915],[119.4368,-3.2886,1228.4111],[119.4348,-3.2946,1160.9548],[119.4398,-3.3029,1053.2274],[119.438,-3.3112,880.8431],[119.4346,-3.3139,804.3774],[119.4343,-3.3159,836.3293],[119.4452,-3.3321,1036.166],[119.442,-3.3381,1125.7094],[119.4359,-3.3401,1333.4475],[119.4312,-3.3392,1418.5115],[119.43,-3.3452,1356.9543],[119.4382,-3.3518,998.3181],[119.45,-3.3554,827.4733],[119.4549,-3.3662,667.7446],[119.4628,-3.3727,476.0159],[119.4653,-3.3774,389.7333],[119.459,-3.3847,279.4172],[119.4597,-3.3869,244.6547],[119.4654,-3.3899,245.9821],[119.4644,-3.3962,242.7086],[119.4669,-3.3981,187.6747],[119.467,-3.4062,153.5612],[119.4733,-3.4132,123.7619],[119.4737,-3.4161,122.7672],[119.4711,-3.417,127.1506],[119.4701,-3.4238,73.216],[119.4723,-3.4267,65.2588],[119.4721,-3.4304,58.5112],[119.4688,-3.4333,35.6601],[119.4712,-3.4387,29.7157],[119.4742,-3.4401,28.9268],[119.4736,-3.4427,31.905],[119.4756,-3.4486,29.8495],[119.4785,-3.4505,18.821],[119.4777,-3.4563,19.7668],[119.475,-3.4576,22.9282],[119.4768,-3.4619,33.3615],[119.4829,-3.4652,17.1152],[119.4826,-3.4679,20.7276],[119.486,-3.4688,15.0975],[119.4924,-3.4746,11.5074],[119.4904,-3.4815,16.2201],[119.4926,-3.4838,19.209],[119.4871,-3.4848,9.3244],[119.4847,-3.4885,9.5088],[119.4839,-3.4938,7.6893],[119.4788,-3.4946,8.6403],[119.4808,-3.497,9.8169],[119.4781,-3.4989,9.1137],[119.4789,-3.5012,10.1657],[119.4753,-3.5012,0.75],[119.4741,-3.5029,2.5979],[119.4904,-3.5182,1.208],[119.5046,-3.5366,2.3721],[119.5132,-3.5577,2.1145],[119.5135,-3.563,1.7298],[119.5104,-3.574,0.0],[119.5122,-3.5813,0.5077],[119.5102,-3.597,2.3815],[119.5053,-3.5994,0.0],[119.4971,-3.6003,0.5187],[119.4951,-3.6025,1.6578],[119.4819,-3.6313,2.9224],[119.4801,-3.6315,0.7909],[119.4813,-3.6327,0.7909],[119.4775,-3.6325,0.0],[119.4774,-3.6344,0.7723],[119.475,-3.6336,0.7663],[119.4732,-3.6361,0.0],[119.4656,-3.6389,0.4226],[119.4643,-3.641,1.0497],[119.4629,-3.6403,0.0],[119.4616,-3.6426,0.6451],[119.4581,-3.6418,0.0],[119.4566,-3.6588,0.0],[119.4501,-3.6782,0.6695],[119.4543,-3.6869,1.0761],[119.4535,-3.6917,0.9064],[119.4523,-3.6918,0.0],[119.4518,-3.6876,0.0],[119.4499,-3.6874,0.0],[119.4501,-3.6959,0.0],[119.4531,-3.7092,0.1717],[119.4524,-3.7137,0.0],[119.4599,-3.7263,0.0],[119.4807,-3.7495,3.321],[119.4945,-3.7855,0.0],[119.5064,-3.8089,0.0],[119.5288,-3.878,0.2754],[119.5371,-3.8983,1.844],[119.5432,-3.9099,0.0],[119.5489,-3.9179,0.3641],[119.5548,-3.9227,0.0],[119.5587,-3.9319,4.1836],[119.5708,-3.9477,0.0],[119.5787,-3.9828,3.4939],[119.5826,-4.0255,0.9987],[119.587,-4.0393,6.9055],[119.5961,-4.0435,1.6796],[119.5993,-4.0419,0.0],[119.5986,-4.037,0.0],[119.5945,-4.0355,5.7656],[119.5933,-4.0334,0.0],[119.5937,-4.0224,4.6369],[119.5998,-4.0188,0.7093],[119.6026,-4.0196,0.0],[119.6027,-4.0137,11.1248],[119.6144,-4.0042,0.0],[119.6068,-4.0036,2.3159],[119.6032,-4.0058,2.8324],[119.5933,-4.0048,0.8814],[119.5892,-3.9955,0.0],[119.5866,-3.9786,0.1268],[119.5873,-3.9742,0.0],[119.592,-3.9713,0.9423],[119.597,-3.9725,0.0],[119.6004,-3.9755,0.0],[119.6054,-3.9744,0.0],[119.6083,-3.9775,0.0],[119.6093,-3.9824,4.9337],[119.6123,-3.9839,1.0902],[119.6152,-3.9796,5.341],[119.623,-3.9743,9.9355],[119.6228,-3.971,1.0],[119.6263,-3.9726,0.0],[119.6269,-3.968,9.7448],[119.6285,-3.9706,0.0],[119.6284,-3.967,16.1068],[119.6294,-3.969,4.4744],[119.6334,-3.9668,4.4472],[119.6354,-3.9676,2.8711],[119.6357,-3.9704,4.4169],[119.6327,-3.9688,0.3059],[119.6309,-3.9712,0.0],[119.6343,-3.9739,8.4732],[119.6367,-3.9736,13.6907],[119.6334,-3.9753,3.0697],[119.6379,-3.9762,8.7965],[119.6349,-3.9768,2.9704],[119.6353,-3.9788,7.6139],[119.6334,-3.9798,5.9275],[119.6357,-3.9824,3.7857],[119.6353,-3.987,1.7061],[119.6303,-4.0018,4.5103],[119.625,-4.0046,5.8964],[119.6212,-4.0023,0.0],[119.622,-4.0051,3.6051],[119.6199,-4.0148,3.7811],[119.6239,-4.0235,6.1845],[119.6259,-4.0379,22.903199999999998],[119.6236,-4.0476,0.0],[119.6172,-4.0525,1.8465],[119.6221,-4.0566,1.4259],[119.623,-4.0614,0.0],[119.6185,-4.0715,1.3127],[119.6097,-4.0772,2.557],[119.606,-4.0844,1.7191],[119.6085,-4.0869,1.45],[119.6137,-4.0859,2.3138],[119.6168,-4.0898,2.1856],[119.613,-4.0955,1.5438],[119.6082,-4.0953,2.08],[119.6064,-4.1028,2.9496],[119.6075,-4.1068,1.7061],[119.6109,-4.108,0.0],[119.6143,-4.1063,0.0],[119.6205,-4.1127,3.8759],[119.6194,-4.1183,0.0],[119.6209,-4.1294,0.0],[119.6142,-4.1449,0.0],[119.622,-4.152,2.8323],[119.6359,-4.1608,4.1468],[119.6383,-4.1703,3.2387],[119.6373,-4.1771,2.2688],[119.635,-4.1807,3.158],[119.632,-4.1818,2.6018],[119.6301,-4.1799,0.0],[119.6254,-4.1816,6.2454],[119.6286,-4.1924,4.6478],[119.626,-4.1991,6.7104],[119.6194,-4.2048,7.8016],[119.6129,-4.203,0.0],[119.6186,-4.2118,1.3937],[119.6123,-4.2136,1.9909],[119.6088,-4.2164,1.5509],[119.6098,-4.2205,0.6844],[119.6133,-4.2195,1.2835],[119.6145,-4.2174,2.8177],[119.6183,-4.2191,3.3193],[119.6191,-4.2256,0.2751],[119.6262,-4.2292,7.9548],[119.6254,-4.236,1.9714],[119.623,-4.2382,6.4902],[119.6146,-4.2398,1.4583],[119.6057,-4.2327,0.0],[119.6071,-4.2359,4.0019],[119.6046,-4.2377,0.0],[119.5984,-4.2351,1.0557],[119.5954,-4.2384,1.6274],[119.5962,-4.2481,0.3946],[119.5993,-4.2516,2.3352],[119.6078,-4.2553,2.8479],[119.6106,-4.2582,0.0],[119.611,-4.2621,0.904],[119.6069,-4.2663,4.6623],[119.6171,-4.2785,0.695],[119.6216,-4.2814,0.0],[119.621,-4.2835,0.0],[119.6258,-4.2905,0.3508],[119.6236,-4.2939,0.0],[119.6264,-4.294,3.2174],[119.6271,-4.2973,2.2738],[119.631,-4.2955,2.6448],[119.6336,-4.2975,1.3111],[119.635,-4.3057,4.0166],[119.6309,-4.3091,0.5158],[119.6319,-4.3117,0.0],[119.6345,-4.3126,1.5],[119.6365,-4.3188,2.475],[119.6285,-4.3339,1.1043],[119.6251,-4.334,0.2319],[119.6212,-4.3383,1.2996],[119.6224,-4.3484,2.2203],[119.6265,-4.3475,4.217],[119.6296,-4.3497,1.7279],[119.6284,-4.3536,5.4654],[119.6244,-4.3566,2.7165],[119.6269,-4.3637,2.2367],[119.6149,-4.3729,0.0],[119.6149,-4.3773,0.8118],[119.6099,-4.3825,2.2197],[119.6083,-4.3901,2.3246],[119.6061,-4.3921,2.1412],[119.6048,-4.4011,0.0],[119.597,-4.4163,0.0],[119.5982,-4.4183,4.4335],[119.5971,-4.4222,1.7264],[119.6009,-4.426,1.4585],[119.6005,-4.4327,2.5135],[119.5985,-4.4349,2.3261],[119.5971,-4.441,7.0831],[119.5995,-4.4441,2.3602],[119.5978,-4.4454,0.8593],[119.5967,-4.451,0.0],[119.5998,-4.4606,7.455],[119.5998,-4.4741,5.7689],[119.597,-4.4835,0.4114],[119.5952,-4.4845,0.4114],[119.5964,-4.4851,0.6407],[119.5949,-4.4907,0.0],[119.5847,-4.5244,0.7324],[119.5812,-4.5292,3.4174],[119.5907,-4.5429,0.817],[119.5914,-4.5525,13.0905],[119.5961,-4.5604,2.9695],[119.594,-4.5676,0.2412],[119.5918,-4.5672,0.0],[119.5939,-4.5679,0.2412],[119.5938,-4.5711,1.3993],[119.587,-4.5873,1.179],[119.5798,-4.5963,0.956],[119.5728,-4.602,2.1079],[119.5604,-4.6262,0.4654],[119.5532,-4.6337,0.1375],[119.5513,-4.6383,0.0],[119.5511,-4.6448,0.4859],[119.5468,-4.6526,1.2876],[119.5256,-4.6747,1.8634],[119.5224,-4.6879,1.5078],[119.5167,-4.7009,0.0],[119.516,-4.7058,1.8632],[119.5182,-4.7121,0.0],[119.5172,-4.7156,2.28],[119.5131,-4.7183,2.4753],[119.5105,-4.7226,0.0],[119.4989,-4.7258,0.0],[119.4968,-4.7308,1.3817],[119.4913,-4.7341,0.0],[119.4894,-4.7418,0.0],[119.4823,-4.7515,0.0],[119.4837,-4.7563,0.0],[119.4882,-4.7596,0.0],[119.4914,-4.765,0.0],[119.4903,-4.7691,0.0958],[119.4924,-4.7694,0.0],[119.4929,-4.7741,1.2658],[119.49,-4.774,0.0],[119.4931,-4.7749,0.3918],[119.4928,-4.7886,1.9155],[119.494,-4.7889,1.9155],[119.4949,-4.7943,0.4927],[119.4933,-4.7997,0.7524],[119.498,-4.8073,0.0],[119.4987,-4.8121,1.7963],[119.4973,-4.8126,0.0],[119.4985,-4.814,4.5696],[119.4966,-4.8166,1.2781],[119.4817,-4.8181,0.0],[119.4979,-4.817,1.2781],[119.4996,-4.819,1.0322],[119.5015,-4.8248,1.9764],[119.4978,-4.8311,0.1541],[119.5007,-4.8353,1.0],[119.4987,-4.8358,1.9437],[119.5013,-4.843,0.5],[119.5002,-4.8479,0.0],[119.5049,-4.8554,0.5],[119.507,-4.8683,2.2035],[119.5129,-4.8726,0.4913],[119.5202,-4.8823,0.4585],[119.5137,-4.8869,2.58],[119.5121,-4.8923,0.8051],[119.5208,-4.9051,0.0],[119.5243,-4.924,0.1368],[119.5175,-4.9429,1.3665],[119.5146,-4.9466,0.5],[119.5121,-4.9461,0.0],[119.5089,-4.9479,3.1668],[119.5031,-4.9556,1.3441],[119.4912,-4.9808,0.0],[119.4919,-4.9826,0.0],[119.487,-4.9833,1.3481],[119.483,-4.9878,0.0],[119.4791,-4.9896,0.4366],[119.4805,-4.9932,0.375],[119.4769,-4.994,3.2073],[119.4764,-5.0135,1.5435],[119.4735,-5.0161,0.0],[119.471,-5.0241,2.1491],[119.4664,-5.026,1.2388],[119.4684,-5.035,0.0],[119.4724,-5.0327,1.1547],[119.4777,-5.0338,1.1723],[119.4764,-5.0362,0.9538],[119.4783,-5.0471,1.3337],[119.4775,-5.0602,1.0077],[119.4711,-5.0654,0.0],[119.4661,-5.0779,5.0257],[119.4613,-5.0834,1.4384],[119.4588,-5.0828,0.0],[119.4506,-5.0862,0.0],[119.4467,-5.0855,0.0],[119.4498,-5.0896,0.5099],[119.4497,-5.0966,2.791],[119.4537,-5.1005,2.5744],[119.4515,-5.1025,0.5],[119.4479,-5.1027,5.5694],[119.4454,-5.1002,0.4507],[119.4385,-5.103,0.0],[119.4372,-5.1057,2.437],[119.4366,-5.1045,0.0],[119.4287,-5.1048,1.647],[119.4256,-5.1068,0.0],[119.427,-5.1091,0.658],[119.423,-5.1112,0.0],[119.4209,-5.1099,1.6823],[119.4239,-5.1075,0.0],[119.4183,-5.1102,0.6236],[119.4187,-5.1115,3.5886],[119.4151,-5.1124,2.5724],[119.4146,-5.1107,0.0],[119.417,-5.1081,0.0],[119.4145,-5.1106,0.0],[119.4145,-5.1121,2.5724],[119.4128,-5.1112,0.0],[119.4093,-5.1132,0.0],[119.4065,-5.1257,1.0596],[119.4076,-5.1263,3.4828],[119.4052,-5.1268,0.759],[119.4017,-5.133,0.0],[119.4041,-5.1326,7.4022],[119.4033,-5.1368,0.0],[119.408,-5.1448,4.9203],[119.3997,-5.158,2.3411],[119.399,-5.1569,1.8234],[119.402,-5.1535,1.1632],[119.4003,-5.1497,0.9059],[119.4041,-5.1469,0.0],[119.4041,-5.1445,0.0],[119.4007,-5.1466,0.0],[119.396,-5.1557,1.6214],[119.3885,-5.1617,1.2738],[119.3898,-5.1582,0.4892],[119.3875,-5.1617,1.2738],[119.3871,-5.1836,0.0],[119.3787,-5.1951,0.0],[119.3824,-5.2041,0.3815],[119.3803,-5.2053,0.0],[119.3825,-5.2046,0.0],[119.3841,-5.2095,0.0],[119.3832,-5.2288,2.493],[119.3769,-5.2665,3.1235],[119.3668,-5.3081,2.9844],[119.3611,-5.3188,3.968],[119.354,-5.326,0.4485],[119.3604,-5.3451,0.0],[119.3584,-5.3796,1.434],[119.359,-5.4,0.0],[119.3631,-5.4189,0.6475],[119.3665,-5.4243,0.0],[119.374,-5.431,2.0214],[119.3811,-5.448,0.5442],[119.3829,-5.4504,0.0],[119.3849,-5.4493,2.1999],[119.3911,-5.4559,1.2846],[119.396,-5.4573,0.3065],[119.4017,-5.4656,0.6239],[119.403,-5.4711,0.0],[119.4008,-5.472,0.0],[119.4026,-5.4717,0.0],[119.4065,-5.4749,0.5387],[119.4093,-5.4812,0.5145],[119.4151,-5.4878,2.2379],[119.4146,-5.4925,4.1238],[119.4222,-5.4966,4.091],[119.4318,-5.5122,1.37],[119.4354,-5.5252,0.0],[119.4346,-5.5365,0.7198],[119.4358,-5.538,0.3265],[119.4246,-5.5471,1.9015],[119.4198,-5.5464,0.0],[119.4178,-5.5601,0.0],[119.4236,-5.5675,2.9402],[119.4246,-5.576,2.9687],[119.4328,-5.5839,6.6283],[119.4332,-5.5865,0.0],[119.438,-5.5896,0.0],[119.4399,-5.5964,0.0],[119.4551,-5.601,2.0786],[119.4598,-5.6063,0.0],[119.4729,-5.6073,4.0385],[119.489,-5.604,1.6449],[119.489,-5.6019,1.0211],[119.483,-5.5956,2.123],[119.4848,-5.5904,1.1948],[119.4879,-5.588,1.419],[119.4862,-5.584,0.0],[119.4843,-5.5847,2.4226],[119.4815,-5.59,1.1724],[119.4711,-5.5935,3.1401],[119.4687,-5.5911,0.3],[119.4702,-5.5866,0.0],[119.465,-5.5854,6.896],[119.4601,-5.5815,1.5987],[119.4594,-5.579,0.0],[119.4612,-5.5753,3.4678],[119.4725,-5.5681,1.0997],[119.4731,-5.5639,8.4253],[119.4803,-5.5627,2.1676],[119.4808,-5.5596,5.3344],[119.4841,-5.5589,22.6308],[119.4862,-5.5609,6.3189],[119.4889,-5.5577,8.8629],[119.4929,-5.5596,0.0],[119.5029,-5.5585,0.0],[119.5053,-5.5521,1.008],[119.5032,-5.5498,0.9578],[119.5046,-5.5472,0.0],[119.5038,-5.5461,3.265],[119.5058,-5.5452,0.4408],[119.5086,-5.5372,0.5],[119.5108,-5.5377,0.5],[119.5108,-5.5367,0.5],[119.5125,-5.5399,0.1494],[119.515,-5.5407,0.1591],[119.514,-5.5419,0.0],[119.5159,-5.5472,0.8315],[119.5184,-5.5484,0.768],[119.5118,-5.5535,0.8605],[119.512,-5.5551,0.8229],[119.5176,-5.5588,0.4521],[119.5156,-5.5626,0.4125],[119.5103,-5.5652,1.3067],[119.5128,-5.5693,8.3383],[119.5234,-5.5742,4.2789],[119.5246,-5.5775,0.0],[119.526,-5.5773,0.688],[119.5249,-5.5786,0.0],[119.5308,-5.5809,2.261],[119.5338,-5.586,10.4243],[119.5422,-5.5837,1.4284],[119.5469,-5.5866,1.8718],[119.5521,-5.5937,2.1811],[119.5564,-5.5916,2.5807],[119.5553,-5.5936,0.0805],[119.5573,-5.5955,0.3277],[119.5577,-5.5983,0.0],[119.5635,-5.6,0.7059],[119.5732,-5.6069,0.0],[119.569,-5.6057,0.0],[119.5638,-5.6121,0.1737],[119.5604,-5.6113,0.7415],[119.5575,-5.6051,8.8112],[119.556,-5.595,0.3277],[119.5533,-5.595,0.0],[119.5538,-5.5994,0.0],[119.5505,-5.6036,0.0],[119.5501,-5.6133,2.09],[119.5449,-5.6195,0.4715],[119.5467,-5.6228,2.4117],[119.5457,-5.6339,4.4936],[119.5472,-5.6381,0.0],[119.5574,-5.649,1.6241],[119.5762,-5.6586,0.0],[119.5799,-5.6571,2.9217],[119.5823,-5.6501,4.7132],[119.5876,-5.6459,1.8537],[119.5874,-5.6418,1.8808],[119.5889,-5.6416,0.0],[119.5869,-5.6381,-0.1016],[119.5876,-5.6265,1.1563],[119.5899,-5.622,0.0],[119.5876,-5.6184,0.5311],[119.5858,-5.6219,0.7635],[119.5836,-5.6217,1.2769],[119.5832,-5.6201,0.5],[119.5851,-5.6147,1.1956],[119.5893,-5.6125,8.0323],[119.5929,-5.6142,4.8929],[119.5928,-5.6163,0.0],[119.595,-5.6185,0.0],[119.5993,-5.6161,5.1921],[119.6035,-5.6171,0.0],[119.6076,-5.6161,0.0],[119.6088,-5.6129,0.9495],[119.6121,-5.6128,12.293],[119.6165,-5.617,-0.0456],[119.6148,-5.6218,0.0],[119.617,-5.6251,2.3315],[119.628,-5.6247,3.8427]]]]}}