{"type":"Feature","properties":{"GID_2":"IDN.22.6_1","GID_0":"IDN","country":"Indonesia","GID_1":"IDN.22_1","province":"PapuaBarat","NL_NAME_1":"NA","county":"RajaAmpat","VARNAME_2":"NA","NL_NAME_2":"NA","TYPE_2":"Kabupaten","ENGTYPE_2":"Regency","CC_2":"9108","HASC_2":"ID.IB.RA","name":"Raja_Ampat.county"},
"geometry":{"type": "MultiPolygon","coordinates": [[[[130.0835,-2.0409,0.0],[130.0814,-2.0419,0.0],[130.0818,-2.0442,0.0],[130.0875,-2.0423,0.0],[130.0835,-2.0409,0.0]]],
[[[130.1747,-2.0617,0.0],[130.1726,-2.062,0.0],[130.1725,-2.0642,0.0],[130.1754,-2.0652,2.2907],[130.1865,-2.0629,35.6632],[130.1905,-2.06,26.8159],[130.1923,-2.0631,0.0],[130.1962,-2.0601,17.6137],[130.1978,-2.0623,0.0],[130.2007,-2.0627,0.0],[130.2135,-2.0567,100.7862],[130.2194,-2.057,56.659],[130.2257,-2.0541,67.6382],[130.2344,-2.0538,15.1031],[130.2364,-2.0556,0.0],[130.2426,-2.0551,0.0],[130.2445,-2.053,14.0223],[130.2537,-2.0535,17.246],[130.2635,-2.044,20.3885],[130.2622,-2.0341,35.5845],[130.2644,-2.0337,30.5423],[130.2678,-2.0298,17.9491],[130.2699,-2.0308,19.354],[130.2716,-2.0296,21.1963],[130.2615,-2.0222,35.0872],[130.2554,-2.0141,15.5152],[130.2479,-2.0095,10.0248],[130.2516,-2.0096,14.1221],[130.2646,-2.0156,12.7788],[130.2725,-2.0168,0.0],[130.2729,-2.012,93.3853],[130.264,-2.0058,16.8203],[130.2644,-2.0007,34.6281],[130.2665,-2.0007,18.2218],[130.2673,-2.0037,16.2265],[130.2708,-2.007,38.7758],[130.2826,-2.0131,82.6092],[130.293,-2.0119,4.2292],[130.293,-2.0095,85.6256],[130.2867,-2.0007,27.1367],[130.2882,-1.9986,35.8231],[130.2948,-2.0055,22.5606],[130.2975,-2.005,14.2258],[130.2996,-2.0007,10.0395],[130.3048,-2.0001,17.43],[130.3064,-1.9916,12.9008],[130.3179,-1.9773,53.0143],[130.322,-1.9657,75.2887],[130.3283,-1.9655,150.1976],[130.333,-1.9626,194.7798],[130.3382,-1.9543,100.0276],[130.3431,-1.9518,107.3477],[130.3456,-1.9529,102.127],[130.346,-1.9551,78.3045],[130.3379,-1.9594,175.2413],[130.3354,-1.9641,180.5163],[130.3392,-1.9717,0.0],[130.3303,-1.9695,17.2605],[130.3248,-1.9698,0.0],[130.3217,-1.9785,51.7302],[130.3227,-1.9813,0.0],[130.3356,-1.9797,41.804],[130.3347,-1.9846,0.0],[130.3362,-1.9867,0.0],[130.3477,-1.9868,27.7814],[130.3717,-1.9969,15.4894],[130.3743,-2.0005,4.8939],[130.3731,-2.005,0.0],[130.376,-2.012,0.0],[130.378,-2.0128,0.0],[130.3862,-2.0086,14.6302],[130.3911,-2.0114,0.0],[130.3927,-2.0148,5.6708],[130.389,-2.0181,0.0],[130.3867,-2.0174,0.0],[130.3851,-2.022,4.4836],[130.3825,-2.0237,2.6085],[130.3768,-2.0245,0.0],[130.3733,-2.0269,0.0],[130.3662,-2.0265,0.0],[130.3626,-2.0301,0.0],[130.361,-2.0368,0.0],[130.3633,-2.0384,0.0],[130.373,-2.0309,0.0],[130.375,-2.031,13.541],[130.3759,-2.0333,11.7277],[130.3819,-2.0322,0.0],[130.3892,-2.0361,4.1431],[130.3919,-2.0332,0.0],[130.395,-2.033,0.0],[130.4023,-2.0285,28.9625],[130.4021,-2.0258,11.9654],[130.4044,-2.0239,88.7123],[130.4105,-2.0228,37.8185],[130.4199,-2.0255,0.0],[130.4189,-2.0207,22.295],[130.4214,-2.019,51.0557],[130.4228,-2.0205,50.8987],[130.4228,-2.025,0.0],[130.4249,-2.0243,0.0],[130.4272,-2.0204,37.3455],[130.433,-2.0187,0.0],[130.4346,-2.0211,50.5157],[130.4408,-2.0193,0.0],[130.4441,-2.0226,0.0],[130.4455,-2.0211,0.0],[130.4453,-2.0163,0.0],[130.4536,-2.0096,61.2126],[130.4633,-2.0087,0.0],[130.4647,-2.0132,0.0],[130.4696,-2.0132,0.0],[130.4678,-2.0066,0.0],[130.466,-2.0052,1.7521],[130.4642,-2.0064,0.0],[130.4603,-2.0033,10.0387],[130.4569,-2.006,17.8986],[130.4509,-2.0036,4.798],[130.4487,-2.0059,1.961],[130.4461,-2.0059,0.0],[130.4463,-2.0033,2.6344],[130.444,-2.0036,20.815],[130.4398,-2.011,52.7926],[130.4377,-2.0113,59.1622],[130.4374,-2.0048,0.0],[130.4333,-2.0044,12.0674],[130.4333,-2.0102,62.7072],[130.4323,-2.0131,65.5192],[130.4301,-2.0136,91.5927],[130.428,-2.0124,124.0718],[130.4289,-2.0082,41.5496],[130.4284,-2.0043,58.5086],[130.4267,-2.003,53.7003],[130.4246,-2.0043,3.5356],[130.4183,-2.0041,51.3902],[130.4166,-2.0087,17.069],[130.4143,-2.009,14.5751],[130.4148,-2.0046,16.8199],[130.4124,-1.996,0.0],[130.4038,-1.9941,14.5886],[130.3971,-1.9856,12.8273],[130.3908,-1.982,0.0],[130.3828,-1.9801,8.0542],[130.3883,-1.9765,8.0812],[130.396,-1.976,46.956],[130.4028,-1.9716,2.639],[130.4085,-1.971,29.3346],[130.4087,-1.9731,6.7905],[130.4048,-1.9774,0.0],[130.4107,-1.9858,14.7936],[130.4185,-1.9828,13.4379],[130.4187,-1.987,0.0],[130.423,-1.9874,22.7309],[130.4338,-1.9802,89.0986],[130.4393,-1.9788,65.1464],[130.4414,-1.9742,0.0],[130.4406,-1.9687,0.0],[130.4423,-1.9638,9.4727],[130.4392,-1.9611,5.3368],[130.445,-1.9544,0.0],[130.4429,-1.9534,0.0],[130.4361,-1.9564,5.8245],[130.4347,-1.9625,2.5333],[130.4326,-1.9634,0.5877],[130.4237,-1.9781,0.0],[130.4188,-1.9807,11.7992],[130.4285,-1.9651,0.0],[130.4327,-1.9534,3.2763],[130.4321,-1.9511,0.0],[130.4256,-1.9482,0.0],[130.4172,-1.9481,0.0],[130.4145,-1.9446,0.0],[130.4124,-1.9526,0.0],[130.4107,-1.9538,0.0],[130.4087,-1.9537,11.5391],[130.4079,-1.9499,0.0],[130.4058,-1.9494,0.0],[130.3934,-1.9516,4.0978],[130.3933,-1.9494,0.0],[130.3878,-1.9503,0.0],[130.3806,-1.945,0.0],[130.3786,-1.9491,4.1906],[130.3771,-1.9471,4.93],[130.3732,-1.9483,56.1269],[130.3742,-1.9447,22.419],[130.3705,-1.9422,21.9605],[130.3633,-1.9503,113.2793],[130.3573,-1.9484,0.0],[130.3593,-1.944,33.0451],[130.3657,-1.9405,37.4718],[130.3672,-1.9343,7.0864],[130.3647,-1.93,0.0],[130.3601,-1.9324,0.0],[130.3588,-1.9305,0.0],[130.3564,-1.9309,6.5783],[130.3546,-1.9326,11.4213],[130.3488,-1.9229,0.0],[130.3357,-1.9195,31.1859],[130.3374,-1.9161,58.1835],[130.3424,-1.9123,28.8718],[130.3505,-1.9155,16.5742],[130.3705,-1.8992,30.8686],[130.3728,-1.8997,32.9798],[130.3749,-1.9032,0.0],[130.3806,-1.8945,37.2139],[130.3887,-1.8879,38.5036],[130.4006,-1.8925,16.7331],[130.4068,-1.8906,20.7305],[130.4102,-1.8859,27.9301],[130.4079,-1.8799,18.356],[130.415,-1.8762,15.095],[130.4154,-1.8735,2.6943],[130.4085,-1.8644,15.8287],[130.4026,-1.8641,13.1503],[130.403,-1.8617,18.5207],[130.4096,-1.8614,11.7523],[130.4105,-1.8595,13.3642],[130.4079,-1.8555,25.7577],[130.4094,-1.8531,26.8278],[130.4134,-1.8512,26.3336],[130.4204,-1.8542,23.7271],[130.4226,-1.852,32.7996],[130.4253,-1.8578,31.6888],[130.4283,-1.8565,22.0617],[130.4334,-1.8467,32.5408],[130.4371,-1.8325,18.5345],[130.4542,-1.8302,0.0],[130.4542,-1.8278,0.0],[130.4395,-1.821,0.0],[130.4203,-1.7967,15.9138],[130.4172,-1.7864,13.8672],[130.4182,-1.7758,0.0],[130.4162,-1.7734,0.0],[130.4056,-1.7673,2.2632],[130.3987,-1.7608,0.0],[130.3837,-1.7533,0.0],[130.3794,-1.7519,0.0],[130.3735,-1.7548,7.6769],[130.3704,-1.7531,9.1324],[130.3706,-1.7506,0.0],[130.3673,-1.7466,0.0],[130.361,-1.7416,11.0128],[130.3459,-1.724,22.5277],[130.3474,-1.7181,10.4261],[130.3496,-1.7166,15.1228],[130.3637,-1.7147,16.9375],[130.3668,-1.7099,0.8475],[130.3654,-1.704,25.1607],[130.3717,-1.6989,89.7271],[130.3762,-1.6914,62.8597],[130.3779,-1.6788,0.0],[130.3753,-1.6748,0.0],[130.3683,-1.6706,0.0],[130.3564,-1.6683,0.0],[130.3456,-1.664,0.0],[130.3423,-1.6644,0.0],[130.3368,-1.6684,0.0],[130.3283,-1.6795,0.0],[130.2925,-1.6893,0.0],[130.2797,-1.6893,0.0],[130.2699,-1.6921,0.0],[130.264,-1.7005,0.0],[130.2635,-1.709,18.277],[130.2666,-1.7123,22.3484],[130.2541,-1.7235,0.0],[130.2458,-1.7225,0.0],[130.2422,-1.7185,0.0],[130.2387,-1.718,0.0],[130.2356,-1.7188,0.0],[130.2331,-1.723,0.0],[130.2265,-1.7219,0.0],[130.2246,-1.7192,0.0],[130.2103,-1.7196,0.0],[130.2007,-1.7137,0.0],[130.194,-1.7126,0.0],[130.1556,-1.7157,0.0],[130.1352,-1.713,3.7409],[130.1297,-1.7154,2.3136],[130.1275,-1.7147,15.1293],[130.1259,-1.7092,0.0],[130.1212,-1.7076,0.0],[130.1094,-1.71,0.0],[130.11,-1.7122,0.0],[130.1127,-1.7137,0.0],[130.1124,-1.7168,17.1321],[130.1011,-1.7185,0.0],[130.0968,-1.7205,0.8232],[130.0937,-1.724,0.0],[130.0705,-1.7218,0.0],[130.0631,-1.7183,0.0],[130.0538,-1.7187,0.0],[130.0267,-1.7351,0.0],[130.0061,-1.7363,0.0],[130.0005,-1.7388,0.0],[129.9859,-1.7492,0.0],[129.9769,-1.7608,0.0],[129.9731,-1.762,0.0],[129.9675,-1.7611,0.0],[129.9656,-1.7565,0.0],[129.9633,-1.7555,0.0],[129.9603,-1.7629,0.0],[129.9471,-1.7695,0.0],[129.9392,-1.7675,0.0],[129.9188,-1.7764,0.0],[129.8972,-1.7769,0.0],[129.8934,-1.7804,0.0],[129.8862,-1.7949,0.0],[129.88,-1.7993,0.0],[129.8706,-1.8021,0.0],[129.8605,-1.8121,0.0],[129.84,-1.8203,0.0],[129.8191,-1.8218,0.0],[129.8129,-1.8303,0.0],[129.8098,-1.8287,0.0],[129.8102,-1.8325,0.0],[129.8138,-1.836,0.0],[129.8122,-1.8375,20.882],[129.8093,-1.8357,25.0901],[129.806,-1.8267,0.0],[129.8037,-1.8258,0.0],[129.7832,-1.8364,0.0],[129.7737,-1.8387,0.0],[129.7653,-1.8369,0.0],[129.7423,-1.8442,0.0],[129.7286,-1.8566,0.0],[129.7238,-1.864,24.9477],[129.7233,-1.8693,0.0],[129.7183,-1.8698,0.0],[129.7179,-1.872,0.0],[129.7222,-1.882,14.9736],[129.7247,-1.8839,21.1687],[129.7314,-1.8821,34.8614],[129.7373,-1.8859,70.352],[129.7377,-1.8882,112.9937],[129.7357,-1.8892,69.4634],[129.7302,-1.8871,21.8582],[129.7271,-1.8878,18.003],[129.7242,-1.8899,0.0],[129.7255,-1.892,5.9595],[129.7421,-1.9013,57.695],[129.752,-1.9006,120.39],[129.7558,-1.9022,46.4819],[129.7633,-1.9106,150.4516],[129.7781,-1.9202,20.7222],[129.779,-1.9245,3.2501],[129.7861,-1.9302,5.1608],[129.7938,-1.9272,24.7928],[129.8054,-1.9301,35.8382],[129.8056,-1.9326,43.025],[129.8078,-1.9341,23.0651],[129.8139,-1.9328,56.9696],[129.8139,-1.9381,45.8026],[129.8159,-1.9404,4.747],[129.8245,-1.946,25.3237],[129.8366,-1.9575,40.0522],[129.8446,-1.9612,21.2994],[129.851,-1.9621,94.9574],[129.8518,-1.9671,45.0717],[129.8573,-1.9707,7.1627],[129.8622,-1.97,21.2413],[129.877,-1.9766,50.7585],[129.8963,-1.9794,122.5552],[129.8963,-1.9815,61.6548],[129.8983,-1.9827,102.0977],[129.9026,-1.9801,57.8745],[129.9071,-1.9877,0.0],[129.9168,-1.9883,59.316],[129.9184,-1.9932,30.4284],[129.9218,-1.9945,8.6447],[129.9244,-1.9939,12.7127],[129.9288,-1.996,119.7374],[129.9415,-1.9931,130.8421],[129.9447,-1.9988,77.1952],[129.9422,-2.0029,25.8404],[129.944,-2.0045,0.0],[129.9426,-2.0093,0.0],[129.9553,-2.0111,0.0],[129.9603,-2.0159,0.0],[129.9623,-2.0137,0.0],[129.965,-2.0145,0.0],[129.9705,-2.0108,21.3622],[129.9768,-2.0061,85.6814],[129.9788,-2.0025,95.2397],[129.9809,-2.0028,62.8992],[129.9833,-2.0044,23.3258],[129.9833,-2.0068,0.0],[129.979,-2.0102,0.0],[129.9795,-2.0122,0.0],[129.9862,-2.0083,0.0],[129.9893,-2.0089,0.0],[129.9839,-2.0158,0.0],[129.9841,-2.0181,0.0],[129.9947,-2.0126,10.1414],[130.0006,-2.0166,0.0],[130.0031,-2.0128,0.0],[130.0062,-2.0154,0.0],[130.0078,-2.014,4.5764],[130.0075,-2.0112,36.168],[130.0098,-2.0101,23.4649],[130.0109,-2.0121,0.0],[130.0129,-2.0122,12.1286],[130.0132,-2.0099,40.1227],[130.018,-2.0085,41.07],[130.0196,-2.0099,7.9837],[130.0131,-2.0171,0.0],[130.006,-2.0207,0.0],[130.0075,-2.0227,0.0],[130.0096,-2.024,0.0],[130.0178,-2.0236,0.0],[130.0237,-2.0199,43.1074],[130.0239,-2.0239,0.0],[130.026,-2.0239,0.0],[130.0285,-2.0172,100.0026],[130.0346,-2.0125,50.1823],[130.035,-2.0169,70.8071],[130.033,-2.0227,43.4387],[130.0351,-2.0231,0.0],[130.0368,-2.0272,0.0],[130.0412,-2.0259,0.0],[130.0429,-2.0185,40.4552],[130.0483,-2.0147,93.545],[130.0494,-2.0165,111.9208],[130.0473,-2.0219,93.902],[130.0482,-2.0259,61.1099],[130.0555,-2.0156,11.9261],[130.0545,-2.0233,0.0],[130.0571,-2.0255,21.6575],[130.0657,-2.0271,0.0],[130.068,-2.0262,24.1285],[130.0699,-2.0213,133.7708],[130.0727,-2.0198,147.1986],[130.0853,-2.0197,0.0],[130.0933,-2.0171,100.1834],[130.0943,-2.0189,24.8938],[130.0865,-2.0247,7.806],[130.088,-2.0264,70.5741],[130.0865,-2.0285,17.0639],[130.0878,-2.0306,0.0],[130.0918,-2.0284,3.899],[130.1004,-2.0347,0.0],[130.1083,-2.037,0.0],[130.1073,-2.0397,0.0],[130.1021,-2.042,42.8495],[130.0975,-2.0403,0.0],[130.0905,-2.0404,0.0],[130.0908,-2.0465,0.0],[130.0951,-2.0465,0.0],[130.0981,-2.0506,0.0],[130.1039,-2.0507,0.0],[130.1078,-2.0469,74.0352],[130.1098,-2.0512,7.0814],[130.1157,-2.0539,0.0],[130.1157,-2.0595,0.0],[130.1171,-2.0611,0.0],[130.1222,-2.0617,0.0],[130.1273,-2.0568,32.692],[130.1344,-2.057,18.7799],[130.1378,-2.0546,18.3761],[130.1419,-2.0576,0.0],[130.148,-2.0558,17.6674],[130.1553,-2.0563,8.3058],[130.1612,-2.0536,66.7788],[130.1806,-2.0599,0.0],[130.1779,-2.062,0.0],[130.1747,-2.0617,0.0]]],
[[[129.7251,-1.855,0.0],[129.726,-1.8524,0.0],[129.7219,-1.8518,0.0],[129.7187,-1.8558,0.0],[129.7179,-1.86,0.0],[129.7199,-1.8611,0.0],[129.722,-1.8596,0.0],[129.7251,-1.855,0.0]]],
[[[129.6529,-1.8099,42.0754],[129.6544,-1.8005,4.8154],[129.6535,-1.7974,0.0],[129.65,-1.7928,16.853],[129.6487,-1.787,3.3219],[129.6457,-1.7857,23.4202],[129.6446,-1.7747,0.0],[129.6401,-1.765,0.0],[129.6379,-1.7644,0.0],[129.6349,-1.7676,0.0],[129.6312,-1.7812,0.0],[129.6325,-1.7854,13.8912],[129.6306,-1.7867,23.5203],[129.6258,-1.7846,27.2489],[129.6241,-1.7891,17.1324],[129.6297,-1.7998,8.0697],[129.6327,-1.7999,8.4285],[129.6372,-1.7964,7.3027],[129.6346,-1.8038,10.0813],[129.6344,-1.8101,0.0],[129.641,-1.8175,10.1122],[129.6443,-1.8276,11.8198],[129.6499,-1.8291,30.6829],[129.654,-1.8278,23.1803],[129.6529,-1.8099,42.0754]]],
[[[129.609,-1.7688,0.0],[129.6095,-1.7713,0.0],[129.6184,-1.782,19.5213],[129.6209,-1.7842,19.265],[129.6245,-1.7829,28.0068],[129.6275,-1.7741,0.0],[129.6198,-1.7632,0.0],[129.6152,-1.763,0.0],[129.609,-1.7688,0.0]]],
[[[129.7133,-1.7732,0.9766],[129.7172,-1.771,0.0],[129.7163,-1.7683,6.6546],[129.7124,-1.7705,7.1404],[129.7111,-1.7728,14.2278],[129.7133,-1.7732,0.9766]]],
[[[129.8082,-1.8221,0.0],[129.8109,-1.8243,0.0],[129.8128,-1.8227,0.0],[129.81,-1.8181,0.0],[129.8078,-1.8189,0.0],[129.8082,-1.8221,0.0]]],
[[[129.6519,-1.7634,0.0],[129.6498,-1.7631,0.0],[129.6481,-1.7649,0.0],[129.6485,-1.7711,0.0],[129.6517,-1.7747,0.0],[129.6563,-1.7752,17.9625],[129.6559,-1.7687,0.0],[129.6519,-1.7634,0.0]]],
[[[129.6855,-1.7598,0.0],[129.6862,-1.7659,0.0],[129.6916,-1.7768,0.0],[129.6933,-1.7754,0.0],[129.6942,-1.7644,3.368],[129.6887,-1.748,0.0],[129.6858,-1.7476,0.0],[129.6843,-1.7515,0.0],[129.6855,-1.7598,0.0]]],
[[[129.7079,-1.7606,0.0],[129.7073,-1.7566,0.0],[129.7043,-1.7551,0.0],[129.7012,-1.7628,0.0],[129.7044,-1.7663,0.0],[129.7068,-1.7663,0.0],[129.7079,-1.7606,0.0]]],
[[[129.7798,-1.7071,10.1322],[129.7782,-1.701,0.0],[129.7748,-1.6968,0.0],[129.7728,-1.6975,0.0],[129.774,-1.7026,0.0],[129.7716,-1.7016,10.9742],[129.764,-1.6896,0.0],[129.7593,-1.6921,0.0],[129.7589,-1.6945,0.0],[129.763,-1.6962,0.0],[129.7654,-1.707,0.0],[129.7705,-1.7093,2.7876],[129.7735,-1.7065,12.9478],[129.775,-1.715,15.8136],[129.78,-1.7128,12.5817],[129.7798,-1.7071,10.1322]]],
[[[129.941,-1.7047,0.0],[129.9404,-1.7025,0.0],[129.9353,-1.7033,0.0],[129.9306,-1.7086,0.0],[129.931,-1.7107,0.0],[129.9363,-1.7099,0.0],[129.9397,-1.7078,0.0],[129.941,-1.7047,0.0]]],
[[[129.9083,-1.6868,0.0],[129.9049,-1.6911,0.0],[129.9083,-1.6907,0.0],[129.9099,-1.6881,0.0],[129.9083,-1.6868,0.0]]],
[[[129.781,-1.6887,0.0],[129.7838,-1.6885,0.0],[129.7845,-1.6866,0.0],[129.7807,-1.6828,0.0],[129.7788,-1.6843,0.0],[129.7788,-1.6869,0.0],[129.781,-1.6887,0.0]]],
[[[130.0468,-1.6818,0.0],[130.0487,-1.6835,0.0],[130.051,-1.6845,0.0],[130.0514,-1.6821,0.0],[130.0468,-1.6818,0.0]]],
[[[129.8708,-1.6679,0.0],[129.8714,-1.6657,0.0],[129.8678,-1.6626,0.0],[129.865,-1.664,0.0],[129.8636,-1.6668,13.239],[129.8652,-1.6683,11.4586],[129.8708,-1.6679,0.0]]],
[[[129.8551,-1.6634,0.0],[129.8566,-1.6613,0.0],[129.8636,-1.6618,0.0],[129.8642,-1.659,0.0],[129.8624,-1.6553,0.0],[129.8507,-1.6556,0.0],[129.8507,-1.6576,0.0],[129.8551,-1.6634,0.0]]],
[[[129.9025,-1.623,0.0],[129.9021,-1.631,0.0],[129.9062,-1.6405,0.0],[129.9122,-1.6383,13.7698],[129.9176,-1.6323,0.0],[129.9176,-1.6244,0.0],[129.9102,-1.6217,0.0],[129.906,-1.6162,0.0],[129.9018,-1.6206,0.0],[129.9025,-1.623,0.0]]],
[[[130.0723,-1.4708,0.0],[130.0713,-1.4732,0.0],[130.0733,-1.4743,0.0],[130.0749,-1.4722,0.0],[130.0742,-1.4695,0.0],[130.0723,-1.4708,0.0]]],
[[[130.1042,-1.4436,0.0],[130.1035,-1.4413,0.0],[130.0983,-1.4419,0.0],[130.096,-1.4457,0.0],[130.097,-1.4493,0.0],[130.0992,-1.4496,0.0],[130.1042,-1.4436,0.0]]],
[[[130.1204,-1.4315,0.0],[130.1189,-1.4264,0.0],[130.1125,-1.4303,0.0],[130.1166,-1.4366,3.8361],[130.1192,-1.4361,0.0],[130.1204,-1.4315,0.0]]],
[[[129.7906,-1.2312,7.9488],[129.791,-1.2337,0.0],[129.7958,-1.233,0.0],[129.7953,-1.231,4.1092],[129.7906,-1.2312,7.9488]]],
[[[129.8858,-1.2134,47.5733],[129.9267,-1.1767,73.1604],[129.9306,-1.1756,66.1949],[129.9222,-1.1977,0.0],[129.9232,-1.2007,0.0],[129.932,-1.204,48.8629],[129.9401,-1.1859,64.9847],[129.9468,-1.1821,66.0142],[129.9623,-1.1779,15.5038],[129.9651,-1.1739,16.0405],[129.9649,-1.1686,0.0],[129.9666,-1.167,0.0],[129.9712,-1.1697,36.8732],[129.9736,-1.1691,4.5082],[129.9772,-1.1644,0.0],[129.978,-1.1593,0.0],[129.973,-1.1565,0.0],[129.9379,-1.1535,0.0],[129.9173,-1.1481,0.0],[129.9086,-1.1503,0.0],[129.8945,-1.1489,0.0],[129.8909,-1.1472,0.0],[129.8831,-1.1352,0.0],[129.8657,-1.1311,0.0],[129.8509,-1.1443,0.8756],[129.8371,-1.1431,0.0],[129.8307,-1.1455,0.0],[129.8281,-1.1495,0.0],[129.8107,-1.1487,0.0],[129.7783,-1.1592,8.0965],[129.765,-1.1594,7.3769],[129.7516,-1.1645,0.0],[129.7398,-1.1762,0.0],[129.7334,-1.1874,0.0],[129.7343,-1.1934,10.6324],[129.7412,-1.206,18.651],[129.7498,-1.2095,175.5335],[129.7559,-1.2089,117.1935],[129.7681,-1.2024,54.8335],[129.7922,-1.1931,44.4437],[129.7971,-1.1931,40.3415],[129.8063,-1.1967,45.9735],[129.8108,-1.1961,47.3913],[129.8109,-1.2005,55.7279],[129.8167,-1.2022,37.6322],[129.8282,-1.199,42.9813],[129.8355,-1.2009,36.7567],[129.8696,-1.1906,48.0218],[129.8861,-1.1826,47.5273],[129.8955,-1.1825,52.8409],[129.8978,-1.1844,52.8457],[129.8825,-1.1994,0.0],[129.871,-1.204,0.0],[129.8711,-1.206,0.0],[129.8747,-1.2087,0.0],[129.8715,-1.2122,0.0],[129.8678,-1.2134,0.0],[129.8665,-1.2118,0.0],[129.8652,-1.2081,0.0],[129.8657,-1.2012,39.2474],[129.8639,-1.1995,30.897],[129.8523,-1.2048,29.0379],[129.8504,-1.2098,0.0],[129.8442,-1.2108,0.0],[129.8389,-1.216,0.0],[129.8284,-1.2194,0.0],[129.8213,-1.2275,0.0],[129.8192,-1.2322,0.0],[129.8205,-1.235,0.0],[129.83,-1.2381,16.2446],[129.8389,-1.2286,7.3359],[129.8437,-1.2278,15.531],[129.8523,-1.2302,25.682],[129.876,-1.2205,33.4996],[129.8858,-1.2134,47.5733]]],
[[[129.7301,-1.2655,0.0],[129.7276,-1.2613,5.0239],[129.7245,-1.2613,0.0],[129.7252,-1.2654,0.0],[129.7219,-1.2677,0.0],[129.7192,-1.2664,0.0],[129.7214,-1.261,0.0],[129.7193,-1.2606,0.0],[129.7136,-1.2625,0.0],[129.7129,-1.265,0.0],[129.7191,-1.27,3.4635],[129.7249,-1.2702,0.0],[129.7289,-1.2688,0.0],[129.7301,-1.2655,0.0]]],
[[[129.7578,-1.2511,0.0],[129.7506,-1.2549,0.0],[129.7499,-1.2568,0.0],[129.7516,-1.2611,0.0],[129.7539,-1.2623,0.0],[129.7642,-1.2597,0.0],[129.7672,-1.2551,0.0],[129.763,-1.2519,0.0],[129.7578,-1.2511,0.0]]],
[[[129.6608,-1.2613,0.8789],[129.6651,-1.2619,6.1795],[129.6672,-1.2603,0.0],[129.6686,-1.2532,5.3287],[129.6661,-1.2537,1.4955],[129.6641,-1.2496,0.0],[129.6557,-1.2547,0.0],[129.655,-1.2571,0.0],[129.6554,-1.2596,0.0],[129.6581,-1.2617,1.9789],[129.6608,-1.2613,0.8789]]],
[[[129.7421,-1.2553,3.8644],[129.741,-1.253,0.0],[129.7384,-1.253,0.0],[129.7397,-1.2555,0.0],[129.7421,-1.2553,3.8644]]],
[[[130.152,-1.7076,0.0],[130.1508,-1.7056,0.0],[130.1468,-1.7044,0.0],[130.1446,-1.705,0.0],[130.1436,-1.7074,0.0],[130.1506,-1.7091,0.0],[130.152,-1.7076,0.0]]],
[[[130.2344,-1.6962,0.0],[130.2271,-1.6974,0.0],[130.2248,-1.6991,0.0],[130.2258,-1.7015,0.0],[130.2304,-1.7031,0.0],[130.235,-1.7024,0.0],[130.2393,-1.6974,0.0],[130.2344,-1.6962,0.0]]],
[[[130.1997,-1.637,0.0],[130.1959,-1.6397,0.0],[130.1973,-1.6414,0.0],[130.2077,-1.6416,0.0],[130.2076,-1.6387,0.0],[130.1997,-1.637,0.0]]],
[[[130.1307,-1.4844,0.0],[130.1347,-1.4831,0.0],[130.1343,-1.4808,0.0],[130.1322,-1.4804,0.0],[130.1307,-1.4844,0.0]]],
[[[130.2478,-1.4701,11.5922],[130.2459,-1.4732,14.854],[130.25,-1.4725,5.5954],[130.2506,-1.47,9.2242],[130.2478,-1.4701,11.5922]]],
[[[130.2686,-1.4555,0.0],[130.2641,-1.4541,0.0],[130.265,-1.4512,0.0],[130.2626,-1.4505,0.0],[130.2427,-1.4565,0.0],[130.2277,-1.4591,0.0],[130.2062,-1.4716,0.0],[130.2048,-1.4759,0.0],[130.2067,-1.4779,0.0],[130.2147,-1.4807,15.8237],[130.2266,-1.4776,9.0752],[130.2325,-1.4778,16.804],[130.2384,-1.4695,14.8876],[130.2447,-1.4668,11.0839],[130.2533,-1.4664,13.4476],[130.2615,-1.4639,1.229],[130.2675,-1.4594,0.0],[130.2686,-1.4555,0.0]]],
[[[130.1532,-1.4309,0.0],[130.1512,-1.427,0.0],[130.1484,-1.428,0.0],[130.1433,-1.4334,0.0],[130.1444,-1.4361,0.0],[130.1508,-1.4353,0.9071],[130.1532,-1.4309,0.0]]],
[[[130.2882,-1.4224,0.0],[130.2882,-1.4202,0.0],[130.2859,-1.42,0.0],[130.2822,-1.4245,0.0],[130.2826,-1.4309,0.0],[130.2851,-1.4313,11.616],[130.287,-1.4293,0.0],[130.2882,-1.4224,0.0]]],
[[[130.2634,-0.6922,8.4191],[130.2614,-0.6916,5.1936],[130.2562,-0.6949,0.0],[130.2538,-0.6996,0.0],[130.2558,-0.7019,0.0],[130.2671,-0.7003,0.0],[130.2685,-0.6985,3.9132],[130.2681,-0.6961,8.8543],[130.2634,-0.6922,8.4191]]],
[[[130.3075,-0.6884,0.0],[130.3067,-0.691,0.0],[130.3089,-0.6915,0.0],[130.3104,-0.6894,0.0],[130.3098,-0.6871,0.0],[130.3075,-0.6884,0.0]]],
[[[130.2804,-0.6872,6.9925],[130.2777,-0.6843,1.6945],[130.2748,-0.6872,0.0],[130.2758,-0.6916,0.0],[130.278,-0.6931,0.0],[130.2812,-0.6914,0.0],[130.2804,-0.6872,6.9925]]],
[[[130.2322,-1.3502,0.0],[130.2203,-1.3554,0.0],[130.2192,-1.3598,0.0],[130.224,-1.3604,0.0],[130.2288,-1.3553,0.0],[130.2344,-1.3538,0.0],[130.2359,-1.3515,0.0],[130.2322,-1.3502,0.0]]],
[[[130.1304,-0.7372,0.0],[130.1224,-0.7514,0.0],[130.1245,-0.7524,0.0],[130.1313,-0.7504,0.0],[130.1438,-0.7431,0.0],[130.1535,-0.7411,0.0],[130.1527,-0.7364,5.3184],[130.1485,-0.7295,6.5445],[130.1452,-0.7291,9.0222],[130.1379,-0.7318,0.5295],[130.1304,-0.7372,0.0]]],
[[[130.2213,-0.7398,0.0],[130.2263,-0.736,0.6749],[130.233,-0.7355,0.0],[130.2345,-0.7339,0.0663],[130.2339,-0.7252,10.9945],[130.2168,-0.7265,0.0],[130.2147,-0.7278,0.0],[130.2124,-0.733,0.0],[130.2136,-0.7403,0.0],[130.2153,-0.7449,0.0],[130.2202,-0.7483,0.0],[130.2213,-0.7398,0.0]]],
[[[130.2342,-0.6887,0.0],[130.2261,-0.6961,0.0],[130.2262,-0.701,0.0],[130.2436,-0.6982,0.0],[130.2479,-0.6941,3.6482],[130.2476,-0.6917,10.889],[130.2407,-0.6878,9.9169],[130.2342,-0.6887,0.0]]],
[[[129.6883,-1.2529,6.576],[129.6907,-1.2521,0.0],[129.6909,-1.2499,0.0],[129.6891,-1.2489,0.0],[129.6834,-1.2515,7.8923],[129.6853,-1.2527,14.9872],[129.6883,-1.2529,6.576]]],
[[[129.7317,-1.2477,0.0],[129.7289,-1.2473,0.0],[129.7291,-1.2495,0.0],[129.7313,-1.2503,0.0],[129.7317,-1.2477,0.0]]],
[[[129.7432,-1.2426,0.0],[129.7477,-1.2446,0.0],[129.7476,-1.2424,0.0],[129.7455,-1.2411,0.0],[129.7432,-1.2426,0.0]]],
[[[129.6701,-1.2442,0.0],[129.6729,-1.2451,0.0],[129.6745,-1.2433,0.0],[129.673,-1.2408,0.0],[129.6709,-1.2405,0.0],[129.6688,-1.2426,0.0],[129.6701,-1.2442,0.0]]],
[[[129.6838,-1.2366,0.0],[129.6796,-1.2319,0.0],[129.6778,-1.2334,0.0],[129.6779,-1.2356,0.0],[129.6808,-1.2387,0.0],[129.6831,-1.2389,0.0],[129.6838,-1.2366,0.0]]],
[[[129.711,-1.2227,0.0],[129.711,-1.2198,0.0],[129.707,-1.2179,0.0],[129.7046,-1.2192,0.0],[129.7033,-1.2229,0.0],[129.7071,-1.2249,0.0],[129.711,-1.2227,0.0]]],
[[[129.6524,-1.2144,10.7074],[129.65,-1.2137,9.7832],[129.6479,-1.2158,3.2347],[129.6486,-1.2226,0.0],[129.6506,-1.2245,0.0],[129.6577,-1.2224,0.0],[129.6573,-1.2198,0.0],[129.6524,-1.2144,10.7074]]],
[[[129.7315,-1.2088,0.7357],[129.7292,-1.2151,0.0],[129.7306,-1.2168,0.0],[129.7389,-1.2172,3.6435],[129.7408,-1.2155,79.2548],[129.7337,-1.209,15.0658],[129.7315,-1.2088,0.7357]]],
[[[129.6517,-1.1878,0.0],[129.6494,-1.1899,0.0],[129.6499,-1.1981,0.0],[129.6551,-1.2033,3.6075],[129.6575,-1.2023,0.0],[129.6583,-1.1936,0.0],[129.6563,-1.1896,0.0],[129.6517,-1.1878,0.0]]],
[[[129.7128,-1.1908,22.738],[129.706,-1.1943,25.9786],[129.7051,-1.1963,30.347],[129.7082,-1.1996,12.2509],[129.7129,-1.1999,3.5225],[129.7164,-1.198,2.0558],[129.7172,-1.1923,27.6606],[129.7151,-1.1903,22.2598],[129.7128,-1.1908,22.738]]],
[[[129.4014,-1.1865,0.0],[129.4032,-1.1849,0.0],[129.4008,-1.1798,0.0],[129.3984,-1.1805,0.0],[129.3953,-1.1781,0.0],[129.3877,-1.1776,0.0],[129.3862,-1.1793,0.0],[129.3878,-1.1813,0.0],[129.3947,-1.1838,0.0],[129.3945,-1.1864,0.0],[129.4014,-1.1865,0.0]]],
[[[129.7983,-1.2177,0.0],[129.804,-1.2158,0.0],[129.8088,-1.2178,0.0],[129.8119,-1.2149,0.0],[129.8175,-1.2147,5.1336],[129.8286,-1.2102,11.8827],[129.8287,-1.2074,18.745],[129.8064,-1.212,0.0],[129.7994,-1.2149,0.0],[129.7917,-1.2142,0.0],[129.7893,-1.2177,0.0],[129.7909,-1.2192,0.0],[129.7983,-1.2177,0.0]]],
[[[129.7817,-1.2061,62.6955],[129.7706,-1.212,24.271],[129.7686,-1.2165,0.0],[129.7734,-1.2187,0.0],[129.779,-1.217,0.0],[129.7872,-1.2082,0.0],[129.7868,-1.2062,44.6399],[129.7845,-1.2052,46.3448],[129.7817,-1.2061,62.6955]]],
[[[130.4208,-2.211,118.0988],[130.4173,-2.2132,120.9785],[130.4124,-2.2122,62.0755],[130.4109,-2.2136,15.5182],[130.4041,-2.2123,0.0],[130.4034,-2.2103,0.0],[130.3976,-2.2194,0.0],[130.4009,-2.2185,0.0],[130.4052,-2.2206,0.0],[130.4164,-2.2184,0.0],[130.4251,-2.2221,0.0],[130.4317,-2.221,0.0],[130.436,-2.2238,0.0],[130.439,-2.2231,0.0],[130.4426,-2.2186,0.0],[130.4449,-2.2228,0.0],[130.444,-2.2248,0.0],[130.4459,-2.2254,0.0],[130.4476,-2.2238,0.0],[130.4504,-2.2272,0.0],[130.4523,-2.2239,0.0],[130.4551,-2.2227,0.0],[130.455,-2.2273,0.0],[130.4675,-2.2278,0.0],[130.4716,-2.2303,0.0],[130.4734,-2.2268,0.0],[130.4757,-2.2267,0.0],[130.4752,-2.2245,55.1805],[130.4678,-2.2217,43.5879],[130.4647,-2.2234,0.5843],[130.4638,-2.2214,3.9323],[130.4543,-2.2207,22.5883],[130.4536,-2.2186,0.0],[130.4345,-2.2139,82.2797],[130.4299,-2.2143,80.9527],[130.4286,-2.2119,114.4214],[130.4208,-2.211,118.0988]]],
[[[130.4139,-2.2049,0.0],[130.4146,-2.2007,0.0],[130.411,-2.2021,0.0],[130.4107,-2.2045,0.0],[130.4139,-2.2049,0.0]]],
[[[130.4487,-2.1731,11.2227],[130.4573,-2.1679,0.0],[130.4484,-2.1692,0.0],[130.4474,-2.1713,20.1461],[130.4487,-2.1731,11.2227]]],
[[[130.4504,-2.1463,0.0],[130.4602,-2.1481,0.0],[130.4641,-2.1476,17.3615],[130.4663,-2.1449,81.8907],[130.4622,-2.1434,0.0],[130.4497,-2.1436,0.0],[130.4466,-2.1441,0.0],[130.4456,-2.1462,0.0],[130.4478,-2.1474,0.0],[130.4504,-2.1463,0.0]]],
[[[130.5001,-2.2345,0.0],[130.5001,-2.2285,0.0],[130.4916,-2.2292,0.0],[130.494,-2.2334,0.0],[130.5001,-2.2345,0.0]]],
[[[130.4596,-2.1668,0.0],[130.4638,-2.1679,13.8489],[130.4615,-2.1641,0.0],[130.4574,-2.1636,0.0],[130.4573,-2.1679,0.0],[130.4596,-2.1668,0.0]]],
[[[130.4892,-2.14,17.3688],[130.4827,-2.139,40.6607],[130.4865,-2.1422,0.0],[130.4885,-2.1422,0.0],[130.4892,-2.14,17.3688]]],
[[[130.4801,-2.1386,47.765],[130.4764,-2.1391,48.2492],[130.4821,-2.1417,0.0],[130.4827,-2.139,40.6607],[130.4801,-2.1386,47.765]]],
[[[130.3842,-2.1296,0.0],[130.3948,-2.1254,2.417],[130.3967,-2.1225,0.0],[130.3969,-2.1178,0.0],[130.3892,-2.1148,0.0],[130.3634,-2.1169,0.0],[130.3447,-2.1224,0.0],[130.3387,-2.1262,0.0],[130.3379,-2.1297,0.0],[130.3401,-2.1342,0.0],[130.3468,-2.1361,0.0],[130.3627,-2.1318,0.0],[130.3842,-2.1296,0.0]]],
[[[130.4021,-2.0866,0.0],[130.4062,-2.0809,13.8922],[130.4005,-2.0788,0.0],[130.3984,-2.083,0.0],[130.3959,-2.0816,0.0],[130.3973,-2.0766,0.0],[130.3962,-2.0749,0.0],[130.3898,-2.0791,0.0],[130.3896,-2.0811,0.0],[130.392,-2.081,0.0],[130.3954,-2.0875,0.0],[130.3997,-2.0881,0.0],[130.4021,-2.0866,0.0]]],
[[[130.412,-2.0806,1.576],[130.4144,-2.0784,0.0],[130.4162,-2.0798,0.5783],[130.4181,-2.0788,0.0],[130.4193,-2.0762,44.0599],[130.4237,-2.0751,25.581],[130.424,-2.073,17.0245],[130.4292,-2.0706,0.0],[130.4215,-2.0665,0.0],[130.4211,-2.0712,0.0],[130.4166,-2.0699,0.0],[130.4134,-2.0728,4.087],[130.4089,-2.0705,0.0],[130.4037,-2.0712,0.0],[130.4047,-2.0738,0.0],[130.4089,-2.0751,0.0],[130.4068,-2.0816,0.798],[130.412,-2.0806,1.576]]],
[[[130.4557,-2.0722,0.0],[130.4591,-2.0691,73.4933],[130.4655,-2.0668,97.6274],[130.4649,-2.0649,66.9533],[130.461,-2.0638,6.8878],[130.4585,-2.0606,0.0],[130.4553,-2.0637,0.0],[130.4524,-2.0608,0.0],[130.4498,-2.0638,0.0],[130.4509,-2.0656,0.0],[130.4463,-2.0679,130.1786],[130.4462,-2.0656,77.4555],[130.4438,-2.0655,0.0],[130.4395,-2.0677,0.0],[130.4395,-2.0634,40.6633],[130.4375,-2.0624,61.9216],[130.4329,-2.0684,40.2104],[130.4344,-2.0698,37.3438],[130.4335,-2.0721,14.4773],[130.4352,-2.0732,0.0],[130.4403,-2.0716,19.6075],[130.4464,-2.0734,0.0],[130.451,-2.0716,0.0],[130.4557,-2.0722,0.0]]],
[[[130.4207,-2.0634,0.0],[130.427,-2.0668,0.0],[130.4299,-2.0667,7.765],[130.4317,-2.0624,86.4564],[130.4305,-2.0605,34.2931],[130.4279,-2.0611,4.9171],[130.4287,-2.0557,0.0],[130.425,-2.0553,3.911],[130.4226,-2.0567,0.0],[130.4209,-2.0605,0.0],[130.4137,-2.0602,0.0],[130.4159,-2.0636,0.0],[130.4207,-2.0634,0.0]]],
[[[130.3641,-2.0537,0.0],[130.3574,-2.0513,0.0],[130.3555,-2.0521,0.0],[130.3548,-2.0592,0.0],[130.3688,-2.0572,0.0],[130.3673,-2.0548,51.3215],[130.3641,-2.0537,0.0]]],
[[[130.3953,-2.04,0.0],[130.3882,-2.0458,0.0],[130.3906,-2.0468,0.0],[130.3988,-2.0454,12.1959],[130.3995,-2.0412,0.0],[130.4018,-2.0385,0.0],[130.3953,-2.04,0.0]]],
[[[130.3745,-2.0449,0.0],[130.3773,-2.036,0.0],[130.373,-2.0354,9.6308],[130.3725,-2.0402,8.466],[130.3745,-2.0449,0.0]]],
[[[130.2666,-2.2366,0.0],[130.273,-2.232,13.1286],[130.2673,-2.2279,124.86279999999999],[130.2522,-2.2257,0.0],[130.2455,-2.2283,0.0],[130.2463,-2.2327,0.0],[130.2516,-2.2321,0.0],[130.2553,-2.2339,0.0],[130.2595,-2.2323,0.0],[130.2666,-2.2366,0.0]]],
[[[130.2575,-2.1885,57.757],[130.2551,-2.1902,19.9069],[130.2513,-2.1874,35.2771],[130.2401,-2.1859,141.041],[130.2349,-2.1835,121.6133],[130.2276,-2.1835,110.1979],[130.2243,-2.1855,12.7686],[130.2239,-2.1835,0.0],[130.2159,-2.1846,0.0],[130.2158,-2.1866,0.0],[130.2194,-2.1905,0.0],[130.2255,-2.1892,0.0],[130.2264,-2.1931,16.256],[130.2368,-2.1925,0.0],[130.24,-2.191,0.0],[130.2376,-2.1898,0.0],[130.2402,-2.1881,68.4971],[130.2435,-2.1885,81.5645],[130.2456,-2.1929,0.0],[130.2435,-2.1951,0.0],[130.239,-2.1958,0.0],[130.2364,-2.1991,34.2449],[130.2321,-2.1987,17.0315],[130.2319,-2.2008,0.0],[130.2206,-2.1972,0.0],[130.2187,-2.1996,0.0],[130.2319,-2.2055,0.0],[130.2353,-2.2093,0.0],[130.2414,-2.2109,0.0],[130.2473,-2.2154,0.0],[130.2536,-2.212,0.0],[130.2605,-2.2145,0.0],[130.2609,-2.2116,0.0],[130.2702,-2.2149,0.0],[130.2688,-2.2112,25.7664],[130.265,-2.2094,49.6472],[130.2634,-2.2012,150.8172],[130.2594,-2.1985,184.8076],[130.2614,-2.1967,168.9919],[130.2662,-2.1992,153.6663],[130.2761,-2.2004,0.0],[130.2796,-2.198,0.0],[130.2832,-2.2009,0.0],[130.2898,-2.2015,0.0],[130.2903,-2.1989,0.0],[130.2947,-2.1978,17.1602],[130.2953,-2.1951,121.0739],[130.2937,-2.1926,137.687],[130.2847,-2.1918,166.1907],[130.2832,-2.1903,65.2067],[130.2792,-2.1915,219.0959],[130.2776,-2.19,147.3536],[130.2737,-2.1918,98.114],[130.265,-2.1879,30.4537],[130.2575,-2.1885,57.757]]],
[[[130.2975,-2.1957,143.8081],[130.2977,-2.1988,7.2787],[130.3023,-2.1994,0.0],[130.303,-2.1973,0.0],[130.2975,-2.1957,143.8081]]],
[[[130.2654,-2.1229,0.0],[130.2614,-2.1257,0.0],[130.2611,-2.1285,0.0],[130.2707,-2.1273,0.0],[130.27,-2.1253,0.0],[130.2717,-2.1235,0.0],[130.273,-2.1254,0.6368],[130.2741,-2.1233,0.0],[130.2734,-2.1202,0.0],[130.2654,-2.1229,0.0]]],
[[[130.1907,-2.1971,0.0],[130.1898,-2.1991,0.0],[130.1853,-2.1982,0.0],[130.1824,-2.1999,0.0],[130.1821,-2.2024,0.0],[130.1896,-2.202,0.0],[130.1943,-2.1982,0.0],[130.1907,-2.1971,0.0]]],
[[[130.1514,-2.0749,0.0],[130.1591,-2.0705,21.5422],[130.1589,-2.0675,0.0],[130.1569,-2.0664,0.0],[130.1535,-2.0704,77.8529],[130.1501,-2.0708,0.0],[130.1456,-2.0662,0.0],[130.1437,-2.0674,0.0],[130.1424,-2.0761,0.0],[130.1514,-2.0749,0.0]]],
[[[130.2931,-2.1191,0.0],[130.2881,-2.1257,0.0],[130.2894,-2.1346,0.0],[130.2931,-2.1376,0.0],[130.2971,-2.1371,0.0],[130.301,-2.1303,0.0],[130.3087,-2.1257,2.0673],[130.3175,-2.1158,0.0],[130.3146,-2.1115,0.0],[130.312,-2.1105,0.0],[130.3042,-2.1124,0.0],[130.2998,-2.1168,0.0],[130.2931,-2.1191,0.0]]],
[[[130.2541,-1.6976,0.0],[130.2505,-1.6987,0.0],[130.249,-1.7022,0.0],[130.2557,-1.706,26.4195],[130.2608,-1.7042,21.3413],[130.264,-1.7005,0.0],[130.2649,-1.6955,0.0],[130.2602,-1.6948,0.0],[130.2541,-1.6976,0.0]]],
[[[130.1344,-1.7061,0.0],[130.1324,-1.7072,0.0],[130.1327,-1.7092,0.0],[130.1389,-1.7069,0.0],[130.1371,-1.7055,0.0],[130.1344,-1.7061,0.0]]],
[[[130.4511,-1.9811,29.7429],[130.4534,-1.9844,0.0],[130.4598,-1.9847,43.0846],[130.4624,-1.9832,66.9174],[130.4648,-1.9775,0.0],[130.4622,-1.9781,0.0],[130.4599,-1.9748,0.0],[130.4593,-1.9682,0.0],[130.4565,-1.971,0.0],[130.4509,-1.9691,4.6935],[130.456,-1.965,12.6718],[130.4556,-1.9603,6.4575],[130.4503,-1.9665,9.9226],[130.4507,-1.963,2.767],[130.4442,-1.9666,0.0],[130.444,-1.9741,0.0],[130.4459,-1.9754,0.0],[130.4492,-1.9724,24.2801],[130.4472,-1.9796,0.0],[130.4483,-1.9819,2.2349],[130.4511,-1.9811,29.7429]]],
[[[130.47,-1.9847,0.0],[130.471,-1.9865,0.0],[130.4754,-1.9847,87.5794],[130.4743,-1.9811,0.0],[130.4724,-1.9804,0.0],[130.47,-1.9847,0.0]]],
[[[130.4822,-1.9825,53.4394],[130.4829,-1.9755,0.0],[130.4806,-1.9761,0.0],[130.477,-1.9868,0.0],[130.4814,-1.9853,105.5433],[130.4822,-1.9825,53.4394]]],
[[[130.5104,-1.978,0.0],[130.5128,-1.9777,0.0],[130.5129,-1.9747,0.0],[130.5101,-1.976,0.0],[130.5104,-1.978,0.0]]],
[[[130.4688,-1.9728,2.6099],[130.4658,-1.9736,14.9491],[130.4669,-1.9772,0.0],[130.4689,-1.9756,3.7713],[130.4688,-1.9728,2.6099]]],
[[[130.4668,-1.9706,4.0047],[130.4672,-1.9684,4.1129],[130.4647,-1.9686,0.0],[130.4658,-1.9736,14.9491],[130.4668,-1.9706,4.0047]]],
[[[130.4737,-1.9658,5.5757],[130.4746,-1.9716,0.0],[130.4768,-1.9664,12.2867],[130.4759,-1.9643,2.5229],[130.4737,-1.9658,5.5757]]],
[[[130.4615,-1.9686,4.2793],[130.46,-1.9645,1.52],[130.4587,-1.9662,8.7636],[130.4593,-1.9682,0.0],[130.4615,-1.9686,4.2793]]],
[[[130.4771,-1.7658,0.0],[130.4748,-1.7671,0.0],[130.4751,-1.7696,0.0],[130.4773,-1.7699,0.0],[130.4771,-1.7658,0.0]]],
[[[130.3745,-1.9332,0.0],[130.3732,-1.9348,0.0],[130.3713,-1.9339,0.0],[130.3686,-1.9383,38.112],[130.3754,-1.9398,35.9738],[130.3787,-1.9379,2.0798],[130.3782,-1.9359,0.0],[130.3745,-1.9332,0.0]]],
[[[130.4564,-1.9036,1.0248],[130.4629,-1.9043,2.5889],[130.466,-1.8981,0.0],[130.4591,-1.8963,0.0],[130.4495,-1.8979,0.0],[130.4494,-1.9023,0.0],[130.4564,-1.9036,1.0248]]],
[[[130.4218,-1.4144,0.0],[130.4203,-1.417,10.5962],[130.4217,-1.4188,11.3596],[130.4252,-1.4152,1.2858],[130.4235,-1.4128,0.0],[130.4218,-1.4144,0.0]]],
[[[130.3098,-1.6143,0.0],[130.3115,-1.6127,0.0],[130.3106,-1.6104,0.0],[130.3081,-1.6098,0.0],[130.3024,-1.6107,0.0],[130.3007,-1.613,0.0],[130.3036,-1.6169,2.3142],[130.3098,-1.6143,0.0]]],
[[[130.3202,-1.6068,0.0],[130.3268,-1.6082,0.0],[130.3272,-1.6059,0.0],[130.3233,-1.603,0.0],[130.3208,-1.6031,0.0],[130.3202,-1.6068,0.0]]],
[[[130.3454,-1.5893,0.0],[130.3468,-1.5869,0.0],[130.3456,-1.5847,0.0],[130.3403,-1.5823,0.0],[130.3387,-1.5849,0.0],[130.3454,-1.5893,0.0]]],
[[[130.3176,-1.4275,0.0],[130.3246,-1.4301,0.0],[130.3264,-1.4279,0.0],[130.3261,-1.4253,0.0],[130.3208,-1.4223,0.0],[130.3117,-1.4229,0.0],[130.3112,-1.4252,0.0],[130.3131,-1.4268,0.0],[130.3176,-1.4275,0.0]]],
[[[130.5472,-0.7969,5.2295],[130.5384,-0.7988,28.9453],[130.5333,-0.7982,21.7705],[130.5307,-0.8003,17.0417],[130.5311,-0.8025,12.1191],[130.5289,-0.8033,46.8545],[130.5261,-0.8019,113.3502],[130.5279,-0.8005,62.1096],[130.5209,-0.7977,0.0],[130.5211,-0.7955,0.0],[130.519,-0.7955,0.0],[130.517,-0.8002,2.9813],[130.5084,-0.8033,0.0],[130.5123,-0.8123,0.0],[130.509,-0.8172,0.0],[130.5095,-0.8206,0.0],[130.5162,-0.8211,20.3217],[130.5153,-0.8233,0.0],[130.5194,-0.8247,0.0],[130.5197,-0.8271,10.481],[130.5223,-0.8283,0.0],[130.537,-0.8279,0.0],[130.5422,-0.8228,16.1287],[130.5444,-0.8101,44.0855],[130.5487,-0.8035,23.9523],[130.5491,-0.7975,6.3722],[130.5472,-0.7969,5.2295]]],
[[[130.5029,-0.7947,0.0],[130.5053,-0.7953,0.0],[130.5061,-0.793,0.0],[130.5019,-0.7889,0.0],[130.5004,-0.7905,0.0],[130.5029,-0.7947,0.0]]],
[[[130.521,-0.5626,0.0],[130.5202,-0.5631,0.0],[130.5203,-0.5636,0.0],[130.5215,-0.5632,0.0],[130.521,-0.5626,0.0]]],
[[[130.5076,-0.516,0.0],[130.5131,-0.5148,0.0],[130.5232,-0.5184,0.0],[130.529,-0.5156,0.0],[130.5293,-0.5121,0.0],[130.5312,-0.5105,0.0],[130.5363,-0.5161,0.0],[130.544,-0.519,0.0],[130.5444,-0.5135,0.0],[130.5463,-0.512,0.8205],[130.5475,-0.5137,1.4923],[130.5495,-0.5127,0.7417],[130.5479,-0.5088,7.2174],[130.5497,-0.5062,2.4156],[130.5643,-0.4996,0.0],[130.5679,-0.4869,0.0],[130.563,-0.4801,96.1297],[130.5625,-0.4756,108.2637],[130.5673,-0.4711,0.0],[130.577,-0.4693,0.0],[130.5797,-0.4703,0.0],[130.5814,-0.4744,0.0],[130.5871,-0.4742,0.0],[130.5874,-0.4721,0.0],[130.5896,-0.4719,0.0],[130.5913,-0.4733,0.0],[130.5979,-0.4737,0.0],[130.5983,-0.4761,0.0],[130.6014,-0.4766,0.0],[130.5996,-0.4808,0.0],[130.6017,-0.4812,0.0],[130.6007,-0.4832,0.0],[130.602,-0.4879,1.9936],[130.6041,-0.4869,36.3722],[130.6099,-0.4901,25.449],[130.6143,-0.4903,44.3512],[130.6125,-0.4944,79.1672],[130.6041,-0.4932,69.8402],[130.6022,-0.495,80.43],[130.6075,-0.4985,84.9657],[130.6052,-0.4997,30.9454],[130.5929,-0.4982,0.0],[130.599,-0.5063,94.4487],[130.5995,-0.511,69.2955],[130.5978,-0.5122,61.7134],[130.5955,-0.5109,38.6422],[130.5937,-0.5136,31.9798],[130.5955,-0.5221,4.9948],[130.5932,-0.5253,45.0462],[130.5951,-0.5313,0.0],[130.5895,-0.5307,61.7252],[130.5882,-0.5325,14.3303],[130.5863,-0.5295,47.3964],[130.578,-0.5326,53.5849],[130.5749,-0.5313,0.0],[130.5746,-0.5266,13.4618],[130.5726,-0.5264,18.3486],[130.5692,-0.5292,0.0],[130.5694,-0.5352,0.0],[130.5746,-0.5439,0.0],[130.5769,-0.5453,0.0],[130.5894,-0.5435,0.0],[130.5925,-0.5426,0.0],[130.593,-0.5382,0.0],[130.5974,-0.5406,0.0],[130.6085,-0.5348,0.0],[130.6328,-0.5305,0.0],[130.6423,-0.5224,0.0],[130.6545,-0.5206,0.0],[130.6523,-0.5133,7.5688],[130.657,-0.5157,0.0],[130.6622,-0.5159,0.0],[130.6671,-0.5057,0.0],[130.6757,-0.5004,0.0],[130.6769,-0.4977,0.0],[130.6725,-0.4947,2.7009],[130.6658,-0.4966,25.013],[130.6663,-0.4909,22.7691],[130.6703,-0.4919,84.5989],[130.6716,-0.4883,24.4297],[130.6756,-0.4866,0.0],[130.6823,-0.4718,0.0],[130.6851,-0.4704,0.0],[130.6869,-0.4657,0.0],[130.691,-0.4692,0.0],[130.6924,-0.4611,0.0],[130.6973,-0.4528,0.0],[130.6943,-0.4468,88.8831],[130.6926,-0.4481,39.8174],[130.6908,-0.4453,106.4711],[130.6844,-0.4458,110.7831],[130.6826,-0.4444,116.9623],[130.6814,-0.4424,86.8079],[130.6832,-0.4413,65.8078],[130.6826,-0.4388,4.9805],[130.6675,-0.4419,160.9027],[130.666,-0.4403,179.7378],[130.6689,-0.4334,0.0],[130.666,-0.4268,23.0319],[130.6508,-0.4195,165.7985],[130.6481,-0.4155,111.7405],[130.6408,-0.4138,153.7582],[130.6364,-0.4155,161.9557],[130.6309,-0.4116,152.5838],[130.6252,-0.4121,106.8179],[130.6239,-0.4141,127.3127],[130.6184,-0.4109,93.6682],[130.6202,-0.4097,93.6682],[130.6206,-0.4055,0.0],[130.6176,-0.4031,113.064],[130.6127,-0.4026,108.3251],[130.6105,-0.4026,36.3665],[130.6065,-0.4069,0.0],[130.6105,-0.4135,0.0],[130.6084,-0.4143,0.0],[130.6094,-0.4167,0.0],[130.6132,-0.4181,0.0],[130.6131,-0.4207,34.823],[130.6176,-0.4225,54.1552],[130.6157,-0.4257,110.1426],[130.6051,-0.4258,102.8018],[130.6,-0.4209,64.7705],[130.5935,-0.4189,64.1227],[130.5909,-0.4224,102.3214],[130.5733,-0.4312,135.3352],[130.5649,-0.4322,47.6288],[130.5517,-0.4409,0.0],[130.5521,-0.444,0.0],[130.5583,-0.4521,41.2201],[130.558,-0.4547,10.3108],[130.552,-0.4586,8.4954],[130.5495,-0.464,84.7399],[130.5434,-0.4667,102.8882],[130.539,-0.4654,84.9669],[130.5382,-0.4673,106.433],[130.5224,-0.4762,194.5058],[130.5158,-0.4754,96.409],[130.5169,-0.4713,113.7866],[130.514,-0.4677,93.1833],[130.5102,-0.4669,78.6161],[130.5109,-0.4644,106.869],[130.5078,-0.4612,147.8089],[130.5093,-0.4565,90.7084],[130.5061,-0.454,87.3997],[130.5088,-0.4498,20.0391],[130.5076,-0.4476,0.0],[130.5032,-0.4473,41.8128],[130.4996,-0.4444,19.3449],[130.4947,-0.4434,9.934],[130.4904,-0.4383,15.7586],[130.4859,-0.4379,29.8082],[130.4787,-0.4451,64.444],[130.4737,-0.4464,0.0],[130.4685,-0.4512,0.0],[130.474,-0.4561,0.0],[130.4743,-0.4585,0.0],[130.4783,-0.4559,1.9243],[130.4815,-0.459,8.2561],[130.488,-0.4611,25.2318],[130.4885,-0.4634,49.8649],[130.484,-0.4633,62.9184],[130.4845,-0.4653,71.8357],[130.483,-0.4666,85.5089],[130.479,-0.4649,56.1168],[130.4766,-0.4685,91.3745],[130.4709,-0.4706,28.3133],[130.465,-0.4671,0.0],[130.4665,-0.4653,37.6488],[130.4647,-0.4641,0.0],[130.4583,-0.4634,0.0],[130.4641,-0.4736,0.0],[130.4631,-0.4784,0.0],[130.4655,-0.4789,0.0],[130.4664,-0.481,0.0],[130.4639,-0.4882,0.0],[130.4665,-0.4917,0.0],[130.4745,-0.4936,0.0],[130.506,-0.4903,0.0],[130.5103,-0.4928,12.2925],[130.5103,-0.4971,164.6434],[130.5058,-0.5027,196.5416],[130.4876,-0.5067,202.0531],[130.4709,-0.515,35.0802],[130.4557,-0.5163,0.0],[130.454,-0.5176,0.0],[130.4552,-0.5197,0.0],[130.4594,-0.5213,0.0],[130.4609,-0.5283,0.0],[130.4664,-0.5296,0.0],[130.4676,-0.5258,0.0],[130.4717,-0.5267,0.0],[130.4798,-0.5248,0.0],[130.4894,-0.518,0.0],[130.4994,-0.5169,0.0],[130.5033,-0.5194,0.0],[130.5076,-0.516,0.0]]],
[[[130.4502,-0.5258,0.0],[130.4526,-0.5248,0.0],[130.454,-0.5296,0.0],[130.4563,-0.529,0.0],[130.4555,-0.522,0.0],[130.4517,-0.5222,0.0],[130.4493,-0.5187,0.0],[130.4447,-0.5201,0.0],[130.445,-0.5239,0.0],[130.4502,-0.5258,0.0]]],
[[[130.3479,-0.4882,0.0],[130.3526,-0.49,0.0],[130.3605,-0.4891,0.0],[130.3597,-0.4872,0.0],[130.3531,-0.4846,4.6036],[130.3426,-0.4857,0.9059],[130.3425,-0.4877,0.0],[130.3479,-0.4882,0.0]]],
[[[130.453,-0.4583,0.0],[130.4495,-0.4574,0.0],[130.4509,-0.46,0.0],[130.453,-0.4583,0.0]]],
[[[130.4424,-0.4538,0.0],[130.4386,-0.4504,0.0],[130.4494,-0.4493,0.0],[130.4447,-0.4455,46.2014],[130.441,-0.4462,36.0977],[130.4368,-0.4443,0.0],[130.4342,-0.4513,0.0],[130.4378,-0.4548,0.0],[130.4424,-0.4538,0.0]]],
[[[130.4462,-0.4418,0.0],[130.4447,-0.4455,46.2014],[130.4504,-0.442,10.7618],[130.449,-0.4394,5.9334],[130.4462,-0.4418,0.0]]],
[[[130.427,-0.3733,0.0],[130.4273,-0.3697,0.0],[130.4252,-0.3699,1.6939],[130.425,-0.3722,0.0],[130.427,-0.3733,0.0]]],
[[[130.3929,-0.3509,0.0],[130.3925,-0.3461,0.0],[130.3903,-0.3469,9.5395],[130.3873,-0.3521,0.0],[130.3868,-0.3572,0.0],[130.3888,-0.3588,0.0],[130.3913,-0.3527,0.0],[130.3929,-0.3509,0.0]]],
[[[130.3827,-0.329,0.0],[130.3825,-0.324,23.4179],[130.3805,-0.3234,12.2372],[130.3822,-0.3208,15.0057],[130.3882,-0.324,0.0],[130.3905,-0.3226,0.0],[130.3877,-0.3187,0.0],[130.3825,-0.3169,13.8682],[130.379,-0.3196,0.0],[130.3772,-0.3262,0.0],[130.3805,-0.3302,0.0],[130.3827,-0.329,0.0]]],
[[[129.7908,-1.149,0.0],[129.7928,-1.1487,0.0],[129.7932,-1.1466,0.0],[129.7911,-1.1464,0.0],[129.7908,-1.149,0.0]]],
[[[129.7788,-1.1488,0.0],[129.7821,-1.1483,0.0],[129.7835,-1.1459,0.0],[129.7724,-1.1441,0.0],[129.7768,-1.1485,0.0],[129.7788,-1.1488,0.0]]],
[[[129.8054,-1.1437,0.0],[129.8044,-1.1412,0.0],[129.7995,-1.1414,0.0],[129.7962,-1.1438,0.0],[129.7962,-1.1467,0.0],[129.7995,-1.1472,0.0],[129.8054,-1.1437,0.0]]],
[[[129.6942,-1.1898,28.0958],[129.6939,-1.1872,30.3009],[129.6917,-1.1854,10.4822],[129.6955,-1.1834,28.0953],[129.6858,-1.1794,12.1098],[129.6803,-1.1793,0.3929],[129.6773,-1.1772,3.1805],[129.6758,-1.1714,0.0],[129.6734,-1.1708,0.0],[129.6733,-1.179,0.0],[129.6785,-1.1877,0.0],[129.6858,-1.1902,0.0],[129.6942,-1.1898,28.0958]]],
[[[129.4453,-1.1687,0.0],[129.4496,-1.1801,0.0],[129.4562,-1.1846,0.0],[129.4616,-1.1854,0.0],[129.4759,-1.1777,0.0],[129.4816,-1.1711,0.0],[129.4805,-1.1686,0.0],[129.4698,-1.1606,0.0],[129.4686,-1.1572,0.0],[129.4645,-1.1556,0.0],[129.4508,-1.1599,0.0],[129.4472,-1.1634,0.0],[129.4453,-1.1687,0.0]]],
[[[129.7423,-1.1573,14.2597],[129.7482,-1.1491,0.0],[129.7473,-1.1411,0.0],[129.7402,-1.1446,0.0],[129.7289,-1.1436,0.0],[129.7218,-1.1469,0.0],[129.7112,-1.1481,0.0],[129.6959,-1.1596,0.0],[129.6779,-1.1633,0.0],[129.6742,-1.1654,0.0],[129.6782,-1.1709,0.0],[129.6817,-1.1721,0.0],[129.6843,-1.1709,0.0],[129.6862,-1.1658,0.0],[129.6958,-1.1665,0.0],[129.6908,-1.1729,0.0],[129.6924,-1.1793,22.5709],[129.6955,-1.1831,28.0953],[129.7083,-1.1889,25.4216],[129.7161,-1.1855,30.0977],[129.7332,-1.1709,34.6999],[129.7423,-1.1573,14.2597]]],
[[[129.3783,-1.1586,0.0],[129.3635,-1.1516,0.0],[129.357,-1.1536,0.0],[129.3569,-1.1597,0.0],[129.3589,-1.1652,42.5081],[129.3583,-1.1675,40.5283],[129.3554,-1.1677,33.3718],[129.3543,-1.1703,15.3003],[129.3602,-1.1758,68.7518],[129.3692,-1.1745,11.5724],[129.3778,-1.1767,8.5318],[129.3799,-1.1751,10.4733],[129.3809,-1.1713,0.0],[129.3782,-1.1668,0.0],[129.3783,-1.1586,0.0]]],
[[[129.332,-1.1615,57.027],[129.3372,-1.1595,40.53],[129.3406,-1.1604,22.7405],[129.3504,-1.1539,0.0],[129.357,-1.1536,0.0],[129.3565,-1.1503,0.0],[129.3431,-1.1446,0.0],[129.3198,-1.1466,0.0],[129.3098,-1.1531,0.0],[129.3077,-1.1571,0.0],[129.3101,-1.1604,4.6729],[129.3134,-1.1581,2.924],[129.3168,-1.1581,27.0469],[129.3301,-1.1647,48.9214],[129.3319,-1.1637,55.6431],[129.332,-1.1615,57.027]]],
[[[129.4243,-1.1528,0.0],[129.4284,-1.1596,0.0],[129.4316,-1.1513,0.0],[129.4303,-1.1479,0.0],[129.4271,-1.1524,0.0],[129.4255,-1.1457,0.0],[129.4236,-1.145,0.0],[129.4227,-1.1491,0.0],[129.4243,-1.1528,0.0]]],
[[[129.41,-1.1469,0.0],[129.4078,-1.1464,0.0],[129.4055,-1.151,0.0],[129.4061,-1.1534,0.0],[129.4082,-1.1536,0.0],[129.4097,-1.1517,0.0],[129.4136,-1.1539,0.0],[129.4143,-1.1519,0.0],[129.41,-1.1469,0.0]]],
[[[129.4291,-1.1416,0.0],[129.4273,-1.1431,0.0],[129.4317,-1.1455,0.0],[129.4313,-1.1423,0.0],[129.4291,-1.1416,0.0]]],
[[[129.4456,-1.1426,0.0],[129.444,-1.1406,0.0],[129.4424,-1.1423,0.0],[129.4437,-1.1449,0.0],[129.4458,-1.1447,0.0],[129.4456,-1.1426,0.0]]],
[[[129.757,-1.1455,0.0],[129.7588,-1.1473,0.0],[129.7621,-1.1468,0.0],[129.7635,-1.149,0.0],[129.7716,-1.146,0.0],[129.7682,-1.143,0.0],[129.7759,-1.1417,0.0],[129.7808,-1.1369,0.0],[129.7813,-1.1332,0.0],[129.7791,-1.1282,0.0],[129.7743,-1.1263,0.0],[129.7706,-1.1272,0.0],[129.7608,-1.1336,0.0],[129.7564,-1.1381,0.0],[129.757,-1.1455,0.0]]],
[[[129.7641,-0.8486,0.0],[129.76,-0.8453,0.0],[129.7592,-0.8615,0.0],[129.7641,-0.8486,0.0]]],
[[[129.7669,-0.8478,0.0],[129.7688,-0.8462,3.7825],[129.7685,-0.8436,4.1195],[129.7661,-0.8435,2.0548],[129.7641,-0.8486,0.0],[129.7669,-0.8478,0.0]]],
[[[129.8493,-1.133,0.0],[129.8401,-1.1406,0.0],[129.8514,-1.1397,0.0],[129.8552,-1.1335,0.0],[129.8532,-1.1298,0.0],[129.8493,-1.133,0.0]]],
[[[129.8907,-0.8395,0.0],[129.8919,-0.8445,0.0],[129.9008,-0.8494,0.0],[129.9025,-0.8442,0.0],[129.8993,-0.8373,26.1348],[129.8955,-0.8348,15.1152],[129.8933,-0.8354,7.2529],[129.8907,-0.8395,0.0]]],
[[[129.7838,-0.7757,0.0],[129.7901,-0.7797,0.0],[129.7941,-0.7775,0.0],[129.7844,-0.7691,29.4355],[129.7768,-0.7703,0.0],[129.7772,-0.775,0.0],[129.7838,-0.7757,0.0]]],
[[[130.1136,-0.756,4.8064],[130.1093,-0.7568,4.6435],[130.1055,-0.7624,0.0],[130.1073,-0.7639,0.0],[130.1093,-0.7625,0.0],[130.1137,-0.7583,0.0],[130.1136,-0.756,4.8064]]],
[[[130.2745,-0.3105,0.0],[130.2788,-0.3094,0.0],[130.2754,-0.3059,3.5065],[130.273,-0.306,19.1061],[130.2701,-0.3098,0.0],[130.2712,-0.3118,0.0],[130.2745,-0.3105,0.0]]],
[[[130.3343,-0.2576,170.0032],[130.3364,-0.2565,173.3651],[130.3468,-0.2589,0.0],[130.3504,-0.2562,27.2268],[130.3533,-0.2571,0.0],[130.3569,-0.2623,0.0],[130.3562,-0.2676,0.0],[130.3574,-0.2693,0.0],[130.3593,-0.2673,0.0],[130.361,-0.2712,0.0],[130.3631,-0.2717,0.0],[130.3637,-0.2667,0.0],[130.3663,-0.2661,0.0],[130.3682,-0.2676,0.0],[130.3705,-0.2747,0.0],[130.37,-0.2792,0.0],[130.3779,-0.2794,0.0],[130.3782,-0.2817,0.0],[130.3857,-0.2773,28.2415],[130.3797,-0.2714,73.7629],[130.3782,-0.273,49.2272],[130.3767,-0.2716,16.3633],[130.3722,-0.2718,0.0],[130.3702,-0.2636,0.0],[130.3814,-0.2643,0.0],[130.3849,-0.2621,0.0],[130.3871,-0.2647,5.6056],[130.3855,-0.2696,14.2013],[130.3903,-0.2685,0.0],[130.3902,-0.2709,0.0],[130.3918,-0.2722,0.0],[130.394,-0.2718,0.0],[130.3942,-0.2696,1.2052],[130.3963,-0.2686,26.5793],[130.3971,-0.2711,8.7579],[130.4043,-0.2691,4.356],[130.4068,-0.2649,79.6842],[130.4091,-0.2657,70.841],[130.4138,-0.2615,28.1075],[130.4257,-0.2618,0.0],[130.4256,-0.2647,0.0],[130.4277,-0.2652,0.0],[130.4331,-0.2726,0.0],[130.4371,-0.2744,0.0],[130.4375,-0.2813,0.0],[130.4327,-0.2844,0.0],[130.4241,-0.2843,0.0],[130.4245,-0.2871,0.0],[130.4294,-0.2902,0.0],[130.4343,-0.2885,2.5953],[130.4429,-0.2901,0.0],[130.4453,-0.2892,1.6806],[130.4485,-0.2752,115.221],[130.453,-0.2732,27.9533],[130.4544,-0.2711,66.608],[130.4532,-0.2694,37.8313],[130.4595,-0.2613,31.731],[130.469,-0.2599,6.9807],[130.476,-0.2615,0.0],[130.4782,-0.2654,0.0],[130.4828,-0.2611,3.5467],[130.4926,-0.2577,0.0],[130.5102,-0.2464,5.7988],[130.5206,-0.2493,0.0],[130.524,-0.255,0.0],[130.5265,-0.2564,0.0],[130.5273,-0.2624,0.0],[130.5246,-0.2641,0.0],[130.5224,-0.2715,0.0],[130.5184,-0.2751,0.0],[130.5183,-0.2805,0.0],[130.515,-0.2831,0.0],[130.5146,-0.2942,0.0],[130.5125,-0.2991,0.0],[130.5173,-0.3062,66.5539],[130.5194,-0.3134,0.0],[130.5366,-0.3095,0.0],[130.5411,-0.3109,0.0],[130.5377,-0.3156,0.0],[130.5437,-0.3306,0.0],[130.5419,-0.3452,0.0],[130.5429,-0.3603,0.0],[130.545,-0.3643,0.0],[130.5428,-0.368,0.0],[130.545,-0.3701,0.0],[130.5454,-0.3747,0.0],[130.5451,-0.3809,34.1845],[130.5401,-0.3892,0.0],[130.5422,-0.3907,0.0],[130.5464,-0.3895,0.0],[130.5515,-0.3846,0.0],[130.5542,-0.3969,0.0],[130.5489,-0.4185,18.0056],[130.539,-0.4295,0.0],[130.5406,-0.4349,0.0],[130.5453,-0.433,0.0],[130.5463,-0.4347,0.0],[130.5486,-0.4338,0.0],[130.5515,-0.4369,0.0],[130.5609,-0.432,49.496],[130.5625,-0.4216,25.9366],[130.565,-0.421,5.7647],[130.5624,-0.4163,47.0367],[130.5673,-0.4121,0.0],[130.5692,-0.4091,0.0],[130.5686,-0.4061,6.7908],[130.5748,-0.3988,0.0],[130.5789,-0.3979,0.0],[130.5817,-0.3937,0.0],[130.5808,-0.3911,20.1115],[130.5822,-0.3889,28.3605],[130.5872,-0.3874,0.0],[130.5882,-0.3849,0.0],[130.5842,-0.3804,119.7729],[130.5835,-0.3773,128.5193],[130.5876,-0.3698,0.0],[130.5833,-0.3656,89.4626],[130.5784,-0.3654,78.2414],[130.5733,-0.3705,129.1505],[130.5687,-0.3698,125.884],[130.5623,-0.3735,48.2346],[130.5577,-0.3744,40.342],[130.5569,-0.372,32.1214],[130.5596,-0.3688,4.7606],[130.5589,-0.3643,48.8705],[130.5601,-0.3616,62.3435],[130.5644,-0.3582,2.9],[130.5702,-0.3571,0.0],[130.5724,-0.3514,0.0],[130.5717,-0.3456,0.0],[130.5795,-0.3345,0.0],[130.5748,-0.3312,8.2289],[130.576,-0.3286,0.0],[130.5711,-0.3262,19.0123],[130.5715,-0.3233,13.9755],[130.5789,-0.3218,0.0],[130.5865,-0.3225,0.0],[130.6008,-0.3172,0.0],[130.6033,-0.3148,0.0],[130.6069,-0.3167,0.0],[130.6132,-0.3049,0.0],[130.6147,-0.3067,4.5728],[130.612,-0.3105,0.0],[130.6151,-0.3135,0.0],[130.6211,-0.3099,0.0],[130.6222,-0.3121,0.0],[130.6296,-0.3106,0.0],[130.6321,-0.3073,0.0],[130.6349,-0.3127,0.0],[130.6333,-0.3147,0.0],[130.6357,-0.3149,0.0],[130.643,-0.3084,22.0954],[130.6475,-0.309,0.0],[130.656,-0.3071,0.0],[130.66,-0.3058,0.0],[130.6633,-0.3022,4.3599],[130.6676,-0.3022,0.0],[130.6691,-0.3001,12.4515],[130.671,-0.301,0.0],[130.6726,-0.296,6.475],[130.6779,-0.2934,2.2014],[130.6826,-0.2942,0.0],[130.6841,-0.3011,0.0],[130.6939,-0.3025,0.0],[130.6955,-0.3041,22.6581],[130.6943,-0.307,0.0],[130.697,-0.3062,11.0722],[130.6987,-0.3077,11.7093],[130.6951,-0.3164,0.0],[130.6973,-0.3172,0.0],[130.6985,-0.3225,0.0],[130.7049,-0.3282,18.4292],[130.6997,-0.3289,33.1929],[130.6967,-0.3336,17.5447],[130.6902,-0.3345,4.9872],[130.6861,-0.337,114.7463],[130.6782,-0.3368,97.9094],[130.6723,-0.3403,0.0],[130.6722,-0.3423,0.0],[130.6759,-0.3423,0.0],[130.6799,-0.345,0.0],[130.6842,-0.3436,0.0],[130.6875,-0.3469,0.0],[130.6881,-0.3516,0.0],[130.6936,-0.3556,0.0],[130.6958,-0.3627,0.0],[130.6991,-0.3652,73.225],[130.6979,-0.3676,0.0],[130.6996,-0.3728,0.0],[130.7057,-0.3826,22.0182],[130.7037,-0.3841,12.5638],[130.6993,-0.3944,0.0],[130.7064,-0.3989,0.0],[130.7076,-0.4035,17.88],[130.7064,-0.4094,52.403],[130.7032,-0.4131,0.0],[130.705,-0.4144,0.0],[130.7085,-0.4132,0.0],[130.7151,-0.4281,0.0],[130.7188,-0.4311,5.5039],[130.7196,-0.4364,0.0],[130.7267,-0.4443,0.0],[130.7394,-0.4444,0.0],[130.7509,-0.4478,0.0],[130.7687,-0.4478,0.0],[130.7704,-0.4461,0.0],[130.7694,-0.4416,0.0],[130.7748,-0.4401,0.0],[130.7772,-0.4434,0.0],[130.783,-0.443,0.0],[130.7841,-0.4451,0.0],[130.793,-0.4494,0.0],[130.7977,-0.4459,0.0],[130.8015,-0.4384,0.0],[130.8037,-0.4379,0.0],[130.8125,-0.4449,0.0],[130.8227,-0.437,0.0],[130.8353,-0.4362,0.0],[130.8502,-0.427,0.0],[130.8554,-0.4285,0.0],[130.857,-0.4266,0.0],[130.865,-0.4261,0.0],[130.8712,-0.4289,0.0],[130.8725,-0.4272,0.0],[130.8787,-0.428,0.0],[130.8773,-0.4257,0.0],[130.8784,-0.4217,0.0],[130.8832,-0.4176,0.0],[130.8834,-0.4131,0.0],[130.8917,-0.4115,0.0],[130.8918,-0.4087,0.0],[130.8939,-0.4073,0.0],[130.8982,-0.4096,0.0],[130.9033,-0.408,0.0],[130.9101,-0.4002,0.0],[130.9114,-0.4043,0.0],[130.9143,-0.404,0.0],[130.9268,-0.3919,0.0],[130.9261,-0.3896,0.0],[130.9281,-0.3891,0.0],[130.9318,-0.3914,0.0],[130.9355,-0.3898,0.0],[130.9342,-0.3873,0.0],[130.9249,-0.3811,14.948],[130.9236,-0.3771,8.7919],[130.9252,-0.3733,13.0829],[130.9203,-0.3714,42.6331],[130.9193,-0.3692,18.0689],[130.9242,-0.3645,0.0],[130.9263,-0.3643,0.0],[130.9288,-0.3679,0.0],[130.9337,-0.3679,0.0],[130.9353,-0.3713,0.0],[130.9378,-0.3722,0.0],[130.9441,-0.3632,0.0],[130.9443,-0.3592,0.0],[130.9408,-0.3567,17.0793],[130.9311,-0.358,18.8784],[130.9334,-0.3538,41.9302],[130.9299,-0.3459,73.7017],[130.9294,-0.3366,7.7956],[130.9196,-0.3257,59.9808],[130.9207,-0.3185,0.5],[130.9186,-0.3167,37.2453],[130.9196,-0.3144,3.0955],[130.9185,-0.3124,98.8621],[130.9055,-0.3125,170.5354],[130.9064,-0.3145,206.9169],[130.8967,-0.3223,73.2912],[130.8907,-0.3238,59.4706],[130.8872,-0.3232,62.9864],[130.882,-0.3188,253.1711],[130.862,-0.3192,107.5659],[130.8503,-0.3163,193.8035],[130.8473,-0.3135,332.3734],[130.8456,-0.3003,259.9599],[130.8244,-0.2942,288.0836],[130.8094,-0.3003,14.1809],[130.8086,-0.3029,1.0],[130.8098,-0.3048,1.0],[130.8164,-0.3069,1.0],[130.8177,-0.3115,12.0615],[130.8159,-0.3158,21.7581],[130.8089,-0.3178,28.0801],[130.8094,-0.3156,52.7171],[130.804,-0.3106,48.8414],[130.8002,-0.3125,24.7135],[130.7941,-0.3104,41.2086],[130.7905,-0.3039,43.9039],[130.7907,-0.3015,98.7978],[130.7867,-0.3002,14.0835],[130.7848,-0.3019,19.8803],[130.7841,-0.3065,10.4606],[130.7821,-0.3063,21.0022],[130.7816,-0.2974,76.928],[130.7781,-0.2962,79.6936],[130.7709,-0.2994,28.6473],[130.7686,-0.2989,57.9468],[130.7632,-0.2918,23.1218],[130.7517,-0.2952,35.1129],[130.7442,-0.293,18.8267],[130.7397,-0.2974,14.8389],[130.7318,-0.2973,35.7268],[130.7274,-0.2938,23.2895],[130.7418,-0.2819,1.0],[130.7394,-0.2783,56.4571],[130.7349,-0.2756,135.866],[130.7318,-0.2691,25.8714],[130.7283,-0.2669,115.3436],[130.7233,-0.2506,1.0],[130.7192,-0.248,46.9861],[130.7218,-0.2441,1.0],[130.7208,-0.242,36.657],[130.7183,-0.2421,108.3455],[130.7198,-0.2379,4.7738],[130.7052,-0.2242,58.1395],[130.6967,-0.2118,109.6194],[130.6953,-0.2085,99.3358],[130.6969,-0.207,16.6467],[130.6953,-0.2058,50.4682],[130.6943,-0.2006,21.0475],[130.6796,-0.1866,153.0136],[130.6734,-0.1729,19.9971],[130.6635,-0.1654,107.789],[130.6587,-0.16,78.4329],[130.6589,-0.1571,53.4508],[130.6556,-0.1531,1.0],[130.6504,-0.1499,10.2055],[130.6411,-0.1471,1.0],[130.6337,-0.1478,1.0],[130.6288,-0.1461,1.0],[130.6246,-0.1481,4.434],[130.6171,-0.145,92.7603],[130.6163,-0.1333,7.6433],[130.6182,-0.1316,9.8543],[130.6198,-0.1333,14.1473],[130.621,-0.1418,1.0],[130.6288,-0.1432,1.0],[130.6318,-0.1427,25.6123],[130.6317,-0.1407,54.9118],[130.6295,-0.1368,65.0868],[130.6298,-0.1311,8.4853],[130.6231,-0.1247,9.8577],[130.6157,-0.1222,14.623],[130.6161,-0.12,22.5197],[130.619,-0.1197,21.0868],[130.6259,-0.1148,19.7807],[130.6363,-0.1146,74.436],[130.6363,-0.1121,169.7411],[130.6395,-0.1111,183.6013],[130.6441,-0.1126,88.3357],[130.6432,-0.1101,146.4269],[130.646,-0.1056,40.9591],[130.6524,-0.1017,1.0],[130.6517,-0.099,1.0],[130.649,-0.0985,1.0],[130.6447,-0.1023,1.0],[130.637,-0.1006,1.0],[130.635,-0.1009,1.0],[130.6343,-0.1029,1.0],[130.6301,-0.1024,1.0],[130.6255,-0.1045,1.0],[130.6178,-0.1036,33.3203],[130.6155,-0.1011,60.4616],[130.6189,-0.0966,44.1322],[130.6188,-0.0938,1.0],[130.6138,-0.0929,1.0],[130.6121,-0.0943,9.2052],[130.6136,-0.0969,3.908],[130.6081,-0.0969,54.2552],[130.606,-0.0958,31.9377],[130.6029,-0.0898,17.5165],[130.6129,-0.0827,18.5673],[130.6139,-0.0776,57.4323],[130.617,-0.0769,59.2359],[130.6192,-0.0793,21.8133],[130.6259,-0.0799,31.6485],[130.6286,-0.0854,1.0],[130.6329,-0.0886,59.484],[130.634,-0.0929,1.0],[130.6372,-0.0902,29.4717],[130.641,-0.0925,22.0065],[130.6431,-0.0912,40.9268],[130.6413,-0.0875,77.7135],[130.6423,-0.0857,84.6869],[130.6488,-0.0847,68.3097],[130.6471,-0.0803,72.9352],[130.6527,-0.0817,17.5532],[130.6529,-0.0844,1.0],[130.6554,-0.085,49.6906],[130.6608,-0.0822,69.1215],[130.6595,-0.0804,29.424],[130.6599,-0.0757,64.3854],[130.6629,-0.074,113.7396],[130.6781,-0.078,49.4365],[130.6806,-0.078,15.1083],[130.6806,-0.0755,42.1186],[130.6947,-0.0744,86.5933],[130.6992,-0.0776,14.4787],[130.6992,-0.08,14.809],[130.6957,-0.083,1.0],[130.696,-0.0854,1.0],[130.6801,-0.0911,1.0],[130.6783,-0.0947,1.0],[130.6838,-0.0972,72.6862],[130.6857,-0.0964,47.2531],[130.6853,-0.0939,7.742],[130.6934,-0.0953,57.9866],[130.698,-0.0939,38.2338],[130.7031,-0.0955,57.2351],[130.7031,-0.0935,92.8608],[130.7051,-0.0923,52.7995],[130.7098,-0.0966,20.671],[130.7114,-0.101,1.0],[130.713,-0.1065,1.0],[130.7126,-0.1158,1.0],[130.7179,-0.1303,1.0],[130.7205,-0.1345,1.0],[130.7283,-0.1409,11.8607],[130.7306,-0.1461,1.0],[130.7328,-0.1457,1.0],[130.7381,-0.1488,1.0],[130.743,-0.154,1.0],[130.7484,-0.1526,1.0],[130.7506,-0.1542,1.0],[130.7508,-0.1567,1.0],[130.7531,-0.1562,10.7115],[130.7539,-0.1598,1.0],[130.7587,-0.1592,1.0],[130.7599,-0.1611,1.0],[130.7619,-0.1605,7.73],[130.7617,-0.1558,27.9546],[130.7645,-0.1556,1.0],[130.7657,-0.1601,1.0],[130.768,-0.16,1.0],[130.7727,-0.1559,16.0797],[130.7765,-0.1589,1.0],[130.781,-0.1686,23.427],[130.7774,-0.1709,1.0],[130.779,-0.1727,1.0],[130.7827,-0.1703,1.0],[130.785,-0.1703,1.0],[130.7863,-0.172,1.0],[130.7823,-0.1803,1.0],[130.7887,-0.1832,1.0],[130.7927,-0.1932,1.0],[130.7928,-0.2007,1.0],[130.7909,-0.2054,1.0],[130.7928,-0.2134,1.0],[130.7865,-0.226,1.0],[130.7871,-0.2279,1.0],[130.795,-0.2343,1.0],[130.7942,-0.2389,1.0],[130.797,-0.246,1.0],[130.804,-0.2429,1.0],[130.8059,-0.2453,1.0],[130.8137,-0.2448,1.0],[130.8184,-0.2465,1.0],[130.8294,-0.2454,1.0],[130.8403,-0.2502,1.0],[130.851,-0.2432,1.0],[130.858,-0.2412,1.0],[130.8566,-0.2395,1.0],[130.8586,-0.2367,1.0],[130.8644,-0.2379,1.0],[130.881,-0.2525,1.0],[130.8837,-0.2571,5.7145],[130.8846,-0.2652,1.0],[130.8915,-0.2688,1.0],[130.8975,-0.2765,1.0],[130.9006,-0.285,35.7848],[130.9003,-0.288,41.4558],[130.8979,-0.2897,2.961],[130.8978,-0.2954,1.0],[130.9027,-0.2976,17.5857],[130.904,-0.3003,44.6478],[130.9007,-0.3066,11.5777],[130.9049,-0.3075,1.0],[130.9196,-0.3057,0.5],[130.9243,-0.3119,0.5],[130.9252,-0.3207,0.5],[130.9274,-0.3236,0.5],[130.9353,-0.3276,16.9937],[130.9389,-0.3369,0.0],[130.9379,-0.3434,0.0],[130.9434,-0.3503,33.9401],[130.9618,-0.3572,0.0],[130.9685,-0.3576,0.0],[130.974,-0.3555,0.0],[130.9885,-0.3675,0.0],[130.9916,-0.3642,0.0],[130.9962,-0.3644,0.0],[130.9975,-0.362,0.0],[130.992,-0.3516,43.979],[130.9936,-0.3473,0.0],[130.9895,-0.3432,11.9813],[130.9917,-0.3417,1.8749],[131.0119,-0.3452,0.0],[131.0155,-0.3495,0.0],[131.0225,-0.354,57.8854],[131.0237,-0.3559,64.566],[131.0222,-0.3629,0.0],[131.0234,-0.3653,0.0],[131.0254,-0.3653,0.0],[131.0271,-0.362,0.0],[131.0315,-0.3625,0.0],[131.0298,-0.3528,27.9698],[131.0362,-0.3485,16.3718],[131.0354,-0.3441,0.0],[131.0372,-0.3431,0.0],[131.0446,-0.3468,0.0],[131.0452,-0.3521,0.0],[131.0511,-0.3488,0.0],[131.0559,-0.3482,0.0],[131.0619,-0.3393,0.0],[131.063,-0.3332,0.0],[131.0677,-0.3324,0.0],[131.0703,-0.3262,18.3208],[131.0816,-0.3251,0.0],[131.0818,-0.3229,0.0],[131.0853,-0.3199,0.0],[131.0903,-0.3201,0.0],[131.0916,-0.3181,0.0],[131.0976,-0.3163,0.0],[131.1001,-0.3124,0.0],[131.1024,-0.3124,101.9371],[131.1043,-0.3132,184.1818],[131.1045,-0.316,212.4545],[131.1013,-0.3214,0.0],[131.1009,-0.3264,0.0],[131.1032,-0.3277,0.0],[131.1082,-0.3263,0.0],[131.1172,-0.3274,0.0],[131.1267,-0.3329,0.0],[131.1289,-0.3329,0.0],[131.1308,-0.3301,0.0],[131.1346,-0.3319,0.0],[131.156,-0.3333,0.0],[131.1684,-0.3388,0.0],[131.1795,-0.3403,0.0],[131.1944,-0.3487,0.0],[131.1972,-0.3537,0.0],[131.1943,-0.3568,0.0],[131.1952,-0.3591,0.0],[131.1993,-0.3586,3.6824],[131.2015,-0.3602,17.1322],[131.2016,-0.3646,0.0],[131.1983,-0.3738,0.0],[131.2002,-0.375,0.0],[131.2027,-0.369,0.0],[131.2077,-0.3675,0.0],[131.2246,-0.3718,0.0],[131.2404,-0.3841,0.0],[131.2472,-0.3851,0.0],[131.2522,-0.3833,0.0],[131.2573,-0.3771,0.0],[131.2521,-0.3606,13.3419],[131.2466,-0.3534,18.3608],[131.246,-0.3462,0.0],[131.2474,-0.3443,0.0],[131.2566,-0.3479,0.0],[131.266,-0.3483,0.0],[131.2679,-0.3504,0.0],[131.2791,-0.3478,0.0],[131.2815,-0.3425,0.0],[131.2869,-0.3402,0.0],[131.2833,-0.333,23.308],[131.2845,-0.331,4.3899],[131.2941,-0.3228,0.0],[131.3017,-0.324,0.0],[131.3035,-0.3218,0.0],[131.3031,-0.3172,2.05],[131.3079,-0.3147,0.0],[131.3068,-0.3111,0.0],[131.3082,-0.3051,0.0],[131.3143,-0.3012,0.0],[131.3196,-0.3016,0.0],[131.3248,-0.3046,0.0],[131.3286,-0.2993,0.0],[131.3367,-0.2993,0.0],[131.34,-0.2962,0.0],[131.3407,-0.2931,0.0],[131.3398,-0.2871,47.5193],[131.3334,-0.2806,8.2063],[131.3132,-0.2694,62.0173],[131.3036,-0.2602,36.6997],[131.2961,-0.2452,9.2134],[131.2962,-0.2401,0.0],[131.2939,-0.2339,11.8759],[131.2952,-0.2294,5.8896],[131.2924,-0.2248,108.5204],[131.2937,-0.2231,69.022],[131.3001,-0.2235,0.0],[131.3044,-0.2191,0.0],[131.3051,-0.2144,0.0],[131.3138,-0.2112,0.0],[131.3135,-0.2044,22.6787],[131.3152,-0.2024,3.6917],[131.3146,-0.1993,12.5273],[131.3105,-0.1985,110.2145],[131.3062,-0.1942,77.0211],[131.3069,-0.1897,7.9367],[131.3094,-0.1895,0.0],[131.3105,-0.1876,0.0],[131.2981,-0.1721,108.306],[131.2973,-0.1649,11.9473],[131.2957,-0.1631,10.7303],[131.2907,-0.1635,109.5035],[131.2894,-0.1656,63.2184],[131.2863,-0.1644,90.9146],[131.2784,-0.1563,41.1659],[131.2626,-0.1528,67.2927],[131.2603,-0.1506,97.2733],[131.2583,-0.141,47.804],[131.2562,-0.1385,23.7779],[131.2515,-0.1384,20.5165],[131.2379,-0.1491,60.2087],[131.2327,-0.1459,45.6607],[131.2262,-0.1368,99.7446],[131.2114,-0.1408,11.2053],[131.2034,-0.1329,28.677],[131.1999,-0.1313,107.1272],[131.1935,-0.1325,40.2368],[131.1912,-0.1268,3.7452],[131.1928,-0.1196,0.0],[131.192,-0.1148,3.5765],[131.1808,-0.1064,24.2311],[131.1787,-0.1008,4.4947],[131.1743,-0.0996,6.3861],[131.1678,-0.1023,10.164],[131.1635,-0.0975,21.1234],[131.1566,-0.0937,17.1065],[131.1572,-0.0892,15.4746],[131.152,-0.0828,17.7458],[131.1415,-0.0812,19.4272],[131.1377,-0.0779,37.3563],[131.1299,-0.0759,31.6239],[131.1221,-0.0779,22.1543],[131.1078,-0.0786,50.0316],[131.0978,-0.0727,16.677],[131.0964,-0.0742,44.4481],[131.0939,-0.0738,67.3343],[131.0899,-0.0682,33.7007],[131.0847,-0.0656,8.8734],[131.0793,-0.0664,13.6084],[131.0757,-0.0736,22.1644],[131.07,-0.0696,54.3593],[131.0613,-0.067,4.0384],[131.0599,-0.0689,15.926],[131.0555,-0.0686,27.461],[131.0463,-0.0637,15.9461],[131.0383,-0.0645,16.5089],[131.0334,-0.0632,54.6973],[131.0322,-0.061,4.0532],[131.0344,-0.059,0.0],[131.0476,-0.0584,0.0],[131.0534,-0.0542,0.0],[131.0553,-0.048,0.0],[131.0538,-0.0438,18.4883],[131.0543,-0.0385,0.0],[131.0506,-0.0264,0.0],[131.0481,-0.0242,6.3616],[131.0435,-0.025,17.0013],[131.0388,-0.0349,73.9944],[131.0331,-0.0384,70.9078],[131.0161,-0.0347,4.4592],[131.0152,-0.0367,0.0],[131.0196,-0.0375,55.4574],[131.0183,-0.0421,31.2621],[131.0062,-0.0472,8.2459],[130.992,-0.0458,45.8992],[130.978,-0.0379,23.4491],[130.9762,-0.0401,0.0],[130.9839,-0.0502,0.0],[130.9843,-0.0574,4.9487],[130.9798,-0.0615,17.1461],[130.9705,-0.0598,9.1131],[130.9686,-0.0636,19.3919],[130.9665,-0.0638,15.6621],[130.9653,-0.054,23.7756],[130.9691,-0.0534,0.0],[130.968,-0.051,2.0465],[130.9534,-0.0373,32.1359],[130.9511,-0.0378,9.1154],[130.9495,-0.0432,10.0451],[130.9474,-0.0438,37.2522],[130.9431,-0.0406,14.2411],[130.9415,-0.0421,16.0623],[130.9347,-0.0395,43.6522],[130.9247,-0.0332,50.7877],[130.9166,-0.0318,117.5545],[130.9128,-0.0277,16.5365],[130.9065,-0.0282,13.3165],[130.9031,-0.0253,20.8222],[130.8969,-0.0245,54.4025],[130.8907,-0.0206,51.9441],[130.8862,-0.0214,19.8052],[130.8844,-0.0184,14.8764],[130.8776,-0.0152,64.6169],[130.8728,-0.0159,48.7538],[130.8711,-0.0142,31.7292],[130.8336,-0.0096,104.3416],[130.8293,-0.0114,12.7308],[130.8261,-0.015,58.3853],[130.8217,-0.0089,103.0291],[130.8127,-0.0061,0.0],[130.8004,-0.0097,16.1145],[130.7969,-0.0062,0.0],[130.792,-0.0062,0.0],[130.7894,-0.0069,0.0],[130.787,-0.0103,32.7101],[130.7841,-0.01,98.053],[130.7749,-0.0134,54.7691],[130.7727,-0.0095,0.0],[130.7628,-0.014,0.0],[130.7613,-0.0164,70.8952],[130.7534,-0.0167,37.4431],[130.7555,-0.0212,29.6025],[130.7547,-0.0237,40.4944],[130.7465,-0.0222,0.0],[130.7392,-0.0246,0.0],[130.7387,-0.0304,6.3369],[130.7401,-0.0344,68.3813],[130.7481,-0.0347,28.9102],[130.7543,-0.0372,58.228],[130.7716,-0.0357,71.8336],[130.7758,-0.0365,29.0313],[130.7842,-0.0425,17.7472],[130.7808,-0.0463,0.0],[130.7806,-0.0491,0.0],[130.7749,-0.0502,5.6118],[130.771,-0.0476,0.0],[130.7691,-0.0488,0.0],[130.7698,-0.0511,0.0],[130.7668,-0.0526,0.0],[130.7573,-0.0521,2.3373],[130.7522,-0.0482,0.0],[130.7504,-0.049,0.0],[130.7485,-0.054,0.0],[130.7388,-0.047,6.6783],[130.7373,-0.0497,0.0],[130.7303,-0.0539,0.0],[130.7258,-0.0513,0.0],[130.7254,-0.0491,0.0],[130.7173,-0.0509,0.0],[130.7115,-0.0542,0.0],[130.7122,-0.0586,0.0],[130.7097,-0.0594,0.0],[130.7078,-0.0583,1.6333],[130.7058,-0.0542,61.256],[130.7139,-0.0459,110.5548],[130.728,-0.0388,31.0936],[130.7309,-0.0349,15.3437],[130.7257,-0.0314,0.0],[130.7267,-0.0257,0.0],[130.7196,-0.0273,0.0],[130.7126,-0.0264,0.0],[130.7052,-0.0359,0.0],[130.6987,-0.0335,0.0],[130.6965,-0.0385,8.6095],[130.6914,-0.0414,0.0],[130.6859,-0.0375,0.0],[130.6817,-0.0386,0.0],[130.6706,-0.0433,0.0],[130.6684,-0.048,2.9062],[130.6638,-0.0481,0.0],[130.6649,-0.046,0.0],[130.6636,-0.0444,0.0],[130.6538,-0.0467,0.0],[130.6516,-0.0483,0.0],[130.6514,-0.0507,0.0],[130.6532,-0.0518,0.0],[130.6538,-0.0548,0.0],[130.6485,-0.0587,100.835],[130.6462,-0.0551,79.521],[130.6482,-0.054,0.0],[130.6454,-0.052,0.0],[130.6397,-0.0521,0.0],[130.6385,-0.0543,0.0],[130.6324,-0.051,0.0],[130.6303,-0.0516,0.0],[130.6283,-0.0533,0.0],[130.631,-0.0568,0.0],[130.6283,-0.0603,22.1469],[130.6205,-0.0594,132.3922],[130.6201,-0.0543,134.3635],[130.6129,-0.0484,0.0],[130.6041,-0.0479,0.0],[130.6021,-0.049,11.1679],[130.604,-0.0509,5.9421],[130.6019,-0.052,161.7355],[130.5968,-0.0503,169.8269],[130.5967,-0.0447,35.014],[130.5948,-0.0442,0.0],[130.5936,-0.046,31.5834],[130.5914,-0.0408,0.0],[130.5844,-0.0392,0.0],[130.5845,-0.0437,0.0],[130.5796,-0.0432,0.0],[130.5778,-0.0452,0.0],[130.5822,-0.0566,89.9462],[130.5784,-0.0565,88.831],[130.5734,-0.0497,85.0248],[130.571,-0.0503,22.8771],[130.5677,-0.0427,0.0],[130.5682,-0.0401,0.0],[130.5708,-0.0399,31.8284],[130.5719,-0.0377,0.0],[130.5672,-0.0344,0.0],[130.56,-0.0323,0.0],[130.5621,-0.0411,0.0],[130.5606,-0.0465,0.0],[130.5667,-0.0509,17.9807],[130.5682,-0.054,0.0],[130.5671,-0.0602,0.0],[130.571,-0.0692,17.1922],[130.5663,-0.0717,178.7848],[130.5638,-0.0707,179.2079],[130.5587,-0.0626,0.0],[130.5385,-0.0533,0.0],[130.5384,-0.056,0.0],[130.5506,-0.0673,0.0],[130.5502,-0.0698,0.0],[130.546,-0.069,0.0],[130.5432,-0.0724,0.0],[130.541,-0.0717,92.7772],[130.5393,-0.0679,40.4915],[130.5337,-0.07,219.7001],[130.5317,-0.063,196.6691],[130.5281,-0.0598,170.5598],[130.5295,-0.0525,10.8927],[130.5206,-0.0532,166.4109],[130.5168,-0.0469,0.0],[130.5112,-0.0438,0.0],[130.4988,-0.0437,0.0],[130.4966,-0.0445,0.0],[130.496,-0.0469,0.0],[130.5057,-0.0514,0.0],[130.5087,-0.0559,7.1913],[130.5129,-0.0584,0.0],[130.5156,-0.0642,0.0],[130.5057,-0.0625,0.0],[130.5032,-0.0605,75.6011],[130.4926,-0.0633,0.0],[130.4916,-0.0654,0.0],[130.4937,-0.0694,0.0],[130.4909,-0.0761,0.0],[130.4857,-0.076,36.1376],[130.4753,-0.069,0.0],[130.4633,-0.072,0.0],[130.4626,-0.074,0.0],[130.467,-0.0761,0.0],[130.4683,-0.0785,0.0],[130.4678,-0.0807,0.0],[130.4639,-0.0837,0.0],[130.459,-0.0823,6.477],[130.4572,-0.0841,0.0],[130.4545,-0.0834,0.0],[130.4523,-0.0764,0.0],[130.4501,-0.077,0.0],[130.4496,-0.0814,0.0],[130.4465,-0.0847,0.0],[130.4465,-0.0918,0.0],[130.444,-0.0926,53.2021],[130.4424,-0.0908,18.3955],[130.4368,-0.0953,0.0],[130.435,-0.0873,33.9283],[130.4294,-0.0819,0.0],[130.4282,-0.0777,0.0],[130.4291,-0.0736,0.0],[130.4313,-0.0721,0.0],[130.4291,-0.0708,0.0],[130.4174,-0.0845,0.0],[130.4265,-0.0851,0.0],[130.4288,-0.0872,96.0401],[130.4294,-0.0902,3.0998],[130.4251,-0.1013,0.0],[130.4225,-0.1018,0.0],[130.4216,-0.0993,0.0],[130.4193,-0.0989,0.0],[130.416,-0.1014,0.0],[130.413,-0.1011,0.0],[130.4097,-0.0975,0.0],[130.4077,-0.0995,0.0],[130.4101,-0.1069,0.0],[130.404,-0.1121,0.0],[130.3945,-0.1104,42.3798],[130.3903,-0.1074,262.3012],[130.3914,-0.1029,208.7017],[130.398,-0.0933,266.0027],[130.3979,-0.0869,165.3243],[130.3918,-0.0818,115.3171],[130.3927,-0.0777,6.3725],[130.3958,-0.0761,21.3699],[130.3955,-0.0738,0.0],[130.3873,-0.0725,0.0],[130.3822,-0.0775,0.0],[130.3789,-0.0783,116.5679],[130.3756,-0.0779,101.4728],[130.3712,-0.0721,0.0],[130.3607,-0.0726,0.0],[130.3593,-0.074,0.0],[130.3613,-0.0757,0.0],[130.3706,-0.076,4.5731],[130.3726,-0.0813,34.3315],[130.3586,-0.0804,0.0],[130.3576,-0.0781,0.0],[130.3551,-0.0788,0.0],[130.353,-0.0834,0.0],[130.3541,-0.0881,27.108],[130.3585,-0.0892,0.0],[130.3599,-0.0949,0.0],[130.368,-0.0947,8.3152],[130.3722,-0.0979,106.2865],[130.3685,-0.1022,0.0],[130.374,-0.1143,0.0],[130.3709,-0.119,0.0],[130.3658,-0.1196,0.0],[130.3628,-0.1216,0.0],[130.3591,-0.1273,0.0],[130.3524,-0.1323,134.7952],[130.3503,-0.1321,176.1815],[130.3475,-0.1266,242.3191],[130.3474,-0.1165,161.9501],[130.3399,-0.1105,142.231],[130.3399,-0.1084,179.7011],[130.3482,-0.1017,0.0],[130.3436,-0.0946,16.2432],[130.3467,-0.0858,10.1034],[130.3423,-0.0813,0.0],[130.3431,-0.0766,0.0],[130.3387,-0.0764,0.0],[130.3371,-0.0791,0.0],[130.3357,-0.0851,0.0],[130.3384,-0.0916,0.0],[130.3313,-0.0927,0.0],[130.3382,-0.1004,0.0],[130.3379,-0.1049,71.5562],[130.3331,-0.1101,122.2131],[130.3326,-0.1063,135.5417],[130.33,-0.1045,0.0],[130.326,-0.1046,0.0],[130.324,-0.103,0.0],[130.3206,-0.1042,106.2471],[130.3209,-0.1067,54.5231],[130.3133,-0.1072,208.2462],[130.3114,-0.1064,197.2233],[130.3107,-0.102,0.0],[130.3078,-0.1005,3.1912],[130.2989,-0.1014,0.0],[130.2905,-0.0924,0.0],[130.2829,-0.0927,0.0],[130.2892,-0.0988,0.0],[130.2891,-0.1036,0.0],[130.2815,-0.1098,0.0],[130.2751,-0.1106,0.0],[130.2704,-0.1095,12.8252],[130.2717,-0.1167,0.0],[130.2805,-0.1214,0.0],[130.2835,-0.1306,71.0951],[130.2824,-0.1328,36.8559],[130.2755,-0.1289,0.0],[130.2736,-0.1301,0.0],[130.2724,-0.14,0.0],[130.2752,-0.1471,75.9467],[130.2852,-0.149,0.0],[130.2853,-0.1515,0.0],[130.2875,-0.1523,0.0],[130.2968,-0.1494,23.8576],[130.298,-0.1546,0.0],[130.2966,-0.1596,0.0],[130.3007,-0.1613,0.0],[130.3,-0.1643,0.0],[130.2911,-0.1681,0.0],[130.2912,-0.1702,0.0],[130.2959,-0.1758,0.0],[130.3191,-0.1786,0.0],[130.3365,-0.1895,0.0],[130.3442,-0.1915,0.0],[130.3468,-0.1905,3.6228],[130.3469,-0.1871,56.6536],[130.34,-0.1775,278.4661],[130.3419,-0.1689,182.0544],[130.3384,-0.16,212.1218],[130.3336,-0.156,99.8261],[130.3285,-0.1552,189.5249],[130.3221,-0.1494,140.7723],[130.3224,-0.1432,21.3339],[130.3258,-0.1402,60.7925],[130.3307,-0.1401,80.8826],[130.3334,-0.1437,6.2381],[130.3425,-0.1467,0.0],[130.3525,-0.1573,0.0],[130.3557,-0.1587,0.0],[130.3582,-0.1578,0.0],[130.3548,-0.1542,0.0],[130.3586,-0.1487,114.901],[130.3545,-0.143,64.5066],[130.3543,-0.1384,172.9573],[130.3563,-0.1368,142.4958],[130.3613,-0.1375,32.3873],[130.365,-0.1403,0.0],[130.3679,-0.153,0.0],[130.3714,-0.1562,0.0],[130.3678,-0.1602,0.0],[130.3691,-0.1637,0.0],[130.3716,-0.1643,0.0],[130.3754,-0.1702,0.0],[130.3799,-0.1712,0.0],[130.3815,-0.1698,0.0],[130.3765,-0.1582,0.0],[130.3834,-0.1607,40.867],[130.3878,-0.1665,0.0],[130.3929,-0.1676,28.0098],[130.396,-0.1643,101.5489],[130.3984,-0.1651,30.0066],[130.3987,-0.1627,26.9142],[130.4039,-0.1583,70.2109],[130.4118,-0.1609,0.0],[130.4102,-0.1518,40.1714],[130.4052,-0.1485,48.7557],[130.4054,-0.1401,13.6156],[130.3975,-0.1403,99.801],[130.3932,-0.1344,23.3486],[130.3919,-0.1274,27.999],[130.3933,-0.1257,38.3572],[130.3984,-0.1257,32.4501],[130.403,-0.1283,0.0],[130.4164,-0.1309,77.1831],[130.4197,-0.1346,0.0],[130.4121,-0.1496,20.69],[130.4182,-0.1583,51.345],[130.4183,-0.1636,0.0],[130.4148,-0.1666,0.0],[130.3716,-0.1759,0.0],[130.3693,-0.1771,0.0],[130.3696,-0.1818,28.9755],[130.3739,-0.1844,0.0],[130.3809,-0.1836,81.5746],[130.3848,-0.1861,13.7726],[130.3933,-0.1805,193.9636],[130.4044,-0.1801,27.4946],[130.4145,-0.1765,177.9866],[130.4203,-0.1762,110.4622],[130.4228,-0.181,0.0],[130.425,-0.1784,0.0],[130.4274,-0.1828,0.0],[130.4327,-0.1853,0.0],[130.4357,-0.1913,0.0],[130.438,-0.1906,0.0],[130.4406,-0.192,0.0],[130.4435,-0.1958,0.0],[130.4381,-0.1973,3.592],[130.434,-0.1953,0.0],[130.4318,-0.199,0.0],[130.4301,-0.1978,0.0],[130.4274,-0.2013,15.2186],[130.4194,-0.202,0.0],[130.4158,-0.2047,0.0],[130.4162,-0.2068,85.5939],[130.4087,-0.2063,0.0],[130.4005,-0.2137,0.0],[130.4049,-0.2157,0.0],[130.4011,-0.221,0.0],[130.4024,-0.2228,0.0],[130.4069,-0.2228,2.6992],[130.4031,-0.2256,10.9895],[130.3957,-0.2235,0.0],[130.3932,-0.2294,0.0],[130.3887,-0.2296,4.9277],[130.3888,-0.2319,68.9873],[130.3837,-0.2312,70.5103],[130.378,-0.2329,45.9549],[130.3748,-0.2379,0.0],[130.3677,-0.2402,113.7907],[130.3644,-0.2392,150.7054],[130.3629,-0.231,149.1081],[130.3745,-0.2349,0.0],[130.3753,-0.2292,67.8175],[130.3714,-0.2251,104.5135],[130.3665,-0.2242,14.6562],[130.369,-0.2226,166.4986],[130.3692,-0.2201,170.4359],[130.3667,-0.2166,192.2702],[130.3665,-0.2117,145.1206],[130.3704,-0.2117,11.2483],[130.367,-0.205,69.6506],[130.3642,-0.2052,82.1354],[130.3601,-0.202,0.0],[130.3518,-0.2035,4.4663],[130.3464,-0.2028,6.7901],[130.3374,-0.2076,118.1361],[130.3325,-0.2195,9.2578],[130.3288,-0.2175,0.0],[130.3204,-0.2188,84.9644],[130.3098,-0.2164,4.4605],[130.3063,-0.2196,143.2324],[130.297,-0.2164,0.0],[130.287,-0.2193,106.9391],[130.2749,-0.2165,0.7492],[130.2594,-0.2225,173.8311],[130.2637,-0.2155,340.4761],[130.2582,-0.2109,285.1626],[130.2451,-0.2054,101.2918],[130.2184,-0.2032,0.0],[130.2119,-0.2093,0.0],[130.2143,-0.2164,0.0],[130.2453,-0.2268,0.0],[130.2556,-0.228,0.0],[130.2723,-0.2262,81.2116],[130.2829,-0.2281,0.0],[130.2849,-0.2346,0.0],[130.3067,-0.2467,0.0],[130.3128,-0.2539,0.0],[130.3123,-0.2632,0.0],[130.3077,-0.2744,0.0],[130.3109,-0.2754,0.0],[130.3144,-0.2739,0.0],[130.3163,-0.2718,10.7876],[130.3153,-0.2673,0.0],[130.3167,-0.2647,0.0],[130.3236,-0.2639,7.0846],[130.3203,-0.2722,0.0],[130.3229,-0.273,0.0],[130.3333,-0.2624,99.3724],[130.3343,-0.2576,170.0032]]],
[[[130.3338,-0.2086,93.5469],[130.3368,-0.2042,66.2179],[130.3439,-0.201,62.4233],[130.3402,-0.1983,0.0],[130.338,-0.1987,0.0],[130.3383,-0.196,0.0],[130.3326,-0.1963,0.0],[130.3209,-0.2078,0.0],[130.3094,-0.2098,0.0],[130.3128,-0.2133,0.0],[130.3209,-0.2154,0.0],[130.3276,-0.2141,137.9524],[130.3338,-0.2086,93.5469]]],
[[[130.281,-0.186,84.1353],[130.2811,-0.1839,76.9663],[130.2745,-0.1802,58.116],[130.2712,-0.1823,94.7142],[130.2684,-0.1809,44.1767],[130.266,-0.1819,69.4342],[130.2627,-0.1786,2.9073],[130.2599,-0.1819,77.7382],[130.2548,-0.1805,68.604],[130.2481,-0.1811,0.0],[130.246,-0.1823,0.0],[130.2456,-0.1852,0.0],[130.2585,-0.1928,0.0],[130.2596,-0.1952,0.0],[130.2619,-0.1952,0.0],[130.2639,-0.1913,0.0],[130.2664,-0.1912,7.6525],[130.2776,-0.1942,0.0],[130.288,-0.1934,0.0],[130.2891,-0.1911,35.6691],[130.2859,-0.1881,113.5675],[130.2818,-0.1881,76.4361],[130.281,-0.186,84.1353]]],
[[[129.9169,-0.4044,3.396],[129.9108,-0.399,0.0],[129.896,-0.3995,3.2421],[129.8855,-0.3978,0.0],[129.8811,-0.4009,0.0],[129.8763,-0.4098,7.5338],[129.8681,-0.4109,0.0],[129.8692,-0.4128,4.3215],[129.8633,-0.416,32.619],[129.8561,-0.4166,0.0],[129.8496,-0.4286,8.1142],[129.8473,-0.4287,0.0],[129.8487,-0.4355,0.0],[129.8448,-0.4431,9.4445],[129.8445,-0.4528,0.0],[129.8519,-0.4664,0.0],[129.8525,-0.4704,0.0],[129.8612,-0.4784,6.6346],[129.8651,-0.4916,0.0],[129.8721,-0.4992,0.0],[129.882,-0.4934,7.0187],[129.8906,-0.4906,0.0],[129.8913,-0.4859,21.1835],[129.9001,-0.4782,62.8808],[129.9002,-0.473,0.0],[129.9058,-0.4698,4.4856],[129.9071,-0.4651,0.0],[129.9063,-0.452,35.2867],[129.9025,-0.4416,0.0],[129.9034,-0.4398,0.0],[129.9059,-0.4391,4.913],[129.9132,-0.4444,24.7373],[129.918,-0.4451,0.0],[129.9157,-0.4315,4.3914],[129.9202,-0.4254,14.7442],[129.9232,-0.4166,0.0],[129.9222,-0.4115,50.9712],[129.9169,-0.4044,3.396]]],
[[[130.0429,-0.0742,0.0],[130.0495,-0.0754,0.0],[130.0514,-0.074,25.9307],[130.0563,-0.0777,0.0],[130.0593,-0.077,0.0],[130.0589,-0.066,0.0],[130.0575,-0.0645,0.0],[130.0539,-0.0653,0.0],[130.0498,-0.0693,0.0],[130.046,-0.0706,23.6702],[130.0336,-0.0703,0.0],[130.0291,-0.0719,88.8333],[130.0194,-0.0695,0.0],[130.0075,-0.0697,0.0],[130.0102,-0.0727,0.0],[130.0156,-0.0738,0.0],[130.0429,-0.0742,0.0]]],
[[[130.1166,-0.0121,32.8159],[130.109,-0.0082,179.0979],[130.1076,-0.0057,148.6588],[130.1092,-0.0045,68.0457],[130.1151,-0.0062,0.0],[130.1122,-0.0002,82.6993],[130.0996,0.0105,0.0],[130.0901,0.0124,0.0],[130.0854,-0.0006,0.0],[130.0867,-0.004,0.0],[130.0898,-0.0036,8.7467],[130.0977,-0.0108,0.0],[130.0984,-0.019,0.0],[130.1017,-0.0227,0.0],[130.1067,-0.0252,0.0],[130.1084,-0.0297,0.0],[130.1079,-0.035,23.4516],[130.1058,-0.0369,63.4357],[130.0987,-0.0385,101.8407],[130.0944,-0.036,0.0],[130.0935,-0.0381,0.0],[130.0961,-0.0464,0.0],[130.1001,-0.0496,68.7171],[130.0921,-0.0496,0.0],[130.0903,-0.0512,0.0],[130.0957,-0.0573,0.0],[130.0929,-0.0663,0.0],[130.0944,-0.0684,0.0],[130.1012,-0.0707,0.0],[130.1054,-0.0687,16.0687],[130.1075,-0.0695,7.8903],[130.1103,-0.0835,0.0],[130.1093,-0.0897,0.0],[130.1111,-0.093,0.0],[130.1148,-0.0959,0.0],[130.1169,-0.0957,0.0],[130.1178,-0.0908,28.5775],[130.1215,-0.0893,2.082],[130.1267,-0.0991,0.0],[130.1341,-0.0989,0.0],[130.1367,-0.0977,0.0],[130.1366,-0.0952,0.0],[130.1418,-0.093,0.0],[130.1455,-0.089,39.0424],[130.1459,-0.0845,156.115],[130.1478,-0.0824,33.5917],[130.148,-0.0747,47.6873],[130.1499,-0.0734,26.593],[130.1518,-0.0757,3.1306],[130.1536,-0.0713,2.9592],[130.1633,-0.0683,0.0],[130.1527,-0.063,105.9646],[130.1498,-0.0585,137.9555],[130.1504,-0.0396,0.0],[130.1451,-0.0467,7.6791],[130.1394,-0.0464,53.2553],[130.1333,-0.0388,93.4781],[130.1284,-0.0354,0.0],[130.1267,-0.0368,0.0],[130.1268,-0.0418,72.6165],[130.1247,-0.0418,122.1657],[130.1212,-0.0398,4.2977],[130.1192,-0.0413,158.9763],[130.112,-0.0352,11.5955],[130.1124,-0.0327,47.3532],[130.1186,-0.0307,65.6095],[130.1189,-0.0265,143.7811],[130.129,-0.0255,0.0],[130.1363,-0.0287,0.0],[130.1379,-0.0271,0.0],[130.1366,-0.0249,4.3604],[130.1395,-0.0181,8.8357],[130.1329,-0.0161,17.5765],[130.1151,-0.0168,88.7281],[130.1149,-0.0147,31.489],[130.1175,-0.0143,11.5912],[130.1166,-0.0121,32.8159]]],
[[[130.1261,-0.0058,0.0],[130.1255,-0.0037,5.5115],[130.1224,-0.0036,0.0],[130.1238,-0.0057,0.0],[130.1261,-0.0058,0.0]]],
[[[130.2498,-0.1958,0.0],[130.2463,-0.1921,0.0],[130.2414,-0.1917,0.0],[130.2398,-0.193,0.0],[130.2479,-0.198,0.0],[130.2501,-0.1979,0.0],[130.2498,-0.1958,0.0]]],
[[[130.2024,-0.1864,0.0],[130.2063,-0.1861,0.0],[130.2045,-0.1835,0.0],[130.1993,-0.184,0.0],[130.2024,-0.1864,0.0]]],
[[[130.2384,-0.1824,0.0],[130.2406,-0.1815,0.0],[130.2397,-0.1796,38.5538],[130.2326,-0.1767,129.1654],[130.2342,-0.172,109.1542],[130.2298,-0.1673,44.737],[130.2254,-0.1676,31.278199999999998],[130.2044,-0.1758,0.0],[130.203,-0.1777,0.0],[130.2098,-0.1848,0.0],[130.2177,-0.1859,0.0],[130.2297,-0.1869,0.0],[130.2319,-0.1834,5.7058],[130.2384,-0.1824,0.0]]],
[[[130.2502,-0.1196,0.0],[130.2538,-0.1227,0.0],[130.2623,-0.1192,14.9179],[130.2632,-0.1165,19.5751],[130.2598,-0.1124,30.4048],[130.2591,-0.1046,0.0],[130.2551,-0.1056,0.0],[130.2516,-0.1101,0.0],[130.2475,-0.1099,0.0],[130.2424,-0.1123,0.0],[130.2413,-0.1145,0.0],[130.2466,-0.1137,0.0],[130.2502,-0.1196,0.0]]],
[[[130.2511,-0.1778,0.0],[130.2599,-0.1779,0.0],[130.2606,-0.1734,94.6176],[130.2644,-0.1759,67.1526],[130.2655,-0.1736,115.799],[130.2635,-0.1689,109.7877],[130.2641,-0.1637,127.7945],[130.2528,-0.153,0.0],[130.2421,-0.1509,0.0],[130.2407,-0.1526,0.0],[130.2496,-0.1558,0.0],[130.2518,-0.1576,0.0],[130.2519,-0.16,43.0189],[130.2502,-0.1619,85.9221],[130.2406,-0.1629,0.0],[130.2396,-0.1653,4.9397],[130.2421,-0.1728,8.1241],[130.2417,-0.1776,137.2073],[130.2511,-0.1778,0.0]]],
[[[130.2674,-0.155,1.9506],[130.267,-0.1488,0.0],[130.2633,-0.1473,0.0],[130.2651,-0.1543,0.0],[130.2674,-0.155,1.9506]]],
[[[130.2583,-0.1447,0.0],[130.257,-0.1488,24.7858],[130.2591,-0.149,4.2693],[130.2601,-0.146,0.0],[130.2583,-0.1447,0.0]]],
[[[130.2881,-0.01,0.0],[130.2869,-0.0128,0.0],[130.2893,-0.0132,0.0],[130.2881,-0.01,0.0]]],
[[[130.187,-0.1106,0.0],[130.1895,-0.1103,0.0],[130.1902,-0.1079,0.0],[130.1872,-0.1059,0.0],[130.1852,-0.1063,0.0],[130.187,-0.1106,0.0]]],
[[[130.1743,-0.0904,0.0],[130.1743,-0.0925,0.0],[130.1794,-0.0998,0.0],[130.1802,-0.1043,0.0],[130.183,-0.105,0.0],[130.186,-0.1013,31.4821],[130.1859,-0.0944,98.0963],[130.179,-0.0904,0.0],[130.1743,-0.0904,0.0]]],
[[[130.1715,-0.0885,0.0],[130.1735,-0.0874,0.0],[130.1706,-0.0851,0.0],[130.1715,-0.0885,0.0]]],
[[[130.1836,-0.0684,0.0],[130.1864,-0.0698,0.0],[130.1868,-0.0678,8.6547],[130.1826,-0.0659,0.0],[130.1836,-0.0684,0.0]]],
[[[130.4864,-2.1351,1.2531],[130.485,-2.1331,13.2249],[130.4823,-2.1335,37.9361],[130.4825,-2.1363,73.8266],[130.4864,-2.1351,1.2531]]],
[[[130.4649,-2.1338,87.5408],[130.4622,-2.1295,2.1171],[130.4583,-2.1314,36.138],[130.4557,-2.1277,54.1425],[130.4535,-2.129,2.905],[130.4422,-2.1214,0.0],[130.4402,-2.1244,5.4435],[130.4417,-2.1291,17.0965],[130.4449,-2.1327,0.0],[130.4477,-2.1302,0.0],[130.4491,-2.1336,0.0],[130.4533,-2.1366,0.0],[130.4599,-2.1368,0.0],[130.4679,-2.1406,0.0],[130.4719,-2.1401,0.0],[130.4762,-2.1345,71.4368],[130.468,-2.1329,60.9052],[130.4649,-2.1338,87.5408]]],
[[[130.5764,-1.9935,0.0],[130.5676,-1.9921,0.0],[130.5674,-1.9889,0.0],[130.5643,-1.9908,18.5147],[130.56,-1.9862,0.0],[130.557,-1.9895,0.0],[130.5492,-1.9888,0.0],[130.5473,-1.994,27.5713],[130.5487,-1.9959,35.1596],[130.5558,-1.998,30.1651],[130.5654,-1.9984,100.2585],[130.5697,-2.002,83.2597],[130.5788,-2.0018,129.7443],[130.5884,-2.0053,30.8717],[130.5965,-2.003,115.189],[130.6001,-1.9984,0.0],[130.5901,-1.994,0.0],[130.5836,-1.9979,50.5911],[130.5804,-1.9924,0.0],[130.5764,-1.9935,0.0]]],
[[[130.5403,-1.9917,0.0],[130.5418,-1.9934,0.0],[130.5441,-1.9923,0.0],[130.5461,-1.988,0.0],[130.5431,-1.9892,0.0],[130.5403,-1.9917,0.0]]],
[[[130.6151,-2.0025,5.9528],[130.6207,-2.0022,16.413],[130.6273,-1.9987,0.0],[130.6122,-1.9988,20.1823],[130.6151,-2.0025,5.9528]]],
[[[130.6071,-1.9989,0.0],[130.6061,-1.9962,0.0],[130.6041,-1.9966,0.0],[130.6032,-2.0025,0.0],[130.6089,-2.0022,33.8644],[130.6122,-1.9988,20.1823],[130.6107,-1.9956,0.0],[130.6071,-1.9989,0.0]]],
[[[130.7348,-1.1832,22.3673],[130.7427,-1.1724,16.3004],[130.7569,-1.1671,19.5463],[130.772,-1.1679,14.6965],[130.7801,-1.1661,30.7983],[130.8156,-1.1791,24.6289],[130.8219,-1.1868,25.5506],[130.831,-1.1906,24.4489],[130.8375,-1.2034,15.5858],[130.8478,-1.2059,30.8929],[130.8532,-1.2027,37.0852],[130.8613,-1.2027,43.1161],[130.868,-1.1987,37.5032],[130.8734,-1.1983,39.9894],[130.8853,-1.2012,30.3746],[130.8918,-1.1971,34.2509],[130.9027,-1.1974,30.8188],[130.9181,-1.2014,29.2721],[130.9219,-1.1926,37.21],[130.9317,-1.1825,44.827],[130.9404,-1.1812,58.658],[130.9461,-1.1775,52.2658],[130.9592,-1.1744,59.3796],[130.9794,-1.1835,63.7482],[130.9986,-1.1812,32.8728],[131.0107,-1.1855,51.7569],[131.0237,-1.1955,40.1637],[131.0313,-1.1955,21.3225],[131.0402,-1.1898,1.1948],[131.0441,-1.1848,20.6906],[131.0417,-1.1693,14.9962],[131.0449,-1.154,20.099],[131.0497,-1.141,24.7377],[131.052,-1.1233,15.6281],[131.0565,-1.1148,15.0189],[131.0612,-1.1112,23.1542],[131.0669,-1.0991,27.3084],[131.0653,-1.0859,22.2619],[131.0708,-1.0735,20.9555],[131.0725,-1.0642,17.2752],[131.0717,-1.0417,10.6115],[131.0769,-1.0305,14.7949],[131.0771,-1.0222,22.6542],[131.08,-1.0145,2.1134],[131.0774,-1.0115,6.8024],[131.0833,-1.01,16.621],[131.0788,-1.0036,0.0],[131.0683,-1.0097,0.0],[131.0587,-1.007,18.266],[131.0625,-1.0035,21.8081],[131.0599,-1.0001,18.7323],[131.0633,-0.9972,22.4189],[131.0627,-0.9899,20.9633],[131.0656,-0.9809,18.3286],[131.0672,-0.9796,4.4946],[131.0754,-0.9806,1.5356],[131.077,-0.9788,14.5956],[131.0787,-0.9685,7.49],[131.0778,-0.9667,2.7905],[131.0696,-0.9676,3.0464],[131.0653,-0.9635,0.0],[131.0561,-0.9615,19.1533],[131.0568,-0.95,14.2643],[131.0505,-0.944,15.0851],[131.0527,-0.9383,5.3245],[131.0515,-0.9355,2.891],[131.0477,-0.9287,2.4451],[131.0401,-0.9275,44.1807],[131.038,-0.9202,11.5083],[131.0304,-0.9124,12.3409],[131.0243,-0.9121,0.0],[131.0134,-0.9197,0.0],[130.994,-0.9259,13.3643],[130.9905,-0.9256,31.8671],[130.9872,-0.9232,49.6453],[130.9853,-0.9194,32.3265],[130.9831,-0.9192,11.7935],[130.9764,-0.9245,13.9107],[130.9694,-0.9262,0.0],[130.9666,-0.931,0.0],[130.9686,-0.9321,7.9509],[130.964,-0.9362,9.3849],[130.9592,-0.9366,8.3697],[130.9549,-0.9325,6.231],[130.9502,-0.9337,5.1684],[130.9449,-0.9403,0.0],[130.9359,-0.9425,19.1872],[130.9258,-0.9329,2.3474],[130.9224,-0.9271,79.0348],[130.9243,-0.9208,25.2387],[130.9224,-0.9196,107.0373],[130.9227,-0.9168,98.3046],[130.9187,-0.9134,165.2058],[130.9205,-0.9048,53.3058],[130.9249,-0.8981,78.5293],[130.925,-0.8935,75.7051],[130.9185,-0.8903,0.0],[130.9182,-0.8953,0.0],[130.9084,-0.8949,0.0],[130.9005,-0.8988,37.1592],[130.8974,-0.8956,38.5281],[130.9003,-0.8914,3.7579],[130.8955,-0.8907,4.3767],[130.8844,-0.897,16.2256],[130.8639,-0.8954,11.2547],[130.858,-0.9054,7.9862],[130.8504,-0.9026,31.8505],[130.8484,-0.8978,27.0054],[130.8459,-0.8964,0.0],[130.8402,-0.9016,12.1979],[130.8379,-0.9014,25.5737],[130.8322,-0.897,15.4881],[130.83,-0.8976,0.0],[130.8304,-0.9021,0.0],[130.8259,-0.9077,0.0],[130.8186,-0.9108,13.2447],[130.8121,-0.9087,8.8976],[130.8053,-0.9138,18.1498],[130.7967,-0.9155,0.0],[130.7972,-0.9176,0.0],[130.7905,-0.9307,118.6429],[130.7882,-0.9315,148.7106],[130.7848,-0.9305,139.2976],[130.7825,-0.9263,0.0],[130.7783,-0.929,6.1202],[130.7632,-0.9319,11.3504],[130.7553,-0.9318,11.2333],[130.7471,-0.9294,6.4373],[130.7403,-0.9303,34.9066],[130.7201,-0.9435,80.4885],[130.7051,-0.943,12.9026],[130.6869,-0.9526,2.3697],[130.6515,-0.9546,74.3073],[130.6462,-0.956,0.0],[130.6434,-0.9604,26.0247],[130.636,-0.9602,46.4846],[130.6343,-0.9618,0.0],[130.6346,-0.9642,0.0],[130.636,-0.9673,0.0],[130.6384,-0.967,7.9569],[130.6396,-0.9704,0.0],[130.6397,-0.9726,0.0],[130.635,-0.9774,2.264],[130.6371,-0.9842,2.3874],[130.6449,-0.9943,0.0],[130.6499,-0.9966,3.6501],[130.6621,-1.0081,0.0],[130.6738,-1.0116,0.0],[130.6768,-1.0142,12.2172],[130.6794,-1.0234,0.0],[130.6853,-1.0265,4.9845],[130.6943,-1.0479,18.1258],[130.6975,-1.0514,0.0],[130.7055,-1.0533,1.8966],[130.7069,-1.0556,10.7166],[130.7079,-1.0603,8.4611],[130.7016,-1.0646,14.778],[130.7012,-1.0676,9.4925],[130.7104,-1.0748,0.0],[130.7146,-1.0754,2.2313],[130.7158,-1.0776,9.6364],[130.7181,-1.0779,19.1464],[130.7185,-1.0799,18.7369],[130.7087,-1.0851,10.4991],[130.7075,-1.0876,0.0],[130.7154,-1.0857,0.0],[130.7182,-1.0873,3.1715],[130.7194,-1.0903,13.4617],[130.7172,-1.0967,20.9294],[130.7141,-1.0984,28.2089],[130.7077,-1.0979,0.0],[130.6924,-1.0944,0.0],[130.6788,-1.1106,0.0],[130.6976,-1.1226,0.0],[130.6946,-1.1316,0.0],[130.7036,-1.1353,0.0],[130.7078,-1.141,22.4645],[130.7258,-1.1534,2.9933],[130.7363,-1.1635,8.5142],[130.7344,-1.1736,21.4668],[130.7277,-1.1819,0.0],[130.7295,-1.1853,0.0],[130.7342,-1.187,0.0],[130.7348,-1.1832,22.3673]]],
[[[130.6374,-0.9471,0.0],[130.6483,-0.9512,0.0],[130.6575,-0.9515,0.0],[130.6605,-0.9507,5.1656],[130.6616,-0.9474,10.2644],[130.6602,-0.9445,10.7012],[130.6552,-0.9411,12.2702],[130.6467,-0.9381,25.2146],[130.6405,-0.9378,0.0],[130.636,-0.9395,0.0],[130.6374,-0.9471,0.0]]],
[[[130.523,-1.5194,0.0],[130.5167,-1.5136,0.0],[130.5162,-1.5157,3.2088],[130.5202,-1.5221,0.0],[130.5228,-1.5221,0.0],[130.523,-1.5194,0.0]]],
[[[130.4601,-1.4284,6.4545],[130.462,-1.4273,0.0],[130.4595,-1.4235,5.5553],[130.4573,-1.4241,10.4544],[130.4558,-1.4261,13.4303],[130.4601,-1.4284,6.4545]]],
[[[130.4892,-1.4195,0.0],[130.489,-1.4216,5.6468],[130.4915,-1.4235,0.0],[130.4914,-1.4188,0.0],[130.4892,-1.4195,0.0]]],
[[[130.6897,-0.8908,26.2761],[130.6969,-0.8877,11.6127],[130.7131,-0.888,0.0],[130.7285,-0.8806,66.2063],[130.7335,-0.8759,22.7274],[130.7468,-0.882,2.8137],[130.7493,-0.8777,65.8747],[130.755,-0.8728,36.125],[130.7593,-0.8739,0.0],[130.7628,-0.8715,0.9836],[130.7681,-0.8755,0.0],[130.773,-0.876,28.9561],[130.7775,-0.874,65.4562],[130.7842,-0.8742,0.0],[130.7982,-0.8689,47.0807],[130.8,-0.864,39.2322],[130.7987,-0.8615,38.919],[130.8012,-0.8609,9.7523],[130.8173,-0.8686,0.0],[130.8198,-0.8683,0.0],[130.821,-0.8657,39.082],[130.818,-0.8612,22.2806],[130.8212,-0.8609,21.1302],[130.8234,-0.8642,0.0],[130.8345,-0.8645,0.0],[130.8362,-0.8626,51.6032],[130.8478,-0.8595,84.4863],[130.8492,-0.8578,0.0],[130.8466,-0.8555,50.2554],[130.8461,-0.8505,0.0],[130.843,-0.8492,26.5828],[130.8439,-0.8434,78.9126],[130.8519,-0.8534,0.0],[130.8566,-0.8544,12.6623],[130.8624,-0.8465,80.6261],[130.8621,-0.8401,2.6386],[130.8594,-0.8381,60.9631],[130.8634,-0.8378,57.2748],[130.8641,-0.834,88.1808],[130.8692,-0.8339,8.1237],[130.8711,-0.8358,0.0],[130.868,-0.8457,0.0],[130.8689,-0.8476,0.0],[130.872,-0.8476,12.9758],[130.8813,-0.8381,63.6266],[130.8874,-0.8397,0.0],[130.8966,-0.8346,8.6738],[130.8976,-0.8326,41.8551],[130.8952,-0.8291,1.7608],[130.8883,-0.8272,2.1566],[130.8803,-0.8302,0.0],[130.8737,-0.8286,3.827],[130.8727,-0.8305,24.6726],[130.8705,-0.8296,60.2208],[130.8634,-0.8225,87.9754],[130.867,-0.8184,58.871],[130.8671,-0.8163,14.4912],[130.8648,-0.8154,0.0],[130.8607,-0.8185,21.1756],[130.8547,-0.8139,13.8823],[130.8557,-0.8121,22.3629],[130.8682,-0.8092,0.0],[130.8713,-0.7994,80.857],[130.8736,-0.7991,8.9956],[130.8745,-0.8019,0.0],[130.8766,-0.8031,0.0],[130.8775,-0.7973,24.1989],[130.8824,-0.7994,0.0],[130.8844,-0.7946,0.0],[130.8891,-0.7917,45.3674],[130.8949,-0.7995,0.0],[130.8977,-0.8008,0.0],[130.9028,-0.801,0.0],[130.9051,-0.7973,17.5007],[130.9155,-0.7986,13.2957],[130.9178,-0.7973,19.191],[130.9216,-0.7871,131.0012],[130.9254,-0.7847,35.7846],[130.9245,-0.7827,19.7771],[130.9184,-0.7741,0.0],[130.9131,-0.7832,15.9435],[130.9099,-0.7819,24.1884],[130.9115,-0.779,35.6797],[130.9107,-0.777,0.0],[130.896,-0.7781,67.1543],[130.896,-0.7739,86.3059],[130.8981,-0.7693,72.3196],[130.9022,-0.7678,29.8966],[130.8931,-0.7638,0.0],[130.8906,-0.7639,0.0],[130.8857,-0.7732,52.0343],[130.8839,-0.7714,77.74],[130.8849,-0.7675,23.6148],[130.8836,-0.7658,0.0],[130.8767,-0.7697,0.0],[130.873,-0.7773,34.3483],[130.8676,-0.7792,46.2036],[130.8712,-0.7738,109.048],[130.8689,-0.7728,53.1119],[130.8673,-0.7656,12.4306],[130.8636,-0.7666,0.0],[130.8581,-0.7728,60.4581],[130.8512,-0.7709,34.2363],[130.8535,-0.7663,11.0011],[130.8508,-0.7661,0.0],[130.8484,-0.7676,0.0],[130.8442,-0.7802,31.0077],[130.8465,-0.7805,0.0],[130.8511,-0.785,0.0],[130.8537,-0.7921,0.0],[130.8658,-0.794,2.4248],[130.8611,-0.8001,2.1521],[130.8629,-0.8044,56.2835],[130.8564,-0.8059,174.659],[130.8527,-0.797,16.0232],[130.8499,-0.7965,9.8239],[130.8481,-0.7985,25.6719],[130.8482,-0.7918,63.6737],[130.8467,-0.7894,0.0],[130.8418,-0.7906,63.1555],[130.8409,-0.7888,57.7616],[130.8429,-0.7849,78.8698],[130.8416,-0.7826,114.5275],[130.8427,-0.7756,28.6339],[130.8411,-0.7742,46.9906],[130.8414,-0.7669,0.0],[130.8392,-0.7667,0.0],[130.832,-0.7711,0.0],[130.8334,-0.781,0.0],[130.8322,-0.7849,0.0],[130.8282,-0.7876,46.8125],[130.829,-0.7789,0.0],[130.8247,-0.7821,36.9265],[130.8223,-0.781,30.6127],[130.8218,-0.7787,0.0],[130.8252,-0.7723,28.0722],[130.8199,-0.7737,0.0],[130.8175,-0.7808,31.7799],[130.8149,-0.7795,2.281],[130.8141,-0.776,28.9026],[130.8089,-0.7713,78.8518],[130.8137,-0.7619,147.397],[130.8076,-0.7549,90.3799],[130.8031,-0.7532,0.0],[130.8001,-0.7537,0.0],[130.796,-0.7587,0.0],[130.7964,-0.7614,0.0],[130.8006,-0.7636,0.0],[130.8005,-0.7661,0.0],[130.8,-0.7685,58.7602],[130.7971,-0.768,0.0],[130.795,-0.7718,0.0],[130.7984,-0.7755,0.0],[130.8073,-0.7734,10.0588],[130.811,-0.7824,0.0],[130.8136,-0.7835,0.0],[130.8091,-0.7885,0.0],[130.8133,-0.7908,0.0],[130.8133,-0.7929,0.0],[130.806,-0.796,0.0],[130.8084,-0.7993,0.0],[130.8134,-0.8018,0.0],[130.8145,-0.8106,0.0],[130.8181,-0.8158,2.3703],[130.8189,-0.8201,0.0],[130.8173,-0.8228,3.0415],[130.8134,-0.8227,104.0545],[130.8141,-0.8198,82.5673],[130.8129,-0.8131,22.252],[130.8111,-0.8115,93.184],[130.8111,-0.8071,52.2051],[130.8094,-0.8058,63.0568],[130.8074,-0.8076,128.8584],[130.8071,-0.8033,68.2183],[130.8009,-0.8043,0.0],[130.8002,-0.8073,9.8517],[130.8015,-0.809,0.0],[130.7999,-0.811,34.1746],[130.7987,-0.8088,73.6649],[130.7962,-0.8092,16.5224],[130.795,-0.8149,0.0],[130.7883,-0.8201,97.6652],[130.7862,-0.8139,10.0034],[130.7903,-0.8136,0.0],[130.7907,-0.8038,75.3174],[130.7961,-0.7946,37.7712],[130.7867,-0.799,0.0],[130.7776,-0.8089,58.5544],[130.777,-0.8064,56.853],[130.7727,-0.8066,12.3455],[130.77,-0.8149,0.0],[130.7665,-0.819,4.7315],[130.7632,-0.8176,17.8218],[130.7588,-0.8123,21.5772],[130.7525,-0.81,21.7208],[130.7452,-0.8111,0.0],[130.7331,-0.8212,46.1106],[130.7295,-0.8168,35.63],[130.7243,-0.815,50.9393],[130.7192,-0.8156,0.0],[130.7198,-0.8268,0.0],[130.7138,-0.831,25.7939],[130.703,-0.8299,66.843],[130.7017,-0.8281,47.8763],[130.7068,-0.8243,79.9049],[130.7082,-0.8204,112.3189],[130.7069,-0.8183,94.737],[130.7121,-0.8129,82.2243],[130.7007,-0.8074,19.1831],[130.6986,-0.8076,3.267],[130.6956,-0.8111,81.776],[130.6824,-0.8078,7.6983],[130.6778,-0.8059,34.2701],[130.6737,-0.7996,8.825],[130.6683,-0.7996,0.0],[130.6722,-0.8039,0.0],[130.6699,-0.8101,0.0],[130.6825,-0.814,6.2834],[130.6862,-0.8198,0.0],[130.6848,-0.8228,42.1228],[130.6771,-0.8239,19.256],[130.6763,-0.822,7.2637],[130.6713,-0.8222,92.2443],[130.6704,-0.8198,50.1633],[130.6629,-0.8203,0.0],[130.665,-0.8274,36.6281],[130.6617,-0.8285,184.0197],[130.6599,-0.8271,85.8898],[130.6591,-0.8222,95.7539],[130.6568,-0.8208,53.6913],[130.6483,-0.8219,35.053],[130.6384,-0.8165,94.7306],[130.6375,-0.8137,57.5602],[130.6403,-0.8122,24.1118],[130.6461,-0.8151,0.0],[130.6466,-0.8046,107.4482],[130.6396,-0.8036,4.0982],[130.6352,-0.8063,34.1039],[130.6315,-0.7994,64.6179],[130.6348,-0.7972,10.7345],[130.6358,-0.7943,19.0699],[130.6315,-0.7923,1.6226],[130.6241,-0.7974,0.0],[130.6262,-0.8026,0.0],[130.6191,-0.8089,0.0],[130.6193,-0.8115,4.8741],[130.6211,-0.8127,51.6299],[130.6196,-0.8148,135.6966],[130.6121,-0.8185,138.2048],[130.6053,-0.8157,0.0],[130.6002,-0.8228,0.0],[130.5915,-0.8263,1.9215],[130.5851,-0.8326,0.0],[130.5824,-0.833,16.7109],[130.5776,-0.8303,23.743],[130.5773,-0.8279,9.2164],[130.5781,-0.8259,21.7607],[130.5839,-0.8238,8.3446],[130.5847,-0.8208,52.0967],[130.5835,-0.8188,28.5914],[130.5865,-0.8111,29.4654],[130.5832,-0.8086,21.6223],[130.5771,-0.8082,0.0],[130.5754,-0.81,8.5287],[130.5724,-0.8091,64.2798],[130.5744,-0.8,69.7392],[130.5729,-0.7971,19.1075],[130.5666,-0.7941,0.0],[130.5622,-0.7958,0.0],[130.5581,-0.81,0.0],[130.558,-0.8132,0.0],[130.5644,-0.8167,0.0],[130.5645,-0.8223,3.2969],[130.5625,-0.8242,71.2585],[130.5581,-0.8219,55.1191],[130.5529,-0.8218,0.0],[130.5482,-0.827,0.0],[130.5476,-0.83,0.0],[130.5513,-0.8325,0.0],[130.5513,-0.8346,15.6952],[130.5427,-0.8409,6.9673],[130.5366,-0.8402,35.2712],[130.5357,-0.838,0.0],[130.5372,-0.8361,14.5118],[130.5357,-0.8343,0.0],[130.5337,-0.8352,0.0],[130.5338,-0.8399,24.0608],[130.531,-0.8407,20.5601],[130.5272,-0.8373,18.9752],[130.5182,-0.8349,20.5043],[130.5139,-0.8321,15.2506],[130.5045,-0.8335,199.7529],[130.5002,-0.8297,119.5908],[130.4916,-0.8298,21.1711],[130.4848,-0.8327,37.4656],[130.4792,-0.8203,76.6155],[130.4944,-0.8083,40.9669],[130.4973,-0.8021,34.5047],[130.5021,-0.8005,0.0],[130.5023,-0.7982,18.3238],[130.4845,-0.7917,81.0541],[130.4784,-0.7918,0.0],[130.47,-0.7992,0.0],[130.4707,-0.8014,0.0],[130.4749,-0.8022,24.8664],[130.472,-0.8089,0.0],[130.4723,-0.811,0.0],[130.4743,-0.8115,0.0],[130.4738,-0.8154,0.0],[130.4772,-0.8181,12.6446],[130.4762,-0.82,32.4959],[130.467,-0.8222,60.7259],[130.4614,-0.82,117.4832],[130.4585,-0.8127,86.6191],[130.4611,-0.8026,80.2526],[130.4562,-0.8027,12.9605],[130.4508,-0.8075,0.0],[130.4509,-0.8132,0.0],[130.4459,-0.8347,0.0],[130.4461,-0.8371,0.0],[130.4512,-0.8398,0.0],[130.4536,-0.8432,0.0],[130.4528,-0.849,0.0],[130.455,-0.8546,0.0],[130.4518,-0.8582,15.102],[130.4472,-0.857,0.0],[130.446,-0.8586,0.0],[130.4492,-0.8621,0.0],[130.4478,-0.8668,90.1673],[130.4423,-0.8656,75.9718],[130.4373,-0.8593,3.884],[130.4325,-0.8644,0.0],[130.4367,-0.8679,0.0],[130.4371,-0.8746,0.0],[130.4388,-0.876,0.0],[130.4557,-0.8807,1.0655],[130.4575,-0.8774,53.1376],[130.4649,-0.8805,204.0622],[130.4661,-0.8823,312.3049],[130.4599,-0.8862,58.119],[130.4608,-0.8905,153.6128],[130.4592,-0.8918,220.4108],[130.4561,-0.8881,144.8083],[130.4519,-0.8898,7.1871],[130.4494,-0.8954,18.1203],[130.4451,-0.8965,130.4368],[130.4357,-0.894,24.3344],[130.4311,-0.895,38.4252],[130.4254,-0.8912,43.0426],[130.4235,-0.893,20.6937],[130.4231,-0.9007,2.9268],[130.4171,-0.9061,31.6675],[130.4149,-0.9057,20.529],[130.4106,-0.8975,16.5968],[130.4081,-0.8999,0.0],[130.4048,-0.9138,78.1262],[130.3897,-0.923,2.706],[130.3889,-0.9264,0.0],[130.394,-0.9246,0.0],[130.4013,-0.9246,0.0],[130.402,-0.9206,59.8228],[130.4041,-0.9198,0.0],[130.4088,-0.9194,0.0],[130.415,-0.9222,0.0],[130.417,-0.9216,0.0],[130.4163,-0.9192,57.6013],[130.4218,-0.9114,0.0],[130.4239,-0.9106,0.0],[130.4298,-0.9135,0.0],[130.4339,-0.9089,0.0],[130.4531,-0.9005,0.0],[130.458,-0.901,0.0],[130.463,-0.9039,0.0],[130.4641,-0.9079,51.6499],[130.4599,-0.914,0.0],[130.4709,-0.9201,0.0],[130.473,-0.9189,0.0],[130.4728,-0.9157,0.0],[130.4661,-0.9032,43.3398],[130.468,-0.8979,39.8915],[130.4729,-0.8996,0.0],[130.477,-0.9052,0.0],[130.4871,-0.9083,0.0],[130.4873,-0.9058,48.5328],[130.4896,-0.905,0.0],[130.4957,-0.9059,0.0],[130.5002,-0.9015,0.0],[130.505,-0.9022,0.0],[130.515,-0.8971,10.7814],[130.5177,-0.8978,0.0],[130.5235,-0.9031,0.0],[130.5068,-0.9174,0.0],[130.5068,-0.9196,0.0],[130.5088,-0.92,3.3364],[130.5156,-0.9144,0.0],[130.5242,-0.9112,0.0],[130.5282,-0.9121,0.0],[130.5322,-0.918,0.0],[130.5365,-0.9177,19.8138],[130.5429,-0.9149,0.0],[130.5466,-0.9058,1.8298],[130.552,-0.9077,0.0],[130.5583,-0.9157,0.0],[130.5713,-0.9106,0.0],[130.5773,-0.9147,0.0],[130.5796,-0.9145,11.2491],[130.5815,-0.9107,0.0],[130.5842,-0.9092,5.0166],[130.5906,-0.913,1.8857],[130.5972,-0.9126,11.1818],[130.6035,-0.9098,32.6333],[130.6106,-0.9115,3.2864],[130.6251,-0.9089,6.0575],[130.6342,-0.9039,13.4094],[130.6429,-0.9063,0.0],[130.6589,-0.9012,3.6599],[130.6611,-0.8992,23.9402],[130.6756,-0.8995,7.5404],[130.6897,-0.8908,26.2761]]],
[[[131.0321,-0.8859,4.6767],[131.0275,-0.8845,0.0],[131.0257,-0.8947,0.0],[131.0278,-0.8959,0.0],[131.0291,-0.8943,5.6828],[131.0326,-0.8886,34.2494],[131.0321,-0.8859,4.6767]]],
[[[131.0537,-1.1903,10.8629],[131.0507,-1.1916,4.1978],[131.0527,-1.1938,15.176],[131.0549,-1.1934,12.4574],[131.0537,-1.1903,10.8629]]],
[[[131.0494,-1.162,0.0],[131.0476,-1.1659,0.0],[131.0471,-1.1737,0.0],[131.0537,-1.1903,10.8629],[131.0574,-1.1872,18.3082],[131.0606,-1.1753,16.4832],[131.0568,-1.1535,0.0],[131.0534,-1.1543,0.0],[131.0494,-1.162,0.0]]],
[[[131.0705,-1.1293,0.0],[131.0652,-1.1386,0.0],[131.0679,-1.1477,0.0],[131.0733,-1.135,15.765],[131.0726,-1.1295,0.0],[131.0705,-1.1293,0.0]]],
[[[131.0961,-1.1273,0.0],[131.0977,-1.1224,0.0],[131.0945,-1.1238,0.0],[131.0933,-1.1279,0.0],[131.0961,-1.1273,0.0]]],
[[[131.1077,-1.1137,0.0],[131.1075,-1.1114,0.0],[131.1055,-1.1123,0.0],[131.1058,-1.1145,0.0],[131.1077,-1.1137,0.0]]],
[[[131.0837,-1.1136,0.0],[131.0859,-1.1072,0.0],[131.0822,-1.1099,0.0],[131.0817,-1.112,0.0],[131.0837,-1.1136,0.0]]],
[[[131.1753,-1.0901,8.131],[131.1774,-1.0877,0.0],[131.1763,-1.0854,5.2202],[131.1663,-1.0925,0.0],[131.17,-1.0927,2.5518],[131.1753,-1.0901,8.131]]],
[[[131.0979,-1.0828,8.6175],[131.0949,-1.0833,11.5896],[131.0964,-1.086,4.7504],[131.1013,-1.0836,3.3541],[131.0979,-1.0828,8.6175]]],
[[[131.0754,-1.0819,0.0],[131.0764,-1.084,0.0],[131.0794,-1.0822,3.9821],[131.0754,-1.0819,0.0]]],
[[[131.0839,-1.0836,7.0554],[131.091,-1.0832,17.673],[131.0923,-1.0789,9.2567],[131.0903,-1.0775,16.8097],[131.0817,-1.0789,16.4139],[131.0839,-1.0836,7.0554]]],
[[[131.1684,-1.0645,0.0],[131.1609,-1.0718,14.0494],[131.159,-1.0813,0.0],[131.1645,-1.0798,12.8359],[131.1689,-1.0736,20.7618],[131.1723,-1.0625,0.0],[131.1701,-1.0597,0.0],[131.1684,-1.0645,0.0]]],
[[[130.9014,-0.8128,0.0],[130.8967,-0.8138,0.0],[130.892,-0.8192,0.0],[130.8981,-0.8226,0.0],[130.9069,-0.8143,56.4382],[130.9061,-0.8125,0.0],[130.9014,-0.8128,0.0]]],
[[[130.7514,-0.7854,0.0],[130.752,-0.7879,0.0],[130.7548,-0.7866,17.6438],[130.7514,-0.7854,0.0]]],
[[[130.7301,-0.7987,0.0],[130.7352,-0.7937,67.3198],[130.7406,-0.7927,26.4812],[130.7425,-0.7866,78.9478],[130.7471,-0.7842,26.3121],[130.7479,-0.7824,71.3484],[130.7451,-0.7815,67.397],[130.7427,-0.7769,53.0192],[130.7476,-0.77,8.7832],[130.7469,-0.7678,0.0],[130.7444,-0.768,0.0],[130.7347,-0.7789,0.0],[130.7369,-0.7824,0.0],[130.7333,-0.7863,107.9954],[130.7312,-0.786,154.1957],[130.729,-0.782,109.2343],[130.7301,-0.777,79.2608],[130.7291,-0.7753,53.0261],[130.7239,-0.7724,0.0],[130.7157,-0.7739,0.0],[130.7178,-0.7776,0.0],[130.7186,-0.7853,0.0],[130.7219,-0.7888,0.0],[130.7256,-0.7968,0.0],[130.7301,-0.7987,0.0]]],
[[[130.7772,-0.7711,6.248],[130.7822,-0.7694,71.7254],[130.7821,-0.7629,79.9251],[130.7867,-0.7613,4.2492],[130.7875,-0.7593,37.1515],[130.7866,-0.7561,10.7462],[130.7845,-0.7561,0.0],[130.7836,-0.754,0.0],[130.7815,-0.7547,0.0],[130.7812,-0.7572,4.8111],[130.7717,-0.7543,0.0],[130.7699,-0.7562,0.0],[130.7693,-0.7603,1.9949],[130.7741,-0.7667,128.3494],[130.7717,-0.7674,126.275],[130.769,-0.7657,16.9457],[130.7673,-0.7617,0.0],[130.7652,-0.7626,0.0],[130.7691,-0.7702,0.0],[130.764,-0.7745,0.0],[130.7646,-0.7808,34.8553],[130.7611,-0.7788,72.2544],[130.7595,-0.771,0.0],[130.7572,-0.7702,0.0],[130.7567,-0.7722,0.0],[130.7564,-0.7779,0.0],[130.7623,-0.7853,0.0],[130.7659,-0.7992,0.0],[130.7699,-0.8015,0.0],[130.7732,-0.8015,0.0],[130.7791,-0.7929,48.7085],[130.7761,-0.7907,85.0976],[130.7816,-0.7849,1.7981],[130.786,-0.7833,13.826],[130.787,-0.7807,0.0],[130.784,-0.7789,0.0],[130.7785,-0.7841,69.0115],[130.7767,-0.7828,153.5027],[130.7776,-0.7782,21.6373],[130.773,-0.779,47.7683],[130.7715,-0.7775,123.6935],[130.7744,-0.7718,112.6641],[130.7772,-0.7711,6.248]]],
[[[130.7015,-0.7882,0.0],[130.6997,-0.7953,0.0],[130.7021,-0.796,0.0],[130.7066,-0.7939,0.0],[130.7096,-0.7957,0.0],[130.7107,-0.7935,0.0],[130.7067,-0.7855,1.129],[130.7044,-0.7846,0.0],[130.7076,-0.7808,2.383],[130.7058,-0.7796,0.0],[130.7024,-0.7826,0.0],[130.7015,-0.7882,0.0]]],
[[[130.7013,-0.7011,0.0],[130.703,-0.7026,0.0],[130.7079,-0.6952,0.0],[130.7039,-0.6976,0.0],[130.7013,-0.7011,0.0]]],
[[[130.5773,-0.6402,0.0],[130.5821,-0.6391,0.0],[130.5831,-0.6368,0.0],[130.5785,-0.6369,0.0],[130.5759,-0.6387,0.0],[130.5773,-0.6402,0.0]]],
[[[130.6191,-0.5847,107.4474],[130.642,-0.5803,17.2427],[130.6481,-0.5757,217.1501],[130.6626,-0.5728,0.0],[130.6637,-0.571,0.0],[130.6611,-0.5681,0.0],[130.6568,-0.5675,0.0],[130.656,-0.5651,0.0],[130.6484,-0.5654,0.0],[130.6365,-0.5711,0.0],[130.6242,-0.5723,0.0],[130.6064,-0.5767,0.0],[130.6034,-0.5784,0.0],[130.5978,-0.5859,106.2461],[130.5795,-0.596,11.8821],[130.5756,-0.5976,7.4209],[130.5673,-0.5954,1.6778],[130.5587,-0.6028,4.4545],[130.5565,-0.6098,0.0],[130.5588,-0.6097,149.4097],[130.5587,-0.612,8.4767],[130.5606,-0.6131,0.0],[130.5679,-0.6135,0.0],[130.5768,-0.6088,112.2848],[130.5875,-0.606,3.4392],[130.6003,-0.5946,1.6638],[130.6053,-0.5877,45.6624],[130.6088,-0.5857,148.2568],[130.6191,-0.5847,107.4474]]],
[[[131.1663,-1.052,13.018],[131.1671,-1.05,16.9251],[131.1642,-1.0437,1.8603],[131.1654,-1.039,5.5015],[131.164,-1.0367,0.0],[131.1566,-1.0353,0.0],[131.1534,-1.0397,0.0],[131.1549,-1.0438,0.0],[131.1543,-1.05,0.0],[131.1507,-1.0605,0.0],[131.1533,-1.0621,0.0],[131.1553,-1.0715,0.0],[131.1609,-1.0689,20.572],[131.1662,-1.0616,9.6374],[131.165,-1.0584,18.5162],[131.167,-1.0556,5.9284],[131.1663,-1.052,13.018]]],
[[[131.0769,-1.0602,4.4787],[131.0763,-1.0762,0.0],[131.079,-1.0786,12.4125],[131.0817,-1.0789,16.4139],[131.0851,-1.0752,20.705],[131.0918,-1.0737,17.9459],[131.0943,-1.0743,14.4262],[131.0948,-1.0794,8.3938],[131.097,-1.0805,8.3622],[131.0999,-1.0794,16.2113],[131.107,-1.0802,12.1216],[131.1091,-1.0741,6.0497],[131.1067,-1.072,0.0],[131.1018,-1.0711,21.6255],[131.0976,-1.0634,18.2388],[131.0996,-1.063,22.4578],[131.1116,-1.0694,14.2344],[131.1126,-1.0656,17.1664],[131.1086,-1.0587,16.1004],[131.1134,-1.0623,0.0],[131.1182,-1.0742,0.0],[131.1205,-1.0744,9.8379],[131.1297,-1.0689,18.1269],[131.1308,-1.067,8.9958],[131.1291,-1.0644,18.6931],[131.1291,-1.0591,15.5612],[131.1335,-1.0584,14.0814],[131.1307,-1.0545,11.2177],[131.1387,-1.0564,16.8431],[131.136,-1.0436,0.0],[131.1291,-1.0528,3.6999],[131.1227,-1.0485,4.9425],[131.1175,-1.0484,19.6074],[131.1195,-1.0465,12.1355],[131.117,-1.0438,15.1779],[131.1221,-1.0438,14.4049],[131.1256,-1.0471,0.0],[131.1281,-1.0466,6.6602],[131.1298,-1.0448,16.8048],[131.1309,-1.0366,0.0],[131.1274,-1.0334,19.2287],[131.1281,-1.0314,20.8019],[131.1303,-1.0313,17.337],[131.1289,-1.0269,19.3754],[131.1318,-1.0221,11.7803],[131.1373,-1.0239,16.5629],[131.1387,-1.022,10.6548],[131.1432,-1.0213,10.98],[131.1472,-1.0159,2.5152],[131.144,-1.0072,0.0],[131.1393,-1.0067,7.9745],[131.1382,-1.0044,8.1546],[131.1437,-1.0023,13.4143],[131.1449,-1.0001,14.9688],[131.1431,-0.9956,0.0],[131.1389,-0.9939,0.0],[131.1322,-0.997,8.4252],[131.13,-0.9953,0.0],[131.1191,-0.9986,0.0],[131.1084,-0.9978,0.0],[131.0937,-1.0001,0.0],[131.0903,-1.0048,0.0],[131.0897,-1.0227,0.0],[131.0824,-1.0282,0.0],[131.0816,-1.0306,0.0],[131.0845,-1.0344,0.0],[131.0839,-1.0365,0.0],[131.0756,-1.0509,3.5688],[131.0769,-1.0602,4.4787]]],
[[[131.1489,-0.9937,0.0],[131.1483,-0.9982,1.5602],[131.1504,-0.9974,15.6268],[131.1509,-0.9951,13.3589],[131.1489,-0.9937,0.0]]],
[[[131.1028,-0.9385,0.0],[131.0987,-0.9406,0.0],[131.0942,-0.9461,0.0],[131.0926,-0.9528,0.0],[131.095,-0.9522,0.0],[131.0967,-0.9465,3.6345],[131.099,-0.9446,5.3115],[131.1038,-0.9435,2.2808],[131.1079,-0.9402,4.9225],[131.1083,-0.9363,0.0],[131.1028,-0.9385,0.0]]],
[[[131.1214,-0.9189,0.0],[131.115,-0.9212,0.0],[131.1135,-0.9296,0.0],[131.1145,-0.9314,0.5055],[131.1295,-0.919,4.8293],[131.1308,-0.9144,0.0],[131.1289,-0.9128,0.0],[131.1263,-0.9169,0.0],[131.1214,-0.9189,0.0]]],
[[[130.8777,-0.3026,230.5105],[130.855,-0.3,270.9663],[130.8536,-0.3017,278.1305],[130.8517,-0.3005,96.8914],[130.8486,-0.303,130.4102],[130.8491,-0.3107,195.4337],[130.852,-0.3145,283.6739],[130.8639,-0.3174,80.1789],[130.8699,-0.3149,87.9374],[130.8803,-0.3148,216.2504],[130.887,-0.3209,222.7631],[130.8912,-0.3205,94.4774],[130.8964,-0.3176,20.84],[130.8972,-0.3151,4.64],[130.8777,-0.3026,230.5105]]],
[[[130.2672,-0.6842,0.0],[130.2715,-0.6867,0.0],[130.2728,-0.6844,7.3631],[130.272,-0.6825,8.7922],[130.2687,-0.6821,0.0],[130.2672,-0.6842,0.0]]],
[[[130.2949,-0.6738,6.2735],[130.2928,-0.6728,1.2154],[130.2863,-0.6762,0.0],[130.2858,-0.6805,0.0],[130.2902,-0.6805,0.0],[130.2949,-0.6759,5.7689],[130.2949,-0.6738,6.2735]]],
[[[130.2895,-0.6641,11.5419],[130.2896,-0.6619,10.6344],[130.2914,-0.6611,9.0473],[130.3003,-0.6601,0.0],[130.3087,-0.6566,0.0],[130.3132,-0.6541,2.9866],[130.3144,-0.6515,2.0771],[130.3055,-0.645,42.8509],[130.3006,-0.644,12.5104],[130.2867,-0.6489,0.0],[130.2854,-0.6536,16.0437],[130.2788,-0.6553,2.5549],[130.2742,-0.6626,17.2512],[130.2722,-0.6617,11.6076],[130.2718,-0.6581,10.9355],[130.2758,-0.6561,0.0],[130.2755,-0.6522,14.3785],[130.2698,-0.6544,0.0],[130.2656,-0.6669,0.0],[130.2685,-0.6705,0.0],[130.2756,-0.6712,0.0],[130.287,-0.6678,0.0],[130.2894,-0.6665,0.0],[130.2895,-0.6641,11.5419]]],
[[[130.2845,-0.6048,0.0],[130.2869,-0.6013,26.5042],[130.2876,-0.5964,25.1462],[130.2847,-0.5947,28.6073],[130.2842,-0.592,70.0849],[130.2816,-0.5928,18.5365],[130.2777,-0.5886,0.0],[130.2756,-0.5953,0.0],[130.2761,-0.6024,0.0],[130.2801,-0.6053,0.0],[130.2802,-0.6076,0.0],[130.2845,-0.6048,0.0]]],
[[[130.2497,-0.6702,5.3713],[130.2469,-0.6712,0.0],[130.2434,-0.6757,0.0],[130.2507,-0.6835,0.0],[130.2529,-0.6819,0.0],[130.2549,-0.6749,4.6184],[130.2525,-0.6712,8.6876],[130.2497,-0.6702,5.3713]]],
[[[130.2289,-0.4078,0.0],[130.2245,-0.407,0.0],[130.2258,-0.4099,0.0],[130.2289,-0.4098,0.0],[130.2289,-0.4078,0.0]]],
[[[130.1968,-0.3573,0.0],[130.1959,-0.3609,0.0],[130.2007,-0.3597,0.0],[130.2009,-0.3572,0.0],[130.1986,-0.3562,0.0],[130.1968,-0.3573,0.0]]],
[[[130.2295,-0.3383,0.0],[130.2297,-0.3357,0.0],[130.2261,-0.3322,0.0],[130.2219,-0.333,24.1677],[130.2194,-0.3358,82.4944],[130.2168,-0.3354,92.2623],[130.2052,-0.3315,9.7865],[130.1905,-0.3221,41.5177],[130.1839,-0.3214,30.2775],[130.1809,-0.3234,0.0],[130.1825,-0.3283,0.0],[130.1921,-0.3371,0.0],[130.1982,-0.3396,0.0],[130.2018,-0.3374,0.0],[130.2074,-0.3381,0.0],[130.2094,-0.3425,28.0988],[130.2072,-0.3428,4.2],[130.2064,-0.3446,0.0],[130.2121,-0.3505,0.0],[130.219,-0.3528,0.0],[130.2238,-0.353,0.0],[130.2307,-0.3503,0.0],[130.2281,-0.346,10.2553],[130.2298,-0.3421,1.9796],[130.228,-0.3402,0.0],[130.2295,-0.3383,0.0]]],
[[[130.3018,-0.5969,0.0],[130.304,-0.5968,0.0],[130.3042,-0.5947,0.0],[130.302,-0.5907,36.3217],[130.2987,-0.5937,0.0],[130.3018,-0.5969,0.0]]],
[[[130.2679,-0.5765,0.0],[130.2631,-0.5815,0.0],[130.2643,-0.5837,0.0],[130.2777,-0.5886,0.0],[130.2771,-0.5859,0.1522],[130.2744,-0.5838,1.606],[130.2761,-0.5797,7.2367],[130.2749,-0.5746,17.6778],[130.2733,-0.5727,25.783],[130.27,-0.5746,0.0],[130.2692,-0.5725,1.0863],[130.2689,-0.5689,18.3053],[130.2714,-0.5642,0.0],[130.258,-0.5549,97.7358],[130.2536,-0.547,0.0],[130.2515,-0.5476,0.5269],[130.2534,-0.5568,0.0],[130.2679,-0.5765,0.0]]],
[[[130.2582,-0.4029,0.0],[130.2599,-0.4014,0.0],[130.2592,-0.3992,0.0],[130.2536,-0.3972,0.0],[130.2526,-0.3989,0.0],[130.2537,-0.4007,0.0],[130.2582,-0.4029,0.0]]],
[[[130.2802,-0.3964,0.0],[130.2778,-0.3963,0.0],[130.2773,-0.3984,0.0],[130.2801,-0.4004,0.0],[130.2814,-0.3986,0.0],[130.2802,-0.3964,0.0]]],
[[[130.2479,-0.3284,0.0],[130.2527,-0.3303,0.0],[130.2557,-0.3261,0.0],[130.2555,-0.3235,0.0],[130.2487,-0.3247,0.0],[130.2448,-0.3227,7.2539],[130.2437,-0.3247,0.0],[130.2449,-0.327,0.0],[130.2479,-0.3284,0.0]]],
[[[130.1535,-0.3311,0.0],[130.1535,-0.3242,0.0],[130.1492,-0.3147,20.4632],[130.1397,-0.3136,21.5632],[130.1336,-0.3173,0.0],[130.1346,-0.3216,0.0],[130.1448,-0.3298,0.0],[130.148,-0.3374,0.0],[130.1519,-0.3368,0.0],[130.1535,-0.3311,0.0]]],
[[[130.2403,-0.3047,4.5964],[130.2389,-0.3029,17.6075],[130.2315,-0.3037,62.793],[130.231,-0.3015,85.9814],[130.2345,-0.2984,21.4899],[130.2345,-0.2962,0.0],[130.2316,-0.283,0.0],[130.2297,-0.2818,0.0],[130.2063,-0.2865,108.7544],[130.2037,-0.2885,10.7835],[130.2044,-0.2991,11.508],[130.2092,-0.2959,92.1767],[130.2101,-0.2981,24.3129],[130.2063,-0.3027,111.6908],[130.2016,-0.3047,53.9069],[130.2015,-0.3106,0.0],[130.2092,-0.3182,0.0],[130.2176,-0.316,79.0239],[130.217,-0.3204,2.7913],[130.2214,-0.323,0.0],[130.2235,-0.3223,0.0],[130.2238,-0.3247,0.0],[130.2327,-0.3246,0.0],[130.2344,-0.3229,0.0],[130.2436,-0.3074,0.0],[130.2403,-0.3047,4.5964]]],
[[[130.188,-0.2855,51.2778],[130.1857,-0.2869,0.0],[130.1864,-0.2894,0.0],[130.19,-0.2921,0.0],[130.1916,-0.2994,0.0],[130.1943,-0.3006,0.0],[130.1992,-0.2998,15.4596],[130.1999,-0.2973,0.0],[130.196,-0.2942,5.2074],[130.1933,-0.2882,3.0759],[130.188,-0.2855,51.2778]]],
[[[130.271,-0.3899,0.0],[130.2648,-0.3887,0.0],[130.2613,-0.3903,0.0],[130.264,-0.394,0.0],[130.2666,-0.3947,0.0],[130.2709,-0.3933,0.0],[130.2725,-0.3914,0.0],[130.271,-0.3899,0.0]]],
[[[130.2806,-0.3795,0.0],[130.2826,-0.3774,0.0],[130.2807,-0.374,1.0097],[130.2743,-0.3759,0.0],[130.2761,-0.3796,0.0],[130.2806,-0.3795,0.0]]],
[[[130.291,-0.3813,0.0],[130.2931,-0.3827,0.0],[130.2942,-0.3803,0.0],[130.2931,-0.3762,7.1248],[130.2948,-0.3744,0.0],[130.3027,-0.3755,0.0],[130.3053,-0.373,0.0],[130.2947,-0.3703,0.0],[130.2886,-0.3716,9.9441],[130.291,-0.3813,0.0]]],
[[[130.3411,-0.3519,0.0],[130.3456,-0.3508,0.0],[130.3457,-0.3484,0.0],[130.3397,-0.3503,0.0],[130.3411,-0.3519,0.0]]],
[[[130.3522,-0.3192,0.0],[130.3586,-0.3233,0.0],[130.365,-0.3198,0.0],[130.3657,-0.3178,0.0],[130.3611,-0.3158,15.3213],[130.3539,-0.316,51.8796],[130.3516,-0.3168,0.0],[130.3522,-0.3192,0.0]]],
[[[130.3763,-0.3082,0.0],[130.3755,-0.302,18.3117],[130.3736,-0.3004,35.3987],[130.3693,-0.3059,0.0],[130.3702,-0.3078,0.0],[130.3746,-0.3096,0.0],[130.3763,-0.3082,0.0]]],
[[[130.3429,-0.302,0.0],[130.3383,-0.302,0.0],[130.3387,-0.3042,0.0],[130.3474,-0.306,0.0],[130.3486,-0.3038,0.0],[130.3429,-0.302,0.0]]],
[[[130.388,-0.2014,0.0],[130.3864,-0.1986,0.0],[130.386,-0.2039,0.0],[130.3881,-0.2036,0.0],[130.388,-0.2014,0.0]]],
[[[130.4928,-0.0546,0.0],[130.4892,-0.0512,0.0],[130.4842,-0.0526,0.0],[130.4842,-0.0549,0.0],[130.4874,-0.0562,0.0],[130.4922,-0.0567,0.0],[130.4928,-0.0546,0.0]]],
[[[130.3537,-0.1898,93.1816],[130.3571,-0.1864,94.4402],[130.3626,-0.1858,121.1435],[130.3642,-0.1841,150.1165],[130.3639,-0.1819,76.5511],[130.3544,-0.1807,0.0],[130.3489,-0.1819,11.0714],[130.3483,-0.184,163.3015],[130.3515,-0.1903,66.8454],[130.3537,-0.1898,93.1816]]],
[[[130.3568,-0.0707,0.0],[130.3512,-0.0661,0.0],[130.3494,-0.0676,0.0],[130.3491,-0.0699,0.0],[130.3562,-0.0744,0.0],[130.3568,-0.0707,0.0]]],
[[[130.4548,-0.0503,0.0],[130.4572,-0.0498,0.0],[130.4573,-0.0473,0.0],[130.455,-0.0478,0.0],[130.4548,-0.0503,0.0]]],
[[[130.682,-0.4185,0.0],[130.6812,-0.4208,0.0],[130.6831,-0.422,0.0],[130.6895,-0.4214,0.0],[130.694,-0.4188,0.0],[130.6947,-0.4162,0.0],[130.6933,-0.4143,12.0082],[130.687,-0.4145,58.5515],[130.682,-0.4185,0.0]]],
[[[130.6774,-0.3184,29.1676],[130.6728,-0.3165,96.3896],[130.6734,-0.3121,14.7801],[130.6755,-0.3114,0.0],[130.6756,-0.3091,0.0],[130.6659,-0.3077,74.6757],[130.6613,-0.3093,0.0],[130.6609,-0.3114,0.0],[130.668,-0.3143,30.4047],[130.6618,-0.3185,35.6299],[130.6591,-0.3176,43.0396],[130.6556,-0.3204,0.0],[130.6552,-0.3227,0.0],[130.6587,-0.3245,0.0],[130.6585,-0.3286,0.0],[130.6632,-0.3298,0.0],[130.6666,-0.3329,0.0],[130.6693,-0.3305,0.0],[130.6691,-0.3253,63.8812],[130.6752,-0.3245,0.0],[130.6777,-0.3207,0.0],[130.6774,-0.3184,29.1676]]],
[[[130.6373,-0.3184,0.0],[130.6393,-0.3195,0.0],[130.641,-0.3185,0.0],[130.6427,-0.3167,0.0],[130.6419,-0.3147,0.0],[130.6398,-0.3142,15.0371],[130.6373,-0.3184,0.0]]],
[[[130.6501,-0.3175,0.0],[130.6463,-0.3155,0.0],[130.6453,-0.318,0.0],[130.6501,-0.3175,0.0]]],
[[[130.679,-0.1413,89.5112],[130.6813,-0.1397,152.3817],[130.6912,-0.1393,74.5784],[130.6926,-0.1369,20.5859],[130.691,-0.1316,1.0],[130.6882,-0.1302,1.0],[130.679,-0.1314,1.0],[130.6758,-0.1342,1.0],[130.6713,-0.1343,1.0],[130.6641,-0.1401,1.0],[130.6651,-0.1444,1.0],[130.6721,-0.1463,16.8349],[130.679,-0.1413,89.5112]]],
[[[130.6665,-0.1178,1.0],[130.6644,-0.118,1.0],[130.6661,-0.1216,8.5826],[130.6694,-0.1217,23.5076],[130.6689,-0.1189,7.6635],[130.6665,-0.1178,1.0]]],
[[[130.6636,-0.1145,1.0],[130.6595,-0.1129,1.0],[130.6573,-0.113,1.0],[130.6561,-0.1149,1.0],[130.6539,-0.1135,1.0],[130.6487,-0.1145,4.2798],[130.6441,-0.1126,88.3357],[130.6442,-0.1159,1.0],[130.6476,-0.1203,1.0],[130.6549,-0.1211,17.7689],[130.6636,-0.1145,1.0]]],
[[[130.6774,-0.1121,1.0],[130.6773,-0.1096,1.0],[130.6694,-0.1099,1.0],[130.6702,-0.112,1.0],[130.6774,-0.1121,1.0]]],
[[[130.6675,-0.0873,1.0],[130.6623,-0.0865,1.0],[130.6606,-0.0912,1.0],[130.6643,-0.0939,35.5381],[130.6653,-0.0917,41.0763],[130.6672,-0.0929,46.364],[130.6689,-0.0916,24.6539],[130.6675,-0.0873,1.0]]],
[[[130.4739,-0.0537,0.0],[130.4743,-0.0513,0.0],[130.4718,-0.0508,0.0],[130.4656,-0.0528,0.0],[130.4672,-0.0545,8.5237],[130.4739,-0.0537,0.0]]],
[[[130.5565,-0.0438,0.0],[130.5545,-0.045,0.0],[130.5559,-0.0465,0.0],[130.5579,-0.0459,0.0],[130.5565,-0.0438,0.0]]],
[[[130.5419,-0.0352,0.0],[130.541,-0.0331,0.0],[130.5374,-0.0357,0.0],[130.5373,-0.0382,0.0],[130.5438,-0.039,0.0],[130.5419,-0.0352,0.0]]],
[[[130.506,-0.0373,0.0],[130.514,-0.0385,0.0],[130.5164,-0.0371,0.0],[130.516,-0.032,0.0],[130.5136,-0.0299,0.0],[130.5072,-0.0291,0.0],[130.4999,-0.0318,0.0],[130.4895,-0.0297,0.0],[130.4918,-0.0337,0.0],[130.506,-0.0373,0.0]]],
[[[130.6757,-0.5576,2.2187],[130.6662,-0.5623,28.1208],[130.6733,-0.5619,97.9849],[130.6769,-0.5641,114.735],[130.6902,-0.5576,3.7171],[130.6921,-0.5545,0.0],[130.6859,-0.5529,0.0],[130.6757,-0.5576,2.2187]]],
[[[130.6978,-0.484,0.0],[130.6957,-0.4882,0.0],[130.7006,-0.487,0.0],[130.6999,-0.4847,0.0],[130.6978,-0.484,0.0]]],
[[[130.6906,-0.4815,0.0],[130.6974,-0.479,52.9413],[130.6964,-0.4771,0.0],[130.6912,-0.4777,0.0],[130.6895,-0.4796,0.0],[130.6906,-0.4815,0.0]]],
[[[130.4592,-0.4437,0.0],[130.4572,-0.4443,0.0],[130.4577,-0.4463,0.0],[130.4611,-0.446,0.0],[130.4626,-0.444,0.0],[130.461,-0.4425,0.0],[130.4592,-0.4437,0.0]]],
[[[130.5065,-0.3081,78.8514],[130.5053,-0.3099,119.303],[130.4992,-0.3059,41.51],[130.4987,-0.3037,43.0612],[130.4946,-0.3037,13.1865],[130.4934,-0.3056,46.4453],[130.4892,-0.3007,0.0],[130.4858,-0.3018,0.0],[130.4824,-0.3045,0.0],[130.4852,-0.3095,0.0],[130.4874,-0.31,0.0],[130.4868,-0.3147,5.4654],[130.4848,-0.3155,0.0],[130.484,-0.3134,0.0],[130.4797,-0.3138,0.0],[130.4815,-0.3233,0.0],[130.4883,-0.3269,0.0],[130.4895,-0.3314,0.0],[130.4914,-0.3321,0.0],[130.4961,-0.3322,0.0],[130.4977,-0.3301,15.807],[130.5017,-0.3317,0.0],[130.5032,-0.3269,16.9894],[130.5072,-0.3314,0.0],[130.5097,-0.3315,0.0],[130.5113,-0.3291,0.0],[130.513,-0.3303,0.0],[130.5151,-0.3294,0.0],[130.52,-0.3241,14.1954],[130.5173,-0.32,68.643],[130.5124,-0.3196,39.4699],[130.5109,-0.3179,14.6111],[130.5143,-0.3148,7.5366],[130.5149,-0.3075,79.9256],[130.508,-0.3068,19.0426],[130.5065,-0.3081,78.8514]]],
[[[130.8087,-0.4736,0.0],[130.8056,-0.4754,0.0],[130.8023,-0.4805,0.0],[130.8036,-0.4846,0.0],[130.8117,-0.4839,0.0],[130.8204,-0.4766,0.0],[130.8206,-0.4731,0.0],[130.8171,-0.47,0.0],[130.8087,-0.4736,0.0]]],
[[[130.9562,-0.0241,0.0],[130.9422,-0.0174,9.6821],[130.9379,-0.0194,0.0],[130.9444,-0.0283,0.0],[130.9463,-0.0346,0.0],[130.9485,-0.0335,0.0],[130.9496,-0.0273,0.0],[130.9555,-0.0265,0.0],[130.9562,-0.0241,0.0]]],
[[[130.9237,0.0113,0.0],[130.9237,0.0018,0.0],[130.9209,-0.002,0.0],[130.9205,-0.0073,0.0],[130.9229,-0.0097,0.0],[130.9277,-0.0098,0.0],[130.9529,0.0017,0.0],[130.9643,0.0095,0.0],[130.9653,0.0152,0.0],[130.9647,0.0178,0.0],[130.962,0.0191,0.0],[130.9503,0.02,0.0],[130.943,0.023,0.0],[130.9363,0.0226,0.0],[130.9285,0.0186,0.0],[130.9237,0.0113,0.0]]],
[[[130.8999,0.0225,11.3675],[130.8999,0.0284,95.198],[130.894,0.0334,58.107],[130.8868,0.0327,245.1567],[130.8823,0.0296,155.005],[130.8706,0.0345,0.0],[130.8664,0.0266,0.0],[130.8702,0.0175,0.0],[130.8855,0.0121,0.0],[130.8924,0.0128,21.1118],[130.8999,0.0225,11.3675]]],
[[[131.0783,-0.0513,0.0],[131.0808,-0.0514,0.0],[131.0813,-0.044,2.4467],[131.0792,-0.038,5.2205],[131.0773,-0.0366,3.141],[131.0743,-0.0364,2.904],[131.0649,-0.0435,2.4457],[131.0675,-0.0483,0.0],[131.0783,-0.0513,0.0]]],
[[[131.0648,0.3525,0.0],[131.078,0.3545,0.0],[131.0802,0.3632,0.0],[131.0733,0.3775,0.0],[131.0661,0.3882,0.0],[131.0487,0.3997,0.0],[131.0444,0.399,0.0],[131.0366,0.3925,0.0],[131.0315,0.3829,0.0],[131.0327,0.3796,0.0],[131.036,0.3765,0.0],[131.0394,0.3758,0.0],[131.0559,0.3757,4.4247],[131.0554,0.3738,9.1195],[131.0481,0.3685,3.7121],[131.0461,0.365,0.0],[131.0472,0.3612,0.0],[131.0506,0.3583,0.0],[131.0544,0.358,0.0],[131.0648,0.3525,0.0]]],
[[[131.1346,0.4083,0.0],[131.1315,0.3999,0.0],[131.1346,0.3899,0.0],[131.1393,0.3864,0.0],[131.1451,0.3879,0.0],[131.1474,0.3918,0.0],[131.1436,0.4069,0.0],[131.1395,0.4127,0.0],[131.1353,0.4137,0.0],[131.1346,0.4083,0.0]]],
[[[131.149,0.5014,0.0],[131.157,0.4914,0.0],[131.1717,0.4829,0.0],[131.1781,0.4811,0.0],[131.1835,0.4851,0.0],[131.1786,0.4946,0.0],[131.167,0.5039,0.0],[131.1599,0.5159,0.0],[131.15,0.5206,0.0],[131.1476,0.5202,0.0],[131.1444,0.5162,0.0],[131.145,0.5099,0.0],[131.149,0.5014,0.0]]],
[[[131.1858,0.5675,0.0],[131.2065,0.561,0.0],[131.2167,0.5548,0.0],[131.2225,0.5562,0.0],[131.224,0.5609,0.0],[131.222,0.5682,0.0],[131.2013,0.5782,0.0],[131.187,0.5822,0.0],[131.1836,0.5813,0.0],[131.1792,0.5763,0.0],[131.1796,0.5724,0.0],[131.1858,0.5675,0.0]]]]}}