{"type":"Feature","properties":{"GID_1":"IDN.30_1","GID_0":"IDN","country":"Indonesia","province":"SumateraBarat","VARNAME_1":"NA","NL_NAME_1":"NA","TYPE_1":"Propinisi","ENGTYPE_1":"Province","CC_1":"13","HASC_1":"ID.SB","ISO_1":"ID-SB","name":"Sumatera_Barat.province"},
"geometry":{"type": "MultiPolygon","coordinates": [[[[100.5658,-3.2729,3.6178],[100.5693,-3.2751,1.5962],[100.5726,-3.2719,3.8252],[100.5722,-3.2618,1.5289],[100.5693,-3.2566,0.0],[100.5664,-3.2588,0.0],[100.5658,-3.2729,3.6178]]],
[[[100.5273,-3.2467,0.0],[100.5299,-3.2506,0.0],[100.5331,-3.2482,0.0],[100.5337,-3.2445,0.0],[100.5313,-3.2371,0.0],[100.528,-3.2406,0.0],[100.5273,-3.2467,0.0]]],
[[[100.5107,-3.2062,0.0],[100.5105,-3.2068,0.0],[100.5113,-3.2069,0.0],[100.5113,-3.2063,0.0],[100.5107,-3.2062,0.0]]],
[[[100.5297,-3.2018,2.1103],[100.5253,-3.2003,2.7827],[100.5244,-3.2008,2.7827],[100.5246,-3.202,2.5237],[100.5297,-3.2018,2.1103]]],
[[[100.5329,-3.1972,0.0],[100.5337,-3.1977,0.0],[100.5317,-3.1964,11.801],[100.5317,-3.1968,11.801],[100.5329,-3.1972,0.0]]],
[[[100.5297,-3.1932,0.0],[100.5302,-3.1941,0.0],[100.5307,-3.1942,0.0],[100.5305,-3.1933,0.0],[100.5297,-3.1932,0.0]]],
[[[100.5697,-1.8875,0.0],[100.5694,-1.8883,1.1971],[100.5708,-1.89,0.0],[100.5716,-1.8879,0.0],[100.5697,-1.8875,0.0]]],
[[[100.5135,-1.7452,0.0],[100.5165,-1.7487,0.0],[100.5194,-1.7467,0.0],[100.5191,-1.7428,0.0],[100.5158,-1.7393,0.0],[100.5127,-1.7413,0.0],[100.5135,-1.7452,0.0]]],
[[[100.5894,-1.7198,0.6046],[100.5893,-1.721,0.6046],[100.5901,-1.7216,0.0],[100.5908,-1.7203,3.714],[100.5894,-1.7198,0.6046]]],
[[[100.6169,-1.5472,0.0],[100.6166,-1.5471,0.0],[100.6164,-1.5475,0.0],[100.6168,-1.5475,0.0],[100.6169,-1.5472,0.0]]],
[[[100.3071,0.3974,887.905],[100.2991,0.3974,928.0521],[100.2931,0.3925,667.6617],[100.2882,0.4002,738.2902],[100.2808,0.4023,746.0505],[100.2737,0.4076,832.3394],[100.2646,0.4197,811.4358],[100.2606,0.4306,803.8935],[100.2567,0.4358,776.8192],[100.255,0.442,754.4214],[100.2562,0.445,809.9697],[100.2604,0.4457,988.5999],[100.25,0.4559,895.1697],[100.2462,0.4642,836.9626],[100.238,0.4742,795.7386],[100.2373,0.4788,948.6085],[100.2398,0.4801,849.2332],[100.2424,0.4858,802.0756],[100.242,0.4908,777.7195],[100.2377,0.4947,1027.4403],[100.2216,0.5029,826.1458],[100.2166,0.5116,623.2245],[100.2161,0.5207,790.4078],[100.2294,0.5277,595.3951],[100.2315,0.5313,451.1227],[100.2376,0.5353,377.0947],[100.235,0.5361,340.9804],[100.2354,0.539,249.4402],[100.233,0.5432,189.3478],[100.2381,0.5394,167.9423],[100.235,0.5457,485.5307],[100.2245,0.5543,610.7039],[100.2156,0.5581,820.5379],[100.2039,0.5583,924.3676],[100.2001,0.5599,999.8544],[100.1948,0.5578,1045.8774],[100.1917,0.56,1022.8987],[100.1841,0.561,848.1339],[100.1798,0.5659,667.1646],[100.1765,0.5739,786.2432],[100.1783,0.5895,700.7905],[100.1868,0.6266,296.4052],[100.2013,0.6409,149.5452],[100.2015,0.6432,143.8298],[100.2158,0.6631,135.6372],[100.2378,0.6733,220.6562],[100.2408,0.6793,242.6779],[100.2427,0.6943,243.3532],[100.2393,0.734,777.8245],[100.2238,0.7388,775.3616],[100.2205,0.7418,839.0658],[100.2158,0.7398,937.0626],[100.2132,0.7356,825.2189],[100.2111,0.7355,796.6038],[100.2005,0.7447,884.14],[100.1933,0.7638,874.943],[100.1697,0.7647,1052.6471],[100.1494,0.771,923.2807],[100.136,0.7755,1020.897],[100.1197,0.7859,962.0449],[100.0744,0.8012,463.6057],[100.0347,0.8273,599.3108],[100.01,0.8403,427.3321],[100.0021,0.8435,386.3247],[99.9966,0.8415,376.8063],[99.9838,0.845,368.5023],[99.9763,0.8499,355.124],[99.9731,0.8487,367.6855],[99.9675,0.8507,300.0186],[99.9608,0.86,210.2845],[99.9595,0.8689,353.8603],[99.9517,0.8793,516.5891],[99.9411,0.8827,370.3354],[99.9049,0.8887,373.8101],[99.9006,0.891,316.9036],[99.9008,0.8931,355.2636],[99.8984,0.896,336.4286],[99.8925,0.8969,346.6948],[99.8818,0.9017,427.0933],[99.8793,0.905,426.769],[99.8699,0.9073,454.178],[99.8653,0.906,526.9344],[99.857,0.8967,605.4373],[99.8407,0.8929,785.7143],[99.834,0.8867,1134.7996],[99.8309,0.8805,1194.7448],[99.8329,0.8711,1178.829],[99.8412,0.8512,832.9122],[99.8416,0.8343,1202.4896],[99.8375,0.8209,1456.2186],[99.8448,0.8143,1099.9036],[99.8459,0.8077,961.1968],[99.8438,0.7976,1035.6228],[99.8468,0.7911,1293.5933],[99.8431,0.7802,1612.593],[99.8448,0.776,1692.2634],[99.8438,0.7721,1708.7556],[99.8462,0.7689,1744.7394],[99.8456,0.7622,1665.0558],[99.8436,0.7594,1644.1064],[99.8348,0.7575,1627.6796],[99.8335,0.7557,1604.0605],[99.834,0.7514,1644.751],[99.8305,0.7442,1697.3906],[99.8261,0.7397,1839.5344],[99.8253,0.7359,1737.2823],[99.8297,0.7161,1720.6321],[99.8352,0.709,1813.7803],[99.8342,0.7013,1680.011],[99.8309,0.6962,1730.5042],[99.847,0.685,1701.6969],[99.8531,0.683,1664.7097],[99.8855,0.6887,1669.9525],[99.8888,0.6868,1684.4819],[99.893,0.6793,1692.0994],[99.8962,0.6766,1658.0468],[99.9047,0.6806,1772.2085],[99.9111,0.6799,1732.9722],[99.9166,0.6548,1075.243],[99.916,0.6496,975.0872],[99.9252,0.6329,703.9294],[99.9251,0.6312,681.4643],[99.9096,0.629,848.038],[99.9088,0.6268,759.4893],[99.9233,0.6153,592.9937],[99.9204,0.6054,531.1669],[99.9272,0.6042,488.96],[99.9308,0.5972,592.5288],[99.9408,0.5928,573.2813],[99.9517,0.5762,689.7409],[99.9598,0.5695,792.9246],[99.9608,0.5603,738.5711],[99.9649,0.5544,830.6342],[99.9647,0.5458,903.5447],[99.9564,0.5308,1243.2942],[99.9502,0.5242,1256.8698],[99.952,0.5205,1127.8707],[99.9596,0.5161,846.7298],[99.9607,0.5132,672.7462],[99.9552,0.5104,727.3477],[99.9462,0.5097,916.9597],[99.9364,0.5035,979.5834],[99.9202,0.4878,1445.6411],[99.9174,0.4816,1630.3245],[99.9042,0.4704,1864.6602],[99.8929,0.4705,2061.3718],[99.8823,0.4665,1621.8584],[99.8761,0.4686,1603.8782],[99.8702,0.4647,1537.1724],[99.8634,0.4649,1439.2463],[99.8591,0.4633,1403.8833],[99.8494,0.4699,1384.9431],[99.8368,0.4586,1668.2075],[99.8346,0.4584,1682.2157],[99.8171,0.461,1675.1741],[99.8088,0.4651,1588.2258],[99.8064,0.4714,1587.1332],[99.8042,0.4731,1588.6753],[99.7874,0.4816,1607.5295],[99.7768,0.4818,1638.3008],[99.7577,0.4775,1547.6627],[99.7514,0.479,1435.3572],[99.7425,0.4778,1285.9031],[99.739,0.4748,1100.646],[99.7351,0.4641,922.7515],[99.7291,0.4549,747.975],[99.7201,0.4524,1198.5483],[99.7087,0.4592,1423.6543],[99.7008,0.4681,1502.0272],[99.6828,0.4692,1677.4475],[99.6763,0.476,1880.9379],[99.6741,0.4843,1862.7047],[99.6664,0.4911,1795.478],[99.6654,0.5017,1696.1964],[99.6616,0.5071,1656.3506],[99.6654,0.5162,1615.6136],[99.6611,0.5246,1518.6812],[99.6555,0.5312,1480.5029],[99.6511,0.531,1537.3936],[99.6493,0.5323,1578.0736],[99.6494,0.5402,1511.6681],[99.6419,0.5458,1519.7155],[99.6383,0.547,1527.2791],[99.6303,0.5427,1422.8315],[99.6193,0.5301,1272.8284],[99.6083,0.5248,1352.1273],[99.5978,0.524,1180.6274],[99.5938,0.5217,1297.7018],[99.5905,0.516,1174.407],[99.5834,0.5157,1090.134],[99.5764,0.5101,1011.64],[99.573,0.5095,949.3189],[99.5593,0.5106,768.5614],[99.5469,0.5175,642.7838],[99.5305,0.5218,782.5742],[99.5223,0.5293,748.8148],[99.5188,0.5353,693.0428],[99.5133,0.5377,741.9921],[99.5198,0.5457,832.7723],[99.5208,0.5501,859.6377],[99.5192,0.552,867.6169],[99.5038,0.5395,728.2241],[99.4914,0.5323,593.5453],[99.4896,0.5296,570.4222],[99.4804,0.5263,479.4809],[99.4773,0.5266,465.5947],[99.4744,0.5242,440.525],[99.4687,0.5236,415.6757],[99.4628,0.5164,337.4099],[99.458,0.5149,288.5066],[99.4459,0.5064,198.3208],[99.4456,0.5039,236.8037],[99.4373,0.4957,234.9231],[99.4291,0.492,210.9203],[99.4126,0.4932,166.0835],[99.4075,0.491,167.1665],[99.4046,0.4871,130.857],[99.3979,0.4649,50.8343],[99.3883,0.4553,33.2825],[99.3848,0.4492,33.883],[99.3661,0.4314,32.4686],[99.3609,0.4118,23.3435],[99.3498,0.3863,31.371],[99.3341,0.358,172.2421],[99.3174,0.3346,195.1021],[99.3146,0.3335,275.4791],[99.2973,0.3369,390.0313],[99.2655,0.3372,274.0909],[99.2487,0.3325,93.7937],[99.2367,0.3227,49.8829],[99.2248,0.3079,53.4106],[99.1998,0.2896,49.681],[99.1943,0.2822,17.0333],[99.1946,0.2714,25.5598],[99.184,0.2542,23.0579],[99.178,0.2518,25.34],[99.1758,0.2488,22.8012],[99.1747,0.2408,115.5793],[99.1673,0.2284,2.5391],[99.1692,0.2263,1.4859],[99.175299999999993,0.2311,17.093],[99.1777,0.231,5.8939],[99.1777,0.2356,46.8719],[99.1826,0.2399,0.0],[99.1772,0.2428,12.8262],[99.1779,0.2477,17.0743],[99.1812,0.2519,5.352],[99.1896,0.2537,0.0],[99.1916,0.2524,8.1848],[99.193,0.2462,18.8623],[99.1919,0.2355,9.6427],[99.2035,0.2335,3.1492],[99.2051,0.2303,14.06],[99.2049,0.2254,11.9237],[99.2095,0.2158,13.0585],[99.212,0.2173,22.1896],[99.2151,0.2156,12.1859],[99.217,0.2121,0.0],[99.2209,0.2103,0.0],[99.2247,0.2134,7.9055],[99.2265,0.2127,12.1969],[99.2326,0.2154,0.0],[99.237,0.2077,4.709],[99.2383,0.21,8.2898],[99.2402,0.2089,2.9683],[99.2394,0.2134,20.5529],[99.241,0.2161,7.4134],[99.2436,0.2168,3.2419],[99.2491,0.2141,9.6207],[99.2497,0.212,0.0],[99.2509,0.2135,17.5524],[99.2545,0.2107,19.4959],[99.2577,0.2109,6.1552],[99.2587,0.2058,15.0066],[99.2639,0.2022,27.9001],[99.2639,0.2151,4.7793],[99.2674,0.2224,12.3704],[99.2715,0.2194,6.4527],[99.2735,0.2216,5.298],[99.2785,0.2222,12.9448],[99.2792,0.2243,6.2326],[99.2842,0.2246,5.7542],[99.2852,0.2283,2.6646],[99.2971,0.2288,16.7118],[99.304,0.2353,0.0],[99.3144,0.2378,6.6397],[99.3368,0.2375,4.0977],[99.3578,0.2301,4.6462],[99.3618,0.2261,6.9675],[99.361,0.2221,0.0],[99.3586,0.22,17.8807],[99.3589,0.2158,15.8881],[99.3621,0.2155,24.841],[99.3637,0.217,0.0],[99.3775,0.2073,3.1631],[99.3766,0.1969,5.4875],[99.3738,0.1972,0.0],[99.3717,0.1955,14.1902],[99.3739,0.1909,21.5554],[99.3792,0.1901,3.0895],[99.3831,0.1865,3.4804],[99.3855,0.1888,35.5812],[99.3886,0.1865,4.7162],[99.3924,0.1865,2.7386],[99.3925,0.1829,5.9447],[99.3875,0.173,2.9598],[99.3895,0.1712,0.0],[99.3919,0.1599,0.0],[99.3983,0.1512,5.8286],[99.4128,0.1528,9.0476],[99.4188,0.151,1.89],[99.4233,0.1471,23.4038],[99.4334,0.147,0.0],[99.4779,0.1328,3.7458],[99.6171,0.0659,0.4983],[99.6536,0.0418,4.2918],[99.683,0.0133,2.6378],[99.6849,0.0078,0.0],[99.6911,0.0048,1.499],[99.6912,0.0022,0.0],[99.7298,-0.0205,1.3695],[99.7403,-0.0294,2.1771],[99.7557,-0.0492,1.4303],[99.7623,-0.0633,1.135],[99.7635,-0.07,0.0],[99.7575,-0.0834,0.0],[99.7587,-0.1157,0.0],[99.7486,-0.1339,0.5941],[99.746,-0.1455,0.0],[99.7564,-0.1552,1.5984],[99.7773,-0.1818,3.1892],[99.7982,-0.2192,4.3823],[99.8051,-0.239,5.3436],[99.8047,-0.2457,1.9586],[99.8019,-0.2527,0.0],[99.804,-0.2639,4.5718],[99.8089,-0.2797,0.5331],[99.8196,-0.3006,0.4059],[99.8343,-0.3113,0.6995],[99.8584,-0.3242,5.4696],[99.8851,-0.3442,0.0],[99.8881,-0.3439,2.4023],[99.8875,-0.3465,2.2898],[99.905,-0.3645,2.7999],[99.9156,-0.3811,5.4594],[99.9184,-0.3937,0.0],[99.9178,-0.3967,0.0],[99.9148,-0.3975,0.0],[99.9136,-0.4006,0.4251],[99.9184,-0.4014,2.907],[99.9265,-0.4061,-0.3855],[99.9541,-0.4251,3.7296],[99.9626,-0.4326,4.6393],[99.9618,-0.4342,0.0],[99.9833,-0.4568,0.9185],[99.9961,-0.4649,0.0],[100.0164,-0.4828,1.2199],[100.0535,-0.5189,3.1516],[100.0622,-0.5303,0.0],[100.0773,-0.5451,0.1907],[100.0848,-0.5557,0.0],[100.0969,-0.5813,0.865],[100.1028,-0.5892,6.3345],[100.1131,-0.6092,5.6696],[100.116,-0.6173,0.0],[100.1156,-0.6279,1.9999],[100.1282,-0.6465,0.0],[100.1431,-0.6591,1.807],[100.1969,-0.7142,1.9732],[100.2176,-0.7304,3.658],[100.2573,-0.7693,2.1875],[100.2874,-0.8082,2.6204],[100.2909,-0.8171,0.0],[100.2925,-0.8168,0.7943],[100.2926,-0.8205,0.3493],[100.3097,-0.8335,0.0],[100.3258,-0.8517,0.539],[100.3314,-0.8606,6.9115],[100.3434,-0.8881,2.9625],[100.3446,-0.9049,3.6819],[100.3422,-0.9066,1.8162],[100.3477,-0.9164,0.0],[100.3502,-0.9252,2.5789],[100.3497,-0.9319,0.7198],[100.353,-0.9576,0.0],[100.3518,-0.9635,2.4513],[100.3471,-0.9644,0.0],[100.3475,-0.9687,0.0],[100.3509,-0.9681,0.0],[100.3541,-0.9739,5.9356],[100.3572,-0.9742,71.9026],[100.3587,-0.9763,2.6222],[100.3594,-0.9814,11.4926],[100.3571,-0.9893,0.0],[100.3655,-0.9962,86.0972],[100.3632,-1.0013,0.0],[100.365,-1.0057,0.0],[100.3684,-1.0015,0.7707],[100.373,-1.0012,0.5598],[100.371,-0.9987,3.0039],[100.3741,-0.996,2.9684],[100.3774,-0.996,4.0402],[100.378,-0.9979,0.0],[100.3792,-0.9956,2.9223],[100.38,-0.9973,0.0],[100.3795,-0.9956,2.9223],[100.3824,-0.9931,1.0867],[100.3854,-0.9963,0.8396],[100.3872,-1.0017,0.8271],[100.3859,-1.0085,0.0],[100.3888,-1.0074,16.0804],[100.3904,-1.0086,0.646],[100.387,-1.0247,12.4921],[100.3794,-1.0339,0.0],[100.378,-1.0406,65.7184],[100.3805,-1.0436,16.1522],[100.3854,-1.0432,0.0],[100.3877,-1.0391,54.6531],[100.3928,-1.0361,0.0],[100.3944,-1.0307,1.0396],[100.3981,-1.0288,2.0903],[100.4032,-1.0336,0.5561],[100.4019,-1.0367,0.0],[100.407,-1.0366,2.8377],[100.4119,-1.0409,2.5594],[100.4115,-1.0488,2.7952],[100.4059,-1.0518,0.0],[100.4097,-1.0516,4.831],[100.4138,-1.0589,0.0],[100.411,-1.0664,6.4966],[100.4121,-1.0703,0.0],[100.4084,-1.074,0.0],[100.4048,-1.0733,9.3096],[100.4041,-1.0701,6.9086],[100.3978,-1.0702,37.4972],[100.3969,-1.065,0.0],[100.3934,-1.0679,0.0],[100.3898,-1.0762,1.5405],[100.3883,-1.0763,3.4682],[100.3871,-1.0666,0.487],[100.381,-1.0651,31.0397],[100.381,-1.0624,0.0],[100.3764,-1.0642,0.0],[100.3747,-1.0714,7.7877],[100.3728,-1.0731,0.0],[100.3677,-1.0761,0.0],[100.3638,-1.0748,0.0],[100.3655,-1.0784,46.0475],[100.3648,-1.085,0.0],[100.3663,-1.0876,6.691],[100.3652,-1.0901,0.0],[100.3685,-1.0913,3.6337],[100.3724,-1.0958,40.4009],[100.3708,-1.1015,0.0],[100.3763,-1.104,50.6899],[100.3844,-1.114,3.0253],[100.3839,-1.1214,0.0],[100.3878,-1.1233,1.6649],[100.3874,-1.1255,0.0],[100.3819,-1.1283,3.8312],[100.3801,-1.1229,0.0],[100.3739,-1.1189,0.0],[100.3729,-1.1237,0.0],[100.368,-1.1253,4.2086],[100.3654,-1.1231,0.0],[100.3624,-1.1238,0.0],[100.3602,-1.1273,0.0],[100.3594,-1.133,0.0],[100.3637,-1.1312,45.2082],[100.3661,-1.1366,8.3103],[100.3625,-1.1422,0.0],[100.3625,-1.1438,0.0],[100.3635,-1.1432,25.5023],[100.3615,-1.1551,27.1116],[100.354,-1.1625,0.0],[100.3487,-1.1714,0.0],[100.3544,-1.1713,0.0],[100.3574,-1.1677,0.0],[100.355,-1.1662,17.5981],[100.356,-1.1613,4.5717],[100.3682,-1.153,0.0],[100.3707,-1.1565,0.0],[100.3734,-1.1496,51.5212],[100.3801,-1.1457,2.7398],[100.3823,-1.1476,1.3217],[100.385,-1.1561,0.8496],[100.3797,-1.1633,0.0],[100.3833,-1.1733,0.0],[100.3802,-1.1762,0.0],[100.3811,-1.1784,0.0],[100.3847,-1.1784,13.2383],[100.3861,-1.1835,4.4654],[100.395,-1.1789,22.7429],[100.3969,-1.1809,1.0895],[100.3951,-1.1825,0.0],[100.4003,-1.1817,0.0],[100.4018,-1.1857,1.09],[100.3985,-1.1874,5.3574],[100.3989,-1.1905,0.0],[100.4109,-1.1987,4.6181],[100.4164,-1.1985,0.7077],[100.4173,-1.2009,4.2533],[100.4195,-1.1999,0.0],[100.4212,-1.1955,3.5602],[100.4287,-1.1968,0.7187],[100.4303,-1.2006,0.0],[100.4318,-1.2009,3.3888],[100.4262,-1.2075,0.0],[100.4276,-1.2131,22.0657],[100.4263,-1.2163,0.0],[100.4289,-1.2229,0.0],[100.4277,-1.2245,0.5313],[100.424,-1.2227,0.0],[100.4214,-1.2247,31.1382],[100.4223,-1.2264,0.0],[100.4278,-1.2276,2.0509],[100.4262,-1.2296,0.0],[100.427,-1.2306,0.0],[100.4347,-1.2302,1.0456],[100.436,-1.2316,5.3983],[100.4305,-1.2394,0.0],[100.4318,-1.2428,15.025],[100.435,-1.2447,0.0],[100.4317,-1.2469,0.2419],[100.4328,-1.2477,0.2419],[100.4309,-1.2506,0.0],[100.4326,-1.2549,1.3108],[100.4279,-1.2567,1.3625],[100.4242,-1.2554,0.9493],[100.4194,-1.2435,0.0],[100.4188,-1.2383,5.3816],[100.4129,-1.238,4.8744],[100.4107,-1.2358,0.0],[100.4068,-1.2368,3.2769],[100.4039,-1.2401,0.0],[100.4041,-1.2514,0.0],[100.4059,-1.2565,0.0],[100.4019,-1.2641,1.0262],[100.4008,-1.2707,8.7496],[100.4076,-1.2704,1.2248],[100.4123,-1.2738,4.4751],[100.4138,-1.2707,11.0619],[100.4183,-1.2681,0.0],[100.4213,-1.2714,20.9718],[100.4206,-1.2765,3.6487],[100.4223,-1.2773,12.4674],[100.4295,-1.2724,2.2591],[100.4395,-1.269,0.0],[100.4417,-1.2668,0.0],[100.4424,-1.2618,1.2691],[100.4467,-1.2586,0.9119],[100.454,-1.2588,5.6013],[100.46,-1.2639,1.4946],[100.4653,-1.2745,0.0],[100.4833,-1.2901,1.8904],[100.4902,-1.2991,1.9108],[100.5184,-1.3111,0.0],[100.538,-1.3092,1.5541],[100.5432,-1.3102,1.7707],[100.5517,-1.3165,0.0],[100.5681,-1.3368,2.3638],[100.5681,-1.3414,32.5939],[100.5634,-1.3452,17.8385],[100.5645,-1.3522,0.0],[100.5684,-1.3497,0.0],[100.5709,-1.3498,0.0],[100.5746,-1.3583,0.0],[100.569,-1.3675,0.6915],[100.5648,-1.3644,0.0],[100.5627,-1.3653,0.0],[100.5626,-1.3692,0.0],[100.5606,-1.372,0.0],[100.5634,-1.3749,0.0],[100.5753,-1.3692,2.3242],[100.5784,-1.3699,1.7446],[100.5799,-1.3726,10.9935],[100.5794,-1.3809,0.0],[100.5836,-1.3805,3.3453],[100.5863,-1.3819,10.2536],[100.5874,-1.3897,0.0],[100.5919,-1.392,2.9772],[100.5926,-1.3942,0.0],[100.5901,-1.3968,3.2016],[100.5838,-1.3943,0.0],[100.5733,-1.3944,0.0],[100.5644,-1.3981,0.0],[100.5614,-1.4045,12.0925],[100.5583,-1.4065,0.0],[100.5609,-1.4132,2.8171],[100.5689,-1.4118,2.1964],[100.5736,-1.4174,24.5614],[100.5815,-1.4157,3.6367],[100.584,-1.4207,0.9018],[100.5834,-1.4234,0.0],[100.5784,-1.4264,1.5869],[100.5716,-1.4367,7.966],[100.5677,-1.4394,1.9138],[100.5637,-1.4381,20.6989],[100.5614,-1.441,51.3758],[100.5714,-1.4534,2.2606],[100.575,-1.4605,0.0],[100.5772,-1.4612,7.3524],[100.5906,-1.4759,1.6603],[100.5969,-1.4863,0.0],[100.5976,-1.4924,0.5216],[100.6029,-1.4899,2.6909],[100.6126,-1.4948,0.0],[100.6157,-1.4938,2.3634],[100.6233,-1.5013,0.0],[100.6236,-1.51,3.4841],[100.6204,-1.5117,0.0],[100.6212,-1.5153,21.7793],[100.6193,-1.5272,0.0],[100.6358,-1.5592,0.0],[100.6369,-1.5744,0.0],[100.6353,-1.5832,0.0],[100.6411,-1.5964,0.0],[100.6405,-1.6013,0.0],[100.6369,-1.6058,0.0],[100.6436,-1.6166,5.0312],[100.6442,-1.6217,0.0],[100.6673,-1.6405,0.7873],[100.6887,-1.6648,1.0667],[100.6992,-1.6825,4.9719],[100.7072,-1.6998,1.2166],[100.729,-1.7254,0.0],[100.7541,-1.7609,2.0489],[100.7677,-1.7864,0.0],[100.7704,-1.7941,0.0],[100.7867,-1.82,0.0],[100.8234,-1.8575,6.2455],[100.839,-1.8787,0.3164],[100.8576,-1.9114,7.1456],[100.8668,-1.9357,7.1948],[100.8722,-1.9683,1.9765],[100.8689,-1.9737,0.0],[100.8686,-1.9777,0.1418],[100.8792,-2.0241,0.3392],[100.8805,-2.0417,2.2623],[100.8791,-2.0549,2.3739],[100.8711,-2.0864,0.5252],[100.8662,-2.0971,3.5211],[100.8464,-2.1221,3.6987],[100.8304,-2.1346,1.3999],[100.8229,-2.1437,9.758],[100.8207,-2.1583,4.2185],[100.8232,-2.1736,4.5661],[100.8488,-2.2127,5.7631],[100.8751,-2.2451,5.2859],[100.8783,-2.2562,9.9765],[100.8789,-2.2708,1.0585],[100.8778,-2.273,8.1983],[100.8793,-2.2826,1.2192],[100.8884,-2.3115,10.4579],[100.8887,-2.3215,2.6168],[100.8918,-2.3281,0.0],[100.9895,-2.4279,4.1584],[101.0096,-2.4542,5.344],[101.0228,-2.4785,0.0],[101.1318,-2.4018,11.99],[101.1422,-2.3939,18.6959],[101.1468,-2.3878,16.8904],[101.1531,-2.3872,22.8829],[101.1599,-2.3825,26.5747],[101.1703,-2.3826,43.7184],[101.1763,-2.3761,50.3374],[101.184,-2.3755,70.0932],[101.1906,-2.3681,107.5185],[101.2014,-2.3664,204.3971],[101.2062,-2.36,186.6177],[101.2262,-2.3475,266.1932],[101.2303,-2.3426,272.7029],[101.237,-2.3424,286.1069],[101.2362,-2.3247,174.7241],[101.2377,-2.32,194.4045],[101.2541,-2.314,299.3711],[101.2602,-2.3096,340.4901],[101.2672,-2.2995,410.6527],[101.2833,-2.2849,574.6062],[101.2855,-2.2768,597.3323],[101.281,-2.2604,320.134],[101.2821,-2.2449,608.313],[101.2647,-2.1018,1344.7725],[101.2496,-2.0829,768.0022],[101.2436,-2.0693,1029.8134],[101.2068,-2.0093,946.2912],[101.2081,-1.9968,1331.9037],[101.2061,-1.9811,1537.5413],[101.2027,-1.9775,1562.0481],[101.1925,-1.9733,1308.0637],[101.1825,-1.9599,1041.1155],[101.1637,-1.9414,817.837],[101.1584,-1.9363,930.2235],[101.1453,-1.9284,1214.0903],[101.1423,-1.9241,1360.3101],[101.1445,-1.9114,1463.8947],[101.1418,-1.9024,1779.2418],[101.147,-1.9042,1583.4297],[101.1519,-1.9031,1679.8127],[101.1636,-1.8944,1738.0154],[101.1659,-1.8795,1691.3379],[101.1768,-1.8655,1598.1144],[101.1786,-1.8611,1745.8271],[101.176,-1.8552,1610.0413],[101.1715,-1.8517,1564.0846],[101.1588,-1.8321,1002.4127],[101.1533,-1.8038,1135.7018],[101.1518,-1.8013,1251.8221],[101.1421,-1.7952,1491.2716],[101.1424,-1.7863,1309.543],[101.1405,-1.7795,1330.4221],[101.1361,-1.7761,1388.7106],[101.1286,-1.7639,1465.7385],[101.1339,-1.7554,1613.7832],[101.1315,-1.7439,1695.6973],[101.1316,-1.6852,2521.2666],[101.1344,-1.6839,2581.1333],[101.1519,-1.694,2284.968],[101.1633,-1.7079,2282.3638],[101.1689,-1.7107,2387.3794],[101.1817,-1.6961,2234.9075],[101.1882,-1.6777,2172.7017],[101.1904,-1.6777,2193.9536],[101.1946,-1.6864,2074.554],[101.1944,-1.6955,2133.4309],[101.1972,-1.7106,2323.6006],[101.1992,-1.714,2404.2471],[101.212,-1.7239,2553.5007],[101.2184,-1.7236,2344.3325],[101.2253,-1.719,2235.8357],[101.2315,-1.7242,2224.6885],[101.2429,-1.7107,2581.5869],[101.2612,-1.6991,3642.2517],[101.2715,-1.6953,3473.2603],[101.3088,-1.7012,1710.668],[101.3226,-1.6968,1425.3053],[101.33,-1.6971,1376.2588],[101.3325,-1.6939,1339.7316],[101.3328,-1.6882,1354.313],[101.3355,-1.6868,1287.0955],[101.3467,-1.6919,1370.5679],[101.3534,-1.6916,1450.8682],[101.3629,-1.6937,1607.0557],[101.3756,-1.6911,1958.0352],[101.3809,-1.6846,2403.2153],[101.3903,-1.6896,2418.3623],[101.3972,-1.6897,2337.0566],[101.4018,-1.6867,2311.9756],[101.4032,-1.6786,2386.6555],[101.4112,-1.6721,2189.2993],[101.43,-1.6797,2372.6184],[101.4305,-1.6875,2237.8191],[101.4373,-1.6958,2003.9219],[101.4399,-1.6952,2467.8774],[101.4473,-1.686,2060.4854],[101.4552,-1.6829,1799.2822],[101.4641,-1.6821,1524.5673],[101.4758,-1.6773,1076.5764],[101.4807,-1.6735,928.1011],[101.4841,-1.6729,880.7259],[101.4968,-1.6788,804.4427],[101.5016,-1.6792,776.7633],[101.5064,-1.6728,708.5038],[101.51,-1.6559,611.9958],[101.5189,-1.6439,554.1566],[101.5215,-1.6372,538.1941],[101.5276,-1.6302,503.6807],[101.5322,-1.6185,478.797],[101.5491,-1.5963,449.7719],[101.5616,-1.5911,444.5785],[101.5705,-1.5772,413.0564],[101.5817,-1.5774,383.7993],[101.6046,-1.5626,326.8865],[101.612,-1.5531,328.4069],[101.6308,-1.5427,302.3913],[101.6366,-1.5335,296.4452],[101.65,-1.5226,280.9394],[101.6527,-1.5183,274.5246],[101.6618,-1.5155,276.3302],[101.6648,-1.5116,269.5467],[101.671,-1.508,263.4956],[101.6718,-1.5009,267.1116],[101.6883,-1.4771,224.4211],[101.6953,-1.4641,206.6027],[101.7056,-1.4532,186.4642],[101.7236,-1.4387,182.0734],[101.7239,-1.4353,176.0474],[101.7178,-1.4186,132.0622],[101.7048,-1.4137,102.7742],[101.6968,-1.3941,160.4994],[101.7004,-1.3887,154.5297],[101.7227,-1.3666,85.2943],[101.7246,-1.3617,82.6412],[101.7218,-1.3482,109.7949],[101.7142,-1.3363,98.0328],[101.7085,-1.3206,81.2905],[101.701,-1.309,114.5035],[101.6953,-1.2913,150.9232],[101.6973,-1.2866,144.8169],[101.7149,-1.2635,135.2713],[101.716,-1.2542,122.7381],[101.7218,-1.2502,126.4943],[101.7217,-1.2411,124.2841],[101.7262,-1.2401,125.8444],[101.7336,-1.2352,115.1561],[101.7747,-1.2376,110.4426],[101.7809,-1.2341,109.2649],[101.7853,-1.2244,108.7865],[101.7914,-1.2227,117.3705],[101.7943,-1.22,113.4773],[101.8138,-1.221,113.7484],[101.8639,-1.1586,87.8655],[101.8663,-1.1513,81.5875],[101.8715,-1.1486,81.6367],[101.876,-1.1403,80.5863],[101.8843,-1.1359,59.5905],[101.8851,-1.113,57.6962],[101.8929,-1.1064,65.9374],[101.8929,-1.1026,81.4256],[101.8913,-1.1006,52.5],[101.884,-1.1021,56.7859],[101.8814,-1.1008,59.9327],[101.8789,-1.0938,62.1728],[101.8764,-1.0931,55.7713],[101.8725,-1.1047,53.0],[101.8678,-1.1111,59.2909],[101.8651,-1.1119,59.6937],[101.8602,-1.1089,58.9137],[101.8536,-1.1002,59.5687],[101.8492,-1.0995,66.4769],[101.8455,-1.1017,62.6105],[101.8465,-1.1105,67.5045],[101.8409,-1.1123,68.0082],[101.837,-1.1103,79.8749],[101.8308,-1.1026,70.004],[101.8247,-1.0875,89.9353],[101.8288,-1.0711,85.293],[101.8283,-1.0677,91.6253],[101.8215,-1.0592,89.9435],[101.8254,-1.0382,120.3143],[101.822,-1.0311,106.7904],[101.8274,-1.0095,129.3704],[101.8265,-1.0052,130.3779],[101.822,-1.0,115.6478],[101.822,-0.9958,111.4388],[101.8234,-0.9922,99.4464],[101.8334,-0.9815,102.774],[101.8183,-0.9788,120.3429],[101.815,-0.9757,106.4658],[101.7987,-0.9684,138.9967],[101.7927,-0.9713,109.0953],[101.7837,-0.9695,103.3452],[101.7736,-0.97,101.1929],[101.7627,-0.9757,95.3341],[101.7557,-0.9749,90.9249],[101.7339,-0.9568,118.2159],[101.7254,-0.9552,132.7542],[101.7207,-0.9561,141.8942],[101.7144,-0.9481,164.9777],[101.7037,-0.9471,227.6236],[101.6903,-0.9419,199.5156],[101.6895,-0.9401,225.9746],[101.7139,-0.9003,118.8411],[101.7126,-0.8718,103.7544],[101.6937,-0.8717,137.0541],[101.6886,-0.8702,155.0179],[101.6839,-0.8663,140.5962],[101.6787,-0.8577,182.105],[101.6694,-0.8353,181.894],[101.6654,-0.8351,213.4687],[101.659,-0.8304,209.2132],[101.6559,-0.8307,207.5929],[101.6443,-0.8255,149.3353],[101.6413,-0.8294,110.9547],[101.6368,-0.83,123.0607],[101.6362,-0.833,118.2029],[101.6259,-0.8332,123.2611],[101.6199,-0.8313,120.6154],[101.6158,-0.8378,118.0985],[101.6048,-0.8405,141.3912],[101.5976,-0.8475,168.2412],[101.5939,-0.8484,169.6027],[101.5837,-0.8407,283.7964],[101.5712,-0.8378,456.1891],[101.5656,-0.8341,498.1378],[101.5582,-0.8345,420.1531],[101.5512,-0.828,452.715],[101.5487,-0.8233,455.1685],[101.537,-0.816,438.6976],[101.5236,-0.8116,313.364],[101.5,-0.8093,283.3239],[101.495,-0.8055,200.6113],[101.486,-0.7946,342.5537],[101.4796,-0.7823,413.1661],[101.4586,-0.7681,359.4312],[101.4442,-0.7625,286.4333],[101.432,-0.7544,291.2648],[101.4316,-0.7474,254.3859],[101.4265,-0.7435,245.0866],[101.4246,-0.7369,231.2688],[101.4218,-0.7367,257.6277],[101.4185,-0.7388,279.8077],[101.414,-0.7369,305.6108],[101.4131,-0.7269,229.3465],[101.4107,-0.7229,272.3955],[101.411,-0.7176,304.0949],[101.4019,-0.7107,359.1099],[101.3826,-0.7026,319.4016],[101.3736,-0.6976,305.1662],[101.3682,-0.6918,325.4807],[101.3611,-0.6892,352.3072],[101.3564,-0.6831,373.376],[101.3547,-0.6764,331.0817],[101.3332,-0.6495,337.695],[101.3255,-0.6427,250.7781],[101.3207,-0.6417,288.8177],[101.3078,-0.6289,114.2407],[101.3038,-0.632,208.0836],[101.2959,-0.6313,77.9722],[101.2882,-0.6247,116.8143],[101.281,-0.6219,83.6527],[101.2657,-0.6231,95.3024],[101.2529,-0.6269,311.9116],[101.2496,-0.6255,434.4886],[101.2415,-0.6153,385.306],[101.2391,-0.6076,423.6663],[101.2228,-0.602,346.0938],[101.2076,-0.5938,527.4858],[101.2055,-0.5877,581.0859],[101.1933,-0.5725,685.5622],[101.1837,-0.5551,663.297],[101.1834,-0.5517,666.2009],[101.1679,-0.5396,558.5711],[101.1609,-0.5376,458.4637],[101.1508,-0.5312,401.9615],[101.1446,-0.5333,240.8864],[101.1422,-0.5305,324.428],[101.135,-0.5279,274.5228],[101.1297,-0.5243,319.8139],[101.1219,-0.5121,376.3889],[101.1191,-0.5107,394.6639],[101.1138,-0.5037,396.0804],[101.1097,-0.5021,299.6014],[101.1049,-0.5034,349.808],[101.0919,-0.5116,494.3661],[101.0894,-0.5114,675.2852],[101.081,-0.5055,664.0486],[101.0713,-0.5031,573.2699],[101.0727,-0.4987,653.4482],[101.0687,-0.4984,566.4978],[101.0668,-0.4953,546.0375],[101.0667,-0.4829,530.793],[101.0621,-0.4805,506.942],[101.057,-0.4746,610.2568],[101.0527,-0.4645,531.7404],[101.0481,-0.4599,607.3508],[101.0491,-0.4552,569.1698],[101.0448,-0.4504,709.2458],[101.0437,-0.4444,640.3274],[101.0377,-0.4352,653.0524],[101.0434,-0.4312,536.3857],[101.045,-0.4237,562.3038],[101.0391,-0.418,667.4624],[101.0301,-0.4023,600.4734],[101.0258,-0.398,730.6636],[101.0253,-0.3947,691.0958],[101.0301,-0.3895,473.0287],[101.0405,-0.3852,376.1101],[101.0429,-0.3823,401.1112],[101.0434,-0.378,413.3749],[101.0474,-0.377,385.9684],[101.0401,-0.3607,604.5914],[101.0251,-0.3399,605.7003],[101.0186,-0.3361,528.4739],[101.0058,-0.3237,662.3909],[101.0006,-0.3205,689.4099],[100.9976,-0.3197,589.3905],[100.9962,-0.3209,413.3136],[100.98,-0.3137,149.2134],[100.9692,-0.3146,171.283],[100.9477,-0.3108,203.5963],[100.9434,-0.3131,292.6975],[100.9326,-0.3148,361.3827],[100.9203,-0.3236,242.9978],[100.9204,-0.3191,291.3185],[100.9166,-0.3201,389.3305],[100.9088,-0.3323,325.852],[100.9032,-0.3349,434.3665],[100.8889,-0.3349,709.3535],[100.8818,-0.3387,942.9523],[100.8752,-0.3395,1041.9746],[100.8696,-0.3378,938.1959],[100.8616,-0.3326,829.4703],[100.8587,-0.3326,878.4045],[100.8445,-0.3393,1046.7654],[100.8378,-0.3176,951.4347],[100.8411,-0.3131,986.8527],[100.8387,-0.3065,1068.3826],[100.8411,-0.2969,1218.3447],[100.8382,-0.2904,999.1885],[100.832,-0.2851,996.4471],[100.8224,-0.2837,1016.9856],[100.806,-0.2715,727.8993],[100.8045,-0.2653,785.5931],[100.8051,-0.2556,974.7344],[100.8015,-0.2431,1085.6],[100.7938,-0.2374,1149.0769],[100.7762,-0.2175,1068.1917],[100.7753,-0.2148,1159.2913],[100.7841,-0.1943,1097.5078],[100.7822,-0.1889,1130.0681],[100.7758,-0.1852,1158.1152],[100.7693,-0.1772,1169.2258],[100.7682,-0.1615,1011.7791],[100.7633,-0.1454,1015.4315],[100.7562,-0.1395,1104.1904],[100.7549,-0.1361,1087.2739],[100.7542,-0.1325,1100.2084],[100.7614,-0.1246,899.2439],[100.7614,-0.1197,813.6536],[100.7578,-0.1127,736.5413],[100.7534,-0.083,858.1318],[100.7434,-0.0723,700.4075],[100.7427,-0.0621,937.6007],[100.7449,-0.0477,1056.4382],[100.7365,-0.0438,1174.611],[100.7434,-0.0394,1099.1661],[100.7472,-0.0448,1072.1162],[100.7507,-0.0446,1048.429],[100.757,-0.0395,970.7956],[100.7586,-0.0319,869.331],[100.7661,-0.0219,775.228],[100.7711,-0.0192,810.7486],[100.7753,-0.0143,801.7102],[100.7823,-0.0113,807.2493],[100.7859,-0.014,708.1085],[100.789,-0.0208,679.1006],[100.8011,-0.024,234.8595],[100.8092,-0.0303,318.5173],[100.8109,-0.0393,260.3778],[100.8119,-0.0407,247.194],[100.8145,-0.0403,289.5353],[100.8192,-0.0326,358.9396],[100.8242,-0.0326,345.0904],[100.8272,-0.0303,465.8481],[100.8244,-0.0206,293.0624],[100.8262,-0.017,243.3814],[100.8477,0.0,235.6627],[100.8443,0.0273,395.2493],[100.8515,0.0444,546.7104],[100.8502,0.0533,496.2062],[100.8372,0.0606,493.6729],[100.8353,0.0652,541.816],[100.8325,0.0669,559.392],[100.8285,0.0644,434.2531],[100.8167,0.0625,306.8165],[100.8143,0.0609,257.2057],[100.8091,0.0509,471.4754],[100.8044,0.0488,590.892],[100.8011,0.0495,584.4952],[100.7992,0.0582,587.3954],[100.795,0.0614,594.443],[100.7916,0.0707,349.184],[100.7881,0.0754,366.9828],[100.7822,0.077,318.3006],[100.7812,0.0789,355.3373],[100.7802,0.0867,378.9294],[100.776,0.0898,285.049],[100.7786,0.0954,441.1435],[100.7744,0.1021,415.08],[100.7771,0.1043,488.719],[100.7867,0.107,497.36],[100.7901,0.1156,473.3111],[100.7842,0.122,390.1941],[100.7878,0.128,296.0993],[100.8007,0.1281,304.6442],[100.8046,0.1296,205.1136],[100.8094,0.1345,171.6658],[100.8136,0.1482,141.395],[100.8158,0.1492,155.1334],[100.8278,0.145,196.0125],[100.8315,0.1461,174.5603],[100.8334,0.1506,218.9017],[100.8342,0.1617,244.4663],[100.8362,0.1636,262.7184],[100.8422,0.1613,310.8129],[100.8451,0.1625,286.7003],[100.8475,0.1669,323.0708],[100.8489,0.1754,378.6592],[100.8427,0.1809,377.6101],[100.8455,0.1868,239.0401],[100.8435,0.1972,220.9053],[100.8453,0.2076,188.9766],[100.8391,0.213,175.2114],[100.839,0.2185,131.9087],[100.8418,0.2247,212.4938],[100.8344,0.2351,351.0938],[100.8259,0.2394,322.8046],[100.819,0.249,263.4248],[100.8149,0.2502,210.3615],[100.8114,0.2485,94.3794],[100.8003,0.2511,142.1658],[100.7968,0.2444,167.8699],[100.7943,0.2436,172.3248],[100.7898,0.2506,134.1411],[100.7863,0.2532,237.2704],[100.775,0.2519,239.628],[100.7722,0.2485,170.4486],[100.7716,0.2404,296.6779],[100.7693,0.2369,353.0066],[100.7658,0.2357,281.7053],[100.7648,0.2369,281.7053],[100.7549,0.2372,149.8307],[100.7413,0.2415,132.7631],[100.7386,0.2362,138.2942],[100.7316,0.2362,180.9894],[100.7233,0.242,161.2935],[100.7135,0.2386,158.3743],[100.7015,0.246,123.6123],[100.7001,0.2375,110.0506],[100.6946,0.2318,122.6341],[100.6955,0.2169,161.6923],[100.6848,0.2036,240.2175],[100.6824,0.189,451.634],[100.6762,0.1862,519.4641],[100.6673,0.1956,486.4155],[100.6491,0.2036,484.3314],[100.6298,0.2192,602.4102],[100.6202,0.2359,526.5884],[100.6134,0.2427,611.959],[100.6016,0.2593,322.7925],[100.5948,0.267,241.9015],[100.5841,0.2727,271.1893],[100.5772,0.2791,342.9702],[100.5643,0.2971,497.8001],[100.5376,0.31,300.2979],[100.5318,0.3182,334.376],[100.5381,0.3338,163.8628],[100.5313,0.343,179.9994],[100.5274,0.3451,203.2009],[100.5185,0.3213,336.9055],[100.5029,0.3113,282.5027],[100.4936,0.3079,451.8891],[100.4852,0.3083,432.4793],[100.473,0.3135,460.3725],[100.4676,0.3199,612.4517],[100.4629,0.3312,496.3077],[100.4612,0.3507,665.793],[100.4562,0.3678,302.4927],[100.4565,0.3774,342.4026],[100.454,0.3951,389.1755],[100.4502,0.4074,317.9599],[100.4382,0.4131,407.856],[100.431,0.4218,393.5218],[100.4198,0.4239,373.3394],[100.4165,0.4178,402.0372],[100.4099,0.4147,424.8713],[100.4025,0.4059,297.2929],[100.3892,0.399,226.612],[100.3758,0.3893,251.1822],[100.3661,0.3948,340.4851],[100.3641,0.3903,268.4725],[100.3472,0.3843,515.8779],[100.3442,0.3845,600.4437],[100.3376,0.3907,873.8582],[100.3196,0.403,954.5],[100.3168,0.402,897.1519],[100.3146,0.3987,806.8367],[100.3071,0.3974,887.905]],
[[100.8676,-0.372,672.2074],[100.8614,-0.3682,563.491],[100.8568,-0.3624,623.7895],[100.8688,-0.3625,715.4677],[100.8667,-0.3701,617.9821],[100.8718,-0.3719,695.5714],[100.8748,-0.3695,732.3647],[100.8835,-0.3689,925.0651],[100.8944,-0.3806,681.5134],[100.8874,-0.3848,610.7261],[100.8731,-0.3778,665.8416],[100.8676,-0.372,672.2074]]],
[[[100.5535,-1.6047,2.0146],[100.5541,-1.606,2.0146],[100.5549,-1.6058,0.0],[100.555,-1.6042,0.0],[100.5535,-1.6047,2.0146]]],
[[[100.5588,-1.353,0.0],[100.5578,-1.3557,1.0957],[100.5606,-1.3538,5.081],[100.5602,-1.3523,0.0],[100.5588,-1.353,0.0]]],
[[[100.5641,-1.3532,0.0],[100.5635,-1.3538,0.0],[100.5638,-1.3546,0.0],[100.5647,-1.3536,0.0],[100.5641,-1.3532,0.0]]],
[[[100.5187,-1.3463,0.0],[100.5186,-1.3461,0.7931],[100.5184,-1.3461,0.7931],[100.5185,-1.3465,0.0],[100.5187,-1.3463,0.0]]],
[[[100.6374,-1.9093,0.0453],[100.639,-1.9118,0.0],[100.6405,-1.9115,0.0],[100.6393,-1.9074,0.0],[100.6374,-1.9093,0.0453]]],
[[[100.6285,-1.5856,0.0],[100.6281,-1.5863,0.0],[100.6283,-1.5866,0.0],[100.6289,-1.586,0.0],[100.6285,-1.5856,0.0]]],
[[[100.3412,-3.2837,0.0],[100.3314,-3.2833,0.3228],[100.3302,-3.2878,0.0],[100.3335,-3.2931,0.6266],[100.3382,-3.2962,1.4419],[100.3379,-3.2939,6.437],[100.3464,-3.2947,4.4613],[100.3488,-3.2907,8.7591],[100.3475,-3.2958,4.1904],[100.3448,-3.2956,2.5059],[100.3454,-3.2967,0.0777],[100.3467,-3.2967,0.0777],[100.3478,-3.296,4.1904],[100.3487,-3.2944,12.6206],[100.3493,-3.2909,0.0],[100.3412,-3.2837,0.0]]],
[[[100.3516,-3.2197,4.7058],[100.3455,-3.2179,0.0],[100.3487,-3.2249,0.0],[100.3503,-3.2243,3.6113],[100.3491,-3.2228,4.8782],[100.3526,-3.2236,5.7118],[100.3516,-3.2197,4.7058]]],
[[[100.3005,-3.2107,11.7169],[100.3,-3.208,4.2227],[100.2956,-3.2068,0.8067],[100.2936,-3.2086,0.0],[100.2946,-3.2133,0.0],[100.299,-3.216,9.6743],[100.3015,-3.2149,9.453],[100.3005,-3.2107,11.7169]]],
[[[100.3084,-3.1262,7.6819],[100.304,-3.1221,1.2703],[100.2944,-3.1223,0.0],[100.3022,-3.1376,0.1415],[100.3043,-3.1372,3.3995],[100.3072,-3.1398,0.0],[100.3104,-3.1376,11.1864],[100.311,-3.1313,15.7031],[100.311,-3.1284,18.0557],[100.3084,-3.1262,7.6819]]],
[[[100.2407,-3.1215,2.4],[100.238,-3.1212,0.0],[100.242,-3.1264,4.8653],[100.2457,-3.1279,3.3609],[100.2463,-3.1263,0.3867],[100.2407,-3.1215,2.4]]],
[[[100.2346,-3.1179,0.0],[100.2281,-3.1165,0.0],[100.2272,-3.1183,0.0],[100.2369,-3.1207,0.0],[100.2346,-3.1179,0.0]]],
[[[100.227,-3.1164,0.0],[100.2278,-3.1163,0.0],[100.2261,-3.1164,0.0],[100.2266,-3.1168,0.0],[100.227,-3.1164,0.0]]],
[[[100.2447,-3.0679,6.5766],[100.2454,-3.0654,0.0],[100.2427,-3.0657,0.0],[100.2423,-3.0694,1.8037],[100.2447,-3.0679,6.5766]]],
[[[100.1771,-3.0541,0.0],[100.1719,-3.0543,0.0],[100.1698,-3.0581,0.0],[100.1702,-3.0619,0.0],[100.1774,-3.069,1.3085],[100.181,-3.0755,0.0],[100.1864,-3.0781,0.2641],[100.1908,-3.0766,0.708],[100.1924,-3.0743,7.0152],[100.1906,-3.0683,1.4137],[100.1927,-3.0674,8.8235],[100.195,-3.0696,0.0],[100.1963,-3.0689,2.3774],[100.1976,-3.0659,9.0072],[100.1964,-3.0632,13.1647],[100.1936,-3.0591,0.0],[100.186,-3.058,14.4129],[100.1817,-3.0548,1.6842],[100.1771,-3.0541,0.0]]],
[[[100.2099,-3.0475,0.0],[100.2098,-3.048,0.0],[100.2107,-3.0484,0.0],[100.2108,-3.0474,0.0],[100.2099,-3.0475,0.0]]],
[[[100.2622,-3.0663,0.0],[100.2611,-3.0692,0.0],[100.2547,-3.07,0.0],[100.2499,-3.0733,1.1643],[100.247,-3.0731,0.0],[100.2469,-3.0807,0.5492],[100.2634,-3.0909,1.838],[100.2681,-3.0899,4.71],[100.2672,-3.0807,22.9917],[100.2711,-3.0772,12.8212],[100.2787,-3.0768,3.9368],[100.283,-3.0804,0.0],[100.2877,-3.0796,2.9521],[100.2937,-3.0818,2.9397],[100.3011,-3.0879,2.9489],[100.3116,-3.1027,0.0],[100.3116,-3.1067,0.0],[100.3071,-3.1094,0.0],[100.3075,-3.1141,0.0],[100.3098,-3.1145,7.0593],[100.3124,-3.119,3.2513],[100.3189,-3.118,4.8043],[100.3236,-3.1193,16.545],[100.322,-3.1263,0.0],[100.3315,-3.131,7.6993],[100.3316,-3.1401,0.5842],[100.3394,-3.1408,12.1652],[100.3387,-3.1428,3.5513],[100.3345,-3.1439,0.0],[100.3332,-3.1474,0.0],[100.335,-3.151,4.9987],[100.3345,-3.1559,0.0],[100.3389,-3.1576,10.1507],[100.3395,-3.163,2.7673],[100.3346,-3.1668,0.0],[100.3272,-3.1682,0.0],[100.3244,-3.1713,0.0],[100.3292,-3.1833,0.0],[100.3345,-3.1892,0.0],[100.3403,-3.1912,5.2554],[100.3408,-3.1928,0.7424],[100.3376,-3.1944,0.0],[100.3392,-3.2013,1.66],[100.3428,-3.202,7.8918],[100.3473,-3.2094,0.7335],[100.3524,-3.2123,1.9662],[100.3521,-3.2149,0.0],[100.3568,-3.2213,3.8848],[100.3645,-3.2229,10.3558],[100.3685,-3.2276,1.5657],[100.3662,-3.2306,1.2408],[100.361,-3.2275,1.1578],[100.3554,-3.2311,0.0],[100.3456,-3.2272,2.6976],[100.3439,-3.2292,15.4273],[100.3419,-3.2254,10.3722],[100.3403,-3.2256,13.5049],[100.3408,-3.2207,0.0],[100.3381,-3.2163,9.6972],[100.3289,-3.2079,0.0],[100.3244,-3.2074,0.0],[100.3239,-3.2104,0.0],[100.3278,-3.2214,0.0],[100.3254,-3.2246,0.0],[100.3255,-3.229,0.0],[100.3306,-3.2317,6.2234],[100.336,-3.2319,5.3771],[100.3336,-3.235,0.0],[100.3351,-3.2398,0.0],[100.3338,-3.2431,0.0],[100.3386,-3.248,0.0],[100.3423,-3.2483,0.4902],[100.3445,-3.2454,12.9738],[100.3487,-3.2442,19.3477],[100.3568,-3.2443,8.7283],[100.3768,-3.2534,3.2185],[100.3827,-3.2598,1.6009],[100.381,-3.2638,0.1088],[100.3774,-3.2648,0.0],[100.3789,-3.2738,1.1113],[100.3809,-3.2771,1.0452],[100.3797,-3.2809,0.0],[100.3773,-3.2825,0.0],[100.3802,-3.2875,5.4496],[100.395,-3.2974,10.0765],[100.3989,-3.297,10.7133],[100.4017,-3.2995,9.4768],[100.4067,-3.3002,5.211],[100.4086,-3.3038,0.0],[100.417,-3.308,2.5872],[100.4209,-3.3149,0.0],[100.4197,-3.3173,3.5361],[100.4203,-3.3232,0.9096],[100.4333,-3.3321,1.8925],[100.4399,-3.3444,4.5319],[100.4448,-3.3472,7.9041],[100.4587,-3.35,0.0],[100.4722,-3.3483,0.0],[100.4726,-3.3433,0.0],[100.4771,-3.3417,0.0],[100.4786,-3.3367,0.0],[100.4776,-3.3337,0.0],[100.4694,-3.3248,0.0],[100.4711,-3.3194,0.0],[100.4705,-3.3148,0.0],[100.4683,-3.312,0.0],[100.4575,-3.3072,1.3885],[100.4565,-3.2999,0.1498],[100.4444,-3.2831,0.4481],[100.4379,-3.2797,3.4461],[100.4327,-3.28,7.8755],[100.4311,-3.272,11.711],[100.4321,-3.2675,3.6653],[100.4292,-3.2577,0.0],[100.4249,-3.2539,0.8632],[100.415,-3.249,4.135],[100.4135,-3.2455,0.7753],[100.4113,-3.2449,4.5033],[100.4074,-3.2325,1.1383],[100.4019,-3.2254,1.4883],[100.3987,-3.2246,1.9581],[100.3958,-3.2267,11.143],[100.397,-3.2236,6.9132999999999996],[100.3953,-3.2204,8.2917],[100.3974,-3.2186,3.0702],[100.3932,-3.2148,4.3857],[100.3927,-3.2085,1.083],[100.3871,-3.1981,10.4995],[100.3906,-3.1988,6.5727],[100.3897,-3.1955,6.8912],[100.3736,-3.1796,11.3772],[100.3754,-3.1795,5.2509],[100.3894,-3.1905,2.4471],[100.3922,-3.1973,18.2134],[100.3973,-3.1991,13.3399],[100.4011,-3.1975,16.3233],[100.4025,-3.1988,0.8889],[100.405,-3.1942,8.0397],[100.4085,-3.1965,0.0],[100.4097,-3.1935,2.3014],[100.4054,-3.193,8.0397],[100.4038,-3.1841,4.5971],[100.3956,-3.1743,0.0],[100.3927,-3.1726,0.0],[100.3853,-3.1734,3.7347],[100.38,-3.1721,3.0579],[100.3802,-3.1699,1.5315],[100.3778,-3.1687,0.0],[100.3748,-3.1704,2.3837],[100.3695,-3.1692,0.0],[100.3663,-3.171,0.0],[100.3591,-3.1635,6.5324],[100.3644,-3.1675,4.7586],[100.3658,-3.1657,0.0],[100.3637,-3.1636,8.6328],[100.3647,-3.1622,10.6808],[100.3772,-3.1642,9.2433],[100.3803,-3.1623,8.6494],[100.3836,-3.157,9.6215],[100.386,-3.1599,1.6119],[100.3908,-3.1608,4.9297],[100.3875,-3.1554,7.0311],[100.3918,-3.1505,8.9727],[100.4007,-3.156,4.923],[100.407,-3.1535,6.2029],[100.4114,-3.1564,0.7253],[100.4182,-3.1523,9.897],[100.4233,-3.1561,7.9337],[100.4256,-3.1527,8.2213],[100.4241,-3.1482,7.2161],[100.4257,-3.1476,4.946],[100.427,-3.1432,14.827],[100.4302,-3.1475,1.739],[100.434,-3.1495,5.892],[100.4431,-3.1513,0.0],[100.4451,-3.1469,6.9085],[100.4489,-3.1453,7.6849],[100.4529,-3.1475,1.1446],[100.4643,-3.1464,1.4424],[100.4702,-3.1439,17.1664],[100.4723,-3.1278,3.6837],[100.4661,-3.1228,0.0],[100.4623,-3.1232,7.1903],[100.4621,-3.1218,0.0],[100.4595,-3.1227,4.0472],[100.4582,-3.1214,4.0472],[100.4567,-3.1133,3.0355],[100.4574,-3.1079,16.6863],[100.4611,-3.1085,3.7067],[100.4626,-3.1066,0.9166],[100.4611,-3.1023,2.8091],[100.4559,-3.1012,9.2035],[100.4592,-3.1002,7.6066],[100.4611,-3.0944,8.5399],[100.4627,-3.0845,0.0],[100.4619,-3.0786,10.9228],[100.4637,-3.0762,3.3762],[100.4619,-3.0738,13.8307],[100.4639,-3.0705,16.1593],[100.4682,-3.0679,5.8608],[100.4687,-3.0635,11.9792],[100.4652,-3.0574,7.3364],[100.4677,-3.0534,12.8558],[100.4664,-3.0475,10.0263],[100.4684,-3.0437,0.7058],[100.4651,-3.0393,0.0],[100.4638,-3.0398,0.0],[100.4624,-3.0496,3.1063],[100.4604,-3.0519,1.7377],[100.4576,-3.0511,6.1271],[100.4559,-3.0473,0.4077],[100.4546,-3.0478,0.4077],[100.4542,-3.045,0.0],[100.4509,-3.0447,8.088],[100.4516,-3.0414,5.6398],[100.4502,-3.0424,5.6398],[100.4529,-3.0354,1.4793],[100.4516,-3.0355,9.4778],[100.4472,-3.0285,7.6718],[100.4461,-3.0225,6.5389],[100.4494,-3.0189,10.346],[100.4508,-3.021,1.1987],[100.4495,-3.0198,8.847],[100.4486,-3.0218,0.0],[100.452,-3.0231,1.0257],[100.4502,-3.0243,0.0],[100.4531,-3.0286,0.0],[100.4544,-3.0271,3.5475],[100.4578,-3.0278,1.2111],[100.456,-3.026,0.0],[100.454,-3.0266,3.5475],[100.4549,-3.0226,3.4743],[100.4523,-3.0223,5.1518],[100.455,-3.0209,0.591],[100.4528,-3.0186,3.408],[100.4531,-3.0158,2.2],[100.4587,-3.0228,1.2828],[100.4591,-3.0269,0.0],[100.4572,-3.0288,1.8688],[100.4586,-3.0332,0.0],[100.4618,-3.0346,0.0],[100.4632,-3.0339,3.8964],[100.4629,-3.0298,2.9365],[100.4682,-3.0275,3.2416],[100.4651,-3.0242,5.0202],[100.4682,-3.0228,3.4717],[100.4686,-3.0196,1.8337],[100.4655,-3.0192,0.0],[100.4643,-3.0249,4.8582],[100.4615,-3.025,3.5604],[100.4604,-3.0203,5.2793],[100.4617,-3.0188,4.0729],[100.4589,-3.018,4.3837],[100.458,-3.0152,0.0],[100.455,-3.0139,5.7711],[100.4561,-3.0129,0.0],[100.4551,-3.0103,0.0],[100.429,-3.0033,12.0164],[100.4295,-3.0002,0.8559],[100.4275,-3.0009,0.0],[100.4252,-2.9976,12.9822],[100.4257,-2.9962,13.3982],[100.4271,-2.9979,12.9822],[100.4285,-2.9968,8.7175],[100.4286,-2.9935,2.9775],[100.424,-2.9862,0.0],[100.4244,-2.9843,1.0526],[100.4214,-2.9839,1.9649],[100.4193,-2.9811,0.0],[100.4198,-2.9772,0.0],[100.4222,-2.9759,0.0],[100.4216,-2.9742,0.0],[100.416,-2.9695,0.0],[100.4045,-2.9663,1.4057],[100.3945,-2.9571,0.0],[100.3916,-2.9478,0.0],[100.3876,-2.9467,34.4032],[100.3845,-2.9425,0.0],[100.382,-2.9335,0.0],[100.3717,-2.9272,1.1704],[100.3654,-2.9174,0.0],[100.3591,-2.9132,13.2159],[100.3561,-2.9082,9.1196],[100.3549,-2.9016,6.9794],[100.3495,-2.8985,1.9818],[100.3465,-2.8943,0.0],[100.3439,-2.8949,7.8419],[100.3397,-2.8932,20.9007],[100.3373,-2.8886,35.6932],[100.3286,-2.8812,0.0],[100.323,-2.8806,0.0],[100.3101,-2.874,6.8152],[100.294,-2.8514,0.6908],[100.2894,-2.8522,0.0],[100.2883,-2.8542,0.0],[100.2836,-2.8531,4.0894],[100.2824,-2.8504,8.713],[100.2852,-2.8486,6.592],[100.2855,-2.8459,4.5923],[100.284,-2.8443,0.0],[100.278,-2.8446,1.9609],[100.2753,-2.8476,5.8606],[100.2742,-2.8464,10.9691],[100.2755,-2.8417,0.0],[100.2691,-2.8439,0.0],[100.2671,-2.8429,8.6255],[100.2661,-2.8409,8.5621],[100.2672,-2.838,12.6573],[100.2709,-2.8363,1.31],[100.2686,-2.8334,0.956],[100.2662,-2.8343,8.4128],[100.2651,-2.8319,5.8601],[100.2671,-2.8314,6.574],[100.2612,-2.8252,9.0403],[100.2639,-2.8254,5.9087],[100.2621,-2.823,10.986],[100.2639,-2.8226,6.1614],[100.2629,-2.8207,4.0637],[100.2649,-2.8183,3.1363],[100.2602,-2.8191,2.0006],[100.2627,-2.8165,3.5235],[100.2643,-2.817,3.5235],[100.2634,-2.8153,4.3091],[100.2647,-2.8147,1.0638],[100.2603,-2.8134,1.5326],[100.2599,-2.8104,0.0],[100.2588,-2.8105,0.0],[100.2605,-2.8165,2.8198],[100.2591,-2.8191,2.0006],[100.2576,-2.8149,1.2717],[100.2592,-2.8149,3.7748],[100.2586,-2.8135,1.5326],[100.2574,-2.8132,3.5703],[100.2549,-2.8165,6.1728],[100.2556,-2.8125,0.0],[100.2535,-2.8127,0.0],[100.2547,-2.8151,1.6825],[100.2536,-2.8157,0.0],[100.2506,-2.8136,9.5833],[100.2504,-2.8111,6.3621],[100.2552,-2.8087,7.0825],[100.2549,-2.8066,1.9961],[100.2573,-2.8047,5.3645],[100.257,-2.8014,0.0],[100.2549,-2.8028,3.9201],[100.2545,-2.807,1.9961],[100.2497,-2.8068,3.3823],[100.252,-2.8017,2.9584],[100.2507,-2.8008,4.964],[100.2531,-2.8002,1.7596],[100.2526,-2.7987,0.9935],[100.2452,-2.7969,0.9912],[100.2402,-2.7989,6.778],[100.2422,-2.7933,1.0884],[100.2413,-2.7896,7.3439],[100.2348,-2.7835,1.303],[100.2273,-2.7851,8.413],[100.2228,-2.7826,0.0],[100.2208,-2.7881,6.0791],[100.2151,-2.7852,0.0],[100.204,-2.7869,2.8624],[100.2007,-2.7853,0.0],[100.1971,-2.7882,0.0],[100.1993,-2.7931,5.1272],[100.1926,-2.7938,1.0563],[100.1909,-2.7955,0.6446],[100.1902,-2.7902,0.0],[100.1863,-2.7939,0.0],[100.1819,-2.7939,0.0],[100.1792,-2.796,0.0],[100.1755,-2.8025,0.0],[100.1749,-2.8133,0.0],[100.1776,-2.815,0.0],[100.1829,-2.8247,1.3051],[100.1844,-2.835,2.705],[100.1786,-2.842,0.0],[100.1833,-2.8432,0.9638],[100.1818,-2.8469,0.0],[100.1829,-2.8499,0.898],[100.1887,-2.8527,5.2883],[100.1948,-2.8725,0.0],[100.1948,-2.8769,5.8515],[100.1926,-2.8808,0.0],[100.1962,-2.8855,0.0],[100.1959,-2.8947,0.0],[100.1901,-2.9052,0.0],[100.197,-2.916,0.0],[100.2015,-2.9344,0.0],[100.2,-2.9403,0.0],[100.1961,-2.9406,0.0],[100.1963,-2.9439,0.0],[100.1908,-2.9435,1.0397],[100.1907,-2.9456,2.8307],[100.1938,-2.9487,0.0],[100.1917,-2.9541,0.0],[100.1889,-2.9568,1.1456],[100.1842,-2.9543,0.0],[100.1818,-2.9551,0.0],[100.1829,-2.9595,4.8955],[100.1796,-2.9633,0.0],[100.1805,-2.9657,0.0],[100.1906,-2.9713,4.1127],[100.1911,-2.9784,0.0],[100.1891,-2.9803,0.0],[100.1896,-2.9846,0.0],[100.1865,-2.989,0.0],[100.1944,-2.9978,1.5876],[100.1975,-2.9944,6.8743],[100.2011,-2.9963,0.0],[100.2009,-3.0028,1.6398],[100.2049,-3.003,0.0],[100.2045,-3.0077,0.0],[100.206,-3.0103,0.0],[100.2079,-3.0096,4.7639],[100.2119,-3.012,2.0955],[100.2129,-3.0145,0.0],[100.2111,-3.018,2.5003],[100.2139,-3.022,1.4529],[100.218,-3.0235,2.2509],[100.2207,-3.0212,8.2544],[100.223,-3.023,0.0],[100.2234,-3.0249,0.0],[100.2188,-3.0287,0.0],[100.222,-3.0358,1.5143],[100.2271,-3.0366,0.8192],[100.2293,-3.0355,4.8402],[100.2305,-3.0367,0.0],[100.2274,-3.0403,0.0],[100.2291,-3.045,0.0],[100.228,-3.0484,2.48],[100.2314,-3.0571,0.0],[100.2349,-3.0567,4.8513],[100.2376,-3.0516,10.6228],[100.2428,-3.049,2.6753],[100.2459,-3.0438,7.6106],[100.2487,-3.0432,4.098],[100.2545,-3.0493,1.1941],[100.2559,-3.0542,0.0],[100.2556,-3.0558,0.0],[100.2494,-3.0575,0.0],[100.2478,-3.0597,0.0],[100.2481,-3.0623,0.0],[100.2513,-3.0641,1.7035],[100.2524,-3.0622,6.5588],[100.2586,-3.0598,4.048],[100.2611,-3.0618,1.2812],[100.2622,-3.0663,0.0]]],
[[[100.2748,-2.832,4.9233],[100.2739,-2.8306,0.0],[100.2723,-2.8307,2.8059],[100.2727,-2.8323,0.0],[100.2748,-2.832,4.9233]]],
[[[100.2825,-2.8315,6.6359],[100.2802,-2.8253,0.0],[100.2797,-2.8328,0.0],[100.281,-2.8337,0.0],[100.2825,-2.8315,6.6359]]],
[[[100.2761,-2.8265,0.0],[100.2755,-2.8265,0.0],[100.2757,-2.8275,0.0],[100.2764,-2.8272,0.0],[100.2761,-2.8265,0.0]]],
[[[100.3985,-3.2211,0.0],[100.3992,-3.2217,0.0],[100.3997,-3.2217,0.0],[100.3991,-3.2206,0.0],[100.3985,-3.2211,0.0]]],
[[[100.4054,-3.2014,0.8909],[100.4018,-3.2024,29.0168],[100.3989,-3.2008,0.0],[100.3957,-3.2034,29.4647],[100.3985,-3.2101,66.6782],[100.3991,-3.2164,2.1422],[100.4069,-3.2201,1.3374],[100.4099,-3.2186,0.0],[100.4122,-3.2127,0.0],[100.4095,-3.204,0.0],[100.4054,-3.2014,0.8909]]],
[[[100.4058,-3.1774,0.0],[100.4055,-3.1768,0.0],[100.4035,-3.1771,0.0],[100.4045,-3.1782,1.8112],[100.4058,-3.1774,0.0]]],
[[[100.403,-3.1693,1.3797],[100.4011,-3.1647,2.4592],[100.3989,-3.1645,0.0],[100.3991,-3.1662,1.6922],[100.403,-3.1693,1.3797]]],
[[[100.3956,-3.1641,0.0],[100.3969,-3.1658,1.0249],[100.3967,-3.162,0.0],[100.3956,-3.1624,0.0],[100.3956,-3.1641,0.0]]],
[[[100.3864,-3.162,0.0],[100.3862,-3.1625,0.0],[100.3865,-3.1627,0.0],[100.3868,-3.1624,0.0],[100.3864,-3.162,0.0]]],
[[[100.3913,-3.1565,0.0],[100.3911,-3.1568,0.0],[100.3916,-3.157,0.0],[100.3916,-3.1567,0.0],[100.3913,-3.1565,0.0]]],
[[[100.3731,-3.1669,0.0],[100.3732,-3.1677,0.0],[100.374,-3.1675,0.0],[100.3739,-3.1671,0.0],[100.3731,-3.1669,0.0]]],
[[[100.355,-1.119,0.0],[100.3552,-1.1191,0.0],[100.3561,-1.1184,0.0],[100.3553,-1.1184,0.0],[100.355,-1.119,0.0]]],
[[[100.368,-1.1197,1.8962],[100.3697,-1.1194,0.0],[100.3671,-1.1155,0.0],[100.3638,-1.1166,0.0],[100.3664,-1.1178,21.0796],[100.368,-1.1197,1.8962]]],
[[[100.4026,-1.226,0.0226],[100.4031,-1.2256,0.0226],[100.4032,-1.2244,0.0],[100.4023,-1.2245,0.0],[100.4026,-1.226,0.0226]]],
[[[100.3906,-1.1905,20.3312],[100.3928,-1.1872,0.0],[100.3883,-1.1889,22.6501],[100.3841,-1.1879,0.0],[100.3812,-1.19,0.0],[100.3803,-1.1932,7.5546],[100.382,-1.2013,3.3294],[100.3805,-1.2063,15.5321],[100.3766,-1.2105,21.1137],[100.3773,-1.2148,7.1636],[100.376,-1.2182,63.3635],[100.377,-1.2227,23.8205],[100.3795,-1.2244,0.7269],[100.379,-1.227,2.748],[100.3856,-1.2225,4.8164],[100.3875,-1.2245,19.8652],[100.391,-1.2236,2.4934],[100.3922,-1.2259,31.6716],[100.3971,-1.2285,0.0],[100.4014,-1.2203,0.0],[100.3991,-1.214,6.11],[100.4005,-1.2077,0.0],[100.398,-1.2041,36.8792],[100.3981,-1.2015,45.1696],[100.395,-1.2003,5.638],[100.3931,-1.2013,17.3972],[100.3921,-1.2028,0.0],[100.3947,-1.2046,27.7813],[100.389,-1.21,4.6598],[100.3862,-1.2083,0.421],[100.3859,-1.2096,33.6993],[100.3842,-1.2072,0.0],[100.3877,-1.205,6.1024],[100.3889,-1.199,6.8484],[100.3908,-1.1968,19.9519],[100.3895,-1.193,24.6869],[100.3906,-1.1905,20.3312]]],
[[[100.3809,-1.2001,0.0],[100.3809,-1.1998,0.0],[100.3808,-1.1997,0.0],[100.3805,-1.2002,0.0],[100.3809,-1.2001,0.0]]],
[[[100.3943,-1.1983,0.0],[100.3951,-1.1981,0.0],[100.394,-1.1965,3.5473],[100.3933,-1.1974,3.5473],[100.3943,-1.1983,0.0]]],
[[[100.2648,-2.8267,0.0],[100.2642,-2.8269,1.7874],[100.2646,-2.8275,0.0],[100.2651,-2.8273,0.0],[100.2648,-2.8267,0.0]]],
[[[100.2561,-2.8097,0.0],[100.2558,-2.8094,7.0825],[100.2553,-2.8094,7.0825],[100.2556,-2.8102,0.0],[100.2561,-2.8097,0.0]]],
[[[100.2563,-2.8067,1.9961],[100.2556,-2.8075,1.9961],[100.2572,-2.8079,1.0419],[100.2573,-2.8069,1.0419],[100.2563,-2.8067,1.9961]]],
[[[100.2522,-2.8036,4.865],[100.2516,-2.8033,4.865],[100.2516,-2.8039,4.865],[100.2518,-2.804,4.865],[100.2522,-2.8036,4.865]]],
[[[100.2548,-2.8019,3.9201],[100.2536,-2.8005,1.7596],[100.2529,-2.8032,0.0],[100.2536,-2.8032,0.0],[100.2548,-2.8019,3.9201]]],
[[[100.258,-2.8005,0.8267],[100.2577,-2.8002,0.8267],[100.258,-2.8014,0.0],[100.2583,-2.801,0.8267],[100.258,-2.8005,0.8267]]],
[[[100.2565,-2.7998,0.8267],[100.256,-2.7993,0.0],[100.2554,-2.7994,0.0],[100.2559,-2.8003999999999998,0.0],[100.2565,-2.7998,0.8267]]],
[[[100.2727,-2.819,0.7582],[100.2686,-2.8173,0.0],[100.2657,-2.8195,3.1363],[100.2643,-2.823,6.7814],[100.2674,-2.8289,0.0],[100.2694,-2.8282,6.4668],[100.2692,-2.8309,1.3057],[100.2704,-2.8311,1.3057],[100.2718,-2.8282,6.7505],[100.2701,-2.8254,5.7447],[100.2735,-2.8233,4.2257],[100.2727,-2.819,0.7582]]],
[[[100.2955,-1.266,12.0076],[100.297,-1.2679,10.0517],[100.2994,-1.2667,6.2075],[100.2977,-1.2642,0.0],[100.2955,-1.266,12.0076]]],
[[[100.3393,-1.2131,0.0],[100.3391,-1.2139,0.0],[100.3395,-1.2144,0.0],[100.3398,-1.2141,0.0],[100.3393,-1.2131,0.0]]],
[[[100.3341,-1.213,0.0],[100.3339,-1.2134,0.0],[100.3345,-1.2136,0.0],[100.3344,-1.2132,0.0],[100.3341,-1.213,0.0]]],
[[[100.2255,-2.779,17.1676],[100.2264,-2.7765,7.5527],[100.2223,-2.7747,0.0],[100.2223,-2.7779,0.0],[100.2255,-2.779,17.1676]]],
[[[100.221,-2.7458,8.4234],[100.2123,-2.7254,2.9661],[100.2065,-2.7223,7.3686],[100.2026,-2.7168,15.6261],[100.1994,-2.6994,0.0],[100.1936,-2.6936,9.5891],[100.1908,-2.6861,0.0],[100.1799,-2.6677,7.4993],[100.1773,-2.6552,14.1178],[100.1721,-2.6477,0.0],[100.1644,-2.6433,1.3854],[100.1479,-2.639,0.0],[100.1438,-2.636,13.6531],[100.1414,-2.6314,4.2432],[100.1284,-2.6241,9.518],[100.1254,-2.6193,0.0],[100.1165,-2.6145,1.0177],[100.1116,-2.6089,4.9262],[100.1089,-2.603,3.2523],[100.1,-2.5952,6.3766],[100.0983,-2.5886,0.0],[100.0946,-2.5906,0.0],[100.09,-2.5905,1.5572],[100.0822,-2.5841,0.0],[100.0709,-2.5799,6.3277],[100.0638,-2.5724,0.0],[100.0597,-2.5704,4.0231],[100.0603,-2.5686,0.0],[100.0584,-2.5688,13.5273],[100.0557,-2.5649,3.5904],[100.0524,-2.5636,8.4355],[100.0519,-2.5607,0.0],[100.0484,-2.5584,16.3418],[100.0408,-2.545,0.1552],[100.0353,-2.543,5.7058],[100.0346,-2.5389,0.0],[100.0312,-2.5359,6.3638],[100.0317,-2.5327,16.7041],[100.0271,-2.5263,7.0939],[100.0194,-2.5216,6.4854],[100.0167,-2.5174,0.0],[100.0095,-2.5142,0.0],[99.9985,-2.5028,0.0],[99.9929,-2.5026,0.0],[99.9749,-2.5083,4.4621],[99.9718,-2.5144,7.0096],[99.9753,-2.5304,6.2757],[99.9715,-2.5332,0.0],[99.9747,-2.5373,11.261],[99.9727,-2.54,6.5894],[99.9746,-2.542,8.0881],[99.9699,-2.5537,0.0],[99.9742,-2.5637,0.0],[99.9738,-2.567,0.0],[99.9714,-2.5694,0.0],[99.9586,-2.5696,0.0],[99.9635,-2.5813,0.0],[99.9708,-2.5891,4.2946],[99.9814,-2.5956,7.9289],[99.9815,-2.5984,0.0],[99.9881,-2.6078,0.0],[99.9874,-2.6219,0.0],[99.9822,-2.6252,15.2493],[99.9776,-2.6227,0.0],[99.9748,-2.6268,0.0],[99.975,-2.6299,0.0],[99.9767,-2.6326,1.2342],[99.985,-2.6347,2.0403],[99.9887,-2.6385,0.0],[99.9937,-2.6478,4.4145],[99.9923,-2.6528,0.0],[99.9941,-2.6582,0.0],[99.9986,-2.6643,6.0994],[100.0056,-2.6668,21.041],[100.0095,-2.674,4.1769],[100.012,-2.6865,0.0],[100.0105,-2.6913,0.0],[100.0082,-2.6956,0.0],[100.0057,-2.6967,13.1469],[100.0022,-2.6931,0.0],[99.9989,-2.6969,0.0],[100.0,-2.703,0.0],[100.0025,-2.7063,0.0],[100.002,-2.7165,0.0],[100.0095,-2.7272,0.0],[100.009,-2.7285,0.0],[100.0049,-2.7287,0.0],[100.0047,-2.7315,0.0],[100.0078,-2.7368,2.3132],[100.0112,-2.7378999999999998,6.1912],[100.012,-2.7407,0.0],[100.0105,-2.7433,4.0946],[100.0001,-2.744,0.0],[99.9989,-2.7487,0.0],[99.995,-2.751,0.0],[99.9964,-2.7599,0.0],[99.9924,-2.7603,0.0],[99.9889,-2.7652,1.4049],[99.9933,-2.7675,5.432],[99.9917,-2.7686,0.0],[99.9949,-2.7713,3.9837],[99.9926,-2.7718,11.5195],[99.983,-2.7656,0.0],[99.9784,-2.7663,0.0],[99.9767,-2.7722,0.0],[99.98,-2.7665,0.0],[99.9856,-2.7678,0.0],[99.9866,-2.7702,1.3528],[99.9803,-2.7726,0.3094],[99.9813,-2.7756,0.9984],[99.9732,-2.7853,0.0],[99.9751,-2.7879,0.3029],[99.9805,-2.7858,0.8335],[99.9802,-2.7828,2.3943],[99.9832,-2.7825,3.2832],[99.9826,-2.779,10.7638],[99.9855,-2.7738,7.5453],[99.9929,-2.776,2.6065],[99.9949,-2.7788,0.0],[99.9935,-2.7827,0.0],[99.9896,-2.7851,0.0],[99.9908,-2.7907,0.0],[99.9974,-2.7969,0.5346],[100.0089,-2.8031,0.0],[100.0097,-2.808,0.0],[100.0163,-2.8105,1.2516],[100.0163,-2.8138,0.0],[100.0135,-2.8147,0.0],[100.0133,-2.8168,0.0],[100.017,-2.8195,0.0],[100.0131,-2.8288,0.0],[100.0045,-2.8304,9.5744],[99.9996,-2.827,0.0],[99.9956,-2.8289,0.0],[99.9972,-2.8338,0.2031],[100.0011,-2.8376,0.0],[100.0033,-2.8376,3.1248],[100.0031,-2.8395,0.0],[100.0073,-2.8442,0.0],[100.0136,-2.8487,0.0],[100.016,-2.8477,6.4132],[100.0193,-2.8509,0.1778],[100.0278,-2.8497,2.79],[100.0324,-2.8463,0.0],[100.0369,-2.8472,0.4845],[100.0389,-2.8519,0.0],[100.0404,-2.8518,0.1504],[100.0412,-2.8495,0.2376],[100.0395,-2.8475,2.4895],[100.0424,-2.8467,0.4109],[100.0426,-2.8409,0.0],[100.0376,-2.8303,13.4322],[100.0391,-2.8226,8.6789],[100.0482,-2.8154,7.5702],[100.0517,-2.8176,0.893],[100.0586,-2.8186,0.0],[100.0738,-2.8418,0.6177],[100.0788,-2.8406,4.415],[100.0802,-2.8425,0.0],[100.0831,-2.8419,0.8651],[100.0809,-2.8393,9.0583],[100.0836,-2.8361,0.0],[100.0815,-2.8353,0.3619],[100.0808,-2.8318,6.3348],[100.0876,-2.8344,8.3009],[100.0914,-2.8297,6.5825],[100.094,-2.8334,0.4493],[100.102,-2.8357,0.784],[100.1042,-2.839,0.0],[100.1086,-2.8362,8.0843],[100.1105,-2.8378,5.2298],[100.1182,-2.8378,3.6443],[100.1242,-2.8341,2.8384],[100.1305,-2.8373,1.3603],[100.133,-2.8326,1.4667],[100.1433,-2.8406,0.7695],[100.1474,-2.838,0.5385],[100.1474,-2.8363,0.0],[100.1435,-2.8259,0.9655],[100.14,-2.8232,5.8594],[100.1397,-2.816,2.2712],[100.1381,-2.8141,8.3408],[100.1408,-2.8087,2.7327],[100.1476,-2.8035,3.2181],[100.1563,-2.8009,4.6889],[100.1634,-2.7939,13.1018],[100.1667,-2.7935,1.946],[100.1723,-2.7891,4.6532],[100.1745,-2.7896,0.8411],[100.1838,-2.7858,18.3292],[100.1861,-2.7833,8.8151],[100.19,-2.7854,0.0],[100.1933,-2.7844,12.1055],[100.1951,-2.7816,5.7843],[100.1934,-2.7776,5.7486],[100.1965,-2.775,3.2891],[100.2052,-2.7764,0.9371],[100.2085,-2.7789,1.3183],[100.2163,-2.7759,23.3688],[100.2179,-2.7713,16.5664],[100.2168,-2.7648,6.7784],[100.2181,-2.7567,6.5218],[100.2216,-2.7514,2.7327],[100.221,-2.7458,8.4234]]],
[[[100.2101,-0.9825,0.0],[100.2063,-0.9805,0.0],[100.207,-0.9845,19.0871],[100.2095,-0.9844,2.3791],[100.2101,-0.9825,0.0]]],
[[[100.229,-0.9549,0.0],[100.2293,-0.9557,0.0],[100.2307,-0.956,1.2346],[100.2302,-0.9543,0.0],[100.229,-0.9549,0.0]]],
[[[100.3286,-1.2064,0.0],[100.3282,-1.2063,0.0],[100.3281,-1.2064,0.0],[100.3286,-1.2068,0.0],[100.3286,-1.2064,0.0]]],
[[[100.3396,-1.1891,0.0],[100.339,-1.1879,0.0],[100.3341,-1.1898,3.6719],[100.3294,-1.197,0.0],[100.3277,-1.2047,0.0],[100.3281,-1.2061,0.0],[100.3301,-1.2054,6.1596],[100.3354,-1.2081,3.6414],[100.3389,-1.2121,0.0],[100.3381,-1.2042,78.368],[100.3406,-1.1981,8.1762],[100.3384,-1.1955,19.6576],[100.3378,-1.1916,12.8441],[100.3396,-1.1891,0.0]]],
[[[100.3378,-1.1694,0.0],[100.3376,-1.1697,0.0],[100.338,-1.17,0.0],[100.3381,-1.1698,0.0],[100.3378,-1.1694,0.0]]],
[[[100.3496,-1.161,5.3716],[100.3518,-1.1576,0.0],[100.3495,-1.1564,10.7576],[100.3457,-1.1627,0.0],[100.3496,-1.161,5.3716]]],
[[[100.3546,-1.1275,43.9378],[100.3559,-1.1229,0.0],[100.3501,-1.1238,0.0],[100.3489,-1.1318,0.0],[100.3517,-1.133,0.0],[100.3546,-1.1275,43.9378]]],
[[[100.3375,-1.1221,0.0],[100.3373,-1.1229,0.0],[100.3377,-1.123,0.0],[100.338,-1.1224,0.0],[100.3375,-1.1221,0.0]]],
[[[100.3403,-1.119,0.0],[100.3383,-1.1224,0.0],[100.3404,-1.1242,10.1655],[100.3421,-1.1217,6.1473],[100.3403,-1.119,0.0]]],
[[[100.2973,-1.0735,0.0],[100.2956,-1.0745,0.0],[100.2966,-1.0766,0.0],[100.2975,-1.0749,0.0],[100.2973,-1.0735,0.0]]],
[[[100.3417,-0.9918,0.0],[100.3385,-0.9901,0.0],[100.3381,-0.9959,2.8814],[100.3421,-0.9946,0.0],[100.3417,-0.9918,0.0]]],
[[[100.3535,-0.9905,0.2339],[100.3524,-0.9908,0.0],[100.3522,-0.9919,0.1576],[100.3546,-0.9899,0.2339],[100.3535,-0.9905,0.2339]]],
[[[100.4617,-3.2907,0.0],[100.4628,-3.2924,0.0],[100.4639,-3.2913,0.0],[100.4631,-3.2872,0.0],[100.4609,-3.2858,0.0],[100.4581,-3.2866,0.0886],[100.4595,-3.2891,0.3931],[100.4617,-3.2907,0.0]]],
[[[100.4921,-3.2314,0.0],[100.492,-3.2316,0.0],[100.4915,-3.232,0.0],[100.4928,-3.2316,0.0],[100.4921,-3.2314,0.0]]],
[[[100.4906,-3.2295,0.0],[100.4908,-3.229,0.0],[100.4901,-3.2291,0.0],[100.4902,-3.2294,0.0],[100.4906,-3.2295,0.0]]],
[[[100.4913,-3.2291,0.0],[100.4945,-3.2294,0.0],[100.4921,-3.218,0.0],[100.4834,-3.2109,0.0],[100.4815,-3.2158,13.7015],[100.4913,-3.2291,0.0]]],
[[[100.4429,-3.2709,0.0],[100.4463,-3.2704,0.0],[100.4441,-3.2662,0.0],[100.4441,-3.262,0.0],[100.4388,-3.2571,0.0],[100.4376,-3.259,0.0],[100.4387,-3.266,8.2644],[100.4411,-3.2704,0.1221],[100.4429,-3.2709,0.0]]],
[[[100.4296,-3.2449,1.7107],[100.4306,-3.2456,1.7107],[100.4311,-3.2453,1.7107],[100.4304,-3.2443,0.0],[100.4296,-3.2449,1.7107]]],
[[[100.4184,-3.2352,2.681],[100.4184,-3.2349,2.681],[100.4183,-3.2348,2.681],[100.4181,-3.2352,2.681],[100.4184,-3.2352,2.681]]],
[[[100.4142,-3.2226,0.0],[100.4137,-3.225,14.0514],[100.4123,-3.2219,2.7199],[100.4094,-3.2249,8.9203],[100.4148,-3.2316,6.4074],[100.4222,-3.2371,0.0],[100.4247,-3.2354,0.0],[100.4269,-3.2361,0.0],[100.4229,-3.2303,0.0],[100.4218,-3.225,0.0],[100.4142,-3.2226,0.0]]],
[[[100.4573,-3.218,1.0092],[100.4572,-3.2183,1.0092],[100.4579,-3.2186,1.0092],[100.4578,-3.2183,1.0092],[100.4573,-3.218,1.0092]]],
[[[100.464,-3.2114,0.0],[100.4633,-3.209,0.0],[100.4589,-3.2094,0.0],[100.4611,-3.2183,19.5203],[100.4658,-3.2227,0.0],[100.4687,-3.2228,0.0],[100.4672,-3.2158,0.0],[100.464,-3.2114,0.0]]],
[[[100.4559,-3.2069,2.718],[100.4537,-3.2053,0.0],[100.4515,-3.2068,8.6676],[100.4518,-3.2101,2.158],[100.4541,-3.212,18.7192],[100.457,-3.2109,12.4124],[100.4559,-3.2069,2.718]]],
[[[100.4992,-3.2045,0.0],[100.5002,-3.2061,0.0],[100.5011,-3.1988,0.0],[100.4992,-3.2005,1.6332],[100.4992,-3.2045,0.0]]],
[[[100.4936,-3.1969,0.0],[100.4939,-3.1982,0.0],[100.4951,-3.1976,0.939],[100.495,-3.1969,0.0],[100.4936,-3.1969,0.0]]],
[[[100.4979,-3.1955,0.0],[100.4977,-3.1956,0.0],[100.4978,-3.1961,0.0],[100.498,-3.196,0.0],[100.4979,-3.1955,0.0]]],
[[[100.4975,-3.1954,0.0],[100.4974,-3.1951,0.0],[100.4966,-3.1952,0.0],[100.4968,-3.1956,0.0],[100.4975,-3.1954,0.0]]],
[[[100.4853,-3.1914,5.2114],[100.484,-3.19,0.0],[100.4824,-3.1917,0.0],[100.4842,-3.194,8.8381],[100.4853,-3.1914,5.2114]]],
[[[100.4554,-3.1899,0.0],[100.4558,-3.1892,0.0],[100.4557,-3.189,0.0],[100.4552,-3.1897,0.0],[100.4554,-3.1899,0.0]]],
[[[100.4557,-3.1889,0.0],[100.4561,-3.1888,0.0],[100.4571,-3.1877,0.0],[100.4557,-3.1875,0.0],[100.4557,-3.1889,0.0]]],
[[[100.4886,-3.1834,0.0],[100.4893,-3.183,0.0],[100.4879,-3.182,0.0],[100.4861,-3.1819,0.0],[100.488,-3.1825,0.0],[100.4886,-3.1834,0.0]]],
[[[100.4949,-3.1418,4.7962],[100.4886,-3.142,0.0],[100.4859,-3.1483,0.0],[100.4877,-3.152,0.0],[100.4855,-3.1533,0.0],[100.4845,-3.157,0.0],[100.4884,-3.1661,0.0],[100.4859,-3.1668,0.0],[100.4839,-3.1713,0.0],[100.4901,-3.1757,12.8946],[100.4916,-3.1847,2.1365],[100.4963,-3.187,1.7668],[100.5035,-3.1992,7.2889],[100.5092,-3.2022,4.8702],[100.5116,-3.1973,10.2553],[100.5161,-3.1954,13.0924],[100.5199,-3.1955,11.826],[100.5264,-3.1998,10.7986],[100.5312,-3.1997,11.9306],[100.5321,-3.1973,0.0],[100.5313,-3.1971,11.801],[100.5289,-3.1935,0.0],[100.5245,-3.1938,0.0],[100.5201,-3.1903,0.0],[100.5184,-3.1836,0.0],[100.5078,-3.1794,0.0],[100.5088,-3.1685,1.695],[100.5039,-3.1677,2.1793],[100.5023,-3.1665,8.3205],[100.5032,-3.165,4.7916],[100.4982,-3.1628,5.2459],[100.4988,-3.1615,5.2459],[100.5002,-3.1627,9.1332],[100.5021,-3.1615,7.573],[100.5027,-3.1581,20.3666],[100.5007,-3.1469,5.0569],[100.4949,-3.1418,4.7962]]],
[[[100.4114,-3.1755,3.2302],[100.4111,-3.1742,0.0],[100.4091,-3.1751,0.0],[100.4115,-3.1776,4.7279],[100.4114,-3.1755,3.2302]]],
[[[100.426,-3.1638,0.0],[100.4254,-3.1642,0.0],[100.4254,-3.1643,0.0],[100.4262,-3.164,0.0],[100.426,-3.1638,0.0]]],
[[[100.4402,-3.1562,0.0],[100.4404,-3.1569,0.0],[100.4411,-3.1569,0.0],[100.4406,-3.156,0.0],[100.4402,-3.1562,0.0]]],
[[[100.438,-3.1558,0.0],[100.4379,-3.1567,0.0],[100.4381,-3.1571,0.0],[100.4389,-3.156,0.0],[100.438,-3.1558,0.0]]],
[[[100.474,-3.084,0.0],[100.47,-3.0828,2.4725],[100.4697,-3.0876,11.7764],[100.4763,-3.0914,0.0],[100.4767,-3.0883,0.0],[100.474,-3.084,0.0]]],
[[[100.4567,-3.0468,0.0],[100.4563,-3.0473,0.0],[100.4566,-3.0476,0.0],[100.4569,-3.0473,0.0],[100.4567,-3.0468,0.0]]],
[[[100.455,-3.0429,0.5962],[100.4548,-3.0439,0.0],[100.4551,-3.0442,0.0],[100.456,-3.0424,0.0],[100.455,-3.0429,0.5962]]],
[[[100.4601,-3.0398,4.1198],[100.4615,-3.0388,4.8133],[100.4597,-3.0367,0.0],[100.4574,-3.0382,0.0],[100.4591,-3.0395,0.9156],[100.4578,-3.0402,0.0],[100.4581,-3.0455,0.0],[100.4598,-3.0466,0.5662],[100.4585,-3.0494,0.0],[100.4619,-3.0469,1.6271],[100.4622,-3.0424,0.0],[100.4601,-3.0398,4.1198]]],
[[[100.4562,-3.0366,0.0],[100.4565,-3.0363,0.0],[100.4556,-3.0354,0.0],[100.4552,-3.037,0.0],[100.4562,-3.0366,0.0]]],
[[[100.4537,-3.0346,1.4793],[100.4549,-3.0333,0.0],[100.4527,-3.0308,0.0],[100.4517,-3.0328,2.0983],[100.4537,-3.0346,1.4793]]],
[[[100.5064,-1.6618,8.6032],[100.5071,-1.6639,2.7603],[100.5092,-1.6636,1.9807],[100.5086,-1.6609,0.0],[100.5064,-1.6618,8.6032]]],
[[[100.4936,-1.4093,1.6079],[100.4927,-1.4054,0.0],[100.4914,-1.4058,0.0],[100.4921,-1.4122,5.9564],[100.4936,-1.4093,1.6079]]],
[[[100.4365,-1.5013,6.3761],[100.4389,-1.503,0.0],[100.4404,-1.5011,0.0],[100.4375,-1.498,3.8277],[100.4365,-1.5013,6.3761]]],
[[[100.4347,-1.3154,0.0],[100.4358,-1.3169,0.0],[100.4367,-1.315,0.0],[100.4356,-1.3142,0.0],[100.4347,-1.3154,0.0]]],
[[[100.4067,-1.2291,22.9671],[100.4075,-1.2311,12.8229],[100.4079,-1.2276,0.0],[100.406,-1.2283,5.5604],[100.4067,-1.2291,22.9671]]],
[[[100.492,-1.3918,4.4847],[100.4865,-1.3858,0.0],[100.4828,-1.3869,10.3209],[100.4872,-1.3898,3.1109],[100.4889,-1.3945,99.2268],[100.4878,-1.3944,0.0],[100.4884,-1.3981,0.0],[100.4919,-1.3983,0.0],[100.492,-1.3918,4.4847]]],
[[[100.4724,-1.3287,15.3414],[100.4744,-1.3301,0.0],[100.4772,-1.3224,6.9731],[100.4768,-1.3196,5.6065],[100.4748,-1.3183,5.8254],[100.4718,-1.3219,5.7707],[100.4724,-1.3287,15.3414]]],
[[[100.4172,-1.2159,2.6086],[100.4178,-1.2147,2.6086],[100.415,-1.2158,7.6007],[100.4159,-1.2166,1.262],[100.4172,-1.2159,2.6086]]],
[[[100.5191,-1.3455,0.7931],[100.5192,-1.3463,0.0],[100.5206,-1.3459,1.148],[100.52,-1.3449,1.148],[100.5191,-1.3455,0.7931]]],
[[[100.519,-1.3421,0.0],[100.519,-1.3427,0.0],[100.5198,-1.3426,0.0],[100.5197,-1.3419,0.0],[100.519,-1.3421,0.0]]],
[[[100.3825,-1.1199,4.6939],[100.3803,-1.1176,0.0],[100.3792,-1.1187,0.0],[100.3827,-1.1209,4.6939],[100.3825,-1.1199,4.6939]]],
[[[100.367,-1.0749,0.0],[100.3668,-1.0754,0.0],[100.3674,-1.0756,0.0],[100.3675,-1.0752,0.0],[100.367,-1.0749,0.0]]],
[[[100.3629,-1.0195,0.0],[100.3634,-1.0189,0.0],[100.3629,-1.0184,0.0],[100.3627,-1.019,0.0],[100.3629,-1.0195,0.0]]],
[[[100.3761,-0.9995,0.0],[100.3764,-0.9997,0.0],[100.3765,-0.9992,0.0],[100.3762,-0.9992,0.0],[100.3761,-0.9995,0.0]]],
[[[100.2997,-0.8574,0.0],[100.3015,-0.8594,0.0],[100.303,-0.8575,0.0],[100.3023,-0.8568,0.0],[100.2997,-0.8574,0.0]]],
[[[100.2351,-0.9532,0.0],[100.2344,-0.9533,0.0],[100.2349,-0.9545,0.0],[100.2359,-0.9536,0.0],[100.2351,-0.9532,0.0]]],
[[[100.2034,-0.8753,0.0],[100.2059,-0.8747,-0.0868],[100.2062,-0.8732,0.0131],[100.2037,-0.8725,0.0],[100.2034,-0.8753,0.0]]],
[[[99.9783,-2.7564,0.0],[99.9784,-2.7578,0.0],[99.9791,-2.7586,0.0],[99.9796,-2.7564,0.0],[99.9783,-2.7564,0.0]]],
[[[99.9872,-2.7561,0.6787],[99.9883,-2.7577,0.0],[99.99,-2.7574,3.5474],[99.9882,-2.7555,0.6787],[99.9872,-2.7561,0.6787]]],
[[[99.9841,-2.7476,0.0],[99.9824,-2.7455,0.0],[99.9798,-2.7462,0.0],[99.9791,-2.7498,0.2288],[99.981,-2.7569,1.6376],[99.9871,-2.7533,6.5148],[99.9873,-2.7495,0.0],[99.9841,-2.7476,0.0]]],
[[[99.7416,-2.376,0.0],[99.7417,-2.3757,0.0],[99.7411,-2.3756,0.0],[99.7412,-2.3761,0.0],[99.7416,-2.376,0.0]]],
[[[99.7204,-2.3567,0.0],[99.7152,-2.357,0.0],[99.7111,-2.3604,5.9218],[99.7124,-2.3688,2.3359],[99.7106,-2.3702,0.0],[99.7102,-2.3747,2.0546],[99.722,-2.384,14.1062],[99.725,-2.3837,14.1412],[99.7285,-2.3788,7.2647],[99.7325,-2.3806,10.863],[99.7336,-2.3914,0.0],[99.7375,-2.3943,6.4322],[99.743,-2.387,4.2361],[99.7491,-2.3849,0.5134],[99.7441,-2.3761,0.0],[99.7413,-2.3799,1.2699],[99.7419,-2.3812,9.7124],[99.7446,-2.3807,4.5569],[99.7437,-2.383,10.1657],[99.7405,-2.3833,4.9288],[99.7397,-2.3852,2.8313],[99.7347,-2.3871,2.3774],[99.7345,-2.3815,3.8241],[99.7397,-2.376,7.9947],[99.7382,-2.3725,0.9325],[99.7359,-2.372,3.8555],[99.7386,-2.3705,0.0],[99.7383,-2.3682,0.0],[99.7369,-2.3684,3.1383],[99.7272,-2.3582,4.969],[99.7204,-2.3567,0.0]]],
[[[99.7391,-2.371,0.0],[99.7386,-2.3711,0.0],[99.7381,-2.3717,0.9325],[99.7385,-2.3719,0.9325],[99.7391,-2.371,0.0]]],
[[[99.7494,-2.3706,5.5207],[99.7479,-2.3716,12.699],[99.7497,-2.3693,1.7013],[99.7469,-2.3678,0.0],[99.7425,-2.3707,2.9842],[99.7413,-2.3732,0.0],[99.7424,-2.372,13.7354],[99.7428,-2.3741,11.8322],[99.7459,-2.3738,11.0388],[99.7494,-2.3706,5.5207]]],
[[[99.814,-2.3036,9.2669],[99.8122,-2.3036,1.6308],[99.8144,-2.2973,0.0],[99.8076,-2.2948,9.5055],[99.8005,-2.289,1.6682],[99.7907,-2.2911,0.0],[99.7878,-2.2935,8.5797],[99.7818,-2.2913,8.653],[99.7851,-2.2874,13.8628],[99.7813,-2.2784,2.0974],[99.7844,-2.2788,2.1287],[99.7855,-2.2718,0.0],[99.7818,-2.2687,0.0],[99.7799,-2.2643,0.0],[99.7807,-2.2551,5.2755],[99.7539,-2.2358,10.4834],[99.7454,-2.2189,1.1322],[99.7454,-2.213,1.2706],[99.7401,-2.2122,0.0],[99.735,-2.2046,0.0],[99.7356,-2.2017,1.36],[99.7326,-2.1952,5.1357],[99.7361,-2.1904,0.0],[99.736,-2.187,0.0],[99.7323,-2.1851,0.0],[99.7338,-2.1893,2.9388],[99.7288,-2.1885,1.6757],[99.7266,-2.1854,0.0],[99.7253,-2.186,4.1905],[99.7204,-2.1823,4.3131],[99.7221,-2.1802,2.2096],[99.7219,-2.1774,3.2964],[99.7261,-2.175,0.0],[99.7208,-2.1676,0.0],[99.7158,-2.169,7.5843],[99.7144,-2.1656,8.1542],[99.7154,-2.1642,6.0629],[99.711,-2.1628,10.957],[99.7143,-2.1621,9.5466],[99.7175,-2.1649,0.0],[99.717,-2.1571,3.8519],[99.7139,-2.1567,6.7939],[99.7115,-2.1523,0.0],[99.7099,-2.1293,0.0],[99.7069,-2.1154,5.2558],[99.704,-2.11,3.3165],[99.7065,-2.0982,3.1724],[99.7032,-2.0954,0.5479],[99.7042,-2.0905,1.1813],[99.7028,-2.0888,3.9737],[99.6998,-2.089,8.5757],[99.702,-2.0875,0.0],[99.7018,-2.0849,1.4811],[99.6986,-2.0866,10.8276],[99.697,-2.0852,0.0],[99.6965,-2.0866,6.0968],[99.6928,-2.0865,3.3719],[99.6946,-2.0832,0.0],[99.6915,-2.076,0.0],[99.6844,-2.0744,3.1652],[99.6832,-2.0715,0.0],[99.68,-2.071,7.5484],[99.6801,-2.069,0.0],[99.6778,-2.0699,4.6665],[99.6793,-2.0713,12.5897],[99.6748,-2.0708,5.7669],[99.6738,-2.0671,2.6989],[99.668,-2.0664,6.0608],[99.6637,-2.062,5.1166],[99.6623,-2.0579,0.0],[99.6552,-2.0557,18.1045],[99.654,-2.0492,1.0155],[99.6522,-2.0475,0.0],[99.6456,-2.0458,0.0],[99.6429,-2.0485,0.0],[99.6431,-2.0507,7.0053],[99.6392,-2.0482,4.6401],[99.6395,-2.0502,13.0527],[99.6374,-2.0507,13.5744],[99.6373,-2.0457,0.0],[99.634,-2.0441,8.3101],[99.6346,-2.0428,11.4854],[99.6401,-2.0426,2.5024],[99.6415,-2.0402,0.0],[99.6371,-2.0352,0.0],[99.635,-2.0368,10.3961],[99.6311,-2.0353,1.9054],[99.6295,-2.0386,13.2997],[99.6255,-2.0392,2.6813],[99.6276,-2.0411,7.1844],[99.6263,-2.0413,9.5473],[99.6236,-2.0385,4.8026],[99.6225,-2.0405,11.7911],[99.6214,-2.0385,6.2609],[99.6204,-2.0402,12.4584],[99.6163,-2.0399,16.2167],[99.6159,-2.0341,8.6505],[99.6191,-2.0328,10.8497],[99.6208,-2.036,6.7078],[99.6235,-2.0362,4.8312],[99.6264,-2.0337,4.7388],[99.6261,-2.0288,2.4847],[99.6211,-2.0274,0.0],[99.6156,-2.032,7.9254],[99.612,-2.031,0.0],[99.6106,-2.0327,2.425],[99.6036,-2.0321,4.2749],[99.6031,-2.0332,15.6919],[99.5985,-2.028,4.2025],[99.5927,-2.0356,1.5404],[99.5882,-2.036,0.0],[99.5871,-2.0392,6.1814],[99.584,-2.0404,12.7431],[99.5877,-2.0328,4.2737],[99.5936,-2.0302,3.579],[99.5882,-2.0252,1.033],[99.5813,-2.0339,0.0],[99.5727,-2.0374,0.0],[99.569,-2.0373,0.0],[99.5592,-2.0451,6.9892],[99.5567,-2.0494,0.0],[99.567,-2.0596,5.7937],[99.5665,-2.063,0.0],[99.5643,-2.0654,5.5282],[99.5597,-2.0655,3.683],[99.5554,-2.0694,0.0],[99.5523,-2.0687,5.5005],[99.5472,-2.0705,0.0],[99.547,-2.0792,3.6301],[99.5525,-2.0965,0.0],[99.5508,-2.1042,26.9193],[99.5531,-2.1106,3.7854],[99.5577,-2.1187,0.0],[99.566,-2.1224,7.0322],[99.5663,-2.1262,0.0],[99.563,-2.1283,16.4443],[99.5661,-2.1349,0.0],[99.5659,-2.138,0.0],[99.5741,-2.146,29.1992],[99.5698,-2.1531,11.388],[99.5666,-2.1544,2.56],[99.5571,-2.1518,5.5298],[99.5547,-2.1484,0.0],[99.5501,-2.1462,0.0],[99.5374,-2.144,2.4277],[99.5313,-2.1472,0.0],[99.5285,-2.1553,5.2046],[99.5317,-2.1612,1.0224],[99.5316,-2.1678,0.0],[99.5358,-2.1745,5.3137],[99.5365,-2.1796,7.6092],[99.5382,-2.1822,4.4884],[99.5411,-2.1821,19.6881],[99.5439,-2.1841,7.3904],[99.5481,-2.1916,0.0],[99.551,-2.2087,3.4634],[99.5556,-2.2118,4.5835],[99.559,-2.2166,1.8364],[99.5621,-2.2179,15.5533],[99.5629,-2.2208,0.0],[99.5712,-2.2227,11.498],[99.5747,-2.2272,0.0],[99.5748,-2.23,0.0],[99.5719,-2.2336,5.4613],[99.5749,-2.2456,0.0],[99.5784,-2.2444,0.0],[99.5799,-2.2384,0.0],[99.5836,-2.2329,3.9062],[99.5845,-2.2239,3.0477],[99.5892,-2.2221,4.928],[99.5944,-2.2235,9.0583],[99.5978,-2.2285,0.0],[99.5979,-2.2308,8.9618],[99.5927,-2.2365,0.0],[99.5946,-2.2432,13.0345],[99.5921,-2.2491,2.3411],[99.5925,-2.2525,1.9294],[99.5951,-2.252,0.0],[99.604,-2.2421,8.5198],[99.6102,-2.2466,0.0],[99.6103,-2.253,6.7381],[99.6065,-2.2562,2.7519],[99.599,-2.258,5.2651],[99.598,-2.2603,13.5977],[99.5987,-2.2707,6.5589],[99.6015,-2.2764,0.0],[99.6012,-2.2841,4.7933],[99.6063,-2.2861,9.9328],[99.6082,-2.2907,13.1177],[99.6148,-2.2931,0.0],[99.6208,-2.2848,0.0],[99.6225,-2.2746,5.0438],[99.6262,-2.2727,7.7608],[99.6287,-2.274,1.7435],[99.629,-2.2775,8.9041],[99.6319,-2.281,8.0034],[99.6288,-2.2868,11.1993],[99.6322,-2.2903,0.6048],[99.6383,-2.2871,0.0],[99.6406,-2.282,7.0315],[99.6445,-2.2811,12.9378],[99.6566,-2.2832,3.065],[99.673,-2.2886,13.9285],[99.683,-2.2941,41.5846],[99.6848,-2.2961,20.9478],[99.6846,-2.2998,6.911],[99.6931,-2.3004,29.3284],[99.6979,-2.3047,0.0],[99.6991,-2.3083,7.5929],[99.7067,-2.3108,6.9134],[99.7086,-2.3136,17.7462],[99.7069,-2.318,0.0],[99.7106,-2.3275,4.4492],[99.7139,-2.3302,3.5352],[99.7221,-2.3328,8.8426],[99.7305,-2.3335,6.5714],[99.7382,-2.3452,6.6313],[99.7457,-2.3477,6.4253],[99.7593,-2.3413,1.2929],[99.7679,-2.3409,6.3003],[99.783,-2.3438,7.5419],[99.7884,-2.3468,7.7934],[99.7894,-2.3519,10.1218],[99.793,-2.356,1.4691],[99.7907,-2.3619,2.6785],[99.7958,-2.3692,8.1127],[99.7986,-2.3709,3.0812],[99.8025,-2.3673,6.4914],[99.8117,-2.3704,3.8799],[99.818,-2.3651,5.9199],[99.8205,-2.3657,7.3619],[99.8223,-2.3692,1.4934],[99.8288,-2.3626,8.327],[99.8371,-2.3634,7.2266],[99.8409,-2.3671,45.431],[99.8403,-2.3748,4.0703],[99.8421,-2.3787,7.5657],[99.8394,-2.3876,17.6112],[99.8426,-2.3952,2.8975],[99.8502,-2.4016,7.1958],[99.8601,-2.4028,3.7006],[99.8633,-2.3981,8.5823],[99.8635,-2.385,0.0],[99.8617,-2.3788,0.0],[99.8576,-2.3773,0.0],[99.8549,-2.3722,6.8443],[99.8509,-2.3559,2.0226],[99.8442,-2.348,3.8317],[99.8443,-2.3444,5.4096],[99.8477,-2.3394,3.7304],[99.8472,-2.3366,1.6749],[99.8446,-2.3341,0.0],[99.8387,-2.3343,0.0],[99.8339,-2.3286,1.6541],[99.8316,-2.3203,0.0],[99.8242,-2.3081,5.7677],[99.8198,-2.3043,0.0],[99.814,-2.3036,9.2669]]],
[[[99.7221,-2.3373,0.0],[99.7214,-2.3381,0.0],[99.7224,-2.3389,0.0],[99.7231,-2.3374,0.0],[99.7221,-2.3373,0.0]]],
[[[100.1565,-3.0119,0.9376],[100.1471,-3.0061,0.0],[100.1445,-3.0083,0.0],[100.145,-3.0169,0.0],[100.1485,-3.0251,0.0],[100.1529,-3.0275,0.4596],[100.1568,-3.0201,11.979],[100.1565,-3.0119,0.9376]]],
[[[100.1645,-3.0067,4.1283],[100.16,-3.0064,0.8343],[100.1591,-3.0084,0.0],[100.1621,-3.0113,0.0],[100.1681,-3.0116,5.4047],[100.1685,-3.009,4.0332],[100.1645,-3.0067,4.1283]]],
[[[100.1809,-2.8874,13.0033],[100.1805,-2.8853,0.6548],[100.1773,-2.8852,0.0],[100.1743,-2.8873,0.0],[100.1728,-2.8908,0.0],[100.1769,-2.8945,13.3183],[100.1814,-2.8918,17.275],[100.1809,-2.8874,13.0033]]],
[[[100.169,-2.8767,9.1025],[100.1686,-2.875,2.6378],[100.1624,-2.8714,0.0],[100.1605,-2.8726,0.0],[100.1595,-2.8774,0.0],[100.1652,-2.884,3.8359],[100.1675,-2.8846,1.2506],[100.1701,-2.8817,10.4111],[100.169,-2.8767,9.1025]]],
[[[100.1464,-2.8486,9.6915],[100.1443,-2.8467,0.0],[100.1403,-2.8474,0.0],[100.1343,-2.8519,0.0],[100.1318,-2.8516,0.0],[100.1303,-2.8541,0.0],[100.1311,-2.8569,0.0],[100.1476,-2.8628,17.8937],[100.1512,-2.8587,12.9389],[100.1499,-2.8502,2.5752],[100.1464,-2.8486,9.6915]]],
[[[100.1749,-2.8325,0.0],[100.174,-2.8338,0.0],[100.1743,-2.8345,0.0],[100.1758,-2.832,0.0],[100.1749,-2.8325,0.0]]],
[[[100.1675,-2.8263,0.0],[100.1681,-2.8283,0.0],[100.1713,-2.8297,0.0],[100.1748,-2.8282,4.4367],[100.1761,-2.8255,0.0],[100.174,-2.8212,0.0],[100.1714,-2.8206,0.0],[100.168,-2.8227,0.0],[100.1675,-2.8263,0.0]]],
[[[100.1642,-2.8185,2.4424],[100.1675,-2.8208,4.3141],[100.1699,-2.8103,0.0],[100.163,-2.8135,0.0],[100.1642,-2.8185,2.4424]]],
[[[100.0429,-2.5242,0.0],[100.0432,-2.5242,0.0],[100.0431,-2.524,0.0],[100.0429,-2.524,0.0],[100.0429,-2.5242,0.0]]],
[[[100.1687,-2.7993,2.8962],[100.1667,-2.7979,0.0],[100.1647,-2.7989,0.0],[100.1661,-2.8005,17.7207],[100.1687,-2.7993,2.8962]]],
[[[100.1738,-1.1353,0.0],[100.1715,-1.1354,0.0],[100.1714,-1.1368,0.0],[100.1734,-1.1357,0.0],[100.1738,-1.1353,0.0]]],
[[[100.1698,-1.1355,0.0],[100.1709,-1.1351,0.0],[100.1712,-1.1339,0.0],[100.1707,-1.134,0.0],[100.1698,-1.1355,0.0]]],
[[[99.5364,-2.2187,3.3169],[99.5399,-2.2225,1.3335],[99.5439,-2.2226,4.7136],[99.544,-2.2122,3.7381],[99.5405,-2.211,0.0],[99.5388,-2.2121,2.3519],[99.5364,-2.2187,3.3169]]],
[[[99.5314,-2.1284,5.3359],[99.5258,-2.1282,0.0],[99.528,-2.134,2.3695],[99.5397,-2.1312,10.8308],[99.5359,-2.1283,4.6931],[99.5314,-2.1284,5.3359]]],
[[[99.5218,-2.1246,0.0],[99.5258,-2.1253,0.826],[99.5261,-2.1241,0.0],[99.5222,-2.1227,0.0],[99.5218,-2.1246,0.0]]],
[[[99.3058,-1.9029,0.0],[99.303,-1.899,3.8051],[99.2954,-1.9007,4.0545],[99.2926,-1.9087,1.002],[99.2934,-1.9198,4.2855],[99.2981,-1.9288,1.3952],[99.3039,-1.9308,2.8466],[99.3101,-1.9308,0.0],[99.3159,-1.9243,0.0],[99.3125,-1.9239,2.0708],[99.3145,-1.9234,0.0],[99.3151,-1.9208,0.0],[99.3132,-1.916,3.065],[99.3086,-1.9125,0.0],[99.3036,-1.9046,0.6232],[99.3058,-1.9029,0.0]]],
[[[99.6397,-2.0458,2.7436],[99.6395,-2.0471,4.9321],[99.6401,-2.0481,4.6401],[99.6413,-2.0463,0.0],[99.6397,-2.0458,2.7436]]],
[[[99.6357,-2.0349,1.1063],[99.6353,-2.0354,1.1063],[99.6353,-2.0359,1.1063],[99.6361,-2.0355,1.1063],[99.6357,-2.0349,1.1063]]],
[[[99.6194,-2.0348,0.0],[99.6199,-2.0344,7.3064],[99.6185,-2.0342,7.3064],[99.6185,-2.0346,0.0],[99.6194,-2.0348,0.0]]],
[[[99.6156,-2.0308,0.5663],[99.6153,-2.0308,0.5663],[99.615,-2.0316,7.9254],[99.6154,-2.0314,7.9254],[99.6156,-2.0308,0.5663]]],
[[[99.6087,-2.0305,0.5498],[99.6082,-2.0304,0.5498],[99.6087,-2.0311,0.5498],[99.6088,-2.0306,0.5498],[99.6087,-2.0305,0.5498]]],
[[[99.616,-2.0298,0.5663],[99.6161,-2.031,0.5663],[99.6165,-2.0311,2.5571],[99.6167,-2.0302,2.5571],[99.616,-2.0298,0.5663]]],
[[[99.608,-2.0284,0.6892],[99.6076,-2.0281,0.6892],[99.6074,-2.0283,0.6892],[99.6077,-2.0287,0.6892],[99.608,-2.0284,0.6892]]],
[[[99.6143,-2.0208,8.6873],[99.6118,-2.0194,0.0],[99.609,-2.0207,0.0],[99.6118,-2.0242,2.0044],[99.6143,-2.0208,8.6873]]],
[[[99.5668,-2.0059,4.8654],[99.5594,-2.0017,6.6013],[99.5472,-2.0084,5.9377],[99.5557,-2.0224,0.0],[99.5568,-2.0221,0.0],[99.5557,-2.0204,0.0],[99.5584,-2.0188,17.6426],[99.5591,-2.0208,9.479],[99.562,-2.0213,0.0],[99.5663,-2.0194,9.3114],[99.5756,-2.0246,0.0],[99.5724,-2.0171,5.7655],[99.5732,-2.0123,0.0],[99.5713,-2.0103,0.8848],[99.5712,-2.0072,0.0],[99.5668,-2.0059,4.8654]]],
[[[99.5789,-1.9963,1.9923],[99.5798,-1.9947,0.0],[99.5777,-1.9904,0.0],[99.5727,-1.9883,8.9424],[99.5692,-1.9891,0.0],[99.5652,-1.9928,5.1766],[99.5636,-1.9995,8.4758],[99.566,-2.0015,0.0],[99.5697,-2.0001,0.0],[99.568,-1.9958,0.0],[99.5699,-1.9938,7.5851],[99.5721,-1.9946,8.3292],[99.5731,-1.999,0.0],[99.5769,-1.9995,6.41],[99.575,-2.0013,0.0],[99.5779,-2.0036,0.0],[99.5799,-2.0003,0.0],[99.5789,-1.9963,1.9923]]],
[[[99.587,-1.9706,4.0887],[99.5803,-1.9676,0.0],[99.5779,-1.9686,7.9808],[99.5764,-1.9728,14.4887],[99.5823,-1.9841,3.8707],[99.5879,-1.9891,11.1626],[99.5869,-1.9924,12.2757],[99.5905,-1.9934,2.0698],[99.5914,-1.9913,2.8682],[99.5929,-1.9938,0.0],[99.5982,-1.9934,6.5844],[99.6045,-1.9973,1.6041],[99.6062,-1.9964,0.0],[99.6058,-1.9903,3.7483],[99.6003,-1.9847,8.3901],[99.6008,-1.983,4.5531],[99.5955,-1.9786,9.9315],[99.5937,-1.9746,25.1489],[99.5922,-1.975,25.1489],[99.587,-1.9706,4.0887]]],
[[[99.5701,-1.9663,0.0],[99.57,-1.9652,0.0],[99.5681,-1.9648,0.0508],[99.5693,-1.9667,0.0],[99.5701,-1.9663,0.0]]],
[[[99.5711,-1.9644,0.0],[99.5705,-1.9644,0.0],[99.5706,-1.9651,0.0],[99.5712,-1.9648,0.0],[99.5711,-1.9644,0.0]]],
[[[99.5675,-1.9641,0.0],[99.5673,-1.964,0.0],[99.567,-1.9642,0.0],[99.5676,-1.9646,0.0508],[99.5675,-1.9641,0.0]]],
[[[99.314,-1.9021,4.7107],[99.3153,-1.9038,0.0],[99.3167,-1.9034,0.0],[99.3155,-1.9016,4.7107],[99.314,-1.9021,4.7107]]],
[[[99.3138,-1.8958,0.0],[99.3139,-1.8972,0.0],[99.3147,-1.8973,0.0],[99.3143,-1.8957,0.0],[99.3138,-1.8958,0.0]]],
[[[99.2844,-1.8723,2.8013],[99.2804,-1.8714,11.4009],[99.2755,-1.8735,2.8772],[99.2795,-1.8791,4.5259],[99.2898,-1.8796,0.0],[99.2901,-1.875,0.9662],[99.288,-1.8727,0.0],[99.2844,-1.8723,2.8013]]],
[[[99.0942,-1.8619,0.0],[99.0903,-1.8598,0.0],[99.0816,-1.8607,0.0],[99.077,-1.8638,0.0],[99.077,-1.8661,0.0],[99.0814,-1.8678,5.6383],[99.0906,-1.8664,0.0],[99.0947,-1.8643,0.0],[99.0942,-1.8619,0.0]]],
[[[99.3164,-1.8461,0.0],[99.3095,-1.8449,1.8153],[99.3088,-1.8474,5.2369],[99.3039,-1.8508,9.9422],[99.3027,-1.8545,1.3594],[99.3136,-1.856,4.4685],[99.3191,-1.8548,0.0],[99.3206,-1.8506,0.0],[99.3164,-1.8461,0.0]]],
[[[99.1509,-1.8405,1.8911],[99.1464,-1.833,0.0],[99.1418,-1.8352,0.0],[99.1417,-1.8369,0.0],[99.1464,-1.8402,0.0],[99.1509,-1.8405,1.8911]]],
[[[99.2642,-1.7929,2.0566],[99.2549,-1.7905,7.2174],[99.2562,-1.7933,0.0],[99.2615,-1.7959,20.3369],[99.2665,-1.8015,0.0],[99.2697,-1.8091,18.8225],[99.2694,-1.8128,13.1416],[99.2665,-1.8176,0.0],[99.2581,-1.8255,0.0],[99.257,-1.8293,8.1783],[99.2542,-1.8298,23.7346],[99.2541,-1.8334,17.223],[99.2514,-1.8384,9.6402],[99.2466,-1.8398,17.972],[99.2456,-1.8438,11.8728],[99.241,-1.8457,2.5144],[99.2419,-1.851,3.4949],[99.2464,-1.8496,0.0],[99.2519,-1.8451,7.2236],[99.26,-1.8448,0.0],[99.2641,-1.8394,7.3222],[99.2699,-1.8379,6.128],[99.2748,-1.8379,10.6716],[99.2815,-1.841,3.5421],[99.2869,-1.8403,2.4409],[99.2878,-1.8381,0.0],[99.2947,-1.8332,1.7712],[99.2944,-1.8274,0.0],[99.2908,-1.8239,3.8587],[99.2924,-1.8212,1.3954],[99.2917,-1.8178,0.0],[99.2885,-1.8123,0.6766],[99.2911,-1.808,0.3862],[99.2723,-1.7953,5.2544],[99.2666,-1.7965,11.285],[99.2642,-1.7929,2.0566]]],
[[[99.0437,-1.8124,13.8752],[99.0451,-1.8149,3.4977],[99.0474,-1.8154,0.0],[99.049,-1.809,0.0],[99.047,-1.8053,2.916],[99.0448,-1.8056,12.1875],[99.0425,-1.8095,22.8289],[99.0437,-1.8124,13.8752]]],
[[[99.2947,-1.7789,1.3373],[99.2946,-1.7807,1.7318],[99.2971,-1.7818,0.0],[99.297,-1.7796,4.3831],[99.2947,-1.7789,1.3373]]],
[[[99.2679,-1.7746,0.0],[99.2692,-1.7707,0.0],[99.2663,-1.7683,4.9871],[99.264,-1.7685,0.0],[99.2664,-1.7745,1.0223],[99.2679,-1.7746,0.0]]],
[[[99.2708,-1.7486,0.0],[99.2712,-1.7453,0.0],[99.2692,-1.7447,5.0476],[99.2659,-1.7465,0.7126],[99.2677,-1.749,1.545],[99.2708,-1.7486,0.0]]],
[[[99.2975,-1.739,0.0],[99.2972,-1.7362,0.0],[99.2919,-1.7338,1.3149],[99.2928,-1.7368,0.0],[99.2975,-1.739,0.0]]],
[[[99.3083,-1.727,0.0],[99.3087,-1.7285,0.0],[99.3099,-1.7285,0.0],[99.3098,-1.7265,0.0],[99.3083,-1.727,0.0]]],
[[[99.2472,-1.7824,2.7325],[99.2474,-1.778,1.3858],[99.2491,-1.7767,0.0],[99.2522,-1.7762,16.3758],[99.2555,-1.7785,1.3069],[99.261,-1.779,0.0],[99.2633,-1.7732,0.0],[99.2605,-1.768,0.0],[99.2581,-1.7685,9.9188],[99.2567,-1.7622,0.0],[99.2539,-1.7586,1.0363],[99.2488,-1.7569,4.5211],[99.2433,-1.7432,39.713],[99.2405,-1.7405,6.0378],[99.2419,-1.7355,1.1926],[99.2465,-1.732,0.0],[99.2417,-1.7274,5.5314],[99.2421,-1.7218,0.895],[99.2385,-1.7142,0.0],[99.2401,-1.7063,0.0],[99.2394,-1.7012,2.2768],[99.237799999999993,-1.7004,2.2768],[99.24,-1.6986,0.0],[99.2344,-1.6928,0.0],[99.229,-1.6835,9.3079],[99.2258,-1.6814,3.5508],[99.2208,-1.6634,6.4241],[99.2299,-1.6689,4.6222],[99.2348,-1.6846,0.0],[99.2371,-1.6836,0.5482],[99.237,-1.6787,3.9834],[99.2393,-1.6795,16.7166],[99.2407,-1.6764,6.5562],[99.2294,-1.656,4.225],[99.226,-1.6517,0.9428],[99.2238,-1.6524,35.2597],[99.2248,-1.6495,1.5266],[99.2183,-1.6477,13.345],[99.219,-1.645,5.3206],[99.2173,-1.6443,0.0],[99.2167,-1.6402,4.7147],[99.214,-1.6391,0.0],[99.2137,-1.6419,10.5798],[99.2108,-1.6377,0.0],[99.2079,-1.6394,0.0],[99.2079,-1.6421,4.5886],[99.2047,-1.645,3.196],[99.2009,-1.6436,0.0],[99.1986,-1.6448,16.0407],[99.1998,-1.6434,3.8706],[99.1985,-1.6424,8.7789],[99.202,-1.6381,0.0],[99.1995,-1.6376,8.5386],[99.2035,-1.6372,0.0],[99.202,-1.6336,8.0664],[99.2043,-1.636,6.3058],[99.2082,-1.6343,6.8666],[99.2082,-1.6263,8.6301],[99.206,-1.6244,10.7704],[99.2177,-1.625,5.9501],[99.2235,-1.6296,9.8039],[99.2281,-1.6374,9.0074],[99.2285,-1.6422,8.9548],[99.2381,-1.6601,11.6284],[99.2383,-1.6641,5.1032],[99.2433,-1.6743,0.0],[99.2441,-1.6804,7.9611],[99.2416,-1.683,0.0],[99.2423,-1.6847,0.6682],[99.2456,-1.6869,0.0],[99.2455,-1.6842,7.9392],[99.2519,-1.6929,1.022],[99.2536,-1.7002,6.0919],[99.2511,-1.7047,0.0],[99.2541,-1.7089,4.1588],[99.2539,-1.7119,2.0253],[99.2619,-1.717,1.2025],[99.2637,-1.7124,10.7665],[99.2651,-1.724,8.1347],[99.2619,-1.7315,15.5697],[99.2624,-1.7367,3.6009],[99.2653,-1.7402,0.0],[99.2771,-1.7463,2.2342],[99.2758,-1.751,2.205],[99.2821,-1.7522,1.2647],[99.2921,-1.7505,0.0],[99.2877,-1.7435,0.0],[99.2901,-1.7346,0.0],[99.2883,-1.7308,0.0],[99.2865,-1.7304,6.9646],[99.2861,-1.7272,7.9045],[99.2929,-1.726,2.4839],[99.296,-1.7231,0.0],[99.3012,-1.7228,1.0121],[99.3024,-1.7208,0.7882],[99.300299999999993,-1.7155,0.0],[99.2947,-1.714,6.5359],[99.2915,-1.7087,0.9324],[99.296,-1.7021,0.0],[99.3007,-1.7011,0.0],[99.2916,-1.6873,0.0],[99.2934,-1.6849,0.5813],[99.2981,-1.6881,0.0],[99.3045,-1.6858,0.0],[99.3011,-1.6821,4.4629],[99.293,-1.6786,5.568],[99.2924,-1.67,3.1622],[99.287,-1.6633,2.6144],[99.2855,-1.665,5.9782],[99.2858,-1.6732,5.6691],[99.2831,-1.6752,6.6717],[99.2846,-1.6769,3.8485],[99.2829,-1.6766,0.0],[99.2852,-1.6789,0.0],[99.285,-1.6756,6.6717],[99.2868,-1.6748,1.2159],[99.2887,-1.6802,2.188],[99.2903,-1.6777,4.6115],[99.2898,-1.6804,11.0724],[99.2884,-1.6813,2.3347],[99.2859,-1.6792,0.0],[99.2869,-1.6822,2.8815],[99.2783,-1.6777,5.9015],[99.2773,-1.6746,3.7989],[99.2799,-1.6719,0.0],[99.2784,-1.671,4.8203],[99.2799,-1.6711,0.0],[99.2798,-1.6683,0.0],[99.2769,-1.6683,7.102],[99.2749,-1.6702,7.9308],[99.2763,-1.6673,4.3141],[99.275,-1.6617,3.5623],[99.2779,-1.6634,1.3526],[99.2782,-1.6621,10.2349],[99.2868,-1.6588,5.8639],[99.2909,-1.6547,1.9863],[99.292,-1.6553,0.0],[99.2924,-1.6529,0.0],[99.2891,-1.6519,5.3384],[99.2848,-1.6474,0.0],[99.2794,-1.6499,4.7579],[99.2823,-1.6476,2.1031],[99.2812,-1.6441,0.0],[99.2781,-1.6456,6.7024],[99.2755,-1.6446,6.2941],[99.2741,-1.6465,7.3028],[99.2716,-1.6459,1.664],[99.2706,-1.6473,8.409],[99.2701,-1.6449,0.0],[99.2748,-1.6409,5.9527],[99.2807,-1.6408,1.974],[99.2755,-1.6326,6.7811],[99.2791,-1.6315,6.3481],[99.2823,-1.6368,1.8568],[99.2874,-1.6386,1.642],[99.289,-1.6373,1.54],[99.287,-1.636,7.4034],[99.2878,-1.6324,0.0],[99.2804,-1.6284,4.6547],[99.2786,-1.6227,5.7224],[99.2721,-1.6166,4.6081],[99.273,-1.6143,0.0],[99.2695,-1.6155,4.6521],[99.2678,-1.6184,5.0697],[99.2658,-1.6173,4.7876],[99.2701,-1.6139,1.6779],[99.2668,-1.6031,0.0],[99.2645,-1.6037,6.1948],[99.2621,-1.6004,0.8614],[99.2576,-1.5997,1.4765],[99.2566,-1.6043,5.0676],[99.2542,-1.6036,6.5444],[99.2558,-1.6019,0.0],[99.2545,-1.6009,1.6061],[99.2617,-1.596,0.0],[99.2599,-1.5947,6.1149],[99.2547,-1.5966,5.7289],[99.2521,-1.6005,0.0],[99.2447,-1.6058,5.9269],[99.2357,-1.6064,7.5587],[99.2331,-1.6093,0.0],[99.2265,-1.608,4.6546],[99.2204,-1.6047,3.8118],[99.2159,-1.5967,1.6685],[99.2158,-1.5897,0.9689],[99.214,-1.589,3.1993],[99.2146,-1.5875,1.3444],[99.2102,-1.5789,0.0],[99.208,-1.579,5.4437],[99.2081,-1.5767,1.379],[99.2059,-1.5778,1.5476],[99.2056,-1.5766,1.5476],[99.2003,-1.5804,3.519],[99.1983,-1.5796,3.851],[99.1966,-1.577,0.0],[99.1973,-1.5714,1.6938],[99.194,-1.5676,1.9106],[99.1979,-1.5606,4.4748],[99.1962,-1.5573,7.6588],[99.2,-1.5574,1.5907],[99.2021,-1.5546,0.0],[99.2066,-1.5548,0.0],[99.209,-1.5523,0.0],[99.2077,-1.5524,7.1435],[99.2079,-1.5482,4.7354],[99.1935,-1.5437,1.3978],[99.1966,-1.5408,4.049],[99.2022,-1.5389,0.7811],[99.2054,-1.5337,0.0],[99.2069,-1.5266,0.0],[99.2014,-1.5164,0.0],[99.1952,-1.5093,0.0],[99.1944,-1.5102,0.0],[99.196,-1.5116,4.6541],[99.1953,-1.513,9.6414],[99.1931,-1.5127,1.0],[99.1923,-1.5182,8.1874],[99.1892,-1.5178,0.0],[99.1891,-1.5194,2.0903],[99.1853,-1.5211,3.9083],[99.1832,-1.5168,2.9766],[99.1849,-1.5135,0.0],[99.183,-1.5124,0.0],[99.1809,-1.5044,0.6811],[99.1783,-1.5035,5.3386],[99.1759,-1.5057,2.8079],[99.1731,-1.5048,8.2818],[99.1713,-1.5032,9.5551],[99.172,-1.4984,0.0],[99.1625,-1.4951,5.4719],[99.1602,-1.4893,0.0],[99.1594,-1.4907,3.4487],[99.1558,-1.4877,0.0],[99.1537,-1.4888,5.7384],[99.1512,-1.4854,4.1372],[99.1482,-1.4859,3.8463],[99.1482,-1.4828,0.0],[99.1443,-1.4803,6.6837],[99.1424,-1.4743,0.0],[99.131,-1.4636,5.5179],[99.1306,-1.462,7.9676],[99.1327,-1.46,1.5528],[99.1292,-1.4585,0.0],[99.1274,-1.4555,0.7343],[99.1242,-1.4569,4.2759],[99.1239,-1.454,1.2118],[99.1201,-1.449,4.4215],[99.1227,-1.448,0.0],[99.1182,-1.4461,4.1803],[99.1151,-1.4415,1.8508],[99.116,-1.4397,2.6269],[99.1196,-1.441,3.4058],[99.123,-1.4399,7.0065],[99.1248,-1.4445,4.0111],[99.127,-1.4445,4.9246],[99.1431,-1.4597,3.6018],[99.1492,-1.4594,8.7443],[99.1503,-1.4624,4.3714],[99.1527,-1.4633,0.0],[99.1544,-1.462,4.2405],[99.1572,-1.4656,4.2493],[99.1604,-1.4655,4.2822],[99.1665,-1.4713,0.0],[99.1699,-1.4709,0.6791],[99.1696,-1.4656,3.0232],[99.1662,-1.4595,0.0],[99.1605,-1.455,8.5298],[99.1621,-1.455,0.0],[99.1635,-1.4498,3.22],[99.1599,-1.4498,3.4659],[99.161,-1.444,9.01],[99.1654,-1.4442,2.3321],[99.1691,-1.441,0.0],[99.1657,-1.4329,12.972],[99.167,-1.4314,0.0],[99.1597,-1.4214,0.0],[99.1534,-1.416,0.0],[99.1522,-1.4065,1.1632],[99.147,-1.3992,1.0467],[99.1415,-1.3972,0.0],[99.1385,-1.3991,2.4441],[99.1343,-1.4056,4.4323],[99.1281,-1.4083,18.612],[99.1269,-1.4062,6.8199],[99.1324,-1.4018,2.0568],[99.134,-1.3953,2.7745],[99.1327,-1.39,5.5439],[99.1299,-1.3866,1.3165],[99.1222,-1.3837,3.8792],[99.1149,-1.3877,1.7808],[99.113,-1.3915,2.7835],[99.1151,-1.3956,7.9524],[99.1134,-1.3973,5.9743],[99.1111,-1.3947,5.0203],[99.111,-1.3915,3.2062],[99.1081,-1.3894,0.0],[99.107,-1.3909,2.6002],[99.1069,-1.3889,0.0],[99.1045,-1.3892,0.0],[99.1032,-1.3918,9.3419],[99.1034,-1.3891,1.4748],[99.1047,-1.3886,0.0],[99.1017,-1.3883,11.72],[99.1063,-1.3871,3.8727],[99.1092,-1.3887,1.8527],[99.1118,-1.3882,2.4853],[99.1126,-1.3861,2.6283],[99.1103,-1.3852,1.5913],[99.1093,-1.3814,3.9316],[99.1104,-1.38,9.185],[99.1098,-1.3822,3.9316],[99.1112,-1.3841,2.3378],[99.1149,-1.385,0.0],[99.1171,-1.3782,0.0],[99.1094,-1.3795,1.3361],[99.1079,-1.3706,2.3562],[99.0991,-1.3653,8.1587],[99.0964,-1.3458,0.0],[99.0894,-1.3299,4.635],[99.0908,-1.3258,2.6772],[99.0903,-1.3195,17.0386],[99.0921,-1.3172,0.4168],[99.0872,-1.3106,3.3944],[99.0873,-1.3076,0.0],[99.0838,-1.3052,2.9506],[99.0837,-1.299,0.0],[99.0811,-1.2943,0.4757],[99.0772,-1.2902,0.0],[99.0724,-1.2915,2.8363],[99.0734,-1.2998,7.0681],[99.0687,-1.2975,1.6785],[99.0691,-1.3036,6.0284],[99.0664,-1.3009,0.0],[99.0625,-1.301,6.4662],[99.0643,-1.2963,2.7084],[99.0612,-1.297,3.1774],[99.0575,-1.2933,4.0238],[99.0565,-1.2961,0.9933],[99.0531,-1.2927,0.0],[99.0523,-1.2946,1.6795],[99.0543,-1.2973,4.4834],[99.0506,-1.2947,1.6795],[99.053,-1.2901,1.0246],[99.0562,-1.2915,0.0],[99.0648,-1.2889,5.9416],[99.0629,-1.2857,0.0],[99.0586,-1.2853,14.6234],[99.0591,-1.2809,0.0],[99.0524,-1.2744,7.666],[99.0528,-1.2731,3.0809],[99.0596,-1.2758,5.1341],[99.0652,-1.2751999999999999,0.0],[99.0667,-1.2727,7.1943],[99.0692,-1.2727,0.0],[99.0658,-1.2703,3.1151],[99.0654,-1.2646,3.6588],[99.0691,-1.264,1.0826],[99.0687,-1.2657,1.6033],[99.0704,-1.2641,1.0826],[99.0676,-1.2607,0.0],[99.0685,-1.2529,0.0],[99.0577,-1.2425,2.6647],[99.0573,-1.2336,3.0727],[99.0509,-1.2264,0.0],[99.0472,-1.2252,0.0],[99.047,-1.2294,5.1609],[99.0448,-1.2313,12.4279],[99.0446,-1.2301,0.0],[99.0303,-1.2276,3.0597],[99.0334,-1.2233,0.0],[99.0287,-1.2219,0.0],[99.0276,-1.223,3.7511],[99.0241,-1.2207,0.5575],[99.0274,-1.2159,6.5192],[99.0304,-1.2151,0.0],[99.0287,-1.2109,5.8589],[99.0328,-1.2107,5.8939],[99.0362,-1.2131,0.0],[99.0412,-1.2087,2.5654],[99.0415,-1.2056,1.8704],[99.034,-1.1954,3.2896],[99.0339,-1.1896,0.2458],[99.0315,-1.1828,0.0],[99.0256,-1.1798,3.5172],[99.0261,-1.1776,0.0],[99.0242,-1.1774,0.0],[99.0241,-1.1752,0.0],[99.0201,-1.1722,0.0],[99.0156,-1.1715,0.647],[99.0082,-1.1634,0.0],[99.0073,-1.1559,0.0],[99.0033,-1.1473,0.0],[99.0033,-1.1412,0.0],[98.9995,-1.1348,0.0],[99.0,-1.1186,2.2844],[99.0022,-1.1179,0.0],[99.0023,-1.1149,0.0],[98.9721,-1.0957,0.0],[98.9622,-1.0845,0.0],[98.9619,-1.0805,6.3174],[98.958,-1.0759,0.0],[98.9559,-1.076,0.0],[98.9563,-1.0787,5.1832],[98.9603,-1.0821,6.7495],[98.9549,-1.0824,0.0],[98.9554,-1.0842,4.9305],[98.9535,-1.0869,2.498],[98.9562,-1.0871,11.3936],[98.9586,-1.0904,5.4461],[98.953,-1.091,0.0],[98.9492,-1.0894,2.7843],[98.9486,-1.088,2.7843],[98.9523,-1.0869,2.498],[98.9549,-1.0838,4.9305],[98.9483,-1.0838,2.9232],[98.949,-1.0824,0.9729],[98.9463,-1.0801,0.3473],[98.9469,-1.0679,0.0],[98.9426,-1.0701,3.8625],[98.9406,-1.0691,2.7481],[98.9398,-1.0629,0.0],[98.9354,-1.0607,0.0],[98.9364,-1.0587,4.34],[98.9404,-1.0574,0.0],[98.9394,-1.0478,0.0],[98.9367,-1.0425,0.0],[98.937,-1.0366,0.0],[98.9355,-1.035,0.0],[98.937,-1.0312,0.0],[98.934,-1.0242,0.0],[98.9297,-1.022,0.0],[98.9291,-1.018,0.0],[98.9226,-1.0109,1.2639],[98.9202,-1.0045,0.0],[98.9172,-1.0015,2.065],[98.9191,-0.9895,2.1753],[98.922,-0.9875,11.0986],[98.9279,-0.9888,11.8654],[98.9332,-0.9953,1.7061],[98.9351,-1.0019,0.0],[98.9449,-1.0166,0.0],[98.9482,-1.0151,0.0],[98.9483,-1.0129,7.2624],[98.9492,-1.0143,4.2804],[98.9502,-1.0131,5.5901],[98.9517,-1.0139,5.5901],[98.952,-1.0118,1.086],[98.9489,-1.0055,0.0],[98.9472,-1.0069,6.2339],[98.9466,-1.0054,0.0],[98.9445,-1.0066,2.9613],[98.944,-1.0055,2.8091],[98.9433,-0.9966,4.395],[98.9455,-0.9867,11.7725],[98.9431,-0.983,8.4502],[98.9453,-0.9813,6.976],[98.9419,-0.9781,2.6514],[98.9427,-0.9744,0.0],[98.9404,-0.9733,3.3885],[98.9359,-0.9629,0.0],[98.9317,-0.9583,0.0],[98.9334,-0.954,8.2648],[98.936,-0.9531,0.0],[98.934,-0.9475,4.3278],[98.9349,-0.9449,6.6747],[98.9305,-0.934,0.0],[98.9278,-0.9311,0.0],[98.9246,-0.9308,0.0],[98.9222,-0.9324,0.0],[98.9216,-0.9375,3.39],[98.9118,-0.9411,0.0],[98.9073,-0.9457,1.3241],[98.8987,-0.9417,1.6292],[98.8988,-0.9374,0.0],[98.8971,-0.9352,1.7615],[98.9024,-0.9266,4.969],[98.9077,-0.9341,1.7584],[98.9072,-0.9427,1.2445],[98.911,-0.9407,0.0],[98.9091,-0.9361,3.2202],[98.9116,-0.9261,0.0],[98.91,-0.9207,6.6011],[98.9126,-0.9146,0.0],[98.9118,-0.9107,0.0],[98.9098,-0.9089,3.1366],[98.8993,-0.9059,0.0],[98.8937,-0.9083,8.052],[98.8842,-0.9214,16.0675],[98.867,-0.9322,1.4237],[98.8635,-0.9334,1.8398],[98.8643,-0.9315,0.0],[98.8552,-0.9358,0.0],[98.8248,-0.9395,0.0],[98.8104,-0.9512,0.0],[98.7991,-0.9562,0.0],[98.7816,-0.9575,0.0],[98.7748,-0.9555,0.0],[98.7579,-0.9586,0.0],[98.7418,-0.9591,2.5301],[98.7301,-0.9545,0.0],[98.7252,-0.9463,5.8765],[98.721,-0.9439,0.0],[98.7144,-0.9459,0.0],[98.7112,-0.9452,5.7712],[98.7015,-0.9538,6.3922],[98.6915,-0.959,6.1141],[98.6872,-0.958,6.4008],[98.6852,-0.9591,1.4869],[98.6736,-0.9752,0.0],[98.6687,-0.9786,7.0392],[98.6636,-0.9798,0.0],[98.6644,-0.9947,9.6265],[98.6625,-0.999,1.1142],[98.6628,-1.0043,4.5329],[98.6602,-1.0085,11.8794],[98.662,-1.0575,5.4951],[98.6537,-1.1,11.2256],[98.6495,-1.108,10.7144],[98.6411,-1.1096,13.4745],[98.6371,-1.1416,13.4593],[98.6336,-1.1487,12.6807],[98.6293,-1.149,6.562],[98.6271,-1.1469,0.0],[98.6283,-1.1509,0.0],[98.6271,-1.1585,22.4878],[98.6235,-1.1612,0.0],[98.6228,-1.1682,34.2135],[98.618,-1.1745,0.0],[98.6157,-1.1831,5.9601],[98.6084,-1.1902,7.4444],[98.601,-1.1919,1.9199],[98.5967,-1.1989,4.5413],[98.5976,-1.2063,0.0],[98.6032,-1.2167,18.8159],[98.6023,-1.2213,9.4987],[98.6046,-1.2277,6.6414],[98.6355,-1.2587,7.6928],[98.6418,-1.2759,25.878],[98.6416,-1.2798,10.5709],[98.6387,-1.2823,2.1294],[98.6371,-1.2868,11.4137],[98.6523,-1.3078,2.1921],[98.654,-1.3136,1.5856],[98.6862,-1.3495,1.8631],[98.6946,-1.3611,8.3325],[98.6953,-1.3646,1.1152],[98.7041,-1.3787,0.0],[98.7251,-1.4037,0.0],[98.7366,-1.4215,14.9556],[98.7448,-1.4379,28.7248],[98.7466,-1.4454,55.5628],[98.7527,-1.4527,0.0],[98.7532,-1.4514,0.0],[98.755,-1.4529,13.6436],[98.7565,-1.455,81.7048],[98.7557,-1.4564,0.0],[98.7628,-1.4648,86.4634],[98.7665,-1.4732,0.0],[98.7917,-1.5036,0.0],[98.7963,-1.507,134.2666],[98.804,-1.5184,155.8772],[98.8053,-1.5225,0.0],[98.8034,-1.5291,0.0],[98.8062,-1.5367,98.1012],[98.8158,-1.548,6.4798],[98.82,-1.5599,0.0],[98.837,-1.5858,6.6927],[98.8372,-1.6021,3.8614],[98.8348,-1.6068,6.7724],[98.8299,-1.6094,0.0],[98.8252,-1.6148,2.3776],[98.8256,-1.6164,0.0],[98.8616,-1.6451,3.9764],[98.8653,-1.6504,0.0],[98.8683,-1.6634,0.8686],[98.8745,-1.6753,0.0],[98.8796,-1.6804,0.0],[98.9251,-1.7051,2.524],[98.9281,-1.7083,1.183],[98.9566,-1.7247,3.6827],[98.9939,-1.7502,2.7897],[99.0053,-1.7563,61.8201],[99.0118,-1.7626,33.4418],[99.0402,-1.7759,11.5161],[99.0551,-1.7863,0.0],[99.0691,-1.7898,4.8061],[99.0779,-1.7939,64.9097],[99.0833,-1.7982,0.0],[99.0887,-1.7995,103.5385],[99.0908,-1.8028,8.9745],[99.1054,-1.8063,0.0],[99.1074,-1.8089,9.9073],[99.1066,-1.8114,2.4876],[99.1084,-1.8124,2.1598],[99.1103,-1.8116,0.0],[99.1117,-1.813,0.0],[99.1125,-1.8088,0.0],[99.1165,-1.8067,0.0],[99.1224,-1.8062,9.613],[99.1255,-1.8086,0.0],[99.1399,-1.8042,3.9466],[99.1421,-1.8048,0.0],[99.1445,-1.8015,0.0],[99.1423,-1.7954,2.4434],[99.1429,-1.7925,4.1721],[99.1466,-1.7875,2.4506],[99.1544,-1.7814,0.5],[99.1573,-1.7822,0.9813],[99.171,-1.7792,4.0464],[99.1968,-1.7796,0.0],[99.2201,-1.7836,3.3231],[99.2277,-1.7856,9.9793],[99.2335,-1.7954,0.0],[99.2404,-1.797,3.8173],[99.2441,-1.7942,0.0],[99.2472,-1.7824,2.7325]]],
[[[99.2575,-1.7153,4.5676],[99.2513,-1.7148,0.0],[99.2586,-1.7249,0.0],[99.2594,-1.7201,2.6574],[99.2575,-1.7153,4.5676]]],
[[[99.2461,-1.7044,1.7916],[99.2468,-1.7071,4.9936],[99.2476,-1.7073,4.9936],[99.2477,-1.7039,1.7916],[99.2461,-1.7044,1.7916]]],
[[[99.2441,-1.7023,1.3911],[99.2449,-1.7037,0.0],[99.2454,-1.7037,0.0],[99.2449,-1.7017,1.3911],[99.2441,-1.7023,1.3911]]],
[[[99.2479,-1.6982,0.0],[99.2482,-1.6996,0.0],[99.2492,-1.6974,0.0],[99.2487,-1.6974,0.0],[99.2479,-1.6982,0.0]]],
[[[99.2447,-1.6918,1.1882],[99.2437,-1.6924,0.0],[99.2457,-1.6956,3.3026],[99.2466,-1.6944,0.0],[99.2447,-1.6918,1.1882]]],
[[[99.2397,-1.6884,0.0],[99.2404,-1.6895,3.9569],[99.2414,-1.6897,0.0],[99.2396,-1.6867,0.9088],[99.2397,-1.6884,0.0]]],
[[[99.2166,-1.6343,0.0],[99.2145,-1.6342,0.0],[99.2181,-1.637,0.0],[99.2176,-1.6347,0.0],[99.2166,-1.6343,0.0]]],
[[[99.1823,-1.4918,0.0],[99.1819,-1.4882,1.8386],[99.1784,-1.4915,5.1369],[99.1813,-1.4959,0.0],[99.1868,-1.498,0.0],[99.1885,-1.4944,0.0],[99.1848,-1.4953,6.0493],[99.1823,-1.4918,0.0]]],
[[[99.1779,-1.4822,1.7796],[99.1752,-1.4799,2.2424],[99.1732,-1.4729,0.0],[99.1694,-1.481,0.9875],[99.1732,-1.4882,3.8064],[99.1763,-1.4885,0.0],[99.1734,-1.4815,3.6783],[99.1758,-1.4831,0.0],[99.1779,-1.4822,1.7796]]],
[[[99.1147,-1.355,1.3495],[99.1125,-1.3541,0.0],[99.1141,-1.3554,5.9836],[99.1131,-1.3565,10.0667],[99.1146,-1.3615,6.3908],[99.1119,-1.3577,0.0],[99.1106,-1.3642,5.3489],[99.1158,-1.3652,3.2213],[99.1172,-1.3641,4.9812],[99.1212,-1.3664,0.0],[99.1224,-1.361,0.0],[99.1147,-1.355,1.3495]]],
[[[100.1731,-1.0342,0.0],[100.1706,-1.0339,0.0],[100.1703,-1.0368,0.0],[100.1741,-1.0397,0.179],[100.1758,-1.0373,3.4228],[100.1731,-1.0342,0.0]]],
[[[100.1372,-0.9498,6.6812],[100.1394,-0.9511,5.2045],[100.1411,-0.9498,5.2045],[100.1406,-0.9464,0.0],[100.1379,-0.9463,0.0],[100.1372,-0.9498,6.6812]]],
[[[100.1008,-0.874,5.8048],[100.1009,-0.871,0.0],[100.098,-0.8721,0.0],[100.0994,-0.875,0.0],[100.1008,-0.874,5.8048]]],
[[[100.1099,-0.6608,0.0],[100.1117,-0.6614,0.0],[100.1117,-0.6591,0.0],[100.1107,-0.6589,0.0],[100.1099,-0.6608,0.0]]],
[[[100.1011,-0.6479,0.0],[100.1025,-0.6479,0.0],[100.1029,-0.6463,0.0],[100.1011,-0.646,0.0],[100.1011,-0.6479,0.0]]],
[[[98.9557,-1.059,0.0],[98.9538,-1.0591,0.0],[98.955,-1.066,3.2646],[98.9584,-1.0705,0.7601],[98.9599,-1.0686,6.7806],[98.9583,-1.0664,3.0295],[98.9595,-1.0656,2.5099],[98.9557,-1.059,0.0]]],
[[[98.9499,-1.0389,0.0],[98.9484,-1.0376,0.0],[98.9474,-1.0404,0.0],[98.9506,-1.044,0.0],[98.9521,-1.0437,0.8877],[98.9525,-1.0427,0.0],[98.9499,-1.0389,0.0]]],
[[[98.9463,-0.9918,3.6488],[98.9465,-0.9928,3.6488],[98.9485,-0.9918,0.0],[98.9476,-0.989,0.0],[98.9466,-0.9891,0.0],[98.9463,-0.9918,3.6488]]],
[[[98.9545,-0.9534,0.0],[98.9557,-0.9535,0.0],[98.9562,-0.9528,0.0],[98.9554,-0.9527,0.0],[98.9545,-0.9534,0.0]]],
[[[98.9292,-0.9267,0.0],[98.9276,-0.9271,0.0],[98.9311,-0.9291,0.0],[98.9305,-0.9277,0.0],[98.9292,-0.9267,0.0]]],
[[[99.9018,-0.42,0.0],[99.8995,-0.4192,0.0],[99.8989,-0.4205,0.0],[99.9011,-0.4216,0.0],[99.9018,-0.42,0.0]]],
[[[99.9016,-0.4091,0.0],[99.9037,-0.4105,0.0],[99.9036,-0.4084,0.0],[99.902,-0.4079,0.0],[99.9016,-0.4091,0.0]]],
[[[100.0981,-0.6342,0.1418],[100.0997,-0.6344,0.1418],[100.1003,-0.6329,0.0],[100.0989,-0.6324,0.0],[100.0981,-0.6342,0.1418]]],
[[[100.0752,-0.5953,0.0],[100.0746,-0.5961,0.0],[100.0755,-0.5968,0.0],[100.0759,-0.5959,0.0],[100.0752,-0.5953,0.0]]],
[[[99.3596,0.1249,11.8095],[99.3609,0.1236,0.0],[99.3624,0.1259,2.1839],[99.3613,0.1267,2.1839],[99.3596,0.1249,11.8095]]],
[[[99.2927,0.1394,0.0],[99.2948,0.1383,6.9279],[99.294,0.1444,0.0],[99.2923,0.1426,0.0],[99.2927,0.1394,0.0]]],
[[[99.2839,0.173,5.0966],[99.2817,0.1782,1.8356],[99.279,0.1781,4.9276],[99.2795,0.173,9.5644],[99.2837,0.1716,0.0],[99.2839,0.173,5.0966]]],
[[[99.2973,0.1845,4.8914],[99.2994,0.1856,12.4186],[99.2999,0.1877,0.0],[99.2965,0.1864,6.9323],[99.2973,0.1845,4.8914]]],
[[[99.312,0.1882,3.7738],[99.3128,0.1939,3.3491],[99.309,0.1948,2.1336],[99.3054,0.1924,0.8558],[99.3024,0.1872,0.0],[99.3026,0.1836,0.0],[99.3045,0.1816,5.8513],[99.31,0.1825,8.1182],[99.3121,0.1846,10.7361],[99.312,0.1882,3.7738]]],
[[[99.2908,0.2271,1.9591],[99.2864,0.2278,2.6646],[99.2856,0.225,3.9699],[99.2814,0.2229,4.1469],[99.2796,0.2196,19.24],[99.2822,0.2152,14.9314],[99.2812,0.2136,0.0],[99.2919,0.2091,13.8591],[99.2962,0.2125,0.0],[99.2962,0.2163,0.0],[99.2908,0.2271,1.9591]]],
[[[99.3013,0.2245,0.0],[99.3011,0.2249,0.0],[99.300299999999993,0.2249,0.0],[99.3008,0.2237,0.0],[99.3013,0.2245,0.0]]],
[[[99.1917,0.2343,0.0],[99.1915,0.2347,0.0],[99.1912,0.2348,0.0],[99.1913,0.2342,0.0],[99.1917,0.2343,0.0]]],
[[[99.1915,0.2474,4.7254],[99.1911,0.2472,4.7254],[99.1911,0.2467,0.0],[99.1917,0.247,0.0],[99.1915,0.2474,4.7254]]]]}}