{"type":"Feature","properties":{"GID_2":"IDN.19.4_1","GID_0":"IDN","country":"Indonesia","GID_1":"IDN.19_1","province":"Maluku","NL_NAME_1":"NA","county":"KepulauanAru","VARNAME_2":"NA","NL_NAME_2":"NA","TYPE_2":"Kabupaten","ENGTYPE_2":"Regency","CC_2":"8105","HASC_2":"ID.MA.KA","name":"Kepulauan_Aru.county"},
"geometry":{"type": "MultiPolygon","coordinates": [[[[134.5178,-7.065,0.943],[134.5145,-7.0641,0.0],[134.505,-7.0688,0.0],[134.5064,-7.0702,6.8905],[134.5046,-7.0695,0.0],[134.5045,-7.0708,0.0],[134.4937,-7.0632,1.2643],[134.4909,-7.0624,0.0],[134.4847,-7.0655,0.0],[134.4835,-7.0687,4.3401],[134.4856,-7.0711,8.939],[134.4759,-7.0869,0.3679],[134.4918,-7.0887,18.4184],[134.4948,-7.0916,0.249],[134.502,-7.0901,12.3491],[134.5183,-7.0951,6.152],[134.5222,-7.0993,6.6652],[134.5252,-7.0863,0.612],[134.5324,-7.0834,0.0],[134.5339,-7.0755,0.0],[134.5262,-7.066,0.0],[134.5178,-7.065,0.943]]],
[[[134.6742,-7.0055,2.9121],[134.6699,-7.0112,0.0],[134.6697,-7.0162,0.0],[134.6736,-7.0226,7.0091],[134.6827,-7.0248,0.5829],[134.6873,-7.0193,3.7034],[134.6868,-7.0158,0.0],[134.6831,-7.0123,0.3416],[134.6836,-7.0079,0.0],[134.6816,-7.005,3.2647],[134.6778,-7.0036,1.9462],[134.6742,-7.0055,2.9121]]],
[[[134.1993,-6.9441,0.6652],[134.2007,-6.943,0.6652],[134.2006,-6.9419,0.0],[134.199,-6.9424,0.0],[134.1993,-6.9441,0.6652]]],
[[[134.7739,-6.6645,0.0],[134.7765,-6.6646,0.0],[134.7763,-6.6627,0.0],[134.7749,-6.6626,0.0],[134.7739,-6.6645,0.0]]],
[[[134.7834,-6.6032,1.9231],[134.788,-6.603,0.0],[134.7835,-6.5963,6.9581],[134.7797,-6.6008,3.5123],[134.7834,-6.6032,1.9231]]],
[[[134.5316,-6.6569,4.9584],[134.5291,-6.6567,0.0],[134.5293,-6.6615,1.9687],[134.5314,-6.6606,5.7784],[134.5316,-6.6569,4.9584]]],
[[[134.7876,-6.6193,5.2704],[134.7855,-6.6203,5.0116],[134.7814,-6.6169,1.9022],[134.7755,-6.6027,0.0],[134.7706,-6.6016,7.6224],[134.7691,-6.6049,8.5677],[134.7668,-6.6056,0.0],[134.7662,-6.6035,0.0],[134.7555,-6.608,6.9],[134.7563,-6.6141,1.7235],[134.7628,-6.6218,9.9471],[134.7623,-6.6333,0.0],[134.7645,-6.6349,0.0],[134.7713,-6.6332,3.882],[134.7827,-6.6417,0.0],[134.7968,-6.6352,2.4618],[134.7947,-6.6274,9.3851],[134.79,-6.6249,3.4324],[134.7895,-6.6207,1.6287],[134.7876,-6.6193,5.2704]]],
[[[134.596,-6.6247,0.0],[134.601,-6.6191,15.066],[134.6019,-6.6156,10.2701],[134.5994,-6.608,10.2593],[134.595,-6.6051,9.9387],[134.5885,-6.6059,9.7176],[134.5869,-6.6082,9.8795],[134.5873,-6.615,9.7817],[134.5833,-6.6166,0.0],[134.583,-6.6194,0.0],[134.5877,-6.6231,0.0],[134.5891,-6.629,4.3706],[134.5936,-6.6285,9.8431],[134.596,-6.6247,0.0]]],
[[[134.7579,-6.586,0.0],[134.7575,-6.5873,0.0],[134.7595,-6.5876,0.0],[134.7593,-6.5859,0.0],[134.7579,-6.586,0.0]]],
[[[134.7386,-6.5924,0.0],[134.7356,-6.5857,0.0],[134.7313,-6.584,0.0],[134.7281,-6.5847,6.5998],[134.7295,-6.5881,1.7657],[134.7353,-6.5932,3.7298],[134.7413,-6.5955,8.1226],[134.7386,-6.5924,0.0]]],
[[[134.5272,-6.9503,4.475],[134.53,-6.9471,1.0631],[134.5206,-6.9457,1.1697],[134.5161,-6.9422,0.0],[134.5121,-6.9301,2.551],[134.5098,-6.9301,5.7104],[134.5064,-6.9335,1.9166],[134.5025,-6.9317,0.0],[134.4951,-6.9356,0.4646],[134.4952,-6.9374,2.6465],[134.491,-6.9369,0.0],[134.4892,-6.9404,4.2912],[134.4899,-6.9517,4.1696],[134.4926,-6.9539,5.3836],[134.5097,-6.9511,5.5107],[134.5161,-6.9531,1.0764],[134.5272,-6.9503,4.475]]],
[[[134.2068,-6.9259,0.0],[134.206,-6.925,0.0],[134.2056,-6.9254,0.0],[134.2061,-6.9264,0.0],[134.2068,-6.9259,0.0]]],
[[[134.5409,-6.9108,5.7395],[134.5486,-6.9107,4.6241],[134.5455,-6.9062,0.0],[134.5409,-6.9057,0.0],[134.5277,-6.915,3.6519],[134.5241,-6.9114,0.0],[134.523,-6.9071,0.0],[134.5207,-6.9162,0.0],[134.5297,-6.9193,7.9511],[134.5409,-6.9108,5.7395]]],
[[[134.7572,-6.8495,0.6642],[134.7553,-6.8529,0.4075],[134.7568,-6.8593,4.0526],[134.7553,-6.8697,1.2493],[134.759,-6.8641,7.7094],[134.76,-6.8578,12.2428],[134.7601,-6.8537,10.7096],[134.7583,-6.8493,0.6642],[134.7572,-6.8495,0.6642]]],
[[[134.4792,-6.8305,0.0],[134.4803,-6.8343,2.3547],[134.4827,-6.8356,2.5093],[134.4825,-6.8321,1.3032],[134.4792,-6.8305,0.0]]],
[[[134.4138,-6.7341,2.5567],[134.415,-6.7301,0.0],[134.4133,-6.7296,0.0],[134.4105,-6.735,0.0],[134.4108,-6.738,0.0],[134.4145,-6.7348,1.3395],[134.4138,-6.7341,2.5567]]],
[[[134.4726,-6.7007,0.0],[134.4703,-6.6979,0.0],[134.4674,-6.7005,0.0],[134.4682,-6.7051,0.0],[134.4711,-6.7047,0.0],[134.4726,-6.7007,0.0]]],
[[[134.4473,-6.7241,3.8678],[134.4472,-6.7197,2.6014],[134.4442,-6.7182,0.0],[134.4394,-6.719,0.0],[134.4393,-6.7223,0.0],[134.442,-6.7271,0.9994],[134.4473,-6.7241,3.8678]]],
[[[134.543,-6.7677,2.2585],[134.5444,-6.7639,11.525],[134.553,-6.7579,0.0],[134.5525,-6.75,0.0],[134.5508,-6.7496,0.0],[134.5479,-6.7518,2.4623],[134.5337,-6.7476,0.0],[134.531,-6.7513,4.0246],[134.5209,-6.7514,1.6298],[134.5169,-6.7592,0.9259],[134.5224,-6.7609,3.1382],[134.5135,-6.7682,0.0],[134.5094,-6.7783,0.0],[134.5133,-6.7833,0.0],[134.5228,-6.7831,2.8312],[134.5268,-6.7797,8.8939],[134.5345,-6.7772,3.7392],[134.5376,-6.7714,5.4045],[134.543,-6.7677,2.2585]]],
[[[134.5283,-6.744,1.7406],[134.5272,-6.7343,0.0],[134.5124,-6.7304,4.4648],[134.511,-6.7278,3.3922],[134.5136,-6.7209,10.4484],[134.5115,-6.7165,7.2639],[134.5069,-6.7159,3.393],[134.5018,-6.7198,2.3946],[134.4938,-6.7191,0.0],[134.4874,-6.7344,0.0],[134.4785,-6.7427,0.0],[134.4748,-6.7563,0.0],[134.476,-6.7607,0.0],[134.4865,-6.7628,8.5409],[134.492,-6.7555,16.3702],[134.5049,-6.7568,9.7722],[134.5054,-6.7544,14.961],[134.5094,-6.7565,0.0],[134.5138,-6.7551,0.0],[134.5182,-6.751,12.5435],[134.5287,-6.7495,6.4795],[134.5283,-6.744,1.7406]]],
[[[134.6275,-6.885,13.6429],[134.644,-6.8695,6.8067],[134.6564,-6.8637,0.0],[134.6593,-6.8595,9.8923],[134.6656,-6.8573,10.7513],[134.6841,-6.8553,3.7709],[134.6805,-6.8469,0.0],[134.6613,-6.8436,0.0],[134.6627,-6.8497,0.0],[134.6619,-6.8539,2.3148],[134.6511,-6.8579,0.0],[134.6444,-6.8665,2.9946],[134.6408,-6.862,4.2497],[134.6461,-6.8609,1.2534],[134.6473,-6.8557,1.4981],[134.6462,-6.8542,0.0],[134.6398,-6.8571,0.0],[134.6363,-6.8537,0.0],[134.6326,-6.855,0.0],[134.6351,-6.8648,11.6497],[134.6333,-6.8687,3.9203],[134.6261,-6.8717,0.0],[134.6229,-6.8776,6.7597],[134.6048,-6.8847,0.0],[134.6001,-6.8797,0.7501],[134.5906,-6.8747,0.9593],[134.5867,-6.8765,0.0],[134.5852,-6.8833,0.0],[134.6059,-6.9027,3.2718],[134.6149,-6.8979,17.7925],[134.6275,-6.885,13.6429]]],
[[[134.7221,-6.8678,0.0],[134.7204,-6.8653,0.0],[134.716,-6.8653,0.0],[134.7093,-6.8695,2.2147],[134.7032,-6.8704,0.0],[134.6993,-6.8641,0.0],[134.6952,-6.8626,2.1791],[134.6933,-6.857,0.0],[134.6868,-6.8585,1.0925],[134.6887,-6.8626,8.4582],[134.6968,-6.8682,5.7385],[134.6984,-6.872,0.0],[134.7153,-6.876,9.5679],[134.7459,-6.8759,7.2659],[134.7514,-6.8725,0.0],[134.7527,-6.8674,0.0],[134.7481,-6.8606,0.0],[134.7441,-6.8653,0.0],[134.7463,-6.8687,3.1261],[134.743,-6.8701,3.2794],[134.7304,-6.8675,0.0],[134.724,-6.8697,4.5476],[134.7221,-6.8678,0.0]]],
[[[134.6411,-6.8458,0.0],[134.6403,-6.8485,2.8683],[134.6423,-6.8504,3.1283],[134.6463,-6.8476,0.0],[134.6465,-6.8456,0.0],[134.6443,-6.8438,0.0],[134.6411,-6.8458,0.0]]],
[[[134.4759,-6.7008,2.0943],[134.4809,-6.7058,6.7948],[134.4806,-6.7084,0.0],[134.482,-6.7097,0.0],[134.4847,-6.7087,2.0726],[134.4948,-6.6947,2.192],[134.4961,-6.689,6.5114],[134.4948,-6.682,1.1284],[134.4917,-6.6818,1.1553],[134.4853,-6.6865,4.5935],[134.4801,-6.6946,1.6221],[134.4762,-6.6966,3.3226],[134.4734,-6.6959,2.2717],[134.4759,-6.7008,2.0943]]],
[[[134.5036,-6.7081,7.0513],[134.5101,-6.7112,1.1873],[134.522,-6.6968,1.6804],[134.5264,-6.6941,0.0],[134.5281,-6.6901,0.0],[134.5239,-6.6754,12.2761],[134.5212,-6.6719,1.2325],[134.5185,-6.6716,3.3839],[134.5165,-6.6669,6.2727],[134.5087,-6.6606,0.0],[134.5037,-6.667,0.0],[134.5015,-6.6737,0.0],[134.5018,-6.6875,1.4759],[134.5037,-6.6901,0.9584],[134.4995,-6.6912,0.0],[134.4909,-6.7047,0.0],[134.4932,-6.706,7.4142],[134.4982,-6.7045,0.8982],[134.5036,-6.7081,7.0513]]],
[[[134.6477,-6.7676,9.8794],[134.6509,-6.7774,0.0],[134.6538,-6.7795,2.9699],[134.6611,-6.7761,4.5127],[134.6653,-6.7763,0.419],[134.6735,-6.7821,11.9189],[134.6761,-6.7792,9.0685],[134.6849,-6.7753,4.502],[134.687,-6.7639,7.0305],[134.6901,-6.7612,4.6277],[134.6927,-6.7557,0.4324],[134.6916,-6.7538,6.3451],[134.6949,-6.7454,9.195],[134.7019,-6.7365,12.1951],[134.7063,-6.7355,18.6328],[134.7112,-6.7301,13.8562],[134.7116,-6.7256,0.0],[134.7058,-6.7227,1.6097],[134.7069,-6.719,1.3046],[134.7081,-6.722,7.3383],[134.7106,-6.7216,3.3172],[134.7137,-6.7156,9.0609],[134.7254,-6.7051,10.5454],[134.7381,-6.7014,7.0714],[134.7387,-6.6983,0.0],[134.7362,-6.6875,5.1456],[134.7386,-6.6821,15.1717],[134.7376,-6.6711,8.4469],[134.7404,-6.6676,6.6748],[134.7384,-6.6602,2.813],[134.7391,-6.6474,6.1955],[134.7449,-6.6384,14.5988],[134.7567,-6.6307,4.0989],[134.7611,-6.6238,0.0],[134.7602,-6.6211,6.1204],[134.755,-6.616,0.0],[134.7524,-6.6092,0.0],[134.7402,-6.6002,1.0217],[134.7314,-6.5984,12.4332],[134.7292,-6.5966,10.8022],[134.728,-6.5853,6.5998],[134.7168,-6.5802,0.0],[134.7095,-6.5783,0.0],[134.7031,-6.5787,4.1514],[134.6943,-6.5863,0.0],[134.6947,-6.5892,0.0],[134.6868,-6.592,1.8457],[134.6794,-6.6248,1.2306],[134.6727,-6.6301,6.8181],[134.6762,-6.6352,0.0],[134.6761,-6.6412,0.0],[134.6735,-6.6472,0.7256],[134.6743,-6.6508,8.8923],[134.6726,-6.6623,11.218],[134.6661,-6.6759,2.0396],[134.6454,-6.7044,9.5465],[134.6333,-6.707,12.9906],[134.6275,-6.7103,9.6068],[134.6263,-6.7157,4.5643],[134.6283,-6.7194,3.5025],[134.636,-6.7216,10.3166],[134.6356,-6.7266,2.8521],[134.6307,-6.7421,0.0],[134.628,-6.7454,0.0],[134.6284,-6.7473,0.0],[134.6233,-6.7516,3.2492],[134.6232,-6.7574,3.7098],[134.6246,-6.759,1.079],[134.6278,-6.7574,5.2101],[134.6353,-6.7571,12.2775],[134.6414,-6.759,11.2168],[134.6477,-6.7676,9.8794]]],
[[[134.7652,-6.5649,2.8546],[134.7629,-6.5633,3.6558],[134.7632,-6.5671,4.4832],[134.765,-6.5659,2.8546],[134.7652,-6.5649,2.8546]]],
[[[134.703,-6.5595,1.1369],[134.702,-6.5617,0.0],[134.7057,-6.5626,0.0],[134.7109,-6.5668,0.0],[134.726,-6.5712,7.054],[134.7312,-6.5675,10.0096],[134.7351,-6.5607,3.923],[134.7327,-6.5564,11.8129],[134.7241,-6.5519,7.4091],[134.7226,-6.5449,3.5698],[134.7171,-6.5473,2.4032],[134.7073,-6.5574,8.8614],[134.703,-6.5595,1.1369]]],
[[[134.2169,-6.5233,3.6543],[134.2163,-6.5207,0.0],[134.211,-6.5267,0.0],[134.2163,-6.5249,0.0],[134.2169,-6.5233,3.6543]]],
[[[134.2178,-6.5221,4.619],[134.2181,-6.5234,0.0],[134.2202,-6.5199,0.0],[134.2188,-6.5206,0.0],[134.2178,-6.5221,4.619]]],
[[[134.1777,-6.4686,4.4825],[134.1777,-6.4664,13.6041],[134.1806,-6.466,17.7983],[134.1819,-6.4679,8.5042],[134.183,-6.467,0.0],[134.1837,-6.4625,0.0],[134.1821,-6.4607,0.0],[134.1778,-6.4635,5.454],[134.1725,-6.4628,0.0],[134.1733,-6.4692,6.0835],[134.1759,-6.4706,2.8765],[134.1765,-6.4683,4.4825],[134.1777,-6.4686,4.4825]]],
[[[134.2151,-6.5188,4.1947],[134.2141,-6.5175,0.0],[134.2097,-6.5224,1.8132],[134.2099,-6.525,0.0],[134.2144,-6.5206,8.848],[134.2151,-6.5188,4.1947]]],
[[[134.8493,-6.4902,0.0],[134.8451,-6.4892,0.0],[134.843,-6.4914,2.0547],[134.833,-6.4822,0.4149],[134.8211,-6.4803,0.0],[134.8177,-6.4823,0.0],[134.8111,-6.4919,0.0],[134.7954,-6.5088,0.0],[134.7897,-6.509,0.0],[134.7872,-6.5113,0.0],[134.7814,-6.5107,0.0],[134.7793,-6.5078,0.0],[134.7752,-6.5091,0.0],[134.7735,-6.5113,7.8592],[134.7757,-6.5197,4.1876],[134.7748,-6.5249,0.0],[134.7778,-6.5313,7.9874],[134.7781,-6.5498,0.0],[134.7927,-6.5478,17.7962],[134.8026,-6.5485,1.9919],[134.8133,-6.5618,0.0],[134.8229,-6.5458,0.0],[134.8244,-6.5383,4.5416],[134.8298,-6.5317,11.7994],[134.8292,-6.529,3.2161],[134.8357,-6.5153,3.0593],[134.8486,-6.4999,0.0],[134.8508,-6.4935,4.5348],[134.8493,-6.4902,0.0]]],
[[[134.7554,-6.4953,2.1652],[134.757,-6.4977,16.3697],[134.7671,-6.4963,2.175],[134.7719,-6.4892,1.6381],[134.7695,-6.4873,0.0],[134.7639,-6.4873,2.3756],[134.7628,-6.4899,20.7662],[134.7591,-6.4905,0.0],[134.7554,-6.4953,2.1652]]],
[[[134.5857,-6.5342,0.7605],[134.5899,-6.53,0.0],[134.5961,-6.5184,0.0],[134.589,-6.5179,2.9839],[134.5825,-6.5085,3.4661],[134.5784,-6.5074,0.0],[134.572,-6.5129,0.0],[134.5647,-6.5132,2.0922],[134.5588,-6.5185,10.9311],[134.5524,-6.5293,6.3465],[134.5524,-6.5329,0.0],[134.5488,-6.537,13.6098],[134.5527,-6.5405,9.1566],[134.5577,-6.5413,4.9575],[134.5634,-6.5392,7.1179],[134.5597,-6.5442,0.0],[134.5709,-6.545,7.5446],[134.5735,-6.5468,2.1634],[134.5776,-6.5457,0.0],[134.5806,-6.5397,0.8277],[134.5857,-6.5342,0.7605]]],
[[[134.7725,-6.4195,3.2223],[134.7692,-6.4173,0.0],[134.7653,-6.4193,0.0],[134.7631,-6.4267,12.2393],[134.764,-6.4308,7.4319],[134.7693,-6.4314,0.0],[134.7713,-6.4299,0.0],[134.7744,-6.4239,13.7216],[134.7725,-6.4195,3.2223]]],
[[[134.345,-6.3957,0.0],[134.3435,-6.3932,2.8728],[134.3405,-6.393,8.0112],[134.3402,-6.3976,8.8475],[134.3446,-6.3974,18.7117],[134.345,-6.3957,0.0]]],
[[[134.767,-6.4084,2.7735],[134.7626,-6.4074,0.0],[134.759,-6.4127,0.0],[134.7594,-6.4154,2.032],[134.7632,-6.4162,10.5672],[134.7686,-6.4123,16.7224],[134.767,-6.4084,2.7735]]],
[[[134.7394,-6.4809,16.0099],[134.7324,-6.4742,8.6736],[134.7311,-6.4828,0.0],[134.7248,-6.4924,15.3355],[134.7257,-6.4872,5.3302],[134.7298,-6.4822,0.0],[134.7306,-6.4737,3.5649],[134.7092,-6.4531,0.0],[134.6938,-6.4426,0.0],[134.6891,-6.4422,0.0],[134.6657,-6.4571,0.0],[134.6607,-6.4616,0.0],[134.6571,-6.4692,2.4262],[134.6504,-6.4735,2.11],[134.642,-6.4753,1.6814],[134.6381,-6.4862,0.0],[134.6392,-6.4961,6.1319],[134.6407,-6.4983,0.0],[134.6487,-6.4972,3.9393],[134.652,-6.4983,0.0],[134.6563,-6.5016,5.3639],[134.6602,-6.5095,0.0],[134.6623,-6.5164,0.0],[134.6654,-6.5207,0.0],[134.6674,-6.5306,0.0],[134.6676,-6.5436,0.0],[134.6662,-6.5491,0.0],[134.6678,-6.5517,0.0],[134.668,-6.5572,0.0],[134.6756,-6.562,0.0],[134.683,-6.5635,0.0],[134.6875,-6.5604,12.7492],[134.7016,-6.5579,15.6845],[134.7102,-6.5519,4.6236],[134.714,-6.5473,2.4066],[134.7219,-6.5426,3.6551],[134.7251,-6.5439,0.0],[134.7311,-6.5529,3.2717],[134.7335,-6.5523,4.987],[134.7369,-6.554,11.7424],[134.7459,-6.5515,3.9343],[134.7507,-6.5463,0.0],[134.7513,-6.5397,13.2532],[134.7562,-6.5384,12.7155],[134.7635,-6.5327,0.0],[134.7651,-6.5278,0.0],[134.7617,-6.5213,9.3617],[134.7576,-6.5181,9.3989],[134.7564,-6.51,0.0],[134.7509,-6.5049,0.0],[134.7461,-6.4954,3.724],[134.7463,-6.4873,0.0],[134.7407,-6.4855,12.1049],[134.7394,-6.4809,16.0099]]],
[[[134.5202,-6.528,7.2326],[134.5204,-6.5261,8.0907],[134.5216,-6.5304,12.2759],[134.5235,-6.5308,14.3247],[134.531,-6.5281,9.446],[134.5385,-6.5349,0.0],[134.5483,-6.5354,15.5404],[134.5567,-6.5188,10.5861],[134.5649,-6.5115,4.4321],[134.5709,-6.5114,5.7736],[134.5778,-6.5044,0.0],[134.5822,-6.496,4.3339],[134.5839,-6.4741,0.0],[134.5752,-6.4754,0.0],[134.5542,-6.4864,5.061],[134.5351,-6.4797,20.5067],[134.5313,-6.4789,20.7131],[134.5286,-6.4809,23.3936],[134.5263,-6.4842,23.9805],[134.5258,-6.4885,3.7625],[134.528,-6.4971,20.2373],[134.5204,-6.5094,12.3446],[134.5202,-6.5147,11.019],[134.5164,-6.5185,16.704],[134.5146,-6.5231,9.1197],[134.5141,-6.5287,7.0211],[134.5185,-6.5302,10.6655],[134.5202,-6.528,7.2326]]],
[[[134.6263,-6.5023,3.85],[134.6336,-6.4802,6.1658],[134.6434,-6.4622,0.0],[134.6422,-6.4535,0.0],[134.6359,-6.4486,0.0],[134.6272,-6.4497,4.4809],[134.6233,-6.4598,1.6853],[134.62,-6.4638,4.206],[134.6045,-6.4673,0.0],[134.5899,-6.4748,5.7211],[134.5869,-6.4782,3.7064],[134.5853,-6.4957,2.7654],[134.5792,-6.5067,0.0],[134.5811,-6.5071,10.7871],[134.5855,-6.5108,11.0989],[134.589,-6.5167,2.9839],[134.5942,-6.5177,6.247],[134.5981,-6.516,1.928],[134.603,-6.5094,5.2584],[134.6141,-6.5018,0.0],[134.6208,-6.5041,0.0],[134.6263,-6.5023,3.85]]],
[[[134.7705,-6.1451,0.9734],[134.7688,-6.1466,0.0],[134.7691,-6.1493,11.1043],[134.7747,-6.1491,10.4569],[134.775,-6.1465,0.3817],[134.7705,-6.1451,0.9734]]],
[[[134.7559,-6.1454,0.0],[134.7559,-6.1446,0.0],[134.7546,-6.1452,0.0],[134.7548,-6.1455,0.0],[134.7559,-6.1454,0.0]]],
[[[134.2659,-6.1367,0.0],[134.2709,-6.1419,0.0],[134.2754,-6.1384,12.007],[134.2764,-6.1421,0.0],[134.2809,-6.1451,0.0],[134.2875,-6.1342,6.5881],[134.2869,-6.1287,3.4508],[134.2821,-6.1231,8.9671],[134.274,-6.1188,0.0],[134.2708,-6.1199,0.0],[134.2642,-6.1264,0.0],[134.2667,-6.133,0.0],[134.2659,-6.1367,0.0]]],
[[[134.2417,-6.1141,0.0],[134.244,-6.115,4.9202],[134.246,-6.1136,15.6151],[134.2478,-6.1096,6.1037],[134.243,-6.1114,6.0394],[134.2417,-6.1141,0.0]]],
[[[134.7948,-6.1006,3.8049],[134.7945,-6.0948,8.8181],[134.7907,-6.0922,0.0],[134.7876,-6.0931,7.6431],[134.7871,-6.0949,1.671],[134.7909,-6.1009,0.0],[134.7948,-6.1006,3.8049]]],
[[[134.8974,-6.0763,0.0],[134.8954,-6.0737,0.0],[134.887,-6.0718,0.0],[134.8839,-6.0728,0.0],[134.8833,-6.0766,0.0],[134.8849,-6.0785,0.0],[134.8892,-6.0783,0.0],[134.8933,-6.0802,0.0],[134.8973,-6.0782,0.0],[134.8974,-6.0763,0.0]]],
[[[134.3486,-6.0362,4.7393],[134.3478,-6.0367,4.1694],[134.3486,-6.0378,4.1694],[134.3492,-6.037,0.0],[134.3486,-6.0362,4.7393]]],
[[[134.866,-6.0177,8.1076],[134.8654,-6.0176,0.0],[134.8657,-6.0201,0.0],[134.8668,-6.0185,2.4563],[134.866,-6.0177,8.1076]]],
[[[134.868,-6.0162,4.8478],[134.869,-6.0116,5.9917],[134.8676,-6.007,0.0],[134.8682,-6.0098,3.0584],[134.8666,-6.0093,0.0],[134.8659,-6.0124,15.801],[134.8634,-6.0127,0.0],[134.8668,-6.0166,8.1076],[134.868,-6.0162,4.8478]]],
[[[134.864,-5.9531,6.9417],[134.8613,-5.9534,20.0097],[134.859,-5.9503,2.7249],[134.8553,-5.9504,1.7487],[134.8533,-5.9551,2.2559],[134.8552,-5.962,0.0],[134.8613,-5.9636,4.8692],[134.8643,-5.9614,4.7823],[134.864,-5.9531,6.9417]]],
[[[134.1696,-5.9155,8.2349],[134.1683,-5.9142,0.0],[134.165,-5.9183,8.8992],[134.1667,-5.9223,19.8176],[134.174,-5.9229,20.3815],[134.1805,-5.9195,0.0],[134.1718,-5.9178,5.5617],[134.1696,-5.9155,8.2349]]],
[[[134.872,-6.3162,6.9573],[134.8786,-6.3028,1.3927],[134.8791,-6.2983,0.0],[134.875,-6.2871,0.0],[134.8694,-6.2821,0.0],[134.8626,-6.2834,5.4252],[134.8517,-6.2829,0.0],[134.853,-6.2901,0.0],[134.847,-6.3049,5.9865],[134.8485,-6.3106,4.8446],[134.8462,-6.3116,0.0],[134.8444,-6.3279,0.0],[134.8404,-6.3265,0.0],[134.8388,-6.3316,16.4356],[134.8285,-6.3391,0.0],[134.8206,-6.3531,20.701],[134.7996,-6.3797,0.0],[134.7974,-6.3901,9.4499],[134.8004,-6.406,0.0],[134.8035,-6.4078,6.5754],[134.8099,-6.4052,21.5291],[134.8062,-6.4102,11.0484],[134.8045,-6.4183,5.3836],[134.8065,-6.4194,13.4781],[134.8052,-6.4252,5.5319],[134.8068,-6.4287,12.433],[134.8151,-6.431,3.1372],[134.8201,-6.435,7.0977],[134.807,-6.4315,2.8115],[134.8067,-6.435,7.9025],[134.8035,-6.4365,0.0],[134.8018,-6.4497,1.765],[134.8086,-6.46,2.0383],[134.8197,-6.4628,9.4169],[134.8448,-6.4765,1.4424],[134.8559,-6.4519,0.0],[134.8568,-6.4476,0.0],[134.8521,-6.4456,0.8882],[134.853,-6.4385,7.9146],[134.8685,-6.4026,0.0],[134.8689,-6.3973,6.8132],[134.8799,-6.3789,18.2087],[134.8935,-6.3639,0.0],[134.8956,-6.3569,5.2268],[134.9003,-6.3529,12.8819],[134.9021,-6.349,0.0],[134.9019,-6.3422,1.6053],[134.9086,-6.3213,7.8618],[134.9072,-6.3122,0.0],[134.9019,-6.3045,0.0],[134.8985,-6.2955,0.0],[134.8927,-6.2879,0.0],[134.8866,-6.2844,0.0],[134.8796,-6.2871,0.0],[134.8808,-6.3008,0.0],[134.8728,-6.3177,0.0],[134.8652,-6.3225,18.6555],[134.8629,-6.3256,3.8363],[134.8656,-6.3461,7.9647],[134.8616,-6.3352,4.7891],[134.8614,-6.3236,8.379],[134.872,-6.3162,6.9573]]],
[[[134.214,-6.9068,0.0],[134.2161,-6.9069,2.245],[134.2667,-6.8814,4.3898],[134.2753,-6.8793,42.0535],[134.275,-6.876,46.1759],[134.2765,-6.8722,50.2269],[134.2756,-6.8765,46.0073],[134.2795,-6.8778,14.587],[134.2931,-6.8724,22.4624],[134.2989,-6.8681,14.8171],[134.3151,-6.8658,0.0],[134.3148,-6.8629,6.739],[134.3178,-6.8652,0.0],[134.323,-6.8643,2.1613],[134.3326,-6.8601,0.0],[134.3359,-6.8553,6.2631],[134.3379,-6.8483,4.54],[134.3654,-6.8211,11.296],[134.3745,-6.82,0.8993],[134.3777,-6.8167,3.9134],[134.3796,-6.8122,5.122],[134.3784,-6.81,0.9724],[134.3748,-6.8108,2.6755],[134.3654,-6.8069,6.839],[134.3581,-6.8063,1.5089],[134.3503,-6.8174,1.482],[134.3503,-6.8207,4.0621],[134.3538,-6.8265,10.0947],[134.3506,-6.8305,2.7606],[134.3458,-6.8325,4.4872],[134.3397,-6.8283,4.9813],[134.3368,-6.8281,5.2081],[134.3398,-6.8281,4.9813],[134.3461,-6.832,4.4872],[134.3507,-6.8295,9.6223],[134.3527,-6.8255,0.0],[134.3492,-6.8222,0.0],[134.3494,-6.8165,1.482],[134.3562,-6.8062,0.0],[134.3457,-6.809,4.3803],[134.3411,-6.8134,0.0],[134.3304,-6.8093,2.854],[134.3407,-6.8119,8.8966],[134.3452,-6.8086,4.3803],[134.3606,-6.8044,0.0],[134.3656,-6.7954,0.0],[134.3643,-6.7934,5.4754],[134.3669,-6.7804,4.9974],[134.374,-6.7689,6.9786],[134.3766,-6.7683,0.7999],[134.3818,-6.7628,8.2517],[134.3937,-6.7617,2.8399],[134.4019,-6.7556,1.292],[134.4025,-6.7479,0.0],[134.3918,-6.7452,4.5529],[134.3905,-6.7431,5.2158],[134.3923,-6.7416,0.0],[134.3922,-6.7367,7.4474],[134.3899,-6.7339,0.0],[134.3904,-6.7312,7.0442],[134.3864,-6.7251,19.1347],[134.3827,-6.7227,25.2287],[134.3863,-6.7247,19.1347],[134.3915,-6.7305,7.0442],[134.3942,-6.7297,0.0],[134.4007,-6.732,0.5485],[134.4072,-6.726,5.2958],[134.4082,-6.7196,12.2372],[134.4104,-6.7206,11.1329],[134.4178,-6.7159,4.9082],[134.4229,-6.7173,0.5996],[134.4239,-6.7131,2.4644],[134.4332,-6.7074,7.9573],[134.438,-6.7074,7.9027],[134.4413,-6.7003,7.2943],[134.4472,-6.6955,1.7741],[134.4546,-6.6934,2.742],[134.4573,-6.6907,6.5549],[134.4578,-6.6876,1.4567],[134.4546,-6.685,4.0663],[134.4471,-6.6836,0.0],[134.4418,-6.6805,0.0],[134.4335,-6.6796,4.2894],[134.43,-6.6759,0.0],[134.429,-6.6676,5.8369],[134.4304,-6.6658,1.333],[134.4322,-6.6663,0.5526],[134.4339,-6.6744,4.9656],[134.4355,-6.6753,5.4534],[134.4377,-6.674,0.0],[134.4374,-6.6678,0.0],[134.4406,-6.6618,2.8456],[134.4384,-6.6606,0.0],[134.4362,-6.6629,2.0814],[134.4341,-6.6622,0.0],[134.4314,-6.6573,0.0],[134.4293,-6.6569,0.0],[134.4197,-6.6656,0.0],[134.4099,-6.6669,0.0],[134.4003,-6.6738,1.8195],[134.4088,-6.6661,10.583],[134.4186,-6.665,2.0621],[134.4267,-6.659,11.3931],[134.4273,-6.6561,0.0],[134.4246,-6.6497,19.9918],[134.4309,-6.6511,5.3236],[134.429,-6.6462,7.0733],[134.4347,-6.6525,2.4542],[134.4385,-6.6543,7.4805],[134.4397,-6.6533,5.221],[134.4452,-6.6464,2.367],[134.4424,-6.6463,14.393],[134.444,-6.6398,16.0603],[134.4426,-6.646,8.0263],[134.4456,-6.6461,21.6651],[134.439,-6.6547,0.0],[134.4436,-6.6598,0.0],[134.4472,-6.6586,11.8243],[134.4515,-6.654,10.6495],[134.4515,-6.65,6.5813],[134.4521,-6.6528,13.1757],[134.4521,-6.6538,13.287],[134.4482,-6.6583,13.56],[134.4476,-6.6632,4.1464],[134.4449,-6.668,2.6381],[134.4473,-6.6717,0.9703],[134.4577,-6.674,8.2148],[134.4642,-6.6797,0.0],[134.463,-6.6731,0.9067],[134.4675,-6.6628,7.472],[134.4714,-6.6624,1.8421],[134.4718,-6.6575,8.4246],[134.4718,-6.6629,1.8421],[134.481,-6.6648,6.0298],[134.4871,-6.6627,0.0],[134.4939,-6.657,3.4499],[134.4955,-6.6499,1.8155],[134.493,-6.6463,2.1838],[134.4997,-6.6449,2.5177],[134.5007,-6.643,3.7589],[134.5013,-6.6355,0.0],[134.5002,-6.6353,1.1425],[134.5003,-6.6328,0.0],[134.4965,-6.6308,5.109],[134.4998,-6.628,0.0],[134.5028,-6.6152,4.0597],[134.5091,-6.6171,1.1333],[134.5136,-6.6132,2.8111],[134.5166,-6.6071,11.4097],[134.5237,-6.6097,1.9274],[134.5286,-6.5999,0.0],[134.5286,-6.5938,9.4168],[134.5315,-6.5836,0.0],[134.5244,-6.5744,0.0],[134.5212,-6.5758,0.0],[134.5193,-6.5807,6.7626],[134.5088,-6.5812,0.0],[134.5036,-6.5867,12.3648],[134.4922,-6.5824,0.0],[134.4886,-6.5831,2.3939],[134.4839,-6.5816,18.3638],[134.4843,-6.5753,0.0],[134.4815,-6.5754,13.1156],[134.4845,-6.5748,0.0],[134.4843,-6.5734,5.3283],[134.4765,-6.5691,10.251],[134.4719,-6.5644,12.595],[134.4645,-6.5667,21.0411],[134.4551,-6.5722,17.7694],[134.4487,-6.5717,9.3915],[134.4464,-6.5706,8.585],[134.4433,-6.5746,14.227],[134.4394,-6.5729,14.3159],[134.4439,-6.5738,12.7819],[134.4456,-6.5702,13.4711],[134.4491,-6.5714,9.3915],[134.4518,-6.5708,20.5428],[134.4552,-6.5717,17.7694],[134.4642,-6.5662,9.4841],[134.4719,-6.5638,12.595],[134.48,-6.5693,8.5707],[134.4894,-6.5648,0.9328],[134.4969,-6.5525,16.4131],[134.4965,-6.548,2.0678],[134.4879,-6.5542,0.0],[134.4738,-6.5492,14.5082],[134.476,-6.5482,0.0],[134.4747,-6.5448,0.0],[134.4815,-6.53,1.294],[134.4816,-6.5257,8.5313],[134.4786,-6.5227,13.7529],[134.4776,-6.5189,9.4744],[134.4788,-6.5226,9.677],[134.4817,-6.5254,8.5313],[134.485,-6.5246,6.2675],[134.4897,-6.5307,2.0564],[134.4932,-6.5285,2.5203],[134.4987,-6.528,0.0],[134.5043,-6.5229,4.6759],[134.5032,-6.5169,5.936],[134.5008,-6.5133,6.4973],[134.5019,-6.5126,0.0],[134.5007,-6.5085,3.5678],[134.4963,-6.5064,10.8405],[134.4954,-6.5032,4.5505],[134.4926,-6.5013,5.5008],[134.4923,-6.5003,4.2921],[134.4949,-6.5003,5.348],[134.4936,-6.4958,0.0],[134.4796,-6.4903,0.0],[134.4777,-6.4863,11.5641],[134.4794,-6.4799,0.0],[134.4745,-6.4732,8.5923],[134.4686,-6.453,18.0189],[134.4655,-6.4507,20.6899],[134.4595,-6.4509,29.6624],[134.4533,-6.4515,29.4216],[134.4509,-6.4537,22.9737],[134.4302,-6.4301,0.0],[134.4197,-6.4105,1.0636],[134.4144,-6.4073,0.0],[134.4094,-6.4004,4.0212],[134.4049,-6.3976,1.4233],[134.396,-6.397,1.5134],[134.3903,-6.4008,1.8481],[134.382,-6.402,0.0],[134.3815,-6.4101,15.4427],[134.3788,-6.4031,7.3167],[134.3718,-6.4009,0.0],[134.3687,-6.4034,0.0],[134.3683,-6.3997,0.0],[134.3662,-6.3988,0.0],[134.3656,-6.3889,2.8134],[134.3583,-6.3923,3.2989],[134.361,-6.3879,7.4657],[134.3602,-6.3852,5.7769],[134.3615,-6.3819,0.0],[134.3526,-6.378,5.3842],[134.3491,-6.3804,12.1172],[134.3517,-6.3866,10.8787],[134.3515,-6.3963,0.0],[134.348,-6.3944,0.0],[134.3476,-6.3973,8.5836],[134.3398,-6.3985,3.0275],[134.3288,-6.4082,6.0189],[134.3236,-6.4094,8.8697],[134.3152,-6.4173,4.9892],[134.3237,-6.4088,8.8697],[134.3295,-6.4069,9.4341],[134.3378,-6.3986,13.57],[134.3394,-6.3886,0.0],[134.3372,-6.3858,0.0],[134.3361,-6.3867,10.7784],[134.3352,-6.3825,0.0],[134.331,-6.3793,0.0],[134.3244,-6.3793,0.0],[134.3244,-6.3754,0.0],[134.3215,-6.3721,0.0],[134.3203,-6.3731,8.2682],[134.3214,-6.378,6.8748],[134.3196,-6.3818,11.4102],[134.319,-6.3813,11.4102],[134.3211,-6.3777,8.7926],[134.3189,-6.3713,6.8154],[134.3167,-6.3696,2.99],[134.3099,-6.3706,14.4763],[134.3082,-6.3735,4.5357],[134.3084,-6.3708,14.4763],[134.3147,-6.3669,0.0],[134.3113,-6.3549,8.542],[134.3047,-6.3562,0.0],[134.2981,-6.3601,0.0],[134.299,-6.3582,6.422],[134.2978,-6.354,0.0],[134.2937,-6.3476,16.0093],[134.2957,-6.3433,1.957],[134.2938,-6.3406,3.1273],[134.295,-6.3289,27.6157],[134.2975,-6.3202,6.0106],[134.3053,-6.3118,3.9813],[134.3099,-6.3034,15.8309],[134.3038,-6.2932,0.0],[134.3004,-6.2897,11.5218],[134.2894,-6.2909,0.0],[134.2778,-6.3053,11.6921],[134.2738,-6.3079,16.4473],[134.2817,-6.2989,10.406],[134.2875,-6.2881,0.0],[134.2793,-6.2807,0.0],[134.2724,-6.267,6.8189],[134.2671,-6.2613,10.9694],[134.25,-6.2597,19.4947],[134.2474,-6.2496,3.4582],[134.2338,-6.2306,0.0],[134.2239,-6.2219,2.9773],[134.2122,-6.2185,0.0],[134.2033,-6.2247,2.2801],[134.1992,-6.2166,0.0],[134.1907,-6.2139,0.0],[134.1825,-6.2147,0.0],[134.167,-6.2106,0.0],[134.1567,-6.2064,17.891],[134.1492,-6.2013,23.1938],[134.1443,-6.1959,11.8011],[134.1414,-6.1841,0.0],[134.137,-6.1795,4.6708],[134.1362,-6.1768,9.3097],[134.1379,-6.1719,0.0],[134.1338,-6.1675,0.0],[134.1273,-6.168,9.0426],[134.1214,-6.1616,0.0],[134.1165,-6.1593,0.0],[134.0958,-6.1651,0.0],[134.0953,-6.1723,0.0],[134.1025,-6.1956,7.6435],[134.1054,-6.1999,10.3267],[134.1129,-6.2011,20.1939],[134.1293,-6.217,22.3067],[134.1318,-6.2164,18.2513],[134.1361,-6.22,14.5309],[134.1602,-6.2287,29.9784],[134.1364,-6.2219,12.0209],[134.1314,-6.218,13.4205],[134.1295,-6.2189,19.2812],[134.1126,-6.2033,18.2779],[134.1051,-6.2019,5.878],[134.1128,-6.2305,0.0],[134.1182,-6.235,0.0],[134.1143,-6.24,0.0],[134.1146,-6.2436,0.0],[134.121,-6.2486,11.1021],[134.1279,-6.2691,0.0],[134.1327,-6.3002,0.0],[134.1364,-6.3084,0.0],[134.1448,-6.3081,11.8828],[134.1495,-6.3041,25.0597],[134.1548,-6.3043,18.4997],[134.1615,-6.3,32.0303],[134.1548,-6.3049,17.5674],[134.1497,-6.3047,25.9076],[134.1465,-6.3083,14.6951],[134.1348,-6.3102,0.0],[134.132,-6.3407,2.3745],[134.1273,-6.3645,0.0],[134.1173,-6.3817,2.2058],[134.1243,-6.3822,6.9499],[134.1347,-6.3688,17.5893],[134.143,-6.363,7.3264],[134.146,-6.363,4.4913],[134.1496,-6.3601,6.7779],[134.1574,-6.36,8.6304],[134.1627,-6.3666,13.286],[134.1656,-6.3588,17.7434],[134.1703,-6.359,21.2895],[134.1658,-6.3589,17.7434],[134.164,-6.3669,19.817],[134.1623,-6.367,13.286],[134.1559,-6.3602,8.6304],[134.1531,-6.3607,7.0489],[134.1498,-6.3604,6.7779],[134.1462,-6.3637,4.4913],[134.1437,-6.3634,3.6198],[134.1378,-6.3674,5.992],[134.1257,-6.3826,2.093],[134.1218,-6.3836,0.5],[134.1217,-6.3919,11.4021],[134.1213,-6.3836,0.5],[134.1156,-6.3845,0.0],[134.1167,-6.4104,2.1254],[134.1157,-6.4164,0.0],[134.1178,-6.4176,5.3406],[134.1183,-6.4227,0.0],[134.1261,-6.4356,0.0],[134.1257,-6.4377,0.0],[134.1293,-6.4413,9.4853],[134.1304,-6.447,1.694],[134.1377,-6.4526,12.5406],[134.1378,-6.4626,6.1244],[134.1394,-6.4627,11.6595],[134.1481,-6.4612,6.9593],[134.1498,-6.4594,2.5137],[134.1604,-6.4586,3.5919],[134.1773,-6.4466,8.0138],[134.183,-6.4451,0.0],[134.1899,-6.4365,15.5704],[134.1906,-6.4328,13.1606],[134.196,-6.43,8.5425],[134.2,-6.4242,6.2609],[134.1999,-6.4306,5.488],[134.2039,-6.432,9.6315],[134.2091,-6.4256,5.2541],[134.2107,-6.4284,0.0],[134.2078,-6.4299,1.1661],[134.2091,-6.4333,10.4579],[134.2062,-6.4382,0.0],[134.2016,-6.4435,0.0],[134.1956,-6.4454,0.0],[134.188,-6.4517,5.0419],[134.1849,-6.4499,0.0],[134.1833,-6.4525,0.0],[134.1835,-6.4572,6.0229],[134.1846,-6.4603,8.7102],[134.1899,-6.4625,17.5093],[134.1964,-6.4563,10.7091],[134.1965,-6.453,18.9405],[134.2026,-6.4514,5.0581],[134.2044,-6.4482,16.1404],[134.2072,-6.4485,0.0],[134.2184,-6.4421,2.7716],[134.2151,-6.447,0.0],[134.2168,-6.4505,6.5025],[134.2153,-6.4545,12.6053],[134.2061,-6.4596,9.2484],[134.2054,-6.4566,2.7137],[134.2001,-6.4564,3.3157],[134.1954,-6.4659,0.0],[134.2005,-6.4647,8.2358],[134.1972,-6.4675,0.0],[134.1997,-6.4738,8.7694],[134.2013,-6.4754,5.0543],[134.2049,-6.4751,4.789],[134.2137,-6.488,0.0],[134.223,-6.4959,0.0],[134.223,-6.4993,0.0],[134.2186,-6.5036,0.0],[134.2225,-6.5098,0.0],[134.2317,-6.51,6.2692],[134.2383,-6.4996,2.0331],[134.233,-6.5113,0.0],[134.2296,-6.5159,0.0],[134.2225,-6.5196,0.0],[134.2192,-6.5255,0.0],[134.2137,-6.5299,2.4533],[134.2124,-6.5351,0.0],[134.2152,-6.5455,0.0],[134.2322,-6.5656,0.0],[134.2343,-6.575,0.0],[134.2336,-6.5903,17.4692],[134.2358,-6.5944,7.4317],[134.2401,-6.5968,3.1291],[134.2438,-6.5927,9.2825],[134.2451,-6.5878,9.5654],[134.2516,-6.5785,14.4833],[134.2455,-6.588,5.4818],[134.2443,-6.5928,9.4331],[134.2417,-6.5963,3.1291],[134.2404,-6.5975,3.1291],[134.2362,-6.5965,5.8059],[134.2361,-6.6104,14.6431],[134.2384,-6.6123,7.4256],[134.2489,-6.6133,10.4172],[134.2522,-6.6185,5.9724],[134.2537,-6.6282,0.0],[134.2614,-6.638,4.132],[134.271,-6.6404,2.6396],[134.2771,-6.6394,21.4143],[134.2795,-6.6419,0.0],[134.2798,-6.6514,0.0],[134.2809,-6.6533,0.0],[134.2855,-6.6552,21.9834],[134.2861,-6.6578,15.3207],[134.2931,-6.6602,10.109],[134.303,-6.6604,7.6416],[134.2892,-6.6609,4.3926],[134.2867,-6.66,0.0],[134.28,-6.6543,0.0],[134.2748,-6.646,21.0529],[134.2751,-6.643,20.007],[134.2612,-6.6411,0.0],[134.2557,-6.6386,22.4996],[134.2532,-6.6367,15.83],[134.2526,-6.63,0.0],[134.2491,-6.625,2.7567],[134.2493,-6.6177,0.0],[134.2476,-6.615,4.1016],[134.2371,-6.6137,0.0],[134.2311,-6.6038,11.611],[134.2296,-6.6053,7.5092],[134.2316,-6.6016,18.0939],[134.2306,-6.5878,17.3223],[134.2321,-6.5791,0.0],[134.2306,-6.5723,0.0],[134.2253,-6.561,2.3251],[134.2184,-6.5563,3.555],[134.2168,-6.5504,3.5951],[134.2148,-6.5505,2.2671],[134.2092,-6.5448,4.5092],[134.2068,-6.5381,22.6293],[134.2095,-6.5328,0.0],[134.208,-6.53,0.0],[134.2087,-6.5208,14.2142],[134.2056,-6.5205,15.3997],[134.1852,-6.5324,34.723],[134.205,-6.5195,16.3087],[134.2115,-6.519,5.8363],[134.2133,-6.5141,0.0],[134.2003,-6.4849,0.0],[134.1938,-6.4852,0.0],[134.1832,-6.4944,0.0],[134.1794,-6.5048,0.0],[134.1719,-6.5091,11.1363],[134.1592,-6.5214,0.0],[134.1514,-6.5322,0.0],[134.1491,-6.5329,9.3371],[134.1511,-6.5291,4.0515],[134.1431,-6.5213,14.726],[134.1436,-6.5179,4.2183],[134.1434,-6.5214,4.5582],[134.1468,-6.5246,2.9757],[134.1519,-6.528,0.0],[134.1543,-6.5272,12.1061],[134.1567,-6.5247,0.0],[134.1574,-6.5205,7.3597],[134.1632,-6.5142,12.2901],[134.178,-6.503,15.8838],[134.1817,-6.4913,0.0],[134.1809,-6.4837,0.0],[134.1751,-6.4791,0.0],[134.1695,-6.4781,0.0],[134.1561,-6.4858,2.2145],[134.1558,-6.4892,10.001],[134.151,-6.4895,1.8371],[134.1442,-6.4831,0.0],[134.1355,-6.4809,0.0],[134.1352,-6.4784,0.0],[134.1325,-6.4764,15.7754],[134.1327,-6.4732,8.9231],[134.1292,-6.4709,1.2448],[134.1265,-6.4715,10.1902],[134.1248,-6.4741,7.1261],[134.1264,-6.4713,10.1902],[134.131,-6.4697,0.0],[134.1321,-6.4676,0.0],[134.1288,-6.4635,10.6261],[134.118,-6.4614,5.9721],[134.1279,-6.4622,8.2128],[134.1309,-6.4643,2.9599],[134.1246,-6.4519,6.5075],[134.116,-6.4461,0.0],[134.1111,-6.4574,1.144],[134.1064,-6.4613,1.0134],[134.0978,-6.4939,0.0],[134.0891,-6.645,0.0],[134.0863,-6.6466,0.0],[134.0818,-6.6948,0.0],[134.079,-6.7005,0.0],[134.0773,-6.7117,0.0],[134.0717,-6.7193,0.0],[134.0693,-6.733,1.5374],[134.0644,-6.7386,0.0],[134.058,-6.7571,0.0],[134.0535,-6.7591,0.0],[134.0511,-6.7744,6.3428],[134.0563,-6.7836,0.0],[134.0704,-6.829,0.0],[134.0861,-6.8373,57.4731],[134.0913,-6.8476,7.1805],[134.0967,-6.8497,0.0],[134.104,-6.8485,20.6975],[134.1091,-6.8452,14.0945],[134.1238,-6.8456,13.1224],[134.134,-6.8523,4.0701],[134.1429,-6.8633,0.0],[134.1472,-6.866,8.8657],[134.1502,-6.8655,3.605],[134.1528,-6.864,0.0],[134.1531,-6.8614,0.0],[134.1474,-6.8511,0.0],[134.1505,-6.8468,4.2491],[134.1541,-6.8463,0.0],[134.1674,-6.8505,0.0],[134.1794,-6.8472,14.0781],[134.1842,-6.8488,4.5368],[134.1896,-6.8465,13.9214],[134.1899,-6.8382,2.9637],[134.189,-6.8351,0.0],[134.181,-6.8262,12.6906],[134.1909,-6.833,19.688],[134.194,-6.8394,0.0],[134.193,-6.8459,32.341],[134.1882,-6.8501,2.7625],[134.1802,-6.8493,0.0],[134.1686,-6.8517,0.0],[134.1541,-6.8487,0.0],[134.1505,-6.8496,9.9984],[134.1496,-6.8525,8.2733],[134.1536,-6.8579,10.9991],[134.1543,-6.8625,0.0],[134.1505,-6.8689,0.0],[134.1559,-6.8764,5.7898],[134.1724,-6.91,8.4037],[134.1744,-6.9113,6.8671],[134.1795,-6.9107,9.979],[134.1824,-6.9132,9.8258],[134.1793,-6.9108,9.979],[134.1745,-6.9119,6.8671],[134.1709,-6.9102,0.0],[134.1709,-6.9128,0.0],[134.1686,-6.9155,0.0],[134.1745,-6.9184,9.88],[134.177,-6.9217,1.8403],[134.1889,-6.9246,2.5571],[134.1966,-6.9338,0.0],[134.1973,-6.9417,0.0],[134.2,-6.9405,0.0],[134.2057,-6.9321,6.6514],[134.2045,-6.9281,2.3846],[134.2011,-6.9282,0.0],[134.2027,-6.9197,6.3575],[134.214,-6.9068,0.0]]],
[[[134.7906,-6.3251,3.0502],[134.7882,-6.3263,8.6904],[134.7882,-6.3287,5.8758],[134.7923,-6.326,1.8068],[134.7906,-6.3251,3.0502]]],
[[[134.5302,-6.329,0.0],[134.522,-6.3275,0.0],[134.5235,-6.3331,4.4597],[134.5268,-6.3358,20.5276],[134.5375,-6.3375,22.4936],[134.5363,-6.3331,0.0],[134.5302,-6.329,0.0]]],
[[[134.3382,-6.3302,0.0],[134.3391,-6.3389,18.896],[134.3419,-6.34,10.3703],[134.3434,-6.3428,8.292],[134.349,-6.3428,16.7742],[134.3542,-6.3366,22.4463],[134.3569,-6.3262,14.7121],[134.356,-6.3236,13.9874],[134.3507,-6.3194,10.1998],[134.3405,-6.317,3.6881],[134.3407,-6.3235,19.3785],[134.3382,-6.3302,0.0]]],
[[[134.361,-6.3267,11.1542],[134.3583,-6.3259,10.5833],[134.3567,-6.329,22.9094],[134.3578,-6.3326,16.1575],[134.3596,-6.3328,0.0],[134.361,-6.3267,11.1542]]],
[[[134.7316,-6.4253,5.0515],[134.735,-6.426,11.9688],[134.741,-6.4324,3.4816],[134.7461,-6.4324,0.0],[134.7477,-6.4304,8.1601],[134.7471,-6.4247,7.8301],[134.7543,-6.4165,11.4012],[134.7529,-6.4097,5.52],[134.7566,-6.3832,7.117],[134.7556,-6.3797,8.1691],[134.7521,-6.377,10.6552],[134.7546,-6.3749,0.0],[134.7557,-6.3701,12.1191],[134.7538,-6.3587,5.4159],[134.7508,-6.3592,0.0],[134.744,-6.3651,0.0],[134.7321,-6.3819,0.0],[134.7324,-6.406,1.7207],[134.7298,-6.4106,0.0],[134.7284,-6.4218,2.2337],[134.7284,-6.4236,2.4124],[134.7316,-6.4253,5.0515]]],
[[[134.7692,-6.4105,10.6509],[134.771,-6.4157,16.0358],[134.7753,-6.418,0.0],[134.7782,-6.4152,0.0],[134.7789,-6.4113,0.0],[134.7872,-6.3983,1.6423],[134.7867,-6.395,0.0],[134.7807,-6.3909,7.1556],[134.7789,-6.3835,0.0],[134.7746,-6.3796,17.5297],[134.7741,-6.3747,12.6501],[134.7776,-6.3724,0.0],[134.7788,-6.3694,9.73],[134.7776,-6.3664,2.4377],[134.7702,-6.3659,0.0],[134.7689,-6.3677,2.1586],[134.7701,-6.3745,3.1457],[134.7689,-6.3804,10.4113],[134.7653,-6.3869,0.0],[134.7649,-6.3919,0.0],[134.7653,-6.4028,0.0],[134.7692,-6.4105,10.6509]]],
[[[134.5198,-6.5096,15.7976],[134.5274,-6.4968,20.2373],[134.5252,-6.4891,3.7625],[134.5261,-6.4834,23.9805],[134.5283,-6.4805,23.3936],[134.5311,-6.4785,20.7131],[134.5485,-6.4835,8.62],[134.5485,-6.4749,6.0564],[134.5414,-6.4613,5.0717],[134.5451,-6.4649,4.9418],[134.549,-6.4745,2.7545],[134.5524,-6.4703,6.918],[134.5535,-6.4646,2.3314],[134.5527,-6.4717,1.2415],[134.5493,-6.4769,1.7432],[134.5495,-6.4812,9.906],[134.5511,-6.4838,8.9066],[134.5551,-6.4845,8.0685],[134.5603,-6.4806,9.7087],[134.584,-6.4697,0.0],[134.5951,-6.4627,7.9343],[134.5954,-6.4606,12.7318],[134.5961,-6.4622,7.2977],[134.6002,-6.4593,5.1767],[134.6029,-6.4517,0.0],[134.6075,-6.4458,12.2995],[134.612,-6.4316,0.0],[134.609,-6.4228,0.0],[134.6023,-6.4184,0.0],[134.6007,-6.4143,9.3295],[134.6018,-6.4076,7.7512],[134.5986,-6.4046,9.2283],[134.6015,-6.4067,7.7512],[134.6024,-6.3983,0.0],[134.599,-6.3941,5.8262],[134.599,-6.3883,6.7416],[134.5963,-6.3847,1.0642],[134.5816,-6.3798,13.0029],[134.5774,-6.3733,12.4322],[134.5539,-6.3639,0.0],[134.5438,-6.3617,15.8317],[134.5378,-6.347,4.2572],[134.533,-6.3453,5.2461],[134.5215,-6.3683,3.1478],[134.5175,-6.3715,0.0],[134.516,-6.3754,2.6491],[134.5176,-6.3789,0.0],[134.5164,-6.3871,3.1128],[134.5187,-6.3975,2.6079],[134.5148,-6.4073,0.0],[134.5085,-6.4138,2.7082],[134.4958,-6.4334,7.721],[134.4876,-6.4378,10.0803],[134.4836,-6.4539,3.2786],[134.4775,-6.4508,0.0],[134.4749,-6.4548,6.4403],[134.4713,-6.4555,0.0],[134.4733,-6.4681,3.3016],[134.4811,-6.4806,0.0],[134.4808,-6.4879,14.7583],[134.485,-6.4906,3.5773],[134.4893,-6.489,14.6169],[134.4938,-6.4899,5.0075],[134.5036,-6.4953,9.477],[134.5084,-6.5041,13.8673],[134.5062,-6.5128,17.1169],[134.5094,-6.5165,0.0],[134.5132,-6.5169,9.2827],[134.5145,-6.5153,15.04],[134.5197,-6.5145,15.8187],[134.5198,-6.5096,15.7976]]],
[[[134.3161,-6.356,10.996],[134.3154,-6.3585,0.0],[134.317,-6.3612,21.537],[134.325,-6.3624,13.2954],[134.3271,-6.3605,6.2565],[134.3285,-6.3525,2.0437],[134.323,-6.3394,0.0],[134.3205,-6.3252,5.2111],[134.3218,-6.3244,4.3077],[134.3162,-6.3085,0.0],[134.3142,-6.3074,0.0],[134.312,-6.3076,2.3856],[134.3051,-6.3146,8.3298],[134.2967,-6.3271,0.0],[134.2959,-6.3351,11.972],[134.2973,-6.3435,1.957],[134.2949,-6.3462,15.2628],[134.3012,-6.3548,0.0],[134.3079,-6.3532,0.0],[134.3075,-6.3484,14.0716],[134.3099,-6.3507999999999996,7.1041],[134.3136,-6.351,10.2389],[134.3161,-6.356,10.996]]],
[[[134.3621,-6.3641,5.607],[134.3621,-6.3702,2.5118],[134.3645,-6.3781,0.0],[134.3738,-6.3775,8.8379],[134.377,-6.368,19.0652],[134.3759,-6.3642,24.6563],[134.3763,-6.3621,27.2094],[134.3735,-6.3557,14.0052],[134.36492375690608,-6.3469243093922731,0.0],[134.3648945945946,-6.3469081081081109,0.0],[134.3621,-6.3511,2.8265],[134.3627,-6.3535,0.0],[134.3667,-6.3562,18.6317],[134.3651,-6.3563,0.0],[134.3621,-6.3641,5.607]]],
[[[134.3648945945946,-6.3469081081081109,0.0],[134.3649,-6.3469,0.0],[134.36492375690608,-6.3469243093922731,0.0],[134.3683,-6.3488,14.1005],[134.3747,-6.3564,17.9141],[134.3766,-6.3621,27.2094],[134.3775,-6.3677,18.3901],[134.3713,-6.3866,5.3483],[134.3677,-6.3911,2.9431],[134.3685,-6.3972,0.0],[134.3761,-6.4003,0.0],[134.3825,-6.4007,0.0],[134.3988,-6.3956,8.5212],[134.4073,-6.3974,5.6487],[134.4215,-6.4095,9.5735],[134.4305,-6.4238,2.4382],[134.4309,-6.428,0.0],[134.4487,-6.4479,17.8278],[134.4578,-6.4475,26.5477],[134.4639,-6.444,0.0],[134.4771,-6.4494,7.6662],[134.483,-6.4462,3.4021],[134.4881,-6.4348,4.2906],[134.4948,-6.4327,17.1277],[134.5172,-6.3977,1.2459],[134.5135,-6.3875,9.6958],[134.5161,-6.3814,0.0],[134.5149,-6.3753,1.6314],[134.5167,-6.3705,4.866],[134.5204,-6.3689,3.1478],[134.5333,-6.3389,0.0],[134.5252,-6.3366,2.7608],[134.5206,-6.3284,12.9812],[134.5146,-6.3225,0.0],[134.5093,-6.3106,0.0],[134.5004,-6.3003,7.2528],[134.498,-6.2995,2.2167],[134.4832,-6.3021,0.4909],[134.4765,-6.2998,6.9361],[134.461,-6.2752,1.8668],[134.4495,-6.2739,0.0],[134.4397,-6.2841,4.8256],[134.4335,-6.2865,7.2831],[134.4211,-6.2855,0.0],[134.4064,-6.2951,0.0],[134.3962,-6.3117,8.1264],[134.4001,-6.3126,18.3447],[134.4011,-6.315,18.3656],[134.3989,-6.3174,19.8408],[134.4039,-6.3312,29.6112],[134.3985,-6.3256,25.7011],[134.3914,-6.3123,0.0],[134.389,-6.3122,0.0],[134.386,-6.3154,0.0],[134.3823,-6.3143,0.0],[134.3791,-6.3187,0.0],[134.3744,-6.3199,0.0],[134.3653,-6.3314,0.0],[134.366,-6.3351,12.45],[134.3638,-6.3463,0.0],[134.3648945945946,-6.3469081081081109,0.0]]],
[[[134.3619,-6.3612,17.2333],[134.3632,-6.357,14.1229],[134.3606,-6.3532,3.629],[134.3544,-6.3524,0.0],[134.3526,-6.3527,0.0],[134.3469,-6.3604,0.0],[134.3488,-6.3671,5.9636],[134.3619,-6.3612,17.2333]]],
[[[134.3446,-6.3531,9.9886],[134.3423,-6.3532,2.4958],[134.3421,-6.356,6.2345],[134.3395,-6.3522,0.0],[134.3338,-6.3523,0.0],[134.3314,-6.3554,8.13],[134.3304,-6.3603,0.0],[134.3314,-6.366,16.9301],[134.3345,-6.3672,7.7352],[134.341,-6.3612,0.0],[134.3445,-6.3561,17.683],[134.3446,-6.3531,9.9886]]],
[[[134.3322,-6.3488,15.8848],[134.3335,-6.3469,0.0],[134.3322,-6.3428,0.0],[134.3291,-6.3426,0.0],[134.328,-6.3478,0.0],[134.3306,-6.3503,0.0],[134.3322,-6.3488,15.8848]]],
[[[134.8312,-6.3164,0.0],[134.8312,-6.3126,1.4785],[134.8293,-6.3111,5.7149],[134.8331,-6.3107,0.0],[134.8328,-6.302,0.0],[134.8313,-6.299,0.0],[134.8261,-6.2954,2.428],[134.822,-6.2966,2.0851],[134.7987,-6.3189,0.0],[134.7877,-6.3325,3.0765],[134.7866,-6.3413,9.0683],[134.7883,-6.3494,11.8382],[134.7977,-6.3549,15.5846],[134.8064,-6.3516,2.5105],[134.8156,-6.3387,0.0],[134.8154,-6.3354,11.9216],[134.8255,-6.3264,1.7275],[134.8312,-6.3164,0.0]]],
[[[134.8444,-6.1624,0.0],[134.8418,-6.1651,0.0],[134.8437,-6.1668,0.0],[134.8455,-6.1658,0.0],[134.8458,-6.1624,0.0],[134.8444,-6.1624,0.0]]],
[[[134.8618,-6.1612,0.0],[134.8648,-6.1606,0.0],[134.8643,-6.1582,0.0],[134.8625,-6.1581,0.0],[134.8618,-6.1612,0.0]]],
[[[134.8752,-6.1601,2.5626],[134.8759,-6.1613,0.0],[134.8828,-6.1572,6.0796],[134.8867,-6.1595,0.0],[134.8888,-6.1383,0.0],[134.8778,-6.1433,0.0],[134.8706,-6.1558,0.0],[134.8752,-6.1601,2.5626]]],
[[[134.3313,-6.3049,0.0],[134.3213,-6.291,13.9811],[134.3223,-6.2892,0.0],[134.3204,-6.2852,0.0],[134.3184,-6.2851,3.837],[134.3145,-6.2778,21.278],[134.3046,-6.2817,9.1843],[134.3033,-6.2836,0.0],[134.3075,-6.2866,2.6987],[134.3125,-6.2982,17.9547],[134.3154,-6.3011,5.2326],[134.3168,-6.2975,3.9384],[134.3192,-6.2964,0.0],[134.3195,-6.2988,0.0],[134.3174,-6.3007,0.0],[134.3189,-6.3051,9.717],[134.3174,-6.3088,0.0],[134.3208,-6.3148,0.0],[134.324,-6.3143,15.9067],[134.3277,-6.3164,0.0],[134.3339,-6.3254,4.2489],[134.3355,-6.3213,0.0],[134.3313,-6.3049,0.0]]],
[[[134.7424,-6.2616,0.0],[134.7398,-6.2603,4.2177],[134.7371,-6.2618,2.2118],[134.7402,-6.2637,4.2497],[134.7424,-6.2616,0.0]]],
[[[134.5267,-6.318,8.0527],[134.5224,-6.3246,0.0],[134.5349,-6.3284,1.6451],[134.5427,-6.3332,3.9161],[134.5441,-6.3306,10.5311],[134.5408,-6.3268,0.0],[134.5385,-6.3203,1.396],[134.5448,-6.3028,1.6681],[134.5369,-6.3082,3.8051],[134.5267,-6.318,8.0527]]],
[[[134.7275,-6.3076,9.2742],[134.7277,-6.3055,0.0],[134.7174,-6.3079,9.114],[134.7069,-6.2999,3.0474],[134.6992,-6.3042,9.4215],[134.6994,-6.3064,14.8914],[134.7041,-6.3053,12.562],[134.707,-6.3087,7.5405],[134.7155,-6.3132,0.0],[134.7237,-6.3107,6.0426],[134.7275,-6.3076,9.2742]]],
[[[134.8591,-6.2287,0.0],[134.861,-6.2305,3.2365],[134.8607,-6.2275,3.41],[134.8627,-6.225,0.0],[134.8581,-6.224,0.0],[134.8591,-6.2287,0.0]]],
[[[134.22,-6.2073,0.0],[134.2164,-6.1965,0.0],[134.2112,-6.1948,2.7618],[134.208,-6.1977,7.5738],[134.2051,-6.2044,0.0],[134.2086,-6.2089,0.0],[134.2166,-6.2124,0.0],[134.22,-6.2073,0.0]]],
[[[134.8863,-6.1806,0.0],[134.8846,-6.1815,9.4375],[134.885,-6.1824,9.4375],[134.8865,-6.1823,1.8217],[134.8863,-6.1806,0.0]]],
[[[134.8628,-6.2197,0.0],[134.8681,-6.2155,0.0],[134.8694,-6.2054,6.9757],[134.876,-6.1947,0.0],[134.8712,-6.1883,3.8503],[134.8672,-6.1883,3.8176],[134.8632,-6.185,0.0],[134.86,-6.1867,4.0439],[134.8631,-6.1956,0.0],[134.8697,-6.1971,6.3537],[134.8636,-6.1965,10.1535],[134.8582,-6.2055,6.4595],[134.8548,-6.2041,0.0],[134.8549,-6.2069,0.0],[134.8517,-6.2089,0.0],[134.8582,-6.22,7.5221],[134.8618,-6.2216,0.0],[134.8628,-6.2197,0.0]]],
[[[134.8235,-5.8276,1.7283],[134.8229,-5.8275,1.7283],[134.8228,-5.8282,2.6268],[134.8235,-5.8282,2.6268],[134.8235,-5.8276,1.7283]]],
[[[134.8149,-5.8222,5.4211],[134.8158,-5.8225,5.4211],[134.8158,-5.8215,5.4211],[134.8147,-5.8214,5.4211],[134.8149,-5.8222,5.4211]]],
[[[134.8214,-5.8257,0.0],[134.8196,-5.8254,0.0],[134.82,-5.8278,0.0],[134.8212,-5.8279,10.9486],[134.8214,-5.8257,0.0]]],
[[[134.3093,-5.8314,2.5959],[134.3152,-5.8313,1.7763],[134.3065,-5.8297,4.4335],[134.3037,-5.8313,0.0],[134.3021,-5.8369,1.8644],[134.3031,-5.844,0.0],[134.309,-5.845,4.8774],[134.3129,-5.8437,0.0],[134.3136,-5.8416,0.0],[134.3119,-5.8387,11.5177],[134.3137,-5.8389,5.1519],[134.3142,-5.8353,0.0],[134.3112,-5.8374,5.9754],[134.306,-5.8322,2.7915],[134.3093,-5.8314,2.5959]]],
[[[134.765,-5.8279,1.7882],[134.7651,-5.8285,0.0],[134.7661,-5.8291,0.0],[134.7659,-5.828,0.0],[134.765,-5.8279,1.7882]]],
[[[134.8049,-5.8668,3.3779],[134.7963,-5.8655,0.0],[134.7954,-5.8699,0.0],[134.8019,-5.8704,4.6114],[134.8022,-5.8688,11.4634],[134.8039,-5.8704,0.0],[134.8049,-5.8668,3.3779]]],
[[[134.8019,-5.8781,0.0],[134.8053,-5.8753,0.0],[134.7998,-5.8707,7.9652],[134.7919,-5.8736,2.2786],[134.7843,-5.8788,0.0],[134.783,-5.8882,0.0],[134.7912,-5.894,7.1109],[134.7947,-5.8897,7.1413],[134.7943,-5.8867,9.3264],[134.7966,-5.8824,6.8331],[134.7996,-5.883,1.8142],[134.8008,-5.8778,10.7963],[134.8019,-5.8781,0.0]]],
[[[134.7862,-5.8698,0.727],[134.7837,-5.8739,1.1906],[134.788,-5.8757,6.7309],[134.7905,-5.8735,2.2028],[134.7862,-5.8698,0.727]]],
[[[134.319,-5.8592,0.0],[134.3177,-5.8632,0.0],[134.3216,-5.8637,9.6567],[134.3227,-5.8614,0.0],[134.319,-5.8592,0.0]]],
[[[134.769,-5.881,0.0],[134.7688,-5.8769,4.6684],[134.7716,-5.8772,0.7888],[134.7703,-5.8719,0.0],[134.7642,-5.8703,5.0886],[134.7578,-5.86,11.6503],[134.7515,-5.8582,2.5351],[134.7458,-5.8624,10.6444],[134.7422,-5.8745,15.1925],[134.7403,-5.8758,14.6954],[134.7393,-5.8803,7.9273],[134.7368,-5.8836,13.9763],[134.7282,-5.8896,0.0],[134.7266,-5.8946,0.0],[134.7389,-5.9074,5.2153],[134.7421,-5.9053,0.0],[134.7427,-5.9023,12.6423],[134.7464,-5.8985,1.0722],[134.7513,-5.9027,0.0],[134.7565,-5.8978,10.3275],[134.7596,-5.897,10.7533],[134.7659,-5.8903,5.9805],[134.77,-5.8906,1.1268],[134.7725,-5.889,1.1662],[134.7727,-5.8859,0.6633],[134.7706,-5.8864,12.9155],[134.7718,-5.8846,0.6633],[134.769,-5.881,0.0]]],
[[[134.7556,-5.8587,11.3019],[134.759,-5.8598,5.4529],[134.7616,-5.8633,0.0],[134.7683,-5.8666,0.0],[134.7684,-5.8643,2.8675],[134.7659,-5.8614,10.4474],[134.7662,-5.8571,14.6718],[134.77,-5.8522,0.0],[134.765,-5.849,0.0],[134.7584,-5.8488,0.0],[134.7527,-5.8525,5.1721],[134.7518,-5.8553,8.678],[134.7522,-5.8572,7.0244],[134.7556,-5.8587,11.3019]]],
[[[134.7732,-5.842,0.8169],[134.7733,-5.8388,0.908],[134.7722,-5.8386,2.9585],[134.7711,-5.8398,3.5707],[134.7732,-5.842,0.8169]]],
[[[134.7699,-5.8429,0.0],[134.7699,-5.8404,2.048],[134.7689,-5.84,2.048],[134.7682,-5.8434,0.0],[134.7699,-5.8429,0.0]]],
[[[134.7701,-5.8402,2.048],[134.7709,-5.8405,3.5707],[134.7708,-5.8396,2.048],[134.7698,-5.8396,2.048],[134.7701,-5.8402,2.048]]],
[[[134.6883,-5.8413,8.3282],[134.6875,-5.8433,6.7068],[134.6888,-5.8442,11.601],[134.6922,-5.8416,10.2292],[134.6971,-5.8408,22.3605],[134.7053,-5.8279,0.0],[134.6991,-5.827,9.275],[134.6956,-5.8289,8.2483],[134.6943,-5.8325,9.6792],[134.6901,-5.8341,13.1603],[134.689,-5.836,5.6447],[134.6903,-5.8391,5.6593],[134.6883,-5.8413,8.3282]]],
[[[134.5066,-5.512,4.5935],[134.5005,-5.509,3.5674],[134.497,-5.5099,0.0],[134.4955,-5.5144,2.744],[134.4984,-5.5239,4.7817],[134.5038,-5.5231,0.0],[134.5075,-5.5244,1.6697],[134.5142,-5.5179,0.0],[134.5066,-5.512,4.5935]]],
[[[134.5018,-5.4964,4.5635],[134.5023,-5.4942,7.8928],[134.5051,-5.4921,8.9136],[134.5043,-5.4907,2.8584],[134.5011,-5.4902,1.49],[134.4972,-5.4925,5.8465],[134.4891,-5.4872,2.1683],[134.4881,-5.4905,10.6598],[134.4859,-5.4909,0.0],[134.4859,-5.4973,0.0],[134.4878,-5.4976,13.1933],[134.4912,-5.5054,2.4483],[134.499,-5.5054,5.3051],[134.4991,-5.5017,7.1653],[134.5018,-5.4964,4.5635]]],
[[[134.8091,-5.8076,1.9909],[134.8082,-5.8067,1.9909],[134.8077,-5.8086,6.3904],[134.8071,-5.8069,2.4085],[134.8044,-5.807,3.0387],[134.8014,-5.8127,12.4104],[134.8013,-5.8163,3.7328],[134.8051,-5.8184,5.1389],[134.814,-5.8193,3.8639],[134.814,-5.8165,0.0],[134.8118,-5.8149,13.2125],[134.8091,-5.8076,1.9909]]],
[[[134.7799,-5.7953,4.2695],[134.7816,-5.7955,0.0],[134.7816,-5.7944,0.0],[134.7798,-5.7944,0.0],[134.7799,-5.7953,4.2695]]],
[[[134.2447,-5.802,0.811],[134.2513,-5.793,0.0],[134.2519,-5.7858,0.0],[134.2494,-5.7841,6.1063],[134.2523,-5.7821,3.7567],[134.2495,-5.7719,0.7162],[134.238,-5.7614,0.7911],[134.2385,-5.7568,1.2085],[134.232,-5.7599,3.7973],[134.2278,-5.7595,0.0],[134.2117,-5.7536,1.7811],[134.1958,-5.7507,0.0],[134.1927,-5.761,5.8234],[134.1925,-5.7655,0.0],[134.195,-5.7682,12.9802],[134.1913,-5.7823,6.6611],[134.1867,-5.8185,0.0],[134.1874,-5.8241,0.0],[134.1916,-5.8307,0.0],[134.2067,-5.8356,0.0],[134.2218,-5.8251,13.2877],[134.2277,-5.8246,6.884],[134.2401,-5.8289,6.4801],[134.243,-5.8281,0.0],[134.2482,-5.8243,6.9215],[134.2517,-5.8172,0.0],[134.2515,-5.8157,0.0],[134.2444,-5.8149,2.0876],[134.2417,-5.8126,7.4586],[134.241,-5.8095,27.0187],[134.2447,-5.802,0.811]]],
[[[134.7769,-5.7872,0.0],[134.7704,-5.79,2.0825],[134.7686,-5.7928,0.0],[134.774,-5.7964,1.0875],[134.7774,-5.796,0.0],[134.7787,-5.7897,0.0],[134.7769,-5.7872,0.0]]],
[[[134.7531,-5.7833,0.0],[134.7522,-5.7825,0.0],[134.7512,-5.7838,6.7368],[134.7535,-5.7874,4.9011],[134.754,-5.7851,4.2863],[134.7531,-5.7833,0.0]]],
[[[134.7951,-5.7872,8.9643],[134.795,-5.7784,1.5032],[134.7886,-5.7747,1.1654],[134.7827,-5.7749,0.0],[134.7776,-5.7832,9.4865],[134.7784,-5.7861,9.9329],[134.7871,-5.791,7.1714],[134.7945,-5.7895,3.652],[134.797,-5.7927,0.0],[134.7951,-5.7872,8.9643]]],
[[[134.3199,-5.7783,0.8304],[134.3221,-5.7791,2.9837],[134.3231,-5.778,0.0],[134.3231,-5.7711,3.1291],[134.3217,-5.7703,3.5265],[134.3197,-5.7702,0.0],[134.3134,-5.7751,3.7039],[134.314,-5.7771,3.5722],[134.3199,-5.7783,0.8304]]],
[[[134.8006,-5.817,3.7328],[134.8009,-5.8102,4.3023],[134.7943,-5.81,4.0392],[134.7879,-5.8068,1.3048],[134.7796,-5.8057,0.0],[134.7737,-5.8088,0.0],[134.7724,-5.813,17.4629],[134.7671,-5.817,6.9739],[134.7671,-5.8218,5.9164],[134.7695,-5.8234,1.7323],[134.7735,-5.8216,7.7669],[134.7807,-5.8231,0.0],[134.7905,-5.8209,9.4013],[134.7954,-5.8216,0.0],[134.8006,-5.817,3.7328]]],
[[[134.7429,-5.8033,0.0],[134.7465,-5.808,0.0],[134.7528,-5.803,2.8101],[134.7596,-5.8006,14.3075],[134.7588,-5.7963,17.3909],[134.7522,-5.7921,4.42],[134.7524,-5.7884,0.0],[134.7505,-5.7853,8.929],[134.7468,-5.788,7.5467],[134.7455,-5.7917,3.1852],[134.7427,-5.7946,19.7946],[134.7429,-5.8033,0.0]]],
[[[134.7927,-5.7703,0.0],[134.7913,-5.7704,0.0],[134.7913,-5.7713,0.0],[134.7926,-5.7717,0.0],[134.7927,-5.7703,0.0]]],
[[[134.3268,-5.7668,1.7916],[134.3242,-5.7675,0.0],[134.3232,-5.7699,3.1291],[134.327,-5.7694,4.2286],[134.3268,-5.7668,1.7916]]],
[[[134.3262,-5.7752,0.0],[134.3271,-5.7768,1.9571],[134.3307,-5.775,0.0],[134.3314,-5.7721,0.0],[134.328,-5.7717,0.0],[134.3262,-5.7752,0.0]]],
[[[134.8048,-5.721,0.0],[134.8045,-5.7211,0.0],[134.8045,-5.7212,0.0],[134.8048,-5.7212,0.0],[134.8048,-5.721,0.0]]],
[[[134.8023,-5.7209,0.0],[134.8029,-5.7214,0.0],[134.8035,-5.7205,0.0],[134.8029,-5.7202,0.0],[134.8023,-5.7209,0.0]]],
[[[134.7865,-5.7627,0.0],[134.7825,-5.7652,0.0],[134.7847,-5.7702,0.0],[134.7884,-5.7699,0.0],[134.7908,-5.7671,1.9513],[134.7893,-5.7631,3.8744],[134.7865,-5.7627,0.0]]],
[[[134.3425,-5.7011,21.871],[134.3456,-5.6978,7.4553],[134.3455,-5.6942,0.0],[134.3412,-5.6954,6.3233],[134.3313,-5.6932,5.723],[134.3314,-5.698,9.2444],[134.3341,-5.7017,1.3141],[134.338,-5.7037,4.0788],[134.3425,-5.7011,21.871]]],
[[[134.7699,-5.6856,0.0],[134.769,-5.6867,10.5277],[134.7703,-5.6889,8.6517],[134.7713,-5.6869,0.0],[134.7699,-5.6856,0.0]]],
[[[134.7706,-5.6814,1.7585],[134.7725,-5.6769,2.0334],[134.7702,-5.6726,0.0],[134.7666,-5.6753,0.0],[134.7587,-5.6769,1.735],[134.7596,-5.6823,0.0],[134.7666,-5.6856,2.5647],[134.7706,-5.6814,1.7585]]],
[[[134.7417,-5.7418,21.3512],[134.7367,-5.7378,0.0],[134.7309,-5.7384,0.0],[134.7278,-5.7466,18.4309],[134.7205,-5.7489,13.2297],[134.7007,-5.7387,3.3467],[134.6937,-5.7293,0.0],[134.668,-5.7248,14.0445],[134.6637,-5.7262,0.0],[134.6577,-5.7359,8.0283],[134.6558,-5.7455,7.1899],[134.6596,-5.7489,8.5402],[134.669,-5.7506,11.5778],[134.6716,-5.7604,0.0],[134.6769,-5.7703,15.2596],[134.6829,-5.7701,8.4287],[134.6915,-5.7774,6.3477],[134.69,-5.7847,0.0],[134.6921,-5.797,2.3398],[134.6962,-5.8026,7.5024],[134.7061,-5.8102,0.0],[134.7142,-5.8132,0.0],[134.7175,-5.8124,0.0],[134.7206,-5.807,4.5845],[134.7265,-5.8099,2.0388],[134.73,-5.8096,2.9351],[134.7352,-5.8062,3.4856],[134.7351,-5.8028,0.0],[134.7399,-5.8004,18.7064],[134.7395,-5.7959,12.8651],[134.7448,-5.7914,3.1852],[134.7475,-5.7861,7.5067],[134.7428,-5.7802,18.1],[134.7426,-5.7763,16.2972],[134.7462,-5.7736,0.0],[134.7448,-5.7665,1.594],[134.7421,-5.7627,0.0],[134.7417,-5.7418,21.3512]]],
[[[134.7897,-5.7296,3.2627],[134.7864,-5.7351,3.3054],[134.7886,-5.7368,5.6485],[134.7861,-5.737,0.0],[134.7849,-5.7389,0.0],[134.7825,-5.7525,0.0],[134.7834,-5.7581,0.0],[134.788,-5.7547,0.0],[134.7916,-5.7553,1.2552],[134.7978,-5.7516,1.8088],[134.8033,-5.7512,13.4665],[134.8091,-5.7456,3.2676],[134.8087,-5.7433,7.2254],[134.8128,-5.7441,0.0],[134.8126,-5.7417,1.5434],[134.8138,-5.7422,1.5434],[134.8143,-5.7405,0.0],[134.8124,-5.7376,0.0],[134.814,-5.7374,0.0],[134.8137,-5.7349,1.057],[134.8118,-5.735,0.6405],[134.8113,-5.7367,2.3495],[134.8075,-5.7312,0.0],[134.7973,-5.7277,0.0],[134.7897,-5.7296,3.2627]]],
[[[134.7963,-5.7183,5.0124],[134.7965,-5.7215,1.6009],[134.8,-5.7195,0.0],[134.7985,-5.7183,1.9428],[134.7963,-5.7183,5.0124]]],
[[[134.3129,-5.6252,0.0],[134.3113,-5.6255,0.0],[134.3122,-5.6271,0.0],[134.3133,-5.6262,0.0],[134.3129,-5.6252,0.0]]],
[[[134.264,-5.5442,8.9833],[134.2668,-5.539,12.8376],[134.2737,-5.5359,2.0826],[134.2757,-5.5303,6.9531],[134.2858,-5.5229,0.0],[134.2861,-5.517,0.0],[134.2825,-5.5001,0.0],[134.2763,-5.4878,17.5749],[134.2708,-5.4836,0.0],[134.2536,-5.4872,0.0],[134.2496,-5.5056,0.0],[134.2508,-5.5086,10.6009],[134.2544,-5.5101,20.4593],[134.2567,-5.5268,6.851],[134.2534,-5.5429,0.0],[134.2539,-5.5533,0.0],[134.2562,-5.5541,12.8583],[134.264,-5.5442,8.9833]]],
[[[134.7006,-5.5441,9.99],[134.7024,-5.5419,3.9309],[134.6991,-5.5358,1.0681],[134.6954,-5.5369,1.9922],[134.6903,-5.5361,16.1195],[134.6897,-5.5404,0.0],[134.6913,-5.5448,3.9164],[134.6986,-5.5471,10.213],[134.7006,-5.5441,9.99]]],
[[[134.4812,-5.5325,4.8066],[134.4856,-5.5297,2.5449],[134.4861,-5.5188,9.9974],[134.4847,-5.5166,6.0292],[134.4783,-5.5191,0.0],[134.4758,-5.5259,3.1113],[134.4734,-5.5266,7.7953],[134.4741,-5.5289,1.653],[134.4786,-5.5272,3.3441],[134.4811,-5.5297,11.7545],[134.4812,-5.5325,4.8066]]],
[[[134.5972,-5.7014,1.6168],[134.5987,-5.7003,25.5559],[134.6026,-5.7085,15.1521],[134.6085,-5.7129,24.4398],[134.6105,-5.7188,14.0507],[134.6162,-5.7227,11.2001],[134.6191,-5.7214,5.2921],[134.6197,-5.7175,9.3256],[134.6238,-5.7133,5.55],[134.6311,-5.7112,22.0062],[134.6396,-5.7118,2.7879],[134.6474,-5.7239,10.4117],[134.6507,-5.7256,3.1006],[134.6538,-5.7243,0.0],[134.6537,-5.7216,8.7635],[134.6609,-5.7246,3.0977],[134.67,-5.7236,19.447],[134.6913,-5.7248,8.6021],[134.6979,-5.7265,0.0],[134.7015,-5.731,14.5517],[134.6996,-5.7349,4.5274],[134.7041,-5.7388,6.2263],[134.7166,-5.7415,2.4937],[134.7222,-5.7344,9.7412],[134.7245,-5.7268,14.2665],[134.7303,-5.718,1.0901],[134.7313,-5.7081,16.9257],[134.7347,-5.7052,3.6549],[134.735,-5.7015,0.0],[134.7313,-5.701,0.0],[134.7252,-5.704,12.7969],[134.7301,-5.698,1.3208],[134.7318,-5.6932,0.0],[134.7294,-5.686,2.1013],[134.7266,-5.6836,6.8188],[134.732,-5.6823,5.9058],[134.7335,-5.6787,18.4678],[134.7314,-5.6723,16.6386],[134.75,-5.6732,0.0],[134.7519,-5.6693,4.1066],[134.754,-5.6686,0.9916],[134.7591,-5.6684,1.0902],[134.7611,-5.6702,1.7585],[134.7671,-5.6691,0.0],[134.7681,-5.6683,0.0],[134.764,-5.6656,5.389],[134.764,-5.6581,0.8064],[134.7568,-5.6537,3.4866],[134.761,-5.6489,6.8798],[134.762,-5.6502,2.1573],[134.7631,-5.6491,0.0],[134.7636,-5.6458,0.0],[134.762,-5.6462,0.7997],[134.7571,-5.6389,1.1394],[134.7572,-5.6339,0.0],[134.7527,-5.6309,0.0],[134.7484,-5.6326,3.201],[134.7502,-5.629,9.5604],[134.7477,-5.6194,0.8439],[134.7434,-5.6156,0.0],[134.7396,-5.6172,0.0],[134.7377,-5.6208,0.0],[134.7421,-5.6347,6.9508],[134.737,-5.6399,3.0],[134.729,-5.6444,6.8659],[134.7404,-5.6355,11.7518],[134.7413,-5.6332,10.6184],[134.7351,-5.6247,7.6549],[134.7297,-5.6131,6.6161],[134.7166,-5.6121,9.7267],[134.718,-5.6063,0.9812],[134.7148,-5.6071,14.7193],[134.7185,-5.6024,0.0],[134.7126,-5.5975,0.0],[134.6944,-5.5994,15.29],[134.6982,-5.5889,6.7933],[134.69,-5.5864,3.6737],[134.6905,-5.5937,15.6034],[134.6882,-5.5999,6.8198],[134.6901,-5.6153,15.1649],[134.6877,-5.6068,7.1575],[134.6875,-5.5988,10.0501],[134.6901,-5.593,15.6034],[134.6867,-5.5816,0.0],[134.6812,-5.5828,1.2432],[134.68,-5.5862,0.0],[134.6684,-5.5869,0.0],[134.6673,-5.5941,0.0],[134.6631,-5.5983,3.5751],[134.6641,-5.5887,0.0],[134.6608,-5.5875,0.0],[134.6594,-5.5828,0.0],[134.6544,-5.581,0.0],[134.6519,-5.5831,7.4553],[134.6535,-5.5774,5.7179],[134.6518,-5.5761,0.0],[134.6416,-5.5778,0.0],[134.643,-5.5869,2.5856],[134.6405,-5.5931,4.0863],[134.6419,-5.5877,2.5856],[134.6411,-5.5836,0.0],[134.639,-5.5826,0.0],[134.6346,-5.5847,22.0873],[134.6296,-5.5816,0.0],[134.6244,-5.5843,0.0],[134.6213,-5.5833,1.4378],[134.6085,-5.5741,16.3938],[134.6099,-5.5734,16.3938],[134.6095,-5.5714,7.9762],[134.6071,-5.5693,0.0],[134.6001,-5.5684,5.2413],[134.5964,-5.5753,0.0],[134.5949,-5.5755,0.0],[134.5929,-5.5688,0.0],[134.5877,-5.5728,0.0],[134.5824,-5.5716,5.5628],[134.5812,-5.5688,2.5607],[134.5741,-5.5716,13.1707],[134.5695,-5.5696,15.634],[134.5698,-5.5631,2.0152],[134.566,-5.5689,11.2539],[134.5621,-5.565,16.0998],[134.5521,-5.5607,1.768],[134.5474,-5.5691,11.7823],[134.5357,-5.5715,10.399],[134.5339,-5.5705,5.8099],[134.5309,-5.5723,0.0],[134.5295,-5.5761,0.0],[134.5293,-5.5821,0.0],[134.5331,-5.5843,18.4518],[134.5332,-5.5955,12.878],[134.5358,-5.5999,12.6732],[134.5358,-5.6055,9.2216],[134.5342,-5.6079,0.0],[134.5356,-5.6271,56.5366],[134.5453,-5.6388,7.1466],[134.5473,-5.6494,11.6795],[134.5612,-5.6498,20.5824],[134.5696,-5.6536,17.1492],[134.5728,-5.6531,10.8633],[134.5755,-5.6496,36.1441],[134.5728,-5.6643,0.0],[134.5736,-5.6675,14.016],[134.579,-5.6771,3.8085],[134.5891,-5.6849,7.0115],[134.5957,-5.6954,13.3754],[134.5941,-5.6989,13.167],[134.5972,-5.7014,1.6168]]],
[[[134.7715,-5.6498,0.0],[134.7699,-5.6495,0.0],[134.7694,-5.6517,0.0],[134.7714,-5.6517,0.0],[134.7715,-5.6498,0.0]]],
[[[134.8053,-5.6056,0.0],[134.8051,-5.6026,0.0],[134.8031,-5.6013,0.0],[134.8007,-5.601,0.0],[134.7983,-5.6035,0.0],[134.7986,-5.6061,0.0],[134.8019,-5.6079,0.0],[134.8053,-5.6056,0.0]]],
[[[134.7513,-5.6298,0.4428],[134.7504,-5.6297,0.4428],[134.7499,-5.6304,4.8599],[134.7514,-5.6307,0.4428],[134.7513,-5.6298,0.4428]]],
[[[134.7391,-5.6045,0.0],[134.7367,-5.6063,4.9656],[134.7373,-5.6082,1.3948],[134.7404,-5.6073,3.0896],[134.7391,-5.6045,0.0]]],
[[[134.7065,-5.5785,13.7418],[134.7097,-5.5766,0.0],[134.7093,-5.5747,0.0],[134.6989,-5.5744,9.5619],[134.6993,-5.5768,18.9495],[134.703,-5.5799,1.5187],[134.7065,-5.5785,13.7418]]],
[[[134.6642,-5.5665,1.426],[134.6635,-5.5684,1.4548],[134.6648,-5.5687,0.0],[134.6645,-5.5662,9.2724],[134.6642,-5.5665,1.426]]],
[[[134.3451,-5.5838,1.4606],[134.3477,-5.5745,0.0],[134.3452,-5.5697,3.0547],[134.3418,-5.5671,2.2317],[134.3375,-5.5677,0.0],[134.3231,-5.56,0.0],[134.3107,-5.5642,2.6106],[134.304,-5.5637,10.9659],[134.2822,-5.6077,2.5885],[134.2655,-5.6128,0.0],[134.2631,-5.6118,0.0],[134.2568,-5.6149,2.6689],[134.2541,-5.6141,0.0],[134.2515,-5.6103,0.0],[134.2446,-5.6198,8.5803],[134.2436,-5.6225,0.0],[134.2447,-5.6264,7.1518],[134.246,-5.6293,2.9619],[134.2619,-5.6369,8.0702],[134.2679,-5.6438,0.0],[134.2764,-5.6456,6.8345],[134.2852,-5.6384,13.541],[134.2891,-5.6263,0.0],[134.2941,-5.6218,12.296],[134.311,-5.6128,17.0715],[134.3249,-5.6115,0.0],[134.3325,-5.606,10.396],[134.3408,-5.597,0.0],[134.3416,-5.5875,8.1471],[134.3451,-5.5838,1.4606]]],
[[[134.7106,-5.5688,9.0124],[134.7117,-5.5677,0.0],[134.7107,-5.5648,3.6047],[134.7148,-5.5572,7.3075],[134.7151,-5.5512,9.5363],[134.713,-5.5487,7.8145],[134.7086,-5.5504,0.0],[134.7076,-5.5526,3.9955],[134.707,-5.5491,0.0],[134.7024,-5.5492,0.0],[134.7016,-5.5508,2.7454],[134.7053,-5.5565,2.1672],[134.7008,-5.5606,0.0],[134.7008,-5.5676,1.6861],[134.6988,-5.5725,0.0],[134.7041,-5.5725,9.5478],[134.7073,-5.5691,9.4135],[134.7095,-5.5704,3.6891],[134.7106,-5.5688,9.0124]]],
[[[134.4683,-5.3771,0.0],[134.4783,-5.377,2.3815],[134.4726,-5.3716,2.716],[134.473,-5.3683,0.0],[134.4706,-5.3662,0.0],[134.4675,-5.3686,0.0],[134.4666,-5.3716,4.0155],[134.4683,-5.3771,0.0]]],
[[[134.5261,-5.3342,0.7628],[134.5401,-5.3362,0.0],[134.5352,-5.3326,1.6336],[134.524,-5.3302,5.6027],[134.5193,-5.3307,0.0],[134.5155,-5.3329,0.0],[134.5107,-5.3393,0.0],[134.5103,-5.3452,1.7548],[134.5125,-5.3462,5.3882],[134.5137,-5.3413,0.0],[134.5155,-5.342,0.0],[134.5183,-5.3375,10.417],[134.5218,-5.3372,11.2721],[134.5261,-5.3342,0.7628]]],
[[[134.6095,-5.3693,0.0],[134.6066,-5.3682,0.8959],[134.6042,-5.3708,3.3389],[134.6044,-5.3736,11.282],[134.6101,-5.3749,2.8505],[134.6095,-5.3693,0.0]]],
[[[134.5887,-5.3877,0.0],[134.59,-5.3906,7.3621],[134.5919,-5.391,10.0431],[134.5955,-5.3886,5.6485],[134.5978,-5.3889,5.7676],[134.6046,-5.3852,0.0],[134.6037,-5.3819,1.675],[134.5967,-5.3806,0.0],[134.5887,-5.3877,0.0]]],
[[[134.6797,-5.4082,0.0],[134.6807,-5.4068,0.0],[134.6793,-5.4044,0.0],[134.6772,-5.4058,0.0],[134.6797,-5.4082,0.0]]],
[[[134.5781,-5.401,7.9364],[134.5827,-5.4035,0.8077],[134.5921,-5.405,0.0],[134.5944,-5.4035,0.0],[134.5953,-5.3992,0.0],[134.5935,-5.3957,10.9452],[134.5894,-5.3932,6.7925],[134.5866,-5.3936,1.7379],[134.5781,-5.401,7.9364]]],
[[[134.5665,-5.3975,3.0887],[134.5645,-5.3973,0.0],[134.5645,-5.3993,0.0],[134.5664,-5.399,8.0576],[134.5665,-5.3975,3.0887]]],
[[[134.6164,-5.4046,0.0],[134.6162,-5.4063,0.0],[134.6246,-5.4123,14.184],[134.6302,-5.4107,5.1536],[134.6303,-5.409,9.8307],[134.626,-5.4058,6.8141],[134.6221,-5.3997,12.9013],[134.6164,-5.4046,0.0]]],
[[[134.6477,-5.4062,0.0],[134.6476,-5.4045,0.0],[134.646,-5.4043,0.0],[134.646,-5.4061,0.0],[134.6477,-5.4062,0.0]]],
[[[134.6264,-5.4005,15.0696],[134.6274,-5.3998,15.2104],[134.6261,-5.3986,16.1544],[134.6252,-5.399,16.1544],[134.6264,-5.4005,15.0696]]],
[[[134.6595,-5.4056,0.0],[134.6637,-5.3911,15.9952],[134.6591,-5.3869,0.0],[134.6546,-5.3869,0.0],[134.6528,-5.3885,0.0],[134.6504,-5.3876,0.0],[134.6487,-5.3923,0.0],[134.6509,-5.402,0.0],[134.6538,-5.407,0.0],[134.6569,-5.4088,0.0],[134.6589,-5.4089,0.0],[134.6595,-5.4056,0.0]]],
[[[134.6664,-5.3924,1.5927],[134.6649,-5.3905,1.8983],[134.6654,-5.3948,16.6694],[134.6666,-5.3941,6.8676],[134.6664,-5.3924,1.5927]]],
[[[134.6706,-5.3904,1.0156],[134.6794,-5.3951,0.8664],[134.6835,-5.3934,0.0],[134.6819,-5.3896,0.9372],[134.6767,-5.3876,0.0],[134.6707,-5.389,4.2931],[134.6706,-5.3904,1.0156]]],
[[[134.6168,-5.4009,0.0],[134.62,-5.3965,1.5752],[134.6122,-5.3884,2.0073],[134.6129,-5.3833,0.0],[134.6103,-5.381,0.0],[134.6078,-5.382,0.0],[134.6059,-5.3863,8.1221],[134.5952,-5.3904,2.0642],[134.5925,-5.3932,0.0],[134.5968,-5.3984,3.4183],[134.5959,-5.4011,2.8487],[134.6064,-5.4072,10.3256],[134.6114,-5.4081,0.0],[134.6168,-5.4009,0.0]]],
[[[134.6229,-5.3883,0.8074],[134.6191,-5.3866,1.9828],[134.6155,-5.3886,0.0],[134.6152,-5.3907,3.6442],[134.6217,-5.396,11.0287],[134.6254,-5.3926,1.7308],[134.6229,-5.3883,0.8074]]],
[[[134.5977,-5.3713,0.0],[134.6027,-5.3707,2.908],[134.6054,-5.3678,0.0],[134.6009,-5.3571,1.5033],[134.584,-5.3567,2.0177],[134.5766,-5.3635,0.0],[134.5756,-5.37,9.3059],[134.5715,-5.3739,2.6787],[134.5733,-5.3805,9.0725],[134.5699,-5.3787,15.1192],[134.5621,-5.3861,0.0],[134.5612,-5.3898,5.7953],[134.5636,-5.394,0.0],[134.566,-5.3953,0.0],[134.5761,-5.3941,4.3838],[134.5827,-5.3895,13.1188],[134.5829,-5.3867,10.6056],[134.5911,-5.3802,10.8521],[134.5959,-5.3708,10.6697],[134.5977,-5.3713,0.0]]],
[[[134.5775,-5.358,0.0],[134.5843,-5.3529,10.451],[134.5976,-5.3549,0.0],[134.6031,-5.3499,0.0],[134.6021,-5.3446,13.2807],[134.5994,-5.3385,1.7679],[134.5895,-5.3287,0.0],[134.5705,-5.3245,0.0],[134.56,-5.3287,3.3955],[134.5523,-5.3358,3.0774],[134.5522,-5.3381,1.2365],[134.5479,-5.3436,0.0],[134.5505,-5.3473,5.5584],[134.5502,-5.357,6.7815],[134.5482,-5.3574,7.6609],[134.545,-5.3478,0.0],[134.5322,-5.3507999999999996,0.0],[134.5266,-5.3591,15.1015],[134.529,-5.3648,12.0704],[134.5256,-5.3641,9.7758],[134.5225,-5.3603,2.0457],[134.5145,-5.3628,0.0],[134.5063,-5.3685,0.9283],[134.5047,-5.3752,0.0],[134.5061,-5.3777,8.8722],[134.5026,-5.3817,0.0],[134.5022,-5.386,0.0],[134.5076,-5.3884,15.0207],[134.5091,-5.3921,6.3234],[134.5164,-5.3964,10.8044],[134.5285,-5.4071,5.7207],[134.5396,-5.4115,0.0],[134.5433,-5.409,1.3087],[134.5461,-5.4018,6.2647],[134.5481,-5.4002,3.1133],[134.5523,-5.3974,5.4378],[134.5563,-5.3986,2.6896],[134.5582,-5.3973,7.6482],[134.5582,-5.3928,5.7174],[134.5559,-5.3904,10.839],[134.5582,-5.3896,1.8771],[134.5586,-5.3856,9.0981],[134.5665,-5.3768,4.5199],[134.5678,-5.3686,5.3379],[134.5775,-5.358,0.0]]],
[[[134.6607,-5.4695,0.0],[134.6577,-5.4692,0.0],[134.6572,-5.4716,2.0421],[134.6604,-5.4726,7.185],[134.6607,-5.4695,0.0]]],
[[[134.6151,-5.5769,5.1511],[134.6205,-5.5808,0.7472],[134.6269,-5.5807,2.2686],[134.6288,-5.5737,10.268],[134.6288,-5.5797,2.2686],[134.6335,-5.5787,12.1773],[134.636,-5.5813,0.0],[134.6372,-5.581,0.0],[134.6386,-5.5723,7.3704],[134.6397,-5.574,2.1483],[134.6409,-5.5724,6.8852],[134.6422,-5.5733,0.0],[134.6411,-5.5698,11.4794],[134.644,-5.5731,0.0],[134.6492,-5.573,0.0],[134.649,-5.5705,4.1955],[134.6459,-5.5693,15.0883],[134.6498,-5.5685,0.25],[134.649,-5.5662,7.9259],[134.6466,-5.5651,10.3452],[134.6491,-5.5594,12.4505],[134.6475,-5.5559,9.3257],[134.6479,-5.5516,7.6974],[134.6533,-5.5595,11.8714],[134.6559,-5.5584,13.1512],[134.6573,-5.5625,15.271],[134.656,-5.5683,7.3961],[134.6569,-5.5687,7.3961],[134.6577,-5.5655,8.4545],[134.6595,-5.5706,2.6663],[134.6611,-5.5704,1.8683],[134.6646,-5.5656,9.2724],[134.6653,-5.5686,0.0],[134.672,-5.5718,0.0],[134.6795,-5.5722,3.5502],[134.6829,-5.5683,0.0],[134.6813,-5.5646,6.247],[134.6827,-5.5656,4.2205],[134.6843,-5.5645,13.59],[134.683,-5.5599,13.1491],[134.6893,-5.5636,3.5121],[134.6872,-5.5695,0.0],[134.6918,-5.5715,2.8813],[134.6964,-5.5704,16.2647],[134.699,-5.5662,0.0],[134.6977,-5.5628,0.0],[134.6903,-5.5585,15.5845],[134.6845,-5.5499,6.0293],[134.6769,-5.5457,10.6918],[134.6781,-5.5442,12.6047],[134.6738,-5.5384,20.9519],[134.6776,-5.535,9.493],[134.6837,-5.5351,4.7786],[134.688,-5.5373,8.9697],[134.6898,-5.5342,14.9632],[134.6903,-5.5356,16.1195],[134.695,-5.5365,1.9922],[134.6996,-5.535,1.0681],[134.701,-5.5356,0.0],[134.7032,-5.5324,0.0],[134.6996,-5.5305,0.0],[134.7011,-5.5262,0.0],[134.6997,-5.5229,7.2936],[134.7032,-5.5214,1.3939],[134.7037,-5.5191,4.8353],[134.7065,-5.5199,0.0],[134.7055,-5.516,0.0],[134.6991,-5.512,0.0],[134.6913,-5.5112,1.527],[134.6818,-5.5072,8.9315],[134.6756,-5.4904,0.8081],[134.6727,-5.4893,0.0],[134.6716,-5.4856,1.1662],[134.6645,-5.4814,6.0715],[134.6623,-5.4829,0.0],[134.6606,-5.4885,3.9091],[134.6622,-5.5018,7.0388],[134.6642,-5.5064,13.5122],[134.662,-5.5109,8.254],[134.6635,-5.5063,7.9329],[134.6621,-5.5049,4.5199],[134.6607,-5.498,6.0149],[134.6553,-5.4926,0.0],[134.6518,-5.4955,2.7995],[134.6541,-5.4921,0.0],[134.6516,-5.4863,5.6389],[134.6541,-5.4859,0.0],[134.6517,-5.4754,0.5195],[134.6493,-5.4743,0.0],[134.6482,-5.476,5.3592],[134.6481,-5.4737,0.0],[134.645,-5.4774,9.5647],[134.6446,-5.4763,9.5647],[134.6472,-5.4727,0.5807],[134.6462,-5.4704,3.6258],[134.6508,-5.4672,4.0337],[134.6511,-5.4629,2.7293],[134.6528,-5.4607,0.0],[134.6514,-5.451,6.2167],[134.6482,-5.4475,2.7192],[134.6475,-5.4392,0.0],[134.6317,-5.4302,0.0],[134.6295,-5.4364,6.1701],[134.631,-5.4302,0.0],[134.6283,-5.4275,3.0851],[134.6132,-5.4209,0.0],[134.6083,-5.4212,0.0],[134.6118,-5.43,0.0],[134.6077,-5.4371,0.5],[134.6059,-5.4468,0.5],[134.6094,-5.4548,2.4402],[134.6076,-5.4534,8.497],[134.6044,-5.4471,0.5],[134.6048,-5.4445,1.8055],[134.6022,-5.4442,5.1066],[134.6052,-5.4413,10.7742],[134.6059,-5.4374,1.0671],[134.6044,-5.4361,5.1203],[134.6086,-5.4307,7.977],[134.6078,-5.4277,2.1911],[134.6048,-5.425,0.0],[134.5974,-5.4226,0.0],[134.6012,-5.4209,13.2007],[134.6017,-5.4185,11.5939],[134.5975,-5.4143,0.0],[134.5911,-5.4162,0.0],[134.5894,-5.4234,6.6996],[134.5838,-5.4163,14.8983],[134.579,-5.4196,11.2337],[134.5747,-5.4178,0.0],[134.5716,-5.4187,3.7233],[134.5664,-5.4248,0.0],[134.5679,-5.4278,8.1555],[134.5656,-5.4265,3.918],[134.5646,-5.4275,0.0],[134.5641,-5.4314,0.5],[134.5693,-5.4391,13.7195],[134.5722,-5.4399,2.25],[134.5752,-5.4379,9.2319],[134.578,-5.4392,9.1938],[134.5765,-5.4408,6.0698],[134.5699,-5.4414,8.4434],[134.5649,-5.4393,8.9981],[134.5596,-5.4344,0.0],[134.5554,-5.4348,6.0985],[134.5549,-5.4389,4.0146],[134.557,-5.4403,3.7081],[134.558,-5.4457,1.0],[134.5609,-5.4488,1.375],[134.5598,-5.4499,7.9723],[134.5546,-5.445,7.6728],[134.553,-5.4399,0.25],[134.5508,-5.4383,1.835],[134.5487,-5.4376,0.0],[134.548,-5.4388,5.9574],[134.5468,-5.4362,0.0],[134.5424,-5.4367,10.8016],[134.5397,-5.4326,0.0],[134.5385,-5.4349,16.1153],[134.5367,-5.4337,2.2777],[134.5352,-5.4351,5.1964],[134.534,-5.4301,7.1388],[134.5305,-5.4265,7.7616],[134.5271,-5.4276,4.7338],[134.5199,-5.4254,10.5361],[134.5083,-5.4197,4.9898],[134.5,-5.4198,8.3041],[134.4908,-5.4324,0.0],[134.4931,-5.44,2.7746],[134.4959,-5.442,2.484],[134.4935,-5.4433,3.1939],[134.4942,-5.4469,0.0],[134.4982,-5.4482,7.0067],[134.5002,-5.4512,8.1816],[134.5027,-5.4508,5.3913],[134.5029,-5.4544,1.044],[134.5008,-5.4564,0.0],[134.5016,-5.4595,11.6355],[134.5035,-5.4605,8.246],[134.5007,-5.4677,0.0],[134.5028,-5.4704,1.1053],[134.5004,-5.4713,2.4425],[134.4997,-5.4757,15.2478],[134.4956,-5.4763,11.6229],[134.4942,-5.4794,4.2567],[134.4909,-5.4796,0.0],[134.4909,-5.4845,0.0],[134.4934,-5.4845,19.082],[134.4919,-5.4867,2.0533],[134.4977,-5.4888,3.1793],[134.5029,-5.4878,10.1001],[134.5073,-5.4848,2.2477],[134.5122,-5.486,9.7355],[134.5158,-5.4797,2.2492],[134.5226,-5.4817,0.625],[134.5269,-5.4883,3.5271],[134.5295,-5.4887,8.0665],[134.533,-5.4788,5.5622],[134.5365,-5.479,9.0712],[134.5332,-5.4791,5.5622],[134.5321,-5.4857,13.7228],[134.5298,-5.4896,9.7094],[134.5265,-5.4899,4.4037],[134.5212,-5.486,0.625],[134.5149,-5.4888,0.5],[134.5062,-5.4894,0.0],[134.506,-5.4909,2.0549],[134.5051,-5.4921,8.9136],[134.5043,-5.4932,5.2464],[134.5027,-5.4945,7.8928],[134.5024,-5.4987,3.5534],[134.5,-5.5017,5.4586],[134.5005,-5.5054,1.8729],[134.5027,-5.508,0.0],[134.5123,-5.5102,3.6152],[134.5147,-5.5125,4.7271],[134.5204,-5.5111,5.4459],[134.5167,-5.5148,3.0835],[134.5182,-5.5177,18.0902],[134.5117,-5.524,4.2273],[134.5149,-5.5263,12.5728],[134.5156,-5.5291,7.1429],[134.5142,-5.5304,7.4652],[134.5156,-5.5315,8.2249],[134.5089,-5.5382,3.329],[134.5061,-5.5457,12.3439],[134.5062,-5.5544,18.591],[134.5138,-5.5619,0.0],[134.5178,-5.5589,0.0],[134.5183,-5.5566,4.6901],[134.5234,-5.5555,3.0299],[134.5291,-5.5627,7.6762],[134.531,-5.5693,1.4615],[134.5383,-5.5677,9.6759],[134.5395,-5.5654,13.5659],[134.5422,-5.5678,9.4199],[134.5449,-5.5668,1.7214],[134.5486,-5.5593,22.0949],[134.5523,-5.5574,14.4822],[134.5553,-5.5605,5.5007],[134.5656,-5.564,1.9431],[134.5673,-5.5605,4.2364],[134.569,-5.5603,4.2364],[134.5715,-5.5631,8.1875],[134.5711,-5.5695,0.0],[134.581,-5.5667,10.6967],[134.5852,-5.5703,11.1989],[134.5924,-5.5672,8.1053],[134.5959,-5.5697,13.2449],[134.5985,-5.5673,4.2556],[134.5989,-5.5598,3.8998],[134.5991,-5.565,4.5155],[134.601,-5.5649,14.5862],[134.6018,-5.5671,0.0],[134.6031,-5.5658,14.1654],[134.6115,-5.569,6.5807],[134.6151,-5.5769,5.1511]]],
[[[134.6847,-5.4639,0.0],[134.6824,-5.47,14.4302],[134.6846,-5.4755,11.3784],[134.6867,-5.4767,1.028],[134.6883,-5.4761,7.1099],[134.69,-5.4711,10.825],[134.6879,-5.4656,2.1686],[134.6847,-5.4639,0.0]]],
[[[134.4894,-5.4373,0.0],[134.4895,-5.4328,0.0],[134.4949,-5.4242,10.4263],[134.4927,-5.4223,2.1932],[134.4853,-5.4284,12.8336],[134.4836,-5.428,15.3801],[134.4772,-5.4324,0.0],[134.4741,-5.4382,12.5377],[134.4698,-5.4392,0.0],[134.465,-5.4439,2.22],[134.4603,-5.4524,0.0],[134.4606,-5.4584,0.0],[134.4621,-5.4609,0.0],[134.4692,-5.4598,0.0],[134.4707,-5.4571,2.1944],[134.4777,-5.4548,2.634],[134.4887,-5.4411,6.0734],[134.4894,-5.4373,0.0]]],
[[[134.6743,-5.4676,8.5879],[134.6727,-5.4717,5.2107],[134.6734,-5.4754,4.3192],[134.6739,-5.477,2.39],[134.6773,-5.4776,6.7078],[134.6804,-5.4746,0.0],[134.6817,-5.4608,0.0],[134.6802,-5.4601,0.0],[134.6785,-5.4628,1.2452],[134.675,-5.464,0.0],[134.6743,-5.4676,8.5879]]],
[[[134.6554,-5.4608,0.0],[134.6626,-5.4691,1.3371],[134.6644,-5.4739,10.0485],[134.6691,-5.4746,0.6055],[134.6742,-5.464,0.0],[134.6686,-5.4562,0.0],[134.6661,-5.4559,0.0],[134.6644,-5.448,0.0],[134.6622,-5.4453,0.0],[134.655,-5.442,0.0],[134.6515,-5.4425,0.0],[134.6501,-5.4471,0.0],[134.656,-5.4544,15.2549],[134.6554,-5.4608,0.0]]],
[[[134.5614,-5.4252,6.1224],[134.5587,-5.4252,0.0],[134.5571,-5.4287,1.7394],[134.5616,-5.4284,1.427],[134.5635,-5.4258,1.2248],[134.5614,-5.4252,6.1224]]],
[[[134.6386,-5.4181,10.9606],[134.6363,-5.4167,0.672],[134.6353,-5.4194,2.7197],[134.6381,-5.4199,0.7154],[134.6386,-5.4181,10.9606]]],
[[[134.6427,-5.4106,0.0],[134.6429,-5.4198,0.0],[134.6452,-5.4204,7.4559],[134.6468,-5.4185,14.0032],[134.6457,-5.4081,0.0],[134.6427,-5.4106,0.0]]],
[[[134.7974,-5.9477,0.0],[134.7965,-5.9473,0.0],[134.7968,-5.9493,1.7008],[134.7977,-5.9486,0.0],[134.7974,-5.9477,0.0]]],
[[[134.6348,-5.929,11.6101],[134.629,-5.9229,0.0],[134.6269,-5.9182,18.5011],[134.6319,-5.9121,0.0],[134.6272,-5.9081,6.0262],[134.6244,-5.9099,0.0],[134.6219,-5.917,15.2313],[134.6118,-5.9336,0.0],[134.6186,-5.9379,6.9125],[134.6348,-5.929,11.6101]]],
[[[134.6566,-5.9588,1.1349],[134.6564,-5.9585,1.1349],[134.6558,-5.9586,1.1349],[134.6561,-5.9591,1.1349],[134.6566,-5.9588,1.1349]]],
[[[134.687,-5.9606,12.4066],[134.6869,-5.9584,0.0],[134.6844,-5.9573,0.0],[134.6798,-5.9577,2.3974],[134.6781,-5.9593,0.0],[134.6814,-5.9636,0.6666],[134.6834,-5.9631,2.041],[134.6838,-5.9611,19.2332],[134.687,-5.9606,12.4066]]],
[[[134.7396,-5.9514,3.7987],[134.7433,-5.9569,3.6598],[134.7489,-5.9597,0.0],[134.7486,-5.9507,1.2815],[134.7398,-5.95,1.0641],[134.7396,-5.9514,3.7987]]],
[[[134.2415,-6.1051,56.1756],[134.244,-6.0953,16.3596],[134.2493,-6.0877,23.3185],[134.2523,-6.0863,2.0076],[134.2519,-6.0841,20.0445],[134.2543,-6.0856,4.1368],[134.257,-6.0846,0.0],[134.2643,-6.0746,2.0777],[134.2645,-6.0719,9.5065],[134.2686,-6.0724,9.5392],[134.2797,-6.0627,0.0],[134.2791,-6.0592,0.0],[134.2744,-6.0541,0.0],[134.2704,-6.0551,0.0],[134.2644,-6.0598,0.0],[134.2582,-6.0696,6.0449],[134.2461,-6.072,1.9971],[134.2452,-6.0751,12.552],[134.2411,-6.0646,20.5401],[134.2345,-6.0607,0.0],[134.2291,-6.0535,11.7151],[134.2288,-6.0443,17.9176],[134.2322,-6.0381,3.0456],[134.2325,-6.0266,7.8834],[134.227,-6.0224,2.8046],[134.2277,-6.0163,0.0],[134.2151,-6.0163,2.8942],[134.2026,-6.0207,5.8308],[134.1976,-6.0182,3.3849],[134.1934,-6.0235,7.1064],[134.196,-6.0328,2.1532],[134.1952,-6.0358,2.7659],[134.1758,-6.0343,0.0],[134.1698,-6.0383,2.2808],[134.1664,-6.0375,0.0],[134.1621,-6.039,0.0],[134.1615,-6.0374,0.0],[134.1584,-6.0378,8.1471],[134.1602,-6.0364,0.0],[134.1596,-6.0335,3.7827],[134.1579,-6.0305,0.0],[134.1563,-6.0305,0.0],[134.1552,-6.0262,8.4558],[134.1557,-6.0163,0.0],[134.1588,-6.0141,6.3915],[134.1595,-6.0113,9.7165],[134.1568,-6.006,0.0],[134.1534,-6.0061,6.0248],[134.1513,-6.0038,0.0],[134.1394,-6.0143,2.8645],[134.1234,-6.0385,3.2136],[134.121,-6.051,10.6189],[134.1239,-6.0659,0.0],[134.1216,-6.0743,6.6397],[134.1219,-6.0811,6.2412],[134.1162,-6.0877,0.0],[134.1135,-6.0982,0.0],[134.1136,-6.1077,0.0],[134.119,-6.1131,11.8668],[134.1265,-6.126,1.4975],[134.1342,-6.1343,6.7644],[134.1396,-6.1435,6.0156],[134.1414,-6.1435,8.6068],[134.1499,-6.1507,4.7346],[134.1517,-6.1494,0.0],[134.1461,-6.1447,9.2447],[134.149,-6.1457,2.8735],[134.1483,-6.1403,0.0],[134.1508,-6.1352,15.7602],[134.1547,-6.1354,15.9069],[134.1619,-6.1276,11.8475],[134.1689,-6.13,16.6291],[134.1765,-6.1239,22.958],[134.1755,-6.1216,25.6307],[134.1768,-6.1194,23.1264],[134.1798,-6.1213,11.3421],[134.1847,-6.1206,23.2716],[134.1913,-6.1255,3.8],[134.1939,-6.1249,5.5288],[134.196,-6.1271,4.3181],[134.1998,-6.1275,11.4602],[134.1987,-6.134,0.0],[134.2002,-6.136,11.2718],[134.2003,-6.1423,5.1036],[134.2021,-6.1445,5.3422],[134.1881,-6.1481,0.0],[134.1867,-6.1568,6.6086],[134.1699,-6.1649,0.0],[134.1625,-6.1777,0.0],[134.1612,-6.1859,0.0],[134.1677,-6.1981,0.0],[134.1849,-6.2046,0.0],[134.1973,-6.204,0.0],[134.2022,-6.203,0.0],[134.2073,-6.1941,8.5893],[134.2154,-6.1906,17.3899],[134.2212,-6.197,0.0],[134.2246,-6.2037,0.0],[134.2284,-6.2028,2.5262],[134.2342,-6.2203,17.632],[134.2421,-6.2343,13.4327],[134.2735,-6.2606,9.7788],[134.2822,-6.2771,13.5752],[134.2882,-6.2841,2.3686],[134.2968,-6.2853,0.0],[134.2985,-6.2829,25.4343],[134.3073,-6.278,9.8941],[134.3099,-6.278,4.0237],[134.3128,-6.2757,12.4237],[134.3146,-6.2764,21.278],[134.3174,-6.2825,16.291],[134.3264,-6.2885,5.8963],[134.3354,-6.3014,0.0],[134.3372,-6.3126,3.3266],[134.3562,-6.3188,12.5862],[134.3636,-6.3241,14.0212],[134.368,-6.3237,3.5467],[134.3726,-6.3182,2.7889],[134.3714,-6.3132,26.2173],[134.3775,-6.3091,20.2802],[134.3862,-6.3113,0.0],[134.3932,-6.3061,5.1893],[134.4089,-6.2901,0.0],[134.4228,-6.281,8.1944],[134.4259,-6.2832,3.9509],[134.4391,-6.2794,17.5554],[134.4484,-6.2707,0.0],[134.4385,-6.2721,7.3768],[134.4253,-6.264,0.0],[134.4155,-6.2628,0.0],[134.4046,-6.2637,6.6812],[134.3932,-6.2609,14.0118],[134.3913,-6.2524,3.3546],[134.3921,-6.2465,16.7476],[134.3898,-6.2437,18.2743],[134.3811,-6.2428,17.647],[134.3824,-6.2405,0.0],[134.3813,-6.2385,23.3864],[134.3746,-6.2353,0.0],[134.3669,-6.2264,15.8168],[134.3571,-6.2233,0.0],[134.3446,-6.2276,3.5986],[134.3413,-6.2277,32.6319],[134.3384,-6.2258,0.0],[134.3284,-6.2105,5.2266],[134.3273,-6.2113,3.3601],[134.3265,-6.207,0.0],[134.3112,-6.1867,1.5478],[134.314,-6.1862,4.374],[134.31,-6.1795,6.4712],[134.3104,-6.1754,3.7663],[134.29,-6.161,0.0],[134.283,-6.1587,0.0],[134.2774,-6.1605,3.8862],[134.2763,-6.1726,5.3795],[134.2725,-6.1741,9.255],[134.2719,-6.1833,12.9092],[134.2716,-6.1739,9.255],[134.2753,-6.1724,5.3795],[134.2742,-6.1641,0.0],[134.2678,-6.1588,11.284],[134.2699,-6.1473,0.0],[134.2631,-6.1435,0.0],[134.2471,-6.1418,0.0],[134.245,-6.1406,3.5785],[134.2453,-6.1359,0.0],[134.244,-6.1343,0.0],[134.2394,-6.1344,0.0],[134.2334,-6.1268,11.701],[134.2333,-6.1193,49.6753],[134.2388,-6.1161,10.3002],[134.2415,-6.1051,56.1756]]],
[[[134.4542,-6.2648,0.0],[134.4598,-6.259,23.7429],[134.4675,-6.2582,0.0],[134.4678,-6.262,4.7241],[134.462,-6.2603,0.0],[134.4576,-6.2672,0.0],[134.4623,-6.2718,15.5974],[134.4761,-6.2955,0.0],[134.4815,-6.2975,5.5079],[134.4862,-6.2969,0.0],[134.4941,-6.2904,5.6123],[134.5017,-6.2937,8.1357],[134.5048,-6.2966,0.0],[134.5112,-6.3127,0.0],[134.5209,-6.3239,8.3871],[134.5283,-6.3142,3.3056],[134.5454,-6.3008,6.4394],[134.5449,-6.2907,22.6414],[134.5472,-6.3016,1.8609],[134.5391,-6.3205,1.396],[134.5452,-6.3307,8.0703],[134.541,-6.3356,2.0455],[134.5415,-6.3403,0.0],[134.5457,-6.3495,0.0],[134.553,-6.3527,9.3514],[134.5693,-6.3557,10.5277],[134.5725,-6.3544,21.2439],[134.574,-6.3515,20.2468],[134.5682,-6.3486,0.0],[134.5668,-6.347,19.5685],[134.5677,-6.3444,8.4828],[134.5686,-6.3465,4.7129],[134.5771,-6.35,6.6948],[134.5917,-6.3533,3.7369],[134.6126,-6.3703,9.562],[134.6229,-6.3733,0.0],[134.6269,-6.37,0.8747],[134.6288,-6.3573,16.302],[134.6211,-6.3382,7.3956],[134.6325,-6.359,5.2806],[134.6392,-6.3562,1.1634],[134.6381,-6.3503,9.4755],[134.6418,-6.3535,6.2299],[134.6557,-6.3461,12.7133],[134.6776,-6.3446,5.0601],[134.7008,-6.3278,5.0022],[134.7046,-6.3244,5.0367],[134.7051,-6.3213,0.7808],[134.7091,-6.3184,1.2948],[134.7097,-6.3144,0.0],[134.7079,-6.3107,0.0],[134.7019,-6.3124,0.0],[134.6991,-6.3157,14.8276],[134.7,-6.3126,0.0],[134.6966,-6.3111,11.0345],[134.6948,-6.3062,0.0],[134.6901,-6.3018,14.6737],[134.6908,-6.2974,9.5065],[134.6908,-6.3013,16.8246],[134.6942,-6.3031,4.8098],[134.6947,-6.3019,12.5835],[134.6963,-6.3034,8.364],[134.7074,-6.2993,17.6178],[134.7186,-6.3076,9.114],[134.7257,-6.3054,0.0],[134.727,-6.3028,7.0293],[134.7249,-6.3015,12.0592],[134.729,-6.3014,3.2329],[134.7414,-6.2675,5.8011],[134.7344,-6.2623,0.0],[134.7259,-6.2644,4.7299],[134.7265,-6.2638,4.7299],[134.7278,-6.2633,4.0672],[134.7307,-6.2627,9.0373],[134.7317,-6.2616,9.0373],[134.7384,-6.2598,4.2177],[134.7428,-6.2609,0.9297],[134.7517,-6.2449,0.0],[134.7492,-6.2412,0.0],[134.7417,-6.2383,7.3545],[134.7504,-6.2396,0.0],[134.7534,-6.2373,1.832],[134.7561,-6.2313,2.4106],[134.7562,-6.2263,3.0334],[134.7579,-6.2272,1.3317],[134.7593,-6.2186,2.5582],[134.7648,-6.2059,0.0],[134.7637,-6.1987,0.0],[134.7576,-6.1903,3.4894],[134.7648,-6.1797,0.0],[134.7677,-6.1778,5.231],[134.7669,-6.1712,4.067],[134.769,-6.1654,0.0],[134.7672,-6.1591,1.1211],[134.7646,-6.1555,0.0],[134.762,-6.1549,0.9258],[134.7452,-6.1622,1.5683],[134.7359,-6.1718,15.2467],[134.7375,-6.1687,10.0914],[134.7411,-6.1656,2.8421],[134.7412,-6.1639,0.0],[134.7305,-6.1694,0.0],[134.7229,-6.1697,0.0],[134.7035,-6.1881,7.2618],[134.6944,-6.1938,8.6159],[134.6922,-6.1916,3.6124],[134.6891,-6.1913,0.0],[134.6832,-6.1927,0.0],[134.6756,-6.1888,3.0334],[134.6839,-6.1911,6.1927],[134.6958,-6.1897,0.0],[134.7027,-6.1847,3.3494],[134.7058,-6.1798,8.4679],[134.6955,-6.1787,2.5628],[134.7065,-6.1779,6.2387],[134.7122,-6.1745,1.8769],[134.7133,-6.1701,0.0],[134.7101,-6.1657,9.6897],[134.7106,-6.1607,14.9709],[134.7087,-6.1556,1.4364],[134.7015,-6.1501,1.356],[134.6998,-6.146,6.1145],[134.7007,-6.144,0.0],[134.7015,-6.1479,4.9258],[134.7118,-6.1571,2.3625],[134.7123,-6.1636,6.6907],[134.715,-6.1624,0.0],[134.7196,-6.1641,6.074],[134.7209,-6.1639,6.074],[134.7195,-6.1611,0.0],[134.7205,-6.157,11.3281],[134.7274,-6.1508,6.3604],[134.7276,-6.1475,1.5007],[134.7287,-6.1504,4.2777],[134.7232,-6.1574,0.0],[134.724,-6.1605,15.7926],[134.7289,-6.1601,9.0095],[134.7385,-6.1559,2.6264],[134.7485,-6.1457,6.2768],[134.7532,-6.1446,0.0],[134.7618,-6.1388,2.9594],[134.7651,-6.13,0.0],[134.7606,-6.1239,0.0],[134.7574,-6.1238,0.0],[134.7551,-6.1216,2.8633],[134.7648,-6.1237,5.4606],[134.7691,-6.1212,0.0],[134.7694,-6.1179,0.0],[134.7668,-6.1145,6.0643],[134.7711,-6.1163,0.0],[134.775,-6.1125,0.0],[134.7743,-6.1113,3.4655],[134.7771,-6.1076,0.0],[134.7763,-6.1055,6.0289],[134.7795,-6.0994,4.041],[134.782,-6.0976,0.5353],[134.7817,-6.0892,0.0],[134.776,-6.0852,1.6576],[134.7706,-6.0879,0.0],[134.7636,-6.0862,13.0529],[134.7688,-6.0863,4.8856],[134.7729,-6.0837,9.201],[134.7735,-6.0757,0.0],[134.7644,-6.0676,0.0],[134.7539,-6.0633,14.4779],[134.756,-6.0598,3.0079],[134.7539,-6.0544,3.1464],[134.755,-6.0476,0.0],[134.7448,-6.0423,0.8356],[134.7427,-6.0439,17.6826],[134.7427,-6.0535,8.7092],[134.7369,-6.057,1.5738],[134.7411,-6.0544,20.5777],[134.7424,-6.0383,0.0],[134.741,-6.0332,1.3004],[134.727,-6.023,0.0],[134.7202,-6.0288,0.0],[134.719,-6.035,8.6326],[134.7186,-6.0307,0.0],[134.7168,-6.0306,0.0],[134.7115,-6.0334,6.5379],[134.7,-6.0348,12.2723],[134.7,-6.0411,11.701599999999999],[134.6931,-6.0534,1.5933],[134.6827,-6.0534,4.3371],[134.6926,-6.0529,15.1614],[134.6986,-6.0409,20.0401],[134.6975,-6.037,8.0609],[134.7,-6.0324,9.1958],[134.713,-6.0302,19.1912],[134.718,-6.0275,13.6507],[134.7221,-6.0211,0.0],[134.7149,-6.0105,4.4338],[134.7115,-6.0105,15.2355],[134.7077,-6.0078,0.0],[134.6882,-5.9905,19.3594],[134.6748,-5.9814,0.0],[134.6617,-5.9754,16.3446],[134.6634,-5.9697,13.1158],[134.6554,-5.9612,0.0],[134.6464,-5.9707,18.7485],[134.6472,-5.9743,8.6331],[134.6439,-5.988,7.9516],[134.6406,-5.9889,7.1987],[134.6376,-5.9935,13.4091],[134.6368,-6.0165,19.7609],[134.6371,-5.9932,6.1139],[134.6401,-5.9878,11.8709],[134.6434,-5.9869,11.3146],[134.6464,-5.9748,3.3067],[134.6445,-5.9707,10.0828],[134.6531,-5.96,10.5922],[134.6562,-5.9579,5.7196],[134.6584,-5.9574,0.0],[134.6571,-5.9566,5.7196],[134.6586,-5.9552,1.0664],[134.6571,-5.9539,4.5859],[134.6612,-5.9513,1.6342],[134.66,-5.9473,0.0],[134.6557,-5.9436,2.0507],[134.6486,-5.9431,20.7724],[134.636,-5.9362,0.0],[134.6314,-5.9365,10.5948],[134.6155,-5.9444,0.0],[134.6155,-5.9494,3.295],[134.6208,-5.9605,15.5966],[134.6147,-5.9494,3.295],[134.6142,-5.9436,3.9585],[134.6081,-5.9425,0.0],[134.6024,-5.9463,12.461],[134.5882,-5.9658,9.3953],[134.5778,-5.9751,6.1131],[134.5704,-5.9762,2.0],[134.5688,-5.9814,2.8515],[134.5685,-5.977,2.0],[134.5701,-5.974,7.3666],[134.5731,-5.9721,2.0],[134.5769,-5.9734,1.875],[134.5854,-5.9658,1.0],[134.5975,-5.9488,8.8943],[134.5968,-5.9425,0.0],[134.5937,-5.9405,0.0],[134.5887,-5.9409,21.9775],[134.5844,-5.945,25.0808],[134.5814,-5.9527,44.5552],[134.5842,-5.9447,25.0808],[134.588,-5.9405,21.9775],[134.5878,-5.9383,3.3957],[134.5792,-5.9368,9.1807],[134.5732,-5.938,11.9048],[134.5613,-5.9302,3.6119],[134.5548,-5.9234,1.7809],[134.5366,-5.9185,5.5694],[134.5308,-5.9214,4.3275],[134.5195,-5.9309,0.0],[134.5156,-5.9361,0.0],[134.5161,-5.9376,9.7876],[134.5078,-5.9466,22.2924],[134.4984,-5.953,2.9001],[134.4984,-5.9606,6.4522],[134.4975,-5.9534,2.9001],[134.4874,-5.9606,5.5606],[134.4765,-5.9585,0.0],[134.4744,-5.9606,16.6406],[134.4696,-5.9582,0.0],[134.4669,-5.967,7.017],[134.4674,-5.974,6.275],[134.4654,-5.978,11.1176],[134.4562,-5.9856,4.1646],[134.4505,-5.9953,6.5228],[134.4417,-6.0054,9.7338],[134.4391,-6.0147,10.1583],[134.433,-6.0188,4.515],[134.418,-6.0249,21.3235],[134.4081,-6.025,19.8898],[134.3962,-6.0216,3.8295],[134.3898,-6.022,4.1516],[134.3816,-6.0188,0.0],[134.3803,-6.0215,0.0],[134.3813,-6.0233,6.7169],[134.3874,-6.0279,15.0252],[134.4,-6.0474,12.3319],[134.4027,-6.0491,4.6871],[134.4048,-6.0479,23.8414],[134.4107,-6.05,8.2877],[134.4147,-6.0488,22.9325],[134.4239,-6.0513,17.985],[134.4271,-6.0532,9.4715],[134.4268,-6.0556,20.777],[134.4291,-6.0581,11.4187],[134.4305,-6.0557,27.5306],[134.4445,-6.068,20.6243],[134.4389,-6.0647,15.0766],[134.4306,-6.0566,11.8989],[134.4295,-6.0589,16.5762],[134.4259,-6.0556,20.777],[134.4246,-6.0525,17.985],[134.4149,-6.0496,7.4233],[134.41,-6.0506,8.2877],[134.407,-6.0494,9.7804],[134.4004,-6.0501,28.2514],[134.3984,-6.0453,31.2829],[134.3944,-6.0438,8.1019],[134.3961,-6.0416,5.0202],[134.3935,-6.0401,3.7354],[134.3926,-6.0412,3.7354],[134.3872,-6.0289,6.4497],[134.3858,-6.0287,8.855],[134.3849,-6.0314,13.1778],[134.3844,-6.027,2.626],[134.3838,-6.0306,11.6996],[134.3837,-6.0263,4.4913],[134.3782,-6.0219,0.0],[134.3733,-6.0229,0.0],[134.3729,-6.0247,9.4448],[134.3726,-6.0237,0.0],[134.3644,-6.0309,0.0],[134.3594,-6.0409,4.4575],[134.3534,-6.0413,4.6801],[134.349,-6.0445,6.7585],[134.3486,-6.0483,13.9372],[134.3466,-6.0502,12.4819],[134.3418,-6.0507,4.016],[134.338,-6.0583,5.9845],[134.344,-6.044,27.4702],[134.3472,-6.0409,0.0],[134.347,-6.038,0.0],[134.3427,-6.0326,11.1436],[134.3261,-6.0229,0.0],[134.3116,-6.026,0.0],[134.2946,-6.0373,0.0],[134.2916,-6.0408,0.0],[134.295,-6.0471,9.5334],[134.2896,-6.0417,2.3076],[134.2827,-6.0443,0.0],[134.2826,-6.0464,9.83],[134.2841,-6.0467,11.7376],[134.2804,-6.0479,2.0437],[134.2792,-6.0505,6.4728],[134.2852,-6.0578,1.3796],[134.2867,-6.0615,5.1711],[134.2859,-6.0638,5.8023],[134.291,-6.064,5.2443],[134.2901,-6.0703,0.0],[134.282,-6.0766,0.0],[134.2783,-6.0775,0.0],[134.2731,-6.0833,0.0],[134.2698,-6.094,0.0],[134.2708,-6.1091,0.0],[134.2726,-6.1155,0.0],[134.2875,-6.1248,12.1885],[134.288,-6.1376,4.9559],[134.2833,-6.1469,0.0],[134.2945,-6.1553,0.0],[134.2975,-6.162,0.0],[134.3013,-6.1657,0.0],[134.3117,-6.173,0.0],[134.319,-6.1932,0.0],[134.3323,-6.209,9.0411],[134.3377,-6.2127,21.3133],[134.3412,-6.2185,0.0],[134.3489,-6.2176,17.6284],[134.3686,-6.2243,6.1128],[134.3731,-6.2297,0.0],[134.3817,-6.2352,4.2709],[134.384,-6.2289,6.894],[134.3872,-6.2297,0.0],[134.3914,-6.237,0.0],[134.3968,-6.2549,4.1101],[134.4,-6.2578,8.3804],[134.4246,-6.2599,18.3735],[134.432,-6.2657,0.0],[134.4413,-6.2685,9.2878],[134.4435,-6.2669,4.7679],[134.4387,-6.2628,17.4194],[134.4383,-6.2596,23.2688],[134.4463,-6.2639,9.7523],[134.4542,-6.2648,0.0]]],
[[[134.5951,-5.9371,8.8916],[134.6034,-5.9398,8.7761],[134.6085,-5.9359,15.0673],[134.6247,-5.907,12.2851],[134.6283,-5.9068,0.0],[134.6323,-5.911,9.5105],[134.6349,-5.91,8.0187],[134.6513,-5.8946,13.9158],[134.6492,-5.8912,6.7317],[134.6492,-5.8866,14.5972],[134.6506,-5.8837,12.2906],[134.6485,-5.8747,14.6565],[134.6456,-5.8716,16.2393],[134.6415,-5.871,7.1438],[134.6294,-5.8779,15.4508],[134.623,-5.8865,21.7137],[134.6107,-5.8955,25.8298],[134.6017,-5.9117,8.4922],[134.5931,-5.9203,0.0],[134.5877,-5.9336,1.3215],[134.5951,-5.9371,8.8916]]],
[[[134.7881,-5.8941,0.6679],[134.7848,-5.8931,0.0],[134.7769,-5.8959,0.0],[134.7738,-5.9012,0.0],[134.7737,-5.9071,0.0],[134.7766,-5.9095,5.2209],[134.7879,-5.9063,0.0],[134.7908,-5.8998,0.0],[134.7881,-5.8941,0.6679]]],
[[[134.7592,-5.9101,0.0],[134.7631,-5.911,11.5496],[134.7677,-5.9182,0.0],[134.7705,-5.9188,0.0],[134.7725,-5.9167,0.0],[134.7664,-5.9109,9.9662],[134.7658,-5.9083,0.0],[134.7592,-5.9071,0.0],[134.7592,-5.9101,0.0]]],
[[[134.7404,-5.8748,14.6954],[134.7415,-5.8749,14.6954],[134.7462,-5.8606,9.6839],[134.751,-5.8568,7.0244],[134.7509,-5.8541,6.1278],[134.7557,-5.8488,12.5382],[134.7543,-5.846,1.4085],[134.7244,-5.834,4.3755],[134.7041,-5.832,0.0],[134.6982,-5.8422,0.0],[134.6931,-5.8425,0.0],[134.6881,-5.8458,0.0],[134.6819,-5.8449,13.2676],[134.6726,-5.8463,21.8295],[134.6729,-5.8497,23.7907],[134.6713,-5.8513,4.5721],[134.6595,-5.8562,20.9583],[134.6604,-5.8588,17.914],[134.655,-5.8593,8.854],[134.6486,-5.865,19.1928],[134.6462,-5.8696,3.5253],[134.6503,-5.8741,17.6416],[134.6514,-5.8849,7.1216],[134.6497,-5.8905,21.4335],[134.6522,-5.8956,8.7758],[134.6496,-5.9004,17.9602],[134.6482,-5.8997,8.2394],[134.6451,-5.9018,9.292],[134.6281,-5.9181,18.5011],[134.6363,-5.9285,0.0],[134.6462,-5.9294,14.8617],[134.6541,-5.9323,2.4999],[134.6561,-5.9349,0.0],[134.6581,-5.9349,1.1195],[134.6606,-5.9287,3.0388],[134.6685,-5.9237,5.0457],[134.6616,-5.9293,3.0388],[134.6621,-5.9311,18.6655],[134.6737,-5.9409,14.3118],[134.6781,-5.9524,0.0],[134.6834,-5.9562,15.6701],[134.6863,-5.9559,13.6231],[134.6917,-5.9587,11.5447],[134.6935,-5.9641,0.0],[134.6992,-5.9717,0.0],[134.7004,-5.9686,0.0],[134.7022,-5.9738,0.0],[134.7055,-5.9754,0.0],[134.7334,-5.9792,2.1528],[134.7355,-5.9747,1.9948],[134.741,-5.9703,1.1636],[134.7427,-5.9632,0.0],[134.7317,-5.9517,23.2558],[134.7316,-5.9499,13.5717],[134.7355,-5.95,2.9509],[134.7357,-5.9473,5.8764],[134.7297,-5.9379,8.421],[134.736,-5.9417,18.9606],[134.7394,-5.9412,15.731],[134.7401,-5.9385,2.4178],[134.7494,-5.9401,0.6612],[134.7428,-5.9345,0.0],[134.7352,-5.9328,3.1832],[134.728,-5.9272,0.0],[134.7229,-5.9299,22.3528],[134.7213,-5.9288,20.5421],[134.7236,-5.9259,0.9204],[134.7199,-5.9214,13.7943],[134.7163,-5.9198,21.1371],[134.7114,-5.9119,1.2789],[134.7063,-5.9098,0.25],[134.7123,-5.908,0.6615],[134.7097,-5.8999,0.5037],[134.713,-5.8985,2.8306],[134.7132,-5.8947,3.8617],[134.7093,-5.8898,0.0],[134.7174,-5.891,2.3772],[134.7216,-5.8875,1.147],[134.7218,-5.8836,14.3658],[134.7302,-5.8879,7.2275],[134.7387,-5.8808,7.9273],[134.7404,-5.8748,14.6954]]],
[[[134.5182,-5.9281,0.0],[134.5315,-5.9179,18.1978],[134.5386,-5.916,14.2192],[134.5555,-5.9211,16.0666],[134.5629,-5.9294,10.1769],[134.5685,-5.9314,4.3722],[134.5802,-5.9325,12.6671],[134.585,-5.9299,21.3202],[134.5957,-5.9138,15.599],[134.6041,-5.9055,0.0],[134.6071,-5.8955,9.4227],[134.6253,-5.8787,4.243],[134.638,-5.8704,6.948],[134.6441,-5.869,11.5883],[134.6467,-5.8643,3.6338],[134.655,-5.8571,13.2599],[134.6696,-5.8513,0.0],[134.6713,-5.85,8.259],[134.6717,-5.8455,22.8599],[134.687,-5.8418,8.3282],[134.6892,-5.8392,5.6593],[134.6875,-5.8354,22.722],[134.6901,-5.8328,23.692],[134.6994,-5.8254,11.0625],[134.7054,-5.8251,8.1199],[134.7108,-5.8204,15.2454],[134.7132,-5.8158,5.4867],[134.699,-5.8067,3.0815],[134.6902,-5.797,13.4132],[134.6881,-5.7822,5.6714],[134.6889,-5.7764,6.1982],[134.6819,-5.7716,6.8088],[134.6755,-5.7713,2.1053],[134.6705,-5.7625,9.0192],[134.6673,-5.7519,0.0],[134.6621,-5.7521,0.0],[134.6541,-5.7471,0.0],[134.6532,-5.7434,12.6972],[134.655,-5.7445,1.9143],[134.6548,-5.7412,6.1143],[134.6559,-5.7429,0.0],[134.6564,-5.7416,0.0],[134.6546,-5.7379,0.0],[134.6603,-5.7269,2.1097],[134.6553,-5.7243,0.0],[134.6535,-5.7272,0.0],[134.6501,-5.7281,11.2153],[134.6431,-5.7217,12.7283],[134.6407,-5.7156,1.5725],[134.6363,-5.7129,2.0995],[134.6324,-5.7151,7.4367],[134.6254,-5.7148,2.7228],[134.619,-5.7241,7.5764],[134.616,-5.7256,8.8716],[134.6093,-5.7191,11.4452],[134.6066,-5.7132,3.3694],[134.6016,-5.7102,9.903],[134.5991,-5.7054,8.1697],[134.5946,-5.7023,0.0],[134.5887,-5.6864,5.9118],[134.5767,-5.6771,0.0],[134.5717,-5.6663,5.5811],[134.5726,-5.6562,0.0],[134.5606,-5.6512,5.3752],[134.5464,-5.6507,19.794],[134.5444,-5.6391,4.7377],[134.5402,-5.6364,43.1643],[134.5335,-5.6268,61.2435],[134.5329,-5.6066,0.0],[134.5346,-5.6041,3.3433],[134.5314,-5.5936,36.7442],[134.532,-5.5864,21.7953],[134.5276,-5.5835,29.6858],[134.5263,-5.5796,12.8019],[134.5286,-5.5721,4.197],[134.5278,-5.5656,15.0604],[134.5216,-5.5569,0.0],[134.5165,-5.5645,7.634],[134.5136,-5.5648,18.1908],[134.5112,-5.5643,16.0887],[134.505,-5.5565,26.3365],[134.5023,-5.5462,6.6186],[134.5045,-5.5318,5.903],[134.496,-5.533,7.8711],[134.4921,-5.5362,0.0],[134.4888,-5.5486,0.0],[134.4823,-5.5578,0.0],[134.4806,-5.5628,0.25],[134.4696,-5.5636,9.9547],[134.4637,-5.5601,8.5545],[134.4585,-5.5491,3.3142],[134.4589,-5.5471,4.3859],[134.4562,-5.5438,0.0],[134.4561,-5.538,0.0],[134.4597,-5.5319,15.0351],[134.4568,-5.5288,3.1081],[134.4513,-5.5323,0.0],[134.4466,-5.5441,0.0],[134.45,-5.5471,4.9408],[134.4516,-5.5512,0.0],[134.4436,-5.5665,0.0],[134.4452,-5.5682,14.7578],[134.4445,-5.5784,14.4547],[134.4367,-5.5793,0.0],[134.4343,-5.5817,0.0],[134.432,-5.59,16.1319],[134.427,-5.59,0.0],[134.425,-5.5922,1.6278],[134.4181,-5.594,0.0],[134.4186,-5.5957,5.2597],[134.4283,-5.595,10.0944],[134.4315,-5.5973,2.9881],[134.4276,-5.6072,0.0],[134.4244,-5.6111,0.0],[134.4239,-5.6195,0.0],[134.4181,-5.6264,7.6515],[134.4184,-5.6292,10.1531],[134.4117,-5.6439,5.9136],[134.3649,-5.6764,0.0],[134.3537,-5.6875,0.0],[134.3523,-5.6992,1.5535],[134.3553,-5.6994,9.973],[134.3623,-5.7038,0.5],[134.3591,-5.706,0.0],[134.3587,-5.7082,0.0],[134.3626,-5.709,7.7237],[134.3641,-5.711,0.5],[134.3609,-5.7161,0.0],[134.3476,-5.7226,0.0],[134.3438,-5.7273,0.0],[134.3414,-5.7273,0.0],[134.334,-5.7261,0.0],[134.3293,-5.7196,7.6884],[134.3222,-5.7153,0.0],[134.319,-5.7197,11.2203],[134.315,-5.7198,10.7232],[134.3167,-5.7242,15.5878],[134.3154,-5.7256,10.6072],[134.3162,-5.7239,15.5878],[134.3147,-5.722,11.5128],[134.3145,-5.7197,10.7232],[134.3188,-5.7191,8.1678],[134.3203,-5.7166,0.0],[134.3152,-5.7099,6.6442],[134.3142,-5.704,0.0],[134.3109,-5.7049,9.4496],[134.3049,-5.7029,0.0],[134.3023,-5.6988,4.3493],[134.2935,-5.6936,0.0],[134.2927,-5.6925,1.6197],[134.2946,-5.6912,0.0],[134.2912,-5.6891,18.3108],[134.2836,-5.6878,14.0348],[134.2752,-5.6887,3.716],[134.2804,-5.687,0.875],[134.2827,-5.6838,0.0],[134.2738,-5.6828,0.0],[134.2629,-5.6784,0.0],[134.2627,-5.6754,0.0],[134.2541,-5.6709,6.9422],[134.2509,-5.6621,0.0],[134.2396,-5.6678,0.0],[134.2296,-5.6816,0.0],[134.2223,-5.6958,0.0],[134.2199,-5.6967,0.0],[134.2111,-5.7198,0.0],[134.2146,-5.7212,16.7367],[134.2178,-5.7269,6.083],[134.2388,-5.7467,0.0],[134.2448,-5.7463,1.8887],[134.2554,-5.755,0.0],[134.2565,-5.7518,11.8826],[134.2568,-5.7543,7.2303],[134.2587,-5.7546,1.9169],[134.2607,-5.759,0.7919],[134.265,-5.7567,2.7849],[134.2669,-5.7582,1.685],[134.2691,-5.7574,0.0],[134.2714,-5.7531,3.332],[134.2744,-5.7559,6.5094],[134.2801,-5.7547,0.6434],[134.2823,-5.7517,4.6618],[134.2824,-5.7557,1.534],[134.2846,-5.7566,3.278],[134.2848,-5.752,7.8199],[134.2885,-5.7444,8.8696],[134.2874,-5.7533,4.4831],[134.2918,-5.7572,5.9696],[134.2938,-5.7574,7.9537],[134.2978,-5.7541,7.8049],[134.2995,-5.7564,0.0],[134.3036,-5.7517,7.7711],[134.3062,-5.7557,4.375],[134.3098,-5.753,5.0382],[134.3116,-5.7533,0.966],[134.3078,-5.7569,0.0],[134.3062,-5.7619,0.0],[134.3069,-5.7654,3.7973],[134.3136,-5.7656,6.6638],[134.3175,-5.7616,1.1212],[134.3184,-5.7654,3.6548],[134.3229,-5.7581,5.2249],[134.325,-5.7573,8.2417],[134.3265,-5.7607,8.2706],[134.3245,-5.7606,1.0],[134.3237,-5.7642,3.2314],[134.3278,-5.7646,0.0],[134.3296,-5.7671,1.3605],[134.3315,-5.7656,14.6323],[134.3365,-5.7707,2.931],[134.3365,-5.7726,0.0],[134.3345,-5.7779,0.0],[134.3306,-5.7776,0.0],[134.3305,-5.779,0.0],[134.3268,-5.7799,1.7666],[134.3219,-5.7868,0.0],[134.3294,-5.7834,3.4294],[134.3334,-5.7837,6.7715],[134.3328,-5.7863,7.6363],[134.3273,-5.786,0.0],[134.3257,-5.7908,0.0],[134.3281,-5.7927,10.2209],[134.3276,-5.7953,0.0],[134.3343,-5.7977,12.4709],[134.3425,-5.7922,15.4741],[134.3519,-5.7823,1.828],[134.3579,-5.7731,7.7179],[134.36,-5.7733,0.0],[134.3615,-5.7694,10.6635],[134.3648,-5.7681,8.0841],[134.3709,-5.7704,0.0],[134.3928,-5.7886,3.3087],[134.3997,-5.7891,10.6492],[134.4167,-5.784,12.5891],[134.4186,-5.7819,12.0375],[134.4176,-5.7842,14.091],[134.4241,-5.7854,2.0],[134.4408,-5.797,4.026],[134.4425,-5.8,4.1128],[134.4358,-5.7942,9.5777],[134.4261,-5.7897,21.4889],[134.4236,-5.7867,8.0682],[134.4195,-5.788,13.3144],[134.4137,-5.7866,4.3126],[134.4059,-5.7911,1.5],[134.3967,-5.7933,8.1271],[134.391,-5.7973,0.5],[134.3746,-5.7988,2.2558],[134.3722,-5.8018,2.1847],[134.3693,-5.8024,0.0],[134.3684,-5.8051,3.06],[134.3708,-5.8048,2.2417],[134.373,-5.8021,2.1847],[134.3757,-5.8023,8.1937],[134.378,-5.8047,4.0119],[134.3784,-5.8082,7.7765],[134.3745,-5.8081,5.536],[134.3736,-5.8101,0.0],[134.3792,-5.8135,0.0],[134.3726,-5.8135,0.0],[134.3694,-5.8157,0.0],[134.3768,-5.8204,3.4802],[134.3725,-5.8187,0.0],[134.3698,-5.821,0.7978],[134.3606,-5.8193,0.0],[134.3621,-5.8238,3.3868],[134.3582,-5.8277,2.7186],[134.3617,-5.8314,0.0],[134.3666,-5.83,3.7134],[134.3732,-5.833,0.0],[134.3745,-5.8365,13.2474],[134.3718,-5.8408,1.7711],[134.3715,-5.8475,0.0],[134.3739,-5.8477,13.2923],[134.3719,-5.8483,4.8969],[134.3608,-5.8464,6.211],[134.3544,-5.849,3.108],[134.3474,-5.8461,0.0],[134.3467,-5.8493,0.0],[134.3399,-5.852,2.8276],[134.3315,-5.8589,3.1428],[134.331,-5.8621,13.9654],[134.3393,-5.8685,6.8149],[134.3392,-5.8745,12.0169],[134.338,-5.8749,0.0],[134.3363,-5.8818,0.0],[134.3302,-5.8868,0.0],[134.3158,-5.8917,0.0],[134.3104,-5.8961,0.0],[134.3167,-5.9039,2.7244],[134.3104,-5.9023,0.5],[134.3027,-5.8979,0.0],[134.2996,-5.8971,0.0],[134.2982,-5.8983,1.095],[134.2969,-5.9094,0.0],[134.2935,-5.9161,0.0],[134.297,-5.9257,2.4639],[134.3,-5.9288,0.0],[134.302,-5.925,14.3087],[134.3112,-5.928,5.0724],[134.3159,-5.9393,0.0],[134.3289,-5.9409,2.7892],[134.3294,-5.9444,0.0],[134.3331,-5.9466,0.0],[134.3366,-5.9463,0.0],[134.333,-5.9491,3.4325],[134.332,-5.9543,4.8977],[134.3291,-5.9569,0.0],[134.3265,-5.9643,3.9632],[134.3274,-5.9678,0.7715],[134.3163,-5.9938,5.882],[134.3082,-6.0074,8.4406],[134.3052,-6.0079,0.0],[134.3023,-6.0121,0.0],[134.3018,-6.0146,2.4584],[134.3033,-6.0162,2.4584],[134.3008,-6.0174,0.0],[134.3017,-6.0195,11.0573],[134.3076,-6.0181,1.8402],[134.3087,-6.0206,3.2487],[134.3112,-6.0215,0.0],[134.3214,-6.0174,11.4608],[134.3319,-6.0204,12.0844],[134.3418,-6.026,8.8168],[134.344,-6.0292,0.0],[134.3483,-6.0146,13.4578],[134.3508,-6.0119,17.8534],[134.3507,-6.013,16.7644],[134.3496,-6.0138,16.7644],[134.3458,-6.0259,34.9768],[134.3488,-6.0325,0.0],[134.3535,-6.0349,0.0],[134.3568,-6.0337,0.0],[134.3575,-6.0312,16.1824],[134.3706,-6.0194,11.1343],[134.37,-6.0129,11.0958],[134.3715,-6.0097,13.269],[134.3719,-6.0195,1.4383],[134.3799,-6.0158,5.9084],[134.3833,-6.0159,8.5225],[134.3892,-6.0199,0.0],[134.3895,-6.0182,5.8285],[134.3906,-6.0203,1.9042],[134.418,-6.0228,19.444],[134.4303,-6.0182,0.0],[134.4368,-6.0133,2.2284],[134.4387,-6.0068,4.8119],[134.437,-6.0057,26.9935],[134.4404,-6.0044,15.2279],[134.4501,-5.9919,0.0],[134.4512,-5.9872,53.2533],[134.4621,-5.979,36.6701],[134.4645,-5.9753,0.0],[134.4662,-5.9709,11.491],[134.4651,-5.9652,5.3359],[134.4625,-5.9634,13.4703],[134.466,-5.963,7.2023],[134.4685,-5.9563,19.813],[134.4864,-5.9594,9.1604],[134.5056,-5.9465,3.1301],[134.5182,-5.9281,0.0]]]]}}