{"type":"Feature","properties":{"GID_1":"IDN.23_1","GID_0":"IDN","country":"Indonesia","province":"Papua","VARNAME_1":"NA","NL_NAME_1":"NA","TYPE_1":"Propinisi","ENGTYPE_1":"Province","CC_1":"94","HASC_1":"ID.PA","ISO_1":"ID-PP","name":"Papua.province"},
"geometry":{"type": "MultiPolygon","coordinates": [[[[138.8911,-8.013,7.6798],[138.8885,-8.0129,7.4951],[138.883,-8.0172,10.9209],[138.8761,-8.0151,6.8033],[138.8686,-8.0161,10.1871],[138.863,-8.0104,7.3385],[138.8598,-8.0125,10.4955],[138.8552,-8.0127,10.2136],[138.8531,-8.0098,14.2252],[138.84763482587064,-8.00988407960199,7.2161],[138.8533,-8.0095,8.702],[138.8551,-8.0123,10.2136],[138.8601,-8.0118,10.4955],[138.8628,-8.0098,7.3385],[138.8682,-8.0154,10.1871],[138.8765,-8.0145,11.8442],[138.8823,-8.0166,10.9209],[138.8875,-8.0127,14.9046],[138.8935,-8.0116,1.1003],[138.897,-8.0055,4.2248],[138.8944,-8.0061,16.5375],[138.8975,-8.0047,4.2248],[138.8999,-8.0007,2.3865],[138.9005,-7.9989,3.8926],[138.8989,-7.9993,3.8926],[138.8997,-7.9981,3.8926],[138.9008,-7.9983,0.5],[138.902,-7.9929,4.7288],[138.9024,-7.9696,7.4434],[138.892,-7.9358,4.6328],[138.8908,-7.9261,1.0],[138.889,-7.9264,10.8947],[138.8891,-7.9284,13.3244],[138.8882,-7.9272,12.8542],[138.889,-7.9241,10.4214],[138.8863,-7.9233,10.4298],[138.8858,-7.9215,9.1061],[138.8839,-7.9224,9.6018],[138.8833,-7.922,9.6018],[138.883,-7.92,10.0496],[138.8809,-7.9241,10.4877],[138.8715,-7.9265,11.5295],[138.8725,-7.9254,11.6219],[138.881,-7.9234,10.4877],[138.8812,-7.9202,10.4805],[138.8831,-7.9196,10.0496],[138.8834,-7.9218,9.6018],[138.8861,-7.9213,9.1061],[138.8868,-7.9233,10.2647],[138.8894,-7.9239,10.4214],[138.8903,-7.9256,9.3827],[138.8921,-7.9126,6.1823],[138.8968,-7.9028,2.1384],[138.896,-7.8972,14.3545],[138.8935,-7.8958,5.9164],[138.8914,-7.9004,12.9042],[138.8908,-7.903,12.8163],[138.8929,-7.9079,12.7912],[138.8913,-7.9089,8.4151],[138.8816,-7.903,11.1026],[138.8807,-7.8999,11.3966],[138.8778,-7.8979,9.9479],[138.8736,-7.8986,9.4516],[138.8631,-7.8962,8.9334],[138.8616,-7.8983,12.3953],[138.8609,-7.8964,12.1505],[138.8564,-7.8981,12.1245],[138.853,-7.8948,13.0816],[138.8563,-7.8974,10.1724],[138.8631,-7.8955,8.9334],[138.874,-7.8981,9.4516],[138.8778,-7.8974,9.9479],[138.8812,-7.8997,11.3966],[138.8821,-7.9027,10.2032],[138.8869,-7.9048,7.808],[138.8895,-7.9077,10.3174],[138.8922,-7.9082,8.4151],[138.8902,-7.9028,12.849],[138.8931,-7.8955,5.9164],[138.8945,-7.8949,5.9164],[138.896,-7.8956,5.9087],[138.8979,-7.9013,2.1384],[138.9089,-7.8903,4.9012],[138.9081,-7.8872,8.2879],[138.9087,-7.8856,7.8245],[138.9122,-7.8861,10.8799],[138.9135,-7.8849,6.9404],[138.9058,-7.8828,10.839],[138.9012,-7.8836,8.4171],[138.8976,-7.8774,9.5225],[138.8939,-7.8781,11.7514],[138.8943,-7.8745,5.5227],[138.8982,-7.87,11.8606],[138.8938,-7.8702,5.8163],[138.8933,-7.8683,8.5119],[138.894,-7.8698,5.8163],[138.897,-7.869,10.33],[138.8986,-7.8698,11.8606],[138.8985,-7.8708,11.8606],[138.8948,-7.8743,9.8349],[138.8943,-7.8774,6.3437],[138.8975,-7.8768,9.5225],[138.901,-7.8809,12.9849],[138.9013,-7.883,8.4171],[138.9059,-7.8824,10.839],[138.9137,-7.8834,7.1201],[138.9136,-7.8856,6.9404],[138.9117,-7.8869,7.8576],[138.9086,-7.8865,8.2879],[138.9095,-7.8898,0.5],[138.9299,-7.8763,0.75],[138.9404,-7.8729,4.6581],[138.9421,-7.87,18.2351],[138.9399,-7.8677,8.4422],[138.9436,-7.8637,9.0428],[138.9437,-7.8645,9.0428],[138.9404,-7.8677,8.4422],[138.9428,-7.87,18.2351],[138.9413,-7.8725,4.6581],[138.9818,-7.8609,6.194],[138.9943,-7.8497,3.1496],[138.9978,-7.8413,0.5],[138.9997,-7.8294,0.0],[138.9974,-7.8105,5.5883],[138.9902,-7.7787,3.077],[138.9905,-7.7608,6.7378],[138.9951,-7.7454,11.0958],[139.0046,-7.7251,0.0],[139.0016,-7.7223,5.3388],[139.0011,-7.7268,9.4216],[138.9982,-7.7295,11.2767],[138.9966,-7.7293,12.1258],[138.9946,-7.7278,9.6156],[138.9951,-7.7257,11.6915],[138.9967,-7.7252,11.5644],[138.9993,-7.7265,12.0718],[139.0003,-7.7255,3.4255],[138.9959,-7.7201,9.5165],[138.9923,-7.7216,7.7081],[138.9906,-7.726,5.6861],[138.9879,-7.7249,6.1578],[138.9891,-7.7189,10.8924],[138.9879,-7.7186,10.8924],[138.9868,-7.7223,9.9423],[138.9829,-7.7205,9.3316],[138.9803,-7.7214,13.1214],[138.9799,-7.7202,8.0182],[138.9806,-7.7211,8.0182],[138.9822,-7.7202,9.3316],[138.9866,-7.7217,9.9423],[138.9876,-7.7184,10.8924],[138.989,-7.7183,10.8924],[138.9899,-7.7193,10.1361],[138.99,-7.7215,11.7567],[138.9882,-7.7242,11.5761],[138.9892,-7.7252,6.1578],[138.9909,-7.725,5.6861],[138.9924,-7.7208,8.6367],[138.9957,-7.7194,10.6529],[139.0007,-7.7253,3.4255],[139.0014,-7.7219,8.3473],[139.0053,-7.7242,4.3783],[139.0263,-7.6982,0.0],[139.0333,-7.6863,0.0],[139.0332,-7.6525,0.0],[139.0313,-7.6527,10.7359],[139.03,-7.6508,14.5414],[139.0309,-7.6508,15.0532],[139.0322,-7.6523,10.7359],[139.0337,-7.6509,5.5843],[139.0383,-7.6348,11.1502],[139.0494,-7.6148,0.0],[139.0665,-7.5977,8.0366],[139.0808,-7.5879,11.5693],[139.0848,-7.5822,0.0],[139.0873,-7.5733,10.5621],[139.0769,-7.5672,2.2108],[139.061,-7.567,7.0298],[139.0418,-7.5638,5.3992],[139.0226,-7.5576,0.0],[139.0031,-7.5596,13.1615],[138.987,-7.5577,2.9253],[138.9833,-7.5647,7.0238],[138.9841,-7.5694,7.9508],[138.9853,-7.5697,8.1428],[138.9882,-7.5622,8.5778],[138.9921,-7.5629,16.2379],[138.9924,-7.5638,8.2833],[138.9896,-7.5671,11.8324],[138.9896,-7.5662,10.4835],[138.9919,-7.5635,8.2833],[138.9884,-7.5627,8.5778],[138.985,-7.571,8.0017],[138.9834,-7.5693,7.9508],[138.9827,-7.5648,7.8452],[138.9857,-7.5574,2.9253],[138.9539,-7.5516,12.3146],[138.939,-7.546,5.4192],[138.9288,-7.5382,11.82],[138.9257,-7.5379,0.5652],[138.918,-7.5332,10.2826],[138.9096,-7.5364,12.66],[138.9021,-7.5259,1.5],[138.9021,-7.5411,7.8289],[138.9059,-7.5476,4.4498],[138.8978,-7.5563,10.1961],[138.9029,-7.5561,15.2874],[138.906,-7.5597,6.5866],[138.9031,-7.5644,13.8631],[138.9071,-7.5672,9.6444],[138.9069,-7.5702,13.9018],[138.9089,-7.5666,9.6444],[138.9114,-7.5671,12.8269],[138.9115,-7.5689,10.2246],[138.9093,-7.567,11.3345],[138.9088,-7.5697,13.0403],[138.907,-7.5708,13.0403],[138.9064,-7.5705,13.9018],[138.9066,-7.567,13.4386],[138.9026,-7.5642,10.6215],[138.9054,-7.56,6.5866],[138.9023,-7.5566,13.4569],[138.8975,-7.5572,10.1961],[138.8883,-7.5557,12.3385],[138.8815,-7.5503,6.7659],[138.8818,-7.555,7.7227],[138.8744,-7.5582,14.4692],[138.8749,-7.5644,7.8606],[138.8729,-7.5663,13.5813],[138.8682,-7.5668,14.0171],[138.8663,-7.5695,12.011],[138.8726,-7.5802,12.7536],[138.8723,-7.5819,13.3245],[138.8718,-7.5796,17.473],[138.8665,-7.5717,11.8047],[138.8659,-7.5695,12.011],[138.8684,-7.566,9.3178],[138.874,-7.5651,8.7521],[138.8736,-7.5588,7.9307],[138.8766,-7.5562,11.1654],[138.881,-7.5549,7.7227],[138.8804,-7.5503,6.7659],[138.883,-7.5502,9.2658],[138.8894,-7.5554,8.1835],[138.896,-7.5556,7.7489],[138.9046,-7.5485,8.8784],[138.901,-7.5401,7.8289],[138.9011,-7.5249,1.5],[138.9034,-7.5253,8.6417],[138.9095,-7.535,6.3962],[138.9168,-7.5322,8.0404],[138.9249,-7.5354,0.5],[138.9259,-7.5345,0.0],[138.9133,-7.5238,3.0677],[138.9023,-7.5102,6.3628],[138.893,-7.4964,2.9739],[138.883,-7.4753,1.7361],[138.88,-7.4759,10.663],[138.883,-7.4768,2.6451],[138.8836,-7.4782,8.7846],[138.8804,-7.4791,10.019],[138.8798,-7.4823,10.9013],[138.8794,-7.4793,12.5944],[138.883,-7.4778,2.6451],[138.8803,-7.477,10.1953],[138.8796,-7.4753,10.663],[138.8828,-7.4743,0.0],[138.8747,-7.4527,0.0],[138.8651,-7.4374,0.8511],[138.8528,-7.4247,10.8078],[138.8498,-7.4235,7.2394],[138.8501,-7.4221,1.0762],[138.844,-7.4159,2.0809],[138.8279,-7.4033,15.5929],[138.8248,-7.4024,5.5768],[138.826,-7.4041,6.518],[138.8231,-7.4053,8.9669],[138.8235,-7.4038,7.7474],[138.8251,-7.4036,6.518],[138.8241,-7.4022,5.1607],[138.8249,-7.4015,5.5768],[138.8111,-7.3921,5.9253],[138.7789,-7.3777,3.941],[138.7738,-7.3767,9.8205],[138.7739,-7.3791,9.4515],[138.7656,-7.3748,11.5748],[138.756,-7.3725,3.2326],[138.7451,-7.3706,6.0084],[138.7434,-7.371,4.212],[138.7432,-7.3728,12.268],[138.7239,-7.3698,6.291],[138.7037,-7.3692,6.1903],[138.7054,-7.3712,7.3127],[138.6853,-7.3673,0.0],[138.6799,-7.3689,6.3705],[138.673,-7.3662,0.0],[138.6712,-7.3684,7.8355],[138.6671,-7.3665,3.175],[138.6625,-7.369,3.0915],[138.652,-7.3694,0.0],[138.6399,-7.3725,5.8434],[138.6376,-7.3712,3.5602],[138.644,-7.3695,0.0],[138.6326,-7.3705,1.3439],[138.625,-7.3682,0.0],[138.6243,-7.3705,0.0],[138.5639,-7.3857,0.0],[138.5331,-7.3901,1.8157],[138.4909,-7.3935,0.0],[138.4636,-7.3985,2.4018],[138.4253,-7.4029,0.0],[138.3885,-7.4112,0.0],[138.3858,-7.4102,1.108],[138.3793,-7.4131,9.702],[138.363,-7.4159,0.0],[138.3566,-7.4195,9.8068],[138.3457,-7.4224,10.3296],[138.3435,-7.4217,9.4323],[138.3423,-7.4232,18.3068],[138.3191,-7.4306,10.7591],[138.3162,-7.4295,1.0138],[138.3013,-7.4365,16.6017],[138.2881,-7.4398,10.5401],[138.2831,-7.4436,9.9976],[138.2659,-7.4496,11.4408],[138.2161,-7.4718,5.2191],[138.2065,-7.4776,0.0],[138.2049,-7.4803,6.1467],[138.1944,-7.4847,6.7626],[138.1815,-7.4946,17.2635],[138.171,-7.4992,0.6036],[138.1535,-7.5127,0.0],[138.1479,-7.5142,0.0],[138.1482,-7.5156,13.1244],[138.1321,-7.5266,5.281],[138.1309,-7.5291,2.5428],[138.1196,-7.5361,1.0679],[138.1145,-7.5433,11.4456],[138.112,-7.5431,8.7548],[138.109,-7.5451,4.1267],[138.108,-7.5492,3.9887],[138.101,-7.5519,10.3387],[138.0997,-7.5573,5.6074],[138.0983,-7.5567,5.6074],[138.0971,-7.5599,14.8896],[138.0895,-7.5666,0.0],[138.0893,-7.5688,10.1797],[138.087,-7.5694,3.0769],[138.0863,-7.5747,13.1144],[138.077,-7.5755,4.6302],[138.0762,-7.5797,17.1382],[138.0739,-7.5821,7.8416],[138.0635,-7.588,11.4055],[138.051,-7.5993,9.8117],[138.0216,-7.6326,0.0],[138.0193,-7.638,12.0567],[137.9905,-7.6762,2.2718],[137.976,-7.7017,0.0],[137.9729,-7.7119,11.4905],[137.9712,-7.729,0.8483],[137.9695,-7.7329,0.0],[137.9678,-7.7348,7.9092],[137.9577,-7.7353,0.0],[137.9545,-7.741,8.582],[137.9489,-7.7419,0.0],[137.9435,-7.7457,0.0],[137.9328,-7.7555,0.0],[137.9213,-7.7715,17.6407],[137.9129,-7.7792,0.0],[137.9102,-7.7849,10.1936],[137.9069,-7.7868,0.0],[137.9041,-7.7951,2.3257],[137.8948,-7.8088,9.5273],[137.8936,-7.8144,5.6956],[137.8858,-7.8242,0.0],[137.8781,-7.8444,7.4902],[137.8704,-7.8502,3.8825],[137.8666,-7.862,6.3869],[137.8654,-7.862,7.7676],[137.8665,-7.8644,11.4482],[137.8646,-7.8637,12.2103],[137.8599,-7.8704,10.1957],[137.8593,-7.8767,0.4407],[137.8613,-7.8795,6.1724],[137.8582,-7.8791,3.7092],[137.8587,-7.8812,8.4789],[137.8504,-7.8887,9.1473],[137.8499,-7.8905,11.7102],[137.8519,-7.8924,10.7932],[137.8512,-7.8964,11.249],[137.8481,-7.8961,0.0],[137.8459,-7.9008,4.4417],[137.8476,-7.9045,15.0319],[137.8436,-7.9039,6.1457],[137.8364,-7.9153,1.4992],[137.8361,-7.9185,1.6642],[137.8419,-7.9234,13.0981],[137.8358,-7.9232,8.8507],[137.8303,-7.9305,13.2124],[137.829,-7.9392,6.7174],[137.825,-7.9416,1.8569],[137.8174,-7.9536,5.612],[137.8177,-7.9568,2.0968],[137.8198,-7.9568,9.4674],[137.8204,-7.9595,0.3613],[137.8228,-7.9606,15.8716],[137.8154,-7.9639,11.8493],[137.8126,-7.9712,11.7684],[137.8151,-7.9744,11.1586],[137.8093,-7.9761,1.4933],[137.8048,-7.9857,13.0563],[137.8047,-7.9894,13.299],[137.8065,-7.9909,10.432],[137.803,-7.9926,10.7076],[137.8001,-8.0004,12.6978],[137.7984,-8.012,13.1659],[137.7992,-8.0176,12.5486],[137.8022,-8.0249,10.5782],[137.8048,-8.025,12.0759],[137.8096,-8.0329,3.3365],[137.8144,-8.0337,0.0],[137.8157,-8.0383,0.0],[137.8035,-8.0448,8.0543],[137.797,-8.0461,0.0],[137.7953,-8.0494,0.5042],[137.7885,-8.0498,2.3568],[137.7882,-8.0519,7.211],[137.7856,-8.0519,3.9973],[137.7861,-8.0538,11.0669],[137.7817,-8.0551,4.3736],[137.7779,-8.0609,9.7538],[137.78,-8.0692,14.2639],[137.7738,-8.065,12.8999],[137.7666,-8.0704,0.0],[137.7639,-8.0771,3.3099],[137.7677,-8.0804,12.5869],[137.7643,-8.0811,0.0],[137.763,-8.086,9.2885],[137.7589,-8.0868,13.9601],[137.7542,-8.0917,3.4303],[137.7521,-8.1012,12.3805],[137.745,-8.1061,6.5463],[137.7406,-8.1176,4.8943],[137.7347,-8.1238,12.5986],[137.7326,-8.1293,11.888],[137.7276,-8.1331,4.399],[137.7287,-8.137,13.6335],[137.721,-8.1446,12.1478],[137.7173,-8.1555,13.9255],[137.7144,-8.1588,5.2267],[137.7191,-8.1637,5.9477],[137.7182,-8.1644,5.9477],[137.7169,-8.1623,2.1387],[137.7146,-8.1619,11.3933],[137.7065,-8.1722,6.1854],[137.7077,-8.1748,13.5659],[137.7038,-8.1798,12.1523],[137.7036,-8.1852,13.3155],[137.6941,-8.2113,13.0521],[137.6909,-8.2148,13.2882],[137.6893,-8.2248,13.6032],[137.684,-8.236,12.4623],[137.6843,-8.2406,12.7553],[137.6824,-8.2461,12.1406],[137.6841,-8.2475,11.9731],[137.6804,-8.2513,8.2903],[137.6793,-8.2619,12.9619],[137.6772,-8.2652,12.3251],[137.6781,-8.2679,12.7532],[137.6755,-8.272,12.5943],[137.6733,-8.2829,12.296],[137.6715,-8.2844,11.3469],[137.6712,-8.2928,12.3656],[137.6674,-8.2996,12.0789],[137.6658,-8.3085,11.7273],[137.6669,-8.3116,10.1348],[137.6638,-8.3166,12.3368],[137.6604,-8.3522,12.9003],[137.649,-8.3832,0.0],[137.6431,-8.413,0.0],[137.6403,-8.4176,1.6261],[137.6427,-8.4309,4.5858],[137.6551,-8.4461,11.2872],[137.661,-8.4475,7.7131],[137.6649,-8.4435,11.1951],[137.6648,-8.4395,12.1343],[137.6727,-8.437,12.7625],[137.684,-8.429,10.1093],[137.6893,-8.4215,7.957],[137.691,-8.4215,10.529],[137.6911,-8.4184,13.8594],[137.6966,-8.4214,10.867],[137.7364,-8.4057,3.9916],[137.7944,-8.3942,5.3165],[137.8571,-8.3849,0.0],[137.8631,-8.382,1.3396],[137.8705,-8.3726,13.2908],[137.8745,-8.3722,22.2477],[137.8762,-8.3796,1.1929],[137.8914,-8.3828,2.9795],[137.9725,-8.3847,0.0],[137.9925,-8.3824,1.331],[138.0033,-8.3853,0.0],[138.0766,-8.3874,0.0],[138.0997,-8.3833,0.0],[138.1026,-8.386,0.0],[138.1159,-8.3864,0.0],[138.1322,-8.384,1.8183],[138.1483,-8.386,0.0],[138.1786,-8.3842,2.7397],[138.1882,-8.3852,0.0],[138.1924,-8.3827,2.3951],[138.2,-8.384,0.0],[138.2227,-8.3784,1.693],[138.228,-8.3805,0.0],[138.2289,-8.3847,0.0],[138.2483,-8.3882,0.0],[138.2538,-8.3901,0.0],[138.2554,-8.393,0.0],[138.257,-8.391,0.0],[138.2627,-8.3905,0.0],[138.2639,-8.3919,6.4566],[138.2638,-8.3998,13.342],[138.2619,-8.4016,3.2769],[138.2616,-8.4058,0.0],[138.2628,-8.4153,0.0],[138.2653,-8.4194,0.5431],[138.2728,-8.4222,0.0],[138.3033,-8.4249,0.0],[138.341,-8.4197,0.0],[138.3756,-8.4107,2.8464],[138.4039,-8.4008,0.5815],[138.446,-8.3818,0.0],[138.4914,-8.3465,0.0],[138.5008,-8.3295,0.0],[138.4996,-8.3178,0.0],[138.5009,-8.316,7.2867],[138.5101,-8.3132,0.0],[138.5108,-8.3061,10.1271],[138.5113,-8.3129,5.5671],[138.5351,-8.3047,0.0],[138.5537,-8.2873,4.3982],[138.5648,-8.2792,6.8331],[138.6151,-8.2495,3.5472],[138.6194,-8.2428,0.0],[138.6344,-8.2284,2.9312],[138.653,-8.2047,5.1765],[138.6598,-8.1745,15.744],[138.6662,-8.1627,1.6712],[138.675,-8.1529,6.7044],[138.6827,-8.1479,6.3041],[138.678,-8.1421,8.5140999999999991],[138.6796,-8.1425,9.9145],[138.6786,-8.1361,4.7824],[138.6809,-8.1321,10.3076],[138.6774,-8.1184,7.5128],[138.6776,-8.1132,6.875],[138.6727,-8.1038,11.5028],[138.6722,-8.0999,9.4611],[138.671,-8.0989,11.8321],[138.6727,-8.0997,13.7902],[138.6737,-8.1055,9.5268],[138.6758,-8.1077,11.9736],[138.6785,-8.1132,6.875],[138.6776,-8.1182,7.5128],[138.6796,-8.1229,6.4874],[138.6813,-8.1325,10.3076],[138.6792,-8.1368,4.5649],[138.6817,-8.1388,9.4389],[138.6823,-8.1379,11.8426],[138.6842,-8.1382,10.9627],[138.6839,-8.1386,10.9627],[138.6835,-8.1386,10.9627],[138.6824,-8.1381,9.4389],[138.6817,-8.1389,9.4389],[138.6795,-8.1372,4.5649],[138.6804,-8.1396,14.1662],[138.6804,-8.1447,11.689],[138.6824,-8.1469,4.8812],[138.7025,-8.146,9.9011],[138.7174,-8.148,0.0],[138.7169,-8.1458,11.1475],[138.7184,-8.1455,10.545],[138.7184,-8.1435,11.3603],[138.7213,-8.1396,11.8146],[138.7226,-8.1394,10.3552],[138.7224,-8.1373,11.6175],[138.7249,-8.138,17.3433],[138.7241,-8.1369,11.8973],[138.725,-8.1374,11.8973],[138.7251,-8.1381,17.3433],[138.7244,-8.1384,17.3433],[138.7226,-8.1378,11.6175],[138.723,-8.1396,14.4845],[138.7214,-8.14,11.8146],[138.7189,-8.1457,10.545],[138.7173,-8.1468,8.1072],[138.7303,-8.153,2.7865],[138.736,-8.1537,7.0682],[138.7484,-8.1491,18.0251],[138.755,-8.1423,8.1317],[138.762,-8.1436,4.2267],[138.7789,-8.1393,18.0334],[138.7944,-8.1395,9.2835],[138.801,-8.1365,1.472],[138.8034,-8.1335,0.0],[138.8109,-8.1145,8.749],[138.8102,-8.1021,7.7993],[138.8154,-8.0914,2.1687],[138.8136,-8.0913,10.8684],[138.8133,-8.093,7.2679],[138.8116,-8.0946,16.5146],[138.8104,-8.0936,9.8621],[138.811,-8.0934,9.8621],[138.8118,-8.0943,9.8621],[138.8137,-8.09,6.5745],[138.8112,-8.0899,16.2074],[138.8138,-8.0894,13.7449],[138.8139,-8.0911,6.5745],[138.8163,-8.0899,5.5414],[138.8257,-8.0801,2.3304],[138.839,-8.0734,1.6171],[138.8368,-8.0705,12.185],[138.8356,-8.0709,12.185],[138.8341,-8.0705,15.0955],[138.8336,-8.0685,8.6057],[138.8343,-8.0689,8.6057],[138.8345,-8.0705,15.0955],[138.8373,-8.0704,15.6893],[138.8399,-8.0731,0.0],[138.8598,-8.0687,16.1661],[138.9029,-8.0766,0.5],[138.9127,-8.0763,1.6726],[138.9144,-8.071,14.2435],[138.9127,-8.0615,13.2076],[138.9103,-8.0588,3.892],[138.9027,-8.0562,4.4344],[138.8978,-8.0522,3.4339],[138.8904,-8.0407,20.0074],[138.8887,-8.0293,6.5998],[138.8925,-8.0139,7.6798],[138.8911,-8.013,7.6798]],
[[138.84763482587064,-8.00988407960199,7.2161],[138.8474,-8.0099,7.2161],[138.8473950413223,-8.0098877685950409,7.2161],[138.84763482587064,-8.00988407960199,7.2161]],
[[138.8473950413223,-8.0098877685950409,7.2161],[138.8466,-8.0099,12.3073],[138.8423,-8.0015,13.1716],[138.842,-7.9945,12.0405],[138.8428,-7.9945,12.0405],[138.8433,-7.9978,13.2608],[138.8427,-8.0015,13.1716],[138.8459,-8.0062,10.4726],[138.8473950413223,-8.0098877685950409,7.2161]]],
[[[138.9634,-8.2545,3.0569],[138.9634,-8.2545,3.0569],[138.9661,-8.2453,5.6729],[138.9639,-8.2453,13.9351],[138.9624,-8.2438,13.033],[138.9631,-8.2439,16.2303],[138.9643,-8.2451,13.9351],[138.9658,-8.2451,5.6729],[138.9669,-8.2427,4.979],[138.9704,-8.239,4.9623],[138.9781,-8.2356,5.6952],[138.9889,-8.2327,9.153],[138.9933,-8.2281,8.8636],[138.9887,-8.2233,11.5399],[138.9788,-8.219,11.7267],[138.9765,-8.214,11.1157],[138.9708,-8.2085,11.3838],[138.9704,-8.2045,0.0],[138.9765,-8.202,9.8705],[138.9886,-8.2023,1.6476],[138.9916,-8.1968,0.452],[138.9995,-8.1915,2.0996],[139.0062,-8.1902,0.0],[139.0092,-8.1866,2.3042],[139.014,-8.1851,0.0],[139.0273,-8.1729,14.6528],[139.0303,-8.1731,2.931],[139.0418,-8.1661,12.3615],[139.0512,-8.1627,2.7514],[139.0548,-8.1595,15.8444],[139.0574,-8.1594,1.4856],[139.0601,-8.1578,3.7744],[139.0609,-8.1549,14.118],[139.0624,-8.1561,9.4766],[139.0681,-8.153,0.0],[139.0705,-8.1507,1.6207],[139.0707,-8.1466,4.38],[139.0671,-8.1433,13.6339],[139.0633,-8.145,5.3956],[139.0623,-8.1438,3.8957],[139.0655,-8.1415,0.5],[139.0652,-8.1385,9.6245],[139.0671,-8.1361,1.0],[139.0802,-8.1374,2.7389],[139.0916,-8.1352,1.1829],[139.1346,-8.1193,10.8627],[139.1684,-8.1105,2.6137],[139.2081,-8.0972,4.9328],[139.2236,-8.0949,2.4166],[139.2259,-8.0962,0.0],[139.2288,-8.1008,0.0],[139.233,-8.1208,12.2483],[139.2397,-8.1272,0.0],[139.2423,-8.1348,0.0],[139.2511,-8.1432,9.8623],[139.2514,-8.1508,12.511],[139.271,-8.1669,4.9506],[139.2782,-8.1768,5.0681],[139.2876,-8.179,1.5308],[139.3013,-8.1796,1.6029],[139.3074,-8.184,1.2981],[139.3093,-8.1899,0.0],[139.316,-8.1967,0.0],[139.3398,-8.2059,5.6422],[139.3468,-8.2044,12.1611],[139.3804,-8.2034,0.0],[139.4566,-8.1935,0.0],[139.4844,-8.1787,3.0529],[139.496,-8.1743,1.8717],[139.5013,-8.1746,0.0],[139.5084,-8.1785,0.0],[139.5343,-8.1647,0.0],[139.5802,-8.1442,1.4521],[139.5858,-8.14,0.0],[139.5805,-8.1358,7.0601],[139.5844,-8.1299,0.4256],[139.5956,-8.1292,5.836],[139.5974,-8.1289,2.3188],[139.5971,-8.1268,9.5975],[139.5997,-8.1277,7.1056],[139.6104,-8.1256,5.7403],[139.6357,-8.117,4.924],[139.7061,-8.1044,1.8038],[139.7136,-8.098,0.0],[139.7187,-8.0998,0.0],[139.779,-8.0993,7.021],[139.8185,-8.1022,2.3648],[139.821,-8.1016,1.627],[139.818,-8.1008,9.596],[139.8214,-8.1006,6.101],[139.8255,-8.1017,1.5251999999999999],[139.8402,-8.1008,7.4443],[139.8527,-8.1019,4.0734],[139.8528,-8.1038,0.0],[139.857,-8.1057,3.7063],[139.8634,-8.106,7.9662],[139.8649,-8.104,14.8194],[139.8647,-8.1054,3.953],[139.8674,-8.107,0.0],[139.8827,-8.1088,0.0],[139.9108,-8.106,9.2263],[139.9118,-8.1074,0.0],[139.9209,-8.1077,4.1391],[139.9231,-8.1059,15.2413],[139.9268,-8.1072,0.0],[139.9331,-8.1045,15.0099],[139.9398,-8.1042,0.0],[139.9416,-8.1021,0.0],[139.9551,-8.1132,0.0],[139.9571,-8.1246,3.5559],[139.9568,-8.1363,4.6214],[139.9597,-8.1475,0.0],[139.9725,-8.1722,0.0],[139.9938,-8.2001,0.0],[140.0167,-8.2213,0.0],[140.0556,-8.2554,0.0],[140.1116,-8.2943,4.0965],[140.1309,-8.3057,1.3122],[140.1699,-8.3371,0.0],[140.1949,-8.3485,0.0],[140.2273,-8.3562,3.6481],[140.2291,-8.361,6.5833],[140.2271,-8.3692,0.0],[140.2291,-8.374,0.0],[140.2429,-8.3913,1.4975],[140.2608,-8.4097,0.0],[140.3038,-8.4472,0.0],[140.3313,-8.4675,3.7059],[140.3389,-8.4712,0.0],[140.3461,-8.4701,0.0],[140.3555,-8.4748,0.0],[140.3613,-8.4832,4.2974],[140.3649,-8.4938,4.1274],[140.3749,-8.508,1.8622],[140.39,-8.5235,0.0],[140.4294,-8.5556,4.991],[140.4307,-8.5602,0.3261],[140.4423,-8.5723,1.3401],[140.4554,-8.5829,1.5207],[140.4567,-8.582,10.1702],[140.4565,-8.5841,3.6692],[140.4612,-8.588,0.0],[140.4831,-8.602,0.0],[140.4866,-8.6009,10.914],[140.4868,-8.6042,0.3539],[140.4919,-8.6079,6.3061],[140.4948,-8.6081,1.9582],[140.4952,-8.6098,0.0],[140.4953,-8.6085,1.9582],[140.4969,-8.6094,11.397],[140.496,-8.611,10.1267],[140.4979,-8.6115,6.0556],[140.4977,-8.61,8.4168],[140.5029,-8.6152,7.2762],[140.5037,-8.6197,0.0],[140.5089,-8.627,5.6984],[140.5144,-8.647,3.0361],[140.519,-8.6539,3.387],[140.518,-8.6586,0.0],[140.5293,-8.6876,1.0776],[140.5799,-8.7542,8.0033],[140.5945,-8.7804,12.2504],[140.6001,-8.7942,0.0],[140.6159,-8.8133,0.0],[140.6487,-8.8439,1.2869],[140.6499,-8.8468,0.0],[140.6518,-8.8467,0.0],[140.6541,-8.8498,0.6431],[140.657,-8.8493,5.8863],[140.6555,-8.8513,0.0],[140.6629,-8.8589,0.0],[140.6871,-8.8797,0.3011],[140.7066,-8.891,8.877],[140.7088,-8.8949,0.3311],[140.7122,-8.8956,4.3579],[140.7125,-8.898,0.0],[140.7221,-8.9084,0.0],[140.7271,-8.9096,0.0],[140.7268,-8.9114,0.0],[140.7314,-8.9165,0.0],[140.7476,-8.93,0.0],[140.7612,-8.945,0.0],[140.7657,-8.9484,0.0],[140.7672,-8.9477,7.464],[140.7669,-8.9499,0.0],[140.7896,-8.9736,0.0],[140.8083,-9.0002,0.0],[140.8119,-9.0005,8.8157],[140.8107,-9.004,3.8933],[140.8124,-9.0064,4.4916],[140.8118,-9.0043,3.8933],[140.8128,-9.0045,8.0503],[140.8233,-9.0198,1.0011],[140.8418,-9.0377,0.0],[140.8526,-9.0443,0.0],[140.8723,-9.0606,11.639099999999999],[140.8928,-9.082,11.2232],[140.8931,-9.0851,2.2184],[140.8962,-9.0877,1.4713],[140.8998,-9.0897,0.0],[140.9043,-9.0893,5.1162],[140.907,-9.0917,0.0],[140.9107,-9.0913,0.0],[140.9105,-9.0926,0.0],[140.9196,-9.0915,1.0579],[140.9358,-9.0939,0.8803],[140.9394,-9.0967,0.0],[140.9624,-9.1029,6.2344],[140.9669,-9.1061,1.1744],[140.9775,-9.1076,4.1363],[140.9965,-9.1154,0.0],[141.0,-9.1182,0.0],[141.0086,-9.1181,8.5173],[141.0059,-9.1164,5.8358],[141.0092,-8.5267,16.546],[141.0191,-8.5285,13.1769],[141.0191,-8.2988,26.3959],[141.0103,-8.2986,30.1931],[141.0118,-7.9999,29.8986],[141.0059,-7.7681,41.8832],[141.0192,-7.7654,26.2549],[141.0193,-7.5735,46.2376],[141.0008,-7.5751,48.3089],[140.9939,-7.3297,40.1156],[141.0193,-7.329,48.2286],[141.0194,-6.8899,12.9057],[141.0,-6.8899,9.0],[140.9977,-6.9026,12.8948],[140.9889,-6.9048,13.8504],[140.9807,-6.9023,9.7587],[140.9768,-6.8985,11.6517],[140.9736,-6.8913,10.9726],[140.9691,-6.8907,10.9345],[140.9599,-6.8967,9.5],[140.9586,-6.9085,14.0712],[140.9562,-6.912,12.7601],[140.9548,-6.9119,12.7601],[140.952,-6.9096,12.0384],[140.9499,-6.9015,12.3406],[140.9399,-6.8936,12.3872],[140.9382,-6.8968,12.3716],[140.9364,-6.8957,12.4717],[140.9339,-6.8887,12.2796],[140.926,-6.8785,12.4246],[140.9291,-6.8717,14.9518],[140.9224,-6.8708,11.1577],[140.9175,-6.8737,15.0491],[140.9145,-6.8731,21.5772],[140.9102,-6.8611,10.0],[140.9084,-6.8588,10.7125],[140.8978,-6.8564,13.4137],[140.8953,-6.847,17.261],[140.8842,-6.836,14.0155],[140.8852,-6.8323,16.0686],[140.8904,-6.832,35.4685],[140.895,-6.828,12.8079],[140.9036,-6.8126,13.983],[140.9034,-6.8069,13.1892],[140.8903,-6.8135,12.4992],[140.8871,-6.8131,14.9368],[140.8852,-6.8102,11.9203],[140.8851,-6.8027,10.5],[140.8816,-6.8001,11.5169],[140.8728,-6.7994,13.5403],[140.868,-6.7903,16.9097],[140.8581,-6.7806,19.7153],[140.8623,-6.775,25.5763],[140.8653,-6.7617,14.2048],[140.8778,-6.7566,14.168],[140.8858,-6.7442,15.3355],[140.8854,-6.7406,15.6622],[140.8767,-6.7384,14.8526],[140.8736,-6.7327,11.0],[140.863,-6.7305,14.8067],[140.8521,-6.726,13.7207],[140.8465,-6.7223,11.0],[140.8452,-6.7188,26.1097],[140.8522,-6.71,11.9873],[140.8529,-6.7068,15.4089],[140.8517,-6.6961,11.0],[140.8449,-6.6836,18.8654],[140.8453,-6.6813,18.1023],[140.8484,-6.68,12.6835],[140.8629,-6.6826,15.4633],[140.87,-6.6772,15.6111],[140.8688,-6.6734,14.9204],[140.8629,-6.6692,12.5332],[140.8598,-6.6647,11.0],[140.8593,-6.6625,14.7558],[140.8614,-6.6588,14.6716],[140.858,-6.653,14.8211],[140.8596,-6.6493,11.0],[140.8557,-6.6467,11.8683],[140.8548,-6.6441,13.8974],[140.8579,-6.6382,11.0],[140.8553,-6.6369,15.5275],[140.8547,-6.6332,15.6153],[140.8659,-6.6219,15.3592],[140.876,-6.6221,14.7032],[140.8701,-6.6184,16.1386],[140.8496,-6.6186,13.7645],[140.843,-6.6153,14.8057],[140.8405,-6.6116,13.3863],[140.8426,-6.609,16.0575],[140.8536,-6.6088,13.2363],[140.869,-6.6044,14.5959],[140.8791,-6.5934,12.7464],[140.8837,-6.5918,11.5],[140.8884,-6.5947,11.5],[140.8873,-6.604,12.7337],[140.8902,-6.6043,12.7465],[140.8942,-6.5977,16.0625],[140.8943,-6.5883,15.7887],[140.901,-6.5815,15.6253],[140.9071,-6.5687,12.0],[140.9021,-6.5693,15.7489],[140.8926,-6.5756,18.2423],[140.8896,-6.5756,17.963],[140.8859,-6.5715,18.794],[140.8866,-6.5654,12.5],[140.8894,-6.5606,16.2719],[140.8962,-6.5584,13.4014],[140.9072,-6.5582,14.7484],[140.9123,-6.5552,14.9759],[140.9155,-6.5558,17.3212],[140.9187,-6.5512,17.7223],[140.922,-6.553,14.4475],[140.9208,-6.5502,15.7113],[140.9255,-6.5445,16.3277],[140.9223,-6.5433,17.9274],[140.9246,-6.5246,18.23],[140.9191,-6.5155,18.3883],[140.9191,-6.5048,15.3983],[140.923,-6.4961,16.8149],[140.922,-6.4887,18.8176],[140.9277,-6.4855,16.8255],[140.9485,-6.4809,14.0],[140.9452,-6.4743,16.724],[140.9465,-6.4688,14.0],[140.9446,-6.4681,18.126],[140.9374,-6.4711,14.0],[140.9302,-6.471,15.3197],[140.9238,-6.4673,14.9613],[140.9216,-6.4608,14.5],[140.923,-6.4563,18.485],[140.9344,-6.4529,15.9321],[140.9384,-6.4473,14.5],[140.9382,-6.4451,14.5],[140.9242,-6.4415,18.2183],[140.9193,-6.4385,22.0757],[140.9151,-6.4308,28.5053],[140.9168,-6.4213,15.0632],[140.9193,-6.4182,15.0795],[140.9265,-6.4162,17.1153],[140.9309,-6.4196,15.0729],[140.9367,-6.4281,15.4564],[140.9467,-6.4365,15.7447],[140.9514,-6.4345,16.0709],[140.9553,-6.4267,15.9598],[140.956,-6.4204,20.6447],[140.9552,-6.4188,15.8103],[140.9446,-6.4186,18.8953],[140.9419,-6.4171,21.0582],[140.9409,-6.4134,17.4826],[140.9413,-6.4113,19.343],[140.9521,-6.4066,15.0],[140.9579,-6.3867,17.3814],[140.9512,-6.3907,17.1811],[140.9467,-6.3904,16.0],[140.9411,-6.3848,20.1974],[140.9405,-6.3781,17.8947],[140.9454,-6.3695,18.6327],[140.9482,-6.3712,18.3817],[140.9576,-6.3717,17.6949],[140.9565,-6.3637,17.821],[140.9663,-6.3595,17.4405],[140.9611,-6.3566,17.3962],[140.9584,-6.3517,25.9146],[140.9601,-6.3483,18.8184],[140.9627,-6.3483,17.9757],[140.9568,-6.3431,19.5887],[140.9602,-6.335,18.1913],[140.9582,-6.3308,18.5205],[140.9582,-6.3258,19.6478],[140.9607,-6.3225,18.6477],[140.968,-6.3236,17.4804],[140.9763,-6.3186,18.2989],[140.9897,-6.3142,18.1922],[141.0,-6.3133,17.0],[141.0,-5.2947,589.3523],[140.9239,-5.2825,624.1858],[141.0,-5.2944,614.9756],[141.0,-2.6043,0.0],[140.9724,-2.6077,0.0],[140.9616,-2.6067,23.982],[140.9592,-2.6097,55.01],[140.9512,-2.6126,15.8992],[140.9352,-2.6152,44.2805],[140.9259,-2.6108,4.0044],[140.9218,-2.6157,13.6845],[140.9225,-2.6219,7.5325],[140.9159,-2.6236,5.3716],[140.9084,-2.6202,5.0386],[140.8871,-2.6152,1.554],[140.8087,-2.6059,2.2108],[140.8024,-2.6041,0.0],[140.7964,-2.5983,12.3355],[140.789,-2.5955,0.0],[140.7874,-2.5963,0.0],[140.7883,-2.5984,31.587],[140.7867,-2.6012,1.2285],[140.7832,-2.6014,0.0],[140.782,-2.6045,8.6612],[140.7829,-2.6058,4.9906],[140.779,-2.6082,0.0],[140.7807,-2.6098,0.0],[140.7847,-2.6078,18.869],[140.7881,-2.6111,3.2665],[140.7865,-2.6211,1.0017],[140.7802,-2.6265,0.8931],[140.7724,-2.6286,4.5057],[140.763,-2.6285,6.8942],[140.7481,-2.6244,2.0659],[140.7354,-2.618,2.725],[140.724,-2.6094,0.0],[140.7111,-2.5953,0.0],[140.71017364864863,-2.5983878378378442,0.0],[140.7102,-2.5984,0.0],[140.71013225806453,-2.5985258064515508,0.0],[140.7093,-2.6013,0.0],[140.7109,-2.5992,0.0],[140.7115,-2.5972,0.0],[140.7118,-2.6033,1.8833],[140.7203,-2.6065,0.6538],[140.7241,-2.6128,3.9344],[140.7279,-2.6137,2.4709],[140.7328,-2.6188,1.9838],[140.7378,-2.6273,3.1341],[140.7341,-2.6331,25.4588],[140.729,-2.6336,7.7129],[140.7253,-2.6333,8.6675],[140.7225,-2.6317,5.8392],[140.7194,-2.6285,1.5688],[140.714,-2.63,15.7001],[140.7089,-2.6273,0.0],[140.7061,-2.6285,25.3639],[140.7,-2.6257,0.7927],[140.6972,-2.6218,0.0],[140.7076,-2.618,0.0],[140.7036,-2.6165,31.0864],[140.6991,-2.6188,15.9858],[140.69,-2.6167,14.0446],[140.6863,-2.6134,15.6615],[140.6901,-2.6087,0.0],[140.6893,-2.6062,22.24],[140.6944,-2.603,27.5061],[140.694,-2.6002,12.1182],[140.691,-2.5987,0.0],[140.6913,-2.5954,0.0],[140.6897,-2.5948,2.5949],[140.6914,-2.5923,21.9662],[140.6937,-2.5925,2.2545],[140.6937,-2.5906,20.6137],[140.6972,-2.5893,0.0],[140.6965,-2.588,21.472],[140.7009,-2.5868,11.1131],[140.6985,-2.5848,9.9135],[140.7014,-2.5832,0.0],[140.7003,-2.5782,0.0],[140.694,-2.5746,51.9666],[140.6953,-2.5733,8.7781],[140.6972,-2.5726,3.9781],[140.7,-2.5745,3.8305],[140.7024,-2.5732,1.5776],[140.7031,-2.5707,2.8233],[140.7035,-2.5711,3.04],[140.7032,-2.574,1.5776],[140.7017,-2.5758,3.4682],[140.7057,-2.5819,7.7754],[140.7017,-2.5867,1.9118],[140.7069,-2.5867,5.0316],[140.7073,-2.5878,5.0316],[140.7051,-2.5888,0.0],[140.7092,-2.5915,0.0],[140.7104,-2.5907,1.1179],[140.7082,-2.5897,13.8372],[140.7076,-2.5884,5.241],[140.709,-2.5881,5.241],[140.7085,-2.5893,5.241],[140.7102,-2.5898,1.1179],[140.7106,-2.5887,3.4546],[140.7111,-2.5899,1.1179],[140.7132,-2.5882,1.3408],[140.7113,-2.5911,1.1179],[140.7138,-2.591,24.0131],[140.7128,-2.5928,0.0],[140.7153,-2.5938,5.5491],[140.7171,-2.5917,3.7489],[140.7106,-2.5824,0.5981],[140.709,-2.5733,2.1635],[140.7103,-2.5691,3.22],[140.7151,-2.5632,2.0163],[140.717,-2.5632,0.837],[140.7181,-2.5585,1.3927],[140.72,-2.5569,0.0],[140.7182,-2.5535,0.0],[140.7155,-2.5529,8.8436],[140.7184,-2.5476,0.0],[140.715,-2.5472,0.9329],[140.7133,-2.5442,0.0],[140.7121,-2.5453,3.4803],[140.7077,-2.544,0.0],[140.7067,-2.5387,1.3444],[140.7087,-2.5374,5.7447],[140.7116,-2.5391,3.1201],[140.72,-2.5341,24.9005],[140.7252,-2.535,1.3145],[140.7252,-2.5289,3.5646],[140.7236,-2.5273,31.6229],[140.7269,-2.5264,0.0],[140.7309,-2.5182,8.6619],[140.7325,-2.5249,6.7645],[140.7385,-2.5311,24.3974],[140.7378,-2.5352,0.0],[140.7463,-2.538,0.0],[140.7483,-2.5343,31.1457],[140.7423,-2.5293,10.0662],[140.7422,-2.5221,3.3149],[140.7382,-2.5134,4.0737],[140.7327,-2.509,0.0],[140.73,-2.5007,24.6831],[140.7205,-2.4957,23.495],[140.721,-2.491,0.0],[140.7167,-2.4925,0.0],[140.7116,-2.4881,12.9489],[140.7127,-2.4866,4.1627],[140.7088,-2.4867,23.7654],[140.7041,-2.4836,13.0405],[140.7001,-2.484,13.9776],[140.694,-2.4782,36.5669],[140.6877,-2.4803,28.5698],[140.6867,-2.4778,4.2951],[140.6848,-2.4775,0.0],[140.6775,-2.4816,16.6178],[140.6733,-2.48,38.5957],[140.6725,-2.476,0.0],[140.6707,-2.4748,12.1107],[140.6627,-2.474,19.9314],[140.6577,-2.4771,13.4688],[140.6539,-2.4767,13.0487],[140.6486,-2.4712,0.0],[140.6499,-2.4669,0.0],[140.6447,-2.4633,12.4309],[140.6412,-2.4668,46.1854],[140.6342,-2.4683,47.5472],[140.631,-2.4638,10.1408],[140.6337,-2.4572,4.4694],[140.633,-2.4549,53.5705],[140.6302,-2.4528,0.0],[140.6266,-2.4557,46.7565],[140.6221,-2.4511,2.4709],[140.617,-2.4491,0.0],[140.6155,-2.4448,15.4709],[140.6117,-2.4422,5.7784],[140.6132,-2.4396,0.0],[140.609,-2.4403,16.2608],[140.6042,-2.4443,0.0],[140.6049,-2.4467,80.1672],[140.6,-2.4506,0.0],[140.6008,-2.4532,121.2309],[140.597,-2.4551,9.1646],[140.584,-2.453,11.593],[140.579,-2.4461,0.0],[140.5703,-2.451,9.0092],[140.5599,-2.4501,29.3548],[140.5592,-2.4398,73.3136],[140.5546,-2.4398,14.5077],[140.5515,-2.4454,41.4334],[140.5469,-2.4446,0.0],[140.5437,-2.4486,10.1724],[140.5395,-2.4471,1.2261],[140.5377,-2.4449,99.8306],[140.5392,-2.4388,0.0],[140.5336,-2.4395,0.0],[140.5298,-2.4381,105.2387],[140.5286,-2.43,7.2663],[140.5249,-2.4279,0.0],[140.5188,-2.4315,61.2077],[140.5126,-2.4295,0.0],[140.5028,-2.4391,0.0],[140.5022,-2.4429,27.7435],[140.4974,-2.4439,6.013],[140.4949,-2.4412,3.4924],[140.4863,-2.4384,60.5788],[140.4869,-2.4356,77.3322],[140.4855,-2.4332,22.3484],[140.4881,-2.4314,0.0],[140.4877,-2.4282,0.0],[140.4851,-2.4312,9.8502],[140.4793,-2.4288,0.0],[140.4746,-2.43,27.0259],[140.4724,-2.4288,0.0],[140.4674,-2.4297,0.0],[140.466,-2.4322,3.0958],[140.4613,-2.4319,4.8329],[140.4527,-2.4274,0.0],[140.4419,-2.4178,0.0],[140.4409,-2.4189,12.6153],[140.436,-2.4179,0.0],[140.4333,-2.412,3.1516],[140.4273,-2.4163,26.9447],[140.423,-2.4144,0.0],[140.4135,-2.4142,0.0],[140.4123,-2.4111,3.1065],[140.4052,-2.4069,5.452],[140.3946,-2.4069,27.5336],[140.3914,-2.4021,0.0],[140.386,-2.3997,57.6575],[140.3728,-2.399,0.0],[140.3718,-2.3978,0.0],[140.3693,-2.4033,8.6818],[140.3673,-2.4037,13.5169],[140.3571,-2.4023,3.317],[140.3483,-2.3953,2.4401],[140.3445,-2.3968,0.0],[140.3427,-2.4003,0.0],[140.3432,-2.4032,0.0],[140.3457,-2.405,58.2328],[140.3456,-2.4081,3.51],[140.3489,-2.4105,0.0],[140.3503,-2.4053,10.406],[140.3524,-2.4051,4.2496],[140.354,-2.4024,20.1388],[140.3564,-2.403,40.2293],[140.3587,-2.4061,56.7995],[140.3575,-2.4098,0.0],[140.36,-2.4086,13.3836],[140.3609,-2.4095,13.3836],[140.3602,-2.4145,20.0138],[140.363,-2.4147,3.0041],[140.3624,-2.4178,4.233],[140.3663,-2.42,24.747],[140.3726,-2.4282,50.4023],[140.3758,-2.4301,41.3005],[140.3757,-2.4325,11.5515],[140.368,-2.4443,76.9362],[140.3732,-2.4497,10.3849],[140.3695,-2.4603,0.0],[140.3674,-2.4612,0.0],[140.3643,-2.4553,0.0],[140.3623,-2.4576,10.5429],[140.3597,-2.4562,0.0],[140.3575,-2.4522,38.9342],[140.3612,-2.4513,0.0],[140.3564,-2.4488,8.2062],[140.3557,-2.4456,0.0],[140.3544,-2.4459,0.0],[140.3528,-2.4487,0.0],[140.3545,-2.4508,67.7932],[140.3524,-2.4521,0.0],[140.3531,-2.455,9.3596],[140.3487,-2.4611,0.0],[140.3458,-2.463,8.4734],[140.3398,-2.4625,0.0],[140.3356,-2.4649,11.4831],[140.3333,-2.4626,16.5136],[140.3342,-2.4586,27.609],[140.3394,-2.4553,0.0],[140.3369,-2.4489,49.0253],[140.3352,-2.4483,49.0253],[140.3278,-2.4509,29.5162],[140.3264,-2.4427,0.0],[140.3236,-2.448,120.2901],[140.3218,-2.4466,16.5725],[140.3178,-2.4481,28.6261],[140.3147,-2.4451,1.772],[140.3162,-2.4409,8.8678],[140.3151,-2.4402,8.8678],[140.309,-2.441,0.0],[140.3078,-2.4397,0.0],[140.3051,-2.4454,15.4119],[140.3,-2.4435,130.3698],[140.298,-2.4407,0.0],[140.2939,-2.4392,0.0],[140.2939,-2.4356,2.0136],[140.2961,-2.4324,0.0],[140.2949,-2.4306,42.6489],[140.2963,-2.4292,0.0],[140.2956,-2.4258,0.0],[140.2927,-2.429,51.8989],[140.2896,-2.4251,1.3353],[140.2856,-2.4282,43.4904],[140.2851,-2.4255,0.0],[140.2828,-2.4268,50.5964],[140.2802,-2.4262,9.106],[140.28,-2.4234,0.0],[140.2773,-2.4237,79.1164],[140.276,-2.4218,4.2048],[140.272,-2.4234,16.386],[140.2689,-2.4168,0.0],[140.2693,-2.42,10.9682],[140.2661,-2.4236,31.2767],[140.2648,-2.4231,65.5294],[140.2614,-2.4196,15.0705],[140.2579,-2.4108,18.078],[140.2532,-2.4046,23.8342],[140.2535,-2.4007,2.7221],[140.2516,-2.4011,2.8823],[140.2491,-2.3991,0.0],[140.2451,-2.4,12.4576],[140.2459,-2.4032,6.1119],[140.2437,-2.4048,25.0554],[140.2325,-2.4023,0.0],[140.229,-2.4052,0.0],[140.2271,-2.4088,12.7279],[140.2296,-2.4124,0.0],[140.2277,-2.4146,0.0],[140.2327,-2.417,26.8705],[140.2307,-2.4189,5.8182],[140.2328,-2.4202,20.6252],[140.2319,-2.4217,66.3189],[140.2297,-2.4181,21.6974],[140.2236,-2.4166,86.5089],[140.2248,-2.4155,0.0],[140.224,-2.4132,0.0],[140.2277,-2.4113,1.4786],[140.2206,-2.4123,14.1387],[140.2079,-2.4078,0.0],[140.2029,-2.4019,78.0449],[140.2026,-2.3987,20.0629],[140.2004,-2.3977,9.4491],[140.1976,-2.3906,0.0],[140.191,-2.3869,5.6771],[140.1893,-2.3803,0.0],[140.1809,-2.3773,0.0],[140.1786,-2.3749,34.6842],[140.1665,-2.3751,13.6481],[140.1664,-2.3732,2.6596],[140.1618,-2.3712,58.3017],[140.1618,-2.3674,0.0],[140.1598,-2.3678,0.0],[140.1585,-2.3722,7.7784],[140.1525,-2.37,6.7833],[140.152,-2.3656,23.9201],[140.1557,-2.3637,32.5411],[140.1551,-2.3613,11.7958],[140.1575,-2.3578,19.2225],[140.1566,-2.3534,0.0],[140.155,-2.355,28.055],[140.152,-2.3549,0.0],[140.1504,-2.3583,4.9984],[140.1504,-2.3567,0.0],[140.1478,-2.358,4.4659],[140.1482,-2.3559,0.0],[140.1465,-2.3574,1.9261],[140.1458,-2.356,0.0],[140.1497,-2.3517,65.5662],[140.1505,-2.3459,53.851],[140.154,-2.3429,0.0],[140.1552,-2.339,6.7408],[140.1545,-2.3266,0.0],[140.1514,-2.3234,7.1634],[140.144,-2.3255,7.2869],[140.143,-2.3225,1.5733],[140.1398,-2.3237,7.4806],[140.1406,-2.3295,19.2779],[140.1432,-2.3305,7.5175],[140.148,-2.3367,10.4965],[140.146,-2.3392,2.2743],[140.1465,-2.341,9.8662],[140.1438,-2.3414,28.9549],[140.1449,-2.3425,28.9549],[140.1429,-2.3441,0.0],[140.1443,-2.3455,24.8818],[140.1438,-2.3483,10.4779],[140.1341,-2.3473,1.8097],[140.1224,-2.3393,2.7327],[140.1206,-2.336,0.0],[140.1151,-2.3365,10.9831],[140.111,-2.3271,0.0],[140.1144,-2.3247,1.409],[140.1158,-2.3207,2.2395],[140.1112,-2.3192,0.0],[140.0831,-2.33,9.8598],[140.0797,-2.3385,0.0],[140.0803,-2.3464,4.4104],[140.0791,-2.3502,0.0],[140.0698,-2.3563,15.8401],[140.0583,-2.3597,18.0822],[140.0353,-2.3602,1.2545],[140.0283,-2.3588,5.014],[140.0017,-2.3603,2.9387],[139.9995,-2.3623,0.0],[139.9818,-2.3619,7.7641],[139.8837,-2.3749,13.7036],[139.8237,-2.3747,0.0],[139.8112,-2.3776,0.0],[139.8035,-2.3765,4.6808],[139.789,-2.3688,6.4366],[139.7648,-2.3621,6.7894],[139.7492,-2.3558,4.6498],[139.7128,-2.3374,8.011],[139.6667,-2.3041,2.4465],[139.6438,-2.2915,1.346],[139.6421,-2.2892,2.3004],[139.6199,-2.2852,8.2309],[139.6163,-2.2859,2.1744],[139.6131,-2.2825,0.0],[139.581,-2.2717,18.0925],[139.5358,-2.2485,10.7683],[139.5155,-2.2345,0.0],[139.5004,-2.2264,11.5431],[139.4475,-2.1896,13.2512],[139.3833,-2.1582,2.2666],[139.3627,-2.1466,0.0],[139.3139,-2.1337,6.75],[139.2768,-2.1218,8.8572],[139.2493,-2.1097,13.8689],[139.1904,-2.0709,0.0],[139.1461,-2.0499,1.4948],[139.1328,-2.0397,3.723],[139.125,-2.0305,0.0],[139.1013,-2.0246,4.4643],[139.0486,-2.0056,7.4661],[139.0309,-1.9974,0.81],[139.0007,-1.9761,0.0],[138.9922,-1.9728,0.0],[138.976,-1.9697,5.7212],[138.9717,-1.9709,6.6538],[138.9054,-1.9542,0.0],[138.9041,-1.9552,0.0],[138.9049,-1.9573,5.4438],[138.9029,-1.9589,4.0861],[138.9013,-1.9588,3.2896],[138.9006,-1.9562,0.0],[138.8965,-1.9552,0.0],[138.8867,-1.9601,0.0],[138.8768,-1.9693,0.0],[138.8718,-1.9691,1.0719],[138.8639,-1.9657,0.0],[138.8015,-1.9301,12.2172],[138.7899,-1.9203,0.0],[138.7857,-1.9119,0.0],[138.7808,-1.9073,10.5528],[138.7753,-1.8957,0.0],[138.7661,-1.8908,5.3619],[138.7582,-1.8819,2.2838],[138.755,-1.8732,1.3331],[138.7484,-1.8667,3.7233],[138.747,-1.861,1.0044],[138.748,-1.8574,3.8696],[138.7503,-1.8563,0.6387],[138.7521,-1.8573,0.6047],[138.754,-1.8548,1.5929],[138.7513,-1.8466,0.0],[138.7499,-1.8467,0.0],[138.7494,-1.8513,0.5931],[138.7477,-1.853,1.958],[138.7381,-1.8535,6.3687],[138.7163,-1.8388,0.0],[138.6818,-1.803,5.2963],[138.6604,-1.7908,1.5804],[138.649,-1.7859,0.0],[138.6227,-1.7789,3.6291],[138.4923,-1.7535,2.4673],[138.4759,-1.7487,4.4841],[138.4734,-1.7485,3.1943],[138.4729,-1.7507,9.0292],[138.4698,-1.7473,0.0],[138.373,-1.7202,2.1869],[138.3445,-1.7108,0.0],[138.2807,-1.6847,13.0436],[138.1779,-1.6321,0.0],[138.153,-1.6291,6.721],[138.1246,-1.6234,9.8482],[138.0992,-1.6154,4.2873],[138.0749,-1.6048,6.1062],[138.0492,-1.5897,0.8536],[138.0184,-1.5666,1.1172],[138.0119,-1.5606,5.1005],[137.9905,-1.5319,0.0],[137.9826,-1.5291,0.0],[137.9803,-1.5291,0.0],[137.9765,-1.5323,0.0],[137.9691,-1.5307,0.0],[137.966,-1.5155,0.0],[137.9539,-1.5078,0.0],[137.9528,-1.5042,0.0],[137.9545,-1.5011,0.0],[137.95,-1.4893,0.0],[137.9375,-1.47,0.0],[137.9319,-1.458,0.8783],[137.9211,-1.4609,0.0],[137.9091,-1.4693,3.2582],[137.9018,-1.4719,0.0],[137.8964,-1.4709,0.0],[137.8938,-1.469,0.0],[137.8928,-1.4653,0.0],[137.8903,-1.4641,0.0],[137.8484,-1.4643,0.0],[137.838,-1.4619,0.0],[137.8237,-1.4658,0.0],[137.8222,-1.465,0.0],[137.8159,-1.4672,0.0],[137.811,-1.4667,0.0],[137.7986,-1.4695,0.0],[137.7904,-1.4764,0.0],[137.7795,-1.4791,0.0],[137.7769,-1.482,0.0],[137.7724,-1.4821,3.5066],[137.7645,-1.4774,0.0],[137.7436,-1.4769,0.0],[137.7407,-1.4792,0.0],[137.743,-1.4935,4.3574],[137.7399,-1.4974,0.0],[137.7379,-1.4978,0.0],[137.7341,-1.4945,0.0],[137.7242,-1.4943,0.0],[137.6814,-1.5049,0.0],[137.6649,-1.5135,0.0],[137.6576,-1.515,0.0],[137.6462,-1.5215,0.083],[137.645,-1.5257,0.0],[137.6406,-1.5295,0.0],[137.6369,-1.5293,0.0],[137.6104,-1.5454,0.0],[137.5941,-1.5511,0.0],[137.5878,-1.5561,0.0],[137.5813,-1.5548,0.0],[137.569,-1.5617,4.6805],[137.5389,-1.5721,0.0],[137.5311,-1.5783,0.0],[137.4767,-1.5976,0.0],[137.4764,-1.6022,0.0],[137.4743,-1.6053,0.0],[137.4496,-1.6213,1.1937],[137.4446,-1.6281,0.0],[137.4296,-1.634,0.0],[137.4084,-1.6476,0.0],[137.403,-1.6515,0.1732],[137.4018,-1.6556,0.0],[137.3732,-1.6686,0.0],[137.3636,-1.6756,0.0],[137.3346,-1.6874,1.839],[137.33,-1.6917,17.2048],[137.329,-1.6976,0.0],[137.3228,-1.702,0.0],[137.3157,-1.7008,0.0],[137.314,-1.6977,0.0],[137.3102,-1.698,0.0],[137.3017,-1.7062,0.0],[137.2772,-1.7211,4.3037],[137.2467,-1.7358,4.5584],[137.2426,-1.7414,12.4414],[137.2457,-1.7434,5.1479],[137.2463,-1.7465,0.0],[137.2444,-1.7499,0.0],[137.2416,-1.7514,3.1967],[137.2285,-1.7508,10.6989],[137.2287,-1.7491,7.6743],[137.2168,-1.7462,0.0],[137.2036,-1.7468,5.1498],[137.1651,-1.7633,9.0286],[137.1545,-1.7699,14.1435],[137.1542,-1.773,16.0127],[137.1511,-1.7759,0.0],[137.1439,-1.7762,0.0],[137.1415,-1.7728,0.0],[137.138,-1.7716,0.0],[137.1245,-1.7757,0.0],[137.1133,-1.7866,10.9608],[137.1023,-1.7931,13.397],[137.0948,-1.8072,11.1763],[137.0892,-1.8516,4.8213],[137.0912,-1.8553,2.9889],[137.0989,-1.859,14.8358],[137.1036,-1.8632,10.7632],[137.1039,-1.8656,5.4726],[137.1065,-1.8659,3.6441],[137.1072,-1.8705,4.9087],[137.1221,-1.8802,4.9467],[137.1239,-1.888,4.9805],[137.1212,-1.8909,7.4296],[137.1229,-1.8934,0.0],[137.1251,-1.8921,20.2939],[137.1288,-1.8966,5.4936],[137.1335,-1.8974,5.2439],[137.1372,-1.8939,19.1375],[137.1436,-1.8983,3.6604],[137.1561,-1.9318,0.0],[137.1591,-1.9303,3.7829],[137.1667,-1.9335,0.0],[137.1687,-1.9327,8.7891],[137.175,-1.9395,9.0595],[137.1776,-1.9396,0.0],[137.1784,-1.9373,8.3101],[137.1815,-1.9363,0.0],[137.1915,-1.9447,7.8972],[137.1928,-1.9542,0.0],[137.1945,-1.9565,0.0],[137.1932,-1.9598,1.8048],[137.1966,-1.9607,1.0971],[137.1971,-1.9628,4.7511],[137.2033,-1.9663,3.7783],[137.2044,-1.9706,0.0],[137.2017,-1.9702,1.0247],[137.2086,-1.9777,6.8358],[137.2155,-1.9788,3.8116],[137.2164,-1.9813,0.0],[137.2137,-1.9867,3.0663],[137.2082,-1.9902,4.3702],[137.2029,-1.988,7.267],[137.1947,-1.9874,0.0],[137.1898,-1.989,0.0],[137.1892,-1.991,4.8255],[137.1927,-1.9926,3.6934],[137.1897,-2.0005,0.9478],[137.1929,-2.0011,12.0862],[137.1928,-2.0036,0.0],[137.1997,-2.0087,4.6319],[137.2036,-2.0134,1.4772],[137.2057,-2.0209,0.0],[137.2116,-2.0248,0.0],[137.2117,-2.0298,0.0],[137.2133,-2.0303,0.0],[137.2119,-2.0324,2.4771],[137.2145,-2.0346,0.0],[137.2152,-2.0382,0.0],[137.2267,-2.0424,4.3655],[137.2305,-2.0419,0.0],[137.2319,-2.0447,0.0],[137.2305,-2.0519,0.0],[137.2276,-2.0531,0.0],[137.2267,-2.0557,1.8175],[137.2222,-2.058,2.744],[137.2214,-2.06,3.5532],[137.2164,-2.0601,0.0],[137.2057,-2.0641,0.0],[137.2051,-2.0683,0.0],[137.2017,-2.0702,0.0],[137.1957,-2.0665,0.0],[137.1893,-2.0771,2.346],[137.1857,-2.0796,5.123],[137.1815,-2.0772,0.0],[137.1814,-2.0806,7.094],[137.1782,-2.081,1.7811],[137.1752,-2.0781,0.0],[137.1732,-2.0816,0.0],[137.1752,-2.0838,5.3966],[137.1698,-2.0883,10.8452],[137.1683,-2.0862,0.0],[137.1665,-2.0873,0.0],[137.1672,-2.0893,2.8668],[137.1656,-2.0919,0.5884],[137.1589,-2.0951,0.0],[137.1545,-2.1031,2.8191],[137.1494,-2.1022,6.3383],[137.1419,-2.0981,0.0],[137.1333,-2.101,0.0],[137.1234,-2.1001,0.0],[137.1198,-2.108,0.0],[137.115,-2.1058,0.0],[137.114,-2.1083,6.4465],[137.1087,-2.111,0.0],[137.1073,-2.1109,0.0],[137.1069,-2.1087,0.0],[137.1023,-2.111,5.4597],[137.092,-2.1077,0.0],[137.092,-2.1032,0.0],[137.0901,-2.1016,3.1003],[137.0856,-2.1006,0.0],[137.0769,-2.1035,7.8151],[137.0722,-2.1032,11.0113],[137.0667,-2.0999,3.2779],[137.0615,-2.1001,4.6895],[137.058,-2.0984,3.631],[137.0558,-2.1025,0.0],[137.0506,-2.1019,0.0],[137.0472,-2.1044,0.0],[137.0428,-2.1047,0.902],[137.0436,-2.1055,0.902],[137.0421,-2.1054,0.0],[137.039,-2.1135,1.4912],[137.0311,-2.1143,0.0],[137.0288,-2.1168,1.8354],[137.0248,-2.1148,0.8921],[137.0205,-2.1183,3.49],[137.0147,-2.1183,0.0],[137.0001,-2.1291,0.0],[136.9871,-2.1286,0.0],[136.9769,-2.1327,0.0],[136.9757,-2.1312,0.0],[136.9704,-2.1315,9.1639],[136.9624,-2.1286,0.0],[136.9587,-2.1255,0.9471],[136.9556,-2.1251,0.0],[136.9548,-2.1267,9.4435],[136.9514,-2.127,1.9751],[136.9423,-2.1217,0.0],[136.9379,-2.1288,4.5758],[136.9447,-2.1396,13.9897],[136.9424,-2.1406,0.0],[136.9388,-2.1467,0.0],[136.9351,-2.148,0.0],[136.9324,-2.1511,0.0],[136.9249,-2.1506,0.0],[136.9183,-2.1648,7.0719],[136.9156,-2.1652,0.8225],[136.9153,-2.1704,6.2088],[136.9119,-2.1741,1.3216],[136.9119,-2.1786,4.5144],[136.9081,-2.1798,7.2626],[136.9041,-2.1773,1.2061],[136.9017,-2.1782,7.7131],[136.8961,-2.1762,0.0],[136.8931,-2.1763,7.4456],[136.8938,-2.1779,7.4456],[136.8903,-2.1735,0.0],[136.8826,-2.1776,0.0],[136.8745,-2.1756,0.0],[136.8648,-2.1839,2.4246],[136.8627,-2.1817,1.2294],[136.856,-2.1836,5.2503],[136.8528,-2.1898,3.3875],[136.8498,-2.1921,3.1296],[136.8494,-2.1905,0.0],[136.8469,-2.192,17.6905],[136.8467,-2.1904,1.8158],[136.8443,-2.1911,0.3617],[136.8418,-2.1956,9.1411],[136.8391,-2.195,6.8763],[136.8377,-2.1964,7.6171],[136.8361,-2.1948,4.1112],[136.8348,-2.1826,3.0963],[136.8375,-2.1747,1.0836],[136.8367,-2.1728,0.0],[136.8259,-2.1768,5.8373],[136.808,-2.1746,4.0372],[136.8043,-2.178,9.7454],[136.8133,-2.1859,12.2959],[136.8168,-2.1931,9.0446],[136.8171,-2.2083,6.9709],[136.8138,-2.2154,2.7901],[136.8136,-2.2212,5.0846],[136.8123,-2.2234,17.8695],[136.8125,-2.2203,5.0846],[136.811,-2.2195,0.0],[136.8103,-2.221,0.9899],[136.8076,-2.2184,4.3293],[136.8046,-2.2184,4.6553],[136.8039,-2.2204,0.0],[136.8013,-2.2207,11.5461],[136.7933,-2.2109,0.0],[136.7871,-2.2207,0.0],[136.7799,-2.227,0.0],[136.7798,-2.23,1.8844],[136.7774,-2.231,0.0],[136.7769,-2.2335,14.8902],[136.7766,-2.2318,0.0],[136.7699,-2.2294,0.0],[136.7687,-2.2316,9.7739],[136.7651,-2.2308,0.0],[136.7634,-2.2343,2.8033],[136.7599,-2.234,0.0],[136.7552,-2.2378,0.0],[136.7535,-2.2419,5.5258],[136.7545,-2.2465,0.0],[136.7587,-2.2482,13.4972],[136.7616,-2.2556,9.3375],[136.7677,-2.259,1.4329],[136.7697,-2.2644,6.085],[136.7708,-2.263,6.085],[136.7702,-2.2649,9.1888],[136.7689,-2.2647,10.425],[136.765,-2.2585,5.1239],[136.7631,-2.2587,8.9207],[136.7634,-2.2612,8.5085],[136.7625,-2.2582,6.8074],[136.7595,-2.2564,7.4967],[136.7559,-2.2594,1.2953],[136.7545,-2.2627,0.0],[136.7557,-2.2642,5.056],[136.7487,-2.2643,0.0],[136.7541,-2.277,2.0008],[136.7585,-2.2775,9.5533],[136.761,-2.2744,0.0],[136.7599,-2.2721,2.2702],[136.7625,-2.2702,7.8086],[136.7642,-2.2711,8.9129],[136.765,-2.2736,10.214],[136.7576,-2.2788,7.0635],[136.7534,-2.2775,2.0008],[136.75,-2.2714,7.7455],[136.7471,-2.265,4.6128],[136.7451,-2.2545,0.0],[136.7416,-2.2575,9.0171],[136.7443,-2.2525,0.0],[136.7413,-2.2471,1.114],[136.7376,-2.2493,9.776],[136.7322,-2.2482,11.0707],[136.7367,-2.2486,9.776],[136.7388,-2.2466,3.3299],[136.7312,-2.2427,2.8569],[136.7229,-2.2348,9.7814],[136.7117,-2.2279,0.0],[136.7048,-2.2275,0.0],[136.7017,-2.2358,2.9837],[136.6903,-2.2453,0.0],[136.6853,-2.247,0.0],[136.6828,-2.2522,5.2561],[136.6741,-2.2581,0.0],[136.6745,-2.2605,6.3804],[136.6733,-2.2612,0.0],[136.6662,-2.258,2.993],[136.6634,-2.2596,8.2794],[136.6629,-2.2567,0.0],[136.6545,-2.257,0.8697],[136.6541,-2.2545,0.0],[136.6466,-2.2516,3.3479],[136.6458,-2.2481,0.0],[136.6408,-2.2461,0.0],[136.6372,-2.2465,0.0],[136.6354,-2.2519,3.7673],[136.6299,-2.2472,0.0],[136.6206,-2.2471,0.0],[136.6147,-2.2507,6.9464],[136.6102,-2.2487,0.0],[136.6059,-2.2531,10.1033],[136.6024,-2.254,7.5865],[136.6001,-2.2529,13.9355],[136.5957,-2.2453,9.8588],[136.5966,-2.2395,5.7958],[136.5907,-2.2457,7.7655],[136.5902,-2.2484,9.6847],[136.5898,-2.2459,10.8076],[136.5956,-2.2368,4.9215],[136.5913,-2.2373,0.0],[136.5887,-2.2408,5.4358],[136.585,-2.2392,1.693],[136.5867,-2.2372,6.2121],[136.5817,-2.2375,4.2748],[136.5826,-2.2357,1.8214],[136.5759,-2.2189,0.0],[136.5769,-2.2144,7.7603],[136.5792,-2.2141,4.7541],[136.5807,-2.2108,1.1059],[136.5801,-2.2068,0.8389],[136.582,-2.2049,0.0],[136.5825,-2.2012,5.3595],[136.5895,-2.194,5.4611],[136.588,-2.1901,8.4049],[136.5809,-2.191,1.2686],[136.5775,-2.1959,6.2871],[136.5755,-2.1937,5.4939],[136.574,-2.1944,5.4939],[136.5784,-2.199,8.7363],[136.5771,-2.2042,7.2502],[136.5763,-2.199,5.4653],[136.5726,-2.199,9.6653],[136.5713,-2.2058,8.851],[136.5555,-2.2109,0.0],[136.546,-2.2196,2.8832],[136.5442,-2.2234,6.1585],[136.5385,-2.22,1.7292],[136.5348,-2.2213,5.1664],[136.5357,-2.2179,0.1912],[136.5324,-2.2139,0.0],[136.532,-2.2105,0.0],[136.5261,-2.2119,7.3718],[136.5267,-2.2024,0.0],[136.5248,-2.2013,0.2271],[136.5225,-2.2047,5.9358],[136.5183,-2.191,0.0],[136.5144,-2.1923,0.0],[136.5102,-2.1904,0.0],[136.5021,-2.1999,0.4911],[136.4952,-2.1997,0.9413],[136.4861,-2.2054,0.988],[136.48,-2.2042,0.0],[136.4746,-2.2083,1.8844],[136.4686,-2.2069,0.0],[136.4611,-2.2092,0.0],[136.4578,-2.2137,3.7949],[136.4476,-2.2057,0.0],[136.4253,-2.2044,1.3177],[136.4178,-2.2072,9.9975],[136.4117,-2.2118,8.4654],[136.4061,-2.2119,3.1457],[136.4026,-2.2155,4.829],[136.3936,-2.219,2.3252],[136.3898,-2.2254,1.1384],[136.3823,-2.233,16.4823],[136.3732,-2.2366,2.1075],[136.3676,-2.2408,0.8533],[136.3642,-2.2464,2.1377],[136.3656,-2.2489,0.2836],[136.3585,-2.2563,14.7671],[136.3442,-2.2597,3.8795],[136.3446,-2.2622,8.4654],[136.3395,-2.2637,12.7876],[136.3392,-2.2703,23.2047],[136.3363,-2.2765,0.0],[136.3336,-2.2777,0.0],[136.3324,-2.2844,0.0],[136.3351,-2.2934,0.0727],[136.3371,-2.2951,6.2569],[136.338,-2.3079,0.0],[136.3397,-2.31,11.348],[136.3402,-2.3384,3.7161],[136.3415,-2.3413,6.2812],[136.3373,-2.3635,0.0],[136.3422,-2.3683,1.8613],[136.3423,-2.373,14.5346],[136.3338,-2.379,16.8936],[136.336,-2.3761,8.6005],[136.3374,-2.3758,10.6723],[136.3366,-2.3742,0.0],[136.3292,-2.3806,12.7821],[136.3264,-2.3871,3.3601],[136.3268,-2.3842,0.0],[136.3151,-2.3998,15.1749],[136.312,-2.4004,3.6648],[136.3127,-2.3995,2.2942],[136.3015,-2.4043,0.0],[136.2959,-2.4112,14.2691],[136.2972,-2.4173,4.6754],[136.2957,-2.4252,20.7778],[136.2857,-2.4488,4.1906],[136.2886,-2.4515,13.0641],[136.2812,-2.4599,1.7297],[136.2782,-2.4687,7.8494],[136.2796,-2.4709,8.8692],[136.2878,-2.4739,13.0447],[136.2921,-2.4846,0.0],[136.2904,-2.4858,2.2142],[136.2888,-2.4847,15.6879],[136.2829,-2.4775,0.0],[136.2809,-2.5077,0.0],[136.2669,-2.5463,9.3203],[136.2633,-2.5496,10.9311],[136.26,-2.5593,4.4523],[136.2541,-2.5619,0.0],[136.2424,-2.5852,19.0804],[136.2247,-2.6106,5.4404],[136.2244,-2.6135,11.3432],[136.2204,-2.6139,0.0],[136.2147,-2.6206,0.0],[136.2058,-2.6259,0.0],[136.1967,-2.6269,0.0],[136.1951,-2.6304,10.383],[136.1895,-2.6326,1.4249],[136.1875,-2.6372,1.2478],[136.1822,-2.6403,1.1143],[136.1768,-2.6363,0.0],[136.1733,-2.6367,1.9009],[136.1701,-2.6404,1.6437],[136.1577,-2.6436,0.0],[136.1461,-2.6505,5.3987],[136.1384,-2.6449,3.0043],[136.1351,-2.6457,0.0],[136.1326,-2.6506,0.0],[136.1247,-2.6585,0.0],[136.1269,-2.6612,0.75],[136.1122,-2.6675,3.7207],[136.0838,-2.6715,10.6661],[136.0672,-2.6722,1.7663],[136.0629,-2.6716,11.3098],[136.0582,-2.6682,4.6306],[136.0557,-2.6689,0.0],[136.0569,-2.6724,0.0],[136.0554,-2.6786,5.295],[136.0524,-2.6803,6.042],[136.0504,-2.6783,1.4014],[136.0511,-2.68,6.042],[136.0462,-2.6845,0.0],[136.0463,-2.6874,0.0],[136.0378,-2.6953,6.491],[136.027,-2.6913,9.3278],[136.0206,-2.6914,4.9824],[136.0179,-2.6928,1.2762],[136.0163,-2.6991,9.5922],[136.0177,-2.7,23.514],[136.0154,-2.7002,4.1931],[136.0103,-2.7052,0.0],[136.0091,-2.7085,0.0],[136.0135,-2.717,0.0],[135.9939,-2.7405,0.0],[135.9918,-2.7457,3.4836],[135.9827,-2.7506,0.0],[135.9763,-2.7591,0.0],[135.9747,-2.765,0.0],[135.9664,-2.7645,0.0],[135.9545,-2.7781,12.3597],[135.9485,-2.7789,1.0312],[135.946,-2.7824,4.6291],[135.9461,-2.7858,6.1403],[135.9538,-2.7892,10.8503],[135.9613,-2.7971,16.0045],[135.9552,-2.7986,2.8226],[135.9536,-2.8045,0.0],[135.9552,-2.8087,4.5483],[135.9463,-2.8254,5.1326],[135.9456,-2.8311,0.0],[135.9348,-2.8506,0.0],[135.9202,-2.8649,10.1403],[135.9058,-2.8682,0.3406],[135.9052,-2.8703,3.5717],[135.9102,-2.8785,5.5051],[135.9106,-2.8945,4.9482],[135.9131,-2.8971,8.0162],[135.9166,-2.8963,7.5663],[135.9204,-2.8884,5.3556],[135.9253,-2.8839,0.0],[135.9315,-2.8892,11.4187],[135.9328,-2.9026,0.0],[135.9349,-2.9047,0.0],[135.9317,-2.9141,2.0355],[135.935,-2.9165,0.0],[135.9353,-2.9219,0.0],[135.9341,-2.9244,0.0],[135.9313,-2.9245,0.0],[135.9317,-2.9379,0.0],[135.9293,-2.9393,0.0],[135.9292,-2.943,3.5339],[135.9248,-2.9509,0.0],[135.9248,-2.9576,0.0],[135.9216,-2.9645,12.2679],[135.9205,-2.9631,7.9398],[135.9149,-2.9691,20.6666],[135.916,-2.9655,6.2651],[135.9133,-2.9641,5.1364],[135.9109,-2.9751,19.2653],[135.9052,-2.978,11.6288],[135.9015,-2.9764,15.0422],[135.9005,-2.9777,12.9919],[135.8977,-2.976,9.1082],[135.8975,-2.9743,0.7337],[135.8943,-2.9765,15.6402],[135.8929,-2.9745,0.0],[135.8921,-2.9803,9.2249],[135.8936,-2.9825,14.4397],[135.8938,-2.9893,3.9261],[135.8925,-2.9898,3.6944],[135.8812,-2.985,0.0],[135.882,-2.9873,8.8916],[135.8795,-2.9863,0.25],[135.8795,-2.9917,11.9096],[135.8786,-2.9921,11.9096],[135.8767,-2.9912,11.9023],[135.8744,-2.9936,7.3161],[135.8692,-2.9898,8.8052],[135.867,-2.9913,9.8433],[135.868,-2.9933,14.7285],[135.8633,-2.9926,0.0],[135.8658,-2.998,13.8904],[135.8624,-3.0012,2.5778],[135.8563,-3.0039,0.125],[135.8505,-3.0042,0.0],[135.8484,-3.0062,2.6463],[135.8445,-3.0047,0.0],[135.8436,-3.0064,10.2973],[135.8387,-3.0078,0.0],[135.8362,-3.012,8.2446],[135.8268,-3.0136,3.5437],[135.823,-3.023,5.84],[135.8228,-3.0279,0.0],[135.8184,-3.0314,2.752],[135.8194,-3.0344,0.0],[135.8174,-3.0389,2.5344],[135.796,-3.0522,11.5588],[135.7836,-3.0566,3.1822],[135.7818,-3.0586,4.2275],[135.7805,-3.0564,3.0984],[135.7783,-3.0606,4.4018],[135.774,-3.0614,6.3269],[135.7696,-3.0564,3.3477],[135.7672,-3.0567,5.3673],[135.7651,-3.0595,3.8907],[135.7644,-3.058,14.2552],[135.7675,-3.055,1.12],[135.7669,-3.0524,0.0],[135.7575,-3.05,5.3866],[135.7495,-3.0535,0.6919],[135.7335,-3.0647,0.0],[135.7282,-3.0713,5.2102],[135.7297,-3.0749,0.0],[135.7395,-3.0764,0.0],[135.7437,-3.0804,0.0],[135.7598,-3.0835,8.1104],[135.7678,-3.0878,6.9219],[135.7644,-3.0903,0.0],[135.7654,-3.097,3.0246],[135.7596,-3.1004,7.7963],[135.7566,-3.1103,4.5612],[135.7461,-3.1198,6.6872],[135.7184,-3.1274,0.0],[135.7056,-3.1419,0.0],[135.702,-3.1488,3.1315],[135.6953,-3.1529,0.0],[135.6897,-3.1533,7.7175],[135.684,-3.1573,2.1161],[135.6729,-3.1582,12.9506],[135.6682,-3.1607,4.8876],[135.6592,-3.1625,0.0],[135.656,-3.1656,26.8383],[135.6485,-3.1686,17.1705],[135.6454,-3.1678,10.4413],[135.6441,-3.1632,5.0231],[135.642,-3.1623,3.7952],[135.6362,-3.1681,26.7884],[135.627,-3.1714,10.0793],[135.6194,-3.1789,10.3377],[135.6117,-3.1802,8.9187],[135.6018,-3.193,10.6638],[135.5963,-3.1944,3.7872],[135.5937,-3.1997,6.2183],[135.5898,-3.2032,0.0],[135.5857,-3.2126,0.0],[135.5865,-3.2133,7.1232],[135.584,-3.2143,4.4182],[135.5805,-3.2276,0.0],[135.5827,-3.2302,0.0],[135.5836,-3.2356,0.0],[135.5819,-3.2378,0.5936],[135.5762,-3.2388,2.116],[135.5744,-3.234,1.1767],[135.5727,-3.2342,0.0],[135.5694,-3.2407,6.7274],[135.5565,-3.2573,0.0],[135.5543,-3.2632,0.0],[135.561,-3.2656,3.0063],[135.5656,-3.2648,3.3354],[135.5661,-3.2687,0.0],[135.5623,-3.2766,0.0],[135.5632,-3.2792,4.4284],[135.562,-3.2781,1.6217],[135.5604,-3.2849,0.0],[135.5611,-3.2903,10.4102],[135.558,-3.3005,4.8474],[135.5499,-3.3076,1.4386],[135.5399,-3.3127,0.0],[135.5393,-3.3174,0.0],[135.5352,-3.3239,2.7224],[135.5104,-3.3453,1.8724],[135.504,-3.3561,0.0],[135.4897,-3.3627,1.2252],[135.4902,-3.3659,5.7908],[135.4883,-3.3631,1.9047],[135.4721,-3.3726,0.0],[135.4525,-3.3766,0.75],[135.4516,-3.3776,5.705],[135.4549,-3.3777,2.6465],[135.4504,-3.3787,5.2217],[135.4512,-3.3762,0.0],[135.4207,-3.3658,0.0],[135.4159,-3.368,2.57],[135.4128,-3.3675,0.0],[135.3865,-3.3807,2.7068],[135.3594,-3.3857,2.5036],[135.3482,-3.3893,1.1658],[135.3436,-3.3948,0.9778],[135.3358,-3.3961,1.3448],[135.3287,-3.3954,6.706],[135.3252,-3.3932,5.16],[135.3254,-3.3903,0.4517],[135.3115,-3.3866,2.5019],[135.2906,-3.3846,11.4108],[135.2852,-3.3857,19.9377],[135.2852,-3.3844,1.4394],[135.2396,-3.3758,5.1311],[135.2176,-3.3771,1.6362],[135.2113,-3.3802,5.3837],[135.2042,-3.3813,8.7518],[135.174,-3.3753,3.6242],[135.1664,-3.3708,0.0],[135.1511,-3.3708,0.0],[135.1317,-3.3806,0.4077],[135.1254,-3.3791,0.2554],[135.1226,-3.3808,0.0],[135.1128,-3.3818,9.9609],[135.1071,-3.3761,1.1307],[135.1035,-3.3766,14.0494],[135.1003,-3.3732,7.2337],[135.0981,-3.3731,11.9766],[135.0975,-3.3595,1.2814],[135.0957,-3.3591,1.5471],[135.0911,-3.3524,11.2861],[135.09,-3.348,2.7659],[135.0698,-3.3346,6.6257],[135.059,-3.3354,7.5275],[135.0528,-3.3301,1.669],[135.0484,-3.3294,0.0],[135.045,-3.3331,12.4371],[135.0412,-3.3322,2.1868],[135.0343,-3.3363,15.1304],[135.0327,-3.3359,1.5684],[135.0322,-3.3375,5.8],[135.0224,-3.3402,12.5666],[135.0105,-3.3391,7.5683],[135.001,-3.3364,15.8968],[134.9852,-3.3283,9.0424],[134.9805,-3.3216,6.6351],[134.9723,-3.3159,10.7849],[134.9679,-3.3096,14.0093],[134.9637,-3.3068,8.6333],[134.9595,-3.2966,13.7372],[134.9542,-3.2944,0.0],[134.9501,-3.288,4.3307],[134.9452,-3.2843,5.8907],[134.9453,-3.277,4.2299],[134.9494,-3.2716,15.422],[134.9518,-3.2723,0.0],[134.9532,-3.271,0.0],[134.9496,-3.2643,27.1424],[134.9517,-3.2572,13.971],[134.955,-3.254,4.7045],[134.9524,-3.248,0.0],[134.9569,-3.246,5.7504],[134.9634,-3.2476,23.6057],[134.963,-3.2411,11.4484],[134.9649,-3.2325,0.0],[134.9603,-3.2252,2.4364],[134.9515,-3.2214,5.0991],[134.9497,-3.2233,0.0],[134.9529,-3.2257,49.9871],[134.9568,-3.2352,18.3931],[134.958,-3.242,0.0],[134.9556,-3.2449,12.1457],[134.9471,-3.2474,0.0],[134.9399,-3.2458,0.0],[134.9342,-3.241,2.6424],[134.9261,-3.2374,0.0],[134.9235,-3.2423,3.1609],[134.9168,-3.2442,0.0],[134.9172,-3.2478,67.243],[134.9274,-3.2557,17.8739],[134.9297,-3.2603,5.3307],[134.9386,-3.2698,4.8208],[134.9345,-3.2717,5.957],[134.9286,-3.2698,7.1367],[134.9247,-3.2637,3.0242],[134.9194,-3.262,3.177],[134.9156,-3.2626,2.6001],[134.9155,-3.261,0.347],[134.9111,-3.2608,0.8045],[134.9077,-3.2588,0.0],[134.8877,-3.2588,12.8635],[134.8785,-3.2503,22.6814],[134.8775,-3.2466,21.4148],[134.8709,-3.2516,15.4994],[134.8638,-3.252,7.2691],[134.8608,-3.2499,23.4877],[134.8624,-3.2446,5.6697],[134.8601,-3.2425,12.5573],[134.8607,-3.2357,41.4796],[134.8633,-3.2359,18.3594],[134.8637,-3.2307,20.6227],[134.8689,-3.2321,7.5221],[134.8705,-3.2282,4.6138],[134.8751,-3.2252,0.0],[134.8709,-3.2249,72.3346],[134.8696,-3.2232,73.1526],[134.8703,-3.2165,1.8468],[134.8748,-3.2159,0.0],[134.8725,-3.2062,0.0],[134.8679,-3.2033,8.6379],[134.8665,-3.2042,12.3281],[134.8653,-3.2075,0.0],[134.867,-3.2149,10.5802],[134.8662,-3.2167,17.9061],[134.8626,-3.2152,3.4564],[134.8634,-3.2188,0.0],[134.8613,-3.2272,6.4429],[134.8585,-3.2255,6.7274],[134.8554,-3.218,0.0],[134.8563,-3.2142,0.0],[134.8541,-3.2093,49.6033],[134.8553,-3.2079,0.0],[134.8511,-3.2065,56.6399],[134.8509,-3.2,16.0646],[134.8545,-3.1969,25.9311],[134.8545,-3.195,58.1895],[134.8508,-3.1951,38.182],[134.8487,-3.1925,27.7043],[134.8553,-3.1899,0.0],[134.8571,-3.1874,6.0721],[134.8633,-3.1857,5.657],[134.865,-3.1825,11.6112],[134.862,-3.1778,5.3848],[134.8657,-3.1672,0.0],[134.8622,-3.1588,6.5101],[134.8594,-3.1596,59.4303],[134.859,-3.1556,2.2002],[134.8558,-3.1526,0.0],[134.8539,-3.1533,10.647],[134.8549,-3.1512,6.0714],[134.8539,-3.1501,6.0714],[134.8375,-3.1396,12.8422],[134.838,-3.1362,3.575],[134.8316,-3.1251,0.9465],[134.8282,-3.1247,0.0],[134.8238,-3.1347,22.1118],[134.8171,-3.1342,0.0],[134.8128,-3.136,7.6562],[134.8108,-3.1329,0.0],[134.8037,-3.1361,17.0345],[134.8,-3.1314,8.1215],[134.8037,-3.1237,16.2775],[134.8079,-3.1243,23.1315],[134.8151,-3.1194,0.0],[134.8079,-3.1189,50.9641],[134.8119,-3.1075,12.3722],[134.8098,-3.1038,29.8545],[134.8138,-3.103,6.0637],[134.8157,-3.1051,9.2849],[134.8183,-3.1052,0.0],[134.8161,-3.1003,1.7867],[134.8143,-3.101,1.7867],[134.8122,-3.0977,0.0],[134.8134,-3.0949,0.0],[134.8111,-3.091,36.9513],[134.813,-3.0818,1.1123],[134.8154,-3.0803,4.9113],[134.8198,-3.0812,26.4449],[134.825,-3.086,14.3383],[134.8287,-3.0935,2.6988],[134.8279,-3.088,22.8825],[134.8208,-3.0789,0.0],[134.8216,-3.0758,0.0],[134.8181,-3.0703,82.7139],[134.8189,-3.0672,5.4987],[134.8147,-3.0688,16.6278],[134.8103,-3.0629,13.0746],[134.8142,-3.0605,0.0],[134.811,-3.0556,12.1642],[134.8138,-3.0529,31.2182],[134.8163,-3.0539,0.0],[134.8176,-3.0508,24.4895],[134.8111,-3.0384,13.6158],[134.8128,-3.0362,0.0],[134.8129,-3.0222,0.0],[134.8171,-3.0179,28.4689],[134.8196,-3.0178,35.6702],[134.8181,-3.0152,28.4602],[134.8191,-3.012,6.3513],[134.8271,-3.0142,6.625],[134.8305,-3.0123,13.6472],[134.8308,-3.0089,0.0],[134.8339,-3.0063,5.2567],[134.8413,-3.0064,0.0],[134.8472,-3.0012,41.4315],[134.8518,-3.0026,32.8832],[134.8529,-3.0016,32.8832],[134.8501,-2.9948,22.2903],[134.8496,-2.9885,3.6523],[134.8448,-2.9871,96.133],[134.8406,-2.9817,81.0508],[134.841,-2.9785,0.0],[134.8315,-2.9683,7.5867],[134.8332,-2.9597,0.0],[134.8371,-2.958,0.0],[134.8402,-2.9589,5.0525],[134.8449,-2.9554,28.6633],[134.8473,-2.9565,0.0],[134.8497,-2.9539,0.0],[134.8469,-2.9502,129.1989],[134.8477,-2.9474,0.0],[134.8437,-2.9451,23.569],[134.8416,-2.9407,0.0],[134.8422,-2.9376,37.8213],[134.8458,-2.9346,0.0],[134.8479,-2.9297,0.0],[134.8453,-2.9215,8.8449],[134.8488,-2.9149,19.2902],[134.8522,-2.9163,0.0],[134.8484,-2.9124,5.8238],[134.8462,-2.8988,79.4241],[134.8473,-2.8919,0.0],[134.853,-2.8863,49.6767],[134.852,-2.8855,5.7587],[134.8447,-2.8896,0.0],[134.8443,-2.8933,2.816],[134.8412,-2.8938,5.5531],[134.8342,-2.8863,63.9163],[134.8305,-2.8778,0.0],[134.8295,-2.8806,18.8378],[134.8263,-2.8822,9.3975],[134.8269,-2.8881,90.6212],[134.8248,-2.8921,76.9267],[134.8254,-2.8972,63.9269],[134.8242,-2.9001,18.7594],[134.8259,-2.9055,25.0818],[134.8302,-2.9051,3.3888],[134.832,-2.9064,2.2687],[134.8331,-2.9104,8.8782],[134.8317,-2.9131,24.9013],[134.8239,-2.9179,0.0],[134.8181,-2.9142,0.0],[134.8045,-2.9113,38.7631],[134.8069,-2.9148,30.1516],[134.8067,-2.9218,40.5378],[134.806,-2.9275,47.7483],[134.8037,-2.9317,0.0],[134.8198,-2.935,5.9493],[134.8208,-2.9361,59.5756],[134.8186,-2.9398,13.8896],[134.8106,-2.9427,0.0],[134.8065,-2.9419,0.0],[134.8026,-2.949,2.5409],[134.7977,-2.9509,29.8035],[134.7912,-2.9439,0.0],[134.7895,-2.9452,35.4165],[134.7868,-2.9441,0.0],[134.7865,-2.9408,0.0],[134.7826,-2.9441,0.0],[134.7775,-2.9409,0.0],[134.7754,-2.9508,33.8614],[134.7787,-2.9662,28.4462],[134.777,-2.9746,0.0],[134.7781,-2.9825,17.51],[134.7768,-2.986,0.0],[134.7691,-2.9907,4.7498],[134.7582,-2.9929,0.0],[134.7511,-2.9928,0.0],[134.7453,-2.9893,0.0],[134.7397,-2.9904,5.3428],[134.7347,-2.9834,0.0],[134.7297,-2.9804,1.0552],[134.7006,-2.9744,0.0],[134.6896,-2.9676,0.0],[134.6885,-2.9642,0.0],[134.694,-2.9536,0.0],[134.6946,-2.9451,-0.2267],[134.6915,-2.9341,0.0],[134.6807,-2.9264,-0.0009],[134.6769,-2.9205,0.0],[134.6801,-2.9107,0.0],[134.691,-2.9076,0.0],[134.6912,-2.8962,0.0],[134.6822,-2.8874,0.0],[134.6779,-2.8783,0.3793],[134.6685,-2.8659,0.0],[134.6658,-2.8583,0.0],[134.6665,-2.8556,0.0],[134.6614,-2.8248,10.9762],[134.6622,-2.8155,0.0],[134.6674,-2.8129,0.0],[134.6701,-2.8068,0.0],[134.6653,-2.7913,0.0],[134.6651,-2.7841,0.0],[134.6579,-2.775,0.0],[134.657,-2.7711,0.0],[134.6618,-2.757,-0.028],[134.6586,-2.7427,0.0],[134.6601,-2.7204,0.0],[134.6569,-2.7004,0.0],[134.6601,-2.6945,0.0],[134.6557,-2.6766,0.0],[134.6581,-2.6681,0.0],[134.6566,-2.6643,0.0],[134.6572,-2.6576,0.0],[134.6581,-2.6537,0.0],[134.6607,-2.6514,0.0],[134.6589,-2.6329,0.0],[134.6628,-2.6244,0.0],[134.661,-2.6206,0.0],[134.6628,-2.6132,0.0],[134.6584,-2.6053,0.0],[134.6604,-2.5956,0.0],[134.6589,-2.5889,0.0],[134.6569,-2.5871,0.0],[134.6572,-2.5777,0.0],[134.6539,-2.5742,0.0],[134.6522,-2.534,0.0],[134.6501,-2.5287,0.0],[134.6478,-2.5272,0.0],[134.6463,-2.5193,0.0],[134.6428,-2.5164,4.8894],[134.6425,-2.5049,0.0],[134.632,-2.4974,0.0],[134.6301,-2.4937,0.0],[134.6301,-2.4864,0.0],[134.6352,-2.4846,0.0],[134.6338,-2.48,0.0],[134.6297,-2.4777,76.4075],[134.6223,-2.4795,0.0],[134.6228,-2.485,179.1702],[134.6209,-2.4878,135.3365],[134.6145,-2.4891,0.0],[134.5985,-2.4864,1.4754],[134.6244,-2.6997,716.3862],[134.6309,-2.7416,278.91],[134.6298,-2.7416,278.91],[134.7035,-3.3455,999.0455],[134.7259,-3.3638,1184.5703],[134.7268,-3.4086,659.4913],[134.6359,-3.5426,254.3102],[134.7483,-3.5797,481.7455],[134.8887,-3.631,56.3585],[134.9837,-3.6562,88.6343],[135.0445,-3.6754,177.1767],[135.1173,-3.7031,137.8038],[135.1636,-3.7268,300.914],[135.258,-3.7519,1408.8274],[135.1771,-3.8515,1013.6964],[135.1141,-3.9417,45.239],[135.0668,-4.016,38.7271],[135.0263,-4.0753,33.6788],[135.0021,-4.1058,85.504],[134.9794,-4.1302,86.4789],[134.9232,-4.1831,218.4502],[134.8899,-4.2215,814.3367],[134.8748,-4.2467,82.2742],[134.8699,-4.2518,2.3217],[134.8857,-4.2518,17.997],[134.8974,-4.257,0.0],[134.9043,-4.2634,4.6732],[134.9117,-4.2666,13.0646],[134.9257,-4.2808,2.8318],[134.9326,-4.2912,2.1663],[134.932,-4.2962,0.0],[134.9283,-4.2984,0.0],[134.9302,-4.3032,0.0],[134.9387,-4.3116,0.0],[134.9552,-4.3231,0.0],[134.9625,-4.327,0.8415],[134.9818,-4.333,0.0],[135.0117,-4.3504,0.0],[135.0184,-4.3477,0.0],[135.0147,-4.3411,0.5],[135.018,-4.344,7.1853],[135.022,-4.3447,5.1478],[135.0214,-4.3541,0.0],[135.0331,-4.3626,12.2458],[135.0368,-4.3672,7.6758],[135.0369,-4.3718,11.044],[135.0405,-4.3755,7.5657],[135.0552,-4.3779,1.994],[135.0586,-4.3768,1.069],[135.0595,-4.3731,11.8875],[135.0646,-4.3737,17.8615],[135.0658,-4.3762,3.6231],[135.07,-4.3769,9.237],[135.0728,-4.3872,0.0],[135.0715,-4.3892,9.3243],[135.07,-4.386,1.7429],[135.0674,-4.385,6.463],[135.069,-4.3825,5.1151],[135.068,-4.3818,5.1151],[135.0647,-4.3843,3.7615],[135.06,-4.384,0.0],[135.0627,-4.3874,1.8442],[135.0848,-4.4001,0.0],[135.0791,-4.3957,6.6456],[135.0806,-4.3958,6.348],[135.0909,-4.4024,4.21],[135.0945,-4.4018,13.7541],[135.0924,-4.4031,15.753],[135.088,-4.4021,9.1887],[135.097,-4.4087,0.0],[135.112,-4.4084,1.4278],[135.1288,-4.4213,0.0],[135.1373,-4.4231,2.9232],[135.1376,-4.4252,0.5898],[135.189,-4.4535,9.3379],[135.1988,-4.4632,0.0],[135.2035,-4.4623,0.0],[135.2037,-4.4579,2.1845],[135.2066,-4.4603,0.0],[135.205,-4.4644,0.0],[135.2075,-4.4657,4.2367],[135.2257,-4.4627,6.8132],[135.2902,-4.4447,0.0],[135.3262,-4.4423,8.9072],[135.3386,-4.445,1.2849],[135.343,-4.4422,0.0],[135.3465,-4.4372,2.421],[135.356,-4.4394,3.2934],[135.383,-4.4361,6.674],[135.4053,-4.436,0.0],[135.4067,-4.4335,0.0],[135.4091,-4.433,0.0],[135.4158,-4.4362,2.4472],[135.4424,-4.4369,1.2401],[135.506,-4.4452,3.5771],[135.5466,-4.4541,8.1006],[135.5804,-4.4636,0.0],[135.5955,-4.4725,1.447],[135.6283,-4.4764,0.0],[135.6293,-4.4754,3.1449],[135.6348,-4.4781,0.0],[135.6625,-4.4818,0.0],[135.6599,-4.4808,0.0],[135.6603,-4.4781,7.4857],[135.6606,-4.4801,0.0],[135.6631,-4.4804,2.3906],[135.6646,-4.4824,6.5477],[135.7005,-4.4893,4.5599],[135.7108,-4.4957,1.0851],[135.7123,-4.4938,4.3831],[135.7178,-4.4936,1.9113],[135.7185,-4.4973,1.9013],[135.7378,-4.4952,0.0],[135.7467,-4.4879,5.2677],[135.7542,-4.4897,0.0],[135.7814,-4.487,0.0],[135.789,-4.484,6.3001],[135.7955,-4.4852,0.0],[135.8432,-4.4837,0.0],[135.9048,-4.4869,0.6598],[135.9236,-4.4914,0.0],[135.948,-4.5059,16.2376],[135.9604,-4.5286,8.5537],[135.9675,-4.53,0.0],[135.9652,-4.5276,3.0446],[135.967,-4.5264,0.0],[135.9712,-4.5283,0.0],[135.9742,-4.5324,2.0563],[135.9824,-4.5371,0.0],[135.9873,-4.5451,2.3776],[136.0131,-4.5571,1.0191],[136.0258,-4.5665,0.0],[136.0373,-4.5781,0.0],[136.0452,-4.5796,0.0],[136.0478,-4.5811,0.0],[136.0495,-4.5849,3.3593],[136.0563,-4.5885,2.1367],[136.0703,-4.5884,0.0],[136.0827,-4.5961,7.7455],[136.0936,-4.5995,25.577],[136.096,-4.6063,0.0],[136.1003,-4.6121,0.0],[136.1114,-4.6213,1.283],[136.1146,-4.6215,2.2036],[136.1203,-4.619,0.0],[136.1291,-4.6206,0.0],[136.1332,-4.6227,3.3994],[136.1417,-4.6318,0.0],[136.158,-4.6329,19.31],[136.1909,-4.6452,14.7814],[136.2006,-4.6516,0.0],[136.2083,-4.659,0.0],[136.2086,-4.655,0.0],[136.2106,-4.6528,2.1433],[136.2128,-4.653,0.0],[136.2134,-4.6508,5.9847],[136.2216,-4.6512,17.6124],[136.2276,-4.6538,0.0],[136.2289,-4.6605,0.0],[136.2315,-4.6624,0.0],[136.2539,-4.6646,0.0],[136.253,-4.6626,0.0],[136.2576,-4.6626,0.4797],[136.2603,-4.6653,1.81],[136.2702,-4.6657,8.7735],[136.2762,-4.6682,0.0],[136.2854,-4.6676,0.0],[136.2949,-4.6737,3.6472],[136.3049,-4.6618,1.6939],[136.3111,-4.6588,7.9586],[136.3215,-4.6636,0.0],[136.3236,-4.6662,1.9717],[136.3379,-4.6689,4.3612],[136.3544,-4.6744,0.0],[136.3903,-4.694,9.8022],[136.3963,-4.7009,3.368],[136.4034,-4.7014,0.0],[136.4111,-4.7058,0.0],[136.4223,-4.719,1.4892],[136.4271,-4.7216,0.0],[136.437,-4.7316,0.3795],[136.4397,-4.733,2.6248],[136.4443,-4.7323,6.4399],[136.444,-4.7392,3.3418],[136.4482,-4.7399,0.0],[136.4517,-4.7353,5.5109],[136.4578,-4.7347,0.9285],[136.4632,-4.7364,0.8266],[136.465,-4.7397,0.6882],[136.4711,-4.7416,0.0],[136.482,-4.7427,4.0236],[136.4874,-4.7391,9.2074],[136.4876,-4.7442,5.4766],[136.496,-4.7479,0.0],[136.4959,-4.751,0.0],[136.512,-4.7624,0.8934],[136.5181,-4.7709,0.0],[136.5217,-4.7718,0.0],[136.5286,-4.7705,1.5449],[136.5343,-4.7727,8.4816],[136.5362,-4.7767,1.6055],[136.5323,-4.7823,5.2551],[136.5407,-4.7879,9.6665],[136.546,-4.7904,2.3274],[136.5502,-4.7886,5.0713],[136.5635,-4.7917,0.0],[136.5689,-4.7983,0.0],[136.595,-4.8098,0.0],[136.5981,-4.8095,7.0166],[136.633,-4.8268,1.4072],[136.6431,-4.8332,0.0],[136.6553,-4.8346,0.9292],[136.6667,-4.8387,11.5212],[136.6736,-4.8422,12.8684],[136.678,-4.8466,0.3329],[136.6896,-4.8451,0.0],[136.6911,-4.8423,2.3069],[136.6961,-4.8408,7.4622],[136.7047,-4.8495,6.797],[136.7059,-4.8479,6.6678],[136.7088,-4.8513,1.4345],[136.7201,-4.856,15.4532],[136.7348,-4.8694,14.8288],[136.7422,-4.8721,7.2438],[136.752,-4.8728,7.649],[136.7538,-4.8696,2.3205],[136.7543,-4.8638,5.6344],[136.7624,-4.8612,0.0],[136.7692,-4.8629,17.0082],[136.7724,-4.8667,0.0],[136.7782,-4.8692,1.5322],[136.7852,-4.8635,1.5535],[136.7884,-4.8645,0.0],[136.7919,-4.8677,0.0],[136.7932,-4.8765,0.0],[136.7896,-4.8829,1.3074],[136.7902,-4.8879,0.0],[136.7933,-4.8885,0.0],[136.7977,-4.8938,3.7117],[136.8057,-4.8966,4.694],[136.8202,-4.9065,4.4566],[136.8282,-4.9093,10.236],[136.8274,-4.9112,1.3276],[136.8303,-4.9134,1.8429],[136.8342,-4.9121,5.2447],[136.8358,-4.9095,8.538],[136.8342,-4.9083,11.1713],[136.8372,-4.9085,4.3167],[136.8388,-4.9068,9.3894],[136.8381,-4.9057,17.4903],[136.8443,-4.9068,4.7628],[136.8522,-4.9024,11.4826],[136.8611,-4.9009,13.7908],[136.8627,-4.8983,0.0],[136.868,-4.8993,3.9902],[136.8763,-4.8901,2.644],[136.8839,-4.89,3.5892],[136.8917,-4.8868,1.5302],[136.9054,-4.8742,7.797],[136.9092,-4.8729,16.0769],[136.9109,-4.874,1.5436],[136.9141,-4.8716,7.0],[136.917,-4.8685,24.2034],[136.9179,-4.8593,18.0849],[136.9233,-4.856,17.9659],[136.9253,-4.8564,0.9456],[136.9301,-4.8679,1.9252],[136.9295,-4.8766,0.0],[136.924,-4.892,0.0],[136.9247,-4.8964,0.0],[136.9335,-4.9044,1.8821],[136.9464,-4.9101,25.6599],[136.964,-4.9234,0.0],[136.9671,-4.9232,10.7166],[136.9672,-4.9289,2.944],[136.9762,-4.939,1.4899],[136.9795,-4.9383,0.0],[136.9844,-4.9322,8.8911],[136.994,-4.9356,14.111],[137.0046,-4.9369,3.4358],[137.0136,-4.9327,15.0612],[137.0249,-4.9231,0.0],[137.034,-4.9213,0.0],[137.0423,-4.9241,7.8185],[137.0471,-4.9209,22.9534],[137.0585,-4.9185,6.0893],[137.0626,-4.9218,0.0],[137.065,-4.929,0.0],[137.0582,-4.9368,7.8586],[137.0578,-4.9392,11.6647],[137.0919,-4.9737,0.0],[137.1082,-4.9742,8.3951],[137.1124,-4.9673,0.0],[137.1116,-4.9626,13.6471],[137.1157,-4.9608,0.0],[137.1228,-4.962,0.0],[137.1276,-4.9681,0.0],[137.1509,-4.9745,0.0],[137.1558,-4.9834,0.0],[137.1706,-4.9967,0.0],[137.1742,-5.0048,0.0],[137.1798,-5.0077,1.1517],[137.185,-5.008,0.0],[137.185,-5.0032,4.2336],[137.1866,-5.0015,6.4146],[137.1849,-4.999,2.135],[137.1997,-4.9969,0.8575],[137.2035,-4.9933,2.0752],[137.2105,-4.982,7.4824],[137.2154,-4.9808,0.0],[137.2289,-4.9844,0.0],[137.2355,-4.9892,0.0],[137.2551,-5.009,1.3765],[137.2815,-5.0238,8.0051],[137.2875,-5.0236,0.0],[137.288,-5.0171,0.0],[137.2913,-5.0127,0.0],[137.2973,-5.0116,0.0],[137.3065,-5.0128,13.3253],[137.3286,-5.0298,0.0],[137.3372,-5.0451,0.0],[137.3375,-5.0516,0.0],[137.3403,-5.0579,3.8327],[137.362,-5.0786,0.4388],[137.3652,-5.0849,0.0],[137.3843,-5.0972,0.2504],[137.3954,-5.1081,0.0],[137.4086,-5.1089,4.4181],[137.4126,-5.1106,0.0],[137.4186,-5.1247,0.0],[137.4211,-5.1252,0.0],[137.4326,-5.1176,6.9185],[137.4388,-5.0986,7.4334],[137.444,-5.0973,0.0],[137.4485,-5.0985,1.4],[137.4603,-5.1097,0.0],[137.474,-5.1157,0.6959],[137.4768,-5.1238,1.9123],[137.4864,-5.1348,0.0],[137.4895,-5.136,6.5433],[137.4971,-5.1458,4.1774],[137.5144,-5.1418,0.0],[137.5212,-5.1338,14.069],[137.5331,-5.1343,0.0],[137.5532,-5.1428,19.5955],[137.5563,-5.156,0.0],[137.5504,-5.169,0.0],[137.5653,-5.1816,2.1268],[137.5773,-5.1869,0.0],[137.5808,-5.1852,4.8261],[137.5846,-5.1893,1.1251],[137.6024,-5.1968,0.0],[137.6146,-5.1981,2.6783],[137.6196,-5.2029,7.3854],[137.6391,-5.2144,2.767],[137.6439,-5.2147,0.0],[137.653,-5.2078,16.4041],[137.6671,-5.2149,0.0],[137.683,-5.2199,0.0],[137.684,-5.2254,3.8271],[137.6814,-5.2383,1.6921],[137.6892,-5.2438,9.5616],[137.7164,-5.2747,0.0],[137.7227,-5.2786,4.0323],[137.7323,-5.2806,20.8146],[137.741,-5.2906,0.0],[137.7434,-5.2974,0.0],[137.7437,-5.3048,0.0],[137.7419,-5.3087,0.0],[137.7274,-5.3261,0.0],[137.7211,-5.3471,0.0],[137.7211,-5.3535,0.0],[137.7248,-5.3609,0.8064],[137.7307,-5.3692,0.0],[137.736,-5.3727,2.2606],[137.7444,-5.3744,1.3655],[137.762,-5.361,0.0],[137.7684,-5.3594,0.0],[137.7749,-5.3645,0.0],[137.7811,-5.3668,0.0],[137.7876,-5.3683,3.0023],[137.7914,-5.3675,14.9995],[137.7913,-5.3687,0.0],[137.7961,-5.37,6.3922],[137.7985,-5.3743,3.2215],[137.8007,-5.3735,8.5912],[137.8027,-5.3783,12.5622],[137.8098,-5.3796,4.9848],[137.817,-5.3763,9.6482],[137.8257,-5.3757,8.9217],[137.8325,-5.3728,5.9607],[137.8392,-5.3746,1.6986],[137.8503,-5.3684,0.5526],[137.8549,-5.3606,5.2685],[137.8621,-5.3582,0.0],[137.8739,-5.3571,0.0],[137.8785,-5.3662,1.0224],[137.8916,-5.3699,0.0],[137.8921,-5.3755,0.0],[137.894,-5.3769,0.6343],[137.8947,-5.381,0.0],[137.9012,-5.3894,11.2148],[137.9193,-5.4079,14.8002],[137.9258,-5.4111,23.8414],[137.9348,-5.4247,2.1658],[137.9507,-5.4438,4.7456],[137.9612,-5.4524,12.2489],[137.9715,-5.4642,5.0066],[137.9738,-5.4647,6.1209],[137.9818,-5.4757999999999996,9.0301],[138.0069,-5.4981,14.89],[138.0122,-5.5017,13.9271],[138.0184,-5.5035,15.7204],[138.0269,-5.5044,22.4829],[138.039,-5.5019,0.0],[138.0472,-5.503,0.0],[138.0545,-5.5081,0.0],[138.0612,-5.5165,5.7684],[138.0759,-5.5205,8.8892],[138.0842,-5.5253,0.0],[138.0841,-5.531,14.533],[138.0737,-5.5529,0.0],[138.0634,-5.5576,2.1915],[138.0587,-5.5642,5.3235],[138.0535,-5.578,9.7079],[138.0514,-5.5767,7.8654],[138.0482,-5.5922,11.6944],[138.0502,-5.5941,9.1814],[138.0466,-5.5962,0.0],[138.0431,-5.6161,1.7002],[138.0466,-5.6345,0.0],[138.0452,-5.6365,0.0],[138.0481,-5.6445,3.8097],[138.0468,-5.6486,1.389],[138.0491,-5.6498,5.2252],[138.0487,-5.6518,0.0],[138.0499,-5.6515,3.9068],[138.0498,-5.6739,3.8731],[138.053,-5.6816,1.8387],[138.055,-5.6824,1.8387],[138.0537,-5.6868,0.0],[138.0576,-5.6962,10.3399],[138.0665,-5.7034,8.3787],[138.0641,-5.709,0.0],[138.0644,-5.7199,0.0],[138.0682,-5.728,0.0],[138.0727,-5.7313,0.0],[138.073,-5.7348,0.0],[138.091,-5.7462,3.4341],[138.0898,-5.7414,16.0745],[138.0926,-5.7367,8.8669],[138.0967,-5.7342,11.1396],[138.0958,-5.7331,14.0003],[138.1247,-5.7227,12.8696],[138.1263,-5.7237,12.3295],[138.1303,-5.7197,11.6156],[138.1408,-5.7187,10.2879],[138.1669,-5.7214,11.4979],[138.174,-5.7286,10.5019],[138.1755,-5.7426,0.0],[138.1594,-5.7536,1.0455],[138.1564,-5.7641,17.4151],[138.1564,-5.7756,18.0611],[138.1599,-5.7926,12.5134],[138.1619,-5.797,6.8906],[138.1637,-5.7974,16.3484],[138.1624,-5.798,16.8343],[138.1629,-5.8036,17.483],[138.1659,-5.8098,11.7225],[138.1746,-5.8193,13.5984],[138.1913,-5.8246,0.0],[138.2308,-5.8241,2.877],[138.2332,-5.826,9.9416],[138.2435,-5.8275,8.4646],[138.269,-5.8356,12.1847],[138.2781,-5.8414,10.3512],[138.2804,-5.8483,0.0],[138.2791,-5.859,0.0],[138.2766,-5.8619,0.0],[138.2585,-5.8651,0.0],[138.2521,-5.8756,4.08],[138.2503,-5.8928,0.0],[138.2506,-5.9079,14.456],[138.2515,-5.9137,10.1583],[138.2531,-5.9146,7.9465],[138.2529,-5.919,14.2674],[138.2556,-5.9242,8.3301],[138.266,-5.934,5.5521],[138.2671,-5.9333,10.701599999999999],[138.2676,-5.9356,12.1338],[138.2795,-5.9427,10.7332],[138.2812,-5.9496,2.3933],[138.2854,-5.954,4.6426],[138.292,-5.9674,9.2486],[138.2948,-5.9696,14.42],[138.3076,-5.9905,6.9524],[138.3106,-5.9931,5.9428],[138.3107,-5.9975,9.9644],[138.327,-6.0319,12.401],[138.3264,-6.0337,1.449],[138.3303,-6.0413,7.0541],[138.333,-6.0434,12.7123],[138.3331,-6.0459,12.8038],[138.3426,-6.0646,0.0],[138.3489,-6.0708,0.7231],[138.3482,-6.082,5.7566],[138.3521,-6.0955,9.3108],[138.366,-6.1205,8.7305],[138.3724,-6.1281,12.7013],[138.3828,-6.1468,6.3765],[138.3842,-6.1468,6.3765],[138.3836,-6.149,2.8354],[138.3881,-6.1576,2.5271],[138.3931,-6.163,9.4269],[138.3951,-6.1706,1.704],[138.3876,-6.176,0.0],[138.3842,-6.1822,0.0],[138.3833,-6.1989,3.5189],[138.3923,-6.2365,0.0],[138.3971,-6.2495,0.4964],[138.4017,-6.2558,0.1375],[138.4024,-6.2662,0.0],[138.4107,-6.2937,0.0],[138.4314,-6.3226,0.1283],[138.4205,-6.3398,1.9169],[138.4217,-6.3462,10.7535],[138.4282,-6.3572,11.281],[138.4319,-6.3623,8.1507],[138.4689,-6.3986,14.3775],[138.4753,-6.4042,3.2341],[138.4823,-6.4076,11.8343],[138.4833,-6.4098,0.6686],[138.486,-6.4096,6.5328],[138.4925,-6.4196,0.929],[138.4983,-6.4221,12.7825],[138.5061,-6.4305,8.7709],[138.5311,-6.4494,19.2162],[138.5681,-6.484,18.7637],[138.5759,-6.4884,8.5222],[138.5797,-6.4943,14.9253],[138.6063,-6.5219,11.3683],[138.6059,-6.5238,6.9377],[138.612,-6.5298,14.1997],[138.6113,-6.5308,14.1997],[138.6292,-6.555,6.1133],[138.6373,-6.5638,1.5108],[138.6503,-6.5748,0.0],[138.6629,-6.5743,0.0],[138.666,-6.5787,0.0],[138.6663,-6.5892,3.8056],[138.6721,-6.5936,1.4486],[138.6753,-6.6014,0.6802],[138.683,-6.6081,0.0],[138.6934,-6.6095,7.5639],[138.6953,-6.6128,0.0],[138.6961,-6.6231,0.0],[138.6947,-6.6263,1.1094],[138.6872,-6.6334,0.5113],[138.678,-6.6374,0.0],[138.6748,-6.6409,0.0],[138.6727,-6.6403,0.0],[138.6742,-6.6416,0.0],[138.6727,-6.643,0.0],[138.6727,-6.6469,0.0],[138.6703,-6.6487,0.0],[138.6697,-6.6528,0.0],[138.666,-6.6549,0.0],[138.6659,-6.6598,0.0],[138.6686,-6.6616,0.0],[138.6673,-6.6669,0.0],[138.671,-6.6715,5.7824],[138.6693,-6.6894,0.0],[138.6729,-6.7047,8.7569],[138.6723,-6.7195,0.0],[138.6735,-6.7243,7.2764],[138.6641,-6.7314,0.0],[138.6552,-6.7347,0.0],[138.6507,-6.7352,0.0],[138.6392,-6.7325,5.5771],[138.6364,-6.7297,0.0],[138.6276,-6.7313,0.0],[138.6273,-6.7327,0.0],[138.6254,-6.7319,0.0],[138.6211,-6.7366,1.8898],[138.6163,-6.7361,0.0],[138.6176,-6.7381,0.0],[138.614,-6.7426,0.0],[138.6121,-6.7493,0.0],[138.6106,-6.7497,0.0],[138.6106,-6.7554,0.0],[138.6139,-6.7679,0.0],[138.6235,-6.7857,3.9963],[138.6378,-6.8034,9.6864],[138.6478,-6.812,12.7535],[138.6616,-6.8184,0.3058],[138.6728,-6.8326,20.9628],[138.6675,-6.8449,0.3639],[138.6741,-6.8572,10.4957],[138.6766,-6.8672,7.4025],[138.6709,-6.8797,0.0],[138.6667,-6.883,0.0],[138.6519,-6.8869,0.0],[138.6401,-6.8836,7.9352],[138.6284,-6.8762,0.0],[138.6266,-6.8765,0.0],[138.6078,-6.8885,0.0],[138.6003,-6.8906,0.0],[138.5881,-6.8978,0.0],[138.5856,-6.8977,0.0],[138.5822,-6.9012,0.0],[138.5806,-6.9005,0.0],[138.5742,-6.9063,0.0],[138.5723,-6.9114,0.0],[138.5663,-6.9182,0.0],[138.5655,-6.922,0.0],[138.569,-6.9236,0.0],[138.5656,-6.9256,0.0],[138.5653,-6.9308,0.0],[138.5619,-6.9322,0.0],[138.5609,-6.9347,0.0],[138.5632,-6.9364,0.0],[138.5669,-6.9463,0.0],[138.5727,-6.9512,0.0],[138.5727,-6.9572,0.0],[138.5964,-6.9956,0.0],[138.6046,-7.0019,5.1213],[138.6061,-7.0047,0.0],[138.6102,-7.0063,0.0],[138.6094,-7.0071,0.0],[138.6123,-7.0098,0.0],[138.6151,-7.0106,5.1976],[138.6159,-7.0091,13.5106],[138.6162,-7.0128,0.0],[138.6341,-7.0196,9.4702],[138.6341,-7.0216,2.5933],[138.6374,-7.0235,10.7675],[138.6471,-7.027,9.0219],[138.6472,-7.0291,11.9387],[138.6546,-7.0345,13.7531],[138.6548,-7.0331,13.7531],[138.6616,-7.0377,5.019],[138.6653,-7.0378,13.1149],[138.6646,-7.0402,7.7574],[138.673,-7.0474,2.0181],[138.6785,-7.0484,1.1381],[138.6767,-7.0507,6.7791],[138.6837,-7.0547,13.1926],[138.6839,-7.0574,9.8082],[138.692,-7.0631,12.7335],[138.6919,-7.0653,8.844],[138.7175,-7.0819,1.3268],[138.7472,-7.1077,4.1775],[138.7647,-7.1194,2.8854],[138.7747,-7.1247,0.0],[138.7812,-7.1269,0.0],[138.7824,-7.1259,10.0984],[138.7828,-7.1272,0.0],[138.802,-7.1339,9.0137],[138.8415,-7.1524,6.1369],[138.8512,-7.1556,5.323],[138.8538,-7.1583,0.0],[138.8567,-7.1721,0.0],[138.8554,-7.1805,0.0],[138.843,-7.2,0.0],[138.8325,-7.2065,13.1171],[138.7928,-7.2082,10.4062],[138.7917,-7.2096,15.6295],[138.7903,-7.2082,12.0908],[138.7635,-7.2083,12.5465],[138.7629,-7.2097,9.4497],[138.7623,-7.2082,5.8576],[138.7131,-7.203,13.2568],[138.6774,-7.1956,4.043],[138.6731,-7.1979,3.6184],[138.6674,-7.2073,2.4749],[138.6679,-7.2164,0.0],[138.6714,-7.2187,3.8482],[138.6736,-7.2228,0.8978],[138.6904,-7.2327,6.5599],[138.7023,-7.2366,0.0],[138.7113,-7.2382,0.0],[138.7116,-7.2371,6.1512],[138.713,-7.2391,1.3987],[138.7262,-7.2448,0.0],[138.7363,-7.2519,0.0],[138.7713,-7.2639,0.0],[138.7682,-7.2599,4.851],[138.7929,-7.2817,0.0],[138.7991,-7.2902,0.0],[138.8127,-7.2964,6.0036],[138.813,-7.2978,6.0036],[138.8307,-7.3027,10.932],[138.8341,-7.2994,12.4458],[138.8416,-7.296,7.7025],[138.842,-7.287,7.6402],[138.849,-7.2928,11.5911],[138.8515,-7.2981,10.5446],[138.8553,-7.29,12.5488],[138.8527,-7.298,10.5446],[138.8517,-7.2987,10.5446],[138.851,-7.2985,11.7442],[138.8487,-7.2932,11.4534],[138.8454,-7.291,9.6698],[138.8424,-7.2875,7.6402],[138.8427,-7.2947,7.7025],[138.8415,-7.2972,10.7737],[138.8359,-7.2991,7.4174],[138.8323,-7.3024,3.0896],[138.8407,-7.3068,0.5928],[138.8553,-7.3105,0.0],[138.87,-7.3213,1.5707],[138.8729,-7.326,9.9251],[138.8768,-7.3278,13.4109],[138.89,-7.3412,10.26],[138.9001,-7.3552,10.8393],[138.9011,-7.3588,12.2774],[138.9069,-7.3651,2.4941],[138.9051,-7.367,4.883],[138.9123,-7.3803,0.0],[138.9125,-7.3838,0.6304],[138.9156,-7.3859,6.0823],[138.9164,-7.3907,0.0],[138.9206,-7.3965,0.0],[138.9222,-7.4089,2.089],[138.9371,-7.4483,7.2893],[138.9417,-7.4665,0.0],[138.9433,-7.4671,12.49],[138.9427,-7.471,11.349],[138.9455,-7.4821,3.8628999999999998],[138.9475,-7.4838,5.7295],[138.9465,-7.4847,5.7349],[138.949,-7.4875,7.2337],[138.9489,-7.4906,1.4344],[138.9582,-7.5115,0.0],[138.9629,-7.5177,13.388],[138.9675,-7.5208,8.2204],[138.978,-7.5222,5.0301],[139.0093,-7.5158,13.7904],[139.0325,-7.5151,0.0],[139.0335,-7.513,8.1043],[139.0347,-7.5148,0.0],[139.0511,-7.5158,11.392],[139.086,-7.5287,11.2775],[139.0959,-7.5359,6.2794],[139.1062,-7.5497,1.5802],[139.1098,-7.5685,1.8733],[139.1146,-7.5645,12.1742],[139.1248,-7.5629,17.1153],[139.1329,-7.5553,11.7329],[139.1349,-7.5352,11.997],[139.1378,-7.5332,2.2051],[139.1454,-7.5336,2.5451],[139.1499,-7.5291,0.5],[139.1494,-7.5253,14.6388],[139.1447,-7.518,0.5],[139.1448,-7.5152,0.5],[139.1478,-7.5111,11.8939],[139.1449,-7.5062,14.7423],[139.1425,-7.5057,12.6918],[139.1415,-7.5043,18.0293],[139.1434,-7.5034,11.1218],[139.144,-7.501,15.0283],[139.1442,-7.5016,19.3065],[139.1439,-7.5033,15.8305],[139.1422,-7.505,12.6918],[139.1451,-7.5056,14.7423],[139.1479,-7.5103,11.8939],[139.1495,-7.5077,14.2822],[139.1485,-7.5117,0.5],[139.1551,-7.5153,0.5],[139.1584,-7.5099,0.5],[139.1731,-7.5043,2.7092],[139.1727,-7.4969,0.5],[139.1768,-7.4924,6.1955],[139.1756,-7.4831,3.2483],[139.1841,-7.4786,4.7897],[139.1824,-7.4745,11.9861],[139.1845,-7.4782,4.7897],[139.1897,-7.4777,9.2405],[139.1964,-7.4748,7.8028],[139.1972,-7.4757,13.3313],[139.1991,-7.4734,7.8088],[139.2012,-7.474,11.6036],[139.2016,-7.4723,9.3276],[139.2044,-7.4722,10.9943],[139.2067,-7.469,13.6653],[139.2051,-7.472,10.9943],[139.2036,-7.4729,10.9943],[139.2021,-7.4725,9.3276],[139.2018,-7.474,11.6036],[139.2006,-7.4747,16.8135],[139.1988,-7.4741,7.8088],[139.1983,-7.4757,13.3313],[139.1959,-7.4764,7.5555],[139.20517960526314,-7.4796927631578951,16.9483],[139.2018,-7.48,12.5235],[139.1953,-7.4768,7.5555],[139.1785,-7.4818,3.2789],[139.1766,-7.4864,10.3965],[139.1779,-7.493,0.5],[139.1797,-7.4932,9.5434],[139.1743,-7.4969,0.5],[139.1738,-7.5052,3.6235],[139.1593,-7.5109,0.5],[139.1553,-7.5177,4.4163],[139.1567,-7.5194,10.899],[139.1583,-7.5172,12.7331],[139.1598,-7.517,12.7331],[139.1591,-7.5193,12.4035],[139.1588,-7.5173,12.7331],[139.1568,-7.5199,15.9243],[139.1555,-7.5198,13.6963],[139.155,-7.5172,4.4163],[139.1494,-7.5133,18.3642],[139.1474,-7.5138,4.5469],[139.1463,-7.5183,19.0994],[139.1516,-7.5262,0.5],[139.1513,-7.5303,1.7193],[139.1454,-7.5352,6.5077],[139.1372,-7.5354,5.2287],[139.1353,-7.5387,2.1768],[139.1358,-7.5511,14.7111],[139.134,-7.5609,4.5028],[139.1419,-7.5657,3.2199],[139.1424,-7.5645,13.0814],[139.1447,-7.5637,11.676],[139.1426,-7.5611,11.9795],[139.1433,-7.5591,14.228],[139.1443,-7.5593,14.3122],[139.1448,-7.5615,11.2815],[139.1462,-7.5619,16.1717],[139.1443,-7.5618,11.2815],[139.1438,-7.5595,14.3122],[139.1431,-7.5601,11.9795],[139.1451,-7.5637,11.676],[139.1426,-7.5649,3.2199],[139.1444,-7.5672,11.6198],[139.1444,-7.5708,9.7075],[139.1425,-7.5728,3.1597],[139.1368,-7.5731,14.2993],[139.1343,-7.5773,3.9764],[139.1344,-7.581,4.9812],[139.1369,-7.5828,11.4013],[139.1375,-7.5877,16.1764],[139.1391,-7.5889,6.4546],[139.1454,-7.5867,7.0991],[139.1541,-7.5882,17.1863],[139.1535,-7.5944,11.4644],[139.1554,-7.6001,12.5358],[139.1574,-7.6041,11.3923],[139.1617,-7.6054,14.2169],[139.1634,-7.611,17.7402],[139.1618,-7.61,17.1943],[139.1611,-7.6055,14.2169],[139.1575,-7.6045,11.3923],[139.155,-7.6006,12.5358],[139.1529,-7.5943,11.4644],[139.1533,-7.5882,14.4504],[139.1457,-7.5872,5.6201],[139.1394,-7.5895,6.4546],[139.137,-7.5883,8.2011],[139.1366,-7.5835,5.3946],[139.1332,-7.5802,7.4933],[139.1337,-7.5767,3.9764],[139.1369,-7.5719,5.2946],[139.1425,-7.572,3.1597],[139.1438,-7.5681,10.0995],[139.1349,-7.563,13.3078],[139.1324,-7.5586,6.2032],[139.1246,-7.5654,2.782],[139.1158,-7.5665,10.5136],[139.1128,-7.5698,16.1563],[139.1134,-7.5757,11.4145],[139.1222,-7.5803,11.136],[139.1238,-7.5846,14.9907],[139.1215,-7.5802,11.136],[139.1128,-7.5766,6.5849],[139.1103,-7.5719,0.0],[139.1092,-7.5921,17.5059],[139.1127,-7.5933,10.6344],[139.109,-7.5941,13.5155],[139.1122,-7.5947,12.0836],[139.1203,-7.5912,13.4978],[139.1152,-7.5943,11.1417],[139.111,-7.5954,12.0836],[139.1089,-7.595,10.886],[139.1084,-7.6,0.125],[139.1194,-7.616,13.8217],[139.1236,-7.619,3.4789],[139.1268,-7.6167,6.3681],[139.1312,-7.6169,4.628],[139.1354,-7.6101,9.4147],[139.1401,-7.6096,12.884],[139.1383,-7.6112,8.3301],[139.1356,-7.6106,9.4147],[139.1337,-7.6146,13.7501],[139.1324,-7.6155,7.1924],[139.1284,-7.6255,10.2238],[139.1314,-7.6284,17.4303],[139.1285,-7.627,11.5599],[139.1279,-7.6259,10.2238],[139.131,-7.6178,4.628],[139.1272,-7.6173,6.2134],[139.123,-7.6196,14.2197],[139.1191,-7.6166,6.7475],[139.1172,-7.6137,2.1058],[139.1102,-7.6206,7.9185],[139.1115,-7.6275,14.3278],[139.1107,-7.6336,10.6688],[139.1143,-7.6367,2.1687],[139.1155,-7.6473,2.7942],[139.1166,-7.6427,11.7337],[139.1186,-7.641,14.2229],[139.1228,-7.64,7.5404],[139.1257,-7.6412,13.3792],[139.1279,-7.6387,11.43],[139.1308,-7.6396,12.4853],[139.1277,-7.6395,11.43],[139.1255,-7.6423,8.7515],[139.1227,-7.6405,7.5404],[139.1207,-7.6421,10.0023],[139.119,-7.6415,10.0023],[139.1169,-7.6433,7.1794],[139.1168,-7.648,11.7442],[139.1124,-7.649,0.5],[139.1144,-7.6519,8.0459],[139.1217,-7.655,10.9701],[139.1247,-7.6595,13.1502],[139.1222,-7.6578,11.2],[139.1213,-7.6554,10.9701],[139.119,-7.6556,10.8645],[139.1135,-7.6523,8.0459],[139.1113,-7.6491,0.5],[139.102,-7.6477,5.3344],[139.0958,-7.6519,8.7425],[139.0912,-7.6532,6.0338],[139.0929,-7.6685,13.7876],[139.0936,-7.6702,9.1099],[139.0975,-7.6712,9.5934],[139.0928,-7.6717,13.4034],[139.093,-7.6692,13.7876],[139.0872,-7.6685,12.6123],[139.0855,-7.6658,11.1597],[139.0874,-7.6681,12.6123],[139.0892,-7.6674,12.4623],[139.0923,-7.6685,13.7876],[139.0907,-7.6522,10.048],[139.096,-7.651,10.2358],[139.0972,-7.6482,3.4131],[139.1023,-7.6468,5.3344],[139.1112,-7.6481,0.5],[139.1141,-7.6467,5.6213],[139.1128,-7.6372,2.1687],[139.1071,-7.6376,9.0486],[139.108,-7.6362,15.3062],[139.1105,-7.6358,3.4758],[139.1087,-7.6301,0.5],[139.1086,-7.6324,4.0485],[139.1051,-7.6297,10.1487],[139.1043,-7.6332,12.5477],[139.1019,-7.6327,11.4948],[139.104,-7.6328,10.931],[139.104,-7.6297,10.2545],[139.1048,-7.6292,11.1318],[139.1086,-7.6319,4.0485],[139.1073,-7.6302,7.2482],[139.1084,-7.6294,13.3403],[139.1096,-7.6304,0.5],[139.1097,-7.6296,0.5],[139.1082,-7.6205,13.3164],[139.116,-7.6135,5.133],[139.1065,-7.601,0.0],[139.0727,-7.6262,0.0],[139.0674,-7.6324,0.0],[139.0624,-7.6423,1.2075],[139.0584,-7.6563,8.5843],[139.0563,-7.6877,0.0],[139.0589,-7.69,5.8574],[139.0634,-7.6907,4.1869],[139.0654,-7.6847,9.3241],[139.0685,-7.6821,6.6362],[139.0716,-7.6848,9.6996],[139.0746,-7.6841,9.4191],[139.0753,-7.6853,8.288],[139.0713,-7.6852,11.3516],[139.0682,-7.6829,6.6362],[139.0658,-7.6853,9.3241],[139.0641,-7.6914,9.0505],[139.0578,-7.6917,13.7736],[139.0579,-7.6893,11.0677],[139.0562,-7.6893,0.0],[139.0546,-7.6965,2.8104],[139.048,-7.7102,5.0657],[139.0325,-7.7283,14.6951],[139.0349,-7.7323,9.8585],[139.0328,-7.7317,11.8899],[139.0322,-7.7341,7.4412],[139.032,-7.7314,8.0133],[139.0334,-7.7304,5.6845],[139.032,-7.7293,2.1731],[139.019,-7.7493,0.0],[139.0146,-7.7654,14.8002],[139.0154,-7.7871,4.2613],[139.0224,-7.8114,14.1681],[139.0251,-7.8296,13.8698],[139.0239,-7.8403,6.2344],[139.0185,-7.8528,4.9976],[139.0259,-7.8536,5.5101],[139.0293,-7.8556,5.6371],[139.0323,-7.8549,6.1686],[139.0346,-7.8568,5.5313],[139.0363,-7.8545,11.241],[139.0374,-7.8544,11.8178],[139.0376,-7.8566,12.938],[139.0366,-7.8562,7.6231],[139.037,-7.855,7.6231],[139.0356,-7.8558,7.2959],[139.0362,-7.8592,7.7819],[139.0415,-7.8592,10.8761],[139.0441,-7.8616,9.3559],[139.0473,-7.8607,10.8649],[139.0438,-7.8621,9.3559],[139.0419,-7.8614,10.953],[139.0414,-7.8598,8.3058],[139.0355,-7.8594,7.7819],[139.0352,-7.8575,5.5313],[139.0312,-7.856,6.1686],[139.0269,-7.8574,8.5894],[139.0254,-7.8549,10.3456],[139.0237,-7.8555,9.2303],[139.0249,-7.8564,7.0602],[139.0234,-7.856,9.2303],[139.0234,-7.8553,9.2303],[139.0251,-7.8546,10.3456],[139.0288,-7.8567,7.6435],[139.0262,-7.8542,5.5101],[139.0179,-7.8541,0.0],[139.0101,-7.8626,2.5003],[138.9884,-7.8761,3.541],[138.9612,-7.8902,14.7104],[138.935,-7.8998,10.5226],[138.9257,-7.9055,13.0972],[138.9171,-7.9136,0.5],[138.9133,-7.92,10.7279],[138.909,-7.9317,15.5166],[138.9214,-7.9583,15.3003],[138.9225,-7.9765,5.5812],[138.9172,-7.9939,0.5],[138.9066,-8.0163,0.5],[138.9032,-8.0304,10.5554],[138.9092,-8.0388,14.5725],[138.9183,-8.0465,2.2621],[138.9204,-8.0467,17.6652],[138.9188,-8.0473,2.2621],[138.9235,-8.053,3.3553],[138.9224,-8.0506,7.7592],[138.9256,-8.0489,16.5043],[138.9233,-8.047,20.3913],[138.9268,-8.0461,17.7309],[138.9263,-8.0472,17.5073],[138.9238,-8.0469,15.5064],[138.9259,-8.0492,16.5043],[138.9229,-8.0507,7.7592],[138.9244,-8.0519,6.4482],[138.9272,-8.0604,1.8781],[138.9286,-8.0576,13.989],[138.9279,-8.0546,16.299],[138.929,-8.0527,19.0599],[138.9331,-8.053,18.1994],[138.9349,-8.0504,16.5733],[138.9377,-8.0498,19.3482],[138.9331,-8.0537,18.1994],[138.9298,-8.0528,17.6542],[138.9287,-8.0539,14.7945],[138.9289,-8.0572,13.989],[138.9275,-8.0613,0.5],[138.9278,-8.0687,20.1611],[138.9241,-8.0768,7.7338],[138.9183,-8.0832,7.1485],[138.9054,-8.0882,13.507],[138.8836,-8.088,12.8126],[138.8765,-8.0866,6.2341],[138.8621,-8.0897,8.3208],[138.8432,-8.1016,13.0637],[138.836,-8.1132,0.0],[138.8336,-8.1262,3.9059],[138.8344,-8.1352,0.0],[138.837,-8.1429,19.1224],[138.8443,-8.1533,2.457],[138.8499,-8.1663,6.2254],[138.8556,-8.1669,19.0198],[138.8499,-8.1669,6.2254],[138.8555,-8.1847,16.1812],[138.881,-8.2181,0.0],[138.9,-8.2364,6.4146],[138.9043,-8.2457,1.9009],[138.9073,-8.2611,15.4163],[138.9122,-8.269,3.9707],[138.9217,-8.2768,0.0],[138.9339,-8.2766,3.5456],[138.9405,-8.2673,8.0965],[138.9504,-8.2583,11.9496],[138.9517,-8.2576,15.9702],[138.9457,-8.2634,1.6858],[138.9612,-8.2584,10.7321],[138.9629,-8.2549,9.1735],[138.9516,-8.2475,13.6806],[138.9493,-8.2469,13.7161],[138.9464,-8.2502,19.7204],[138.9433,-8.2509,15.7247],[138.9495,-8.2462,16.0727],[138.9634,-8.2545,3.0569]],
[[139.20517960526314,-7.4796927631578951,16.9483],[139.2139,-7.4789,11.293],[139.2052,-7.4797,16.9483],[139.20517960526314,-7.4796927631578951,16.9483]]],
[[[137.5013,-5.2344,0.0],[137.5012,-5.2385,0.0],[137.5057,-5.2388,0.0],[137.5075,-5.2366,0.0],[137.5079,-5.2312,0.0],[137.5066,-5.2312,0.0],[137.5049,-5.2382,0.0],[137.502,-5.2368,0.0],[137.5053,-5.2318,0.0],[137.5013,-5.2344,0.0]]],
[[[140.9464,-6.8796,9.5],[140.9474,-6.8783,10.6851],[140.9417,-6.8847,13.0517],[140.9444,-6.8821,9.5],[140.9464,-6.8796,9.5]]],
[[[138.0095,-5.5053,10.9618],[138.0084,-5.5034,11.6544],[138.0063,-5.504,6.2972],[138.0052,-5.5025,0.0],[138.0061,-5.505,1.601],[138.0102,-5.5071,3.9832],[138.0085,-5.506,10.9618],[138.0095,-5.5053,10.9618]]],
[[[137.7204,-5.2928,3.1809],[137.7204,-5.2933,0.0],[137.7215,-5.2933,0.0],[137.7211,-5.2922,3.1809],[137.7204,-5.2928,3.1809]]],
[[[137.7339,-5.2904,8.0892],[137.7368,-5.2873,6.1308],[137.7294,-5.2815,9.6052],[137.7242,-5.2868,14.5458],[137.7202,-5.2865,6.3278],[137.7193,-5.288,0.0],[137.725,-5.2934,0.6847],[137.7339,-5.2904,8.0892]]],
[[[139.5827,-8.137,0.7036],[139.5829,-8.1354,1.0605],[139.5817,-8.135,7.0601],[139.5814,-8.1362,7.0601],[139.5827,-8.137,0.7036]]],
[[[138.8379,-8.0907,0.0],[138.8404,-8.0886,0.0],[138.8403,-8.0879,8.5098],[138.837,-8.0897,0.0],[138.8379,-8.0907,0.0]]],
[[[138.7913,-7.1637,6.4327],[138.8032,-7.1616,0.0],[138.8056,-7.1598,5.7292],[138.7902,-7.1499,7.6893],[138.7853,-7.1487,0.0],[138.78,-7.1496,4.0186],[138.7788,-7.1539,0.0],[138.7817,-7.1586,0.0],[138.7852,-7.1617,0.0],[138.7913,-7.1637,6.4327]]],
[[[138.9323,-7.8834,9.7724],[138.9221,-7.8887,7.8048],[138.9146,-7.8966,0.5],[138.9189,-7.8964,0.5],[138.938,-7.8867,0.5],[138.9422,-7.8828,2.2776],[138.9323,-7.8834,9.7724]]],
[[[138.942,-7.8821,2.2776],[138.9452,-7.8817,0.5],[138.9459,-7.8812,0.5],[138.9415,-7.8818,6.5491],[138.942,-7.8821,2.2776]]],
[[[138.9991,-7.7281,11.2767],[139.0008,-7.7259,3.4255],[138.9995,-7.7271,12.0718],[138.9965,-7.7257,11.5644],[138.9953,-7.7266,9.6156],[138.9969,-7.7288,12.1258],[138.9991,-7.7281,11.2767]]],
[[[138.7228,-7.1201,15.9541],[138.7159,-7.1163,13.3927],[138.7134,-7.1173,14.1379],[138.7089,-7.1247,14.7601],[138.7069,-7.1341,15.0299],[138.7072,-7.1418,12.8213],[138.7161,-7.1565,1.8956],[138.7267,-7.1628,6.471],[138.7429,-7.1669,1.798],[138.7612,-7.1674,6.2109],[138.7702,-7.1645,4.229],[138.7572,-7.1432,14.9098],[138.7228,-7.1201,15.9541]]],
[[[139.4407,-8.2426,0.0],[139.4415,-8.2444,1.3592],[139.4448,-8.2428,0.0],[139.443,-8.2408,0.0],[139.4407,-8.2426,0.0]]],
[[[138.6577,-8.2241,0.0],[138.6556,-8.2204,0.0],[138.6447,-8.2273,0.0],[138.6439,-8.2318,0.0],[138.6456,-8.2353,0.0],[138.6514,-8.2336,2.1173],[138.6577,-8.2241,0.0]]],
[[[138.697,-8.1534,9.9753],[138.6937,-8.1555,8.7149],[138.6939,-8.1575,9.8008],[138.7065,-8.1645,16.0398],[138.7102,-8.1642,0.0],[138.7146,-8.1607,0.0],[138.7076,-8.1542,0.0],[138.697,-8.1534,9.9753]]],
[[[138.5658,-8.3223,9.4018],[138.5703,-8.3069,5.2849],[138.5828,-8.298,6.4197],[138.5859,-8.2928,4.1611],[138.5818,-8.2917,6.2335],[138.5721,-8.2937,3.368],[138.5643,-8.2981,3.5033],[138.5608,-8.3028,0.0],[138.5564,-8.3116,0.0],[138.5543,-8.3252,6.5984],[138.5565,-8.3265,4.6746],[138.5658,-8.3223,9.4018]]],
[[[138.9862,-8.2867,5.8327],[138.9983,-8.2885,0.0],[138.9986,-8.2782,0.0],[138.9942,-8.2639,0.3247],[138.9869,-8.2677,11.7498],[138.9788,-8.2759,8.3712],[138.9807,-8.2878,3.1913],[138.9862,-8.2867,5.8327]]],
[[[138.97,-8.3625,0.0],[138.9684,-8.362,0.0],[138.9688,-8.3601,0.0],[138.9655,-8.3592,0.0],[138.959,-8.3501,0.0],[138.9452,-8.3439,2.824],[138.926,-8.3241,0.0],[138.9207,-8.3292,0.0],[138.9187,-8.3448,0.0],[138.9238,-8.3588,0.0],[138.9265,-8.3613,0.0],[138.9327,-8.3628,0.0],[138.9409,-8.3684,0.0],[138.9537,-8.3717,0.0],[138.9552,-8.3703,0.8408],[138.958,-8.3713,0.0],[138.964,-8.3697,0.0],[138.9674,-8.3676,0.9283],[138.97,-8.3625,0.0]]],
[[[138.8514,-8.342,16.4828],[138.8514,-8.342,16.4828],[138.85139999999973,-8.3420000000005583,16.4828],[138.8499,-8.345,16.4131],[138.853,-8.3505,8.3055],[138.8527,-8.3527,7.6988],[138.8486,-8.357,7.3941],[138.8512,-8.3613,6.4488],[138.8505,-8.3634,9.9085],[138.8483,-8.3653,10.8992],[138.8479,-8.3756,16.3947],[138.8459,-8.3767,1.6881],[138.843,-8.3732,14.2519],[138.8413,-8.3742,14.2519],[138.8468,-8.3793,10.4877],[138.8416,-8.3811,5.0765],[138.8392,-8.3854,9.1365],[138.8205,-8.3857,3.8884],[138.8045,-8.3819,5.6355],[138.803,-8.3841,4.3352],[138.812,-8.3876,2.4721],[138.8544,-8.3911,2.7133],[138.8894,-8.3887,0.0],[138.9014,-8.3847,0.0],[138.9091,-8.3753,0.0],[138.9146,-8.3598,0.0],[138.912,-8.3429,0.0],[138.9167,-8.3062,8.3529],[138.9141,-8.297,4.121],[138.9074,-8.2923,0.0],[138.9018,-8.2883,7.1404],[138.8952,-8.2919,10.5828],[138.8898,-8.2917,14.4126],[138.8709,-8.2841,2.4833],[138.8611,-8.2869,8.2495],[138.8547,-8.2916,9.1505],[138.853,-8.2963,16.501],[138.8547,-8.3035,8.1215],[138.8523,-8.3054,9.6848],[138.8496,-8.3057,9.1697],[138.8482,-8.3087,9.3486],[138.8499,-8.3133,12.6956],[138.8524,-8.3147,9.9101],[138.8528,-8.3165,11.2671],[138.8523,-8.3261,4.9741],[138.8496,-8.3293,13.8844],[138.8518,-8.3412,12.9558],[138.8514,-8.342,16.4828]]],
[[[138.85139999999973,-8.3420000000005583,16.4828],[138.8514,-8.342,16.4828],[138.8491,-8.3287,10.3664],[138.8518,-8.3259,4.9741],[138.8524,-8.3167,11.2671],[138.8523,-8.3152,9.9101],[138.8494,-8.3133,12.6956],[138.848,-8.3105,10.9344],[138.8481,-8.3083,9.3486],[138.8492,-8.3059,12.4344],[138.8468,-8.3058,13.3826],[138.8425,-8.3028,10.9364],[138.8363,-8.3018,13.7905],[138.8426,-8.3023,10.9364],[138.8467,-8.3054,13.3826],[138.8518,-8.305,9.6848],[138.8541,-8.3036,8.1215],[138.854,-8.3008,10.04],[138.8527,-8.2963,16.501],[138.8527,-8.2945,14.099],[138.8548,-8.2909,17.5407],[138.861,-8.2865,8.2495],[138.8705,-8.2835,2.4833],[138.8516,-8.2688,2.9064],[138.8449,-8.2609,14.0843],[138.8426,-8.248,9.9148],[138.8449,-8.2117,15.9995],[138.8436,-8.2068,8.4517],[138.8413,-8.2093,15.5217],[138.8331,-8.2073,13.0421],[138.8348,-8.2039,15.4928],[138.8337,-8.203,15.4928],[138.8349,-8.203,15.4928],[138.8346,-8.206,13.4131],[138.8335,-8.2072,13.0421],[138.8369,-8.2069,14.586],[138.8411,-8.2089,15.5217],[138.8434,-8.206,16.0592],[138.8443,-8.2068,8.4517],[138.845,-8.2108,14.8282],[138.8462,-8.1989,7.9225],[138.842,-8.1816,5.6794],[138.8392,-8.1741,0.0],[138.823,-8.149,0.0],[138.8159,-8.153,15.504],[138.8119,-8.1537,16.5257],[138.8123,-8.1574,21.136],[138.8096,-8.1603,13.2877],[138.8118,-8.1573,17.8675],[138.8104,-8.1549,16.0234],[138.8116,-8.1524,17.8734],[138.8155,-8.1525,11.5523],[138.8158,-8.1506,16.7898],[138.8171,-8.1515,9.4882],[138.8229,-8.1479,0.0],[138.8147,-8.1379,0.0],[138.7944,-8.1481,16.9489],[138.7775,-8.1501,13.1402],[138.7673,-8.154,15.7233],[138.7634,-8.1574,9.0038],[138.7631,-8.16,10.6609],[138.7642,-8.1616,10.2168],[138.7654,-8.1608,11.7449],[138.7666,-8.1615,9.4436],[138.7702,-8.1663,11.0131],[138.7708,-8.1693,6.3228],[138.7722,-8.1695,11.1599],[138.7724,-8.1716,10.2829],[138.77,-8.1695,6.3228],[138.7697,-8.1664,11.0131],[138.7679,-8.1653,10.434],[138.7659,-8.1614,9.4436],[138.764,-8.1619,10.2168],[138.7624,-8.1601,11.041],[138.7628,-8.1578,0.0],[138.7498,-8.1646,14.552],[138.7278,-8.1666,9.4076],[138.7107,-8.1711,0.0],[138.6969,-8.1709,0.0],[138.6883,-8.1682,1.9836],[138.679,-8.1701,4.3156],[138.6718,-8.2173,4.1896],[138.6636,-8.235,6.7223],[138.6418,-8.2548,11.9201],[138.6225,-8.2658,0.0],[138.5986,-8.2839,7.1085],[138.5862,-8.2902,13.2752],[138.5864,-8.2936,16.1195],[138.5848,-8.2969,12.7223],[138.5704,-8.3083,11.1441],[138.5672,-8.3218,9.4018],[138.5556,-8.3287,10.3917],[138.5528,-8.3327,4.8341],[138.5524,-8.3363,3.7918],[138.56,-8.3485,1.5338],[138.5673,-8.3556,0.0],[138.582,-8.3593,1.2553],[138.5864,-8.3596,0.0],[138.5874,-8.3582,0.0],[138.5895,-8.3604,1.7208],[138.5925,-8.3598,13.3544],[138.5939,-8.3619,0.0],[138.599,-8.3633,0.0],[138.6044,-8.363,0.0],[138.6068,-8.3649,0.0],[138.6157,-8.3667,0.0],[138.6178,-8.3647,0.0],[138.6234,-8.3672,2.7512],[138.6453,-8.3679,14.7697],[138.6522,-8.369,10.3742],[138.6515,-8.3702,0.0],[138.6549,-8.3709,3.3361],[138.6568,-8.3697,1.7715],[138.6641,-8.3711,2.2453],[138.6725,-8.369,14.1674],[138.6797,-8.3712,14.0832],[138.6844,-8.3755,3.4294],[138.7016,-8.3766,7.8768],[138.7012,-8.3782,0.0],[138.7048,-8.3785,5.1701],[138.7093,-8.3815,0.0],[138.727,-8.3851,2.8727],[138.7411,-8.3865,0.0],[138.7624,-8.3858,6.0764],[138.7919,-8.3815,0.0],[138.7976,-8.3792,4.0445],[138.8212,-8.3848,3.8884],[138.8394,-8.3844,3.3649],[138.8414,-8.3804,5.0765],[138.8458,-8.3789,10.4877],[138.8414,-8.3761,10.035],[138.8407,-8.3734,4.4549],[138.8432,-8.3726,12.8401],[138.8472,-8.3759,8.2253],[138.8466,-8.3722,17.9983],[138.8477,-8.3652,10.8992],[138.8503,-8.3626,6.4488],[138.8483,-8.3566,7.3941],[138.8493,-8.3545,12.1132],[138.8522,-8.3521,7.6988],[138.8524,-8.3497,8.3055],[138.8496,-8.3454,16.4131],[138.85139999999973,-8.3420000000005583,16.4828]]],
[[[138.9754,-8.3341,0.0],[138.9508,-8.3309,2.609],[138.9442,-8.327,0.0],[138.9328,-8.3148,0.0],[138.9307,-8.3167,0.0],[138.9308,-8.3218,0.0],[138.9442,-8.3359,16.7761],[138.9526,-8.3417,4.4997],[138.9609,-8.3441,1.8435],[138.967,-8.343,0.0],[138.9787,-8.3363,0.0],[138.9754,-8.3341,0.0]]],
[[[138.9971,-8.3031,0.0],[139.0009,-8.2964,0.0],[138.9987,-8.2892,0.0],[138.985,-8.2871,4.7732],[138.9795,-8.2881,12.0853],[138.9753,-8.2921,8.4097],[138.9701,-8.2926,6.8358],[138.9697,-8.2949,9.9078],[138.9754,-8.2986,11.3053],[138.97,-8.2958,9.9078],[138.9693,-8.2945,14.1334],[138.9692,-8.2926,6.8358],[138.9543,-8.2958,4.9174],[138.9366,-8.3052,13.2648],[138.9353,-8.3084,9.0579],[138.9359,-8.3123,20.0636],[138.9402,-8.3185,9.3981],[138.9494,-8.3261,9.7109],[138.951,-8.3268,3.8154],[138.9555,-8.323,12.7109],[138.9519,-8.3275,3.8154],[138.958,-8.3295,8.1915],[138.9659,-8.3296,0.0],[138.9658,-8.3282,1.6406],[138.9669,-8.3295,0.0],[138.9717,-8.3299,0.0],[138.9766,-8.3281,0.0],[138.9792,-8.3235,0.0],[138.9885,-8.3174,0.0],[138.9943,-8.3098,0.0],[138.9971,-8.3031,0.0]]],
[[[138.901,-8.2802,0.0],[138.8927,-8.2687,0.0],[138.8788,-8.2729,3.5642],[138.8593,-8.2668,16.3023],[138.856,-8.2695,20.2506],[138.8853,-8.2885,0.0],[138.8952,-8.289,3.2846],[138.901,-8.2802,0.0]]],
[[[138.8585,-8.2664,16.3023],[138.8488,-8.2569,12.7846],[138.8466,-8.2573,0.0],[138.8477,-8.2614,19.3909],[138.8523,-8.2669,2.868],[138.8556,-8.2693,20.2506],[138.8585,-8.2664,16.3023]]],
[[[138.8489,-8.2547,6.6237],[138.8612,-8.266,10.9532],[138.8734,-8.2708,7.5359],[138.8789,-8.2717,3.5642],[138.8912,-8.2667,0.0],[138.8869,-8.2547,0.0],[138.8867,-8.2386,0.0],[138.8783,-8.2323,0.0],[138.8664,-8.2185,0.0],[138.8512,-8.2051,0.0],[138.8488,-8.2095,4.1431],[138.8489,-8.2547,6.6237]]],
[[[138.7575,-8.1451,7.8845],[138.7553,-8.1439,3.065],[138.7452,-8.1538,7.106],[138.7501,-8.1527,15.8218],[138.7575,-8.1451,7.8845]]],
[[[137.5226,-5.211,0.0],[137.5214,-5.2103,0.0],[137.5206,-5.2147,0.0],[137.5173,-5.2133,0.0],[137.5176,-5.2067,5.53],[137.5154,-5.2046,1.8676],[137.5156,-5.2137,0.0],[137.5225,-5.2154,0.0],[137.5226,-5.211,0.0]]],
[[[137.5141,-5.1777,0.7397],[137.516,-5.1761,0.0],[137.5129,-5.1774,6.9566],[137.5098,-5.1708,0.0],[137.5038,-5.1782,12.965],[137.4971,-5.1832,6.7047],[137.4968,-5.1868,0.0],[137.5023,-5.1926,0.0],[137.5064,-5.1943,8.0938],[137.5085,-5.1977,0.0],[137.5098,-5.1928,0.0],[137.5081,-5.1776,10.5455],[137.5116,-5.1788,4.8794],[137.5141,-5.1777,0.7397]]],
[[[137.1908,-5.0334,0.5501],[137.1856,-5.0288,1.7548],[137.1799,-5.0277,0.0],[137.18,-5.0322,0.0],[137.1845,-5.038,0.0],[137.1965,-5.0449,0.0],[137.1929,-5.0409,2.0106],[137.1908,-5.0334,0.5501]]],
[[[136.8116,-4.9032,7.1494],[136.8048,-4.8992,0.4461],[136.8033,-4.8999,1.3429],[136.8045,-4.9029,14.0831],[136.8165,-4.9106,3.1869],[136.8206,-4.9121,6.8013],[136.8234,-4.9109,7.3344],[136.8158,-4.9066,9.7862],[136.8116,-4.9032,7.1494]]],
[[[136.8028,-4.8967,15.1653],[136.7972,-4.8946,22.1449],[136.7929,-4.8898,0.0],[136.7899,-4.8949,0.0],[136.7907,-4.8969,0.0],[136.7983,-4.9009,1.4528],[136.8026,-4.8987,15.1909],[136.8028,-4.8967,15.1653]]],
[[[136.7871,-4.8872,0.0],[136.7859,-4.8885,0.0],[136.7888,-4.8906,0.0],[136.7888,-4.8897,0.0],[136.7871,-4.8872,0.0]]],
[[[136.835,-4.9177,0.6081],[136.8338,-4.917,1.5731],[136.8315,-4.92,0.0],[136.8287,-4.9201,0.0],[136.8279,-4.9183,0.0],[136.8312,-4.9167,2.1119],[136.8279,-4.9132,7.3246],[136.8275,-4.9161,6.1427],[136.8258,-4.917,0.0],[136.8306,-4.9223,0.0],[136.8356,-4.9203,11.9409],[136.835,-4.9177,0.6081]]],
[[[136.8814,-4.9103,0.0],[136.8807,-4.9117,0.0],[136.8813,-4.9145,0.0],[136.883,-4.9118,0.0],[136.8814,-4.9103,0.0]]],
[[[136.9189,-4.8765,2.0672],[136.9202,-4.8725,0.0],[136.9191,-4.8703,0.0],[136.9168,-4.8717,0.0],[136.9183,-4.8714,0.0],[136.9167,-4.8775,0.0],[136.918,-4.8776,2.0672],[136.9177,-4.8759,7.9845],[136.9189,-4.8765,2.0672]]],
[[[136.9235,-4.8622,7.422],[136.9245,-4.8704,0.0],[136.9277,-4.8683,0.0],[136.9256,-4.8589,15.7474],[136.9235,-4.8622,7.422]]],
[[[136.7004,-4.8569,0.9863],[136.7052,-4.8557,7.9292],[136.6895,-4.8548,0.0],[136.6924,-4.8558,0.0],[136.7004,-4.8569,0.9863]]],
[[[136.9208,-4.8592,4.8572],[136.919,-4.8611,2.3562],[136.9194,-4.8628,8.8083],[136.9214,-4.8622,0.0],[136.9208,-4.8592,4.8572]]],
[[[136.6831,-4.8469,0.0],[136.6806,-4.8471,1.3702],[136.6797,-4.8484,0.0],[136.6808,-4.8487,0.5187],[136.6831,-4.8469,0.0]]],
[[[136.2979,-4.6723,1.6847],[136.2993,-4.6735,1.9518],[136.3015,-4.6727,0.8949],[136.302,-4.6674,0.0],[136.2997,-4.6685,2.4813],[136.2979,-4.6723,1.6847]]],
[[[134.8653,-3.2438,0.0],[134.864,-3.244,0.0],[134.8662,-3.2447,0.0],[134.8659,-3.2436,0.0],[134.8653,-3.2438,0.0]]],
[[[135.0825,-3.2145,0.0],[135.0801,-3.2163,5.6452],[135.0803,-3.218,0.0],[135.0818,-3.2171,0.0],[135.0825,-3.2145,0.0]]],
[[[134.8922,-3.164,0.0],[134.8933,-3.1665,0.0],[134.8964,-3.1637,0.0],[134.8937,-3.1622,3.6649],[134.8922,-3.164,0.0]]],
[[[134.8911,-3.1626,0.0],[134.8908,-3.1626,0.0],[134.8907,-3.1627,0.0],[134.8911,-3.1629,0.0],[134.8911,-3.1626,0.0]]],
[[[135.6595,-3.1538,7.73],[135.6603,-3.1526,2.9606],[135.6582,-3.1521,8.6499],[135.654,-3.155,0.0],[135.6558,-3.155,0.0],[135.6595,-3.1538,7.73]]],
[[[135.1577,-3.1023,1.1589],[135.158,-3.1019,0.0],[135.1566,-3.1022,1.1589],[135.1568,-3.1028,1.1589],[135.1577,-3.1023,1.1589]]],
[[[134.8358,-3.0944,0.0],[134.8292,-3.0939,2.6988],[134.8297,-3.0997,0.0],[134.8312,-3.0972,8.7255],[134.8378,-3.0955,26.5961],[134.8358,-3.0944,0.0]]],
[[[135.6264,-3.0996,0.0],[135.6259,-3.0983,0.0],[135.6256,-3.0983,0.0],[135.6263,-3.0999,0.0],[135.6264,-3.0996,0.0]]],
[[[135.6014,-3.098,10.5307],[135.6027,-3.096,0.0],[135.5998,-3.0942,0.0],[135.5949,-3.0971,6.6797],[135.5972,-3.1007,7.7156],[135.6014,-3.098,10.5307]]],
[[[135.6063,-3.0954,3.2982],[135.6054,-3.0952,3.2982],[135.6044,-3.0958,3.2982],[135.6069,-3.0971,4.583],[135.6063,-3.0954,3.2982]]],
[[[135.5476,-3.1041,0.0],[135.5464,-3.1041,0.0],[135.5474,-3.1058,0.0],[135.5473,-3.1048,0.0],[135.5476,-3.1041,0.0]]],
[[[135.5879,-3.1041,0.0],[135.5899,-3.0982,0.0],[135.5874,-3.0944,0.0],[135.5806,-3.1015,0.0],[135.5849,-3.1054,3.3794],[135.5879,-3.1041,0.0]]],
[[[135.562,-3.0881,5.4967],[135.5604,-3.0887,0.0],[135.5609,-3.091,0.0],[135.5625,-3.0892,5.4967],[135.562,-3.0881,5.4967]]],
[[[135.6179,-3.073,37.7645],[135.6126,-3.0699,11.6703],[135.6095,-3.0703,0.0],[135.6153,-3.0749,4.5605],[135.6174,-3.0811,1.5688],[135.6128,-3.0958,8.2657],[135.6196,-3.0973,3.7204],[135.6211,-3.0964,0.0],[135.62,-3.094,14.4228],[135.6217,-3.0939,0.0],[135.6214,-3.0917,0.0],[135.6251,-3.0876,0.0],[135.626,-3.0779,6.9979],[135.6194,-3.0753,13.033],[135.6179,-3.073,37.7645]]],
[[[135.5789,-3.0925,5.601],[135.581,-3.0929,11.3666],[135.584,-3.0906,0.0],[135.5833,-3.0866,18.0329],[135.5934,-3.0787,0.0],[135.5917,-3.0723,8.5977],[135.5876,-3.0736,0.0],[135.584,-3.079,20.016],[135.576,-3.0831,21.8572],[135.5724,-3.0884,0.0],[135.5727,-3.0909,3.7808],[135.5789,-3.0925,5.601]]],
[[[134.8395,-3.0615,0.0],[134.8424,-3.0594,32.258],[134.8429,-3.0539,0.0],[134.8389,-3.0597,10.992],[134.836,-3.0606,0.0],[134.8354,-3.0632,3.0655],[134.8385,-3.0631,0.0],[134.8395,-3.0615,0.0]]],
[[[134.8409,-3.0561,11.4415],[134.8402,-3.0554,0.0],[134.8399,-3.0555,0.0],[134.8406,-3.0564,6.1858],[134.8409,-3.0561,11.4415]]],
[[[134.8628,-3.053,0.0],[134.8629,-3.0526,0.0],[134.8621,-3.0526,0.0],[134.8624,-3.053,0.0],[134.8628,-3.053,0.0]]],
[[[134.8275,-3.0265,0.0],[134.8278,-3.0268,0.0],[134.828,-3.0266,0.0],[134.8279,-3.0263,0.0],[134.8275,-3.0265,0.0]]],
[[[135.057,-3.0097,0.0],[135.0569,-3.0092,0.0],[135.0559,-3.0083,0.0],[135.0569,-3.0105,0.0],[135.057,-3.0097,0.0]]],
[[[134.8568,-2.9905,1.5514],[134.8573,-2.993,0.0],[134.8586,-2.9884,0.7027],[134.8571,-2.9885,0.8514],[134.8568,-2.9905,1.5514]]],
[[[135.8746,-2.9896,4.0006],[135.8784,-2.9915,11.9096],[135.8788,-2.9914,11.9096],[135.875,-2.9873,0.5422],[135.8746,-2.9896,4.0006]]],
[[[134.8438,-3.048,0.0],[134.8443,-3.0478,0.0],[134.844,-3.0474,0.0],[134.8438,-3.0475,0.0],[134.8438,-3.048,0.0]]],
[[[135.7938,-3.0374,0.0],[135.7996,-3.0334,4.8769],[135.792,-3.0339,2.6234],[135.7915,-3.0355,9.8378],[135.7853,-3.0366,0.0],[135.777,-3.043,11.6648],[135.7728,-3.0433,1.4954],[135.7701,-3.0454,3.51],[135.7705,-3.053,0.0],[135.7731,-3.0547,17.2277],[135.7731,-3.0577,10.5105],[135.7794,-3.0576,3.0984],[135.7801,-3.0561,6.9663],[135.7863,-3.051,5.6171],[135.7969,-3.0452,0.0],[135.7966,-3.0437,1.4946],[135.7929,-3.0445,0.0],[135.789,-3.0471,7.546],[135.7903,-3.0438,6.7137],[135.7938,-3.0413,0.0],[135.7919,-3.0395,7.1379],[135.7938,-3.0374,0.0]]],
[[[134.8617,-3.0494,0.6465],[134.8611,-3.0488,0.0],[134.8607,-3.0489,0.0],[134.8618,-3.05,0.0],[134.8617,-3.0494,0.6465]]],
[[[135.7973,-3.0436,1.4946],[135.7978,-3.0431,0.0],[135.7979,-3.0426,0.0],[135.7969,-3.0431,1.4946],[135.7973,-3.0436,1.4946]]],
[[[134.8575,-3.0411,0.0],[134.8569,-3.0411,0.0],[134.8566,-3.0421,1.4809],[134.8575,-3.0419,0.0],[134.8575,-3.0411,0.0]]],
[[[134.8353,-3.0265,28.7397],[134.8347,-3.0211,0.0],[134.8286,-3.0256,4.0741],[134.8357,-3.0293,50.0793],[134.8369,-3.0315,49.2857],[134.8338,-3.0348,2.6189],[134.8345,-3.0371,0.0],[134.8313,-3.0416,0.0],[134.8401,-3.0419,17.2595],[134.8385,-3.045,17.1599],[134.8353,-3.0461,2.3829],[134.8346,-3.0486,0.0],[134.8356,-3.0498,0.0],[134.8411,-3.0492,0.0],[134.8416,-3.0463,0.0],[134.8438,-3.0461,16.6728],[134.8445,-3.0445,54.5817],[134.8439,-3.0403,24.8685],[134.8411,-3.0377,0.0],[134.8407,-3.0332,40.3318],[134.8353,-3.0265,28.7397]]],
[[[135.9045,-2.9773,16.9898],[135.909,-2.9746,1.375],[135.908,-2.9715,14.2742],[135.9063,-2.971,0.5669],[135.9008,-2.9743,14.2503],[135.9045,-2.9773,16.9898]]],
[[[135.9072,-2.8892,10.3683],[135.9091,-2.8801,0.0],[135.9052,-2.8764,6.6508],[135.9013,-2.8781,5.9069],[135.9009,-2.8797,5.178],[135.9029,-2.8811,18.2199],[135.9057,-2.8891,7.011],[135.9072,-2.8892,10.3683]]],
[[[134.8246,-2.8794,0.0],[134.8242,-2.8785,0.0],[134.8226,-2.8799,0.0],[134.8241,-2.8802,0.0],[134.8246,-2.8794,0.0]]],
[[[134.854,-2.8859,3.8884],[134.8544,-2.8852,3.8884],[134.8539,-2.8849,3.8884],[134.8533,-2.8856,3.8884],[134.854,-2.8859,3.8884]]],
[[[135.7766,-2.9372,3.8286],[135.7691,-2.9339,0.0],[135.7673,-2.9373,6.2756],[135.7633,-2.9385,16.9528],[135.7554,-2.9363,9.5124],[135.753,-2.9396,23.3994],[135.7468,-2.9418,14.4015],[135.7424,-2.941,1.6047],[135.7407,-2.9372,3.3944],[135.7306,-2.9411,0.0],[135.7241,-2.9495,9.9291],[135.7235,-2.9542,0.0],[135.7256,-2.9594,3.9988],[135.7221,-2.9553,2.5437],[135.7164,-2.9544,0.0],[135.7126,-2.9565,8.5572],[135.708,-2.9625,1.2983],[135.7076,-2.9666,12.2568],[135.7096,-2.9725,9.0623],[135.715,-2.9755,0.6988],[135.718,-2.9752,13.9676],[135.7212,-2.9782,0.0],[135.7217,-2.9813,0.0],[135.7315,-2.9827,10.1694],[135.739,-2.9769,1.4353],[135.7414,-2.973,6.7725],[135.741,-2.969,7.9843],[135.7497,-2.9684,2.6779],[135.7567,-2.9653,0.0],[135.7543,-2.9624,1.7829],[135.746,-2.9626,6.3643],[135.7449,-2.9605,4.8886],[135.7548,-2.9583,4.3983],[135.7569,-2.9597,0.0],[135.7624,-2.9593,5.3074],[135.7661,-2.9561,11.0597],[135.7713,-2.9594,8.6055],[135.7799,-2.9537,0.0],[135.7789,-2.9508,4.101],[135.7823,-2.9458,10.3214],[135.7929,-2.9439,5.8624],[135.7953,-2.9461,8.9645],[135.79,-2.9503,0.8932],[135.795,-2.9503,1.4637],[135.7995,-2.9485,1.6779],[135.7998,-2.9455,2.7875],[135.8041,-2.9448,0.0],[135.8068,-2.9424,0.0],[135.8021,-2.9371,0.9304],[135.793,-2.9413,21.2053],[135.7891,-2.9412,4.039],[135.7802,-2.9366,9.714],[135.7766,-2.9372,3.8286]]],
[[[135.7336,-2.9346,9.5954],[135.728,-2.9333,5.3813],[135.7269,-2.9394,4.2739],[135.732,-2.9378,2.7335],[135.7336,-2.9346,9.5954]]],
[[[135.6906,-2.9407,13.183],[135.7085,-2.9339,1.1494],[135.7329,-2.9211,10.0384],[135.7373,-2.9141,3.8187],[135.7256,-2.9117,8.4522],[135.6993,-2.9214,40.0094],[135.6851,-2.9283,32.6694],[135.6725,-2.9414,24.9776],[135.6729,-2.9431,0.0],[135.6792,-2.9444,23.8554],[135.6906,-2.9407,13.183]]],
[[[134.8343,-2.6858,5.9004],[134.8183,-2.6821,5.101],[134.8082,-2.685,48.8899],[134.8067,-2.6895,6.0296],[134.8074,-2.6974,7.5301],[134.8026,-2.7063,6.3983],[134.8028,-2.7102,0.0],[134.8148,-2.7176,6.0195],[134.8373,-2.7248,0.0],[134.8427,-2.7232,0.0],[134.8629,-2.7087,5.8073],[134.8638,-2.7043,4.0902],[134.8521,-2.6947,30.5564],[134.8501,-2.6898,9.5228],[134.8455,-2.688,9.1495],[134.8374,-2.6882,42.7355],[134.8343,-2.6858,5.9004]]],
[[[140.7218,-2.6306,4.4635],[140.7219,-2.6307,0.0],[140.722,-2.6305,0.0],[140.7218,-2.6306,4.4635]]],
[[[140.7103,-2.5913,0.0],[140.7101,-2.5911,1.1179],[140.71,-2.5911,1.1179],[140.7101,-2.5914,0.0],[140.7103,-2.5913,0.0]]],
[[[140.7015,-2.5739,1.5776],[140.7014,-2.5739,1.5776],[140.7014,-2.5741,1.5776],[140.7016,-2.5741,1.5776],[140.7015,-2.5739,1.5776]]],
[[[140.7017,-2.5738,1.5776],[140.7016,-2.5737,1.5776],[140.7016,-2.5738,1.5776],[140.7017,-2.5738,1.5776]]],
[[[140.7186,-2.5502,1.5335],[140.7179,-2.55,1.5335],[140.7169,-2.5518,2.8196],[140.7183,-2.5517,0.0],[140.7186,-2.5502,1.5335]]],
[[[140.7263,-2.5462,0.0],[140.7211,-2.544,0.0],[140.7195,-2.5446,0.0],[140.7257,-2.5472,6.3899],[140.7263,-2.5462,0.0]]],
[[[140.6072,-2.4384,0.0],[140.6067,-2.4381,0.0],[140.606,-2.4388,0.0],[140.6066,-2.439,0.0],[140.6072,-2.4384,0.0]]],
[[[136.6492,-2.2514,4.8337],[136.6503,-2.2515,0.0],[136.6503,-2.2504,1.5951],[136.6482,-2.2507,1.2991],[136.6492,-2.2514,4.8337]]],
[[[136.7385,-2.2443,0.0],[136.7383,-2.2456,2.5141],[136.74,-2.2459,2.5141],[136.7402,-2.2442,0.0],[136.7385,-2.2443,0.0]]],
[[[139.5717,-2.2371,1.6369],[139.5727,-2.2371,1.6369],[139.5727,-2.2358,0.0],[139.5724,-2.2358,0.0],[139.5717,-2.2371,1.6369]]],
[[[136.264,-2.2292,11.1192],[136.268,-2.2272,11.9074],[136.2696,-2.2211,0.0],[136.2614,-2.2168,5.0753],[136.2606,-2.2149,3.7816],[136.2566,-2.2168,13.9636],[136.2502,-2.2239,0.0],[136.2488,-2.2296,0.3324],[136.251,-2.233,0.0],[136.2543,-2.2332,0.0],[136.264,-2.2292,11.1192]]],
[[[139.5278,-2.2078,0.0],[139.5301,-2.21,0.0],[139.5321,-2.207,0.0],[139.5287,-2.2061,0.0],[139.5278,-2.2078,0.0]]],
[[[136.9105,-2.177,0.0],[136.9083,-2.1762,0.0],[136.9082,-2.179,1.4823],[136.909,-2.1792,1.9351],[136.9105,-2.177,0.0]]],
[[[139.5152,-2.1397,0.0],[139.5172,-2.1374,2.9253],[139.5142,-2.1333,0.0],[139.5139,-2.128,9.5016],[139.507,-2.125,15.7532],[139.5071,-2.1332,1.712],[139.5128,-2.1392,9.1912],[139.5152,-2.1397,0.0]]],
[[[136.7498,-2.2594,4.5336],[136.7488,-2.2608,1.5874],[136.7504,-2.2612,1.5874],[136.7514,-2.2597,0.0],[136.7498,-2.2594,4.5336]]],
[[[136.7541,-2.2591,1.0003],[136.7552,-2.2597,1.6285],[136.7541,-2.2576,1.9822],[136.7554,-2.2556,4.8927],[136.7532,-2.2563,1.9822],[136.753,-2.2595,1.0003],[136.7541,-2.2591,1.0003]]],
[[[136.7488,-2.2603,1.5874],[136.7539,-2.2549,3.3113],[136.7601,-2.2558,2.1432],[136.7586,-2.25,14.2503],[136.7534,-2.2478,0.0],[136.7505,-2.2522,16.6613],[136.7467,-2.2536,5.5377],[136.7488,-2.2603,1.5874]]],
[[[140.7178,-2.561,0.9016],[140.7177,-2.5608,7.8898],[140.7176,-2.5609,7.8898],[140.7178,-2.561,0.9016]]],
[[[140.7187,-2.5599,0.9016],[140.719,-2.5584,1.3927],[140.7182,-2.5593,1.3927],[140.7187,-2.5608,0.9016],[140.7187,-2.5599,0.9016]]],
[[[140.718,-2.5609,0.9016],[140.7181,-2.5606,0.9016],[140.718,-2.5605,0.9016],[140.7177,-2.5607,7.8898],[140.718,-2.5609,0.9016]]],
[[[135.8921,-2.9891,6.8924],[135.8906,-2.9837,5.5678],[135.8859,-2.9828,0.6636],[135.8837,-2.9839,1.3003],[135.8894,-2.9877,11.4203],[135.8921,-2.9891,6.8924]]],
[[[135.8924,-2.984,13.4037],[135.8934,-2.983,13.4037],[135.8911,-2.9784,7.4152],[135.8885,-2.9762,0.0],[135.8888,-2.981,10.9732],[135.8924,-2.984,13.4037]]],
[[[139.4736,-2.1157,11.5059],[139.4714,-2.1212,11.1425],[139.4723,-2.1237,0.0],[139.4787,-2.1206,1.7065],[139.4778,-2.1135,0.0],[139.4751,-2.1134,19.6963],[139.4736,-2.1157,11.5059]]],
[[[139.4536,-2.1199,2.0494],[139.4585,-2.1198,0.0],[139.4604,-2.1142,12.1868],[139.4594,-2.112,7.0417],[139.4544,-2.1139,9.6085],[139.4528,-2.117,13.2352],[139.4536,-2.1199,2.0494]]],
[[[137.0388,-2.1075,0.0],[137.0397,-2.1089,0.0],[137.0407,-2.107,0.0],[137.04,-2.1066,0.0],[137.0388,-2.1075,0.0]]],
[[[139.2388,-2.0355,4.4548],[139.2411,-2.0361,0.0],[139.2424,-2.0346,0.0],[139.2389,-2.0324,3.6784],[139.2388,-2.0355,4.4548]]],
[[[137.1843,-2.0071,1.2792],[137.1772,-2.0036,1.0168],[137.175,-2.0052,3.5563],[137.1728,-2.0032,1.2989],[137.1718,-2.0048,0.0],[137.1729,-2.0106,4.4945],[137.1756,-2.0127,1.2518],[137.1792,-2.0127,8.1855],[137.1813,-2.0163,0.0],[137.1879,-2.0195,1.658],[137.1929,-2.0183,2.8263],[137.1973,-2.0199,0.0],[137.1965,-2.0134,7.3615],[137.1843,-2.0071,1.2792]]],
[[[139.253,-2.0123,0.0],[139.2532,-2.0073,0.0],[139.2501,-2.0052,11.923],[139.2454,-2.004,5.5395],[139.2398,-2.005,0.0],[139.2407,-2.0089,0.0],[139.2421,-2.0082,0.0],[139.241,-2.0071,0.0],[139.242,-2.0053,4.3558],[139.2449,-2.0062,16.6761],[139.247,-2.0102,17.744],[139.2471,-2.015,0.8327],[139.2516,-2.0147,0.0],[139.253,-2.0123,0.0]]],
[[[139.1387,-2.0036,6.7408],[139.1375,-2.0,0.0],[139.1332,-1.9995,0.0],[139.1339,-2.0048,27.1883],[139.132,-2.0097,0.6038],[139.1367,-2.0111,1.0957],[139.1387,-2.0036,6.7408]]],
[[[137.2053,-1.9846,0.0],[137.2067,-1.9846,0.0],[137.2061,-1.9832,11.9206],[137.2026,-1.9819,2.0943],[137.2032,-1.9831,3.79],[137.2053,-1.9846,0.0]]],
[[[137.1787,-1.9825,0.9013],[137.1827,-1.9843,0.0],[137.1842,-1.9828,1.0423],[137.1801,-1.9788,0.0],[137.1757,-1.9793,0.0],[137.1787,-1.9825,0.9013]]],
[[[137.2027,-1.9828,2.0943],[137.1985,-1.9802,2.586],[137.1961,-1.9841,0.0],[137.201,-1.9856,3.0817],[137.2036,-1.9846,0.0],[137.2027,-1.9828,2.0943]]],
[[[136.389,-1.9759,0.0],[136.3911,-1.9768,0.0],[136.3918,-1.9765,0.0],[136.3887,-1.9744,0.0],[136.389,-1.9759,0.0]]],
[[[136.3186,-1.9615,16.9757],[136.3219,-1.9643,0.0],[136.3222,-1.9628,0.0],[136.3194,-1.96,6.3118],[136.3186,-1.9615,16.9757]]],
[[[136.3164,-1.9533,0.0],[136.3154,-1.9491,0.0],[136.3117,-1.9496,0.0],[136.3173,-1.9557,3.4917],[136.3164,-1.9533,0.0]]],
[[[139.0054,-1.9485,14.2043],[139.0072,-1.9505,5.6793],[139.0107,-1.9471,0.0],[139.0092,-1.9472,9.5389],[139.0054,-1.9485,14.2043]]],
[[[137.1879,-1.9632,0.0],[137.1859,-1.9703,0.0],[137.1911,-1.9703,0.0],[137.196,-1.9668,1.7511],[137.1908,-1.962,0.0],[137.1895,-1.9581,0.0],[137.1875,-1.96,0.0],[137.1879,-1.9632,0.0]]],
[[[136.375,-1.9585,28.6298],[136.3778,-1.9626,4.2526],[136.3792,-1.958,29.4208],[136.3765,-1.9567,36.099],[136.375,-1.9585,28.6298]]],
[[[136.362,-1.958,0.0],[136.3623,-1.9573,0.0],[136.361,-1.9575,0.0],[136.3618,-1.9588,0.0],[136.362,-1.958,0.0]]],
[[[136.3109,-1.9425,8.0432],[136.3107,-1.941,0.0],[136.3042,-1.9398,-0.0058],[136.3115,-1.9479,21.8952],[136.3124,-1.947,0.0],[136.3109,-1.9425,8.0432]]],
[[[139.0182,-1.9489,0.0],[139.0164,-1.9432,0.0],[139.0247,-1.9392,0.0],[139.0235,-1.933,2.378],[139.014,-1.936,14.1624],[139.0082,-1.9335,18.1734],[139.0008,-1.9377,3.225],[139.0122,-1.9431,1.9833],[139.0142,-1.9477,19.8838],[139.0182,-1.9489,0.0]]],
[[[137.1959,-1.9768,3.6859],[137.1925,-1.9753,0.0],[137.1897,-1.9775,0.6788],[137.1931,-1.9805,0.0],[137.1967,-1.9779,3.6859],[137.1959,-1.9768,3.6859]]],
[[[137.1955,-1.9738,0.0],[137.2047,-1.9807,1.7934],[137.2077,-1.9849,0.0],[137.2142,-1.9812,0.0],[137.2076,-1.9795,0.0],[137.1986,-1.9706,0.0],[137.1955,-1.9738,0.0]]],
[[[136.2608,-1.9204,0.0],[136.2603,-1.919,0.0],[136.2593,-1.919,0.0],[136.2597,-1.9204,0.0],[136.2608,-1.9204,0.0]]],
[[[136.3618,-1.9255,0.0],[136.3624,-1.9252,0.0],[136.3622,-1.9246,0.0],[136.3613,-1.9249,2.5394],[136.3618,-1.9255,0.0]]],
[[[136.4078,-1.9153,0.0],[136.4082,-1.9157,0.0],[136.4083,-1.9157,0.0],[136.4083,-1.9151,0.0],[136.4078,-1.9153,0.0]]],
[[[136.3695,-1.9208,0.0],[136.3687,-1.9202,0.0],[136.3681,-1.9216,0.0],[136.369,-1.9216,0.0],[136.3695,-1.9208,0.0]]],
[[[136.3815,-1.9207,0.0],[136.3831,-1.9246,0.0],[136.3817,-1.9155,0.0],[136.3807,-1.9176,2.7561],[136.3815,-1.9207,0.0]]],
[[[136.6201,-1.3352,8.5012],[136.6221,-1.3403,0.0],[136.6235,-1.3403,0.0],[136.6241,-1.3331,6.5205],[136.6211,-1.3318,9.3344],[136.6201,-1.3352,8.5012]]],
[[[136.6145,-1.3162,0.0],[136.6127,-1.3183,9.9305],[136.6157,-1.3194,11.4849],[136.6167,-1.3163,0.0],[136.6145,-1.3162,0.0]]],
[[[136.6918,-1.2963,0.0],[136.698,-1.2939,1.4346],[136.6995,-1.2925,0.0],[136.692,-1.2946,2.4319],[136.6918,-1.2963,0.0]]],
[[[136.3141,-1.2876,1.9601],[136.3234,-1.2813,0.0],[136.324,-1.2792,4.1952],[136.3193,-1.2773,5.4866],[136.3134,-1.2858,8.2099],[136.3141,-1.2876,1.9601]]],
[[[136.6728,-1.2786,1.6703],[136.6695,-1.2827,0.0],[136.6696,-1.2863,0.0],[136.6737,-1.2819,0.3784],[136.6743,-1.2767,0.0],[136.6728,-1.2786,1.6703]]],
[[[136.6703,-1.2969,5.5063],[136.6721,-1.2986,0.0],[136.6784,-1.2954,1.2369],[136.6773,-1.2907,0.6076],[136.6705,-1.2935,4.57],[136.6703,-1.2969,5.5063]]],
[[[136.3805,-1.2903,0.0],[136.3806,-1.2884,0.0],[136.3786,-1.2935,0.0],[136.3801,-1.2919,0.0],[136.3805,-1.2903,0.0]]],
[[[136.3859,-1.2621,0.0],[136.3865,-1.2612,0.0],[136.3845,-1.2607,0.0],[136.3846,-1.2613,0.0],[136.3859,-1.2621,0.0]]],
[[[136.6009,-1.2717,26.8931],[136.5923,-1.2693,0.0],[136.5895,-1.2733,2.7062],[136.5894,-1.2769,4.8087],[136.5919,-1.2834,0.0],[136.5942,-1.2844,29.076],[136.5934,-1.2858,16.7355],[136.5998,-1.2916,13.3138],[136.6008,-1.2971,0.0],[136.6042,-1.3021,7.7977],[136.605,-1.3009,0.0],[136.6026,-1.2929,0.0],[136.6064,-1.2859,0.0],[136.6061,-1.2826,15.565],[136.6085,-1.2817,0.0],[136.6107,-1.276,0.0],[136.607,-1.2733,21.7528],[136.6009,-1.2717,26.8931]]],
[[[136.6761,-1.2647,2.2399],[136.6796,-1.2636,0.0],[136.6764,-1.2607,0.0],[136.6679,-1.2632,3.7318],[136.6648,-1.267,13.4964],[136.6641,-1.2715,4.6592],[136.6712,-1.2725,4.4563],[136.6717,-1.2692,14.0382],[136.6761,-1.2647,2.2399]]],
[[[136.694,-1.2201,0.0],[136.697,-1.2243,15.8545],[136.7023,-1.2247,0.0],[136.7075,-1.2214,0.0],[136.7088,-1.2165,0.0],[136.7047,-1.2129,0.0],[136.6983,-1.2126,1.5772],[136.6948,-1.2148,0.0],[136.694,-1.2201,0.0]]],
[[[134.7852,-1.0978,0.0],[134.7865,-1.0994,2.2374],[134.788,-1.0974,0.0],[134.7873,-1.0925,0.0],[134.7857,-1.09,0.0],[134.7837,-1.09,12.605],[134.7839,-1.0941,6.8366],[134.7852,-1.0978,0.0]]],
[[[136.6221,-1.1575,6.187],[136.6203,-1.1603,0.7054],[136.6255,-1.1549,0.5461],[136.6261,-1.1505,0.9622],[136.6193,-1.159,3.3568],[136.6221,-1.1575,6.187]]],
[[[136.606,-1.1743,4.481],[136.6144,-1.1629,3.1725],[136.613,-1.1606,0.0],[136.6154,-1.1541,1.2801],[136.6188,-1.1552,0.0],[136.6198,-1.1507,0.0],[136.6156,-1.1408,0.4949],[136.6079,-1.1362,0.0],[136.6012,-1.1348,0.0],[136.6001,-1.1357,0.0],[136.6026,-1.1388,13.8109],[136.6022,-1.1418,0.0],[136.5999,-1.1503,0.8583],[136.5977,-1.153,0.0],[136.5972,-1.1594,4.3584],[136.5985,-1.1604,1.5627],[136.6004,-1.1588,-2.5],[136.6023,-1.1627,-2.4979],[136.6001,-1.1638,12.9108],[136.5972,-1.1608,1.833],[136.5927,-1.1626,2.5643],[136.5999,-1.1728,2.275],[136.606,-1.1743,4.481]]],
[[[136.3539,-1.2208,8.1078],[136.3527,-1.222,0.0],[136.3531,-1.2229,0.0],[136.355,-1.2217,13.2893],[136.3539,-1.2208,8.1078]]],
[[[136.6004,-1.2266,0.0],[136.612,-1.2237,0.5274],[136.6143,-1.2204,4.7849],[136.6138,-1.2104,1.2679],[136.6088,-1.1979,0.0],[136.6044,-1.1934,1.7893],[136.5972,-1.1895,0.0],[136.5867,-1.1909,0.0],[136.58,-1.1941,10.1854],[136.5769,-1.197,16.4149],[136.5761,-1.2002,18.152],[136.583,-1.2019,47.2768],[136.5853,-1.209,28.9541],[136.5845,-1.2145,17.1745],[136.5895,-1.2265,0.0],[136.5955,-1.2281,0.0],[136.6004,-1.2266,0.0]]],
[[[136.6982,-1.2513,1.7791],[136.7,-1.2522,1.5845],[136.7006,-1.2521,1.5845],[136.7,-1.2509,0.488],[136.6982,-1.2513,1.7791]]],
[[[136.201,-1.2586,0.0],[136.2068,-1.256,7.2558],[136.2269,-1.2394,0.0],[136.2307,-1.2316,0.0],[136.2164,-1.2293,2.7893],[136.1983,-1.2346,0.0],[136.188,-1.247,0.0],[136.1949,-1.255,3.9021],[136.201,-1.2586,0.0]]],
[[[136.3145,-1.2578,0.0],[136.3166,-1.2557,0.0],[136.3171,-1.2524,0.0],[136.3141,-1.2561,1.9868],[136.3145,-1.2578,0.0]]],
[[[136.3779,-1.2605,0.0],[136.377,-1.2548,3.003],[136.3788,-1.2497,4.7235],[136.3674,-1.2476,0.0],[136.3742,-1.257,6.2798],[136.3779,-1.2605,0.0]]],
[[[136.3846,-1.2527,0.0],[136.3857,-1.2532,0.0],[136.3861,-1.2528,0.0],[136.3845,-1.2514,0.0],[136.3846,-1.2527,0.0]]],
[[[136.6122,-1.2532,0.0],[136.6155,-1.2499,0.855],[136.6172,-1.2442,7.6192],[136.6163,-1.236,8.7797],[136.6113,-1.23,1.9555],[136.6019,-1.2293,0.0],[136.5949,-1.2365,6.4471],[136.5961,-1.248,10.046],[136.5983,-1.2522,0.0],[136.6046,-1.2549,0.0],[136.6122,-1.2532,0.0]]],
[[[136.5394,-1.2378,0.0],[136.5315,-1.2307,0.0],[136.5244,-1.2281,30.0467],[136.5164,-1.2279,0.0],[136.5048,-1.231,16.6787],[136.5013,-1.2297,18.5688],[136.5,-1.231,18.5688],[136.5031,-1.2399,5.8034],[136.5237,-1.2446,0.0],[136.5383,-1.243,0.0],[136.5398,-1.2408,0.0],[136.5394,-1.2378,0.0]]],
[[[136.34,-1.228,1.7537],[136.3414,-1.2234,0.0],[136.3375,-1.2219,12.0142],[136.3374,-1.2198,5.8797],[136.3256,-1.2176,2.1418],[136.318,-1.218,16.5285],[136.2979,-1.229,13.2618],[136.292,-1.235,3.9714],[136.2966,-1.2418,10.4854],[136.3013,-1.2446,0.0],[136.3053,-1.2423,1.2591],[136.309,-1.2357,13.219],[136.3126,-1.2333,0.0],[136.3331,-1.2276,8.6426],[136.3382,-1.2334,0.0],[136.3438,-1.2369,0.0],[136.3442,-1.2352,6.3402],[136.341,-1.2323,0.0],[136.34,-1.228,1.7537]]],
[[[136.4489,-1.2292,9.4374],[136.4506,-1.2203,6.3821],[136.4431,-1.1992,0.0],[136.4369,-1.2026,4.7948],[136.43,-1.2133,5.405],[136.4422,-1.2267,3.052],[136.4479,-1.2403,0.5362],[136.4489,-1.2292,9.4374]]],
[[[135.4455,-0.8767,11.5385],[135.4467,-0.8819,3.0668],[135.4476,-0.8827,3.0668],[135.446,-0.8728,0.0],[135.4455,-0.8767,11.5385]]],
[[[135.5406,-0.8726,0.0],[135.5404,-0.874,0.0],[135.5419,-0.8755,0.0],[135.541,-0.8728,0.0],[135.5406,-0.8726,0.0]]],
[[[135.4428,-0.8706,0.0],[135.4422,-0.8704,0.0],[135.4421,-0.8709,0.0],[135.4428,-0.8711,0.0],[135.4428,-0.8706,0.0]]],
[[[135.5356,-0.8678,0.0],[135.5353,-0.8682,0.0],[135.5356,-0.8693,0.0],[135.536,-0.8685,0.0],[135.5356,-0.8678,0.0]]],
[[[135.4392,-0.8667,3.8928],[135.436,-0.864,2.1453],[135.4371,-0.8673,3.7946],[135.4397,-0.8679,0.0],[135.4392,-0.8667,3.8928]]],
[[[135.53,-0.8629,0.6156],[135.5259,-0.8632,1.2747],[135.5256,-0.8649,1.5939],[135.5281,-0.8678,3.7956],[135.5297,-0.8672,6.1068],[135.53,-0.8629,0.6156]]],
[[[135.5012,-0.832,0.0],[135.506,-0.8354,1.8187],[135.5083,-0.8307,0.0],[135.5039,-0.8284,6.4922],[135.5012,-0.832,0.0]]],
[[[135.4954,-0.8337,0.0],[135.495,-0.834,0.0],[135.4952,-0.8344,0.0],[135.4959,-0.834,0.0],[135.4954,-0.8337,0.0]]],
[[[135.492,-0.8273,0.0],[135.4911,-0.8264,0.0],[135.4904,-0.8266,0.0809],[135.4907,-0.8276,0.0809],[135.492,-0.8273,0.0]]],
[[[135.5,-0.8274,0.0944],[135.5002,-0.8265,0.0944],[135.4991,-0.8265,0.0],[135.4993,-0.8275,0.0],[135.5,-0.8274,0.0944]]],
[[[135.4938,-0.8261,0.0],[135.4935,-0.8276,4.6749],[135.4955,-0.8272,2.2997],[135.4949,-0.826,0.0],[135.4938,-0.8261,0.0]]],
[[[135.4924,-0.826,0.0],[135.4921,-0.8252,0.0],[135.4917,-0.8253,0.0],[135.4916,-0.8258,0.0],[135.4924,-0.826,0.0]]],
[[[135.4715,-0.8207,0.0],[135.472,-0.8207,0.0],[135.4727,-0.8199,0.0],[135.4713,-0.8199,0.0],[135.4715,-0.8207,0.0]]],
[[[135.4792,-0.8099,0.0],[135.4788,-0.8098,0.0],[135.4786,-0.8103,0.0],[135.4792,-0.8104,0.0],[135.4792,-0.8099,0.0]]],
[[[135.5276,-0.8087,3.7563],[135.5305,-0.8083,0.0],[135.5296,-0.8061,0.0],[135.5254,-0.8076,2.6742],[135.5276,-0.8087,3.7563]]],
[[[135.5219,-0.7954,2.8611],[135.5199,-0.7963,8.4847],[135.5211,-0.7984,0.0],[135.5228,-0.7969,0.0],[135.5219,-0.7954,2.8611]]],
[[[135.7266,-0.7773,1.7105],[135.7269,-0.7761,0.0],[135.7249,-0.7769,2.9899],[135.7256,-0.7778,2.9899],[135.7266,-0.7773,1.7105]]],
[[[135.4232,-0.7592,0.0],[135.424,-0.7597,0.0],[135.4245,-0.7593,0.0],[135.4241,-0.7587,0.0],[135.4232,-0.7592,0.0]]],
[[[135.4744,-0.7502,0.0],[135.4748,-0.7503,0.0],[135.4748,-0.7499,0.0],[135.4745,-0.7499,0.0],[135.4744,-0.7502,0.0]]],
[[[135.48,-0.7492,0.0],[135.4802,-0.7487,0.0],[135.4798,-0.7485,0.0],[135.4795,-0.749,0.0],[135.48,-0.7492,0.0]]],
[[[135.4736,-0.7501,0.0],[135.4731,-0.7498,0.0],[135.4728,-0.7502,0.0],[135.4733,-0.7507,0.0],[135.4736,-0.7501,0.0]]],
[[[135.4743,-0.7496,0.0],[135.4739,-0.7489,0.0],[135.4734,-0.7493,0.0],[135.4737,-0.7498,0.0],[135.4743,-0.7496,0.0]]],
[[[135.5412,-0.8015,1.5733],[135.5399,-0.8034,0.0],[135.5408,-0.8046,0.0],[135.5422,-0.8027,1.5733],[135.5412,-0.8015,1.5733]]],
[[[135.5286,-0.8021,4.8639],[135.5277,-0.8023,0.0],[135.5278,-0.8031,0.0],[135.5291,-0.8031,0.0],[135.5286,-0.8021,4.8639]]],
[[[135.5231,-0.8003,10.1219],[135.5226,-0.8022,4.3227],[135.5239,-0.8025,4.3227],[135.524,-0.799,0.0],[135.5231,-0.8003,10.1219]]],
[[[134.9492,-1.0322,2.0024],[134.9496,-1.0277,9.114],[134.9476,-1.0269,0.0],[134.9463,-1.0286,6.5642],[134.9451,-1.0243,6.0002],[134.9393,-1.0286,2.5192],[134.94,-1.0333,9.2277],[134.9428,-1.0377,0.0],[134.9461,-1.0372,0.0],[134.9492,-1.0322,2.0024]]],
[[[134.8648,-1.1305,0.2697],[134.8654,-1.1322,0.0],[134.8675,-1.1316,1.664],[134.8699,-1.1337,0.0],[134.876,-1.1333,21.8041],[134.881,-1.1356,10.7764],[134.8827,-1.139,14.3612],[134.8903,-1.1407,5.8632],[134.9019,-1.1386,0.0],[134.9227,-1.1319,4.4829],[134.937,-1.131,5.84],[134.9425,-1.1285,1.498],[134.9523,-1.1276,0.0],[134.9532,-1.1255,0.0],[134.9483,-1.1226,5.9945],[134.9529,-1.1236,0.0],[134.9539,-1.1211,0.0],[134.9526,-1.1203,0.0],[134.9565,-1.1182,0.0],[134.9545,-1.1152,0.0],[134.9613,-1.112,1.4868],[134.9603,-1.1098,4.9704],[134.9626,-1.1099,0.0],[134.9612,-1.1057,12.9079],[134.9638,-1.1057,1.7308],[134.965,-1.1019,0.0],[134.9689,-1.0991,0.0],[134.9687,-1.0964,0.0],[134.9746,-1.0929,0.0],[134.9723,-1.0896,2.2204],[134.9748,-1.0877,0.0],[134.9745,-1.0845,6.7852],[134.9788,-1.0754,0.0],[134.9828,-1.0721,2.0337],[134.9812,-1.0692,0.0],[134.9812,-1.0643,0.0],[134.977,-1.0624,1.9648],[134.9789,-1.0627,0.0],[134.9798,-1.0584,0.0],[134.9784,-1.0539,19.1914],[134.9798,-1.0509,0.0],[134.9785,-1.0498,19.1706],[134.9821,-1.0462,0.0],[134.9821,-1.0395,0.0],[134.9805,-1.0372,4.9138],[134.986,-1.0358,2.8031],[134.9809,-1.0121,0.0],[134.9782,-1.0106,0.0],[134.9726,-1.0111,3.1593],[134.9619,-1.02,11.6646],[134.9591,-1.0201,10.2546],[134.954,-1.0267,5.0822],[134.9529,-1.0334,7.5986],[134.9596,-1.038,11.201],[134.961,-1.0482,34.6945],[134.9491,-1.0565,15.9889],[134.9424,-1.0585,0.0],[134.9387,-1.0634,0.0],[134.9396,-1.0722,17.036],[134.9241,-1.0752,17.4786],[134.9244,-1.0728,1.0976],[134.9207,-1.0702,4.8521],[134.9214,-1.0681,0.0],[134.9197,-1.0652,0.0],[134.9232,-1.0636,0.0],[134.924,-1.0596,0.0],[134.9259,-1.0592,0.0],[134.9229,-1.0575,2.6815],[134.9233,-1.0529,2.8532],[134.9211,-1.0518,10.1675],[134.9246,-1.0519,2.8532],[134.928,-1.044,12.7941],[134.9311,-1.046,5.4778],[134.9356,-1.0438,12.1765],[134.9351,-1.0469,0.0],[134.9377,-1.0469,9.4571],[134.9415,-1.0398,12.6619],[134.9369,-1.0269,0.0],[134.937,-1.0213,2.0682],[134.94,-1.0159,0.0],[134.9399,-1.0097,0.0],[134.9482,-1.0017,0.0],[134.9465,-0.9945,0.0],[134.9478,-0.9865,6.2782],[134.9442,-0.97,0.0],[134.9413,-0.9658,1.0821],[134.9331,-0.961,3.6952],[134.9273,-0.9541,0.0],[134.9173,-0.9516,3.3009],[134.9101,-0.9458,0.0],[134.9012,-0.9413,4.6055],[134.8822,-0.9345,0.0],[134.8639,-0.9335,5.0835],[134.8562,-0.9309,0.0],[134.8458,-0.9329,0.0],[134.8448,-0.9312,0.0],[134.8293,-0.9442,3.0831],[134.8202,-0.9473,0.0],[134.8109,-0.9533,9.0987],[134.8062,-0.9587,21.6414],[134.8064,-0.9654,1.6952],[134.8047,-0.9695,1.8035],[134.7926,-0.9811,5.7143],[134.7955,-0.9842,0.0],[134.8064,-0.9829,2.5998],[134.8089,-0.9809,6.3938],[134.8103,-0.9821,24.7722],[134.7971,-0.9902,5.6454],[134.8001,-0.996,20.9899],[134.8009,-1.0026,8.7402],[134.7995,-1.0053,2.7139],[134.7959,-1.0071,3.3391],[134.7937,-1.003,3.5114],[134.7929,-1.0037,5.883],[134.7935,-1.009,2.1898],[134.7961,-1.0097,12.3723],[134.7987,-1.0142,35.292],[134.7975,-1.0206,7.9372],[134.7948,-1.0243,5.2516],[134.7968,-1.0278,35.7883],[134.795,-1.0293,0.0],[134.795,-1.0323,0.0],[134.7985,-1.0383,17.1833],[134.8054,-1.0422,42.695],[134.8128,-1.0522,42.0454],[134.8142,-1.0565,34.3333],[134.8186,-1.0601,28.9156],[134.8197,-1.0643,5.864],[134.8241,-1.0665,5.1199],[134.8232,-1.0724,7.743],[134.8272,-1.0854,18.4497],[134.8287,-1.0863,0.0],[134.8355,-1.0823,16.3833],[134.8406,-1.0855,13.2316],[134.8397,-1.0893,4.4975],[134.8421,-1.0868,12.3243],[134.8442,-1.087,15.2389],[134.8392,-1.0939,34.332],[134.8358,-1.1047,7.4843],[134.8368,-1.1065,0.0],[134.842,-1.1077,39.3594],[134.844,-1.1104,10.6426],[134.8507,-1.1128,24.6635],[134.8527,-1.1169,4.7683],[134.856,-1.119,11.8717],[134.857,-1.1228,13.0835],[134.8542,-1.132,11.2891],[134.8568,-1.1368,0.0],[134.8606,-1.1381,0.0],[134.8586,-1.1325,1.0095],[134.8628,-1.1299,2.5955],[134.8648,-1.1305,0.2697]]],
[[[134.9417,-1.018,16.4109],[134.9388,-1.0217,9.2504],[134.9382,-1.027,14.185],[134.942,-1.0247,1.0501],[134.9456,-1.0156,0.0],[134.9441,-1.0152,0.0],[134.9417,-1.018,16.4109]]],
[[[134.9476,-1.0247,5.081],[134.952,-1.0262,0.0],[134.9549,-1.0225,0.0],[134.9549,-1.0183,0.0],[134.9512,-1.0135,5.7652],[134.9479,-1.0146,18.6548],[134.946,-1.019,17.0677],[134.9452,-1.0235,6.0002],[134.9476,-1.0247,5.081]]],
[[[134.9477,-1.0122,0.0],[134.9503,-1.013,5.7652],[134.9511,-1.0099,2.7961],[134.9482,-1.01,8.6168],[134.9477,-1.0122,0.0]]],
[[[134.7893,-0.9961,0.0],[134.7903,-0.9973,11.3399],[134.792,-0.9962,15.6298],[134.7926,-0.992,0.0],[134.7896,-0.9926,0.0],[134.7893,-0.9961,0.0]]],
[[[135.507,-0.9587,9.0365],[135.503,-0.9531,17.7192],[135.5013,-0.9431,15.9534],[135.4903,-0.929,0.0],[135.493,-0.9362,1.794],[135.4947,-0.9383,0.0],[135.495,-0.941,0.0],[135.4925,-0.9424,0.0],[135.4924,-0.9464,0.0],[135.4953,-0.9486,6.2829],[135.4967,-0.9557,0.0],[135.4961,-0.962,1.7924],[135.4936,-0.9648,0.0],[135.5089,-0.9679,9.6531],[135.5131,-0.9622,10.6662],[135.507,-0.9587,9.0365]]],
[[[135.2638,-0.4101,0.0],[135.2695,-0.4105,0.0],[135.2782,-0.4074,0.0],[135.2762,-0.4005,4.9867],[135.2697,-0.3923,0.0],[135.2674,-0.3928,1.4753],[135.2663,-0.3998,6.176],[135.263,-0.403,25.3548],[135.2621,-0.4086,1.9279],[135.2638,-0.4101,0.0]]],
[[[134.3005,0.8134,14.6348],[134.3008,0.8203,16.946],[134.3064,0.8375,0.0],[134.3039,0.8444,0.0],[134.2988,0.8348,0.0],[134.2964,0.8241,0.0],[134.297,0.8048,0.0],[134.3005,0.8044,0.0],[134.3026,0.8086,8.5443],[134.3005,0.8134,14.6348]]],
[[[134.3412,0.9182,0.0],[134.3401,0.924,0.0],[134.3422,0.9261,0.0],[134.3377,0.9302,0.0],[134.3356,0.9216,17.2276],[134.3294,0.9199,0.0],[134.3246,0.9161,0.0],[134.3229,0.9071,0.0],[134.3263,0.9051,0.0],[134.3412,0.9182,0.0]]],
[[[134.2995,0.9344,0.0],[134.3032,0.9344,0.0],[134.3022,0.9368,0.0],[134.2991,0.9378,0.0],[134.2957,0.9368,0.0],[134.2995,0.9344,0.0]]],
[[[136.1498,-1.1988,0.0],[136.1553,-1.1947,0.0],[136.1626,-1.1854,4.0514],[136.1726,-1.1817,1.5001],[136.1788,-1.1822,2.3672],[136.1907,-1.1776,9.6752],[136.1997,-1.1768,0.5922],[136.2031,-1.1758,0.761],[136.2034,-1.1738,3.5145],[136.2062,-1.1736,2.1283],[136.2076,-1.1757,0.0],[136.2085,-1.1739,0.0],[136.2074,-1.1733,0.0],[136.2127,-1.1724,5.0137],[136.2426,-1.1705,0.0],[136.2601,-1.1613,0.0],[136.2747,-1.1585,0.0],[136.2823,-1.1503,2.9784],[136.2939,-1.1474,0.0],[136.3028,-1.1425,13.8904],[136.3141,-1.1408,11.6965],[136.3264,-1.1335,2.2303],[136.3334,-1.1265,0.0],[136.3546,-1.1111,2.2226],[136.3586,-1.0974,6.9365],[136.3655,-1.0916,1.3202],[136.3706,-1.0895,15.2817],[136.3789,-1.0903,0.0],[136.3814,-1.089,9.1776],[136.3872,-1.0793,0.0],[136.3863,-1.0733,0.0],[136.3835,-1.071,0.0],[136.3604,-1.0634,19.2961],[136.3543,-1.0666,25.6508],[136.3451,-1.0662,0.0],[136.3316,-1.0761,10.7721],[136.3237,-1.0741,7.0855],[136.3112,-1.0606,7.0875],[136.3028,-1.06,36.0391],[136.2963,-1.055,4.3716],[136.2924,-1.046,7.6268],[136.292,-1.0347,3.4094],[136.2899,-1.0299,8.1323],[136.2845,-1.0277,18.6955],[136.2798,-1.0229,0.0],[136.2758,-1.0215,35.0025],[136.2684,-1.0219,44.2621],[136.2574,-1.0175,6.7924],[136.2538,-1.0184,20.0732],[136.2482,-1.0259,7.435],[136.237,-1.0295,7.9351],[136.2241,-1.0289,18.1736],[136.2081,-1.0315,44.997],[136.1898,-1.0449,22.9864],[136.1854,-1.0441,0.0],[136.1785,-1.0459,6.3342],[136.1725,-1.0442,0.0],[136.1608,-1.0346,66.0546],[136.1578,-1.0167,0.0],[136.1587,-1.0073,0.0],[136.1522,-0.9963,22.4752],[136.146,-0.992,0.0],[136.1356,-0.9902,32.2554],[136.1319,-0.9856,4.8835],[136.1192,-0.9756,0.0],[136.1105,-0.9713,0.0],[136.0991,-0.9606,52.6488],[136.0943,-0.9475,0.0],[136.0981,-0.9321,23.9481],[136.0915,-0.9172,34.0607],[136.0877,-0.9146,43.0269],[136.0851,-0.9152,30.7148],[136.0765,-0.9122,0.0],[136.0709,-0.9039,6.7257],[136.0703,-0.8964,4.0889],[136.0604,-0.8871,9.5434],[136.0532,-0.8895,6.6764],[136.0504,-0.8921,18.441],[136.0475,-0.9002,11.495],[136.0439,-0.8992,3.6166],[136.04,-0.8957,2.1644],[136.0398,-0.8937,0.0],[136.0462,-0.8841,16.0479],[136.0449,-0.8819,0.0],[136.0468,-0.8709,0.0],[136.0516,-0.8592,0.0],[136.0509,-0.8563,0.0],[136.0433,-0.8548,24.9083],[136.0387,-0.8594,5.9857],[136.0356,-0.8592,1.7114],[136.0387,-0.8469,4.3308],[136.0367,-0.843,3.4971],[136.0293,-0.8371,14.7061],[136.0099,-0.8315,11.7664],[136.0008,-0.8231,6.2234],[135.9934,-0.8208,0.0],[135.9836,-0.8146,10.228],[135.9819,-0.8156,22.1863],[135.9818,-0.8144,0.0],[135.9733,-0.8123,6.5461],[135.9629,-0.8041,0.0],[135.9597,-0.7993,2.2526],[135.9475,-0.7956,3.6398],[135.9418,-0.7875,0.0],[135.9368,-0.786,0.0],[135.9305,-0.7901,5.7052],[135.9248,-0.7902,6.7364],[135.9198,-0.7836,0.0],[135.9177,-0.7755,0.0],[135.9113,-0.768,0.0],[135.9088,-0.757,0.0],[135.9062,-0.7562,2.6399],[135.8947,-0.7442,0.0],[135.8904,-0.7368,0.0],[135.8909,-0.7355,0.0],[135.8834,-0.7277,0.0],[135.8814,-0.7277,42.4562],[135.8795,-0.724,5.637],[135.8777,-0.7238,34.6631],[135.8662,-0.7072,0.0],[135.854,-0.7002,17.5232],[135.8468,-0.6989,15.4585],[135.8117,-0.6854,7.3647],[135.8064,-0.6857,7.612],[135.8015,-0.6891,0.0],[135.7979,-0.6996,20.896],[135.7886,-0.7065,15.6328],[135.7888,-0.711,10.4721],[135.7827,-0.7167,3.7032],[135.7804,-0.7226,3.1561],[135.7746,-0.7211,0.0],[135.7668,-0.7228,0.0],[135.764,-0.7314,18.3302],[135.7619,-0.7336,0.0],[135.7635,-0.7363,8.9417],[135.7604,-0.7356,11.6372],[135.7487,-0.7406,5.542],[135.7373,-0.7331,9.0346],[135.7335,-0.7282,9.217],[135.7324,-0.7223,2.8511],[135.7277,-0.7161,8.7796],[135.7295,-0.7145,5.5137],[135.7283,-0.7126,0.0],[135.7187,-0.7087,6.5683],[135.7142,-0.7085,7.0643],[135.7099,-0.7118,9.9035],[135.7033,-0.7123,4.6489],[135.7003,-0.7201,9.1843],[135.6957,-0.723,8.1529],[135.6912,-0.7231,8.5742],[135.6852,-0.7198,8.0717],[135.6803,-0.7129,30.7859],[135.6839,-0.7056,5.5037],[135.682,-0.7038,2.0306],[135.6804,-0.693,0.0],[135.6777,-0.6877,3.1542],[135.6689,-0.6787,7.5538],[135.6657,-0.6777,0.0],[135.6626,-0.6798,6.278],[135.6608,-0.6791,1.6865],[135.6614,-0.6746,21.6605],[135.6589,-0.6694,3.2242],[135.6434,-0.6627,0.0],[135.6392,-0.6626,0.0],[135.6345,-0.6648,8.143],[135.6296,-0.6735,5.9467],[135.6271,-0.671,0.0],[135.6195,-0.6699,26.1428],[135.6189,-0.6745,9.7263],[135.6148,-0.6771,18.7775],[135.6159,-0.6813,11.1294],[135.6078,-0.6877,0.0],[135.6079,-0.6894,3.7458],[135.602,-0.6931,0.0],[135.6008,-0.6972,5.3515],[135.5948,-0.7027,9.3299],[135.5934,-0.7014,9.6661],[135.5934,-0.6966,1.765],[135.5987,-0.6865,0.9869],[135.5975,-0.6845,9.5104],[135.5987,-0.681,2.6591],[135.5959,-0.6761,6.2142],[135.5979,-0.6713,2.0551],[135.5966,-0.666,0.0],[135.5905,-0.6637,3.2377],[135.5843,-0.6633,7.5754],[135.5801,-0.6655,9.3715],[135.5734,-0.6655,5.5915],[135.5695,-0.6635,5.2117],[135.5663,-0.6641,10.1378],[135.5655,-0.6617,3.0625],[135.5602,-0.6591,2.5003],[135.5594,-0.6572,0.0],[135.5519,-0.6584,5.6452],[135.5507,-0.657,0.0],[135.5509,-0.6607,13.463],[135.5476,-0.6642,1.5154],[135.5442,-0.6658,4.8433],[135.5385,-0.6657,5.0464],[135.5348,-0.6745,0.0],[135.5318,-0.6717,20.968],[135.5322,-0.6684,10.723],[135.5269,-0.6687,11.8135],[135.5316,-0.6658,12.5225],[135.5257,-0.662,11.1636],[135.5159,-0.6607,4.3917],[135.5123,-0.6631,14.8055],[135.5106,-0.6595,1.6911],[135.5045,-0.6543,4.5276],[135.4957,-0.652,3.4571],[135.4898,-0.654,5.4889],[135.4898,-0.6587,11.2903],[135.4868,-0.6587,1.6421],[135.485,-0.6623,6.1981],[135.4831,-0.6625,5.6701],[135.4733,-0.6531,10.5781],[135.4632,-0.6462,0.0],[135.4597,-0.646,0.0],[135.4501,-0.6557,30.8796],[135.4436,-0.6592,30.2137],[135.4438,-0.6542,0.0],[135.4411,-0.6521,36.6928],[135.4436,-0.6512,42.2801],[135.4465,-0.6535,0.0],[135.4487,-0.6512,0.0],[135.4478,-0.6495,18.659],[135.4507,-0.6475,17.9076],[135.4504,-0.6449,17.0852],[135.4472,-0.6414,58.4897],[135.4399,-0.6451,17.926],[135.4375,-0.6422,0.8784],[135.4338,-0.6429,0.0],[135.4294,-0.6504,27.5137],[135.4252,-0.6503,0.0],[135.4249,-0.6538,10.067],[135.4221,-0.651,6.5012],[135.4196,-0.6536,32.3174],[135.4175,-0.653,17.9928],[135.416,-0.6493,0.0],[135.4117,-0.6512,0.0],[135.4104,-0.6461,0.0],[135.3998,-0.6356,64.0186],[135.3942,-0.6217,19.9965],[135.3918,-0.6203,17.5423],[135.3849,-0.621,7.0238],[135.3808,-0.6243,10.8596],[135.3785,-0.6225,0.0],[135.3774,-0.6264,40.4299],[135.3752,-0.626,0.0],[135.3755,-0.6278,4.0851],[135.3684,-0.6283,42.8164],[135.3636,-0.6304,16.1704],[135.3615,-0.6386,6.8674],[135.3633,-0.6451,0.0],[135.3718,-0.6555,21.8186],[135.3727,-0.6665,0.0],[135.3825,-0.6744,9.1447],[135.3874,-0.6756,10.5053],[135.3888,-0.6782,14.3714],[135.3862,-0.6806,14.4045],[135.3859,-0.6833,5.3741],[135.3939,-0.6916,23.1429],[135.3911,-0.6976,15.676],[135.3853,-0.6991,9.065],[135.3843,-0.7007,22.3339],[135.3878,-0.7024,11.7778],[135.3888,-0.7088,12.2182],[135.3929,-0.7154,84.3205],[135.3937,-0.7229,16.1672],[135.3954,-0.723,18.0481],[135.3961,-0.7251,0.0],[135.3986,-0.7243,41.8788],[135.3991,-0.7261,8.4617],[135.4018,-0.7252,56.1502],[135.4077,-0.7382,0.0],[135.4101,-0.739,8.7257],[135.4093,-0.7414,0.0],[135.4115,-0.7412,22.4404],[135.4118,-0.7466,0.0],[135.4144,-0.7459,5.0359],[135.4149,-0.7428,30.0753],[135.4168,-0.7431,0.0],[135.4159,-0.7446,0.0],[135.4172,-0.748,31.213],[135.4214,-0.7507,55.8253],[135.4195,-0.7511,4.1332],[135.4187,-0.7538,11.3049],[135.4271,-0.7577,59.4544],[135.4278,-0.7627,12.8885],[135.4295,-0.7624,57.1963],[135.4351,-0.7682,0.0],[135.4449,-0.7717,5.5683],[135.4456,-0.7739,1.0215],[135.4479,-0.7748,22.7609],[135.4479,-0.7775,7.8065],[135.4535,-0.7831,0.0],[135.4567,-0.7817,3.257],[135.4614,-0.7821,20.4603],[135.4648,-0.7865,11.3973],[135.4652,-0.791,7.4513],[135.4782,-0.7999,0.0],[135.4763,-0.8015,0.0],[135.4805,-0.8006,3.9052],[135.4902,-0.8052,20.5056],[135.4909,-0.8067,13.8304],[135.4886,-0.809,6.106],[135.4826,-0.812,0.0],[135.4833,-0.8152,3.4756],[135.4896,-0.8159,28.4141],[135.4958,-0.8207,7.1858],[135.5018,-0.8213,27.9833],[135.5004,-0.8248,0.0],[135.5103,-0.8274,7.9377],[135.5097,-0.8324,9.8025],[135.5073,-0.8344,3.1689],[135.5085,-0.8364,10.9261],[135.5072,-0.8428,2.563],[135.5089,-0.8448,6.0879],[135.5083,-0.8461,6.0879],[135.5169,-0.8552,0.8019],[135.522,-0.8535,7.9371],[135.5243,-0.8561,3.129],[135.5281,-0.8568,0.0],[135.5285,-0.8546,2.3849],[135.5304,-0.8545,13.6825],[135.5304,-0.8579,5.9951],[135.5327,-0.8576,12.25],[135.5315,-0.8604,0.0],[135.5344,-0.8612,16.2944],[135.5331,-0.8636,13.2385],[135.5368,-0.8664,16.5676],[135.538,-0.8718,0.0],[135.54,-0.8721,3.7478],[135.5422,-0.8693,4.4824],[135.5429,-0.8664,0.0],[135.5413,-0.8624,0.0],[135.5451,-0.8508,0.0],[135.5421,-0.8387,4.7457],[135.5387,-0.8385,10.9813],[135.5257,-0.8315,7.8894],[135.5255,-0.8263,3.8119],[135.5202,-0.8195,3.0857],[135.5225,-0.8152,0.0],[135.5232,-0.8057,0.0],[135.5198,-0.8023,11.333],[135.5185,-0.7967,0.0],[135.5129,-0.7894,2.154],[135.5051,-0.7883,6.9284],[135.5017,-0.7903,8.7443],[135.5025,-0.7932,5.6778],[135.5009,-0.7961,0.0],[135.5028,-0.7986,5.9051],[135.5004,-0.7986,4.7061],[135.4984,-0.8032,4.4617],[135.4989,-0.8066,1.1286],[135.501,-0.8073,5.4031],[135.4994,-0.8082,12.541],[135.501,-0.8113,9.0057],[135.4973,-0.8107,1.7388],[135.496,-0.8064,23.2335],[135.4919,-0.8031,21.6525],[135.4899,-0.798,7.5082],[135.4917,-0.7927,0.0],[135.4878,-0.7908,3.3065],[135.4788,-0.7814,0.0],[135.4783,-0.7796,48.3736],[135.4814,-0.776,0.0],[135.4803,-0.7731,2.1884],[135.4769,-0.7708,0.0],[135.4778,-0.7723,15.055],[135.4759,-0.7737,4.3681],[135.4745,-0.771,52.7594],[135.4764,-0.7688,13.58],[135.4739,-0.7668,26.1176],[135.4752,-0.7656,0.0],[135.4729,-0.7663,26.1176],[135.4713,-0.764,3.0428],[135.473,-0.7611,0.0],[135.4702,-0.7632,69.7111],[135.4692,-0.7619,33.0739],[135.4712,-0.76,0.0],[135.4682,-0.7607,58.492],[135.4674,-0.7586,8.1021],[135.4689,-0.7558,4.2708],[135.4674,-0.7553,34.5065],[135.4665,-0.7468,0.0],[135.4677,-0.745,6.0941],[135.4685,-0.7481,0.0],[135.4712,-0.7468,1.0515],[135.4722,-0.7478,1.0515],[135.4728,-0.7438,0.0],[135.4742,-0.7434,0.0],[135.4743,-0.7449,0.0],[135.4777,-0.7451,0.0],[135.4829,-0.7486,11.977],[135.4817,-0.7612,10.5514],[135.4872,-0.7701,5.3875],[135.5001,-0.7722,8.0741],[135.5028,-0.7765,0.0],[135.5092,-0.7796,0.0],[135.513,-0.7789,3.9788],[135.5161,-0.7815,0.0],[135.5289,-0.7829,15.6314],[135.5334,-0.7898,1.8035],[135.5386,-0.7936,9.0542],[135.5402,-0.7988,0.0],[135.543,-0.7992,15.4577],[135.5441,-0.8022,2.9409],[135.5471,-0.8013,0.0],[135.549,-0.8028,6.3753],[135.5521,-0.802,7.865],[135.5553,-0.8033,3.6529],[135.5552,-0.8063,0.0],[135.5585,-0.8114,0.0],[135.5609,-0.8115,0.0],[135.5641,-0.8159,6.9208],[135.5632,-0.8182,5.5973],[135.5664,-0.8234,0.0],[135.5688,-0.8231,3.9396],[135.5713,-0.8268,0.0],[135.5727,-0.8254,7.9935],[135.5712,-0.8275,0.0],[135.5727,-0.8298,0.0],[135.5768,-0.8323,2.6297],[135.5779,-0.8308,11.8934],[135.5781,-0.8335,2.1865],[135.5847,-0.836,7.3664],[135.5881,-0.8392,0.0],[135.5902,-0.8384,2.4716],[135.5926,-0.8402,1.2878],[135.5923,-0.8422,0.0],[135.5942,-0.8415,8.6893],[135.6058,-0.8508,7.0097],[135.6115,-0.8528,17.8333],[135.6113,-0.8558,12.4055],[135.6151,-0.8557,14.2424],[135.6133,-0.8577,10.4579],[135.6166,-0.857,10.4257],[135.6154,-0.8605,3.4569],[135.6253,-0.8759,5.669],[135.6271,-0.877,0.8134],[135.6277,-0.8741,9.9884],[135.6284,-0.876,4.1487],[135.6291,-0.8743,7.7946],[135.6298,-0.8771,4.6743],[135.6383,-0.8812,36.8241],[135.6398,-0.8851,7.0455],[135.6428,-0.8871,2.9544],[135.6539,-0.8759,0.0],[135.6557,-0.8719,0.0],[135.6672,-0.8624,2.2953],[135.6719,-0.8533,9.7956],[135.6719,-0.85,31.1552],[135.6763,-0.8478,0.0],[135.6769,-0.8426,10.886],[135.6799,-0.8405,16.8938],[135.6839,-0.8401,0.0],[135.6851,-0.8366,0.0],[135.6833,-0.8333,1.1774],[135.6841,-0.8318,0.0],[135.6917,-0.8267,0.0],[135.6934,-0.8239,0.0],[135.6928,-0.8212,5.8392],[135.6977,-0.8174,6.481],[135.6989,-0.8025,17.0347],[135.7012,-0.7997,0.0],[135.7041,-0.8004,0.8193],[135.7067,-0.7989,4.2033],[135.709,-0.794,4.6827],[135.713,-0.7935,0.9456],[135.7124,-0.7886,4.8404],[135.7157,-0.7881,0.0],[135.7163,-0.7849,2.3676],[135.7175,-0.7865,0.0],[135.7187,-0.7842,3.8247],[135.7204,-0.7845,2.3396],[135.7209,-0.7809,4.1821],[135.7262,-0.774,3.9334],[135.7295,-0.7753,0.8499],[135.723,-0.7853,0.0],[135.7234,-0.7935,0.0],[135.7206,-0.797,3.9354],[135.7139,-0.8,6.8665],[135.7092,-0.7999,8.7414],[135.7087,-0.8032,0.9761],[135.7111,-0.8058,1.5077],[135.7142,-0.8064,0.0],[135.7275,-0.8014,0.0],[135.7308,-0.8028,5.0856],[135.7298,-0.8043,2.7204],[135.7323,-0.8062,3.7743],[135.737,-0.8065,1.6825],[135.7365,-0.8077,1.6825],[135.7416,-0.8106,0.0],[135.7418,-0.8158,0.0],[135.7456,-0.8241,7.7971],[135.7503,-0.8287,0.0],[135.7527,-0.8363,0.0],[135.7554,-0.8374,44.5947],[135.7543,-0.8434,0.0],[135.7605,-0.8506,7.7581],[135.7609,-0.8563,9.722],[135.7665,-0.8634,0.0],[135.7659,-0.8695,0.8365],[135.7678,-0.8741,0.0],[135.7748,-0.876,5.2219],[135.7725,-0.8782,19.0566],[135.7682,-0.8788,0.0],[135.7659,-0.8853,7.671],[135.7675,-0.888,10.8111],[135.767,-0.8933,6.6119],[135.7695,-0.8955,38.3631],[135.77,-0.9014,0.0],[135.7752,-0.904,12.8625],[135.7773,-0.9113,21.4183],[135.7763,-0.9226,0.0],[135.7822,-0.9297,15.1233],[135.7828,-0.9361,0.0],[135.7862,-0.9377,12.1993],[135.7889,-0.9362,17.0643],[135.7876,-0.9456,15.2141],[135.7895,-0.9564,11.3483],[135.7876,-0.9655,17.2822],[135.7919,-0.968,3.6558],[135.7933,-0.9715,0.0],[135.7927,-0.9783,0.0],[135.7953,-0.9854,11.4575],[135.7986,-0.9881,10.1696],[135.801,-0.9985,0.0],[135.8035,-1.0026,0.0],[135.8108,-1.0087,0.0],[135.8143,-1.0087,7.0544],[135.8235,-1.0254,14.3484],[135.8255,-1.0318,0.0],[135.8226,-1.0387,25.6334],[135.823,-1.0453,30.8997],[135.8202,-1.0595,0.0],[135.8227,-1.066,52.5626],[135.8233,-1.0732,87.6556],[135.8211,-1.0753,41.8054],[135.8205,-1.0853,33.0456],[135.8181,-1.0892,4.366],[135.8023,-1.0924,5.7295],[135.8036,-1.0949,0.0],[135.802,-1.0978,0.0],[135.8064,-1.1034,93.94],[135.806,-1.1051,54.7192],[135.8118,-1.1152,0.0],[135.8143,-1.1138,45.285],[135.8179,-1.117,0.0],[135.8233,-1.1318,18.6108],[135.8394,-1.1445,111.784],[135.8578,-1.1666,5.653],[135.8662,-1.1688,54.3083],[135.8732,-1.1729,18.546],[135.8905,-1.1741,55.519],[135.8983,-1.1777,17.6112],[135.906,-1.178,0.0],[135.9075,-1.1676,15.0032],[135.9123,-1.1633,2.8016],[135.9135,-1.1597,0.0],[135.9224,-1.1583,0.0],[135.9318,-1.1547,0.0],[135.9354,-1.1492,22.5047],[135.9426,-1.1475,0.0],[135.9429,-1.1457,0.0],[135.9404,-1.1431,0.0],[135.9416,-1.1416,1.9533],[135.944,-1.1421,20.0973],[135.9451,-1.1463,0.0],[135.9513,-1.1466,0.0],[135.9557,-1.1492,7.6806],[135.9655,-1.1486,0.0],[135.9704,-1.1466,6.7104],[135.9783,-1.1473,14.3556],[135.9828,-1.1443,23.6571],[135.989,-1.1447,0.0],[136.0013,-1.1423,13.2677],[136.0172,-1.1445,24.0871],[136.0218,-1.1472,5.3689],[136.0283,-1.1463,0.0],[136.0321,-1.1483,0.0],[136.0351,-1.1472,9.582],[136.0382,-1.1486,0.0],[136.0439,-1.1552,3.8885],[136.0497,-1.1572,12.0025],[136.0502,-1.1721,0.0],[136.0563,-1.1777,0.0],[136.0733,-1.1841,3.4792],[136.0747,-1.1858,0.9378],[136.0791,-1.185,0.4538],[136.0847,-1.1879,2.5447],[136.0877,-1.1876,3.5616],[136.1344,-1.1996,0.0],[136.1423,-1.2002,0.0],[136.1479,-1.1986,1.1545],[136.1488,-1.1999,0.0],[136.1498,-1.1988,0.0]]],
[[[135.3948,-0.7265,0.0],[135.3956,-0.7264,0.0],[135.3957,-0.7257,0.0],[135.395,-0.7257,0.0],[135.3948,-0.7265,0.0]]],
[[[135.5906,-0.6606,0.0554],[135.5898,-0.6605,0.0],[135.5896,-0.6609,0.0],[135.5904,-0.6613,0.0],[135.5906,-0.6606,0.0554]]],
[[[135.4474,-0.6538,0.0],[135.4475,-0.6544,0.0],[135.4476,-0.6545,0.0],[135.4482,-0.6538,0.0],[135.4474,-0.6538,0.0]]],
[[[135.5293,-0.6546,0.0],[135.5344,-0.6497,0.0],[135.5299,-0.6436,23.0814],[135.526,-0.6424,3.2194],[135.5242,-0.6513,14.9306],[135.5254,-0.6554,2.2689],[135.5293,-0.6546,0.0]]],
[[[135.4448,-0.6415,14.4582],[135.4446,-0.6416,14.4582],[135.4448,-0.6421,14.4582],[135.4451,-0.6418,14.4582],[135.4448,-0.6415,14.4582]]],
[[[135.4458,-0.6355,0.0],[135.446,-0.636,0.0],[135.4466,-0.6357,0.0],[135.4463,-0.6354,0.0],[135.4458,-0.6355,0.0]]],
[[[135.4982,-0.6363,11.8407],[135.4983,-0.6384,0.0],[135.5,-0.6384,0.0],[135.5034,-0.6339,17.7323],[135.5013,-0.6328,0.0],[135.4982,-0.6363,11.8407]]],
[[[135.4897,-0.6384,0.0],[135.4881,-0.6298,3.5654],[135.4858,-0.6285,13.9439],[135.4813,-0.629,8.3105],[135.4882,-0.6407,0.0],[135.4897,-0.6384,0.0]]],
[[[135.4465,-0.6343,0.0],[135.4472,-0.6346,0.0],[135.4471,-0.6338,0.0],[135.4467,-0.6338,0.0],[135.4465,-0.6343,0.0]]],
[[[136.6028,-1.3231,0.0],[136.6048,-1.3232,0.0],[136.6064,-1.3209,0.0],[136.6074,-1.3113,4.3644],[136.6063,-1.3041,8.4596],[136.6033,-1.3027,7.7977],[136.6036,-1.3089,19.0632],[136.6006,-1.3191,19.2578],[136.6028,-1.3231,0.0]]],
[[[136.2044,-1.3085,0.0],[136.2088,-1.3126,22.8117],[136.2112,-1.3122,15.1299],[136.2085,-1.3063,21.3851],[136.2053,-1.3064,25.9789],[136.2044,-1.3085,0.0]]],
[[[136.2171,-1.3053,8.9983],[136.2161,-1.307,20.2265],[136.2172,-1.3088,2.8421],[136.2194,-1.3061,5.0223],[136.2171,-1.3053,8.9983]]],
[[[136.3739,-1.3045,0.0],[136.3739,-1.3104,0.0],[136.3755,-1.3001,0.0],[136.3743,-1.3025,0.0],[136.3739,-1.3045,0.0]]],
[[[136.4108,-1.2877,5.1242],[136.4136,-1.2766,2.0118],[136.4223,-1.268,2.0853],[136.418,-1.268,6.7083],[136.4151,-1.2708,7.4898],[136.4104,-1.2826,6.0569],[136.4099,-1.2866,5.1242],[136.4134,-1.3094,0.0],[136.4144,-1.2996,11.9238],[136.4108,-1.2877,5.1242]]],
[[[138.9634,-8.2545,3.0569],[138.9634,-8.2545,3.0569],[138.9634,-8.2545,3.0569],[138.9616,-8.2589,10.7321],[138.9597,-8.2609,4.1208],[138.9468,-8.2638,4.2389],[138.9532,-8.2672,13.0091],[138.9529,-8.269,15.9987],[138.9529,-8.2674,13.0091],[138.9504,-8.267,12.185],[138.9455,-8.2644,1.6858],[138.9346,-8.2777,3.5456],[138.9251,-8.2778,2.759],[138.9244,-8.2809,0.0],[138.9319,-8.298,0.0],[138.9338,-8.2969,16.0243],[138.9322,-8.2988,0.0],[138.9338,-8.3028,13.8579],[138.937,-8.3033,2.8032],[138.9506,-8.2963,2.4249],[138.9497,-8.2874,13.0298],[138.951,-8.2789,14.4463],[138.9515,-8.2827,11.2457],[138.9502,-8.2895,12.0343],[138.9513,-8.296,6.7539],[138.9643,-8.2926,8.0291],[138.9665,-8.2903,9.8306],[138.9655,-8.2889,13.9149],[138.9668,-8.2901,11.4699],[138.9677,-8.2885,13.3176],[138.9689,-8.2892,12.6097],[138.965,-8.2924,6.6207],[138.9734,-8.2917,6.0008],[138.9795,-8.2875,3.1913],[138.9782,-8.2758,8.3712],[138.9879,-8.2662,6.8839],[138.9947,-8.2627,2.5257],[138.9927,-8.2602,9.4349],[138.9913,-8.2533,4.5913],[138.9892,-8.2517,9.1008],[138.991,-8.25,9.0734],[138.9907,-8.2472,8.1437],[138.9886,-8.2474,9.6254],[138.9895,-8.2447,5.7469],[138.9908,-8.2406,8.0933],[138.9969,-8.2374,0.0],[138.9963,-8.2327,0.0],[138.9939,-8.2296,8.2976],[138.9882,-8.2337,10.3383],[138.9791,-8.236,4.688],[138.9688,-8.2413,14.329],[138.9634,-8.2545,3.0569]]],
[[[140.71013225806453,-2.5985258064515508,0.0],[140.71017364864863,-2.5983878378378442,0.0],[140.7063,-2.5966,2.7581],[140.7065,-2.5986,0.0],[140.709,-2.5981,0.7541],[140.7082,-2.5995,0.7541],[140.7067,-2.5989,0.0],[140.7075,-2.5998,0.0],[140.7088,-2.601,0.0],[140.71013225806453,-2.5985258064515508,0.0]]],
[[[136.517,-1.8965,0.0],[136.517,-1.896,0.0],[136.5165,-1.8961,0.0],[136.5165,-1.8963,0.0],[136.517,-1.8965,0.0]]],
[[[136.4686,-1.8965,0.0],[136.4687,-1.8956,0.0],[136.4682,-1.8954,0.0],[136.4678,-1.8968,0.0],[136.4686,-1.8965,0.0]]],
[[[136.4119,-1.8952,0.0],[136.4122,-1.8946,0.0],[136.4118,-1.8943,0.0],[136.4113,-1.895,0.0],[136.4119,-1.8952,0.0]]],
[[[136.3577,-1.9021,6.9521],[136.3575,-1.9015,6.9521],[136.3564,-1.9017,0.0],[136.3572,-1.9031,0.0],[136.3577,-1.9021,6.9521]]],
[[[136.3552,-1.9029,0.0],[136.3556,-1.9024,0.0],[136.3555,-1.9017,0.0],[136.3547,-1.9023,0.0],[136.3552,-1.9029,0.0]]],
[[[136.3179,-1.9002,0.4714],[136.3166,-1.9018,0.0],[136.3173,-1.9039,0.0],[136.3182,-1.9018,0.0],[136.3179,-1.9002,0.4714]]],
[[[136.3534,-1.9009,2.5002],[136.3548,-1.8992,4.5961],[136.3531,-1.8972,0.0],[136.3516,-1.8991,5.6736],[136.3534,-1.9009,2.5002]]],
[[[135.8004,-1.8809,6.6532],[135.8036,-1.879,27.4252],[135.7999,-1.8754,2.2246],[135.7991,-1.879,10.3233],[135.8004,-1.8809,6.6532]]],
[[[136.3345,-1.873,0.0],[136.3352,-1.8727,0.0],[136.335,-1.8717,0.0],[136.3341,-1.8723,0.0],[136.3345,-1.873,0.0]]],
[[[136.3438,-1.876,5.6618],[136.3494,-1.879,3.7501],[136.3552,-1.876,24.4263],[136.3513,-1.8744,0.0],[136.3493,-1.8717,0.0],[136.3438,-1.876,5.6618]]],
[[[138.7622,-1.8681,0.0],[138.7666,-1.8681,0.0],[138.7681,-1.8656,0.0],[138.7659,-1.8641,0.0],[138.7622,-1.8681,0.0]]],
[[[138.7461,-1.8315,6.5211],[138.7451,-1.8313,6.5211],[138.7443,-1.8332,0.0],[138.7457,-1.8324,6.5211],[138.7461,-1.8315,6.5211]]],
[[[135.7726,-1.7797,0.6529],[135.7728,-1.7804,0.6529],[135.7746,-1.7792,0.8802],[135.7738,-1.7784,0.8802],[135.7726,-1.7797,0.6529]]],
[[[135.8686,-1.7708,13.9989],[135.8703,-1.7698,0.0],[135.8676,-1.7687,2.8846],[135.8672,-1.7696,0.0],[135.8686,-1.7708,13.9989]]],
[[[135.8177,-1.7904,0.0],[135.8159,-1.7864,22.7572],[135.8119,-1.7844,0.0],[135.8023,-1.7855,0.0],[135.799,-1.7889,2.8518],[135.7981,-1.7948,4.5195],[135.7994,-1.7998,39.9615],[135.7945,-1.7995,16.2765],[135.7967,-1.8042,16.5691],[135.7945,-1.8099,14.774],[135.7967,-1.8131,0.0],[135.8001,-1.8113,2.8973],[135.8023,-1.8159,13.1369],[135.804,-1.8155,64.0048],[135.8049,-1.8171,9.9983],[135.8072,-1.817,2.019],[135.8087,-1.8141,10.8288],[135.8122,-1.8123,75.2604],[135.8148,-1.8151,9.857],[135.818,-1.8158,18.2851],[135.8189,-1.8126,5.1974],[135.817,-1.8094,6.9221],[135.8221,-1.8051,3.4677],[135.8244,-1.8053,6.5648],[135.8253,-1.8003,4.7091],[135.8226,-1.7949,0.0],[135.8194,-1.7957,1.7186],[135.8194,-1.797,33.3749],[135.8186,-1.7951,1.7186],[135.8173,-1.7957,9.7539],[135.8189,-1.7928,0.0],[135.8177,-1.7904,0.0]]],
[[[135.9371,-1.8011,0.0],[135.9368,-1.7956,0.0],[135.9301,-1.7976,12.726],[135.9339,-1.8042,15.399],[135.9371,-1.8011,0.0]]],
[[[135.9206,-1.7875,0.0],[135.9207,-1.7867,0.0],[135.9199,-1.7864,0.0],[135.9197,-1.7873,0.0],[135.9206,-1.7875,0.0]]],
[[[137.1042,-1.8693,0.0],[137.0975,-1.8594,4.8799],[137.088,-1.8559,0.0],[137.0871,-1.8718,7.7023],[137.0883,-1.8882,18.2466],[137.0924,-1.8941,13.7309],[137.096,-1.8942,5.2031],[137.097,-1.8905,3.8026],[137.1038,-1.8822,4.5774],[137.1121,-1.8765,0.0],[137.1042,-1.8693,0.0]]],
[[[137.0521,-1.87,0.0],[137.055,-1.8687,0.0],[137.057,-1.8639,13.7806],[137.0544,-1.8608,11.1546],[137.0536,-1.8566,0.0],[137.045,-1.8455,0.0],[137.0377,-1.8411,0.0],[137.0334,-1.8345,0.0],[137.0287,-1.8317,2.0255],[137.0165,-1.831,0.0],[136.9911,-1.8371,5.8634],[136.9826,-1.837,7.5213],[136.9727,-1.8346,15.8689],[136.9688,-1.8363,27.0964],[136.9556,-1.8333,11.8253],[136.9504,-1.8365,12.5311],[136.9545,-1.8423,23.0475],[136.986,-1.8504,9.0819],[136.988,-1.8504,0.0],[136.988,-1.8477,1.6091],[136.9899,-1.846,13.7266],[136.9925,-1.8459,24.7405],[137.0004,-1.8503,6.4236],[137.0018,-1.8526,13.3719],[137.0073,-1.8535,11.764099999999999],[137.0132,-1.8576,9.2648],[137.0167,-1.8554,10.8937],[137.0202,-1.8565,4.3625],[137.023,-1.8592,34.5507],[137.0394,-1.8626,35.9991],[137.0466,-1.8697,0.0],[137.0521,-1.87,0.0]]],
[[[135.809,-1.8966,0.0],[135.813,-1.8973,0.0],[135.8162,-1.8934,0.0],[135.8115,-1.8904,3.767],[135.809,-1.8966,0.0]]],
[[[136.3327,-1.8955,0.0],[136.3332,-1.8939,0.0],[136.3311,-1.8921,2.12],[136.3281,-1.8936,17.2955],[136.3252,-1.8923,0.0],[136.3236,-1.8961,0.0],[136.3255,-1.8963,4.6252],[136.325,-1.9019,0.0],[136.3342,-1.9019,0.0],[136.3306,-1.8979,5.3054],[136.3327,-1.8955,0.0]]],
[[[136.3681,-1.8914,0.0],[136.3658,-1.8873,0.0],[136.3615,-1.8856,7.8014],[136.3603,-1.8881,3.5781],[136.3624,-1.8956,6.1305],[136.358,-1.8964,18.5951],[136.3605,-1.901,6.5238],[136.3586,-1.9037,0.0],[136.3621,-1.9028,2.6745],[136.3623,-1.8997,0.0],[136.3638,-1.9016,0.0],[136.3644,-1.9003,10.5466],[136.3666,-1.9019,0.0],[136.3711,-1.9007,0.0],[136.371,-1.8992,24.1245],[136.3728,-1.8983,0.0],[136.3718,-1.8947,0.0],[136.3687,-1.8933,34.7139],[136.3681,-1.8914,0.0]]],
[[[136.3299,-1.8914,6.9161],[136.3307,-1.8914,2.12],[136.3301,-1.8905,0.0],[136.3295,-1.8908,0.0],[136.3299,-1.8914,6.9161]]],
[[[135.8244,-1.8829,0.0],[135.8213,-1.8847,2.4638],[135.8213,-1.8857,2.4638],[135.8248,-1.884,0.0],[135.8244,-1.8829,0.0]]],
[[[136.3343,-1.8903,0.0],[136.3338,-1.8899,0.0],[136.3318,-1.8911,0.0],[136.333,-1.8911,0.0],[136.3343,-1.8903,0.0]]],
[[[136.36,-1.9585,6.409],[136.3566,-1.9484,0.0],[136.3598,-1.9476,39.0003],[136.3639,-1.9506,0.0],[136.3689,-1.9426,0.0],[136.366,-1.9414,7.7972],[136.367,-1.939,0.0],[136.3636,-1.9325,0.0],[136.3594,-1.935,0.0],[136.3609,-1.9391,4.7367],[136.3554,-1.9383,2.3574],[136.3568,-1.9365,0.0],[136.3567,-1.9305,8.9691],[136.3578,-1.9317,0.0],[136.3598,-1.9302,0.0],[136.361,-1.9253,2.5394],[136.3577,-1.9216,2.5572],[136.3594,-1.9184,5.8627],[136.3584,-1.9163,3.6948],[136.3543,-1.9195,6.0888],[136.3534,-1.9174,6.9029],[136.3567,-1.916,0.0],[136.3554,-1.9147,0.0],[136.3569,-1.9137,0.0],[136.3546,-1.9124,26.2448],[136.3564,-1.9102,0.0],[136.3579,-1.9112,0.0],[136.3567,-1.9091,0.0],[136.3578,-1.9054,0.0],[136.3522,-1.905,8.9429],[136.3479,-1.9101,75.3881],[136.3461,-1.916,3.4925],[136.3439,-1.9137,0.0],[136.3431,-1.9157,14.0526],[136.3413,-1.9129,0.0],[136.3428,-1.9173,1.1302],[136.3415,-1.92,2.9742],[136.3393,-1.9152,0.0],[136.3374,-1.9148,20.4185],[136.3381,-1.9114,16.2571],[136.3354,-1.9113,28.9147],[136.3365,-1.9097,16.3794],[136.3353,-1.9059,0.0],[136.3339,-1.9047,11.3358],[136.3332,-1.9069,17.6229],[136.3317,-1.9067,11.0307],[136.3304,-1.9041,0.0],[136.328,-1.9044,0.0],[136.3252,-1.9091,0.0],[136.3274,-1.9114,8.6144],[136.327,-1.9145,7.3206],[136.3288,-1.9152,40.0907],[136.3277,-1.9163,0.0],[136.3293,-1.9177,28.1489],[136.3287,-1.9194,24.7752],[136.3312,-1.9203,13.3806],[136.3325,-1.9235,0.0],[136.336,-1.9253,2.2595],[136.3363,-1.9278,0.0],[136.3382,-1.9275,12.6597],[136.3426,-1.9326,2.9723],[136.3374,-1.9325,2.0134],[136.3304,-1.9279,0.0],[136.3295,-1.9326,31.6791],[136.3309,-1.9355,32.5576],[136.3392,-1.9422,82.9322],[136.3433,-1.952,25.5386],[136.3491,-1.9537,9.8137],[136.354,-1.9599,5.0222],[136.3611,-1.9628,0.8757],[136.36,-1.9585,6.409]]],
[[[136.3848,-1.9116,11.5184],[136.3853,-1.9117,11.5184],[136.3856,-1.9111,0.0],[136.3851,-1.9109,0.0],[136.3848,-1.9116,11.5184]]],
[[[136.3414,-1.9074,0.0],[136.3408,-1.907,0.0],[136.3415,-1.9088,0.0],[136.3418,-1.9087,0.0],[136.3414,-1.9074,0.0]]],
[[[136.3666,-1.9075,15.0822],[136.3665,-1.9057,0.0],[136.3648,-1.9049,10.2508],[136.3612,-1.9076,11.4921],[136.3607,-1.9052,3.9183],[136.3592,-1.9074,0.0],[136.3635,-1.9108,0.0],[136.3685,-1.9069,0.0],[136.3666,-1.9075,15.0822]]],
[[[136.3751,-1.9085,0.0],[136.376,-1.9058,0.0],[136.3727,-1.9049,17.4195],[136.3715,-1.907,0.0],[136.3751,-1.9085,0.0]]],
[[[136.405,-1.9067,4.3156],[136.3984,-1.9038,14.8115],[136.3943,-1.9038,3.784],[136.3896,-1.907,0.0],[136.3886,-1.9096,15.357],[136.3898,-1.9092,7.7317],[136.3907,-1.9105,51.5593],[136.3894,-1.9098,15.357],[136.3884,-1.9113,34.8468],[136.3876,-1.9101,0.0],[136.3876,-1.9129,13.2888],[136.3868,-1.9123,13.2888],[136.3869,-1.9107,0.0],[136.3864,-1.9106,0.0],[136.3858,-1.9123,11.5184],[136.3825,-1.9139,9.1834],[136.3886,-1.9145,1.51],[136.39,-1.9112,15.357],[136.3918,-1.9112,51.5593],[136.3915,-1.9133,22.7572],[136.3902,-1.9129,34.8468],[136.3924,-1.9143,46.7371],[136.3918,-1.9158,27.574],[136.3903,-1.9141,1.51],[136.3846,-1.9155,27.5367],[136.3861,-1.9186,0.0],[136.3913,-1.9179,31.7663],[136.3914,-1.9199,3.7527],[136.3933,-1.9207,0.0],[136.3929,-1.918,0.0],[136.3951,-1.9186,0.0],[136.398,-1.9168,9.3094],[136.3967,-1.9188,12.8837],[136.3995,-1.9198,0.0],[136.4044,-1.9162,20.4042],[136.4046,-1.9125,45.4217],[136.4078,-1.9136,0.0],[136.4084,-1.9097,33.7304],[136.405,-1.9067,4.3156]]],
[[[136.2956,-1.9176,12.6509],[136.2944,-1.9163,12.6509],[136.2926,-1.9173,25.3307],[136.2915,-1.9149,29.4249],[136.2943,-1.9116,0.0],[136.2934,-1.9073,19.0128],[136.2913,-1.9061,52.7096],[136.296,-1.9034,0.0],[136.2943,-1.8979,0.0],[136.2846,-1.8958,4.1427],[136.2907,-1.8885,0.0],[136.2904,-1.8869,0.0],[136.2828,-1.8891,9.8616],[136.2822,-1.8854,0.0],[136.2801,-1.8878,7.9034],[136.2791,-1.8966,0.0],[136.283,-1.8975,9.2313],[136.2847,-1.8999,0.0],[136.283,-1.9103,0.0],[136.2901,-1.9302,27.2948],[136.2891,-1.9329,0.0],[136.293,-1.9397,0.0],[136.2961,-1.9382,0.0],[136.2974,-1.9345,17.6745],[136.299,-1.9344,12.6001],[136.3002,-1.9318,0.0],[136.2985,-1.9288,4.2546],[136.3009,-1.9267,4.7813],[136.3007,-1.9232,4.6095],[136.2966,-1.9228,13.2273],[136.2985,-1.9204,0.0],[136.2956,-1.9176,12.6509]]],
[[[135.8122,-1.7417,0.0],[135.8073,-1.7385,3.9112],[135.8046,-1.745,26.7758],[135.803,-1.7447,2.4533],[135.801,-1.7473,4.3752],[135.7923,-1.7457,0.0],[135.792,-1.7492,3.0452],[135.7934,-1.75,0.0],[135.7983,-1.7484,4.3922],[135.8008,-1.7498,6.7686],[135.8006,-1.7514,0.0],[135.803,-1.7498,6.2918],[135.8075,-1.7505,2.5632],[135.8091,-1.7423,20.8018],[135.8122,-1.7417,0.0]]],
[[[135.7885,-1.7573,1.5243],[135.7874,-1.758,0.0],[135.7897,-1.7581,0.0],[135.7893,-1.7558,0.0],[135.7888,-1.7558,0.0],[135.7885,-1.7573,1.5243]]],
[[[135.6895,-1.7092,1.0706],[135.6846,-1.7085,6.0193],[135.6809,-1.7146,0.0],[135.683,-1.7167,0.0],[135.6856,-1.7162,9.8424],[135.6872,-1.7129,14.0256],[135.6912,-1.7111,0.0],[135.6895,-1.7092,1.0706]]],
[[[135.7894,-1.7671,19.1387],[135.7866,-1.7642,0.0],[135.7882,-1.7591,0.0],[135.7823,-1.7616,22.6017],[135.7705,-1.7601,5.6698],[135.7718,-1.765,36.142],[135.7659,-1.7707,0.0],[135.7658,-1.7725,3.4674],[135.7705,-1.7759,18.0313],[135.77,-1.7744,39.6636],[135.7739,-1.7739,7.8567],[135.7793,-1.7703,1.8855],[135.7826,-1.7718,0.0],[135.7848,-1.7691,34.6656],[135.7891,-1.7688,10.3026],[135.7925,-1.7709,6.0147],[135.7894,-1.7671,19.1387]]],
[[[135.8832,-1.7656,0.0],[135.8822,-1.7666,4.8222],[135.8842,-1.7679,0.0],[135.8834,-1.7657,0.0],[135.8832,-1.7656,0.0]]],
[[[135.8117,-1.7682,0.0],[135.812,-1.7686,0.0],[135.8125,-1.7685,0.0],[135.8114,-1.7674,0.0],[135.8117,-1.7682,0.0]]],
[[[135.836,-1.7668,3.1493],[135.8358,-1.7679,3.1493],[135.8372,-1.7687,0.0],[135.8373,-1.7676,0.0],[135.836,-1.7668,3.1493]]],
[[[135.8293,-1.7647,0.0],[135.8298,-1.7653,0.0],[135.8328,-1.7661,0.0],[135.8303,-1.7619,0.0],[135.8293,-1.7647,0.0]]],
[[[138.8031,-1.6666,0.0],[138.8028,-1.6638,0.0],[138.7983,-1.6638,25.4471],[138.7935,-1.6666,0.0],[138.7938,-1.6685,66.989],[138.79,-1.673,22.3417],[138.7954,-1.686,41.7633],[138.7959,-1.6911,76.8119],[138.7934,-1.6998,0.0],[138.7974,-1.7068,0.0],[138.8006,-1.7023,4.9362],[138.8001,-1.6935,0.0],[138.8053,-1.6792,0.0],[138.8048,-1.6749,0.0],[138.8025,-1.673,0.0],[138.8031,-1.6666,0.0]]],
[[[138.7737,-1.6453,3.6488],[138.7772,-1.645,0.0],[138.7754,-1.6402,0.0],[138.774,-1.6409,0.0],[138.7737,-1.6453,3.6488]]],
[[[138.7404,-1.5979,0.0],[138.717,-1.58,6.5853],[138.7093,-1.5965,0.0],[138.7093,-1.6054,1.395],[138.7155,-1.6116,0.0],[138.7183,-1.6184,3.1559],[138.7358,-1.6243,10.3075],[138.748,-1.6247,0.0],[138.7491,-1.6228,0.0],[138.7476,-1.6222,0.0],[138.7478,-1.6205,12.0633],[138.7507,-1.619,0.0],[138.7463,-1.6169,19.4487],[138.7462,-1.6081,9.7457],[138.7404,-1.5979,0.0]]],
[[[135.3553,-1.485,0.0],[135.3556,-1.4829,0.0],[135.3526,-1.4801,10.8259],[135.3477,-1.4829,17.7224],[135.3501,-1.4884,0.0],[135.354,-1.488,0.0],[135.3553,-1.485,0.0]]],
[[[135.0195,-1.4849,9.2606],[135.0212,-1.4833,5.6048],[135.0188,-1.4809,0.0],[135.0169,-1.4834,58.2097],[135.0159,-1.4836,58.2097],[135.0165,-1.4821,10.2717],[135.013,-1.4844,0.0],[135.0172,-1.4868,0.0],[135.0195,-1.4849,9.2606]]],
[[[135.0136,-1.4784,0.0],[135.0136,-1.4788,0.0],[135.0143,-1.4784,0.0],[135.0141,-1.4782,0.0],[135.0136,-1.4784,0.0]]],
[[[135.0106,-1.4763,0.0],[135.0101,-1.476,0.0],[135.01,-1.4765,0.0],[135.0104,-1.4766,0.0],[135.0106,-1.4763,0.0]]],
[[[135.0091,-1.4731,0.0],[135.0087,-1.4739,0.0],[135.0094,-1.4744,0.0],[135.0094,-1.4734,0.0],[135.0091,-1.4731,0.0]]],
[[[135.008,-1.4714,2.1307],[135.0072,-1.4731,0.0],[135.0103,-1.4717,0.0],[135.0085,-1.4719,2.1307],[135.008,-1.4714,2.1307]]],
[[[135.1643,-1.4736,0.0],[135.1651,-1.4729,0.0],[135.1642,-1.4724,0.0],[135.1638,-1.4733,0.0],[135.1643,-1.4736,0.0]]],
[[[135.0115,-1.4709,0.0],[135.012,-1.4711,0.0],[135.0121,-1.4708,0.0],[135.0118,-1.4703,0.0],[135.0115,-1.4709,0.0]]],
[[[135.0997,-1.4695,15.3866],[135.0997,-1.4681,15.3866],[135.0983,-1.4686,15.3866],[135.0982,-1.4717,0.0],[135.1,-1.4709,28.1178],[135.0997,-1.4695,15.3866]]],
[[[135.1,-1.466,0.0],[135.0992,-1.4669,0.0],[135.0998,-1.4676,0.0],[135.1001,-1.4674,0.0],[135.1,-1.466,0.0]]],
[[[135.83,-1.5264,0.0],[135.8351,-1.5269,0.0],[135.8357,-1.5234,7.2095],[135.8334,-1.5215,6.3783],[135.8275,-1.5211,0.0],[135.8258,-1.5243,2.896],[135.83,-1.5264,0.0]]],
[[[135.7863,-1.5212,0.0],[135.7857,-1.5223,0.0],[135.7864,-1.5231,0.0],[135.7872,-1.522,0.0],[135.7863,-1.5212,0.0]]],
[[[135.3477,-1.5099,26.3589],[135.3381,-1.5098,0.0],[135.3367,-1.5131,0.0],[135.3423,-1.5148,0.0],[135.3516,-1.5121,0.0],[135.3477,-1.5099,26.3589]]],
[[[135.3619,-1.5084,0.0],[135.3622,-1.5087,0.0],[135.3626,-1.5084,0.0],[135.362,-1.5079,0.0],[135.3619,-1.5084,0.0]]],
[[[135.3651,-1.5071,0.0],[135.3705,-1.5055,10.3288],[135.3714,-1.5027,20.7831],[135.3694,-1.4972,13.7231],[135.3628,-1.5002,0.0],[135.3651,-1.5071,0.0]]],
[[[135.1253,-1.4732,0.0],[135.1232,-1.4684,5.5594],[135.1171,-1.4632,0.0],[135.1174,-1.4657,10.7736],[135.1144,-1.4653,0.0],[135.1115,-1.4715,11.8233],[135.1143,-1.4748,0.0],[135.1137,-1.4793,21.3619],[135.1066,-1.4832,48.1436],[135.1002,-1.4813,0.0],[135.1018,-1.4843,0.0],[135.1007,-1.4864,82.3554],[135.0947,-1.4893,10.9992],[135.0969,-1.4906,30.0945],[135.0967,-1.4925,28.6235],[135.0944,-1.4937,19.5848],[135.0957,-1.497,0.0],[135.0914,-1.5009,0.0],[135.092,-1.5026,12.22],[135.0986,-1.508,0.0],[135.102,-1.5064,7.9654],[135.1032,-1.5082,0.0],[135.1144,-1.4997,9.688],[135.1195,-1.5021,3.5043],[135.1222,-1.5004,24.9551],[135.1261,-1.5075,0.0],[135.1295,-1.509,0.0],[135.1304,-1.5066,0.0],[135.1351,-1.5064,0.0],[135.136,-1.5038,6.8933],[135.1435,-1.5122,12.0514],[135.1455,-1.5125,81.7332],[135.1528,-1.5194,8.7322],[135.1591,-1.5209,22.2399],[135.168,-1.5181,0.0],[135.1691,-1.5203,0.0],[135.1757,-1.5242,17.4822],[135.1785,-1.5212,0.0],[135.1757,-1.5149,30.7232],[135.1769,-1.5109,27.1319],[135.1862,-1.5123,13.4385],[135.1861,-1.5184,0.0],[135.1897,-1.5154,30.2849],[135.1937,-1.5183,0.0],[135.197,-1.5165,0.0],[135.1999,-1.5166,6.5089],[135.2011,-1.5182,0.0],[135.2034,-1.5175,33.781],[135.2077,-1.5231,20.889],[135.2049,-1.5271,0.0],[135.2064,-1.5281,0.0],[135.2097,-1.5259,0.0],[135.2093,-1.5245,1.9736],[135.2126,-1.5208,18.4294],[135.215,-1.5208,7.7754],[135.2155,-1.5231,0.0],[135.2192,-1.5221,7.1463],[135.2194,-1.5248,0.0],[135.2215,-1.5251999999999999,0.0],[135.2237,-1.519,32.5985],[135.2299,-1.5199,0.0],[135.2303,-1.5184,6.5028],[135.2426,-1.5216,36.9836],[135.245,-1.5286,8.4516],[135.2473,-1.5298,0.0],[135.2561,-1.5284,0.0],[135.2573,-1.5266,0.0],[135.2617,-1.5267,0.0],[135.2791,-1.5165,0.0],[135.2822,-1.5172,4.9252],[135.2856,-1.5211,0.0],[135.2892,-1.5187,11.9792],[135.299,-1.5193,17.7117],[135.3055,-1.5161,32.7469],[135.3089,-1.5125,16.6835],[135.3137,-1.5137,4.9547],[135.3204,-1.5092,17.4738],[135.3254,-1.5095,12.9178],[135.326,-1.5053,26.5032],[135.3237,-1.5026,12.5906],[135.329,-1.501,6.6455],[135.3361,-1.493,4.175],[135.3339,-1.4876,5.3415],[135.3344,-1.4849,11.6802],[135.3374,-1.4832,0.0],[135.3353,-1.481,4.3686],[135.3288,-1.4883,13.9757],[135.3251,-1.4885,14.947],[135.3206,-1.4944,44.5752],[135.3155,-1.494,12.0745],[135.3109,-1.496,10.9467],[135.3088,-1.4934,26.5153],[135.3089,-1.4903,15.5369],[135.305,-1.4907,23.0391],[135.3038,-1.4873,26.6355],[135.3007,-1.4862,0.0],[135.2985,-1.4882,20.7344],[135.2961,-1.487,3.8611],[135.299,-1.48,4.1021],[135.2973,-1.4747,36.9546],[135.2934,-1.4751,0.0],[135.2904,-1.479,19.4206],[135.2856,-1.4786,7.9283],[135.2833,-1.482,50.4685],[135.2792,-1.4817,16.6124],[135.2712,-1.4908,25.4318],[135.2694,-1.488,0.0],[135.2718,-1.4866,0.0],[135.2713,-1.483,0.0],[135.2654,-1.4819,42.1835],[135.2615,-1.4788,10.2282],[135.2597,-1.4824,0.0],[135.2604,-1.489,0.0],[135.2583,-1.4916,0.0],[135.2634,-1.4923,34.1389],[135.2638,-1.4962,19.4138],[135.2604,-1.5025,0.0],[135.2615,-1.5068,32.4587],[135.2578,-1.5117,0.0],[135.2595,-1.518,21.3645],[135.2535,-1.5218,53.1587],[135.2494,-1.5195,23.4313],[135.2496,-1.5168,17.5953],[135.2474,-1.5142,9.6926],[135.2501,-1.5115,0.0],[135.2505,-1.5071,0.0],[135.2473,-1.5042,7.5366],[135.2434,-1.505,60.0764],[135.2417,-1.5036,23.7553],[135.2439,-1.498,11.1469],[135.2493,-1.4942,0.0],[135.2456,-1.4843,8.0693],[135.2379,-1.4845,11.0613],[135.2358,-1.4829,0.0],[135.2319,-1.4862,9.2994],[135.2303,-1.4911,6.2235],[135.2254,-1.4943,10.1918],[135.2304,-1.4987,9.5449],[135.2308,-1.5008,4.1549],[135.2248,-1.505,66.1756],[135.2242,-1.5077,77.5717],[135.2217,-1.508,72.0139],[135.2189,-1.5039,10.4903],[135.2151,-1.5019,14.9322],[135.2078,-1.5043,3.0433],[135.2063,-1.4994,34.9491],[135.2071,-1.4932,36.2921],[135.2176,-1.4892,0.0],[135.2171,-1.4821,9.4201],[135.2185,-1.4772,0.0],[135.2157,-1.4744,0.0],[135.2099,-1.4768,75.8452],[135.2068,-1.4762,0.0],[135.2052,-1.4776,14.6112],[135.2029,-1.4767,23.0127],[135.1984,-1.4781,0.0],[135.197,-1.4807,15.5154],[135.1924,-1.4766,3.1224],[135.1918,-1.4818,22.4206],[135.1866,-1.4833,61.5572],[135.1816,-1.4885,61.7812],[135.1787,-1.4778,0.0],[135.1746,-1.4779,0.0],[135.1704,-1.4815,20.5744],[135.1682,-1.4777,0.0],[135.1651,-1.4779,0.0],[135.1609,-1.4874,2.3306],[135.1561,-1.4906,38.0107],[135.1537,-1.4899,4.5866],[135.1535,-1.4873,32.6413],[135.1496,-1.4833,4.3296],[135.1498,-1.4813,0.0],[135.1468,-1.4796,55.6176],[135.1462,-1.4747,0.0],[135.1406,-1.4733,19.1431],[135.1388,-1.4711,0.0],[135.1369,-1.4716,0.0],[135.1338,-1.4781,23.2208],[135.131,-1.4733,1.9733],[135.1289,-1.4743,0.0],[135.1286,-1.4775,0.0],[135.1257,-1.4784,13.5165],[135.1212,-1.4767,17.1876],[135.1253,-1.4732,0.0]]],
[[[135.6672,-1.7021,0.0],[135.6676,-1.7013,0.0],[135.6669,-1.7011,0.0],[135.6666,-1.7018,0.0],[135.6672,-1.7021,0.0]]],
[[[135.7322,-1.697,4.6957],[135.7299,-1.6975,11.2394],[135.7294,-1.6987,0.0],[135.7324,-1.698,0.0],[135.7322,-1.697,4.6957]]],
[[[135.6087,-1.6964,7.8728],[135.6096,-1.6976,7.8728],[135.6116,-1.6966,0.0],[135.6115,-1.6962,0.0],[135.6087,-1.6964,7.8728]]],
[[[136.1096,-1.8467,0.0],[136.1183,-1.8534,0.0],[136.1407,-1.8528,21.5246],[136.1486,-1.8542,3.7249],[136.1682,-1.8674,7.9214],[136.1726,-1.8716,47.7718],[136.1724,-1.8745,4.9047],[136.1771,-1.8731,0.0],[136.1813,-1.8669,28.4313],[136.1827,-1.8664,95.7805],[136.1821,-1.8702,3.7517],[136.1872,-1.8691,10.0403],[136.1877,-1.865,38.7259],[136.1895,-1.8648,9.9652],[136.1887,-1.8622,16.6896],[136.1926,-1.864,5.1105],[136.1936,-1.8623,0.0],[136.1924,-1.8606,40.2609],[136.1942,-1.8598,6.471],[136.1945,-1.8626,0.0],[136.1917,-1.8659,27.7824],[136.1898,-1.8659,9.9652],[136.1911,-1.8675,35.986],[136.1891,-1.8668,16.9999],[136.1881,-1.8706,5.525],[136.1849,-1.8723,28.5905],[136.1898,-1.8751,0.0],[136.1929,-1.8724,0.0],[136.1927,-1.8696,15.9188],[136.1953,-1.8668,0.0],[136.1971,-1.8603,6.4272],[136.1958,-1.8569,36.1799],[136.1979,-1.855,3.1494],[136.2003,-1.8571,11.0648],[136.1975,-1.8593,3.6705],[136.1979,-1.8616,0.0],[136.2007,-1.8603,9.4721],[136.2012,-1.8617,0.0],[136.204,-1.8614,14.0677],[136.2033,-1.8625,14.0677],[136.2057,-1.8639,21.3902],[136.2009,-1.8637,0.0],[136.2017,-1.866,9.374],[136.1977,-1.865,0.0],[136.1987,-1.8697,0.0],[136.202,-1.8702,0.0],[136.2029,-1.8662,9.374],[136.2051,-1.8669,0.0],[136.2043,-1.8753,0.0],[136.2073,-1.8789,10.9385],[136.2094,-1.8798,0.0],[136.2124,-1.8777,13.2583],[136.2124,-1.8756,22.988],[136.2176,-1.8747,1.2441],[136.2265,-1.8844,14.1756],[136.2244,-1.8946,60.0374],[136.222,-1.8977,19.8914],[136.2233,-1.9083,0.0],[136.2254,-1.9054,0.0],[136.2274,-1.9051,3.1502],[136.2305,-1.9095,0.0],[136.2311,-1.9061,0.0],[136.2287,-1.9018,15.1047],[136.2321,-1.8975,9.5542],[136.2311,-1.9003,0.0],[136.2328,-1.9011,2.5088],[136.234,-1.8984,0.0],[136.2323,-1.8961,24.2502],[136.241,-1.8902,1.8211],[136.2429,-1.8868,0.0],[136.2495,-1.8859,3.7105],[136.2543,-1.8898,2.4977],[136.2523,-1.8962,0.0],[136.2587,-1.9076,88.6351],[136.2591,-1.9136,0.0],[136.2633,-1.9127,0.0],[136.2618,-1.9101,0.0],[136.2622,-1.9034,11.8559],[136.2659,-1.9028,2.5982],[136.2641,-1.8979,7.0282],[136.2656,-1.8949,0.0],[136.2648,-1.8931,0.0],[136.268,-1.891,7.9125],[136.2717,-1.8923,0.0],[136.2718,-1.8893,9.6043],[136.2756,-1.8828,8.8243],[136.2813,-1.884,0.0],[136.284,-1.881,11.3667],[136.2861,-1.8829,13.6063],[136.2912,-1.8821,13.6464],[136.2918,-1.8764,0.0],[136.2968,-1.8734,0.0],[136.2986,-1.8691,6.292],[136.3044,-1.8691,0.0],[136.313,-1.8628,4.0945],[136.3201,-1.8661,1.4796],[136.3212,-1.8692,0.6029],[136.3246,-1.8661,5.4978],[136.3318,-1.8655,2.3872],[136.3362,-1.8623,2.3749],[136.3429,-1.8604,5.7517],[136.3441,-1.8632,15.7061],[136.3429,-1.8643,0.0],[136.3446,-1.8659,1.361],[136.3613,-1.8686,0.9475],[136.3622,-1.8721,6.4023],[136.3666,-1.8765,45.919],[136.3665,-1.8802,17.5196],[136.3711,-1.8822,3.3875],[136.3804,-1.8812,0.0],[136.3801,-1.875,0.0],[136.3843,-1.8749,0.0],[136.3884,-1.8727,40.6837],[136.3902,-1.8773,0.0],[136.3944,-1.8811,36.2978],[136.393,-1.8824,28.8852],[136.3978,-1.886,15.5352],[136.3983,-1.8882,0.0],[136.4003,-1.8878,29.9728],[136.3995,-1.8804,6.1112],[136.4076,-1.8833,0.0],[136.4075,-1.8806,12.9745],[136.4118,-1.8787,0.0],[136.4099,-1.8744,2.8431],[136.4118,-1.8733,0.0],[136.4233,-1.8775,32.8931],[136.4227,-1.8806,2.439],[136.4253,-1.8844,26.9054],[136.4359,-1.8891,0.7767],[136.4419,-1.8891,2.2195],[136.4496,-1.8832,1.3113],[136.4586,-1.8919,0.0],[136.4649,-1.8932,5.593],[136.4672,-1.8952,0.0],[136.4689,-1.8946,0.0],[136.4679,-1.8926,11.3043],[136.4699,-1.8904,2.0086],[136.4705,-1.8843,5.5717],[136.4806,-1.8843,1.7373],[136.4849,-1.8793,8.2945],[136.4873,-1.8792,26.7874],[136.4958,-1.8857,0.0],[136.4973,-1.8837,0.0],[136.4949,-1.8823,11.0396],[136.4987,-1.8796,0.0],[136.5027,-1.881,7.7577],[136.5042,-1.8851,0.0],[136.5096,-1.8882,0.0],[136.5124,-1.8931,0.0],[136.5167,-1.8955,0.0],[136.5191,-1.8924,11.7182],[136.5238,-1.8943,0.0],[136.5269,-1.8933,3.3593],[136.5294,-1.8955,0.0],[136.531,-1.895,40.8012],[136.5323,-1.8981,0.0],[136.5367,-1.8993,0.0],[136.5371,-1.8976,10.6417],[136.5468,-1.8965,0.0],[136.5483,-1.8896,10.7205],[136.5444,-1.889,0.0],[136.5438,-1.8929,5.0332],[136.5385,-1.8924,14.3044],[136.5384,-1.8892,0.0],[136.537,-1.8902,9.6035],[136.5357,-1.8877,0.0],[136.531,-1.8853,0.0],[136.5348,-1.8818,0.0],[136.5309,-1.8822,2.6918],[136.5269,-1.8778,0.0],[136.5237,-1.8773,0.9112],[136.5202,-1.871,0.0],[136.5161,-1.8692,0.0],[136.509,-1.8595,0.3676],[136.5028,-1.858,13.1552],[136.5029,-1.8495,3.5356],[136.5105,-1.849,2.0548],[136.5109,-1.8517,0.0],[136.5153,-1.8552,3.8642],[136.5143,-1.8565,1.4578],[136.5282,-1.8637,1.9278],[136.5302,-1.8674,0.0],[136.5357,-1.8695,4.6221],[136.5449,-1.8655,4.7396],[136.5492,-1.8672,6.6604],[136.5515,-1.8704,0.0],[136.5623,-1.8681,0.0],[136.5698,-1.8629,6.9686],[136.5755,-1.8649,0.0],[136.5865,-1.8635,4.914],[136.5951,-1.865,0.0],[136.597,-1.8631,4.9815],[136.6075,-1.8659,5.1699],[136.6118,-1.864,6.655],[136.6161,-1.8644,9.3898],[136.6186,-1.8624,20.0099],[136.6273,-1.8684,8.8745],[136.6282,-1.8731,0.0],[136.636,-1.8714,0.0],[136.6365,-1.8695,54.3267],[136.6387,-1.8688,10.5734],[136.6436,-1.8703,0.0],[136.6506,-1.8675,3.923],[136.6517,-1.8619,5.2181],[136.6564,-1.8609,0.0],[136.6542,-1.8591,0.0],[136.6556,-1.8551,2.5543],[136.6686,-1.8521,2.1102],[136.6755,-1.8421,13.022],[136.6832,-1.8384,0.0],[136.6829,-1.8367,0.0],[136.6877,-1.8339,7.8076],[136.6897,-1.8341,79.602],[136.6877,-1.8412,0.0],[136.6889,-1.8419,9.0017],[136.6935,-1.8419,14.1532],[136.699,-1.8452,0.0],[136.7068,-1.8434,27.977],[136.7121,-1.834,7.5501],[136.703,-1.8266,2.7641],[136.701,-1.8312,5.2578],[136.6995,-1.8279,0.912],[136.7007,-1.8263,0.912],[136.6971,-1.8238,1.7029],[136.7032,-1.8244,0.5313],[136.7036,-1.8217,3.7049],[136.7063,-1.8225,5.3332],[136.7088,-1.8199,1.4631],[136.7182,-1.816,4.6099],[136.7241,-1.8152,4.023],[136.729,-1.8169,0.6489],[136.73,-1.8191,2.3475],[136.7337,-1.8187,4.4604],[136.7422,-1.8228,4.3909],[136.7605,-1.8263,0.0],[136.7616,-1.8256,0.0],[136.7606,-1.8247,1.1041],[136.7627,-1.8244,3.0668],[136.7651,-1.8212,7.3538],[136.7688,-1.8209,2.3772],[136.7732,-1.8174,5.3548],[136.7782,-1.8171,0.0],[136.7795,-1.8149,1.474],[136.7822,-1.816,3.1534],[136.7863,-1.813,0.1473],[136.7889,-1.8142,0.7815],[136.7922,-1.812,2.893],[136.7935,-1.8134,0.0],[136.8014,-1.8128,9.4768],[136.8101,-1.8196,0.0],[136.8148,-1.8214,0.0],[136.8237,-1.823,0.0],[136.8248,-1.822,18.9096],[136.8287,-1.8242,1.2015],[136.8331,-1.8221,4.1696],[136.8492,-1.8274,0.0],[136.8557,-1.8174,0.0],[136.8693,-1.8144,11.3153],[136.8715,-1.8115,8.5026],[136.8738,-1.801,11.814],[136.8825,-1.7974,8.9486],[136.8953,-1.7977,7.0517],[136.9031,-1.7943,0.92],[136.9038,-1.7922,1.322],[136.8989,-1.7871,0.0],[136.8916,-1.7846,21.3159],[136.8869,-1.7807,1.3762],[136.8851,-1.782,8.3257],[136.8806,-1.7782,12.8583],[136.8745,-1.779,7.4827],[136.8645,-1.7765,18.3295],[136.8481,-1.7701,9.486],[136.8019,-1.7479,0.0],[136.7946,-1.7423,0.0],[136.7888,-1.7401,7.528],[136.7871,-1.7426,5.6779],[136.7776,-1.742,6.8592],[136.7726,-1.7475,3.9606],[136.7684,-1.7474,9.0962],[136.7475,-1.7435,13.593],[136.7154,-1.732,3.0989],[136.7115,-1.7335,7.4431],[136.7046,-1.7309,0.0],[136.6936,-1.7318,19.3886],[136.6821,-1.7285,24.8484],[136.6741,-1.7284,29.3879],[136.6695,-1.7263,25.7308],[136.6672,-1.7286,27.323],[136.651,-1.7294,1.1432],[136.644,-1.7266,8.4337],[136.6398,-1.7275,1.196],[136.6365,-1.7251,2.1539],[136.6335,-1.7265,16.3168],[136.6263,-1.7249,10.6013],[136.603,-1.7279,0.0],[136.5906,-1.7254,3.762],[136.5882,-1.729,8.7151],[136.5851,-1.7292,0.0],[136.5576,-1.7216,2.8339],[136.5532,-1.7227,5.754],[136.5451,-1.7215,29.1543],[136.5276,-1.7151,14.1611],[136.5073,-1.7116,18.6919],[136.4967,-1.7051,5.0446],[136.4925,-1.7075,7.375],[136.4718,-1.7059,1.8025],[136.462,-1.7045,1.5101],[136.4538,-1.6995,0.0],[136.4462,-1.6982,13.4404],[136.4451,-1.6988,9.1044],[136.4473,-1.7015,8.2961],[136.4464,-1.7053,7.6158],[136.439,-1.7106,8.5615],[136.4289,-1.7143,4.0493],[136.4189,-1.7147,10.6245],[136.4098,-1.7201,13.6582],[136.4013,-1.7205,5.618],[136.3933,-1.7182,8.2531],[136.3891,-1.7197,14.3401],[136.379,-1.7163,3.4345],[136.3686,-1.7171,8.6207],[136.3557,-1.7112,0.0],[136.3511,-1.7054,3.4217],[136.3428,-1.7066,42.5342],[136.3248,-1.7038,7.2018],[136.3181,-1.6994,36.1557],[136.3157,-1.6946,14.3709],[136.3114,-1.6932,36.7312],[136.3107,-1.691,1.6842],[136.3057,-1.6877,0.8038],[136.2969,-1.6856,7.1801],[136.29,-1.6871,7.2384],[136.2801,-1.6784,8.2137],[136.27,-1.6787,7.8555],[136.2654,-1.6752,5.9193],[136.2545,-1.6725,0.0],[136.2409,-1.6713,35.8651],[136.2391,-1.6691,0.0],[136.2371,-1.6707,7.0935],[136.2304,-1.6691,1.4045],[136.2225,-1.6649,9.8758],[136.2109,-1.6521,5.1649],[136.2033,-1.6484,8.4233],[136.1829,-1.6556,14.6363],[136.1723,-1.6533,4.0175],[136.1586,-1.6543,0.0],[136.1497,-1.6526,0.0],[136.142,-1.649,1.5312],[136.1286,-1.6536,6.1024],[136.1084,-1.6511,0.0],[136.0993,-1.6527,0.0],[136.0925,-1.6493,0.0],[136.0881,-1.6505,10.6034],[136.0778,-1.6495,0.0],[136.0637,-1.6579,0.0],[136.0523,-1.6596,17.3419],[136.0468,-1.6575,0.0],[136.0454,-1.6551,3.9368],[136.0298,-1.6535,17.0397],[136.0274,-1.6506,8.0838],[136.0145,-1.6472,0.0],[136.0107,-1.6494,4.9825],[136.0064,-1.6467,16.6653],[136.0034,-1.6512,0.0],[135.9962,-1.654,0.0],[135.9911,-1.6526,2.4462],[135.9894,-1.6469,0.0],[135.9847,-1.6481,81.0942],[135.9818,-1.6459,0.0],[135.9736,-1.6539,10.2341],[135.9691,-1.6547,8.3644],[135.9613,-1.6513,2.2917],[135.9617,-1.6438,0.0],[135.9542,-1.6413,18.5109],[135.9511,-1.6411,0.0],[135.9506,-1.6435,19.8001],[135.9477,-1.6452,19.9826],[135.9422,-1.6415,38.4055],[135.938,-1.6429,2.8395],[135.9325,-1.6401,22.6101],[135.9238,-1.6412,1.7212],[135.9144,-1.6353,3.4505],[135.9048,-1.6366,6.6742],[135.899,-1.6352,0.0],[135.8961,-1.6373,4.6542],[135.8905,-1.6379,0.0],[135.8911,-1.6399,16.4629],[135.889,-1.6421,9.4595],[135.8844,-1.6414,33.3942],[135.8815,-1.638,20.2722],[135.8792,-1.6398,11.4734],[135.8784,-1.645,23.2843],[135.8706,-1.6443,0.0],[135.8724,-1.646,15.3415],[135.8726,-1.6488,1.7397],[135.8717,-1.6527,0.0],[135.8691,-1.655,0.0],[135.8711,-1.6587,1.2587],[135.8702,-1.6611,2.8384],[135.8674,-1.6602,8.8211],[135.8664,-1.6629,5.8119],[135.8645,-1.6597,3.912],[135.8557,-1.6546,0.8796],[135.8506,-1.6628,0.9757],[135.8476,-1.6564,0.0],[135.8485,-1.6529,0.0],[135.8442,-1.658,17.9847],[135.8358,-1.6582,2.9632],[135.8358,-1.6556,5.2905],[135.8378,-1.6539,16.3233],[135.8413,-1.654,0.0],[135.8381,-1.6502,45.7692],[135.8364,-1.645,16.9014],[135.8473,-1.6387,0.0],[135.843,-1.6379,0.0],[135.8379,-1.6404,20.9499],[135.8351,-1.6393,0.0],[135.8322,-1.6425,8.2337],[135.8285,-1.643,28.8955],[135.8201,-1.6382,32.8979],[135.8114,-1.6382,51.5566],[135.8082,-1.6364,12.3418],[135.8075,-1.634,0.0],[135.8048,-1.6351,10.7059],[135.8024,-1.6328,0.0],[135.7914,-1.6312,5.8627],[135.786,-1.6264,15.7335],[135.7802,-1.6276,5.2402],[135.7662,-1.6254,7.0258],[135.7633,-1.628,17.3421],[135.752,-1.6295,0.0],[135.7408,-1.6263,13.4962],[135.7378,-1.6296,0.0],[135.7375,-1.6341,4.0816],[135.7338,-1.6335,1.9314],[135.7285,-1.6358,0.0],[135.7265,-1.6342,0.0],[135.7269,-1.6311,0.0],[135.7204,-1.6265,30.5836],[135.7141,-1.6271,21.3209],[135.7002,-1.6251,3.4092],[135.7005,-1.6265,0.0],[135.7024,-1.6271,5.3857],[135.7032,-1.6325,6.8285],[135.7005,-1.6316,26.9713],[135.6996,-1.6293,0.0],[135.6926,-1.6346,7.7598],[135.689,-1.6316,0.0],[135.6928,-1.628,0.0],[135.6921,-1.6239,6.0474],[135.6888,-1.62,0.0],[135.6781,-1.6195,0.0],[135.6709,-1.6232,11.9803],[135.6634,-1.6236,15.664],[135.6571,-1.6223,4.7712],[135.6543,-1.6191,0.0],[135.6415,-1.6265,28.3717],[135.6299,-1.6249,6.9842],[135.6258,-1.626,9.7069],[135.6215,-1.625,8.179],[135.6167,-1.6208,4.139],[135.5978,-1.6213,21.0795],[135.5938,-1.6163,9.7136],[135.5874,-1.6141,16.8358],[135.5871,-1.6128,0.0],[135.5814,-1.6136,35.4865],[135.5806,-1.6106,2.1446],[135.5719,-1.6151,37.0877],[135.5664,-1.6111,0.0],[135.5614,-1.6117,19.2224],[135.5578,-1.6147,58.0672],[135.5506,-1.6117,17.4816],[135.5457,-1.6143,2.7076],[135.541,-1.6116,8.8107],[135.533,-1.6111,0.0],[135.5285,-1.6071,2.0501],[135.5246,-1.6114,39.2589],[135.519,-1.6082,67.6833],[135.5026,-1.6072,14.1002],[135.4998,-1.609,17.5501],[135.495,-1.6085,42.1654],[135.4791,-1.5996,29.4543],[135.474,-1.5986,29.8627],[135.4658,-1.6013,53.2227],[135.4559,-1.601,0.0],[135.4543,-1.5994,0.0],[135.4416,-1.6028,0.0],[135.4363,-1.6013,13.8337],[135.4363,-1.6031,63.6414],[135.435,-1.6033,32.6743],[135.4188,-1.6008,3.3244],[135.4104,-1.6018,6.4124],[135.4111,-1.6047,5.8695],[135.4158,-1.6079,14.3546],[135.4204,-1.6078,37.3955],[135.4331,-1.6119,0.0],[135.442,-1.6115,0.0],[135.4437,-1.6128,0.0],[135.4439,-1.6196,43.1077],[135.4419,-1.6208,6.7497],[135.4441,-1.6225,25.8802],[135.4423,-1.6248,15.5542],[135.4427,-1.6316,0.0],[135.4443,-1.6368,41.1686],[135.4489,-1.6429,31.7615],[135.4596,-1.6331,5.2294],[135.4677,-1.6389,2.7885],[135.4699,-1.6465,0.0],[135.4665,-1.6533,20.0175],[135.4695,-1.655,0.0],[135.4702,-1.6573,0.0],[135.4731,-1.6577,52.1846],[135.4736,-1.6596,0.0],[135.4769,-1.6601,11.3979],[135.4701,-1.6655,0.0],[135.4715,-1.6683,0.0],[135.4737,-1.6691,15.423],[135.4742,-1.6803,4.2238],[135.4771,-1.6813,0.0],[135.4862,-1.6796,0.0],[135.4903,-1.6748,0.0],[135.4928,-1.6745,11.2791],[135.4942,-1.6794,0.0],[135.5004,-1.6796,0.0],[135.5093,-1.686,3.3139],[135.5136,-1.6866,0.0],[135.5143,-1.6837,0.0],[135.5078,-1.6795,0.0],[135.5075,-1.675,21.919],[135.5123,-1.6753,6.3724],[135.5131,-1.6736,11.0246],[135.51,-1.6722,4.1426],[135.5091,-1.6701,27.7821],[135.5129,-1.6698,0.0],[135.5165,-1.6643,2.3663],[135.5219,-1.6605,4.2438],[135.5223,-1.6632,0.7767],[135.5284,-1.6676,7.6119],[135.5236,-1.6726,2.3807],[135.523,-1.6755,32.9785],[135.5198,-1.6776,0.0],[135.5187,-1.6866,0.0],[135.5245,-1.6849,0.0],[135.5267,-1.6809,6.8269],[135.5324,-1.679,5.4494],[135.5325,-1.6774,21.6928],[135.5346,-1.6795,1.9512],[135.5356,-1.6778,20.8348],[135.5414,-1.6768,0.0],[135.5422,-1.6753,11.8454],[135.5423,-1.6766,0.0],[135.5449,-1.6767,0.0],[135.5441,-1.6756,9.1372],[135.546,-1.6755,7.4119],[135.5465,-1.673,15.053],[135.5444,-1.6705,10.4009],[135.5535,-1.6625,8.4993],[135.5551,-1.6629,10.1296],[135.5547,-1.6666,0.0],[135.5617,-1.6679,26.3888],[135.5616,-1.6712,15.97],[135.5641,-1.6726,5.625],[135.5665,-1.6718,1.186],[135.5701,-1.6766,0.0],[135.5755,-1.6742,60.916],[135.5775,-1.6796,33.1436],[135.5754,-1.6806,0.0],[135.5783,-1.6873,6.2485],[135.5798,-1.6868,0.0],[135.5821,-1.6798,0.0],[135.5855,-1.681,8.447],[135.5848,-1.6834,0.0],[135.5928,-1.6839,5.5171],[135.5969,-1.6807,19.7755],[135.6037,-1.6825,15.0335],[135.6077,-1.6811,15.1409],[135.6102,-1.6845,2.2262],[135.6182,-1.684,3.4205],[135.6264,-1.6871,5.7521],[135.6148,-1.6903,10.8429],[135.6136,-1.6918,4.9504],[135.616,-1.6948,22.9908],[135.6126,-1.6967,0.0],[135.6285,-1.6967,0.0],[135.63,-1.6957,0.0],[135.6287,-1.6944,26.5903],[135.6294,-1.6924,5.9122],[135.6314,-1.6923,0.0],[135.632,-1.69,1.7444],[135.6375,-1.6876,0.0],[135.6408,-1.6841,9.9311],[135.6444,-1.6854,0.0],[135.6513,-1.684,47.3217],[135.6561,-1.6864,18.626],[135.6522,-1.6901,17.0911],[135.647,-1.6922,5.602],[135.6463,-1.6942,6.963],[135.6499,-1.6939,15.1539],[135.6499,-1.6971,0.0],[135.6596,-1.6962,21.3717],[135.6617,-1.6988,0.0],[135.6642,-1.6956,0.0],[135.6639,-1.6938,58.051],[135.6664,-1.6922,9.4512],[135.6666,-1.6957,25.7972],[135.6686,-1.6976,10.8492],[135.6682,-1.7021,4.8418],[135.6708,-1.7026,11.8234],[135.6708,-1.7048,0.0],[135.673,-1.7066,0.0],[135.6775,-1.7051,2.2597],[135.6794,-1.7019,5.6643],[135.6818,-1.7015,13.8687],[135.6813,-1.7032,0.0],[135.6828,-1.7039,0.0],[135.6834,-1.7018,0.0],[135.6896,-1.6993,6.944],[135.6896,-1.7019,7.1544],[135.6949,-1.7066,0.0],[135.6978,-1.7035,4.9469],[135.6951,-1.6994,2.3608],[135.6978,-1.6955,5.0218],[135.7012,-1.6964,0.0],[135.7098,-1.6898,0.0],[135.7135,-1.6898,3.991],[135.7154,-1.6943,12.6542],[135.7221,-1.6961,4.1765],[135.7257,-1.691,0.0],[135.7323,-1.688,0.0],[135.7343,-1.6954,3.5748],[135.7329,-1.6974,4.6957],[135.7361,-1.7011,9.3787],[135.7357,-1.709,1.9862],[135.7384,-1.7118,0.0],[135.7398,-1.7104,11.4285],[135.7465,-1.7174,3.8878],[135.7511,-1.7175,4.2519],[135.752,-1.7215,0.0],[135.7577,-1.7232,0.0],[135.758,-1.7185,16.4469],[135.7615,-1.7147,0.0],[135.7601,-1.7117,0.4591],[135.7611,-1.7067,1.406],[135.7664,-1.7115,0.0],[135.7719,-1.7138,5.6879],[135.7729,-1.7148,0.0],[135.7717,-1.7177,0.0],[135.7734,-1.7162,18.6702],[135.7759,-1.7173,2.9791],[135.7853,-1.7158,13.9842],[135.7849,-1.7198,0.0],[135.7897,-1.7197,1.5101],[135.7869,-1.7241,0.8054],[135.7917,-1.7273,0.0],[135.7915,-1.7292,0.0],[135.7852,-1.7278,0.0],[135.7832,-1.73,0.8182],[135.7793,-1.7233,0.0],[135.7769,-1.7238,0.0],[135.7775,-1.7259,17.9463],[135.7756,-1.7287,3.2584],[135.7778,-1.7298,13.0357],[135.7799,-1.734,3.9713],[135.7772,-1.7352,9.191],[135.7767,-1.7379,0.0],[135.7738,-1.7373,2.1303],[135.7716,-1.7319,0.0],[135.7675,-1.7311,0.0],[135.767,-1.739,16.0589],[135.7619,-1.7441,4.1852],[135.7625,-1.7487,0.0],[135.7673,-1.745,0.0],[135.7688,-1.7411,22.8484],[135.7713,-1.7433,0.0],[135.7732,-1.7417,0.0],[135.7763,-1.7419,0.0],[135.778,-1.7447,0.0],[135.7807,-1.7434,5.1407],[135.7836,-1.7473,2.7615],[135.7852,-1.7445,3.3075],[135.7836,-1.7432,3.3075],[135.7872,-1.7375,7.9722],[135.7903,-1.7385,0.0],[135.7941,-1.7374,29.7792],[135.7944,-1.7389,7.5137],[135.7993,-1.7404,0.0],[135.8011,-1.7365,0.0],[135.8064,-1.7331,0.0],[135.8129,-1.7354,0.0],[135.8164,-1.7341,11.6859],[135.8213,-1.7349,6.6759],[135.8231,-1.7379,26.976],[135.8224,-1.7433,22.6483],[135.8192,-1.745,0.0],[135.8235,-1.75,0.0],[135.8244,-1.7485,5.1748],[135.8296,-1.7474,1.6361],[135.8285,-1.7504,8.7234],[135.8266,-1.7499,8.7234],[135.8259,-1.7518,0.0],[135.8316,-1.7544,29.1959],[135.8327,-1.7578,26.5707],[135.8317,-1.7617,0.6519],[135.8356,-1.7618,2.1166],[135.8367,-1.759,19.5813],[135.8344,-1.7557,15.1139],[135.8356,-1.7548,0.8736],[135.8363,-1.7569,2.7177],[135.8407,-1.7486,1.7023],[135.8459,-1.7463,0.0],[135.8499,-1.7524,15.5836],[135.853,-1.7533,0.0],[135.8536,-1.758,0.0],[135.856,-1.758,22.545],[135.8577,-1.7597,31.3957],[135.8581,-1.7674,4.1137],[135.8636,-1.7653,7.8287],[135.8648,-1.7681,0.0],[135.8668,-1.7636,0.0],[135.8657,-1.7603,10.3986],[135.8694,-1.7606,6.2532],[135.8723,-1.7573,5.3642],[135.8653,-1.7523,1.3726],[135.8618,-1.754,4.5356],[135.8595,-1.7532,12.5506],[135.8577,-1.7497,0.4983],[135.8525,-1.7457,1.0718],[135.8515,-1.7425,0.0],[135.8577,-1.7389,11.626],[135.8692,-1.7404,1.8444],[135.8719,-1.7447,0.0],[135.8791,-1.748,0.0],[135.8807,-1.7504,0.0],[135.8829,-1.7493,1.6556],[135.8827,-1.7528,28.4385],[135.8852,-1.7537,18.2749],[135.8853,-1.7607,11.0673],[135.8868,-1.7633,0.0],[135.8911,-1.7615,12.9963],[135.8922,-1.7627,12.9963],[135.8908,-1.7684,17.0705],[135.8955,-1.772,6.8488],[135.8949,-1.7753,1.6113],[135.8974,-1.777,1.6274],[135.8994,-1.7881,0.0],[135.9054,-1.7863,0.0],[135.9089,-1.7803,0.0],[135.9134,-1.7777,0.0],[135.9118,-1.7739,0.0],[135.9066,-1.771,45.2501],[135.9053,-1.7661,0.0],[135.9,-1.7608,48.5043],[135.9006,-1.7589,0.0],[135.9041,-1.757,1.0726],[135.9115,-1.7547,0.0],[135.916,-1.7603,1.5266],[135.9165,-1.7681,0.0],[135.9201,-1.7685,0.0],[135.9239,-1.7655,4.07],[135.9359,-1.7817,3.2725],[135.9367,-1.7808,9.2194],[135.9394,-1.7865,5.2959],[135.9394,-1.7918,0.0],[135.9417,-1.7911,39.6776],[135.9458,-1.7861,43.6578],[135.9483,-1.7862,49.7853],[135.95,-1.7906,10.9049],[135.9529,-1.7895,22.1977],[135.9535,-1.7919,4.3134],[135.9567,-1.7939,26.0299],[135.9539,-1.7956,5.0056],[135.9548,-1.7972,7.5655],[135.9637,-1.7968,1.6994],[135.971,-1.8022,8.2981],[135.9783,-1.8169,0.0],[135.9933,-1.8207,7.4034],[136.0097,-1.8206,5.4548],[136.0177,-1.8237,0.0],[136.0212,-1.8218,7.9888],[136.0224,-1.8192,1.913],[136.0252,-1.8192,7.5583],[136.0352,-1.8242,5.1857],[136.0395,-1.8307,2.827],[136.0494,-1.8314,7.0961],[136.0532,-1.8369,8.3834],[136.0604,-1.8398,2.2285],[136.0659,-1.8467,0.0],[136.0716,-1.8498,0.0],[136.0755,-1.8498,0.0],[136.0889,-1.8447,0.0],[136.0999,-1.8434,3.7141],[136.1096,-1.8467,0.0]]],
[[[135.6037,-1.6962,4.7991],[135.6054,-1.6971,0.0],[135.605,-1.6958,0.0],[135.6026,-1.6947,4.7991],[135.6022,-1.6961,4.7991],[135.6037,-1.6962,4.7991]]],
[[[135.5877,-1.6899,5.3656],[135.59,-1.6911,5.9735],[135.5907,-1.6895,1.8102],[135.5874,-1.6877,0.0],[135.5855,-1.6887,4.1069],[135.5877,-1.6899,5.3656]]],
[[[135.5839,-1.6881,4.1069],[135.5832,-1.6894,0.0],[135.5855,-1.6878,0.0],[135.5848,-1.6874,0.0],[135.5839,-1.6881,4.1069]]],
[[[135.4712,-1.6684,0.0],[135.4702,-1.6679,0.0],[135.4698,-1.668,0.0],[135.4711,-1.6692,0.0],[135.4712,-1.6684,0.0]]],
[[[135.4692,-1.6604,6.9513],[135.4703,-1.6592,5.0401],[135.4672,-1.6578,0.0],[135.4673,-1.6598,0.0],[135.4692,-1.6604,6.9513]]],
[[[135.8703,-1.6425,0.0],[135.8702,-1.6419,0.0],[135.8698,-1.6416,0.0],[135.8699,-1.6431,0.0],[135.8703,-1.6425,0.0]]],
[[[135.8179,-1.6336,0.0],[135.8177,-1.6331,0.0],[135.817,-1.6333,0.0],[135.8171,-1.6339,0.0],[135.8179,-1.6336,0.0]]]]}}