{"type":"Feature","properties":{"GID_1":"IDN.11_1","GID_0":"IDN","country":"Indonesia","province":"JawaTimur","VARNAME_1":"NA","NL_NAME_1":"NA","TYPE_1":"Propinisi","ENGTYPE_1":"Province","CC_1":"35","HASC_1":"ID.JI","ISO_1":"ID-JI","name":"Jawa_Timur.province"},
"geometry":{"type": "MultiPolygon","coordinates": [[[[110.9176,-8.2191,12.9696],[110.9177,-8.2192,12.9696],[110.9179,-8.2191,12.9696],[110.9175,-8.2188,0.0],[110.9176,-8.2191,12.9696]]],
[[[114.4294,-8.0446,2.8116],[114.431,-8.045,0.0],[114.4315,-8.0442,0.0],[114.4299,-8.0442,3.0736],[114.4294,-8.0446,2.8116]]],
[[[110.9174,-8.2223,0.0],[110.9173,-8.2222,0.0],[110.9172,-8.2223,0.0],[110.9174,-8.2224,0.0],[110.9174,-8.2223,0.0]]],
[[[110.9167,-8.2217,0.0],[110.9172,-8.222,0.0],[110.9168,-8.2214,0.0],[110.9163,-8.2216,0.0],[110.9167,-8.2217,0.0]]],
[[[110.9168,-8.2212,0.0],[110.9172,-8.2215,0.0],[110.9174,-8.2214,0.0],[110.9172,-8.221,0.0],[110.9168,-8.2212,0.0]]],
[[[113.2175,-7.7246,1.5197],[113.2176,-7.7222,0.6695],[113.2173,-7.7275,1.8832],[113.2175,-7.7246,1.5197]]],
[[[113.2182,-7.7225,0.0],[113.2181,-7.7225,0.0],[113.2177,-7.7247,1.5197],[113.2182,-7.7225,0.0]]],
[[[113.256,-7.6811,6.7995],[113.2605,-7.6795,4.8121],[113.2616,-7.6763,0.0],[113.2501,-7.6774,1.0167],[113.2428,-7.6804,0.0],[113.2504,-7.6814,0.0],[113.256,-7.6811,6.7995]]],
[[[113.2082,-7.3076,1.5182],[113.2039,-7.3067,2.1553],[113.2022,-7.3098,0.0],[113.2139,-7.3146,0.0],[113.2204,-7.3141,3.0797],[113.2247,-7.311,0.2823],[113.219,-7.3083,5.7024],[113.2082,-7.3076,1.5182]]],
[[[115.869,-7.1567,1.4356],[115.8689,-7.1578,1.4356],[115.8695,-7.1582,0.0],[115.87,-7.1556,0.7994],[115.869,-7.1567,1.4356]]],
[[[112.6653,-7.1925,1.4921],[112.6636,-7.1935,2.2851],[112.6646,-7.1965,1.928],[112.6661,-7.1965,1.928],[112.666,-7.1938,4.4046],[112.6653,-7.1925,1.4921]]],
[[[113.7278,-7.252,0.0],[113.7291,-7.2507,3.2802],[113.7238,-7.2493,0.6693],[113.7247,-7.2521,0.6163],[113.7278,-7.252,0.0]]],
[[[113.7016,-7.2425,0.0],[113.6992,-7.2409,0.0],[113.6992,-7.2448,0.0],[113.7016,-7.2438,0.0],[113.7016,-7.2425,0.0]]],
[[[113.6732,-7.2417,0.0],[113.6749,-7.2387,0.0],[113.6721,-7.2365,0.0],[113.6734,-7.239,1.5122],[113.6732,-7.2417,0.0]]],
[[[113.667,-7.2478,0.0],[113.6634,-7.2511,0.0],[113.6629,-7.2524,0.4004],[113.6683,-7.2471,0.0],[113.667,-7.2478,0.0]]],
[[[113.5095,-7.2458,2.4584],[113.5029,-7.2407,1.1698],[113.4991,-7.2416,0.0],[113.4997,-7.2456,0.0],[113.5054,-7.2526,2.0511],[113.5108,-7.2539,1.2272],[113.5138,-7.2517,2.8207],[113.5112,-7.2488,1.9024],[113.5095,-7.2458,2.4584]]],
[[[114.6835,-7.1632,12.2631],[114.6761,-7.1596,12.1482],[114.6672,-7.1601,8.608],[114.657,-7.165,3.0912],[114.6566,-7.1712,1.2763],[114.6683,-7.1695,1.7916],[114.6775,-7.1662,6.0794],[114.679,-7.1675,0.0],[114.6821,-7.1657,0.0],[114.6838,-7.1667,0.0],[114.6853,-7.165,0.0],[114.6835,-7.1632,12.2631]]],
[[[115.8684,-7.2051,0.0],[115.8846,-7.2025,0.0],[115.8947,-7.1934,0.3214],[115.8993,-7.1762,0.0],[115.9021,-7.1252,1.4193],[115.9068,-7.1047,0.0],[115.896,-7.1077,2.9489],[115.8913,-7.1121,0.0],[115.8981,-7.1154,1.8489],[115.8991,-7.1184,4.1881],[115.8964,-7.1345,1.1263],[115.8922,-7.1404,3.3789],[115.8903,-7.1387,4.5385],[115.89,-7.1342,2.6534],[115.8932,-7.1282,0.0],[115.8895,-7.1264,4.2151],[115.8898,-7.124,0.0],[115.8881,-7.1224,3.7871],[115.8782,-7.1303,5.195],[115.8705,-7.1338,4.1698],[115.87,-7.1388,0.0],[115.8734,-7.1536,0.0],[115.8799,-7.1619,2.7651],[115.8829,-7.1628,0.0],[115.8873,-7.1562,0.0],[115.8876,-7.149,0.0],[115.89,-7.1487,0.0],[115.8924,-7.152,2.3083],[115.8898,-7.1594,1.352],[115.8908,-7.1607,0.0],[115.8928,-7.1598,2.4332],[115.893,-7.161,2.4332],[115.8904,-7.1641,5.5529],[115.8875,-7.1632,6.3789],[115.8852,-7.1666,6.0282],[115.8766,-7.1626,6.399],[115.8723,-7.1588,6.6523],[115.8695,-7.1603,0.0],[115.869,-7.1653,5.8852],[115.8658,-7.1646,5.6347],[115.8606,-7.1602,6.2103],[115.8577,-7.1622,4.033],[115.8537,-7.1619,5.2644],[115.85,-7.1646,4.468],[115.8432,-7.1647,4.0413],[115.837,-7.1587,6.0362],[115.8377,-7.1536,0.0],[115.8355,-7.1509,3.7157],[115.8205,-7.15,3.7799],[115.8146,-7.1516,3.3102],[115.813,-7.1544,3.4347],[115.8089,-7.1559,4.5249],[115.8085,-7.1487,4.3311],[115.8046,-7.1468,4.6868],[115.8021,-7.1499,4.2546],[115.7979,-7.1429,3.4612],[115.7936,-7.1408,3.4102],[115.7937,-7.1363,1.3253],[115.7987,-7.1302,0.0],[115.7959,-7.1293,5.2942],[115.7983,-7.1276,2.3012],[115.797,-7.123,4.5376],[115.7828,-7.1115,3.7633],[115.779,-7.1125,2.0591],[115.7767,-7.1188,0.0],[115.7805,-7.1214,3.3911],[115.7801,-7.1257,5.2752],[115.7773,-7.1266,0.0],[115.7789,-7.131,5.2824],[115.7741,-7.1332,5.9022],[115.7714,-7.1387,0.0],[115.7748,-7.1445,2.0499],[115.7771,-7.1445,4.737],[115.7742,-7.1462,5.2048],[115.7754,-7.152,4.5962],[115.7699,-7.1507,4.5145],[115.7717,-7.1488,3.0202],[115.772,-7.1449,1.8804],[115.7697,-7.1431,4.4137],[115.7674,-7.1351,4.8916],[115.7642,-7.1313,5.7636],[115.7608,-7.1326,1.9924],[115.7608,-7.137,5.3227],[115.7522,-7.1433,-0.1028],[115.7542,-7.146,1.3041],[115.7534,-7.1479,3.0645],[115.7477,-7.1526,2.7078],[115.7438,-7.153,4.58],[115.7413,-7.1551,1.6555],[115.7472,-7.1664,0.0],[115.756,-7.1746,0.0],[115.7717,-7.1824,0.0],[115.7938,-7.1886,0.0],[115.819,-7.2,0.0],[115.8275,-7.2078,0.0],[115.8366,-7.2087,0.0],[115.8684,-7.2051,0.0]]],
[[[115.8546,-7.1483,3.8803],[115.8552,-7.1506,0.6818],[115.8594,-7.153,0.0],[115.8636,-7.1519,0.0],[115.863,-7.1502,1.6032],[115.8644,-7.1494,0.0],[115.8587,-7.1457,3.4911],[115.8566,-7.1459,3.1206],[115.8546,-7.1483,3.8803]]],
[[[115.8419,-7.1523,0.4345],[115.8405,-7.1515,2.4164],[115.8395,-7.1523,0.0],[115.8405,-7.1529,2.4164],[115.8419,-7.1523,0.4345]]],
[[[114.6845,-7.1521,0.0],[114.6847,-7.1518,0.0],[114.6844,-7.1515,0.0],[114.6842,-7.1518,0.0],[114.6845,-7.1521,0.0]]],
[[[114.0467,-7.2016,3.964],[114.0449,-7.2023,0.0],[114.0455,-7.2065,0.0],[114.0482,-7.203,0.0],[114.0467,-7.2016,3.964]]],
[[[113.7926,-7.2162,0.3171],[113.7806,-7.2101,1.774],[113.7644,-7.2095,0.0],[113.7545,-7.2061,0.0],[113.7491,-7.2179,3.6423],[113.7503,-7.219,1.8587],[113.7593,-7.2185,7.7159],[113.7728,-7.2281,0.0],[113.7814,-7.2294,5.9656],[113.7943,-7.2362,15.7931],[113.7969,-7.2353,1.7777],[113.7964,-7.2328,0.8193],[113.7982,-7.2298,3.2425],[113.8125,-7.2208,2.0829],[113.8098,-7.2159,0.2712],[113.8038,-7.214,0.861],[113.7999,-7.2137,0.8697],[113.7926,-7.2162,0.3171]]],
[[[113.8864,-7.1909,0.0],[113.883,-7.1935,5.7622],[113.8805,-7.2006,0.5606],[113.8818,-7.2052,1.3065],[113.8867,-7.2118,0.0],[113.8903,-7.2122,1.9309],[113.9027,-7.2092,19.0491],[113.9073,-7.2102,4.2371],[113.9212,-7.2037,12.741],[113.9283,-7.2035,1.8682],[113.9354,-7.2086,1.0097],[113.9362,-7.2136,0.0],[113.9414,-7.2189,2.9267],[113.947,-7.2298,0.0],[113.9537,-7.2324,4.1811],[113.9557,-7.2319,1.3524],[113.954,-7.2247,7.4568],[113.9439,-7.2198,5.7023],[113.9396,-7.2145,6.6358],[113.9412,-7.2035,0.0],[113.9402,-7.1997,3.997],[113.9306,-7.1874,6.6302],[113.9292,-7.1801,3.262],[113.9258,-7.1742,0.0],[113.9225,-7.1738,0.8696],[113.9132,-7.18,3.8844],[113.8974,-7.1842,2.3811],[113.8864,-7.1909,0.0]]],
[[[114.6158,-7.1664,7.4364],[114.611,-7.1679,3.0449],[114.61,-7.1667,3.0449],[114.6124,-7.1636,6.3718],[114.6091,-7.164,4.8873],[114.6041,-7.1699,0.0],[114.6039,-7.1726,0.0],[114.6087,-7.1738,0.0],[114.6162,-7.1714,0.0],[114.6158,-7.1664,7.4364]]],
[[[114.4997,-7.1436,5.6384],[114.5024,-7.1427,0.0],[114.5002,-7.1417,0.4536],[114.5016,-7.1396,2.4198],[114.4883,-7.1417,10.2218],[114.4818,-7.141,8.7038],[114.4772,-7.1437,9.6672],[114.4763,-7.1507,5.8463],[114.4822,-7.1596,0.0],[114.4872,-7.1619,0.0],[114.4975,-7.1613,0.0],[114.5102,-7.1568,0.0],[114.5112,-7.155,0.0],[114.5065,-7.1555,0.5213],[114.5087,-7.152,1.441],[114.506,-7.1492,8.8291],[114.508,-7.1482,4.8755],[114.4991,-7.1457,8.7627],[114.4997,-7.1436,5.6384]]],
[[[115.8546,-7.1468,2.4784],[115.8537,-7.1432,4.5803],[115.8508,-7.143,2.2898],[115.8512,-7.1485,0.0],[115.8534,-7.1487,0.144],[115.8546,-7.1468,2.4784]]],
[[[115.842,-7.144,7.3047],[115.8415,-7.1422,0.6189],[115.8405,-7.1458,1.0537],[115.8415,-7.1471,0.0],[115.8434,-7.1462,4.6874],[115.842,-7.144,7.3047]]],
[[[115.8351,-7.1402,0.0],[115.8414,-7.1416,0.6189],[115.8416,-7.138,4.941],[115.8385,-7.1368,3.6962],[115.8351,-7.1402,0.0]]],
[[[115.8104,-7.0377,0.0],[115.8102,-7.0397,0.0],[115.8128,-7.0408,0.0],[115.8163,-7.0347,1.5568],[115.8125,-7.0344,1.0608],[115.8104,-7.0377,0.0]]],
[[[115.5995,-7.0492,1.9881],[115.5988,-7.0482,0.0],[115.5988,-7.0511,1.7263],[115.5997,-7.0504,3.1639],[115.5995,-7.0492,1.9881]]],
[[[115.5334,-7.0341,0.0],[115.5338,-7.0342,0.0],[115.5339,-7.0339,0.0],[115.5332,-7.0337,0.0],[115.5334,-7.0341,0.0]]],
[[[115.6902,-7.0276,0.0],[115.6972,-7.0308,0.0],[115.6988,-7.0295,0.0],[115.6969,-7.0245,3.5459],[115.695,-7.0235,1.6254],[115.6917,-7.025,1.4948],[115.6902,-7.0276,0.0]]],
[[[115.5036,-7.0161,0.0],[115.5037,-7.0165,0.0],[115.5039,-7.0167,0.0],[115.5039,-7.016,0.0],[115.5036,-7.0161,0.0]]],
[[[115.5023,-7.0142,0.0],[115.502,-7.0134,0.0],[115.5012,-7.0143,0.0],[115.5016,-7.0145,0.0],[115.5023,-7.0142,0.0]]],
[[[115.7563,-7.1151,2.9004],[115.7569,-7.1153,2.9004],[115.7583,-7.1145,0.0],[115.757,-7.1146,2.9004],[115.7563,-7.1151,2.9004]]],
[[[114.7708,-7.1241,0.0],[114.771,-7.1242,0.0],[114.7712,-7.1239,0.0],[114.771,-7.1238,0.0],[114.7708,-7.1241,0.0]]],
[[[115.767,-7.1216,5.0084],[115.7673,-7.1218,5.0084],[115.7677,-7.1217,1.8564],[115.7673,-7.1211,2.24],[115.767,-7.1216,5.0084]]],
[[[115.7624,-7.1176,3.4211],[115.7584,-7.1172,4.4678],[115.757,-7.1207,0.0],[115.7619,-7.1195,0.0],[115.7636,-7.1182,0.0],[115.7624,-7.1176,3.4211]]],
[[[114.063,-7.1044,14.5826],[114.0587,-7.0967,16.1981],[114.0529,-7.0796,13.3706],[114.0461,-7.0744,2.5062],[114.0132,-7.0699,3.3752],[114.0094,-7.0715,6.3766],[113.9934,-7.0725,2.4631],[113.9752,-7.0719,6.4279],[113.9592,-7.0656,0.5228],[113.9541,-7.061,3.3266],[113.9513,-7.0552,2.0266],[113.9469,-7.0568,4.8558],[113.9466,-7.0604,6.555],[113.9453,-7.0591,0.8531],[113.9405,-7.062,6.8806],[113.9363,-7.0687,5.7657],[113.9365,-7.0748,5.9307],[113.942,-7.0839,5.1649],[113.9412,-7.0895,2.016],[113.9449,-7.0879,7.3021],[113.9491,-7.0884,8.3483],[113.9576,-7.0927,9.3633],[113.9605,-7.0963,0.0],[113.9697,-7.0976,11.4641],[113.9847,-7.1057,2.3443],[114.0061,-7.1064,0.0],[114.011,-7.1053,2.5452],[114.0465,-7.1136,0.0],[114.0629,-7.1116,0.0],[114.063,-7.1044,14.5826]]],
[[[114.3782,-7.1224,13.1646],[114.3721,-7.1127,36.6571],[114.3721,-7.109,20.6934],[114.3751,-7.1101,0.0],[114.3739,-7.0967,7.7978],[114.3707,-7.0896,3.914],[114.3329,-7.0586,15.0613],[114.3273,-7.0573,10.3437],[114.3187,-7.0585,7.9897],[114.3167,-7.06,9.4503],[114.3018,-7.0622,12.9638],[114.2948,-7.0659,12.5798],[114.2747,-7.0885,11.8325],[114.2713,-7.0971,0.0],[114.2781,-7.1175,0.0],[114.2841,-7.1242,3.523],[114.2952,-7.1434,0.8082],[114.3,-7.1458,3.9868],[114.3134,-7.1589,7.1983],[114.3546,-7.1738,14.3281],[114.3612,-7.1787,0.0],[114.3789,-7.1797,0.6731],[114.3794,-7.181,0.6731],[114.384,-7.1818,0.0],[114.402,-7.1711,16.4123],[114.4042,-7.1655,13.7187],[114.3955,-7.1615,26.2293],[114.3934,-7.1586,27.1344],[114.391,-7.1528,23.3482],[114.3888,-7.1337,18.8656],[114.3782,-7.1224,13.1646]]],
[[[115.7622,-7.1162,2.6259],[115.77,-7.1172,0.0],[115.7703,-7.1123,2.6496],[115.7603,-7.1078,4.0567],[115.7581,-7.1113,2.8703],[115.7584,-7.1135,0.0],[115.7622,-7.1162,2.6259]]],
[[[115.7583,-7.1039,0.5559],[115.7589,-7.1032,0.5559],[115.7581,-7.1027,0.0],[115.758,-7.1038,0.5559],[115.7583,-7.1039,0.5559]]],
[[[115.7646,-7.0978,1.8233],[115.766,-7.0927,0.0],[115.7648,-7.0905,5.1528],[115.761,-7.0868,6.359],[115.7568,-7.0879,3.5302],[115.7565,-7.0895,4.4118],[115.7554,-7.0883,4.4118],[115.7531,-7.0921,0.0],[115.7534,-7.0985,2.9978],[115.7483,-7.1027,0.7162],[115.749,-7.1059,0.0],[115.7555,-7.1103,0.0],[115.7571,-7.101,0.4021],[115.7627,-7.1005,0.0],[115.7646,-7.0978,1.8233]]],
[[[114.6869,-7.099,0.0],[114.6871,-7.096,3.1551],[114.6842,-7.0938,4.6255],[114.6761,-7.0998,0.0],[114.6765,-7.1002,0.0],[114.6834,-7.101,0.0],[114.6869,-7.099,0.0]]],
[[[114.7957,-7.1084,0.0],[114.7957,-7.1058,2.8569],[114.7932,-7.106,5.97],[114.7936,-7.1095,0.0],[114.7957,-7.1084,0.0]]],
[[[114.6962,-7.1076,0.0],[114.6993,-7.1091,0.0],[114.7022,-7.1066,0.0],[114.6987,-7.105,4.3293],[114.6962,-7.1076,0.0]]],
[[[115.1934,-7.0911,0.0],[115.1971,-7.0916,2.9852],[115.2007,-7.0879,4.4812],[115.2011,-7.0847,3.1199],[115.1983,-7.0817,0.0],[115.193,-7.0859,0.0],[115.1934,-7.0911,0.0]]],
[[[115.1033,-7.0879,0.0],[115.1037,-7.088,0.0],[115.1037,-7.0875,0.0],[115.1034,-7.0875,0.0],[115.1033,-7.0879,0.0]]],
[[[114.503,-7.1383,0.0],[114.5029,-7.1381,0.0],[114.5024,-7.1386,0.0],[114.5027,-7.1386,0.0],[114.503,-7.1383,0.0]]],
[[[114.4994,-7.1355,0.2292],[114.5015,-7.1342,0.0],[114.4998,-7.1346,0.2292],[114.4988,-7.1361,0.2292],[114.4994,-7.1355,0.2292]]],
[[[115.771,-7.1407,0.0],[115.7706,-7.1411,0.0],[115.7707,-7.1414,4.2091],[115.7716,-7.1411,0.0],[115.771,-7.1407,0.0]]],
[[[115.7651,-7.1293,1.1827],[115.7647,-7.1295,1.1827],[115.7652,-7.1301,5.4361],[115.7653,-7.1297,5.4361],[115.7651,-7.1293,1.1827]]],
[[[115.7601,-7.1301,0.7835],[115.7607,-7.1302,0.7835],[115.7609,-7.1298,0.7835],[115.7603,-7.1299,0.7835],[115.7601,-7.1301,0.7835]]],
[[[114.5959,-7.1657,0.1999],[114.6103,-7.1626,1.3844],[114.6117,-7.158,1.6365],[114.6148,-7.1572,0.0],[114.6158,-7.1539,0.0],[114.6142,-7.1489,3.323],[114.612,-7.1482,9.3613],[114.6151,-7.1441,1.5787],[114.6133,-7.1415,3.1997],[114.606,-7.1398,10.9662],[114.605,-7.1376,1.1596],[114.6002,-7.1395,6.2138],[114.5956,-7.139,8.6746],[114.5914,-7.1349,2.4673],[114.5873,-7.1361,8.3123],[114.5849,-7.1348,7.8726],[114.5797,-7.1351,5.1714],[114.5769,-7.1307,1.0755],[114.5725,-7.1332,1.4904],[114.563,-7.135,1.692],[114.5545,-7.1343,5.0555],[114.5498,-7.1315,8.5647],[114.5394,-7.133,11.0647],[114.5344,-7.131,1.6735],[114.5305,-7.1323,1.9282],[114.5311,-7.134,7.0996],[114.529,-7.136,16.0919],[114.5163,-7.1388,5.1879],[114.5159,-7.1377,6.6647],[114.5149,-7.1405,5.8278],[114.5177,-7.1464,0.3127],[114.529,-7.1462,0.0],[114.5328,-7.1442,0.5276],[114.5435,-7.146,0.8011],[114.5527,-7.1447,0.0],[114.5571,-7.1511,1.0706],[114.5651,-7.1531,0.8778],[114.5663,-7.1595,0.0],[114.5723,-7.1588,4.5174],[114.5748,-7.1628,4.2039],[114.5725,-7.1661,2.5846],[114.5746,-7.1677,0.0],[114.5774,-7.1655,0.0],[114.5843,-7.1654,0.0],[114.5877,-7.1632999999999996,0.271],[114.5887,-7.1647,0.4128],[114.5919,-7.1642,3.28],[114.5902,-7.1651,0.4128],[114.5909,-7.1661,1.6413],[114.5959,-7.1657,0.1999]]],
[[[115.7596,-7.1343,0.0],[115.7596,-7.1344,0.0],[115.7598,-7.1343,0.0],[115.7597,-7.1342,0.0],[115.7596,-7.1343,0.0]]],
[[[115.7599,-7.1333,0.0],[115.76,-7.1336,0.0],[115.7603,-7.1334,0.0],[115.7603,-7.1332,0.0],[115.7599,-7.1333,0.0]]],
[[[114.5836,-7.1322,0.9169],[114.5876,-7.1317,0.0],[114.5887,-7.13,0.0],[114.5854,-7.1291,0.6066],[114.581,-7.1322,0.2981],[114.5836,-7.1322,0.9169]]],
[[[114.7698,-7.1349,0.0],[114.7735,-7.1343,0.9659],[114.77,-7.1345,0.2573],[114.7683,-7.1309,2.0757],[114.7677,-7.1316,0.8791],[114.7678,-7.1326,0.8791],[114.7698,-7.1349,0.0]]],
[[[115.7599,-7.1319,1.9924],[115.7598,-7.1318,1.9924],[115.7597,-7.1319,1.9924],[115.7599,-7.132,1.9924],[115.7599,-7.1319,1.9924]]],
[[[115.7599,-7.1316,1.9924],[115.7597,-7.1314,1.9924],[115.7596,-7.1316,1.9924],[115.7597,-7.1317,1.9924],[115.7599,-7.1316,1.9924]]],
[[[115.7602,-7.1309,0.7835],[115.76,-7.131,0.7835],[115.76,-7.1313,1.9924],[115.7602,-7.1312,0.7835],[115.7602,-7.1309,0.7835]]],
[[[115.7694,-7.1313,0.0],[115.7712,-7.1277,5.27],[115.7681,-7.1226,1.8564],[115.7625,-7.1231,1.5687],[115.7604,-7.1295,0.8844],[115.7654,-7.1286,1.1827],[115.7666,-7.1314,1.043],[115.7694,-7.1313,0.0]]],
[[[114.7836,-7.1224,0.0],[114.7794,-7.1165,4.5524],[114.7733,-7.1253,1.4844],[114.7741,-7.1283,6.1172],[114.7722,-7.1305,1.8251],[114.775,-7.1353,0.0],[114.7793,-7.1326,1.3305],[114.7836,-7.1224,0.0]]],
[[[114.6439,-7.0828,0.0],[114.6449,-7.0857,0.0],[114.648,-7.0875,0.0],[114.6494,-7.0864,0.0],[114.6505,-7.0812,0.0],[114.6466,-7.0755,4.1764],[114.6445,-7.0774,4.1841],[114.6439,-7.0828,0.0]]],
[[[114.5721,-7.0784,0.0],[114.5783,-7.0765,0.0],[114.579,-7.0739,1.6572],[114.5773,-7.0725,0.5064],[114.5749,-7.0764,0.0],[114.5702,-7.0775,0.0],[114.5721,-7.0784,0.0]]],
[[[115.8029,-7.0555,0.0],[115.7999,-7.0595,0.0],[115.80029999999999,-7.0619,0.0],[115.8014,-7.0607,0.0],[115.8037,-7.0536,0.0],[115.8029,-7.0555,0.0]]],
[[[115.7055,-7.0608,2.3499],[115.695,-7.0615,7.6677],[115.6858,-7.0585,7.5441],[115.6837,-7.0656,0.0],[115.6868,-7.0708,0.0],[115.6917,-7.0741,0.0],[115.7056,-7.0761,0.0],[115.7115,-7.0717,0.0],[115.712,-7.0658,8.1397],[115.7098,-7.0617,0.7369],[115.7055,-7.0608,2.3499]]],
[[[115.5938,-7.0568,0.0],[115.5937,-7.0562,0.0],[115.5945,-7.0548,0.0],[115.5931,-7.056,0.0],[115.5938,-7.0568,0.0]]],
[[[115.6647,-7.0498,2.7084],[115.6613,-7.0436,0.7629],[115.6592,-7.0428,6.0145],[115.6487,-7.0475,2.5993],[115.648,-7.0574,0.0],[115.6512,-7.0654,0.0],[115.6554,-7.0677,0.0],[115.6649,-7.069,0.0],[115.6693,-7.0682,0.0],[115.6747,-7.0646,0.0],[115.6693,-7.0606,6.5396],[115.6647,-7.0498,2.7084]]],
[[[115.6351,-7.0521,0.0],[115.6363,-7.0389,0.3127],[115.6316,-7.0365,1.6881],[115.6268,-7.0398,0.3296],[115.627,-7.0447,11.1502],[115.6178,-7.0426,2.8284],[115.6133,-7.0398,3.0284],[115.6063,-7.0424,6.4945],[115.6047,-7.0403,8.8276],[115.6002,-7.0391,7.0179],[115.598,-7.0412,5.867],[115.5963,-7.0407,0.9616],[115.5954,-7.0429,0.0],[115.5999,-7.0462,1.4178],[115.6006,-7.0499,3.1639],[115.5995,-7.0534,1.8989],[115.5962,-7.0533,0.0],[115.5961,-7.0562,0.0],[115.6017,-7.0568,0.0],[115.5999,-7.0536,1.8989],[115.6031,-7.055,0.0],[115.6067,-7.051,1.0507],[115.6146,-7.052,0.0],[115.618,-7.0497,6.802],[115.613,-7.059,0.0],[115.6165,-7.0612,3.0544],[115.6154,-7.065,0.0],[115.6193,-7.0668,0.0],[115.6303,-7.0673,0.0],[115.6348,-7.0644,0.0],[115.6365,-7.0611,0.0],[115.6336,-7.0592,3.3474],[115.6351,-7.0521,0.0]]],
[[[116.2562,-6.9288,0.0903],[116.2518,-6.9285,0.0],[116.252,-6.93,0.0],[116.2523,-6.9286,0.0],[116.2604,-6.9311,0.0729],[116.2651,-6.9349,4.2928],[116.2534,-6.9303,0.6595],[116.2438,-6.9361,0.2113],[116.2368,-6.9376,0.6745],[116.2347,-6.943,0.0],[116.2356,-6.9461,1.133],[116.2399,-6.9483,0.0],[116.2505,-6.95,0.0],[116.2575,-6.9489,0.0],[116.2647,-6.9453,2.3846],[116.2681,-6.939,0.0472],[116.2701,-6.94,0.0],[116.2696,-6.9381,0.0472],[116.2625,-6.9317,0.1963],[116.2562,-6.9288,0.0903]]],
[[[115.6551,-6.7219,0.0],[115.655,-6.7228,0.0],[115.656,-6.7178,0.0],[115.655,-6.7193,0.2587],[115.6551,-6.7219,0.0]]],
[[[115.634,-6.6752,0.0],[115.6368,-6.6725,0.0],[115.6364,-6.6704,0.0],[115.6334,-6.6747,0.0],[115.634,-6.6752,0.0]]],
[[[115.7151,-6.6338,0.168],[115.7155,-6.6308,0.0],[115.7124,-6.6337,0.5588],[115.7133,-6.6349,0.0],[115.7151,-6.6338,0.168]]],
[[[115.5136,-6.6062,0.0],[115.5126,-6.6022,0.0],[115.5114,-6.6105,0.0],[115.5133,-6.6092,0.0],[115.5136,-6.6062,0.0]]],
[[[115.5468,-6.5624,0.0],[115.5457,-6.561,0.0],[115.5436,-6.562,0.0],[115.5445,-6.5632,0.0],[115.5468,-6.5624,0.0]]],
[[[115.748,-6.4858,0.2482],[115.7498,-6.487,0.0],[115.7514,-6.4855,0.0],[115.7484,-6.481,0.0],[115.7487,-6.4826,0.0],[115.748,-6.4858,0.2482]]],
[[[112.746,-5.8062,0.0],[112.7464,-5.8045,0.0],[112.7439,-5.8047,0.0],[112.7428,-5.8065,0.0],[112.7439,-5.8069,0.0],[112.746,-5.8062,0.0]]],
[[[112.7702,-5.7997,6.1666],[112.7703,-5.802,3.1253],[112.7744,-5.8031,7.3368],[112.7762,-5.8019,0.0],[112.7723,-5.7999,2.7954],[112.7718,-5.795,0.0],[112.7681,-5.7947,18.4735],[112.7702,-5.7997,6.1666]]],
[[[112.5852,-5.766,0.0],[112.5812,-5.768,0.0],[112.5831,-5.7729,56.2145],[112.586,-5.7722,40.9418],[112.5874,-5.7662,0.0],[112.5852,-5.766,0.0]]],
[[[112.5449,-5.7489,0.0],[112.5447,-5.747,0.0],[112.543,-5.748,0.0],[112.5435,-5.7492,0.0],[112.5449,-5.7489,0.0]]],
[[[112.6013,-5.7452,0.0],[112.6012,-5.7541,0.0],[112.6037,-5.7565,0.0],[112.6055,-5.7487,0.0],[112.6033,-5.743,0.0],[112.6013,-5.7452,0.0]]],
[[[112.6963,-5.7152,0.0],[112.6969,-5.714,0.0],[112.6963,-5.7129,0.0],[112.6951,-5.7143,0.0],[112.6963,-5.7152,0.0]]],
[[[112.6147,-5.7275,0.0],[112.6131,-5.7319,0.0],[112.6155,-5.7347,0.0],[112.6176,-5.7296,0.0],[112.6147,-5.7275,0.0]]],
[[[112.7073,-5.7155,0.0],[112.7086,-5.7188,0.0],[112.7111,-5.7192,0.0],[112.7093,-5.7158,0.0],[112.7073,-5.7155,0.0]]],
[[[112.5603,-5.7951,0.0],[112.5597,-5.7967,0.0],[112.5624,-5.7997,0.0],[112.5632,-5.7958,0.0],[112.5621,-5.7942,0.0],[112.5603,-5.7951,0.0]]],
[[[112.6287,-5.8461,8.1413],[112.6271,-5.8451,3.7858],[112.6299,-5.8414,3.8479],[112.6337,-5.8411,17.1482],[112.6462,-5.8453,29.8896],[112.6512,-5.8491,6.8506],[112.6573,-5.8502,5.8164],[112.665,-5.8478,7.5649],[112.6693,-5.852,79.5814],[112.6783,-5.8492,47.8079],[112.6823,-5.85,23.5165],[112.6838,-5.8513,47.2237],[112.6842,-5.8573,0.0],[112.6827,-5.8643,0.0],[112.6891,-5.8653,28.7431],[112.6889,-5.8572,0.0],[112.6854,-5.8549,6.9112],[112.686,-5.8522,46.2771],[112.6908,-5.8516,68.6355],[112.6934,-5.8481,69.0326],[112.7001,-5.8489,46.6299],[112.7052,-5.8435,4.743],[112.7131,-5.8423,1.9859],[112.7188,-5.8362,4.5146],[112.7201,-5.8312,27.7609],[112.7267,-5.8318,28.5809],[112.7323,-5.8292,16.1385],[112.732,-5.822,0.0],[112.7271,-5.8164,3.9055],[112.7272,-5.8142,10.1264],[112.7319,-5.8035,3.2866],[112.7317,-5.7997,4.0345],[112.7384,-5.7892,38.3327],[112.742,-5.7868,0.0],[112.7391,-5.7792,0.0],[112.7314,-5.7731,0.0],[112.7363,-5.7641,0.0],[112.7328,-5.7623,0.0],[112.7306,-5.7571,0.0],[112.7268,-5.7606,0.0],[112.7248,-5.7593,0.0],[112.7262,-5.7447,6.0294],[112.7251,-5.7416,3.1034],[112.7272,-5.738,0.0],[112.7267,-5.7358,0.0],[112.7209,-5.7362,0.0],[112.7157,-5.7305,0.0],[112.7132,-5.7301,0.0],[112.7103,-5.7326,0.0],[112.7015,-5.732,0.0],[112.6897,-5.7244,0.0],[112.688,-5.7169,0.0],[112.6859,-5.7155,0.0],[112.6799,-5.7174,0.0],[112.6782,-5.7209,0.0],[112.6749,-5.7225,1.6723],[112.6758,-5.7314,4.7467],[112.6716,-5.7355,0.0],[112.6652,-5.7353,5.8129],[112.6635,-5.7322,0.0],[112.6567,-5.7289,0.0],[112.6461,-5.7296,2.901],[112.6363,-5.7355,1.0654],[112.6319,-5.7426,1.3413],[112.6261,-5.7471,3.9245],[112.615,-5.7491,0.0],[112.6115,-5.7512,0.0],[112.6119,-5.767,1.9861],[112.6078,-5.7716,2.4405],[112.6019,-5.772,8.4077],[112.5977,-5.7681,3.9698],[112.5884,-5.7729,0.0],[112.5877,-5.775,0.0],[112.5893,-5.7765,0.0],[112.5868,-5.781,0.0],[112.588,-5.7826,0.0],[112.5874,-5.7864,1.3058],[112.5858,-5.7879,0.0],[112.5791,-5.7883,0.0],[112.5837,-5.7951,0.0],[112.5815,-5.8034,0.0],[112.5765,-5.8054,0.0],[112.5712,-5.8031,0.0],[112.5685,-5.8076,0.0],[112.5707,-5.8106,24.0642],[112.5787,-5.8095,5.5824],[112.5747,-5.827,16.6956],[112.5842,-5.8293,72.6936],[112.5824,-5.8362,3.5423],[112.5786,-5.8353,0.0],[112.5768,-5.8381,2.4029],[112.5766,-5.8435,8.1982],[112.5813,-5.8419,33.434],[112.587,-5.8447,46.0366],[112.5909,-5.8532,26.06],[112.5978,-5.8509,39.7331],[112.6094,-5.8556,35.9061],[112.6132,-5.853,61.1315],[112.6214,-5.8521,6.6014],[112.6228,-5.8566,5.9369],[112.6194,-5.864,34.3875],[112.6191,-5.8674,8.8129],[112.6203,-5.8676,22.8995],[112.6245,-5.8617,0.0],[112.6236,-5.8579,8.2565],[112.6273,-5.8557,26.7306],[112.6269,-5.8491,5.9644],[112.6287,-5.8461,8.1413]]],
[[[114.4312,-5.5467,0.0],[114.4291,-5.5526,3.0097],[114.4274,-5.5493,1.0874],[114.4241,-5.5507,4.4515],[114.4215,-5.5459,0.0],[114.419,-5.5485,0.0],[114.4192,-5.5523,5.1595],[114.417,-5.5513,9.1381],[114.4157,-5.5479,0.0],[114.4125,-5.5456,2.9972],[114.415,-5.5363,1.9904],[114.4125,-5.5323,0.0],[114.4091,-5.5328,0.0],[114.4065,-5.5348,1.4374],[114.4067,-5.5366,6.715],[114.404,-5.5372,0.0],[114.4041,-5.5388,2.2104],[114.3983,-5.5391,1.5372],[114.3932,-5.5427,0.0],[114.3967,-5.549,0.0],[114.3929,-5.5646,0.0],[114.394,-5.5679,0.0],[114.3975,-5.5718,0.0],[114.4056,-5.5696,0.0],[114.4167,-5.5741,3.4935],[114.4196,-5.5786,0.0],[114.4223,-5.5907,0.8732],[114.4281,-5.5877,4.7187],[114.4351,-5.5885,0.0],[114.4468,-5.5799,0.0],[114.4486,-5.5774,0.0],[114.4465,-5.5752,12.4428],[114.4467,-5.5727,4.3777],[114.4509,-5.5722,0.0],[114.4497,-5.5698,0.447],[114.4518,-5.5695,0.508],[114.4511,-5.5677,0.3781],[114.4549,-5.5658,0.0785],[114.4508,-5.5617,0.9223],[114.4517,-5.5549,2.808],[114.4533,-5.5533,0.0],[114.4519,-5.5521,5.1002],[114.4519,-5.5473,2.0539],[114.4398,-5.5503,9.6975],[114.4388,-5.545,5.3301],[114.4361,-5.5477,2.2015],[114.4312,-5.5467,0.0]]],
[[[114.4194,-5.4311,4.9826],[114.4139,-5.4306,7.0546],[114.4114,-5.4337,0.0],[114.4131,-5.4357,3.7928],[114.4095,-5.4421,2.4693],[114.414,-5.4487,6.4844],[114.4139,-5.4512,3.8277],[114.4172,-5.4553,0.0],[114.4222,-5.4573,0.4247],[114.425,-5.4618,0.0],[114.429,-5.4629,0.0],[114.4314,-5.4598,0.9622],[114.4367,-5.4603,0.0],[114.4389,-5.4555,5.0887],[114.4368,-5.4485,6.2117],[114.4305,-5.4421,14.1772],[114.4296,-5.4388,9.2095],[114.4194,-5.4311,4.9826]]],
[[[114.5982,-5.1068,0.0],[114.5976,-5.1074,0.0],[114.5989,-5.1078,0.0],[114.5989,-5.1067,0.0],[114.5982,-5.1068,0.0]]],
[[[114.6075,-5.0628,7.8194],[114.6104,-5.053,0.0],[114.609,-5.0489,7.4159],[114.5997,-5.0532,33.2773],[114.5878,-5.067,0.0],[114.5895,-5.0766,0.0],[114.5928,-5.0778,4.6156],[114.5933,-5.081,6.8854],[114.5926,-5.0901,14.5576],[114.589,-5.0957,0.0],[114.5956,-5.1012,0.0],[114.6003,-5.0999,0.0],[114.6035,-5.1026,0.0],[114.6056,-5.0889,0.0],[114.6116,-5.08,0.0],[114.6114,-5.0683,0.0],[114.6098,-5.0639,11.7618],[114.6075,-5.0628,7.8194]]],
[[[112.7124,-5.7128,0.0],[112.7097,-5.7124,0.0],[112.7137,-5.7157,0.0],[112.7142,-5.7141,0.0],[112.7124,-5.7128,0.0]]],
[[[112.7033,-5.7136,0.0],[112.7058,-5.7133,0.0],[112.7064,-5.7122,0.0],[112.7014,-5.7122,0.0],[112.7033,-5.7136,0.0]]],
[[[115.3158,-7.0123,0.0],[115.3148,-7.0101,0.0],[115.3094,-7.0072,0.0],[115.3008,-7.0088,0.0],[115.3034,-7.0145,0.0],[115.3058,-7.0146,0.0],[115.3102,-7.0189,0.0],[115.3162,-7.022,0.0],[115.3179,-7.0148,0.0],[115.3158,-7.0123,0.0]]],
[[[115.5552,-7.0145,1.9862],[115.5529,-7.0116,5.1545],[115.5436,-7.01,1.6808],[115.5434,-7.0118,4.1252],[115.5404,-7.0141,2.6687],[115.5396,-7.0182,4.7436],[115.5394,-7.0252,2.1875],[115.5414,-7.025,3.3082],[115.5415,-7.0279,4.594],[115.5484,-7.0263,0.0],[115.5551,-7.0182,0.0],[115.5552,-7.0145,1.9862]]],
[[[115.7043,-7.0081,2.3539],[115.704,-7.0116,0.0],[115.706,-7.0137,0.0],[115.7117,-7.0075,0.6059],[115.7077,-7.0034,3.2914],[115.7053,-7.0045,1.3835],[115.7043,-7.0081,2.3539]]],
[[[115.6919,-7.0123,0.0],[115.6901,-7.0121,0.0],[115.6898,-7.0126,0.0],[115.6913,-7.0136,0.0],[115.6919,-7.0123,0.0]]],
[[[114.184,-6.99,5.1891],[114.1872,-6.98,14.8929],[114.1867,-6.9721,19.0475],[114.1822,-6.9671,2.6703],[114.1746,-6.9649,2.8897],[114.171,-6.9666,14.5513],[114.167,-6.9738,3.4478],[114.1643,-6.9894,0.0],[114.1609,-6.9985,8.9319],[114.1665,-7.0024,1.9617],[114.1795,-7.005,0.0],[114.1833,-7.0007,3.106],[114.184,-6.99,5.1891]]],
[[[115.4647,-6.9851,2.4373],[115.4676,-6.9768,0.0],[115.4625,-6.9722,1.2305],[115.4615,-6.974,3.1826],[115.4649,-6.9761,1.9101],[115.4646,-6.9777,0.5496],[115.4606,-6.9785,2.4992],[115.4579,-6.981,1.5959],[115.4553,-6.977,0.8081],[115.4519,-6.9757999999999996,1.6173],[115.4493,-6.9773,4.4379],[115.4518,-6.9829,2.8817],[115.4493,-6.9813,0.8753],[115.4303,-6.9788,1.9087],[115.4257,-6.9846,1.8464],[115.4296,-6.9952,0.0],[115.4369,-7.0001,3.307],[115.4457,-7.0019,2.6613],[115.4473,-7.0037,1.7392],[115.4634,-7.0041,10.7358],[115.467,-7.007,0.0],[115.4763,-7.0059,0.0],[115.4666,-6.9952,9.9281],[115.4637,-6.9889,0.7989],[115.4647,-6.9851,2.4373]]],
[[[115.2611,-6.9743,3.5019],[115.2599,-6.9719,1.185],[115.254,-6.9688,1.7213],[115.2444,-6.9705,0.0],[115.2473,-6.9768,0.0],[115.25,-6.977,1.5759],[115.2549,-6.9817,0.0],[115.2616,-6.9851,1.2977],[115.2634,-6.9771,2.2651],[115.2611,-6.9743,3.5019]]],
[[[115.295,-6.9768,1.7505],[115.2933,-6.9763,4.1219],[115.2918,-6.9768,0.0],[115.2961,-6.9777,1.7505],[115.295,-6.9768,1.7505]]],
[[[115.4112,-6.9837,0.0],[115.4145,-6.9854,2.0906],[115.4176,-6.9819,5.0831],[115.4143,-6.9744,0.0],[115.4181,-6.966,0.0],[115.4156,-6.9599,3.0478],[115.4114,-6.965,0.0],[115.4125,-6.9742,1.04],[115.409,-6.9791,1.7033],[115.4112,-6.9837,0.0]]],
[[[115.6614,-7.0093,3.0918],[115.6604,-7.0109,0.0],[115.6619,-7.013,0.0],[115.6639,-7.0113,0.0],[115.6614,-7.0093,3.0918]]],
[[[115.5883,-7.0016,0.0],[115.5874,-7.0016,0.0],[115.5875,-7.0028,0.0],[115.5887,-7.0028,0.0],[115.5883,-7.0016,0.0]]],
[[[115.5391,-7.009,1.2172],[115.5382,-7.009,1.2172],[115.538,-7.0097,0.9745],[115.5394,-7.0099,1.7192],[115.5391,-7.009,1.2172]]],
[[[115.5978,-7.0082,0.0],[115.5959,-7.0071,0.0],[115.5947,-7.0075,0.0],[115.5959,-7.0087,0.0],[115.5978,-7.0082,0.0]]],
[[[115.5449,-6.9957,4.7339],[115.5461,-6.9845,0.0],[115.5429,-6.9815,1.326],[115.538,-6.986,1.7272],[115.5378,-6.988,4.4778],[115.5317,-6.9885,2.6657],[115.5287,-6.9904,0.0],[115.527,-6.9964,4.1754],[115.5192,-6.9978,0.0],[115.5169,-6.9999,1.4684],[115.5194,-7.0066,7.508],[115.5175,-7.0041,0.8432],[115.5174,-7.0025,0.0],[115.5154,-7.006,0.9543],[115.5115,-7.0075,1.5138],[115.5084,-7.0133,3.5969],[115.5043,-7.0143,2.6042],[115.5164,-7.0173,2.0005],[115.5228,-7.0247,11.0901],[115.5238,-7.0279,5.2361],[115.5286,-7.0319,0.0],[115.5287,-7.0341,0.0],[115.5307,-7.0327,10.0858],[115.5338,-7.0334,0.0],[115.5359,-7.0252,7.5237],[115.5385,-7.0222,0.7719],[115.5375,-7.022,0.7719],[115.5386,-7.0123,2.537],[115.5366,-7.0097,8.5116],[115.5387,-7.0083,1.2172],[115.542,-7.0092,1.0209],[115.5405,-7.0111,1.7192],[115.5431,-7.0098,4.333],[115.5424,-7.0088,1.0209],[115.5381,-7.0071,1.481],[115.5362,-7.0028,2.3428],[115.5388,-6.9977,3.0259],[115.5384,-6.9947,2.3554],[115.5405,-6.9939,2.1715],[115.5407,-6.9902,3.5927],[115.5438,-6.9993,3.5283],[115.5452,-6.9984,3.5283],[115.5449,-6.9957,4.7339]]],
[[[115.6056,-7.0048,0.0],[115.6035,-7.0037,0.0],[115.6015,-7.0045,0.0],[115.6037,-7.0058,0.0],[115.6056,-7.0048,0.0]]],
[[[115.5835,-6.9961,0.0],[115.5828,-6.9962,0.0],[115.5828,-6.9966,0.0],[115.5834,-6.9967,0.0],[115.5835,-6.9961,0.0]]],
[[[115.5873,-6.9931,0.0],[115.5859,-6.9901,4.5044],[115.5817,-6.9883,1.4506],[115.5786,-6.989,0.0],[115.5793,-6.9926,0.0],[115.5776,-6.9945,0.0],[115.583,-6.9954,0.0],[115.5843,-6.9964,0.0],[115.5849,-6.9987,0.0],[115.5873,-6.9931,0.0]]],
[[[115.5952,-6.9482,28.5692],[115.5859,-6.9427,5.6241],[115.5808,-6.943,4.4759],[115.5813,-6.9473,5.8628],[115.577,-6.944,2.046],[115.5757,-6.9482,35.916],[115.5721,-6.9477,0.0],[115.571,-6.9495,0.0],[115.573,-6.9585,0.0],[115.5764,-6.9628,5.3272],[115.5754,-6.965,3.659],[115.5714,-6.9638,5.8502],[115.5695,-6.9587,11.8849],[115.5643,-6.9632,0.0],[115.5716,-6.9783,0.0],[115.583,-6.9772,0.0],[115.5907,-6.9812,3.4282],[115.5907,-6.987,11.7264],[115.5883,-6.9899,1.355],[115.5916,-6.9936,0.0],[115.589,-6.996,0.0],[115.5914,-6.9957,0.0],[115.5964,-6.9985,0.0],[115.5969,-6.9954,1.7403],[115.5998,-6.9956,0.0],[115.6059,-6.9987,0.0],[115.6078,-7.0019,0.0],[115.6143,-7.006,0.0],[115.6162,-7.0048,0.0],[115.6185,-7.0062,0.0],[115.6229,-7.0038,0.0],[115.6311,-7.0085,0.0],[115.6399,-6.9998,0.0],[115.6473,-7.0003,0.0],[115.6672,-7.0078,0.0],[115.6775,-7.0162,0.0],[115.681,-7.0175,0.0],[115.6843,-7.0158,0.0],[115.6829,-7.0035,1.3356],[115.6749,-6.998,16.5407],[115.675,-6.995,1.1885],[115.6729,-6.9922,0.2675],[115.67,-6.9908,0.831],[115.6671,-6.9915,0.3353],[115.6646,-6.9881,2.1733],[115.6545,-6.9827,4.7556],[115.6519,-6.9781,4.6657],[115.6463,-6.9754,15.8947],[115.6452,-6.9722,6.68],[115.6438,-6.9729,26.1064],[115.6359,-6.9698,63.7303],[115.5952,-6.9482,28.5692]]],
[[[113.1496,-7.2175,1.546],[113.1444,-7.2131,0.0],[113.1471,-7.2103,2.6042],[113.1562,-7.2063,0.3567],[113.1626,-7.2097,6.4672],[113.1698,-7.2275,0.8945],[113.1863,-7.2257,2.4856],[113.199,-7.2219,1.0277],[113.2205,-7.2201,1.5478],[113.2609,-7.2249,0.0],[113.2689,-7.221,4.3421],[113.2747,-7.2154,2.4302],[113.3155,-7.2189,1.8705],[113.3268,-7.2135,5.0959],[113.3487,-7.2159,2.3426],[113.3485,-7.2186,0.6674],[113.3539,-7.219,0.0],[113.3549,-7.2156,3.9975],[113.3631,-7.2159,5.5043],[113.363,-7.2178,4.3389],[113.3649,-7.2178,0.0],[113.365,-7.2159,5.331],[113.3984,-7.2182,0.5277],[113.4106,-7.2177,2.9124],[113.4276,-7.2228,2.6613],[113.4354,-7.2205,2.9102],[113.4445,-7.2203,4.5173],[113.4504,-7.222,2.0907],[113.4529,-7.2201,2.9193],[113.4598,-7.2227,3.4925],[113.4699,-7.221,4.8902],[113.4724,-7.2227,2.072],[113.4744,-7.2218,1.7363],[113.4771,-7.2243,2.4933],[113.4932,-7.226,1.3903],[113.5021,-7.229,3.7431],[113.5087,-7.2363,1.7063],[113.5081,-7.2374,0.9146],[113.5141,-7.2387,2.2332],[113.5134,-7.2394,2.2332],[113.5105,-7.2392,2.1743],[113.5114,-7.2402,1.872],[113.5146,-7.2417,2.0854],[113.517,-7.241,1.8568],[113.5155,-7.242,2.0854],[113.5136,-7.242,1.5194],[113.5157,-7.2428,2.0854],[113.5171,-7.2462,2.637],[113.5148,-7.243,2.0197],[113.516,-7.2456,3.1658],[113.515,-7.2442,2.0197],[113.5145,-7.2455,3.1658],[113.5136,-7.243,2.4543],[113.5131,-7.2446,3.4464],[113.5127,-7.2427,1.5194],[113.5037,-7.2406,1.1698],[113.5093,-7.2452,2.4584],[113.5152,-7.2525,0.8187],[113.5377,-7.236,0.8359],[113.5481,-7.2325,7.2073],[113.552,-7.2338,2.9188],[113.5495,-7.2306,0.395],[113.5562,-7.2213,0.5902],[113.5605,-7.2094,1.2797],[113.5598,-7.2063,1.3051],[113.5562,-7.2029,1.7621],[113.5654,-7.195,1.4967],[113.5663,-7.1816,2.656],[113.5706,-7.1792,3.1181],[113.5732,-7.1705,3.0669],[113.5737,-7.1613,0.8349],[113.5761,-7.1603,3.9819],[113.583,-7.1511,0.6798],[113.5893,-7.139,5.4236],[113.6068,-7.1258,13.7852],[113.6385,-7.1246,1.6798],[113.6434,-7.1292,3.5525],[113.6495,-7.1263,2.6698],[113.654,-7.1278,1.9155],[113.6637,-7.1173,2.4743],[113.6704,-7.1141,5.6813],[113.6729,-7.1107,4.3924],[113.683,-7.1087,7.4796],[113.6919,-7.1106,4.8452],[113.7136,-7.1119,9.736],[113.7203,-7.1136,6.4458],[113.724,-7.1162,5.1771],[113.746,-7.1158,7.5417],[113.7525,-7.1194,1.1677],[113.769,-7.1217,1.3662],[113.7708,-7.1236,0.7423],[113.7966,-7.1252,3.7961],[113.8,-7.1274,0.0],[113.8116,-7.1292,4.6927],[113.8155,-7.1331,0.5475],[113.83,-7.1326,5.9591],[113.8568,-7.1345,8.8972],[113.8917,-7.1331,0.0],[113.8932,-7.1313,0.3486],[113.8928,-7.1247,4.4588],[113.8949,-7.1231,1.1178],[113.8927,-7.1219,5.1002],[113.8891,-7.1152,0.0],[113.891,-7.1114,0.0],[113.8886,-7.1043,0.9853],[113.8852,-7.1043,1.1873],[113.8837,-7.1017,2.0427],[113.8762,-7.1006,6.0053],[113.8705,-7.0945,0.0],[113.8802,-7.0742,1.1416],[113.8902,-7.0621,1.281],[113.9067,-7.0471,1.7409],[113.916,-7.0431,0.6757],[113.9213,-7.0436,3.3104],[113.9412,-7.0574,2.5578],[113.9439,-7.0571,1.1071],[113.9475,-7.0532,3.0001],[113.9483,-7.0486,12.8925],[113.9451,-7.043,4.0068],[113.9266,-7.0352,7.782],[113.9208,-7.031,2.6232],[113.9213,-7.024,1.5412],[113.9264,-7.0187,1.3897],[113.9346,-7.0199,1.1831],[113.9343,-7.0213,0.4397],[113.9393,-7.0257,0.1711],[113.9453,-7.0274,0.7465],[113.938,-7.0338,0.0],[113.9444,-7.0385,0.1085],[113.9487,-7.0344,0.7808],[113.9502,-7.0347,2.3307],[113.9468,-7.0422,0.7315],[113.9493,-7.0404,0.7436],[113.9553,-7.0408,0.3643],[113.96,-7.0386,0.5],[113.9615,-7.0404,0.6197],[113.9651,-7.0389,0.4986],[113.963,-7.0421,0.0],[113.9652,-7.0397,0.0],[113.9754,-7.0218,0.0],[113.9893,-7.0085,1.7924],[113.9927,-7.0073,1.7991],[113.9955,-7.0089,0.4576],[114.0021,-7.0055,6.1772],[114.0335,-7.0089,6.9401],[114.0437,-7.0075,7.2495],[114.0585,-7.0034,1.6442],[114.0929,-6.9801,0.0],[114.1053,-6.9796,0.0],[114.1141,-6.9825,1.7552],[114.1248,-6.9774,4.5112],[114.1198,-6.9698,0.5281],[114.1066,-6.9415,4.9762],[114.0997,-6.9346,2.9843],[114.0898,-6.9279,0.0],[114.0218,-6.899,0.8935],[114.0015,-6.8868,3.2543],[113.9804,-6.8803,1.5405],[113.9773,-6.8773,1.0095],[113.9675,-6.873,2.3445],[113.9145,-6.8638,0.85],[113.8998,-6.8642,1.2622],[113.8904,-6.8666,3.48],[113.8857,-6.8659,0.0],[113.8751,-6.8683,4.1572],[113.8709,-6.8712,0.0],[113.8561,-6.8726,2.015],[113.798,-6.8853,3.8435],[113.773,-6.8831,5.5084],[113.7601,-6.8856,2.1925],[113.7559,-6.884,0.0],[113.7451,-6.8839,0.0],[113.7299,-6.8874,2.9038],[113.6788,-6.8828,0.0],[113.6691,-6.8837,6.8925],[113.6571,-6.8871,4.7136],[113.6566,-6.8885,8.1813],[113.6402,-6.8889,8.8416],[113.6374,-6.8876,0.0],[113.6243,-6.8903,5.2195],[113.6126,-6.8888,7.7517],[113.5895,-6.8889,4.1695],[113.5719,-6.8931,9.5318],[113.5151,-6.8953,5.2366],[113.5047,-6.8975,3.1438],[113.4834,-6.8971,6.221],[113.4631,-6.8927,4.0163],[113.4537,-6.8923,4.7706],[113.4489,-6.8901,8.763],[113.4383,-6.8888,6.3689],[113.4304,-6.8898,7.0519],[113.4179,-6.8879,2.5939],[113.4132,-6.8895,3.3257],[113.407,-6.8879,1.2834],[113.3944,-6.8896,12.6316],[113.3854,-6.8882,7.6501],[113.3794,-6.8907,4.7128],[113.3757,-6.8883,6.4506],[113.3552,-6.8899,6.2012],[113.3235,-6.8881,7.3455],[113.3146,-6.8905,0.9086],[113.312,-6.8928,0.8956],[113.3019,-6.8917,5.0857],[113.2951,-6.889,0.4994],[113.2828,-6.892,2.6927],[113.2653,-6.8896,0.898],[113.2444,-6.8923,0.0],[113.2271,-6.8908,0.3438],[113.2219,-6.8937,3.2116],[113.2005,-6.8979,1.74],[113.1913,-6.8942,2.6979],[113.1789,-6.8947,4.7191],[113.1668,-6.8912,0.3886],[113.1598,-6.8956,3.8839],[113.1554,-6.8949,8.0735],[113.1495,-6.8913,3.6471],[113.1361,-6.8944,0.0],[113.1293,-6.8916,1.162],[113.1257,-6.893,2.457],[113.1228,-6.8923,0.6423],[113.1212,-6.89,0.8676],[113.1187,-6.8902,0.8662],[113.1188,-6.8935,1.4058],[113.1158,-6.8948,5.3318],[113.1086,-6.8935,2.3578],[113.108,-6.8885,1.0952],[113.0874,-6.8888,2.2932],[113.0861,-6.8884,4.658],[113.0864,-6.8866,0.0],[113.0829,-6.8873,1.0961],[113.0774,-6.8836,0.6121],[113.0759,-6.8846,4.9717],[113.0636,-6.882,0.5823],[113.0527,-6.8849,2.19],[113.045,-6.8807,1.3594],[113.0339,-6.8795,0.0],[113.0274,-6.8836,2.3447],[113.0237,-6.8824,0.878],[113.0256,-6.881,0.0],[113.0232,-6.8825,0.878],[113.0231,-6.8829,0.878],[113.0228,-6.8829,0.878],[113.0061,-6.8811,0.0],[113.0044,-6.8825,1.1924],[113.0045,-6.8849,1.4596],[113.0031,-6.8841,0.0],[113.0022,-6.8875,1.9077],[113.0,-6.8863,2.7352],[112.9998,-6.8816,0.0],[112.9958,-6.8856,1.2169],[112.9929,-6.8834,0.0],[112.9873,-6.8869,1.8747],[112.9785,-6.8856,0.0],[112.9705,-6.8888,0.4919],[112.9637,-6.8867,1.4525],[112.9616,-6.8891,2.3343],[112.9519,-6.887,1.1798],[112.9442,-6.8895,0.0],[112.9385,-6.8889,3.2025],[112.9331,-6.8914,1.1614],[112.9255,-6.8899,1.5226],[112.9208,-6.8939,1.5879],[112.9039,-6.8917,1.0526],[112.9033,-6.8935,5.0731],[112.9013,-6.8938,1.7729],[112.9013,-6.8923,0.0],[112.8999,-6.8927,0.6526],[112.9008,-6.8902,0.0],[112.8954,-6.8919,0.9099],[112.882,-6.8905,0.4921],[112.8775,-6.8915,0.2595],[112.879,-6.8965,3.7187],[112.8756,-6.8979,0.3213],[112.8699,-6.8939,2.6465],[112.8723,-6.8929,1.3319],[112.8713,-6.8919,1.3319],[112.8635,-6.8919,0.6895],[112.8493,-6.8967,0.0],[112.8472,-6.8994,0.3738],[112.8484,-6.9089,1.2888],[112.841,-6.9164,1.2005],[112.8382,-6.915,1.7216],[112.8355,-6.916,1.1932],[112.8322,-6.9063,1.2898],[112.829,-6.9057,0.3449],[112.8235,-6.9101,1.7042],[112.8223,-6.9127,1.0278],[112.8298,-6.9212,1.973],[112.8275,-6.9246,2.9084],[112.829,-6.9258,2.9084],[112.8265,-6.9274,0.0],[112.8283,-6.9307,1.6554],[112.804,-6.9639,0.0],[112.7944,-6.9729,0.0],[112.7908,-6.9738,0.702],[112.7928,-6.9784,0.8653],[112.7893,-6.9815,0.7735],[112.7887,-6.9843,3.5872],[112.7741,-6.998,5.2617],[112.757,-7.0077,0.0],[112.7463,-7.0168,4.202],[112.7406,-7.0182,0.7501],[112.7359,-7.0259,0.0],[112.7229,-7.0387,3.6475],[112.719,-7.0397,2.8913],[112.7159,-7.0384,0.0],[112.7148,-7.04,7.3676],[112.7111,-7.0406,3.1491],[112.7088,-7.0385,3.6963],[112.7019,-7.0377,0.0],[112.6961,-7.0331,1.545],[112.6892,-7.0315,2.8246],[112.6885,-7.0297,1.735],[112.6857,-7.0325,1.1432],[112.6823,-7.0316,0.4324],[112.6807,-7.0347,1.2264],[112.6793,-7.0439,1.7601],[112.6774,-7.044,0.6983],[112.6765,-7.0569,0.2582],[112.6736,-7.0597,0.9853],[112.6753,-7.0664,3.4666],[112.6734,-7.0735,0.4333],[112.6777,-7.0766,0.0],[112.6835,-7.0841,2.6869],[112.685,-7.0889,0.0],[112.6865,-7.0893,0.76],[112.6852,-7.0908,1.1359],[112.6865,-7.0928,0.983],[112.6858,-7.0955,0.0],[112.6917,-7.097,2.0801],[112.6936,-7.0946,1.4502],[112.6999,-7.0943,0.8587],[112.7016,-7.0928,2.1436],[112.7038,-7.0967,0.0],[112.7058,-7.0962,9.9403],[112.7062,-7.0982,3.5182],[112.7021,-7.1201,1.5342],[112.6921,-7.1463,1.3282],[112.6911,-7.154,0.0],[112.7034,-7.1659,0.0],[112.7185,-7.1716,0.4228],[112.7212,-7.1737,1.4625],[112.721,-7.1754,0.307],[112.7228,-7.1755,0.0],[112.7278,-7.1706,6.0395],[112.7459,-7.1704,5.9868],[112.747,-7.1677,50.7431],[112.7445,-7.169,29.3832],[112.7404,-7.1653,48.6408],[112.7515,-7.1536,64.4654],[112.7495,-7.1505,62.4807],[112.7599,-7.1514,58.0358],[112.7653,-7.1522,55.8168],[112.7647,-7.1563,53.968],[112.768,-7.1592,32.127],[112.7692,-7.1629,17.2486],[112.7769,-7.1594,13.6636],[112.7894,-7.1599,0.0],[112.791,-7.1616,0.0],[112.793,-7.159,8.7436],[112.8007,-7.1575,11.5346],[112.8052,-7.1589,2.5866],[112.8124,-7.1583,1.8583],[112.8158,-7.1601,0.0],[112.8205,-7.1595,13.2359],[112.8234,-7.1614,0.0],[112.8344,-7.1622,6.9135],[112.8451,-7.1657,4.1804],[112.8649,-7.1627,2.978],[112.8857,-7.1726,2.0187],[112.8912,-7.178,0.8152],[112.9019,-7.1806,3.0077],[112.9069,-7.18,1.8269],[112.9112,-7.1822,2.4804],[112.9134,-7.1853,0.0],[112.9186,-7.1831,1.5279],[112.9227,-7.1858,1.3163],[112.9469,-7.1932,1.9192],[112.9487,-7.1921,6.7296],[112.9529,-7.1929,5.5881],[112.9655,-7.1999,3.25],[112.9762,-7.1989,3.9641],[112.9914,-7.202,2.8445],[112.9959,-7.2044,14.5025],[112.9976,-7.2088,1.3613],[113.0006,-7.2094,6.62],[113.0138,-7.2055,2.357],[113.0224,-7.2097,0.0],[113.0375,-7.2117,2.1148],[113.0454,-7.2154,1.4075],[113.0552,-7.2168,0.0],[113.0746,-7.225,0.3427],[113.0762,-7.2233,0.5443],[113.0801,-7.2232,0.0],[113.0862,-7.2262,8.0765],[113.0998,-7.2285,1.3081],[113.1328,-7.2231,0.0],[113.1499,-7.2242,5.4445],[113.1496,-7.2175,1.546]]],
[[[115.7482,-6.9284,0.4272],[115.7481,-6.932,3.342],[115.7454,-6.936,0.0],[115.7487,-6.9347,0.3039],[115.7496,-6.9305,0.0],[115.7482,-6.9284,0.4272]]],
[[[112.4851,-6.9007,1.0069],[112.4838,-6.9006,1.0069],[112.4829,-6.9013,5.5364],[112.4863,-6.902,2.4646],[112.4851,-6.9007,1.0069]]],
[[[112.068,-6.8873,0.0],[112.0675,-6.8887,0.0],[112.0674,-6.8893,0.0],[112.0682,-6.8871,0.0],[112.068,-6.8873,0.0]]],
[[[114.5139,-6.8723,0.0],[114.5113,-6.8725,0.0],[114.5102,-6.8745,0.0],[114.5046,-6.8933,0.0],[114.5065,-6.8955,0.0],[114.5112,-6.8938,0.0],[114.5196,-6.8812,0.0],[114.5201,-6.8773,0.0],[114.5158,-6.8757,0.0],[114.5139,-6.8723,0.0]]],
[[[115.2368,-6.8734,0.5727],[115.2362,-6.8746,0.0],[115.2364,-6.8752,0.0],[115.2379,-6.8738,0.5727],[115.2368,-6.8734,0.5727]]],
[[[114.4336,-6.8427,0.0],[114.4362,-6.8407,0.0],[114.4356,-6.8377,0.0],[114.433,-6.8384,0.0],[114.4318,-6.8332,0.0],[114.4298,-6.8318,0.0],[114.4265,-6.8339,0.0],[114.4236,-6.8421,0.0],[114.4287,-6.856,0.0],[114.4311,-6.8585,0.0],[114.4341,-6.8569,0.0],[114.4336,-6.8427,0.0]]],
[[[115.2165,-6.8437,7.106],[115.2172,-6.846,3.0812],[115.2214,-6.8442,0.0],[115.2198,-6.8394,0.5081],[115.2188,-6.8395,0.5081],[115.2165,-6.8437,7.106]]],
[[[115.3838,-6.9324,1.441],[115.3832,-6.9341,0.9761],[115.3841,-6.9343,0.9761],[115.3849,-6.9319,0.0],[115.3838,-6.9324,1.441]]],
[[[115.3722,-6.9283,4.3771],[115.3714,-6.9291,4.3771],[115.3733,-6.931,2.2324],[115.3751,-6.9302,0.0],[115.3743,-6.9289,1.1641],[115.3722,-6.9283,4.3771]]],
[[[115.4054,-6.927,0.0],[115.4049,-6.928,0.0],[115.4052,-6.9285,0.0],[115.406,-6.9281,2.6715],[115.4054,-6.927,0.0]]],
[[[115.7592,-6.9676,0.0],[115.7588,-6.9692,-0.0813],[115.7561,-6.9688,0.0727],[115.7579,-6.9661,0.0],[115.7534,-6.9698,1.8816],[115.7507,-6.9693,0.0],[115.748,-6.9711,0.282],[115.7556,-6.9761,0.5292],[115.758,-6.9761,-0.0371],[115.7617,-6.9704,-0.0554],[115.761,-6.9671,-0.0763],[115.7592,-6.9676,0.0]]],
[[[115.7095,-6.9669,0.0],[115.7094,-6.9655,0.9431],[115.7066,-6.9704,0.0],[115.708,-6.9697,0.0],[115.7095,-6.9669,0.0]]],
[[[115.2518,-6.9647,0.5574],[115.2592,-6.9698,0.5419],[115.261,-6.9684,2.4081],[115.2549,-6.9612,1.5845],[115.2507,-6.9597,2.6836],[115.2491,-6.9618,2.5582],[115.2518,-6.9647,0.5574]]],
[[[115.308,-6.9608,2.99],[115.3061,-6.9598,2.4185],[115.306,-6.9622,1.1332],[115.3096,-6.964,0.0],[115.3098,-6.9633,0.0],[115.308,-6.9608,2.99]]],
[[[115.3223,-6.9702,3.9505],[115.3249,-6.9699,1.6317],[115.3256,-6.9643,0.9855],[115.3226,-6.9674,1.069],[115.3223,-6.9702,3.9505]]],
[[[115.9179,-6.9505,0.4396],[115.9137,-6.9492,0.0],[115.9013,-6.9519,0.0],[115.9018,-6.9602,0.8284],[115.9085,-6.9627,2.239],[115.9267,-6.9594,2.3064],[115.9286,-6.9602,0.5587],[115.9276,-6.9641,0.1339],[115.929,-6.9604,0.5587],[115.9335,-6.9621,0.7685],[115.9357,-6.9613,0.2641],[115.9352,-6.9582,0.7214],[115.9319,-6.9551,3.0105],[115.9239,-6.9513,3.0552],[115.9179,-6.9505,0.4396]]],
[[[115.3657,-6.9447,0.6207],[115.3648,-6.9441,0.7761],[115.3643,-6.9455,0.6207],[115.3653,-6.9454,0.6207],[115.3657,-6.9447,0.6207]]],
[[[115.4581,-6.9484,0.0],[115.4618,-6.949,0.6758],[115.4626,-6.947,2.4858],[115.4611,-6.946,0.0],[115.4581,-6.9484,0.0]]],
[[[115.4768,-6.9423,2.8301],[115.4728,-6.9414,0.0],[115.4733,-6.9456,0.0],[115.4815,-6.9449,1.9104],[115.4816,-6.9426,0.0],[115.4772,-6.9412,0.0],[115.4768,-6.9423,2.8301]]],
[[[115.5014,-6.9513,0.0],[115.5016,-6.9512,1.0712],[115.5015,-6.951,1.0712],[115.5011,-6.9512,1.0712],[115.5014,-6.9513,0.0]]],
[[[115.5003,-6.9507,1.0712],[115.5005,-6.9508,1.0712],[115.5007,-6.9506,1.0712],[115.5005,-6.9505,1.0712],[115.5003,-6.9507,1.0712]]],
[[[115.7919,-6.9413,2.9886],[115.7892,-6.9382,3.9615],[115.7909,-6.9367,0.0],[115.7889,-6.9368,0.2476],[115.7786,-6.9626,1.3213],[115.7848,-6.9641,2.2165],[115.7889,-6.9633,0.3504],[115.7937,-6.9589,1.1042],[115.7959,-6.9543,2.0405],[115.7965,-6.947,0.0],[115.7946,-6.9389,0.0],[115.7946,-6.9422,0.0],[115.7919,-6.9413,2.9886]]],
[[[115.501,-6.9508,1.0712],[115.5009,-6.9511,1.0712],[115.5013,-6.9508,1.0712],[115.5012,-6.9507,1.0712],[115.501,-6.9508,1.0712]]],
[[[115.5055,-6.9507,0.9281],[115.5075,-6.9524,1.3862],[115.5091,-6.9507,2.1086],[115.5079,-6.9489,1.0823],[115.5055,-6.9507,0.9281]]],
[[[115.8784,-6.9417,2.3647],[115.8742,-6.9389,0.0],[115.8712,-6.9473,4.0108],[115.8676,-6.9511,0.0],[115.8693,-6.9574,0.0],[115.8686,-6.9614,0.0],[115.876,-6.9612,2.5518],[115.8829,-6.9534,0.0],[115.8841,-6.9498,2.9242],[115.8784,-6.9417,2.3647]]],
[[[115.5215,-6.9482,2.1267],[115.5165,-6.9463,2.7738],[115.5088,-6.9479,0.0],[115.5125,-6.9521,0.0],[115.5148,-6.9494,4.262],[115.5181,-6.9526,0.4487],[115.5227,-6.9502,1.1959],[115.5215,-6.9482,2.1267]]],
[[[115.6345,-6.94,0.0],[115.637,-6.9418,0.0],[115.6362,-6.9374,1.1599],[115.6353,-6.9379,0.0],[115.6345,-6.94,0.0]]],
[[[115.5561,-6.9663,0.0],[115.5558,-6.9621,0.0],[115.5534,-6.9639,0.0],[115.5522,-6.9682,0.0],[115.5548,-6.9681,0.0],[115.5561,-6.9663,0.0]]],
[[[115.4379,-6.957,0.8836],[115.4363,-6.9583,0.0],[115.4375,-6.9594,1.8132],[115.4383,-6.9582,1.8132],[115.4379,-6.957,0.8836]]],
[[[115.5257,-6.9582,1.9566],[115.5245,-6.9584,0.0],[115.5246,-6.9593,0.0],[115.5261,-6.9592,1.9566],[115.5257,-6.9582,1.9566]]],
[[[115.5069,-6.9595,3.0191],[115.5081,-6.9586,3.0191],[115.5074,-6.9571,1.2959],[115.5031,-6.9581,1.8114],[115.5042,-6.9593,1.8114],[115.5069,-6.9595,3.0191]]],
[[[115.5198,-6.9606,2.153],[115.5254,-6.9571,0.0],[115.5244,-6.9531,3.6071],[115.5222,-6.9536,1.6564],[115.5228,-6.9551,4.1977],[115.5185,-6.9592,0.0],[115.5198,-6.9606,2.153]]],
[[[115.4969,-6.9642,4.3093],[115.4965,-6.9655,3.3334],[115.4987,-6.9662,4.5808],[115.5014,-6.9641,2.8014],[115.5002,-6.9627,0.6755],[115.4969,-6.9642,4.3093]]],
[[[115.4648,-6.9623,0.0],[115.4634,-6.964,0.0],[115.4653,-6.965,0.0],[115.4685,-6.9632,0.0],[115.4671,-6.9616,0.0],[115.4648,-6.9623,0.0]]],
[[[115.4157,-6.95,3.1098],[115.417,-6.9491,0.765],[115.4161,-6.9466,0.0],[115.4137,-6.9485,4.2006],[115.4137,-6.9515,3.1388],[115.4167,-6.954,0.5511],[115.4176,-6.9514,2.8455],[115.4157,-6.95,3.1098]]],
[[[115.4981,-6.9549,3.8112],[115.4986,-6.9581,0.0],[115.5028,-6.9571,1.1754],[115.5009,-6.9548,3.8553],[115.4981,-6.9549,3.8112]]],
[[[115.5044,-6.9527,0.0],[115.5052,-6.9517,0.0],[115.5036,-6.9509,0.0],[115.5015,-6.9537,0.0],[115.5046,-6.9542,0.0],[115.5044,-6.9527,0.0]]],
[[[115.4919,-6.9435,2.0607],[115.4902,-6.9444,0.9023],[115.487,-6.9419,1.8366],[115.486,-6.944,5.0546],[115.4896,-6.9467,0.0],[115.49,-6.9501,0.0],[115.495,-6.9509,4.4305],[115.4988,-6.9536,0.0],[115.4939,-6.9449,2.2114],[115.4919,-6.9435,2.0607]]],
[[[115.796,-6.9363,0.0],[115.7974,-6.937,0.0],[115.7952,-6.9348,0.0],[115.7941,-6.9347,0.0],[115.7951,-6.9351,0.0],[115.796,-6.9363,0.0]]],
[[[115.3853,-6.9398,0.0],[115.3871,-6.9394,0.0],[115.3876,-6.9375,0.0],[115.385,-6.9371,2.5318],[115.3842,-6.9398,0.0],[115.3853,-6.9398,0.0]]],
[[[115.3599,-6.935,2.9471],[115.359,-6.9362,2.9471],[115.3609,-6.9368,0.0],[115.3611,-6.9357,2.7361],[115.3599,-6.935,2.9471]]],
[[[115.3412,-6.9464,6.2242],[115.337,-6.9477,4.3471],[115.3394,-6.945,1.2368],[115.3391,-6.9369,2.3632],[115.3343,-6.9359,2.6563],[115.331,-6.9313,5.1163],[115.3391,-6.9323,0.9594],[115.3345,-6.929,3.73],[115.3368,-6.9277,0.0],[115.3336,-6.9225,1.97],[115.3351,-6.9214,1.97],[115.3341,-6.9204,6.6877],[115.338,-6.9221,0.0],[115.3375,-6.9189,1.9566],[115.3391,-6.9184,0.7879],[115.3499,-6.9252,0.0],[115.3526,-6.9248,0.0],[115.3535,-6.923,0.0],[115.3504,-6.9194,3.6408],[115.3537,-6.9192,1.1513],[115.3546,-6.9161,3.4665],[115.3578,-6.9191,1.8895],[115.3588,-6.9249,0.0],[115.3666,-6.9269,3.3639],[115.3695,-6.9294,2.8288],[115.3657,-6.9249,3.7395],[115.3664,-6.9222,3.9082],[115.3678,-6.9241,1.0681],[115.3697,-6.9237,1.1994],[115.3692,-6.9175,3.248],[115.3706,-6.9161,0.0],[115.3653,-6.9124,1.4285],[115.3653,-6.9103,0.5907],[115.3683,-6.9103,2.1521],[115.3685,-6.9065,0.781],[115.3733,-6.9046,0.0],[115.3729,-6.9012,2.8506],[115.3764,-6.9001,1.1749],[115.3784,-6.9001,0.0],[115.3784,-6.9071,2.7189],[115.3759,-6.909,0.0],[115.3787,-6.9081,4.5815],[115.3795,-6.9094,4.5815],[115.3783,-6.9123,0.0],[115.3792,-6.9147,0.0],[115.3815,-6.9155,3.3684],[115.3803,-6.9195,2.2323],[115.3811,-6.924,0.5704],[115.3829,-6.9226,0.0],[115.3826,-6.9179,4.0938],[115.3851,-6.9169,0.0],[115.3843,-6.9113,2.4081],[115.388,-6.91,0.0],[115.3902,-6.9048,0.0],[115.3943,-6.9066,0.0],[115.3945,-6.9087,0.0],[115.3973,-6.9079,5.3664],[115.3976,-6.9104,3.9293],[115.3951,-6.9132,0.0],[115.3956,-6.9153,0.0],[115.3985,-6.9155,3.4108],[115.3975,-6.9176,2.759],[115.3987,-6.919,3.2313],[115.396,-6.9202,0.0],[115.3971,-6.9243,0.0],[115.3987,-6.9244,3.0983],[115.3993,-6.9272,0.0],[115.4013,-6.9241,2.551],[115.4063,-6.9247,2.2307],[115.4061,-6.9339,0.5215],[115.4084,-6.9344,3.2824],[115.4086,-6.9394,1.583],[115.4124,-6.9429,1.2826],[115.4175,-6.9422,0.6644],[115.4135,-6.9394,3.4642],[115.4133,-6.9371,3.4393],[115.4104,-6.9343,2.6695],[115.4194,-6.9375,1.9918],[115.4211,-6.9364,0.0],[115.4179,-6.9332,0.9933],[115.4182,-6.9291,1.1794],[115.4228,-6.9337,0.0],[115.425,-6.9324,0.0],[115.4244,-6.9255,0.0],[115.4229,-6.9243,0.0],[115.4241,-6.9224,0.0],[115.4218,-6.9189,5.0602],[115.4225,-6.9165,2.3673],[115.426,-6.9196,0.0],[115.4284,-6.9173,3.737],[115.4296,-6.9188,0.0],[115.4313,-6.9178,4.2674],[115.4319,-6.9207,0.0],[115.4347,-6.9212,3.9328],[115.4339,-6.9229,0.0],[115.432,-6.9222,0.0],[115.4312,-6.9236,0.0],[115.434,-6.9256,1.9215],[115.4338,-6.9288,0.5737],[115.4354,-6.9302,3.2764],[115.4302,-6.9377,1.1602],[115.4341,-6.9481,0.0],[115.4331,-6.9426,0.4589],[115.4346,-6.9424,4.2751],[115.4373,-6.9467,0.0],[115.4358,-6.9407,2.8921],[115.4364,-6.9371,0.0],[115.4382,-6.9359,2.6743],[115.4351,-6.9336,2.4393],[115.4379,-6.9295,3.1034],[115.4396,-6.9315,0.0],[115.4406,-6.9294,0.0],[115.4401,-6.9231,3.2901],[115.4362,-6.9206,3.9328],[115.4398,-6.9211,1.5906],[115.4414,-6.9196,1.1686],[115.4465,-6.9249,0.0],[115.4474,-6.9202,1.3552],[115.4446,-6.9173,0.6665],[115.4474,-6.9158,1.5638],[115.4459,-6.9123,3.2331],[115.4491,-6.9116,2.5596],[115.451,-6.9141,0.0],[115.453,-6.9131,0.0],[115.4556,-6.9142,2.3177],[115.455,-6.9216,0.0],[115.4571,-6.9207,2.3807],[115.462,-6.9222,4.4214],[115.455,-6.9282,3.4367],[115.4538,-6.932,0.0],[115.4578,-6.9287,1.8066],[115.4591,-6.934,0.0],[115.4652,-6.9307,2.7197],[115.4677,-6.9312,0.0],[115.4716,-6.9291,0.0],[115.4756,-6.9237,4.252],[115.4795,-6.926,2.4359],[115.4778,-6.9267,3.5732],[115.4762,-6.9314,0.0],[115.4842,-6.9346,0.0],[115.4863,-6.932,0.0],[115.4856,-6.9281,1.9523],[115.4881,-6.9308,5.6728],[115.488,-6.9372,1.72],[115.4919,-6.9355,2.822],[115.4936,-6.9363,0.0],[115.4926,-6.9392,0.0],[115.4968,-6.9417,5.9797],[115.4946,-6.9455,3.8732],[115.498,-6.9492,1.7083],[115.5028,-6.9508,0.0],[115.5022,-6.9489,0.0],[115.5081,-6.9464,0.0],[115.5194,-6.9453,3.6441],[115.5292,-6.9514,4.2328],[115.5367,-6.9592,0.7154],[115.5487,-6.9663,0.0],[115.5516,-6.9651,0.0],[115.5546,-6.958,0.0],[115.5529,-6.9545,4.5221],[115.5536,-6.9522,3.1104],[115.5564,-6.9524,0.0],[115.5594,-6.9493,4.1212],[115.5636,-6.9483,1.7622],[115.5643,-6.9445,2.9646],[115.5708,-6.9436,0.0],[115.573,-6.9344,2.5402],[115.5764,-6.9326,0.0],[115.5748,-6.9293,0.0],[115.5646,-6.9219,0.0],[115.5639,-6.9147,0.0],[115.56,-6.9063,0.8427],[115.554,-6.9026,0.0],[115.543,-6.9019,5.9197],[115.5195,-6.882,0.0],[115.4903,-6.871,0.0],[115.4771,-6.8632,2.9963],[115.4528,-6.853,1.7571],[115.4438,-6.8497,3.7216],[115.4399,-6.85,13.5009],[115.437,-6.8468,1.5006],[115.4136,-6.8406,4.9944],[115.4058,-6.8371,0.0],[115.3935,-6.8348,7.6904],[115.3784,-6.8357,5.266],[115.3665,-6.8338,3.2879],[115.3514,-6.8343,2.8627],[115.3426,-6.8324,2.7941],[115.319,-6.8345,0.0],[115.3096,-6.832,0.3412],[115.2988,-6.8323,5.1354],[115.2759,-6.8276,0.0],[115.2629,-6.8269,1.5704],[115.2467,-6.8273,2.617],[115.2366,-6.8339,4.2388],[115.2331,-6.833,3.6146],[115.2279,-6.8379,0.0],[115.2266,-6.8408,12.2162],[115.2274,-6.8433,0.0],[115.2287,-6.8413,0.0],[115.2315,-6.841,0.0],[115.2317,-6.8387,9.1671],[115.2327,-6.8397,0.0],[115.2368,-6.8382,1.3374],[115.2435,-6.8431,0.8126],[115.2489,-6.8447,2.4521],[115.2527,-6.8522,1.9825],[115.2536,-6.8625,10.7135],[115.2449,-6.8736,0.6575],[115.2446,-6.8764,3.3342],[115.243,-6.8732,0.6575],[115.2389,-6.8729,0.7756],[115.2401,-6.8786,2.2167],[115.2429,-6.8791,14.3371],[115.2399,-6.8863,3.0685],[115.2333,-6.8841,0.5027],[115.2301,-6.8861,1.0625],[115.2276,-6.883,2.1683],[115.2206,-6.8829,0.0],[115.2071,-6.8899,5.322],[115.2034,-6.8977,0.0],[115.2021,-6.9068,3.4081],[115.2003,-6.9075,0.781],[115.2,-6.9186,4.748],[115.198,-6.9218,4.6501],[115.2041,-6.927,1.6461],[115.2078,-6.9274,1.7845],[115.2065,-6.9185,2.6042],[115.2109,-6.9241,2.371],[115.2105,-6.9287,3.1707],[115.2076,-6.9302,2.2864],[115.2076,-6.9317,4.3724],[115.2059,-6.9306,2.2864],[115.2042,-6.933,3.3471],[115.2038,-6.9387,4.3112],[115.2121,-6.9427,1.1591],[115.2225,-6.9351,0.0],[115.2261,-6.9365,0.0],[115.2283,-6.9356,1.732],[115.2312,-6.9401,2.8716],[115.2299,-6.9415,0.0],[115.2358,-6.9446,0.0],[115.2387,-6.9414,2.0282],[115.2406,-6.9334,2.1852],[115.2435,-6.935,4.4991],[115.2451,-6.939,5.6178],[115.245,-6.9453,4.6547],[115.2478,-6.9483,0.0],[115.2538,-6.9454,0.0],[115.2549,-6.9412,5.1354],[115.2586,-6.9426,0.7681],[115.263,-6.9361,1.6525],[115.2698,-6.9355,3.4828],[115.2703,-6.9416,0.0],[115.2741,-6.941,5.8991],[115.2756,-6.9433,2.332],[115.2743,-6.949,5.6668],[115.267,-6.9515,3.2807],[115.2612,-6.9515,5.1429],[115.2562,-6.9549,4.8102],[115.2596,-6.9628,5.06],[115.2633,-6.9638,0.0],[115.2614,-6.9727,6.8066],[115.2648,-6.9765,2.8419],[115.2635,-6.9837,9.9099],[115.265,-6.9914,0.0],[115.2671,-6.9947,0.0],[115.274,-6.9943,3.6676],[115.2805,-7.0035,0.3406],[115.2932,-7.0129,0.0],[115.2916,-7.0096,5.5976],[115.2926,-7.0055,0.0],[115.2975,-7.0031,0.0],[115.3013,-6.9985,0.0],[115.299,-6.9919,4.1214],[115.301,-6.9907,0.0],[115.301,-6.9886,0.0],[115.29,-6.9803,5.0141],[115.2892,-6.9783,2.8151],[115.2912,-6.9766,0.0],[115.2877,-6.9748,6.1376],[115.2865,-6.9703,2.8206],[115.2904,-6.9724,2.9972],[115.297,-6.9718,1.3954],[115.3046,-6.9783,0.0],[115.3099,-6.9779,0.0],[115.3069,-6.9707,0.6259],[115.3073,-6.9678,0.9976],[115.3044,-6.9657,3.221],[115.3032,-6.9605,0.0],[115.2986,-6.9564,1.1216],[115.302,-6.9565,0.0],[115.3008,-6.9537,0.0],[115.3035,-6.9484,3.8465],[115.3056,-6.952,2.5585],[115.3116,-6.9559,1.1741],[115.3139,-6.9513,2.444],[115.3159,-6.9566,0.8307],[115.3197,-6.9583,4.5874],[115.3185,-6.9623,2.6995],[115.3214,-6.9601,4.8031],[115.3262,-6.9619,2.4041],[115.3258,-6.9699,5.5932],[115.3239,-6.9725,4.6283],[115.3225,-6.9707,3.9505],[115.3167,-6.9705,0.6389],[115.3165,-6.9687,0.8692],[115.3155,-6.9699,0.6389],[115.321,-6.9749,0.4678],[115.3231,-6.9812,0.7774],[115.3283,-6.9849,5.2395],[115.3302,-6.9936,4.6209],[115.3338,-6.9959,4.8843],[115.345,-6.9936,2.9769],[115.3521,-6.996,1.6016],[115.3624,-6.9921,4.2613],[115.3815,-6.9954,0.0],[115.3907,-6.991,3.3748],[115.4043,-6.9887,1.3579],[115.4023,-6.9821,0.9508],[115.3972,-6.9789,1.1006],[115.3869,-6.9816,1.5616],[115.3754,-6.9736,2.9652],[115.3807,-6.9741,2.0136],[115.3822,-6.976,2.427],[115.3881,-6.9778,1.3723],[115.3912,-6.9761,0.0],[115.3927,-6.971,1.5437],[115.3895,-6.9647,0.0],[115.385,-6.9632,3.8599],[115.387,-6.9603,0.0],[115.3854,-6.958,1.5378],[115.3772,-6.9536,2.6882],[115.3766,-6.9514,3.6075],[115.3708,-6.9536,4.8566],[115.3712,-6.9508,0.0],[115.3678,-6.9515,3.2329],[115.3625,-6.9555,4.4977],[115.3591,-6.9511,3.4432],[115.3616,-6.9505,2.0973],[115.3645,-6.9471,0.0],[115.3604,-6.944,1.1193],[115.3572,-6.9438,2.4733],[115.3575,-6.9412,0.0],[115.3525,-6.9423,3.5603],[115.3505,-6.9386,2.0586],[115.3533,-6.9374,0.0],[115.3512,-6.9367,4.8181],[115.3438,-6.9377,2.1104],[115.3412,-6.9464,6.2242]]],
[[[111.538,-8.3253,7.1472],[111.5375,-8.3246,7.1472],[111.5369,-8.3251,7.1472],[111.5374,-8.3256,7.1472],[111.538,-8.3253,7.1472]]],
[[[112.1863,-8.3246,0.0],[112.1861,-8.3245,11.3369],[112.186,-8.3245,11.3369],[112.1862,-8.3248,0.0],[112.1863,-8.3246,0.0]]],
[[[111.4627,-8.3236,0.0],[111.4633,-8.3237,0.0],[111.4637,-8.3232,0.0],[111.4635,-8.3232,0.0],[111.4627,-8.3236,0.0]]],
[[[111.4373,-8.3236,0.0],[111.4376,-8.3237,0.0],[111.438,-8.3231,0.0],[111.4377,-8.3231,0.0],[111.4373,-8.3236,0.0]]],
[[[112.1497,-8.3219,0.0],[112.1496,-8.3222,0.0],[112.1498,-8.3225,0.0],[112.1503,-8.322,2.3696],[112.1497,-8.3219,0.0]]],
[[[111.4564,-8.3194,13.8146],[111.4563,-8.3196,0.0],[111.4567,-8.32,0.0],[111.4567,-8.3196,0.0],[111.4564,-8.3194,13.8146]]],
[[[111.4883,-8.3176,0.0],[111.488,-8.3179,0.0],[111.4881,-8.3181,0.0],[111.4885,-8.3177,0.0],[111.4883,-8.3176,0.0]]],
[[[111.4562,-8.3215,0.0],[111.4562,-8.3211,0.0],[111.456,-8.3209,0.0],[111.456,-8.3215,0.0],[111.4562,-8.3215,0.0]]],
[[[111.468,-8.3211,0.0],[111.4683,-8.3202,0.0],[111.468,-8.3199,0.0],[111.4676,-8.3209,0.0],[111.468,-8.3211,0.0]]],
[[[111.481,-8.3163,0.0],[111.4814,-8.3164,26.2845],[111.4814,-8.3159,35.7777],[111.4811,-8.3158,0.0],[111.481,-8.3163,0.0]]],
[[[111.5386,-8.3141,38.1466],[111.5385,-8.3144,38.1466],[111.5388,-8.3145,38.1466],[111.5388,-8.3142,38.1466],[111.5386,-8.3141,38.1466]]],
[[[111.5455,-8.3138,0.0],[111.5457,-8.3138,0.0],[111.5459,-8.3138,0.0],[111.5457,-8.3136,0.0],[111.5455,-8.3138,0.0]]],
[[[111.5436,-8.3134,0.0],[111.5435,-8.3136,0.0],[111.5439,-8.3136,0.0],[111.5439,-8.3135,0.0],[111.5436,-8.3134,0.0]]],
[[[111.5457,-8.3144,0.0],[111.5462,-8.3144,0.0],[111.5463,-8.3142,0.0],[111.5455,-8.314,0.0],[111.5457,-8.3144,0.0]]],
[[[111.5398,-8.3143,6.0496],[111.5401,-8.3142,6.0496],[111.5402,-8.3137,6.0496],[111.5398,-8.3139,6.0496],[111.5398,-8.3143,6.0496]]],
[[[111.5406,-8.3136,6.0496],[111.5404,-8.3137,6.0496],[111.5405,-8.314,6.0496],[111.5406,-8.3139,6.0496],[111.5406,-8.3136,6.0496]]],
[[[111.547,-8.3103,81.8039],[111.547,-8.3105,81.8039],[111.5471,-8.3106,81.8039],[111.5472,-8.3103,0.0],[111.547,-8.3103,81.8039]]],
[[[111.4453,-8.3072,0.0],[111.4457,-8.3073,0.0],[111.4458,-8.3068,0.0],[111.4453,-8.3068,0.0],[111.4453,-8.3072,0.0]]],
[[[111.4432,-8.297,4.5605],[111.4435,-8.2975,4.5605],[111.4451,-8.2977,0.0],[111.4424,-8.2957,0.0],[111.4432,-8.297,4.5605]]],
[[[111.4414,-8.2959,0.0],[111.4418,-8.296,0.0],[111.4412,-8.2954,0.0],[111.4412,-8.2956,0.0],[111.4414,-8.2959,0.0]]],
[[[111.4433,-8.2902,0.0],[111.4437,-8.2901,0.0],[111.444,-8.2894,0.0],[111.4436,-8.2895,0.0],[111.4433,-8.2902,0.0]]],
[[[111.8642,-8.2784,0.0],[111.8643,-8.2778,0.0],[111.8637,-8.279,0.0],[111.864,-8.279,0.0],[111.8642,-8.2784,0.0]]],
[[[111.4153,-8.2774,6.5706],[111.4145,-8.2778,6.5706],[111.4151,-8.2786,0.0],[111.4153,-8.2781,0.0],[111.4153,-8.2774,6.5706]]],
[[[111.4522,-8.3171,0.0],[111.4522,-8.3173,0.0],[111.4527,-8.3169,8.23],[111.4522,-8.3168,0.0],[111.4522,-8.3171,0.0]]],
[[[111.5366,-8.3169,0.0],[111.5371,-8.317,0.0],[111.5371,-8.3168,0.0],[111.537,-8.3168,0.0],[111.5366,-8.3169,0.0]]],
[[[111.3903,-8.2773,0.0],[111.3904,-8.2773,0.0],[111.3904,-8.2771,0.0],[111.3903,-8.2772,0.0],[111.3903,-8.2773,0.0]]],
[[[111.8628,-8.2756,4.6373],[111.863,-8.2756,4.6373],[111.8629,-8.2754,4.6373],[111.8628,-8.2755,4.6373],[111.8628,-8.2756,4.6373]]],
[[[111.375,-8.2741,0.0],[111.375,-8.2742,0.0],[111.3751,-8.274,0.0],[111.375,-8.2739,0.0],[111.375,-8.2741,0.0]]],
[[[111.4356,-8.2725,0.0],[111.4356,-8.2726,0.0],[111.4357,-8.2726,0.0],[111.4356,-8.2725,0.0]]],
[[[111.2264,-8.2678,31.0674],[111.226,-8.2681,0.0],[111.2267,-8.2686,0.0],[111.2269,-8.2679,31.0674],[111.2264,-8.2678,31.0674]]],
[[[111.4196,-8.2621,0.0],[111.42,-8.2624,0.0],[111.4201,-8.2623,0.0],[111.4198,-8.2618,0.0],[111.4196,-8.2621,0.0]]],
[[[111.4234,-8.2617,0.0],[111.4236,-8.2614,0.0],[111.4231,-8.2603,13.5881],[111.4231,-8.2615,0.0],[111.4234,-8.2617,0.0]]],
[[[111.1292,-8.2599,0.0],[111.1286,-8.2601,0.0],[111.1288,-8.261,0.0],[111.1293,-8.2604,0.0],[111.1292,-8.2599,0.0]]],
[[[111.1237,-8.2602,14.2424],[111.1245,-8.2591,0.0],[111.1224,-8.2596,7.4449],[111.1228,-8.2607,7.4449],[111.1237,-8.2602,14.2424]]],
[[[111.001,-8.2557,0.0],[111.0009,-8.256,0.0],[111.0013,-8.2568,0.0],[111.0015,-8.2558,0.0],[111.001,-8.2557,0.0]]],
[[[111.4372,-8.272,1.4343],[111.4391,-8.271,9.8803],[111.439,-8.2696,9.8803],[111.4364,-8.2712,2.3475],[111.4372,-8.272,1.4343]]],
[[[111.2265,-8.2698,0.0],[111.2269,-8.2699,0.0],[111.2269,-8.2693,0.0],[111.2266,-8.2694,0.0],[111.2265,-8.2698,0.0]]],
[[[111.4411,-8.2696,0.0],[111.4413,-8.269,0.0],[111.441,-8.2689,0.0],[111.4408,-8.269,0.0],[111.4411,-8.2696,0.0]]],
[[[110.9937,-8.2552,0.0],[110.9933,-8.2553,0.0],[110.9933,-8.2555,0.0],[110.9937,-8.2555,0.0],[110.9937,-8.2552,0.0]]],
[[[110.9964,-8.2535,0.0],[110.9966,-8.2531,0.0],[110.9963,-8.253,0.0],[110.9962,-8.2535,0.0],[110.9964,-8.2535,0.0]]],
[[[110.9945,-8.2543,0.0],[110.994,-8.2541,0.0],[110.9938,-8.2549,0.0],[110.9943,-8.2549,0.0],[110.9945,-8.2543,0.0]]],
[[[110.9926,-8.2529,0.0],[110.9926,-8.2527,0.0],[110.9925,-8.2526,0.0],[110.9923,-8.2529,0.0],[110.9926,-8.2529,0.0]]],
[[[110.9964,-8.2527,2.8611],[110.9967,-8.2526,2.8611],[110.9967,-8.2522,2.8611],[110.9964,-8.2523,2.8611],[110.9964,-8.2527,2.8611]]],
[[[110.992,-8.2524,0.0],[110.9924,-8.252,0.0],[110.9925,-8.2515,0.0],[110.992,-8.2519,0.0],[110.992,-8.2524,0.0]]],
[[[110.9753,-8.2428,0.4459],[110.9755,-8.243,0.0],[110.9757,-8.2426,0.4459],[110.9754,-8.2426,0.4459],[110.9753,-8.2428,0.4459]]],
[[[110.9753,-8.2418,0.4459],[110.9752,-8.2419,0.4459],[110.9751,-8.2422,0.0],[110.9754,-8.2421,0.4459],[110.9753,-8.2418,0.4459]]],
[[[110.9775,-8.2416,0.0],[110.9778,-8.241,0.0],[110.977,-8.241,4.2942],[110.977,-8.2415,0.4459],[110.9775,-8.2416,0.0]]],
[[[110.9755,-8.2415,0.4459],[110.9758,-8.2416,0.4459],[110.9761,-8.2406,4.2942],[110.9757,-8.2409,4.2942],[110.9755,-8.2415,0.4459]]],
[[[110.9726,-8.2409,1.0759],[110.9732,-8.2408,0.0],[110.9729,-8.2403,1.0759],[110.9726,-8.2406,1.0759],[110.9726,-8.2409,1.0759]]],
[[[110.9716,-8.2408,1.0759],[110.9723,-8.2405,1.0759],[110.9724,-8.2403,1.0759],[110.9714,-8.2399,1.0759],[110.9716,-8.2408,1.0759]]],
[[[110.9701,-8.2379,0.0],[110.9704,-8.2376,0.0],[110.9701,-8.2372,0.0],[110.9698,-8.2377,0.0],[110.9701,-8.2379,0.0]]],
[[[110.9601,-8.2358,0.0],[110.9603,-8.236,0.0],[110.9608,-8.2354,0.0],[110.9602,-8.2354,0.0],[110.9601,-8.2358,0.0]]],
[[[110.977,-8.243,0.0],[110.977,-8.2424,0.4459],[110.9758,-8.2429,0.4459],[110.9761,-8.2433,0.0],[110.977,-8.243,0.0]]],
[[[110.997,-8.2554,0.0],[110.9974,-8.2558,0.0],[110.998,-8.2553,0.0],[110.9971,-8.2551,0.0],[110.997,-8.2554,0.0]]],
[[[111.0023,-8.2552,0.0],[111.0031,-8.2555,0.0],[111.0031,-8.2547,0.0],[111.0016,-8.2548,0.0],[111.0023,-8.2552,0.0]]],
[[[111.4158,-8.2775,0.0],[111.416,-8.2774,0.0],[111.4156,-8.2769,0.0],[111.4155,-8.2771,0.0],[111.4158,-8.2775,0.0]]],
[[[110.9627,-8.2356,0.0],[110.9633,-8.2356,0.0],[110.9634,-8.2352,0.0],[110.9623,-8.2353,0.0],[110.9627,-8.2356,0.0]]],
[[[114.2041,-8.657,0.0],[114.2045,-8.656,0.0],[114.204,-8.6556,0.0],[114.2033,-8.6569,0.0],[114.2041,-8.657,0.0]]],
[[[114.0501,-8.6476,0.777],[114.0498,-8.6476,0.777],[114.0494,-8.6476,0.777],[114.0499,-8.6479,0.777],[114.0501,-8.6476,0.777]]],
[[[114.0571,-8.6395,0.0],[114.057,-8.6392,0.0],[114.0569,-8.6397,0.0],[114.0571,-8.6396,0.0],[114.0571,-8.6395,0.0]]],
[[[114.0526,-8.6379,4.6033],[114.0527,-8.6383,0.0],[114.0528,-8.6385,0.0],[114.0529,-8.6381,0.0],[114.0526,-8.6379,4.6033]]],
[[[114.0286,-8.6483,19.5903],[114.0264,-8.6461,12.8005],[114.0259,-8.6477,9.8952],[114.024,-8.6495,0.0],[114.0273,-8.6487,19.5903],[114.0248,-8.652,0.0],[114.0293,-8.6496,0.0],[114.0286,-8.6483,19.5903]]],
[[[114.0506,-8.6471,0.777],[114.0504,-8.6471,0.777],[114.0499,-8.6474,0.777],[114.0507,-8.6476,0.777],[114.0506,-8.6471,0.777]]],
[[[114.0258,-8.6471,9.8952],[114.0258,-8.6465,9.8952],[114.0246,-8.6471,0.0],[114.0253,-8.6473,9.8952],[114.0258,-8.6471,9.8952]]],
[[[114.0247,-8.6464,9.8952],[114.0269,-8.6454,7.9091],[114.0271,-8.6435,2.3307],[114.0244,-8.6453,0.0],[114.0258,-8.6453,12.8005],[114.0247,-8.6464,9.8952]]],
[[[114.0331,-8.6349,0.0],[114.0328,-8.6348,0.0],[114.0328,-8.6349,0.0],[114.0329,-8.6351,0.0],[114.0331,-8.6349,0.0]]],
[[[114.0333,-8.6342,0.0],[114.033,-8.6346,0.0],[114.0331,-8.6347,0.0],[114.0333,-8.6346,0.0],[114.0333,-8.6342,0.0]]],
[[[114.0836,-8.6349,0.0],[114.0826,-8.6308,0.0],[114.0819,-8.6339,0.0],[114.0827,-8.6355,0.0],[114.0836,-8.6349,0.0]]],
[[[114.0636,-8.6287,0.0],[114.0638,-8.6283,0.0],[114.0632,-8.6277,0.0],[114.0632,-8.6281,0.0],[114.0636,-8.6287,0.0]]],
[[[114.1118,-8.6192,0.0],[114.112,-8.62,0.0],[114.1124,-8.62,0.0],[114.1123,-8.6195,0.0],[114.1118,-8.6192,0.0]]],
[[[113.9955,-8.6176,1.798],[113.9927,-8.6152,8.605],[113.9915,-8.6164,0.0],[113.9946,-8.6185,0.0],[113.9955,-8.6176,1.798]]],
[[[113.9903,-8.6149,0.0],[113.9925,-8.6149,8.605],[113.9949,-8.6119,0.0],[113.9927,-8.6126,1.4998],[113.9903,-8.6149,0.0]]],
[[[113.914,-8.5854,0.0],[113.9153,-8.583,0.0],[113.9148,-8.5822,0.0],[113.9119,-8.5837,0.0],[113.914,-8.5854,0.0]]],
[[[113.8945,-8.5824,0.0],[113.895,-8.5822,0.0],[113.8943,-8.5822,0.0],[113.8933,-8.5833,0.0],[113.8937,-8.5833,0.0],[113.8945,-8.5824,0.0]]],
[[[113.896,-8.5799,0.0],[113.896,-8.5791,0.0],[113.8946,-8.58,0.0],[113.8954,-8.5804,0.0],[113.896,-8.5799,0.0]]],
[[[113.9229,-8.5748,0.0],[113.9235,-8.5749,0.0],[113.9235,-8.5744,15.1879],[113.923,-8.5744,15.1879],[113.9229,-8.5748,0.0]]],
[[[113.8115,-8.5616,0.0],[113.8116,-8.5613,0.0],[113.8113,-8.5615,0.0],[113.8115,-8.5616,0.0]]],
[[[113.818,-8.5625,0.0],[113.8177,-8.5626,0.0],[113.818,-8.563,0.0],[113.818,-8.5628,0.0],[113.818,-8.5625,0.0]]],
[[[113.8668,-8.5623,0.0],[113.8668,-8.5626,0.0],[113.867,-8.5627,0.0],[113.8671,-8.5622,0.0],[113.8668,-8.5623,0.0]]],
[[[113.8585,-8.5612,0.0],[113.8588,-8.561,0.0],[113.8592,-8.5602,0.0],[113.8585,-8.5609,0.0],[113.8585,-8.5612,0.0]]],
[[[113.8568,-8.5604,0.0],[113.8571,-8.56,0.0],[113.8568,-8.5597,0.0],[113.8565,-8.5601,0.0],[113.8568,-8.5604,0.0]]],
[[[113.8008,-8.5604,0.0],[113.8011,-8.5598,0.0],[113.8006,-8.5594,0.0],[113.8001,-8.5605,0.0],[113.8008,-8.5604,0.0]]],
[[[113.8172,-8.5599,0.0],[113.8171,-8.5595,1.0603],[113.8165,-8.5595,0.0],[113.8167,-8.5605,0.0],[113.8172,-8.5599,0.0]]],
[[[113.8136,-8.56,0.0],[113.8137,-8.5603,0.0],[113.8141,-8.5597,0.0],[113.8138,-8.5597,0.0],[113.8136,-8.56,0.0]]],
[[[113.8156,-8.5601,0.0],[113.816,-8.5602,0.0],[113.8162,-8.5594,0.0],[113.8157,-8.5596,0.0],[113.8156,-8.5601,0.0]]],
[[[114.0249,-8.6073,0.8698],[114.0253,-8.6069,0.8698],[114.0253,-8.6064,0.8698],[114.0248,-8.6065,0.8698],[114.0249,-8.6073,0.8698]]],
[[[114.0244,-8.6064,0.0],[114.0253,-8.6064,0.8698],[114.0264,-8.6064,0.8698],[114.0272,-8.6046,9.8856],[114.0257,-8.6045,0.0],[114.0244,-8.6064,0.0]]],
[[[113.8082,-8.5579,0.0],[113.8085,-8.558,0.0],[113.809,-8.5577,0.0],[113.8083,-8.5574,0.0],[113.8082,-8.5579,0.0]]],
[[[113.8063,-8.5547,0.0],[113.8065,-8.5538,3.1476],[113.8057,-8.5535,3.1476],[113.8055,-8.5548,0.0],[113.8063,-8.5547,0.0]]],
[[[113.8068,-8.5572,0.0],[113.8067,-8.5575,0.0],[113.8069,-8.5576,0.0],[113.8071,-8.5573,0.0],[113.8068,-8.5572,0.0]]],
[[[113.8033,-8.5537,0.0],[113.8033,-8.5539,0.0],[113.8039,-8.5541,0.0],[113.8036,-8.5535,0.0],[113.8033,-8.5537,0.0]]],
[[[113.8043,-8.5521,0.0],[113.804,-8.5524,0.0],[113.804,-8.5526,0.0],[113.8046,-8.5522,0.0],[113.8043,-8.5521,0.0]]],
[[[113.8011,-8.5505,0.0],[113.8008,-8.5494,0.0],[113.8,-8.5503,0.0],[113.80029999999999,-8.5507,0.0],[113.8011,-8.5505,0.0]]],
[[[113.7436,-8.5462,1.3263],[113.7443,-8.5453,1.3263],[113.7442,-8.5452,1.3263],[113.7429,-8.5466,0.0],[113.7436,-8.5462,1.3263]]],
[[[113.7444,-8.5445,0.0],[113.7469,-8.5444,0.0],[113.7472,-8.5428,0.0],[113.7466,-8.5427,0.0],[113.7444,-8.5445,0.0]]],
[[[113.835,-8.54,0.0],[113.8346,-8.5392,0.0],[113.8338,-8.5397,0.0],[113.8345,-8.5401,0.0],[113.835,-8.54,0.0]]],
[[[113.8237,-8.5431,0.0],[113.8235,-8.5433,0.0],[113.8236,-8.5436,0.0],[113.8238,-8.5435,0.0],[113.8237,-8.5431,0.0]]],
[[[113.8219,-8.5436,0.0],[113.8226,-8.5429,6.518],[113.8223,-8.5426,6.518],[113.822,-8.543,0.0],[113.8219,-8.5436,0.0]]],
[[[113.8305,-8.5352,0.0],[113.8306,-8.5344,0.0],[113.8303,-8.5342,0.0],[113.8302,-8.5349,0.0],[113.8305,-8.5352,0.0]]],
[[[113.836,-8.5338,4.5624],[113.8357,-8.5331,4.5624],[113.8345,-8.534,0.0],[113.8355,-8.5342,4.5624],[113.836,-8.5338,4.5624]]],
[[[113.7093,-8.5341,2.2442],[113.7088,-8.5319,13.4254],[113.7068,-8.5312,0.0],[113.7032,-8.5332,0.0],[113.7056,-8.5326,8.0876],[113.7093,-8.5341,2.2442]]],
[[[113.703,-8.5324,0.0],[113.7024,-8.5319,0.0],[113.7016,-8.5324,0.0],[113.7028,-8.5325,0.0],[113.703,-8.5324,0.0]]],
[[[113.8082,-8.5293,0.0],[113.8083,-8.5292,0.0],[113.8076,-8.5293,0.0],[113.8077,-8.5294,0.0],[113.8082,-8.5293,0.0]]],
[[[113.8076,-8.5282,0.0],[113.8082,-8.5281,0.0],[113.8084,-8.5275,0.0],[113.8075,-8.528,0.0],[113.8076,-8.5282,0.0]]],
[[[113.807,-8.5258,0.0],[113.8068,-8.5259,0.0],[113.807,-8.5261,0.0],[113.8072,-8.526,0.0],[113.807,-8.5258,0.0]]],
[[[113.8071,-8.5233,0.0],[113.8072,-8.5231,0.0],[113.8069,-8.5231,0.0],[113.807,-8.5233,0.0],[113.8071,-8.5233,0.0]]],
[[[113.7557,-8.5223,0.0],[113.7557,-8.5226,0.0],[113.756,-8.5226,0.0],[113.756,-8.5224,0.0],[113.7557,-8.5223,0.0]]],
[[[113.7548,-8.521,0.0],[113.7553,-8.5212,0.0],[113.7555,-8.5212,0.0],[113.7553,-8.5207,0.0],[113.7548,-8.521,0.0]]],
[[[113.8039,-8.518,0.0],[113.8043,-8.5182,0.0],[113.8044,-8.518,0.0],[113.8038,-8.5177,0.0],[113.8039,-8.518,0.0]]],
[[[113.7904,-8.5133,9.0273],[113.7898,-8.5135,2.5392],[113.7884,-8.515,0.0],[113.7902,-8.5147,0.0],[113.7904,-8.5133,9.0273]]],
[[[113.7136,-8.504,0.3154],[113.7149,-8.5045,0.0],[113.7152,-8.5034,0.0],[113.7144,-8.5033,0.0],[113.7136,-8.504,0.3154]]],
[[[113.6649,-8.5005,0.0],[113.6652,-8.5,0.0],[113.6645,-8.5001,0.0],[113.6646,-8.5003,0.0],[113.6649,-8.5005,0.0]]],
[[[113.8174,-8.5587,1.0603],[113.8173,-8.559,1.0603],[113.8176,-8.5591,1.0603],[113.8176,-8.5588,1.0603],[113.8174,-8.5587,1.0603]]],
[[[113.8167,-8.5587,0.0],[113.8169,-8.5587,1.0603],[113.8169,-8.5585,1.0603],[113.8167,-8.5585,0.0],[113.8167,-8.5587,0.0]]],
[[[113.8069,-8.5584,0.0],[113.8071,-8.5588,0.0],[113.8072,-8.5587,0.0],[113.8072,-8.5582,0.0],[113.8069,-8.5584,0.0]]],
[[[113.6243,-8.4856,0.0995],[113.6245,-8.4856,0.0995],[113.6246,-8.4855,0.0995],[113.6243,-8.4855,0.0995],[113.6243,-8.4856,0.0995]]],
[[[113.6241,-8.4723,0.0],[113.6236,-8.4719,0.0],[113.6237,-8.4729,0.0],[113.624,-8.4729,0.0],[113.6241,-8.4723,0.0]]],
[[[113.6234,-8.4718,0.0],[113.6238,-8.4716,0.0],[113.6234,-8.4713,0.0],[113.6233,-8.4718,0.0],[113.6234,-8.4718,0.0]]],
[[[113.6239,-8.4696,0.0],[113.6241,-8.4697,0.0],[113.6241,-8.4695,0.0],[113.6238,-8.4695,0.0],[113.6239,-8.4696,0.0]]],
[[[113.6243,-8.4862,0.0995],[113.624,-8.486,0.0995],[113.6238,-8.4864,0.0],[113.6244,-8.4864,0.0],[113.6243,-8.4862,0.0995]]],
[[[113.6233,-8.482,0.0],[113.6232,-8.4819,0.0],[113.6231,-8.482,0.0],[113.6234,-8.4821,0.0],[113.6233,-8.482,0.0]]],
[[[113.6448,-8.4966,0.0],[113.6451,-8.4965,0.0],[113.645,-8.4958,0.0607],[113.6445,-8.4963,0.0],[113.6448,-8.4966,0.0]]],
[[[113.6175,-8.499,5.5353],[113.6191,-8.4982,5.5353],[113.6188,-8.4971,3.0272],[113.617,-8.4981,0.0],[113.6175,-8.499,5.5353]]],
[[[113.6453,-8.4964,0.0],[113.6457,-8.4964,0.0],[113.6458,-8.496,0.0607],[113.6455,-8.4959,0.0607],[113.6453,-8.4964,0.0]]],
[[[113.605,-8.4429,0.0],[113.6037,-8.4434,0.0],[113.6035,-8.4436,0.0],[113.6046,-8.4437,0.0],[113.605,-8.4429,0.0]]],
[[[113.592,-8.4427,0.0],[113.5923,-8.4428,0.0],[113.5927,-8.4427,0.0],[113.5922,-8.4424,0.0],[113.592,-8.4427,0.0]]],
[[[113.5897,-8.4431,0.0],[113.5896,-8.4437,0.0],[113.5902,-8.4435,0.0],[113.5901,-8.4434,0.0],[113.5897,-8.4431,0.0]]],
[[[113.5889,-8.4429,0.4768],[113.5889,-8.4432,0.0],[113.5892,-8.4435,0.0],[113.5894,-8.443,0.0],[113.5889,-8.4429,0.4768]]],
[[[113.5905,-8.4428,0.4768],[113.5899,-8.4431,0.0],[113.5918,-8.4428,0.0],[113.5912,-8.4427,0.0],[113.5905,-8.4428,0.4768]]],
[[[113.58,-8.4423,7.3941],[113.58,-8.442,7.3941],[113.5794,-8.4422,7.3941],[113.5794,-8.4423,7.3941],[113.58,-8.4423,7.3941]]],
[[[113.5898,-8.4419,0.4768],[113.5898,-8.4423,0.4768],[113.5907,-8.4416,0.0],[113.5905,-8.4416,0.4768],[113.5898,-8.4419,0.4768]]],
[[[113.5777,-8.4414,0.0],[113.5784,-8.4425,7.3941],[113.5803,-8.4418,10.7058],[113.5797,-8.4406,8.4967],[113.5777,-8.4414,0.0]]],
[[[113.5492,-8.4397,0.0],[113.5492,-8.4395,0.4841],[113.5489,-8.4396,0.0],[113.5492,-8.4397,0.0]]],
[[[113.5488,-8.4395,0.4841],[113.5488,-8.4396,0.0],[113.5489,-8.4396,0.0],[113.5487,-8.4394,0.4841],[113.5488,-8.4395,0.4841]]],
[[[113.5494,-8.4387,0.0],[113.5497,-8.4386,0.0],[113.5499,-8.4383,0.0],[113.5494,-8.4383,0.0],[113.5494,-8.4387,0.0]]],
[[[113.5507,-8.4376,0.0],[113.5517,-8.4383,0.0],[113.5518,-8.4366,0.3837],[113.5509,-8.4368,0.0],[113.5507,-8.4376,0.0]]],
[[[113.5522,-8.437,0.3837],[113.552,-8.4373,0.3837],[113.5526,-8.4373,0.3837],[113.5525,-8.4372,0.3837],[113.5522,-8.437,0.3837]]],
[[[113.5545,-8.4367,0.0],[113.5548,-8.4369,0.0],[113.5551,-8.4368,0.0],[113.5547,-8.4363,0.0],[113.5545,-8.4367,0.0]]],
[[[113.556,-8.4359,0.6025],[113.5559,-8.4361,0.6025],[113.5561,-8.4362,0.6025],[113.5562,-8.436,0.6025],[113.556,-8.4359,0.6025]]],
[[[113.558,-8.435,0.0],[113.5574,-8.4358,0.6025],[113.5577,-8.436,0.0],[113.5589,-8.4356,0.0],[113.558,-8.435,0.0]]],
[[[112.7339,-8.4338,0.0],[112.734,-8.4356,0.0],[112.7355,-8.4329,0.0],[112.7349,-8.4327,0.0],[112.7339,-8.4338,0.0]]],
[[[113.557,-8.4345,0.0],[113.5561,-8.4344,0.0],[113.5558,-8.4351,0.6025],[113.5568,-8.435,0.6025],[113.557,-8.4345,0.0]]],
[[[113.5475,-8.4326,0.0],[113.5479,-8.4326,0.0],[113.5471,-8.4325,0.0],[113.5472,-8.4326,0.0],[113.5475,-8.4326,0.0]]],
[[[113.5479,-8.4336,0.0],[113.5477,-8.4334,0.0],[113.5473,-8.4335,0.0],[113.5475,-8.4339,0.0],[113.5479,-8.4336,0.0]]],
[[[113.3027,-8.4485,0.0],[113.2964,-8.4442,0.0],[113.2904,-8.4457,0.0],[113.2902,-8.4475,0.0],[113.2926,-8.4473,65.9837],[113.2933,-8.4496,21.2514],[113.2904,-8.4578,7.9999],[113.2841,-8.463,154.9352],[113.2743,-8.4634,40.4109],[113.268,-8.4675,0.0],[113.2689,-8.4702,0.0],[113.2624,-8.4867,0.0],[113.2643,-8.4895,0.0],[113.2697,-8.4903,22.9064],[113.2681,-8.497,1.5732],[113.2698,-8.4957,29.014],[113.2708,-8.4978,8.0024],[113.2738,-8.4966,9.5076],[113.2774,-8.4984,0.0],[113.2781,-8.5004,4.6274],[113.2792,-8.4988,16.8366],[113.2814,-8.5,0.0],[113.2821,-8.4981,5.2398],[113.2857,-8.4989,7.7244],[113.2856,-8.5025,0.0],[113.287,-8.501,8.74],[113.2874,-8.5034,0.0],[113.2881,-8.5019,3.7278],[113.2897,-8.5023,3.7278],[113.2885,-8.504,0.0],[113.2895,-8.5059,0.0],[113.2912,-8.5043,9.8715],[113.2941,-8.5055,4.7713],[113.2934,-8.5082,0.0],[113.2952,-8.508,0.0],[113.2964,-8.5036,11.737],[113.2987,-8.5025,8.3707],[113.3005,-8.5051,0.0],[113.3032,-8.5044,13.1254],[113.3025,-8.5084,0.0],[113.3049,-8.5075,11.2464],[113.3069,-8.5088,3.4468],[113.3093,-8.5038,0.0],[113.3087,-8.5018,0.0],[113.3119,-8.5,16.2633],[113.3136,-8.501,11.9075],[113.3111,-8.5027,7.8908],[113.3117,-8.5049,16.4899],[113.3096,-8.5059,7.6679],[113.3096,-8.5087,2.8226],[113.3138,-8.5054,21.3158],[113.3156,-8.5066,0.0],[113.3237,-8.5029,51.3242],[113.3266,-8.5039,0.0],[113.3266,-8.502,43.3495],[113.3277,-8.5037,5.3832],[113.3298,-8.5025,30.8791],[113.3304,-8.5037,0.0],[113.3345,-8.5012,68.9297],[113.337,-8.5023,1.9693],[113.3405,-8.5005,20.537],[113.3486,-8.5029,29.9215],[113.3502,-8.5052,0.0],[113.3513,-8.5026,60.8226],[113.3583,-8.5009,35.4043],[113.3607,-8.4988,54.446],[113.3642,-8.5019,0.0],[113.3668,-8.4983,6.3206],[113.3682,-8.5008,0.0],[113.3733,-8.4991,3.5756],[113.3719,-8.4984,30.1275],[113.3742,-8.4979,44.8709],[113.3744,-8.4963,44.8709],[113.3754,-8.4984,0.0],[113.3804,-8.4967,5.3598],[113.3796,-8.495,30.9328],[113.3816,-8.4964,0.0],[113.3843,-8.4965,0.0],[113.3855,-8.4945,42.6673],[113.3861,-8.4962,29.6934],[113.3895,-8.4961,8.2168],[113.3902,-8.4943,41.3764],[113.3925,-8.4953,0.0],[113.3939,-8.4937,31.6224],[113.3987,-8.4966,0.0],[113.401,-8.4954,22.6886],[113.4007,-8.4933,72.0844],[113.4012,-8.4945,7.6983],[113.4027,-8.4931,7.6983],[113.4043,-8.4942,0.0],[113.4013,-8.4895,38.5091],[113.4036,-8.4895,22.79],[113.4034,-8.4908,0.0],[113.4067,-8.493,0.0],[113.4097,-8.4909,10.5436],[113.4083,-8.4878,33.0826],[113.41,-8.4841,41.8287],[113.4104,-8.4758,130.8034],[113.4119,-8.4754,12.3935],[113.4127,-8.4726,11.1216],[113.4148,-8.4745,0.0],[113.4134,-8.4747,12.3935],[113.4155,-8.4751,0.0],[113.4199,-8.4697,1.8252],[113.4166,-8.468,30.3072],[113.4155,-8.4705,3.3698],[113.4126,-8.4705,58.8227],[113.4105,-8.4672,9.9067],[113.4037,-8.4721,22.2065],[113.4058,-8.4658,0.0],[113.403,-8.4672,54.5328],[113.4029,-8.4627,52.1879],[113.4003,-8.4579,5.3271],[113.3983,-8.4581,91.937],[113.3967,-8.4552,16.4832],[113.3929,-8.4559,67.2415],[113.3903,-8.4539,11.0559],[113.3868,-8.4585,49.8057],[113.3848,-8.4572,6.3358],[113.3819,-8.4587,44.2142],[113.3782,-8.4567,8.4595],[113.3759,-8.4591,20.8637],[113.3727,-8.4574,0.0],[113.3713,-8.4588,36.3106],[113.3675,-8.4547,98.8603],[113.3674,-8.4505,8.6553],[113.364,-8.4527,0.0],[113.359,-8.4529,6.7259],[113.3526,-8.4493,0.0],[113.3488,-8.4531,3.8126],[113.3488,-8.455,8.2121],[113.3452,-8.4553,6.5209],[113.343,-8.4581,30.9278],[113.3401,-8.4561,28.601],[113.34,-8.4538,8.41],[113.3354,-8.4529,0.0],[113.3316,-8.4484,18.3429],[113.3282,-8.449,8.6569],[113.3261,-8.4522,0.0],[113.3236,-8.453,111.264],[113.315,-8.4525,9.3807],[113.3096,-8.4496,26.6592],[113.3047,-8.4503,14.536],[113.3027,-8.4485,0.0]]],
[[[112.7057,-8.4641,1.9673],[112.7061,-8.464,1.9673],[112.7059,-8.4634,1.9673],[112.7055,-8.464,1.1638],[112.7057,-8.4641,1.9673]]],
[[[112.7045,-8.4636,1.1638],[112.7047,-8.4639,1.1638],[112.705,-8.4632,1.1638],[112.7048,-8.4632,1.1638],[112.7045,-8.4636,1.1638]]],
[[[112.701,-8.463,0.0],[112.7009,-8.4622,0.7227],[112.7007,-8.4639,0.0],[112.7012,-8.4633,0.0],[112.701,-8.463,0.0]]],
[[[112.6987,-8.4614,4.7966],[112.6978,-8.4629,4.7966],[112.6986,-8.4634,0.0],[112.6995,-8.4613,4.7966],[112.6987,-8.4614,4.7966]]],
[[[112.6919,-8.4611,0.6597],[112.6916,-8.4609,0.6597],[112.6916,-8.4615,0.0],[112.6918,-8.4614,0.0],[112.6919,-8.4611,0.6597]]],
[[[112.6969,-8.4611,12.1644],[112.6967,-8.4607,12.1644],[112.6959,-8.4601,12.1644],[112.6963,-8.4617,0.0],[112.6969,-8.4611,12.1644]]],
[[[112.6726,-8.4599,0.0],[112.6727,-8.46,0.0],[112.6727,-8.4596,0.0],[112.6726,-8.4596,0.0],[112.6726,-8.4599,0.0]]],
[[[112.6915,-8.4606,0.6597],[112.6919,-8.4607,0.6597],[112.6919,-8.4603,0.6597],[112.6915,-8.4603,0.6597],[112.6915,-8.4606,0.6597]]],
[[[112.6768,-8.459,0.0],[112.6772,-8.4589,0.0],[112.6772,-8.4585,0.0],[112.6767,-8.4587,0.0],[112.6768,-8.459,0.0]]],
[[[112.6775,-8.4584,0.0],[112.678,-8.4581,0.0],[112.6778,-8.4576,0.0],[112.6774,-8.4582,0.0],[112.6775,-8.4584,0.0]]],
[[[112.6797,-8.457,0.0],[112.6799,-8.4566,0.0],[112.6795,-8.4564,0.0],[112.6794,-8.4569,0.0],[112.6797,-8.457,0.0]]],
[[[112.6815,-8.4559,0.0],[112.6818,-8.4561,0.0],[112.682,-8.4557,0.0],[112.6815,-8.4556,0.0],[112.6815,-8.4559,0.0]]],
[[[112.679,-8.4559,0.0],[112.6793,-8.4561,0.0],[112.6794,-8.4559,0.0],[112.6791,-8.4555,0.0],[112.679,-8.4559,0.0]]],
[[[112.6807,-8.4577,0.0],[112.6811,-8.4576,0.0],[112.6812,-8.4569,0.0],[112.6808,-8.4571,0.0],[112.6807,-8.4577,0.0]]],
[[[112.6951,-8.4597,0.0],[112.6953,-8.4591,0.0],[112.6946,-8.459,0.0],[112.6946,-8.4593,0.0],[112.6951,-8.4597,0.0]]],
[[[112.6927,-8.4596,0.6597],[112.693,-8.4596,0.6597],[112.6926,-8.4585,0.0],[112.6925,-8.4589,0.0],[112.6927,-8.4596,0.6597]]],
[[[112.6725,-8.4496,0.0],[112.6723,-8.4498,0.0],[112.6724,-8.45,0.0],[112.6726,-8.4498,0.0],[112.6725,-8.4496,0.0]]],
[[[112.6773,-8.4525,0.1215],[112.6779,-8.4517,0.1215],[112.6779,-8.4515,0.1215],[112.6768,-8.4522,0.0],[112.6773,-8.4525,0.1215]]],
[[[112.6787,-8.452,0.1215],[112.6791,-8.4518,4.6165],[112.6791,-8.4514,4.6165],[112.6785,-8.4516,0.1215],[112.6787,-8.452,0.1215]]],
[[[112.6764,-8.4551,0.0],[112.6762,-8.4551,0.0],[112.6762,-8.4553,0.0],[112.6764,-8.4553,0.0],[112.6764,-8.4551,0.0]]],
[[[112.6785,-8.4537,0.1023],[112.6784,-8.4539,0.1023],[112.6786,-8.4541,0.1023],[112.6788,-8.4539,0.1023],[112.6785,-8.4537,0.1023]]],
[[[112.6785,-8.4549,0.0],[112.6783,-8.4551,0.0],[112.6786,-8.4553,0.0],[112.6787,-8.4552,0.0],[112.6785,-8.4549,0.0]]],
[[[112.6779,-8.4533,0.1023],[112.677,-8.4535,0.1023],[112.6767,-8.4552,0.0],[112.6772,-8.4549,0.0],[112.6779,-8.4533,0.1023]]],
[[[113.5824,-8.4448,0.0],[113.5826,-8.4452,0.0],[113.5832,-8.4448,0.0],[113.583,-8.4447,0.0],[113.5824,-8.4448,0.0]]],
[[[113.5799,-8.4446,0.0],[113.5798,-8.4445,0.0],[113.5792,-8.4448,0.0],[113.5798,-8.4449,0.0],[113.5799,-8.4446,0.0]]],
[[[113.6608,-8.5003,15.8085],[113.6601,-8.5008,0.0],[113.6601,-8.5039,0.0],[113.6617,-8.502,6.1508],[113.6608,-8.5003,15.8085]]],
[[[113.6615,-8.5002,15.8085],[113.6617,-8.5005,15.8085],[113.6619,-8.5003,15.8085],[113.6618,-8.5001,15.8085],[113.6615,-8.5002,15.8085]]],
[[[113.6158,-8.5003,0.13],[113.616,-8.5005,0.13],[113.6162,-8.4999,0.13],[113.616,-8.4999,0.13],[113.6158,-8.5003,0.13]]],
[[[113.6177,-8.4995,5.5353],[113.6174,-8.4993,5.5353],[113.617,-8.4996,0.13],[113.6177,-8.4999,0.0],[113.6177,-8.4995,5.5353]]],
[[[113.6144,-8.4992,0.0],[113.6146,-8.4997,0.0],[113.6152,-8.4994,0.0],[113.6146,-8.4993,0.0],[113.6144,-8.4992,0.0]]],
[[[113.6159,-8.4996,0.13],[113.6162,-8.4998,0.13],[113.6163,-8.4997,0.13],[113.6162,-8.4994,0.0],[113.6159,-8.4996,0.13]]],
[[[113.6625,-8.4992,0.0],[113.6625,-8.4987,0.0],[113.6614,-8.4997,15.8085],[113.6617,-8.4997,15.8085],[113.6625,-8.4992,0.0]]],
[[[113.6166,-8.4993,0.0],[113.6167,-8.4993,0.0],[113.6168,-8.4989,0.0],[113.6164,-8.4991,0.0],[113.6166,-8.4993,0.0]]],
[[[113.5301,-8.4296,0.0],[113.5301,-8.429,0.0],[113.5296,-8.4284,0.0],[113.5296,-8.4296,0.0],[113.5301,-8.4296,0.0]]],
[[[112.7338,-8.427,0.0],[112.7341,-8.4271,0.0],[112.734,-8.4267,0.0],[112.7337,-8.4268,0.0],[112.7338,-8.427,0.0]]],
[[[113.5042,-8.4238,0.0],[113.5039,-8.4237,0.0],[113.5038,-8.4239,0.0],[113.5039,-8.424,0.0],[113.5042,-8.4238,0.0]]],
[[[112.7388,-8.4181,0.0],[112.7393,-8.4183,0.0],[112.7393,-8.4178,0.0],[112.7387,-8.4179,0.0],[112.7388,-8.4181,0.0]]],
[[[112.7488,-8.4162,43.8035],[112.749,-8.4159,8.6308],[112.7488,-8.4158,43.8035],[112.7486,-8.416,43.8035],[112.7488,-8.4162,43.8035]]],
[[[112.7459,-8.4177,18.9012],[112.7461,-8.418,0.0],[112.7462,-8.4174,18.9012],[112.7461,-8.4174,18.9012],[112.7459,-8.4177,18.9012]]],
[[[113.4803,-8.414,0.0],[113.4802,-8.4143,0.0],[113.4806,-8.4143,0.0],[113.4806,-8.414,0.0],[113.4803,-8.414,0.0]]],
[[[113.4786,-8.4107,0.0],[113.4786,-8.4102,0.0],[113.4775,-8.4101,0.0],[113.4777,-8.4108,0.0],[113.4786,-8.4107,0.0]]],
[[[112.8107,-8.4029,0.0],[112.8108,-8.4022,0.0],[112.8102,-8.402,0.0],[112.8101,-8.403,0.0],[112.8107,-8.4029,0.0]]],
[[[112.8095,-8.4003,8.7673],[112.8097,-8.4001,8.7673],[112.8096,-8.3999,8.7673],[112.8093,-8.4004,8.7673],[112.8095,-8.4003,8.7673]]],
[[[112.7539,-8.4236,0.0],[112.754,-8.4247,0.0],[112.7547,-8.4247,0.0],[112.7548,-8.4225,0.0],[112.7539,-8.4236,0.0]]],
[[[113.4743,-8.3976,0.0],[113.4744,-8.3979,0.0],[113.4748,-8.3976,0.0],[113.4746,-8.3974,0.0],[113.4743,-8.3976,0.0]]],
[[[113.4742,-8.3964,0.0],[113.4741,-8.3961,0.0],[113.474,-8.3968,0.0],[113.4742,-8.3968,0.0],[113.4742,-8.3964,0.0]]],
[[[112.8184,-8.3963,0.0],[112.8184,-8.3957,0.0],[112.818,-8.3953,0.0],[112.8179,-8.3958,0.0],[112.8184,-8.3963,0.0]]],
[[[112.8371,-8.3753,5.9999],[112.8373,-8.375,5.9999],[112.8371,-8.3745,0.0],[112.8365,-8.3754,5.9999],[112.8371,-8.3753,5.9999]]],
[[[112.8252,-8.3735,0.0],[112.8255,-8.3736,0.0],[112.826,-8.3731,0.0],[112.8254,-8.3731,0.0],[112.8252,-8.3735,0.0]]],
[[[112.827,-8.373,0.0],[112.8265,-8.373,0.0],[112.8265,-8.3732,0.0],[112.827,-8.373,0.0]]],
[[[111.652,-8.3788,21.8427],[111.6512,-8.3783,21.8427],[111.6509,-8.3761,0.0],[111.6495,-8.3764,0.0],[111.6504,-8.3843,0.5031],[111.652,-8.3826,12.7849],[111.652,-8.3788,21.8427]]],
[[[111.6681,-8.3779,0.0],[111.6683,-8.3781,0.0],[111.6686,-8.3778,0.0],[111.6683,-8.3774,0.0],[111.6681,-8.3779,0.0]]],
[[[111.6516,-8.3772,11.7924],[111.6517,-8.3767,11.7924],[111.6514,-8.3764,11.7924],[111.6515,-8.3779,11.7924],[111.6516,-8.3772,11.7924]]],
[[[112.837,-8.3828,0.4444],[112.8367,-8.3822,0.4444],[112.8362,-8.3843,0.0],[112.8364,-8.3842,0.0],[112.837,-8.3828,0.4444]]],
[[[112.8385,-8.3832,0.0],[112.8385,-8.3836,0.0],[112.839,-8.3831,0.0],[112.8389,-8.3827,9.0775],[112.8388,-8.383,0.0],[112.8385,-8.3832,0.0]]],
[[[112.8374,-8.383,0.0],[112.8377,-8.3826,9.0775],[112.8372,-8.382,0.4444],[112.8372,-8.3826,0.4444],[112.8374,-8.383,0.0]]],
[[[111.5129,-8.3694,14.7899],[111.5114,-8.3705,0.0],[111.5116,-8.3716,0.0],[111.5151,-8.3695,2.7999],[111.5129,-8.3694,14.7899]]],
[[[111.67,-8.3696,0.0],[111.6699,-8.3696,0.0],[111.6699,-8.3698,0.0],[111.67,-8.3697,0.0],[111.67,-8.3696,0.0]]],
[[[111.6717,-8.3695,26.1091],[111.6718,-8.3695,26.1091],[111.6719,-8.3693,26.1091],[111.6717,-8.3693,26.1091],[111.6717,-8.3695,26.1091]]],
[[[111.6693,-8.3688,0.0],[111.6692,-8.3688,0.0],[111.6691,-8.3694,0.0],[111.6694,-8.3692,0.0],[111.6693,-8.3688,0.0]]],
[[[111.6546,-8.3664,0.0],[111.6549,-8.3664,0.0],[111.6548,-8.3661,7.7755],[111.6546,-8.3664,0.0]]],
[[[111.6514,-8.3661,0.0],[111.6512,-8.3659,0.0],[111.6509,-8.3663,0.0],[111.6512,-8.3665,0.0],[111.6514,-8.3661,0.0]]],
[[[111.6683,-8.3598,0.0],[111.668,-8.3599,0.0],[111.668,-8.3602,0.0],[111.6681,-8.3602,0.0],[111.6683,-8.3598,0.0]]],
[[[111.6591,-8.3574,6.6496],[111.6589,-8.3575,6.6496],[111.6589,-8.3576,6.6496],[111.659,-8.3577,6.6496],[111.6591,-8.3574,6.6496]]],
[[[111.6587,-8.3575,6.6496],[111.6586,-8.3573,6.6496],[111.6585,-8.3573,6.6496],[111.6585,-8.3576,6.6496],[111.6587,-8.3575,6.6496]]],
[[[111.6305,-8.3565,0.0],[111.6303,-8.3564,0.0],[111.6303,-8.3565,0.0],[111.6305,-8.3565,0.0]]],
[[[111.6301,-8.3559,0.0],[111.6302,-8.356,0.0],[111.6304,-8.3557,0.0],[111.6303,-8.3557,0.0],[111.6301,-8.3559,0.0]]],
[[[111.6248,-8.3574,0.3995],[111.6261,-8.3573,0.0],[111.6259,-8.3555,0.0],[111.6238,-8.3567,0.3995],[111.6248,-8.3574,0.3995]]],
[[[111.4869,-8.3648,0.0],[111.4872,-8.3649,0.0],[111.4872,-8.3642,20.938],[111.487,-8.3643,20.938],[111.4869,-8.3648,0.0]]],
[[[111.4835,-8.3638,12.2214],[111.4834,-8.3639,12.2214],[111.4831,-8.3642,0.0],[111.4837,-8.3641,12.2214],[111.4835,-8.3638,12.2214]]],
[[[111.4873,-8.3624,41.3807],[111.4862,-8.3587,0.0],[111.4843,-8.3578,0.0],[111.4836,-8.3607,2.5581],[111.4847,-8.3609,2.5581],[111.4832,-8.3624,0.0],[111.4864,-8.3648,0.0],[111.4873,-8.3624,41.3807]]],
[[[111.6267,-8.3542,5.2645],[111.6267,-8.3543,5.2645],[111.6268,-8.3543,5.2645],[111.6268,-8.3542,5.2645],[111.6267,-8.3542,5.2645]]],
[[[112.2407,-8.3521,0.0],[112.2406,-8.3523,0.0],[112.2406,-8.3526,0.0],[112.241,-8.3524,0.0],[112.2407,-8.3521,0.0]]],
[[[112.3478,-8.3521,0.0],[112.3478,-8.3524,0.0],[112.3481,-8.3524,0.0],[112.348,-8.3521,0.0],[112.3478,-8.3521,0.0]]],
[[[112.2386,-8.3523,0.0],[112.2385,-8.3524,0.0],[112.2387,-8.3526,0.0],[112.2388,-8.3525,0.0],[112.2386,-8.3523,0.0]]],
[[[111.6241,-8.349,0.0],[111.6239,-8.349,0.0],[111.6239,-8.3492,0.0],[111.6242,-8.3492,0.0],[111.6241,-8.349,0.0]]],
[[[112.3469,-8.347,10.8112],[112.347,-8.3471,10.8112],[112.3473,-8.347,10.8112],[112.3472,-8.3469,10.8112],[112.3469,-8.347,10.8112]]],
[[[111.6243,-8.3487,0.0],[111.6242,-8.3487,0.0],[111.624,-8.3487,0.0],[111.6242,-8.3488,0.0],[111.6243,-8.3487,0.0]]],
[[[112.2418,-8.3487,0.0],[112.2419,-8.349,0.0],[112.2421,-8.3494,0.0],[112.2419,-8.3482,0.0],[112.2418,-8.3487,0.0]]],
[[[112.2416,-8.3508,0.0],[112.2416,-8.3512,0.0],[112.2417,-8.3513,0.0],[112.2419,-8.3509,0.0],[112.2416,-8.3508,0.0]]],
[[[112.2371,-8.3505,0.0],[112.2368,-8.3506,0.0],[112.2366,-8.3509,0.0],[112.2371,-8.3509,0.0],[112.2371,-8.3505,0.0]]],
[[[112.3458,-8.3508,8.7795],[112.346,-8.3505,8.7795],[112.3453,-8.3503,0.0],[112.3453,-8.3505,0.0],[112.3458,-8.3508,8.7795]]],
[[[112.241,-8.3504,0.0],[112.2412,-8.3505,0.0],[112.2412,-8.3503,0.0],[112.2411,-8.3502,0.0],[112.241,-8.3504,0.0]]],
[[[112.2381,-8.351,0.0],[112.2386,-8.3498,5.9986],[112.2379,-8.3495,0.0],[112.2375,-8.3499,0.0],[112.2381,-8.351,0.0]]],
[[[112.24,-8.3488,2.1625],[112.2387,-8.3503,5.9986],[112.2403,-8.3513,0.0],[112.2408,-8.3492,0.0],[112.24,-8.3488,2.1625]]],
[[[111.6298,-8.3552,0.0],[111.6311,-8.3557,0.0],[111.6313,-8.3546,0.0],[111.6306,-8.3547,0.0],[111.6298,-8.3552,0.0]]],
[[[111.6283,-8.3549,0.0],[111.6283,-8.3551,0.0],[111.6284,-8.3551,0.0],[111.6284,-8.3548,0.0],[111.6283,-8.3549,0.0]]],
[[[111.6272,-8.3544,5.2645],[111.6271,-8.3547,0.0],[111.6273,-8.355,0.0],[111.6273,-8.3544,5.2645],[111.6272,-8.3544,5.2645]]],
[[[112.2373,-8.3461,0.0],[112.2377,-8.3463,0.0],[112.238,-8.3461,0.0],[112.2374,-8.3457,0.0],[112.2373,-8.3461,0.0]]],
[[[112.319,-8.3441,0.0],[112.3192,-8.3435,0.0],[112.3184,-8.3435,0.0],[112.3186,-8.3439,0.0],[112.319,-8.3441,0.0]]],
[[[112.2199,-8.3437,0.0],[112.2202,-8.3441,0.0],[112.2206,-8.3441,0.0],[112.2204,-8.3433,0.0],[112.2199,-8.3437,0.0]]],
[[[112.3083,-8.3414,3.1824],[112.3072,-8.3414,3.1824],[112.3057,-8.3429,0.0],[112.3072,-8.3432,0.0],[112.3083,-8.3414,3.1824]]],
[[[112.3104,-8.3406,0.9392],[112.3108,-8.3406,0.0],[112.3103,-8.3403,0.9392],[112.3104,-8.3406,0.9392]]],
[[[112.3033,-8.3388,0.0],[112.3031,-8.3389,0.0],[112.3031,-8.3391,0.0],[112.3033,-8.339,0.0],[112.3033,-8.3388,0.0]]],
[[[112.2283,-8.3454,0.0],[112.2291,-8.3446,0.0],[112.2291,-8.3438,5.8047],[112.2281,-8.3451,0.0],[112.2283,-8.3454,0.0]]],
[[[112.2239,-8.3435,3.3177],[112.223,-8.343,3.3177],[112.2222,-8.3443,3.3177],[112.2232,-8.3442,3.3177],[112.2239,-8.3435,3.3177]]],
[[[111.5693,-8.3379,0.0],[111.5692,-8.338,0.0],[111.569,-8.3384,0.0],[111.5693,-8.3383,0.0],[111.5693,-8.3379,0.0]]],
[[[111.5632,-8.3371,0.0],[111.5633,-8.3373,0.0],[111.5636,-8.3374,0.0],[111.5634,-8.337,0.0],[111.5632,-8.3371,0.0]]],
[[[111.5631,-8.3386,0.0],[111.5634,-8.3384,0.0],[111.5625,-8.3387,0.0],[111.5627,-8.3388,0.0],[111.5631,-8.3386,0.0]]],
[[[111.5678,-8.3382,0.0],[111.5679,-8.3385,0.0],[111.5682,-8.338,0.0],[111.5679,-8.338,0.0],[111.5678,-8.3382,0.0]]],
[[[111.5695,-8.3367,0.0],[111.5691,-8.3368,0.0],[111.5691,-8.3369,0.0],[111.5695,-8.3368,0.0],[111.5695,-8.3367,0.0]]],
[[[111.5682,-8.3364,0.0],[111.5697,-8.3357,7.0652],[111.57,-8.3351,2.0591],[111.5682,-8.3352,7.0652],[111.5682,-8.3364,0.0]]],
[[[111.5164,-8.3355,0.0],[111.5166,-8.3356,0.0],[111.5167,-8.3355,0.0],[111.5165,-8.3354,0.0],[111.5164,-8.3355,0.0]]],
[[[112.293,-8.3336,0.0],[112.2934,-8.3339,0.0],[112.2935,-8.3337,0.0],[112.2933,-8.3335,0.0],[112.293,-8.3336,0.0]]],
[[[111.535,-8.3327,0.0],[111.5351,-8.3329,0.0],[111.5352,-8.3331,0.0],[111.5352,-8.3326,0.0],[111.535,-8.3327,0.0]]],
[[[111.5745,-8.3336,0.0],[111.5742,-8.3334,0.0],[111.5741,-8.3335,0.0],[111.5744,-8.3339,0.0],[111.5745,-8.3336,0.0]]],
[[[112.2069,-8.3299,0.0],[112.2068,-8.3296,0.0],[112.2068,-8.3303,0.0],[112.2069,-8.3299,0.0]]],
[[[112.2053,-8.3293,0.0],[112.2054,-8.3293,0.0],[112.2055,-8.329,0.0],[112.2053,-8.329,0.0],[112.2053,-8.3293,0.0]]],
[[[111.4619,-8.3293,0.6555],[111.4624,-8.3294,0.6555],[111.4626,-8.329,0.6555],[111.4625,-8.3289,0.6555],[111.4619,-8.3293,0.6555]]],
[[[111.4633,-8.3277,0.0],[111.4632,-8.3277,0.0],[111.4631,-8.3278,0.0],[111.4634,-8.3278,0.0],[111.4633,-8.3277,0.0]]],
[[[112.2028,-8.3269,0.0],[112.2027,-8.3271,0.0],[112.2028,-8.3272,0.0],[112.2029,-8.327,0.0],[112.2028,-8.3269,0.0]]],
[[[111.509,-8.3272,0.0],[111.5091,-8.3268,0.0],[111.5089,-8.3267,0.0],[111.5088,-8.3273,0.0],[111.509,-8.3272,0.0]]],
[[[111.4635,-8.3285,0.0],[111.4634,-8.3281,0.0],[111.4621,-8.3286,0.6555],[111.4623,-8.3287,0.6555],[111.4635,-8.3285,0.0]]],
[[[112.1806,-8.3274,0.0],[112.1809,-8.3283,0.0],[112.1814,-8.328,0.0],[112.1808,-8.3272,0.0],[112.1806,-8.3274,0.0]]],
[[[111.4768,-8.33,0.0],[111.4771,-8.3301,0.0],[111.4773,-8.3296,14.232],[111.4769,-8.3296,0.0],[111.4768,-8.33,0.0]]],
[[[111.5759,-8.3303,28.2083],[111.5758,-8.3304,28.2083],[111.5759,-8.3305,28.2083],[111.576,-8.3304,0.0],[111.5759,-8.3303,28.2083]]],
[[[111.5777,-8.3306,0.0],[111.578,-8.3302,0.0],[111.5774,-8.3301,0.0],[111.5775,-8.3304,0.0],[111.5777,-8.3306,0.0]]],
[[[111.4779,-8.3294,33.5031],[111.4786,-8.3314,0.0],[111.4815,-8.3279,0.0],[111.4788,-8.3279,0.0],[111.4779,-8.3294,33.5031]]],
[[[111.5168,-8.3343,0.0],[111.5167,-8.3344,0.0],[111.5167,-8.3349,0.0],[111.5169,-8.3348,0.0],[111.5168,-8.3343,0.0]]],
[[[111.5719,-8.3343,12.378],[111.5722,-8.3343,12.378],[111.5721,-8.334,12.378],[111.5719,-8.334,12.378],[111.5719,-8.3343,12.378]]],
[[[113.5352,-8.4322,2.9186],[113.5352,-8.4327,2.9186],[113.5358,-8.4323,2.9186],[113.5355,-8.4322,2.9186],[113.5352,-8.4322,2.9186]]],
[[[113.537,-8.4334,0.0],[113.5373,-8.4326,0.0],[113.5361,-8.4308,0.4593],[113.5357,-8.433,0.0],[113.537,-8.4334,0.0]]],
[[[112.7065,-8.4316,30.7265],[112.6955,-8.4297,49.2931],[112.6917,-8.4312,2.4419],[112.6916,-8.4331,19.3477],[112.6905,-8.4325,0.0],[112.6914,-8.435,25.2722],[112.6872,-8.4354,26.0261],[112.6831,-8.4387,19.4024],[112.6838,-8.4407,12.2847],[112.6815,-8.4401,16.0253],[112.678,-8.4455,0.0],[112.6801,-8.4562,0.0],[112.6806,-8.4525,4.6165],[112.6821,-8.453,-0.0067],[112.6811,-8.4547,0.0],[112.6824,-8.4548,0.0],[112.6837,-8.4524,8.1622],[112.6865,-8.4529,12.2327],[112.6888,-8.4511,20.3676],[112.6891,-8.4575,7.2464],[112.6921,-8.4563,7.2822],[112.6915,-8.4581,0.0],[112.6955,-8.4582,14.5539],[112.6976,-8.4617,4.7966],[112.6996,-8.4608,16.8214],[112.7007,-8.461,16.8214],[112.7038,-8.4642,1.1638],[112.7049,-8.4623,16.8455],[112.7072,-8.4637,1.9673],[112.7085,-8.4615,0.0],[112.7075,-8.4604,34.342],[112.7099,-8.4599,0.0],[112.7105,-8.4583,9.9415],[112.7125,-8.4587,6.7545],[112.7125,-8.437,27.871],[112.7122,-8.4342,9.8798],[112.7065,-8.4316,30.7265]]],
[[[113.54,-8.4323,0.0],[113.5398,-8.4317,0.0],[113.5391,-8.4321,0.0],[113.5393,-8.4325,0.0],[113.54,-8.4323,0.0]]],
[[[113.5357,-8.4305,0.4593],[113.5361,-8.4304,0.4593],[113.5348,-8.4305,0.0],[113.5355,-8.4307,0.4593],[113.5357,-8.4305,0.4593]]],
[[[113.5406,-8.4305,0.0],[113.5404,-8.4303,0.0],[113.5403,-8.4304,0.0],[113.5404,-8.4306,0.0],[113.5406,-8.4305,0.0]]],
[[[113.5441,-8.4297,0.0],[113.544,-8.4298,0.0],[113.5443,-8.4298,0.0],[113.5441,-8.4297,0.0]]],
[[[113.5403,-8.4299,0.0],[113.5401,-8.4297,0.0],[113.5399,-8.4298,0.0],[113.54,-8.4299,0.0],[113.5403,-8.4299,0.0]]],
[[[111.5077,-8.327,0.0],[111.5078,-8.3268,0.0],[111.5077,-8.3266,0.0],[111.5076,-8.3268,0.0],[111.5077,-8.327,0.0]]],
[[[112.1798,-8.3272,0.0],[112.1802,-8.3271,0.0],[112.1792,-8.3261,15.2559],[112.1794,-8.3269,0.0],[112.1798,-8.3272,0.0]]],
[[[111.415721875,-8.27405625,0.0],[111.41572333333333,-8.2741,0.0],[111.4159,-8.2741,0.0],[111.4159,-8.274,0.0],[111.4158,-8.2739,0.0],[111.415721875,-8.27405625,0.0]]],
[[[111.41572333333333,-8.2741,0.0],[111.4157,-8.2741,0.0],[111.415721875,-8.27405625,0.0],[111.4155,-8.2674,0.0],[111.4191,-8.2645,15.1051],[111.4187,-8.2619,21.729],[111.4201,-8.2612,13.8719],[111.4224,-8.2618,0.0],[111.4222,-8.2589,15.384],[111.4259,-8.2574,14.479],[111.4262,-8.2577,14.479],[111.4261,-8.2582,11.0197],[111.4247,-8.2584,1.4055],[111.4338,-8.2607,3.6264],[111.4409,-8.2668,0.0],[111.4476,-8.2692,1.2225],[111.4538,-8.278,17.6767],[111.45,-8.2841,0.0],[111.4539,-8.2856,15.8477],[111.4536,-8.2892,2.6108],[111.4503,-8.2893,0.0],[111.4446,-8.2951,9.056],[111.4494,-8.2969,0.0],[111.4449,-8.3023,24.5773],[111.4495,-8.3065,0.0],[111.4492,-8.3089,0.0],[111.4578,-8.3107,2.4357],[111.4564,-8.3168,32.6697],[111.4527,-8.3178,8.23],[111.4545,-8.3182,2.0867],[111.455,-8.3206,0.0],[111.4559,-8.3188,13.8146],[111.4598,-8.3173,38.6787],[111.4621,-8.3201,28.0303],[111.4615,-8.3232,0.0],[111.4638,-8.3227,17.5697],[111.4676,-8.3202,0.0],[111.467,-8.3177,0.0],[111.4695,-8.3137,5.6665],[111.4713,-8.314,0.0],[111.4739,-8.3096,7.8825],[111.4784,-8.306,0.0],[111.4832,-8.3091,0.0],[111.4812,-8.3152,0.0],[111.4818,-8.3154,35.7777],[111.482,-8.3198,0.0],[111.4874,-8.318,0.0],[111.489,-8.3145,30.4545],[111.4909,-8.314,8.6749],[111.4947,-8.3154,6.4232],[111.4965,-8.3193,36.5888],[111.4937,-8.3233,3.644],[111.4973,-8.3252,0.0],[111.4983,-8.3237,15.6883],[111.5047,-8.3224,26.829],[111.5069,-8.3255,21.8429],[111.5062,-8.3268,0.0],[111.5077,-8.3262,21.8429],[111.5094,-8.3266,0.0],[111.5101,-8.3275,0.0],[111.5118,-8.333,0.0],[111.5142,-8.3322,21.7025],[111.5143,-8.3339,0.0],[111.5174,-8.334,0.0],[111.5196,-8.332,24.0177],[111.5281,-8.3318,5.2878],[111.5293,-8.33,34.2718],[111.5303,-8.332,4.938],[111.532,-8.3313,5.5338],[111.5337,-8.333,0.0],[111.5347,-8.3326,7.8852],[111.5328,-8.3297,5.7807],[111.538,-8.3269,26.7818],[111.5307,-8.3222,18.07],[111.5327,-8.3159,4.3097],[111.5369,-8.3167,0.0],[111.5376,-8.3139,38.1466],[111.5443,-8.3128,62.6708],[111.546,-8.3134,0.0],[111.5465,-8.3078,3.9095],[111.5552,-8.3067,0.0],[111.5654,-8.3103,0.0],[111.5723,-8.3166,0.0],[111.5714,-8.3258,0.0],[111.5677,-8.3261,0.0],[111.5706,-8.3313,2.0487],[111.5697,-8.3343,0.0],[111.5734,-8.333,12.378],[111.5748,-8.3335,0.0],[111.5748,-8.3323,8.8648],[111.576,-8.3337,0.0],[111.5756,-8.3304,28.2083],[111.5782,-8.3294,33.1783],[111.5879,-8.3351,0.0],[111.5902,-8.3313,32.4674],[111.5878,-8.3285,31.1071],[111.591,-8.3254,22.3742],[111.5931,-8.3258,0.0],[111.5953,-8.3223,15.6741],[111.5985,-8.3224,5.6168],[111.6027,-8.3248,6.0221],[111.6013,-8.3298,0.0],[111.6031,-8.3305,27.5734],[111.6049,-8.3397,0.0],[111.6112,-8.335,0.0],[111.6072,-8.3303,15.3845],[111.6085,-8.3267,36.3935],[111.6119,-8.3246,0.0],[111.612,-8.3216,6.7189],[111.617,-8.3205,1.1885],[111.621,-8.3231,0.0],[111.6228,-8.3219,6.4775],[111.6283,-8.3254,11.9001],[111.6271,-8.3301,0.4836],[111.6289,-8.3311,13.1632],[111.627,-8.3352,4.5958],[111.6286,-8.3364,0.0],[111.6324,-8.3369,2.398],[111.6341,-8.3407,25.0029],[111.6328,-8.3433,22.9543],[111.6246,-8.3477,0.0],[111.6243,-8.3503,0.0],[111.6267,-8.3512,58.4563],[111.6254,-8.3539,5.2645],[111.6284,-8.3535,0.0],[111.6296,-8.3516,0.0],[111.6304,-8.3525,0.0],[111.6325,-8.3493,41.1886],[111.6335,-8.3507,6.6397],[111.6346,-8.3476,28.8669],[111.6381,-8.3477,35.4538],[111.6409,-8.3512,4.8152],[111.643,-8.3502,7.9364],[111.6439,-8.3527,3.9367],[111.6474,-8.3521,2.2097],[111.6494,-8.3552,0.0],[111.6497,-8.362,0.0],[111.6525,-8.3667,0.0],[111.6572,-8.363,3.7713],[111.655,-8.3604,7.0002],[111.6575,-8.3573,32.3625],[111.6673,-8.356,23.9077],[111.6687,-8.3588,77.0077],[111.6684,-8.3614,0.0],[111.6705,-8.3629,19.0104],[111.6701,-8.3671,13.2959],[111.6746,-8.3716,0.0],[111.6813,-8.3739,9.7215],[111.6818,-8.3728,70.566],[111.6824,-8.3752,0.0],[111.685,-8.3726,58.2161],[111.6856,-8.3683,16.9051],[111.6883,-8.3666,8.3663],[111.6927,-8.3703,0.0],[111.6933,-8.3753,10.3433],[111.7019,-8.3836,0.0],[111.7008,-8.3772,33.6622],[111.7039,-8.3739,0.0],[111.7033,-8.3681,99.5163],[111.7046,-8.3669,11.5039],[111.7077,-8.3698,0.0],[111.7099,-8.3671,23.6173],[111.7142,-8.3726,10.7507],[111.719,-8.3704,15.8798],[111.7207,-8.3715,0.0],[111.7206,-8.3692,25.2445],[111.7242,-8.3691,0.0],[111.7246,-8.3716,1.2951],[111.7266,-8.3715,0.0],[111.717,-8.3614,27.3732],[111.7135,-8.3517,38.2026],[111.7077,-8.3504,6.7767],[111.7035,-8.344,15.3725],[111.6986,-8.3454,12.1734],[111.6949,-8.3425,10.8755],[111.6931,-8.338,47.7731],[111.6896,-8.3375,0.0],[111.6884,-8.3348,8.7927],[111.6885,-8.33,4.9832],[111.6887,-8.3301,4.9832],[111.6889,-8.3314,3.5968],[111.6887,-8.3348,8.7927],[111.6894,-8.3366,0.0],[111.69,-8.3291,0.9137],[111.6951,-8.3223,8.1558],[111.7012,-8.3247,0.0],[111.7028,-8.3225,71.4201],[111.7131,-8.3225,75.6821],[111.7157,-8.3153,11.3967],[111.714,-8.3092,0.0],[111.707,-8.3027,1.7775],[111.7086,-8.297,1.6027],[111.7128,-8.2913,1.4067],[111.7223,-8.2876,2.8165],[111.7298,-8.2879,2.4813],[111.7348,-8.2918,3.723],[111.7353,-8.2947,24.9226],[111.7328,-8.2961,7.2727],[111.7339,-8.2976,10.4058],[111.7379,-8.2964,0.0],[111.7401,-8.2998,0.0],[111.7394,-8.3018,0.0],[111.7424,-8.3021,0.0],[111.7474,-8.3076,1.5389],[111.7486,-8.3128,0.0],[111.7434,-8.3215,43.4683],[111.7415,-8.3223,6.2573],[111.7415,-8.3263,65.7822],[111.7387,-8.3329,1.7128],[111.747,-8.3347,24.4104],[111.7492,-8.3437,0.0],[111.7511,-8.3395,13.3775],[111.7528,-8.3387,13.3775],[111.754,-8.3401,0.0],[111.7581,-8.3348,0.0],[111.7628,-8.3361,3.8993],[111.7657,-8.3312,12.4146],[111.77,-8.3284,0.0],[111.7767,-8.3256,14.1681],[111.7821,-8.3263,0.0],[111.7779,-8.3213,0.0],[111.7703,-8.3188,20.9304],[111.7691,-8.3169,18.4314],[111.7694,-8.309,17.5062],[111.7759,-8.3083,0.0],[111.7763,-8.3065,0.0],[111.7683,-8.2965,25.165],[111.7683,-8.2948,0.0],[111.7705,-8.2926,21.2944],[111.7751,-8.2938,9.4957],[111.7778,-8.2897,0.0],[111.7703,-8.2891,8.2482],[111.7689,-8.2863,4.976],[111.7741,-8.283,3.1243],[111.7759,-8.2788,16.6748],[111.7786,-8.2788,3.9411],[111.7792,-8.2755,10.7475],[111.7701,-8.2703,7.301],[111.7704,-8.2651,5.8237],[111.7746,-8.2579,4.3896],[111.7791,-8.2561,17.3615],[111.7855,-8.257,3.9],[111.795,-8.2558,3.49],[111.8003,-8.2583,42.0513],[111.8034,-8.2629,8.1401],[111.7998,-8.2698,0.0],[111.8025,-8.2679,36.4505],[111.8059,-8.2689,0.0],[111.8058,-8.2667,23.4845],[111.8086,-8.2645,28.4405],[111.8109,-8.2679,9.3598],[111.8154,-8.2687,6.5475],[111.8138,-8.2707,5.6413],[111.8145,-8.2729,4.5041],[111.818,-8.2731,0.0],[111.8185,-8.2709,26.4645],[111.8218,-8.2705,30.5776],[111.8244,-8.2724,5.2834],[111.8288,-8.2725,26.4075],[111.8279,-8.2736,7.6632999999999996],[111.8296,-8.2739,37.2805],[111.8277,-8.2756,13.1533],[111.8292,-8.2762,38.8028],[111.8289,-8.2779,0.0],[111.8318,-8.278,13.0789],[111.8324,-8.2813,0.0],[111.8426,-8.2822,3.7258],[111.8417,-8.2765,3.0978],[111.8395,-8.2749,5.5087],[111.842,-8.2742,0.0],[111.8407,-8.273,26.7995],[111.8422,-8.2722,0.0],[111.8402,-8.2713,30.9059],[111.8408,-8.2681,7.5203],[111.8383,-8.2675,6.6329],[111.8384,-8.2648,10.0971],[111.8352,-8.2642,12.7269],[111.8357,-8.2619,0.0],[111.8398,-8.2588,5.7627],[111.8413,-8.2641,0.0],[111.8442,-8.2629,17.1832],[111.8457,-8.2646,0.0],[111.8489,-8.2642,4.2852],[111.8527,-8.2714,0.0],[111.8553,-8.269,31.9133],[111.8571,-8.2701,0.0],[111.8579,-8.2685,22.9016],[111.8586,-8.2699,0.0],[111.8626,-8.2696,39.2764],[111.8623,-8.2749,4.6373],[111.8655,-8.2745,9.8028],[111.868,-8.2769,0.0],[111.8687,-8.2793,9.783],[111.8667,-8.2805,5.5698],[111.8684,-8.2809,26.4856],[111.8691,-8.2847,0.0],[111.8738,-8.2853,13.6152],[111.873,-8.2874,21.5487],[111.875,-8.2912,15.5916],[111.8789,-8.2909,17.2231],[111.8853,-8.2932,0.0],[111.891,-8.2983,0.0],[111.8989,-8.3008,21.6764],[111.8972,-8.3032,15.1792],[111.8991,-8.3046,0.0],[111.9023,-8.3039,0.0],[111.9026,-8.3018,3.9406],[111.9075,-8.3028,0.0],[111.9104,-8.3001,0.0],[111.9102,-8.2979,10.1257],[111.9126,-8.2973,11.4634],[111.9162,-8.2981,25.3536],[111.9175,-8.3003,0.0],[111.922,-8.3015,0.0],[111.9252,-8.3046,0.0],[111.9266,-8.304,30.095],[111.9274,-8.3057,0.0],[111.9285,-8.3044,72.4026],[111.9292,-8.3066,0.0],[111.9339,-8.3061,67.1394],[111.9346,-8.3081,0.0],[111.9378,-8.3064,0.0],[111.9438,-8.2993,0.0],[111.9425,-8.2973,0.0],[111.944,-8.2963,0.0],[111.943,-8.294,0.0],[111.9359,-8.293,72.2801],[111.9368,-8.286,1.4596],[111.9429,-8.279,18.103],[111.9497,-8.2776,38.2975],[111.9715,-8.2813,0.0],[111.9806,-8.2856,10.3007],[111.9852,-8.2918,0.0],[111.9953,-8.2983,0.0],[112.0066,-8.2997,0.0],[112.0107,-8.304,4.2081],[112.0159,-8.3022,27.0398],[112.02,-8.3038,6.6891],[112.0253,-8.311,16.8925],[112.0296,-8.3141,17.3442],[112.0289,-8.3173,29.7762],[112.0342,-8.3197,0.0],[112.0537,-8.3175,31.3314],[112.0661,-8.3225,21.067],[112.0683,-8.3216,0.0],[112.0674,-8.3196,38.4123],[112.0705,-8.3179,2.8985],[112.0829,-8.3183,0.0],[112.0901,-8.3151,11.4864],[112.0966,-8.3166,10.8267],[112.0983,-8.3185,0.0],[112.1062,-8.3182,0.0],[112.1101,-8.3127,8.7088],[112.1137,-8.3165,0.0],[112.123,-8.3159,0.6144],[112.1244,-8.3218,0.0],[112.13,-8.3257,10.7195],[112.1325,-8.3241,15.6576],[112.135,-8.3188,2.307],[112.1429,-8.3157,3.4296],[112.1451,-8.317,1.9353],[112.146,-8.3203,4.8619],[112.1503,-8.3218,2.3696],[112.1544,-8.3289,10.1709],[112.1611,-8.3261,37.4612],[112.1651,-8.3263,5.465],[112.1666,-8.3279,16.6445],[112.1686,-8.326,18.0489],[112.1671,-8.3235,15.0691],[112.1693,-8.3205,5.2148],[112.1756,-8.3221,17.0689],[112.1772,-8.325,0.0],[112.1822,-8.3267,0.0],[112.1821,-8.3229,4.0151],[112.1825,-8.324,0.0],[112.1889,-8.324,11.3852],[112.1912,-8.3256,6.2765],[112.1905,-8.3272,0.0],[112.1941,-8.3238,4.3285],[112.1946,-8.3272,0.0],[112.1961,-8.326,24.5192],[112.1993,-8.3271,0.0],[112.2,-8.3248,2.4129],[112.2008,-8.3262,2.4129],[112.2031,-8.3248,5.5788],[112.2045,-8.3276,6.2018],[112.2065,-8.3262,11.264099999999999],[112.2067,-8.3279,7.66],[112.2088,-8.3281,1.7597],[112.2088,-8.3302,0.0],[112.2095,-8.3281,1.7597],[112.2105,-8.3294,3.9674],[112.2115,-8.3276,25.417],[112.2139,-8.3296,0.0],[112.2156,-8.3264,0.0],[112.2192,-8.327,5.324],[112.2228,-8.3326,6.1904],[112.2209,-8.3336,0.0],[112.219,-8.3373,0.0],[112.2198,-8.3382,7.7728],[112.2179,-8.3397,0.0],[112.2208,-8.3428,7.2154],[112.2299,-8.3434,5.8047],[112.2311,-8.3465,0.0],[112.2344,-8.3459,8.5145],[112.2352,-8.3438,5.6873],[112.2383,-8.3455,0.0],[112.2391,-8.3444,12.8413],[112.2412,-8.3472,3.0176],[112.2455,-8.3441,15.1382],[112.2545,-8.3431,0.0],[112.2581,-8.3451,13.3491],[112.2585,-8.348,0.0],[112.2614,-8.3477,33.0065],[112.2611,-8.3491,0.0],[112.2634,-8.3505,0.0],[112.264,-8.3478,23.3639],[112.2662,-8.3493,4.5942],[112.2716,-8.3445,6.9843],[112.2736,-8.3385,12.1491],[112.2809,-8.3372,2.7355],[112.2861,-8.3321,8.5896],[112.2916,-8.3318,3.2036],[112.2941,-8.3331,0.0],[112.2964,-8.3315,15.5501],[112.3,-8.3362,7.4102],[112.3023,-8.3367,0.0],[112.3053,-8.3349,4.1583],[112.3087,-8.3371,4.8206],[112.3081,-8.3406,0.0],[112.312,-8.3393,61.1085],[112.3163,-8.3425,21.4839],[112.3186,-8.3414,10.7466],[112.3179,-8.3363,85.6399],[112.3195,-8.3337,1.1884],[112.3262,-8.3312,60.4655],[112.3303,-8.3314,1.4753],[112.3347,-8.3337,0.0],[112.3382,-8.34,51.3729],[112.3368,-8.3426,12.936],[112.343,-8.3437,5.023],[112.3471,-8.3414,0.0],[112.3482,-8.3421,31.5505],[112.3497,-8.3462,20.6023],[112.3469,-8.3477,10.8112],[112.3463,-8.35,8.7795],[112.349,-8.3519,0.0],[112.3527,-8.3486,22.6397],[112.358,-8.348,0.0],[112.3646,-8.3523,12.5171],[112.37,-8.3695,0.0],[112.3735,-8.373,30.8218],[112.3717,-8.3743,5.6108],[112.3726,-8.3757,5.8098],[112.3841,-8.376,29.3159],[112.3893,-8.3701,21.2242],[112.3889,-8.3752,0.0],[112.3939,-8.3749,42.7718],[112.3929,-8.3805,0.0],[112.3959,-8.38,0.0],[112.3971,-8.3812,0.0],[112.4002,-8.3797,0.0],[112.4018,-8.381,0.0],[112.4046,-8.377,32.2185],[112.4069,-8.3778,20.8835],[112.406,-8.3791,12.4778],[112.4079,-8.3804,0.0],[112.4101,-8.3806,0.0],[112.4106,-8.3794,24.4004],[112.4156,-8.383,0.0],[112.4172,-8.3831,0.0],[112.418,-8.3812,22.4885],[112.4208,-8.3816,0.0],[112.4213,-8.3835,0.0],[112.4243,-8.384,19.5407],[112.4222,-8.3858,0.0],[112.4255,-8.3858,15.178],[112.4248,-8.3889,0.0],[112.435,-8.389,15.7616],[112.4379,-8.3922,3.8624],[112.4369,-8.3939,8.3009],[112.4386,-8.3934,11.0747],[112.4384,-8.3947,0.0],[112.4396,-8.3944,11.0747],[112.4433,-8.3984,0.0],[112.4443,-8.397,10.8233],[112.4465,-8.3986,0.0],[112.4464,-8.3972,6.2051],[112.4531,-8.3948,29.8566],[112.4522,-8.3975,0.0],[112.4564,-8.3976,4.2834],[112.4572,-8.3961,20.9136],[112.4642,-8.3968,0.0],[112.4699,-8.3941,6.3116],[112.4818,-8.3971,0.0],[112.4845,-8.396,11.8032],[112.484,-8.3939,14.4317],[112.4858,-8.3949,25.6852],[112.4873,-8.3993,8.8118],[112.4944,-8.4011,22.181],[112.4962,-8.401,24.7072],[112.4964,-8.3995,28.0725],[112.5017,-8.4009,21.2726],[112.5016,-8.4025,2.5474],[112.5034,-8.4021,27.6359],[112.5029,-8.4047,0.0],[112.5047,-8.4023,21.0229],[112.5054,-8.4038,3.7262],[112.5055,-8.4009,35.1728],[112.5068,-8.4025,3.039],[112.5089,-8.4015,0.0],[112.5084,-8.3992,15.1489],[112.511,-8.3946,8.9727],[112.5151,-8.3979,0.0],[112.5163,-8.3958,12.4814],[112.521,-8.3978,9.2554],[112.5271,-8.406,0.0],[112.5283,-8.4023,13.4575],[112.533,-8.4039,0.0],[112.5335,-8.4028,8.0784],[112.5455,-8.4034,5.6922],[112.5467,-8.4059,0.0],[112.5509,-8.4045,7.7183],[112.5528,-8.402,17.7231],[112.5573,-8.4029,4.5189],[112.5677,-8.4061,2.7401],[112.5684,-8.4081,0.0],[112.5732,-8.4076,5.9325],[112.5768,-8.4101,1.5119],[112.579,-8.4148,0.0],[112.5861,-8.4172,0.0],[112.5862,-8.4185,0.0],[112.5911,-8.4171,14.9356],[112.5931,-8.4182,0.0],[112.594,-8.4161,20.5911],[112.5962,-8.4182,0.0],[112.6103,-8.4215,1.1565],[112.6148,-8.4267,0.0],[112.6154,-8.4297,3.0775],[112.6136,-8.432,0.0],[112.6152,-8.4306,3.0775],[112.616,-8.4339,0.0],[112.6182,-8.4343,0.0],[112.6205,-8.4311,10.4877],[112.6218,-8.4324,1.6927],[112.6219,-8.4299,6.9546],[112.6243,-8.4288,8.1667],[112.6324,-8.4298,0.0],[112.6411,-8.4362,1.0971],[112.6428,-8.4427,8.0052],[112.6517,-8.4488,0.0],[112.6593,-8.4455,13.7571],[112.6615,-8.4465,0.0],[112.663,-8.4436,0.0],[112.6661,-8.4442,2.2149],[112.6676,-8.4409,5.3244],[112.6671,-8.4365,1.5243],[112.6687,-8.4375,4.6315],[112.6685,-8.4418,5.8064],[112.6717,-8.4453,0.0],[112.6825,-8.4352,3.108],[112.6817,-8.4331,8.3724],[112.6861,-8.432,2.4075],[112.693,-8.4265,15.8667],[112.7004,-8.4263,0.0],[112.7044,-8.4204,0.0],[112.7089,-8.4178,3.775],[112.715,-8.4184,14.8051],[112.7155,-8.4208,6.5067],[112.7263,-8.4173,2.8342],[112.7293,-8.4201,0.0],[112.7314,-8.4179,55.901],[112.7389,-8.4162,28.1301],[112.7417,-8.425,0.0],[112.7435,-8.4179,81.6535],[112.7492,-8.415,8.6308],[112.7532,-8.4222,0.0],[112.7566,-8.4217,2.6906],[112.7567,-8.4188,113.1639],[112.7529,-8.4129,113.8849],[112.7565,-8.4102,34.6527],[112.7608,-8.4109,43.1141],[112.7654,-8.4073,0.0],[112.7654,-8.4114,0.0],[112.7673,-8.4114,0.0],[112.7668,-8.407,0.0],[112.7675,-8.4051,0.0],[112.7691,-8.4053,0.0],[112.7682,-8.4032,0.0],[112.7693,-8.4013,0.0],[112.7671,-8.3978,0.0],[112.7675,-8.3917,0.0],[112.7694,-8.3914,0.0],[112.7694,-8.3885,26.9244],[112.7734,-8.3858,10.0629],[112.7797,-8.3852,2.7653],[112.7836,-8.3876,0.0],[112.7855,-8.3916,39.1191],[112.7831,-8.3979,0.0],[112.7877,-8.3987,0.0],[112.7925,-8.4046,0.0],[112.7988,-8.4062,0.0],[112.8017,-8.4039,0.0],[112.8016,-8.4005,0.0],[112.8,-8.3991,82.1366],[112.8024,-8.3989,0.0],[112.8034,-8.4008,0.0],[112.8043,-8.3982,0.0],[112.8086,-8.3997,8.7673],[112.8094,-8.3976,82.0785],[112.8101,-8.4016,0.0],[112.8129,-8.4018,0.0],[112.8125,-8.4005,30.4768],[112.8156,-8.3989,7.522],[112.8196,-8.3919,0.0],[112.8158,-8.3865,8.2509],[112.8182,-8.3847,10.3292],[112.8163,-8.3835,58.6115],[112.8172,-8.3801,11.1744],[112.819,-8.3783,2.4295],[112.8212,-8.3791,0.0],[112.8205,-8.373,4.8804],[112.8267,-8.3728,34.9497],[112.8314,-8.369,5.3758],[112.8387,-8.3724,4.7615],[112.8376,-8.3819,9.0775],[112.838,-8.3832,0.0],[112.8393,-8.3818,9.0775],[112.8402,-8.3831,17.3667],[112.8397,-8.3861,0.839],[112.8425,-8.3831,4.1678],[112.8446,-8.3767,29.5979],[112.8482,-8.3776,5.8164],[112.846,-8.3882,0.0],[112.8499,-8.3879,69.9925],[112.8515,-8.3913,7.3411],[112.8478,-8.3941,59.7964],[112.8437,-8.4021,1.1082],[112.8448,-8.4035,0.0],[112.8457,-8.4016,105.637],[112.8476,-8.4058,0.0],[112.8545,-8.4001,32.3697],[112.8565,-8.4028,0.0],[112.8587,-8.3994,54.81],[112.8585,-8.4023,0.0],[112.8638,-8.393,42.5114],[112.8671,-8.3991,98.8554],[112.8687,-8.3995,94.9642],[112.8674,-8.4014,0.0],[112.8697,-8.4022,10.5465],[112.8678,-8.4034,0.0],[112.8686,-8.4072,10.0313],[112.8716,-8.4056,60.6236],[112.872,-8.4088,0.0],[112.8765,-8.407,36.0792],[112.8772,-8.4092,0.0],[112.878,-8.4083,0.0],[112.8765,-8.4065,36.0792],[112.8783,-8.4044,60.48],[112.8825,-8.4036,119.2944],[112.8852,-8.4002,75.0569],[112.8986,-8.3995,35.0899],[112.899,-8.395,0.0],[112.8943,-8.3908,0.0],[112.8929,-8.3863,73.7271],[112.8963,-8.3836,32.9227],[112.8961,-8.3807,63.4536],[112.9001,-8.3793,1.9655],[112.9073,-8.382,7.3026],[112.9079,-8.3841,19.3102],[112.9053,-8.3865,79.6269],[112.9052,-8.3913,0.0],[112.9119,-8.3908,135.5461],[112.9111,-8.3941,0.0],[112.9124,-8.3955,48.4317],[112.9109,-8.3989,0.0],[112.914,-8.399,10.9532],[112.916,-8.3978,0.0],[112.915,-8.3944,107.9469],[112.9226,-8.3924,21.2074],[112.9226,-8.389,49.8213],[112.9245,-8.3897,0.0],[112.9251,-8.388,2.4059],[112.9292,-8.3904,1.0317],[112.9292,-8.3852,30.8345],[112.9324,-8.3883,0.0],[112.9311,-8.3808,27.2195],[112.933,-8.3806,58.6604],[112.935,-8.3832,0.0],[112.9359,-8.381,88.1671],[112.9363,-8.3823,0.0],[112.9381,-8.3817,0.0],[112.9394,-8.3757,54.1292],[112.9436,-8.3745,0.0],[112.9403,-8.3739,3.6554],[112.9399,-8.3724,72.5534],[112.9451,-8.3704,4.5713],[112.9448,-8.3681,11.1068],[112.9459,-8.3667,18.7627],[112.9469,-8.3675,0.2745],[112.9456,-8.3646,13.1169],[112.9482,-8.3635,0.0],[112.9474,-8.3603,10.7061],[112.9599,-8.3528,0.0],[112.9703,-8.3332,0.0],[112.9794,-8.3252,0.0],[113.0111,-8.3109,2.8813],[113.0324,-8.3048,2.8475],[113.0473,-8.2987,1.7485],[113.0655,-8.2975,28.2236],[113.0663,-8.2945,2.8303],[113.0707,-8.2918,9.564],[113.0701,-8.2897,10.408],[113.077,-8.286,4.6135],[113.0858,-8.2857,5.1641],[113.108,-8.2905,3.1645],[113.1224,-8.2913,0.0],[113.1422,-8.2878,2.5308],[113.1472,-8.2847,1.6366],[113.1615,-8.282,4.3662],[113.2033,-8.2802,6.0208],[113.2213,-8.2817,5.9539],[113.26,-8.2886,5.9353],[113.2824,-8.2962,3.5577],[113.3116,-8.3114,0.0],[113.3287,-8.3221,3.8927],[113.3418,-8.3331,1.5521],[113.3646,-8.3577,6.2737],[113.3723,-8.3693,1.316],[113.3883,-8.4004,0.0],[113.3949,-8.3987,4.4466],[113.4064,-8.3888,1.7447],[113.4092,-8.389,0.7007],[113.4266,-8.3806,2.4314],[113.4425,-8.3781,0.0],[113.4592,-8.3794,7.6579],[113.4752,-8.3855,0.0],[113.4758,-8.3969,120.4753],[113.4747,-8.3985,0.0],[113.4795,-8.4028,93.1573],[113.4778,-8.4043,0.0],[113.4794,-8.4105,32.5293],[113.4849,-8.4164,0.0],[113.4942,-8.4134,11.4912],[113.4978,-8.4152,0.0],[113.4983,-8.4178,7.3903],[113.501,-8.4175,35.0334],[113.5048,-8.4196,27.9653],[113.5044,-8.4233,0.0],[113.5077,-8.4227,32.2853],[113.5083,-8.4201,17.1201],[113.5099,-8.4221,0.0],[113.5119,-8.4216,9.102],[113.5144,-8.4252,12.4182],[113.5201,-8.4255,27.0394],[113.5215,-8.4287,7.595],[113.5263,-8.4304,0.0],[113.5292,-8.4294,0.0],[113.5296,-8.4271,33.8503],[113.5344,-8.4298,0.0],[113.5401,-8.4289,41.5508],[113.5491,-8.4303,13.3786],[113.5494,-8.4327,16.5214],[113.5474,-8.4333,0.0],[113.5489,-8.4337,0.0],[113.5496,-8.4332,4.0197],[113.5529,-8.4365,0.3837],[113.5549,-8.4352,3.8376],[113.5535,-8.4344,1.5684],[113.5536,-8.4303,3.0645],[113.557,-8.4271,3.661],[113.5617,-8.4252,19.8843],[113.57,-8.4255,2.8942],[113.5812,-8.4326,6.1613],[113.5816,-8.4347,5.3453],[113.5801,-8.435,0.0],[113.5808,-8.4367,7.026],[113.5793,-8.4381,0.0],[113.5833,-8.4408,1.1388],[113.5818,-8.4427,10.7058],[113.5828,-8.4444,30.8819],[113.5869,-8.4428,9.8927],[113.5872,-8.4403,0.0],[113.589,-8.4419,0.4768],[113.5927,-8.4363,0.0],[113.6006,-8.436,2.5619],[113.6237,-8.4463,0.0],[113.6273,-8.4509,0.0],[113.6244,-8.4548,0.0],[113.6257,-8.4541,48.9344],[113.6306,-8.4565,0.0],[113.6326,-8.4555,19.0881],[113.6334,-8.4567,0.0],[113.6382,-8.455,0.0],[113.641,-8.4588,0.0],[113.642,-8.4653,31.1412],[113.6405,-8.4678,0.0],[113.6368,-8.4691,4.0037],[113.6362,-8.4724,25.4861],[113.6379,-8.476,18.0749],[113.6444,-8.4778,45.5534],[113.6484,-8.4813,23.9634],[113.6489,-8.4867,14.4285],[113.6439,-8.4904,0.0],[113.6457,-8.4917,0.0],[113.6461,-8.495,0.0],[113.656,-8.494,17.0297],[113.6597,-8.4955,0.0],[113.6602,-8.4983,0.0],[113.6691,-8.4982,0.0],[113.6728,-8.4926,40.9725],[113.6774,-8.4917,15.249],[113.6784,-8.4934,0.0],[113.681,-8.4936,1.9582],[113.6836,-8.4914,3.5552],[113.6871,-8.4974,0.0],[113.6864,-8.5034,0.0],[113.6899,-8.5056,1.111],[113.6916,-8.5022,17.9882],[113.6951,-8.5003,31.0989],[113.6949,-8.4957,63.6623],[113.7033,-8.4905,28.5592],[113.7005,-8.4867,16.6134],[113.7014,-8.4839,26.6279],[113.7064,-8.4817,0.0],[113.713,-8.4831,0.0],[113.7191,-8.4878,6.2293],[113.7182,-8.4902,15.9447],[113.7218,-8.4968,0.0],[113.7198,-8.4999,0.0],[113.7207,-8.502,8.8617],[113.7179,-8.5049,0.0],[113.7164,-8.5095,21.091],[113.7192,-8.5122,0.0],[113.7126,-8.5155,70.9265],[113.7134,-8.5203,37.6699],[113.7104,-8.5232,0.0],[113.7122,-8.5286,0.0],[113.716,-8.5274,39.5987],[113.7181,-8.521,34.2755],[113.7223,-8.5175,18.2749],[113.7248,-8.5184,8.7599],[113.7252,-8.521,2.3425],[113.727,-8.5175,37.4543],[113.7314,-8.5154,5.8269],[113.7338,-8.5174,4.4765],[113.7328,-8.5239,44.7464],[113.7344,-8.5261,0.0],[113.7391,-8.5263,0.0],[113.739,-8.5244,68.5034],[113.7414,-8.5243,15.4088],[113.7439,-8.5212,142.9059],[113.7488,-8.521,6.8806],[113.7492,-8.5187,10.6471],[113.7538,-8.5198,0.0],[113.7617,-8.5143,4.8121],[113.7547,-8.5104,68.2861],[113.7583,-8.503,0.0],[113.7601,-8.5025,22.1161],[113.762,-8.5045,0.0],[113.7618,-8.5025,16.6085],[113.7647,-8.5012,28.4589],[113.7671,-8.5048,0.0],[113.7711,-8.504,10.0841],[113.7725,-8.5012,52.8799],[113.7802,-8.496,35.1109],[113.7833,-8.4969,0.0],[113.7851,-8.4958,34.3454],[113.786,-8.4989,9.0005],[113.7874,-8.4991,9.0005],[113.7865,-8.4929,10.9953],[113.7891,-8.4899,13.0958],[113.7961,-8.4898,0.0],[113.8076,-8.4956,2.7022],[113.8115,-8.4989,5.2622],[113.8125,-8.5031,28.2157],[113.8056,-8.5078,2.8637],[113.8055,-8.5099,0.0],[113.8077,-8.5099,0.0],[113.8105,-8.5156,7.7409],[113.8094,-8.5178,38.0344],[113.8066,-8.5175,11.1568],[113.8038,-8.5206,0.0],[113.8076,-8.5206,0.0],[113.807,-8.5256,0.0],[113.808,-8.5255,0.0],[113.8086,-8.5274,0.0],[113.8079,-8.5288,0.0],[113.809,-8.5292,136.6003],[113.8077,-8.5322,0.0],[113.8099,-8.5344,27.383],[113.8147,-8.5338,8.4383],[113.8161,-8.5364,24.4872],[113.8125,-8.5383,0.0],[113.8147,-8.5419,12.139],[113.8119,-8.5427,4.7416],[113.8121,-8.5458,25.7945],[113.8098,-8.548,80.4869],[113.807,-8.5476,4.5136],[113.8074,-8.5566,0.0],[113.8111,-8.5557,32.8283],[113.8109,-8.5582,0.0],[113.8145,-8.5589,0.0],[113.8166,-8.5547,38.1201],[113.8157,-8.5462,48.3418],[113.8203,-8.545,0.0],[113.8217,-8.542,6.518],[113.8252,-8.5431,0.0],[113.8272,-8.5287,0.0],[113.8307,-8.5276,6.3704],[113.8365,-8.5296,5.0494],[113.8362,-8.5333,4.5624],[113.8383,-8.5354,5.2246],[113.8352,-8.5391,0.0],[113.8357,-8.5406,61.9705],[113.8337,-8.5414,0.0],[113.8344,-8.5455,0.0],[113.8368,-8.5474,19.7896],[113.8339,-8.5508,0.0],[113.8357,-8.5517,77.7759],[113.836,-8.5542,8.1342],[113.8403,-8.5556,0.0],[113.8431,-8.5544,60.2352],[113.8438,-8.5556,0.0],[113.853,-8.5501,17.9374],[113.8576,-8.5602,0.0],[113.8602,-8.5595,48.4265],[113.8641,-8.5619,0.0],[113.8694,-8.5602,0.0],[113.8714,-8.5571,12.5299],[113.8757,-8.5575,26.9783],[113.8937,-8.5649,0.0],[113.9,-8.5707,29.7006],[113.8999,-8.5751,1.9264],[113.9036,-8.576,36.8875],[113.9047,-8.578,0.0],[113.907,-8.5768,6.0616],[113.9089,-8.5802,0.0],[113.9143,-8.5776,23.3849],[113.9175,-8.5788,0.0],[113.918,-8.5741,24.8839],[113.9243,-8.5731,0.0],[113.9259,-8.569,3.9294],[113.9234,-8.5649,81.9016],[113.9257,-8.5637,0.0],[113.9252,-8.561,11.8297],[113.9295,-8.5613,0.0],[113.932,-8.5663,0.0],[113.9352,-8.5674,10.2216],[113.9374,-8.5655,12.5533],[113.9347,-8.5611,0.0],[113.936,-8.5599,0.0],[113.9414,-8.5582,0.0],[113.946,-8.5592,1.2632],[113.9589,-8.5676,67.1033],[113.9594,-8.5704,6.211],[113.9618,-8.5709,30.4421],[113.965,-8.5751,0.0],[113.9687,-8.5841,3.1826],[113.9686,-8.5899,16.7297],[113.966,-8.5965,46.0614],[113.9583,-8.5993,31.094],[113.9525,-8.5952,4.1745],[113.9511,-8.5981,71.5573],[113.9471,-8.5999,0.0],[113.9501,-8.6045,38.5871],[113.9568,-8.609,24.0904],[113.9565,-8.614,0.0],[113.958,-8.6136,4.1067],[113.9613,-8.6173,0.0],[113.9636,-8.617,0.0],[113.965,-8.6144,164.2098],[113.9692,-8.6137,0.0],[113.9722,-8.6075,36.1089],[113.9761,-8.6076,70.3824],[113.9779,-8.6097,0.0],[113.9819,-8.6084,0.0],[113.9844,-8.6049,7.8804],[113.9864,-8.6071,0.0],[113.9883,-8.6063,0.0],[113.9891,-8.6019,4.9265],[113.988,-8.6008,1.74],[113.9899,-8.5992,17.2871],[113.993,-8.6007,0.0],[113.9924,-8.6032,0.0],[113.995,-8.6058,13.7995],[113.9947,-8.6083,1.7193],[113.9928,-8.6094,0.0],[113.9961,-8.6106,0.0],[113.9952,-8.6085,1.7193],[113.997,-8.6078,3.6623],[113.9959,-8.6052,0.0],[113.998,-8.603,0.0],[113.9979,-8.5972,22.9301],[113.9961,-8.594,0.0],[114.0053,-8.5898,0.0],[114.0152,-8.5903,1.1435],[114.0251,-8.5946,0.0],[114.0282,-8.5983,0.0],[114.0315,-8.6111,35.6159],[114.0301,-8.6205,14.6019],[114.0318,-8.6229,32.936],[114.0314,-8.6304,4.4021],[114.0336,-8.6313,39.362],[114.0327,-8.6334,0.0],[114.0478,-8.6376,25.5423],[114.0474,-8.6458,45.3627],[114.0489,-8.6467,0.0],[114.0525,-8.6448,13.4814],[114.0504,-8.6375,5.5064],[114.0554,-8.6361,40.8461],[114.058,-8.6381,0.0],[114.057,-8.634,25.3856],[114.059,-8.6329,20.1073],[114.0598,-8.6267,0.0],[114.0633,-8.6275,0.0],[114.0655,-8.6251,0.0],[114.0783,-8.6251,6.7958],[114.0845,-8.6296,0.0],[114.0863,-8.6251,47.3577],[114.0852,-8.6209,5.4468],[114.0883,-8.6204,4.1231],[114.0873,-8.6187,1.9974],[114.089,-8.6166,0.0],[114.0948,-8.6156,0.0],[114.1429,-8.6228,9.9955],[114.1731,-8.6328,5.5533],[114.1833,-8.6386,42.6733],[114.1842,-8.6405,0.0],[114.1934,-8.6396,0.0],[114.2027,-8.641,38.4753],[114.2097,-8.6453,0.0],[114.2206,-8.6454,0.0],[114.2238,-8.6366,31.4205],[114.2258,-8.6356,19.7347],[114.2245,-8.6326,2.043],[114.227,-8.626,2.8783],[114.226,-8.624,17.5846],[114.2299,-8.6206,58.3066],[114.2254,-8.6123,9.2996],[114.2286,-8.6073,3.7191],[114.2279,-8.6046,14.9538],[114.2336,-8.6023,0.0],[114.2471,-8.6002,0.0],[114.2645,-8.604,2.2701],[114.2756,-8.6096,0.0],[114.3065,-8.6188,1.7528],[114.3201,-8.6247,0.0],[114.3455,-8.6421,4.2715],[114.3601,-8.6568,0.0],[114.37,-8.6707,0.0],[114.3732,-8.678,23.7869],[114.3733,-8.6835,13.8956],[114.375,-8.6862,20.2119],[114.3745,-8.6907,0.0],[114.3775,-8.6991,6.6763],[114.3767,-8.7046,20.1245],[114.3718,-8.7176,10.2796],[114.3672,-8.7226,5.5114],[114.3429,-8.7349,3.4496],[114.3423,-8.7392,6.4731],[114.3452,-8.7429,14.3343],[114.3697,-8.7507,3.9281],[114.3712,-8.7494,17.2856],[114.3812,-8.749,12.5712],[114.3906,-8.7522,7.1708],[114.4009,-8.7529,8.7521],[114.4187,-8.7492,17.7388],[114.4288,-8.7518,2.7512],[114.4455,-8.7528,11.5151],[114.478,-8.7605,11.0313],[114.4942,-8.7709,18.3618],[114.5051,-8.7755,8.2825],[114.5336,-8.7804,8.6851],[114.5479,-8.7782,0.0],[114.5758,-8.7699,1.6152],[114.5868,-8.7633,3.0972],[114.5955,-8.7513,0.0],[114.5958,-8.7409,11.2671],[114.604,-8.7243,7.8652],[114.6046,-8.7148,17.3267],[114.5978,-8.7053,19.8747],[114.5974,-8.7008,8.2316],[114.5894,-8.6879,4.8378],[114.5868,-8.6869,20.2945],[114.5763,-8.6733,5.2017],[114.5693,-8.66,25.146],[114.5617,-8.6558,0.0],[114.5605,-8.6575,9.0295],[114.5543,-8.6568,19.842],[114.5483,-8.6591,2.5334],[114.543,-8.6591,7.5827],[114.5367,-8.6563,40.2073],[114.5305,-8.6559,4.6422],[114.5241,-8.6517,42.86],[114.5146,-8.6502,9.6174],[114.5069,-8.6406,7.4343],[114.5055,-8.6359,7.4608],[114.4964,-8.6347,47.7734],[114.4916,-8.6323,28.8865],[114.4809,-8.618,48.1792],[114.4727,-8.6177,0.0],[114.4653,-8.625,6.839],[114.4647,-8.629,0.0],[114.4579,-8.6385,9.3854],[114.4482,-8.639,16.127],[114.4398,-8.6315,56.7164],[114.4386,-8.6228,2.5187],[114.4325,-8.613,0.0],[114.4231,-8.6047,21.7823],[114.4184,-8.5857,0.0],[114.4079,-8.5691,0.0],[114.4081,-8.5562,0.0],[114.4022,-8.5454,11.8375],[114.4015,-8.5409,0.0],[114.4037,-8.5269,4.0327],[114.4093,-8.5186,21.0363],[114.4094,-8.5098,19.3433],[114.4045,-8.5007,19.4462],[114.3997,-8.4985,12.3202],[114.3975,-8.4951,6.2629],[114.3964,-8.487,14.1572],[114.3995,-8.4612,0.0],[114.3953,-8.4533,32.7223],[114.389,-8.4478,0.0],[114.3844,-8.4467,26.7565],[114.3827,-8.4489,0.0],[114.3881,-8.4816,0.0],[114.3849,-8.4924,11.9293],[114.3852,-8.5067,8.7045],[114.3757,-8.5329,1.1296],[114.3721,-8.5359,3.4451],[114.367,-8.5373,4.4057],[114.3568,-8.5352,1.6196],[114.353,-8.5322,7.1829],[114.3502,-8.5254,10.2012],[114.3511,-8.5196,12.7515],[114.3572,-8.5116,1.4521],[114.3574,-8.504,0.6956],[114.362,-8.4992,1.1547],[114.3638,-8.492,3.1125],[114.3635,-8.4841,3.5644],[114.36,-8.4751,1.8382],[114.3542,-8.4673,0.7676],[114.3564,-8.4649,0.2318],[114.356,-8.4589,0.0],[114.3484,-8.4528,3.3516],[114.342,-8.439,2.8843],[114.34,-8.4233,0.9111],[114.3457,-8.4036,2.1721],[114.3486,-8.3831,0.0],[114.352,-8.3741,2.135],[114.3524,-8.3642,1.7565],[114.3512,-8.3621,5.3064],[114.3528,-8.3547,2.9441],[114.3608,-8.3359,1.3443],[114.3578,-8.3272,2.6204],[114.3647,-8.3105,0.0],[114.3632,-8.3,0.5977],[114.3661,-8.2802,1.2074],[114.3759,-8.2598,0.4976],[114.3905,-8.235,0.2617],[114.3898,-8.2263,0.0],[114.3858,-8.2173,0.203],[114.3858,-8.2081,0.0],[114.383,-8.2046,1.4545],[114.3824,-8.2,0.0],[114.3859,-8.1869,1.7684],[114.394,-8.1718,1.176],[114.3956,-8.1614,1.4814],[114.4018,-8.1502,0.0],[114.4003,-8.1388,4.217],[114.4019,-8.1383,0.0],[114.4019,-8.1379,0.0],[114.4007,-8.1376,4.0755],[114.4028,-8.1346,0.0],[114.4015,-8.1346,0.0],[114.4017,-8.1316,0.0],[114.3983,-8.1262,0.0],[114.3984,-8.1216,0.0],[114.4007,-8.117,3.3757],[114.4072,-8.1108,3.0241],[114.4157,-8.0919,0.0],[114.4175,-8.0808,5.3418],[114.4299,-8.0659,5.1044],[114.4313,-8.0563,4.0362],[114.429,-8.0451,2.8116],[114.4305,-8.0394,2.4574],[114.4335,-8.0372,0.7062],[114.4346,-8.0339,0.0],[114.4344,-8.031,0.0],[114.4257,-8.0195,2.0307],[114.4257,-8.0143,1.5516],[114.4303,-7.9967,0.3932],[114.42529999999999,-7.9826,0.8341],[114.42529999999999,-7.9702,0.4228],[114.4227,-7.9611,2.4372],[114.4243,-7.9443,0.0],[114.4215,-7.9217,1.8693],[114.425,-7.9156,1.4397],[114.437,-7.9102,0.0],[114.4414,-7.901,2.95],[114.4617,-7.8915,0.0],[114.4644,-7.8867,1.4045],[114.464,-7.8803,2.004],[114.4619,-7.8758,2.0834],[114.4623,-7.87,3.6571],[114.4596,-7.8624,0.0],[114.4633,-7.8611,0.0],[114.4647,-7.8587,1.6503],[114.4656,-7.8553,0.3665],[114.4638,-7.8498,0.0],[114.4661,-7.8501,0.0],[114.466,-7.848,0.0],[114.4589,-7.8505,0.0],[114.4639,-7.8451,0.0],[114.4665,-7.8459,0.0],[114.4674,-7.8417,0.0],[114.4657,-7.8391,0.0],[114.468,-7.8348,0.0],[114.4657,-7.832,0.0],[114.4653,-7.8247,0.0],[114.4607,-7.8147,0.0],[114.4577,-7.8145,5.3344],[114.4585,-7.8089,0.0],[114.4485,-7.7963,0.0],[114.444,-7.7961,0.0],[114.4428,-7.7916,0.0],[114.4369,-7.7879,0.0],[114.4337,-7.7895,0.0],[114.4333,-7.7928,0.0],[114.4317,-7.7926,4.1489],[114.4314,-7.7885,0.0],[114.4297,-7.789,2.7939],[114.4174,-7.7791,0.0],[114.4079,-7.7745,0.0],[114.4044,-7.7701,2.8265],[114.3955,-7.7716,4.1498],[114.3917,-7.7698,5.6914],[114.3874,-7.7638,1.9554],[114.3811,-7.7608,0.0],[114.3797,-7.7573,0.0],[114.3816,-7.7579,0.0],[114.3817,-7.7557,0.0],[114.3741,-7.7489,0.0],[114.3589,-7.7489,0.0],[114.3668,-7.7537,0.6232],[114.3722,-7.7544,2.7139],[114.3711,-7.757,6.0758],[114.364,-7.7538,4.1848],[114.3503,-7.7535,4.7061],[114.3479,-7.7563,10.1219],[114.3376,-7.7559,0.8291],[114.3287,-7.7583,6.9718],[114.3185,-7.7559,0.0],[114.3098,-7.7463,1.4448],[114.2938,-7.7478,0.6198],[114.2755,-7.7286,0.0],[114.259,-7.7183,2.1848],[114.2456,-7.7012,0.0],[114.2405,-7.6981,2.2723],[114.2353,-7.699,0.5934],[114.218,-7.7127,0.0],[114.2078,-7.7181,4.3494],[114.2026,-7.716,0.3921],[114.1949,-7.7076,0.0],[114.1879,-7.7126,1.0844],[114.1786,-7.712,0.9819],[114.177,-7.7149,6.8931],[114.1657,-7.7152,1.5527],[114.1349,-7.7137,1.4849],[114.1236,-7.7071,0.2586],[114.1174,-7.7095,0.0],[114.1067,-7.7065,4.1875],[114.1009,-7.7015,0.2925],[114.0954,-7.6887,0.6045],[114.0875,-7.6778,1.8793],[114.0694,-7.6373,0.6234],[114.0604,-7.6237,0.1187],[114.0467,-7.6094,0.0],[114.0382,-7.6045,0.0],[114.0347,-7.6045,0.0],[114.0351,-7.6057,0.5103],[114.0369,-7.6049,0.5103],[114.0349,-7.6068,0.5],[114.0411,-7.6069,0.5],[114.0445,-7.6098,1.2231],[114.0443,-7.6132,1.0571],[114.0402,-7.6131,0.7057],[114.0396,-7.6107,0.5],[114.0382,-7.6141,0.5803],[114.0386,-7.6108,0.5978],[114.0367,-7.6098,1.1672],[114.0305,-7.6101,1.3685],[114.0323,-7.6061,0.0],[114.0169,-7.6204,0.7348],[114.0045,-7.6348,5.9283],[114.0006,-7.637,3.4593],[113.9961,-7.6367,5.0906],[113.9904,-7.6398,2.6132],[113.9824,-7.649,1.9696],[113.9723,-7.6515,1.1272],[113.9685,-7.656,0.9523],[113.9667,-7.6619,0.4237],[113.9543,-7.6791,0.62],[113.948,-7.6812,8.4435],[113.9492,-7.6791,0.0],[113.9469,-7.6762,0.0],[113.9432,-7.6754,1.0821],[113.9395,-7.6771,0.0],[113.9406,-7.6816,1.5],[113.9377,-7.6811,0.0],[113.9359,-7.6835,0.0],[113.9365,-7.6918,4.4913],[113.9336,-7.6969,1.3523],[113.9343,-7.6979,4.8327],[113.9305,-7.7007,1.0309],[113.9256,-7.6987,3.7461],[113.923,-7.7008,5.1886],[113.9193,-7.7006,1.8773],[113.9129,-7.6966,2.0067],[113.9047,-7.6995,2.1631],[113.8927,-7.6945,3.3014],[113.8908,-7.6918,3.1814],[113.8885,-7.6918,16.7728],[113.8862,-7.6878,0.0],[113.8784,-7.6881,38.4807],[113.8742,-7.6865,5.4318],[113.8691,-7.6826,1.1133],[113.8682,-7.68,0.0],[113.8641,-7.6838,0.7315],[113.8598,-7.685,16.1492],[113.8412,-7.6845,0.0],[113.831,-7.6884,2.1683],[113.8268,-7.6953,0.0],[113.8187,-7.6979,0.0],[113.811,-7.7119,4.9562],[113.7929,-7.7296,4.4033],[113.7823,-7.7337,0.8782],[113.7714,-7.7334,0.6519],[113.761,-7.7381,3.0871],[113.75,-7.7352,1.4166],[113.7235,-7.7212,0.7309],[113.7222,-7.7179,8.1845],[113.7194,-7.7176,2.1005],[113.718,-7.7135,4.0271],[113.7152,-7.7124,0.9599],[113.7131,-7.7078,0.0],[113.7075,-7.7101,0.0],[113.6926,-7.7228,0.0],[113.6817,-7.7293,0.7527],[113.6721,-7.7311,0.0],[113.67,-7.735,3.0708],[113.6657,-7.737,3.1123],[113.6524,-7.7302,0.0],[113.6505,-7.7245,0.0],[113.6475,-7.7235,5.7506],[113.6429,-7.7256,2.6118],[113.6353,-7.7222,2.3273],[113.6252,-7.7227,3.7923],[113.6187,-7.72,1.6783],[113.6099,-7.7229,0.0],[113.6088,-7.7205,0.8801],[113.5979,-7.7172,7.7768],[113.5984,-7.7155,2.2043],[113.5834,-7.7117,3.641],[113.5793,-7.7081,13.4677],[113.5773,-7.7111,5.8026],[113.574,-7.7105,3.7496],[113.5626,-7.7142,0.5458],[113.5522,-7.7117,0.5455],[113.5509,-7.7135,1.5145],[113.5466,-7.7135,2.8729],[113.5382,-7.71,0.6225],[113.5279,-7.7092,0.8328],[113.5144,-7.7021,0.0],[113.5009,-7.6984,0.6307],[113.488,-7.6977,0.0],[113.4712,-7.7065,1.183],[113.4727,-7.7097,1.3236],[113.4688,-7.7151,1.1727],[113.4388,-7.7342,0.8253],[113.4326,-7.7338,1.2278],[113.431,-7.7355,1.2336],[113.4115,-7.7345,0.0],[113.4063,-7.736,0.0],[113.4022,-7.7405,3.4071],[113.3975,-7.7382,1.338],[113.3934,-7.7381,1.3993],[113.3919,-7.7423,2.0694],[113.3887,-7.7442,6.3597],[113.3848,-7.7417,2.0645],[113.382,-7.7362,0.0],[113.3743,-7.7426,0.0],[113.3721,-7.751,0.6777],[113.3566,-7.7607,1.0913],[113.3466,-7.7687,2.166],[113.3456,-7.771,2.2735],[113.3243,-7.7762,0.3727],[113.3185,-7.7741,2.7784],[113.3189,-7.7716,0.0],[113.3169,-7.7706,1.1571],[113.3179,-7.7694,0.0],[113.3169,-7.7682,0.0],[113.305,-7.768,1.1753],[113.2897,-7.7759,0.0],[113.2879,-7.7834,3.0456],[113.2824,-7.7838,2.4371],[113.2777,-7.7826,3.7973],[113.2755,-7.7794,2.322],[113.2736,-7.7795,6.159],[113.2653,-7.7659,3.2252],[113.2627,-7.7648,5.1188],[113.2632,-7.7631,5.124],[113.255,-7.7496,3.4017],[113.255,-7.7426,3.4455],[113.2503,-7.7426,0.0],[113.249,-7.7453,3.5561],[113.2469,-7.7455,2.2416],[113.2426,-7.7435,3.0884],[113.2422,-7.7419,1.0707],[113.2381,-7.742,3.0222],[113.2365,-7.7396,2.2368],[113.2328,-7.7401,2.0397],[113.2242,-7.7378,3.7049],[113.2214,-7.7343,4.5912],[113.2222,-7.7323,2.8473],[113.2254,-7.7337,0.0],[113.2289,-7.725,0.0],[113.2256,-7.7327,0.0],[113.2236,-7.7319,2.8473],[113.2241,-7.7302,1.243],[113.2225,-7.7313,2.8473],[113.2251,-7.7251,0.0],[113.2266,-7.7247,0.0],[113.225,-7.725,0.0],[113.2218,-7.7327,3.1627],[113.2198,-7.7319,4.3198],[113.2203,-7.7273,1.2514],[113.2176,-7.7268,1.8832],[113.2177,-7.7247,1.5197],[113.2168,-7.7365,4.936],[113.2161,-7.7336,4.5581],[113.2173,-7.7275,1.8832],[113.2161,-7.7277,1.8832],[113.2151,-7.7363,5.4708],[113.2039,-7.7415,1.9615],[113.1984,-7.741,2.8293],[113.1954,-7.744,4.7916],[113.1895,-7.745,2.5278],[113.1898,-7.7461,2.5278],[113.1862,-7.7483,2.5],[113.1808,-7.7466,2.9064],[113.1801,-7.7483,2.939],[113.1787,-7.7476,2.9932],[113.1792,-7.742,0.0],[113.1741,-7.736,2.3179],[113.1727,-7.7267,1.008],[113.1675,-7.728,0.0],[113.1676,-7.7333,0.0],[113.1695,-7.7335,1.4946],[113.1708,-7.7357,2.473],[113.1696,-7.7383,2.067],[113.1631,-7.7421,5.5983],[113.1581,-7.7401,1.4543],[113.1571,-7.7422,1.9822],[113.1541,-7.742,4.1863],[113.1522,-7.7394,1.3921],[113.1509,-7.7413,4.7847],[113.1397,-7.7257999999999996,0.67],[113.1325,-7.7255,1.0002],[113.1249,-7.7222,0.0],[113.1233,-7.7247,0.9275],[113.1145,-7.7252,1.5259],[113.1139,-7.7263,2.7767],[113.1145,-7.7246,1.5259],[113.1099,-7.7222,1.8794],[113.1099,-7.7192,0.0],[113.1068,-7.7206,2.9026],[113.1073,-7.7194,0.0],[113.1009,-7.7134,1.1885],[113.0938,-7.7035,2.3391],[113.087,-7.7022,1.1943],[113.0843,-7.6984,6.8006],[113.0823,-7.6983,6.8006],[113.0832,-7.6972,5.992],[113.0785,-7.6928,0.0],[113.0635,-7.6688,4.5011],[113.0517,-7.6585,1.6611],[113.0416,-7.6531,4.55],[113.0282,-7.6492,2.0723],[113.0197,-7.6496,2.8883],[113.0142,-7.6525,2.5389],[112.9925,-7.6575,0.0],[112.9858,-7.6568,1.3299],[112.9725,-7.6501,0.6106],[112.9691,-7.6469,1.6386],[112.9657,-7.6406,2.0112],[112.9609,-7.6362,0.333],[112.9592,-7.6289,0.0],[112.9564,-7.6281,2.1735],[112.9517,-7.6339,0.5],[112.9522,-7.6244,2.5279],[112.9482,-7.6207,2.2905],[112.9466,-7.6244,1.3949],[112.9372,-7.6254,0.6786],[112.9368,-7.6303,3.2392],[112.9349,-7.6315,5.0966],[112.9275,-7.6312,1.8418],[112.9194,-7.6269,1.3224],[112.9091,-7.6289,3.8162],[112.9034,-7.6264,1.4715],[112.8876,-7.6158,1.054],[112.8884,-7.614,1.3899],[112.8856,-7.6132,0.647],[112.8804,-7.606,1.5452],[112.8708,-7.5852,2.5933],[112.8604,-7.5851,0.5908],[112.8508,-7.5819,1.6948],[112.8448,-7.5779,0.5],[112.8375,-7.5684,2.0384],[112.8373,-7.5665,1.2511],[112.8468,-7.5757,0.5],[112.8579,-7.5765,0.5],[112.8613,-7.5757,0.5],[112.8653,-7.5705,0.6618],[112.8684,-7.5691,2.608],[112.8723,-7.5538,0.4828],[112.8718,-7.5516,0.0],[112.8682,-7.5508,2.1166],[112.8663,-7.5475,0.8523],[112.8697,-7.5418,0.0],[112.8669,-7.5399,0.7926],[112.8721,-7.5371,2.5218],[112.8725,-7.5354,0.0],[112.8703,-7.5329,2.1384],[112.8722,-7.5309,0.0],[112.8671,-7.5268,0.0],[112.8672,-7.522,0.0],[112.8649,-7.5183,0.0],[112.8571,-7.5186,0.0],[112.8544,-7.516,0.0],[112.8493,-7.5158,0.0],[112.8374,-7.5118,3.5238],[112.831,-7.5009,1.673],[112.8222,-7.4924,1.6009],[112.8189,-7.485,0.8193],[112.8129,-7.4797,4.7712],[112.8181,-7.4734,1.2133],[112.8255,-7.4733,0.1608],[112.8344,-7.4766,0.9174],[112.8375,-7.4716,2.8634],[112.8325,-7.4193,1.2504],[112.8335,-7.4156,2.4323],[112.8326,-7.405,0.7834],[112.8344,-7.4029,2.7812],[112.8367,-7.3883,0.0],[112.8362,-7.3852,0.0],[112.8333,-7.3835,2.5449],[112.8367,-7.3786,0.0],[112.8373,-7.3733,1.5476],[112.8354,-7.3722,3.1413],[112.838,-7.3699,0.0],[112.8427,-7.3385,0.5029],[112.8421,-7.3321,1.5046],[112.8391,-7.3303,1.5978],[112.8363,-7.3315,4.3116],[112.8307,-7.3369,0.6215],[112.828,-7.3434,0.5],[112.8259,-7.3432,3.4783],[112.8253,-7.3391,3.9474],[112.827,-7.3329,2.4766],[112.8329,-7.3253,5.1282],[112.8377,-7.3224,0.0],[112.8357,-7.3195,6.0293],[112.8419,-7.3177,3.4421],[112.8464,-7.3076,0.0],[112.8456,-7.2993,1.4403],[112.8469,-7.2967,0.0],[112.8414,-7.28,0.5],[112.8384,-7.2763,1.0],[112.8294,-7.273,1.5927],[112.8281,-7.2709,0.92],[112.8279,-7.2695,2.7151],[112.8363,-7.2673,2.1814],[112.8316,-7.2615,2.7744],[112.8281,-7.2632,3.5622],[112.8162,-7.2573,4.5294],[112.8145,-7.2583,1.775],[112.8108,-7.2572,3.3202],[112.81,-7.2544,0.0],[112.8065,-7.2557,2.3887],[112.807,-7.2522,1.3365],[112.8041,-7.2519,6.6291],[112.8017,-7.2467,3.686],[112.8023,-7.2442,0.0],[112.7976,-7.2404,3.0781],[112.7972,-7.236,0.0],[112.7942,-7.2308,0.0],[112.7887,-7.2257999999999996,0.9377],[112.7874,-7.2193,0.3464],[112.7845,-7.2159,0.0],[112.7841,-7.217,0.0],[112.7867,-7.2194,0.3464],[112.7869,-7.2222,3.301],[112.7787,-7.2194,1.8124],[112.78,-7.2087,0.5303],[112.7764,-7.2085,2.0056],[112.7744,-7.2057,0.0],[112.7748,-7.203,0.0],[112.7648,-7.1963,1.8932],[112.76,-7.1959,0.0],[112.752,-7.1999,3.2886],[112.7461,-7.1967,3.4257],[112.7486,-7.1952,3.3235],[112.7476,-7.1942,0.0],[112.7236,-7.198,2.2347],[112.7243,-7.1999,0.0],[112.7315,-7.1985,4.7235],[112.7306,-7.2012,6.4137],[112.7321,-7.2014,3.3534],[112.7327,-7.2035,5.8848],[112.7327,-7.2066,5.1122],[112.7298,-7.2071,0.0],[112.7305,-7.2088,4.6154],[112.7286,-7.2091,2.6098],[112.7256,-7.2028,0.0],[112.7245,-7.2033,4.1901],[112.7271,-7.2094,2.8103],[112.7257,-7.2098,4.6656],[112.7201,-7.1984,0.7946],[112.7174,-7.1991,0.0],[112.7217,-7.2102,3.1833],[112.719,-7.207,2.3149],[112.7176,-7.2097,5.1289],[112.7155,-7.2096,2.3099],[112.7149,-7.2156,2.8913],[112.7102,-7.2175,2.037],[112.7114,-7.2218,3.2028],[112.7066,-7.2233,2.3259],[112.7065,-7.2248,2.8822],[112.7048,-7.2207,0.0],[112.6944,-7.2236,3.029],[112.6884,-7.2234,1.6349],[112.6858,-7.2255,0.9949],[112.6804,-7.2234,2.7868],[112.6802,-7.2215,1.8169],[112.6779,-7.2202,0.0],[112.6766,-7.2239,2.0513],[112.6711,-7.2225,3.1003],[112.6682,-7.2199,2.4154],[112.6622,-7.2087,0.5868],[112.66,-7.2077,1.3952],[112.6611,-7.2004,3.4719],[112.6638,-7.1988,2.6709],[112.6637,-7.1941,2.2851],[112.6615,-7.193,0.25],[112.6657,-7.1891,2.9471],[112.6674,-7.1801,8.2538],[112.6613,-7.156,3.341],[112.6579,-7.151,5.7036],[112.6516,-7.1493,4.4404],[112.6486,-7.145,6.9003],[112.6282,-7.1353,1.0],[112.6232,-7.1204,2.2757],[112.6241,-7.1141,0.0],[112.6285,-7.1063,0.0],[112.6244,-7.1039,0.9141],[112.6158,-7.1041,1.1686],[112.6123,-7.1004,0.8581],[112.6172,-7.0933,1.0],[112.6144,-7.0979,1.0],[112.6148,-7.1011,1.2087],[112.6314,-7.1029,0.0],[112.6341,-7.1006,0.0],[112.6313,-7.0805,0.5318],[112.6327,-7.0732,0.6765],[112.6376,-7.066,0.0],[112.644,-7.0618,0.0],[112.6508,-7.0604,0.0],[112.6543,-7.0554,0.0],[112.653,-7.0494,0.0],[112.6541,-7.0443,0.0],[112.6492,-7.0297,0.0],[112.6525,-7.0214,0.0],[112.6485,-7.0163,0.0],[112.6464,-7.0062,0.0],[112.6409,-6.9925,0.0],[112.6221,-6.983,0.0],[112.6206,-6.9793,0.0],[112.6147,-6.9737,0.0],[112.6077,-6.961,0.0],[112.6019,-6.9562,0.0],[112.5975,-6.9554,2.1075],[112.5937,-6.9392,4.2483],[112.5956,-6.9287,0.0],[112.599,-6.9228,0.0],[112.5971,-6.9047,1.7095],[112.5942,-6.9005,1.9424],[112.5913,-6.8999,2.2504],[112.5879,-6.9065,3.8882],[112.5832,-6.9016,1.5596],[112.5831,-6.8987,1.1939],[112.5769,-6.8933,1.5738],[112.5751,-6.8955,1.0],[112.5732,-6.8947,1.0],[112.5601,-6.8665,1.1829],[112.559,-6.8604,1.5298],[112.5529,-6.8527,1.4325],[112.5502,-6.8451,0.0],[112.5458,-6.8503,0.0],[112.5451,-6.8537,1.9119],[112.5482,-6.8576,1.0],[112.5479,-6.8594,1.086],[112.545,-6.8608,2.3781],[112.5441,-6.8656,1.3207],[112.5369,-6.8684,2.1613],[112.5342,-6.8728,2.5272],[112.5362,-6.876,0.298],[112.5466,-6.8756,1.8239],[112.5536,-6.8835,1.1283],[112.5551,-6.8875,0.7431],[112.5545,-6.8962,1.0],[112.5511,-6.8971,1.6956],[112.5499,-6.8996,1.1],[112.5509,-6.9028,1.0791],[112.5454,-6.909,1.0],[112.5257,-6.907,1.6823],[112.5084,-6.9076,1.903],[112.4996,-6.9039,0.8718],[112.4992,-6.9051,2.505],[112.4818,-6.9026,5.5364],[112.4753,-6.8998,6.0973],[112.4706,-6.8935,2.0759],[112.4613,-6.8897,5.086],[112.4539,-6.8833,5.9146],[112.4564,-6.8845,5.0094],[112.4536,-6.8806,1.8005],[112.4544,-6.8797,1.8005],[112.4504,-6.8766,4.5278],[112.4461,-6.8744,0.1271],[112.4489,-6.8788,5.4598],[112.4406,-6.8748,1.5783],[112.4389,-6.8711,0.6761],[112.4358,-6.869,1.7481],[112.4185,-6.8658,2.5628],[112.4178,-6.8624,0.0],[112.4178,-6.8655,2.5628],[112.4141,-6.8642,0.0],[112.4097,-6.8662,1.0819],[112.4064,-6.8717,5.071],[112.3869,-6.8765,4.4518],[112.3733,-6.8743,1.3341],[112.3683,-6.8696,2.0519],[112.3696,-6.8688,0.7218],[112.3632,-6.8672,1.7838],[112.3611,-6.8642,0.6165],[112.3596,-6.865,13.4943],[112.3583,-6.8636,3.4332],[112.3526,-6.8691,1.0433],[112.3428,-6.8702,5.1177],[112.3347,-6.8649,9.8884],[112.3313,-6.8638,2.1325],[112.3303,-6.8648,8.0169],[112.3291,-6.8631,3.2613],[112.3207,-6.8658,0.0],[112.3207,-6.8684,4.6024],[112.3133,-6.8716,7.8577],[112.2982,-6.8743,4.0407],[112.2959,-6.8716,2.9724],[112.2932,-6.873,6.6438],[112.2848,-6.8693,0.0],[112.2686,-6.8799,0.0],[112.2645,-6.8773,1.7479],[112.2471,-6.8786,0.8595],[112.2442,-6.8724,0.0],[112.2348,-6.8722,2.198],[112.23,-6.8746,1.0],[112.2291,-6.8727,0.0],[112.226,-6.8738,5.0851],[112.2245,-6.8726,0.0],[112.223,-6.8729,0.0],[112.2227,-6.875,1.0],[112.221,-6.8735,3.6326],[112.2168,-6.8744,0.5484],[112.2141,-6.8812,2.1812],[112.1909,-6.8885,3.2564],[112.1834,-6.8889,3.4967],[112.1811,-6.8917,2.4213],[112.175,-6.8934,1.1061],[112.1722,-6.8979,1.6963],[112.1707,-6.897,1.6963],[112.1709,-6.8995,4.618],[112.1706,-6.8973,1.276],[112.1623,-6.899,1.8147],[112.1513,-6.8968,1.1873],[112.146,-6.8973,0.318],[112.1455,-6.9011,1.3404],[112.1254,-6.9024,1.5704],[112.1052,-6.8949,1.8548],[112.1032,-6.8965,3.4306],[112.0876,-6.894,0.6894],[112.0829,-6.8965,6.1124],[112.0778,-6.8943,0.4669],[112.0717,-6.8948,6.3051],[112.0663,-6.8926,0.0],[112.0674,-6.8893,0.0],[112.0657,-6.8927,1.2619],[112.0625,-6.892,3.7847],[112.0471,-6.8819,3.9958],[112.029,-6.8615,0.0],[112.0314,-6.8591,0.0],[112.03,-6.8587,0.3197],[112.0304,-6.8566,0.0],[112.0262,-6.8577,3.1616],[112.0133,-6.8395,0.8942],[112.008,-6.829,5.8193],[112.0069,-6.8185,1.1799],[111.9873,-6.7954,0.5608],[111.9851,-6.7852,6.0396],[111.9804,-6.7737,1.2549],[111.9726,-6.7674,1.2561],[111.9593,-6.7634,5.0211],[111.9472,-6.7639,1.7318],[111.9364,-6.7689,1.7624],[111.9323,-6.7734,4.9964],[111.9242,-6.7781,1.1752],[111.8905,-6.7917,3.8937],[111.8616,-6.799,0.0],[111.8336,-6.8005,1.8922],[111.8068,-6.7927,0.0],[111.7852,-6.78,5.7593],[111.7721,-6.7813,20.9711],[111.7742,-6.7776,0.0],[111.7658,-6.7715,2.9659],[111.7622,-6.7748,10.2173],[111.751,-6.7704,0.0],[111.73,-6.7717,4.2755],[111.7179,-6.7693,1.9073],[111.6915,-6.7537,0.0],[111.6879,-6.7594,4.5704],[111.6872,-6.766,9.9494],[111.6844,-6.7706,14.1113],[111.6774,-6.7708,15.6099],[111.6758,-6.7748,20.1108],[111.6738,-6.7746,18.8825],[111.6755,-6.7693,13.3988],[111.6718,-6.7702,14.218],[111.6718,-6.763,8.7796],[111.6631,-6.7708,14.6093],[111.6598,-6.7821,45.6573],[111.6642,-6.7906,47.4818],[111.6644,-6.7972,50.6278],[111.6623,-6.7979,46.0712],[111.6615,-6.8022,49.4453],[111.6572,-6.8069,42.2996],[111.6585,-6.8083,44.8317],[111.6578,-6.8115,52.4023],[111.6612,-6.8167,54.7101],[111.6583,-6.8206,58.8517],[111.6563,-6.8206,58.9553],[111.6527,-6.8254,65.6424],[111.6492,-6.8229,73.8116],[111.647,-6.8233,69.1495],[111.635,-6.8289,117.4619],[111.6291,-6.8249,160.803],[111.6191,-6.8219,166.2],[111.6135,-6.8317,149.616],[111.6105,-6.8458,118.1387],[111.6133,-6.8544,112.0352],[111.6114,-6.8546,97.4586],[111.6125,-6.8605,85.9708],[111.6157,-6.8623,86.0669],[111.6126,-6.864,87.22],[111.6095,-6.871,97.4858],[111.6123,-6.8754,90.5753],[111.6108,-6.8792,94.2187],[111.6134,-6.8779,93.2288],[111.6151,-6.8819,81.7174],[111.6114,-6.8824,85.7072],[111.6097,-6.887,86.9259],[111.6001,-6.8927,96.5916],[111.5997,-6.8955,103.4533],[111.6029,-6.8992,108.3402],[111.6025,-6.9022,136.5824],[111.6074,-6.9012,115.1051],[111.6079,-6.9023,136.5528],[111.6024,-6.9115,139.8237],[111.5861,-6.9096,179.8165],[111.5786,-6.9127,182.6737],[111.575,-6.9179,155.0118],[111.5769,-6.9196,139.2462],[111.5764,-6.9236,144.5799],[111.5733,-6.9241,163.1686],[111.5735,-6.9285,144.2608],[111.5763,-6.9313,136.4979],[111.575,-6.9379,147.629],[111.577,-6.9418,174.3463],[111.5742,-6.9455,169.0907],[111.5701,-6.9467,183.3025],[111.5721,-6.9524,216.7646],[111.5897,-6.9649,257.9816],[111.5902,-6.9635,298.0156],[111.5938,-6.9643,294.7417],[111.5943,-6.9659,279.3438],[111.6008,-6.9656,261.0802],[111.6051,-6.9672,240.0514],[111.6108,-6.975,220.6533],[111.6219,-6.9822,154.1967],[111.6233,-6.9869,161.889],[111.6217,-6.9865,161.889],[111.6221,-6.9892,163.9606],[111.6177,-6.9932,241.3055],[111.615,-7.0024,183.5651],[111.6154,-7.0072,167.6208],[111.613,-7.0107,99.8017],[111.6152,-7.0169,92.4518],[111.6133,-7.0246,85.8939],[111.616,-7.0322,85.2222],[111.6134,-7.035,89.591],[111.6141,-7.0375,93.2966],[111.6163,-7.0375,84.3118],[111.6165,-7.0408,102.5717],[111.6186,-7.0401,86.9466],[111.6173,-7.0431,81.517],[111.6194,-7.0468,83.2214],[111.6173,-7.0472,74.4975],[111.618,-7.0501,74.0679],[111.6223,-7.0507,73.7636],[111.6217,-7.0534,68.9301],[111.6253,-7.0529,72.9896],[111.6259,-7.0548,57.9298],[111.6275,-7.0539,86.5057],[111.6275,-7.0554,83.2239],[111.6249,-7.0561,69.4028],[111.625,-7.0592,79.7522],[111.6299,-7.0597,77.9998],[111.628,-7.0621,61.3146],[111.6284,-7.0669,62.9515],[111.6256,-7.0709,55.4364],[111.6282,-7.0754,53.7436],[111.6258,-7.0728,56.4564],[111.6246,-7.0755,51.9079],[111.624,-7.0739,51.5393],[111.6216,-7.0755,49.0828],[111.619,-7.0735,52.9486],[111.6144,-7.0786,50.241],[111.6163,-7.0823,43.7644],[111.6125,-7.0822,46.5565],[111.6126,-7.0842,44.0141],[111.6143,-7.085,40.581],[111.6129,-7.0873,41.5832],[111.615,-7.0908,42.5566],[111.6148,-7.0961,41.7375],[111.6168,-7.0976,38.8663],[111.6138,-7.0989,40.5384],[111.618,-7.1068,36.4911],[111.6218,-7.1085,41.4917],[111.6203,-7.1103,40.8279],[111.6133,-7.1107,38.5383],[111.6124,-7.1147,36.469],[111.6153,-7.1167,36.3759],[111.6128,-7.1203,36.1898],[111.6135,-7.1226,35.2564],[111.6115,-7.1214,33.6281],[111.6116,-7.1255,35.2852],[111.6075,-7.1267,31.5871],[111.6076,-7.1285,30.5412],[111.6062,-7.1277,32.4801],[111.6072,-7.1313,32.4868],[111.6092,-7.1322,29.8665],[111.6077,-7.1371,31.5422],[111.6111,-7.1355,30.9213],[111.6098,-7.1382,31.4938],[111.6121,-7.1384,31.6403],[111.6119,-7.1406,31.0325],[111.6091,-7.1393,31.4938],[111.6106,-7.1433,30.5983],[111.6082,-7.1421,29.3962],[111.6058,-7.1433,28.807],[111.607,-7.1468,21.6703],[111.6013,-7.1446,24.051],[111.5985,-7.1454,29.6763],[111.5986,-7.1552,27.4004],[111.587,-7.1654,22.0498],[111.5837,-7.1754,20.5],[111.5873,-7.1855,20.5],[111.5758,-7.1883,25.058],[111.5681,-7.186,26.8463],[111.5648,-7.1884,28.9953],[111.5644,-7.1922,28.9072],[111.5682,-7.1958,27.2333],[111.5692,-7.1989,21.0],[111.5659,-7.2075,25.4121],[111.5589,-7.2062,25.1601],[111.555,-7.2017,22.0],[111.549,-7.2053,23.9759],[111.5433,-7.2136,27.2916],[111.5367,-7.2158,32.6859],[111.5368,-7.2183,33.3231],[111.5432,-7.2242,30.8671],[111.5423,-7.2272,26.0374],[111.5281,-7.2273,30.1755],[111.5224,-7.2372,25.6368],[111.5134,-7.2389,24.5],[111.5017,-7.2485,27.76],[111.48779999999999,-7.2431,31.076],[111.4855,-7.25,35.8235],[111.4862,-7.2531,27.643],[111.491,-7.2582,27.6226],[111.4894,-7.261,29.1777],[111.4867,-7.2608,27.3799],[111.4772,-7.252,28.4363],[111.474,-7.2541,27.8156],[111.4691,-7.2623,41.866],[111.4655,-7.2633,33.4109],[111.4601,-7.2618,28.877],[111.4556,-7.2581,32.4342],[111.4564,-7.2497,36.1483],[111.4517,-7.2482,29.0755],[111.4514,-7.2742,41.7114],[111.4474,-7.2756,32.4163],[111.4434,-7.2678,48.3396],[111.4391,-7.2683,30.3232],[111.4386,-7.2729,36.2297],[111.4444,-7.2786,39.3534],[111.442,-7.2895,39.3118],[111.4376,-7.293,29.5],[111.4301,-7.3044,31.0794],[111.4237,-7.3087,42.6337],[111.4253,-7.3122,33.8868],[111.4322,-7.3147,36.6644],[111.4413,-7.3154,35.9957],[111.4474,-7.3135,37.3322],[111.4573,-7.3212,38.6785],[111.4574,-7.3245,34.5093],[111.45,-7.3299,36.0574],[111.4462,-7.3374,48.3146],[111.4508,-7.3405,41.8576],[111.4602,-7.3409,37.6467],[111.4625,-7.3431,37.2137],[111.4625,-7.3458,34.9134],[111.4593,-7.3466,40.7312],[111.4536,-7.3433,36.6819],[111.4498,-7.3432,38.9161],[111.4431,-7.3477,35.3649],[111.4419,-7.3518,58.9605],[111.445,-7.3612,41.193],[111.4469,-7.3607,38.1098],[111.4501,-7.3552,51.0661],[111.4555,-7.3521,35.7735],[111.46,-7.3536,37.8476],[111.4622,-7.3571,36.5514],[111.4623,-7.3614,36.1481],[111.4566,-7.3691,50.401],[111.4631,-7.371,50.2884],[111.4634,-7.3741,43.1143],[111.4525,-7.3748,83.8821],[111.4505,-7.3712,64.9929],[111.4473,-7.372,79.2538],[111.4395,-7.3697,88.9599],[111.4361,-7.3662,83.9141],[111.4314,-7.3643,90.6906],[111.4264,-7.3561,81.0808],[111.4173,-7.3523,87.3956],[111.4163,-7.3488,85.3718],[111.4121,-7.3477,106.4238],[111.4089,-7.3495,108.5871],[111.4036,-7.3478,123.8532],[111.4004,-7.3494,109.2375],[111.3949,-7.3463,113.4137],[111.3861,-7.3447,92.4805],[111.3824,-7.3466,69.4717],[111.3728,-7.3438,95.2669],[111.3687,-7.3407,112.8228],[111.3675,-7.3348,113.425],[111.3618,-7.3309,132.8772],[111.3449,-7.3353,77.8516],[111.3482,-7.3306,74.0438],[111.3454,-7.3281,93.4111],[111.3471,-7.3229,81.645],[111.3447,-7.3191,79.302],[111.3401,-7.3183,80.3138],[111.3333,-7.3208,78.0744],[111.3332,-7.3174,92.1661],[111.3316,-7.3176,86.0828],[111.33,-7.315,84.5047],[111.3262,-7.3166,97.2853],[111.3267,-7.3152,87.4513],[111.3217,-7.3119,90.7895],[111.3223,-7.3093,88.487],[111.3192,-7.3092,89.4359],[111.3153,-7.3048,89.114],[111.3102,-7.3062,94.5207],[111.3089,-7.3022,93.113],[111.3064,-7.3004,95.5281],[111.3051,-7.3032,101.7108],[111.3033,-7.2996,96.1594],[111.3005,-7.3019,102.1674],[111.297,-7.3001,96.8217],[111.2958,-7.3017,109.1137],[111.2957,-7.3002,96.2068],[111.2937,-7.3002,97.7397],[111.295,-7.2992,103.2542],[111.2929,-7.2954,107.0155],[111.2888,-7.2936,103.1778],[111.2886,-7.2914,97.9869],[111.2868,-7.2911,99.1849],[111.2881,-7.2901,106.5753],[111.2862,-7.2891,99.3041],[111.2819,-7.2887,97.6827],[111.2808,-7.2906,102.1543],[111.2792,-7.288,97.362],[111.2755,-7.2898,103.2307],[111.2681,-7.2896,106.8787],[111.2669,-7.2877,104.6475],[111.264,-7.2871,99.0251],[111.2583,-7.2882,111.5008],[111.2552,-7.2876,102.2636],[111.2541,-7.2843,111.0588],[111.2513,-7.284,108.7193],[111.2486,-7.2839,110.4083],[111.2482,-7.2863,115.9678],[111.2442,-7.2855,108.794],[111.2414,-7.2823,113.4307],[111.2399,-7.2756,116.5921],[111.2353,-7.2703,121.5048],[111.2307,-7.2676,124.4415],[111.2292,-7.2687,124.9218],[111.2237,-7.2618,127.5603],[111.2239,-7.2568,132.9058],[111.2218,-7.2526,138.1562],[111.2176,-7.25,154.1776],[111.2179,-7.2486,150.4039],[111.2083,-7.2449,181.682],[111.2006,-7.2449,188.4587],[111.1971,-7.2467,181.5951],[111.1992,-7.2492,174.8806],[111.1997,-7.2558,180.2529],[111.1935,-7.2563,164.3497],[111.1897,-7.2598,156.4752],[111.1825,-7.2595,160.5114],[111.1777,-7.2644,157.8671],[111.1747,-7.2626,157.4348],[111.1684,-7.2634,153.817],[111.1671,-7.2606,161.4672],[111.1627,-7.2604,171.1516],[111.1606,-7.258,169.0675],[111.1557,-7.2579,158.1942],[111.1501,-7.2604,153.231],[111.1487,-7.2644,153.0033],[111.1508,-7.2688,147.0994],[111.1504,-7.2737,150.1188],[111.1468,-7.2796,137.6757],[111.1443,-7.2795,134.0487],[111.1439,-7.2814,126.6849],[111.1401,-7.2838,136.5829],[111.1414,-7.29,101.9468],[111.138,-7.2938,103.7204],[111.137,-7.2975,112.3901],[111.1421,-7.3074,122.5983],[111.1469,-7.3082,123.5772],[111.1553,-7.3133,115.2888],[111.1494,-7.3208,112.3841],[111.1494,-7.3237,97.3834],[111.1435,-7.3289,100.3649],[111.142,-7.3326,89.9891],[111.1429,-7.3375,99.444],[111.1415,-7.3416,97.4267],[111.143,-7.3472,87.5257],[111.1406,-7.3527,62.183],[111.1414,-7.3572,67.7537],[111.1428,-7.3577,63.4512],[111.1413,-7.361,66.0972],[111.1446,-7.3596,67.2407],[111.1443,-7.3619,67.4098],[111.1417,-7.3636,69.165],[111.1441,-7.3648,69.9635],[111.1436,-7.3673,70.9232],[111.1455,-7.3683,70.469],[111.1415,-7.3732,70.9623],[111.1432,-7.3743,71.0841],[111.1371,-7.379,72.0487],[111.1365,-7.3824,73.6769],[111.1392,-7.3857,75.2483],[111.1335,-7.3911,76.7756],[111.131,-7.396,80.4378],[111.1293,-7.3955,80.8077],[111.1281,-7.397,81.9197],[111.1273,-7.3988,82.5975],[111.1291,-7.3993,79.8179],[111.1284,-7.4007,78.3224],[111.1296,-7.4015,84.4605],[111.1264,-7.4051,82.4726],[111.1234,-7.4056,83.7066],[111.1242,-7.4092,85.6642],[111.1195,-7.4099,88.7118],[111.1202,-7.4118,88.9183],[111.1184,-7.4145,88.7506],[111.1199,-7.4171,88.9655],[111.1186,-7.4193,91.8655],[111.1239,-7.4344,104.6726],[111.1228,-7.4391,111.316],[111.1252,-7.4395,106.8759],[111.1261,-7.4427,113.7094],[111.1259,-7.4444,114.5109],[111.1242,-7.4443,116.74],[111.1252,-7.4504,126.7066],[111.1284,-7.4515,122.5726],[111.131,-7.4566,132.0056],[111.1287,-7.4611,137.1849],[111.1322,-7.4611,144.5163],[111.1318,-7.4644,144.9985],[111.1347,-7.4621,152.2297],[111.1372,-7.4657,159.909],[111.1345,-7.4685,158.9393],[111.1351,-7.4735,174.9241],[111.1332,-7.475,180.8798],[111.1368,-7.4802,195.7685],[111.1352,-7.4837,199.0895],[111.1394,-7.4868,219.7328],[111.1414,-7.4862,220.2592],[111.1448,-7.4934,258.4555],[111.1481,-7.4941,296.099],[111.1526,-7.4994,354.1006],[111.1534,-7.5055,338.6528],[111.1521,-7.5072,354.6643],[111.1536,-7.5099,354.9681],[111.1503,-7.5113,344.6296],[111.1481,-7.5165,376.5562],[111.1507,-7.5181,389.3622],[111.1502,-7.5204,405.7079],[111.1519,-7.5222,413.7642],[111.1464,-7.5253,447.0379],[111.1461,-7.5275,470.0086],[111.1502,-7.5335,521.2165],[111.1506,-7.5401,583.0331],[111.1519,-7.5411,583.0331],[111.1501,-7.543,609.6081],[111.1538,-7.5498,666.6143],[111.1521,-7.551,666.6143],[111.1519,-7.5546,730.5593],[111.1533,-7.5571,731.6156],[111.1531,-7.5628,786.5472],[111.1622,-7.5748,1036.271],[111.1633,-7.5803,1124.9385],[111.1668,-7.5823,1263.1064],[111.169,-7.5902,1583.7035],[111.1731,-7.5918,1763.9958],[111.1784,-7.6001,2104.6226],[111.1902,-7.6101,2653.5559],[111.193,-7.6138,2813.3215],[111.1945,-7.6204,3092.7346],[111.1943,-7.6291,3204.9619],[111.1899,-7.6358,2783.78],[111.1887,-7.6425,2453.6313],[111.1896,-7.6489,2213.9934],[111.1876,-7.6563,2025.5269],[111.1885,-7.6684,1754.5654],[111.1922,-7.6732,1807.5393],[111.1892,-7.686,1900.0682],[111.182,-7.6932,2205.0276],[111.1841,-7.6999,2130.2471],[111.1819,-7.7123,1853.2822],[111.1887,-7.7135,1903.5988],[111.1913,-7.7124,1851.6997],[111.2014,-7.7212,1812.5164],[111.2139,-7.723,1588.9548],[111.2156,-7.7273,1599.5706],[111.2136,-7.7334,1339.1926],[111.2155,-7.735,1462.2375],[111.2157,-7.7379,1328.7228],[111.2248,-7.7409,912.5938],[111.2275,-7.7453,841.0652],[111.2331,-7.7465,740.7667],[111.2386,-7.7511,684.2321],[111.2436,-7.7415,758.062],[111.2491,-7.742,795.0521],[111.2521,-7.7468,753.3784],[111.2545,-7.7457,759.7816],[111.2596,-7.7468,660.1906],[111.2605,-7.7439,715.3091],[111.2652,-7.7442,696.9449],[111.267,-7.7433,644.6167],[111.2665,-7.7416,665.3795],[111.2707,-7.7398,686.2848],[111.2732,-7.7411,668.3841],[111.2713,-7.7369,702.239],[111.2745,-7.7349,669.1324],[111.2833,-7.7383,605.655],[111.2868,-7.743,562.2803],[111.2901,-7.7429,531.6802],[111.2891,-7.75,618.1241],[111.2851,-7.7544,721.6707],[111.2861,-7.7555,774.8829],[111.291,-7.7551,848.4658],[111.2935,-7.7572,868.7699],[111.2936,-7.7607,848.9399],[111.2846,-7.7777,516.6439],[111.2833,-7.7871,433.1205],[111.2807,-7.7891,416.1722],[111.2834,-7.7884,406.3342],[111.2828,-7.7898,420.1274],[111.2856,-7.7942,395.6851],[111.2899,-7.794,380.701],[111.2986,-7.8013,450.2618],[111.3008,-7.8115,448.0533],[111.3046,-7.8142,367.0821],[111.3039,-7.8181,429.6273],[111.3069,-7.8231,533.178],[111.3038,-7.8313,622.6338],[111.3056,-7.8347,528.1548],[111.3058,-7.8411,571.9683],[111.3144,-7.8431,374.5313],[111.3188,-7.8485,309.3764],[111.3179,-7.8505,349.4097],[111.3193,-7.8544,409.1649],[111.3075,-7.8587,192.9544],[111.2997,-7.8599,192.5858],[111.2978,-7.862,168.0336],[111.2967,-7.8704,321.5503],[111.2994,-7.8785,448.9106],[111.2926,-7.888,359.0435],[111.2879,-7.9007,373.3529],[111.2879,-7.9062,508.7325],[111.2734,-7.9242,378.3416],[111.274,-7.9354,450.6607],[111.2725,-7.9398,549.4707],[111.2673,-7.945,752.7385],[111.2572,-7.9489,932.8781],[111.2402,-7.9473,899.1555],[111.2357,-7.9446,881.8711],[111.2233,-7.9297,834.6144],[111.2165,-7.926,705.8608],[111.2144,-7.928,902.1777],[111.2131,-7.9353,1033.5424],[111.2113,-7.9369,1008.6707],[111.1999,-7.9397,1049.468],[111.1924,-7.9394,1042.3597],[111.1932,-7.9329,985.3243],[111.1882,-7.9226,1027.0947],[111.1829,-7.9188,826.8038],[111.1791,-7.9218,801.5969],[111.1693,-7.9213,643.7476],[111.1647,-7.924,605.9865],[111.1631,-7.9224,591.5312],[111.1572,-7.922,533.4955],[111.156,-7.9236,521.7407],[111.1549,-7.9224,524.7941],[111.1543,-7.9246,575.8447],[111.1534,-7.9238,509.3638],[111.15,-7.9272,535.454],[111.149,-7.9308,469.1621],[111.1439,-7.9333,454.4903],[111.1448,-7.937,541.7476],[111.1435,-7.9435,830.5168],[111.1489,-7.9508,1047.8091],[111.1495,-7.9539,1038.8062],[111.146,-7.9573,1025.9816],[111.1476,-7.9605,981.8389],[111.147,-7.9663,969.2452],[111.1441,-7.9667,954.5663],[111.1419,-7.9696,896.1385],[111.1403,-7.9684,882.9756],[111.1377,-7.9695,894.4012],[111.1329,-7.9739,842.3643],[111.126,-7.9713,808.5342],[111.1234,-7.9725,790.4668],[111.1293,-7.9856,832.7693],[111.1287,-7.9917,964.5725],[111.1321,-7.9968,911.3758],[111.1305,-8.0079,877.6584],[111.1352,-8.0131,904.6651],[111.1363,-8.0183,786.2373],[111.1362,-8.0236,828.5969],[111.1263,-8.0375,770.2028],[111.1272,-8.0642,291.5251],[111.125,-8.0648,505.1541],[111.1225,-8.0602,613.8285],[111.1132,-8.0567,693.0475],[111.0973,-8.0605,243.7613],[111.0953,-8.0621,225.4686],[111.096,-8.0645,202.3527],[111.093,-8.0652,176.8128],[111.0919,-8.0607,251.144],[111.0887,-8.0599,333.2136],[111.0906,-8.051,508.4889],[111.0893,-8.0489,476.2831],[111.0913,-8.0464,548.8588],[111.0903,-8.0419,606.5128],[111.0918,-8.0402,605.9218],[111.0915,-8.0343,646.0845],[111.093,-8.0309,692.9337],[111.0914,-8.0292,688.1573],[111.077,-8.0247,856.612],[111.0707,-8.0295,706.152],[111.0715,-8.0305,700.7855],[111.0673,-8.0355,649.376],[111.0691,-8.0461,609.3871],[111.0667,-8.0557,454.9432],[111.07,-8.0592,376.0984],[111.0695,-8.0612,377.4604],[111.0714,-8.0614,341.2452],[111.0717,-8.064,349.9716],[111.0656,-8.0633,433.5005],[111.0643,-8.0677,406.3712],[111.0558,-8.0685,367.4439],[111.0557,-8.0722,372.963],[111.0527,-8.0719,333.8695],[111.0506,-8.0755,334.4696],[111.0455,-8.0746,325.5201],[111.0406,-8.076,314.8282],[111.0356,-8.0807,268.8026],[111.0257,-8.0806,255.5405],[111.0218,-8.0769,246.1142],[111.02,-8.0779,241.4643],[111.0155,-8.0758,237.9157],[111.015,-8.0779,223.5116],[111.0131,-8.0765,222.6001],[111.0022,-8.0776,282.5844],[110.9999,-8.0805,299.1866],[110.9938,-8.0824,293.4374],[110.9822,-8.0731,374.4741],[110.9751,-8.0733,419.5631],[110.9599,-8.0638,433.0826],[110.9525,-8.0629,422.4222],[110.9516,-8.0704,410.6064],[110.9463,-8.0744,415.2564],[110.9422,-8.0831,397.5365],[110.9428,-8.0875,402.544],[110.9378,-8.0909,412.1635],[110.9316,-8.1015,418.0075],[110.926,-8.1058,383.6533],[110.9212,-8.1179,358.0233],[110.9169,-8.1211,376.7179],[110.9097,-8.1231,339.158],[110.9085,-8.125,336.2153],[110.9102,-8.1344,303.8282],[110.9026,-8.1534,307.2223],[110.9028,-8.1609,260.5207],[110.8997,-8.1664,235.4804],[110.9019,-8.1704,228.1716],[110.8988,-8.1774,195.5828],[110.8991,-8.1807,224.3476],[110.9013,-8.1832,261.3932],[110.8994,-8.1869,263.1323],[110.9038,-8.1902,197.0853],[110.9053,-8.1982,133.0645],[110.909,-8.2062,92.0447],[110.9086,-8.2108,29.1916],[110.9138,-8.2132,0.0],[110.9161,-8.2175,44.048],[110.9237,-8.2193,29.9123],[110.9278,-8.223,0.0],[110.9329,-8.2215,6.8383],[110.9369,-8.2239,7.1127],[110.9389,-8.223,9.9285],[110.9387,-8.2246,0.0],[110.9414,-8.2254,0.0],[110.9405,-8.2275,0.0],[110.9434,-8.2262,9.3625],[110.9444,-8.2238,8.291],[110.9476,-8.2242,4.0712],[110.949,-8.2268,1.1131],[110.9505,-8.2249,11.6727],[110.9541,-8.227,0.0],[110.9555,-8.2262,31.3018],[110.9575,-8.2298,0.0],[110.9588,-8.2287,1.3589],[110.9611,-8.2298,16.3153],[110.9599,-8.2342,5.9503],[110.9721,-8.2365,0.0],[110.9732,-8.2403,0.0],[110.9745,-8.239,1.198],[110.9766,-8.24,4.2942],[110.9784,-8.2358,15.2317],[110.9825,-8.2359,31.8826],[110.9839,-8.2379,13.1718],[110.9821,-8.2362,31.8826],[110.9784,-8.2366,13.5984],[110.9794,-8.2401,7.667],[110.9826,-8.2402,5.7882],[110.9823,-8.2421,0.0],[110.9836,-8.2411,11.8048],[110.9883,-8.2427,42.9241],[110.991,-8.2481,0.0],[110.9919,-8.2472,4.1577],[110.9924,-8.2488,3.4042],[110.9946,-8.2487,27.2296],[110.993,-8.2518,0.0],[110.9948,-8.2512,9.7829],[110.9949,-8.2532,0.0],[110.996,-8.252,2.8611],[110.9972,-8.252,2.8611],[110.9991,-8.2549,0.0],[111.0012,-8.2543,7.9869],[110.9995,-8.2518,4.4976],[111.0003,-8.2497,4.9539],[111.0071,-8.2474,59.8294],[111.0105,-8.2494,25.2654],[111.013,-8.2481,36.6779],[111.0185,-8.25,3.2904],[111.0216,-8.2489,41.2473],[111.0256,-8.2524,35.6646],[111.027,-8.2518,32.2353],[111.0257,-8.2548,0.0],[111.028,-8.257,0.0],[111.0295,-8.2538,58.9433],[111.0297,-8.2565,0.0],[111.0325,-8.254,38.8899],[111.0337,-8.2567,0.0],[111.0346,-8.2541,55.3747],[111.0409,-8.253,0.0],[111.0433,-8.2489,35.9729],[111.0493,-8.2525,5.3977],[111.0606,-8.2507,40.3402],[111.0633,-8.2522,8.4564],[111.0658,-8.2474,31.1785],[111.0709,-8.2489,0.0],[111.0749,-8.2456,19.0068],[111.0767,-8.2458,0.0],[111.0751,-8.2393,7.0661],[111.0781,-8.2341,0.0],[111.075,-8.2319,42.7052],[111.0737,-8.2277,47.7423],[111.0773,-8.2231,0.0],[111.0856,-8.2205,0.0],[111.096,-8.2226,2.7447],[111.1003,-8.2259,2.7546],[111.1027,-8.2304,0.8568],[111.103,-8.2353,93.4549],[111.0976,-8.2373,0.0],[111.0984,-8.2423,0.0],[111.1013,-8.2419,97.0645],[111.0989,-8.2444,80.0418],[111.0959,-8.2441,11.6312],[111.0938,-8.2474,2.8856],[111.0992,-8.2459,59.9463],[111.1003,-8.2493,3.2373],[111.1032,-8.2498,53.2579],[111.1014,-8.2536,3.3059],[111.105,-8.252,14.2741],[111.1095,-8.2569,3.7041],[111.1145,-8.254,68.8994],[111.1201,-8.2532,9.1053],[111.1212,-8.2563,0.0],[111.1245,-8.2557,8.1318],[111.1249,-8.259,0.0],[111.1298,-8.2584,49.4508],[111.132,-8.2608,41.9959],[111.1318,-8.2628,12.4392],[111.1353,-8.2634,0.0],[111.137,-8.262,6.2058],[111.1383,-8.267,56.0409],[111.1321,-8.2731,0.0],[111.1354,-8.2764,0.0],[111.1443,-8.2786,9.2268],[111.1436,-8.2813,0.0],[111.1458,-8.2804,3.4351],[111.1463,-8.2781,0.0],[111.1532,-8.2787,24.874],[111.1547,-8.2816,60.3813],[111.1535,-8.2851,0.0],[111.1551,-8.2851,0.0],[111.1581,-8.2775,53.467],[111.1671,-8.2807,0.0],[111.1699,-8.2776,26.5922],[111.1716,-8.2812,0.0],[111.1768,-8.2731,0.0],[111.1855,-8.2751,0.0],[111.1905,-8.2783,0.0],[111.1949,-8.2781,2.1761],[111.1975,-8.276,0.0],[111.1997,-8.2712,0.0],[111.1988,-8.2684,10.7025],[111.2009,-8.2656,11.5787],[111.202,-8.2652,6.2855],[111.2038,-8.2677,4.1025],[111.2066,-8.2663,0.0],[111.2057,-8.2646,9.2999],[111.2114,-8.267,0.0],[111.2123,-8.264,22.8258],[111.2155,-8.2655,10.4618],[111.2175,-8.2611,15.5565],[111.221,-8.2624,0.0],[111.2203,-8.2682,0.0],[111.2229,-8.2656,9.719],[111.2242,-8.2687,0.0],[111.2255,-8.2676,30.5456],[111.2275,-8.2674,31.0674],[111.2277,-8.2598,43.1769],[111.2307,-8.2591,0.0],[111.2313,-8.257,12.6553],[111.2338,-8.2595,22.5761],[111.2359,-8.2591,11.435],[111.2369,-8.2563,0.0],[111.2452,-8.2533,0.0],[111.2548,-8.2541,0.0],[111.2575,-8.249,6.7521],[111.2693,-8.25,0.0],[111.2786,-8.2546,0.0],[111.281,-8.2577,1.8897],[111.2792,-8.2608,0.0],[111.2814,-8.2621,0.0],[111.281,-8.2645,0.0],[111.278,-8.2662,2.294],[111.2789,-8.27,0.0],[111.2849,-8.2718,11.7186],[111.2842,-8.2732,0.0],[111.2866,-8.2704,1.7672],[111.2892,-8.2699,2.7577],[111.2902,-8.2738,8.889],[111.2917,-8.2742,8.889],[111.2911,-8.2712,8.9585],[111.2931,-8.2717,0.0],[111.2949,-8.2661,0.0],[111.287,-8.2657,7.4258],[111.2878,-8.2603,34.1153],[111.2906,-8.2604,8.5096],[111.2915,-8.2627,0.0],[111.2931,-8.2619,25.2176],[111.2931,-8.2637,4.4419],[111.2957,-8.2636,0.0],[111.2962,-8.2591,0.0],[111.3018,-8.2572,3.6688],[111.3124,-8.2609,0.0],[111.3133,-8.2632,73.3964],[111.3118,-8.2679,15.1817],[111.3161,-8.2684,0.0],[111.3153,-8.2707,4.8082],[111.3204,-8.2697,0.0],[111.3255,-8.2734,0.0],[111.3292,-8.2718,0.0],[111.3282,-8.2696,4.4886],[111.3304,-8.266,15.27],[111.337,-8.262,4.7318],[111.3426,-8.262,3.2284],[111.346,-8.2634,41.4298],[111.3468,-8.2653,0.0],[111.3489,-8.2642,25.264],[111.35,-8.2689,0.0],[111.3526,-8.2668,7.2909],[111.3532,-8.2692,0.0],[111.3552,-8.2679,46.0358],[111.3558,-8.27,0.0],[111.3577,-8.2704,6.5328],[111.3586,-8.2657,12.8496],[111.36,-8.2661,4.5586],[111.3611,-8.2635,30.9886],[111.3672,-8.2608,43.2113],[111.3682,-8.2627,33.4313],[111.3715,-8.2625,16.3585],[111.3752,-8.2654,3.185],[111.3771,-8.2722,8.2901],[111.376,-8.273,0.0],[111.3775,-8.2742,5.7449],[111.376,-8.2755,0.0],[111.3773,-8.2765,0.0],[111.3785,-8.2752,9.8937],[111.3828,-8.2755,21.9389],[111.3871,-8.2779,0.0],[111.3859,-8.2746,30.3661],[111.3876,-8.2736,3.2582],[111.3884,-8.2752,0.0],[111.3906,-8.2741,16.0032],[111.3904,-8.2771,0.0],[111.3918,-8.2765,6.2106],[111.3918,-8.2778,6.2106],[111.3943,-8.2758,23.3332],[111.3986,-8.2777,4.6031],[111.3987,-8.2747,15.6582],[111.4008,-8.2751,3.592],[111.4011,-8.2723,3.83],[111.4037,-8.2708,14.3501],[111.4043,-8.273,0.0],[111.4089,-8.2751,1.6534],[111.408,-8.2765,2.7754],[111.4102,-8.2785,0.0],[111.4158,-8.2764,0.0],[111.41572333333333,-8.2741,0.0]],
[[112.7509,-8.4172,0.0],[112.7507,-8.4174,0.0],[112.7506,-8.4171,0.0],[112.7507,-8.4171,0.0],[112.7509,-8.4172,0.0]],
[[111.6309,-8.3364,0.0],[111.6308,-8.3365,0.0],[111.6307,-8.3364,0.0],[111.6308,-8.3363,0.0],[111.6309,-8.3364,0.0]]]]}}