{"type":"Feature","properties":{"GID_1":"IDN.21_1","GID_0":"IDN","country":"Indonesia","province":"NusaTenggaraTimur","VARNAME_1":"NA","NL_NAME_1":"NA","TYPE_1":"Propinisi","ENGTYPE_1":"Province","CC_1":"53","HASC_1":"ID.NT","ISO_1":"ID-NT","name":"Nusa_Tenggara_Timur.province"},
"geometry":{"type": "MultiPolygon","coordinates": [[[[122.8815,-10.9774,0.4457],[122.8651,-10.9642,0.0],[122.853,-10.9692,0.8717],[122.8408,-10.9685,0.0],[122.8473,-10.9775,2.1276],[122.847,-10.9806,2.9155],[122.8448,-10.9812,0.0],[122.8443,-10.9831,0.0],[122.8464,-10.9823,3.5247],[122.8537,-10.9933,1.4465],[122.8732,-11.0075,3.7582],[122.8827,-11.005,1.7306],[122.8865,-11.0004,0.0],[122.8856,-10.9903,0.0],[122.8815,-10.9774,0.4457]]],
[[[122.8785,-10.955,10.5819],[122.8818,-10.956,21.6315],[122.8832,-10.9553,21.6315],[122.8783,-10.9528,0.0],[122.8785,-10.955,10.5819]]],
[[[121.2818,-10.826,2.7121],[121.2752,-10.8199,5.01],[121.2696,-10.824,0.0],[121.272,-10.8273,0.0],[121.2769,-10.8295,0.6957],[121.2831,-10.8284,0.0],[121.2818,-10.826,2.7121]]],
[[[122.9921,-10.8641,0.0],[122.9921,-10.8636,0.0],[122.9913,-10.8642,0.0],[122.9915,-10.8645,0.0],[122.9921,-10.8641,0.0]]],
[[[122.989,-10.8633,0.0],[122.9888,-10.8634,0.0],[122.9891,-10.8636,0.0],[122.9892,-10.8634,0.0],[122.989,-10.8633,0.0]]],
[[[123.0612,-10.8624,0.0],[123.0616,-10.8627,0.0],[123.0617,-10.8625,0.0],[123.0615,-10.8623,0.0],[123.0612,-10.8624,0.0]]],
[[[123.0712,-10.8603,1.5541],[123.0715,-10.8629,9.3054],[123.0729,-10.8624,0.0],[123.0733,-10.8615,0.0],[123.0712,-10.8603,1.5541]]],
[[[123.0866,-10.8601,0.0538],[123.0869,-10.8598,0.0538],[123.0869,-10.8594,1.4559],[123.0864,-10.8599,0.0538],[123.0866,-10.8601,0.0538]]],
[[[123.0883,-10.8577,2.2091],[123.088,-10.8578,2.2091],[123.088,-10.8579,2.2091],[123.0883,-10.8579,2.2091],[123.0883,-10.8577,2.2091]]],
[[[122.7871,-10.7746,0.0],[122.7847,-10.773,2.2173],[122.7717,-10.7722,0.0],[122.7553,-10.774,2.5394],[122.7502,-10.7773,1.3809],[122.7498,-10.7853,3.8979],[122.7558,-10.789,4.8257],[122.7658,-10.7885,1.8362],[122.784,-10.7819,0.7757],[122.7871,-10.7746,0.0]]],
[[[122.9941,-10.7308,0.5205],[122.9975,-10.7314,1.1492],[122.995,-10.7296,0.0],[122.9924,-10.7314,0.6708],[122.9941,-10.7308,0.5205]]],
[[[122.9519,-10.7315,0.0],[122.9566,-10.7306,1.8357],[122.9571,-10.7292,1.1618],[122.9516,-10.7275,0.0],[122.9463,-10.728,1.3807],[122.9437,-10.73,3.7505],[122.9442,-10.7322,1.0306],[122.9519,-10.7315,0.0]]],
[[[122.7306,-10.8307,0.0],[122.7334,-10.8347,0.0],[122.73779999999999,-10.8356,1.5375],[122.7491,-10.8274,1.8482],[122.7457,-10.8249,1.3539],[122.7376,-10.8242,0.0],[122.7322,-10.826599999999999,1.5217],[122.7306,-10.8307,0.0]]],
[[[122.6688,-10.807,3.1798],[122.6683,-10.8001,0.0],[122.6662,-10.7985,3.9718],[122.6435,-10.8019,5.1826],[122.6398,-10.8064,0.0],[122.6723,-10.8311,3.7295],[122.6778,-10.8339,1.7003],[122.6808,-10.8314,2.6227],[122.6862,-10.8339,0.0],[122.6873,-10.8263,4.6436],[122.673,-10.8143,3.1786],[122.6688,-10.807,3.1798]]],
[[[123.0881,-10.8585,0.0513],[123.0879,-10.8586,0.0513],[123.0881,-10.8589,0.0513],[123.0882,-10.8587,0.0513],[123.0881,-10.8585,0.0513]]],
[[[123.0864,-10.8587,1.4559],[123.0868,-10.8581,1.4559],[123.0856,-10.8589,1.4559],[123.086,-10.859,1.4559],[123.0864,-10.8587,1.4559]]],
[[[122.9626,-10.728,2.3057],[122.9625,-10.7311,2.4896],[122.9635,-10.7315,0.0],[122.9639,-10.7289,1.2503],[122.9626,-10.728,2.3057]]],
[[[122.9507,-10.9441,0.0],[122.9512,-10.9444,9.2222],[122.9533,-10.9445,0.0],[122.9516,-10.9425,0.0],[122.9507,-10.9441,0.0]]],
[[[122.949,-10.9419,0.0],[122.9491,-10.942,0.0],[122.9494,-10.9413,0.0],[122.9489,-10.9414,0.0],[122.949,-10.9419,0.0]]],
[[[122.9817,-10.9306,0.0],[122.9813,-10.93,0.0],[122.9807,-10.9299,0.0],[122.9808,-10.9306,0.0],[122.9817,-10.9306,0.0]]],
[[[122.9676,-10.93,0.0],[122.968,-10.9296,0.0],[122.9676,-10.9293,0.0],[122.9673,-10.9296,0.0],[122.9676,-10.93,0.0]]],
[[[122.9684,-10.9287,0.3214],[122.968,-10.929,0.3214],[122.9679,-10.9293,0.3214],[122.9684,-10.929,0.3214],[122.9684,-10.9287,0.3214]]],
[[[122.9523,-10.9146,0.0],[122.9528,-10.9147,0.0],[122.953,-10.9146,0.0],[122.9526,-10.9144,0.0],[122.9523,-10.9146,0.0]]],
[[[122.9538,-10.9143,0.0],[122.9539,-10.9147,0.8605],[122.9542,-10.9146,0.8605],[122.9543,-10.9143,0.0],[122.9538,-10.9143,0.0]]],
[[[122.9003,-10.9127,0.0],[122.9005,-10.913,0.8048],[122.9005,-10.9121,0.0],[122.9004,-10.9124,0.0],[122.9003,-10.9127,0.0]]],
[[[123.0265,-10.9124,0.0],[123.0265,-10.9119,0.0],[123.0264,-10.9116,0.0],[123.0258,-10.9122,0.0],[123.0265,-10.9124,0.0]]],
[[[122.969,-10.8973,0.0],[122.9691,-10.8974,0.0],[122.9694,-10.8971,0.0],[122.9692,-10.8971,0.0],[122.969,-10.8973,0.0]]],
[[[123.0646,-10.8764,0.9419],[123.0641,-10.8714,7.3648],[123.0582,-10.8689,2.3237],[123.0583,-10.8719,9.3962],[123.0631,-10.877,2.694],[123.0646,-10.8764,0.9419]]],
[[[123.0444,-10.8852,0.0],[123.0446,-10.8851,0.0],[123.0438,-10.8849,0.0],[123.0439,-10.8851,0.0],[123.0444,-10.8852,0.0]]],
[[[123.0431,-10.885,0.0],[123.0434,-10.8851,0.0],[123.0437,-10.885,0.0],[123.0433,-10.8848,0.0],[123.0431,-10.885,0.0]]],
[[[123.0198,-10.9133,0.0],[123.02,-10.9132,0.0],[123.0198,-10.9127,0.0],[123.0197,-10.9128,0.0],[123.0198,-10.9133,0.0]]],
[[[123.0201,-10.9127,0.0],[123.0201,-10.9129,0.0],[123.0203,-10.9129,0.0],[123.0203,-10.9127,0.0],[123.0201,-10.9127,0.0]]],
[[[123.006,-10.9087,0.0],[123.0056,-10.9091,0.0],[123.0102,-10.9084,0.0],[123.0085,-10.9079,0.0],[123.006,-10.9087,0.0]]],
[[[123.0192,-10.9079,0.935],[123.0208,-10.9088,1.2982],[123.0211,-10.9086,1.2982],[123.0207,-10.9073,0.935],[123.0192,-10.9079,0.935]]],
[[[122.9952,-10.925,6.6343],[122.9944,-10.9293,0.0],[122.9981,-10.9262,13.5203],[122.9976,-10.9237,5.0553],[122.9952,-10.925,6.6343]]],
[[[122.9932,-10.926,0.0],[122.9935,-10.926,0.0],[122.9938,-10.9253,0.0],[122.9936,-10.9251,0.0],[122.9932,-10.926,0.0]]],
[[[123.0307,-10.9195,0.0],[123.0305,-10.9194,0.0],[123.0304,-10.9195,0.0],[123.0308,-10.9197,0.0],[123.0307,-10.9195,0.0]]],
[[[123.0028,-10.9216,0.0],[123.0022,-10.9219,0.7487],[123.0023,-10.923,0.0],[123.0031,-10.9223,0.0],[123.0028,-10.9216,0.0]]],
[[[123.0004,-10.9214,0.0],[123.0007,-10.922,0.7487],[123.0014,-10.9216,0.7487],[123.0009,-10.9208,0.0],[123.0004,-10.9214,0.0]]],
[[[122.9598,-10.9168,0.0],[122.9578,-10.9173,1.1867],[122.9587,-10.9148,1.3284],[122.9565,-10.9166,3.9974],[122.9558,-10.92,22.2221],[122.9535,-10.9207,4.6035],[122.9528,-10.9179,7.65],[122.9533,-10.9169,4.9976],[122.9541,-10.9203,4.6035],[122.9543,-10.9161,0.8605],[122.9513,-10.916,0.0],[122.9505,-10.9189,3.7934],[122.949,-10.9191,0.0],[122.9509,-10.9207,4.1181],[122.9477,-10.92,2.8276],[122.9487,-10.9224,3.8867],[122.9474,-10.9233,11.4375],[122.9449,-10.918,6.9529],[122.9434,-10.9179,0.0],[122.9426,-10.9199,13.8745],[122.9421,-10.9172,0.0],[122.9388,-10.9177,15.2136],[122.9397,-10.9158,0.0],[122.9352,-10.9159,0.0],[122.9334,-10.9178,1.4834],[122.9337,-10.9206,5.184],[122.9302,-10.9244,0.0],[122.9316,-10.9301,4.0306],[122.9345,-10.9338,0.0],[122.9328,-10.936,5.6653],[122.9399,-10.9405,2.8641],[122.9443,-10.9403,4.4465],[122.9459,-10.9384,0.0],[122.9562,-10.9381,0.0],[122.955,-10.9359,18.5814],[122.957,-10.9316,1.9881],[122.961,-10.9304,10.7778],[122.9641,-10.9267,2.53],[122.964,-10.9239,8.6973],[122.9718,-10.9205,0.0],[122.9652,-10.917,0.0],[122.9593,-10.9177,1.1867],[122.9598,-10.9168,0.0]]],
[[[122.9088,-10.9257,0.0],[122.909,-10.9252,0.0],[122.9086,-10.9251,0.0],[122.9084,-10.9257,0.0],[122.9088,-10.9257,0.0]]],
[[[122.947,-10.9189,0.0],[122.9463,-10.9191,0.0],[122.9466,-10.9199,5.2556],[122.9467,-10.9199,5.2556],[122.947,-10.9189,0.0]]],
[[[122.906,-10.9189,0.0],[122.9063,-10.9188,0.0],[122.9062,-10.9184,0.0],[122.9059,-10.9185,0.0],[122.906,-10.9189,0.0]]],
[[[122.9478,-10.9192,0.0],[122.9475,-10.9182,0.0],[122.9476,-10.9177,0.0],[122.9471,-10.9184,0.0],[122.9478,-10.9192,0.0]]],
[[[122.9457,-10.9183,0.0],[122.9459,-10.9185,0.0],[122.9461,-10.9181,0.0],[122.946,-10.918,0.0],[122.9457,-10.9183,0.0]]],
[[[122.9558,-10.9163,3.9974],[122.9558,-10.9157,0.0],[122.9556,-10.9156,0.0],[122.9554,-10.9161,0.0],[122.9558,-10.9163,3.9974]]],
[[[122.9954,-10.9106,2.8427],[122.991,-10.9072,0.0],[122.9841,-10.9101,1.1231],[122.9828,-10.9129,4.7382],[122.9764,-10.9118,1.0319],[122.9794,-10.9188,0.6894],[122.9861,-10.9241,1.4244],[122.9903,-10.9252,0.0],[122.9928,-10.9227,7.2342],[122.9958,-10.923,0.0],[123.0005,-10.919,3.1919],[122.9981,-10.9174,7.1714],[122.998,-10.9149,7.0121],[123.0011,-10.9094,0.0],[122.9954,-10.9106,2.8427]]],
[[[121.5911,-10.6005,0.9026],[121.5698,-10.598,32.8097],[121.5571,-10.6005,2.2816],[121.5516,-10.6064,10.5586],[121.5425,-10.6118,4.8073],[121.5342,-10.6222,1.6456],[121.5286,-10.6255,5.1092],[121.5257,-10.6304,0.9551],[121.5188,-10.6326,0.3798],[121.5209,-10.6372,0.0],[121.5267,-10.6384,0.0],[121.5387,-10.6362,8.0789],[121.5544,-10.6404,4.3994],[121.5682,-10.6402,3.5575],[121.5741,-10.6424,1.6975],[121.5777,-10.6385,12.8695],[121.5875,-10.6342,4.6765],[121.6109,-10.6289,3.1141],[121.6169,-10.6229,3.7242],[121.6238,-10.6207,3.7074],[121.6291,-10.6169,1.0338],[121.6349,-10.6088,0.0],[121.6344,-10.6011,0.0],[121.6296,-10.5977,0.0],[121.6176,-10.6025,0.0],[121.6081,-10.604,0.0],[121.5911,-10.6005,0.9026]]],
[[[123.2327,-10.6051,0.9344],[123.2324,-10.6051,0.9344],[123.2324,-10.6052,0.9344],[123.2327,-10.6051,0.9344]]],
[[[123.3768,-10.5487,0.0],[123.3767,-10.5487,0.0],[123.3767,-10.5489,0.0],[123.3768,-10.5487,0.0]]],
[[[123.3768,-10.5483,0.0],[123.377,-10.5484,0.0],[123.3769,-10.5481,0.0],[123.3768,-10.5482,0.0],[123.3768,-10.5483,0.0]]],
[[[123.3728,-10.5437,0.0],[123.3726,-10.5435,0.0],[123.3719,-10.5439,0.0],[123.372,-10.5439,0.0],[123.3728,-10.5437,0.0]]],
[[[123.3852,-10.5408,7.7112],[123.3852,-10.541,7.7112],[123.3855,-10.5411,13.2694],[123.3854,-10.5408,13.2694],[123.3852,-10.5408,7.7112]]],
[[[123.3847,-10.5406,7.7112],[123.3848,-10.5407,7.7112],[123.3851,-10.5409,7.7112],[123.3849,-10.5405,7.7112],[123.3847,-10.5406,7.7112]]],
[[[123.3677,-10.5399,0.0],[123.3674,-10.5388,0.0],[123.3675,-10.5409,0.0],[123.3678,-10.5406,0.0],[123.3677,-10.5399,0.0]]],
[[[123.3868,-10.5368,1.8165],[123.3863,-10.5367,1.8165],[123.3859,-10.5374,1.8165],[123.3867,-10.5374,1.8165],[123.3868,-10.5368,1.8165]]],
[[[123.3682,-10.5355,4.812],[123.3681,-10.5357,4.812],[123.3683,-10.5357,4.812],[123.3684,-10.5355,4.812],[123.3682,-10.5355,4.812]]],
[[[123.3854,-10.5394,9.3631],[123.3854,-10.5398,13.2694],[123.3859,-10.5395,9.3631],[123.3858,-10.5394,9.3631],[123.3854,-10.5394,9.3631]]],
[[[123.3856,-10.5388,9.3631],[123.3853,-10.5389,0.0],[123.3853,-10.5392,0.0],[123.3854,-10.5392,9.3631],[123.3856,-10.5388,9.3631]]],
[[[123.3715,-10.5364,19.2956],[123.3713,-10.5383,22.4191],[123.3731,-10.5404,0.0],[123.3727,-10.5363,19.2956],[123.3715,-10.5364,19.2956]]],
[[[123.3818,-10.5384,1.7444],[123.3832,-10.5369,8.8254],[123.3825,-10.5349,3.6813],[123.379,-10.5391,0.0],[123.3818,-10.5384,1.7444]]],
[[[122.8335,-10.9296,1.9935],[122.8321,-10.9309,1.9935],[122.8354,-10.932,3.3169],[122.8408,-10.9379,2.8119],[122.844,-10.9384,3.5318],[122.8469,-10.9431,0.0],[122.8473,-10.9415,2.3834],[122.8558,-10.9398,0.0],[122.8582,-10.9362,7.9392],[122.8601,-10.9282,0.0],[122.8578,-10.9286,13.8198],[122.8576,-10.927,3.0282],[122.8624,-10.9174,18.7942],[122.8747,-10.9143,13.6873],[122.8753,-10.9167,1.8827],[122.8825,-10.9156,2.9232],[122.8824,-10.9132,1.4169],[122.8858,-10.9126,3.5181],[122.8865,-10.914,0.0],[122.8888,-10.9103,5.3203],[122.888,-10.9147,0.0],[122.8909,-10.9122,5.4607],[122.8906,-10.9106,4.5533],[122.8912,-10.9133,0.0],[122.9011,-10.9109,5.877],[122.9017,-10.9129,0.0],[122.8973,-10.9194,0.0],[122.8999,-10.9213,0.0],[122.9032,-10.9207,12.8191],[122.9054,-10.9174,0.0],[122.9033,-10.9113,1.9336],[122.9052,-10.9119,0.0],[122.9091,-10.9101,2.0915],[122.9101,-10.9119,24.9842],[122.9089,-10.9186,5.0371],[122.9065,-10.9226,14.2895],[122.9114,-10.9249,0.0],[122.9195,-10.9206,15.3163],[122.9217,-10.9149,0.0],[122.9232,-10.9149,7.8026],[122.9239,-10.9191,2.8575],[122.9258,-10.916,12.2489],[122.9399,-10.911,10.4285],[122.9493,-10.904,5.4037],[122.9574,-10.9086,4.2021],[122.9598,-10.9091,0.9054],[122.9608,-10.9077,3.01],[122.9705,-10.9151,0.0],[122.973,-10.9133,6.7407],[122.9721,-10.9098,1.3166],[122.9696,-10.9067,8.4071],[122.9665,-10.9061,0.0],[122.9643,-10.9031,4.6081],[122.9645,-10.9005,4.018],[122.9557,-10.8984,2.2242],[122.949,-10.8929,3.2395],[122.9526,-10.8912,4.5181],[122.9528,-10.8884,3.6101],[122.9496,-10.8871,1.6627],[122.9504,-10.8841,2.1299],[122.9527,-10.8838,1.8508],[122.9531,-10.8816,2.5462],[122.958,-10.8808,2.0522],[122.9582,-10.8785,2.3332],[122.9645,-10.8791,1.0511],[122.9638,-10.8755,3.0498],[122.9687,-10.8702,1.9931],[122.9789,-10.865,1.889],[122.9822,-10.8653,0.0],[122.9884,-10.8606,4.3044],[122.9974,-10.8587,2.9251],[123.0055,-10.8589,3.5377],[123.011,-10.8644,2.1435],[123.0141,-10.8623,5.4682],[123.0152,-10.8676,1.3025],[123.0182,-10.8666,0.0],[123.0206,-10.8627,12.4721],[123.0257,-10.8591,9.1423],[123.052,-10.8556,2.4477],[123.0582,-10.8586,2.7897],[123.0569,-10.8617,1.9744],[123.058,-10.8637,1.254],[123.0601,-10.8619,4.9626],[123.0611,-10.8578,2.9998],[123.0628,-10.8579,0.2995],[123.0635,-10.8562,3.7239],[123.0672,-10.8569,1.6624],[123.0697,-10.8545,2.6226],[123.0693,-10.8497,11.3301],[123.0706,-10.8477,16.7252],[123.0754,-10.8517,6.9998],[123.0756,-10.8554,2.2686],[123.0794,-10.8547,3.5224],[123.0859,-10.8578,3.0972],[123.0897,-10.8567,0.0761],[123.0941,-10.8479,7.4092],[123.0939,-10.8449,6.4498],[123.1007,-10.8366,1.2595],[123.0984,-10.8371,12.5594],[123.1005,-10.8342,16.7179],[123.1019,-10.8344,0.77],[123.1026,-10.8316,9.3458],[123.1256,-10.8181,11.1111],[123.1326,-10.8155,41.0169],[123.1354,-10.8163,0.0],[123.1505,-10.8137,20.2999],[123.1558,-10.8168,2.5817],[123.1615,-10.8172,27.5897],[123.1607,-10.818,0.0],[123.1704,-10.8244,22.9312],[123.1709,-10.8263,0.0],[123.1738,-10.8283,1.2184],[123.1797,-10.8289,26.6766],[123.1799,-10.8306,8.4751],[123.1883,-10.8346,19.5903],[123.1821,-10.8342,0.9885],[123.189,-10.8369,1.4501],[123.1964,-10.8334,0.0],[123.195,-10.8335,2.3798],[123.1962,-10.8283,0.0],[123.1984,-10.8253,1.5976],[123.2056,-10.8231,1.4602],[123.2093,-10.8238,2.7189],[123.2079,-10.8194,57.0759],[123.2132,-10.8228,2.4209],[123.2154,-10.8217,1.852],[123.2183,-10.825,0.0],[123.2209,-10.8243,20.4217],[123.2201,-10.8264,1.8636],[123.2229,-10.8295,2.6788],[123.2246,-10.8277,0.0],[123.2231,-10.8261,1.4491],[123.2281,-10.8187,0.0],[123.2298,-10.7994,1.1677],[123.2412,-10.7855,8.8979],[123.2449,-10.7769,25.1094],[123.243,-10.7726,28.5495],[123.243,-10.764,29.4855],[123.2369,-10.7568,23.3331],[123.2368,-10.7535,6.4233],[123.2407,-10.7493,10.9654],[123.2478,-10.75,0.0],[123.2457,-10.7459,0.0],[123.2532,-10.7344,4.6472],[123.2552,-10.7333,3.9235],[123.259,-10.7351,0.2959],[123.2617,-10.7331,3.2828],[123.2663,-10.734,0.8866],[123.2703,-10.7296,0.0],[123.2842,-10.728,0.0],[123.2873,-10.7245,18.5319],[123.2942,-10.7236,3.4483],[123.2961,-10.7198,2.0848],[123.3,-10.7203,1.2383],[123.3006,-10.7169,2.5742],[123.3043,-10.7127,5.1292],[123.3041,-10.7054,6.2837],[123.306,-10.7034,2.3124],[123.3105,-10.7031,0.6153],[123.31,-10.7001,0.8714],[123.3114,-10.6993,7.7503],[123.3178,-10.6998,0.0],[123.3212,-10.6969,3.7801],[123.3208,-10.6955,7.7433],[123.325,-10.694,0.5583],[123.3249,-10.6925,5.6957],[123.329,-10.6919,1.0506],[123.3307,-10.6873,1.6075],[123.3273,-10.6835,6.2263],[123.3313,-10.6783,1.3482],[123.3373,-10.6778,5.8867],[123.34,-10.6849,0.0],[123.3417,-10.6849,0.4968],[123.3434,-10.6819,1.3645],[123.3448,-10.6858,2.7354],[123.3474,-10.6867,0.4876],[123.3506,-10.6841,5.9396],[123.3547,-10.6836,3.0289],[123.3567,-10.6862,3.0713],[123.3597,-10.6828,4.4131],[123.3641,-10.6812,11.1784],[123.3662,-10.6826,0.6949],[123.3682,-10.6883,0.0],[123.3743,-10.6868,1.0896],[123.3801,-10.6907,2.6893],[123.3858,-10.6877,0.9238],[123.3926,-10.6814,0.4832],[123.3948,-10.6831,2.8779],[123.3958,-10.6866,1.2951],[123.3994,-10.6875,1.8132],[123.4043,-10.6843,0.4581],[123.4084,-10.6784,0.7746],[123.4096,-10.6746,2.5933],[123.406,-10.6704,0.7417],[123.407,-10.6661,4.5424],[123.4117,-10.6613,6.48],[123.4194,-10.6573,3.0773],[123.4237,-10.6562,6.3959],[123.42529999999999,-10.6564,1.3074],[123.4254,-10.6579,1.3074],[123.4267,-10.6565,0.0],[123.4257,-10.6558,3.3942],[123.4274,-10.6521,0.6125],[123.4258,-10.6527,2.9233],[123.425,-10.6483,1.9582],[123.4271,-10.6393,1.466],[123.4251,-10.6354,0.3734],[123.4258,-10.625,3.8589],[123.4206,-10.6137,0.0],[123.4164,-10.6088,0.0],[123.4119,-10.61,3.796],[123.4046,-10.6092,0.0],[123.3894,-10.5969,4.0872],[123.3817,-10.5969,1.9913],[123.3814,-10.5987,8.7043],[123.3764,-10.601,0.4913],[123.3706,-10.5996,1.7887],[123.3632,-10.601,0.0],[123.358,-10.5983,3.8243],[123.3546,-10.5986,2.3917],[123.3511,-10.5971,2.4395],[123.3492,-10.5911,5.6327],[123.3432,-10.589,1.0629],[123.3425,-10.5867,0.0],[123.3456,-10.5855,3.115],[123.3513,-10.5861,4.4132],[123.3603,-10.582,2.4546],[123.3631,-10.5827,3.9056],[123.3661,-10.5811,7.6729],[123.3638,-10.5835,1.706],[123.3685,-10.5835,0.0],[123.3737,-10.5777,11.6048],[123.3775,-10.5762,0.0],[123.3835,-10.5685,0.2585],[123.3843,-10.5633,2.7344],[123.3807,-10.5613,6.7152],[123.3792,-10.5525,5.1645],[123.3762,-10.5514,0.0],[123.3734,-10.5558,3.3255],[123.3725,-10.5618,17.4789],[123.3698,-10.5586,4.4329],[123.3726,-10.5525,0.5758],[123.3676,-10.554,4.9188],[123.3634,-10.552,3.7007],[123.3615,-10.5555,9.3642],[123.3585,-10.5513,29.1941],[123.3613,-10.5494,0.0],[123.3592,-10.5491,1.0919],[123.3584,-10.5505,40.3628],[123.3573,-10.5459,17.7187],[123.3609,-10.5486,0.0],[123.3614,-10.5456,2.3954],[123.3634,-10.5449,2.6356],[123.3647,-10.5421,16.8498],[123.3657,-10.5331,14.7598],[123.3683,-10.5352,4.812],[123.3687,-10.5294,38.6014],[123.3722,-10.5279,15.3437],[123.3716,-10.531,3.0337],[123.3756,-10.5249,7.3405],[123.3776,-10.53,0.0],[123.3796,-10.5298,20.6518],[123.3811,-10.5334,0.0],[123.386,-10.5238,2.3527],[123.3897,-10.5208,12.8797],[123.3904,-10.5237,0.0],[123.3913,-10.5188,18.0284],[123.3896,-10.5161,0.0],[123.3909,-10.5093,23.0214],[123.3934,-10.5087,7.5061],[123.3944,-10.5058,12.141],[123.3965,-10.5087,1.7411],[123.3999,-10.5052,0.0],[123.3982,-10.5008,0.0],[123.3962,-10.5016,18.276],[123.3922,-10.4997,6.598],[123.3912,-10.501,18.527],[123.3911,-10.496,0.0],[123.3904,-10.4984,9.6436],[123.3886,-10.4967,2.9878],[123.3891,-10.4999,4.5046],[123.3873,-10.5029,16.2824],[123.3875,-10.4933,0.0],[123.3847,-10.496,3.8627],[123.3842,-10.4948,3.8627],[123.3838,-10.4973,8.7912],[123.3777,-10.5021,5.7449],[123.382,-10.494,12.9708],[123.3832,-10.4948,0.0],[123.3829,-10.4882,18.8],[123.3843,-10.4881,0.0],[123.385,-10.4899,0.0],[123.3903,-10.4855,2.0671],[123.3891,-10.4838,7.919],[123.3909,-10.4804,12.0511],[123.3961,-10.4768,4.6522],[123.3988,-10.4777,3.8337],[123.4046,-10.4713,3.8267],[123.4049,-10.4753,1.5529],[123.4119,-10.4728,7.3581],[123.4197,-10.4716,5.8973],[123.4259,-10.4721,1.2545],[123.4194,-10.4697,12.6784],[123.4102,-10.4704,2.2236],[123.4077,-10.4594,3.4797],[123.4048,-10.455,0.0],[123.3858,-10.439,0.0],[123.3799,-10.4312,0.0],[123.3741,-10.4314,0.8334],[123.3688,-10.4421,0.0],[123.3726,-10.448,0.0],[123.3717,-10.4531,0.0],[123.3758,-10.4573,0.5374],[123.372,-10.4655,3.4333],[123.365,-10.4698,3.2272],[123.3698,-10.4763,5.4243],[123.3696,-10.478,9.8438],[123.3652,-10.4803,6.592],[123.3657,-10.4789,0.6566],[123.3646,-10.4793,0.0],[123.3632,-10.4829,4.358],[123.3623,-10.4809,0.0],[123.3592,-10.481,0.6335],[123.3587,-10.4828,12.3285],[123.3556,-10.4817,0.0],[123.3559,-10.4844,0.7514],[123.3495,-10.4874,16.1245],[123.3482,-10.4847,27.9882],[123.3501,-10.4832,3.3406],[123.3491,-10.4823,1.4767],[123.3393,-10.4861,0.0],[123.3264,-10.5004,5.6012],[123.2953,-10.509,1.5106],[123.2875,-10.5174,4.8215],[123.284,-10.5123,0.5315],[123.2841,-10.5146,1.1197],[123.2796,-10.5193,0.0],[123.2728,-10.5183,1.1545],[123.2645,-10.5205,3.6968],[123.25,-10.5358,3.0473],[123.2427,-10.5491,0.0],[123.2344,-10.5592,0.0],[123.2334,-10.5649,4.4041],[123.221,-10.5695,0.0],[123.2132,-10.5797,3.661],[123.2185,-10.5842,0.5129],[123.2207,-10.5926,0.9302],[123.2244,-10.5966,0.0],[123.2291,-10.5959,7.5559],[123.2448,-10.6029,1.5135],[123.2549,-10.6031,0.0],[123.2584,-10.5958,2.239],[123.2642,-10.5933,0.0],[123.2762,-10.5797,1.6595],[123.2865,-10.5804,0.0],[123.3001,-10.5773,5.7667],[123.3133,-10.5766,0.0],[123.316,-10.5811,5.0798],[123.3123,-10.5912,0.9627],[123.3102,-10.5933,13.6032],[123.3015,-10.5954,5.4897],[123.2965,-10.5953,3.0836],[123.2941,-10.5935,1.7813],[123.2878,-10.5991,1.6011],[123.2822,-10.6,0.4023],[123.2748,-10.6048,29.957],[123.2694,-10.604,4.2341],[123.2673,-10.6008,1.2204],[123.2602,-10.606,3.501],[123.2464,-10.6046,25.7332],[123.2374,-10.6014,11.8409],[123.2346,-10.6048,7.048],[123.2309,-10.6059,1.6309],[123.226,-10.6011,0.0],[123.2215,-10.6009,0.0],[123.2217,-10.5971,0.0],[123.2069,-10.5914,1.8036],[123.1949,-10.5938,1.3846],[123.1896,-10.604,0.0],[123.1919,-10.6142,0.0],[123.1911,-10.6199,0.5395],[123.1805,-10.6308,0.6753],[123.1778,-10.6371,4.1488],[123.1677,-10.6439,4.7878],[123.1619,-10.6447,1.3687],[123.1633,-10.6466,1.2846],[123.1618,-10.6493,0.5341],[123.1532,-10.6503,0.0],[123.149,-10.6528,0.5296],[123.1419,-10.6516,3.5768],[123.1338,-10.6476,1.1148],[123.1328,-10.6443,0.0],[123.1292,-10.6435,0.7901],[123.1159,-10.6618,5.0207],[123.1099,-10.6636,1.0599],[123.1083,-10.6617,0.7898],[123.1089,-10.6638,0.921],[123.1069,-10.6652,0.4336],[123.1089,-10.6667,0.9179],[123.1088,-10.6702,3.6244],[123.0992,-10.6746,5.9258],[123.0938,-10.6715,9.075],[123.0931,-10.6807,0.0],[123.0873,-10.6867,12.1773],[123.0804,-10.6893,0.0],[123.0766,-10.693,35.5824],[123.0712,-10.6931,17.7535],[123.071,-10.6947,3.9042],[123.0737,-10.6955,14.4565],[123.0745,-10.6979,1.2409],[123.0734,-10.701,1.8611],[123.0677,-10.7049,15.0989],[123.0639,-10.7023,0.0],[123.0629,-10.7039,8.6814],[123.0615,-10.7031,3.4696],[123.0623,-10.7061,0.7384],[123.0605,-10.7097,21.28],[123.0516,-10.7188,0.0],[123.0479,-10.7253,6.9654],[123.0436,-10.7261,0.0],[123.0427,-10.7294,0.0],[123.0395,-10.7289,0.0],[123.0368,-10.7306,0.9387],[123.0287,-10.7249,3.0981],[123.0229,-10.7279,0.0],[123.0241,-10.7284,5.3146],[123.0225,-10.7295,0.0],[123.0238,-10.7326,10.2392],[123.0205,-10.7346,11.5493],[123.0172,-10.7349,12.8324],[123.0169,-10.7318,9.5844],[123.0138,-10.7301,6.2252],[123.0079,-10.7301,0.0],[123.0076,-10.7316,5.527],[123.0012,-10.733,11.3593],[122.9948,-10.7318,1.3828],[122.9913,-10.7337,3.8787],[122.9868,-10.7332,4.1864],[122.9847,-10.7364,2.5785],[122.9852,-10.7396,3.532],[122.9808,-10.7421,8.716],[122.9798,-10.7409,0.0],[122.9742,-10.7432,3.4744],[122.9589,-10.7418,5.0296],[122.9563,-10.7441,4.7061],[122.9475,-10.7462,0.8171],[122.9379,-10.7374,4.192],[122.9335,-10.7365,4.0095],[122.9317,-10.7382,3.5447],[122.9326,-10.7443,3.8615],[122.93,-10.7423,1.6507],[122.9225,-10.7472,8.5487],[122.9209,-10.7455,0.0],[122.9129,-10.7464,6.5461],[122.9111,-10.7495,0.4588],[122.9002,-10.752,4.4571],[122.9004,-10.7544,6.0581],[122.898,-10.7553,3.861],[122.8889,-10.7574,3.3307],[122.866,-10.756,0.0],[122.8583,-10.7588,0.0],[122.8468,-10.7706,2.6345],[122.8341,-10.7742,9.4188],[122.8333,-10.7782,0.0],[122.8376,-10.7831,4.2305],[122.8372,-10.7879,1.9374],[122.8245,-10.7852,3.525],[122.8233,-10.7866,7.1429],[122.8229,-10.7848,8.6445],[122.8259,-10.7827,0.0],[122.8232,-10.78,3.2033],[122.81,-10.782,2.3268],[122.8037,-10.8025,2.3891],[122.8128,-10.8161,1.0578],[122.8119,-10.8176,1.7756],[122.8138,-10.8191,2.8269],[122.8173,-10.8186,6.3398],[122.818,-10.8211,6.0783],[122.8195,-10.8204,6.5902],[122.8242,-10.8305,3.5407],[122.8254,-10.8396,3.6473],[122.8234,-10.8408,0.0],[122.8295,-10.8536,0.0],[122.8312,-10.867,0.0],[122.83,-10.8744,3.9111],[122.8274,-10.8764,0.8272],[122.821,-10.8935,0.0],[122.8213,-10.9057,0.0],[122.8239,-10.9143,18.7695],[122.8221,-10.9194,4.6686],[122.8255,-10.9237,1.8663],[122.8331,-10.9267,0.0],[122.8335,-10.9296,1.9935]]],
[[[123.3883,-10.5242,0.0],[123.3885,-10.524,0.0],[123.3884,-10.5237,0.0],[123.388,-10.5241,0.0],[123.3883,-10.5242,0.0]]],
[[[123.3747,-10.5348,0.0],[123.3771,-10.5377,3.049],[123.3769,-10.5316,0.0],[123.3764,-10.5317,0.0],[123.3747,-10.5348,0.0]]],
[[[123.3832,-10.5354,3.6813],[123.3846,-10.5354,1.2966],[123.3849,-10.533,0.0],[123.3846,-10.5331,0.0],[123.3832,-10.5354,3.6813]]],
[[[123.3888,-10.5311,6.3569],[123.3893,-10.5284,8.9152],[123.3863,-10.5272,2.7905],[123.3872,-10.5317,4.8486],[123.3855,-10.5353,0.8549],[123.3876,-10.534,11.7846],[123.3888,-10.5311,6.3569]]],
[[[123.3885,-10.5246,0.0],[123.3879,-10.5249,0.0],[123.3883,-10.527,0.0],[123.3889,-10.525,0.0],[123.3885,-10.5246,0.0]]],
[[[123.3873,-10.5249,0.0],[123.3863,-10.5256,0.0],[123.3865,-10.5264,2.7905],[123.3873,-10.5254,0.0],[123.3873,-10.5249,0.0]]],
[[[121.8377,-10.6257,0.5],[121.8419,-10.6252,4.2205],[121.8466,-10.6213,0.166],[121.8556,-10.6194,6.3383],[121.8593,-10.62,0.0],[121.8605,-10.6232,0.0],[121.8633,-10.6227,7.4533],[121.87,-10.6159,2.5657],[121.8741,-10.6162,6.0026],[121.8754,-10.6181,0.0],[121.8809,-10.6143,5.2355],[121.8825,-10.6091,3.9206],[121.897,-10.5953,1.1883],[121.9122,-10.5905,0.0],[121.9187,-10.5802,3.2444],[121.9265,-10.575,0.0],[121.9281,-10.5712,5.1685],[121.9349,-10.5671,1.2285],[121.9379,-10.5632,3.7311],[121.9448,-10.5604,6.2041],[121.9474,-10.5578,0.5324],[121.9462,-10.5568,5.011],[121.9505,-10.5564,0.0],[121.9572,-10.5514,0.8262],[121.9628,-10.5498,0.953],[121.9726,-10.549,12.6371],[121.9764,-10.5506,10.9902],[121.9862,-10.5509,0.0],[121.9882,-10.5457,0.0],[121.9849,-10.5446,12.8683],[121.9853,-10.5426,1.5733],[121.994,-10.5348,1.8028],[121.9926,-10.5327,0.0],[121.9962,-10.5275,4.6683],[121.9972,-10.523,1.2549],[121.993,-10.5172,0.0],[121.9967,-10.5015,0.0],[121.9935,-10.4891,1.8126],[121.9966,-10.482,0.0],[122.0062,-10.4704,0.7546],[122.0082,-10.4641,3.1524],[122.0059,-10.453,2.0214],[122.0002,-10.4437,0.0],[121.9914,-10.4409,0.0],[121.9705,-10.4427,0.0],[121.9648,-10.4415,11.2391],[121.9431,-10.4281,2.8138],[121.9266,-10.4221,0.0],[121.9105,-10.4188,3.0027],[121.8983,-10.4198,5.4197],[121.8775,-10.4273,4.2126],[121.8669,-10.434,1.2189],[121.8631,-10.4344,0.0],[121.857,-10.4379,0.0],[121.8447,-10.45,6.8243],[121.8438,-10.4543,1.8545],[121.8465,-10.461,1.4675],[121.8404,-10.4779,0.0],[121.8408,-10.489,0.5421],[121.8382,-10.4903,1.3333],[121.8333,-10.4989,1.2073],[121.8226,-10.5028,0.0],[121.818,-10.507,1.9893],[121.80029999999999,-10.5106,1.4132],[121.7962,-10.5145,0.0],[121.7912,-10.5156,3.0924],[121.7739,-10.5254,1.4805],[121.7636,-10.5357,0.4007],[121.7275,-10.5498,6.1],[121.7071,-10.5654,2.7405],[121.6889,-10.5725,1.7024],[121.6842,-10.5778,10.43],[121.7065,-10.592,3.3011],[121.7087,-10.5913,0.0],[121.7308,-10.6017,0.0],[121.7387,-10.6031,0.0],[121.7442,-10.6114,0.0],[121.7493,-10.6151,0.6002],[121.7539,-10.613,0.0],[121.7623,-10.6123,2.6864],[121.7707,-10.6082,0.8067],[121.7824,-10.6076,4.3438],[121.789,-10.609,1.0609],[121.7957,-10.6069,0.0],[121.8063,-10.6128,3.312],[121.8165,-10.6141,2.8952],[121.8271,-10.6225,2.2566],[121.8377,-10.6257,0.5]]],
[[[123.4304,-10.4917,13.4214],[123.4219,-10.4909,0.0],[123.4157,-10.4935,5.869],[123.4113,-10.4928,0.0],[123.404,-10.4986,12.1849],[123.4024,-10.511,1.8886],[123.4044,-10.514099999999999,15.4014],[123.4064,-10.5143,19.2635],[123.4064,-10.5161,13.8105],[123.4037,-10.5197,15.3254],[123.3967,-10.5212,0.0],[123.3964,-10.5236,21.4471],[123.3948,-10.523,7.8856],[123.3936,-10.5251,30.9422],[123.394,-10.527,47.5946],[123.3913,-10.5265,0.0],[123.3917,-10.5288,21.5289],[123.3896,-10.5308,16.6935],[123.3875,-10.5372,10.3474],[123.3858,-10.5386,9.3631],[123.3866,-10.5443,9.4413],[123.3834,-10.5392,0.0],[123.3833,-10.5432,18.3695],[123.3814,-10.5402,2.249],[123.3745,-10.5442,4.192],[123.3771,-10.5475,0.0],[123.3805,-10.5465,3.8432],[123.3805,-10.5564,2.1428],[123.3828,-10.5606,0.0],[123.3846,-10.5607,3.6231],[123.3887,-10.5571,3.7648],[123.3886,-10.5532,1.9541],[123.3912,-10.5511,6.2307],[123.3969,-10.5387,5.1911],[123.4025,-10.5363,0.0],[123.4054,-10.5395,1.6361],[123.4067,-10.5353,2.3007],[123.414,-10.5291,1.5193],[123.412,-10.5297,5.8568],[123.4111,-10.5274,46.9459],[123.4201,-10.5226,28.2775],[123.4221,-10.5191,10.2715],[123.4244,-10.5199,0.0],[123.4284,-10.5157,18.7962],[123.4287,-10.5119,0.0],[123.4325,-10.5069,6.5479],[123.4349,-10.5066,9.6797],[123.4362,-10.5107,0.0],[123.4375,-10.5086,10.9361],[123.439,-10.5109,0.0],[123.4422,-10.501,0.9708],[123.4412,-10.4919,0.0],[123.4344,-10.493,28.9631],[123.4304,-10.4917,13.4214]]],
[[[123.3943,-10.5226,0.0],[123.3946,-10.5218,0.0],[123.3947,-10.5214,0.0],[123.3941,-10.523,7.8856],[123.3943,-10.5226,0.0]]],
[[[123.3934,-10.5219,0.0],[123.3933,-10.5221,0.0],[123.3934,-10.5224,0.0],[123.3935,-10.522,0.0],[123.3934,-10.5219,0.0]]],
[[[123.392,-10.5218,0.0],[123.3921,-10.5212,0.0],[123.392,-10.521,0.0],[123.3917,-10.5214,0.0],[123.392,-10.5218,0.0]]],
[[[123.3936,-10.5183,0.0],[123.393,-10.5189,0.0],[123.3936,-10.5208,0.0],[123.3939,-10.5192,0.0],[123.3936,-10.5183,0.0]]],
[[[123.3965,-10.4823,2.0241],[123.3958,-10.4835,1.7607],[123.3969,-10.4844,1.7607],[123.397,-10.4822,2.0241],[123.3965,-10.4823,2.0241]]],
[[[123.3986,-10.4808,1.0021],[123.3998,-10.4809,1.837],[123.4005,-10.479,0.0],[123.3985,-10.4806,1.0021],[123.3986,-10.4808,1.0021]]],
[[[123.4024,-10.4786,0.0],[123.4024,-10.4789,0.0],[123.403,-10.4783,0.0],[123.4028,-10.4783,0.0],[123.4024,-10.4786,0.0]]],
[[[123.4117,-10.4738,1.0146],[123.412,-10.4736,1.0146],[123.412,-10.4735,1.0146],[123.4114,-10.4736,1.0146],[123.4117,-10.4738,1.0146]]],
[[[123.3314,-10.4574,3.936],[123.333,-10.4558,5.6571],[123.3332,-10.4536,1.5499],[123.3292,-10.4569,0.0],[123.3314,-10.4574,3.936]]],
[[[123.3853,-10.4921,2.0518],[123.3848,-10.4911,0.0],[123.3846,-10.491,0.0],[123.3846,-10.492,2.0518],[123.3853,-10.4921,2.0518]]],
[[[123.3899,-10.4906,0.0],[123.3895,-10.4902,0.0],[123.3898,-10.4915,0.0],[123.3899,-10.4915,0.0],[123.3899,-10.4906,0.0]]],
[[[123.3972,-10.4907,7.4917],[123.398,-10.4866,0.0],[123.3965,-10.4846,4.2026],[123.3923,-10.4892,0.0],[123.3936,-10.4887,27.2138],[123.3982,-10.4946,0.0],[123.3972,-10.4907,7.4917]]],
[[[119.6732,-9.8313,0.0],[119.6736,-9.8318,0.0],[119.6739,-9.8318,0.0],[119.6734,-9.8313,0.0],[119.6732,-9.8313,0.0]]],
[[[119.6743,-9.8357,0.0],[119.6741,-9.8356,0.0],[119.6743,-9.836,0.0],[119.6745,-9.8358,0.0],[119.6743,-9.8357,0.0]]],
[[[123.9938,-9.2586,1.0312],[123.9961,-9.2573,11.8593],[123.9928,-9.2547,26.7831],[123.9912,-9.2562,35.7823],[123.9938,-9.2586,1.0312]]],
[[[124.9922,-9.1855,472.549],[124.9926,-9.1862,473.1664],[124.993,-9.1836,459.5175],[124.992,-9.1846,472.549],[124.9922,-9.1855,472.549]]],
[[[124.9946,-9.1819,469.8267],[124.9948,-9.18,451.183],[124.9942,-9.1788,450.0969],[124.9936,-9.1831,459.5175],[124.9946,-9.1819,469.8267]]],
[[[119.6944,-9.8546,0.0],[119.6945,-9.8547,0.0],[119.6948,-9.8545,0.0],[119.6944,-9.8545,0.0],[119.6944,-9.8546,0.0]]],
[[[119.6834,-9.8489,0.0],[119.6836,-9.8489,0.0],[119.6836,-9.8488,0.0],[119.6833,-9.8489,0.0],[119.6834,-9.8489,0.0]]],
[[[119.6833,-9.8483,0.0],[119.6832,-9.8486,0.0],[119.6836,-9.8485,0.0],[119.6835,-9.8482,0.0],[119.6833,-9.8483,0.0]]],
[[[119.6852,-9.8448,0.0],[119.6856,-9.8449,33.2376],[119.6858,-9.845,33.2376],[119.6855,-9.8447,0.0],[119.6852,-9.8448,0.0]]],
[[[119.6818,-9.8429,0.0],[119.6821,-9.8426,0.0],[119.682,-9.8423,0.0],[119.6816,-9.8427,0.0],[119.6818,-9.8429,0.0]]],
[[[119.6796,-9.8375,0.0],[119.6792,-9.8382,0.0],[119.681,-9.8384,1.2375],[119.6808,-9.838,1.2375],[119.6796,-9.8375,0.0]]],
[[[119.6747,-9.8364,0.0],[119.675,-9.8362,0.0],[119.6749,-9.836,0.0],[119.6747,-9.8361,0.0],[119.6747,-9.8364,0.0]]],
[[[119.6769,-9.836,0.0],[119.6773,-9.8361,0.0],[119.6775,-9.8356,0.0],[119.6772,-9.8358,0.0],[119.6769,-9.836,0.0]]],
[[[119.8702,-9.9492,4.8422],[119.8701,-9.9492,4.8422],[119.8699,-9.9496,0.0],[119.8703,-9.9496,0.0],[119.8702,-9.9492,4.8422]]],
[[[119.86757272727272,-9.9423818181818167,0.0],[119.8676,-9.9424,0.0],[119.8677,-9.9424,0.0],[119.86757272727272,-9.9423818181818167,0.0]]],
[[[119.867,-9.942,0.0],[119.867,-9.9423,0.0],[119.86757272727272,-9.9423818181818167,0.0],[119.867,-9.942,0.0]]],
[[[119.8535,-9.9238,0.0],[119.8536,-9.924,0.0],[119.854,-9.9239,0.0],[119.8538,-9.9238,0.0],[119.8535,-9.9238,0.0]]],
[[[119.7693,-9.9073,0.0],[119.7698,-9.9073,0.0],[119.7698,-9.9072,0.0],[119.7692,-9.9071,0.0],[119.7693,-9.9073,0.0]]],
[[[119.7666,-9.9062,0.0],[119.7666,-9.9074,2.0445],[119.7681,-9.9071,0.0],[119.7681,-9.9066,0.0],[119.7666,-9.9062,0.0]]],
[[[119.849,-9.9242,0.0],[119.8487,-9.9241,0.0],[119.8486,-9.9243,0.0],[119.8488,-9.9243,0.0],[119.849,-9.9242,0.0]]],
[[[119.8489,-9.9238,0.0],[119.8491,-9.9241,0.0],[119.8495,-9.9239,0.0],[119.8494,-9.9239,0.0],[119.8489,-9.9238,0.0]]],
[[[119.7718,-9.9051,0.0],[119.7717,-9.9047,0.0],[119.7711,-9.9053,0.0],[119.7716,-9.9055,0.0],[119.7718,-9.9051,0.0]]],
[[[120.6864,-9.9027,0.0],[120.6879,-9.9047,8.6289],[120.6889,-9.9051,8.6289],[120.6875,-9.9033,2.0114],[120.6864,-9.9027,0.0]]],
[[[119.7586,-9.8937,0.0],[119.7591,-9.8934,0.0],[119.7586,-9.893,0.0],[119.7584,-9.8937,0.0],[119.7586,-9.8937,0.0]]],
[[[119.7026,-9.8609,0.0],[119.7033,-9.8602,0.0],[119.7031,-9.8595,0.0],[119.7028,-9.86,0.0],[119.7026,-9.8609,0.0]]],
[[[119.7592,-9.893,0.0],[119.7594,-9.8928,0.4173],[119.7588,-9.8924,0.4173],[119.7588,-9.8925,0.4173],[119.7592,-9.893,0.0]]],
[[[119.7597,-9.8924,1.0648],[119.7597,-9.892,1.0648],[119.7593,-9.8918,0.4173],[119.7591,-9.8922,0.4173],[119.7597,-9.8924,1.0648]]],
[[[119.7017,-9.8574,0.0],[119.701,-9.8582,0.0],[119.7012,-9.8597,0.0],[119.7027,-9.8586,0.0],[119.7017,-9.8574,0.0]]],
[[[123.5595,-10.0873,2.4219],[123.5576,-10.0853,1.9714],[123.553,-10.0866,3.1263],[123.5533,-10.0901,0.9086],[123.5578,-10.0949,0.0],[123.5593,-10.0935,0.7116],[123.5595,-10.0873,2.4219]]],
[[[120.0185,-10.0836,0.0],[120.0185,-10.0834,0.0],[120.0182,-10.0835,0.0],[120.0184,-10.0836,0.0],[120.0185,-10.0836,0.0]]],
[[[120.0187,-10.0834,0.0],[120.0187,-10.0833,0.0],[120.0186,-10.0833,0.0],[120.0187,-10.0834,0.0]]],
[[[120.0174,-10.0791,4.4151],[120.0175,-10.0791,4.4151],[120.0174,-10.079,4.4151],[120.0173,-10.079,4.4151],[120.0174,-10.0791,4.4151]]],
[[[120.0137,-10.0752,0.0],[120.0135,-10.0753,0.0],[120.0136,-10.0755,0.0],[120.0137,-10.0754,0.0],[120.0137,-10.0752,0.0]]],
[[[120.0171,-10.0822,0.0],[120.0172,-10.0824,0.0],[120.0173,-10.0823,0.0],[120.0172,-10.0821,0.0],[120.0171,-10.0822,0.0]]],
[[[120.0177,-10.0821,0.0],[120.018,-10.0824,0.0],[120.0182,-10.0822,0.0],[120.0178,-10.082,0.0],[120.0177,-10.0821,0.0]]],
[[[120.0174,-10.0822,0.0],[120.0175,-10.0823,0.0],[120.0176,-10.0822,0.0],[120.0175,-10.0821,0.0],[120.0174,-10.0822,0.0]]],
[[[120.0136,-10.0736,0.0],[120.0136,-10.0734,0.0],[120.0134,-10.0735,0.0],[120.0134,-10.0736,0.0],[120.0136,-10.0736,0.0]]],
[[[120.0081,-10.0668,0.0],[120.008,-10.067,0.0],[120.008,-10.0671,0.0],[120.0083,-10.0667,0.0],[120.0081,-10.0668,0.0]]],
[[[120.009,-10.067,1.9655],[120.0089,-10.0672,1.9655],[120.0091,-10.0673,1.9655],[120.0092,-10.0672,1.9655],[120.009,-10.067,1.9655]]],
[[[120.0087,-10.0668,1.9655],[120.0088,-10.067,1.9655],[120.0091,-10.0668,1.9655],[120.0089,-10.0667,1.9655],[120.0087,-10.0668,1.9655]]],
[[[120.0088,-10.0665,1.9655],[120.0087,-10.0664,1.9655],[120.0086,-10.0664,0.0],[120.0088,-10.0665,1.9655]]],
[[[120.0084,-10.0661,0.0],[120.0083,-10.0662,0.0],[120.008,-10.0665,0.0],[120.0085,-10.0664,0.0],[120.0084,-10.0661,0.0]]],
[[[120.0083,-10.0658,0.0],[120.0084,-10.0656,0.0],[120.0083,-10.0656,0.0],[120.0081,-10.0658,0.0],[120.0083,-10.0658,0.0]]],
[[[120.0002,-10.0553,0.0],[119.9996,-10.0549,0.0],[119.9991,-10.0554,0.0],[119.9996,-10.0556,0.0],[120.0002,-10.0553,0.0]]],
[[[123.61279999999999,-10.0522,6.6244],[123.6143,-10.0508,0.0],[123.6132,-10.05,0.0],[123.6111,-10.0531,0.0],[123.61279999999999,-10.0522,6.6244]]],
[[[119.9975,-10.0524,0.0],[119.9976,-10.0523,0.0],[119.9974,-10.0522,0.0],[119.9973,-10.0523,0.0],[119.9975,-10.0524,0.0]]],
[[[119.9986,-10.052,78.0534],[119.9989,-10.0521,31.7485],[119.999,-10.0519,78.0534],[119.9987,-10.0519,78.0534],[119.9986,-10.052,78.0534]]],
[[[119.9973,-10.0519,0.0],[119.9972,-10.0521,0.0],[119.9977,-10.0522,0.0],[119.9975,-10.0518,0.0],[119.9973,-10.0519,0.0]]],
[[[119.9556,-10.0089,0.0],[119.9556,-10.0091,0.0],[119.9558,-10.0092,0.0],[119.9558,-10.0089,0.0],[119.9556,-10.0089,0.0]]],
[[[119.9556,-10.0083,0.0],[119.9557,-10.0084,0.0],[119.9559,-10.0084,0.0],[119.9559,-10.0082,0.0],[119.9556,-10.0083,0.0]]],
[[[119.9468,-9.9997,0.0],[119.9467,-10.0,0.0],[119.9471,-9.9998,0.0],[119.947,-9.9998,0.0],[119.9468,-9.9997,0.0]]],
[[[119.9971,-10.0506,0.0],[119.9974,-10.0505,0.0],[119.9974,-10.0501,0.0],[119.997,-10.0503,0.0],[119.9971,-10.0506,0.0]]],
[[[123.6878,-10.3608,0.0],[123.6878,-10.3612,0.0],[123.6884,-10.3617,0.0],[123.6884,-10.3613,0.0],[123.6878,-10.3608,0.0]]],
[[[123.4581,-10.1994,10.7754],[123.458,-10.1991,10.7754],[123.4571,-10.1997,1.2226],[123.4574,-10.1998,0.0],[123.4581,-10.1994,10.7754]]],
[[[120.099,-10.1768,0.0],[120.0991,-10.1771,0.0],[120.0992,-10.1767,0.0],[120.099,-10.1768,0.0]]],
[[[120.0972,-10.1767,0.0],[120.0973,-10.1765,0.0],[120.0973,-10.1762,4.0133],[120.097,-10.1767,0.0],[120.0972,-10.1767,0.0]]],
[[[120.0764,-10.1651,0.0],[120.0764,-10.1652,0.0],[120.0766,-10.1654,0.0],[120.0767,-10.1651,0.0],[120.0764,-10.1651,0.0]]],
[[[120.0094,-10.1261,0.9325],[120.0103,-10.1261,0.9325],[120.0107,-10.1242,0.0],[120.0099,-10.1245,12.8364],[120.0094,-10.1261,0.9325]]],
[[[120.0195,-10.1236,0.0],[120.0198,-10.1233,0.0],[120.0197,-10.1231,0.0],[120.0194,-10.1231,0.0],[120.0195,-10.1236,0.0]]],
[[[120.0124,-10.1233,0.0],[120.0125,-10.123,0.0],[120.0121,-10.1228,18.527],[120.012,-10.123,0.0],[120.0124,-10.1233,0.0]]],
[[[120.0071,-10.1154,0.0],[120.0076,-10.1154,0.0],[120.0076,-10.1152,0.0],[120.0073,-10.1151,0.0],[120.0071,-10.1154,0.0]]],
[[[120.0087,-10.1109,47.2736],[120.0087,-10.1112,47.2736],[120.009,-10.1112,47.2736],[120.0089,-10.1107,47.2736],[120.0087,-10.1109,47.2736]]],
[[[120.0138,-10.1024,0.0],[120.0136,-10.1022,0.0],[120.0135,-10.1022,0.0],[120.0136,-10.1024,0.0],[120.0138,-10.1024,0.0]]],
[[[120.0147,-10.1023,0.0],[120.0146,-10.1021,0.0],[120.0145,-10.1022,0.0],[120.0146,-10.1024,0.0],[120.0147,-10.1023,0.0]]],
[[[120.0319,-10.1214,0.0],[120.0318,-10.1214,0.0],[120.0319,-10.1217,0.0],[120.032,-10.1215,0.0],[120.0319,-10.1214,0.0]]],
[[[120.0323,-10.1212,15.7677],[120.0323,-10.1211,15.7677],[120.0322,-10.121,15.7677],[120.0321,-10.1211,15.7677],[120.0323,-10.1212,15.7677]]],
[[[120.1662,-10.3151,0.0],[120.1645,-10.3117,6.5461],[120.162,-10.3132,3.3486],[120.1625,-10.3158,5.644],[120.1662,-10.3151,0.0]]],
[[[120.1648,-10.3103,0.0],[120.1643,-10.3105,0.0],[120.1642,-10.3108,0.0],[120.165,-10.3107,0.0],[120.1648,-10.3103,0.0]]],
[[[120.1739,-10.3224,0.0],[120.1737,-10.3219,0.0],[120.1735,-10.322,0.0],[120.1734,-10.3226,0.0],[120.1739,-10.3224,0.0]]],
[[[120.4555,-10.3158,0.0],[120.4558,-10.3156,0.0],[120.4555,-10.3153,0.0],[120.4553,-10.3155,0.0],[120.4555,-10.3158,0.0]]],
[[[120.4553,-10.3127,0.0],[120.4552,-10.3126,0.0],[120.455,-10.3124,56.9678],[120.455,-10.3127,56.9678],[120.4553,-10.3127,0.0]]],
[[[120.2086,-10.2538,0.0],[120.2083,-10.2539,0.0],[120.2081,-10.254,0.0],[120.2086,-10.254,0.0],[120.2086,-10.2538,0.0]]],
[[[123.4356,-10.234,3.5302],[123.4312,-10.2324,1.8657],[123.4268,-10.2382,3.0442],[123.4286,-10.2461,25.3733],[123.4307,-10.2473,9.1015],[123.4378,-10.2455,7.0754],[123.4406,-10.2419,2.0363],[123.4395,-10.2374,0.0],[123.4356,-10.234,3.5302]]],
[[[120.1571,-10.2331,0.0],[120.1574,-10.2332,0.0],[120.1574,-10.2331,0.0],[120.1571,-10.233,0.0],[120.1571,-10.2331,0.0]]],
[[[120.1578,-10.2331,0.0],[120.1582,-10.233,0.0],[120.1582,-10.2328,0.0],[120.1577,-10.2327,0.0],[120.1578,-10.2331,0.0]]],
[[[120.2127,-10.2542,0.0],[120.2129,-10.2537,0.0],[120.2122,-10.2538,0.0],[120.2124,-10.2542,0.0],[120.2127,-10.2542,0.0]]],
[[[123.2859,-10.3101,1.1492],[123.286,-10.3073,0.0],[123.28,-10.3093,3.5814],[123.2781,-10.3082,2.1902],[123.2719,-10.3142,0.9884],[123.2704,-10.3138,0.9884],[123.2701,-10.3183,0.0],[123.2735,-10.3203,0.454],[123.28,-10.3143,4.048],[123.2789,-10.3123,4.401],[123.2859,-10.3101,1.1492]]],
[[[120.2133,-10.306,0.0],[120.2121,-10.3036,4.9572],[120.2114,-10.3047,22.4957],[120.2079,-10.3042,0.0],[120.1991,-10.3069,3.2154],[120.1951,-10.31,21.4599],[120.1803,-10.3124,0.0],[120.1709,-10.3174,0.0],[120.1754,-10.3212,8.9492],[120.1836,-10.3236,0.0],[120.2004,-10.3228,5.0599],[120.2062,-10.3194,23.0114],[120.2119,-10.3183,0.0],[120.2138,-10.3143,22.4164],[120.2133,-10.306,0.0]]],
[[[120.4604,-10.3081,0.0],[120.4601,-10.3081,0.0],[120.4593,-10.3088,0.0],[120.46,-10.3091,0.0],[120.4604,-10.3081,0.0]]],
[[[120.4617,-10.3077,0.0],[120.4618,-10.3078,0.0],[120.462,-10.3078,0.0],[120.4619,-10.3076,0.0],[120.4617,-10.3077,0.0]]],
[[[120.4673,-10.306,18.5945],[120.4672,-10.3062,18.5945],[120.4674,-10.3064,0.0],[120.4674,-10.3062,18.5945],[120.4673,-10.306,18.5945]]],
[[[120.1065,-10.3332,0.0],[120.1135,-10.3348,0.0],[120.1213,-10.3338,2.4787],[120.1245,-10.3321,0.0],[120.1261,-10.3274,0.0],[120.1233,-10.3259,0.0],[120.1174,-10.3263,5.575],[120.1096,-10.3295,0.7008],[120.1065,-10.3332,0.0]]],
[[[123.343,-10.3248,2.9953],[123.3429,-10.3263,0.0],[123.3437,-10.3264,0.0],[123.3442,-10.3257,2.9953],[123.343,-10.3248,2.9953]]],
[[[123.3472,-10.3054,2.5963],[123.3549,-10.3067,1.9679],[123.3586,-10.305,2.9599],[123.3668,-10.3045,4.6439],[123.3763,-10.308,0.0],[123.3793,-10.3115,6.3149],[123.3801,-10.3209,4.0016],[123.379,-10.3237,0.5113],[123.3821,-10.3291,2.9912],[123.3822,-10.3309,2.6611],[123.3805,-10.3318,0.7433],[123.383,-10.3355,0.6197],[123.3824,-10.3372,0.0],[123.3885,-10.3361,9.7236],[123.401,-10.3397,0.0],[123.4087,-10.335,1.2274],[123.4106,-10.3325,4.0006],[123.4106,-10.3276,7.8413],[123.4118,-10.3288,6.0625],[123.4137,-10.3246,0.0],[123.415,-10.3139,0.0],[123.4126,-10.3113,0.0],[123.4118,-10.3138,4.6851],[123.4096,-10.3135,4.6052],[123.3997,-10.3071,10.7657],[123.396,-10.3,0.5392],[123.3954,-10.2929,2.5655],[123.3912,-10.2924,2.535],[123.3955,-10.2922,2.5655],[123.3967,-10.2901,1.2362],[123.4031,-10.2946,0.0],[123.4093,-10.2967,0.4404],[123.4109,-10.2963,0.4321],[123.4119,-10.2933,7.195],[123.4199,-10.2961,9.2712],[123.4202,-10.2905,17.4887],[123.4141,-10.279,7.4736],[123.4124,-10.2713,0.0],[123.409,-10.2704,2.8494],[123.4074,-10.2681,4.5734],[123.4098,-10.2662,3.4435],[123.4099,-10.2685,0.0],[123.4129,-10.27,0.0],[123.4166,-10.2655,0.8101],[123.4185,-10.2597,1.8949],[123.4173,-10.256,1.6519],[123.4115,-10.2525,16.5697],[123.4116,-10.2513,16.5697],[123.415,-10.2519,1.3742],[123.4161,-10.2499,6.0508],[123.4136,-10.2491,5.3835],[123.4155,-10.2469,2.6816],[123.4126,-10.244,0.0],[123.412,-10.241,6.3465],[123.4095,-10.2392,0.0],[123.4078,-10.2411,5.4443],[123.406,-10.2402,5.4443],[123.4056,-10.2365,1.3641],[123.402,-10.238,8.4918],[123.3988,-10.2373,2.8122],[123.3937,-10.2311,0.0],[123.3928,-10.2239,0.3611],[123.3901,-10.2261,6.8375],[123.3922,-10.2205,15.4615],[123.3953,-10.2163,0.9093],[123.3909,-10.2092,8.0203],[123.3909,-10.2074,20.2167],[123.3926,-10.2068,11.5367],[123.3916,-10.209,3.1132],[123.3939,-10.2092,0.0],[123.3963,-10.204,2.7657],[123.3989,-10.2028,11.782],[123.4024,-10.2067,0.0],[123.4102,-10.2102,1.1013],[123.4154,-10.2105,1.1325],[123.421,-10.2082,10.2628],[123.4217,-10.2141,8.7566],[123.4195,-10.2177,0.0],[123.4172,-10.2288,0.9282],[123.4228,-10.2308,5.6282],[123.4281,-10.2304,2.9975],[123.4466,-10.2151,8.3008],[123.4486,-10.2177,2.5799],[123.4525,-10.2176,6.3163],[123.4544,-10.2096,6.1244],[123.4523,-10.2051,7.2562],[123.455,-10.204,7.0084],[123.4571,-10.1991,14.8963],[123.4581,-10.1989,10.7754],[123.4591,-10.2005,0.0],[123.4613,-10.1956,28.0264],[123.4642,-10.1941,6.4545],[123.4651,-10.1952,0.0],[123.4654,-10.1939,6.4545],[123.4681,-10.1954,1.3912],[123.4811,-10.1867,4.4436],[123.4833,-10.1841,0.0],[123.4824,-10.1823,7.4495],[123.5024,-10.1828,6.1123],[123.5055,-10.1782,2.4321],[123.506,-10.1638,7.6129],[123.5005,-10.1577,5.1578],[123.4937,-10.1564,8.9427],[123.4892,-10.1537,3.0224],[123.4798,-10.164,0.0],[123.4764,-10.1648,5.7453],[123.4689,-10.1618,2.1146],[123.4668,-10.158,2.6434],[123.4682,-10.1531,0.0],[123.4643,-10.1449,0.0],[123.4649,-10.1378,0.0],[123.4634,-10.1311,10.7317],[123.4588,-10.1216,4.9779],[123.4536,-10.1151,5.1029],[123.4486,-10.1143,0.0],[123.4261,-10.1267,2.4062],[123.4143,-10.1301,5.9083],[123.4098,-10.1291,0.0],[123.4035,-10.1325,0.0],[123.4006,-10.132,1.4125],[123.3963,-10.1342,2.83],[123.3863,-10.1704,4.0892],[123.379,-10.1801,1.9755],[123.3679,-10.2037,0.6657],[123.349,-10.2269,6.3621],[123.3436,-10.227,3.8211],[123.3317,-10.2321,0.0],[123.3204,-10.2399,2.4746],[123.3184,-10.2474,11.3575],[123.3166,-10.248,14.0203],[123.3009,-10.2712,0.2037],[123.3012,-10.2738,9.4201],[123.3093,-10.2821,8.4449],[123.3087,-10.2868,2.3191],[123.3065,-10.2891,0.0],[123.307,-10.2964,0.0],[123.305,-10.3008,0.0],[123.3062,-10.3055,0.0],[123.3054,-10.3118,0.0],[123.317,-10.3346,0.0],[123.3216,-10.3388,2.548],[123.3257,-10.3396,0.0],[123.3291,-10.3378,2.434],[123.336,-10.3171,0.0],[123.3472,-10.3054,2.5963]]],
[[[123.4644,-10.3245,3.3741],[123.4621,-10.3307,1.8494],[123.465,-10.3392,4.7336],[123.4554,-10.3504,18.9565],[123.4574,-10.3565,4.5468],[123.4651,-10.3603,0.6687],[123.4864,-10.3556,1.084],[123.4924,-10.352,0.0],[123.4923,-10.3483,3.4969],[123.4943,-10.3501,0.0],[123.4992,-10.3464,4.1119],[123.5145,-10.3403,3.6534],[123.5298,-10.3302,2.1548],[123.542,-10.3276,4.2369],[123.5472,-10.328,0.0],[123.5482,-10.3304,0.45],[123.5542,-10.333,0.0],[123.5692,-10.3332,0.0],[123.5705,-10.3389,0.0],[123.5754,-10.3443,11.9443],[123.5844,-10.345,0.0],[123.5988,-10.3526,6.8128],[123.6057,-10.3665,13.2385],[123.6114,-10.3701,0.0],[123.6192,-10.3606,7.3909],[123.6264,-10.3559,3.1758],[123.6318,-10.3544,21.6254],[123.6337,-10.3577,2.0768],[123.6378,-10.3547,2.8983],[123.6554,-10.3496,0.0],[123.6714,-10.3511,12.3748],[123.677,-10.3537,0.0],[123.6808,-10.3536,2.768],[123.6823,-10.3546,4.0731],[123.6823,-10.357,2.049],[123.6844,-10.3562,13.523],[123.6925,-10.3619,1.6208],[123.6974,-10.3611,9.5496],[123.6997,-10.3647,0.0],[123.7036,-10.3663,0.0],[123.7087,-10.3642,27.5105],[123.7147,-10.3646,0.0],[123.7176,-10.3624,44.3359],[123.7225,-10.3648,0.0],[123.7237,-10.3624,16.6118],[123.7267,-10.3606,27.5866],[123.7298,-10.3614,0.0],[123.732,-10.3588,0.0],[123.7499,-10.3548,0.0],[123.7526,-10.3556,4.5488],[123.7557,-10.3517,7.8594],[123.7658,-10.3478,21.3309],[123.7782,-10.3497,0.0],[123.7827,-10.3526,6.1185],[123.7842,-10.3518,6.1185],[123.7887,-10.3558,3.2349],[123.793,-10.3554,3.2471],[123.7946,-10.3535,25.4335],[123.7983,-10.3553,1.0346],[123.8032,-10.3531,0.0],[123.8037,-10.3504,9.7532],[123.8118,-10.349,5.4824],[123.8212,-10.3429,23.8891],[123.8361,-10.3397,0.0],[123.8526,-10.3339,7.7167],[123.8607,-10.3344,26.9773],[123.8645,-10.3327,14.236],[123.8761,-10.3183,6.4482],[123.8881,-10.3103,0.9753],[123.8991,-10.3049,0.8607],[123.9102,-10.3019,0.8153],[123.9154,-10.2976,6.0133],[123.9312,-10.2942,8.3951],[123.9424,-10.297,4.2934],[123.9464,-10.2936,12.7474],[123.9487,-10.2844,6.1432],[123.9624,-10.2768,1.1583],[123.9758,-10.274,3.0462],[124.0033,-10.2771,1.3575],[124.0184,-10.2734,0.0],[124.0233,-10.2681,0.0],[124.0228,-10.2659,11.0506],[124.0259,-10.2626,0.0],[124.0272,-10.2542,0.0],[124.0327,-10.2476,5.4022],[124.0619,-10.2299,0.0],[124.0734,-10.2265,0.0],[124.0792,-10.2189,5.2901],[124.0826,-10.2178,6.6914],[124.0814,-10.2159,5.8552],[124.0826,-10.2141,5.0748],[124.079,-10.2101,0.0],[124.0804,-10.2045,6.056],[124.0965,-10.1919,0.0],[124.1015,-10.1794,9.5433],[124.1063,-10.1804,0.0],[124.1073,-10.1776,0.0],[124.1415,-10.1607,6.2975],[124.1707,-10.1555,2.247],[124.1872,-10.157,1.9712],[124.2059,-10.1632,0.0],[124.2108,-10.1613,1.8961],[124.2513,-10.166,3.0191],[124.3372,-10.1722,3.1625],[124.3383,-10.1717,0.0],[124.3372,-10.1699,0.0],[124.3388,-10.1691,3.9881],[124.3479,-10.1727,6.8373],[124.3884,-10.1709,4.2186],[124.4007,-10.1682,0.0],[124.4174,-10.16,0.0],[124.4426,-10.1442,7.3027],[124.4662,-10.1261,4.0968],[124.4777,-10.1216,1.1951],[124.4875,-10.1118,2.2107],[124.4897,-10.1073,7.8413],[124.4978,-10.1029,9.8996],[124.5069,-10.0935,1.5177],[124.5168,-10.079,13.8719],[124.5263,-10.06,0.0],[124.533,-10.0289,6.4879],[124.5424,-10.0162,8.3992],[124.5556,-10.0057,24.3685],[124.5721,-10.0032,1.4434],[124.5826,-10.0034,3.3206],[124.5882,-10.0002,0.731],[124.5953,-9.9886,8.1751],[124.6039,-9.9789,24.9034],[124.6231,-9.9657,5.9153],[124.632,-9.9626,10.8791],[124.6412,-9.9552,4.2851],[124.6556,-9.9481,0.5594],[124.664,-9.9303,6.9287],[124.6726,-9.9202,0.0],[124.6835,-9.9215,0.0],[124.6889,-9.9178,36.1396],[124.6986,-9.9144,15.4079],[124.723,-9.8951,1.074],[124.7321,-9.8911,22.877],[124.7352,-9.8879,36.9918],[124.7448,-9.8854,3.4975],[124.7508,-9.8816,0.0],[124.7557,-9.8734,14.9678],[124.7535,-9.8714,92.3372],[124.7545,-9.8658,0.0],[124.7633,-9.8486,1.1301],[124.768,-9.8439,6.4666],[124.7743,-9.8409,3.0268],[124.7863,-9.8177,6.2524],[124.8001,-9.8003,1.1279],[124.8096,-9.7919,0.0],[124.8083,-9.7896,7.5148],[124.8096,-9.7907,2.9694],[124.8126,-9.7885,4.5898],[124.8214,-9.7788,3.9778],[124.8214,-9.7767,5.1559],[124.8188,-9.7755,3.5125],[124.8199,-9.774,6.3278],[124.824,-9.7753,0.0],[124.8344,-9.7553,0.0],[124.8447,-9.7411,1.9146],[124.854,-9.7315,0.7395],[124.8525,-9.7316,4.0778],[124.8531,-9.7304,0.6503],[124.8631,-9.7231,0.0],[124.8644,-9.7187,1.2648],[124.8661,-9.7197,0.0],[124.8683,-9.7185,0.0],[124.8955,-9.6955,1.8311],[124.9112,-9.6892,1.8464],[124.9176,-9.6848,2.0729],[124.9278,-9.6825,4.4002],[124.9376,-9.6825,3.11],[124.9386,-9.6802,2.0559],[124.947,-9.6779,3.0617],[124.9492,-9.6727,2.6583],[124.9821,-9.6401,2.2444],[124.9869,-9.629,0.0],[124.9863,-9.5941,1.7591],[124.989,-9.579,4.1887],[124.9928,-9.568,0.5792],[124.9922,-9.5642,2.3465],[124.9898,-9.5621,0.0],[124.9913,-9.5586,0.8433],[124.9954,-9.5559,1.0479],[125.0089,-9.5298,4.649],[125.0315,-9.505,3.2429],[125.0306,-9.5038,5.5473],[125.0321,-9.5044,2.1611],[125.0487,-9.4909,0.0],[125.0632,-9.4817,0.0],[125.0717,-9.4817,0.0],[125.0879,-9.463,0.0],[125.088,-9.4586,6.3796],[125.0847,-9.4546,11.3015],[125.0873,-9.4513,15.8371],[125.0837,-9.4497,18.6871],[125.0812,-9.4439,47.7882],[125.0787,-9.4426,24.1012],[125.0809,-9.4387,33.3121],[125.0787,-9.4347,31.7281],[125.0815,-9.4316,61.472],[125.0793,-9.4301,35.8555],[125.0806,-9.4272,42.7111],[125.0782,-9.4264,44.6555],[125.081,-9.4213,58.9215],[125.0787,-9.4206,52.6624],[125.0779,-9.4183,56.7519],[125.0811,-9.4132,81.2776],[125.0772,-9.4049,68.268],[125.077,-9.3983,72.2349],[125.08,-9.3921,85.0343],[125.0751,-9.3838,116.3285],[125.071,-9.3828,117.004],[125.0678,-9.3793,124.8072],[125.0668,-9.3736,134.9981],[125.0589,-9.3709,141.5478],[125.0587,-9.3669,150.9976],[125.0534,-9.3641,159.5248],[125.0507,-9.3602,171.0952],[125.05,-9.358,179.9332],[125.0515,-9.3551,201.4776],[125.0495,-9.3551,211.3546],[125.0488,-9.3535,208.0504],[125.0512,-9.3448,253.2246],[125.0502,-9.3344,324.7159],[125.0523,-9.3312,370.5907],[125.0513,-9.3288,355.204],[125.0478,-9.3239,384.7568],[125.0425,-9.3213,416.9165],[125.0356,-9.3235,459.543],[125.0341,-9.3201,499.6138],[125.0295,-9.3201,604.2366],[125.0264,-9.314,662.115],[125.0107,-9.3005,475.6398],[125.0067,-9.2948,533.6973],[124.9969,-9.2941,586.9106],[124.9945,-9.2902,662.8844],[124.9953,-9.2855,670.8251],[124.9983,-9.2808,736.8583],[124.9979,-9.2783,750.3351],[124.9894,-9.268,856.1661],[124.9874,-9.2608,790.587],[124.9883,-9.2552,756.3909],[124.9848,-9.2515,736.8937],[124.9853,-9.2463,720.1465],[124.9839,-9.2429,717.4028],[124.9814,-9.242,729.7657],[124.983,-9.2409,714.8954],[124.9821,-9.2354,690.2173],[124.9838,-9.2308,782.2041],[124.9814,-9.2111,819.8848],[124.9827,-9.1914,642.042],[124.9845,-9.192,610.4874],[124.9883,-9.1895,566.2609],[124.9904,-9.1787,552.194],[124.9928,-9.1767,442.8791],[124.994,-9.1783,450.0969],[124.993,-9.1766,442.8791],[124.9943,-9.1724,428.4768],[124.9997,-9.1742,458.0901],[125.003,-9.1724,509.2766],[125.0055,-9.1746,498.8624],[125.009,-9.1748,588.9266],[125.0117,-9.1739,601.787],[125.0144,-9.1691,455.1241],[125.0251,-9.1713,503.2231],[125.0286,-9.1696,503.1385],[125.0331,-9.1702,514.2762],[125.0361,-9.1744,544.843],[125.0395,-9.1732,552.8452],[125.0419,-9.1743,558.9763],[125.0527,-9.1688,616.3892],[125.0603,-9.173,672.4724],[125.0654,-9.1733,655.575],[125.068,-9.1758,670.6594],[125.0748,-9.1755,721.5306],[125.08,-9.1886,809.6379],[125.0834,-9.1895,868.3604],[125.0863,-9.193,949.7921],[125.0911,-9.1954,967.297],[125.097,-9.2018,1169.5812],[125.1025,-9.1972,993.9274],[125.1023,-9.1958,978.8666],[125.1062,-9.1958,944.5327],[125.1079,-9.1924,936.7124],[125.1164,-9.1865,825.9584],[125.1226,-9.1853,808.3021],[125.125,-9.1823,780.9828],[125.1319,-9.1791,745.393],[125.1343,-9.1744,750.5907],[125.1421,-9.1735,685.9119],[125.1482,-9.1708,678.8751],[125.1554,-9.173,663.126],[125.1714,-9.1724,605.9875],[125.1747,-9.175,600.3988],[125.1794,-9.1664,806.0922],[125.1765,-9.1579,837.0382],[125.1789,-9.1536,773.9359],[125.1793,-9.1468,694.623],[125.1763,-9.144,661.3889],[125.1757,-9.1368,639.871],[125.1731,-9.1341,597.8092],[125.1726,-9.1272,561.6881],[125.1706,-9.1228,538.2077],[125.1732,-9.1182,529.8972],[125.1795,-9.1184,516.5543],[125.1781,-9.1125,495.8739],[125.1732,-9.1061,502.2542],[125.1761,-9.1044,480.2332],[125.1782,-9.0998,465.3086],[125.1774,-9.0955,465.5101],[125.1802,-9.0839,432.1736],[125.1849,-9.08,420.1346],[125.1849,-9.0745,401.0699],[125.1876,-9.0733,383.2477],[125.1839,-9.0628,336.519],[125.1848,-9.0594,312.3198],[125.1886,-9.0571,304.084],[125.1879,-9.0492,302.4968],[125.1893,-9.0465,280.9742],[125.1843,-9.0374,256.2974],[125.1852,-9.0308,221.4639],[125.1868,-9.0291,219.5079],[125.1847,-9.0259,209.1287],[125.1717,-9.0182,186.4266],[125.1629,-9.0106,169.9167],[125.1592,-9.0047,163.2246],[125.1483,-8.9965,151.33],[125.1359,-8.9955,134.6946],[125.1334,-8.9882,129.4392],[125.13,-8.9867,127.6809],[125.1269,-8.9808,120.4494],[125.1218,-8.9782,117.804],[125.1214,-8.9746,115.1269],[125.1175,-8.9702,110.7284],[125.112,-8.9675,105.9571],[125.1082,-8.9688,110.2016],[125.1035,-8.9741,131.8965],[125.1021,-8.9884,118.1247],[125.0988,-8.9928,120.2996],[125.099,-8.9998,123.7629],[125.0875,-9.0125,141.0467],[125.0821,-9.0143,183.7846],[125.0766,-9.0219,153.8605],[125.0732,-9.0226,161.7702],[125.0671,-9.0281,170.1591],[125.062,-9.0285,160.3216],[125.058,-9.0269,181.9278],[125.0524,-9.0317,195.4107],[125.0427,-9.0319,185.9932],[125.0403,-9.0344,183.1009],[125.0383,-9.0335,186.7605],[125.0364,-9.0363,222.1609],[125.0315,-9.0382,196.425],[125.0303,-9.0434,208.7205],[125.0251,-9.0439,206.8559],[125.0229,-9.0422,209.821],[125.0208,-9.0432,208.6441],[125.0207,-9.05,207.6527],[125.0103,-9.0502,213.5016],[125.0071,-9.0602,223.627],[125.0031,-9.0636,232.6414],[124.9918,-9.0642,239.2863],[124.9887,-9.0601,264.0684],[124.9839,-9.0662,261.5044],[124.9746,-9.0631,252.7814],[124.9692,-9.0566,247.1004],[124.9613,-9.0589,254.5734],[124.9556,-9.058,258.4855],[124.9525,-9.0486,265.7403],[124.9505,-9.0488,270.5471],[124.9507,-9.0511,265.8062],[124.9489,-9.0527,267.5938],[124.9474,-9.0522,267.5938],[124.9465,-9.0491,273.998],[124.9423,-9.0489,271.455],[124.9426,-9.0474,269.7402],[124.9398,-9.0463,270.3062],[124.9419,-9.0371,295.68],[124.9374,-9.0348,307.6509],[124.9318,-9.028,397.8942],[124.9319,-9.0182,398.2753],[124.9367,-9.0168,369.7921],[124.9374,-9.0138,290.2494],[124.9366,-9.0068,124.0469],[124.938,-9.003,92.0855],[124.934,-8.9989,59.7011],[124.934,-8.9954,54.3252],[124.941,-8.9841,37.4645],[124.9413,-8.9786,31.255],[124.9455,-8.9763,28.4692],[124.946,-8.9732,23.687],[124.9503,-8.9688,17.1702],[124.9517,-8.9611,6.3678],[124.9495,-8.9582,4.773],[124.9447,-8.9577,2.3815],[124.946,-8.9572,1.9493],[124.9386,-8.9575,0.0],[124.9321,-8.962,2.4482],[124.9288,-8.9625,3.1941],[124.9296,-8.9636,5.1504],[124.9267,-8.9665,4.8386],[124.9207,-8.9667,6.2218],[124.9187,-8.9707,2.9459],[124.9156,-8.9689,0.6686],[124.912,-8.9708,7.4921],[124.9078,-8.9697,0.0],[124.9064,-8.972,6.4254],[124.9,-8.9721,1.098],[124.878,-8.9803,3.5848],[124.8729,-8.9865,1.3279],[124.8664,-8.9901,0.0],[124.8619,-8.9979,0.0],[124.8614,-8.9963,0.0],[124.8613,-8.9974,0.0],[124.862,-8.9991,1.0121],[124.8634,-8.999,10.9711],[124.8657,-9.0036,4.5302],[124.8606,-8.9987,5.6834],[124.8544,-8.9994,0.0],[124.8511,-9.0068,9.1903],[124.8486,-9.0085,12.0855],[124.8466,-9.0056,0.6528],[124.83,-9.0024,0.0],[124.827,-9.0021,2.6614],[124.8261,-9.0043,4.3781],[124.8243,-9.0022,0.0],[124.8162,-9.0024,0.0],[124.8095,-9.0072,15.1362],[124.8106,-9.0112,5.9909],[124.8088,-9.0147,0.0],[124.8102,-9.0164,8.6076],[124.8094,-9.0181,15.3251],[124.8069,-9.014,54.696],[124.8073,-9.0128,0.0],[124.8088,-9.014,2.3427],[124.8072,-9.0113,23.4105],[124.8042,-9.0088,2.7517],[124.801,-9.0086,1.628],[124.7961,-9.0121,0.5189],[124.792,-9.0186,1.4388],[124.7854,-9.0191,1.2232],[124.7732,-9.0318,4.6927],[124.7656,-9.0328,0.0],[124.7572,-9.0415,5.2316],[124.7298,-9.0588,2.9434],[124.7245,-9.0585,3.042],[124.7155,-9.0507,0.0],[124.7061,-9.0506,1.8714],[124.6978,-9.0534,0.0],[124.6949,-9.0588,2.523],[124.6914,-9.0787,0.0],[124.6865,-9.0939,4.9278],[124.6816,-9.1034,0.0],[124.6697,-9.1187,5.067],[124.6587,-9.1253,1.5085],[124.6537,-9.1256,0.7379],[124.6492,-9.124,0.0],[124.6393,-9.1283,1.0777],[124.6229,-9.1481,1.763],[124.6143,-9.1542,1.2383],[124.5727,-9.1644,2.6629],[124.5725,-9.1665,2.2827],[124.5698,-9.1664,2.5069],[124.5688,-9.1674,2.5069],[124.5705,-9.1666,2.5069],[124.5699,-9.1678,2.5069],[124.5726,-9.1681,3.1676],[124.5691,-9.1693,2.7139],[124.5612,-9.1778,2.5703],[124.5534,-9.1781,9.3023],[124.5528,-9.1729,0.0],[124.5512,-9.1725,0.6788],[124.5419,-9.1763,7.7045],[124.5387,-9.1762,0.0],[124.5303,-9.1864,17.6145],[124.5061,-9.1761,0.0],[124.5017,-9.1762,0.0],[124.4976,-9.1792,0.7647],[124.4917,-9.1779,0.0],[124.4857,-9.172,2.578],[124.4811,-9.172,1.259],[124.4761,-9.1744,2.9958],[124.4781,-9.1762,7.4879],[124.4804,-9.1893,28.8461],[124.4795,-9.1956,60.0166],[124.4829,-9.1978,135.6933],[124.4776,-9.2,64.0575],[124.476,-9.2034,112.1066],[124.4685,-9.2083,80.325],[124.4661,-9.224,274.4608],[124.4685,-9.2281,294.3817],[124.4658,-9.2314,353.614],[124.4673,-9.2383,446.9421],[124.4645,-9.2424,568.2554],[124.4661,-9.2498,1071.8704],[124.462,-9.2508,1040.4169],[124.4609,-9.2568,768.4888],[124.4547,-9.2669,623.5914],[124.4561,-9.2751,623.6204],[124.4555,-9.2836,727.9961],[124.462,-9.2935,889.644],[124.4626,-9.2995,954.3306],[124.4594,-9.3048,985.5037],[124.4564,-9.3059,980.7764],[124.4546,-9.3086,1012.7574],[124.4468,-9.3064,926.9284],[124.4435,-9.3127,707.3199],[124.4402,-9.3145,573.631],[124.4383,-9.3339,319.2844],[124.4349,-9.3347,337.7574],[124.4336,-9.3314,293.5053],[124.4311,-9.3339,303.9025],[124.4265,-9.3318,293.7],[124.4219,-9.3363,277.5439],[124.4149,-9.3356,253.3435],[124.412,-9.3383,253.5967],[124.4094,-9.3369,232.6223],[124.4035,-9.34,222.5478],[124.4042,-9.3428,275.3145],[124.4021,-9.3455,295.7766],[124.4011,-9.3522,381.68],[124.3896,-9.3606,485.3052],[124.38,-9.3568,414.2661],[124.3801,-9.3632,438.3856],[124.3779,-9.3653,415.2132],[124.3783,-9.3704,345.6388],[124.3741,-9.3766,288.6967],[124.3787,-9.3798,293.0186],[124.3819,-9.3895,299.4288],[124.3793,-9.3933,306.0515],[124.3804,-9.3968,324.3632],[124.3766,-9.4,364.278],[124.3725,-9.4011,388.5979],[124.3772,-9.4037,375.9612],[124.3745,-9.4063,402.3129],[124.3734,-9.4051,385.8827],[124.3716,-9.406,398.6895],[124.3739,-9.4087,429.2219],[124.3726,-9.4147,416.0994],[124.3668,-9.4195,524.9684],[124.3625,-9.4192,571.1063],[124.3541,-9.424,697.1736],[124.3496,-9.4286,810.369],[124.3482,-9.434,903.1468],[124.3524,-9.4412,824.4169],[124.359,-9.4434,831.5195],[124.3621,-9.4461,781.5658],[124.3651,-9.4596,498.6202],[124.3565,-9.4642,525.5289],[124.3549,-9.4693,580.1461],[124.3569,-9.4718,615.0366],[124.3553,-9.4766,680.8843],[124.3566,-9.4818,748.8654],[124.3548,-9.4852,797.1088],[124.3497,-9.4856,835.0885],[124.3422,-9.4828,831.0628],[124.3383,-9.4866,865.7831],[124.3322,-9.4856,981.9531],[124.3162,-9.4959,1112.8491],[124.3014,-9.4935,1155.0386],[124.2968,-9.5027,1067.7557],[124.2927,-9.5017,1139.5277],[124.2878,-9.5047,1297.7783],[124.2851,-9.5029,1330.4851],[124.2788,-9.5033,1530.3545],[124.2794,-9.4889,1257.1062],[124.2824,-9.4853,1147.219],[124.2849,-9.476,919.8352],[124.2882,-9.4724,867.8491],[124.2865,-9.4687,837.8038],[124.287,-9.4646,778.0548],[124.2846,-9.4628,705.2134],[124.2836,-9.4584,655.5936],[124.287,-9.4512,524.5771],[124.2813,-9.4407,474.7155],[124.2742,-9.4341,427.6252],[124.2765,-9.4291,414.0624],[124.2756,-9.4248,392.292],[124.2733,-9.424,389.0894],[124.274,-9.4204,379.3514],[124.2711,-9.4146,382.0165],[124.2716,-9.4124,359.1027],[124.2698,-9.4112,361.9463],[124.2678,-9.4124,363.0437],[124.2667,-9.407,346.1893],[124.2628,-9.4037,337.1591],[124.2614,-9.3963,324.3569],[124.2521,-9.3923,312.6957],[124.2446,-9.384,300.5303],[124.239,-9.3817,329.0116],[124.235,-9.3744,302.7682],[124.2306,-9.3759,284.4232],[124.2167,-9.3656,268.6949],[124.2121,-9.3678,264.6532],[124.2109,-9.3701,273.7168],[124.2064,-9.3697,252.3884],[124.2048,-9.3711,252.3884],[124.2034,-9.3776,240.9741],[124.197,-9.3789,235.3148],[124.1925,-9.3778,241.3585],[124.1901,-9.3839,219.6152],[124.1857,-9.3873,212.5679],[124.1737,-9.3905,195.5331],[124.1722,-9.3932,226.8842],[124.1682,-9.3945,193.5526],[124.1681,-9.3967,172.2195],[124.1719,-9.4003,174.8831],[124.1612,-9.4125,154.3942],[124.1627,-9.4177,147.5537],[124.1616,-9.4197,154.209],[124.1547,-9.4225,143.5702],[124.1501,-9.4219,136.3106],[124.15,-9.4273,127.9115],[124.1438,-9.4242,130.5345],[124.1396,-9.4245,127.8691],[124.1352,-9.4269,121.7779],[124.1284,-9.4167,128.0363],[124.1264,-9.4162,134.631],[124.1249,-9.4109,138.5244],[124.1201,-9.4068,125.1684],[124.1182,-9.4071,117.811],[124.1164,-9.41,131.9772],[124.1131,-9.4067,93.1888],[124.1105,-9.4101,99.4219],[124.0968,-9.4081,74.487],[124.0883,-9.3949,55.6921],[124.0752,-9.3799,38.1261],[124.0702,-9.3697,28.0711],[124.0643,-9.3674,26.1333],[124.0617,-9.3605,23.3807],[124.0534,-9.354,17.4387],[124.0531,-9.3519,17.2921],[124.0493,-9.3509,17.8957],[124.0455,-9.3475,11.3056],[124.0443,-9.3363,6.6813],[124.0432,-9.3359,0.0],[124.0398,-9.3369,1.9332],[124.0302,-9.3451,3.1473],[124.0128,-9.3457,2.1561],[124.0087,-9.3431,6.2531],[123.9948,-9.3421,3.0996],[123.9847,-9.3492,4.3892],[123.9833,-9.3518,6.6725],[123.9806,-9.352,2.12],[123.9762,-9.3612,4.0707],[123.9715,-9.3647,0.0],[123.9681,-9.3786,11.0578],[123.964,-9.3858,36.9619],[123.9574,-9.3909,0.0],[123.9466,-9.3932,1.7045],[123.9419,-9.397,0.0],[123.9403,-9.4011,0.0],[123.9398,-9.4121,9.5532],[123.9352,-9.4208,3.6982],[123.9327,-9.4227,0.0],[123.9213,-9.425,2.4889],[123.9151,-9.4288,3.2198],[123.907,-9.4267,4.5619],[123.9007,-9.4291,0.0],[123.8963,-9.4358,2.0102],[123.897,-9.4441,3.4348],[123.894,-9.4547,28.8075],[123.8865,-9.4636,21.5329],[123.8716,-9.4747,27.1138],[123.8585,-9.4772,5.4274],[123.8525,-9.4747,3.6388],[123.848,-9.4756,0.0],[123.8405,-9.4859,1.4943],[123.8351,-9.4884,3.533],[123.8275,-9.496,0.0],[123.8143,-9.4985,6.3893],[123.8021,-9.4918,6.248],[123.795,-9.4909,0.0],[123.793,-9.4991,10.6791],[123.7953,-9.5076,19.6933],[123.795,-9.5159,22.5678],[123.7928,-9.5222,2.2112],[123.7911,-9.5233,13.5521],[123.79,-9.5344,12.6752],[123.7876,-9.5419,5.8507],[123.781,-9.5479,3.5164],[123.7709,-9.5516,7.9546],[123.7597,-9.5532,6.3464],[123.7487,-9.5628,0.7857],[123.7413,-9.5636,0.0],[123.7343,-9.567,0.5449],[123.7313,-9.5764,8.6219],[123.7213,-9.5923,9.8917],[123.7086,-9.5987,6.4665],[123.7045,-9.6037,8.2531],[123.7001,-9.6048,0.0],[123.6934,-9.6178,2.531],[123.6791,-9.627,1.6004],[123.6743,-9.6283,4.6605],[123.673,-9.6307,0.0],[123.6712,-9.6466,0.0],[123.6803,-9.6798,1.2715],[123.6843,-9.7015,9.4062],[123.6827,-9.7079,0.0],[123.6837,-9.7162,0.0],[123.6809,-9.7189,0.396],[123.6823,-9.7357,5.0272],[123.6814,-9.7434,0.0],[123.6792,-9.7524,0.0],[123.6757,-9.7573,68.182],[123.6615,-9.7612,3.0098],[123.6595,-9.7644,24.7034],[123.6435,-9.7715,18.6474],[123.6424,-9.7739,2.5126],[123.6482,-9.7802,0.0],[123.6534,-9.7828,10.8185],[123.6556,-9.789,3.164],[123.6619,-9.7932,4.9003],[123.6656,-9.8014,6.7475],[123.6701,-9.8244,2.5187],[123.6679,-9.8537,4.5568],[123.6609,-9.87,2.5497],[123.6559,-9.8737,1.605],[123.649,-9.8872,7.6292],[123.6417,-9.8946,7.3061],[123.6323,-9.8979,0.0],[123.6282,-9.8965,1.6646],[123.6249,-9.8915,5.1944],[123.6214,-9.8903,2.7831],[123.6157,-9.8978,0.0],[123.6174,-9.9007,12.0163],[123.6143,-9.898,4.4529],[123.6071,-9.8984,18.3769],[123.6047,-9.8969,3.1856],[123.5946,-9.9025,0.0],[123.5905,-9.9101,6.3487],[123.588,-9.9109,3.7457],[123.5836,-9.9164,8.2344],[123.5813,-9.925,11.008],[123.5844,-9.9296,0.0],[123.5854,-9.9363,0.9059],[123.5823,-9.9411,0.0],[123.5794,-9.9396,2.7869],[123.5785,-9.9423,0.0],[123.5856,-9.9702,0.0],[123.5859,-9.9829,0.0],[123.5887,-9.9927,1.3279],[123.5809,-10.018,4.0724],[123.5863,-10.0346,0.0],[123.5963,-10.0442,3.542],[123.6081,-10.0451,0.0],[123.6116,-10.0344,18.4549],[123.6223,-10.0193,3.3595],[123.6272,-10.02,0.0],[123.6287,-10.0176,7.6964],[123.6378,-10.0175,1.8486],[123.6405,-10.0142,16.8555],[123.6541,-10.0095,11.5208],[123.658,-10.0111,14.859],[123.6599,-10.0146,0.0],[123.6654,-10.018,0.0],[123.6688,-10.0192,4.5852],[123.6701,-10.0171,0.0],[123.6773,-10.0176,5.2925],[123.6805,-10.0209,4.8754],[123.681,-10.0191,13.7965],[123.6837,-10.0198,0.0],[123.6829,-10.0186,13.2191],[123.6848,-10.0164,2.6973],[123.6888,-10.0156,3.5008],[123.6891,-10.0125,11.4317],[123.6963,-10.0101,5.7778],[123.6983,-10.0111,6.4978],[123.699,-10.0136,2.783],[123.702,-10.0142,0.8689],[123.7032,-10.0174,1.3101],[123.7225,-10.027,0.3379],[123.7303,-10.0266,0.7133],[123.7328,-10.0293,0.0],[123.7361,-10.0283,0.0],[123.7394,-10.0297,0.0],[123.7525,-10.0286,1.663],[123.7582,-10.032,3.2019],[123.7583,-10.0336,0.7905],[123.7652,-10.0351,3.8984],[123.7647,-10.0393,3.713],[123.7672,-10.04,5.653],[123.766,-10.0412,0.0],[123.7686,-10.041,4.3727],[123.7711,-10.0434,1.0319],[123.7674,-10.0467,0.0],[123.769,-10.0477,6.6314],[123.7675,-10.0495,0.0],[123.7688,-10.051,3.7544],[123.7624,-10.054,3.0349],[123.7585,-10.0663,3.4322],[123.7586,-10.0711,3.4325],[123.7543,-10.0752,3.8056],[123.7553,-10.077,1.6384],[123.7523,-10.0805,2.187],[123.7484,-10.0817,2.5558],[123.7467,-10.0883,1.7221],[123.7483,-10.0901,3.5672],[123.7414,-10.0986,1.9855],[123.7334,-10.0997,0.0],[123.7237,-10.1053,8.6868],[123.7176,-10.1058,4.6293],[123.7159,-10.104,0.0],[123.7179,-10.1039,0.4868],[123.717,-10.1021,0.0],[123.7108,-10.1036,0.0],[123.7042,-10.1088,0.0],[123.7025,-10.1085,0.0],[123.6925,-10.1182,1.7765],[123.6864,-10.1198,2.9656],[123.6826,-10.1192,0.0],[123.677,-10.1216,0.0],[123.6673,-10.1329,1.6796],[123.6584,-10.1343,0.0],[123.6537,-10.1419,0.6193],[123.6494,-10.1454,2.5686],[123.6329,-10.1434,3.9142],[123.6293,-10.1405,0.1837],[123.6247,-10.14,2.5758],[123.596,-10.1538,4.6688],[123.5918,-10.1519,0.0],[123.5889,-10.1531,0.0],[123.5899,-10.1551,3.5876],[123.5881,-10.1562,0.5789],[123.5817,-10.1568,4.9914],[123.5698,-10.1648,0.0],[123.5684,-10.1685,0.0],[123.5642,-10.1713,3.3263],[123.5587,-10.1724,1.6443],[123.5558,-10.1691,1.2217],[123.55,-10.1683,4.4734],[123.5327,-10.1756,0.0],[123.5279,-10.187,16.4259],[123.5275,-10.194,13.545],[123.5287,-10.1945,13.545],[123.5272,-10.1959,1.8836],[123.5289,-10.1967,6.0363],[123.5302,-10.2022,11.1175],[123.5262,-10.2172,20.6726],[123.5244,-10.2179,1.0958],[123.5232,-10.2157,0.0],[123.5225,-10.2162,0.0],[123.5229,-10.2182,3.6807],[123.5196,-10.2193,1.1306],[123.5186,-10.2176,0.0],[123.5186,-10.2197,14.3581],[123.4886,-10.2244,0.5865],[123.4891,-10.2489,1.0449],[123.501,-10.2738,17.6316],[123.4977,-10.2763,2.2828],[123.4966,-10.2829,10.0771],[123.4905,-10.2888,8.1891],[123.4943,-10.2934,6.4329],[123.4917,-10.2932,3.8631],[123.4924,-10.2944,6.4329],[123.4897,-10.296,2.795],[123.4879,-10.2945,0.0],[123.4855,-10.2962,0.0],[123.4853,-10.2977,2.4048],[123.4872,-10.2986,5.5201],[123.4817,-10.3035,0.0],[123.4808,-10.3085,1.1964],[123.4764,-10.3167,3.7621],[123.4644,-10.3245,3.3741]],
[[124.9778,-9.2316,683.1326],[124.9772,-9.2303,664.1104],[124.9781,-9.2313,674.9667],[124.9779,-9.232,683.1326],[124.9778,-9.2316,683.1326]],
[[124.9794,-9.2332,682.6836],[124.9795,-9.2336,682.6836],[124.978,-9.2326,683.1326],[124.9788,-9.2328,674.9667],[124.9794,-9.2332,682.6836]]],
[[[120.2167,-10.2524,21.6006],[120.2186,-10.254,0.0],[120.2195,-10.2522,18.9575],[120.2304,-10.2505,14.187],[120.2368,-10.2453,0.0],[120.2472,-10.2439,3.3602],[120.2686,-10.2457,5.106],[120.2803,-10.2501,3.3883],[120.2886,-10.2558,3.4911],[120.2956,-10.2578,16.3014],[120.2982,-10.2572,18.1313],[120.3008,-10.254,32.9269],[120.3037,-10.2541,8.6606],[120.3044,-10.2511,13.1606],[120.3192,-10.2539,13.0134],[120.326,-10.2515,0.0],[120.3342,-10.2519,0.0],[120.3462,-10.2486,2.1719],[120.3497,-10.2492,2.441],[120.3656,-10.2556,0.9139],[120.3908,-10.2696,0.0],[120.4267,-10.2971,5.3234],[120.429,-10.303,0.0],[120.432,-10.3017,12.5367],[120.4384,-10.3077,0.0],[120.4434,-10.3067,8.7276],[120.4444,-10.3087,0.0],[120.4497,-10.3105,57.5783],[120.4493,-10.3149,0.0],[120.4524,-10.3136,9.7397],[120.4542,-10.3171,0.6119],[120.4542,-10.3126,56.9678],[120.4571,-10.3088,125.1539],[120.4637,-10.3054,14.6887],[120.4687,-10.306,6.7569],[120.473,-10.3019,20.3083],[120.4751,-10.2927,4.8064],[120.4784,-10.2872,0.8715],[120.479,-10.2741,29.3456],[120.4825,-10.27,0.0],[120.4853,-10.2633,0.0],[120.5003,-10.2589,9.8967],[120.5058,-10.2557,24.7242],[120.5134,-10.2565,0.0],[120.5164,-10.2481,4.8378],[120.5243,-10.2432,0.9181],[120.5324,-10.2399,0.0],[120.5618,-10.238,0.0],[120.572,-10.2398,0.0],[120.5846,-10.2488,0.0],[120.591,-10.2514,0.0],[120.6055,-10.2533,1.4865],[120.6139,-10.2528,3.7424],[120.6239,-10.2482,0.0],[120.6301,-10.2367,0.0],[120.6401,-10.229,4.1513],[120.6487,-10.2282,0.0],[120.6705,-10.2298,0.0],[120.6843,-10.2249,0.5182],[120.6872,-10.2226,3.1016],[120.6879,-10.2197,0.0],[120.7041,-10.2085,1.3366],[120.7181,-10.2042,4.7388],[120.7294,-10.1946,0.0],[120.7392,-10.1902,0.0],[120.7425,-10.1865,1.8695],[120.7459,-10.1738,0.0],[120.7507,-10.1635,2.3832],[120.7575,-10.1541,4.3301],[120.7739,-10.1417,0.0],[120.7928,-10.1335,0.0],[120.8054,-10.1311,2.6274],[120.8154,-10.1251,0.0],[120.8175,-10.1188,2.784],[120.8273,-10.1104,1.7888],[120.8385,-10.097,0.4015],[120.8417,-10.0887,3.9773],[120.8373,-10.0871,0.0],[120.8375,-10.0841,7.0675],[120.8443,-10.0689,0.0],[120.8444,-10.0569,0.0],[120.8471,-10.0384,1.1759],[120.8459,-10.0288,1.5036],[120.8391,-10.0152,1.5651],[120.8348,-10.0111,0.0],[120.8304,-10.0108,1.6985],[120.8326,-10.0073,3.2743],[120.8322,-10.005,3.3334],[120.8264,-9.9968,1.9761],[120.8226,-9.9948,9.2755],[120.821,-9.9871,6.8663],[120.8176,-9.9825,0.0],[120.8161,-9.9774,0.0],[120.7973,-9.963,12.115],[120.7847,-9.9487,0.0],[120.7656,-9.9385,4.8382],[120.7592,-9.932,3.6182],[120.7555,-9.9311,6.3405],[120.747,-9.9241,2.2816],[120.7399,-9.9218,4.8481],[120.739,-9.9238,1.0313],[120.7338,-9.9245,1.0699],[120.7272,-9.9228,5.5852],[120.7286,-9.9218,5.5852],[120.7199,-9.9181,3.2424],[120.7168,-9.9211,3.2743],[120.7132,-9.9209,0.0],[120.709,-9.9188,5.3829],[120.7043,-9.911,0.0],[120.6953,-9.9042,1.2191],[120.6894,-9.9033,3.8308],[120.6884,-9.9041,3.8308],[120.6892,-9.9049,8.6289],[120.6887,-9.9055,8.6289],[120.6781,-9.8992,0.0],[120.6604,-9.8732,0.4819],[120.646,-9.8451,2.9369],[120.6302,-9.8191,0.8059],[120.6278,-9.8109,1.508],[120.6275,-9.7965,4.8059],[120.6256,-9.7902,2.7461],[120.6179,-9.7795,0.0],[120.6086,-9.7734,1.9667],[120.6056,-9.769,0.0],[120.6017,-9.7549,1.0976],[120.6003,-9.7407,0.7332],[120.5971,-9.7316,5.6217],[120.5927,-9.7286,1.5629],[120.578,-9.7253,1.7699],[120.5732,-9.7122,0.0],[120.5697,-9.7072,2.796],[120.5579,-9.6958,1.1835],[120.5449,-9.6887,1.1379],[120.5388,-9.6865,1.9797],[120.522,-9.692,2.2751],[120.5041,-9.6857,1.5134],[120.4984,-9.6775,0.0],[120.4931,-9.6573,0.0],[120.4809,-9.6313,5.0664],[120.476,-9.6235,0.0],[120.4671,-9.616,0.0],[120.4616,-9.6152,1.7138],[120.4388,-9.6264,8.8136],[120.4266,-9.6279,0.0],[120.4066,-9.6356,3.9483],[120.3883,-9.6377,0.0],[120.383,-9.6437,0.0],[120.3863,-9.6446,0.0],[120.389,-9.6484,4.0334],[120.3791,-9.6474,0.7488],[120.3784,-9.6444,0.0],[120.3761,-9.6426,0.0],[120.3659,-9.6436,2.0807],[120.3637,-9.6463,6.7731],[120.3602,-9.6459,0.0],[120.3524,-9.6496,7.0337],[120.3479,-9.6538,0.0],[120.3489,-9.6544,3.5999],[120.3467,-9.6576,1.607],[120.3364,-9.6636,4.1127],[120.3273,-9.6665,2.7419],[120.3205,-9.6738,2.5959],[120.3166,-9.6755,1.9672],[120.3155,-9.6746,1.9672],[120.3195,-9.6723,1.7195],[120.3205,-9.6695,0.5608],[120.3197,-9.6701,3.7318],[120.319,-9.6679,0.0],[120.317,-9.6692,7.6778],[120.3109,-9.665,6.7018],[120.3095,-9.6603,0.0],[120.3049,-9.6561,4.8008],[120.3048,-9.65,3.793],[120.2989,-9.6419,0.0],[120.294,-9.642,2.9848],[120.2902,-9.6403,0.99],[120.2784,-9.6409,0.4962],[120.2783,-9.6392,0.0],[120.275,-9.638,5.8382],[120.274,-9.6403,3.3416],[120.2693,-9.6405,0.5229],[120.2685,-9.6429,3.2027],[120.2617,-9.6427,7.7555],[120.258,-9.6397,5.7912],[120.2578,-9.6376,0.0],[120.2566,-9.638,1.0823],[120.2568,-9.6399,5.2914],[120.2545,-9.6409,0.0],[120.2554,-9.6423,0.0],[120.2523,-9.6475,0.9233],[120.2497,-9.6453,0.6796],[120.2509,-9.6402,1.0495],[120.2446,-9.6419,6.9462],[120.2435,-9.6402,0.7971],[120.2465,-9.6372,0.0],[120.247,-9.6343,1.0456],[120.245,-9.6334,3.2427],[120.2412,-9.6215,0.0],[120.237,-9.6157,6.6206],[120.2281,-9.5856,5.1592],[120.2287,-9.5596,8.7067],[120.2269,-9.5464,3.0966],[120.2259,-9.5457,2.7051],[120.2255,-9.5471,8.1127],[120.225,-9.5444,4.6048],[120.2269,-9.5426,0.6835],[120.2254,-9.5352,4.1587],[120.2263,-9.5309,5.2107],[120.2241,-9.5289,3.7222],[120.2188,-9.5129,0.0],[120.2139,-9.5048,15.9818],[120.2107,-9.4908,0.0],[120.1961,-9.4838,2.0448],[120.1924,-9.4736,2.5208],[120.1849,-9.4682,3.0265],[120.1654,-9.4695,0.0],[120.1408,-9.4824,3.6373],[120.1283,-9.4854,2.6562],[120.1239,-9.4852,2.8963],[120.1154,-9.4808,0.0],[120.1085,-9.4814,6.5067],[120.1025,-9.4767,1.3009],[120.1019,-9.4781,4.859],[120.0971,-9.4764,5.259],[120.0845,-9.4697,6.5751],[120.0779,-9.4641,5.643],[120.0661,-9.4469,4.1745],[120.0637,-9.4449,3.9403],[120.0627,-9.4463,5.7166],[120.0615,-9.4454,4.8871],[120.0562,-9.4355,0.0],[120.0492,-9.4296,4.6005],[120.0355,-9.4045,0.0],[120.0343,-9.3973,3.7161],[120.0291,-9.3966,3.906],[120.0236,-9.3887,2.9772],[120.0128,-9.3865,9.6572],[120.0074,-9.3827,1.3462],[119.9991,-9.3726,0.0],[119.9919,-9.3554,32.7814],[119.9759,-9.3387,0.0],[119.9633,-9.3282,62.3969],[119.9536,-9.3157,3.4566],[119.9465,-9.3022,30.7317],[119.9428,-9.2848,0.0],[119.9359,-9.2759,0.0],[119.9322,-9.2788,15.6461],[119.928,-9.2787,0.0],[119.9256,-9.2837,8.6736],[119.9221,-9.285,0.0],[119.9194,-9.2922,0.0],[119.8906,-9.3271,1.4452],[119.8813,-9.3348,7.2706],[119.8449,-9.3559,3.9104],[119.8328,-9.3659,0.0],[119.8207,-9.3806,0.0],[119.807,-9.3939,12.3302],[119.7966,-9.399,0.0],[119.7843,-9.3996,5.5881],[119.7731,-9.3968,0.8994],[119.7615,-9.3857,0.0],[119.7307,-9.3892,0.0],[119.6864,-9.3824,0.0],[119.6566,-9.3679,2.7737],[119.6407,-9.3555,0.0],[119.6324,-9.3461,0.0],[119.6281,-9.3453,6.8515],[119.6004,-9.3466,3.0659],[119.5858,-9.3507,0.0],[119.5718,-9.3563,7.4408],[119.5617,-9.3654,0.0],[119.5513,-9.3722,0.0],[119.5336,-9.3775,0.0],[119.5226,-9.3779,0.0],[119.5144,-9.3756,1.7161],[119.5001,-9.3684,9.9834],[119.4893,-9.3658,0.0],[119.4769,-9.3588,1.9632],[119.4699,-9.3581,9.1416],[119.4548,-9.3606,0.0],[119.4433,-9.3643,0.0],[119.4262,-9.3779,4.9922],[119.4253,-9.3755,2.2139],[119.4218,-9.3745,0.0],[119.4086,-9.3737,2.1168],[119.4022,-9.3767,5.0948],[119.3964,-9.3819,9.9931],[119.3866,-9.3835,7.6175],[119.3614,-9.3778,0.0],[119.3481,-9.3772,0.0],[119.3255,-9.3714,2.9489],[119.3171,-9.3675,4.1274],[119.3036,-9.3583,3.6331],[119.2934,-9.3576,0.0],[119.2859,-9.3598,4.1622],[119.2715,-9.3683,6.7517],[119.2567,-9.3697,16.459],[119.2379,-9.3779,0.0],[119.2251,-9.3894,2.2407],[119.2197,-9.391,0.0],[119.2076,-9.3868,11.3127],[119.1942,-9.3749,3.1124],[119.1866,-9.374,4.4406],[119.1726,-9.3763,14.6775],[119.1536,-9.3839,4.6031],[119.1371,-9.3958,3.9428],[119.123,-9.4028,0.0],[119.114,-9.409,2.9126],[119.1093,-9.4159,1.3333],[119.1013,-9.4215,24.1915],[119.0946,-9.4219,13.9625],[119.0821,-9.4189,4.302],[119.0739,-9.4234,14.5402],[119.0561,-9.4237,6.7771],[119.033,-9.431,0.0],[119.004,-9.4464,10.2286],[118.9898,-9.4563,2.766],[118.9717,-9.475,11.9306],[118.9713,-9.4774,1.9186],[118.9664,-9.4804,5.4254],[118.9666,-9.4818,10.4596],[118.9645,-9.482,0.0],[118.9527,-9.501,0.0],[118.9408,-9.5158,17.1968],[118.9295,-9.5419,0.0],[118.9271,-9.5514,2.4669],[118.9279,-9.5576,0.0],[118.9313,-9.5624,5.7965],[118.9719,-9.5979,5.0087],[118.9861,-9.6077,2.6678],[118.9849,-9.6107,3.341],[118.9865,-9.6154,3.3314],[118.995,-9.6266,1.1702],[119.0052,-9.6331,0.7507],[119.0091,-9.6463,0.0],[119.0262,-9.6751,0.0],[119.0468,-9.6892,30.8598],[119.0491,-9.6925,7.2245],[119.0556,-9.6955,23.1764],[119.0579,-9.6986,0.0],[119.0595,-9.6995,2.9338],[119.0622,-9.6972,33.9841],[119.0749,-9.7024,46.7119],[119.0909,-9.7135,34.208],[119.0914,-9.7158,0.0],[119.0924,-9.7142,34.208],[119.1051,-9.7135,12.6689],[119.1157,-9.7207,46.732],[119.1178,-9.7265,0.0],[119.1234,-9.7249,15.8456],[119.1248,-9.727,7.1261],[119.1292,-9.7274,17.3859],[119.128,-9.7299,0.0],[119.1302,-9.7293,32.8956],[119.1314,-9.7308,0.0],[119.1326,-9.7291,31.1292],[119.1346,-9.7309,5.3635],[119.1379,-9.7277,35.7158],[119.1409,-9.7283,2.7766],[119.1581,-9.736,15.7908],[119.1631,-9.7422,4.6313],[119.1674,-9.7413,7.93],[119.1683,-9.7428,7.93],[119.1699,-9.741,31.3039],[119.1741,-9.7412,37.0623],[119.1827,-9.7491,0.0],[119.1851,-9.7588,0.0],[119.1871,-9.7579,35.4211],[119.1885,-9.7593,11.7054],[119.192,-9.7572,1.9962],[119.1938,-9.7518,0.0],[119.1926,-9.7496,21.9071],[119.1993,-9.7441,10.6999],[119.2187,-9.7377,6.3099],[119.223,-9.7385,15.7286],[119.2261,-9.7426,0.0],[119.2321,-9.7448,0.0],[119.2455,-9.742,22.6546],[119.2472,-9.743,0.0],[119.2469,-9.7454,0.0],[119.2489,-9.7452,2.2652],[119.2485,-9.7466,0.0],[119.2512,-9.745,6.8714],[119.2515,-9.7474,8.6806],[119.2537,-9.7467,9.1965],[119.2536,-9.7479,9.1965],[119.2554,-9.7473,9.1965],[119.2557,-9.7485,0.0],[119.2588,-9.7459,20.3656],[119.2715,-9.7448,0.0],[119.2724,-9.746,0.0],[119.2745,-9.7445,28.9808],[119.2792,-9.7462,25.2161],[119.2825,-9.7449,17.5468],[119.284,-9.7462,17.5468],[119.2833,-9.7474,9.2188],[119.2868,-9.749,15.6114],[119.3013,-9.7444,3.8815],[119.3067,-9.7491,0.0],[119.3107,-9.7601,0.0],[119.3179,-9.766,4.1816],[119.329,-9.768,0.0],[119.3303,-9.7671,0.0],[119.3296,-9.7653,0.0],[119.332,-9.7645,0.0],[119.3313,-9.762,14.29],[119.336,-9.7583,0.0],[119.3502,-9.7599,0.0],[119.3568,-9.7657,15.0352],[119.3617,-9.7671,8.1292],[119.3734,-9.7757,7.7475],[119.3757,-9.7837,8.2193],[119.3746,-9.7858,0.0],[119.3827,-9.7943,9.7371],[119.3866,-9.7965,0.0],[119.3952,-9.7972,10.3417],[119.4103,-9.7881,2.0465],[119.411,-9.7836,12.9432],[119.409,-9.7805,10.2779],[119.4112,-9.7695,24.5935],[119.4183,-9.7604,0.0],[119.4319,-9.7565,0.0],[119.4352,-9.7562,31.5679],[119.4365,-9.7577,0.0],[119.4401,-9.755,0.0],[119.4476,-9.755,0.0],[119.4482,-9.7477,41.7561],[119.453,-9.7435,0.0],[119.4577,-9.7416,0.0],[119.4692,-9.7409,3.5481],[119.482,-9.7446,23.0619],[119.4896,-9.7518,0.0],[119.5011,-9.7549,0.0],[119.5019,-9.7563,0.0],[119.5025,-9.7538,0.0],[119.5057,-9.7535,0.0],[119.5104,-9.7586,0.917],[119.51,-9.7602,0.0],[119.511,-9.7603,0.0],[119.5116,-9.7576,15.6092],[119.5133,-9.7576,21.5749],[119.5269,-9.7666,0.0],[119.5345,-9.765,21.5431],[119.5359,-9.7664,0.0],[119.5363,-9.7639,0.0],[119.5389,-9.7627,37.0309],[119.5411,-9.7542,12.5577],[119.5451,-9.7519,4.8611],[119.5494,-9.7536,0.0],[119.5486,-9.7585,10.298],[119.5532,-9.766,5.9265],[119.5592,-9.7638,5.5988],[119.5682,-9.7689,10.5564],[119.5745,-9.7656,10.0136],[119.5774,-9.7663,0.0],[119.579,-9.7629,32.4748],[119.5834,-9.7619,0.0],[119.5879,-9.7663,0.0],[119.5869,-9.7699,2.3535],[119.5899,-9.7717,8.1094],[119.5899,-9.7733,0.0],[119.5904,-9.7721,8.1094],[119.5918,-9.7739,20.7011],[119.5955,-9.7726,25.8928],[119.5961,-9.7738,5.4914],[119.5933,-9.7772,23.3129],[119.5938,-9.7786,0.0],[119.595,-9.7776,23.3129],[119.5949,-9.7791,0.0],[119.6019,-9.777,8.2097],[119.6056,-9.7738,16.7081],[119.6086,-9.7754,1.8284],[119.6132,-9.7701,34.1145],[119.6151,-9.764,13.5061],[119.6232,-9.7651,0.0],[119.6283,-9.7696,4.425],[119.6282,-9.7733,6.8648],[119.6259,-9.7736,12.4259],[119.6255,-9.7751,5.482],[119.628,-9.7771,24.5301],[119.6276,-9.7789,0.0],[119.6237,-9.7848,37.5614],[119.6199,-9.7839,7.8742],[119.6199,-9.7863,2.9552],[119.6225,-9.7883,0.0],[119.621,-9.7912,0.0],[119.6141,-9.7904,1.3058],[119.6179,-9.7986,1.5735],[119.6211,-9.8009,1.7099],[119.6279,-9.7998,0.0],[119.6422,-9.7924,22.0694],[119.646,-9.7934,0.0],[119.6474,-9.79,21.8723],[119.65,-9.7885,38.3631],[119.6467,-9.7855,6.1855],[119.647,-9.7833,5.4728],[119.6496,-9.7826,47.7866],[119.65,-9.7786,90.5902],[119.6535,-9.7763,0.0],[119.6611,-9.7769,1.3409],[119.6711,-9.7809,5.776],[119.673,-9.7831,0.0],[119.6731,-9.7861,0.0],[119.6787,-9.7902,3.3765],[119.6773,-9.7961,2.2584],[119.6724,-9.7972,0.0],[119.6755,-9.8018,95.9226],[119.6746,-9.8036,0.0],[119.6789,-9.8033,0.0],[119.6807,-9.8049,0.0],[119.681,-9.8037,15.836],[119.6827,-9.8047,0.0],[119.6841,-9.8036,8.4274],[119.6866,-9.8073,59.3016],[119.6851,-9.8119,0.0],[119.6886,-9.8126,41.0961],[119.6897,-9.8148,7.2279],[119.6884,-9.8211,3.8491],[119.6831,-9.824,0.0],[119.6834,-9.8261,0.0],[119.6815,-9.828,85.0143],[119.6749,-9.8286,0.0],[119.6775,-9.8301,63.3159],[119.6744,-9.8319,0.0],[119.6807,-9.8334,5.8427],[119.6807,-9.8368,0.0],[119.6835,-9.8376,73.098],[119.6846,-9.8425,3.8399],[119.6833,-9.8427,0.0],[119.686,-9.8447,33.2376],[119.6857,-9.8454,33.2376],[119.6846,-9.8449,0.0],[119.6846,-9.8456,0.0],[119.6865,-9.848,0.0],[119.6879,-9.8465,4.5542],[119.6894,-9.8479,4.5542],[119.6933,-9.8435,39.1653],[119.6966,-9.8437,2.8853],[119.6986,-9.846,1.321],[119.6983,-9.8496,0.0],[119.7032,-9.8565,0.0],[119.7087,-9.8577,35.9788],[119.7078,-9.863,0.0],[119.7112,-9.8632,69.0939],[119.7119,-9.8658,12.1588],[119.7218,-9.866,48.5776],[119.7221,-9.8676,9.9474],[119.7261,-9.8684,0.0],[119.7285,-9.8715,0.0],[119.7367,-9.8737,1.5543],[119.739,-9.8775,8.7174],[119.7443,-9.8801,0.0],[119.7447,-9.8827,0.0],[119.7465,-9.8822,18.7011],[119.7501,-9.8853,17.702],[119.7502,-9.8873,0.0],[119.7512,-9.8865,0.0],[119.7538,-9.8889,4.0136],[119.756,-9.8884,8.7913],[119.7675,-9.896,0.8748],[119.7727,-9.9026,4.407],[119.7776,-9.9053,4.2994],[119.7769,-9.9075,5.3986],[119.781,-9.9099,6.3388],[119.7773,-9.9158,0.0],[119.7796,-9.9151,14.1087],[119.7836,-9.9191,57.92],[119.7815,-9.9203,0.0],[119.7837,-9.9223,0.0],[119.7846,-9.92,14.5787],[119.7868,-9.9218,0.0],[119.7943,-9.9192,90.6334],[119.7984,-9.9201,0.0],[119.7975,-9.9182,58.2697],[119.8004,-9.9189,0.0],[119.8018,-9.9152,0.0],[119.8074,-9.9144,49.1508],[119.8114,-9.9154,20.973],[119.8134,-9.9172,64.544],[119.8127,-9.9192,0.0],[119.814,-9.9182,23.956],[119.8153,-9.921,17.5828],[119.8201,-9.9228,43.8603],[119.8227,-9.9227,25.2501],[119.8235,-9.9203,12.9062],[119.8252,-9.9201,12.9062],[119.827,-9.9215,17.5855],[119.8266,-9.9249,0.0],[119.8347,-9.9286,2.2388],[119.8422,-9.9271,0.0],[119.844,-9.9236,0.0],[119.8491,-9.9205,56.1043],[119.8629,-9.9223,9.4482],[119.8705,-9.9287,1.124],[119.8739,-9.9349,0.0],[119.8722,-9.9419,14.4036],[119.868,-9.9423,0.0],[119.8713,-9.9491,75.6628],[119.8821,-9.9579,48.5103],[119.8949,-9.9543,52.5333],[119.8991,-9.9481,0.0],[119.905,-9.9502,10.8832],[119.9054,-9.9606,42.5719],[119.9017,-9.964,0.0],[119.9026,-9.9704,0.0],[119.9051,-9.9735,2.0926],[119.9313,-9.9809,44.4614],[119.9363,-9.9794,102.1122],[119.9377,-9.9761,29.9421],[119.9422,-9.9736,1.1658],[119.9499,-9.9744,12.5545],[119.9539,-9.9797,0.0],[119.9542,-9.9844,0.0],[119.9516,-9.9954,29.7518],[119.9481,-9.9963,0.0],[119.9472,-9.9997,0.0],[119.9566,-10.0071,0.0],[119.971,-10.0151,0.0],[119.9955,-10.0385,0.0],[119.9993,-10.0449,82.4015],[119.9987,-10.0501,128.7721],[120.0002,-10.0548,0.0],[120.0086,-10.0622,0.0],[120.0085,-10.0659,0.0],[120.0133,-10.0704,21.7679],[120.0144,-10.0758,0.0],[120.0188,-10.0795,4.4151],[120.019,-10.0808,77.3583],[120.0182,-10.0825,0.0],[120.0175,-10.0829,0.0],[120.0197,-10.0832,8.0833],[120.0211,-10.0865,12.5376],[120.0229,-10.0982,0.0],[120.0219,-10.1001,17.37],[120.0112,-10.1046,28.969],[120.0124,-10.108,47.9051],[120.0063,-10.1148,0.0],[120.0078,-10.1149,0.0],[120.007,-10.1178,9.1111],[120.009,-10.1175,137.0237],[120.01,-10.12,50.939],[120.0081,-10.124,0.0],[120.0108,-10.1236,0.0],[120.0112,-10.1219,18.527],[120.0139,-10.1236,0.0],[120.0202,-10.1215,0.0],[120.0354,-10.1205,21.7424],[120.0392,-10.1215,0.0],[120.0547,-10.1335,2.017],[120.0701,-10.1496,0.0],[120.0778,-10.1599,0.0],[120.0782,-10.1618,0.0],[120.0762,-10.1639,0.0],[120.0786,-10.1626,12.633],[120.0832,-10.1665,1.7907],[120.0848,-10.1702,14.1037],[120.0837,-10.1716,1.4379],[120.0844,-10.1761,0.0],[120.0826,-10.1775,0.0],[120.0849,-10.1769,7.2797],[120.0857,-10.1785,0.0],[120.0875,-10.1766,3.8326],[120.0903,-10.1782,0.0],[120.0922,-10.1756,6.761],[120.1018,-10.1742,9.0156],[120.1107,-10.1781,0.0],[120.1267,-10.1922,4.4631],[120.1321,-10.202,32.121],[120.1396,-10.209,0.0],[120.1491,-10.2238,6.0163],[120.1639,-10.2331,0.0],[120.1645,-10.2348,1.769],[120.1631,-10.2356,1.769],[120.1659,-10.2368,6.3142],[120.1648,-10.2402,0.0],[120.1671,-10.24,0.0],[120.1674,-10.2373,3.9449],[120.1699,-10.2358,0.0],[120.1716,-10.2319,11.1647],[120.1761,-10.2296,0.0],[120.1817,-10.2295,1.211],[120.1972,-10.2381,0.0],[120.2094,-10.252,0.0],[120.2121,-10.2532,0.0],[120.2167,-10.2524,21.6006]]],
[[[119.3437,-8.5074,2.0865],[119.3447,-8.5094,2.1],[119.3462,-8.5051,0.0],[119.3451,-8.5047,2.4256],[119.3437,-8.5074,2.0865]]],
[[[119.3665,-8.5249,0.3205],[119.3659,-8.5247,0.3205],[119.3654,-8.5258,0.3205],[119.3662,-8.5258,0.3205],[119.3665,-8.5249,0.3205]]],
[[[119.7564,-8.5942,3.9282],[119.7587,-8.5918,2.3559],[119.7576,-8.5903,1.1553],[119.756,-8.5917,11.2512],[119.7564,-8.5942,3.9282]]],
[[[119.7263,-8.5898,6.1972],[119.7252,-8.591,6.1972],[119.727,-8.5916,1.5432],[119.7277,-8.5897,15.1998],[119.7263,-8.5898,6.1972]]],
[[[119.3726,-8.5885,0.0],[119.3727,-8.5881,0.0],[119.3724,-8.5879,0.0],[119.3723,-8.5885,0.0],[119.3726,-8.5885,0.0]]],
[[[119.3733,-8.5869,6.0371],[119.3734,-8.5872,6.0371],[119.3738,-8.5876,6.0371],[119.3739,-8.5873,6.0371],[119.3733,-8.5869,6.0371]]],
[[[119.6907,-8.5878,0.0],[119.6943,-8.5889,0.0],[119.6952,-8.5849,0.0],[119.692,-8.5854,2.4801],[119.6907,-8.5878,0.0]]],
[[[119.3715,-8.56,0.3646],[119.3729,-8.5591,0.0],[119.3716,-8.5573,0.0],[119.3711,-8.5596,0.3646],[119.3715,-8.56,0.3646]]],
[[[119.3901,-8.5581,4.1464],[119.3904,-8.5579,0.0],[119.3904,-8.5575,0.0],[119.39,-8.5578,0.0],[119.3901,-8.5581,4.1464]]],
[[[119.3837,-8.5417,1.56],[119.3825,-8.5419,0.0],[119.383,-8.5428,0.0],[119.3835,-8.5427,1.56],[119.3837,-8.5417,1.56]]],
[[[119.3912,-8.5536,3.54],[119.3895,-8.5541,3.54],[119.386,-8.5519,0.0],[119.3873,-8.5562,30.8952],[119.3912,-8.5536,3.54]]],
[[[119.3445,-8.6192,0.0],[119.3437,-8.6192,0.3573],[119.3435,-8.6202,0.0622],[119.3442,-8.6204,0.0],[119.3445,-8.6192,0.0]]],
[[[122.8445,-8.6027,3.2115],[122.844,-8.6033,0.0],[122.8463,-8.6046,0.0],[122.846,-8.6026,3.2115],[122.8445,-8.6027,3.2115]]],
[[[119.4881,-8.599,0.0],[119.4869,-8.5998,4.9945],[119.4877,-8.6009,4.9945],[119.4881,-8.6004,0.0],[119.4881,-8.599,0.0]]],
[[[119.7096,-8.5981,0.0],[119.71,-8.5979,0.0],[119.71,-8.5977,0.0],[119.7094,-8.5977,0.0],[119.7096,-8.5981,0.0]]],
[[[119.7062,-8.6001,0.0],[119.7048,-8.6002,7.3775],[119.7048,-8.6011,7.3775],[119.7054,-8.6013,0.0],[119.7062,-8.6001,0.0]]],
[[[119.4972,-8.6008,6.4623],[119.4976,-8.5995,0.0],[119.4921,-8.5979,0.0],[119.4922,-8.5995,19.6289],[119.4972,-8.6008,6.4623]]],
[[[119.767,-8.5971,13.9459],[119.7661,-8.5986,50.005],[119.7673,-8.6002,2.5519],[119.7689,-8.5984,4.0811],[119.767,-8.5971,13.9459]]],
[[[119.6991,-8.5951,0.8793],[119.698,-8.5966,9.9618],[119.6989,-8.5991,3.5312],[119.7006,-8.5966,3.4128],[119.6991,-8.5951,0.8793]]],
[[[119.7926,-8.5988,24.8074],[119.7947,-8.6004,4.8562],[119.7959,-8.5996,4.8562],[119.7935,-8.5941,2.2384],[119.7905,-8.5934,32.5143],[119.7879,-8.5963,0.0],[119.7896,-8.5993,0.0],[119.7926,-8.5988,24.8074]]],
[[[124.3979,-8.2709,2.0718],[124.3963,-8.2756,0.0],[124.4026,-8.2771,0.0],[124.4053,-8.2702,0.0],[124.4047,-8.2676,0.0],[124.4001,-8.2666,0.0],[124.3978,-8.2686,0.0],[124.3979,-8.2709,2.0718]]],
[[[124.367,-8.3144,0.0],[124.3699,-8.3092,4.6191],[124.3737,-8.3064,0.0],[124.3739,-8.2989,17.6089],[124.376,-8.2955,10.3049],[124.3694,-8.2822,0.0],[124.3611,-8.2794,0.0],[124.3552,-8.275,9.3072],[124.3519,-8.2769,10.1507],[124.3493,-8.2754,4.9165],[124.3451,-8.2771,30.6235],[124.343,-8.2754,1.8276],[124.3389,-8.2758,2.0764],[124.3287,-8.2811,4.5731],[124.3256,-8.2831,4.6792],[124.3253,-8.2858,16.8895],[124.3156,-8.2962,42.8339],[124.3153,-8.2988,0.0],[124.3201,-8.3077,43.0046],[124.3215,-8.3157,0.0],[124.3254,-8.3177,21.739],[124.3301,-8.3242,14.5104],[124.3371,-8.3238,7.4751],[124.3421,-8.3255,0.0],[124.3505,-8.3244,57.8759],[124.3588,-8.3262,5.0849],[124.3631,-8.324,0.0],[124.3664,-8.3188,15.0296],[124.367,-8.3144,0.0]]],
[[[124.5609,-8.4364,0.0],[124.5905,-8.4328,10.1969],[124.6038,-8.4259,8.6832],[124.6105,-8.4189,22.231],[124.6166,-8.4189,38.1238],[124.6265,-8.4105,32.4005],[124.6341,-8.4071,5.7654],[124.6389,-8.4016,10.6252],[124.6425,-8.401,15.9159],[124.6444,-8.3983,31.3419],[124.6577,-8.3905,5.8999],[124.6691,-8.3916,0.0],[124.6688,-8.3887,13.4786],[124.6715,-8.3928,0.0],[124.6759,-8.3924,4.5431],[124.6844,-8.3952,0.0],[124.6914,-8.3939,0.0],[124.6943,-8.3969,0.0],[124.701,-8.3973,0.0],[124.7174,-8.4049,0.0],[124.7247,-8.3996,0.0],[124.7297,-8.4019,0.0],[124.7341,-8.4014,0.0],[124.7413,-8.4049,0.0],[124.7579,-8.4038,0.0],[124.761,-8.4023,0.0],[124.7738,-8.4053,0.0],[124.7808,-8.3997,0.0],[124.7874,-8.4035,0.0],[124.7885,-8.4008,15.2044],[124.7971,-8.3973,33.1573],[124.8066,-8.3964,0.4803],[124.8086,-8.3941,15.9978],[124.8167,-8.391,48.3769],[124.8177,-8.392,0.0],[124.824,-8.3861,21.2972],[124.8263,-8.3863,0.0],[124.8281,-8.3843,21.9473],[124.8317,-8.3866,0.0],[124.839,-8.3872,1.0955],[124.8428,-8.3823,3.1852],[124.8522,-8.3795,15.9813],[124.8569,-8.3762,15.9169],[124.8635,-8.3749,4.0932],[124.8813,-8.3655,56.4415],[124.8867,-8.3655,10.3027],[124.8909,-8.3625,32.8072],[124.8968,-8.3646,3.3257],[124.9211,-8.3595,48.081],[124.9498,-8.3558,49.8148],[124.9691,-8.36,0.0],[125.0014,-8.3543,111.8473],[125.0096,-8.3541,27.568],[125.0104,-8.3572,3.7066],[125.0143,-8.3531,6.4293],[125.0187,-8.3568,0.0],[125.0223,-8.354,34.3793],[125.0241,-8.3566,0.0],[125.0288,-8.3535,6.294],[125.0314,-8.3554,0.0],[125.0356,-8.3532,0.0],[125.0382,-8.3554,12.0526],[125.0434,-8.3562,6.9769],[125.05,-8.3537,15.9354],[125.0622,-8.357,0.0],[125.0772,-8.3476,8.0197],[125.0875,-8.348,0.0],[125.0953,-8.3443,3.9001],[125.1093,-8.3437,0.0],[125.1259,-8.3371,0.0],[125.1293,-8.3313,0.0],[125.1409,-8.3192,0.0],[125.1357,-8.315,0.603],[125.1296,-8.2968,3.9659],[125.1283,-8.2821,0.9736],[125.1362,-8.2708,8.4836],[125.1428,-8.2505,0.0],[125.1416,-8.2384,0.0],[125.1372,-8.2239,5.1165],[125.1345,-8.2188,0.0],[125.125,-8.2089,1.4146],[125.1228,-8.2037,0.0],[125.1127,-8.1931,4.43],[125.1073,-8.181,0.0],[125.1074,-8.1739,2.0439],[125.1111,-8.1716,0.9788],[125.1073,-8.1688,0.0],[125.1043,-8.1697,29.9538],[125.1009,-8.1618,0.0],[125.0991,-8.1499,0.0],[125.0907,-8.1451,0.0],[125.0847,-8.1455,0.0],[125.0794,-8.1489,6.1585],[125.0687,-8.1478,0.0],[125.0575,-8.1496,3.3497],[125.0529,-8.1496,5.469],[125.0479,-8.1462,0.0],[125.0408,-8.1464,12.6654],[125.0251,-8.1492,0.0],[125.0082,-8.157,0.0],[124.9974,-8.157,2.6469],[124.9894,-8.1506,0.0],[124.9823,-8.1523,0.0],[124.9765,-8.1515,0.0],[124.9717,-8.1485,0.0],[124.9675,-8.1487,0.0],[124.9655,-8.1461,0.0],[124.9658,-8.1421,0.0],[124.9586,-8.1396,0.0],[124.9543,-8.1456,0.0],[124.9493,-8.1457,0.0],[124.9465,-8.1441,0.0],[124.9437,-8.1477,0.0],[124.9327,-8.1509,0.0],[124.9198,-8.1632,0.0],[124.8973,-8.1621,0.0],[124.8874,-8.1651,0.0],[124.8614,-8.1669,18.6416],[124.8413,-8.1636,4.5973],[124.8319,-8.1639,0.0],[124.8278,-8.1661,0.0],[124.8178,-8.1631,6.1629],[124.8132,-8.1647,46.6323],[124.81,-8.161,0.0],[124.804,-8.1585,7.3683],[124.794,-8.157,1.8337],[124.786,-8.149,0.0],[124.7822,-8.1472,0.0],[124.7728,-8.1461,0.0],[124.7577,-8.1499,10.6614],[124.7518,-8.1466,3.5984],[124.7484,-8.1464,2.0201],[124.7489,-8.1475,2.0201],[124.7375,-8.1538,25.2702],[124.7328,-8.1535,5.3327],[124.7248,-8.1561,0.0],[124.7121,-8.1555,6.4346],[124.697,-8.1583,25.6165],[124.6942,-8.1569,0.0],[124.67529999999999,-8.1648,25.8107],[124.6721,-8.1618,0.0],[124.6676,-8.1618,7.4429],[124.6623,-8.1682,25.2742],[124.6475,-8.173,69.5679],[124.6401,-8.1789,17.1955],[124.6309,-8.1804,0.0],[124.6255,-8.1845,0.0],[124.6212,-8.185,0.0],[124.608,-8.197,1.8955],[124.5941,-8.1955,14.9494],[124.5972,-8.1925,0.0],[124.5914,-8.1839,0.0],[124.5949,-8.1766,12.8507],[124.5929,-8.1422,11.4391],[124.601,-8.1339,0.0],[124.6031,-8.1241,0.0],[124.5999,-8.1216,0.0],[124.592,-8.1221,0.0],[124.5851,-8.125,0.0],[124.557,-8.1235,0.0],[124.549,-8.1216,0.0],[124.5403,-8.1272,0.0],[124.537,-8.1274,0.0],[124.5287,-8.1219,0.0],[124.5144,-8.1237,0.0],[124.5048,-8.1324,0.0],[124.4891,-8.1267,0.0],[124.477,-8.1281,0.0],[124.4579,-8.1423,0.0],[124.4553,-8.1471,0.0],[124.4511,-8.1487,0.0],[124.4458,-8.1557,0.0],[124.4469,-8.16,0.0],[124.4431,-8.1666,7.1849],[124.4364,-8.1695,0.0],[124.4372,-8.1711,3.1562],[124.4255,-8.1857,0.0],[124.4227,-8.1871,0.0],[124.4106,-8.2052,0.0],[124.4002,-8.2148,0.0],[124.3958,-8.2298,0.0],[124.3964,-8.2337,0.0],[124.4026,-8.2371,1.5076],[124.4056,-8.2493,0.0],[124.4069,-8.2677,0.0],[124.405,-8.2779,4.4363],[124.4062,-8.2789,2.3363],[124.4087,-8.2774,15.6949],[124.4105,-8.2724,14.8275],[124.413,-8.2708,13.4346],[124.4293,-8.2657,2.6784],[124.44,-8.2582,4.5755],[124.4453,-8.2588,0.0],[124.4471,-8.2555,29.1231],[124.4533,-8.2547,0.0],[124.4549,-8.2496,37.3674],[124.4586,-8.2476,13.6718],[124.4632,-8.2477,7.8727],[124.4675,-8.2429,84.6332],[124.4767,-8.2396,0.0],[124.4858,-8.2322,39.2993],[124.4931,-8.23,2.596],[124.4936,-8.2316,0.0],[124.4963,-8.2317,0.0],[124.4999,-8.229,1.8825],[124.504,-8.2207,20.6757],[124.5084,-8.2247,0.0],[124.5139,-8.2186,5.0468],[124.5191,-8.2208,0.936],[124.5239,-8.2184,4.6784],[124.533,-8.2176,8.4928],[124.5397,-8.2244,2.0776],[124.5474,-8.2228,3.5223],[124.5487,-8.2173,5.6792],[124.5543,-8.2135,2.3551],[124.5566,-8.2136,3.1348],[124.5614,-8.2189,5.8807],[124.564,-8.2181,5.9423],[124.5592,-8.2226,0.0],[124.5502,-8.2232,1.568],[124.5421,-8.228,0.0],[124.5426,-8.2331,0.0],[124.5394,-8.2388,0.0],[124.5352,-8.2379,0.0],[124.5338,-8.2398,12.5428],[124.5287,-8.2402,0.0],[124.5217,-8.2473,0.0],[124.5179,-8.2461,0.0],[124.5122,-8.2483,0.0],[124.5117,-8.2532,1.8519],[124.5082,-8.2553,0.0],[124.5059,-8.2594,1.9617],[124.4979,-8.2521,0.0],[124.4909,-8.2533,22.0429],[124.4885,-8.252,0.0],[124.4878,-8.2541,9.1713],[124.4754,-8.2547,48.4265],[124.4578,-8.2659,0.0],[124.4534,-8.2668,0.0],[124.4508,-8.27,8.1892],[124.4469,-8.2691,0.0],[124.4433,-8.2724,0.0],[124.4436,-8.2774,0.0],[124.4419,-8.2806,0.0],[124.4276,-8.2909,0.0],[124.4263,-8.2899,0.0],[124.423,-8.2924,0.0],[124.4144,-8.2905,0.0],[124.407,-8.2954,0.0],[124.403,-8.3097,0.0],[124.4046,-8.3133,1.6599],[124.4037,-8.318,0.0],[124.4003,-8.321,0.0],[124.3988,-8.3264,3.4606],[124.3965,-8.3262,0.0],[124.3881,-8.3397,76.9848],[124.3747,-8.3536,18.0766],[124.3696,-8.3563,17.9624],[124.3705,-8.3639,5.4143],[124.3662,-8.368,0.0],[124.365,-8.3723,50.0551],[124.3496,-8.3831,0.0],[124.3441,-8.392,8.4438],[124.3415,-8.3915,0.0],[124.3399,-8.4157,0.0],[124.3373,-8.42,0.0],[124.3465,-8.4258,15.3324],[124.3525,-8.4366,0.5957],[124.3624,-8.4424,2.0423],[124.3733,-8.4428,2.5173],[124.3739,-8.4389,11.4035],[124.3809,-8.4377,6.7044],[124.3939,-8.4422,19.3452],[124.4066,-8.44,0.0],[124.4129,-8.437,6.6558],[124.4174,-8.4386,1.7154],[124.4205,-8.4451,6.3257],[124.4191,-8.4476,0.0],[124.4196,-8.4512,0.0],[124.4144,-8.4593,0.0],[124.4164,-8.4614,0.0],[124.4231,-8.4594,0.0],[124.4278,-8.4599,0.0],[124.4279,-8.4553,16.6057],[124.4392,-8.4536,0.0],[124.4494,-8.4451,0.0],[124.4505,-8.4458,0.0],[124.4564,-8.4419,0.0],[124.4592,-8.4419,0.0],[124.4691,-8.4363,0.0],[124.4742,-8.4297,2.6874],[124.4826,-8.423,3.2736],[124.4859,-8.4253,0.0],[124.4905,-8.4235,0.0],[124.4943,-8.419,8.1344],[124.5099,-8.4184,0.0],[124.5199,-8.4205,1.8212],[124.522,-8.4239,0.0],[124.5254,-8.4225,14.4426],[124.5344,-8.4304,2.5606],[124.5364,-8.4364,0.0],[124.5358,-8.4396,0.0],[124.5397,-8.4416,0.0],[124.5471,-8.4424,3.854],[124.5503,-8.4388,11.6356],[124.5549,-8.4397,0.0],[124.5609,-8.4364,0.0]]],
[[[124.5603,-8.2192,0.0],[124.5595,-8.2186,0.0],[124.5579,-8.2198,0.0],[124.5606,-8.221,1.5571],[124.5603,-8.2192,0.0]]],
[[[124.3733,-8.1679,0.0],[124.37,-8.1693,0.0],[124.3674,-8.1739,14.1389],[124.3681,-8.1812,6.6237],[124.3709,-8.1837,0.0],[124.3773,-8.1845,0.0],[124.3851,-8.1779,12.2826],[124.381,-8.1722,4.8743],[124.3733,-8.1679,0.0]]],
[[[124.367,-8.2254,0.0],[124.3749,-8.2264,0.0],[124.3801,-8.217,0.0],[124.3783,-8.2096,0.0],[124.3721,-8.2003,0.0],[124.3696,-8.2003,5.1563],[124.3683,-8.202,13.2721],[124.3694,-8.2042,47.4987],[124.364,-8.2084,5.4904],[124.3606,-8.2163,0.0],[124.3616,-8.2221,0.0],[124.367,-8.2254,0.0]]],
[[[124.6161,-8.1216,0.0],[124.6188,-8.1187,3.6453],[124.6153,-8.1163,8.0599],[124.6119,-8.117,1.3362],[124.6115,-8.1184,2.449],[124.6083,-8.1181,3.653],[124.607,-8.1199,0.9685],[124.6109,-8.1224,0.0],[124.612,-8.1209,4.4814],[124.6161,-8.1216,0.0]]],
[[[124.2762,-8.4896,0.0],[124.2769,-8.4912,15.9164],[124.2788,-8.4905,10.9702],[124.2818,-8.4843,17.9269],[124.2841,-8.4828,53.7585],[124.2939,-8.4825,0.0],[124.2955,-8.4762,0.0],[124.2909,-8.4703,0.0],[124.2801,-8.4704,0.0],[124.2746,-8.4733,36.1984],[124.2712,-8.4733,0.0],[124.2697,-8.4797,0.0],[124.2734,-8.4879,41.5311],[124.2762,-8.4896,0.0]]],
[[[124.0994,-8.3657,0.906],[124.0941,-8.3648,1.5781],[124.0925,-8.3681,0.0],[124.0931,-8.3735,0.0],[124.0969,-8.374,5.3414],[124.0976,-8.3749,5.4186],[124.0982,-8.3746,5.4186],[124.0989,-8.3685,5.8378],[124.1006,-8.3669,4.0596],[124.0994,-8.3657,0.906]]],
[[[123.8131,-8.369,3.193],[123.8081,-8.3727,9.1038],[123.8094,-8.3844,52.2461],[123.8081,-8.3878,2.1639],[123.8111,-8.3979,0.0],[123.8094,-8.4029,12.2041],[123.8134,-8.4086,0.0],[123.8258,-8.414,16.0145],[123.8332,-8.4096,16.8547],[123.8376,-8.4107,0.0],[123.8356,-8.3949,15.672],[123.8366,-8.3814,0.0],[123.8353,-8.3713,0.0],[123.8289,-8.3677,0.0],[123.8198,-8.3656,0.0],[123.8154,-8.366,0.0],[123.8131,-8.369,3.193]]],
[[[123.8845,-8.4374,12.9254],[123.8848,-8.4354,29.4351],[123.8931,-8.4303,20.7878],[123.8915,-8.4268,29.2778],[123.8852,-8.4247,0.0],[123.8784,-8.4297,37.3604],[123.8732,-8.4308,0.0],[123.8763,-8.436,0.0],[123.8761,-8.4397,0.0],[123.88,-8.443,0.0],[123.8813,-8.4425,1.4409],[123.8807,-8.4415,2.7741],[123.8824,-8.4417,1.4409],[123.8845,-8.4374,12.9254]]],
[[[123.2741,-8.4715,0.0],[123.2685,-8.4793,0.0],[123.2511,-8.4907,0.0],[123.2342,-8.5071,0.0],[123.226,-8.5093,0.0],[123.2166,-8.5059,0.0],[123.2076,-8.5142,0.0],[123.2077,-8.5167,3.2086],[123.2166,-8.5244,368.1589],[123.217,-8.5264,514.6904],[123.2132,-8.5283,325.2939],[123.2125,-8.5324,296.9018],[123.2203,-8.53,225.3311],[123.2266,-8.5316,186.0937],[123.2267,-8.5333,210.2948],[123.2205,-8.5383,0.0],[123.2192,-8.5459,51.831],[123.2222,-8.5502,70.6776],[123.2307,-8.5491,101.5885],[123.234,-8.5399,22.4092],[123.2429,-8.5373,16.2822],[123.2503,-8.5382,16.2879],[123.2596,-8.543,4.258],[123.2777,-8.5414,43.0448],[123.2919,-8.5469,0.0],[123.2925,-8.5443,54.5585],[123.2979,-8.544,24.2274],[123.2973,-8.539,21.1487],[123.3027,-8.5356,30.1522],[123.3055,-8.5317,34.2326],[123.3136,-8.5252,40.2599],[123.3187,-8.5233,23.6922],[123.322,-8.5281,33.8663],[123.3287,-8.5302,58.5325],[123.3303,-8.5334,69.2588],[123.3359,-8.5371,37.6307],[123.3396,-8.5351,92.9445],[123.3449,-8.5355,193.6163],[123.3455,-8.5409,116.9625],[123.3504,-8.5484,223.2764],[123.3503,-8.5527,107.9094],[123.3547,-8.5606,77.503],[123.3622,-8.5638,175.5698],[123.3717,-8.5715,105.939],[123.3823,-8.576,153.5617],[123.3877,-8.5816,35.4859],[123.3921,-8.5805,59.7713],[123.3933,-8.5836,8.8317],[123.4012,-8.5803,92.1594],[123.4051,-8.5814,22.6239],[123.4182,-8.5746,35.7175],[123.4247,-8.5732,10.7256],[123.4314,-8.5612,99.4553],[123.4455,-8.546,30.7825],[123.4457,-8.5413,43.0563],[123.4482,-8.5364,0.7836],[123.4475,-8.5314,15.3156],[123.4624,-8.5236,151.8968],[123.4636,-8.5291,14.5583],[123.4756,-8.5187,117.8569],[123.4805,-8.5181,71.7319],[123.4901,-8.5128,109.4453],[123.493,-8.5127,118.5538],[123.5049,-8.5153,235.6863],[123.5083,-8.5195,245.7041],[123.5065,-8.5242,48.9339],[123.5086,-8.534,18.5599],[123.5044,-8.5365,0.0],[123.5041,-8.5382,2.2581],[123.5081,-8.5382,25.0668],[123.5087,-8.5447,0.0],[123.5125,-8.5458,104.8292],[123.5105,-8.5507,0.0],[123.5138,-8.5523,79.9448],[123.5188,-8.5593,65.6333],[123.5301,-8.5665,80.5376],[123.5373,-8.5663,118.1068],[123.544,-8.5634,318.1818],[123.5477,-8.5672,160.5054],[123.5492,-8.5667,77.383],[123.5515,-8.5628,215.388],[123.554,-8.5624,86.609],[123.5601,-8.557,88.7874],[123.5625,-8.5524,72.47],[123.5692,-8.5478,70.7865],[123.5758,-8.5463,35.679],[123.5775,-8.5427,103.3988],[123.5841,-8.5387,24.4223],[123.5882,-8.526,0.0],[123.5851,-8.5212,8.753],[123.584,-8.5054,0.0],[123.5818,-8.5003,0.0],[123.5638,-8.4819,0.0],[123.5626,-8.4755,0.0],[123.5571,-8.4727,0.0],[123.5537,-8.4653,36.6363],[123.5671,-8.4511,122.7268],[123.5899,-8.4373,26.6476],[123.6066,-8.4219,133.1328],[123.6142,-8.4192,0.0],[123.6141,-8.4161,0.0],[123.6183,-8.4087,0.0],[123.6249,-8.4017,41.8212],[123.6286,-8.4003,20.1349],[123.6369,-8.4014,14.1832],[123.6483,-8.4002,15.3527],[123.6525,-8.4032,23.6514],[123.6559,-8.4086,29.318],[123.6508,-8.4247,0.0],[123.6524,-8.4256,9.3255],[123.6671,-8.4229,46.9687],[123.672,-8.424,122.7578],[123.6819,-8.4176,40.0216],[123.6949,-8.4056,0.0],[123.7006,-8.3929,0.0],[123.7001,-8.3845,16.8859],[123.7049,-8.3759,21.8054],[123.7194,-8.3578,93.9908],[123.7314,-8.3465,0.0],[123.7361,-8.3375,0.0],[123.7374,-8.3251,0.0],[123.7399,-8.319,4.5828],[123.7531,-8.2989,13.2198],[123.7703,-8.2841,9.7629],[123.7868,-8.2791,3.0549],[123.7897,-8.2769,0.0],[123.7891,-8.2752,0.0],[123.7858,-8.2749,7.7312],[123.7878,-8.2726,7.1249],[123.8047,-8.2691,16.5071],[123.8319,-8.275,152.7338],[123.8374,-8.2802,133.7508],[123.8516,-8.2729,3.2765],[123.8643,-8.2722,6.2716],[123.8737,-8.2697,3.6983],[123.8931,-8.2599,7.379],[123.9181,-8.2532,5.4455],[123.9221,-8.2497,3.403],[123.9248,-8.2441,0.0],[123.9235,-8.2392,0.0],[123.9146,-8.2276,0.0],[123.9072,-8.2122,0.0],[123.9049,-8.2109,0.0],[123.885,-8.2101,0.0],[123.8785,-8.2078,0.0],[123.8681,-8.2097,0.0],[123.8612,-8.2129,0.0],[123.86,-8.2211,1.4735],[123.8549,-8.2242,0.0],[123.8518,-8.2193,7.9668],[123.8548,-8.2122,0.0],[123.8534,-8.2108,0.0],[123.8462,-8.2112,0.0],[123.8441,-8.2092,0.0],[123.8422,-8.2051,4.1185],[123.8428,-8.1992,0.0],[123.8294,-8.1972,0.9137],[123.8236,-8.1902,0.0],[123.8158,-8.187,0.0],[123.8084,-8.1764,0.0],[123.7823,-8.1672,0.0],[123.7726,-8.1703,0.0],[123.7534,-8.1838,0.0],[123.7466,-8.1934,0.0],[123.7412,-8.1967,0.0],[123.7376,-8.2029,22.6061],[123.7304,-8.2077,0.0],[123.7263,-8.2134,43.1764],[123.7238,-8.2086,0.0],[123.716,-8.2106,0.0],[123.7126,-8.2131,0.0],[123.7143,-8.2186,44.1641],[123.7125,-8.2194,12.9461],[123.708,-8.2153,0.0],[123.6981,-8.2147,0.0],[123.6957,-8.2182,0.0],[123.6973,-8.2234,31.3586],[123.7134,-8.2373,56.5507],[123.7111,-8.2396,2.9817],[123.7077,-8.2369,0.0],[123.704,-8.2379,0.0],[123.7019,-8.2485,0.0],[123.6991,-8.2518,0.0],[123.6926,-8.2544,0.0],[123.6879,-8.2551,0.0],[123.6796,-8.2533,0.0],[123.6739,-8.2498,0.0],[123.6702,-8.2532,0.0],[123.668,-8.2534,0.0],[123.6444,-8.2472,46.4813],[123.6432,-8.2435,63.8592],[123.6453,-8.2422,48.5295],[123.6486,-8.2454,49.0987],[123.6533,-8.2448,3.3451],[123.6553,-8.2477,1.1169],[123.6576,-8.2473,0.0],[123.6578,-8.2443,0.0],[123.655,-8.2382,0.0],[123.66,-8.2287,0.0],[123.6572,-8.2215,0.0],[123.646,-8.214,0.0],[123.639,-8.2124,0.0],[123.6325,-8.2138,0.0],[123.6266,-8.217,0.0],[123.6229,-8.2211,0.0],[123.6185,-8.2226,0.0],[123.6056,-8.2162,0.0],[123.6039,-8.2176,0.0],[123.6063,-8.2239,26.2516],[123.6073,-8.2382,53.3347],[123.6183,-8.2402,60.7694],[123.6279,-8.2467,33.7623],[123.6293,-8.267,33.958],[123.6303,-8.2712,150.0039],[123.6367,-8.2805,47.3951],[123.6365,-8.2837,22.1892],[123.6305,-8.2934,1.0301],[123.6125,-8.3057,0.0],[123.6073,-8.3129,0.0],[123.5997,-8.3159,0.0],[123.5982,-8.3135,0.0],[123.598,-8.3059,4.3365],[123.6055,-8.2978,26.9138],[123.6047,-8.2866,0.0],[123.602,-8.2838,0.0],[123.5898,-8.2851,0.0],[123.5859,-8.287,0.0],[123.5793,-8.2835,0.0],[123.5752,-8.285,0.0],[123.5758,-8.2914,0.0],[123.5743,-8.298,21.2382],[123.5761,-8.3106,85.1867],[123.5779,-8.3122,28.5169],[123.5836,-8.3123,87.3459],[123.591,-8.3103,2.7566],[123.5927,-8.3153,44.466],[123.5905,-8.3261,2.0158],[123.5927,-8.3258,15.9261],[123.5979,-8.32,3.7675],[123.5994,-8.3219,7.9086],[123.5994,-8.3265,13.6535],[123.5862,-8.3497,0.0],[123.5727,-8.36,0.0],[123.5539,-8.3657,0.0],[123.5447,-8.3651,0.0],[123.5342,-8.3615,0.0],[123.5179,-8.3489,0.0],[123.5126,-8.3488,0.0],[123.5066,-8.3512,0.0],[123.503,-8.3568,8.8596],[123.5004,-8.3575,3.4255],[123.4974,-8.3527,7.7394],[123.5033,-8.3507,0.0],[123.5023,-8.3489,0.0],[123.4983,-8.3489,16.1293],[123.4978,-8.347,24.0331],[123.5001,-8.3455,20.741],[123.5027,-8.3464,0.0],[123.5035,-8.3452,0.0],[123.5005,-8.3425,16.0331],[123.5032,-8.3402,0.0],[123.4979,-8.336,9.5078],[123.5063,-8.3303,23.4406],[123.5125,-8.3186,8.6771],[123.517,-8.3144,9.4841],[123.5163,-8.3093,85.3018],[123.5177,-8.3077,14.9923],[123.5307,-8.3026,15.5383],[123.5336,-8.2975,0.0],[123.5351,-8.2891,83.3955],[123.5443,-8.2831,0.0],[123.5451,-8.279,0.0],[123.5429,-8.2723,99.1439],[123.5467,-8.27,1.5826],[123.5476,-8.2667,18.6158],[123.5519,-8.2665,5.7703],[123.5535,-8.2641,0.0],[123.5476,-8.2572,14.2263],[123.5471,-8.2541,72.4005],[123.5637,-8.2472,0.0],[123.5641,-8.2451,0.0],[123.5618,-8.2415,0.0],[123.5574,-8.2408,1.2546],[123.5607,-8.2368,0.0],[123.5517,-8.2377,0.0],[123.5382,-8.2319,0.0],[123.4952,-8.2395,0.0],[123.4796,-8.2466,0.0],[123.4647,-8.2651,0.0],[123.4561,-8.2688,0.0],[123.4502,-8.268,0.0],[123.4394,-8.2606,0.0],[123.4368,-8.2606,0.0],[123.4382,-8.2679,4.84],[123.4359,-8.2699,0.0],[123.4255,-8.2644,0.0],[123.4184,-8.2528,0.0],[123.4075,-8.2502,0.0],[123.398,-8.2577,0.0],[123.387,-8.2594,0.0],[123.3796,-8.264,0.0],[123.3662,-8.2784,0.0],[123.3659,-8.2827,4.7332],[123.3681,-8.2858,5.1925],[123.3669,-8.2893,1.6007],[123.3593,-8.2931,0.4943],[123.3456,-8.2961,0.0],[123.3463,-8.3033,15.5129],[123.3507,-8.3045,0.0],[123.3561,-8.299,8.241],[123.3693,-8.3018,0.0],[123.374,-8.2962,2.0641],[123.3911,-8.2965,9.1671],[123.3968,-8.2914,10.438],[123.3989,-8.2973,1.2001],[123.4049,-8.2891,9.5865],[123.4114,-8.2913,8.0891],[123.4157,-8.2887,10.6026],[123.4168,-8.2937,12.4944],[123.4189,-8.2948,30.7127],[123.4308,-8.2942,13.9661],[123.4561,-8.314,10.8325],[123.4659,-8.3234,9.2552],[123.469,-8.3292,5.0563],[123.4734,-8.333,4.9288],[123.473,-8.335,9.2965],[123.4599,-8.3469,0.0],[123.449,-8.3534,0.0],[123.4436,-8.3537,0.0],[123.44,-8.356,0.0],[123.4364,-8.3627,0.0],[123.4323,-8.3656,0.0],[123.4107,-8.3685,0.0],[123.4037,-8.3664,0.0],[123.3977,-8.3667,0.0],[123.3876,-8.3713,0.0],[123.3812,-8.3819,0.0],[123.3752,-8.3857,0.0],[123.3661,-8.386,0.0],[123.3605,-8.389,0.0],[123.3523,-8.3906,0.0],[123.3452,-8.3959,0.0],[123.3393,-8.3959,0.0],[123.3323,-8.4024,0.0],[123.3288,-8.4097,0.0],[123.3158,-8.4246,7.0946],[123.3096,-8.4344,0.0],[123.306,-8.444,0.0],[123.3006,-8.4512,0.0],[123.2942,-8.4564,0.0],[123.2907,-8.4621,0.0],[123.2831,-8.4616,0.0],[123.2741,-8.4715,0.0]]],
[[[123.9473,-8.3652,0.0],[123.9448,-8.3652,15.1709],[123.9468,-8.3611,30.4105],[123.9549,-8.3567,2.1177],[123.955,-8.3493,12.3281],[123.9521,-8.3466,3.1437],[123.9401,-8.3494,0.0],[123.9332,-8.3539,10.7366],[123.9108,-8.3567,4.7731],[123.9012,-8.3615,0.0],[123.8993,-8.368,0.0],[123.9012,-8.3718,0.0],[123.9078,-8.374,9.6823],[123.9158,-8.3823,2.8259],[123.9205,-8.379,16.3502],[123.9303,-8.3825,9.5363],[123.941,-8.3761,0.0],[123.9425,-8.3721,2.5743],[123.9472,-8.3679,0.0],[123.9473,-8.3652,0.0]]],
[[[124.0913,-8.3704,0.0],[124.0898,-8.3649,0.0],[124.0968,-8.3621,1.7806],[124.0976,-8.36,0.0],[124.0943,-8.3563,8.1336],[124.0874,-8.3551,0.0],[124.0857,-8.3591,5.8015],[124.0851,-8.35,2.3467],[124.0882,-8.3403,0.0],[124.0857,-8.3332,5.2692],[124.0863,-8.3227,4.914],[124.0853,-8.3221,4.914],[124.0866,-8.32,6.5864],[124.085,-8.3136,16.214],[124.0757,-8.3027,0.0],[124.0682,-8.3005,16.6217],[124.0618,-8.2958,2.0874],[124.0609,-8.2932,0.0],[124.0586,-8.293,16.5466],[124.0501,-8.2971,2.7217],[124.0357,-8.3095,11.2423],[124.032,-8.3093,0.0],[124.025,-8.3122,0.0],[124.0179,-8.3211,5.9957],[124.0064,-8.3293,0.0],[124.0027,-8.3295,0.0],[124.0002,-8.3321,11.39],[123.9882,-8.3365,24.0402],[123.9827,-8.3365,9.9208],[123.9652,-8.3474,1.1174],[123.9615,-8.3584,0.0],[123.9534,-8.3683,20.1095],[123.9538,-8.3703,13.347],[123.9441,-8.3913,1.3683],[123.9469,-8.4047,0.0],[123.9456,-8.4079,1.0269],[123.9356,-8.4232,31.4573],[123.9302,-8.4246,15.8138],[123.9222,-8.43,10.2863],[123.9137,-8.437,2.173],[123.9137,-8.4393,2.9957],[123.9159,-8.4387,7.5251],[123.9148,-8.4403,3.5612],[123.9175,-8.4417,0.0],[123.9179,-8.4446,0.0],[123.9189,-8.4419,4.0068],[123.9204,-8.4421,61.3392],[123.9192,-8.4484,0.0],[123.9219,-8.4477,19.1536],[123.9284,-8.4512,3.4961],[123.9301,-8.4497,5.7974],[123.9311,-8.4521,3.5593],[123.9324,-8.4514,3.5593],[123.9378,-8.4565,10.1494],[123.9373,-8.4605,1.164],[123.9426,-8.4594,3.8568],[123.9441,-8.4609,1.7843],[123.945,-8.4583,11.3897],[123.9462,-8.4594,8.1119],[123.9475,-8.4525,0.0],[123.9502,-8.4509,13.2602],[123.9521,-8.4455,0.0],[123.958,-8.4411,25.0642],[123.9604,-8.4426,2.384],[123.9609,-8.4406,24.9274],[123.9633,-8.4408,16.4812],[123.9658,-8.4366,0.0],[123.9727,-8.4334,4.0032],[123.9751,-8.4342,1.8026],[123.978,-8.4258,4.6213],[123.981,-8.4247,0.0],[123.9829,-8.4201,0.0],[123.989,-8.418,3.8069],[123.9954,-8.4192,7.216],[124.0028,-8.4163,0.2637],[124.0089,-8.416,22.6106],[124.0105,-8.4172,2.9416],[124.0096,-8.4183,0.0],[124.015,-8.4151,5.794],[124.0154,-8.4179,2.5014],[124.0202,-8.4163,0.0],[124.0274,-8.4208,3.9243],[124.033,-8.4202,7.4687],[124.0379,-8.4279,13.0946],[124.0377,-8.4314,22.3897],[124.0336,-8.4354,27.509],[124.0386,-8.4366,5.3303],[124.0407,-8.4409,4.5884],[124.0412,-8.4447,19.3446],[124.0386,-8.4461,6.0797],[124.0378,-8.4513,6.4342],[124.0407,-8.4519,12.2539],[124.0431,-8.449,26.3872],[124.0546,-8.4547,7.7765],[124.0522,-8.4626,11.5871],[124.0579,-8.4679,7.3628],[124.0552,-8.4779,1.9232],[124.0655,-8.491,8.1714],[124.064,-8.505,5.9537],[124.0616,-8.5093,10.2327],[124.0579,-8.5117,0.0],[124.0591,-8.5151,19.6544],[124.0539,-8.5222,0.0],[124.0555,-8.5238,8.135],[124.0536,-8.5311,0.0],[124.0553,-8.5334,42.4966],[124.0544,-8.5378,77.2575],[124.0557,-8.5442,5.6891],[124.0577,-8.5456,2.348],[124.0586,-8.5448,7.2021],[124.0626,-8.55,11.6583],[124.0722,-8.5504,6.895],[124.0757,-8.5476,59.9549],[124.0805,-8.5481,0.0],[124.0854,-8.5448,0.0],[124.1053,-8.5452,2.5481],[124.1063,-8.5395,197.718],[124.1065,-8.5442,41.9023],[124.1137,-8.5462,21.1147],[124.1236,-8.5446,0.0],[124.1389,-8.537,20.8057],[124.1413,-8.5384,0.0],[124.146,-8.5345,55.0497],[124.148,-8.5249,41.6249],[124.1557,-8.5195,19.5203],[124.1573,-8.5165,0.0],[124.1646,-8.5149,4.2645],[124.168,-8.5103,4.9943],[124.17,-8.5099,0.0],[124.169,-8.5039,27.1924],[124.1726,-8.5022,18.7482],[124.1763,-8.4957,0.0],[124.1721,-8.4883,11.0752],[124.1733,-8.4864,15.8348],[124.1799,-8.4845,11.3296],[124.1817,-8.4851,0.0],[124.1825,-8.4889,4.1991],[124.1869,-8.4888,10.1641],[124.1937,-8.4843,23.5325],[124.2124,-8.4596,4.5069],[124.2115,-8.4499,0.0],[124.2089,-8.4459,18.9068],[124.2062,-8.4344,58.6416],[124.21,-8.4259,42.4571],[124.2093,-8.416,13.7374],[124.2135,-8.4086,2.3389],[124.2179,-8.4061,15.0523],[124.2253,-8.3965,0.0],[124.2307,-8.3922,4.9485],[124.2336,-8.3808,11.1912],[124.2401,-8.3754,0.0],[124.2461,-8.3626,2.2882],[124.2502,-8.3582,0.0],[124.2561,-8.3573,0.0],[124.2592,-8.3522,10.3624],[124.2675,-8.35,1.4113],[124.2749,-8.3438,0.0],[124.2779,-8.3393,30.1203],[124.2848,-8.338,0.0],[124.2922,-8.3391,5.7565],[124.2938,-8.335,4.2108],[124.2998,-8.3323,0.0],[124.3019,-8.3297,0.0],[124.3024,-8.3253,11.7109],[124.3098,-8.3112,0.0],[124.3089,-8.3018,11.5946],[124.3033,-8.2883,2.4373],[124.3048,-8.2826,14.3277],[124.2988,-8.2681,5.3936],[124.3041,-8.2542,12.429],[124.3139,-8.2452,3.2436],[124.3232,-8.2341,22.3921],[124.3263,-8.228,0.0],[124.3259,-8.2215,0.0],[124.3296,-8.208,22.224],[124.3228,-8.184,2.5149],[124.3195,-8.1802,2.2468],[124.3141,-8.1776,0.0],[124.3025,-8.1751,3.0133],[124.2945,-8.1763,12.4738],[124.2938,-8.175,0.0],[124.2914,-8.1769,2.6189],[124.2904,-8.1739,0.0],[124.2879,-8.1738,0.0],[124.2869,-8.1754,3.7209],[124.278,-8.1756,0.0],[124.2673,-8.1856,3.7699],[124.2519,-8.1917,8.9677],[124.2374,-8.2102,12.2512],[124.2302,-8.2155,4.2096],[124.225,-8.232,4.5904],[124.2226,-8.2361,0.0],[124.2202,-8.2351,0.3032],[124.2207,-8.2375,0.5393],[124.214,-8.2493,0.5739],[124.2135,-8.2585,7.921],[124.2059,-8.267,2.3503],[124.2034,-8.273,15.251],[124.1973,-8.2778,0.0],[124.1953,-8.2773,3.6809],[124.1912,-8.2725,0.0],[124.1849,-8.2738,3.7689],[124.1676,-8.2912,18.6046],[124.1664,-8.3029,10.2511],[124.1637,-8.3099,4.2912],[124.1659,-8.3121,73.7475],[124.1626,-8.3123,0.0],[124.1622,-8.3157,0.0],[124.1589,-8.3141,0.0],[124.1508,-8.3188,0.0],[124.1508,-8.3225,14.0819],[124.1466,-8.3246,2.7631],[124.1337,-8.3392,0.0],[124.1328,-8.3441,8.8618],[124.1139,-8.3533,5.5733],[124.1031,-8.3623,0.0],[124.1079,-8.3709,4.2321],[124.1064,-8.3726,3.973],[124.1098,-8.3749,2.5851],[124.1134,-8.3724,11.3525],[124.1189,-8.3726,4.9888],[124.1161,-8.3767,5.309],[124.1198,-8.3818,0.0],[124.1168,-8.3844,3.5431],[124.1142,-8.3837,2.7885],[124.1108,-8.3894,2.2161],[124.109,-8.3872,4.3872],[124.1065,-8.3894,3.761],[124.105,-8.3881,16.5172],[124.1052,-8.3775,3.6522],[124.0989,-8.3748,5.4186],[124.0967,-8.3764,9.6136],[124.0974,-8.3753,5.4186],[124.0944,-8.3737,3.6424],[124.0913,-8.3747,5.678],[124.0913,-8.3704,0.0]]],
[[[123.3289,-8.2539,1.5202],[123.3319,-8.2562,0.3503],[123.3332,-8.2552,0.3503],[123.3321,-8.2522,1.2006],[123.3281,-8.2488,0.0],[123.328,-8.2519,10.0951],[123.3289,-8.2539,1.5202]]],
[[[123.3321,-8.2511,1.9331],[123.3357,-8.2561,3.8237],[123.3394,-8.2547,0.959],[123.3393,-8.2508,1.9944],[123.3364,-8.2463,0.946],[123.3336,-8.2464,0.4968],[123.3321,-8.2511,1.9331]]],
[[[122.9029,-8.6091,6.52],[122.9115,-8.6112,32.0223],[122.9248,-8.6048,0.0],[122.9332,-8.5966,0.0],[122.9364,-8.5957,22.1236],[122.9381,-8.5917,18.246],[122.9421,-8.5886,7.621],[122.9507,-8.5682,13.4747],[122.9536,-8.5669,0.6418],[122.9509,-8.5618,15.6994],[122.9534,-8.5526,3.5524],[122.9701,-8.534,0.3235],[122.9761,-8.5149,0.0],[122.9835,-8.5066,0.5078],[122.9913,-8.5029,1.5292],[122.9977,-8.4954,22.1077],[123.0034,-8.4936,1.5324],[123.0066,-8.488,22.3419],[123.018,-8.4811,2.5433],[123.0219,-8.4765,0.0],[123.0284,-8.4772,13.1654],[123.0346,-8.4811,2.0135],[123.0401,-8.4879,21.646],[123.0501,-8.492,2.3855],[123.0535,-8.4904,16.2592],[123.0573,-8.4918,0.0],[123.0602,-8.4906,51.3519],[123.0654,-8.4915,0.0],[123.0684,-8.4892,65.4295],[123.0738,-8.4881,0.0],[123.0784,-8.4888,6.6147],[123.0842,-8.4837,13.6628],[123.0975,-8.4778,0.0],[123.099,-8.4752,11.2536],[123.1027,-8.4741,23.1972],[123.1042,-8.472,14.2763],[123.1165,-8.4674,4.081],[123.1295,-8.4657,4.4709],[123.1329,-8.4667,0.0],[123.141,-8.464,1.3876],[123.1432,-8.4619,2.6395],[123.1484,-8.4616,1.5161],[123.1518,-8.4533,0.0],[123.1653,-8.4459,25.3684],[123.1681,-8.4413,0.0],[123.1667,-8.4389,84.4415],[123.1682,-8.4359,0.0],[123.1656,-8.4354,4.5068],[123.1641,-8.4314,4.0414],[123.1609,-8.4307,5.3919],[123.1588,-8.4273,1.2977],[123.1565,-8.4278,8.4646],[123.1515,-8.4237,0.8008],[123.1426,-8.423,6.1878],[123.1308,-8.4274,0.0],[123.1285,-8.4306,3.8619],[123.1163,-8.4359,0.9068],[123.1089,-8.4331,2.554],[123.0927,-8.4338,0.8035],[123.0921,-8.4372,5.9239],[123.0901,-8.433,0.0],[123.0763,-8.4344,0.0],[123.0678,-8.433,3.62],[123.0551,-8.4354,6.4415],[123.0468,-8.4337,5.0464],[123.0373,-8.4355,1.0733],[123.0319,-8.4431,16.4776],[123.0249,-8.4456,0.0],[123.0214,-8.4487,5.4772],[123.0134,-8.4476,0.0],[123.0098,-8.4432,0.805],[123.0042,-8.4423,7.5065],[122.9956,-8.4347,31.3956],[122.9933,-8.4345,0.0],[122.9901,-8.438,40.9052],[122.9843,-8.4352,3.3279],[122.9767,-8.436,0.573],[122.9702,-8.4435,18.259],[122.9651,-8.4452,0.0],[122.9526,-8.4602,6.7045],[122.952,-8.4713,27.6794],[122.9497,-8.4748,21.3402],[122.9505,-8.4775,27.6426],[122.9486,-8.481,9.2248],[122.9487,-8.4861,13.5019],[122.9454,-8.4932,26.7026],[122.921,-8.501,3.551],[122.9169,-8.5043,0.0],[122.9016,-8.5111,0.0],[122.8852,-8.524,0.0],[122.8825,-8.5286,0.0],[122.8798,-8.5471,7.1248],[122.8811,-8.5554,0.9936],[122.8759,-8.5602,0.0],[122.8718,-8.5696,29.2616],[122.8705,-8.5851,3.7282],[122.8821,-8.5955,2.9856],[122.8839,-8.6017,4.2613],[122.8831,-8.6035,0.0],[122.8863,-8.6094,17.3085],[122.8915,-8.6112,4.6968],[122.9029,-8.6091,6.52]]],
[[[121.5523,-8.5742,0.0],[121.5519,-8.5736,0.0],[121.5522,-8.5749,0.0],[121.5523,-8.5747,0.0],[121.5523,-8.5742,0.0]]],
[[[119.8036,-8.5844,3.6134],[119.804,-8.5811,1.9837],[119.8006,-8.5788,2.6117],[119.7969,-8.5795,0.0],[119.7944,-8.5834,0.0],[119.799,-8.5855,4.4607],[119.8036,-8.5844,3.6134]]],
[[[119.694,-8.5786,0.0],[119.6865,-8.5776,0.0],[119.6847,-8.581,0.0],[119.6885,-8.5834,1.0665],[119.6979,-8.581,0.0],[119.694,-8.5786,0.0]]],
[[[119.6813,-8.5777,1.3507],[119.6814,-8.5771,1.3507],[119.6808,-8.5769,1.3507],[119.6804,-8.5779,1.3507],[119.6813,-8.5777,1.3507]]],
[[[119.7515,-8.5758,0.0],[119.7479,-8.5728,0.0],[119.7463,-8.5748,0.0],[119.7459,-8.5802,0.0],[119.7509,-8.5814,1.0288],[119.7515,-8.5758,0.0]]],
[[[119.7281,-8.5746,12.1034],[119.729,-8.5729,0.0],[119.7263,-8.5682,0.0],[119.7237,-8.5696,0.7964],[119.7173,-8.5686,0.0],[119.7117,-8.5696,9.4372],[119.7054,-8.5742,1.8604],[119.7082,-8.5762,16.4513],[119.7113,-8.5748,12.4404],[119.7108,-8.5781,3.2383],[119.7127,-8.5806,2.6375],[119.7173,-8.578,1.6457],[119.7199,-8.5797,0.0],[119.7248,-8.5788,2.1273],[119.7281,-8.5746,12.1034]]],
[[[119.6312,-8.5561,0.5506],[119.6272,-8.555,0.9072],[119.6321,-8.5595,0.0],[119.6329,-8.5581,0.0],[119.6312,-8.5561,0.5506]]],
[[[119.8264,-8.5527,4.2825],[119.8278,-8.5524,1.595],[119.8283,-8.5517,1.595],[119.8255,-8.5509,0.0],[119.8264,-8.5527,4.2825]]],
[[[119.8189,-8.5523,0.0],[119.8186,-8.5533,0.0],[119.8196,-8.5535,0.0],[119.8192,-8.5525,0.0],[119.8189,-8.5523,0.0]]],
[[[119.689,-8.5475,0.949],[119.6796,-8.547,39.7204],[119.6788,-8.5509,1.6556],[119.682,-8.5579,10.9832],[119.6836,-8.5544,21.2258],[119.6881,-8.5543,0.7954],[119.6904,-8.5488,0.917],[119.689,-8.5475,0.949]]],
[[[119.7999,-8.5502,15.5638],[119.8031,-8.552,0.0],[119.8038,-8.5504,14.8158],[119.8012,-8.5487,17.6508],[119.7999,-8.5502,15.5638]]],
[[[119.7962,-8.5499,0.0],[119.7965,-8.5496,0.0],[119.7962,-8.5493,0.0],[119.7959,-8.5496,0.0],[119.7962,-8.5499,0.0]]],
[[[119.6623,-8.5324,0.7182],[119.6591,-8.5317,1.9158],[119.66,-8.5353,5.8071],[119.657,-8.5386,9.8391],[119.6527,-8.5382,5.8207],[119.6491,-8.5343,0.0],[119.6467,-8.5356,4.6442],[119.6495,-8.5374,1.4788],[119.6515,-8.5434,12.2741],[119.6499,-8.557,0.0],[119.6534,-8.5609,23.2629],[119.656,-8.5672,4.5101],[119.6584,-8.5673,12.5362],[119.659,-8.5627,0.0],[119.6547,-8.549,0.0],[119.66,-8.5404,0.7851],[119.6651,-8.5371,2.3438],[119.6644,-8.5336,3.7784],[119.6623,-8.5324,0.7182]]],
[[[119.7887,-8.5497,0.0],[119.7888,-8.5491,0.0],[119.7885,-8.5488,0.0],[119.788,-8.5501,0.9035],[119.7887,-8.5497,0.0]]],
[[[119.7829,-8.5505,5.1902],[119.784,-8.5523,1.8861],[119.7866,-8.5525,0.0],[119.7877,-8.5489,3.8131],[119.7855,-8.5459,0.0],[119.785,-8.546,0.0],[119.7829,-8.5505,5.1902]]],
[[[119.6917,-8.5509,0.4145],[119.6925,-8.5498,0.0],[119.6911,-8.5448,0.0],[119.6902,-8.5452,0.0],[119.692,-8.5501,0.0],[119.69,-8.5507,0.4145],[119.6917,-8.5509,0.4145]]],
[[[119.8139,-8.5454,0.0],[119.8137,-8.5481,5.4994],[119.8153,-8.5496,0.0],[119.8157,-8.5458,8.3469],[119.8139,-8.5454,0.0]]],
[[[119.8298,-8.5444,1.9565],[119.8322,-8.5435,0.9199],[119.8298,-8.5411,0.0],[119.8275,-8.5429,0.0],[119.8298,-8.5444,1.9565]]],
[[[119.5659,-8.5431,0.0],[119.5688,-8.5427,1.8152],[119.5662,-8.5414,16.3971],[119.5648,-8.5424,14.5841],[119.5659,-8.5431,0.0]]],
[[[119.7108,-8.5176,3.3072],[119.7122,-8.5192,4.3836],[119.7129,-8.5188,0.0],[119.7114,-8.5167,3.3072],[119.7108,-8.5176,3.3072]]],
[[[119.7448,-8.5262,0.0],[119.7448,-8.5286,0.0],[119.7467,-8.5291,1.6945],[119.7458,-8.5255,3.499],[119.7448,-8.5262,0.0]]],
[[[119.7341,-8.5212,0.0],[119.7364,-8.5243,5.0709],[119.7371,-8.5223,0.0],[119.7353,-8.5194,0.0],[119.7341,-8.5212,0.0]]],
[[[119.5858,-8.5189,1.7691],[119.587,-8.5198,0.0],[119.5879,-8.5181,4.7552],[119.5856,-8.5182,1.7691],[119.5858,-8.5189,1.7691]]],
[[[119.793,-8.5179,21.993],[119.7922,-8.5199,0.0],[119.7943,-8.5215,1.2753],[119.796,-8.5171,16.3875],[119.7939,-8.5161,0.0],[119.793,-8.5179,21.993]]],
[[[119.6409,-8.5394,1.8005],[119.6425,-8.5438,0.0],[119.6434,-8.5401,0.0],[119.6413,-8.5384,1.8005],[119.6409,-8.5394,1.8005]]],
[[[119.827,-8.5349,0.0],[119.8267,-8.5345,0.0],[119.8261,-8.5348,0.0],[119.8264,-8.5353,0.0],[119.827,-8.5349,0.0]]],
[[[119.614,-8.537,0.0],[119.6143,-8.5368,0.0],[119.6143,-8.5365,0.0],[119.6138,-8.5367,0.0],[119.614,-8.537,0.0]]],
[[[119.5668,-8.5348,0.0],[119.5669,-8.535,0.0],[119.5673,-8.5347,0.0],[119.5671,-8.5345,0.0],[119.5668,-8.5348,0.0]]],
[[[119.7933,-8.5315,0.0],[119.7929,-8.531,0.0],[119.7923,-8.5313,0.0],[119.7926,-8.5319,0.0],[119.7933,-8.5315,0.0]]],
[[[119.6279,-8.531,0.0],[119.6281,-8.5304,0.0],[119.6277,-8.5297,0.0],[119.6275,-8.5308,0.0],[119.6279,-8.531,0.0]]],
[[[119.7919,-8.5317,0.0],[119.7917,-8.5313,0.0],[119.791,-8.5319,0.0],[119.7914,-8.5321,0.0],[119.7919,-8.5317,0.0]]],
[[[119.5746,-8.5343,0.0],[119.5678,-8.5343,0.0],[119.5676,-8.5381,0.0],[119.57,-8.5413,1.8152],[119.5785,-8.5387,26.9742],[119.5773,-8.5354,2.2431],[119.5746,-8.5343,0.0]]],
[[[119.7925,-8.5225,2.8622],[119.7883,-8.521,0.0],[119.785,-8.5244,10.8913],[119.7832,-8.5282,24.0524],[119.784,-8.5303,2.2421],[119.7877,-8.5309,11.8763],[119.7929,-8.5278,20.9856],[119.7939,-8.5297,0.0],[119.7985,-8.5303,8.2521],[119.7948,-8.5223,0.0],[119.7925,-8.5225,2.8622]]],
[[[119.7112,-8.5089,0.0],[119.7114,-8.5091,0.0],[119.7116,-8.5091,0.0],[119.7117,-8.5088,0.0],[119.7112,-8.5089,0.0]]],
[[[119.7104,-8.5006,0.0],[119.7104,-8.5002,0.0],[119.71,-8.4999,0.0],[119.7101,-8.5008,0.0],[119.7104,-8.5006,0.0]]],
[[[119.869,-8.4944,0.0],[119.8675,-8.4955,0.0],[119.868,-8.4967,0.0],[119.8694,-8.4955,0.0],[119.869,-8.4944,0.0]]],
[[[119.5835,-8.4956,5.3723],[119.5832,-8.4936,2.9513],[119.5812,-8.4927,0.0],[119.5784,-8.4935,0.0],[119.5772,-8.4962,1.1578],[119.5794,-8.4984,2.1272],[119.5835,-8.4956,5.3723]]],
[[[119.7386,-8.5103,0.0],[119.7383,-8.5101,0.0],[119.73779999999999,-8.5108,0.0],[119.7381,-8.5108,0.0],[119.7386,-8.5103,0.0]]],
[[[119.4226,-8.5107,9.9921],[119.4227,-8.51,9.9921],[119.4217,-8.5102,0.0],[119.4218,-8.5105,0.0],[119.4226,-8.5107,9.9921]]],
[[[119.7298,-8.5155,0.0],[119.7283,-8.5140999999999991,4.3871],[119.7295,-8.5134,0.0],[119.7272,-8.5123,0.3773],[119.7247,-8.5178,18.4558],[119.729,-8.5184,0.0],[119.7298,-8.5155,0.0]]],
[[[119.5758,-8.5112,0.0],[119.5754,-8.5114,0.0],[119.5759,-8.512,0.0],[119.5759,-8.5114,0.0],[119.5758,-8.5112,0.0]]],
[[[119.6424,-8.5122,0.0],[119.6402,-8.5102,5.3301],[119.6339,-8.5140999999999991,0.0],[119.6338,-8.5161,7.9955],[119.6356,-8.5169,4.2479],[119.6353,-8.5212,0.958],[119.6396,-8.5188,3.3257],[119.6385,-8.5149,2.7407],[119.6425,-8.5184,0.0],[119.6424,-8.5122,0.0]]],
[[[119.7098,-8.5131,16.6683],[119.7045,-8.5099,5.1812],[119.696,-8.5121,24.5802],[119.7011,-8.5186,1.9605],[119.7071,-8.514,10.2777],[119.709,-8.5153,1.6885],[119.7098,-8.5131,16.6683]]],
[[[119.7317,-8.5108,0.7179],[119.7284,-8.5095,0.0],[119.7288,-8.5121,6.8241],[119.7277,-8.512,0.3773],[119.7327,-8.5135,0.0],[119.7334,-8.5121,0.4069],[119.7317,-8.5108,0.7179]]],
[[[119.696,-8.5107,0.0],[119.6961,-8.5107,0.0],[119.696,-8.5106,0.0],[119.6959,-8.5106,0.0],[119.696,-8.5107,0.0]]],
[[[119.7123,-8.5104,0.0],[119.7118,-8.5099,0.0],[119.7117,-8.5098,0.0],[119.712,-8.5106,0.0],[119.7123,-8.5104,0.0]]],
[[[119.7306,-8.4943,0.0],[119.7208,-8.4944,0.0],[119.7164,-8.4973,0.0],[119.7133,-8.5055,3.6699],[119.7163,-8.5083,0.0],[119.7134,-8.5128,13.3157],[119.7139,-8.516,4.0685],[119.7162,-8.5184,0.0],[119.7193,-8.5109,1.8825],[119.7202,-8.5121,5.3798],[119.7204,-8.5106,1.8825],[119.7174,-8.5095,3.0061],[119.7197,-8.5059,17.34],[119.7229,-8.505,1.2832],[119.7272,-8.5063,0.0],[119.7309,-8.5034,0.0],[119.7293,-8.5017,1.7867],[119.7312,-8.5031,0.0],[119.7341,-8.5014,1.9575],[119.7335,-8.4978,0.0],[119.7306,-8.4943,0.0]]],
[[[119.4217,-8.4437,0.0],[119.4216,-8.4439,0.0],[119.4217,-8.444,0.0],[119.4219,-8.4439,0.0],[119.4217,-8.4437,0.0]]],
[[[119.4221,-8.4438,0.0],[119.4224,-8.4438,28.3103],[119.4224,-8.4435,28.3103],[119.4222,-8.4434,28.3103],[119.4221,-8.4438,0.0]]],
[[[119.5633,-8.411,0.0],[119.5626,-8.4113,1.683],[119.5625,-8.412,1.683],[119.564,-8.4114,1.683],[119.5633,-8.411,0.0]]],
[[[119.7961,-8.3895,0.0],[119.7975,-8.3925,5.579],[119.7987,-8.3924,5.579],[119.7979,-8.39,24.9318],[119.7961,-8.3895,0.0]]],
[[[119.8882,-8.4049,0.0],[119.8877,-8.405,0.0],[119.8884,-8.4064,0.0],[119.8887,-8.4062,0.0],[119.8882,-8.4049,0.0]]],
[[[119.8781,-8.4002,0.0],[119.8775,-8.4001,0.0],[119.8779,-8.401,0.0],[119.8783,-8.4008,0.0],[119.8781,-8.4002,0.0]]],
[[[119.8096,-8.3997,0.4171],[119.8124,-8.4004,0.6624],[119.81,-8.3951,7.8892],[119.8063,-8.3933,51.9817],[119.8038,-8.3942,0.0],[119.8038,-8.3978,22.4525],[119.8096,-8.3997,0.4171]]],
[[[119.8648,-8.3835,12.2045],[119.8559,-8.3788,9.5211],[119.8557,-8.3761,2.8359],[119.8524,-8.3746,16.9677],[119.8477,-8.3782,3.9613],[119.839,-8.3791,0.0],[119.8392,-8.3862,0.0],[119.8377,-8.3863,0.0],[119.8393,-8.3901,0.0],[119.8453,-8.3955,9.8259],[119.8534,-8.3952,2.4382],[119.8563,-8.3968,0.0],[119.8564,-8.3994,26.2778],[119.8587,-8.4011,14.1933],[119.866,-8.4017,0.0],[119.8775,-8.3799,0.0],[119.8745,-8.38,2.4346],[119.8714,-8.3834,26.407],[119.8648,-8.3835,12.2045]]],
[[[119.8709,-8.4123,0.0],[119.8677,-8.4123,3.9447],[119.8636,-8.4097,2.1149],[119.8643,-8.4158,0.0],[119.8717,-8.4153,2.2393],[119.8727,-8.4177,0.0],[119.8716,-8.42,2.38],[119.8735,-8.4209,2.5145],[119.8751,-8.4158,0.0],[119.8732,-8.4127,0.0],[119.8709,-8.4123,0.0]]],
[[[119.473,-8.4733,0.0],[119.4725,-8.4738,0.0],[119.4746,-8.473,0.0],[119.4741,-8.4729,0.0],[119.473,-8.4733,0.0]]],
[[[119.5663,-8.467,0.0],[119.5659,-8.4643,5.2614],[119.5622,-8.461,0.0],[119.5597,-8.4621,2.085],[119.5532,-8.4681,0.0],[119.5514,-8.4748,0.0],[119.5531,-8.4749,0.0],[119.5544,-8.4776,0.0],[119.5561,-8.4752,2.4844],[119.56,-8.4766,0.0],[119.5638,-8.4714,2.6499],[119.5631,-8.4668,0.0],[119.5651,-8.466,11.345],[119.5667,-8.4682,0.0],[119.5663,-8.467,0.0]]],
[[[119.8649,-8.4671,71.9785],[119.8663,-8.469,9.0346],[119.8692,-8.4685,0.0],[119.8691,-8.4657,0.0],[119.8668,-8.4648,42.9942],[119.8649,-8.4671,71.9785]]],
[[[119.8708,-8.4635,6.7577],[119.8705,-8.4627,0.0],[119.8676,-8.4625,0.0],[119.8687,-8.4648,0.0],[119.8708,-8.4635,6.7577]]],
[[[119.8809,-8.461,0.0],[119.8805,-8.4607,0.0],[119.8803,-8.4612,0.0],[119.8805,-8.4614,0.0],[119.8809,-8.461,0.0]]],
[[[119.914,-8.4656,0.0],[119.9135,-8.4655,0.0],[119.9134,-8.4661,0.0],[119.9139,-8.466,0.0],[119.914,-8.4656,0.0]]],
[[[119.8682,-8.4736,0.0],[119.8687,-8.4735,0.0],[119.8689,-8.4734,0.0],[119.8679,-8.4731,0.0],[119.8682,-8.4736,0.0]]],
[[[119.8333,-8.4819,0.0],[119.8335,-8.482,0.0],[119.8336,-8.4818,0.0],[119.8334,-8.4817,0.0],[119.8333,-8.4819,0.0]]],
[[[119.5858,-8.4891,0.0],[119.5886,-8.4919,0.0],[119.5916,-8.4884,0.0],[119.587,-8.4861,0.0],[119.5858,-8.4891,0.0]]],
[[[119.7601,-8.4928,0.0],[119.7557,-8.4915,2.1444],[119.7586,-8.498,0.0],[119.761,-8.4955,27.9014],[119.7601,-8.4928,0.0]]],
[[[119.7566,-8.4896,0.0],[119.7567,-8.4897,0.0],[119.7569,-8.4895,0.0],[119.7567,-8.4894,0.0],[119.7566,-8.4896,0.0]]],
[[[119.8678,-8.4844,0.0],[119.8638,-8.4855,9.3577],[119.8631,-8.4842,0.0],[119.8619,-8.4901,3.6241],[119.8646,-8.4918,0.0],[119.8668,-8.4904,6.2381],[119.8693,-8.4932,0.0],[119.8709,-8.491,0.0],[119.8695,-8.4886,0.0],[119.8738,-8.4867,2.1361],[119.8678,-8.4844,0.0]]],
[[[119.8503,-8.4896,0.0],[119.8497,-8.4877,0.0],[119.8431,-8.4869,17.4354],[119.8437,-8.492,0.0],[119.8448,-8.4899,2.6863],[119.8503,-8.4896,0.0]]],
[[[119.8408,-8.488,1.347],[119.8401,-8.4876,0.0],[119.8407,-8.4889,1.347],[119.8412,-8.4885,1.347],[119.8408,-8.488,1.347]]],
[[[119.7314,-8.4874,0.0],[119.7315,-8.4871,0.0],[119.7315,-8.4869,0.0],[119.731,-8.4875,0.0],[119.7314,-8.4874,0.0]]],
[[[119.8609,-8.4873,0.0],[119.8612,-8.4849,0.0],[119.8551,-8.481,0.0],[119.8519,-8.4886,3.8958],[119.8531,-8.4896,0.0],[119.8553,-8.4873,4.7045],[119.8609,-8.4873,0.0]]],
[[[119.8402,-8.4815,0.0],[119.8378,-8.48,4.642],[119.8366,-8.4816,7.4768],[119.8335,-8.4815,0.0],[119.8395,-8.4843,0.0],[119.8402,-8.4815,0.0]]],
[[[119.8394,-8.4859,0.0],[119.8396,-8.4858,0.0],[119.8396,-8.4857,0.0],[119.8394,-8.4858,0.0],[119.8394,-8.4859,0.0]]],
[[[119.9362,-8.4561,0.0],[119.936,-8.4557,0.0],[119.9354,-8.4556,0.0],[119.9358,-8.4562,0.0],[119.9362,-8.4561,0.0]]],
[[[119.5844,-8.4502,23.2212],[119.5831,-8.4411,0.0],[119.5761,-8.4454,9.4835],[119.5727,-8.4458,12.2241],[119.5687,-8.45,9.9904],[119.5653,-8.4487,4.1958],[119.5645,-8.4455,0.0],[119.5624,-8.4503,33.0819],[119.5636,-8.4529,13.5301],[119.5623,-8.4592,18.7128],[119.5637,-8.4594,18.7128],[119.5701,-8.4513,16.054],[119.572,-8.4509,34.9625],[119.5734,-8.4527,10.3385],[119.5825,-8.4511,10.8124],[119.5841,-8.4524,1.9395],[119.5844,-8.4502,23.2212]]],
[[[119.8456,-8.4425,0.0],[119.8455,-8.4422,0.0],[119.8451,-8.442,0.0],[119.845,-8.4422,0.0],[119.8456,-8.4425,0.0]]],
[[[119.8948,-8.4359,0.0],[119.894,-8.436,0.0],[119.8931,-8.4371,0.0],[119.8942,-8.4368,0.0],[119.8948,-8.4359,0.0]]],
[[[119.8566,-8.4322,1.5777],[119.8567,-8.4321,1.5777],[119.8563,-8.4316,0.0],[119.8562,-8.4317,0.0],[119.8566,-8.4322,1.5777]]],
[[[119.9941,-8.4363,6.5044],[119.9928,-8.433,2.9954],[119.9893,-8.4328,0.0],[119.9897,-8.4382,0.0],[119.9949,-8.4385,0.0],[119.9941,-8.4363,6.5044]]],
[[[119.9626,-8.4333,0.0],[119.9629,-8.4332,0.0],[119.9626,-8.4328,0.0],[119.9624,-8.4329,0.0],[119.9626,-8.4333,0.0]]],
[[[119.9744,-8.4301,0.0],[119.9749,-8.4301,0.0],[119.975,-8.4299,0.0],[119.9742,-8.4297,0.0],[119.9744,-8.4301,0.0]]],
[[[119.9753,-8.4313,14.5063],[119.9752,-8.4309,0.0],[119.9749,-8.4309,0.0],[119.9749,-8.4313,14.5063],[119.9753,-8.4313,14.5063]]],
[[[119.8906,-8.4393,0.0],[119.8899,-8.4402,4.968],[119.891,-8.4408,4.968],[119.8915,-8.4398,0.0],[119.8906,-8.4393,0.0]]],
[[[122.1339,-8.1074,2.432],[122.131,-8.1074,12.4873],[122.131,-8.1061,0.0],[122.1272,-8.1073,0.0],[122.1207,-8.1123,12.6138],[122.1134,-8.111,0.0],[122.1048,-8.1176,0.0],[122.1051,-8.1241,0.0],[122.1098,-8.1241,2.063],[122.11279999999999,-8.1213,2.6866],[122.1184,-8.1195,5.5232],[122.122,-8.1213,0.0],[122.1254,-8.1205,3.5201],[122.1302,-8.1219,3.6719],[122.1349,-8.1132,0.0],[122.1353,-8.1087,25.8044],[122.1339,-8.1074,2.432]]],
[[[120.0457,-8.3886,3.2608],[120.0478,-8.3885,0.0],[120.0477,-8.3839,2.2268],[120.0453,-8.3856,9.9045],[120.0457,-8.3886,3.2608]]],
[[[120.0796,-8.3692,8.1429],[120.0804,-8.3701,0.0],[120.0817,-8.3688,0.0],[120.0803,-8.3682,8.1429],[120.0796,-8.3692,8.1429]]],
[[[121.0165,-8.3702,15.7965],[121.0099,-8.3686,1.7512],[121.0046,-8.3749,7.1528],[121.0048,-8.377,9.8808],[121.0003,-8.3785,0.0],[120.9954,-8.3768,4.7894],[120.9946,-8.3733,0.0],[120.9899,-8.3737,0.0],[120.989,-8.377,0.0],[120.992,-8.3791,2.2942],[120.992,-8.3821,0.0],[120.9965,-8.382,6.1883],[120.9987,-8.3842,3.467],[120.9956,-8.3884,2.6175],[120.9967,-8.3911,27.0826],[120.9992,-8.3913,0.0],[121.0008,-8.3875,3.3287],[121.0042,-8.3871,3.7658],[121.0073,-8.3878,10.156],[121.0094,-8.3917,3.4268],[121.0152,-8.3895,6.7436],[121.0173,-8.3856,4.367],[121.02,-8.3852,0.0],[121.019,-8.3816,0.0],[121.0099,-8.3821,4.3906],[121.0086,-8.3793,26.1055],[121.0135,-8.3773,2.0263],[121.0165,-8.3702,15.7965]]],
[[[120.0605,-8.3959,0.0],[120.0609,-8.3959,0.0],[120.0612,-8.3956,0.0],[120.0604,-8.3957,0.0],[120.0605,-8.3959,0.0]]],
[[[122.4612,-8.477,1.5497],[122.4571,-8.4766,0.0],[122.461,-8.4804,0.2707],[122.4676,-8.4809,0.224],[122.4649,-8.4785,1.1566],[122.4612,-8.477,1.5497]]],
[[[122.4485,-8.4637,3.8822],[122.4518,-8.4613,0.0],[122.4521,-8.4585,4.7383],[122.4388,-8.46,0.0],[122.4284,-8.4659,0.0],[122.4227,-8.4668,9.6869],[122.4229,-8.472,33.1899],[122.4247,-8.4745,10.4436],[122.4275,-8.4725,4.9128],[122.4311,-8.4753,4.1963],[122.4359,-8.4761,13.0369],[122.4383,-8.4792,0.0],[122.4372,-8.4746,4.8703],[122.4389,-8.4724,4.8958],[122.4426,-8.4725,2.8427],[122.4456,-8.4752,0.0],[122.4486,-8.4732,0.4397],[122.4523,-8.4764,0.0],[122.4552,-8.4762,34.0161],[122.4573,-8.4733,1.0092],[122.4568,-8.4692,0.0],[122.4499,-8.4663,9.4788],[122.4485,-8.4637,3.8822]]],
[[[122.4172,-8.4411,9.4793],[122.4162,-8.4363,0.0],[122.4146,-8.4356,3.4357],[122.4139,-8.4393,0.0],[122.4092,-8.4439,0.0],[122.41,-8.447,4.2016],[122.4078,-8.4479,0.0],[122.4034,-8.4426,0.0],[122.3972,-8.4399,3.1753999999999998],[122.3932,-8.4346,11.075],[122.3818,-8.4323,0.0],[122.3772,-8.4291,0.0],[122.3575,-8.4284,19.806],[122.3548,-8.4299,10.9455],[122.3454,-8.4284,32.4374],[122.3395,-8.4339,3.8733],[122.3338,-8.4362,0.0],[122.3353,-8.4436,21.1983],[122.3338,-8.4536,0.0],[122.3358,-8.4572,0.0],[122.334,-8.4605,11.0462],[122.3347,-8.4643,9.4213],[122.3497,-8.4824,3.4028],[122.3494,-8.4837,0.0],[122.3549,-8.4882,2.2021],[122.3642,-8.4894,12.7703],[122.3698,-8.4945,10.2732],[122.3788,-8.4974,10.6379],[122.389,-8.4978,43.8989],[122.394,-8.4927,1.9891],[122.3941,-8.4891,6.305],[122.3971,-8.4881,0.0],[122.4008,-8.4892,4.3007],[122.4054,-8.4829,7.1587],[122.4059,-8.478,4.2908],[122.4101,-8.4789,11.8929],[122.4151,-8.4769,1.323],[122.4149,-8.4731,0.0],[122.4171,-8.4693,0.4436],[122.415,-8.4673,0.6002],[122.4122,-8.4692,2.1887],[122.4137,-8.4582,1.7211],[122.4188,-8.4552,0.3313],[122.4227,-8.4498,0.0],[122.4172,-8.4411,9.4793]]],
[[[122.8045,-8.4502,19.6161],[122.8038,-8.4476,0.0],[122.8015,-8.4462,0.0],[122.7954,-8.4474,2.1512],[122.7936,-8.4502,9.3432],[122.7938,-8.4549,2.4584],[122.7962,-8.4576,7.5367],[122.8007,-8.4574,22.0138],[122.8038,-8.4539,11.0988],[122.8045,-8.4502,19.6161]]],
[[[122.4489,-8.4523,0.0],[122.4444,-8.4502,7.6956],[122.4412,-8.4547,2.6622],[122.4431,-8.4559,1.0824],[122.4489,-8.4523,0.0]]],
[[[122.5175,-8.4167,0.0],[122.5139,-8.4135,8.35],[122.5103,-8.4131,26.3262],[122.5007,-8.4177,5.1556],[122.4976,-8.4245,0.0],[122.498,-8.4299,0.0],[122.5012,-8.4352,0.5709],[122.507,-8.4339,3.6342],[122.5132,-8.4349,0.0],[122.5191,-8.4314,0.0],[122.5202,-8.4231,0.0],[122.5175,-8.4167,0.0]]],
[[[120.0317,-8.3609,1.6228],[120.0322,-8.359,2.0391],[120.0222,-8.3522,6.4208],[120.0165,-8.3613,0.0],[120.0162,-8.3647,0.0],[120.0182,-8.3662,0.0],[120.0164,-8.3725,0.0],[120.0176,-8.3733,0.0],[120.0222,-8.3704,0.636],[120.0256,-8.3653,6.5281],[120.0296,-8.369,5.9849],[120.0333,-8.3685,3.05],[120.0331,-8.3616,0.0],[120.0316,-8.3624,0.0],[120.0317,-8.3609,1.6228]]],
[[[120.0842,-8.3501,0.0],[120.084,-8.3507,0.0],[120.0845,-8.3509,0.0],[120.0847,-8.3503,0.0],[120.0842,-8.3501,0.0]]],
[[[122.2921,-8.3639,8.4505],[122.2985,-8.365,0.0],[122.2991,-8.3686,0.0],[122.3074,-8.3685,0.0],[122.3174,-8.3543,1.574],[122.3237,-8.35,0.0],[122.3209,-8.3459,13.3557],[122.3123,-8.345,30.0169],[122.3061,-8.3527,0.0],[122.3012,-8.356,3.3544],[122.2975,-8.3566,7.5679],[122.2958,-8.3545,0.0],[122.2847,-8.3543,0.0],[122.284,-8.3571,6.0837],[122.2772,-8.3634,8.7888],[122.2754,-8.3677,7.3269],[122.2858,-8.3687,8.6081],[122.2921,-8.3639,8.4505]]],
[[[122.952,-8.3508,1.5123],[122.9524,-8.3519,0.0],[122.9526,-8.3521,0.0],[122.9528,-8.3505,1.5123],[122.952,-8.3508,1.5123]]],
[[[120.1365,-8.3544,0.0],[120.1365,-8.355,0.0],[120.1371,-8.3548,0.0],[120.1371,-8.3545,0.0],[120.1365,-8.3544,0.0]]],
[[[120.1338,-8.3544,12.6729],[120.1356,-8.3543,5.9239],[120.1341,-8.3519,9.3371],[120.1356,-8.3507,6.3144],[120.1377,-8.3522,2.1668],[120.14,-8.3505,8.412],[120.1437,-8.3526,4.1007],[120.1473,-8.351,10.8561],[120.152,-8.3519,2.3871],[120.1545,-8.3495,0.8114],[120.1437,-8.3415,11.0879],[120.1313,-8.3386,4.0865],[120.1217,-8.3393,0.0],[120.1218,-8.3409,3.7049],[120.1174,-8.3398,5.4587],[120.112,-8.3436,4.8014],[120.1125,-8.3462,4.6575],[120.1176,-8.3485,2.9272],[120.1186,-8.3509,4.8741],[120.122,-8.3503,4.9142],[120.1239,-8.3531,0.0],[120.1276,-8.3512,17.3094],[120.1338,-8.3544,12.6729]]],
[[[120.1212,-8.3391,0.0],[120.1211,-8.3386,0.0],[120.1203,-8.3388,0.0],[120.1207,-8.3394,0.0],[120.1212,-8.3391,0.0]]],
[[[120.1179,-8.338,0.0],[120.1174,-8.3381,0.9553],[120.1175,-8.3386,0.9553],[120.118,-8.3386,0.0],[120.1179,-8.338,0.0]]],
[[[121.7461,-8.3279,0.0],[121.7462,-8.3244,0.0],[121.7409,-8.3195,2.3249],[121.7412,-8.3149,0.0],[121.7389,-8.3077,0.0],[121.7352,-8.3049,0.6235],[121.7315,-8.2979,0.0],[121.7288,-8.2962,0.0],[121.7207,-8.2966,0.0],[121.7145,-8.2927,0.0],[121.707,-8.292,0.0],[121.7026,-8.295,4.9888],[121.6958,-8.2957,0.9258],[121.6908,-8.301,0.9562],[121.6875,-8.3022,4.1071],[121.6853,-8.3055,7.1689],[121.6862,-8.3109,38.7377],[121.6813,-8.313,1.5411],[121.6808,-8.3167,26.8413],[121.6767,-8.3232,40.4964],[121.6785,-8.3255,38.7559],[121.677,-8.3278,50.5027],[121.6786,-8.34,10.5932],[121.6928,-8.3501,2.226],[121.7128,-8.3544,45.6356],[121.728,-8.3533,0.0],[121.7316,-8.3498,41.6918],[121.7358,-8.349,0.0],[121.7369,-8.3465,56.1851],[121.7397,-8.3457,3.9007],[121.743,-8.3417,4.5345],[121.7461,-8.3279,0.0]]],
[[[123.2408,-8.3943,5.7109],[123.2426,-8.3933,0.7674],[123.2599,-8.3958,5.703],[123.2685,-8.3937,3.4885],[123.2762,-8.3954,4.1013],[123.2804,-8.3918,16.7796],[123.2863,-8.3922,1.1057],[123.2867,-8.3909,12.4978],[123.2947,-8.3881,0.0],[123.2982,-8.3809,11.5792],[123.2975,-8.3747,3.7266],[123.3077,-8.3604,0.0],[123.3077,-8.3509,0.0],[123.3033,-8.3273,0.0],[123.305,-8.2966,9.1672],[123.3082,-8.2936,1.5645],[123.3129,-8.294,1.6649],[123.3217,-8.2865,0.0],[123.3235,-8.2844,5.8376],[123.3237,-8.2794,0.5781],[123.3314,-8.2754,2.9068],[123.3343,-8.2665,0.0],[123.3337,-8.2641,4.8329],[123.3268,-8.2594,0.0],[123.3229,-8.2546,0.0],[123.3216,-8.2577,1.7132],[123.314,-8.2563,1.0583],[123.313,-8.2542,0.0],[123.3074,-8.2531,5.7973],[123.3011,-8.2463,4.2787],[123.2896,-8.2507,5.5235],[123.2805,-8.2479,1.1685],[123.2792,-8.2438,0.6341],[123.2767,-8.2485,2.1702],[123.2774,-8.2501,2.9061],[123.276,-8.2505,4.7673],[123.2654,-8.2446,12.3766],[123.2654,-8.2409,3.4432],[123.2605,-8.2378,0.0],[123.2558,-8.2404,2.6864],[123.2558,-8.2353,0.0],[123.2535,-8.2323,12.847],[123.2432,-8.2255,0.0],[123.2419,-8.228,14.3887],[123.232,-8.2285,6.1759],[123.2305,-8.2312,0.0],[123.2279,-8.2321,11.888],[123.2268,-8.2412,0.0],[123.2212,-8.244,6.437],[123.2164,-8.2434,7.2636],[123.212,-8.2385,1.2454],[123.2119,-8.2344,5.6421],[123.2137,-8.2316,1.2516],[123.2099,-8.2241,0.0],[123.2039,-8.2265,18.079],[123.1961,-8.2248,29.7958],[123.1923,-8.2338,24.4448],[123.188,-8.2368,5.6657],[123.1848,-8.2359,0.0],[123.1818,-8.2405,6.9333],[123.1792,-8.2387,5.1957],[123.1603,-8.2414,4.2901],[123.1583,-8.2387,1.3674],[123.1563,-8.2398,5.6868],[123.1538,-8.2386,3.6791],[123.1523,-8.2346,21.1406],[123.1489,-8.2322,0.0],[123.142,-8.2338,2.049],[123.1423,-8.2394,0.0],[123.1331,-8.2416,26.871],[123.1313,-8.2451,7.1451],[123.1268,-8.2459,2.2545],[123.1225,-8.2502,6.699],[123.1212,-8.2537,4.9806],[123.119,-8.2541,0.0],[123.1172,-8.2577,0.9494],[123.1089,-8.2654,7.5957],[123.1038,-8.2667,6.2691],[123.0993,-8.2709,0.0],[123.0895,-8.2758,5.8728],[123.0796,-8.2757,4.0232],[123.077,-8.2789,2.1184],[123.0606,-8.2893,4.0664],[123.0581,-8.2934,3.3539],[123.0457,-8.2983,2.5073],[123.0411,-8.3049,4.0339],[123.0329,-8.3076,0.0],[123.0279,-8.3132,7.1956],[123.0267,-8.3204,8.9864],[123.0199,-8.3252,2.9509],[123.021,-8.328,2.7412],[123.0177,-8.3317,10.4235],[123.0171,-8.335,44.6698],[123.0102,-8.339,0.9375],[123.0111,-8.3434,20.5872],[123.009,-8.3499,43.6875],[123.0058,-8.3567,10.7952],[123.0032,-8.3576,4.2163],[123.0017,-8.3644,5.7866],[122.9988,-8.3688,16.7802],[123.0018,-8.38,27.0327],[122.9997,-8.3834,21.608],[123.0021,-8.3899,10.7504],[122.9968,-8.4009,22.5554],[123.0007,-8.4101,12.4144],[123.006,-8.4127,14.7709],[123.0105,-8.4106,19.8727],[123.0189,-8.4025,15.4798],[123.0232,-8.4041,2.2029],[123.0279,-8.3999,2.0698],[123.0328,-8.3997,0.0],[123.0389,-8.401,4.0575],[123.0406,-8.3999,0.5014],[123.0423,-8.4015,0.0],[123.0452,-8.3993,11.1354],[123.0473,-8.4017,0.4484],[123.0532,-8.3983,2.1164],[123.0559,-8.3998,1.1909],[123.0568,-8.4036,2.1372],[123.0587,-8.4043,3.2269],[123.0603,-8.4017,1.8389],[123.0618,-8.4022,1.8389],[123.0606,-8.4062,6.4873],[123.064,-8.4116,0.0],[123.0662,-8.4121,1.6389],[123.071,-8.4112,1.203],[123.0731,-8.4072,2.2219],[123.0789,-8.402,2.885],[123.0891,-8.4046,0.0],[123.1023,-8.4019,3.4008],[123.1092,-8.4028,4.5731],[123.1178,-8.3958,12.0852],[123.1234,-8.3946,0.0],[123.1291,-8.3908,5.9236],[123.1487,-8.3918,0.0],[123.1562,-8.3893,9.0195],[123.167,-8.3916,0.0],[123.1716,-8.3875,2.5862],[123.179,-8.3852,0.9309],[123.2175,-8.3873,3.0115],[123.2205,-8.3918,0.741],[123.225,-8.392,11.0776],[123.2303,-8.3964,0.0],[123.2354,-8.3949,1.7695],[123.2386,-8.3961,3.4041],[123.2408,-8.3943,5.7109]]],
[[[119.3947,-8.7278,0.0],[119.3951,-8.7285,0.0],[119.3961,-8.7284,0.0],[119.3954,-8.7276,0.0],[119.3947,-8.7278,0.0]]],
[[[119.4084,-8.7283,0.0],[119.4087,-8.7278,6.6233],[119.4083,-8.7273,6.6233],[119.4079,-8.7278,6.6233],[119.4084,-8.7283,0.0]]],
[[[119.3819,-8.7367,0.0],[119.3821,-8.7364,0.0],[119.3815,-8.7364,0.0],[119.3815,-8.7367,0.0],[119.3819,-8.7367,0.0]]],
[[[119.7977,-8.7067,0.0],[119.7968,-8.7073,0.0],[119.7972,-8.7081,0.0],[119.7977,-8.7072,0.0],[119.7977,-8.7067,0.0]]],
[[[119.5248,-8.7015,0.0],[119.5243,-8.7016,0.0],[119.5241,-8.7022,0.0],[119.5254,-8.7023,3.1737],[119.5248,-8.7015,0.0]]],
[[[119.7658,-8.7097,18.8616],[119.7649,-8.7121,27.4943],[119.7665,-8.714,3.1739],[119.7683,-8.7079,0.8104],[119.7667,-8.6981,0.4938],[119.7651,-8.7055,12.4925],[119.7668,-8.7087,9.8962],[119.7658,-8.7097,18.8616]]],
[[[119.5239,-8.7003,0.0],[119.5242,-8.7,0.0],[119.524,-8.6998,0.0],[119.5239,-8.6998,0.0],[119.5239,-8.7003,0.0]]],
[[[119.6134,-8.724,0.0],[119.6133,-8.7258,0.0],[119.6152,-8.7256,19.0911],[119.6144,-8.7238,5.3654],[119.6134,-8.724,0.0]]],
[[[119.7526,-8.6942,0.0],[119.7527,-8.6955,0.0],[119.7545,-8.6962,8.4234],[119.7529,-8.6933,0.0],[119.7526,-8.6942,0.0]]],
[[[119.449,-8.6886,0.0],[119.449,-8.689,0.0],[119.4496,-8.6884,0.0],[119.4494,-8.6884,0.0],[119.449,-8.6886,0.0]]],
[[[119.4735,-8.6905,23.0493],[119.4707,-8.6859,0.0],[119.4666,-8.6842,0.0],[119.4653,-8.6853,0.0],[119.4646,-8.6877,0.0],[119.4676,-8.6875,74.7745],[119.469,-8.6905,3.1193],[119.4693,-8.689,20.0271],[119.4708,-8.6894,47.1574],[119.4712,-8.6913,0.0],[119.4735,-8.6905,23.0493]]],
[[[119.538,-8.692,0.0],[119.5383,-8.6921,0.0],[119.5384,-8.6914,0.0],[119.5382,-8.6915,0.0],[119.538,-8.692,0.0]]],
[[[119.6473,-8.6913,0.0],[119.6472,-8.6915,0.0],[119.6475,-8.6917,0.0],[119.6475,-8.6915,0.0],[119.6473,-8.6913,0.0]]],
[[[119.7522,-8.6866,3.9063],[119.7513,-8.6869,0.0],[119.7518,-8.6877,3.9063],[119.7523,-8.6872,3.9063],[119.7522,-8.6866,3.9063]]],
[[[119.6478,-8.6913,0.0],[119.6477,-8.6913,0.0],[119.6477,-8.6915,0.0],[119.6478,-8.6913,0.0]]],
[[[119.5397,-8.6885,4.3293],[119.5413,-8.6887,4.3293],[119.5393,-8.6871,3.0146],[119.5363,-8.6895,11.1753],[119.5329,-8.6888,0.0],[119.5326,-8.693,0.0],[119.5359,-8.6935,0.0],[119.5397,-8.6885,4.3293]]],
[[[119.6573,-8.6898,0.0],[119.6578,-8.6897,0.0],[119.6583,-8.689,8.3831],[119.6576,-8.6893,8.3831],[119.6573,-8.6898,0.0]]],
[[[119.6492,-8.6891,0.0],[119.649,-8.6885,0.0],[119.6486,-8.6893,0.0],[119.649,-8.6895,0.0],[119.6492,-8.6891,0.0]]],
[[[119.5716,-8.6889,0.0],[119.5728,-8.6862,0.0],[119.5705,-8.6845,0.0],[119.5649,-8.6865,15.627],[119.5682,-8.6897,0.0],[119.569,-8.6931,0.0],[119.5713,-8.6923,1.804],[119.5703,-8.69,51.5674],[119.5716,-8.6889,0.0]]],
[[[119.7847,-8.6606,0.0],[119.7845,-8.6606,0.0],[119.7838,-8.6624,1.3279],[119.785,-8.6615,0.0],[119.7847,-8.6606,0.0]]],
[[[119.5382,-8.6572,0.0],[119.5379,-8.6573,0.0],[119.5385,-8.6576,0.0],[119.5386,-8.6575,0.0],[119.5382,-8.6572,0.0]]],
[[[119.5816,-8.6566,0.0],[119.5806,-8.6567,0.0],[119.5804,-8.6569,0.0],[119.5808,-8.657,0.0],[119.5816,-8.6566,0.0]]],
[[[119.6322,-8.6486,0.0],[119.6319,-8.6481,0.0],[119.6313,-8.6482,0.0],[119.6314,-8.6487,0.0],[119.6322,-8.6486,0.0]]],
[[[119.5714,-8.6517,9.1968],[119.5714,-8.6496,1.8528],[119.5698,-8.6488,0.0],[119.5695,-8.6515,0.0],[119.5714,-8.6517,9.1968]]],
[[[119.6319,-8.6491,0.0],[119.6317,-8.6491,0.0],[119.6317,-8.6494,0.0],[119.6319,-8.6493,0.0],[119.6319,-8.6491,0.0]]],
[[[119.802,-8.6452,3.8066],[119.8021,-8.6461,3.8066],[119.8018,-8.6474,0.0],[119.8029,-8.6441,0.0],[119.802,-8.6452,3.8066]]],
[[[119.396,-8.6353,4.5713],[119.3947,-8.6361,0.0],[119.396,-8.6373,0.0],[119.3961,-8.6372,0.0],[119.396,-8.6353,4.5713]]],
[[[119.6211,-8.6284,0.0],[119.6211,-8.6285,0.0],[119.6213,-8.6286,0.0],[119.6211,-8.6284,0.0]]],
[[[119.4969,-8.6491,13.4885],[119.4964,-8.6471,4.3625],[119.4941,-8.6475,0.0],[119.4953,-8.6503,6.7977],[119.4969,-8.6491,13.4885]]],
[[[119.5541,-8.6445,0.0],[119.5547,-8.6454,2.6546],[119.5562,-8.6461,0.0],[119.5556,-8.6451,2.6546],[119.5541,-8.6445,0.0]]],
[[[119.7108,-8.6326,0.0],[119.71,-8.634,0.0],[119.7111,-8.6348,0.0],[119.7112,-8.6328,0.0],[119.7108,-8.6326,0.0]]],
[[[119.7101,-8.6296,7.5918],[119.7071,-8.628,11.5679],[119.7048,-8.6283,5.3413],[119.7064,-8.6309,8.6863],[119.7101,-8.6296,7.5918]]],
[[[119.622,-8.6374,1.1523],[119.6218,-8.6381,4.5597],[119.6231,-8.639,4.5597],[119.6221,-8.6364,1.1523],[119.622,-8.6374,1.1523]]],
[[[119.6176,-8.6267,14.1338],[119.6121,-8.6256,5.6101],[119.6128,-8.6326,0.0],[119.616,-8.6373,0.0],[119.6195,-8.6354,2.3564],[119.6185,-8.6343,2.5131],[119.6196,-8.6291,17.9713],[119.6176,-8.6267,14.1338]]],
[[[119.6502,-8.6876,16.0381],[119.6503,-8.6841,0.0],[119.6478,-8.6858,12.8744],[119.6453,-8.685,9.9738],[119.6469,-8.688,0.0],[119.6502,-8.6876,16.0381]]],
[[[119.5392,-8.6841,0.0],[119.5384,-8.6838,0.0],[119.5381,-8.6838,0.0],[119.54,-8.6845,0.0],[119.5392,-8.6841,0.0]]],
[[[119.6905,-8.672,0.0],[119.6907,-8.6721,0.0],[119.6908,-8.6715,0.0],[119.6904,-8.6717,0.0],[119.6905,-8.672,0.0]]],
[[[119.5317,-8.6694,5.007],[119.5332,-8.6705,7.2859],[119.5335,-8.6687,4.1764],[119.5325,-8.6687,5.007],[119.5317,-8.6694,5.007]]],
[[[119.6907,-8.6706,0.0],[119.6903,-8.6702,0.0],[119.6896,-8.6704,0.0],[119.6899,-8.6711,0.0],[119.6907,-8.6706,0.0]]],
[[[119.7801,-8.6691,15.3474],[119.7732,-8.6666,8.6809],[119.7763,-8.6769,23.4108],[119.7756,-8.6803,0.0],[119.7773,-8.6805,3.8611],[119.7804,-8.6751,2.6512],[119.7823,-8.6756,11.9218],[119.783,-8.6789,0.0],[119.7866,-8.6759,0.0],[119.7821,-8.6741,10.6658],[119.7801,-8.6691,15.3474]]],
[[[119.7808,-8.6686,0.0],[119.7809,-8.6684,0.0],[119.7805,-8.6678,0.0],[119.7803,-8.6683,0.0],[119.7808,-8.6686,0.0]]],
[[[119.5348,-8.6657,2.1545],[119.5341,-8.6656,2.1545],[119.533,-8.6666,0.0],[119.5347,-8.6665,0.0],[119.5348,-8.6657,2.1545]]],
[[[119.5845,-8.6671,0.0],[119.5843,-8.6667,0.0],[119.5842,-8.6671,0.0],[119.5845,-8.6671,0.0]]],
[[[119.5838,-8.6661,0.0],[119.5835,-8.6665,0.0],[119.5839,-8.6671,0.0],[119.5842,-8.6668,0.0],[119.5838,-8.6661,0.0]]],
[[[119.5437,-8.6813,0.0],[119.5435,-8.68,0.0],[119.5417,-8.6805,0.0],[119.5428,-8.6814,0.0],[119.5437,-8.6813,0.0]]],
[[[119.6139,-8.6794,0.0],[119.6146,-8.6815,0.0],[119.6148,-8.6798,0.0],[119.6135,-8.6787,0.0],[119.6139,-8.6794,0.0]]],
[[[119.533,-8.6778,0.0],[119.5333,-8.6786,0.7132],[119.5333,-8.675,1.9382],[119.5329,-8.6761,0.0],[119.533,-8.6778,0.0]]],
[[[119.5496,-8.677,0.0],[119.5499,-8.6767,5.1237],[119.5498,-8.6764,5.1237],[119.5492,-8.6767,0.0],[119.5496,-8.677,0.0]]],
[[[119.6028,-8.6317,16.6504],[119.5974,-8.6308,0.0],[119.5895,-8.6334,7.5764],[119.589,-8.6349,14.1992],[119.5819,-8.6379,0.0],[119.5835,-8.6405,7.1674],[119.5815,-8.6417,8.6496],[119.5817,-8.6395,3.9345],[119.5756,-8.6381,9.2635],[119.5718,-8.6429,3.3159],[119.576,-8.6445,8.1387],[119.5755,-8.6465,6.689],[119.5682,-8.6565,9.8874],[119.5628,-8.6512,0.0],[119.5583,-8.651,0.0],[119.5593,-8.6551,0.0],[119.5533,-8.6605,2.3703],[119.5513,-8.6601,0.8052],[119.5444,-8.6653,6.966],[119.5414,-8.6649,25.0949],[119.5405,-8.6625,0.0],[119.5394,-8.6655,0.0],[119.5351,-8.6686,4.1764],[119.5401,-8.6718,4.4947],[119.5405,-8.6783,0.7294],[119.5444,-8.6736,0.0],[119.5491,-8.6733,0.0],[119.5509,-8.6766,5.1237],[119.5491,-8.6814,0.0],[119.5527,-8.6777,28.7158],[119.5549,-8.6784,29.5597],[119.5564,-8.6886,21.1625],[119.5596,-8.6913,0.0],[119.5588,-8.6945,0.0],[119.5605,-8.6935,-1.534],[119.5609,-8.6895,89.7931],[119.5643,-8.692,0.0],[119.5632,-8.6868,0.0],[119.5598,-8.6838,89.0055],[119.557,-8.6768,6.6597],[119.5549,-8.6761,0.0],[119.5582,-8.6657,4.5205],[119.5652,-8.6588,11.547],[119.5703,-8.6578,8.0038],[119.5751,-8.6605,2.3108],[119.575,-8.6562,3.3404],[119.5792,-8.6547,3.8231],[119.5842,-8.6573,3.157],[119.5869,-8.6617,12.3841],[119.5898,-8.6624,29.5476],[119.5907,-8.6663,0.0],[119.5931,-8.6616,0.0],[119.6021,-8.6598,0.0],[119.6027,-8.6535,21.2511],[119.6043,-8.6518,3.0848],[119.6018,-8.6472,1.367],[119.6041,-8.6377,4.1414],[119.6028,-8.6317,16.6504]]],
[[[119.7123,-8.6286,0.0],[119.7124,-8.6282,0.0],[119.712,-8.6276,0.0],[119.7116,-8.6281,0.0],[119.7123,-8.6286,0.0]]],
[[[119.7434,-8.6265,0.0],[119.7432,-8.6259,0.0],[119.7425,-8.6264,5.6055],[119.7429,-8.6267,5.6055],[119.7434,-8.6265,0.0]]],
[[[119.528,-8.6235,15.4119],[119.5245,-8.6236,0.0],[119.5279,-8.6264,0.0],[119.5305,-8.6238,2.7466],[119.528,-8.6235,15.4119]]],
[[[119.4747,-8.6166,2.2148],[119.4739,-8.6169,2.2148],[119.4738,-8.6174,2.2148],[119.4758,-8.617,0.0],[119.4747,-8.6166,2.2148]]],
[[[119.47,-8.6206,11.2754],[119.4714,-8.6209,11.2754],[119.4719,-8.6175,0.0],[119.4658,-8.6191,10.6275],[119.4672,-8.6211,17.1091],[119.47,-8.6206,11.2754]]],
[[[119.485,-8.614,0.8222],[119.4866,-8.6138,3.337],[119.487,-8.6131,3.337],[119.4861,-8.6129,0.0],[119.485,-8.614,0.8222]]],
[[[119.768,-8.6068,0.8569],[119.7673,-8.6064,2.328],[119.7668,-8.6075,2.328],[119.7673,-8.6078,2.328],[119.768,-8.6068,0.8569]]],
[[[119.5193,-8.6164,0.0],[119.5192,-8.6172,0.0],[119.521,-8.6148,0.0],[119.5201,-8.6146,0.0507],[119.5193,-8.6164,0.0]]],
[[[119.5321,-8.6149,1.9459],[119.5314,-8.6143,0.7727],[119.5322,-8.616,1.9459],[119.5322,-8.6159,1.9459],[119.5321,-8.6149,1.9459]]],
[[[119.7204,-8.6162,0.0],[119.7224,-8.6167,1.4532],[119.7224,-8.6136,7.8382],[119.7194,-8.6123,0.0],[119.7189,-8.614,11.6556],[119.7204,-8.6162,0.0]]],
[[[119.5332,-8.6069,22.0434],[119.5272,-8.6059,2.6718],[119.5257,-8.609,2.1493],[119.5211,-8.6101,20.2534],[119.5217,-8.6137,12.8288],[119.5249,-8.6162,6.1465],[119.5278,-8.6137,3.5639],[119.5314,-8.6139,0.7727],[119.5332,-8.6121,16.876],[119.5332,-8.6069,22.0434]]],
[[[119.7923,-8.6025,0.0],[119.7945,-8.603,0.0],[119.7951,-8.6015,0.7207],[119.7928,-8.6003,4.5912],[119.7923,-8.6025,0.0]]],
[[[119.5297,-8.6038,0.0],[119.5293,-8.6035,0.0],[119.5294,-8.6047,0.0],[119.5297,-8.6038,0.0]]],
[[[119.7665,-8.6048,3.1304],[119.7692,-8.6068,0.8569],[119.771,-8.6063,1.0849],[119.7697,-8.6035,4.4886],[119.7665,-8.6048,3.1304]]],
[[[120.3018,-8.8757,0.0],[120.2876,-8.8683,3.2463],[120.2807,-8.8709,8.6827],[120.2738,-8.8763,5.8548],[120.2616,-8.8956,0.0],[120.2562,-8.901,0.9667],[120.2596,-8.9069,0.1749],[120.2625,-8.9072,5.0247],[120.2744,-8.9157,0.961],[120.2803,-8.9126,6.1546],[120.2877,-8.9119,6.3096],[120.3058,-8.9006,4.0008],[120.305,-8.881,0.0],[120.3018,-8.8757,0.0]]],
[[[121.5291,-8.899,27.6224],[121.5347,-8.8885,30.2706],[121.5348,-8.8842,32.4451],[121.5303,-8.8799,21.9995],[121.5284,-8.8724,1.836],[121.5334,-8.8623,0.0],[121.5309,-8.8573,12.9578],[121.5242,-8.8501,3.5797],[121.5191,-8.8536,13.588],[121.519,-8.8605,46.1599],[121.5173,-8.8619,6.0592],[121.5208,-8.8635,0.0],[121.5207,-8.8669,0.0],[121.5228,-8.8704,0.0],[121.5223,-8.8742,0.0],[121.518,-8.8791,6.9678],[121.5156,-8.8798,12.0708],[121.5132,-8.8778,0.0],[121.5091,-8.8814,8.4101],[121.5089,-8.8902,79.7505],[121.507,-8.8927,9.2327],[121.5098,-8.8995,14.1309],[121.5126,-8.9032,0.0],[121.5153,-8.9041,124.5573],[121.5161,-8.907,0.0],[121.5224,-8.9062,42.9034],[121.5244,-8.9029,73.7615],[121.528,-8.9022,0.0],[121.5291,-8.899,27.6224]]],
[[[119.8841,-8.8416,0.0],[119.8843,-8.8408,0.0],[119.8839,-8.8402,0.0],[119.8837,-8.8418,0.0],[119.8841,-8.8416,0.0]]],
[[[119.6345,-8.8094,0.0],[119.6347,-8.8091,0.0],[119.6348,-8.8089,0.0],[119.6341,-8.8097,0.0],[119.6345,-8.8094,0.0]]],
[[[119.6466,-8.7919,10.3437],[119.6462,-8.7918,0.0],[119.6462,-8.7919,0.0],[119.6463,-8.792,0.0],[119.6466,-8.7919,10.3437]]],
[[[119.6482,-8.8132,0.0],[119.6489,-8.813,0.0],[119.6491,-8.8127,0.0],[119.6484,-8.8128,0.0],[119.6482,-8.8132,0.0]]],
[[[119.6158,-8.791,0.0],[119.6157,-8.7913,0.0],[119.6162,-8.7913,0.0],[119.6161,-8.7911,0.0],[119.6158,-8.791,0.0]]],
[[[119.8123,-8.7817,0.0],[119.8117,-8.7817,0.0],[119.8116,-8.7831,0.0],[119.8122,-8.7825,0.0],[119.8123,-8.7817,0.0]]],
[[[119.7908,-8.7961,0.0],[119.7862,-8.7943,9.5488],[119.787,-8.7907,5.0438],[119.7827,-8.7913,30.2524],[119.7829,-8.7944,11.3156],[119.7808,-8.7941,0.0],[119.7715,-8.8067,0.0],[119.7708,-8.8185,4.7005],[119.7726,-8.8205,0.0],[119.7747,-8.8204,34.6214],[119.7748,-8.8221,14.8455],[119.7786,-8.8241,0.0],[119.7801,-8.8206,159.0307],[119.7848,-8.8208,58.2866],[119.7861,-8.8241,0.0],[119.787,-8.8204,10.8555],[119.7896,-8.8258,0.0],[119.7914,-8.8249,0.0],[119.7913,-8.823,0.0],[119.7944,-8.8241,12.4438],[119.7946,-8.8215,65.4904],[119.7983,-8.8219,17.2767],[119.7987,-8.8172,97.7392],[119.801,-8.8143,0.0],[119.803,-8.8009,0.0],[119.8005,-8.7983,11.3479],[119.7908,-8.7961,0.0]]],
[[[119.6562,-8.7868,8.6567],[119.6549,-8.7843,0.0],[119.6459,-8.7936,10.7173],[119.6355,-8.7979,0.0],[119.632,-8.8008,0.0],[119.63,-8.8053,14.827],[119.6306,-8.807,0.0],[119.6474,-8.8095,26.442],[119.651,-8.804,85.576],[119.6529,-8.8146,0.0],[119.6553,-8.8145,10.8247],[119.6581,-8.8103,42.146],[119.659,-8.8183,0.0],[119.6603,-8.8162,71.6872],[119.6643,-8.8148,0.0],[119.6673,-8.8167,0.0],[119.6663,-8.811,102.3352],[119.6678,-8.8079,17.2096],[119.6699,-8.8081,0.0],[119.6673,-8.805,2.5347],[119.6672,-8.7989,0.0],[119.6592,-8.7948,3.2286],[119.6584,-8.7905,3.3221],[119.6547,-8.7903,10.9874],[119.6545,-8.7882,26.6739],[119.6562,-8.7868,8.6567]]],
[[[119.6467,-8.7915,10.3437],[119.6469,-8.791,0.0],[119.6467,-8.7908,0.0],[119.6462,-8.7911,0.0],[119.6467,-8.7915,10.3437]]],
[[[119.8073,-8.7853,0.0],[119.8074,-8.782,0.0],[119.8053,-8.7819,18.8565],[119.8035,-8.7823,0.0],[119.8019,-8.7859,0.0],[119.8039,-8.7892,5.0126],[119.8054,-8.7883,0.0],[119.8044,-8.7862,45.6663],[119.8073,-8.7853,0.0]]],
[[[119.7978,-8.7847,0.0],[119.8002,-8.7853,0.0],[119.801,-8.7845,0.0],[119.7983,-8.7834,0.0],[119.7978,-8.7847,0.0]]],
[[[119.6708,-8.7889,0.7958],[119.6709,-8.7883,0.7958],[119.6704,-8.7882,0.7958],[119.6704,-8.7888,0.7958],[119.6708,-8.7889,0.7958]]],
[[[119.8013,-8.7863,0.0],[119.8006,-8.7856,0.0],[119.8003,-8.7867,0.0],[119.8011,-8.7871,0.0],[119.8013,-8.7863,0.0]]],
[[[119.659,-8.7855,0.0],[119.6596,-8.7864,0.0],[119.6596,-8.7849,0.0],[119.6577,-8.7844,0.0],[119.6577,-8.7849,0.0],[119.659,-8.7855,0.0]]],
[[[119.7997,-8.7654,0.0],[119.8001,-8.7651,0.0],[119.8,-8.7644,0.0],[119.7991,-8.7648,0.0],[119.7997,-8.7654,0.0]]],
[[[119.7995,-8.7616,0.0],[119.7996,-8.7618,0.0],[119.8001,-8.7612,12.9128],[119.7997,-8.7614,0.0],[119.7995,-8.7616,0.0]]],
[[[119.7986,-8.7598,0.0],[119.7989,-8.7601,12.9128],[119.7992,-8.7599,12.9128],[119.7988,-8.7596,12.9128],[119.7986,-8.7598,0.0]]],
[[[119.441,-8.7526,0.0],[119.4404,-8.7516,0.0],[119.4399,-8.7514,0.0],[119.4401,-8.7521,0.0],[119.441,-8.7526,0.0]]],
[[[119.4242,-8.7627,0.0],[119.424,-8.7622,0.0],[119.4237,-8.7621,0.0],[119.4238,-8.7628,0.0],[119.4242,-8.7627,0.0]]],
[[[119.3678,-8.7487,2.2762],[119.3678,-8.7483,2.2762],[119.367,-8.7486,2.2762],[119.3672,-8.7487,2.2762],[119.3678,-8.7487,2.2762]]],
[[[119.4096,-8.7425,0.0],[119.4101,-8.7429,0.1129],[119.4122,-8.7428,0.5595],[119.4113,-8.7418,0.1129],[119.4096,-8.7425,0.0]]],
[[[119.4076,-8.7439,0.0],[119.4081,-8.7438,0.0],[119.408,-8.7435,0.0],[119.4076,-8.7436,0.0],[119.4076,-8.7439,0.0]]],
[[[119.4068,-8.7435,0.0],[119.4071,-8.7434,0.0],[119.4071,-8.743,0.0],[119.4067,-8.7432,0.0],[119.4068,-8.7435,0.0]]],
[[[119.3712,-8.7457,2.8751],[119.3712,-8.7461,2.8751],[119.3727,-8.7461,2.8751],[119.372,-8.7452,2.8751],[119.3712,-8.7457,2.8751]]],
[[[119.3746,-8.7413,14.4237],[119.3744,-8.7385,1.2345],[119.3694,-8.7394,0.0],[119.3713,-8.741,33.6474],[119.3676,-8.7407,0.4523],[119.3678,-8.7428,10.611],[119.3639,-8.7478,17.8898],[119.3673,-8.7478,40.5035],[119.37,-8.7448,17.1278],[119.3748,-8.745,0.0],[119.3753,-8.7439,0.9892],[119.3735,-8.743,9.8541],[119.3746,-8.7413,14.4237]]],
[[[119.427,-8.7469,8.0812],[119.4249,-8.7435,0.7619],[119.4232,-8.7441,2.5855],[119.4193,-8.7549,0.0],[119.4225,-8.7581,21.8258],[119.4231,-8.7616,0.0],[119.4249,-8.7603,32.0029],[119.4273,-8.7639,10.1211],[119.4306,-8.7645,-0.1215],[119.4307,-8.7605,0.0],[119.4274,-8.7537,0.0],[119.427,-8.7469,8.0812]]],
[[[119.6027,-8.7498,0.0],[119.6024,-8.7497,0.0],[119.6024,-8.7498,0.0],[119.603,-8.7499,0.0],[119.6027,-8.7498,0.0]]],
[[[119.6025,-8.7483,0.0],[119.604,-8.7488,3.7747],[119.6043,-8.7487,3.7747],[119.6039,-8.7478,0.0],[119.6025,-8.7483,0.0]]],
[[[119.3755,-8.7372,0.0],[119.3744,-8.7376,0.0],[119.3749,-8.7385,0.0],[119.3751,-8.7385,0.0],[119.3755,-8.7372,0.0]]],
[[[119.4097,-8.7379,0.0],[119.4112,-8.739,1.9213],[119.4116,-8.7358,0.0],[119.411,-8.7358,0.0],[119.4097,-8.7379,0.0]]],
[[[119.6049,-8.7391,0.0],[119.6052,-8.7392,0.0],[119.6053,-8.739,7.7596],[119.6048,-8.7388,0.0],[119.6049,-8.7391,0.0]]],
[[[119.4812,-8.7373,0.0],[119.4804,-8.7384,0.0],[119.4818,-8.7387,0.0],[119.4818,-8.7369,0.0],[119.4812,-8.7373,0.0]]],
[[[119.6395,-8.6094,4.5744],[119.6322,-8.6028,0.0],[119.6144,-8.6095,0.0],[119.6173,-8.6134,2.7197],[119.6182,-8.6235,9.9506],[119.624,-8.6278,21.2742],[119.6227,-8.6299,0.0],[119.6251,-8.6328,12.0945],[119.6252,-8.6359,8.4653],[119.6308,-8.6327,35.3484],[119.6329,-8.6347,4.4639],[119.6332,-8.6363,13.8042],[119.6308,-8.637,0.0],[119.632,-8.6388,0.0],[119.6339,-8.6384,0.0],[119.6352,-8.6413,8.7927],[119.6348,-8.6457,5.8415],[119.6328,-8.647,7.4621],[119.6352,-8.6486,13.5538],[119.6351,-8.6504,3.9106],[119.6368,-8.6499,7.4337],[119.6368,-8.6533,0.0],[119.6397,-8.6539,0.0],[119.639,-8.6556,0.0],[119.6419,-8.659,25.5676],[119.6419,-8.6662,2.9797],[119.6394,-8.6758,1.0503],[119.6361,-8.6796,7.1615],[119.6326,-8.6784,7.5404],[119.6331,-8.6803,20.6974],[119.6312,-8.6795,0.0],[119.6311,-8.6817,32.9258],[119.6271,-8.6801,18.1752],[119.6241,-8.6817,2.8925],[119.6287,-8.6823,38.8851],[119.6301,-8.6842,38.2744],[119.6281,-8.6853,17.8474],[119.6286,-8.6876,8.6703],[119.631,-8.6861,44.479],[119.6307,-8.6887,0.0],[119.6341,-8.6887,0.0],[119.635,-8.6867,15.9496],[119.6389,-8.6889,9.8343],[119.6415,-8.6858,0.0],[119.6416,-8.6832,0.0],[119.6386,-8.6812,12.0446],[119.6404,-8.679,23.643],[119.6438,-8.6856,2.7408],[119.646,-8.6836,9.1938],[119.6439,-8.6805,11.501],[119.6472,-8.6832,0.0],[119.6499,-8.6821,10.1431],[119.6481,-8.6771,42.6546],[119.6491,-8.6761,14.6402],[119.6505,-8.677,1.7731],[119.6498,-8.6749,14.6402],[119.6512,-8.6723,0.0],[119.6485,-8.6683,29.5149],[119.6526,-8.6688,4.8123],[119.6543,-8.6767,5.6024],[119.6525,-8.6799,0.0],[119.6569,-8.6796,12.9809],[119.6553,-8.6832,0.0],[119.6589,-8.682,16.801],[119.6543,-8.6877,0.0],[119.6601,-8.6889,5.2248],[119.658,-8.6922,0.0],[119.6545,-8.694,0.0],[119.6571,-8.6988,3.977],[119.6604,-8.6993,18.903],[119.6612,-8.7013,14.9019],[119.6591,-8.7054,43.0779],[119.6573,-8.7062,1.5601],[119.6563,-8.7049,0.0],[119.6567,-8.7072,0.0],[119.6543,-8.708,46.7018],[119.6487,-8.7004,9.29],[119.6451,-8.7044,5.393],[119.6472,-8.7077,19.5668],[119.6451,-8.7091,4.7577],[119.6411,-8.7078,0.0],[119.6413,-8.7032,0.0],[119.6382,-8.7024,12.8698],[119.6358,-8.6988,8.0007],[119.6319,-8.6991,0.0],[119.628,-8.7012,10.6868],[119.6261,-8.7046,50.9294],[119.6175,-8.7077,0.0],[119.6189,-8.7108,42.8349],[119.6178,-8.712,31.6911],[119.6205,-8.7142,25.8691],[119.6201,-8.7174,9.6037],[119.6242,-8.7187,0.0],[119.6266,-8.7177,30.0314],[119.6271,-8.7199,0.0],[119.6301,-8.7189,15.0371],[119.6332,-8.7205,21.5949],[119.6328,-8.7236,6.9406],[119.637,-8.7248,4.4074],[119.6333,-8.7278,0.0],[119.6285,-8.7241,0.0],[119.6187,-8.7232,12.6194],[119.6156,-8.7249,30.8559],[119.6209,-8.7266,0.0],[119.6225,-8.7283,22.2528],[119.6204,-8.7287,0.0],[119.6207,-8.73,0.0],[119.623,-8.7332,0.0],[119.6293,-8.7358,20.9814],[119.6334,-8.7418,8.0547],[119.632,-8.7423,52.9606],[119.6282,-8.7392,0.0],[119.6279,-8.7414,6.0508],[119.625,-8.742,6.6399],[119.6243,-8.7396,0.0],[119.6168,-8.733,23.0106],[119.6119,-8.7322,0.0],[119.6128,-8.7353,0.0],[119.6186,-8.7387,9.0724],[119.6159,-8.741,11.8758],[119.6156,-8.7391,0.0],[119.6141,-8.74,43.1262],[119.6095,-8.7381,21.1155],[119.6058,-8.7335,3.2036],[119.6081,-8.7375,20.6842],[119.6075,-8.7392,39.3714],[119.6055,-8.7394,7.7596],[119.6085,-8.7425,44.0761],[119.6078,-8.744,32.5932],[119.6129,-8.7461,36.4758],[119.6132,-8.7477,0.0],[119.6104,-8.7505,14.0634],[119.6078,-8.7504,33.4463],[119.6059,-8.7478,0.0],[119.6037,-8.7492,3.7747],[119.6035,-8.7545,10.7141],[119.6137,-8.7608,113.4603],[119.6119,-8.7635,3.0587],[119.617,-8.7639,38.8302],[119.6174,-8.766,20.0901],[119.6136,-8.7667,18.9016],[119.6126,-8.7687,0.0],[119.6148,-8.7693,33.7874],[119.6139,-8.7718,0.0],[119.6169,-8.775,14.08],[119.6115,-8.7759,13.6902],[119.6136,-8.7774,130.8681],[119.6124,-8.7787,0.0],[119.6165,-8.7813,45.9549],[119.6135,-8.7879,0.0],[119.6151,-8.7898,0.0],[119.619,-8.79,17.2213],[119.618,-8.7941,14.9644],[119.6226,-8.7955,7.8587],[119.6387,-8.7813,0.0],[119.6407,-8.7759,7.6259],[119.6436,-8.7755,7.6508],[119.6453,-8.7775,11.0263],[119.6475,-8.7766,2.999],[119.6495,-8.7782,0.0],[119.6513,-8.7736,2.3942],[119.6593,-8.7732,2.4109],[119.6668,-8.7827,0.0],[119.6701,-8.7834,15.4857],[119.6713,-8.7882,0.0],[119.675,-8.788,0.0],[119.6758,-8.7965,103.6629],[119.675,-8.802,0.0],[119.6733,-8.8039,22.8199],[119.6761,-8.8057,96.3721],[119.6756,-8.8089,35.7935],[119.6814,-8.809,64.275],[119.6831,-8.8112,8.0536],[119.6846,-8.8098,7.3577],[119.6937,-8.8105,0.0],[119.697,-8.805,1.6812],[119.7011,-8.8047,0.0],[119.7016,-8.8029,52.7816],[119.7037,-8.8027,2.0949],[119.7011,-8.7998,51.1203],[119.7019,-8.7984,24.1098],[119.7095,-8.7992,4.9541],[119.705,-8.794,6.1021],[119.7099,-8.795,0.0],[119.7158,-8.7934,6.2581],[119.7143,-8.7905,24.3554],[119.7196,-8.7878,27.8161],[119.7154,-8.7825,5.0471],[119.7124,-8.7816,17.5584],[119.7118,-8.7787,9.2404],[119.7184,-8.78,0.0],[119.7198,-8.7783,19.8314],[119.715,-8.7773,4.6023],[119.7149,-8.7757,23.1673],[119.7287,-8.7754,0.0],[119.7281,-8.7743,1.6269],[119.725,-8.7741,3.1928],[119.7241,-8.7726,13.8604],[119.7269,-8.7707,0.0],[119.7255,-8.7699,13.2634],[119.7259,-8.7672,6.8297],[119.7334,-8.7668,0.0],[119.727,-8.7643,0.0],[119.7178,-8.765,40.7785],[119.7166,-8.7638,6.7026],[119.7217,-8.7607,0.0],[119.7168,-8.7589,2.7838],[119.7172,-8.7559,29.6997],[119.7228,-8.7561,10.5857],[119.7253,-8.7539,18.9665],[119.7335,-8.7566,0.0],[119.7279,-8.7506,25.646],[119.7244,-8.7493,13.7569],[119.7246,-8.7479,41.26],[119.7267,-8.748,0.0],[119.7253,-8.7454,10.2514],[119.7207,-8.7449,28.7545],[119.721,-8.7435,3.5346],[119.7234,-8.7431,0.0],[119.7234,-8.7403,1.7759],[119.7112,-8.7388,6.427],[119.7055,-8.7342,1.4316],[119.6979,-8.7332,6.7121],[119.6899,-8.7231,7.0679],[119.7041,-8.7059,0.0],[119.7055,-8.7,0.8812],[119.7093,-8.697,1.3599],[119.7076,-8.6918,14.6973],[119.7115,-8.6902,0.0],[119.7134,-8.6875,0.0],[119.7109,-8.6794,2.2637],[119.7175,-8.6816,0.0],[119.719,-8.6866,0.0],[119.7202,-8.6843,0.8014],[119.725,-8.685,6.1869],[119.7269,-8.6904,3.5866],[119.7261,-8.694,0.0],[119.7234,-8.6966,0.0],[119.7264,-8.6977,1.993],[119.7256,-8.6993,0.0],[119.7438,-8.6973,12.1688],[119.745,-8.6986,0.0],[119.7461,-8.6962,6.3672],[119.7431,-8.6938,25.4529],[119.7437,-8.6925,2.9219],[119.7502,-8.6898,0.7959],[119.7485,-8.6882,3.3068],[119.7505,-8.6851,1.0576],[119.7475,-8.6801,0.0],[119.7477,-8.6775,0.0],[119.7546,-8.6707,5.0877],[119.7575,-8.6654,7.7891],[119.7653,-8.663,0.0],[119.7673,-8.6595,9.903],[119.77,-8.6585,1.4599],[119.7802,-8.6593,3.5201],[119.7845,-8.6569,0.5413],[119.7917,-8.6561,12.2645],[119.7937,-8.6603,0.0],[119.7979,-8.6543,8.2743],[119.799,-8.657,0.0],[119.8005,-8.6517,6.9143],[119.7974,-8.6458,4.6467],[119.7994,-8.6445,0.0],[119.7987,-8.6349,56.6595],[119.8019,-8.629,1.8153],[119.805,-8.6282,0.0],[119.805,-8.6253,0.0],[119.8011,-8.6187,0.0],[119.7924,-8.6141,0.972],[119.7863,-8.6192,1.0751],[119.7819,-8.6194,5.2766],[119.7757,-8.6162,0.0],[119.7695,-8.6155,6.155],[119.7623,-8.6156,1.3998],[119.7639,-8.6183,4.2319],[119.7622,-8.6205,6.3472],[119.7528,-8.618,8.2987],[119.7443,-8.6284,7.8237],[119.7406,-8.6272,7.2203],[119.7418,-8.6232,0.0],[119.7386,-8.6208,1.8006],[119.7259,-8.6193,0.0],[119.722,-8.622,12.6025],[119.7187,-8.6214,6.1998],[119.7158,-8.625,0.0],[119.7169,-8.6284,20.5568],[119.715,-8.631,7.2002],[119.7167,-8.6345,8.1584],[119.7166,-8.6381,19.0605],[119.7146,-8.6404,30.9383],[119.7141,-8.6515,0.0],[119.7156,-8.6542,3.0707],[119.7145,-8.6558,6.445],[119.7121,-8.6521,6.2196],[119.7111,-8.6456,0.0],[119.7078,-8.6485,11.393],[119.7032,-8.6465,6.9719],[119.7019,-8.6436,0.0],[119.6994,-8.6444,2.4263],[119.691,-8.6369,9.5435],[119.6873,-8.6394,0.0],[119.6901,-8.641,16.9917],[119.6922,-8.6474,0.6894],[119.6987,-8.6513,5.7632],[119.6979,-8.6538,2.9495],[119.7042,-8.6532,10.3639],[119.7061,-8.6573,0.0],[119.7095,-8.6591,1.5276],[119.7098,-8.6607,0.0],[119.7064,-8.6612,0.0],[119.7074,-8.6633,6.3195],[119.7055,-8.6653,0.0],[119.7082,-8.6669,6.5114],[119.7082,-8.6698,15.9011],[119.7044,-8.6717,12.5294],[119.7004,-8.6708,0.0],[119.6996,-8.673,10.928],[119.6946,-8.6743,0.0],[119.6929,-8.6763,10.2146],[119.6905,-8.675,2.0848],[119.69,-8.6795,5.3311],[119.6857,-8.6848,16.0141],[119.6828,-8.6768,7.9467],[119.6853,-8.6753,1.5998],[119.6803,-8.6754,4.6048],[119.6789,-8.6742,11.2561],[119.6797,-8.6731,0.0],[119.6776,-8.6729,0.0],[119.6792,-8.6842,1.7324],[119.6736,-8.6878,0.0],[119.6711,-8.6808,16.4443],[119.6683,-8.6781,6.2324],[119.669,-8.674,2.3181],[119.6667,-8.6726,29.1844],[119.6687,-8.6704,0.0],[119.6635,-8.6678,0.0],[119.6608,-8.6636,12.8104],[119.6684,-8.6643,0.0],[119.6677,-8.6621,0.0],[119.66,-8.6595,0.0],[119.6585,-8.6569,19.919],[119.6597,-8.6537,3.1516],[119.6623,-8.6541,2.7324],[119.6612,-8.6497,1.4757],[119.6635,-8.6484,0.0],[119.6611,-8.6441,0.0],[119.6653,-8.6209,1.315],[119.6651,-8.6195,0.0],[119.6631,-8.6224,2.3759],[119.6618,-8.619,2.5602],[119.6628,-8.6124,0.0],[119.6556,-8.6124,0.0],[119.653,-8.6141,2.7917],[119.6455,-8.6125,2.0397],[119.6395,-8.6094,4.5744]]],
[[[119.4606,-8.4321,8.4396],[119.4553,-8.4272,2.8476],[119.4498,-8.4305,42.1667],[119.4497,-8.4346,4.3138],[119.4535,-8.4371,9.5494],[119.452,-8.4433,6.3652],[119.4542,-8.4451,0.0],[119.4504,-8.4522,3.7131],[119.4434,-8.4505,2.2379],[119.443,-8.4472,0.0],[119.4414,-8.4464,28.4433],[119.4346,-8.4447,3.8244],[119.434,-8.4463,10.3824],[119.4313,-8.4468,5.9132],[119.4275,-8.4428,0.0],[119.4229,-8.4438,28.3103],[119.4234,-8.4465,41.3389],[119.4203,-8.4489,1.5342],[119.4205,-8.4515,2.5224],[119.4269,-8.4615,5.6371],[119.425,-8.469,30.4442],[119.4276,-8.4725,10.1942],[119.4293,-8.4709,22.6721],[119.4321,-8.472,1.896],[119.4384,-8.4778,3.5814],[119.4387,-8.4813,0.0],[119.4458,-8.4838,1.691],[119.449,-8.4918,3.4148],[119.4461,-8.4941,6.5047],[119.444,-8.4907,1.254],[119.438,-8.4889,0.0],[119.4347,-8.4913,55.928],[119.4303,-8.4915,0.0],[119.4307,-8.4934,17.5997],[119.4288,-8.4956,2.5488],[119.4239,-8.4953,5.0715],[119.4245,-8.4977,36.2338],[119.4214,-8.5008,3.1843],[119.4187,-8.5002,5.8104],[119.4153,-8.5026,4.7336],[119.4124,-8.5022,0.0],[119.4136,-8.5051,0.0],[119.4154,-8.5047,10.0636],[119.4162,-8.5065,0.0],[119.4183,-8.5051,14.9795],[119.4193,-8.5063,0.0],[119.4225,-8.5055,6.9392],[119.4237,-8.5103,9.9921],[119.4275,-8.5128,7.5423],[119.4323,-8.5126,3.6839],[119.434,-8.5172,2.5982],[119.4309,-8.5188,12.7465],[119.4309,-8.521,32.523],[119.4365,-8.5238,3.4587],[119.4366,-8.5264,7.3743],[119.4248,-8.53,38.7387],[119.4211,-8.5297,0.0],[119.4238,-8.5354,13.0174],[119.4232,-8.5518,6.7649],[119.4176,-8.5537,1.6502],[119.4151,-8.5529,1.5433],[119.4152,-8.5512,0.0],[119.4115,-8.5502,0.0],[119.4124,-8.5524,6.0626],[119.4109,-8.5557,0.5556],[119.3993,-8.5639,1.3797],[119.3954,-8.5626,49.5275],[119.3953,-8.5608,6.2447],[119.3914,-8.5586,0.0],[119.3898,-8.5594,4.1464],[119.3885,-8.5615,17.8821],[119.3891,-8.5647,4.7207],[119.3874,-8.5662,4.7207],[119.385,-8.5657,0.0],[119.3846,-8.5677,0.0],[119.3881,-8.5685,21.0778],[119.3891,-8.5729,0.6758],[119.3813,-8.5767,39.2749],[119.3821,-8.5806,14.7696],[119.3804,-8.5831,18.3959],[119.3769,-8.583,50.8807],[119.3737,-8.5852,2.0738],[119.3743,-8.588,0.0],[119.3805,-8.5893,28.3383],[119.3844,-8.5925,6.6376],[119.3843,-8.5963,0.0],[119.3882,-8.5985,23.3799],[119.3885,-8.6007,5.195],[119.3868,-8.6048,26.8861],[119.3841,-8.6045,0.0],[119.3804,-8.6112,11.5745],[119.3798,-8.6186,0.0],[119.3823,-8.6181,7.1783],[119.3815,-8.6201,36.3523],[119.3828,-8.623,24.9558],[119.3744,-8.6262,0.0],[119.3734,-8.6307,2.0735],[119.3744,-8.6301,2.0735],[119.375,-8.6324,8.0994],[119.3779,-8.634,1.0766],[119.3802,-8.6314,0.0],[119.3807,-8.6276,53.0822],[119.3841,-8.6243,38.9091],[119.3891,-8.6253,11.2606],[119.3904,-8.6282,0.0],[119.3912,-8.6255,65.3645],[119.3952,-8.6221,51.74],[119.3977,-8.6223,7.9223],[119.4017,-8.6278,5.336],[119.3989,-8.6322,9.1393],[119.3964,-8.6334,20.4745],[119.3992,-8.6378,20.377],[119.398,-8.6399,-0.0292],[119.4042,-8.6388,83.3434],[119.4098,-8.6469,0.0],[119.4091,-8.6521,4.3837],[119.407,-8.655,37.5986],[119.4048,-8.6554,20.1022],[119.4035,-8.6587,0.0],[119.4071,-8.6624,29.641],[119.4055,-8.6642,1.5556],[119.4064,-8.6659,87.6544],[119.405,-8.6709,36.4116],[119.4069,-8.6769,99.385],[119.4044,-8.6882,59.3996],[119.3992,-8.6899,0.0],[119.3988,-8.6926,6.898],[119.3959,-8.6954,11.0402],[119.3915,-8.6956,4.9292],[119.3895,-8.6922,0.0],[119.3879,-8.6923,5.1432],[119.3861,-8.7018,21.1799],[119.3805,-8.7099,13.7816],[119.383,-8.713,0.0],[119.3822,-8.7163,27.9342],[119.3782,-8.7183,61.1762],[119.3713,-8.7174,1.8683],[119.3767,-8.7213,0.0],[119.3797,-8.7215,27.4976],[119.3812,-8.7255,51.3382],[119.3795,-8.7278,19.3256],[119.3822,-8.7314,37.6838],[119.3766,-8.7349,0.0],[119.377,-8.7377,14.8631],[119.3808,-8.7383,0.0],[119.3812,-8.7358,7.0963],[119.3871,-8.7327,66.5378],[119.3869,-8.7293,62.1839],[119.3902,-8.7308,0.0],[119.3895,-8.7256,0.0],[119.3913,-8.7233,0.0],[119.3939,-8.7229,42.9321],[119.397,-8.7252,9.2492],[119.4002,-8.7242,26.9179],[119.4002,-8.7259,0.0],[119.402,-8.723,0.7539],[119.4063,-8.722,20.6285],[119.4098,-8.728,0.0],[119.4137,-8.7265,13.9247],[119.414,-8.7308,5.0035],[119.4165,-8.7292,13.6406],[119.4193,-8.7301,0.0],[119.4216,-8.7351,0.0],[119.4297,-8.7397,0.0],[119.4327,-8.7454,53.7111],[119.4372,-8.7496,0.0],[119.4438,-8.7512,5.0892],[119.4453,-8.7495,81.3837],[119.4492,-8.7506,0.0],[119.4498,-8.7476,43.075],[119.4533,-8.7483,0.0],[119.4622,-8.746,35.5518],[119.4714,-8.7372,14.1807],[119.4691,-8.7364,19.388],[119.4654,-8.7391,10.5159],[119.4608,-8.738,13.8184],[119.4609,-8.7408,1.1535],[119.4585,-8.7442,12.7785],[119.4527,-8.7459,4.0275],[119.4517,-8.745,4.0275],[119.4527,-8.7404,7.3623],[119.4488,-8.7402,23.3068],[119.4481,-8.7346,11.9565],[119.4524,-8.7293,61.8835],[119.4554,-8.7293,34.3041],[119.4582,-8.7271,0.0],[119.4527,-8.7246,19.663],[119.4476,-8.7257,8.1633],[119.4457,-8.7216,8.3279],[119.453,-8.7118,19.5362],[119.4528,-8.7068,49.7962],[119.4562,-8.7025,25.207],[119.4513,-8.7013,60.953],[119.449,-8.6987,0.0],[119.4452,-8.6993,1.1128],[119.4425,-8.6923,7.6646],[119.4473,-8.6895,28.6465],[119.4487,-8.6864,16.1671],[119.4457,-8.6872,8.648],[119.4435,-8.6842,0.0],[119.441,-8.6855,23.9476],[119.438,-8.684,0.0],[119.4348,-8.6845,0.0],[119.4327,-8.6789,0.0],[119.4332,-8.6758,3.6832],[119.4367,-8.6723,2.6529],[119.4373,-8.6677,9.2881],[119.4479,-8.655,32.7391],[119.4564,-8.6482,5.4172],[119.4655,-8.6498,81.5032],[119.4679,-8.6536,12.6431],[119.4719,-8.654,21.9343],[119.4762,-8.6521,0.0],[119.4775,-8.6464,15.7717],[119.4743,-8.6419,0.0],[119.4748,-8.6392,0.975],[119.4792,-8.6373,18.3411],[119.4826,-8.6425,7.979],[119.4849,-8.6409,0.0],[119.486,-8.6373,0.0],[119.4836,-8.6349,46.8167],[119.4801,-8.6343,1.1354],[119.4796,-8.6321,40.4417],[119.4819,-8.6322,1.9349],[119.4812,-8.6306,25.0928],[119.4848,-8.6266,0.0],[119.4894,-8.6267,2.1972],[119.4887,-8.6248,9.1239],[119.4932,-8.6203,0.0],[119.4937,-8.6144,3.6559],[119.4921,-8.6117,6.2136],[119.4871,-8.6141,3.337],[119.4871,-8.6166,15.0239],[119.4824,-8.6245,4.3878],[119.4788,-8.626,2.7886],[119.4774,-8.6235,10.4404],[119.4761,-8.626,26.3942],[119.4737,-8.6251,3.9292],[119.475,-8.6273,13.9948],[119.4732,-8.6293,2.4504],[119.4691,-8.6267,2.489],[119.4649,-8.6278,1.9709],[119.462,-8.6265,6.7669],[119.4618,-8.6229,0.0],[119.456,-8.6165,4.0557],[119.4585,-8.6136,1.6365],[119.4558,-8.6107,0.0],[119.4536,-8.6109,1.1181],[119.453,-8.6063,9.6309],[119.4551,-8.6046,0.0],[119.4603,-8.6041,2.6431],[119.4693,-8.6086,2.0786],[119.4762,-8.6044,10.5903],[119.4798,-8.6054,0.0],[119.4794,-8.6014,4.6735],[119.4844,-8.599,0.0],[119.4862,-8.5934,0.0],[119.4971,-8.5874,10.5648],[119.4957,-8.5755,8.912],[119.4984,-8.5711,7.5143],[119.5053,-8.5685,2.7131],[119.5117,-8.5689,4.7903],[119.5199,-8.5737,30.6388],[119.5248,-8.5822,0.0],[119.523,-8.5882,6.0073],[119.5171,-8.5921,2.5329],[119.5197,-8.5971,9.5207],[119.5174,-8.601,0.0],[119.5185,-8.6022,0.0],[119.5259,-8.5987,3.7459],[119.5355,-8.6028,0.0],[119.5363,-8.5996,0.0],[119.5432,-8.6,0.7846],[119.5437,-8.5973,0.0],[119.5457,-8.5962,4.1994],[119.5568,-8.5987,0.5372],[119.5615,-8.5971,2.1161],[119.5666,-8.598,0.0],[119.5701,-8.5957,24.9454],[119.5743,-8.5953,3.3576],[119.5706,-8.5914,3.3605],[119.5647,-8.5935,4.0733],[119.5648,-8.5916,0.0],[119.5623,-8.5907,0.0],[119.5596,-8.5867,5.7907],[119.5619,-8.5827,13.3163],[119.5621,-8.5776,10.5919],[119.5645,-8.5764,0.0],[119.5586,-8.5705,4.1914],[119.56,-8.5504,8.4619],[119.5567,-8.5433,2.5535],[119.5534,-8.5415,27.7845],[119.5537,-8.5381,9.2269],[119.5495,-8.5364,11.5951],[119.5505,-8.5339,3.6468],[119.5492,-8.5299,3.096],[119.5515,-8.528,1.4796],[119.5544,-8.5297,0.0],[119.5542,-8.523,0.0],[119.5582,-8.5148,0.0],[119.56,-8.5142,6.2442],[119.5624,-8.5184,7.0281],[119.5615,-8.524,0.0],[119.565,-8.5247,7.7916],[119.5635,-8.5301,3.4688],[119.566,-8.5296,0.0],[119.5687,-8.5332,6.4465],[119.5698,-8.5323,14.5225],[119.5702,-8.5289,8.7874],[119.5673,-8.5279,12.3059],[119.5677,-8.5217,20.1441],[119.5686,-8.5202,2.0357],[119.5734,-8.5192,0.0],[119.5684,-8.5156,4.3376],[119.5694,-8.5097,23.4275],[119.5726,-8.5083,0.0],[119.5692,-8.504,11.8399],[119.5687,-8.501,4.7913],[119.5721,-8.4966,2.3],[119.5703,-8.4925,53.254],[119.5712,-8.4896,0.0],[119.5656,-8.4841,3.6598],[119.5627,-8.4844,6.9486],[119.5567,-8.4898,3.2004],[119.5538,-8.4967,0.0],[119.5495,-8.4989,3.2985],[119.5468,-8.4968,2.2415],[119.5463,-8.4925,0.0],[119.5507,-8.4854,8.2963],[119.5522,-8.479,0.0],[119.5464,-8.4884,20.4236],[119.5392,-8.4932,4.564],[119.5388,-8.4956,4.765],[119.5349,-8.4974,1.5014],[119.5306,-8.495,4.9098],[119.5315,-8.4915,0.0],[119.5264,-8.4886,18.2293],[119.5264,-8.4825,0.0],[119.5248,-8.4846,33.8801],[119.5196,-8.4854,16.8823],[119.519,-8.4887,37.5769],[119.5161,-8.4911,0.0],[119.5117,-8.4936,2.953],[119.5069,-8.494,1.167],[119.5012,-8.4898,1.5564],[119.5004,-8.4865,0.0],[119.4967,-8.4857,0.9613],[119.497,-8.4812,0.0],[119.4952,-8.4793,0.0],[119.4916,-8.4814,43.3177],[119.4884,-8.4803,9.7869],[119.4857,-8.4854,8.303],[119.4833,-8.4862,0.0],[119.4774,-8.483,16.959],[119.4777,-8.4817,5.4485],[119.4709,-8.4803,8.6936],[119.4691,-8.4749,3.871],[119.4724,-8.4722,5.1487],[119.469,-8.469,2.3534],[119.4675,-8.4641,0.0],[119.4686,-8.4609,10.6538],[119.4713,-8.4605,1.7332],[119.4696,-8.4554,0.0],[119.4737,-8.4527,0.0],[119.4669,-8.4483,5.9755],[119.4658,-8.4416,0.0],[119.4676,-8.438,0.0],[119.4606,-8.4321,8.4396]]],
[[[121.3613,-8.8874,0.0],[121.3661,-8.8838,13.1115],[121.3689,-8.8785,0.0],[121.3701,-8.8643,6.1667],[121.372,-8.8603,0.0],[121.372,-8.8521,0.0],[121.3687,-8.8392,38.6983],[121.3727,-8.8365,7.2407],[121.3699,-8.8341,2.3568],[121.3676,-8.8248,21.9508],[121.3713,-8.8166,0.0],[121.3705,-8.8126,6.6271],[121.3752,-8.805,0.0],[121.3745,-8.8024,12.0116],[121.378,-8.7957,3.3807],[121.388,-8.7892,3.3933],[121.4042,-8.7903,12.1233],[121.4142,-8.7938,1.3849],[121.4136,-8.791,15.3526],[121.4157,-8.788,11.7157],[121.4138,-8.7909,15.3526],[121.4153,-8.7943,1.3849],[121.4276,-8.7936,7.6379],[121.4294,-8.795,1.2109],[121.4624,-8.7991,5.0047],[121.4856,-8.7988,16.7891],[121.5046,-8.8048,0.0],[121.542,-8.8094,15.5966],[121.5456,-8.8096,0.0],[121.5487,-8.8055,10.2979],[121.5675,-8.7978,5.4223],[121.5836,-8.8014,0.0],[121.5929,-8.8068,0.0],[121.5968,-8.8144,0.0],[121.6013,-8.817,0.0],[121.6042,-8.822,1.1199],[121.6092,-8.8257,2.9044],[121.633,-8.8333,3.3575],[121.641,-8.8396,7.0236],[121.6429,-8.8439,8.1255],[121.6425,-8.8493,8.0357],[121.6301,-8.8742,0.0],[121.6249,-8.8928,19.6479],[121.6272,-8.8991,24.0901],[121.6322,-8.8998,104.1802],[121.6336,-8.9026,11.1371],[121.636,-8.9017,4.9999],[121.6392,-8.9055,8.4654],[121.644,-8.9059,31.1252],[121.6523,-8.8998,4.9229],[121.6543,-8.8931,19.9109],[121.657,-8.89,0.0],[121.6624,-8.8902,0.0],[121.6631,-8.8876,0.0],[121.6619,-8.8862,12.6768],[121.6645,-8.8734,16.3515],[121.6617,-8.8661,0.0],[121.6612,-8.8555,0.0],[121.6657,-8.8507,5.3737],[121.6704,-8.8484,1.0002],[121.6827,-8.8463,0.0],[121.6864,-8.8489,0.0],[121.6892,-8.8482,0.0],[121.7068,-8.8542,24.7445],[121.7228,-8.8632,33.5606],[121.7287,-8.8684,0.0],[121.7327,-8.8751,0.0],[121.7371,-8.8768,3.1914],[121.7615,-8.8801,0.0],[121.7655,-8.8794,170.6146],[121.7728,-8.8817,55.9206],[121.7801,-8.8804,25.1978],[121.7864,-8.8759,121.7693],[121.7994,-8.873,0.0],[121.7999,-8.8713,4.6978],[121.8025,-8.8721,13.6418],[121.8056,-8.8705,42.0838],[121.81,-8.8726,29.3681],[121.8197,-8.8663,0.0],[121.8207,-8.8617,42.9272],[121.8239,-8.8584,13.9276],[121.8321,-8.8565,0.0],[121.8357,-8.8528,32.0781],[121.8408,-8.851,34.7682],[121.8496,-8.8512,51.2432],[121.8546,-8.8456,0.0],[121.8581,-8.8372,60.4087],[121.861,-8.8353,0.0],[121.8677,-8.8337,11.062],[121.8686,-8.8354,0.0],[121.8703,-8.8329,38.0145],[121.8742,-8.8333,0.0],[121.8841,-8.8281,0.0],[121.8883,-8.828,0.0],[121.8946,-8.8309,12.2789],[121.9058,-8.8297,10.5536],[121.9093,-8.832,1.8858],[121.9194,-8.8302,7.1907],[121.9246,-8.8316,0.0],[121.9358,-8.8264,0.0],[121.9436,-8.8254,0.8964],[121.9525,-8.82,1.6963],[121.9562,-8.8202,0.0],[121.9602,-8.8173,9.7764],[121.9632,-8.8174,17.9049],[121.9691,-8.8124,14.5754],[121.9779,-8.8141,0.0],[121.9815,-8.8105,4.1009],[121.9972,-8.8059,29.9708],[122.001,-8.8077,0.0],[122.0014,-8.8059,5.3427],[122.0049,-8.8047,0.0],[122.0049,-8.8023,1.7878],[122.0093,-8.7992,21.2707],[122.012,-8.7995,0.0],[122.0168,-8.7953,0.0],[122.0201,-8.7963,4.7069],[122.0213,-8.7991,0.0],[122.0255,-8.7953,0.0],[122.0311,-8.7952,0.0],[122.0329,-8.7928,15.137],[122.032,-8.791,4.8304],[122.0365,-8.7846,0.0],[122.0465,-8.7793,0.0],[122.0525,-8.7681,0.0],[122.0571,-8.7656,3.3651],[122.0661,-8.764,1.3679],[122.075,-8.7594,0.0],[122.0786,-8.7466,7.3615],[122.084,-8.7414,5.1843],[122.0961,-8.7362,55.9112],[122.1121,-8.734,0.0],[122.1148,-8.7297,0.0],[122.1288,-8.7311,23.708],[122.1327,-8.7293,18.3786],[122.1437,-8.7295,6.8878],[122.1463,-8.7282,1.0584],[122.1751,-8.7298,0.0],[122.1816,-8.7325,24.4365],[122.196,-8.75,0.0],[122.2006,-8.7484,0.0],[122.2056,-8.7508,7.7414],[122.2131,-8.7499,0.0],[122.2165,-8.7446,9.5794],[122.2321,-8.743,0.0],[122.2346,-8.7449,0.0],[122.2376,-8.7421,44.2806],[122.2412,-8.7444,22.5631],[122.2444,-8.7433,0.0],[122.2499,-8.7477,23.4487],[122.255,-8.747,12.5645],[122.257,-8.7495,10.5539],[122.2664,-8.7526,38.7738],[122.2798,-8.7547,0.0],[122.284,-8.7545,46.807],[122.2862,-8.7498,28.7374],[122.2913,-8.7468,0.0],[122.2994,-8.7461,11.2174],[122.3067,-8.7418,8.335],[122.3123,-8.7407,15.0985],[122.3232,-8.7424,0.0],[122.3302,-8.7418,0.9419],[122.3344,-8.7392,31.0468],[122.3475,-8.741,21.5333],[122.3623,-8.7472,7.0886],[122.3633,-8.7494,14.3637],[122.368,-8.7508,6.5274],[122.3688,-8.7528,0.0],[122.3716,-8.7513,5.0558],[122.3768,-8.7523,9.6404],[122.3828,-8.7447,5.2516],[122.4084,-8.7442,27.951],[122.411,-8.7455,3.2611],[122.4162,-8.741,104.1616],[122.4212,-8.7445,5.6901],[122.4222,-8.7417,26.4272],[122.4289,-8.7356,51.6046],[122.4334,-8.7336,46.6556],[122.4363,-8.7336,30.531],[122.4388,-8.7367,0.0],[122.4399,-8.7333,0.0],[122.4427,-8.7331,0.0],[122.4458,-8.7367,0.0],[122.4484,-8.7351,8.5124],[122.4532,-8.7367,1.4118],[122.4615,-8.7322,14.7086],[122.4641,-8.7335,0.0],[122.4669,-8.7333,0.0],[122.468,-8.7315,9.8264],[122.4703,-8.7324,5.937],[122.4705,-8.7286,31.6523],[122.4771,-8.7226,40.7],[122.4837,-8.722,9.6604],[122.488,-8.7208,22.6243],[122.489,-8.7189,22.5713],[122.4924,-8.7188,31.6349],[122.4955,-8.7191,29.9878],[122.4989,-8.722,0.0],[122.5005,-8.7187,80.2559],[122.5043,-8.717,37.1393],[122.51,-8.7182,0.0],[122.5101,-8.7162,29.247],[122.5189,-8.712,3.3858],[122.5203,-8.7092,21.5143],[122.5227,-8.708,1.1041],[122.5284,-8.709,11.3242],[122.533,-8.7036,21.6202],[122.5397,-8.7013,0.0],[122.5427,-8.6919,11.9643],[122.5463,-8.6884,0.0],[122.5466,-8.6844,10.7867],[122.5523,-8.6783,0.0],[122.5572,-8.6663,0.0],[122.5669,-8.6644,11.848],[122.5774,-8.6651,2.8663],[122.5869,-8.6624,14.3346],[122.598,-8.6522,5.8465],[122.6043,-8.6491,39.1299],[122.6103,-8.6494,91.3265],[122.6182,-8.6555,5.5423],[122.6244,-8.6507,0.0],[122.6297,-8.64,8.9112],[122.6458,-8.6365,0.0],[122.6479,-8.6379,3.3608],[122.6499,-8.6361,6.9859],[122.6545,-8.637,5.319],[122.6607,-8.6288,7.5843],[122.6723,-8.6229,13.6766],[122.6777,-8.6221,4.0424],[122.6965,-8.6269,1.7818],[122.6977,-8.6231,49.4124],[122.7017,-8.6232,0.0],[122.7183,-8.6292,1.905],[122.7207,-8.634,8.1867],[122.7256,-8.6334,1.6646],[122.7279,-8.6323,0.0],[122.7282,-8.6267,0.0],[122.7258,-8.6253,16.2627],[122.7281,-8.617,0.0],[122.7318,-8.6109,4.4067],[122.7372,-8.6084,0.0],[122.7473,-8.6077,11.4565],[122.7523,-8.6048,2.7301],[122.7715,-8.6087,0.0],[122.7727,-8.6124,0.0],[122.7784,-8.6105,29.6062],[122.78,-8.6127,0.0],[122.7833,-8.6071,11.8046],[122.7938,-8.6018,8.9896],[122.7966,-8.6011,48.9661],[122.8017,-8.6027,7.6945],[122.8051,-8.5987,4.8808],[122.8102,-8.5963,0.0],[122.8168,-8.5977,11.8136],[122.8194,-8.5965,0.0],[122.8221,-8.5936,11.3648],[122.8322,-8.5887,6.081],[122.8315,-8.5839,29.3502],[122.8419,-8.5715,10.9373],[122.8412,-8.5695,34.8852],[122.8446,-8.5622,0.0],[122.8421,-8.5592,24.0291],[122.8431,-8.5557,0.0],[122.8417,-8.552,31.5541],[122.8435,-8.5469,0.0],[122.8381,-8.5296,1.4911],[122.8325,-8.5213,10.2242],[122.8321,-8.5178,0.0],[122.8266,-8.5158,0.0],[122.8217,-8.5091,0.0],[122.8126,-8.5012,0.0],[122.7996,-8.4951,3.7198],[122.7965,-8.4869,9.5248],[122.7902,-8.4843,4.8745],[122.7909,-8.4812,0.0],[122.7883,-8.4788,51.8322],[122.7846,-8.4619,0.0],[122.7788,-8.4572,4.6573],[122.7796,-8.4512,9.2103],[122.7865,-8.447,4.4342],[122.7869,-8.4393,0.6993],[122.7837,-8.4353,1.5274],[122.7836,-8.4328,2.0528],[122.788,-8.4264,2.3256],[122.7833,-8.4245,0.0],[122.7831,-8.4229,7.6287],[122.7854,-8.4216,2.4148],[122.7905,-8.4228,3.6233],[122.7976,-8.4221,2.4163],[122.8023,-8.4248,0.0],[122.8066,-8.4229,35.9628],[122.8067,-8.4243,0.0],[122.8115,-8.4256,25.0153],[122.8088,-8.4299,7.3614],[122.8091,-8.432,0.0],[122.8128,-8.4321,18.9419],[122.8145,-8.4337,2.1622],[122.8171,-8.4323,5.3857],[122.8163,-8.4292,6.1783],[122.8253,-8.4291,13.0898],[122.8312,-8.4347,5.4031],[122.8282,-8.4364,3.6442],[122.8287,-8.4381,0.0],[122.8405,-8.4415,0.9636],[122.8442,-8.4449,1.6044],[122.8479,-8.4456,6.4006],[122.8602,-8.4527,8.3915],[122.868,-8.4528,11.4792],[122.8724,-8.4549,0.0],[122.8876,-8.4486,0.0],[122.8901,-8.4454,0.856],[122.8892,-8.4405,15.5366],[122.8916,-8.4357,0.0],[122.8932,-8.4204,18.9747],[122.8902,-8.4098,6.4616],[122.8902,-8.4031,3.1114],[122.8822,-8.398,19.1366],[122.8812,-8.394,31.603],[122.8835,-8.3903,3.0547],[122.8784,-8.3844,13.3584],[122.8843,-8.3744,7.925],[122.8848,-8.3705,37.3641],[122.8868,-8.3682,2.1521],[122.8926,-8.3671,7.319],[122.8911,-8.3642,23.5973],[122.8934,-8.3635,13.7166],[122.9021,-8.3472,15.8194],[122.91,-8.3435,14.221],[122.9081,-8.3394,2.4806],[122.9102,-8.3377,12.0561],[122.9127,-8.3381,0.0],[122.9138,-8.3364,2.0657],[122.9138,-8.3285,1.8542],[122.9291,-8.328,0.0],[122.9327,-8.3349,4.1663],[122.9396,-8.3367,5.9984],[122.9552,-8.3483,0.0],[122.9645,-8.3519,2.4826],[122.9731,-8.3472,10.7495],[122.9772,-8.3483,0.0],[122.9829,-8.3472,0.0],[122.9851,-8.3442,5.8213],[122.99,-8.342,5.8608],[122.992,-8.3369,3.2187],[123.0017,-8.3328,4.9854],[123.0206,-8.3156,3.0974],[123.0211,-8.3066,8.1988],[123.0184,-8.2984,0.6366],[123.0196,-8.2887,0.0],[123.0184,-8.2814,1.2747],[123.0099,-8.2751,0.0],[123.0084,-8.2757,3.1865],[123.0075,-8.2733,2.2245],[122.9976,-8.2696,8.4445],[122.9921,-8.2617,3.2028],[122.9897,-8.2538,5.3847],[122.983,-8.2511,0.0],[122.9812,-8.2446,15.7217],[122.9847,-8.2373,0.0],[122.9781,-8.222,0.0],[122.9796,-8.2151,12.1619],[122.9778,-8.2122,5.164],[122.9696,-8.2075,6.3009],[122.9675,-8.2032,4.3299],[122.9646,-8.2024,6.4693],[122.9645,-8.199,7.2714],[122.9622,-8.1967,5.0056],[122.96,-8.1954,1.1214],[122.9568,-8.1963,9.6821],[122.9591,-8.194,12.1296],[122.9638,-8.1942,3.1171],[122.9688,-8.1862,0.0],[122.9684,-8.182,1.3309],[122.9715,-8.1742,12.2634],[122.9719,-8.162,1.6609],[122.9732,-8.1606,7.8829],[122.9721,-8.1515,2.2923],[122.9736,-8.1502,6.1262],[122.972,-8.1501,6.1262],[122.9736,-8.1422,13.8315],[122.9722,-8.1329,0.0],[122.9672,-8.1281,1.0263],[122.9619,-8.128,20.4005],[122.955,-8.1206,18.9528],[122.9418,-8.1158,2.2708],[122.9408,-8.1125,7.3761],[122.9353,-8.1087,2.9592],[122.9166,-8.1021,5.4138],[122.9072,-8.095,25.5677],[122.8993,-8.0917,66.7],[122.8962,-8.0879,0.0],[122.8915,-8.0872,56.4511],[122.8878,-8.083,24.9708],[122.8855,-8.0762,0.0],[122.8699,-8.0683,60.7204],[122.8666,-8.0634,6.0762],[122.8507,-8.075,38.4806],[122.8443,-8.0702,16.0745],[122.842,-8.0735,0.0],[122.8461,-8.0765,0.0],[122.8457,-8.0791,0.8446],[122.839,-8.0818,8.2839],[122.8307,-8.0964,7.8572],[122.8179,-8.0955,4.1978],[122.8166,-8.0966,29.0237],[122.8145,-8.0952,0.0],[122.8101,-8.0997,21.2556],[122.8025,-8.1012,0.0],[122.8037,-8.103,19.3589],[122.803,-8.1049,1.7277],[122.7971,-8.109,6.7181],[122.7907,-8.1059,0.0],[122.7895,-8.1035,0.0],[122.7861,-8.107,5.2275],[122.7827,-8.1079,0.0],[122.7807,-8.112,55.5883],[122.7818,-8.1207,18.0775],[122.7783,-8.1362,0.0],[122.7824,-8.1405,4.0043],[122.7849,-8.1503,9.5029],[122.7824,-8.1518,3.9567],[122.7816,-8.1569,21.6604],[122.7762,-8.1641,0.0],[122.7618,-8.1781,0.0],[122.7595,-8.1942,0.0],[122.7511,-8.1976,0.0],[122.7467,-8.2039,8.6641],[122.7404,-8.2077,0.0],[122.7313,-8.2166,26.4011],[122.73,-8.2204,15.8557],[122.7319,-8.2266,3.6112],[122.7417,-8.2289,10.321],[122.7496,-8.226,20.0949],[122.7559,-8.2301,0.0],[122.7624,-8.225,0.0],[122.7668,-8.2264,1.2427],[122.7697,-8.2318,0.0],[122.7756,-8.2312,23.7283],[122.7815,-8.2356,2.0843],[122.784,-8.2343,12.6018],[122.7878,-8.2355,0.0],[122.7924,-8.2259,13.7474],[122.7972,-8.2236,4.2381],[122.7971,-8.2149,8.8865],[122.7994,-8.2075,5.8036],[122.8091,-8.1983,3.5804],[122.8196,-8.1946,0.0],[122.8203,-8.1911,12.9035],[122.8228,-8.1949,0.0],[122.8328,-8.1932,0.0],[122.8379,-8.1882,4.3702],[122.8414,-8.188,0.0],[122.8454,-8.1849,0.0],[122.8471,-8.1813,1.477],[122.8475,-8.1862,0.0],[122.8499,-8.1887,0.0],[122.8557,-8.188,0.0],[122.8625,-8.1824,2.9933],[122.863,-8.1791,1.5428],[122.8661,-8.1762,3.4678],[122.8715,-8.1801,0.0],[122.8763,-8.1786,1.617],[122.8821,-8.1807,3.0788],[122.8836,-8.177,4.0804],[122.8865,-8.1753,3.1242],[122.8909,-8.1753,3.2689],[122.8972,-8.179,5.6478],[122.9008,-8.1759,6.6412],[122.9013,-8.1798,0.0],[122.9139,-8.1886,1.4043],[122.9184,-8.1939,2.1697],[122.9225,-8.1951,0.0],[122.9237,-8.1932,2.0966],[122.9248,-8.1946,0.0],[122.9254,-8.192,3.382],[122.9319,-8.1953,0.6938],[122.9377,-8.1926,6.3993],[122.9392,-8.1936,17.2769],[122.9385,-8.1979,0.0],[122.9397,-8.1994,17.1702],[122.9351,-8.2034,8.819],[122.9346,-8.2024,0.0],[122.9244,-8.2043,0.0],[122.9191,-8.208,8.0101],[122.9121,-8.2178,16.1163],[122.9084,-8.2249,2.3035],[122.9079,-8.2368,0.0],[122.9029,-8.243,0.0],[122.9003,-8.2509,5.9223],[122.8949,-8.2566,20.8586],[122.8931,-8.2775,0.0],[122.8867,-8.2819,3.3941],[122.8845,-8.2868,3.171],[122.8721,-8.2937,5.852],[122.8511,-8.2902,5.0968],[122.8464,-8.2925,1.8748],[122.842,-8.292,0.0],[122.8349,-8.2964,40.4952],[122.8336,-8.2945,2.0174],[122.827,-8.2928,0.0],[122.8172,-8.2992,0.0],[122.8107,-8.2981,21.2446],[122.8059,-8.3054,2.5854],[122.8023,-8.3066,4.6672],[122.799,-8.3113,31.0423],[122.793,-8.3131,11.3058],[122.789,-8.3166,10.0548],[122.7815,-8.3325,9.9933],[122.7743,-8.3423,26.7676],[122.7729,-8.3499,74.4459],[122.7694,-8.3538,0.0],[122.7678,-8.3611,0.0],[122.7657,-8.3633,9.7885],[122.7602,-8.3637,5.3916],[122.747,-8.3584,7.2745],[122.7332,-8.3582,9.5411],[122.7277,-8.3606,4.2922],[122.7239,-8.3603,1.5645],[122.7178,-8.3658,0.0],[122.7137,-8.3661,0.0],[122.7056,-8.3742,0.4133],[122.7014,-8.3745,0.0],[122.6956,-8.3775,0.0],[122.6887,-8.3781,1.4321],[122.6856,-8.3829,0.0],[122.6688,-8.3891,1.1854],[122.6553,-8.3901,7.0068],[122.6347,-8.3813,0.0],[122.6249,-8.3841,0.0],[122.6201,-8.3838,12.8987],[122.6154,-8.389,8.3741],[122.6165,-8.3952,2.7506],[122.61,-8.3971,0.0],[122.6095,-8.3988,0.0],[122.6077,-8.397,0.0],[122.6082,-8.3993,0.0],[122.6036,-8.3924,0.0],[122.5972,-8.3929,0.0],[122.5957,-8.3957,0.0],[122.5968,-8.4003,0.0],[122.5896,-8.4113,19.7238],[122.5922,-8.4235,3.6903],[122.5863,-8.4281,7.8663],[122.5818,-8.4291,0.0],[122.5754,-8.4269,19.9893],[122.5707,-8.429,66.2903],[122.5704,-8.4337,0.0],[122.5667,-8.4373,0.0],[122.565,-8.4419,9.2247],[122.5592,-8.4456,0.0],[122.5597,-8.4485,0.0],[122.5555,-8.455,13.8298],[122.5487,-8.4604,0.0],[122.5479,-8.4642,1.7035],[122.5352,-8.4617,0.0],[122.5333,-8.4632,0.0],[122.5319,-8.4718,4.1379],[122.53,-8.4715,4.5742],[122.5302,-8.4669,0.0],[122.5263,-8.4652,0.0],[122.5085,-8.4683,0.771],[122.4945,-8.4737,2.8964],[122.4913,-8.473,5.7867],[122.4821,-8.4867,4.5744],[122.4825,-8.4884,3.7743],[122.4797,-8.4897,0.685],[122.4789,-8.4936,0.4728],[122.4886,-8.5092,2.2521],[122.4968,-8.5172,1.9824],[122.507,-8.5199,0.9091],[122.5117,-8.5232,1.4388],[122.5136,-8.5266,0.0],[122.518,-8.5264,1.851],[122.5185,-8.5284,12.8159],[122.5141,-8.5373,0.0],[122.5145,-8.5422,0.0],[122.5176,-8.5471,8.9508],[122.5167,-8.5488,0.8964],[122.5134,-8.5496,3.73],[122.5106,-8.555,2.6016],[122.5079,-8.5551,0.452],[122.5058,-8.5573,0.0],[122.5034,-8.5628,0.0],[122.4997,-8.5667,0.0],[122.4998,-8.5707,0.0],[122.496,-8.5737,0.0],[122.4949,-8.5796,5.5344],[122.4919,-8.5796,2.1531],[122.4903,-8.5828,6.9493],[122.4863,-8.5837,1.6636],[122.4844,-8.5943,3.0081],[122.4745,-8.6087,23.0571],[122.4713,-8.6094,4.2645],[122.4616,-8.6031,4.9921],[122.4588,-8.6043,1.2436],[122.4507,-8.6032,6.7016],[122.4418,-8.6047,9.6177],[122.4334,-8.6083,4.4773],[122.4189,-8.6076,0.0],[122.4078,-8.6121,2.739],[122.3992,-8.608,5.745],[122.3908,-8.6102,4.9048],[122.3832,-8.6086,2.1481],[122.3728,-8.6112,0.0],[122.364,-8.6114,7.7321],[122.3598,-8.6125,3.0633],[122.3496,-8.6191,2.3373],[122.3418,-8.6185,5.9093],[122.3378,-8.6167,0.9691],[122.3347,-8.619,2.9884],[122.3296,-8.6185,0.7992],[122.3195,-8.6291,3.2781],[122.318,-8.6325,3.6959],[122.3128,-8.6323,0.0],[122.3087,-8.6362,0.0],[122.3022,-8.638,5.5947],[122.2964,-8.6424,1.8626],[122.2896,-8.6417,2.3136],[122.2804,-8.6364,0.0],[122.2722,-8.6368,3.366],[122.2672,-8.6343,0.4542],[122.2672,-8.6327,0.0],[122.2618,-8.634,4.5834],[122.2513,-8.6327,1.9123],[122.2399,-8.6276,0.0],[122.2336,-8.6268,4.7396],[122.2276,-8.6222,1.0295],[122.2213,-8.62,1.9876],[122.2191,-8.6165,0.0],[122.2204,-8.6142,0.0],[122.2181,-8.6148,5.2639],[122.2165,-8.6079,0.0],[122.211,-8.6053,0.0],[122.2079,-8.6074,5.9024],[122.2071,-8.6054,2.9133],[122.2093,-8.6036,2.4346],[122.2083,-8.6026,0.0],[122.2021,-8.6039,5.1933],[122.2039,-8.6003,1.9356],[122.2034,-8.5979,0.0],[122.2005,-8.6025,2.6046],[122.1993,-8.6001,3.019],[122.196,-8.5994,0.0],[122.1921,-8.591,0.7246],[122.1851,-8.588,3.2052],[122.1823,-8.5793,1.2145],[122.1756,-8.575,0.8583],[122.17,-8.5658,0.0],[122.1594,-8.5558,0.0],[122.1521,-8.5526,0.0],[122.1397,-8.5499,4.418],[122.1325,-8.5453,0.0],[122.132,-8.5429,0.0],[122.1272,-8.5441,1.0871],[122.1177,-8.5369,3.2144],[122.106,-8.5314,4.3107],[122.1045,-8.5289,2.384],[122.0979,-8.5294,0.0],[122.0923,-8.5325,0.0],[122.0882,-8.5275,0.0],[122.0887,-8.5371,0.2967],[122.092,-8.5393,1.9584],[122.0894,-8.5432,7.0855],[122.0834,-8.5429,0.0],[122.0815,-8.5411,0.0],[122.0799,-8.5301,0.0],[122.0776,-8.5267,27.7979],[122.0722,-8.5247,9.4092],[122.0713,-8.5225,0.0],[122.0676,-8.5241,1.7904],[122.065,-8.521,0.0],[122.0634,-8.5232,17.1512],[122.0614,-8.5221,0.0],[122.0603,-8.5232,8.1984],[122.0614,-8.5271,0.0],[122.0586,-8.5301,2.7862],[122.0466,-8.5253,0.429],[122.0425,-8.5192,0.0],[122.0406,-8.5207,0.0],[122.0401,-8.5265,3.4201],[122.0376,-8.5284,4.3067],[122.0313,-8.5291,2.3436],[122.0262,-8.5254,0.0],[122.0238,-8.5258,0.0],[122.0203,-8.5304,4.28],[122.0163,-8.5296,3.9115],[122.0097,-8.5205,0.0],[122.0103,-8.5134,1.945],[122.0066,-8.5139,6.6447],[122.0059,-8.5102,3.2282],[122.0124,-8.5054,6.6667],[122.009,-8.4928,0.0],[122.0142,-8.4881,5.2637],[122.0092,-8.4871,0.0],[122.0138,-8.4821,5.7164],[122.016,-8.4752,18.6332],[122.0191,-8.4724,0.0],[122.0119,-8.4672,4.0461],[122.0103,-8.464,1.9695],[122.016,-8.467,0.0],[122.0188,-8.4669,4.6164],[122.0181,-8.4624,0.0],[122.0145,-8.4609,15.6283],[122.0145,-8.4591,29.8873],[122.0225,-8.4576,4.5404],[122.02,-8.4522,0.0],[122.023,-8.4515,0.0],[122.023,-8.4482,26.3286],[122.0253,-8.447,3.8312],[122.024,-8.4402,0.0],[122.0207,-8.443,19.4014],[122.0161,-8.4424,27.1134],[122.0145,-8.4405,18.2007],[122.0107,-8.441,0.0],[122.0077,-8.4423,0.0],[122.006,-8.4478,0.0],[122.0012,-8.4504,5.0373],[121.9953,-8.4488,8.9007],[121.994,-8.4522,7.0861],[121.9917,-8.4529,1.7683],[121.9833,-8.4467,21.2828],[121.9823,-8.452,90.0802],[121.9796,-8.4537,26.735],[121.9776,-8.4528,0.0],[121.9756,-8.456,1.6671],[121.9714,-8.4558,0.0],[121.9663,-8.4592,15.2689],[121.9623,-8.4691,1.786],[121.9592,-8.4726,0.0],[121.9558,-8.4733,45.1679],[121.9527,-8.4684,6.9598],[121.9584,-8.4624,0.0],[121.9545,-8.4583,19.8341],[121.9506,-8.4595,0.0],[121.9489,-8.4573,6.5074],[121.9607,-8.4472,5.8749],[121.9572,-8.4439,0.0],[121.9576,-8.4459,11.6462],[121.9556,-8.4482,35.4541],[121.9474,-8.4539,37.3189],[121.9452,-8.4538,14.9983],[121.9445,-8.4571,0.0],[121.9419,-8.459,0.0],[121.9458,-8.4591,18.9727],[121.9457,-8.4629,0.0],[121.9424,-8.4652,5.3636],[121.9415,-8.47,70.222],[121.9323,-8.4785,0.9699],[121.9316,-8.4825,1.9513],[121.9272,-8.4852,0.5606],[121.9232,-8.4903,1.9686],[121.913,-8.4957,1.0246],[121.9055,-8.4938,10.4853],[121.8986,-8.4969,4.7612],[121.8951,-8.4947,5.608],[121.8846,-8.4988,3.2769],[121.8814,-8.496,0.0],[121.8713,-8.4988,2.2599],[121.8619,-8.494,0.0],[121.854,-8.4939,2.3692],[121.8455,-8.4869,9.6655],[121.8436,-8.482,0.5294],[121.833,-8.4892,0.0],[121.8311,-8.5,9.012],[121.8276,-8.4995,0.0],[121.8203,-8.5038,6.8374],[121.8148,-8.5016,0.0],[121.8132,-8.5056,0.0],[121.8104,-8.5075,0.0],[121.80029999999999,-8.5106,3.0651],[121.7877,-8.5088,3.6416],[121.7855,-8.5047,2.073],[121.7866,-8.5004,0.0],[121.7745,-8.5008,0.0],[121.7715,-8.503,8.68],[121.7605,-8.5011,6.9184],[121.7542,-8.4975,0.0],[121.7435,-8.4979,0.0],[121.7349,-8.4945,0.0],[121.7257,-8.4945,0.0],[121.721,-8.498,5.3088],[121.7146,-8.499,0.5886],[121.7167,-8.4992,0.4214],[121.7204,-8.4985,2.8343],[121.7098,-8.5014,0.9321],[121.6994,-8.508,0.6407],[121.6884,-8.5113,3.0672],[121.6802,-8.512,1.9935],[121.6749,-8.5101,0.6735],[121.6689,-8.5049,5.9306],[121.6652,-8.4967,6.8704],[121.6655,-8.4938,1.105],[121.6604,-8.4927,0.0],[121.6593,-8.497,71.7044],[121.6521,-8.5014,15.7776],[121.6419,-8.4988,3.2004],[121.6387,-8.4956,3.896],[121.6396,-8.4932,6.1118],[121.6368,-8.4871,6.0671],[121.6429,-8.4834,3.7228],[121.6446,-8.4786,0.2399],[121.6411,-8.4785,8.2117],[121.6397,-8.477,61.1363],[121.6404,-8.4748,20.686],[121.6357,-8.4747,15.1171],[121.6296,-8.4713,0.1685],[121.6285,-8.4741,4.7506],[121.6252,-8.4748,16.2817],[121.625,-8.4776,40.0599],[121.6224,-8.4779,0.0],[121.621,-8.4726,8.9658],[121.619,-8.4717,19.364],[121.6148,-8.4759,9.1454],[121.6159,-8.4775,80.7727],[121.6132,-8.481,0.0],[121.6131,-8.4843,0.0],[121.6103,-8.4842,2.5247],[121.6094,-8.4799,30.829],[121.6075,-8.4786,0.0],[121.6068,-8.4796,16.2309],[121.6076,-8.4833,47.4265],[121.605,-8.4914,0.0],[121.6065,-8.4985,10.2914],[121.6026,-8.5069,0.0],[121.6073,-8.5151,4.8722],[121.6021,-8.5243,3.9927],[121.6015,-8.5409,13.7455],[121.6027,-8.544,0.0],[121.6049,-8.544,22.9616],[121.609,-8.5477,9.5251],[121.6122,-8.5537,3.2465],[121.6115,-8.5587,1.1928],[121.6091,-8.5582,0.9931],[121.6087,-8.5603,2.6119],[121.6056,-8.5596,1.9402],[121.6002,-8.5554,6.1364],[121.5917,-8.5469,2.2051],[121.5921,-8.5425,3.7911],[121.5865,-8.5437,24.5633],[121.5809,-8.5403,0.0],[121.5785,-8.5415,17.0737],[121.577,-8.539,2.8904],[121.5773,-8.535,23.3942],[121.5726,-8.5307,0.0],[121.5703,-8.5309,0.0],[121.5641,-8.5402,0.0],[121.5662,-8.5432,0.0],[121.5655,-8.5521,9.1327],[121.5736,-8.5598,0.0],[121.5776,-8.56,1.5209],[121.58,-8.5618,5.5766],[121.5819,-8.5666,6.7225],[121.5808,-8.5716,4.5465],[121.579,-8.5722,5.8142],[121.5781,-8.5753,5.9892],[121.5745,-8.5762,0.0],[121.5656,-8.5742,0.0],[121.5602,-8.5766,19.7739],[121.5532,-8.576,0.0],[121.5409,-8.5861,0.0],[121.5422,-8.5891,5.764],[121.5401,-8.5932,1.8216],[121.5415,-8.5955,0.0],[121.5406,-8.6003,3.2535],[121.5379,-8.6017,4.8659],[121.5319,-8.601,0.0],[121.5293,-8.5988,0.0],[121.5312,-8.5966,7.6004],[121.5303,-8.5949,12.3824],[121.5259,-8.5956,0.0],[121.5254,-8.6,20.3121],[121.5227,-8.6015,0.0],[121.5256,-8.6027,27.6469],[121.5285,-8.6091,2.5412],[121.5234,-8.6139,1.2248],[121.5145,-8.6157,0.911],[121.5057,-8.6143,5.7915],[121.5045,-8.6121,6.118],[121.5065,-8.6092,7.2216],[121.5134,-8.6084,0.0],[121.5051,-8.6003,6.894],[121.5028,-8.6013,33.9755],[121.5001,-8.5996,14.6637],[121.5018,-8.5931,5.1726],[121.4979,-8.5886,39.9204],[121.5023,-8.5834,2.7818],[121.5009,-8.5785,0.0],[121.4975,-8.5769,4.4663],[121.4961,-8.5785,5.648],[121.4931,-8.5778,0.0],[121.4858,-8.581,1.2707],[121.4825,-8.5774,0.0],[121.483,-8.5746,0.0],[121.4803,-8.5716,4.382],[121.4771,-8.5709,3.4017],[121.4762,-8.5641,0.0],[121.4621,-8.5608,2.1152],[121.4606,-8.5642,0.0],[121.4405,-8.5757,1.0567],[121.4398,-8.5786,4.9424],[121.4338,-8.5818,2.2492],[121.431,-8.5864,22.6323],[121.4251,-8.5874,2.122],[121.4241,-8.5856,9.3254],[121.4204,-8.5847,16.1865],[121.42,-8.5862,0.0],[121.4233,-8.5899,4.8496],[121.419,-8.5921,4.2131],[121.4159,-8.5828,0.0],[121.4125,-8.5807,0.0],[121.4132,-8.5785,0.0],[121.4045,-8.5718,0.0],[121.4013,-8.5734,3.2861],[121.3967,-8.5714,3.7911],[121.3929,-8.5727,2.625],[121.3832,-8.5641,0.0],[121.3773,-8.5651,4.9677],[121.3676,-8.5627,0.5303],[121.3584,-8.5543,0.6557],[121.3516,-8.5521,0.4122],[121.3438,-8.5472,1.476],[121.3347,-8.5369,0.3108],[121.3295,-8.5277,0.8282],[121.3254,-8.5236,2.2967],[121.3266,-8.5165,0.0],[121.3236,-8.5147,1.7728],[121.3192,-8.5085,1.3033],[121.3078,-8.4816,0.0],[121.3059,-8.4829,1.2991],[121.3057,-8.4862,1.2415],[121.3039,-8.4816,4.3734],[121.2972,-8.4772,0.0],[121.2881,-8.4751,0.8874],[121.2787,-8.4698,0.5223],[121.2699,-8.4677,0.3911],[121.2675,-8.4653,1.1756],[121.2681,-8.4639,0.0],[121.2571,-8.4663,0.6962],[121.2533,-8.4657,0.0],[121.244,-8.4688,0.2743],[121.2369,-8.4672,1.6577],[121.2316,-8.4629,0.0],[121.2267,-8.4637,2.622],[121.223,-8.4617,1.5796],[121.217,-8.4615,3.8676],[121.1959,-8.4445,3.0354],[121.1914,-8.438,9.8824],[121.1823,-8.4387,4.7509],[121.1659,-8.4435,5.3178],[121.1577,-8.4384,6.3258],[121.1563,-8.4349,10.0593],[121.1506,-8.4338,6.2313],[121.1496,-8.4312,0.0],[121.1455,-8.4297,6.8706],[121.1428,-8.4245,0.0],[121.1393,-8.4283,4.3211],[121.1288,-8.4264,3.5116],[121.115,-8.4284,5.0847],[121.1033,-8.4253,6.1428],[121.0944,-8.4182,2.3638],[121.0875,-8.4204,6.6844],[121.0736,-8.4126,0.0],[121.0634,-8.4107,1.8558],[121.0506,-8.4117,9.3798],[121.0405,-8.4157,4.8482],[121.0299,-8.4125,2.9132],[121.0236,-8.4141,1.4946],[121.0186,-8.4079,4.1539],[121.0191,-8.4061,5.5723],[121.0225,-8.4059,3.2249],[121.0185,-8.4023,3.8032],[121.0132,-8.4023,4.9144],[121.0127,-8.4008,7.2566],[121.0147,-8.4006,15.0936],[121.0148,-8.3981,28.2816],[121.009,-8.3967,1.6123],[121.0095,-8.394,5.2327],[121.0113,-8.3934,0.0],[121.0103,-8.3921,3.4268],[121.0042,-8.392,0.0],[121.0042,-8.3935,4.4178],[120.9998,-8.3937,0.0],[120.9974,-8.3959,2.9501],[120.996,-8.3926,1.258],[120.9896,-8.3921,7.6348],[120.9921,-8.3899,10.8819],[120.9904,-8.3889,2.7212],[120.9903,-8.3838,4.7354],[120.9856,-8.3823,2.2153],[120.9875,-8.3803,2.5255],[120.9848,-8.3781,3.0772],[120.985,-8.3742,0.0],[120.9789,-8.3756,0.0],[120.9785,-8.3807,5.886],[120.9765,-8.3825,5.7935],[120.9738,-8.3811,0.0],[120.9734,-8.3771,2.1786],[120.9688,-8.3769,3.9367],[120.9696,-8.3745,5.8878],[120.9722,-8.3733,3.6561],[120.971,-8.3717,7.3404],[120.9687,-8.3726,0.0],[120.9636,-8.3706,2.6746],[120.9652,-8.3641,3.7979],[120.9684,-8.3671,0.8969],[120.9719,-8.3666,1.7809],[120.974,-8.3707,4.0325],[120.979,-8.3689,12.7012],[120.9803,-8.3635,3.216],[120.9825,-8.3629,0.0],[120.9814,-8.3598,17.0574],[120.9842,-8.358,0.0],[120.9859,-8.3526,5.7282],[120.984,-8.3494,0.0],[120.9779,-8.3479,0.0],[120.9777,-8.3464,12.7788],[120.9575,-8.3436,2.4318],[120.9445,-8.3441,0.0],[120.9439,-8.3483,0.0],[120.9496,-8.355,31.4529],[120.955,-8.3651,0.0],[120.9539,-8.3674,1.7945],[120.9563,-8.3691,0.0],[120.9555,-8.3714,7.1342],[120.9516,-8.372,5.1694],[120.946,-8.3708,10.6946],[120.9469,-8.362,1.6947],[120.9435,-8.362,3.5025],[120.9387,-8.3572,14.047],[120.9383,-8.3557,6.675],[120.9421,-8.3529,4.396],[120.9452,-8.354,0.0],[120.94,-8.3484,9.9186],[120.9295,-8.3518,11.7684],[120.9215,-8.3564,2.9517],[120.9057,-8.357,4.9983],[120.8964,-8.3525,0.0],[120.8931,-8.3532,1.1091],[120.8876,-8.359,1.3506],[120.8894,-8.3615,10.9283],[120.8889,-8.3639,4.4231],[120.8836,-8.372,4.4452],[120.8842,-8.3609,5.4105],[120.8869,-8.3548,7.6063],[120.8821,-8.3494,0.0],[120.8544,-8.3577,0.0],[120.8311,-8.3462,0.0],[120.8211,-8.3468,4.6798],[120.8086,-8.3386,2.4367],[120.7946,-8.3406,0.0],[120.7908,-8.3436,7.1989],[120.7825,-8.3455,2.5576],[120.7676,-8.3411,0.3631],[120.7624,-8.3362,0.0],[120.7587,-8.3382,3.8866],[120.7569,-8.3431,3.4852],[120.7488,-8.3483,3.5673],[120.7353,-8.3493,0.0],[120.7165,-8.3365,1.5894],[120.7154,-8.3263,2.3017],[120.7001,-8.3271,1.6912],[120.69,-8.3296,17.9141],[120.6854,-8.3259,12.8341],[120.678,-8.3232,38.0835],[120.6761,-8.3166,0.0],[120.6772,-8.3096,4.1799],[120.6741,-8.3076,0.0],[120.666,-8.3083,35.3814],[120.6619,-8.3054,6.0918],[120.6623,-8.3034,3.1436],[120.6594,-8.3021,0.8734],[120.6572,-8.2908,0.0],[120.6555,-8.2889,9.3288],[120.628,-8.268,0.0],[120.6186,-8.2638,0.0],[120.6124,-8.2638,3.9292],[120.6083,-8.2595,0.0],[120.6011,-8.2554,0.4435],[120.595,-8.2571,39.7807],[120.5937,-8.2544,0.0],[120.5909,-8.2609,0.0],[120.5932,-8.2666,13.9856],[120.5962,-8.2698,0.0],[120.6005,-8.2704,18.5166],[120.6053,-8.2773,0.0],[120.5992,-8.2911,5.2575],[120.5908,-8.2971,1.6323],[120.5775,-8.2956,1.1378],[120.569,-8.2969,1.8704],[120.5629,-8.3008,4.1362],[120.5583,-8.3002,2.2859],[120.5552,-8.2956,0.7294],[120.5522,-8.2938,1.6098],[120.5502,-8.2946,17.0777],[120.5415,-8.288,25.2508],[120.5397,-8.2826,0.0],[120.5319,-8.2773,1.4129],[120.5326,-8.2737,3.7141],[120.5297,-8.2723,0.0],[120.5121,-8.2833,7.4328],[120.5078,-8.2844,1.9871],[120.5058,-8.283,7.4666],[120.504,-8.2879,0.0],[120.4955,-8.2923,0.0],[120.4825,-8.2948,9.3522],[120.467,-8.2955,2.7206],[120.4613,-8.2915,11.447],[120.4593,-8.2867,0.0],[120.4515,-8.2852,2.3897],[120.4502,-8.2829,0.0],[120.4531,-8.2747,0.0],[120.4524,-8.2686,3.6364],[120.4497,-8.2605,0.0],[120.4445,-8.2547,16.4443],[120.4441,-8.2502,6.3844],[120.4321,-8.2445,2.6667],[120.4286,-8.2409,0.0],[120.4194,-8.2441,0.0],[120.4137,-8.2514,13.4512],[120.4144,-8.2625,26.0831],[120.4126,-8.2677,32.3226],[120.4129,-8.2728,33.5766],[120.4079,-8.2807,7.4582],[120.3953,-8.2831,5.1754],[120.388,-8.2881,19.316],[120.3808,-8.2887,6.2371],[120.3781,-8.2868,12.9198],[120.3708,-8.2935,11.0925],[120.3697,-8.2922,3.2276],[120.3674,-8.2942,1.889],[120.3633,-8.2936,3.4237],[120.3607,-8.2955,11.6485],[120.352,-8.289,2.5363],[120.3408,-8.2873,1.6939],[120.3373,-8.2822,3.4433],[120.3305,-8.2809,0.0],[120.3235,-8.2835,9.7625],[120.3071,-8.2822,0.0],[120.2983,-8.2849,9.2728],[120.2916,-8.2807,0.0],[120.2664,-8.2845,0.0],[120.261,-8.2827,0.0],[120.2439,-8.2951,2.0267],[120.2394,-8.3019,12.7746],[120.2355,-8.3017,6.5473],[120.2232,-8.3056,5.4978],[120.2159,-8.31,6.6786],[120.2102,-8.3089,42.465],[120.2091,-8.306,0.0],[120.2005,-8.3056,1.4277],[120.1938,-8.3154,0.0],[120.1885,-8.3304,8.6758],[120.1832,-8.3369,0.0],[120.183,-8.3395,0.0],[120.186,-8.3429,9.729],[120.1853,-8.3479,0.0],[120.1782,-8.3513,7.0793],[120.172,-8.3481,4.4504],[120.1675,-8.3592,15.9508],[120.1631,-8.3621,5.4148],[120.1623,-8.3689,0.0],[120.1667,-8.3746,1.5835],[120.1644,-8.3771,1.6519],[120.1629,-8.3779,3.5378],[120.1612,-8.3738,0.0],[120.1575,-8.373,2.6704],[120.151,-8.38,23.0544],[120.1472,-8.3798,4.7615],[120.1452,-8.3735,1.911],[120.1473,-8.3706,1.9973],[120.1467,-8.3669,0.8991],[120.1403,-8.3646,1.4175],[120.1396,-8.3659,1.4175],[120.1354,-8.3659,0.0],[120.1356,-8.3674,4.6781],[120.1329,-8.3656,0.0],[120.1313,-8.3671,13.673],[120.1281,-8.3637,0.9985],[120.1276,-8.3589,6.1496],[120.1254,-8.3562,0.0],[120.1216,-8.3562,0.0],[120.1198,-8.3586,4.7788],[120.1212,-8.3667,2.1572],[120.1168,-8.3718,2.4981],[120.1178,-8.3762,12.6643],[120.1156,-8.3833,3.2469],[120.1171,-8.3879,6.1088],[120.116,-8.3907,5.9213],[120.1176,-8.3931,3.5263],[120.1164,-8.404,6.7196],[120.1208,-8.414,1.2586],[120.1236,-8.4159,1.2158],[120.1256,-8.4154,4.5448],[120.1256,-8.4176,1.5898],[120.1233,-8.4223,0.0],[120.1175,-8.426,0.0],[120.1161,-8.4318,8.0367],[120.1126,-8.4351,0.5765],[120.1134,-8.4388,0.0],[120.1098,-8.4413,2.4077],[120.1045,-8.4373,0.8233],[120.0915,-8.441,0.0],[120.0851,-8.4373,0.5426],[120.0846,-8.4297,2.1666],[120.0822,-8.4263,2.2214],[120.0898,-8.4213,0.0],[120.0925,-8.4213,0.0],[120.0961,-8.4132,12.2531],[120.0949,-8.4125,25.3431],[120.095,-8.4076,4.7167],[120.0934,-8.4068,4.7167],[120.0862,-8.4144,5.6491],[120.0855,-8.4129,0.0],[120.0806,-8.4152,6.3478],[120.0798,-8.4138,0.0],[120.0799,-8.4119,3.5978],[120.0845,-8.4096,4.753],[120.0848,-8.4079,0.0],[120.0772,-8.4106,2.9153],[120.0843,-8.4022,37.338],[120.085,-8.3986,4.2615],[120.0809,-8.3982,25.2708],[120.0855,-8.3937,6.9034],[120.0845,-8.3907,38.3834],[120.0865,-8.3876,4.1745],[120.0833,-8.3873,9.4549],[120.0706,-8.3933,61.6364],[120.0704,-8.3982,108.5724],[120.0674,-8.3963,30.0535],[120.0634,-8.4029,14.9058],[120.0577,-8.4049,48.846],[120.0561,-8.4033,7.9884],[120.054,-8.4059,53.2493],[120.05,-8.4052,1.4783],[120.0508,-8.4022,1.8211],[120.0489,-8.4022,3.3265],[120.0488,-8.3989,16.4537],[120.0519,-8.3974,18.9945],[120.0532,-8.3987,3.011],[120.0538,-8.3966,18.9945],[120.0599,-8.3986,10.8536],[120.0582,-8.3938,9.0633],[120.0628,-8.3922,0.0],[120.0629,-8.3894,49.4578],[120.0652,-8.3903,4.0041],[120.0732,-8.3836,0.0],[120.0726,-8.3812,4.9228],[120.0748,-8.377,3.3989],[120.0705,-8.3775,3.4937],[120.0669,-8.3804,6.3136],[120.0663,-8.3779,0.0],[120.0638,-8.3783,17.2555],[120.0599,-8.3829,0.0],[120.0589,-8.3879,1.8431],[120.0536,-8.3898,0.0],[120.053,-8.3946,14.8592],[120.0444,-8.3942,0.0],[120.043,-8.3975,1.6489],[120.04,-8.3973,0.9227],[120.0369,-8.3919,3.0399],[120.0418,-8.3896,0.0],[120.0429,-8.386,0.0],[120.0359,-8.3866,23.2539],[120.0305,-8.382,10.5631],[120.0192,-8.3841,11.9453],[120.0204,-8.3866,4.4642],[120.0187,-8.3923,0.0],[120.0152,-8.3971,5.502],[120.0115,-8.3993,25.0324],[120.0123,-8.4033,1.6647],[120.0176,-8.4081,1.1971],[120.0155,-8.413,6.2392],[120.0133,-8.4151,10.4115],[120.0083,-8.4117,8.1136],[120.0054,-8.4137,4.4258],[120.0001,-8.414,12.1311],[119.9979,-8.4172,0.0],[120.0012,-8.4223,13.613],[120.0011,-8.4272,35.9285],[120.0029,-8.4307,6.7039],[120.0046,-8.4303,15.0004],[120.0158,-8.4356,3.0932],[120.0183,-8.4397,2.7111],[120.0127,-8.4471,5.9182],[120.0087,-8.4477,3.1906],[120.0066,-8.4462,0.0],[120.0034,-8.4511,11.0048],[120.0012,-8.4589,7.0903],[119.9974,-8.4613,2.8846],[119.9914,-8.4601,4.6753],[119.9898,-8.4554,4.3841],[119.9872,-8.4568,19.5322],[119.9839,-8.454,5.9686],[119.9825,-8.4516,7.3607],[119.9833,-8.4467,27.3378],[119.9819,-8.4428,0.0],[119.9803,-8.4463,6.1288],[119.9766,-8.4445,0.0],[119.9737,-8.4454,26.4387],[119.9727,-8.4422,41.2913],[119.9772,-8.4352,2.6229],[119.9767,-8.4325,0.0],[119.9729,-8.4329,53.4565],[119.9694,-8.428,7.2472],[119.9674,-8.4312,0.0],[119.9636,-8.4314,6.6742],[119.9629,-8.4358,0.0],[119.9657,-8.4357,52.7825],[119.9653,-8.4377,0.0],[119.9668,-8.439,9.7042],[119.9635,-8.4383,15.4134],[119.9637,-8.4414,26.1596],[119.9614,-8.4397,11.6005],[119.959,-8.4402,8.2755],[119.9567,-8.4435,0.0],[119.9587,-8.4437,13.5823],[119.9617,-8.4506,41.1009],[119.9584,-8.4524,5.0727],[119.9572,-8.4496,3.2693],[119.9531,-8.4545,4.0712],[119.9444,-8.4589,2.139],[119.9416,-8.4589,2.7952],[119.9391,-8.4553,0.0],[119.9342,-8.4575,2.8341],[119.9327,-8.4568,2.8341],[119.9317,-8.4597,14.4418],[119.9224,-8.4666,7.8348],[119.9161,-8.4665,20.6968],[119.916,-8.4687,5.0509],[119.9138,-8.4692,1.8356],[119.9132,-8.4714,28.5696],[119.9075,-8.4756,2.7469],[119.90089999999999,-8.4656,17.1413],[119.8918,-8.464,1.8402],[119.8868,-8.4609,0.0],[119.8839,-8.4636,11.6812],[119.8816,-8.4637,4.6064],[119.8773,-8.4589,0.0],[119.8788,-8.4495,16.9775],[119.883,-8.4464,5.9141],[119.8882,-8.4455,2.9067],[119.8902,-8.443,0.0],[119.8878,-8.4414,15.2093],[119.8853,-8.4439,6.2941],[119.8773,-8.4429,0.0],[119.8789,-8.44,2.2605],[119.8829,-8.4387,13.726],[119.8826,-8.4365,9.0491],[119.8796,-8.4351,0.0],[119.8824,-8.4302,1.0014],[119.88,-8.427,1.9913],[119.8718,-8.4273,4.3652],[119.8608,-8.4322,4.781],[119.8576,-8.4299,6.0774],[119.857,-8.4321,1.5777],[119.8615,-8.4367,21.9039],[119.86279999999999,-8.4405,54.0492],[119.86279999999999,-8.4481,14.0107],[119.8609,-8.4533,7.9349],[119.8679,-8.4541,7.2588],[119.8714,-8.4573,24.9923],[119.8718,-8.465,4.7777],[119.8815,-8.4779,8.4735],[119.8748,-8.4897,0.0],[119.8794,-8.4983,16.0106],[119.8774,-8.5019,87.6029],[119.8771,-8.5076,20.9833],[119.873,-8.5126,25.8444],[119.8736,-8.5174,1.7386],[119.8678,-8.5241,0.4447],[119.854,-8.5345,0.0],[119.8526,-8.5316,0.0],[119.851,-8.5314,0.0],[119.8503,-8.5342,2.98],[119.8455,-8.5363,1.534],[119.8463,-8.5379,25.6425],[119.8442,-8.5397,6.253],[119.8335,-8.5393,0.0],[119.8309,-8.5508,0.0],[119.8289,-8.5515,1.595],[119.8284,-8.5537,2.7235],[119.8264,-8.5557,9.7703],[119.8144,-8.5597,6.0322],[119.8131,-8.5636,1.8321],[119.8098,-8.5642,0.0],[119.8087,-8.5691,4.734],[119.8051,-8.5707,5.791],[119.8037,-8.5764,3.2628],[119.8043,-8.583,3.6134],[119.8079,-8.5858,10.6312],[119.803,-8.5877,1.4673],[119.7993,-8.5919,49.089],[119.799,-8.6,6.3821],[119.8027,-8.601,6.0428],[119.8056,-8.6041,7.7576],[119.8085,-8.602,1.3846],[119.811,-8.6044,0.4235],[119.8094,-8.609,18.3441],[119.8065,-8.6112,0.0],[119.8062,-8.6157,0.0],[119.8098,-8.625,33.3929],[119.8078,-8.6272,7.7801],[119.8065,-8.6405,0.0],[119.8113,-8.6611,5.7596],[119.8094,-8.665,42.8011],[119.8113,-8.6684,8.6647],[119.8091,-8.6719,21.2021],[119.8038,-8.6712,0.0],[119.8035,-8.6739,6.5811],[119.7997,-8.6783,45.4897],[119.8004,-8.6849,5.7229],[119.7983,-8.6905,0.0],[119.7957,-8.6916,0.0],[119.7982,-8.6949,0.0],[119.7965,-8.7021,0.0],[119.8033,-8.7094,5.0858],[119.8017,-8.7111,1.0714],[119.802,-8.7207,8.0019],[119.7995,-8.7219,9.9983],[119.7983,-8.7238,0.0],[119.7996,-8.7244,27.2047],[119.7992,-8.7264,9.4927],[119.7967,-8.7277,4.6246],[119.7992,-8.7298,0.0],[119.8024,-8.7279,8.4394],[119.8067,-8.7304,0.0],[119.8075,-8.7334,15.0057],[119.8056,-8.7384,15.5899],[119.7985,-8.7396,8.2389],[119.7962,-8.7417,0.0],[119.8011,-8.744,24.6571],[119.7984,-8.7467,0.0],[119.8016,-8.7479,89.2087],[119.802,-8.7503,1.5093],[119.8068,-8.749,42.7051],[119.809,-8.7538,3.8739],[119.8081,-8.7558,7.1609],[119.8006,-8.7577,0.0],[119.8005,-8.7649,0.0],[119.8029,-8.766,27.8103],[119.8031,-8.7706,5.5036],[119.8063,-8.7685,38.8332],[119.8088,-8.77,1.8808],[119.8103,-8.773,35.3428],[119.8081,-8.7758,26.2508],[119.8136,-8.7759,24.5058],[119.8142,-8.7806,2.1135],[119.8152,-8.7796,0.0],[119.8193,-8.7805,0.0],[119.8203,-8.7783,3.2225],[119.8219,-8.7791,5.6518],[119.8222,-8.7824,4.0018],[119.8187,-8.7834,9.7559],[119.8173,-8.7867,0.0],[119.8193,-8.7864,25.6611],[119.8202,-8.7886,4.2107],[119.8235,-8.7895,21.1957],[119.8273,-8.7869,20.1346],[119.8295,-8.7874,1.4832],[119.8306,-8.7941,9.3336],[119.8323,-8.7938,21.9836],[119.832,-8.7966,6.7128],[119.8354,-8.7981,4.9718],[119.8365,-8.8005,21.5903],[119.8326,-8.8055,0.0],[119.8333,-8.8066,0.0],[119.8379,-8.8072,0.0],[119.8421,-8.7973,2.7164],[119.8442,-8.7969,5.032],[119.8465,-8.7983,33.8288],[119.8477,-8.8045,12.3716],[119.8599,-8.8021,12.8494],[119.8597,-8.805,0.0],[119.8636,-8.8085,68.1454],[119.8618,-8.8122,11.554],[119.8625,-8.8137,1.9815],[119.8633,-8.8124,28.4214],[119.865,-8.8131,0.0],[119.8661,-8.81,71.1231],[119.8699,-8.8074,9.8416],[119.8717,-8.8108,5.9042],[119.874,-8.8115,0.0],[119.8764,-8.8119,0.0],[119.8831,-8.8092,8.3288],[119.8846,-8.8098,0.0],[119.8849,-8.8131,0.0],[119.8902,-8.8127,29.5546],[119.8903,-8.8145,4.3579],[119.8866,-8.815,0.0],[119.8834,-8.8199,5.9429],[119.8838,-8.8211,5.9429],[119.888,-8.8205,45.9091],[119.8868,-8.8232,60.9926],[119.8832,-8.8244,10.0085],[119.8875,-8.8293,87.399],[119.8829,-8.8288,0.0],[119.8853,-8.8327,60.426],[119.883,-8.8337,0.0],[119.8845,-8.8409,0.0],[119.8931,-8.8415,0.0],[119.8952,-8.844,4.1485],[119.8906,-8.8455,6.1826],[119.8897,-8.8485,69.2213],[119.886,-8.8518,0.0],[119.8874,-8.8544,29.5921],[119.8921,-8.8531,44.3558],[119.8895,-8.8589,30.09],[119.8931,-8.8603,3.4451],[119.8989,-8.8581,37.3709],[119.8988,-8.8634,0.4609],[119.9001,-8.8608,107.2183],[119.903,-8.8628,32.3225],[119.9044,-8.8621,111.0815],[119.9057,-8.867,0.009],[119.9084,-8.8646,7.8161],[119.9113,-8.8673,7.0466],[119.9131,-8.863,3.8312],[119.9164,-8.8663,0.0],[119.9192,-8.8659,44.3013],[119.922,-8.8613,64.5084],[119.92,-8.8542,32.0751],[119.9173,-8.8523,9.4156],[119.9165,-8.8461,0.0],[119.9119,-8.8447,5.6882],[119.9099,-8.8389,2.2012],[119.9122,-8.8386,14.6205],[119.9229,-8.8435,0.0],[119.9252,-8.8331,0.0],[119.9324,-8.8294,89.466],[119.9421,-8.8214,0.0],[119.9478,-8.8203,2.1146],[119.965,-8.8235,0.0],[119.9694,-8.8261,1.6295],[119.9769,-8.8212,7.4606],[119.991,-8.82,2.1632],[119.9977,-8.8179,11.3747],[120.0099,-8.8175,7.4961],[120.0164,-8.8193,10.0178],[120.0238,-8.8142,18.4688],[120.0368,-8.8128,38.5886],[120.0455,-8.8138,0.0],[120.0494,-8.8116,3.2098],[120.0523,-8.8122,4.5149],[120.058,-8.8081,0.0],[120.0803,-8.8026,11.7324],[120.0841,-8.7989,11.4848],[120.0976,-8.7938,1.886],[120.1107,-8.7907,3.9841],[120.1401,-8.7885,0.0],[120.148,-8.7863,0.0],[120.1491,-8.7847,0.0],[120.1595,-8.7855,2.7838],[120.1712,-8.7917,1.3084],[120.183,-8.8032,0.0],[120.1905,-8.8136,0.9276],[120.1976,-8.819,1.5726],[120.1992,-8.8229,2.9595],[120.2035,-8.8215,2.4976],[120.2106,-8.8281,11.3527],[120.2135,-8.8365,0.6863],[120.2223,-8.836,27.2025],[120.233,-8.8443,16.033],[120.2447,-8.845,0.0],[120.2505,-8.8488,0.0],[120.2669,-8.8467,4.5069],[120.2772,-8.8538,5.1167],[120.2818,-8.8506,4.6248],[120.2978,-8.8443,16.5858],[120.3035,-8.8489,2.6238],[120.3069,-8.8496,0.0],[120.3114,-8.8552,1.9273],[120.3147,-8.8552,3.0163],[120.3203,-8.8491,9.9214],[120.3311,-8.8417,8.8357],[120.3374,-8.8341,23.5254],[120.3509,-8.8324,11.7491],[120.3633,-8.8245,12.5027],[120.3668,-8.8245,0.0],[120.3686,-8.822,0.5252],[120.3687,-8.8163,1.241],[120.3718,-8.8192,0.0],[120.3842,-8.8177,20.6092],[120.3914,-8.8262,0.0],[120.3937,-8.8267,0.0],[120.3973,-8.8239,2.5778],[120.3981,-8.8254,0.2813],[120.4041,-8.8241,1.6765],[120.4207,-8.8169,2.9854],[120.4267,-8.8196,0.0],[120.4299,-8.8195,1.9156],[120.4379,-8.8136,3.4419],[120.454,-8.8177,16.0754],[120.4703,-8.8171,6.6258],[120.4785,-8.8205,2.3576],[120.4864,-8.8196,0.0],[120.4899,-8.8214,0.0],[120.5076,-8.8187,10.5225],[120.5137,-8.821,16.0518],[120.5284,-8.813,0.0],[120.5366,-8.8115,0.0],[120.5446,-8.8122,6.6611],[120.5504,-8.8165,0.0],[120.5649,-8.8175,1.8429],[120.5725,-8.8164,1.8719],[120.5798,-8.8182,0.0],[120.5878,-8.8152,3.0772],[120.595,-8.8149,0.0],[120.6075,-8.8209,3.6012],[120.6127,-8.8266,1.8079],[120.6122,-8.8324,5.2107],[120.6199,-8.8438,9.5063],[120.6259,-8.8483,0.0],[120.6326,-8.8571,5.2272],[120.6381,-8.8598,0.0],[120.6463,-8.8671,0.0],[120.6559,-8.8701,0.0],[120.6898,-8.8709,8.0616],[120.7024,-8.8819,0.0],[120.7045,-8.8808,6.7015],[120.7102,-8.8815,0.0],[120.7189,-8.8866,0.0],[120.7253,-8.8852,4.206],[120.7355,-8.8902,0.5733],[120.7391,-8.8884,7.5181],[120.746,-8.8932,0.0],[120.7475,-8.8912,32.8952],[120.7538,-8.8929,21.985],[120.7652,-8.8895,12.3977],[120.7687,-8.887,2.0077],[120.7745,-8.8869,0.0],[120.7743,-8.8837,0.0],[120.78,-8.8757,32.7071],[120.7854,-8.8732,0.8771],[120.7859,-8.8474,14.4479],[120.789,-8.8405,10.2965],[120.7922,-8.8394,11.2422],[120.7973,-8.8408,3.2097],[120.8053,-8.8398,0.0],[120.8099,-8.8419,0.769],[120.8164,-8.8418,0.0],[120.8202,-8.8379,0.0],[120.8192,-8.836,0.5872],[120.8226,-8.8371,0.0],[120.8262,-8.8323,8.2679],[120.8372,-8.8288,14.1903],[120.8428,-8.8327,8.4149],[120.8485,-8.8339,7.2674],[120.8504,-8.838,0.9945],[120.8542,-8.8407,1.0594],[120.857,-8.8538,0.0],[120.8669,-8.8657,4.9945],[120.8666,-8.8769,0.0],[120.8693,-8.8836,2.0057],[120.8736,-8.8869,0.8855],[120.8807,-8.8872,6.8189],[120.8841,-8.8894,2.8],[120.8869,-8.8956,0.0],[120.8997,-8.9041,43.7929],[120.9037,-8.9121,0.0],[120.9098,-8.9155,4.2132],[120.9134,-8.9206,11.4936],[120.9291,-8.9286,5.0389],[120.9321,-8.9335,1.6504],[120.936,-8.9337,8.9298],[120.9535,-8.9429,22.8529],[120.9664,-8.9464,0.0],[120.9792,-8.9433,2.4658],[120.9866,-8.9514,1.0867],[120.9972,-8.953,0.0],[121.0013,-8.9561,12.9798],[121.0061,-8.9546,0.0],[121.0153,-8.9564,0.0],[121.0169,-8.9543,46.1634],[121.0218,-8.9534,4.039],[121.0296,-8.9564,0.0],[121.0338,-8.9548,0.0],[121.0361,-8.9556,0.0],[121.0427,-8.95,25.086],[121.05,-8.9468,2.3727],[121.0574,-8.9477,15.9796],[121.0665,-8.9368,0.0],[121.0704,-8.9355,6.3767],[121.0748,-8.9311,13.566],[121.0814,-8.9303,1.9944],[121.0847,-8.9259,33.8928],[121.0892,-8.9248,0.0],[121.0957,-8.9201,10.226],[121.1028,-8.9192,18.4445],[121.1057,-8.9163,0.0],[121.1135,-8.916,21.1264],[121.115,-8.9133,0.9014],[121.1226,-8.9093,16.4096],[121.1288,-8.9089,7.9196],[121.1306,-8.9056,11.4847],[121.1358,-8.903,5.3487],[121.1364,-8.9013,0.0],[121.1343,-8.9001,22.72],[121.1375,-8.9008,5.1074],[121.138,-8.9024,0.0],[121.1388,-8.9015,0.5076],[121.1377,-8.8996,5.1074],[121.1391,-8.8981,0.9418],[121.1481,-8.8982,0.7185],[121.1575,-8.8935,2.9063],[121.1647,-8.8948,0.0],[121.1715,-8.8868,2.7441],[121.1852,-8.8856,14.9347],[121.1886,-8.8871,16.7965],[121.1918,-8.8923,0.0],[121.199,-8.8944,9.1054],[121.2045,-8.8913,0.0],[121.2068,-8.8918,33.4924],[121.2078,-8.894,8.0188],[121.2107,-8.8919,2.0571],[121.225,-8.8893,15.5443],[121.2289,-8.8905,57.4405],[121.2338,-8.8958,0.0],[121.2376,-8.8898,0.0],[121.2457,-8.8892,66.6556],[121.2527,-8.8913,0.0],[121.2535,-8.8966,0.0],[121.2571,-8.8976,7.2003],[121.2557,-8.8938,0.0],[121.259,-8.8888,24.7464],[121.2622,-8.887,12.164],[121.2697,-8.8865,0.0],[121.2753,-8.8916,0.4284],[121.2818,-8.8914,1.521],[121.2862,-8.8941,5.3857],[121.2905,-8.9016,0.0],[121.2985,-8.9072,0.9158],[121.3068,-8.9081,0.8696],[121.3144,-8.911,15.3376],[121.3202,-8.9103,2.4473],[121.3244,-8.9062,32.6],[121.3298,-8.9077,12.4856],[121.3421,-8.9053,0.0],[121.3558,-8.8908,17.0565],[121.3574,-8.8874,41.6809],[121.3613,-8.8874,0.0]]]]}}