{"type":"Feature","properties":{"GID_1":"IDN.18_1","GID_0":"IDN","country":"Indonesia","province":"MalukuUtara","VARNAME_1":"NA","NL_NAME_1":"NA","TYPE_1":"Propinisi","ENGTYPE_1":"Province","CC_1":"82","HASC_1":"ID.MU","ISO_1":"ID-MU","name":"Maluku_Utara.province"},
"geometry":{"type": "MultiPolygon","coordinates": [[[[124.4479,-2.0401,0.0],[124.4481,-2.04,0.0],[124.448,-2.0398,0.0],[124.4479,-2.0399,0.0],[124.4479,-2.0401,0.0]]],
[[[124.4481,-2.0395,0.0],[124.4481,-2.0396,0.0],[124.4481,-2.0397,0.0],[124.4482,-2.0396,0.0],[124.4481,-2.0395,0.0]]],
[[[124.4492,-2.0373,0.0],[124.4489,-2.0371,0.0],[124.4489,-2.0376,0.0],[124.4491,-2.0376,0.0],[124.4492,-2.0373,0.0]]],
[[[124.4486,-2.0362,0.0],[124.4485,-2.036,0.0],[124.4482,-2.036,0.0],[124.4484,-2.0364,0.0],[124.4486,-2.0362,0.0]]],
[[[127.6479,-1.8297,0.0],[127.6489,-1.8302,0.0],[127.646,-1.8283,0.0],[127.6467,-1.8295,0.0],[127.6479,-1.8297,0.0]]],
[[[127.5709,-1.8603,0.0],[127.5706,-1.8603,0.0],[127.5706,-1.8613,0.0],[127.5712,-1.8611,0.0],[127.5709,-1.8603,0.0]]],
[[[127.5712,-1.8568,0.0],[127.5707,-1.8594,0.0],[127.5717,-1.8571,0.0],[127.5716,-1.8541,0.0],[127.5712,-1.8568,0.0]]],
[[[127.6434,-1.8443,0.0],[127.6456,-1.8421,0.0],[127.6386,-1.8445,22.0771],[127.6399,-1.8471,0.4512],[127.6381,-1.8482,9.6378],[127.6377,-1.8471,3.6398],[127.6336,-1.8512,1.7687],[127.6385,-1.8494,9.6378],[127.6434,-1.8443,0.0]]],
[[[127.5704,-1.8459,0.0],[127.5701,-1.847,0.0],[127.5702,-1.848,0.0],[127.5709,-1.8442,4.4529],[127.5704,-1.8459,0.0]]],
[[[127.6036,-1.8476,8.7413],[127.6091,-1.8472,5.1122],[127.6178,-1.8492,16.7395],[127.6211,-1.8516,0.0],[127.6247,-1.8495,10.8154],[127.6285,-1.8502,0.0],[127.6351,-1.8469,0.0],[127.639,-1.8429,3.1243],[127.6366,-1.8415,24.7304],[127.6406,-1.842,3.1243],[127.6412,-1.8409,0.0],[127.638,-1.8399,16.1331],[127.6454,-1.8344,0.5935],[127.6422,-1.8329,3.2565],[127.6453,-1.8285,0.0],[127.6432,-1.8237,0.0],[127.6412,-1.822,0.4301],[127.6329,-1.8206,2.2721],[127.6182,-1.8238,7.8289],[127.6133,-1.8223,4.7292],[127.6024,-1.8224,2.1784],[127.5853,-1.8318,14.2575],[127.5841,-1.8314,4.3851],[127.5843,-1.8277,0.0],[127.5824,-1.8283,10.1049],[127.5795,-1.8349,57.7677],[127.5743,-1.8383,6.7539],[127.5719,-1.8434,4.4529],[127.5729,-1.8516,19.3327],[127.5717,-1.8524,1.6179],[127.5727,-1.856,0.0],[127.5741,-1.8548,12.1387],[127.5726,-1.8606,0.0],[127.5776,-1.8605,42.9515],[127.5751,-1.8636,16.7921],[127.5724,-1.8627,0.0],[127.5718,-1.8656,6.4931],[127.5779,-1.8667,0.0],[127.5826,-1.862,17.4285],[127.5937,-1.8567,0.0],[127.5961,-1.8529,0.0],[127.5932,-1.8522,4.149],[127.5903,-1.8536,34.3117],[127.5921,-1.8507,1.4993],[127.5897,-1.8497,18.8221],[127.5907,-1.8488,11.4431],[127.6008,-1.8456,14.8531],[127.6015,-1.8485,0.0],[127.6036,-1.8476,8.7413]]],
[[[126.4785,-1.8365,0.0],[126.4786,-1.8358,0.0],[126.4779,-1.8357,0.0],[126.4781,-1.8364,0.0569],[126.4785,-1.8365,0.0]]],
[[[124.3938,-2.0338,0.0],[124.3919,-2.0328,0.0],[124.3856,-2.035,4.0864],[124.3834,-2.0379,0.0],[124.3854,-2.0375,0.0],[124.3852,-2.0396,1.4064],[124.3822,-2.0423,3.3456],[124.382,-2.0369,2.2748],[124.379,-2.0373,1.5228],[124.3736,-2.0468,4.6397],[124.3745,-2.049,3.7515],[124.3727,-2.0491,0.0],[124.3743,-2.0506,5.3122],[124.373,-2.0547,0.0],[124.3748,-2.0598,0.0],[124.3854,-2.0679,0.9249],[124.3876,-2.0736,2.3239],[124.3936,-2.0667,5.8483],[124.3928,-2.0649,15.2287],[124.3944,-2.0636,0.0],[124.3908,-2.0586,1.4552],[124.3899,-2.0617,14.4488],[124.3886,-2.0615,6.7052],[124.39,-2.0546,0.0],[124.3941,-2.053,11.821],[124.3955,-2.0582,0.0],[124.4013,-2.0579,4.2456],[124.4053,-2.0467,1.5467],[124.4052,-2.0425,0.0],[124.3938,-2.0338,0.0]]],
[[[124.4884,-2.0187,2.7042],[124.4856,-2.0213,0.0],[124.4982,-2.0156,0.0],[124.4932,-2.0137,2.6379],[124.4884,-2.0187,2.7042]]],
[[[126.0731,-2.4425,0.0],[126.0722,-2.4196,9.8563],[126.0624,-2.3994,3.9912],[126.0607,-2.3989,3.9912],[126.0592,-2.3922,11.83],[126.0489,-2.3748,23.6008],[126.0469,-2.368,3.8706],[126.0392,-2.3595,8.6326],[126.0387,-2.3476,0.0],[126.0355,-2.3404,2.5154],[126.0326,-2.3377,27.681],[126.0324,-2.3322,4.9616],[126.0214,-2.3132,4.545],[126.0199,-2.299,0.0],[126.0056,-2.2667,6.3929],[126.0,-2.2601,9.5157],[126.0,-2.2546,0.0],[125.9818,-2.2261,14.502],[125.9734,-2.2038,2.5073],[125.9673,-2.194,5.1748],[125.9625,-2.1814,15.8124],[125.9579,-2.1601,0.0],[125.9569,-2.1481,3.439],[125.9604,-2.1203,2.3839],[125.9775,-2.078,1.7044],[125.9781,-2.0733,3.1795],[125.9833,-2.0651,0.0],[125.9835,-2.06,1.5422],[125.981,-2.0562,4.0767],[125.9881,-2.0534,3.0188],[125.9929,-2.0453,0.0],[125.9912,-2.0401,0.9295],[125.993,-2.03,0.3091],[125.9923,-2.026,0.8563],[125.9879,-2.0215,13.5667],[125.9889,-2.0206,0.9635],[125.9871,-2.0152,1.6327],[125.9851,-2.0154,1.3928],[125.9835,-2.012,0.8897],[125.9822,-2.0129,3.3605],[125.9767,-2.008,0.8705],[125.9746,-2.0043,0.4032],[125.9754,-2.0033,0.4032],[125.9704,-2.0044,2.2161],[125.9691,-1.9997,7.0726],[125.9594,-1.9955,4.9962],[125.9562,-1.9878,0.0],[125.9532,-1.9877,0.0],[125.9519,-1.99,21.8945],[125.9469,-1.9861,21.6918],[125.9473,-1.9837,0.0],[125.9445,-1.9851,7.626],[125.9448,-1.9831,16.0485],[125.9429,-1.9819,26.0463],[125.9447,-1.9809,7.4183],[125.9441,-1.98,7.4183],[125.936,-1.977,0.0],[125.9358,-1.9783,0.0],[125.9384,-1.9789,19.4157],[125.9371,-1.9811,29.5852],[125.9338,-1.979,0.0],[125.9294,-1.9823,8.6103],[125.928,-1.9818,17.4044],[125.926,-1.9798,18.1239],[125.9258,-1.9777,0.0],[125.9226,-1.9805,7.7723],[125.9227,-1.9775,0.0],[125.9207,-1.9766,4.4852],[125.9152,-1.9805,1.4092],[125.914,-1.9779,3.8493],[125.9158,-1.9765,1.6216],[125.9149,-1.9743,0.0],[125.9105,-1.9745,0.0],[125.9067,-1.9765,9.3906],[125.9029,-1.9829,5.9911],[125.8996,-1.9828,0.0],[125.8979,-1.9872,8.2122],[125.8979,-1.9951,5.6892],[125.8897,-1.9997,8.7114],[125.8801,-2.019,1.7649],[125.8773,-2.0217,4.2889],[125.8754,-2.0211,0.0],[125.8719,-2.0255,1.2667],[125.8579,-2.0602,0.0],[125.8559,-2.0918,0.0],[125.86,-2.0965,7.5311],[125.863,-2.1057,4.6399],[125.8679,-2.1105,28.2156],[125.8747,-2.1265,0.0],[125.8765,-2.1277,14.9545],[125.8764,-2.1301,8.606],[125.881,-2.1398,1.0835],[125.8807,-2.1521,0.0],[125.8865,-2.1695,7.3402],[125.8868,-2.1791,5.7032],[125.8796,-2.194,2.1346],[125.8787,-2.206,0.0],[125.8801,-2.212,2.1601],[125.8868,-2.2237,2.1401],[125.8988,-2.2381,0.0],[125.9053,-2.2429,6.2463],[125.9158,-2.2615,0.0],[125.9229,-2.2685,8.359],[125.9308,-2.2876,7.8431],[125.9459,-2.3038,0.0],[125.9515,-2.3152,4.199],[125.957,-2.3223,3.1347],[125.9616,-2.3437,0.0],[125.9595,-2.3629,0.0],[125.9618,-2.3664,4.6509],[125.9608,-2.3716,0.0],[125.9635,-2.3866,0.0],[125.9666,-2.3963,2.8214],[125.973,-2.4029,8.1277],[125.9739,-2.4127,2.87],[125.9759,-2.4174,0.0],[125.9905,-2.4399,26.2977],[126.017,-2.4597,0.0],[126.0384,-2.4708,26.3992],[126.0425,-2.4755,8.4079],[126.0492,-2.4774,3.7743],[126.0581,-2.4704,9.5134],[126.0706,-2.451,8.8134],[126.0731,-2.4425,0.0]]],
[[[124.5336,-2.0003,0.5],[124.5331,-2.0004,0.5],[124.5336,-2.0012,0.5],[124.5337,-2.0007,0.5],[124.5336,-2.0003,0.5]]],
[[[124.5295,-1.9956,0.5],[124.5298,-1.9947,0.5],[124.5296,-1.9946,0.5],[124.5291,-1.9956,0.5],[124.5295,-1.9956,0.5]]],
[[[125.9529,-1.9875,0.0],[125.9528,-1.9876,0.0],[125.9529,-1.9876,0.0],[125.953,-1.9875,0.0],[125.9529,-1.9875,0.0]]],
[[[124.3123,-1.9852,0.0],[124.3118,-1.9854,0.0],[124.3118,-1.986,0.0],[124.3124,-1.9857,0.0],[124.3123,-1.9852,0.0]]],
[[[125.9287,-1.9814,17.4044],[125.9288,-1.9809,0.0],[125.9277,-1.9807,0.7624],[125.928,-1.9813,17.4044],[125.9287,-1.9814,17.4044]]],
[[[125.9276,-1.9777,1.629],[125.9269,-1.9769,1.629],[125.9263,-1.9775,0.0],[125.9274,-1.9783,0.0],[125.9276,-1.9777,1.629]]],
[[[125.9292,-1.978,0.0],[125.9294,-1.9771,0.0],[125.9286,-1.9765,1.629],[125.9281,-1.9777,1.629],[125.9292,-1.978,0.0]]],
[[[124.3403,-1.9015,0.0],[124.3353,-1.8951,0.0],[124.3326,-1.8958,4.6878],[124.3324,-1.8979,20.4702],[124.3361,-1.9029,9.4534],[124.3381,-1.9034,3.4277],[124.3368,-1.8997,8.0178],[124.3403,-1.9015,0.0]]],
[[[125.4209,-1.8849,0.0],[125.4177,-1.8844,0.0],[125.4158,-1.8862,0.0],[125.4112,-1.8925,0.0],[125.4125,-1.8954,2.746],[125.4163,-1.8961,5.8891],[125.4167,-1.8937,3.2532],[125.4196,-1.8918,4.0495],[125.4209,-1.8849,0.0]]],
[[[125.3867,-1.884,0.0],[125.3882,-1.8804,0.0],[125.3871,-1.8785,0.0],[125.3835,-1.8785,0.0],[125.3813,-1.8813,1.4679],[125.3756,-1.8814,0.8561],[125.3721,-1.8868,0.0],[125.3722,-1.8897,0.0],[125.3873,-1.8918,0.0],[125.3886,-1.8873,0.0],[125.3867,-1.884,0.0]]],
[[[125.806,-1.9173,0.0],[125.8077,-1.9144,0.0],[125.8067,-1.9125,0.0],[125.8025,-1.9139,1.4848],[125.7955,-1.9209,0.0],[125.7981,-1.9218,0.0],[125.806,-1.9173,0.0]]],
[[[124.3453,-1.9094,0.0],[124.3449,-1.909,0.0],[124.3435,-1.9093,0.0],[124.3447,-1.9103,0.0],[124.3453,-1.9094,0.0]]],
[[[125.8581,-1.9064,0.0],[125.8583,-1.9061,0.0],[125.8579,-1.9061,0.0],[125.8579,-1.9063,0.0],[125.8581,-1.9064,0.0]]],
[[[124.3384,-1.9036,0.0],[124.3383,-1.9043,0.0],[124.3394,-1.9054,0.0],[124.3395,-1.9048,0.0],[124.3384,-1.9036,0.0]]],
[[[125.7854,-1.943,0.0],[125.7854,-1.9411,0.0],[125.7828,-1.9408,0.0],[125.7846,-1.9434,0.0],[125.7854,-1.943,0.0]]],
[[[125.7725,-1.9286,0.0],[125.7718,-1.9292,0.0],[125.7726,-1.9299,0.0],[125.7733,-1.9282,0.0],[125.7725,-1.9286,0.0]]],
[[[124.3349,-1.968,14.2595],[124.332,-1.9662,0.0],[124.3252,-1.97,60.4155],[124.3224,-1.9694,0.0],[124.3195,-1.9725,7.7329],[124.3167,-1.9719,8.0498],[124.3103,-1.976,0.0],[124.3113,-1.9789,0.0],[124.3077,-1.981,9.0804],[124.3147,-1.9827,24.0084],[124.316,-1.987,64.2837],[124.3121,-1.9934,46.5283],[124.3123,-1.9901,11.3652],[124.3109,-1.989,22.394],[124.3119,-1.9871,2.3467],[124.3079,-1.9876,0.0],[124.3054,-1.9911,6.8612],[124.3039,-1.9975,0.0],[124.3043,-2.0003,0.0],[124.3059,-2.0003,6.9105],[124.304,-2.0035,0.0],[124.305,-2.008,0.0],[124.309,-2.0107,0.0],[124.3104,-2.0064,6.9745],[124.3091,-2.0015,33.802],[124.3099,-1.9989,14.5587],[124.3154,-1.9979,68.7409],[124.3162,-2.0007,15.7488],[124.3192,-2.0018,10.019],[124.3158,-2.0055,28.4137],[124.3139,-2.0111,4.1564],[124.3207,-2.0103,14.6084],[124.3157,-2.0131,0.0],[124.318,-2.0141,38.2045],[124.3172,-2.0159,3.2164],[124.3214,-2.014,26.9244],[124.3288,-2.0155,3.3293],[124.3341,-2.0183,28.2519],[124.3359,-2.0216,0.0],[124.3474,-2.0254,0.0],[124.353,-2.0302,4.5372],[124.3609,-2.0437,4.4332],[124.3637,-2.0443,0.0],[124.3629,-2.0436,0.0],[124.3647,-2.042,23.8733],[124.3719,-2.0408,0.0],[124.3719,-2.0388,3.2871],[124.3667,-2.0389,3.9285],[124.3632,-2.0346,0.0],[124.3643,-2.0313,6.654],[124.367,-2.0299,7.1786],[124.3673,-2.0264,0.0],[124.3656,-2.0259,6.6019],[124.3683,-2.0229,0.0],[124.364,-2.0176,9.0254],[124.3694,-2.0132,0.0],[124.3701,-2.0102,0.0],[124.3679,-2.0044,0.7308],[124.3694,-1.9993,0.9669],[124.3722,-1.9973,2.788],[124.3724,-1.9945,4.5363],[124.3753,-1.9906,1.4439],[124.3744,-1.988,4.8185],[124.3703,-1.9864,8.1441],[124.3708,-1.9826,5.8349],[124.3689,-1.98,15.0008],[124.3702,-1.9765,9.6827],[124.3661,-1.9705,12.183],[124.3603,-1.9703,15.6435],[124.3557,-1.9727,3.9991],[124.3516,-1.9688,3.6134],[124.3458,-1.9676,0.0],[124.3424,-1.9698,8.7811],[124.3439,-1.9705,8.7811],[124.3428,-1.9738,25.1935],[124.3387,-1.9752,13.0649],[124.3367,-1.973,2.167],[124.3377,-1.9696,2.9674],[124.3349,-1.968,14.2595]]],
[[[125.9287,-1.9756,0.0],[125.9327,-1.9717,0.0],[125.9289,-1.9722,0.0],[125.9266,-1.9752,0.0],[125.9287,-1.9756,0.0]]],
[[[124.3111,-1.9731,0.0],[124.3111,-1.9727,0.0],[124.3107,-1.9726,0.0],[124.3107,-1.973,0.0],[124.3111,-1.9731,0.0]]],
[[[125.9425,-1.971,0.0],[125.9424,-1.9716,0.0],[125.9434,-1.9711,0.0],[125.943,-1.9705,0.0],[125.9425,-1.971,0.0]]],
[[[124.6981,-1.9728,0.391],[124.6986,-1.974,5.6359],[124.7,-1.9736,5.6359],[124.6991,-1.9712,0.0],[124.6981,-1.9728,0.391]]],
[[[124.3124,-1.9675,0.0],[124.3121,-1.9686,0.0],[124.3125,-1.9689,0.0],[124.3128,-1.968,0.0],[124.3124,-1.9675,0.0]]],
[[[124.3174,-1.9701,4.3256],[124.3166,-1.9705,4.3256],[124.3168,-1.9711,4.3256],[124.3181,-1.9708,0.0],[124.3174,-1.9701,4.3256]]],
[[[124.3109,-1.9703,0.0],[124.3103,-1.9702,0.0],[124.3099,-1.9707,0.0],[124.3109,-1.9709,0.0],[124.3109,-1.9703,0.0]]],
[[[124.3155,-1.7881,0.0],[124.3143,-1.7856,1.5119],[124.3115,-1.7863,3.7418],[124.3103,-1.7923,1.2548],[124.3116,-1.7942,2.1524],[124.309,-1.7972,3.6481],[124.3053,-1.7963,3.4402],[124.3043,-1.7984,0.0],[124.3057,-1.8013,0.0],[124.3082,-1.8014,0.0],[124.3158,-1.7925,0.0],[124.3155,-1.7881,0.0]]],
[[[126.3371,-1.8339,0.5856],[126.3367,-1.8341,0.5856],[126.3371,-1.8345,0.5856],[126.3373,-1.8341,0.5856],[126.3371,-1.8339,0.5856]]],
[[[126.3371,-1.8329,0.0],[126.3372,-1.8327,0.0],[126.337,-1.8326,0.0],[126.3369,-1.8329,0.0],[126.3371,-1.8329,0.0]]],
[[[124.3409,-1.8221,2.8119],[124.3401,-1.8203,0.0],[124.3378,-1.8222,0.0],[124.338,-1.8275,0.0],[124.3398,-1.8275,3.3479],[124.3409,-1.8221,2.8119]]],
[[[126.3393,-1.8354,0.0],[126.3391,-1.8348,0.0],[126.3382,-1.8348,0.0],[126.3388,-1.8355,0.0],[126.3393,-1.8354,0.0]]],
[[[126.3375,-1.8344,0.5856],[126.3378,-1.835,0.0],[126.3381,-1.8349,0.0],[126.3381,-1.8344,0.5856],[126.3375,-1.8344,0.5856]]],
[[[126.3521,-1.8238,0.0],[126.352,-1.8237,0.0],[126.3519,-1.8239,0.0],[126.3522,-1.8239,0.0],[126.3521,-1.8238,0.0]]],
[[[126.3492,-1.8237,0.0],[126.3494,-1.8237,0.0],[126.3495,-1.8235,0.0],[126.3493,-1.8234,0.0],[126.3492,-1.8237,0.0]]],
[[[126.3455,-1.8214,0.0],[126.3429,-1.8213,5.9572],[126.3446,-1.8227,0.0],[126.3462,-1.8224,0.0],[126.3455,-1.8214,0.0]]],
[[[126.3373,-1.8222,0.0],[126.3385,-1.8223,0.0],[126.3387,-1.8212,0.0],[126.3376,-1.8212,0.0],[126.3373,-1.8222,0.0]]],
[[[126.4565,-1.8018,0.0],[126.4581,-1.8008,0.0],[126.4484,-1.8026,25.0847],[126.4407,-1.8014,40.6895],[126.4324,-1.8091,18.0006],[126.4254,-1.8122,18.7529],[126.4052,-1.8131,105.3908],[126.3902,-1.8164,55.9821],[126.3828,-1.8154,0.8079],[126.3745,-1.8218,51.1149],[126.352,-1.8246,10.4834],[126.3502,-1.8263,0.0],[126.3561,-1.8294,52.9194],[126.3783,-1.8263,15.5192],[126.3762,-1.8306,13.1273],[126.3831,-1.83,7.7775],[126.3823,-1.8364,2.8045],[126.3846,-1.8373,32.7042],[126.3951,-1.836,36.4602],[126.4016,-1.8312,78.6341],[126.4129,-1.8281,0.0],[126.4329,-1.8306,140.8452],[126.439,-1.8348,0.0],[126.4414,-1.834,31.2643],[126.444,-1.8363,0.0],[126.4519,-1.8381,34.9665],[126.4643,-1.8377,40.1292],[126.4804,-1.8326,2.017],[126.4825,-1.8297,0.0],[126.4836,-1.8238,0.3633],[126.4867,-1.8203,0.0],[126.466,-1.821,0.0],[126.4635,-1.8191,110.2975],[126.4756,-1.8129,13.2986],[126.4703,-1.811,0.0],[126.47,-1.8089,21.0124],[126.4789,-1.8058,0.0],[126.4634,-1.8039,0.0],[126.4567,-1.8066,44.4986],[126.4498,-1.8072,5.8366],[126.4565,-1.8018,0.0]]],
[[[126.2672,-1.8145,0.0],[126.267,-1.8144,0.0],[126.2668,-1.8145,0.0],[126.2671,-1.8149,7.0893],[126.2672,-1.8145,0.0]]],
[[[125.6246,-1.8095,0.0],[125.6239,-1.8053,0.0],[125.6205,-1.8066,4.0849],[125.6215,-1.8115,0.0],[125.6246,-1.8095,0.0]]],
[[[126.2039,-1.8079,5.1845],[126.2039,-1.807,5.1845],[126.2034,-1.8072,5.1845],[126.2035,-1.808,43.6126],[126.2039,-1.8079,5.1845]]],
[[[125.7966,-1.8032,0.0],[125.7972,-1.8053,0.0],[125.7992,-1.8042,0.0],[125.7985,-1.8002,2.9192],[125.7964,-1.8013,0.0],[125.7966,-1.8032,0.0]]],
[[[125.4166,-1.7964,0.0053],[125.4178,-1.7974,0.0053],[125.4184,-1.7927,0.0],[125.4165,-1.7934,0.5187],[125.4166,-1.7964,0.0053]]],
[[[125.7492,-1.8007,0.0],[125.7478,-1.8011,0.0],[125.7497,-1.8038,1.9363],[125.7506,-1.8017,0.0],[125.7492,-1.8007,0.0]]],
[[[124.4768,-1.5788,0.0],[124.4734,-1.5779,0.0],[124.4723,-1.5834,2.6383],[124.4741,-1.5881,2.9339],[124.4784,-1.5923,7.3611],[124.4784,-1.6028,5.6838],[124.4803,-1.6044,1.1652],[124.4847,-1.5881,0.0],[124.4822,-1.585,0.0],[124.4818,-1.5814,11.1854],[124.4768,-1.5788,0.0]]],
[[[128.0993,-1.5637,2.4592],[128.1035,-1.5617,4.9569],[128.1007,-1.5602,1.3846],[128.0885,-1.5624,0.3146],[128.0871,-1.5664,3.4915],[128.0892,-1.5691,10.4655],[128.0884,-1.569,10.4655],[128.0853,-1.5661,3.3122],[128.0839,-1.5683,4.9029],[128.0844,-1.5722,0.0],[128.0889,-1.5761,9.7397],[128.095,-1.5778,12.6616],[128.0988,-1.5737,3.6559],[128.0972,-1.567,7.7563],[128.0986,-1.5667,0.0],[128.0975,-1.5646,14.9371],[128.0993,-1.5637,2.4592]]],
[[[127.3552,-1.5267,0.0],[127.3564,-1.5285,0.0],[127.3567,-1.524,0.0],[127.3557,-1.5245,0.0],[127.3552,-1.5267,0.0]]],
[[[128.0652,-1.5439,5.0748],[128.0689,-1.5413,0.0],[128.0666,-1.5367,4.9966],[128.0601,-1.5368,1.3503],[128.0574,-1.5387,1.5124],[128.0586,-1.544,8.8192],[128.0652,-1.5439,5.0748]]],
[[[128.0929,-1.5381,9.4702],[128.08,-1.5332,2.0506],[128.0787,-1.5339,2.0943],[128.0808,-1.5385,1.4168],[128.0838,-1.5408,3.1166],[128.093,-1.5403,0.0],[128.0929,-1.5381,9.4702]]],
[[[128.0419,-1.5275,7.7914],[128.0355,-1.5265,4.9188],[128.0315,-1.529,0.0],[128.0375,-1.536,3.3991],[128.0421,-1.5387,3.0899],[128.0456,-1.5383,1.0119],[128.0469,-1.5305,0.2955],[128.0452,-1.5284,1.6476],[128.0441,-1.529,1.6476],[128.0445,-1.5278,0.0],[128.0423,-1.5286,8.4094],[128.0419,-1.5275,7.7914]]],
[[[128.3279,-1.6645,14.6957],[128.338,-1.6577,47.2411],[128.3433,-1.6575,20.2873],[128.3544,-1.6536,1.8414],[128.3622,-1.6458,2.0601],[128.3654,-1.6292,0.0],[128.3655,-1.6174,1.5789],[128.3603,-1.6078,0.0],[128.3508,-1.6018,2.971],[128.3312,-1.6043,0.0],[128.3224,-1.6077,9.3406],[128.3118,-1.6144,0.0],[128.3031,-1.6236,0.0],[128.2949,-1.6412,0.0],[128.2946,-1.6445,0.0],[128.297,-1.6484,0.0],[128.3176,-1.6639,2.2926],[128.3225,-1.6653,0.0],[128.3279,-1.6645,14.6957]]],
[[[128.63394868421051,-1.5007578947368521,3.1864],[128.6309,-1.5025,6.2316],[128.6296,-1.5053,0.0],[128.6297,-1.5083,0.0],[128.6301,-1.5051,0.0],[128.63394868421051,-1.5007578947368521,3.1864]]],
[[[127.4019,-1.4916,78.2079],[127.4013,-1.4904,14.7363],[127.3974,-1.4906,15.2468],[127.3961,-1.4836,0.0],[127.393,-1.4831,29.5744],[127.3872,-1.4874,2.8846],[127.3851,-1.4917,23.3712],[127.3813,-1.4939,0.0],[127.3817,-1.5019,1.5049],[127.3781,-1.5065,23.9555],[127.3793,-1.5126,0.0],[127.3772,-1.5168,5.9763],[127.3779,-1.522,0.0],[127.388,-1.5227,28.4089],[127.396,-1.5254,0.0],[127.3992,-1.5161,9.1949],[127.3965,-1.5115,2.534],[127.3964,-1.5067,0.6079],[127.4048,-1.5102,0.0],[127.4048,-1.5076,0.0],[127.3998,-1.5005,21.4676],[127.4031,-1.503,0.0],[127.4105,-1.5013,0.0],[127.4077,-1.4935,18.2006],[127.4019,-1.4916,78.2079]]],
[[[128.63394868421051,-1.5007578947368521,3.1864],[128.6351,-1.5001,18.7721],[128.634,-1.5007,3.1864],[128.63394868421051,-1.5007578947368521,3.1864]]],
[[[127.9942,-1.4912,4.5267],[127.9922,-1.4879,0.0],[127.9896,-1.487,2.504],[127.9866,-1.4865,4.235],[127.985,-1.4881,6.6711],[127.9854,-1.4932,1.8352],[127.9893,-1.498,5.6587],[127.9893,-1.5017,0.0],[127.9939,-1.505,0.0],[127.999,-1.503,0.0],[127.9942,-1.4912,4.5267]]],
[[[127.9656,-1.4705,3.91],[127.9568,-1.4668,2.6731],[127.9594,-1.4704,0.0],[127.9691,-1.4739,0.0],[127.9656,-1.4705,3.91]]],
[[[127.2818,-1.421,3.54],[127.2824,-1.4194,0.0],[127.2791,-1.4219,2.8884],[127.28,-1.4222,2.8884],[127.2818,-1.421,3.54]]],
[[[127.5239,-1.395,0.0],[127.5232,-1.394,0.0],[127.5221,-1.396,0.0],[127.5232,-1.396,0.0],[127.5239,-1.395,0.0]]],
[[[127.8733,-1.3868,0.0],[127.8732,-1.3865,0.0],[127.8728,-1.3866,0.0],[127.8729,-1.3868,0.0],[127.8733,-1.3868,0.0]]],
[[[127.8698,-1.3858,0.0],[127.869,-1.3845,0.0],[127.8686,-1.3846,0.0],[127.8688,-1.3857,0.0],[127.8698,-1.3858,0.0]]],
[[[127.3912,-1.3801,0.0],[127.3949,-1.3801,0.0],[127.3973,-1.3783,4.4439],[127.3915,-1.3706,0.0],[127.3906,-1.3716,4.6408],[127.3918,-1.3738,0.0],[127.3912,-1.3801,0.0]]],
[[[127.8344,-1.3635,0.0],[127.8332,-1.3628,0.0],[127.8332,-1.3648,0.0],[127.8339,-1.3647,0.0],[127.8344,-1.3635,0.0]]],
[[[127.3521,-1.4347,0.0],[127.352,-1.4343,3.3147],[127.3511,-1.4348,0.0],[127.3515,-1.4351,0.0],[127.3521,-1.4347,0.0]]],
[[[127.4661,-1.4334,0.0],[127.4659,-1.4325,0.0],[127.4641,-1.4323,3.545],[127.4648,-1.4341,1.9096],[127.4661,-1.4334,0.0]]],
[[[127.4234,-1.4289,0.0],[127.424,-1.4301,0.0],[127.425,-1.43,0.0],[127.424,-1.4288,0.0],[127.4234,-1.4289,0.0]]],
[[[127.8652,-1.4256,1.5553],[127.8659,-1.4296,0.0],[127.8691,-1.4312,6.8739],[127.8712,-1.4259,12.9582],[127.8778,-1.4246,0.0],[127.8788,-1.4207,0.0],[127.8721,-1.4177,0.0],[127.8677,-1.4212,9.5417],[127.8652,-1.4256,1.5553]]],
[[[127.8422,-1.4301,8.4748],[127.8433,-1.4331,5.9458],[127.8464,-1.433,5.7228],[127.8471,-1.4301,2.686],[127.8455,-1.4276,0.0],[127.844,-1.4271,0.0],[127.8422,-1.4301,8.4748]]],
[[[127.3548,-1.4286,4.2092],[127.3632,-1.4258,11.8343],[127.3754,-1.4259,0.0],[127.3778,-1.4225,1.3795],[127.3951,-1.4127,0.0],[127.3936,-1.4089,15.6184],[127.3993,-1.4057,16.5863],[127.3996,-1.4007,9.3421],[127.3926,-1.3926,37.7651],[127.393,-1.3879,0.0],[127.3801,-1.3889,1.3212],[127.3711,-1.3823,5.8018],[127.3715,-1.3799,3.5622],[127.3754,-1.3785,10.7641],[127.3828,-1.3801,0.0],[127.3843,-1.3733,0.0],[127.3815,-1.3677,0.0],[127.3744,-1.37,0.0],[127.3675,-1.3776,40.4802],[127.3641,-1.3751,49.7978],[127.3641,-1.37,28.6274],[127.3604,-1.3641,0.0],[127.3577,-1.3688,0.0],[127.3592,-1.3707,32.0887],[127.3574,-1.3732,0.0],[127.3602,-1.378,28.447],[127.3572,-1.3794,21.6877],[127.357,-1.3781,21.6877],[127.353,-1.3769,5.9648],[127.3487,-1.3839,6.7846],[127.3467,-1.3811,55.1716],[127.3511,-1.3713,0.0],[127.3473,-1.3654,27.4653],[127.3426,-1.3646,70.1388],[127.3403,-1.3681,0.0],[127.3418,-1.3735,24.3303],[127.3381,-1.3749,0.0],[127.337,-1.3783,0.0],[127.341,-1.3855,13.5505],[127.336,-1.388,2.3442],[127.3341,-1.3875,29.9354],[127.3339,-1.384,8.2333],[127.3304,-1.3802,5.4982],[127.3274,-1.3821,12.3746],[127.3255,-1.3753,38.9493],[127.3276,-1.3736,7.3447],[127.324,-1.3703,1.0795],[127.3271,-1.3675,9.9676],[127.3268,-1.3651,9.8041],[127.3225,-1.3642,0.0],[127.3152,-1.3798,16.457],[127.3208,-1.3891,16.9923],[127.3194,-1.3921,0.0],[127.3149,-1.3965,7.4142],[127.3054,-1.3964,6.5288],[127.30029999999999,-1.4003,0.0],[127.2991,-1.4044,0.0],[127.2932,-1.4041,0.0],[127.2845,-1.4062,0.0],[127.2845,-1.4114,1.8109],[127.2808,-1.4146,24.3148],[127.2832,-1.4191,0.0],[127.2855,-1.4183,0.0],[127.2905,-1.4238,6.2058],[127.2941,-1.4303,0.0],[127.2937,-1.4325,16.6736],[127.3032,-1.4351,0.0],[127.3139,-1.4353,13.9179],[127.317,-1.4369,0.9896],[127.3196,-1.4421,0.0],[127.3239,-1.4451,31.5883],[127.3245,-1.451,37.4573],[127.3275,-1.4543,57.5151],[127.3316,-1.4533,12.8567],[127.3294,-1.4489,47.4942],[127.3352,-1.442,26.3034],[127.3378,-1.4411,31.6773],[127.3407,-1.4349,0.3864],[127.3438,-1.433,5.4976],[127.3509,-1.4336,3.3147],[127.3548,-1.4286,4.2092]]],
[[[124.2974,-1.7817,0.5785],[124.2975,-1.7823,0.5785],[124.2986,-1.783,0.0],[124.2986,-1.7817,0.5785],[124.2974,-1.7817,0.5785]]],
[[[124.2968,-1.7802,0.0],[124.2973,-1.7813,0.5785],[124.2979,-1.7812,0.0],[124.2974,-1.7801,0.0],[124.2968,-1.7802,0.0]]],
[[[124.2965,-1.7805,0.0],[124.2961,-1.7803,0.0],[124.296,-1.7805,0.0],[124.2963,-1.7809,0.0],[124.2965,-1.7805,0.0]]],
[[[124.3136,-1.7718,0.0],[124.3135,-1.7715,0.0],[124.3129,-1.7715,0.0],[124.3129,-1.7718,0.0],[124.3136,-1.7718,0.0]]],
[[[125.4251,-1.7683,0.0],[125.4204,-1.7674,0.0],[125.417,-1.7697,6.8357],[125.4177,-1.7728,12.1968],[125.4202,-1.7749,0.0],[125.4254,-1.7698,0.0],[125.4251,-1.7683,0.0]]],
[[[125.9739,-1.9186,4.7864],[125.9842,-1.9168,1.1501],[125.9995,-1.9092,0.0],[126.012,-1.9066,1.522],[126.0274,-1.8963,0.6661],[126.0327,-1.8946,0.0],[126.0385,-1.8954,2.1148],[126.0499,-1.8881,2.5394],[126.0583,-1.885,6.0134],[126.0662,-1.8831,0.0],[126.0799,-1.8829,16.943],[126.0892,-1.8789,9.7689],[126.0979,-1.8786,16.4451],[126.1005,-1.8812,24.1317],[126.1389,-1.8914,0.0],[126.1512,-1.8888,0.0],[126.1564,-1.886,25.273],[126.1607,-1.8864,0.0],[126.1772,-1.8783,0.7217],[126.1868,-1.8763,0.0],[126.1964,-1.8694,5.2299],[126.2061,-1.8671,4.3579],[126.2189,-1.8706,12.5091],[126.23,-1.8776,24.7941],[126.2303,-1.8796,0.0],[126.2457,-1.8795,3.0375],[126.2742,-1.8577,12.0619],[126.2899,-1.8557,14.7126],[126.2954,-1.8537,6.2823],[126.3032,-1.8477,9.1912],[126.3123,-1.847,3.8825],[126.3202,-1.8437,0.0],[126.3233,-1.8404,42.9341],[126.326,-1.8328,1.3486],[126.3374,-1.8199,0.0],[126.3396,-1.8186,2.5364],[126.3455,-1.8199,0.0],[126.3528,-1.8151,0.738],[126.3482,-1.8151,10.0584],[126.3468,-1.8124,0.0],[126.3404,-1.811,0.0],[126.3373,-1.8126,27.6271],[126.3278,-1.8119,4.4421],[126.3277,-1.815,1.2631],[126.3246,-1.8174,6.1333],[126.3161,-1.8186,19.1293],[126.3124,-1.8157,0.0],[126.3143,-1.8185,0.0],[126.3158,-1.819,19.1293],[126.3155,-1.8234,0.0],[126.3052,-1.8286,21.2063],[126.2999,-1.8218,0.0],[126.2967,-1.8225,0.0],[126.2934,-1.8265,17.0395],[126.2894,-1.8267,9.5568],[126.2843,-1.8201,11.0977],[126.2752,-1.8214,61.6996],[126.273,-1.8185,0.0],[126.2669,-1.8157,7.0893],[126.255,-1.8188,10.4438],[126.2454,-1.8169,15.4439],[126.2232,-1.8181,15.8021],[126.2081,-1.8154,27.1523],[126.205,-1.8135,6.2944],[126.2041,-1.8089,43.6126],[126.2052,-1.8068,2.6377],[126.2037,-1.8082,43.6126],[126.2008,-1.8083,108.9758],[126.1967,-1.8048,54.7082],[126.1834,-1.8086,58.9837],[126.1794,-1.8067,0.0],[126.179,-1.809,8.2731],[126.1763,-1.8096,10.7843],[126.1616,-1.8085,1.3986],[126.1599,-1.8066,9.9118],[126.1461,-1.8105,14.5626],[126.1277,-1.8112,0.0],[126.0888,-1.8086,23.9423],[126.0573,-1.8018,13.2154],[126.0512,-1.8025,18.2233],[126.0027,-1.7979,0.0],[125.9951,-1.7991,0.0],[125.9573,-1.7956,0.0],[125.952,-1.7978,0.0],[125.9127,-1.7932,10.7984],[125.9062,-1.7973,2.2446],[125.885,-1.7947,1.8128],[125.883,-1.8012,0.0],[125.8776,-1.8004,3.0007],[125.8774,-1.8047,10.6013],[125.8754,-1.8065,6.7439],[125.8638,-1.8061,0.0],[125.8584,-1.8026,0.0],[125.8537,-1.8025,0.0],[125.8518,-1.8038,1.7067],[125.8513,-1.8069,10.6808],[125.8499,-1.8069,9.5284],[125.847,-1.8042,0.0],[125.8439,-1.8046,11.3788],[125.8423,-1.8023,2.8244],[125.8359,-1.8043,5.2372],[125.8323,-1.8024,0.0],[125.8258,-1.8046,8.7112],[125.8229,-1.8101,6.2452],[125.8179,-1.8097,4.2247],[125.8154,-1.8112,0.0],[125.801,-1.8093,0.0],[125.7966,-1.8064,12.7472],[125.794,-1.8064,5.7873],[125.7922,-1.8083,15.2094],[125.7898,-1.8055,3.0344],[125.7839,-1.805,4.4868],[125.786,-1.7995,0.0],[125.7802,-1.798,3.0589],[125.7808,-1.8085,14.703],[125.7778,-1.8091,2.4437],[125.7762,-1.8051,4.0205],[125.7749,-1.8054,4.0205],[125.7752,-1.8099,16.7615],[125.7726,-1.8126,10.8903],[125.7708,-1.8125,0.0],[125.7694,-1.8099,16.9834],[125.7701,-1.8063,12.3258],[125.7678,-1.8077,6.7295],[125.7661,-1.8056,4.8093],[125.7624,-1.8083,21.7976],[125.7571,-1.8065,14.6504],[125.7551,-1.8072,4.204],[125.7541,-1.8146,24.2387],[125.7495,-1.8153,14.5838],[125.7487,-1.8065,5.5077],[125.7448,-1.8064,3.2439],[125.7414,-1.812,10.5307],[125.7301,-1.8156,4.8448],[125.7316,-1.8241,8.4102],[125.724,-1.8287,37.8109],[125.7222,-1.8274,29.4197],[125.7235,-1.8229,0.0],[125.7192,-1.8226,0.0],[125.7171,-1.8168,0.0],[125.7149,-1.8161,0.0],[125.7045,-1.8195,0.0],[125.7018,-1.8254,9.1438],[125.6973,-1.8299,6.5528],[125.6924,-1.829,0.0],[125.6907,-1.8234,2.09],[125.6887,-1.8223,0.0],[125.677,-1.8261,0.0],[125.6599,-1.8245,0.0],[125.6521,-1.822,4.2229],[125.6504,-1.823,16.7746],[125.6478,-1.8213,5.0513],[125.6416,-1.829,6.9882],[125.6389,-1.83,10.6286],[125.6289,-1.8283,7.3858],[125.6293,-1.8227,0.0],[125.625,-1.818,2.4631],[125.6228,-1.8122,0.0],[125.6189,-1.8141,1.4228],[125.6167,-1.82,11.6414],[125.61279999999999,-1.8208,0.0],[125.6041,-1.8193,0.0],[125.6003,-1.8165,0.0],[125.6024,-1.8118,0.0],[125.5996,-1.8109,0.0],[125.5984,-1.8078,0.0],[125.5944,-1.8107,0.0],[125.5932,-1.814,0.0],[125.5882,-1.8116,0.0],[125.5891,-1.8047,2.5104],[125.5871,-1.8082,0.0],[125.585,-1.8089,0.0],[125.5671,-1.8046,1.4987],[125.5629,-1.8022,0.0],[125.5548,-1.8039,0.0],[125.5504,-1.8015,0.0],[125.5419,-1.8101,0.0],[125.5407,-1.8081,2.4374],[125.5422,-1.8039,0.0],[125.5394,-1.8037,3.1413],[125.544,-1.7933,0.0],[125.5401,-1.786,0.0],[125.5334,-1.7893,0.0],[125.5314,-1.7938,1.351],[125.5261,-1.7975,1.5265],[125.5265,-1.8113,6.235],[125.5249,-1.8105,3.8272],[125.5212,-1.8015,1.691],[125.5179,-1.8006,0.0],[125.5182,-1.8034,5.0477],[125.5152,-1.8062,0.4886],[125.5171,-1.8106,0.0],[125.5167,-1.8176,0.0],[125.5148,-1.8174,2.9231],[125.5135,-1.8113,0.5602],[125.5095,-1.8081,0.0],[125.5062,-1.8138,0.6701],[125.5035,-1.8127,0.0],[125.5019,-1.8213,8.554],[125.5,-1.8215,5.9914],[125.4967,-1.8169,3.07],[125.4985,-1.8117,7.3028],[125.4976,-1.8067,0.0],[125.4892,-1.8195,0.0],[125.4873,-1.8185,3.0045],[125.4862,-1.8143,2.8481],[125.4879,-1.8096,6.1978],[125.4844,-1.8092,0.0],[125.4827,-1.8065,0.0],[125.4837,-1.8027,0.0],[125.4787,-1.8014,0.0],[125.4756,-1.8033,2.9585],[125.4736,-1.7996,0.0],[125.4807,-1.7956,0.6647],[125.4829,-1.7906,0.5091],[125.4883,-1.7848,1.1591],[125.4882,-1.7826,0.0],[125.4805,-1.7784,0.0],[125.4749,-1.7814,3.9887],[125.4705,-1.7786,0.0],[125.4654,-1.7797,2.3295],[125.4574,-1.7776,0.0],[125.4541,-1.7816,1.7154],[125.4523,-1.7895,0.0],[125.4532,-1.7928,0.0],[125.4501,-1.7998,6.3046],[125.4456,-1.8007,0.0],[125.4433,-1.7972,0.0],[125.4339,-1.8051,6.1584],[125.43,-1.8056,3.5545],[125.4285,-1.8095,0.0],[125.4263,-1.8098,15.5524],[125.4205,-1.8069,0.0],[125.4197,-1.7993,0.0],[125.4125,-1.7965,0.3991],[125.4117,-1.7864,3.5401],[125.4094,-1.7821,3.2083],[125.4099,-1.7775,4.6546],[125.4033,-1.7751,4.538],[125.3927,-1.7782,0.0],[125.3911,-1.7848,4.549],[125.3859,-1.7792,0.0],[125.3751,-1.7773,0.0],[125.3666,-1.7791,0.0],[125.3562,-1.7954,0.0],[125.3599,-1.7997,0.0],[125.3617,-1.7962,12.5291],[125.3735,-1.7986,2.4911],[125.3763,-1.8021,1.0466],[125.3757,-1.8071,4.2661],[125.3703,-1.807,1.9668],[125.3619,-1.8105,4.2301],[125.3614,-1.8088,0.4186],[125.3551,-1.8081,4.8922],[125.3563,-1.8059,0.4526],[125.3541,-1.8039,0.0],[125.3495,-1.8046,1.9301],[125.3466,-1.8068,1.7314],[125.347,-1.8109,2.1342],[125.3417,-1.813,6.855],[125.3377,-1.8226,0.0],[125.3314,-1.8267,0.0],[125.3283,-1.8312,2.5972],[125.3295,-1.8575,2.6392],[125.3328,-1.8756,21.3644],[125.3405,-1.8816,17.7158],[125.3448,-1.8882,0.0],[125.3579,-1.8869,0.0],[125.3598,-1.8846,0.0],[125.3628,-1.8775,0.0],[125.3629,-1.8727,0.0],[125.3656,-1.8687,0.0],[125.3651,-1.8646,0.0],[125.3675,-1.8622,0.0],[125.3659,-1.8519,4.036],[125.3679,-1.8507,0.0],[125.3678,-1.8472,0.0],[125.3706,-1.8461,8.6196],[125.3746,-1.8483,0.582],[125.3727,-1.8565,0.0],[125.3744,-1.8628,0.5241],[125.3778,-1.862,0.0],[125.3788,-1.8584,0.0],[125.3804,-1.863,0.0],[125.3835,-1.8642,7.5361],[125.3841,-1.866,2.3346],[125.3889,-1.8673,1.1775],[125.3924,-1.8593,4.8932],[125.3938,-1.8649,3.3431],[125.3976,-1.8674,0.0],[125.3943,-1.874,2.2852],[125.3999,-1.874,0.4274],[125.3996,-1.8717,8.3389],[125.4014,-1.8718,0.0],[125.4013,-1.869,12.6568],[125.4032,-1.8674,10.7917],[125.4028,-1.8693,4.8601],[125.4063,-1.8699,9.1201],[125.4055,-1.8739,1.9836],[125.407,-1.8779,1.8968],[125.4106,-1.8777,9.1799],[125.4123,-1.8799,0.0],[125.4155,-1.8762,9.3151],[125.4204,-1.8782,0.0],[125.4221,-1.883,0.0],[125.4235,-1.8821,5.7933],[125.4244,-1.8836,0.0],[125.4318,-1.8845,8.9074],[125.4358,-1.8881,1.5923],[125.4362,-1.8972,0.0],[125.4388,-1.9007,4.6335],[125.4343,-1.9094,0.0],[125.4331,-1.9158,5.8731],[125.4383,-1.9211,18.4759],[125.4407,-1.9274,2.1043],[125.4325,-1.9354,9.1541],[125.4239,-1.9392,4.985],[125.4198,-1.9431,7.4602],[125.4188,-1.9484,4.7392],[125.4227,-1.9506,0.0],[125.4304,-1.9487,23.1721],[125.4336,-1.9497,0.0],[125.4375,-1.9462,31.7387],[125.4468,-1.9472,0.0],[125.4594,-1.9431,15.2616],[125.4854,-1.9389,4.6984],[125.4879,-1.9351,11.7229],[125.494,-1.9342,10.4684],[125.4987,-1.9369,15.2015],[125.5025,-1.9415,0.0],[125.5059,-1.9423,15.4189],[125.5054,-1.9446,0.0],[125.51,-1.9487,1.9843],[125.5136,-1.9473,13.2576],[125.516,-1.9491,7.0729],[125.5278,-1.9485,0.0],[125.5387,-1.9431,0.0],[125.5552,-1.9395,13.1945],[125.5622,-1.9355,8.5849],[125.5723,-1.9355,7.164],[125.5746,-1.9311,11.3294],[125.5785,-1.9289,4.3729],[125.5934,-1.9303,3.658],[125.6044,-1.9282,0.0],[125.6312,-1.9307,5.1527],[125.6315,-1.9284,21.9132],[125.6339,-1.9271,33.8729],[125.6343,-1.9292,20.3165],[125.6397,-1.931,13.421],[125.6704,-1.9315,0.0],[125.6906,-1.9288,5.1055],[125.732,-1.93,0.0],[125.741,-1.9294,9.0355],[125.7487,-1.9267,0.0],[125.7589,-1.9291,5.1315],[125.7627,-1.9275,0.0],[125.7652,-1.9243,1.2917],[125.7651,-1.9213,0.3589],[125.7676,-1.9206,2.3891],[125.7746,-1.9233,4.6687],[125.7741,-1.9291,0.0],[125.7781,-1.9269,4.9449],[125.7818,-1.929,7.8346],[125.7844,-1.9331,0.0],[125.7854,-1.9321,0.0],[125.7838,-1.931,0.0],[125.7839,-1.9285,7.5704],[125.7862,-1.9247,8.911],[125.7848,-1.9224,0.0],[125.7897,-1.9147,0.0],[125.7941,-1.9125,13.8388],[125.8019,-1.9138,1.4848],[125.8079,-1.9077,14.8911],[125.8127,-1.9064,0.0],[125.8186,-1.9023,23.6626],[125.8392,-1.8963,0.0],[125.8427,-1.8939,55.075],[125.8438,-1.8958,3.7951],[125.858,-1.9008,3.173],[125.866,-1.9068,0.0],[125.8799,-1.9137,2.514],[125.9025,-1.9346,2.4759],[125.9149,-1.9387,1.6723],[125.9206,-1.9386,0.0],[125.9281,-1.9349,4.0055],[125.9503,-1.9201,2.1041],[125.9602,-1.9177,8.8961],[125.9739,-1.9186,4.7864]]],
[[[124.4323,-2.0254,5.1197],[124.45,-2.0246,0.0],[124.4634,-2.0185,4.9851],[124.4704,-2.0177,3.5464],[124.4789,-2.0208,3.227],[124.4802,-2.0246,0.0],[124.4822,-2.0249,0.0],[124.4847,-2.0232,0.0],[124.4857,-2.0198,1.8537],[124.4888,-2.0153,5.1621],[124.4919,-2.0129,6.505],[124.4946,-2.0035,0.5],[124.4999,-1.9963,0.5],[124.5067,-1.9917,5.5643],[124.5119,-1.9902,0.5],[124.5156,-1.984,9.9267],[124.5212,-1.9809,15.2881],[124.5279,-1.9845,14.5871],[124.5331,-1.9845,13.3669],[124.5387,-1.9887,2.2347],[124.5465,-1.9859,13.712],[124.5565,-1.9937,2.8902],[124.5624,-1.9923,4.3049],[124.5672,-1.9954,0.5],[124.5638,-1.9972,0.5],[124.5567,-1.9977,0.5],[124.5494,-2.0023,0.5],[124.5359,-2.0054,1.2503],[124.5291,-2.0089,2.7177],[124.5336,-2.0021,0.5],[124.5322,-2.0027,2.5275],[124.5312,-2.0006,0.5],[124.5302,-2.0018,4.3401],[124.5266,-1.9934,3.9939],[124.5185,-1.9909,37.9179],[124.5138,-1.9933,9.8454],[124.5134,-1.9954,14.9049],[124.5114,-1.9934,0.5],[124.5094,-1.9948,27.238],[124.509,-1.9961,27.238],[124.5121,-1.9971,18.9598],[124.5098,-2.0007,14.8109],[124.5052,-1.9998,3.3622],[124.5053,-1.9973,0.5],[124.5027,-1.9956,0.5],[124.4932,-2.0095,1.5699],[124.4939,-2.0132,2.6379],[124.4983,-2.0139,1.5645],[124.5019,-2.012,3.5716],[124.5131,-2.0137,0.4547],[124.5243,-2.0183,0.0],[124.5536,-2.0081,0.0],[124.5835,-2.0027,4.1045],[124.6115,-1.9927,3.2141],[124.6314,-1.9885,1.2126],[124.6518,-1.9799,0.0],[124.6702,-1.9747,0.0],[124.6819,-1.9757,1.0584],[124.6868,-1.9718,0.0],[124.6938,-1.9702,0.0],[124.6927,-1.9654,0.0],[124.6938,-1.9627,3.3752],[124.7014,-1.9532,0.0],[124.7233,-1.9428,0.9316],[124.7389,-1.9391,0.5754],[124.7552,-1.9329,1.2948],[124.7634,-1.9278,0.0],[124.7676,-1.9204,3.3597],[124.7741,-1.9158,5.6913],[124.8141,-1.9019,3.7378999999999998],[124.8359,-1.899,0.0],[124.8412,-1.8958,9.0333],[124.8617,-1.8916,1.6614],[124.8647,-1.8925,2.6106],[124.8721,-1.902,0.0],[124.8736,-1.9007,2.9675],[124.8767,-1.9103,0.0],[124.8843,-1.9192,0.0],[124.8851,-1.9221,0.0],[124.8908,-1.9266,0.0],[124.8967,-1.9259,10.4484],[124.8982,-1.9273,0.0],[124.9048,-1.9277,1.529],[124.9119,-1.9259,5.2483],[124.9138,-1.9234,9.9065],[124.9166,-1.9264,0.0],[124.9194,-1.9258,8.021],[124.922,-1.9284,0.0],[124.9272,-1.9267,0.0],[124.9414,-1.9286,0.0],[124.9432,-1.927,1.439],[124.9477,-1.93,0.0],[124.9536,-1.9306,0.0],[124.958,-1.9273,10.7687],[124.9611,-1.9313,0.0],[124.9717,-1.9323,0.0],[124.9768,-1.9391,0.0],[124.981,-1.941,0.0],[124.9884,-1.937,0.0],[124.9898,-1.9319,3.5279],[124.9926,-1.9314,0.8201],[124.9949,-1.9322,3.4287],[124.9968,-1.9387,0.0],[124.9991,-1.9408,0.0],[125.0082,-1.9436,0.0],[125.0138,-1.9422,0.0],[125.0142,-1.939,4.1164],[125.0176,-1.9382,0.0],[125.0213,-1.9281,0.0],[125.0199,-1.9115,0.0],[125.0131,-1.9048,0.0],[125.0155,-1.898,0.0],[125.0261,-1.8914,0.0],[125.0518,-1.8858,15.3445],[125.0593,-1.8854,3.3821],[125.0637,-1.8893,6.8374],[125.0696,-1.8906,3.5193],[125.0821,-1.8897,0.0],[125.0898,-1.8933,6.3825],[125.0933,-1.8989,0.1492],[125.1019,-1.9,0.0],[125.1122,-1.8936,1.8815],[125.1195,-1.8832,9.826],[125.1251,-1.8813,0.0],[125.1271,-1.8775,5.3168],[125.1501,-1.8741,5.2215],[125.1568,-1.8748,0.0],[125.1593,-1.879,0.0],[125.1616,-1.8756,4.4485],[125.1686,-1.875,0.0],[125.1711,-1.876,1.6106],[125.1716,-1.879,13.738],[125.1779,-1.8842,15.7791],[125.1888,-1.8852,1.3503],[125.1971,-1.8806,8.7255],[125.2098,-1.8825,6.9459],[125.2192,-1.879,7.8425],[125.2212,-1.8803,0.0],[125.2241,-1.8774,8.3153],[125.2253,-1.8781,4.8372],[125.2245,-1.88,0.0],[125.2274,-1.8797,0.0],[125.2295,-1.878,0.0],[125.228,-1.8739,0.0],[125.2316,-1.8719,3.3288],[125.2338,-1.8724,6.3048],[125.2348,-1.8775,0.0],[125.2402,-1.8823,7.7686],[125.2527,-1.8832,1.6103],[125.2592,-1.8856,1.0894],[125.2744,-1.8846,0.0],[125.2807,-1.8874,0.6734],[125.2923,-1.8886,0.0],[125.2953,-1.8909,0.0],[125.3034,-1.8895,14.2596],[125.3085,-1.8933,0.0],[125.3148,-1.8935,0.0],[125.3242,-1.8884,0.0],[125.3273,-1.8841,1.1785],[125.3231,-1.8756,21.6089],[125.3224,-1.8635,0.0],[125.3151,-1.8466,12.7393],[125.3176,-1.8341,0.0],[125.3148,-1.8254,11.867],[125.3167,-1.8224,0.0],[125.3182,-1.8097,0.0],[125.324,-1.7982,0.0],[125.3228,-1.7877,1.8281],[125.3206,-1.7838,4.7851],[125.3163,-1.781,0.0],[125.3094,-1.7793,2.3323],[125.3052,-1.7808,9.2451],[125.303,-1.7788,5.4336],[125.2995,-1.7787,6.0668],[125.2947,-1.7801,0.4978],[125.2878,-1.7853,0.0],[125.2796,-1.795,4.4647],[125.2729,-1.7969,3.3906],[125.2698,-1.7908,7.724],[125.2697,-1.7847,5.7924],[125.2775,-1.7817,1.6607],[125.2898,-1.774,0.0],[125.295,-1.7688,0.0],[125.2972,-1.7597,0.0],[125.2949,-1.7502,11.116],[125.2977,-1.7446,0.0],[125.2973,-1.7376,0.0],[125.2935,-1.7327,2.1804],[125.2876,-1.7305,5.2555],[125.2727,-1.7265,6.3207],[125.2629,-1.7263,13.2628],[125.2564,-1.7235,5.1111],[125.2428,-1.7229,0.0],[125.2364,-1.7281,11.9772],[125.2321,-1.7396,5.9428],[125.2283,-1.74,3.1003],[125.2236,-1.7343,0.0],[125.2217,-1.7363,0.7715],[125.2219,-1.7456,4.6962],[125.2267,-1.7518,0.0],[125.2295,-1.7604,13.4455],[125.2291,-1.7657,6.4895],[125.2253,-1.7666,2.8314],[125.222,-1.7801,9.2614],[125.2182,-1.7784,2.5458],[125.215,-1.7836,4.6201],[125.2158,-1.7855,0.5707],[125.2136,-1.7924,3.3755],[125.1978,-1.7916,2.8995],[125.1868,-1.7869,0.0],[125.1801,-1.7803,4.255],[125.1814,-1.7779,7.1853],[125.1859,-1.7766,0.0],[125.1872,-1.7684,1.9126],[125.191,-1.7661,3.4338],[125.1947,-1.753,0.0],[125.1936,-1.7465,0.4415],[125.1915,-1.7453,5.2418],[125.198,-1.7428,1.5616],[125.1996,-1.7333,2.6354],[125.206,-1.7281,0.0],[125.2042,-1.7246,2.7548],[125.1978,-1.7201,4.3858],[125.1926,-1.7117,0.0],[125.1896,-1.7122,0.0],[125.1851,-1.7165,8.4302],[125.1817,-1.7163,6.5289],[125.1807,-1.7143,4.1972],[125.1823,-1.7107,4.6717],[125.1802,-1.7094,7.3229],[125.184,-1.7064,0.0],[125.1844,-1.7034,0.0],[125.1807,-1.7029,1.4069],[125.1747,-1.6987,0.7213],[125.17,-1.7008,0.6942],[125.165,-1.6951,0.0],[125.1615,-1.7008,2.654],[125.1512,-1.7075,1.6845],[125.1507,-1.7139,4.5094],[125.1487,-1.7165,14.596],[125.1469,-1.7087,1.4908],[125.1418,-1.7097,6.6936],[125.1395,-1.7075,0.0],[125.1412,-1.702,0.0],[125.1438,-1.7003,1.1039],[125.1417,-1.6924,0.0],[125.1387,-1.6917,3.0484],[125.1371,-1.6874,1.9939],[125.1285,-1.6838,7.0064],[125.1153,-1.6872,0.0],[125.1137,-1.6888,0.0],[125.1109,-1.6882,0.0],[125.1077,-1.6912,1.2146],[125.1063,-1.7069,5.2623],[125.109,-1.7107,5.8385],[125.1087,-1.7177,4.0185],[125.1063,-1.7239,7.694],[125.1025,-1.7269,0.583],[125.1023,-1.7297,3.0924],[125.1033,-1.7316,0.0],[125.1051,-1.7316,0.0],[125.1074,-1.7278,4.6675],[125.1088,-1.7305,2.1031],[125.1141,-1.7295,2.1323],[125.1144,-1.7308,4.215],[125.1039,-1.7372,2.8896],[125.1063,-1.7373,4.7558],[125.1051,-1.7423,3.5447],[125.0974,-1.7442,0.0],[125.091,-1.7409,0.0],[125.0873,-1.7451,2.6222],[125.0886,-1.7471,0.0],[125.0907,-1.745,2.5507],[125.094,-1.7484,2.2482],[125.0993,-1.7475,3.4323],[125.0965,-1.7503,2.5389],[125.0999,-1.7516,0.9472],[125.106,-1.7504,0.0],[125.1062,-1.7464,6.128],[125.1085,-1.7479,3.6169],[125.1107,-1.7465,2.2469],[125.108,-1.7531,3.7424],[125.1043,-1.7531,3.7671],[125.1056,-1.7565,1.4662],[125.1052,-1.7583,2.6205],[125.1039,-1.758,2.6205],[125.1035,-1.7615,1.7214],[125.1012,-1.761,2.317],[125.1008,-1.7585,0.9732],[125.1021,-1.7586,0.0],[125.1005,-1.7565,0.0],[125.0987,-1.757,0.0],[125.1001,-1.7588,0.9732],[125.0983,-1.7582,1.0852],[125.096,-1.7608,0.5459],[125.0906,-1.7569,0.0],[125.0869,-1.7592,0.0],[125.0787,-1.7579,0.0],[125.0773,-1.7635,0.0],[125.0806,-1.7641,4.6849],[125.0808,-1.7657,1.8303],[125.0758,-1.7664,0.0],[125.0724,-1.7723,0.0],[125.07,-1.7727,0.0],[125.0687,-1.7715,0.0],[125.0688,-1.7588,0.0],[125.0666,-1.757,1.8568],[125.0687,-1.7544,0.0],[125.0684,-1.751,0.0],[125.0675,-1.7493,0.0],[125.0638,-1.7506,0.0],[125.0618,-1.743,0.0],[125.0589,-1.7443,0.0],[125.0569,-1.7483,0.0],[125.0601,-1.7573,2.6832],[125.0586,-1.7576,2.6832],[125.0599,-1.7621,0.0],[125.0591,-1.7661,3.0984],[125.057,-1.7682,9.356],[125.0508,-1.7689,0.0],[125.0464,-1.7713,8.4847],[125.0446,-1.7699,0.0],[125.0455,-1.7675,0.0],[125.0402,-1.7642,2.0844],[125.0414,-1.7633,2.0844],[125.041,-1.7604,1.1238],[125.0369,-1.7579,0.0],[125.038,-1.7506,0.0],[125.0337,-1.7569,15.1173],[125.0271,-1.7578,0.0],[125.0237,-1.7602,0.0],[125.0186,-1.7574,0.0],[125.0156,-1.7522,0.0],[125.0141,-1.7463,0.8424],[125.0149,-1.7437,10.9228],[125.0188,-1.7385,8.2314],[125.022,-1.7372,0.0],[125.0212,-1.7337,6.0756],[125.0268,-1.7256,0.0],[125.0251,-1.7234,1.6604],[125.0208,-1.7263,7.6147],[125.0183,-1.7257,4.9245],[125.0213,-1.7183,0.0],[125.019,-1.7184,2.2313],[125.0178,-1.7207,10.9325],[125.0143,-1.7197,3.6567],[125.0113,-1.7252,9.1226],[125.0077,-1.7229,0.0],[125.0063,-1.7267,5.5319],[124.9999,-1.7274,10.8914],[124.9983,-1.7246,5.4049],[124.9957,-1.7247,3.6664],[125.0013,-1.7209,0.0],[125.0021,-1.7156,0.0],[124.9946,-1.7129,0.0],[124.9893,-1.716,5.5654],[124.9871,-1.7138,0.0],[124.9783,-1.7163,8.1607],[124.977,-1.7143,0.0],[124.9774,-1.7093,9.8962],[124.9825,-1.7111,0.0],[124.9837,-1.7097,0.0],[124.9803,-1.7037,0.0],[124.9785,-1.7039,0.0],[124.9776,-1.7071,4.0927],[124.9743,-1.7038,0.0],[124.9722,-1.7073,10.2831],[124.9718,-1.7049,6.0546],[124.9679,-1.7032,1.6735],[124.9662,-1.7062,5.096],[124.9671,-1.7099,3.8216],[124.9609,-1.7095,2.5515],[124.9607,-1.7062,1.8673],[124.9648,-1.7075,0.0],[124.963,-1.7023,5.8149],[124.9642,-1.7008,0.0],[124.9589,-1.6975,6.2057],[124.9586,-1.695,0.0],[124.9532,-1.6983,2.8477],[124.9535,-1.6962,0.0],[124.9508,-1.6951,0.0],[124.9523,-1.6987,2.8477],[124.9485,-1.6986,0.0],[124.9482,-1.6999,1.583],[124.9524,-1.7034,6.1286],[124.9484,-1.7054,0.0],[124.9402,-1.6969,0.645],[124.9372,-1.699,11.561],[124.9335,-1.6984,1.3939],[124.933,-1.7039,6.2258],[124.9284,-1.7053,0.0],[124.9167,-1.7029,0.0],[124.915,-1.7017,0.0],[124.9142,-1.6969,2.1553],[124.9113,-1.6963,0.0],[124.9122,-1.7015,3.5096],[124.9089,-1.7033,6.4655],[124.9044,-1.7031,11.8276],[124.902,-1.7083,12.5592],[124.8983,-1.7087,0.0],[124.8941,-1.7051,0.0],[124.8931,-1.6999,2.7323],[124.8866,-1.6993,0.0],[124.8806,-1.6951,4.5181],[124.8783,-1.6908,0.0],[124.8803,-1.686,0.0],[124.8775,-1.6867,1.2368],[124.8723,-1.6845,0.0],[124.871,-1.68,0.3563],[124.866,-1.6824,0.0],[124.8366,-1.6837,3.5181],[124.8269,-1.6811,0.0],[124.8247,-1.6768,0.0],[124.8202,-1.6772,0.0],[124.8163,-1.6746,2.4612],[124.8059,-1.6731,5.8569],[124.8023,-1.675,0.0],[124.8039,-1.6789,0.6337],[124.8089,-1.6825,0.4675],[124.8143,-1.684,1.4656],[124.8131,-1.6851,4.1781],[124.8108,-1.6842,0.0],[124.8116,-1.6865,5.0936],[124.8094,-1.687,4.1116],[124.8064,-1.6834,1.4936],[124.8045,-1.6838,2.8212],[124.8039,-1.6815,0.2458],[124.7863,-1.6774,0.0],[124.7832,-1.6747,1.1937],[124.781,-1.6667,0.0],[124.7792,-1.6655,4.4632],[124.7759,-1.6656,1.5783],[124.7661,-1.6709,0.0],[124.7508,-1.6707,3.6335],[124.7456,-1.6658,0.0],[124.738,-1.6641,1.8706],[124.736,-1.6621,0.0],[124.7276,-1.6614,8.5225],[124.7172,-1.6565,10.191],[124.7153,-1.6539,1.1764],[124.7073,-1.6567,5.7119],[124.6882,-1.6513,13.4771],[124.6719,-1.644,1.0258],[124.665,-1.6432,3.4234],[124.6607,-1.6447,12.7144],[124.6583,-1.6426,0.0],[124.6492,-1.6422,4.8409],[124.643,-1.6398,14.2158],[124.6281,-1.6393,0.0],[124.6248,-1.6408,10.6525],[124.606,-1.6385,7.9115],[124.5983,-1.6451,11.3066],[124.5924,-1.6439,5.3445],[124.5878,-1.64,3.4174],[124.5857,-1.643,9.0587],[124.5767,-1.6474,4.9576],[124.5674,-1.644,6.8881],[124.5638,-1.6388,0.0],[124.5609,-1.6401,13.6767],[124.556,-1.6383,1.9691],[124.5463,-1.6428,2.5129],[124.5412,-1.6421,0.0],[124.5406,-1.644,0.68],[124.5372,-1.6456,0.4627],[124.5324,-1.6584,3.6258],[124.5263,-1.6655,1.8459],[124.523,-1.6633,1.9894],[124.5233,-1.6554,0.8284],[124.5206,-1.6558,1.1789],[124.5237,-1.6478,0.9123],[124.5195,-1.6455,0.573],[124.5246,-1.6444,3.7664],[124.5254,-1.636,1.0274],[124.5315,-1.6323,3.0101],[124.5316,-1.6307,0.0],[124.5295,-1.6299,1.4532],[124.5217,-1.6351,1.3991],[124.5116,-1.6353,0.9557],[124.5086,-1.6408,0.0],[124.5104,-1.6493,3.0684],[124.5084,-1.6518,0.0],[124.5035,-1.655,7.3213],[124.4918,-1.6584,6.2717],[124.4649,-1.6634,2.5825],[124.4387,-1.6647,4.2384],[124.4211,-1.6646,5.8183],[124.4006,-1.6601,5.4644],[124.3921,-1.6659,0.0],[124.3853,-1.6748,0.0],[124.3785,-1.677,0.5556],[124.3617,-1.7047,1.2187],[124.3603,-1.7177,1.0967],[124.3619,-1.7181,0.0],[124.366,-1.7114,1.2781],[124.3718,-1.7126,1.1512],[124.3674,-1.7163,1.7719],[124.3685,-1.7198,1.6035],[124.367,-1.7254,6.9207],[124.3681,-1.7272,3.6614],[124.3667,-1.7287,0.0],[124.3715,-1.734,2.6678],[124.3721,-1.7419,2.1678],[124.3686,-1.7424,0.3972],[124.3634,-1.7486,1.0616],[124.3623,-1.7525,0.7245],[124.3645,-1.7555,0.0],[124.3631,-1.76,0.7097],[124.3653,-1.7605,3.276],[124.3656,-1.7643,0.0],[124.3649,-1.7654,3.037],[124.3642,-1.7627,0.0],[124.3609,-1.7613,2.056],[124.3605,-1.7702,0.0],[124.3577,-1.7721,0.0],[124.3541,-1.781,0.0],[124.3482,-1.788,0.0],[124.3467,-1.8027,1.6839],[124.3484,-1.8047,4.5978],[124.3456,-1.8059,0.0],[124.3453,-1.811,1.6606],[124.3422,-1.8148,0.0],[124.3445,-1.8226,4.6437],[124.3424,-1.8255,3.6709],[124.342,-1.8315,0.0],[124.3455,-1.8373,2.7948],[124.3434,-1.8476,0.0],[124.3447,-1.8543,11.751],[124.3415,-1.8599,0.0],[124.3431,-1.8621,7.4796],[124.3405,-1.867,0.0],[124.3411,-1.877,0.0],[124.3369,-1.8824,0.0],[124.3358,-1.8872,0.0],[124.3411,-1.8974,0.0],[124.3437,-1.9071,0.6376],[124.343,-1.9083,0.0],[124.3419,-1.9063,2.2335],[124.3396,-1.9056,0.0],[124.3397,-1.9067,0.0],[124.3424,-1.9092,0.0],[124.3441,-1.9076,0.6376],[124.3469,-1.9086,2.2381],[124.3489,-1.9114,7.9762],[124.3474,-1.9126,0.0],[124.3503,-1.9149,0.0],[124.356,-1.9254,0.0],[124.3608,-1.9293,26.7198],[124.3649,-1.9304,6.5449],[124.367,-1.9332,1.1061],[124.3682,-1.9325,5.6402],[124.3715,-1.9393,4.2498],[124.3787,-1.9416,0.7515],[124.3827,-1.9487,0.8757],[124.3823,-1.9564,0.0],[124.3934,-1.9719,0.0],[124.3955,-1.9781,2.0938],[124.3948,-1.9823,5.1301],[124.3977,-1.9892,1.6734],[124.3974,-1.9984,4.3478],[124.3921,-2.019,1.7956],[124.3968,-2.0228,5.21],[124.3951,-2.028,0.0],[124.4025,-2.0311,33.7029],[124.4045,-2.0335,0.0],[124.4097,-2.0272,3.2975],[124.4159,-2.023,0.0],[124.4222,-2.023,3.7057],[124.4262,-2.0259,1.9954],[124.4323,-2.0254,5.1197]]],
[[[125.6927,-1.7592,8.4087],[125.695,-1.7623,2.5367],[125.7013,-1.756,0.0],[125.6956,-1.7517,0.0],[125.6887,-1.7525,0.0],[125.6877,-1.7553,0.0],[125.6927,-1.7592,8.4087]]],
[[[124.3116,-1.7557,0.0],[124.3129,-1.7561,0.0],[124.3133,-1.7554,0.0],[124.3117,-1.7554,0.0],[124.3116,-1.7557,0.0]]],
[[[125.5435,-1.757,1.6241],[125.5381,-1.7556,0.0],[125.5312,-1.7609,0.0],[125.5278,-1.7695,4.8653],[125.5259,-1.7617,0.0],[125.5219,-1.7604,0.0],[125.5169,-1.7653,0.0],[125.5153,-1.7702,6.4701],[125.5082,-1.7738,2.3599],[125.5078,-1.7782,1.7842],[125.5141,-1.7794,2.6947],[125.5186,-1.7764,3.0895],[125.5224,-1.7766,0.0],[125.5262,-1.7743,0.0999],[125.5266,-1.7717,0.3107],[125.5313,-1.7747,0.0],[125.5337,-1.772,6.604],[125.5357,-1.7767,25.9388],[125.538,-1.7761,34.9904],[125.5358,-1.7801,13.1281],[125.5384,-1.781,18.318],[125.5456,-1.7809,20.5164],[125.5515,-1.7783,10.8065],[125.5529,-1.7769,0.0],[125.5523,-1.7746,0.0],[125.547,-1.772,0.0],[125.543,-1.7664,6.5932],[125.5435,-1.757,1.6241]]],
[[[124.3138,-1.7694,0.0],[124.3139,-1.7702,0.0],[124.3141,-1.7704,0.0],[124.3144,-1.7694,0.0],[124.3138,-1.7694,0.0]]],
[[[124.3489,-1.7604,1.7543],[124.345,-1.7574,1.0693],[124.3422,-1.7629,0.0],[124.3427,-1.7668,2.403],[124.3461,-1.7687,3.0814],[124.3453,-1.771,2.9469],[124.3437,-1.7694,0.0],[124.3415,-1.7719,0.0],[124.3446,-1.7783,0.0],[124.349,-1.7758,2.1391],[124.3503,-1.7686,3.1392],[124.3489,-1.7604,1.7543]]],
[[[124.3148,-1.7683,0.0],[124.3149,-1.766,0.0],[124.3138,-1.766,0.0],[124.3138,-1.7684,0.0],[124.3148,-1.7683,0.0]]],
[[[124.3597,-1.7575,0.0],[124.3597,-1.7587,0.5622],[124.3611,-1.7589,0.0],[124.3606,-1.7572,0.0],[124.3597,-1.7575,0.0]]],
[[[124.3131,-1.7502,0.0],[124.3125,-1.7505,0.0],[124.3124,-1.751,0.0],[124.3127,-1.751,0.0],[124.3131,-1.7502,0.0]]],
[[[124.3426,-1.7475,0.874],[124.3435,-1.748,0.0],[124.3431,-1.7472,0.874],[124.3419,-1.747,2.7987],[124.3396,-1.7476,0.0],[124.3407,-1.748,0.0],[124.3426,-1.7475,0.874]]],
[[[124.3535,-1.7468,0.0],[124.3529,-1.7459,0.0],[124.3516,-1.7459,0.5314],[124.3518,-1.7469,0.3692],[124.3535,-1.7468,0.0]]],
[[[124.2995,-1.7326,0.0],[124.2993,-1.7305,0.0],[124.2983,-1.7302,0.0],[124.2983,-1.7321,0.0],[124.2995,-1.7326,0.0]]],
[[[124.3083,-1.7311,0.8785],[124.3087,-1.7327,0.0],[124.3078,-1.7282,0.4289],[124.3077,-1.7302,0.8785],[124.3083,-1.7311,0.8785]]],
[[[124.303,-1.7281,0.0],[124.3037,-1.7296,0.0],[124.3053,-1.7274,0.0],[124.304,-1.7266,1.6189],[124.303,-1.7281,0.0]]],
[[[124.3053,-1.7263,0.0],[124.306,-1.7264,0.0],[124.3063,-1.7257,0.0],[124.3052,-1.7258,0.0],[124.3053,-1.7263,0.0]]],
[[[124.3661,-1.7226,2.3171],[124.3638,-1.719,0.5588],[124.3618,-1.7237,0.7074],[124.3665,-1.7267,0.0],[124.3661,-1.7226,2.3171]]],
[[[124.3432,-1.7098,0.0],[124.3444,-1.7125,0.0],[124.345,-1.7072,1.3851],[124.3504,-1.7032,2.9205],[124.3509,-1.6973,0.0],[124.3489,-1.6931,2.1925],[124.3443,-1.6951,1.9999],[124.3411,-1.7028,0.0],[124.3432,-1.7098,0.0]]],
[[[124.3413,-1.7238,0.0],[124.3405,-1.7244,0.0],[124.341,-1.726,0.0],[124.342,-1.725,0.0],[124.3413,-1.7238,0.0]]],
[[[124.332,-1.727,0.7162],[124.3337,-1.7277,0.7162],[124.3344,-1.7248,0.0],[124.3326,-1.725,2.4799],[124.332,-1.727,0.7162]]],
[[[124.3375,-1.7168,0.0],[124.3401,-1.7102,0.0],[124.3368,-1.7041,0.0],[124.3314,-1.7104,0.0],[124.3304,-1.7167,0.0],[124.3339,-1.7227,0.496],[124.336,-1.7231,0.0],[124.338,-1.7219,1.4265],[124.3375,-1.7168,0.0]]],
[[[124.3456,-1.7233,0.0],[124.3464,-1.7226,0.0],[124.3448,-1.7223,1.5755],[124.345,-1.7232,0.0],[124.3456,-1.7233,0.0]]],
[[[124.3593,-1.7394,0.0],[124.357,-1.739,0.9409],[124.3593,-1.7418,0.0],[124.3602,-1.7407,1.2369],[124.3593,-1.7394,0.0]]],
[[[124.355,-1.7407,0.9636],[124.3543,-1.7387,1.1286],[124.3522,-1.7409,0.0],[124.3537,-1.7419,0.4923],[124.355,-1.7407,0.9636]]],
[[[124.371,-1.7381,0.618],[124.3704,-1.7394,0.618],[124.371,-1.74,0.0],[124.3718,-1.7392,2.3196],[124.371,-1.7381,0.618]]],
[[[124.3682,-1.7378,1.3353],[124.3688,-1.7357,0.5341],[124.3651,-1.7362,1.2834],[124.3632,-1.7407,1.1134],[124.3674,-1.7415,0.3972],[124.3682,-1.7378,1.3353]]],
[[[124.2915,-1.7452,0.0],[124.2933,-1.7433,0.0],[124.2906,-1.7452,0.6887],[124.285,-1.7514,3.9256],[124.2831,-1.7557,3.0582],[124.289,-1.7717,3.8871],[124.2952,-1.778,0.0],[124.296,-1.7753,1.8975],[124.2987,-1.78,0.0],[124.3046,-1.78,0.0],[124.306,-1.7844,0.0],[124.3112,-1.7855,1.3199],[124.314,-1.7839,1.2589],[124.3139,-1.7814,2.8233],[124.3104,-1.7739,1.2807],[124.3077,-1.7727,0.0],[124.307,-1.7692,4.3253],[124.3021,-1.7674,2.9488],[124.3032,-1.7611,0.6424],[124.2939,-1.7537,1.7866],[124.29,-1.7539,2.0993],[124.2885,-1.7515,3.0655],[124.2858,-1.7537,6.1194],[124.2871,-1.7517,3.0655],[124.2905,-1.7509,0.62],[124.2915,-1.7452,0.0]]],
[[[124.3596,-1.7439,0.8491],[124.3596,-1.7427,0.0],[124.3583,-1.7434,0.0],[124.3589,-1.7443,0.8491],[124.3596,-1.7439,0.8491]]],
[[[124.3609,-1.7331,0.0],[124.3607,-1.731,0.0],[124.3575,-1.7317,0.5522],[124.356,-1.7335,0.0],[124.3563,-1.7364,0.0],[124.3598,-1.7364,0.0],[124.3609,-1.7331,0.0]]],
[[[124.3169,-1.7187,1.1897],[124.3133,-1.7186,0.0],[124.3112,-1.7233,0.0],[124.3136,-1.7352,1.2948],[124.315,-1.737,0.0],[124.3172,-1.737,0.493],[124.316,-1.7393,4.3738],[124.3183,-1.7403,0.6622],[124.3175,-1.7419,0.0],[124.3189,-1.7436,0.6588],[124.3218,-1.7402,0.0],[124.3203,-1.7387,0.0],[124.3211,-1.737,0.0],[124.3183,-1.7272,1.0636],[124.3197,-1.7226,0.0],[124.3169,-1.7187,1.1897]]],
[[[124.8795,-1.6604,3.1845],[124.8802,-1.6614,0.0],[124.8815,-1.6602,0.0],[124.8812,-1.6569,2.8221],[124.8791,-1.6571,2.2661],[124.8795,-1.6604,3.1845]]],
[[[124.895,-1.6605,0.0],[124.8965,-1.6573,0.0],[124.8938,-1.6588,0.0],[124.8885,-1.6582,0.0],[124.8863,-1.6606,4.2355],[124.8892,-1.6634,0.0],[124.895,-1.6605,0.0]]],
[[[124.4915,-1.6295,0.0],[124.4915,-1.6273,0.0],[124.4863,-1.629,0.0],[124.4872,-1.6376,1.9097],[124.4897,-1.6354,5.1819],[124.4915,-1.6295,0.0]]],
[[[124.9915,-1.7121,0.0],[124.9922,-1.7099,0.0],[124.9897,-1.7093,0.0],[124.9898,-1.7128,0.0],[124.9915,-1.7121,0.0]]],
[[[124.9689,-1.698,0.0],[124.9625,-1.6936,0.0],[124.9604,-1.6944,0.0],[124.963,-1.6981,0.0],[124.9689,-1.6993,0.0],[124.9689,-1.698,0.0]]],
[[[124.9681,-1.6877,0.0],[124.9677,-1.686,0.0],[124.9647,-1.6855,0.6202],[124.965,-1.6886,9.2213],[124.969,-1.6911,3.6874],[124.9681,-1.6877,0.0]]],
[[[124.969,-1.6642,0.0],[124.953,-1.6641,0.0],[124.9497,-1.6662,3.6106],[124.9544,-1.6719,0.0],[124.9605,-1.6675,4.3265],[124.9686,-1.6674,2.0685],[124.9705,-1.6651,0.0],[124.969,-1.6642,0.0]]],
[[[124.9967,-1.6567,1.2569],[124.9923,-1.6573,0.0],[124.9912,-1.6622,2.9828],[124.9995,-1.6703,5.0809],[125.0081,-1.667,3.8891],[125.023,-1.665,3.1256],[125.0187,-1.6624,0.0],[125.0067,-1.6593,0.0],[124.9998,-1.6597,0.0],[124.9967,-1.6567,1.2569]]],
[[[127.7002,-1.2672,0.0],[127.6987,-1.2696,0.1546],[127.7015,-1.2688,0.0],[127.6994,-1.2644,0.0],[127.7003,-1.2671,0.0],[127.7002,-1.2672,0.0]]],
[[[127.7064,-1.2876,1.1635],[127.7057,-1.2855,0.0615],[127.7006,-1.283,1.8946],[127.7045,-1.2883,0.0],[127.7064,-1.2876,1.1635]]],
[[[127.7033,-1.2712,0.0],[127.6994,-1.2707,0.1546],[127.6973,-1.2736,0.3432],[127.7008,-1.282,0.0],[127.7035,-1.2754,0.0],[127.7019,-1.2742,0.8429],[127.7033,-1.2712,0.0]]],
[[[127.7063,-1.2701,0.0],[127.7067,-1.2727,0.0],[127.7075,-1.2729,0.0],[127.7073,-1.2691,0.0],[127.7063,-1.2701,0.0]]],
[[[127.6965,-1.2746,0.3294],[127.6948,-1.2758,0.4707],[127.6945,-1.2772,0.7793],[127.6971,-1.2762,0.3294],[127.6965,-1.2746,0.3294]]],
[[[128.4528,-1.1428,2.2878],[128.4512,-1.1421,0.0],[128.4503,-1.1442,7.2573],[128.452,-1.1481,0.0],[128.4527,-1.1473,4.219],[128.4528,-1.1428,2.2878]]],
[[[128.4442,-1.1575,0.0],[128.4448,-1.1584,0.0],[128.4459,-1.1585,0.0],[128.4459,-1.1581,0.0],[128.4442,-1.1575,0.0]]],
[[[128.4415,-1.156,4.8103],[128.4434,-1.1571,0.0],[128.4375,-1.1514,4.0446],[128.4371,-1.1555,1.2871],[128.4415,-1.156,4.8103]]],
[[[128.4314,-1.1562,7.1244],[128.4347,-1.1566,0.0],[128.4348,-1.1516,6.4394],[128.427,-1.1457,0.9302],[128.422,-1.1524,4.5465],[128.4112,-1.1528,0.0],[128.4093,-1.1561,0.0],[128.4172,-1.16,0.6856],[128.4259,-1.1554,7.7205],[128.4314,-1.1562,7.1244]]],
[[[128.4048,-1.1443,0.0],[128.4045,-1.1446,0.0],[128.4046,-1.145,0.0],[128.4051,-1.1449,0.0],[128.4048,-1.1443,0.0]]],
[[[127.5056,-1.2694,2.1996],[127.5162,-1.2676,2.0111],[127.5249,-1.2595,9.1573],[127.5277,-1.2528,1.2903],[127.5317,-1.2501,3.5971],[127.5464,-1.2501,0.0],[127.5614,-1.2478,9.7319],[127.5722,-1.2523,5.6669],[127.5789,-1.2525,10.2154],[127.5896,-1.258,0.0],[127.596,-1.2581,2.553],[127.6096,-1.2617,3.3881],[127.6222,-1.2698,0.0],[127.6293,-1.2777,0.7578],[127.6378,-1.2827,0.5978],[127.6587,-1.284,5.9538],[127.6709,-1.2919,0.348],[127.6771,-1.2928,2.7385],[127.6788,-1.2913,0.0],[127.6761,-1.2878,1.3731],[127.6665,-1.2848,5.5933],[127.6743,-1.2858,0.1292],[127.6757,-1.2846,0.1292],[127.6734,-1.2829,18.3678],[127.6766,-1.2814,2.7282],[127.6843,-1.2842,2.9479],[127.6867,-1.2822,2.0279],[127.6891,-1.2849,0.0],[127.693,-1.2851,0.0],[127.6887,-1.2823,0.2682],[127.6909,-1.2796,0.8359],[127.6937,-1.2827,0.0],[127.6911,-1.2769,1.4389],[127.6974,-1.2569,1.1933],[127.6971,-1.2471,0.8887],[127.6941,-1.2376,1.7318],[127.6956,-1.2372,0.9117],[127.6963,-1.2281,3.5169],[127.6943,-1.226,0.0],[127.6883,-1.2264,1.5377],[127.6705,-1.223,1.5368],[127.6621,-1.2246,-0.1958],[127.6642,-1.2255,2.35],[127.6639,-1.2268,8.3668],[127.6603,-1.2274,6.7055],[127.6611,-1.2246,2.6662],[127.6539,-1.224,1.3076],[127.6473,-1.2206,0.0],[127.6415,-1.2214,14.2227],[127.6256,-1.2122,1.8609],[127.6112,-1.2077,0.0],[127.5989,-1.2104,5.4983],[127.5932,-1.2018,1.99],[127.5859,-1.2023,0.0],[127.5818,-1.1983,2.1996],[127.5653,-1.1889,7.7458],[127.5626,-1.1822,0.0],[127.5485,-1.1711,0.0],[127.5397,-1.1792,5.609],[127.5265,-1.1763,60.9502],[127.5191,-1.1784,17.5559],[127.5122,-1.1771,11.1257],[127.5097,-1.1791,30.2979],[127.509,-1.1831,13.6597],[127.5104,-1.1992,13.4198],[127.5094,-1.2028,16.7063],[127.5039,-1.2084,12.7667],[127.4945,-1.212,5.0327],[127.4852,-1.2134,8.7647],[127.4807,-1.2163,21.4647],[127.4652,-1.2413,4.1067],[127.4652,-1.2503,4.9467],[127.4673,-1.2534,3.8359],[127.4844,-1.26,6.0244],[127.4884,-1.2703,0.0],[127.4926,-1.2716,0.0],[127.5056,-1.2694,2.1996]]],
[[[127.6991,-1.227,1.02],[127.6988,-1.228,0.0],[127.6998,-1.2281,0.0],[127.7,-1.2274,1.02],[127.6991,-1.227,1.02]]],
[[[127.4416,-1.184,0.7973],[127.437,-1.1777,14.8453],[127.4351,-1.1772,14.8453],[127.4316,-1.1672,2.6869],[127.4319,-1.1597,1.4348],[127.4251,-1.1461,0.0],[127.4197,-1.1408,13.9185],[127.4134,-1.1368,12.8566],[127.4085,-1.1367,20.0111],[127.3969,-1.1429,2.4782],[127.3963,-1.149,13.576],[127.4028,-1.1501,33.8484],[127.4058,-1.1548,29.3253],[127.4061,-1.1602,0.0],[127.4095,-1.1633,3.71],[127.409,-1.1721,23.5578],[127.4073,-1.1761,3.4676],[127.4089,-1.1785,0.0],[127.4075,-1.1818,2.3303],[127.4081,-1.1993,12.1262],[127.4123,-1.2024,119.0889],[127.4139,-1.2076,83.1602],[127.4252,-1.2209,8.7014],[127.4321,-1.2201,0.0],[127.4396,-1.2143,0.0],[127.4417,-1.2104,0.0],[127.444,-1.2027,6.5599],[127.4444,-1.1884,8.2418],[127.4416,-1.184,0.7973]]],
[[[128.3133,-1.0887,0.0],[128.3154,-1.092,0.7998],[128.318,-1.089,0.0],[128.3148,-1.0863,0.0],[128.3127,-1.0876,0.0],[128.3133,-1.0887,0.0]]],
[[[128.3348,-1.0981,3.772],[128.3349,-1.101,5.2447],[128.338,-1.1023,1.2594],[128.3418,-1.0966,0.0],[128.3392,-1.0942,0.0],[128.3348,-1.0981,3.772]]],
[[[128.3104,-1.1193,0.0],[128.3087,-1.1165,5.8412],[128.3068,-1.1173,5.9638],[128.3079,-1.1206,0.313],[128.3104,-1.1193,0.0]]],
[[[128.2977,-1.1109,1.5898],[128.2985,-1.1118,1.6587],[128.3,-1.1118,0.0],[128.2992,-1.1107,1.5898],[128.2977,-1.1109,1.5898]]],
[[[128.3181,-1.1129,0.0],[128.3176,-1.1131,1.451],[128.3177,-1.1148,0.0],[128.3195,-1.1137,3.1855],[128.3181,-1.1129,0.0]]],
[[[128.3351,-1.1208,2.6785],[128.3342,-1.1229,2.056],[128.3376,-1.1225,3.3446],[128.3369,-1.1206,0.0],[128.3351,-1.1208,2.6785]]],
[[[128.345,-1.1111,0.0],[128.3367,-1.1077,0.0],[128.3311,-1.1098,2.7395],[128.3289,-1.1135,2.9969],[128.3297,-1.1155,0.8569],[128.3359,-1.1191,2.8982],[128.3395,-1.1189,7.5371],[128.3408,-1.1209,12.1858],[128.3453,-1.1218,1.6134],[128.3479,-1.1192,7.2144],[128.3478,-1.1152,5.0069],[128.345,-1.1111,0.0]]],
[[[128.3958,-1.0828,0.0],[128.3811,-1.0767,0.0],[128.3765,-1.0775,0.0],[128.3696,-1.0729,0.0],[128.36,-1.0737,6.5069],[128.3541,-1.0769,4.936],[128.3441,-1.0884,0.4419],[128.3441,-1.0917,0.0],[128.3455,-1.0923,4.3334],[128.3434,-1.0959,0.0],[128.3443,-1.0968,1.1278],[128.3475,-1.0946,0.0],[128.358,-1.0936,4.6763],[128.3562,-1.1034,0.0],[128.3621,-1.1085,15.4018],[128.3598,-1.1182,7.5098],[128.3692,-1.1224,8.7995],[128.3767,-1.1206,2.4547],[128.3806,-1.116,1.3136],[128.3784,-1.1135,0.0],[128.3798,-1.1115,6.2933],[128.3822,-1.1125,7.36],[128.3863,-1.1083,0.0],[128.3945,-1.106,1.7444],[128.3979,-1.101,10.9493],[128.4042,-1.0991,5.4153],[128.4078,-1.1012,5.5813],[128.4128,-1.099,11.8441],[128.411,-1.0982,2.2202],[128.4127,-1.0972,8.3455],[128.4138,-1.1018,0.0],[128.4145,-1.0991,13.3651],[128.4196,-1.1038,4.0624],[128.4239,-1.1025,8.9338],[128.4304,-1.1078,6.353],[128.4305,-1.1114,5.8417],[128.4231,-1.1128,0.0],[128.4272,-1.1172,2.061],[128.4309,-1.1157,5.3268],[128.4303,-1.1173,9.2203],[128.4395,-1.1228,4.3051],[128.4481,-1.1237,4.5112],[128.4509,-1.1303,0.0],[128.4534,-1.1307,6.9044],[128.4541,-1.1238,0.0],[128.4384,-1.1187,0.0],[128.4333,-1.1093,0.0],[128.4207,-1.0952,0.0],[128.4138,-1.0926,0.0],[128.4112,-1.0877,0.0],[128.3958,-1.0828,0.0]]],
[[[128.3458,-1.1082,1.8595],[128.3432,-1.1056,0.0],[128.3443,-1.1035,4.4852],[128.3424,-1.1013,6.9302],[128.336,-1.1033,0.3049],[128.3357,-1.1052,0.3261],[128.3444,-1.1094,7.8452],[128.3458,-1.1082,1.8595]]],
[[[128.1558,-1.0478,0.0],[128.1557,-1.0475,0.0],[128.1555,-1.0475,0.0],[128.1555,-1.0479,0.0],[128.1558,-1.0478,0.0]]],
[[[128.1561,-1.0487,0.0],[128.1563,-1.0489,0.0],[128.1564,-1.0489,0.0],[128.1564,-1.0486,0.0],[128.1561,-1.0487,0.0]]],
[[[128.1561,-1.0445,0.0],[128.1557,-1.0447,0.0],[128.1557,-1.0454,0.0],[128.1563,-1.0451,0.0],[128.1561,-1.0445,0.0]]],
[[[128.3838,-1.1344,0.0],[128.3669,-1.1308,0.0],[128.363,-1.1337,0.0],[128.3718,-1.1399,1.1858],[128.3877,-1.1434,0.8055],[128.4031,-1.1556,0.0],[128.4062,-1.1539,5.3006],[128.4052,-1.1496,2.023],[128.4001,-1.1489,2.0511],[128.3989,-1.1462,0.0],[128.3953,-1.1457,3.8765],[128.396,-1.1441,0.0],[128.3933,-1.1452,8.9851],[128.3933,-1.1429,0.8425],[128.3906,-1.1431,7.5706],[128.3846,-1.1392,2.9004],[128.3851,-1.1378,0.0],[128.3824,-1.1376,4.5774],[128.3821,-1.1364,4.5774],[128.3847,-1.1359,0.0],[128.3838,-1.1344,0.0]]],
[[[128.4055,-1.1384,0.0],[128.4059,-1.1386,0.0],[128.4061,-1.1381,0.0],[128.405,-1.138,0.0],[128.4055,-1.1384,0.0]]],
[[[128.4064,-1.137,0.0],[128.4062,-1.1376,0.0],[128.407,-1.1375,0.0],[128.4069,-1.1371,0.0],[128.4064,-1.137,0.0]]],
[[[128.4033,-1.1255,0.0],[128.4015,-1.122,5.7544],[128.3921,-1.1219,7.381],[128.3848,-1.1259,0.3113],[128.3878,-1.1278,22.6893],[128.3924,-1.1365,0.0],[128.4006,-1.138,0.0],[128.4033,-1.1255,0.0]]],
[[[128.1556,-1.0026,0.9926],[128.1569,-1.0036,0.0],[128.1574,-1.0034,0.0],[128.1542,-1.0013,0.0],[128.1556,-1.0026,0.9926]]],
[[[128.1747,-1.0009,0.0],[128.1726,-0.998,4.2802],[128.1699,-0.9983,3.6838],[128.1734,-1.0024,0.0],[128.1749,-1.0024,0.0],[128.1747,-1.0009,0.0]]],
[[[128.3728,-0.9894,0.0],[128.3739,-0.9904,14.1169],[128.3746,-0.9897,14.1169],[128.3735,-0.9891,1.934],[128.3728,-0.9894,0.0]]],
[[[128.3799,-0.9874,0.0],[128.379,-0.9873,0.0],[128.3792,-0.99,0.0],[128.38,-0.9898,0.0],[128.3799,-0.9874,0.0]]],
[[[128.3806,-0.996,5.4795],[128.3806,-0.995,5.4795],[128.3796,-0.9947,5.4795],[128.3796,-0.9954,5.4795],[128.3806,-0.996,5.4795]]],
[[[128.3803,-0.9936,9.0251],[128.3802,-0.9928,1.6042],[128.3793,-0.9933,0.8979],[128.3795,-0.9937,0.8979],[128.3803,-0.9936,9.0251]]],
[[[128.3773,-0.9865,0.0],[128.3778,-0.985,0.0],[128.3757,-0.9854,3.8793],[128.3759,-0.9859,3.8793],[128.3773,-0.9865,0.0]]],
[[[128.3812,-0.9855,0.0],[128.3811,-0.986,0.0],[128.382,-0.9857,1.3141],[128.382,-0.9853,1.3141],[128.3812,-0.9855,0.0]]],
[[[128.3672,-0.9847,1.0884],[128.3673,-0.9854,1.0884],[128.3677,-0.9854,1.0884],[128.3677,-0.9844,0.0],[128.3672,-0.9847,1.0884]]],
[[[128.3624,-0.9762,3.5512],[128.3599,-0.974,0.0],[128.3584,-0.9746,1.6211],[128.36,-0.9787,7.7944],[128.3614,-0.9776,4.7867],[128.3619,-0.979,2.3165],[128.3624,-0.9762,3.5512]]],
[[[128.3666,-0.9745,1.7038],[128.3687,-0.9753,2.284],[128.3668,-0.9736,1.7038],[128.3654,-0.974,1.7038],[128.3666,-0.9745,1.7038]]],
[[[128.3446,-0.9517,0.0],[128.3448,-0.9563,0.0],[128.3474,-0.9562,0.3217],[128.3478,-0.9531,2.0829],[128.3446,-0.9517,0.0]]],
[[[128.3536,-0.9512,3.3502],[128.3575,-0.9548,0.0],[128.3603,-0.9537,0.0],[128.3583,-0.9481,0.0],[128.3549,-0.949,0.0],[128.3536,-0.9512,3.3502]]],
[[[128.1405,-1.0311,1.2238],[128.1406,-1.031,1.2238],[128.1405,-1.0308,1.2238],[128.1402,-1.031,1.2238],[128.1405,-1.0311,1.2238]]],
[[[128.3358,-1.0358,1.1627],[128.3355,-1.035,1.1627],[128.3341,-1.0355,0.0],[128.3342,-1.0359,0.0],[128.3358,-1.0358,1.1627]]],
[[[128.1777,-1.0133,0.0],[128.1779,-1.0143,0.0],[128.178,-1.0131,0.0],[128.1774,-1.0129,0.0],[128.1777,-1.0133,0.0]]],
[[[128.136,-1.0273,1.2035],[128.1372,-1.0287,0.7944],[128.1385,-1.029,0.7944],[128.1346,-1.0261,1.8397],[128.136,-1.0273,1.2035]]],
[[[128.1343,-1.0218,1.6767],[128.1357,-1.0218,1.4319],[128.1342,-1.021,0.5593],[128.1326,-1.0234,0.0],[128.134,-1.0261,1.8397],[128.1331,-1.0233,0.0],[128.1343,-1.0218,1.6767]]],
[[[128.1609,-1.0082,0.666],[128.162,-1.0091,0.0],[128.1625,-1.009,0.0],[128.1613,-1.0081,0.666],[128.1609,-1.0082,0.666]]],
[[[128.1603,-1.0071,0.0],[128.1599,-1.0071,0.0],[128.1598,-1.0072,0.0],[128.1604,-1.0075,0.0],[128.1603,-1.0071,0.0]]],
[[[128.1592,-1.0054,0.0],[128.1588,-1.0057,0.0],[128.1596,-1.0062,0.0],[128.1596,-1.0059,0.0],[128.1592,-1.0054,0.0]]],
[[[128.1583,-1.0044,0.0],[128.1579,-1.0043,0.0],[128.158,-1.0049,0.0],[128.1584,-1.0049,0.0],[128.1583,-1.0044,0.0]]],
[[[128.1409,-1.0296,0.0],[128.1404,-1.0301,1.2238],[128.1405,-1.0307,1.2238],[128.1412,-1.0299,0.0],[128.1409,-1.0296,0.0]]],
[[[128.1396,-1.0295,0.0],[128.1391,-1.0296,1.2238],[128.1402,-1.03,1.2238],[128.1402,-1.0298,1.2238],[128.1396,-1.0295,0.0]]],
[[[128.2388,-1.0401,1.5777],[128.2353,-1.0435,0.0],[128.2337,-1.0483,2.5226],[128.2316,-1.038,0.0],[128.2285,-1.0372,0.0],[128.226,-1.0403,0.0],[128.229,-1.0614,0.0],[128.2364,-1.0683,0.0],[128.2428,-1.0659,1.6791],[128.2449,-1.0613,0.0],[128.2435,-1.0594,0.0],[128.2392,-1.0633,0.5131],[128.2354,-1.0629,2.8232],[128.2337,-1.0546,0.0],[128.2354,-1.0507,5.8243],[128.2414,-1.0461,10.8579],[128.2454,-1.0473,17.6098],[128.2461,-1.0523,7.1361],[128.2485,-1.0533,0.0],[128.2521,-1.0476,0.0],[128.2505,-1.0443,0.0],[128.2449,-1.0429,0.0],[128.2419,-1.0401,0.0],[128.2388,-1.0401,1.5777]]],
[[[128.3551,-1.0379,0.8904],[128.3566,-1.039,0.8628],[128.3568,-1.039,0.8628],[128.3565,-1.0381,0.8628],[128.3551,-1.0379,0.8904]]],
[[[128.3477,-1.0355,7.3134],[128.3411,-1.0344,0.0],[128.3395,-1.036,0.0],[128.3403,-1.0386,11.667],[128.3382,-1.0374,0.0],[128.3374,-1.0396,12.1691],[128.3348,-1.0391,4.8879],[128.3371,-1.0507,4.9556],[128.3392,-1.0539,2.264],[128.3427,-1.0536,5.4342],[128.3456,-1.0556,3.1128],[128.3508,-1.0542,0.0],[128.3605,-1.0443,0.0],[128.3477,-1.0355,7.3134]]],
[[[128.1785,-1.0382,1.3274],[128.1794,-1.039,1.3274],[128.1782,-1.0334,1.0361],[128.1743,-1.0313,4.7937],[128.1756,-1.039,0.8195],[128.1781,-1.0402,0.0],[128.1785,-1.0382,1.3274]]],
[[[128.3291,-0.942,1.7852],[128.3231,-0.9384,0.0],[128.3148,-0.9381,6.5711],[128.3128,-0.9428,0.0],[128.3139,-0.9453,5.0566],[128.3104,-0.943,0.3512],[128.3125,-0.9453,2.2261],[128.3079,-0.945,5.0538],[128.3058,-0.9555,16.077],[128.3093,-0.9582,6.8559],[128.3096,-0.9612,11.8305],[128.3073,-0.9634,0.7104],[128.3086,-0.9664,0.0],[128.3223,-0.9706,1.0636],[128.3266,-0.9696,1.1127],[128.3289,-0.9703,8.138],[128.3302,-0.9731,0.0],[128.339,-0.9737,9.1673],[128.3397,-0.9814,6.2059],[128.3372,-0.984,0.0],[128.3338,-0.9938,1.0043],[128.3362,-0.9993,15.7725],[128.3317,-1.0035,0.0],[128.3352,-1.0075,28.8987],[128.3354,-1.0121,26.5369],[128.3296,-1.0142,0.0],[128.3291,-1.0176,1.3506],[128.3316,-1.0197,0.0],[128.331,-1.018,0.8787],[128.3329,-1.0179,20.1552],[128.3331,-1.0215,1.9356],[128.3345,-1.0226,1.0121],[128.3389,-1.0224,1.0769],[128.3432,-1.0247,13.81],[128.346,-1.0302,0.0],[128.3551,-1.0349,7.6209],[128.3562,-1.037,0.8904],[128.3602,-1.0375,10.3142],[128.3633,-1.0413,0.0],[128.3781,-1.0373,0.0],[128.3874,-1.0391,2.198],[128.3991,-1.0389,0.0],[128.4048,-1.0363,0.0],[128.414,-1.0288,2.5833],[128.4198,-1.0207,0.0],[128.4193,-1.0106,0.0],[128.4166,-1.0018,0.0],[128.409,-0.9957,2.4499],[128.4053,-0.9902,0.0],[128.3962,-0.9898,4.8686],[128.3902,-0.9919,4.4455],[128.3858,-0.9944,4.6875],[128.3881,-0.9972,8.5883],[128.3855,-0.9987,32.0112],[128.3737,-0.9955,9.2959],[128.3733,-0.9919,7.8001],[128.3692,-0.9907,18.232],[128.367,-0.9919,34.538],[128.3663,-0.9907,33.374],[128.368,-0.9896,18.232],[128.3642,-0.9872,16.9078],[128.3649,-0.9856,1.6456],[128.361,-0.986,14.3014],[128.3597,-0.9836,24.0182],[128.3606,-0.9811,9.0805],[128.3552,-0.9802,16.4661],[128.3576,-0.973,0.0],[128.3546,-0.9772,10.5314],[128.353,-0.9755,0.589],[128.3507,-0.9772,0.0],[128.3504,-0.9756,2.7989],[128.3528,-0.9741,0.0],[128.3528,-0.9704,0.0],[128.3473,-0.9688,0.0],[128.346,-0.9655,0.0],[128.3391,-0.9652,12.8285],[128.3372,-0.9611,5.462],[128.3337,-0.9652,26.6037],[128.3324,-0.9646,26.6037],[128.3337,-0.9611,12.798],[128.3386,-0.9565,3.9489],[128.3376,-0.9557,38.4256],[128.3395,-0.9556,13.466],[128.3411,-0.9509,0.0],[128.3391,-0.95009999999999994,4.2296],[128.3355,-0.954,0.0],[128.333,-0.9529,0.0],[128.3285,-0.9538,13.9676],[128.3379,-0.9496,2.0122],[128.3336,-0.9432,1.1175],[128.3227,-0.9496,40.451],[128.325,-0.946,4.8441],[128.3296,-0.9436,1.7186],[128.3291,-0.942,1.7852]]],
[[[127.7094,-1.3318,0.0],[127.7082,-1.3324,0.0],[127.7085,-1.3342,0.0],[127.71,-1.3336,0.0],[127.7094,-1.3318,0.0]]],
[[[127.5281,-1.7253,9.2191],[127.5546,-1.7339,5.6301],[127.5664,-1.7357,0.0],[127.5827,-1.7331,0.0],[127.5968,-1.7381,0.0],[127.6066,-1.7333,0.0],[127.6102,-1.7225,1.6061],[127.6167,-1.7177,4.7761],[127.6214,-1.7209,0.0],[127.6271,-1.719,11.5185],[127.6478,-1.7307,2.4528],[127.6531,-1.7306,4.4638],[127.657,-1.7282,7.9386],[127.6616,-1.7279,7.2224],[127.6692,-1.722,7.306],[127.6704,-1.711,1.5999],[127.673,-1.7072,8.2385],[127.6795,-1.7036,1.5398],[127.6849,-1.7054,1.8818],[127.6919,-1.7036,4.4592],[127.6978,-1.696,9.8524],[127.705,-1.6905,0.0],[127.7163,-1.6869,1.6454],[127.7291,-1.6877,22.544],[127.7318,-1.6925,8.0154],[127.7357,-1.6956,4.7854],[127.7415,-1.6948,2.0387],[127.7473,-1.6877,7.6794],[127.7546,-1.6868,0.6152],[127.7638,-1.6898,0.0],[127.7743,-1.6892,6.4178],[127.7912,-1.6961,12.6393],[127.7984,-1.6958,10.4141],[127.8111,-1.6981,2.5356],[127.817,-1.7009,5.0112],[127.8291,-1.6984,6.1676],[127.8372,-1.6935,16.4698],[127.8438,-1.6941,19.8876],[127.8491,-1.6982,0.0],[127.8552,-1.6979,12.092],[127.865,-1.6935,6.1351],[127.8732,-1.692,7.9787],[127.8823,-1.6851,1.1925],[127.8895,-1.6829,4.8427],[127.9244,-1.6883,0.0],[127.9526,-1.6964,0.0],[127.9614,-1.6955,16.867],[127.9672,-1.6977,5.7949],[127.9693,-1.6968,1.3348],[127.9813,-1.6995,15.4926],[127.9999,-1.7091,9.0892],[128.0087,-1.7205,1.6676],[128.0123,-1.7202,0.0],[128.0242,-1.7273,1.6278],[128.0287,-1.7225,20.9428],[128.0392,-1.7179,19.2121],[128.0646,-1.7193,13.2569],[128.0755,-1.7157,6.5245],[128.0809,-1.7166,0.0],[128.0869,-1.7224,4.3663],[128.0936,-1.72,0.0],[128.1014,-1.7145,6.2195],[128.1058,-1.7059,23.1476],[128.1109,-1.7018,2.309],[128.1239,-1.6976,8.2204],[128.1328,-1.6917,0.0],[128.1479,-1.6882,0.0],[128.1565,-1.6839,6.2427],[128.1621,-1.6672,1.6893],[128.1681,-1.6404,0.0],[128.1663,-1.6195,0.0],[128.1637,-1.6122,1.7147],[128.1495,-1.5941,0.0],[128.1405,-1.5881,4.1369],[128.1212,-1.5657,0.0],[128.1132,-1.561,0.0],[128.1098,-1.5617,0.0],[128.1042,-1.5734,20.8364],[128.1005,-1.5765,6.7526],[128.1012,-1.5784,10.9238],[128.096,-1.5785,10.8651],[128.0897,-1.584,11.2438],[128.0839,-1.5817,10.6759],[128.0837,-1.579,0.926],[128.0812,-1.5769,1.1339],[128.0779,-1.5815,16.5048],[128.0724,-1.5793,14.3291],[128.0746,-1.5752,13.3826],[128.0771,-1.576,0.0],[128.0813,-1.5743,0.0],[128.0813,-1.5713,0.0],[128.0787,-1.5669,2.0632],[128.0707,-1.5643,0.0],[128.0597,-1.5664,25.7345],[128.056,-1.5598,4.4034],[128.0533,-1.5597,14.7633],[128.0515,-1.5575,0.0],[128.0516,-1.5533,0.0],[128.0455,-1.5504,5.7168],[128.0457,-1.5458,1.2664],[128.0411,-1.544,5.526],[128.0381,-1.5401,0.0],[128.03,-1.5353,5.8208],[128.0202,-1.5263,1.7494],[128.0134,-1.5302,19.9009],[128.0172,-1.5244,1.5303],[128.0109,-1.5145,0.0],[128.0079,-1.5142,7.4398],[128.0032,-1.5093,0.0],[128.002,-1.5103,7.6932],[128.0039,-1.5146,19.0639],[128.0011,-1.5095,0.0],[127.9976,-1.5104,2.2143],[127.997,-1.5139,8.7765],[127.9985,-1.5165,17.6778],[127.9954,-1.5125,1.7966],[127.9915,-1.5122,3.6239],[127.9896,-1.5085,9.7598],[127.9903,-1.5047,19.8573],[127.9814,-1.4943,0.7416],[127.9824,-1.4918,0.0],[127.9783,-1.484,0.0],[127.9673,-1.4773,3.2249],[127.9567,-1.4739,1.4502],[127.9492,-1.4623,5.0608],[127.9338,-1.4478,0.0],[127.9164,-1.4412,5.6472],[127.8988,-1.432,10.2251],[127.8918,-1.4255,8.3557],[127.8855,-1.4269,1.1795],[127.8835,-1.4325,0.0],[127.8782,-1.4393,9.1347],[127.8696,-1.4354,0.0],[127.86,-1.4351,12.6637],[127.8578,-1.4377,0.0],[127.85,-1.4375,0.0],[127.8485,-1.439,9.3717],[127.8426,-1.435,0.0],[127.8355,-1.435,0.0],[127.8364,-1.4331,0.0],[127.8348,-1.432,0.0],[127.8359,-1.4302,12.0957],[127.8395,-1.4295,9.997],[127.8397,-1.4254,2.7625],[127.8317,-1.4236,19.7283],[127.8251,-1.4175,0.0],[127.8208,-1.4175,7.62],[127.817,-1.414,0.0],[127.8096,-1.4167,3.1837],[127.8012,-1.4134,15.2939],[127.7984,-1.4094,0.0],[127.7932,-1.3893,0.0],[127.7893,-1.3888,0.0],[127.794,-1.3808,4.1541],[127.7931,-1.3731,0.0],[127.7859,-1.3706,0.0],[127.7857,-1.373,5.3235],[127.7779,-1.3791,5.6707],[127.7801,-1.3726,0.4247],[127.7692,-1.3623,0.0],[127.7659,-1.3632,4.2613],[127.7623,-1.3587,0.0],[127.7603,-1.3525,0.0],[127.7578,-1.3519,0.0],[127.7505,-1.3571,0.6414],[127.7452,-1.3529,0.0],[127.7376,-1.3503,0.0],[127.7321,-1.3434,0.2814],[127.7236,-1.3431,3.1372],[127.7067,-1.3354,0.0],[127.6982,-1.3411,0.0],[127.6996,-1.3445,4.6965],[127.702,-1.344,16.5078],[127.7023,-1.3474,6.2827],[127.7043,-1.3485,2.8548],[127.7025,-1.3486,0.6089],[127.7024,-1.3523,0.1996],[127.7009,-1.3529,0.1996],[127.6968,-1.3497,3.1899],[127.6912,-1.3498,6.0788],[127.6905,-1.3471,0.0],[127.6865,-1.3477,0.7552],[127.6852,-1.3441,0.0],[127.6829,-1.3465,4.2646],[127.6803,-1.3437,2.5186],[127.6818,-1.341,14.5597],[127.6801,-1.3376999999999999,0.0],[127.6788,-1.3361,0.0],[127.6775,-1.3371,3.5862],[127.6736,-1.3313,3.1274],[127.6692,-1.332,0.3128],[127.6657,-1.3363,30.3833],[127.6658,-1.3401,20.3421],[127.6701,-1.3455,26.4944],[127.6691,-1.3469,0.5469],[127.6706,-1.3504,4.2881],[127.6657,-1.3462,0.0],[127.6606,-1.3462,0.0],[127.6541,-1.3413,3.842],[127.6554,-1.3373,0.3101],[127.6513,-1.331,0.0],[127.6414,-1.3302,0.0],[127.6374,-1.3347,2.5158],[127.6318,-1.3374,0.406],[127.6286,-1.3406,0.0],[127.6262,-1.3468,1.208],[127.6202,-1.3517,1.402],[127.6147,-1.3522,0.0],[127.6118,-1.3546,8.3051],[127.6082,-1.3538,1.4329],[127.5813,-1.3635,2.1991],[127.5769,-1.3747,1.5943],[127.574,-1.3759,0.0],[127.5699,-1.375,0.0],[127.561,-1.3793,0.0],[127.5615,-1.3813,25.22],[127.559,-1.3843,0.0],[127.5591,-1.389,0.0],[127.5546,-1.3923,4.0875],[127.5504,-1.3929,2.0474],[127.5479,-1.3975,0.0],[127.5402,-1.4027,0.0],[127.5399,-1.4049,3.3298],[127.5342,-1.4087,32.992],[127.5294,-1.407,6.6598],[127.5222,-1.412,9.099],[127.5213,-1.4168,6.8066],[127.5134,-1.4171,21.1589],[127.5134,-1.4258,11.0199],[127.5164,-1.4292,77.2618],[127.5171,-1.4358,9.0327],[127.5074,-1.434,6.3245],[127.505,-1.4402,18.6997],[127.5059,-1.446,0.0],[127.5084,-1.4484,14.8111],[127.5045,-1.453,5.7659],[127.4993,-1.453,8.2453],[127.4977,-1.4509,1.8265],[127.4939,-1.4501,7.3943],[127.4918,-1.4441,1.014],[127.4942,-1.4412,16.618],[127.4928,-1.4383,7.5416],[127.4883,-1.4406,0.0],[127.488,-1.4455,4.9522],[127.4839,-1.4463,30.2067],[127.4846,-1.4438,0.0],[127.4816,-1.4403,4.6497],[127.4737,-1.4382,3.8952],[127.4718,-1.4408,37.184],[127.4694,-1.4379,0.0],[127.4654,-1.4393,7.5172],[127.4635,-1.4371,13.5265],[127.4583,-1.4385,16.7607],[127.4543,-1.4348,46.1935],[127.4559,-1.4331,0.0],[127.4476,-1.4318,4.232],[127.4483,-1.4289,0.0],[127.4457,-1.4266,0.0],[127.4372,-1.4262,0.0],[127.4366,-1.4231,53.7435],[127.4347,-1.4219,55.2406],[127.4358,-1.4184,11.6366],[127.4479,-1.416,0.0],[127.4473,-1.4136,12.4829],[127.4439,-1.4135,34.2266],[127.4408,-1.4091,0.0],[127.4364,-1.4155,41.9169],[127.4354,-1.4114,7.7429],[127.4326,-1.4114,8.9104],[127.4262,-1.4141,0.0],[127.4264,-1.4162,0.0],[127.4237,-1.4178,0.0],[127.4216,-1.4172,0.0],[127.4182,-1.4189,10.7816],[127.4139,-1.4167,0.0],[127.4127,-1.418,0.0],[127.4196,-1.4274,7.3093],[127.4238,-1.4271,0.0],[127.4229,-1.425,0.0],[127.424,-1.4243,30.7189],[127.4291,-1.4246,38.4292],[127.4315,-1.4265,25.7232],[127.4318,-1.4319,40.5089],[127.4296,-1.4338,58.3623],[127.433,-1.4371,19.3818],[127.4367,-1.4375,21.2602],[127.4409,-1.4342,27.0858],[127.4444,-1.4339,0.0],[127.439,-1.4431,3.2737],[127.4394,-1.4458,58.6549],[127.4365,-1.4475,0.0],[127.4399,-1.4501,42.5495],[127.4396,-1.4512,42.5495],[127.4349,-1.451,0.0],[127.4327,-1.4532,0.0],[127.4345,-1.4549,0.0],[127.4339,-1.4564,11.5629],[127.4281,-1.4578,0.0],[127.4279,-1.4646,0.0],[127.4323,-1.4669,2.5512],[127.4326,-1.4686,0.0],[127.4241,-1.4704,0.0],[127.424,-1.4722,2.8519],[127.4196,-1.4718,0.0],[127.416,-1.4797,0.0],[127.4163,-1.4816,0.0],[127.4188,-1.4815,3.5975],[127.4164,-1.4882,0.0],[127.419,-1.4915,4.4141],[127.4188,-1.4949,0.0],[127.4204,-1.496,0.0],[127.4249,-1.4952,18.5042],[127.4282,-1.4968,2.2247],[127.4276,-1.4985,2.3897],[127.432,-1.4948,7.6606],[127.4315,-1.4988,36.8405],[127.4287,-1.502,0.0],[127.4247,-1.5025,0.0],[127.4179,-1.5067,0.0],[127.4175,-1.51,9.5507],[127.4122,-1.5166,30.758],[127.4105,-1.5213,85.089],[127.4073,-1.5226,0.0],[127.4064,-1.5257,28.6451],[127.4086,-1.5266,10.0611],[127.4087,-1.5288,2.3449],[127.4053,-1.5315,2.5755],[127.4028,-1.538,12.7663],[127.4091,-1.5426,2.9306],[127.411,-1.546,5.0566],[127.4099,-1.5573,0.0],[127.4122,-1.5664,2.9174],[127.4097,-1.5788,0.0],[127.4001,-1.6061,1.6359],[127.3915,-1.6175,0.0],[127.3956,-1.6224,4.3839],[127.4011,-1.6354,0.0],[127.4035,-1.6433,5.0595],[127.4036,-1.6523,3.6939],[127.4079,-1.657,0.0],[127.4078,-1.6605,0.0],[127.4108,-1.6637,2.5042],[127.4171,-1.6636,0.0],[127.4205,-1.6586,8.5383],[127.4232,-1.6592,3.8218],[127.4247,-1.6687,0.0],[127.4339,-1.6795,5.412],[127.4827,-1.7033,23.6377],[127.4959,-1.7168,0.0],[127.4971,-1.7237,5.8077],[127.5052,-1.7259,7.9662],[127.5281,-1.7253,9.2191]]],
[[[127.382,-1.3339,2.2151],[127.3825,-1.3324,3.4132],[127.3808,-1.3306,2.6583],[127.3738,-1.3312,0.0],[127.3764,-1.3348,0.0],[127.382,-1.3339,2.2151]]],
[[[127.4129,-1.3129,0.0],[127.3905,-1.3121,2.9589],[127.3793,-1.315,0.0],[127.3748,-1.3177,0.0],[127.3769,-1.3216,0.0],[127.3864,-1.3284,0.0],[127.3931,-1.3278,6.9711],[127.3933,-1.3243,12.1522],[127.4004,-1.321,11.2472],[127.406,-1.3253,4.5749],[127.4041,-1.3262,3.5476],[127.4018,-1.3243,2.5],[127.3941,-1.3265,11.2851],[127.394,-1.3277,11.2851],[127.4091,-1.3296,0.0],[127.4102,-1.3282,12.1665],[127.4077,-1.3267,10.5607],[127.4093,-1.325,0.8601],[127.4069,-1.3256,2.1045],[127.4108,-1.3228,14.1502],[127.4151,-1.3224,16.1205],[127.4138,-1.3268,4.9485],[127.4108,-1.3288,4.5411],[127.4129,-1.3323,2.2651],[127.4181,-1.333,0.0],[127.4222,-1.3317,0.8677],[127.4349,-1.3178,3.5354],[127.434,-1.3166,3.5354],[127.4177,-1.3157,2.5079],[127.4129,-1.3129,0.0]]],
[[[129.6358,-0.0755,0.0],[129.6361,-0.075,0.0],[129.6355,-0.0746,0.0],[129.6355,-0.0754,0.0],[129.6358,-0.0755,0.0]]],
[[[129.4222,-0.0823,2.4453],[129.4225,-0.0788,0.0],[129.4212,-0.0783,0.0],[129.4184,-0.0819,2.6792],[129.4141,-0.0834,3.9555],[129.4105,-0.0919,14.5129],[129.4161,-0.1027,7.7823],[129.4324,-0.1181,0.0],[129.4346,-0.1161,8.7271],[129.4338,-0.105,0.0],[129.4355,-0.0999,0.0],[129.4334,-0.0975,1.4671],[129.432,-0.0907,0.0],[129.4279,-0.0877,0.0],[129.4268,-0.0898,2.5265],[129.4303,-0.0936,5.8539],[129.4261,-0.1018,6.3627],[129.4222,-0.1019,7.4541],[129.4235,-0.0993,0.0],[129.4214,-0.0966,0.0],[129.424,-0.0969,0.0],[129.4255,-0.0953,0.9731],[129.4267,-0.088,5.7851],[129.4222,-0.0823,2.4453]]],
[[[129.6325,-0.0746,0.0],[129.6326,-0.0756,0.0],[129.6346,-0.0749,0.0],[129.6339,-0.0743,0.0],[129.6325,-0.0746,0.0]]],
[[[129.6337,-0.0732,0.0],[129.6322,-0.0732,0.0],[129.6311,-0.0749,0.0],[129.6314,-0.075,0.0],[129.6337,-0.0732,0.0]]],
[[[129.5605,-0.154,2.9103],[129.5466,-0.1296,2.446],[129.5352,-0.1229,0.0],[129.5325,-0.1189,0.0],[129.512,-0.1079,0.0],[129.5054,-0.101,0.0],[129.4729,-0.0867,7.8282],[129.4696,-0.0827,7.7656],[129.4661,-0.0743,0.0],[129.4601,-0.0672,0.0],[129.434,-0.0537,3.3834],[129.4128,-0.0249,0.0],[129.4014,-0.0132,20.4768],[129.3552,0.0122,3.9883],[129.3379,0.0256,0.0],[129.3139,0.0355,0.0],[129.2867,0.051,0.0],[129.28,0.0482,20.2752],[129.2793,0.0429,52.117],[129.2878,0.0298,10.967],[129.2903,0.0284,0.0],[129.297,0.0312,9.2043],[129.3111,0.0259,0.0],[129.3298,0.0228,17.2903],[129.3415,0.0143,20.8799],[129.3475,0.0055,10.6335],[129.3541,0.0025,4.8862],[129.36,-0.0037,0.0],[129.3598,-0.0024,8.3361],[129.3627,-0.0032,0.0],[129.3727,-0.0196,0.0],[129.3747,-0.0202,1.0418],[129.3818,-0.0306,15.4389],[129.3811,-0.0363,0.0],[129.3849,-0.0419,8.3072],[129.382,-0.0524,6.2227],[129.3879,-0.0606,2.911],[129.3822,-0.0662,0.0],[129.3818,-0.0715,11.5751],[129.3831,-0.0729,11.5751],[129.3924,-0.0746,0.0],[129.398,-0.0719,4.5021],[129.4016,-0.0721,3.2255],[129.4022,-0.0707,18.9199],[129.4145,-0.0713,0.0],[129.4264,-0.0758,3.741],[129.4328,-0.0836,1.7173],[129.4385,-0.0873,3.6157],[129.4397,-0.0863,4.9294],[129.4407,-0.0883,0.0],[129.4546,-0.0922,0.0],[129.4567,-0.0891,12.3861],[129.4613,-0.0923,1.7339],[129.4603,-0.0937,6.0262],[129.4616,-0.0979,3.5701],[129.4734,-0.1101,8.659],[129.4798,-0.1245,0.0],[129.4794,-0.1256,3.5206],[129.4779,-0.1241,0.0],[129.4739,-0.1279,0.9726],[129.4695,-0.1395,0.0],[129.4763,-0.1432,0.0],[129.4805,-0.1404,10.3832],[129.4856,-0.1419,7.4093],[129.4881,-0.1471,0.0],[129.4933,-0.1499,3.6788],[129.4973,-0.1502,10.3342],[129.4998,-0.1539,42.153],[129.4989,-0.1549,0.0],[129.5027,-0.158,0.0],[129.5078,-0.1609,36.0871],[129.516,-0.1623,24.5197],[129.512,-0.1659,5.564],[129.5128,-0.1692,1.0512],[129.5091,-0.172,5.0795],[129.5077,-0.1763,19.2431],[129.513,-0.1843,10.1696],[129.5195,-0.1859,8.0494],[129.521,-0.1996,0.0],[129.5311,-0.2068,2.3748],[129.5369,-0.2135,0.0],[129.5468,-0.2144,13.2671],[129.5508,-0.2101,0.0],[129.5475,-0.1992,38.1018],[129.5577,-0.2091,13.8414],[129.5634,-0.2125,1.2822],[129.5637,-0.2097,6.1497],[129.5606,-0.206,1.9518],[129.5598,-0.202,0.0],[129.5617,-0.1981,0.0],[129.5643,-0.1972,4.821],[129.5729,-0.2002,0.0],[129.5752,-0.1994,0.0],[129.5733,-0.1794,0.0],[129.5605,-0.154,2.9103]]],
[[[129.6425,-0.0399,12.4497],[129.6266,-0.0284,2.4984],[129.6032,-0.0044,0.0],[129.5931,-0.0016,5.2224],[129.5844,-0.0088,1.3791],[129.5835,-0.0125,12.3514],[129.5847,-0.0323,0.0],[129.5875,-0.0447,22.7872],[129.5972,-0.056,1.7891],[129.6082,-0.0651,0.0],[129.6245,-0.0713,0.0],[129.6299,-0.0697,0.0],[129.6287,-0.0674,0.0],[129.6257,-0.0694,0.0],[129.6239,-0.0669,0.0],[129.6195,-0.0657,3.0889],[129.6265,-0.0655,5.2055],[129.6233,-0.0618,0.0],[129.6234,-0.0583,0.0],[129.6321,-0.0585,0.0],[129.6321,-0.0568,0.677],[129.6353,-0.0557,0.0],[129.6271,-0.0517,7.5705],[129.6268,-0.048,0.0],[129.6199,-0.0456,4.1328],[129.6153,-0.0405,10.9118],[129.6162,-0.037,2.7564],[129.6193,-0.0357,7.5192],[129.6222,-0.0373,7.8737],[129.6253,-0.0365,3.0648],[129.625,-0.038,0.0],[129.6264,-0.0381,0.0],[129.6257,-0.0347,0.9741],[129.6238,-0.0343,4.4848],[129.6255,-0.0314,3.543],[129.6284,-0.0388,0.0],[129.6317,-0.0413,3.9126],[129.6278,-0.0399,0.0],[129.627,-0.0434,0.7506],[129.6306,-0.0428,0.563],[129.6296,-0.0449,1.7865],[129.6311,-0.048,0.0],[129.6418,-0.054,0.0],[129.6465,-0.0586,0.0],[129.6467,-0.0653,0.8362],[129.6434,-0.0679,2.0953],[129.6407,-0.0672,0.0],[129.6419,-0.0698,1.8988],[129.6495,-0.072,0.0],[129.6537,-0.0708,0.0],[129.657,-0.0645,0.982],[129.6569,-0.0556,0.0],[129.6537,-0.0478,0.0],[129.6425,-0.0399,12.4497]]],
[[[129.6265,0.0092,0.0],[129.6266,0.0067,0.0],[129.6283,0.0063,0.0],[129.6377,0.0097,2.066],[129.6384,0.0114,13.4139],[129.636,0.0179,4.0886],[129.6287,0.0237,2.1826],[129.6245,0.0209,15.0731],[129.6265,0.0092,0.0]]],
[[[127.1729,0.1555,0.2991],[127.1725,0.1552,0.0],[127.1726,0.1548,0.0],[127.1731,0.155,0.0],[127.1729,0.1555,0.2991]]],
[[[127.1717,0.1573,0.9468],[127.1726,0.1571,0.9468],[127.1725,0.1597,4.8353],[127.1715,0.159,0.0],[127.1717,0.1573,0.9468]]],
[[[127.1731,0.1602,4.8353],[127.173,0.16,4.8353],[127.1732,0.1593,4.8353],[127.1737,0.1605,0.0],[127.1731,0.1602,4.8353]]],
[[[127.156,0.1619,78.8505],[127.153,0.162,51.4018],[127.1461,0.1585,76.841],[127.1447,0.1564,0.0],[127.1451,0.1509,1.3102],[127.147,0.1502,0.0],[127.1538,0.157,0.0],[127.1583,0.1572,0.0],[127.156,0.1619,78.8505]]],
[[[128.9436,0.1917,19.0022],[128.9391,0.1925,0.0],[128.9435,0.1853,0.0],[128.9515,0.1779,0.0],[128.9569,0.1753,0.0],[128.9583,0.1753,4.1118],[128.9579,0.1771,19.187],[128.9626,0.1765,0.0],[128.9635,0.175,1.1845],[128.96,0.1756,0.0],[128.9568,0.1741,0.0],[128.9647,0.1743,7.8099],[128.9709,0.1677,0.0],[128.9783,0.1648,0.0],[128.9787,0.168,6.0391],[128.9681,0.1754,11.3935],[128.9642,0.1808,0.0],[128.9566,0.1836,18.6525],[128.9436,0.1917,19.0022]]],
[[[128.4775,0.6662,0.0],[128.4758,0.6671,0.0],[128.4726,0.6651,4.3882],[128.4743,0.6643,0.0],[128.4775,0.6662,0.0]]],
[[[128.3041,0.7072,2.5098],[128.3011,0.7085,19.4904],[128.2985,0.7036,0.0],[128.3044,0.7048,0.0],[128.3041,0.7072,2.5098]]],
[[[128.5184,0.7102,10.6341],[128.5184,0.7071,2.8127],[128.5257,0.7132,0.0],[128.5216,0.7122,1.3752],[128.5184,0.7102,10.6341]]],
[[[127.4802,0.7133,0.0],[127.4797,0.7128,0.0],[127.4799,0.7123,0.0],[127.4805,0.7125,0.0],[127.4802,0.7133,0.0]]],
[[[128.5498,0.7309,1.6382],[128.5523,0.7296,0.0],[128.5537,0.7313,0.0],[128.5498,0.7338,0.0],[128.5483,0.7325,6.6222],[128.5498,0.7309,1.6382]]],
[[[127.3624,0.7333,5.6104],[127.3639,0.728,0.0],[127.37,0.7235,0.0],[127.3746,0.7247,0.6887],[127.3795,0.7301,0.0],[127.3789,0.7357,0.7324],[127.3735,0.7407,1.396],[127.3667,0.7407,0.0],[127.3624,0.7333,5.6104]]],
[[[128.4964,0.7584,0.0],[128.496,0.7573,0.0],[128.4976,0.7577,1.5708],[128.4976,0.7584,1.5708],[128.4964,0.7584,0.0]]],
[[[128.5092,0.8003,0.0],[128.5096,0.7984,0.0],[128.5107,0.7988,0.0],[128.5105,0.8005,0.0],[128.5092,0.8003,0.0]]],
[[[128.1726,0.4403,0.0],[128.171,0.4446,8.0481],[128.1653,0.4465,0.0],[128.1666,0.4411,5.2529],[128.1688,0.4409,0.0],[128.1689,0.4429,9.3132],[128.1707,0.4418,11.8927],[128.1703,0.4399,0.0],[128.1726,0.4403,0.0]]],
[[[127.4188,0.4332,1.8767],[127.428,0.4366,3.296],[127.4288,0.4397,30.1251],[127.4333,0.4431,1.2516],[127.4327,0.4459,46.1993],[127.4398,0.4482,0.0],[127.4392,0.4521,0.0],[127.4345,0.4567,23.8691],[127.4343,0.4619,8.2714],[127.4252,0.4722,0.0],[127.4206,0.474,15.4523],[127.4178,0.4795,2.3464],[127.4053,0.481,0.0],[127.3963,0.4766,13.0792],[127.3941,0.4771,0.0],[127.3857,0.4707,6.5938],[127.3859,0.4666,8.8599],[127.3817,0.4546,7.0896],[127.3837,0.4468,5.5916],[127.3881,0.4398,7.0007],[127.3915,0.4389,11.0874],[127.3911,0.4406,12.9238],[127.3923,0.438,0.0],[127.399,0.4331,1.636],[127.4188,0.4332,1.8767]]],
[[[128.8734,0.469,0.0],[128.869,0.4787,2.8075],[128.8659,0.4789,0.0],[128.8619,0.4758,1.5001],[128.8665,0.4614,0.0],[128.8743,0.4545,0.0],[128.8746,0.4612,8.5925],[128.8734,0.469,0.0]]],
[[[128.8671,0.492,0.0],[128.8666,0.4918,0.0],[128.8665,0.4913,0.0],[128.867,0.4913,0.0],[128.8671,0.492,0.0]]],
[[[128.816,0.5636,2.0312],[128.8106,0.5657,0.0],[128.8077,0.565,12.6388],[128.8055,0.5598,19.7165],[128.8059,0.5544,8.9279],[128.8142,0.5347,11.2036],[128.8235,0.519,8.9661],[128.8302,0.5094,3.986],[128.8531,0.495,3.5248],[128.8571,0.4901,0.0],[128.8615,0.4905,0.0],[128.8626,0.4972,2.3315],[128.8559,0.5067,4.4607],[128.8544,0.5147,3.6402],[128.847,0.5278,0.0],[128.8292,0.5522,0.0],[128.816,0.5636,2.0312]]],
[[[127.4763,0.5816,0.0],[127.4746,0.584,0.0],[127.4754,0.585,0.0],[127.4774,0.5838,0.0],[127.4776,0.5865,0.0],[127.4756,0.5877,0.0],[127.4738,0.5821,0.0],[127.4745,0.5808,0.0],[127.4763,0.5816,0.0]]],
[[[127.47,0.5958,0.0],[127.4689,0.5982,0.0],[127.4687,0.5947,0.0],[127.4707,0.5939,0.0],[127.4727,0.5997,0.0],[127.4711,0.596,0.0],[127.47,0.5958,0.0]]],
[[[128.6452,0.6272,0.0],[128.6408,0.6334,6.8713],[128.6352,0.6337,12.1275],[128.633,0.6323,7.6784],[128.6351,0.6271,5.0966],[128.6389,0.6236,0.0],[128.6475,0.6222,0.0],[128.6483,0.623,0.0],[128.6452,0.6272,0.0]]],
[[[128.3791,0.6414,3.0598],[128.3782,0.6387,2.3804],[128.3797,0.6372,2.6918],[128.3825,0.6397,4.4585],[128.3807,0.6418,9.0913],[128.3791,0.6414,3.0598]]],
[[[128.5203,0.6266,4.5245],[128.5212,0.6244,0.0],[128.5235,0.6246,2.0377],[128.5292,0.6287,0.0],[128.5388,0.6323,3.3905],[128.541,0.6347,1.0755],[128.5407,0.6372,0.0],[128.5375,0.6391,1.6804],[128.5328,0.6388,0.0],[128.5208,0.6303,6.2416],[128.5203,0.6266,4.5245]]],
[[[128.6579,0.5584,0.0],[128.6535,0.5593,3.3114],[128.6499,0.557,5.8668],[128.6499,0.5555,5.8668],[128.652,0.5534,0.0],[128.6553,0.5538,0.0],[128.6581,0.5568,0.0],[128.6579,0.5584,0.0]]],
[[[128.6309,0.5639,0.0],[128.629,0.5671,0.0],[128.6189,0.5656,1.0828],[128.6209,0.5613,4.1333],[128.6259,0.5603,0.0],[128.6309,0.56,0.0],[128.6322,0.5618,0.0],[128.6309,0.5639,0.0]]],
[[[128.6483,0.5725,11.2672],[128.6468,0.5731,4.9974],[128.6481,0.5755,0.0],[128.6468,0.5779,3.6406],[128.6446,0.5774,1.0557],[128.6437,0.5751,8.2504],[128.6412,0.5752,7.9052],[128.6364,0.5716,1.6888],[128.6361,0.5653,0.0],[128.6482,0.5616,0.0],[128.6569,0.5643,2.876],[128.6624,0.5628,0.0],[128.6704,0.5678,0.0],[128.6661,0.5697,0.9266],[128.6643,0.5738,1.1672],[128.6603,0.5754,6.164],[128.6483,0.5725,11.2672]]],
[[[127.4007,0.5671,7.952],[127.4029,0.5688,32.8643],[127.4058,0.5678,7.3131],[127.4089,0.5731,5.4653],[127.4109,0.5736,0.0],[127.4107,0.581,0.0],[127.408,0.5846,10.0437],[127.402,0.5854,1.3004],[127.3992,0.5835,46.7168],[127.3981,0.5858,0.0],[127.395,0.5852,13.035],[127.3936,0.5867,0.0],[127.3857,0.5764,92.9031],[127.3849,0.5725,13.4187],[127.3817,0.5696,15.811],[127.3794,0.5627,0.0],[127.382,0.5583,0.0],[127.3828,0.5626,18.6941],[127.3853,0.5649,3.5202],[127.3915,0.5619,0.0],[127.3977,0.5638,45.3464],[127.4007,0.5671,7.952]]],
[[[127.4316,0.1446,0.0],[127.4332,0.145,0.0],[127.4341,0.1499,2.7431],[127.4297,0.1526,11.231],[127.428,0.1485,0.0],[127.4286,0.1454,0.0],[127.4304,0.1438,4.379],[127.4316,0.1446,0.0]]],
[[[127.4118,0.2793,10.8402],[127.4198,0.2832,2.6048],[127.4221,0.2827,0.0],[127.4244,0.2874,30.6663],[127.4274,0.2883,0.0],[127.4299,0.2916,0.0],[127.4305,0.3027,6.3323],[127.4407,0.3153,0.0],[127.4435,0.3243,0.0],[127.4387,0.331,7.18],[127.4429,0.3366,5.0804],[127.4371,0.3509,0.0],[127.4223,0.3665,8.9043],[127.42,0.373,9.2482],[127.4152,0.375,14.5002],[127.4031,0.373,22.205],[127.3982,0.3697,38.6288],[127.3879,0.3681,9.1711],[127.3736,0.3623,0.0],[127.3707,0.3586,24.2211],[127.3636,0.355,12.9053],[127.3458,0.3357,0.0],[127.3433,0.3297,0.0],[127.3501,0.3089,6.8545],[127.3617,0.2972,16.112],[127.365,0.296,0.0],[127.375,0.2848,0.0],[127.3847,0.2775,9.4146],[127.3946,0.2751,0.0],[127.3964,0.2767,2.8044],[127.402,0.2764,0.0],[127.4118,0.2793,10.8402]]],
[[[127.6243,0.3544,5.1361],[127.6218,0.3573,0.0],[127.6198,0.3554,0.0],[127.6194,0.3522,0.0],[127.6221,0.3525,6.2939],[127.6243,0.3544,5.1361]]],
[[[127.6429,0.357,14.2873],[127.6385,0.3577,3.0172],[127.6376,0.3555,0.0],[127.6418,0.3539,10.0559],[127.6457,0.3554,0.0],[127.645,0.3573,6.4707],[127.6429,0.357,14.2873]]],
[[[127.5907,0.3815,4.513],[127.5908,0.3795,1.28],[127.5925,0.3794,1.491],[127.5956,0.3823,0.0],[127.5943,0.3839,3.0501],[127.5907,0.3815,4.513]]],
[[[127.5881,0.3883,0.0],[127.5893,0.3916,2.6843],[127.5883,0.3929,1.7784],[127.5843,0.3888,0.0],[127.5865,0.3874,2.3186],[127.5881,0.3883,0.0]]],
[[[128.2926,0.3948,0.0],[128.295,0.3929,0.0],[128.2969,0.3937,2.2678],[128.2956,0.3979,0.0],[128.2926,0.3948,0.0]]],
[[[127.6093,0.3867,1.4626],[127.6085,0.3888,0.0],[127.6041,0.3885,11.1034],[127.6008,0.3838,1.8264],[127.6028,0.3827,2.8174],[127.6093,0.3867,1.4626]]],
[[[127.5831,0.3993,5.1686],[127.5788,0.3992,2.9061],[127.579,0.3965,1.2714],[127.5823,0.3935,0.0],[127.5844,0.3938,5.848],[127.5866,0.3988,0.0],[127.5831,0.3993,5.1686]]],
[[[127.9124,0.3971,8.3252],[127.9127,0.3985,0.0],[127.9116,0.3967,3.2055],[127.9131,0.396,0.0],[127.9124,0.3971,8.3252]]],
[[[126.1487,0.9627,24.0834],[126.1464,0.9644,20.4234],[126.1488,0.9663,21.2476],[126.1448,0.9716,18.4376],[126.1494,0.9726,17.8989],[126.1542,0.969,0.0],[126.1563,0.9737,6.8489],[126.1546,0.9771,0.0],[126.1521,0.9766,16.991],[126.1344,0.9816,21.9865],[126.1273,0.9807,0.0],[126.1292,0.9752,0.0],[126.1369,0.9716,3.948],[126.1418,0.9623,9.9463],[126.145,0.962,4.3098],[126.1535,0.9563,6.878],[126.162,0.9578,0.0],[126.1615,0.9611,0.0],[126.1564,0.9637,27.3323],[126.1506,0.9646,3.3543],[126.1501,0.9634,2.7496],[126.1519,0.9626,13.1446],[126.1508,0.9614,24.3694],[126.1487,0.9627,24.0834]]],
[[[126.1501,0.9875,0.0],[126.1474,0.989,4.3888],[126.145,0.9873,3.3024],[126.1504,0.9846,0.0],[126.1523,0.9857,0.0],[126.1501,0.9875,0.0]]],
[[[126.3999,1.3109,47.9076],[126.399,1.3164,19.281],[126.4003,1.3182,4.4111],[126.4103,1.3236,0.0],[126.4163,1.329,29.0465],[126.4163,1.3333,27.6013],[126.4133,1.3371,0.0],[126.4106,1.3389,0.0],[126.395,1.3413,17.1602],[126.3919,1.3446,6.9185],[126.3878,1.3456,11.5932],[126.3876,1.3486,21.0168],[126.3838,1.3488,22.8846],[126.3849,1.351,10.1912],[126.3815,1.3531,0.0],[126.377,1.3488,3.2041],[126.3698,1.3468,13.0016],[126.3644,1.3419,1.8784],[126.3576,1.3307,0.0],[126.3566,1.3238,0.0],[126.3578,1.319,0.0],[126.3652,1.3194,3.2172],[126.3766,1.312,11.9715],[126.3773,1.3063,3.5957],[126.3836,1.3008,42.7688],[126.383,1.2981,0.0],[126.3861,1.2927,25.2455],[126.3881,1.2934,66.9376],[126.3877,1.2918,15.4117],[126.3938,1.2849,0.0],[126.3925,1.2819,0.0],[126.394,1.28,0.0],[126.3984,1.2862,0.0],[126.3975,1.2956,28.688],[126.3997,1.301,26.3525],[126.3999,1.3109,47.9076]]],
[[[127.3784,0.7678,0.0],[127.378,0.7671,0.0],[127.3781,0.767,0.0],[127.3784,0.7678,0.0]]],
[[[127.3785,0.768,0.0],[127.3785,0.7684,0.0],[127.3784,0.768,0.0],[127.3785,0.768,0.0]]],
[[[127.5948,0.7727,0.0],[127.5962,0.7711,1.168],[127.5974,0.7711,1.168],[127.5967,0.7746,1.1397],[127.5948,0.7727,0.0]]],
[[[127.5625,0.7829,0.0],[127.5642,0.7824,0.0],[127.5646,0.7829,0.0],[127.5637,0.7843,0.0],[127.5625,0.7829,0.0]]],
[[[127.3712,0.6405,3.3567],[127.3785,0.6303,0.0],[127.3833,0.6266,0.0],[127.4015,0.6219,0.0],[127.4124,0.6223,5.5695],[127.4287,0.6289,18.6472],[127.4301,0.6321,32.1311],[127.432,0.6324,9.5852],[127.4322,0.6361,10.8921],[127.4426,0.6468,8.4244],[127.4479,0.6544,0.0],[127.4508,0.6648,7.1333],[127.4563,0.6726,0.0],[127.4567,0.6784,0.6701],[127.454,0.6821,3.4488],[127.4558,0.6876,0.0],[127.4575,0.7072,5.2151],[127.4605,0.7146,7.5535],[127.4588,0.7192,3.3595],[127.455,0.7224,57.167],[127.455,0.7316,25.2699],[127.4513,0.7361,10.8878],[127.4515,0.7406,0.0],[127.4485,0.7459,0.0],[127.4323,0.7477,3.3384],[127.43,0.75,6.1484],[127.4259,0.7492,0.0],[127.4212,0.7521,0.0],[127.4181,0.751,16.0167],[127.4171,0.7526,0.0],[127.4151,0.7523,0.0],[127.4149,0.7499,27.5424],[127.4089,0.748,17.5111],[127.4055,0.7513,12.0125],[127.4067,0.7563,0.0],[127.4056,0.759,0.0],[127.3992,0.7573,0.0],[127.3946,0.7518,16.7317],[127.3894,0.7522,0.0],[127.3894,0.7505,6.009],[127.3855,0.7477,11.0461],[127.3869,0.7405,12.6874],[127.3843,0.7343,4.4109],[127.3867,0.7254,5.664],[127.3804,0.715,3.0474],[127.3787,0.7056,1.7118],[127.3682,0.6936,10.1043],[127.3657,0.6838,0.9349],[127.362,0.6783,1.8032],[127.3652,0.652,3.4552],[127.3678,0.6442,12.3846],[127.3712,0.6405,3.3567]]],
[[[127.3881,0.8084,0.0],[127.3884,0.8083,0.0],[127.3884,0.8085,0.0],[127.3883,0.8085,0.0],[127.3881,0.8084,0.0]]],
[[[127.3228,0.7548,0.7788],[127.3308,0.7552,0.0],[127.3381,0.7532,0.0],[127.3521,0.7595,25.8073],[127.3706,0.7602,0.5558],[127.3747,0.764,5.4091],[127.3767,0.764,0.0],[127.3755,0.7644,0.0],[127.3775,0.7661,0.0],[127.3799,0.7744,4.247],[127.3817,0.7735,0.0],[127.3865,0.777,0.0],[127.3912,0.7893,3.3972],[127.3907,0.794,1.8488],[127.3864,0.8007,2.54],[127.3879,0.8012,0.0],[127.3871,0.8046,2.4277],[127.3902,0.8187,2.2032],[127.3888,0.8283,3.5547],[127.3864,0.8333,0.0],[127.3772,0.8408,1.3906],[127.3678,0.8448,5.5104],[127.3528,0.8541,0.0],[127.3411,0.8636,3.3196],[127.3357,0.8624,3.3307],[127.327,0.8676,2.5888],[127.3224,0.8659,2.117],[127.3204,0.8622,8.1795],[127.3185,0.8639,0.0],[127.3183,0.8534,35.0938],[127.3135,0.8476,0.0],[127.3021,0.841,4.6029],[127.3002,0.8317,22.5614],[127.2954,0.8246,4.4393],[127.2938,0.8179,6.038],[127.2936,0.8084,12.8723],[127.2951,0.8045,28.6349],[127.2927,0.7976,0.0],[127.294,0.791,2.7076],[127.2981,0.7866,26.2815],[127.2981,0.784,14.0916],[127.3019,0.7783,15.4823],[127.3037,0.7693,4.2896],[127.3062,0.7648,3.7613],[127.3145,0.756,0.0],[127.3161,0.7574,9.3326],[127.3228,0.7548,0.7788]],
[[127.3891,0.7849,2.1269],[127.3891,0.785,2.1269],[127.3893,0.785,2.1269],[127.3893,0.7849,2.1269],[127.3891,0.7849,2.1269]]],
[[[128.3199,0.8231,0.0],[128.3197,0.8229,0.0],[128.3197,0.8219,0.0],[128.3202,0.8224,0.0],[128.3199,0.8231,0.0]]],
[[[128.4431,0.8389,0.0],[128.4425,0.8388,0.0],[128.4424,0.8385,0.0],[128.443,0.8386,0.0],[128.4431,0.8389,0.0]]],
[[[128.323,0.8418,0.0],[128.3204,0.8431,9.8031],[128.3195,0.8367,0.0],[128.3213,0.8338,1.6873],[128.3221,0.8259,66.2555],[128.3268,0.8245,0.0],[128.3301,0.8268,0.0],[128.3325,0.8313,0.0],[128.33,0.8361,28.6341],[128.3254,0.838,20.8479],[128.323,0.8418,0.0]]],
[[[127.5987,0.8606,3.0316],[127.5988,0.859,3.4763],[127.6004,0.8589,1.4103],[127.6011,0.8619,3.8111],[127.5998,0.8625,1.1865],[127.5987,0.8606,3.0316]]],
[[[127.5101,0.8617,5.3308],[127.5099,0.8589,4.7069],[127.5141,0.8602,0.0],[127.5123,0.8643,1.4194],[127.5101,0.8617,5.3308]]],
[[[127.516,0.863,0.0],[127.5146,0.8643,1.1554],[127.5137,0.863,2.3434],[127.515,0.8621,2.3434],[127.516,0.863,0.0]]],
[[[127.5324,0.8644,0.0],[127.5322,0.8647,0.0],[127.5319,0.8645,0.0],[127.532,0.8642,0.0],[127.5324,0.8644,0.0]]],
[[[127.4959,0.8763,0.0],[127.4958,0.8765,0.0],[127.4956,0.8766,0.0],[127.4956,0.8763,0.0],[127.4959,0.8763,0.0]]],
[[[127.6955,0.8803,0.0],[127.695,0.8806,0.0],[127.6949,0.88,0.0],[127.6956,0.8799,0.0],[127.6955,0.8803,0.0]]],
[[[127.6624,0.8769,0.0],[127.6629,0.8773,0.0],[127.6616,0.8785,0.0],[127.6614,0.877,0.0],[127.6624,0.8769,0.0]]],
[[[127.5338,0.8801,1.2268],[127.5345,0.8789,1.2268],[127.5357,0.8795,1.2268],[127.5352,0.8807,0.0],[127.5338,0.8801,1.2268]]],
[[[127.5302,0.8774,0.0],[127.5296,0.8784,2.1498],[127.5274,0.8769,0.0],[127.5282,0.8762,0.0],[127.5302,0.8774,0.0]]],
[[[127.5073,0.881,0.0],[127.5076,0.88,0.0],[127.5085,0.8801,0.0],[127.5085,0.8814,0.0],[127.5073,0.881,0.0]]],
[[[127.5154,0.8791,0.8985],[127.5145,0.8814,2.7462],[127.5126,0.8808,0.7409],[127.5133,0.8788,4.8854],[127.5154,0.8791,0.8985]]],
[[[127.5409,0.8814,0.0],[127.5403,0.8814,0.0],[127.54,0.8802,2.0713],[127.5412,0.8807,0.0],[127.5409,0.8814,0.0]]],
[[[127.5597,0.8692,2.9925],[127.5617,0.8699,1.9634],[127.5611,0.8715,2.2623],[127.5581,0.8689,0.0],[127.5597,0.8692,2.9925]]],
[[[127.5574,0.872,1.9724],[127.5578,0.8735,1.0723],[127.556,0.8733,0.0],[127.5564,0.8711,0.0],[127.5586,0.8712,0.8257],[127.5574,0.872,1.9724]]],
[[[127.514,0.8731,0.7623],[127.5135,0.8722,0.7623],[127.5146,0.8717,0.0],[127.5147,0.8726,0.7623],[127.514,0.8731,0.7623]]],
[[[127.5178,0.874,0.0],[127.5171,0.8742,0.0],[127.5171,0.8736,0.0],[127.518,0.8736,0.0],[127.5178,0.874,0.0]]],
[[[127.5197,0.8725,4.9793],[127.5222,0.8713,0.0],[127.5218,0.8738,0.0],[127.5201,0.8746,0.8779],[127.5197,0.8725,4.9793]]],
[[[127.5069,0.8653,0.0],[127.5081,0.8637,0.0],[127.5095,0.8652,0.0],[127.5078,0.8679,0.0],[127.5064,0.8671,0.0],[127.5069,0.8653,0.0]]],
[[[127.5491,0.8709,1.7612],[127.5486,0.8736,1.0169],[127.5448,0.8739,0.5529],[127.547,0.8662,1.1727],[127.5502,0.8646,0.0],[127.5539,0.8652,0.0],[127.5542,0.8668,2.6662],[127.5494,0.869,3.2809],[127.5515,0.8686,0.0],[127.5517,0.87,0.0],[127.5491,0.8709,1.7612]]],
[[[127.532,0.8761,0.8469],[127.5315,0.8751,2.5673],[127.5317,0.8741,2.5673],[127.5327,0.8754,1.2072],[127.532,0.8761,0.8469]]],
[[[127.529,0.8741,1.3987],[127.5306,0.8732,0.0],[127.5309,0.8759,0.8732],[127.5301,0.876,0.8732],[127.529,0.8741,1.3987]]],
[[[127.5252,0.8738,0.0],[127.5272,0.8721,1.6076],[127.5265,0.8762,0.0],[127.5254,0.8756,0.0],[127.5252,0.8738,0.0]]],
[[[127.3102,0.9125,0.0],[127.3103,0.9136,0.0],[127.309,0.9128,-0.0054],[127.3096,0.9123,0.0],[127.3102,0.9125,0.0]]],
[[[127.509,0.8852,0.0],[127.5095,0.8852,0.0],[127.5096,0.8856,0.0],[127.509,0.8856,0.0],[127.509,0.8852,0.0]]],
[[[127.5156,0.8851,0.0],[127.515,0.8865,0.7876],[127.5141,0.8858,0.7876],[127.5149,0.8848,0.0],[127.5156,0.8851,0.0]]],
[[[127.5192,0.8858,0.7553],[127.5193,0.8853,1.8801],[127.5202,0.8855,0.0],[127.5201,0.8861,0.0],[127.5192,0.8858,0.7553]]],
[[[127.931,0.9935,27.0222],[127.9295,0.996,0.0],[127.9278,0.994,15.4536],[127.9245,0.9944,0.0],[127.9254,0.9912,8.6603],[127.9311,0.9893,0.0],[127.9338,0.9915,0.0],[127.931,0.9935,27.0222]]],
[[[127.9322,1.0048,0.0],[127.9323,1.0052,0.0],[127.932,1.0053,0.0],[127.9319,1.0052,0.0],[127.9322,1.0048,0.0]]],
[[[127.9511,1.0266,0.0],[127.9507,1.0244,0.0],[127.9521,1.0245,0.0],[127.9525,1.0254,0.0],[127.9511,1.0266,0.0]]],
[[[127.8876,1.15,19.1073],[127.8836,1.1508,14.0793],[127.8845,1.1473,8.3968],[127.8891,1.148,1.6525],[127.8876,1.15,19.1073]]],
[[[127.8819,1.1485,0.0],[127.8816,1.1528,6.4986],[127.8763,1.1508,3.6964],[127.8803,1.1478,0.0],[127.8819,1.1485,0.0]]],
[[[128.0267,1.2989,0.0],[128.0216,1.2993,10.8215],[128.0143,1.2915,6.7293],[128.0079,1.288,3.7981],[128.0065,1.2813,0.0],[128.0195,1.2833,0.0],[128.0219,1.2887,0.0],[128.028,1.2955,0.0],[128.0267,1.2989,0.0]]],
[[[127.5165,1.5522,0.0],[127.517,1.5537,0.0],[127.5164,1.5539,0.0],[127.5149,1.5522,0.0],[127.5165,1.5522,0.0]]],
[[[128.0479,1.5558,3.0348],[128.0426,1.5623,0.0],[128.0407,1.5626,1.8245],[128.0403,1.5588,12.1114],[128.0479,1.5558,3.0348]]],
[[[128.025,1.5908,11.6425],[128.0237,1.593,2.7588],[128.0213,1.5916,0.0],[128.0235,1.5886,5.628],[128.025,1.5908,11.6425]]],
[[[128.0586,1.5934,0.535],[128.058,1.5924,0.0],[128.0597,1.5922,0.535],[128.0593,1.5931,0.535],[128.0586,1.5934,0.535]]],
[[[128.0507,1.5532,22.1484],[128.0527,1.5505,36.9989],[128.0547,1.5513,0.0],[128.0492,1.5555,0.0],[128.0507,1.5532,22.1484]]],
[[[128.0622,1.5698,7.8158],[128.0563,1.5735,13.9105],[128.0511,1.5818,1.0917],[128.048,1.5805,0.0],[128.0469,1.5753,1.0619],[128.0495,1.5664,0.0],[128.0522,1.5628,5.5121],[128.0518,1.5558,8.5753],[128.0571,1.5548,0.0],[128.0674,1.5647,5.258],[128.0666,1.5669,17.37],[128.0622,1.5698,7.8158]]],
[[[128.0182,1.5961,9.5632],[128.0196,1.5939,4.3336],[128.021,1.5949,4.3336],[128.0189,1.6001,6.7181],[128.0176,1.5996,6.7181],[128.0182,1.5961,9.5632]]],
[[[127.5569,1.6455,0.0],[127.5568,1.6444,0.0],[127.5572,1.6439,0.0],[127.5577,1.6444,0.0],[127.5569,1.6455,0.0]]],
[[[127.5395,1.6605,0.0],[127.5388,1.6599,0.0],[127.5389,1.6585,0.0],[127.54,1.6596,0.0],[127.5395,1.6605,0.0]]],
[[[127.4913,1.6605,0.0],[127.4923,1.6632,0.0],[127.4892,1.6612,0.0],[127.4907,1.6595,0.0],[127.4913,1.6605,0.0]]],
[[[127.4918,1.6716,39.9995],[127.4893,1.6719,28.612],[127.4886,1.6762,0.4207],[127.4879,1.6727,16.5086],[127.4855,1.6745,0.0],[127.481,1.6716,67.72],[127.4825,1.6666,70.896],[127.4795,1.6609,0.0],[127.4826,1.6596,65.1026],[127.4825,1.6559,30.984],[127.4854,1.6534,0.0],[127.48779999999999,1.6565,16.6997],[127.4879,1.6684,46.4326],[127.4923,1.6686,0.0],[127.4941,1.6718,0.0],[127.4918,1.6716,39.9995]]],
[[[127.5225,0.8772,2.5454],[127.5241,0.8776,1.2946],[127.5245,0.88,2.6482],[127.5216,0.8833,2.534],[127.5172,0.8803,0.8985],[127.5182,0.8782,0.0],[127.5225,0.8772,2.5454]]],
[[[127.5384,0.8803,0.0],[127.5397,0.8812,3.0682],[127.5391,0.8826,1.8805],[127.5365,0.8813,2.3595],[127.5384,0.8803,0.0]]],
[[[127.5129,0.883,0.9762],[127.5125,0.8821,0.9762],[127.513,0.8811,0.7409],[127.5138,0.8823,0.7624],[127.5129,0.883,0.9762]]],
[[[127.5088,0.8829,1.9555],[127.5111,0.8814,0.0],[127.512,0.8827,0.9762],[127.5108,0.8839,0.0],[127.5088,0.8829,1.9555]]],
[[[127.5043,0.8823,1.4624],[127.4999,0.8847,1.436],[127.4988,0.884,1.436],[127.5011,0.8791,5.0403],[127.4993,0.8781,4.9699],[127.4975,0.8724,1.5301],[127.4978,0.8689,0.0],[127.5002,0.866,2.1574],[127.5044,0.8701,1.1722],[127.5038,0.8755,2.9991],[127.5069,0.8799,3.5278],[127.5043,0.8823,1.4624]]],
[[[127.5229,0.884,0.0],[127.5239,0.8828,0.0],[127.525,0.8838,1.1654],[127.5235,0.8845,1.1654],[127.5229,0.884,0.0]]],
[[[127.329,0.8879,9.4876],[127.3314,0.892,11.8287],[127.3294,0.9017,53.0358],[127.3219,0.9075,8.2092],[127.3174,0.9085,60.1923],[127.3161,0.9131,0.0],[127.3138,0.9131,20.0033],[127.3106,0.9085,4.0182],[127.3104,0.9045,16.8023],[127.3054,0.9028,4.7522],[127.3029,0.8976,0.0],[127.3055,0.8962,106.7448],[127.3071,0.8906,30.768],[127.3154,0.8819,0.0],[127.3212,0.8821,51.8725],[127.329,0.8879,9.4876]]],
[[[127.5183,0.8843,1.8801],[127.5181,0.8834,0.0],[127.52,0.8835,0.0],[127.5199,0.8839,0.0],[127.5183,0.8843,1.8801]]],
[[[127.0634,-0.2772,0.0],[127.0632,-0.2757,2.0486],[127.0601,-0.2749,0.0],[127.0595,-0.2782,19.6922],[127.057,-0.2777,3.243],[127.0572,-0.2815,12.8988],[127.0557,-0.2822,0.0],[127.057,-0.2862,34.3327],[127.0559,-0.289,0.0],[127.0574,-0.2906,2.4243],[127.0569,-0.2979,0.0],[127.059,-0.2978,0.0],[127.0614,-0.2938,0.0],[127.0678,-0.2942,8.6591],[127.0677,-0.2921,39.1163],[127.0693,-0.2911,0.0],[127.0688,-0.2879,0.0],[127.0671,-0.2873,7.2399],[127.0692,-0.2802,0.0],[127.0682,-0.2784,0.0],[127.0669,-0.2833,31.8608],[127.0648,-0.2847,11.695],[127.0659,-0.2876,11.4355],[127.0618,-0.2892,9.9314],[127.0613,-0.2804,0.0],[127.0634,-0.2772,0.0]]],
[[[127.0289,-0.1972,0.0],[127.0286,-0.1974,0.0],[127.0288,-0.1979,0.0],[127.0291,-0.1977,0.0],[127.0289,-0.1972,0.0]]],
[[[127.0302,-0.1961,0.0],[127.0301,-0.1964,0.0],[127.0303,-0.1972,0.0],[127.0308,-0.1963,0.0],[127.0302,-0.1961,0.0]]],
[[[127.1384,-0.1777,2.7691],[127.1383,-0.1773,2.7691],[127.138,-0.1772,2.7691],[127.138,-0.1777,2.7691],[127.1384,-0.1777,2.7691]]],
[[[127.1411,-0.1774,2.0092],[127.1419,-0.1782,0.0],[127.1411,-0.176,0.0],[127.1395,-0.176,0.0],[127.1402,-0.1786,0.2984],[127.1407,-0.1786,0.2984],[127.1407,-0.1773,12.6237],[127.1411,-0.1774,2.0092]]],
[[[127.0736,-0.2676,3.4426],[127.0917,-0.2584,0.0],[127.0897,-0.2515,2.7504],[127.0908,-0.2457,17.4384],[127.0873,-0.242,0.0],[127.0886,-0.24,0.0],[127.0868,-0.2378,0.0],[127.0842,-0.2385,0.0],[127.082,-0.2427,3.0803],[127.0846,-0.2471,16.1234],[127.0812,-0.2459,1.8109],[127.0779,-0.2438,2.829],[127.0777,-0.2405,0.0],[127.0733,-0.2328,0.0],[127.0667,-0.2296,57.0299],[127.0614,-0.2299,113.4051],[127.0611,-0.2283,22.3751],[127.059,-0.2308,22.551],[127.0558,-0.2302,0.0],[127.0562,-0.2389,24.7652],[127.0543,-0.2388,8.8934],[127.0508,-0.2422,19.7243],[127.0456,-0.2404,25.339],[127.0432,-0.2411,0.0],[127.0441,-0.2499,15.6373],[127.0394,-0.2571,0.0],[127.0429,-0.2584,55.0678],[127.0432,-0.2647,0.0],[127.0468,-0.2671,18.7296],[127.0473,-0.2699,43.4737],[127.0458,-0.2697,14.9099],[127.0431,-0.2748,45.6669],[127.0388,-0.2737,94.992],[127.038,-0.2711,34.85],[127.0403,-0.2659,0.0],[127.039,-0.2622,3.2117],[127.033,-0.2601,84.5532],[127.0312,-0.2554,9.8291],[127.021,-0.2622,0.0],[127.0241,-0.2641,4.0062],[127.0249,-0.267,0.0],[127.0322,-0.27,17.1246],[127.0309,-0.2724,0.0],[127.0323,-0.2731,2.0087],[127.0324,-0.2764,32.2244],[127.0261,-0.2833,0.0],[127.0289,-0.2826,16.1798],[127.034,-0.2845,62.789],[127.0365,-0.2879,21.0294],[127.0355,-0.2911,1.4696],[127.0366,-0.2909,23.851],[127.0367,-0.293,0.0],[127.0396,-0.2899,15.5446],[127.0377,-0.2865,21.0294],[127.0408,-0.2836,37.2442],[127.0447,-0.2832,0.0],[127.0438,-0.2796,4.1539],[127.0474,-0.2816,0.0],[127.0497,-0.2798,6.9244],[127.0518,-0.2806,0.0],[127.0563,-0.2771,9.4041],[127.0558,-0.2723,15.2714],[127.0578,-0.274,0.0],[127.0617,-0.2723,2.3967],[127.0638,-0.2733,0.0],[127.0736,-0.2676,3.4426]]],
[[[127.0197,-0.2604,0.0],[127.021,-0.26,0.0],[127.0202,-0.2588,4.397],[127.0189,-0.2599,1.8294],[127.0197,-0.2604,0.0]]],
[[[127.3013,-0.2396,0.0],[127.3022,-0.2405,0.0],[127.3027,-0.2402,0.0],[127.3012,-0.2382,0.0],[127.3013,-0.2396,0.0]]],
[[[127.4341,-0.2329,0.0],[127.4347,-0.2333,0.0],[127.4353,-0.2324,0.0],[127.4345,-0.2323,0.0],[127.4341,-0.2329,0.0]]],
[[[127.3158,-0.2327,0.0],[127.3137,-0.2287,0.0],[127.3094,-0.2268,42.4475],[127.298,-0.228,9.9082],[127.2998,-0.2368,0.0],[127.3005,-0.2345,18.3307],[127.3025,-0.2358,6.2359],[127.3057,-0.2426,1.1159],[127.3091,-0.24,0.0],[127.3098,-0.235,0.0],[127.3128,-0.2346,0.0],[127.3145,-0.2366,0.0],[127.3167,-0.2356,0.0],[127.3158,-0.2327,0.0]]],
[[[127.0588,-0.2289,0.0],[127.0589,-0.2281,0.0],[127.0588,-0.2281,0.0],[127.0584,-0.2289,0.0],[127.0588,-0.2289,0.0]]],
[[[127.2789,-0.2932,0.0],[127.2776,-0.2937,0.0],[127.2774,-0.2948,0.0],[127.279,-0.2943,0.0],[127.2789,-0.2932,0.0]]],
[[[127.2603,-0.2704,0.0],[127.2601,-0.2708,0.0],[127.2606,-0.2709,0.0],[127.2607,-0.2705,0.0],[127.2603,-0.2704,0.0]]],
[[[127.1338,-0.2735,0.0],[127.1334,-0.274,0.0],[127.1339,-0.2742,0.0],[127.1339,-0.2735,0.0],[127.1338,-0.2735,0.0]]],
[[[127.1178,-0.2852,13.1516],[127.1182,-0.2852,15.9298],[127.1181,-0.2844,0.0],[127.1178,-0.2845,0.0],[127.1178,-0.2852,13.1516]]],
[[[127.2723,-0.2783,0.0],[127.2723,-0.2791,0.0],[127.2726,-0.2791,0.0],[127.2728,-0.2784,0.0],[127.2723,-0.2783,0.0]]],
[[[127.2751,-0.2778,0.0],[127.2739,-0.2779,0.0],[127.2736,-0.2782,0.0],[127.2756,-0.2785,0.0],[127.2751,-0.2778,0.0]]],
[[[127.2702,-0.2943,0.0],[127.2715,-0.2959,0.0],[127.2716,-0.2946,0.0],[127.2697,-0.2923,0.0],[127.2702,-0.2943,0.0]]],
[[[127.276,-0.2935,0.0],[127.2764,-0.2934,0.0],[127.2765,-0.2928,0.0],[127.2761,-0.2929,0.0],[127.276,-0.2935,0.0]]],
[[[127.2518,-0.2605,17.7446],[127.2518,-0.2609,17.7446],[127.2527,-0.261,0.0],[127.2516,-0.26,17.7446],[127.2518,-0.2605,17.7446]]],
[[[127.2468,-0.2553,3.0953],[127.2473,-0.2555,3.0953],[127.2476,-0.2545,0.0],[127.2471,-0.2545,0.0],[127.2468,-0.2553,3.0953]]],
[[[127.229,-0.2516,0.0],[127.2287,-0.2515,0.0],[127.2288,-0.252,0.0],[127.229,-0.252,0.0],[127.229,-0.2516,0.0]]],
[[[127.0939,-0.2558,0.0],[127.1092,-0.2521,6.366],[127.1141,-0.243,0.0],[127.1217,-0.2407,10.1772],[127.1264,-0.2357,0.0],[127.1326,-0.2217,0.0],[127.1307,-0.2148,0.0],[127.1317,-0.2112,0.0],[127.1274,-0.2051,13.0854],[127.1358,-0.2029,18.5039],[127.1413,-0.1977,0.0],[127.1427,-0.1926,35.1481],[127.1494,-0.1882,0.0],[127.1523,-0.1833,6.0098],[127.1494,-0.1835,23.8751],[127.1446,-0.1802,0.0],[127.1432,-0.183,38.0729],[127.1408,-0.1799,2.612],[127.1371,-0.1827,20.8123],[127.1365,-0.1798,45.8301],[127.1386,-0.1807,9.214],[127.1396,-0.1783,0.2984],[127.1384,-0.1791,13.8349],[127.1375,-0.1774,2.7691],[127.134,-0.1765,19.5582],[127.1302,-0.1785,20.5433],[127.1281,-0.1773,0.0],[127.1295,-0.1844,10.0002],[127.1275,-0.1829,0.7937],[127.1274,-0.1812,0.0],[127.1249,-0.1858,14.2055],[127.1218,-0.1871,0.0],[127.1132,-0.2009,3.0883],[127.1127,-0.2075,14.0499],[127.1096,-0.213,13.5638],[127.1045,-0.2165,118.8139],[127.094,-0.2116,11.7368],[127.0932,-0.2142,5.9693],[127.0915,-0.2145,5.9693],[127.0918,-0.2188,52.5114],[127.089,-0.2237,6.8544],[127.088,-0.231,19.0742],[127.0916,-0.2316,0.0],[127.0907,-0.2294,20.5047],[127.0934,-0.2292,15.9231],[127.0938,-0.2274,9.7688],[127.0979,-0.2302,2.3448],[127.0963,-0.2391,65.0377],[127.0925,-0.2402,0.0],[127.0948,-0.245,0.0],[127.0941,-0.2468,24.8967],[127.0926,-0.2462,0.0],[127.0912,-0.2515,2.7504],[127.0939,-0.2558,0.0]],
[[127.136,-0.1774,4.4261],[127.1361,-0.1772,4.4261],[127.1364,-0.1772,4.4261],[127.1364,-0.1775,4.4261],[127.136,-0.1774,4.4261]]],
[[[127.2115,-0.1131,5.9938],[127.2115,-0.1134,5.9938],[127.2118,-0.1136,5.9938],[127.2117,-0.113,5.9938],[127.2115,-0.1131,5.9938]]],
[[[127.2049,-0.1133,0.0],[127.2069,-0.1132,3.833],[127.2069,-0.1125,2.5158],[127.2055,-0.1125,1.0845],[127.2049,-0.1133,0.0]]],
[[[127.4093,-0.1032,0.0],[127.4091,-0.1041,0.0],[127.4094,-0.1042,0.0],[127.4097,-0.1035,0.0],[127.4093,-0.1032,0.0]]],
[[[127.4183,-0.093,0.0],[127.42,-0.0926,0.0],[127.417,-0.0882,0.0],[127.4178,-0.092,0.0],[127.4183,-0.093,0.0]]],
[[[127.4477,-0.0897,0.0],[127.447,-0.0874,1.0787],[127.4427,-0.0865,2.7582],[127.4405,-0.0834,2.4944],[127.4378,-0.0829,0.0],[127.434,-0.086,0.0],[127.4437,-0.0945,2.6941],[127.447,-0.0936,0.0],[127.4477,-0.0897,0.0]]],
[[[127.4304,-0.0834,0.6747],[127.4313,-0.0839,0.0],[127.4339,-0.0816,0.7104],[127.4304,-0.0804,4.8721],[127.4304,-0.0834,0.6747]]],
[[[127.4222,-0.0846,0.0],[127.426,-0.0856,6.1016],[127.427,-0.0821,2.7608],[127.4263,-0.079,12.0189],[127.4227,-0.076,0.0],[127.4203,-0.0767,0.0],[127.42,-0.0784,0.0],[127.4222,-0.0846,0.0]]],
[[[127.4372,-0.0801,0.0],[127.4397,-0.0781,0.0],[127.4382,-0.0737,0.6361],[127.4345,-0.0765,0.0],[127.4372,-0.0801,0.0]]],
[[[127.2034,-0.0454,0.0],[127.2036,-0.0449,0.0],[127.2028,-0.0447,0.0],[127.2029,-0.0451,0.0],[127.2034,-0.0454,0.0]]],
[[[127.4298,-0.0606,1.0528],[127.4201,-0.0593,7.1628],[127.4201,-0.0687,0.0],[127.431,-0.0748,0.0],[127.4357,-0.0741,8.0045],[127.4376,-0.0716,0.4738],[127.4385,-0.0736,0.6361],[127.439,-0.0715,0.4738],[127.435,-0.0634,16.5104],[127.4298,-0.0606,1.0528]]],
[[[127.4703,-0.0669,1.2403],[127.472,-0.067,1.2403],[127.4686,-0.06,2.4122],[127.467,-0.0653,1.0172],[127.4688,-0.0688,0.6052],[127.4703,-0.0669,1.2403]]],
[[[127.1664,-0.0126,0.0],[127.1664,-0.0123,0.0],[127.166,-0.0125,0.0],[127.1661,-0.0126,0.0],[127.1664,-0.0126,0.0]]],
[[[127.1754,-0.0376,0.8136],[127.1736,-0.037,0.0],[127.1723,-0.0385,1.4817],[127.1717,-0.0366,0.0],[127.1717,-0.0387,1.4817],[127.1742,-0.0413,0.0],[127.1916,-0.0456,1.262],[127.1894,-0.0435,2.7494],[127.1886,-0.0446,0.0],[127.1865,-0.043,1.3239],[127.1814,-0.0426,6.6883],[127.1811,-0.0403,6.644],[127.1766,-0.0407,3.7975],[127.1754,-0.0376,0.8136]]],
[[[127.202,-0.0412,0.0],[127.2018,-0.0396,0.0],[127.1992,-0.0392,1.3447],[127.1998,-0.0423,0.0],[127.202,-0.0412,0.0]]],
[[[127.1986,-0.032,0.0],[127.1946,-0.0265,1.2457],[127.1911,-0.0286,0.0],[127.1967,-0.0377,5.5636],[127.201,-0.0389,0.0],[127.1983,-0.0365,5.5636],[127.2002,-0.0367,5.3661],[127.1996,-0.0349,3.1034],[127.1971,-0.0342,5.8436],[127.1986,-0.032,0.0]]],
[[[127.2037,-0.0431,3.2517],[127.2059,-0.0446,0.0],[127.2063,-0.0398,4.4898],[127.2051,-0.0405,4.4898],[127.2037,-0.0431,3.2517]]],
[[[127.4158,-0.08,1.2782],[127.4166,-0.0558,0.0],[127.4181,-0.0525,3.0766],[127.4199,-0.0573,1.0199],[127.4215,-0.0575,0.0],[127.423,-0.0515,0.0],[127.4289,-0.0475,0.0],[127.4282,-0.043,11.5943],[127.4295,-0.0433,0.0],[127.4275,-0.0378,0.0],[127.4264,-0.0398,4.4745],[127.4245,-0.0336,2.7215],[127.4251,-0.0301,0.0],[127.4233,-0.0281,1.5323],[127.4231,-0.0238,1.2383],[127.4243,-0.0221,1.8891],[127.422,-0.0172,0.5531],[127.4177,-0.0175,2.2294],[127.4161,-0.0162,0.0],[127.4124,-0.0195,2.1562],[127.4128,-0.0275,19.2096],[127.4088,-0.0368,1.3395],[127.4027,-0.0722,27.8817],[127.4042,-0.0778,57.0844],[127.4031,-0.0886,15.4124],[127.4105,-0.1043,0.0],[127.4136,-0.0999,0.0],[127.4107,-0.096,0.0],[127.4104,-0.0921,0.0],[127.4122,-0.0867,0.4806],[127.4162,-0.0822,1.3991],[127.4158,-0.08,1.2782]]],
[[[127.4704,-0.0485,0.5341],[127.4724,-0.0472,0.0],[127.4723,-0.0454,0.0],[127.4692,-0.0409,0.9818],[127.4638,-0.0474,0.0],[127.4655,-0.0517,12.4199],[127.4627,-0.0541,0.0],[127.4638,-0.0572,0.0],[127.468,-0.0596,2.4122],[127.4681,-0.0519,0.0],[127.4704,-0.0504,0.0],[127.4704,-0.0485,0.5341]]],
[[[127.22,-0.0357,1.2204],[127.2197,-0.0356,1.2204],[127.2195,-0.0361,1.2204],[127.2197,-0.0362,1.2204],[127.22,-0.0357,1.2204]]],
[[[127.2375,-0.0308,0.0],[127.2375,-0.0306,0.0],[127.2372,-0.0305,0.0],[127.2372,-0.031,0.0],[127.2375,-0.0308,0.0]]],
[[[127.2198,-0.0336,5.9614],[127.2212,-0.0361,2.8702],[127.2237,-0.0349,0.0],[127.2223,-0.0317,4.6863],[127.2198,-0.0336,5.9614]]],
[[[127.2069,-0.0311,0.0],[127.2082,-0.0282,0.0],[127.2038,-0.0316,4.0796],[127.2038,-0.0379,2.6832],[127.2062,-0.0357,2.6781],[127.2047,-0.0328,0.0],[127.2069,-0.0311,0.0]]],
[[[127.2273,0.0351,0.0],[127.2234,0.0376,15.7237],[127.2167,0.0303,0.0],[127.2197,0.025,0.0],[127.2231,0.0249,7.1145],[127.2263,0.0211,0.0],[127.2303,0.0248,0.5917],[127.2273,0.0351,0.0]]],
[[[127.4301,0.0058,0.0],[127.4297,0.0079,0.0],[127.4241,0.0118,0.0],[127.425,0.0091,1.5985],[127.4213,0.0061,2.4336],[127.4187,0.0017,1.9128],[127.4188,-0.001,2.4825],[127.4168,-0.0025,0.0],[127.4197,-0.0043,0.0],[127.4197,-0.0069,0.0],[127.4163,-0.0057,0.0],[127.4188,-0.0082,0.0],[127.4203,-0.0073,0.0],[127.4198,-0.0103,0.0],[127.4211,-0.0113,0.0],[127.4238,-0.0098,0.0],[127.4229,-0.007,3.689],[127.4283,-0.0076,1.7725],[127.4284,-0.0051,4.0524],[127.425,-0.0017,10.8735],[127.4263,0.001,9.0904],[127.4248,0.0052,0.7523],[127.4305,0.0045,0.0],[127.4301,0.0058,0.0]]],
[[[127.4284,0.0122,0.0],[127.4301,0.0106,0.0],[127.4309,0.0115,0.0],[127.4289,0.0155,0.0],[127.4278,0.0149,0.0],[127.4284,0.0122,0.0]]],
[[[127.4287,-0.0189,0.6628],[127.4309,-0.0157,0.0],[127.4265,-0.012,0.2825],[127.4236,-0.0129,0.0189],[127.4253,-0.019,0.0],[127.4287,-0.0189,0.6628]]],
[[[127.2264,-0.0194,0.0],[127.2269,-0.0194,0.0],[127.2269,-0.019,0.0],[127.2263,-0.019,0.0],[127.2264,-0.0194,0.0]]],
[[[127.2269,-0.0197,0.0],[127.2269,-0.0199,0.0],[127.2271,-0.0199,0.0],[127.2271,-0.0197,0.0],[127.2269,-0.0197,0.0]]],
[[[127.2184,-0.0192,0.0],[127.2184,-0.0199,0.0],[127.2195,-0.0185,0.0],[127.2192,-0.0186,0.0],[127.2184,-0.0192,0.0]]],
[[[127.4118,-0.0125,0.0],[127.4117,-0.0131,0.0],[127.4128,-0.013,0.0],[127.4128,-0.0127,0.0],[127.4118,-0.0125,0.0]]],
[[[127.4124,-0.0114,0.0],[127.4136,-0.0127,0.0],[127.4113,-0.0092,0.0],[127.4114,-0.0098,0.0],[127.4124,-0.0114,0.0]]],
[[[127.4668,-0.0308,0.0],[127.4636,-0.0124,35.2301],[127.4661,-0.0076,0.0],[127.4655,-0.0019,2.0997],[127.4629,0.0008,2.0857],[127.4592,0.0012,19.4718],[127.4576,0.0074,3.1635],[127.4605,0.0179,2.0502],[127.4605,0.0259,2.9433],[127.4694,0.0324,2.9859],[127.4698,0.0343,4.6505],[127.4628,0.0446,10.42],[127.4604,0.0456,3.1745],[127.461,0.05,5.3674],[127.4586,0.053,2.4529],[127.4599,0.056,5.643],[127.4647,0.058,0.0],[127.4668,0.0725,0.0],[127.463,0.074,0.6575],[127.4546,0.0692,4.776],[127.4498,0.0701,12.8518],[127.4478,0.0686,12.7169],[127.4485,0.0728,1.9917],[127.4462,0.0758,0.0],[127.4428,0.0891,8.3751],[127.4431,0.0975,13.9938],[127.4407,0.1023,3.8329],[127.4427,0.1166,3.3383],[127.4592,0.131,5.1147],[127.4565,0.1331,8.086],[127.4365,0.1304,8.9316],[127.4319,0.1326,0.3314],[127.4287,0.1377,30.8284],[127.4261,0.1389,0.0],[127.4243,0.1313,13.9283],[127.4246,0.1107,0.8113],[127.4223,0.105,10.5736],[127.4151,0.0955,2.2165],[127.4151,0.0842,13.4164],[127.4115,0.068,0.0],[127.4136,0.056,10.4645],[127.409,0.04,0.0],[127.408,0.026,0.0],[127.4041,0.0195,0.0],[127.4062,0.0124,14.5885],[127.405,0.0099,0.0],[127.41,0.0088,2.1937],[127.414,0.0109,2.6045],[127.4153,0.0148,1.5424],[127.4181,0.0162,1.0658],[127.4235,0.0232,0.0],[127.4306,0.0219,0.0],[127.4349,0.0147,0.0],[127.4346,0.0121,0.0],[127.4378,0.0104,0.0],[127.4405,0.011,14.8554],[127.4427,0.0073,0.699],[127.4427,0.0053,14.2702],[127.4324,-0.0058,0.0],[127.4404,-0.0133,1.9883],[127.4418,-0.0175,7.3161],[127.4481,-0.0217,3.9634],[127.4477,-0.0234,3.0069],[127.453,-0.0305,0.0],[127.4541,-0.036,1.0325],[127.4572,-0.0397,0.0],[127.4606,-0.0408,0.7194],[127.4622,-0.0398,0.0],[127.4604,-0.0353,2.1978],[127.462,-0.0342,4.0817],[127.4669,-0.0414,1.1944],[127.468,-0.0384,0.0],[127.4668,-0.0308,0.0]]],
[[[127.2514,-0.0287,5.9812],[127.2513,-0.0244,0.0],[127.2422,-0.0285,0.0],[127.243,-0.0317,0.0],[127.2468,-0.0334,0.0],[127.2497,-0.0324,4.1141],[127.2514,-0.0287,5.9812]]],
[[[127.2308,-0.029,1.9129],[127.2293,-0.0308,7.8744],[127.2299,-0.0325,2.8413],[127.2322,-0.0319,0.8668],[127.2308,-0.029,1.9129]]],
[[[127.1954,-0.0251,0.0],[127.195,-0.0253,0.0],[127.195,-0.0259,0.0],[127.1954,-0.0257,0.0],[127.1954,-0.0251,0.0]]],
[[[127.1988,-0.0278,0.7546],[127.2,-0.028,0.0],[127.1989,-0.0262,0.0],[127.1985,-0.0272,0.7546],[127.1988,-0.0278,0.7546]]],
[[[127.216,-0.0289,7.043],[127.216,-0.0273,2.0786],[127.2139,-0.0267,5.4699],[127.2107,-0.0312,0.0],[127.2152,-0.0309,1.2715],[127.2161,-0.0296,1.2715],[127.2167,-0.0306,1.2715],[127.216,-0.0289,7.043]]],
[[[127.2255,-0.0284,1.7169],[127.2252,-0.0301,0.9813],[127.2272,-0.032,0.0],[127.2279,-0.0276,0.0],[127.2255,-0.0284,1.7169]]],
[[[127.2378,-0.0289,0.0],[127.2379,-0.0281,0.0],[127.2363,-0.0283,0.0],[127.2366,-0.0288,0.0],[127.2378,-0.0289,0.0]]],
[[[127.233,-0.0252,0.0],[127.2333,-0.0272,0.0],[127.2343,-0.028,0.0],[127.2347,-0.0241,0.0],[127.233,-0.0252,0.0]]],
[[[127.2361,-0.0213,0.0],[127.234,-0.0204,0.0],[127.2352,-0.023,0.0],[127.2371,-0.0221,0.0],[127.2361,-0.0213,0.0]]],
[[[127.2069,-0.0217,0.0],[127.2068,-0.0215,0.0],[127.2066,-0.0215,0.0],[127.2067,-0.0219,0.0],[127.2069,-0.0217,0.0]]],
[[[127.2022,-0.0208,0.0],[127.2019,-0.0206,0.0],[127.2017,-0.0211,0.0],[127.202,-0.0211,0.0],[127.2022,-0.0208,0.0]]],
[[[127.2181,-0.0206,0.0],[127.2178,-0.0208,0.0],[127.2178,-0.0212,0.0],[127.2182,-0.0211,0.0],[127.2181,-0.0206,0.0]]],
[[[127.2252,-0.0228,1.964],[127.2245,-0.0214,4.3889],[127.2227,-0.0229,0.0],[127.2231,-0.0235,0.0],[127.2252,-0.0228,1.964]]],
[[[127.2072,-0.0217,0.0],[127.2073,-0.022,0.0],[127.2081,-0.0218,0.0],[127.2078,-0.0216,0.0],[127.2072,-0.0217,0.0]]],
[[[127.2119,-0.023,0.0],[127.2117,-0.0235,0.0],[127.2119,-0.0237,0.0],[127.2123,-0.0225,0.0],[127.2119,-0.023,0.0]]],
[[[127.2104,-0.0225,0.0],[127.2088,-0.0221,0.0],[127.2084,-0.0223,0.0],[127.2102,-0.0228,0.0],[127.2104,-0.0225,0.0]]],
[[[127.2028,-0.0204,0.0],[127.2025,-0.0203,0.0],[127.2027,-0.0208,0.0],[127.2028,-0.0207,0.0],[127.2028,-0.0204,0.0]]],
[[[127.1862,-0.0136,13.3608],[127.1738,-0.0123,10.0325],[127.1676,-0.0136,6.7378],[127.1643,-0.0163,0.0],[127.1738,-0.0226,0.0],[127.1739,-0.0195,11.1778],[127.183,-0.0192,0.0],[127.1845,-0.0172,9.7236],[127.1906,-0.0183,0.0],[127.1913,-0.02,0.0],[127.1938,-0.019,8.199],[127.1934,-0.0228,3.4934],[127.197,-0.0204,5.4197],[127.1981,-0.0226,0.0],[127.1993,-0.0218,3.0022],[127.1998,-0.0238,0.0],[127.2027,-0.0246,0.0],[127.2026,-0.023,0.0],[127.192,-0.013,11.7931],[127.1862,-0.0136,13.3608]]],
[[[127.2055,-0.1138,0.0],[127.2051,-0.1141,0.0],[127.2063,-0.1151,0.0],[127.2064,-0.1138,0.0],[127.2055,-0.1138,0.0]]],
[[[127.2101,-0.1145,0.0],[127.2105,-0.1146,5.7516],[127.2105,-0.1141,0.0],[127.2102,-0.1142,0.0],[127.2101,-0.1145,0.0]]],
[[[127.209,-0.1133,0.0],[127.2079,-0.1131,3.833],[127.2079,-0.1139,3.833],[127.2088,-0.1139,0.0],[127.209,-0.1133,0.0]]],
[[[127.2082,-0.1144,3.833],[127.2086,-0.1145,3.833],[127.2086,-0.114,3.833],[127.2083,-0.114,3.833],[127.2082,-0.1144,3.833]]],
[[[127.2098,-0.1141,0.0],[127.2093,-0.1136,0.0],[127.2089,-0.1143,0.0],[127.2092,-0.1144,0.0],[127.2098,-0.1141,0.0]]],
[[[127.2674,-0.1087,6.6719],[127.268,-0.0935,14.162],[127.2742,-0.085,2.3534],[127.2724,-0.0791,1.6501],[127.2702,-0.0774,5.0099],[127.2716,-0.0731,0.0],[127.2687,-0.0717,4.2674],[127.2596,-0.0763,0.9019],[127.2581,-0.0808,6.7911],[127.2552,-0.081,1.063],[127.2566,-0.0784,0.0],[127.2553,-0.0771,2.4033],[127.2499,-0.0777,0.0],[127.2483,-0.0852,13.063],[127.2464,-0.0817,0.0],[127.2429,-0.081,8.4868],[127.2409,-0.0782,9.7167],[127.2386,-0.0796,11.9513],[127.2345,-0.0891,0.0],[127.2387,-0.0869,0.0],[127.2388,-0.0825,13.6116],[127.2402,-0.0891,9.2469],[127.2318,-0.0907,2.5656],[127.2292,-0.0929,1.4906],[127.2288,-0.0982,1.7353],[127.2328,-0.1018,5.0374],[127.2293,-0.1009,1.6509],[127.2321,-0.1069,15.0112],[127.2305,-0.11,18.1527],[127.2272,-0.1105,7.7665],[127.2276,-0.1049,0.0],[127.2246,-0.103,10.322],[127.2207,-0.1055,4.4118],[127.218,-0.1096,4.318],[127.2181,-0.1123,4.3019],[127.215,-0.1081,4.5376],[127.214,-0.1128,2.8398],[127.2113,-0.1141,5.9938],[127.2117,-0.1153,11.4971],[127.2049,-0.1165,9.6626],[127.2011,-0.1138,0.0],[127.1977,-0.1191,0.0],[127.2046,-0.1229,9.6643],[127.2106,-0.129,1.9438],[127.2137,-0.1294,8.9805],[127.2144,-0.1324,0.0],[127.2202,-0.1377,4.1988],[127.2244,-0.1357,8.1657],[127.2253,-0.1388,2.5176],[127.228,-0.1395,2.2387],[127.2345,-0.134,5.8684],[127.2314,-0.1368,15.3853],[127.2326,-0.1398,0.0],[127.235,-0.138,4.0644],[127.2354,-0.1349,12.9983],[127.2405,-0.1343,4.7729],[127.2439,-0.1316,0.0],[127.2452,-0.1276,8.2749],[127.2562,-0.1243,14.3911],[127.2576,-0.1264,0.0],[127.2614,-0.126,7.1725],[127.2647,-0.1205,0.0],[127.2674,-0.1087,6.6719]]],
[[[127.1271,0.1423,14.6112],[127.1185,0.1495,0.0],[127.1167,0.1461,54.3472],[127.1111,0.1428,2.2434],[127.1135,0.132,0.0],[127.1153,0.1307,1.6331],[127.1174,0.1321,8.0626],[127.1196,0.129,0.0],[127.1227,0.1298,4.8482],[127.1265,0.1267,0.0],[127.1266,0.128,0.0],[127.1242,0.1295,4.8482],[127.1269,0.1308,1.4728],[127.135,0.1277,0.0],[127.135,0.1365,0.0],[127.1307,0.1414,0.0],[127.1271,0.1423,14.6112]]],
[[[127.2167,0.1431,48.4779],[127.2107,0.1431,13.5523],[127.2078,0.139,0.0],[127.2121,0.134,7.2654],[127.2167,0.1321,6.2025],[127.2205,0.133,0.0],[127.2228,0.1368,6.7535],[127.2199,0.1436,5.1685],[127.2167,0.1431,48.4779]]],
[[[127.701,0.0997,0.0],[127.7009,0.1003,0.0],[127.6988,0.1003,0.0],[127.7,0.0991,0.0],[127.701,0.0997,0.0]]],
[[[127.741,2.2742,0.0],[127.7417,2.2723,0.5437],[127.7421,2.2724,0.5437],[127.7424,2.2732,0.5437],[127.741,2.2742,0.0]]],
[[[127.7788,2.3003,0.0],[127.7781,2.3005,0.0],[127.7784,2.2991,0.0],[127.7793,2.2995,0.0],[127.7788,2.3003,0.0]]],
[[[128.6806,2.3805,0.0],[128.6838,2.3806,3.3931],[128.6842,2.3831,0.0],[128.6818,2.3824,0.0],[128.6806,2.3805,0.0]]],
[[[127.7508,2.2677,0.0],[127.7504,2.2686,0.0],[127.749,2.2694,0.0],[127.7488,2.2685,0.0732],[127.7508,2.2677,0.0]]],
[[[127.744,2.2723,0.0],[127.7435,2.2725,0.5437],[127.7435,2.2717,0.0],[127.7438,2.2718,5.6428],[127.744,2.2723,0.0]]],
[[[127.7472,2.2699,1.5865],[127.747,2.2709,0.0],[127.7454,2.272,5.6428],[127.745,2.2705,5.6428],[127.7472,2.2699,1.5865]]],
[[[127.8241,2.2714,0.0],[127.8244,2.271,0.0],[127.8255,2.2708,0.0],[127.8248,2.2719,0.0],[127.8241,2.2714,0.0]]],
[[[127.8198,2.2729,0.0],[127.8204,2.2722,0.603],[127.8217,2.2722,0.603],[127.82,2.274,0.0],[127.8198,2.2729,0.0]]],
[[[127.7427,2.2735,0.5437],[127.7439,2.2732,0.0],[127.7444,2.2737,0.0],[127.7437,2.2745,0.0],[127.7427,2.2735,0.5437]]],
[[[128.1522,2.283,10.6808],[128.1582,2.2831,0.0],[128.1607,2.286,0.0],[128.1587,2.2877,0.0],[128.1559,2.2873,0.0],[128.1522,2.285,4.0365],[128.1522,2.283,10.6808]]],
[[[128.1664,2.289,3.3031],[128.18,2.292,0.0],[128.188,2.3065,8.367],[128.1859,2.3104,7.7677],[128.1817,2.3093,7.4412],[128.1768,2.3147,0.0],[128.1794,2.3188,2.0152],[128.1796,2.3236,19.6388],[128.1776,2.325,29.8192],[128.1802,2.3269,0.0],[128.1779,2.3316,0.0],[128.1822,2.3392,0.0],[128.1802,2.3469,6.0901],[128.1826,2.3497,0.0],[128.1823,2.3569,0.0],[128.1852,2.3658,0.0],[128.1826,2.3665,23.6047],[128.1809,2.3711,3.5016],[128.1767,2.3747,0.0],[128.1787,2.3809,0.0],[128.1784,2.3871,0.0],[128.1741,2.3928,0.0],[128.1712,2.4049,7.2227],[128.1665,2.4127,0.0],[128.1548,2.4066,3.242],[128.1434,2.3894,5.8403],[128.1413,2.3822,38.9646],[128.1451,2.3755,9.8999],[128.144,2.3701,10.4549],[128.1416,2.3663,11.1161],[128.1379,2.3656,0.0],[128.131,2.352,20.6119],[128.1316,2.3488,15.014],[128.1364,2.3473,7.0657],[128.1362,2.3429,0.0],[128.1331,2.3401,2.5196],[128.1282,2.3422,0.0],[128.1249,2.3335,12.2668],[128.1261,2.3271,4.4508],[128.1311,2.3223,12.9015],[128.1297,2.3159,0.0],[128.1391,2.2993,14.876],[128.1437,2.2953,0.0],[128.1515,2.2919,0.0],[128.1584,2.2914,11.4329],[128.1609,2.2877,1.8677],[128.1664,2.289,3.3031]]],
[[[128.051,1.6616,0.0],[128.0488,1.667,2.9059],[128.0476,1.6649,0.0],[128.0494,1.6625,0.0],[128.0469,1.6617,1.5336],[128.0467,1.6589,2.7863],[128.0436,1.6575,0.6962],[128.0499,1.6563,2.6484],[128.051,1.6616,0.0]]],
[[[128.013,1.6662,0.0],[128.0139,1.6651,0.0],[128.0149,1.6655,4.1243],[128.0132,1.6666,0.0],[128.013,1.6662,0.0]]],
[[[128.0223,1.6652,0.0],[128.0229,1.6674,0.0],[128.0187,1.6661,1.2166],[128.0199,1.6647,4.1974],[128.0223,1.6652,0.0]]],
[[[127.5755,1.6941,1.0146],[127.5755,1.6944,1.0146],[127.5752,1.6941,1.0146],[127.5753,1.6939,1.0146],[127.5755,1.6941,1.0146]]],
[[[128.0683,1.6988,0.0],[128.0694,1.6984,0.0],[128.0687,1.7001,0.0],[128.0673,1.6992,0.0],[128.0683,1.6988,0.0]]],
[[[127.5497,1.7084,16.0251],[127.5451,1.708,3.1912],[127.5466,1.7057,6.5448],[127.5498,1.7071,16.0251],[127.5497,1.7084,16.0251]]],
[[[128.0543,1.6772,0.0],[128.0512,1.6779,3.8442],[128.0481,1.6738,0.0],[128.0518,1.67,3.2803],[128.0511,1.6657,4.975],[128.0543,1.6661,3.7486],[128.056,1.6683,7.8661],[128.0543,1.6772,0.0]]],
[[[127.5424,1.683,0.0],[127.5416,1.6849,0.0],[127.5398,1.6839,0.0],[127.5378,1.6816,0.0],[127.539,1.6812,17.8664],[127.5383,1.6783,58.8742],[127.5345,1.6791,0.0],[127.5344,1.6768,58.7427],[127.5323,1.6766,0.0],[127.5323,1.6754,28.0345],[127.531,1.6779,0.0],[127.5293,1.6774,0.0],[127.5305,1.6746,25.2864],[127.5292,1.673,0.0],[127.5355,1.6751,6.472],[127.5357,1.673,0.0],[127.5401,1.672,7.3988],[127.5419,1.6689,0.0],[127.5434,1.6691,0.0],[127.5436,1.6709,23.7237],[127.5456,1.6699,0.0],[127.546,1.6723,47.6835],[127.5481,1.6727,11.042],[127.546,1.6745,10.1748],[127.547,1.6762,0.0],[127.5442,1.6768,2.7056],[127.5489,1.6798,2.8174],[127.5477,1.6809,0.0],[127.5435,1.6793,1.6209],[127.5424,1.683,0.0]]],
[[[127.5766,1.6935,0.0],[127.5762,1.6931,0.0],[127.5763,1.6927,0.0],[127.5772,1.6936,0.0],[127.5766,1.6935,0.0]]],
[[[128.0361,1.685,0.0],[128.035,1.6882,0.8573],[128.0315,1.6845,0.0],[128.0348,1.6821,4.2672],[128.0361,1.685,0.0]]],
[[[128.0279,1.7321,0.0],[128.0227,1.7333,1.7308],[128.0194,1.7305,0.0],[128.0233,1.7296,2.4991],[128.0214,1.7287,0.0],[128.0215,1.7268,0.8664],[128.0262,1.7258,3.9638],[128.0293,1.7287,4.333],[128.0279,1.7321,0.0]]],
[[[128.0519,1.7345,1.0905],[128.0511,1.7359,0.0],[128.0488,1.7355,0.0],[128.0482,1.733,0.0],[128.0533,1.7243,1.9603],[128.0546,1.726,0.0],[128.051,1.7331,1.1777],[128.0519,1.7345,1.0905]]],
[[[128.0247,1.7528,0.0],[128.0267,1.7518,0.0],[128.0251,1.7613,0.0],[128.0227,1.7551,0.0],[128.0247,1.7528,0.0]]],
[[[128.0534,1.7585,5.6731],[128.0531,1.7572,5.6731],[128.0549,1.7598,1.1204],[128.054,1.7596,1.8526],[128.0534,1.7585,5.6731]]],
[[[128.0459,1.7535,10.2487],[128.0384,1.7546,1.9283],[128.0382,1.7489,3.2671],[128.0358,1.744,0.0],[128.0405,1.743,1.7128],[128.0427,1.7444,0.0],[128.0429,1.7463,0.0],[128.0386,1.7464,2.5019],[128.0411,1.7491,8.6519],[128.0465,1.7469,5.052],[128.046,1.7449,0.0],[128.0515,1.7407,2.8591],[128.0563,1.7418,1.54],[128.05,1.7527,5.4535],[128.0459,1.7535,10.2487]]],
[[[127.526,1.719,0.0],[127.5235,1.7223,0.0],[127.523,1.7197,0.0],[127.5252,1.716,0.0],[127.5233,1.7128,0.0],[127.5207,1.713,0.0],[127.5212,1.7086,19.9505],[127.5184,1.7054,30.4943],[127.5153,1.6961,100.4788],[127.512,1.6956,0.0],[127.5115,1.6855,41.964],[127.5096,1.6826,84.9261],[127.504,1.6797,10.3146],[127.5006,1.6739,31.7186],[127.4956,1.6725,0.0],[127.4952,1.6675,0.0],[127.5004,1.6721,39.2494],[127.504,1.6702,0.0],[127.506,1.6769,17.3766],[127.5088,1.6761,4.5665],[127.5115,1.6793,39.9457],[127.5195,1.6808,0.0],[127.5206,1.6828,0.0],[127.5196,1.6849,1.9371],[127.5222,1.6875,22.2209],[127.5251,1.6843,0.0],[127.5278,1.6837,0.0],[127.535,1.6889,7.3223],[127.5354,1.692,15.6017],[127.5331,1.6928,60.9428],[127.5356,1.694,50.9312],[127.5367,1.6998,0.0],[127.5356,1.7012,32.9845],[127.5368,1.7015,0.0],[127.5317,1.7107,25.7833],[127.5341,1.7149,0.0],[127.5297,1.7189,0.0],[127.5273,1.717,77.8011],[127.526,1.719,0.0]]],
[[[127.534,1.7113,1.5285],[127.5346,1.7105,1.5285],[127.5354,1.7111,1.5285],[127.5349,1.7122,0.0],[127.534,1.7113,1.5285]]],
[[[128.0745,1.7222,8.978],[128.0716,1.7321,0.0],[128.073,1.7423,0.0],[128.0704,1.7447,3.5127],[128.0691,1.7429,11.1331],[128.0637,1.7416,1.5151],[128.0621,1.7344,0.9101],[128.0653,1.7268,0.0],[128.0673,1.7281,0.8859],[128.0675,1.7162,0.0],[128.0703,1.7148,3.5916],[128.0746,1.7169,0.6847],[128.0745,1.7222,8.978]]],
[[[127.6037,1.8043,0.0],[127.6041,1.8038,0.0],[127.6044,1.8066,0.0],[127.6028,1.8051,0.0],[127.6037,1.8043,0.0]]],
[[[127.7207,1.9556,3.8681],[127.722,1.9576,0.0],[127.7218,1.9585,0.0],[127.7182,1.9562,2.3027],[127.7207,1.9556,3.8681]]],
[[[128.2284,1.9661,4.1684],[128.2271,1.9639,0.0],[128.2296,1.9624,5.6085],[128.235,1.9662,11.5112],[128.2321,1.9689,0.0],[128.2284,1.9661,4.1684]]],
[[[127.9833,1.774,0.0],[127.9795,1.7742,0.0],[127.98,1.7715,0.0],[127.9849,1.7726,0.0],[127.9833,1.774,0.0]]],
[[[127.9722,1.7728,0.0],[127.9747,1.7754,0.0],[127.9745,1.7764,0.0],[127.9707,1.7752,0.0],[127.9722,1.7728,0.0]]],
[[[128.0074,1.7733,4.9273],[128.0128,1.7684,0.0],[128.0179,1.7677,2.3],[128.0197,1.7695,0.0],[128.0195,1.7717,0.0],[128.0061,1.7907,1.6826],[127.9982,1.7967,11.7329],[127.9935,1.8027,0.8239],[127.9958,1.791,1.3867],[128.0033,1.784,8.2785],[128.0037,1.778,0.7666],[128.0074,1.7733,4.9273]]],
[[[127.7121,2.2033,0.0],[127.7139,2.2038,0.0],[127.7127,2.2051,0.4653],[127.7121,2.2045,0.4653],[127.7121,2.2033,0.0]]],
[[[128.2093,2.2152,0.0],[128.2087,2.2142,0.0],[128.2089,2.2135,0.0],[128.2099,2.2143,0.0],[128.2093,2.2152,0.0]]],
[[[127.801,2.2725,7.1592],[127.7964,2.275,0.0],[127.7918,2.273,29.5338],[127.7893,2.2754,0.0],[127.7792,2.2755,0.0],[127.7779,2.2781,14.4739],[127.7818,2.2861,0.0],[127.7804,2.2881,0.0],[127.7808,2.2911,0.0],[127.7784,2.2922,63.5606],[127.7781,2.2949,7.1698],[127.7756,2.2947,8.9161],[127.7725,2.2875,53.5447],[127.7704,2.2884,0.0],[127.7703,2.2829,0.0],[127.7641,2.2768,10.6366],[127.762,2.2711,0.0],[127.7595,2.271,0.0],[127.76,2.2692,0.0],[127.7569,2.2634,11.7044],[127.7608,2.2572,44.4508],[127.7653,2.2557,5.2861],[127.767,2.2605,14.1891],[127.7685,2.2616,19.5212],[127.7696,2.2604,0.0],[127.7717,2.2623,31.7819],[127.773,2.2596,55.0343],[127.7696,2.255,0.0],[127.7699,2.2523,0.0],[127.7732,2.2481,55.3364],[127.7699,2.2475,0.0],[127.7737,2.2407,30.0499],[127.7716,2.232,10.3756],[127.7738,2.2302,23.9834],[127.7717,2.2267,38.0253],[127.773,2.2197,44.527],[127.779,2.2183,0.0],[127.7823,2.2195,17.5362],[127.7877,2.217,0.0],[127.7952,2.2172,0.0],[127.7961,2.2242,19.744],[127.7989,2.2249,8.0335],[127.8045,2.223,3.6678],[127.8038,2.23,3.321],[127.8058,2.2289,107.2725],[127.8052,2.2262,0.0],[127.8076,2.2226,0.0],[127.8165,2.2292,0.0],[127.8184,2.2377,21.5119],[127.8229,2.2408,20.5188],[127.8233,2.2443,6.9137],[127.8211,2.2451,36.4928],[127.8193,2.2487,16.0016],[127.8206,2.252,0.0],[127.8191,2.2532,0.0],[127.8243,2.2604,0.0],[127.8235,2.2618,75.6796],[127.8251,2.2635,0.0],[127.8238,2.2656,119.8608],[127.8254,2.2697,0.0],[127.8148,2.2724,0.0],[127.801,2.2725,7.1592]]],
[[[128.2241,2.0177,3.2728],[128.2253,2.0202,0.0],[128.2214,2.019,1.6317],[128.2221,2.0166,0.8357],[128.2241,2.0177,3.2728]]],
[[[128.2804,2.0572,0.884],[128.2768,2.0609,0.0],[128.2742,2.0579,0.0],[128.2756,2.055,1.1928],[128.2785,2.0535,0.0],[128.2804,2.0572,0.884]]],
[[[128.2722,2.0655,0.0],[128.2693,2.0677,2.3852],[128.267,2.0673,1.7859],[128.27,2.0621,1.8422],[128.2735,2.0633,0.0],[128.2722,2.0655,0.0]]],
[[[128.2785,2.0816,0.0],[128.2807,2.0799,1.3758],[128.2814,2.0827,6.3529],[128.2804,2.083,5.7978],[128.2785,2.0816,0.0]]],
[[[128.2734,2.0772,0.0],[128.2697,2.0778,0.0],[128.2724,2.0751,0.0],[128.274,2.0753,0.0],[128.2734,2.0772,0.0]]],
[[[128.2719,2.0518,2.6484],[128.2683,2.0551,0.0],[128.2704,2.0452,0.0],[128.2729,2.044,0.0],[128.2737,2.0463,0.9371],[128.2719,2.0518,2.6484]]],
[[[128.2107,2.0539,5.1464],[128.2142,2.0537,0.0],[128.21,2.0583,0.6969],[128.2091,2.0556,6.9515],[128.2107,2.0539,5.1464]]],
[[[128.2519,2.0589,1.5076],[128.2479,2.0625,0.0],[128.2442,2.0612,10.9994],[128.2463,2.0559,5.1433],[128.2489,2.055,0.0],[128.2516,2.0575,6.8835],[128.253,2.0536,0.0],[128.2553,2.0534,0.0],[128.2567,2.0557,0.0],[128.2552,2.0592,0.0],[128.2532,2.0602,5.1958],[128.2519,2.0589,1.5076]]],
[[[127.7743,2.1032,0.0],[127.7743,2.1022,0.0],[127.7747,2.1017,0.0],[127.775,2.102,0.0],[127.7743,2.1032,0.0]]],
[[[127.7869,2.1108,0.0],[127.7864,2.1108,3.1765],[127.7865,2.1102,16.1728],[127.7869,2.1103,0.0],[127.7869,2.1108,0.0]]],
[[[127.7743,2.1104,0.0],[127.7737,2.1105,0.0],[127.774,2.1096,0.0],[127.7743,2.1098,0.0],[127.7743,2.1104,0.0]]],
[[[127.7822,2.1049,0.0],[127.7816,2.1056,0.0],[127.7809,2.1053,0.0],[127.7816,2.1044,0.0],[127.7822,2.1049,0.0]]],
[[[127.7772,2.1077,0.0],[127.7767,2.1073,0.0],[127.7775,2.107,0.0],[127.7775,2.1074,0.0],[127.7772,2.1077,0.0]]],
[[[127.7748,2.107,1.5589],[127.7745,2.1067,0.0],[127.7751,2.1049,0.0],[127.7756,2.106,1.5589],[127.7748,2.107,1.5589]]],
[[[127.7757,2.1041,0.0],[127.7751,2.1038,0.0],[127.7756,2.103,0.0],[127.776,2.1032,0.0],[127.7757,2.1041,0.0]]],
[[[127.7738,2.1091,0.0],[127.7739,2.1075,6.251],[127.775,2.1078,0.0],[127.7751,2.1086,0.0],[127.7738,2.1091,0.0]]],
[[[127.7782,2.1097,4.0896],[127.778,2.1091,4.0896],[127.7785,2.1076,0.0],[127.7785,2.1097,4.0896],[127.7782,2.1097,4.0896]]],
[[[127.7799,2.1353,0.0],[127.7783,2.1338,0.0],[127.7787,2.1332,0.0],[127.78,2.1342,0.0],[127.7799,2.1353,0.0]]],
[[[127.7843,2.1383,0.0],[127.784,2.1386,0.0],[127.7844,2.1375,0.0],[127.7846,2.1378,0.0],[127.7843,2.1383,0.0]]],
[[[128.2467,2.1694,2.3497],[128.2464,2.1698,2.3497],[128.2464,2.1697,2.3497],[128.2467,2.1694,2.3497]]],
[[[128.2204,2.1712,2.1304],[128.2218,2.1721,0.0],[128.2171,2.1748,0.0],[128.218,2.1712,3.3916],[128.2204,2.1712,2.1304]]],
[[[127.7684,2.1726,0.0],[127.7634,2.1818,0.0],[127.7644,2.1843,0.0],[127.7591,2.1903,3.7236],[127.7592,2.1851,18.9882],[127.7577,2.1837,16.7],[127.7536,2.1873,0.0],[127.7536,2.1898,0.0],[127.7447,2.1918,8.9359],[127.7412,2.1836,8.1216],[127.7408,2.1887,0.0],[127.7331,2.1897,30.4581],[127.7248,2.1937,14.0481],[127.7228,2.193,24.9473],[127.7214,2.1949,0.0],[127.721,2.1932,10.0704],[127.7201,2.1941,1.2467],[127.723,2.1895,6.0788],[127.7223,2.1863,0.0],[127.727,2.1804,0.0],[127.7293,2.1804,44.0518],[127.7324,2.176,18.9504],[127.7364,2.1767,55.0346],[127.7359,2.1739,18.1163],[127.7377,2.1746,72.4537],[127.742,2.1706,11.8953],[127.7431,2.1725,33.1839],[127.7462,2.1696,5.6756],[127.7479,2.1704,37.5877],[127.7494,2.1683,0.0],[127.7531,2.1685,38.3168],[127.7538,2.1667,8.5083],[127.7598,2.1649,7.3747],[127.762,2.1596,0.0],[127.7707,2.152,0.0],[127.7727,2.1541,0.0],[127.7725,2.1577,5.6748],[127.7771,2.1587,0.0],[127.7782,2.161,14.4093],[127.7751,2.1631,0.0],[127.7754,2.1673,0.0],[127.7695,2.1698,12.9894],[127.7684,2.1726,0.0]]],
[[[128.2086,2.1923,0.0],[128.212,2.1922,0.428],[128.2148,2.2007,1.4608],[128.2105,2.2095,0.5417],[128.2055,2.2029,3.5023],[128.2058,2.1966,0.0],[128.2086,2.1923,0.0]]],
[[[128.2366,2.2071,0.0],[128.2338,2.2078,1.3758],[128.2354,2.2035,0.0],[128.2366,2.2043,0.0],[128.2366,2.2071,0.0]]],
[[[127.7693,2.2108,0.0],[127.7666,2.2105,0.0],[127.7641,2.2122,0.0],[127.7636,2.2087,29.13],[127.7581,2.2047,7.3117],[127.7547,2.2046,15.4759],[127.7686,2.1978,1.1905],[127.7728,2.1999,0.0],[127.7745,2.2031,12.271],[127.7737,2.2081,0.0],[127.7693,2.2108,0.0]]],
[[[127.7546,2.206,0.0],[127.7544,2.2063,0.0],[127.7542,2.2062,0.0],[127.7543,2.2056,0.0],[127.7546,2.206,0.0]]],
[[[128.2236,2.1168,0.8361],[128.2264,2.1159,1.6981],[128.2262,2.1246,0.6068],[128.2227,2.1217,0.0],[128.2236,2.1168,0.8361]]],
[[[127.7899,2.1214,2.3199],[127.7889,2.1245,0.0],[127.7866,2.12,0.0],[127.7903,2.1198,2.6745],[127.7899,2.1214,2.3199]]],
[[[128.2141,2.1211,0.0],[128.2107,2.1218,1.2483],[128.206,2.1242,0.0],[128.2094,2.1212,1.2483],[128.2141,2.1211,0.0]]],
[[[127.7765,2.1281,6.2955],[127.7737,2.1289,0.0],[127.7666,2.1222,4.1832],[127.7679,2.1207,6.762],[127.7672,2.1148,0.0],[127.7748,2.1147,14.837],[127.7758,2.1093,7.0646],[127.7777,2.1122,6.184],[127.7803,2.1057,0.0],[127.7813,2.1084,0.0],[127.7793,2.1117,9.6346],[127.7829,2.1086,4.6049],[127.7827,2.1106,13.1629],[127.7844,2.1087,4.6049],[127.7827,2.1046,0.0],[127.784,2.1039,11.3536],[127.7888,2.1072,19.8042],[127.7853,2.1104,16.1728],[127.7871,2.1134,0.0],[127.7836,2.1173,8.2647],[127.786,2.1218,0.0],[127.7828,2.1217,3.3662],[127.7827,2.1236,2.4687],[127.7765,2.1281,6.2955]]],
[[[127.7846,2.1235,0.0],[127.7846,2.1226,0.0],[127.7849,2.1224,0.0],[127.7851,2.1238,0.0],[127.7846,2.1235,0.0]]],
[[[127.7861,2.1248,0.0],[127.7858,2.1252,0.0],[127.7855,2.1247,0.0],[127.7858,2.1245,0.0],[127.7861,2.1248,0.0]]],
[[[128.231,2.1345,4.5231],[128.2267,2.1401,6.8236],[128.2246,2.141,0.0],[128.2222,2.1396,1.9394],[128.2213,2.1351,8.1466],[128.2229,2.1275,0.4436],[128.2267,2.1272,3.3596],[128.2307,2.1304,0.0],[128.2323,2.1327,1.3977],[128.231,2.1345,4.5231]]],
[[[128.1965,2.1262,0.0],[128.1895,2.1268,2.4935],[128.1877,2.125,0.0],[128.1923,2.1216,0.0],[128.1947,2.1259,0.7696],[128.1965,2.1262,0.0]]],
[[[127.7885,2.1268,0.0],[127.7882,2.1253,0.0],[127.7887,2.1246,0.0],[127.7888,2.1273,0.0],[127.7885,2.1268,0.0]]],
[[[128.1834,2.1265,2.104],[128.1855,2.1265,0.0],[128.1848,2.1285,0.0],[128.1839,2.1284,2.7549],[128.1834,2.1265,2.104]]],
[[[128.1905,2.0936,3.1114],[128.1888,2.0946,2.0048],[128.1882,2.093,7.0646],[128.1858,2.0927,0.0],[128.1829,2.0943,0.6228],[128.186,2.0882,0.0],[128.1914,2.0867,0.0],[128.1937,2.0821,0.5889],[128.1933,2.0771,2.5116],[128.1959,2.0733,0.0],[128.1942,2.0812,0.0],[128.195,2.0854,0.0],[128.1936,2.0902,0.0],[128.1905,2.0936,3.1114]]],
[[[127.7757,2.0887,0.0],[127.7753,2.0884,0.0],[127.7754,2.0878,0.0],[127.7764,2.0883,0.0],[127.7757,2.0887,0.0]]],
[[[127.7771,2.0896,0.0],[127.7771,2.0901,0.0],[127.7765,2.0901,0.0],[127.7765,2.0895,0.0],[127.7771,2.0896,0.0]]],
[[[127.779,2.0939,0.0],[127.7784,2.0938,0.0],[127.7787,2.0924,0.0],[127.7789,2.0928,0.0],[127.779,2.0939,0.0]]],
[[[128.5925,2.1659,6.3523],[128.5941,2.1682,4.6787],[128.5933,2.175,28.5266],[128.602,2.1876,0.0],[128.6024,2.1937,1.8292],[128.605,2.1961,2.1704],[128.6106,2.1975,1.1298],[128.6119,2.2013,38.7889],[128.6215,2.2111,0.0],[128.6247,2.2177,0.0],[128.622,2.2308,6.1728],[128.6241,2.233,10.3619],[128.6301,2.26,16.7914],[128.639,2.2759,2.7347],[128.6411,2.277,0.0],[128.6442,2.2877,16.2111],[128.6457,2.2878,9.64],[128.6487,2.2928,3.6905],[128.6478,2.3006,0.0],[128.6538,2.3099,9.3054],[128.6539,2.3117,4.5701],[128.6457,2.3198,2.9986],[128.6413,2.3322,0.0],[128.6422,2.3372,25.7629],[128.6451,2.34,0.0],[128.6449,2.3455,8.0018],[128.6498,2.3675,0.787],[128.6571,2.3768,1.3773],[128.6626,2.3772,5.0165],[128.6653,2.3795,4.7416],[128.6661,2.385,0.0],[128.6637,2.3912,1.73],[128.6658,2.3961,0.0],[128.6687,2.3986,0.7587],[128.6763,2.4001,0.0],[128.6836,2.4062,1.2423],[128.6881,2.4116,6.8673],[128.6885,2.4175,9.8285],[128.6939,2.4224,3.5435],[128.6929,2.4276,0.0],[128.6897,2.4296,2.2775],[128.6899,2.4314,0.0],[128.6888,2.4302,2.2775],[128.6869,2.4318,2.1886],[128.6922,2.4429,3.7301],[128.69,2.452,17.4938],[128.6874,2.4561,9.1273],[128.6885,2.4594,3.9363],[128.6925,2.4595,0.0],[128.6927,2.4701,0.0],[128.6877,2.5023,0.0],[128.678,2.5059,0.0],[128.6733,2.4986,6.7293],[128.6706,2.4987,13.4659],[128.6699,2.5043,0.0],[128.664,2.5123,0.0],[128.6615,2.513,0.0],[128.6613,2.5215,15.9058],[128.6584,2.5252,4.3623],[128.6538,2.5268,3.7211],[128.6535,2.5242,4.3963],[128.6516,2.5238,0.0],[128.6444,2.5337,10.1887],[128.6365,2.5309,12.1919],[128.634,2.5342,0.0],[128.6328,2.5338,0.0],[128.6317,2.5368,0.0],[128.6357,2.5403,0.0],[128.6361,2.5431,12.4791],[128.6322,2.5509,7.1552],[128.6304,2.5639,0.0],[128.6286,2.5646,0.0],[128.6248,2.5618,12.4579],[128.6137,2.5672,0.0],[128.6076,2.5757,0.8372],[128.6078,2.5798,4.1392],[128.6114,2.581,7.208],[128.6094,2.5862,7.4839],[128.5992,2.6069,12.3377],[128.5935,2.6128,11.4888],[128.5936,2.6154,2.1662],[128.5859,2.63,0.0],[128.5768,2.6402,16.777],[128.5708,2.6445,2.7427],[128.5658,2.6455,0.0],[128.5602,2.6419,0.0],[128.5485,2.6276,1.473],[128.5434,2.6153,5.0209],[128.5463,2.6063,9.6405],[128.5403,2.5973,0.0],[128.5309,2.5874,0.0],[128.5304,2.5805,0.0],[128.5261,2.577,14.3287],[128.5197,2.5762,2.2133],[128.5116,2.581,0.0],[128.5066,2.5799,0.0],[128.506,2.5778,0.0],[128.5028,2.5763,2.2573],[128.4993,2.5781,0.0],[128.4969,2.5838,0.0],[128.4897,2.5862,14.9388],[128.4866,2.59,21.6795],[128.4847,2.5894,11.5586],[128.4858,2.5856,0.0],[128.4839,2.5853,28.0609],[128.4762,2.5945,2.1772],[128.4751,2.5935,4.2182],[128.4766,2.589,6.8022],[128.4742,2.587,11.9381],[128.4685,2.5907,17.3964],[128.4678,2.5966,52.5039],[128.4615,2.5958,0.0],[128.4554,2.5846,3.3365],[128.4523,2.5861,3.0288],[128.4516,2.5818,28.268],[128.448,2.5811,9.9784],[128.447,2.5781,23.243],[128.4454,2.5778,23.243],[128.4475,2.5737,44.4187],[128.4455,2.5692,10.5445],[128.4388,2.5673,8.5021],[128.4332,2.5728,7.0449],[128.433,2.5697,7.3838],[128.4297,2.5681,22.4979],[128.4302,2.5655,21.9779],[128.4267,2.5567,0.0],[128.4276,2.5537,2.7945],[128.4203,2.5503999999999998,14.0957],[128.4198,2.5449,35.0194],[128.4165,2.5423,0.0],[128.417,2.5389,20.54],[128.4151,2.5366,0.0],[128.4163,2.5349,10.263],[128.4143,2.5347,0.0],[128.4131,2.5325,11.5625],[128.4106,2.533,9.9792],[128.4124,2.5308,9.1013],[128.4104,2.5271,6.9007],[128.4073,2.526,4.2961],[128.4042,2.5294,0.0],[128.4025,2.5291,0.0],[128.4022,2.5263,47.8008],[128.3974,2.5262,0.5322],[128.3953,2.5235,25.5847],[128.3904,2.5219,23.9969],[128.3854,2.5177,3.1525],[128.3799,2.5189,0.0],[128.3808,2.5147,0.0],[128.3759,2.5118,23.3144],[128.3771,2.5087,27.2252],[128.3757,2.5056,39.6306],[128.3736,2.5059,2.8208],[128.3727,2.5082,0.0],[128.3692,2.5068,7.5822],[128.3645,2.5085,8.0216],[128.3618,2.5077,0.0],[128.3606,2.5048,0.0],[128.3569,2.5031,0.0],[128.3493,2.4945,40.582],[128.351,2.4903,8.3474],[128.3501,2.4878999999999998,2.7195],[128.3422,2.4841,0.5023],[128.3431,2.4832,31.1404],[128.3407,2.4804,66.8216],[128.3359,2.4805,0.0],[128.3333,2.4733,51.7007],[128.3303,2.4743,0.0],[128.3227,2.4711,45.5624],[128.3238,2.469,29.1614],[128.3214,2.4649,15.0632],[128.3195,2.4643,0.0],[128.3199,2.4632,80.7903],[128.3172,2.4632,17.1082],[128.3129,2.4584,0.0],[128.3078,2.4481,78.8589],[128.3067,2.4486,32.3545],[128.3053,2.4453,22.219],[128.2974,2.4428,6.2552],[128.2964,2.4389,0.0],[128.2991,2.4346,3.4233],[128.2941,2.4297,1.1171],[128.2936,2.4274,1.8469],[128.2972,2.4229,0.0],[128.2962,2.4157,0.0],[128.2988,2.4126,4.9781],[128.287,2.3901,27.8123],[128.2862,2.384,0.0],[128.2884,2.3806,22.6595],[128.2847,2.3722,0.0],[128.2757,2.3631,1.9794],[128.2746,2.3579,10.4051],[128.2659,2.3502,16.324],[128.2626,2.3451,76.8818],[128.2625,2.3422,65.6554],[128.2516,2.3352,0.0],[128.2487,2.3308,26.2872],[128.2491,2.3268,1.625],[128.2426,2.3217,10.6438],[128.2415,2.3185,11.647],[128.2322,2.3162,1.212],[128.2311,2.3116,1.431],[128.2192,2.3065,10.1789],[128.2132,2.302,8.124],[128.2113,2.2974,11.0143],[128.203,2.2907,3.7162],[128.1969,2.2788,0.468],[128.2092,2.2776,2.6703],[128.2161,2.2802,0.0],[128.2224,2.2771,8.595],[128.2248,2.2729,0.0],[128.2227,2.2697,0.0],[128.2286,2.2649,7.266],[128.2308,2.2585,0.0],[128.2339,2.2584,6.647],[128.2352,2.2519,0.0],[128.2462,2.2499,17.090699999999998],[128.2455,2.2475,2.6592],[128.2493,2.2476,10.6367],[128.2456,2.2431,0.0],[128.249,2.2428,3.1953],[128.2497,2.2379,0.0],[128.2458,2.234,10.3474],[128.2441,2.2207,15.6168],[128.2452,2.2151,4.9057],[128.2399,2.2053,2.4644],[128.2423,2.2019,0.0],[128.2481,2.1989,6.038],[128.2476,2.1928,0.0],[128.2493,2.1897,0.0],[128.2482,2.1739,9.7326],[128.247,2.1697,2.3497],[128.2436,2.1631,0.0],[128.2433,2.1581,0.0],[128.2444,2.1509,7.24],[128.2482,2.143,8.3063],[128.246,2.1237,3.2636],[128.2507,2.1174,3.1102],[128.2495,2.1109,0.0],[128.2544,2.1021,10.268],[128.2534,2.0936,0.0],[128.2703,2.0823,4.0695],[128.2751,2.0866,1.7161],[128.2789,2.0876,10.2373],[128.2856,2.0776,5.8254],[128.2845,2.0702,0.0],[128.2914,2.0618,4.463],[128.2932,2.0544,4.226],[128.291,2.0497,0.6097],[128.2892,2.0499,0.6097],[128.2893,2.0495,0.6097],[128.2911,2.0495,6.2991],[128.2918,2.0456,7.0412],[128.2876,2.0372,9.7502],[128.2874,2.029,7.944],[128.2834,2.0188,3.4696],[128.2807,2.0161,0.2804],[128.278,2.006,0.0],[128.2706,1.9976,9.268],[128.2598,1.9805,0.0],[128.2699,1.9866,2.7673],[128.2925,2.0088,3.3655],[128.2923,2.0116,2.9508],[128.2945,2.0143,4.3009],[128.2934,2.0304,0.0],[128.3002,2.0358,2.1405],[128.3094,2.0341,4.4327],[128.3238,2.0344,2.1126],[128.3336,2.0378,2.4512],[128.3458,2.0376,2.7072],[128.3608,2.0442,4.5596],[128.3727,2.0469,0.0],[128.3833,2.052,2.2154],[128.4006,2.0572,5.4723],[128.426,2.0583,0.6524],[128.4339,2.0611,9.36],[128.4464,2.0613,3.2444],[128.4544,2.056,10.359],[128.4707,2.0545,4.3229],[128.4789,2.0569,0.0],[128.4815,2.0609,2.2822],[128.4848,2.0625,6.4249],[128.4888,2.0624,9.4193],[128.4946,2.0578,1.4119],[128.5101,2.0612,9.3704],[128.5219,2.0688,8.843],[128.5245,2.0748,14.0209],[128.5242,2.0792,8.5555],[128.526,2.0813,1.7179],[128.5325,2.0818,2.9911],[128.5422,2.0909,0.0],[128.5448,2.1001,0.0],[128.5477,2.1028,3.6809],[128.5516,2.105,0.0],[128.5605,2.1059,3.2089],[128.5614,2.1046,0.0],[128.5686,2.1038,3.846],[128.5737,2.1067,0.7177],[128.5777,2.1115,0.0],[128.5795,2.1167,0.0],[128.5794,2.1274,0.0],[128.576,2.1323,34.4896],[128.575,2.1371,4.5696],[128.579,2.1449,1.9056],[128.5843,2.1491,4.7617],[128.5868,2.1613,0.0],[128.5925,2.1659,6.3523]]],
[[[128.4592,-0.9173,1.8117],[128.4599,-0.9189,7.9633],[128.4631,-0.9187,3.7853],[128.4622,-0.9137,0.0],[128.4603,-0.9142,0.0],[128.4592,-0.9173,1.8117]]],
[[[128.5977,-0.6581,0.0],[128.5973,-0.658,0.0],[128.5968,-0.6584,0.0],[128.5971,-0.6584,0.0],[128.5977,-0.6581,0.0]]],
[[[127.1442,-0.581,0.0],[127.1431,-0.5833,0.0],[127.1445,-0.5848,0.0],[127.1435,-0.5834,0.0],[127.1442,-0.581,0.0]]],
[[[127.1704,-0.5887,2.5831],[127.1708,-0.5854,1.8519],[127.1668,-0.5857,3.4417],[127.1665,-0.5884,0.0],[127.1675,-0.5903,0.0],[127.1692,-0.5902,0.0],[127.1674,-0.5895,0.0],[127.1672,-0.5865,1.5095],[127.1683,-0.5893,6.6275],[127.1704,-0.5887,2.5831]]],
[[[127.1463,-0.5817,0.0],[127.146,-0.5818,0.0],[127.1461,-0.5823,0.0],[127.1464,-0.5821,0.0],[127.1463,-0.5817,0.0]]],
[[[127.6141,-0.5829,0.0],[127.6131,-0.5782,3.5198],[127.6072,-0.5751,7.3046],[127.6051,-0.5759,2.8298],[127.6044,-0.5789,8.2612],[127.6067,-0.5854,0.0],[127.6141,-0.5829,0.0]]],
[[[128.4133,-0.5724,0.0],[128.4132,-0.5717,0.0],[128.4123,-0.5721,2.2537],[128.4126,-0.5728,0.0],[128.4133,-0.5724,0.0]]],
[[[128.4086,-0.5816,0.0],[128.4095,-0.5827,0.0],[128.4106,-0.5825,0.0],[128.4095,-0.5816,0.0],[128.4086,-0.5816,0.0]]],
[[[127.6176,-0.5721,0.9599],[127.6194,-0.5724,2.3598],[127.6194,-0.5711,0.0],[127.6177,-0.5716,0.9599],[127.6176,-0.5721,0.9599]]],
[[[128.4948,-0.5979,1.4688],[128.4962,-0.5958,0.8038],[128.4961,-0.5949,0.8038],[128.4929,-0.5953,3.7385],[128.4948,-0.5979,1.4688]]],
[[[128.4927,-0.5947,3.7385],[128.4924,-0.5947,0.0],[128.4919,-0.5951,0.0],[128.4928,-0.5951,3.7385],[128.4927,-0.5947,3.7385]]],
[[[128.4931,-0.5939,0.0],[128.4951,-0.593,0.0],[128.496,-0.5907,0.0],[128.4926,-0.5935,0.0],[128.4931,-0.5939,0.0]]],
[[[128.4919,-0.5943,0.0],[128.4935,-0.5918,0.8682],[128.4934,-0.59,0.0],[128.4884,-0.5926,3.2857],[128.4919,-0.5943,0.0]]],
[[[127.3798,-0.5938,3.0805],[127.3797,-0.5945,3.0805],[127.3808,-0.5939,3.0805],[127.3805,-0.5935,3.0805],[127.3798,-0.5938,3.0805]]],
[[[128.4801,-0.5839,12.852],[128.4777,-0.5833,10.4061],[128.4758,-0.5856,5.05],[128.4754,-0.5906,8.3751],[128.4879,-0.5925,3.2857],[128.4881,-0.5882,4.8219],[128.4801,-0.5839,12.852]]],
[[[128.515,-0.6019,0.0],[128.516,-0.5997,0.0],[128.5134,-0.5997,8.5161],[128.513,-0.602,0.0],[128.515,-0.6019,0.0]]],
[[[127.1284,-0.4998,0.0],[127.1284,-0.4991,0.0],[127.128,-0.4991,0.0],[127.128,-0.4998,0.0],[127.1284,-0.4998,0.0]]],
[[[127.111,-0.4896,2.4433],[127.1102,-0.4896,2.4433],[127.11,-0.491,2.4433],[127.1111,-0.4906,2.4433],[127.111,-0.4896,2.4433]]],
[[[127.1197,-0.4804,0.0],[127.12,-0.4801,0.0],[127.1198,-0.4798,0.0],[127.1195,-0.4798,0.0],[127.1197,-0.4804,0.0]]],
[[[127.1161,-0.4762,0.0],[127.1158,-0.4762,0.0],[127.1158,-0.4767,0.0],[127.1162,-0.4767,0.0],[127.1161,-0.4762,0.0]]],
[[[127.1234,-0.4396,5.6082],[127.1232,-0.4395,0.0],[127.1228,-0.4403,5.6082],[127.1233,-0.4401,5.6082],[127.1234,-0.4396,5.6082]]],
[[[127.1192,-0.4353,0.0],[127.1194,-0.4333,16.5027],[127.1168,-0.433,18.3193],[127.1168,-0.4344,18.3193],[127.1192,-0.4353,0.0]]],
[[[127.1098,-0.4293,0.0],[127.1099,-0.4286,0.0],[127.1091,-0.4286,0.0],[127.1092,-0.429,0.0],[127.1098,-0.4293,0.0]]],
[[[127.1277,-0.4983,0.0],[127.1277,-0.4986,0.0],[127.1283,-0.4985,0.0],[127.1282,-0.4982,0.0],[127.1277,-0.4983,0.0]]],
[[[127.1279,-0.4979,8.6076],[127.1284,-0.498,0.0],[127.1283,-0.4977,8.6076],[127.128,-0.4976,8.6076],[127.1279,-0.4979,8.6076]]],
[[[128.3464,-0.5682,7.8274],[128.3484,-0.5665,6.7804],[128.3386,-0.5729,0.5265],[128.3303,-0.5756,5.3738],[128.3296,-0.5774,0.0],[128.3335,-0.5795,12.012],[128.3424,-0.5791,9.6669],[128.3478,-0.5834,0.0],[128.3545,-0.5816,1.5067],[128.3616,-0.5752,0.0],[128.3612,-0.5731,0.0],[128.3571,-0.57,0.7648],[128.3542,-0.5749,5.3607],[128.3506,-0.5769,2.7624],[128.3467,-0.5763,3.5051],[128.343,-0.5728,0.0],[128.3397,-0.5729,0.5265],[128.3429,-0.5724,0.0],[128.3426,-0.5706,1.7845],[128.3444,-0.5692,1.5261],[128.3433,-0.5713,0.0],[128.3464,-0.5682,7.8274]]],
[[[128.4245,-0.567,0.0],[128.4093,-0.5583,0.1984],[128.4053,-0.5616,0.0],[128.4053,-0.5634,0.0],[128.4093,-0.5599,0.0],[128.4061,-0.5647,0.0],[128.4084,-0.5656,5.7559],[128.409,-0.568,0.0],[128.414,-0.5672,0.0],[128.419,-0.5686,2.0036],[128.4172,-0.5702,2.024],[128.4187,-0.5724,5.0675],[128.4206,-0.5716,5.0675],[128.4192,-0.5733,2.4076],[128.4251,-0.5771,2.923],[128.4258,-0.5793,0.0],[128.4268,-0.5766,2.923],[128.4275,-0.5786,0.0],[128.4295,-0.5787,2.2324],[128.4301,-0.5812,8.8746],[128.4285,-0.582,0.0],[128.4277,-0.5871,3.0136],[128.4229,-0.5907,0.368],[128.4279,-0.5916,0.0],[128.4358,-0.5867,3.3257],[128.4418,-0.573,0.0],[128.439,-0.5699,19.1929],[128.43,-0.5692,0.0],[128.4245,-0.567,0.0]]],
[[[128.4072,-0.5723,2.1418],[128.4063,-0.5699,0.0],[128.4046,-0.5695,0.0],[128.4073,-0.576,1.4512],[128.4072,-0.5723,2.1418]]],
[[[128.4038,-0.5701,0.0],[128.4029,-0.57,0.0],[128.4029,-0.5703,0.0],[128.4034,-0.5704,0.0],[128.4038,-0.5701,0.0]]],
[[[128.4058,-0.5683,0.0],[128.4057,-0.5685,0.0],[128.4058,-0.5689,0.0],[128.4063,-0.5683,0.0],[128.4058,-0.5683,0.0]]],
[[[128.402,-0.5661,0.0],[128.4014,-0.5659,0.0],[128.4014,-0.5667,0.0],[128.4022,-0.5669,0.0],[128.402,-0.5661,0.0]]],
[[[128.4006,-0.5647,0.0],[128.4006,-0.5642,0.0],[128.4004,-0.5641,0.0],[128.4002,-0.5646,0.0],[128.4006,-0.5647,0.0]]],
[[[127.2838,-0.5324,6.5358],[127.2776,-0.5323,3.6472],[127.277,-0.5384,5.134],[127.2785,-0.5422,0.0],[127.2838,-0.5372,10.1771],[127.2875,-0.5378,2.665],[127.2864,-0.5341,8.4238],[127.2841,-0.5343,9.5032],[127.2838,-0.5324,6.5358]]],
[[[127.2463,-0.536,9.6228],[127.2465,-0.5375,13.0701],[127.2493,-0.5383,0.0],[127.2478,-0.535,0.0],[127.2463,-0.536,9.6228]]],
[[[127.1478,-0.5269,0.0],[127.1481,-0.5269,0.0],[127.148,-0.5266,0.0],[127.1478,-0.5266,0.0],[127.1478,-0.5269,0.0]]],
[[[127.3035,-0.5039,0.0],[127.3024,-0.5042,3.7806],[127.302,-0.505,0.0],[127.3036,-0.5049,0.0],[127.3035,-0.5039,0.0]]],
[[[127.3025,-0.4991,3.8019],[127.3016,-0.4988,3.8019],[127.3015,-0.4998,0.0],[127.3026,-0.4997,0.0],[127.3025,-0.4991,3.8019]]],
[[[127.1498,-0.529,0.0],[127.1499,-0.5284,0.0],[127.1496,-0.5283,0.0],[127.1495,-0.5289,0.0],[127.1498,-0.529,0.0]]],
[[[127.1491,-0.5278,0.0],[127.1493,-0.5273,0.0],[127.1486,-0.5272,0.0],[127.1487,-0.5276,0.0],[127.1491,-0.5278,0.0]]],
[[[127.258,-0.5396,28.4352],[127.2613,-0.535,5.8911],[127.2597,-0.532,5.8149],[127.2551,-0.5374,3.0839],[127.2564,-0.5378,25.0719],[127.2555,-0.5419,1.2666],[127.2575,-0.5435,0.0],[127.2596,-0.5422,22.3543],[127.258,-0.5396,28.4352]]],
[[[127.2927,-0.5287,0.0],[127.2928,-0.5306,0.0],[127.2934,-0.5306,0.0],[127.2935,-0.5287,0.0],[127.2927,-0.5287,0.0]]],
[[[127.2643,-0.5022,27.9648],[127.2608,-0.5016,12.021],[127.2589,-0.5029,1.6218],[127.256,-0.509,6.7728],[127.2572,-0.5093,6.7728],[127.2532,-0.5111,0.0],[127.2528,-0.513,0.0],[127.2556,-0.5154,0.0],[127.2604,-0.5142,6.9706],[127.2656,-0.5166,8.1343],[127.2655,-0.5195,9.1276],[127.261,-0.5244,0.0],[127.267,-0.532,0.0],[127.2737,-0.5279,0.0],[127.2683,-0.526,28.4882],[127.2698,-0.5242,10.3219],[127.2695,-0.5214,13.1544],[127.2671,-0.5195,13.5073],[127.2681,-0.5179,10.0035],[127.2668,-0.5095,4.5474],[127.268,-0.5074,11.126],[127.2646,-0.5057,0.0],[127.2683,-0.5043,16.9756],[127.2682,-0.502,23.0989],[127.2643,-0.5022,27.9648]]],
[[[128.0894,-0.4639,0.0],[128.0885,-0.4655,5.7721],[128.09,-0.4667,0.0],[128.0902,-0.4652,0.0],[128.0894,-0.4639,0.0]]],
[[[127.273,-0.4814,18.3945],[127.2712,-0.4792,0.0],[127.2668,-0.4782,13.461],[127.2635,-0.4826,11.0178],[127.2698,-0.4856,0.0],[127.2763,-0.4834,2.7799],[127.273,-0.4814,18.3945]]],
[[[127.7119,-0.4577,1.5942],[127.7094,-0.453,2.538],[127.7053,-0.4517,18.3595],[127.7023,-0.4533,9.365],[127.704,-0.4562,7.594],[127.707,-0.4549,5.4902],[127.7072,-0.4563,0.0],[127.7101,-0.4565,10.0437],[127.71,-0.4587,0.0],[127.7119,-0.4577,1.5942]]],
[[[127.723,-0.4402,0.0],[127.7222,-0.4389,0.0],[127.7211,-0.4396,0.0],[127.7213,-0.4405,0.0],[127.723,-0.4402,0.0]]],
[[[128.124,-0.4362,0.0],[128.1262,-0.4385,0.0],[128.1276,-0.438,2.2178],[128.1259,-0.436,1.8303],[128.124,-0.4362,0.0]]],
[[[127.3113,-0.4291,4.7864],[127.3116,-0.4278,0.0],[127.31,-0.4273,1.292],[127.3099,-0.4298,0.0],[127.3113,-0.4291,4.7864]]],
[[[127.7308,-0.4131,21.145],[127.7282,-0.4115,3.164],[127.7254,-0.4125,0.0],[127.7285,-0.4224,17.7152],[127.7258,-0.4223,7.436],[127.7267,-0.4208,5.7083],[127.7248,-0.4177,0.0],[127.7248,-0.4228,0.0],[127.7282,-0.423,4.4306],[127.7338,-0.4296,0.0],[127.7381,-0.4309,20.5836],[127.7406,-0.4309,18.7169],[127.7416,-0.4276,65.7906],[127.7457,-0.4275,4.5967],[127.7461,-0.4244,0.0],[127.7436,-0.427,22.9994],[127.7428,-0.4252,6.055],[127.7377,-0.4236,0.0],[127.7353,-0.4202,103.3688],[127.7377,-0.4181,0.0],[127.7369,-0.4158,1.5805],[127.7338,-0.416,0.0],[127.7308,-0.4131,21.145]]],
[[[127.288,-0.4909,7.1742],[127.2875,-0.4887,3.1877],[127.2854,-0.4887,8.8529],[127.2824,-0.4924,5.7238],[127.2803,-0.4913,30.9073],[127.2758,-0.4945,3.5765],[127.2739,-0.4979,7.789],[127.274,-0.5058,1.941],[127.2758,-0.507,8.8422],[127.2733,-0.511,7.3619],[127.2757,-0.5125,2.68],[127.2773,-0.5099,1.5828],[127.2808,-0.5094,90.4457],[127.2822,-0.5169,4.467],[127.286,-0.5242,0.0],[127.2902,-0.5276,5.2606],[127.2915,-0.5263,0.0],[127.2895,-0.5204,0.0],[127.2907,-0.5194,6.9971],[127.2954,-0.5213,0.0],[127.2965,-0.519,7.0842],[127.2898,-0.5177,2.3753],[127.2985,-0.5137,0.0],[127.2938,-0.5099,17.4439],[127.296,-0.5077,0.8528],[127.2899,-0.5041,2.6978],[127.2875,-0.5006,7.8355],[127.2896,-0.498,3.4975],[127.292,-0.4998,0.0],[127.2945,-0.4967,3.9706],[127.2993,-0.4995,0.0],[127.3,-0.4982,0.0],[127.2958,-0.4934,9.5587],[127.2912,-0.493,24.426],[127.288,-0.4909,7.1742]]],
[[[127.2587,-0.4969,4.6187],[127.2575,-0.4955,1.5178],[127.2538,-0.4962,0.0],[127.2557,-0.4985,0.0],[127.2591,-0.4981,0.0],[127.2587,-0.4969,4.6187]]],
[[[127.262,-0.4937,0.0],[127.2648,-0.4955,5.5762],[127.2666,-0.4951,0.0],[127.2646,-0.4932,9.3159],[127.262,-0.4937,0.0]]],
[[[127.679,-0.495,0.0],[127.6819,-0.4945,9.4087],[127.6808,-0.4849,3.9867],[127.6763,-0.4882,7.6198],[127.6783,-0.4898,11.3857],[127.679,-0.495,0.0]]],
[[[128.3974,-0.5628,0.0],[128.3944,-0.5608,0.0],[128.3933,-0.562,0.0],[128.3953,-0.5635,0.0],[128.3974,-0.5628,0.0]]],
[[[128.3864,-0.5569,0.0],[128.387,-0.5561,0.0],[128.3856,-0.556,0.0],[128.3857,-0.557,0.0],[128.3864,-0.5569,0.0]]],
[[[128.3641,-0.5526,0.3481],[128.3647,-0.5527,0.3481],[128.3649,-0.5526,0.3481],[128.3642,-0.552,0.3481],[128.3641,-0.5526,0.3481]]],
[[[127.2352,-0.55,0.0],[127.2356,-0.5502,0.0],[127.2354,-0.5495,0.0],[127.235,-0.5495,0.0],[127.2352,-0.55,0.0]]],
[[[127.279,-0.545,0.0],[127.28,-0.5455,0.0],[127.2801,-0.5439,0.0],[127.279,-0.5439,0.0],[127.279,-0.545,0.0]]],
[[[127.252,-0.5503,3.7321],[127.2524,-0.5512,3.7321],[127.2536,-0.5511,3.7321],[127.2529,-0.5498,3.7321],[127.252,-0.5503,3.7321]]],
[[[127.2687,-0.5514,9.7248],[127.2663,-0.5507,0.0],[127.2663,-0.5537,1.7632],[127.27,-0.5531,0.0],[127.2687,-0.5514,9.7248]]],
[[[128.3339,-0.5491,1.1258],[128.3308,-0.5474,0.0],[128.326,-0.5476,0.0],[128.3163,-0.5495,0.0],[128.3157,-0.551,1.5369],[128.3172,-0.5544,5.0786],[128.3249,-0.5559,6.1573],[128.335,-0.5561,9.3247],[128.3417,-0.5531,0.0],[128.3387,-0.5522,1.2604],[128.3389,-0.5509,0.8768],[128.3373,-0.5517,2.7527],[128.3378,-0.5506,1.0571],[128.3332,-0.5535,10.6747],[128.3332,-0.5503,2.7414],[128.3351,-0.5507,0.0],[128.3339,-0.5491,1.1258]]],
[[[128.394,-0.5609,0.0],[128.3908,-0.5584,0.0],[128.3898,-0.5591,0.0],[128.3919,-0.5613,0.0],[128.394,-0.5609,0.0]]],
[[[128.3904,-0.5575,0.0],[128.3889,-0.5569,0.7505],[128.3886,-0.5575,0.7505],[128.3896,-0.5584,0.0],[128.3904,-0.5575,0.0]]],
[[[128.3896,-0.5422,6.2576],[128.3818,-0.5381,10.4991],[128.3729,-0.5288,9.0318],[128.3674,-0.5272,5.9824],[128.3574,-0.5351,2.0501],[128.3445,-0.5399,6.0104],[128.3355,-0.5474,3.7617],[128.3445,-0.5525,4.0407],[128.3623,-0.5494,4.4058],[128.3673,-0.5512,0.0],[128.3658,-0.5529,1.0262],[128.3694,-0.5578,14.3355],[128.3831,-0.5582,0.0],[128.3857,-0.5551,0.0],[128.3721,-0.5546,6.0232],[128.3676,-0.5497,0.0],[128.3542,-0.5464,8.0339],[128.3606,-0.5397,0.0],[128.3673,-0.5372,14.2931],[128.38,-0.5491,1.2757],[128.382,-0.5482,0.4549],[128.3908,-0.5538,0.0],[128.3969,-0.5555,2.3631],[128.3986,-0.5583,0.0],[128.4022,-0.5559,5.6116],[128.4018,-0.5585,0.0],[128.4045,-0.5618,0.0],[128.4096,-0.5538,7.79],[128.4056,-0.5523,1.7123],[128.4037,-0.5549,5.6116],[128.4036,-0.5511,6.5086],[128.4014,-0.5475,1.8067],[128.3934,-0.545,4.5232],[128.3924,-0.543,0.0],[128.3916,-0.544,7.371],[128.3896,-0.5422,6.2576]]],
[[[127.2449,-0.5481,0.0],[127.2451,-0.5456,6.3118],[127.2477,-0.5453,0.0],[127.2485,-0.5435,0.0],[127.2386,-0.5383,7.628],[127.2348,-0.5401,58.8302],[127.234,-0.5375,7.0482],[127.2361,-0.5352,0.0],[127.2334,-0.5327,0.0],[127.2284,-0.5381,0.0],[127.2304,-0.5397,6.8398],[127.2302,-0.5434,12.9427],[127.2282,-0.5447,25.8958],[127.2253,-0.5432,23.5857],[127.2241,-0.544,7.2476],[127.2249,-0.5482,0.0],[127.2281,-0.5471,9.8726],[127.2317,-0.5481,0.0],[127.2328,-0.5462,16.8338],[127.2342,-0.5495,0.0],[127.2358,-0.5487,18.536],[127.2402,-0.5527,3.6415],[127.2507,-0.5514,0.0],[127.2494,-0.5505,1.5819],[127.2453,-0.5513,4.7943],[127.2412,-0.5491,11.8064],[127.2418,-0.5477,9.2309],[127.2435,-0.5485,0.0],[127.2433,-0.5461,21.1919],[127.2449,-0.5481,0.0]]],
[[[127.8762,-0.8271,0.0],[127.876,-0.8259,0.0],[127.875,-0.8259,0.0],[127.8755,-0.827,0.0],[127.8762,-0.8271,0.0]]],
[[[128.1352,-0.8264,0.0],[128.1372,-0.8265,0.0],[128.1395,-0.8239,0.0],[128.1375,-0.8214,4.8356],[128.1357,-0.8221,1.1266],[128.1338,-0.828,0.0],[128.1352,-0.8264,0.0]]],
[[[128.1325,-0.8281,0.0],[128.1331,-0.8274,0.0],[128.1321,-0.8266,0.0],[128.1321,-0.8278,0.0],[128.1325,-0.8281,0.0]]],
[[[128.1453,-0.8147,2.4624],[128.1441,-0.8159,0.8325],[128.1448,-0.8176,0.9923],[128.1465,-0.815,2.4624],[128.1453,-0.8147,2.4624]]],
[[[128.1426,-0.8148,1.0358],[128.1471,-0.8133,0.0],[128.1472,-0.8116,0.0],[128.1396,-0.8131,3.3375],[128.1391,-0.8174,0.0],[128.1426,-0.8148,1.0358]]],
[[[128.1427,-0.8058,0.0],[128.1409,-0.8061,0.0],[128.1404,-0.8042,0.0],[128.1345,-0.8047,0.0],[128.1325,-0.8018,0.0],[128.1311,-0.8032,0.0],[128.1317,-0.8063,0.0],[128.1375,-0.8107,2.447],[128.1407,-0.8082,2.1178],[128.151,-0.8078,3.0509],[128.1532,-0.806,0.0],[128.1495,-0.8043,0.0],[128.1427,-0.8058,0.0]]],
[[[128.0986,-0.8442,9.2313],[128.0952,-0.8383,42.1811],[128.0849,-0.839,0.0],[128.0812,-0.8447,48.2867],[128.0798,-0.8507,46.2816],[128.0854,-0.8558,8.6302],[128.0905,-0.8549,4.2241],[128.0955,-0.8585,0.0],[128.0972,-0.8576,25.0549],[128.0988,-0.8606,13.4084],[128.1035,-0.8617,0.0],[128.1061,-0.8589,0.0],[128.105,-0.8586,2.2014],[128.1064,-0.8555,10.9658],[128.1097,-0.8562,10.9238],[128.1117,-0.8528,13.2614],[128.1076,-0.849,0.2553],[128.1036,-0.8488,46.692],[128.1016,-0.8431,24.6159],[128.0986,-0.8442,9.2313]]],
[[[128.1228,-0.8454,0.0],[128.1232,-0.8436,0.0],[128.1198,-0.8414,44.3082],[128.1163,-0.8433,40.3349],[128.113,-0.8509,5.3767],[128.1146,-0.8555,2.378],[128.1222,-0.8528,0.0],[128.1199,-0.8483,4.6579],[128.1228,-0.8454,0.0]]],
[[[127.8778,-0.7314,11.1836],[127.8785,-0.7332,0.0],[127.8819,-0.7346,0.0],[127.8795,-0.7307,0.0],[127.8778,-0.7314,11.1836]]],
[[[127.1668,-0.7061,4.6116],[127.1694,-0.7054,2.8505],[127.1697,-0.7037,0.0],[127.1628,-0.7051,0.0],[127.1638,-0.707,0.0],[127.1668,-0.7061,4.6116]]],
[[[128.548,-0.6968,0.0],[128.5506,-0.6996,0.0],[128.5532,-0.6982,0.0],[128.5537,-0.6959,0.0],[128.5489,-0.6928,0.0],[128.548,-0.6968,0.0]]],
[[[127.1746,-0.6883,3.3701],[127.1744,-0.6904,0.6435],[127.1777,-0.6897,0.0],[127.1764,-0.6877,0.0],[127.1746,-0.6883,3.3701]]],
[[[127.6631,-0.676,12.14],[127.6676,-0.6739,0.0],[127.6665,-0.6709,0.0],[127.6637,-0.6705,23.2663],[127.6604,-0.6727,3.796],[127.6631,-0.676,12.14]]],
[[[127.3129,-0.6678,0.0],[127.3131,-0.6697,0.0],[127.3151,-0.6681,0.0],[127.3139,-0.6667,0.0],[127.3129,-0.6678,0.0]]],
[[[128.5717,-0.6557,0.0],[128.5713,-0.656,0.0],[128.5714,-0.6565,0.0],[128.5721,-0.6563,0.0],[128.5717,-0.6557,0.0]]],
[[[128.5801,-0.6562,0.0],[128.5794,-0.6543,0.0],[128.5712,-0.6536,0.0],[128.5802,-0.6582,0.0],[128.5801,-0.6562,0.0]]],
[[[128.5707,-0.6532,2.0629],[128.5584,-0.6503,1.4534],[128.5645,-0.6547,0.0],[128.5708,-0.6554,2.3021],[128.5707,-0.6532,2.0629]]],
[[[127.3089,-0.6651,5.6595],[127.3094,-0.6674,0.0],[127.3116,-0.6659,0.0],[127.3113,-0.6619,22.067],[127.3085,-0.6623,8.0054],[127.3089,-0.6651,5.6595]]],
[[[127.3034,-0.6529,4.4945],[127.3048,-0.653,0.0],[127.3041,-0.65,1.9293],[127.3006,-0.6494,0.6562],[127.3012,-0.6509,0.6578],[127.3034,-0.6529,4.4945]]],
[[[127.2767,-0.6487,8.9962],[127.2767,-0.6504,2.9463],[127.2794,-0.6507,0.0],[127.279,-0.6484,0.0],[127.2767,-0.6487,8.9962]]],
[[[127.3075,-0.6566,0.0],[127.31,-0.6566,0.0],[127.3111,-0.6548,7.6797],[127.3091,-0.6517,7.3166],[127.3068,-0.6511,0.0],[127.3056,-0.6543,14.8189],[127.3075,-0.6566,0.0]]],
[[[128.5942,-0.6288,2.86],[128.5927,-0.628,2.565],[128.5915,-0.6304,8.8367],[128.5838,-0.6322,2.9993],[128.5772,-0.6373,1.8233],[128.5865,-0.6367,5.8112],[128.5863,-0.6385,3.5419],[128.5889,-0.639,5.863],[128.5897,-0.6411,0.307],[128.5945,-0.6364,1.2344],[128.5915,-0.6335,0.0],[128.5943,-0.6339,9.8323],[128.5979,-0.6391,7.5603],[128.5971,-0.6423,2.2868],[128.5986,-0.6443,1.2859],[128.5957,-0.6437,0.0],[128.5932,-0.6475,0.0],[128.5934,-0.6525,0.0],[128.5964,-0.6542,8.234],[128.6034,-0.6515,3.5425],[128.6069,-0.6474,0.0],[128.6071,-0.6439,0.0],[128.6044,-0.6367,0.0],[128.5989,-0.6298,0.0],[128.5984,-0.6318,10.2678],[128.5975,-0.6309,8.5039],[128.5985,-0.629,0.0],[128.5954,-0.6281,2.86],[128.5941,-0.6303,9.1147],[128.5942,-0.6288,2.86]]],
[[[128.5745,-0.6376,0.0],[128.5732,-0.6376,0.0],[128.5744,-0.6385,0.0],[128.5767,-0.6368,0.0],[128.5763,-0.6367,0.0],[128.5745,-0.6376,0.0]]],
[[[127.2055,-0.6364,0.0],[127.2052,-0.6363,0.0],[127.2051,-0.6366,0.0],[127.2055,-0.6368,0.0],[127.2055,-0.6364,0.0]]],
[[[127.2795,-0.6345,0.0],[127.2789,-0.6349,0.0],[127.2789,-0.6352,0.0],[127.2799,-0.6348,0.0],[127.2795,-0.6345,0.0]]],
[[[128.5716,-0.6359,0.0],[128.5719,-0.6352,0.0],[128.5704,-0.6363,0.0],[128.571,-0.6364,0.0],[128.5716,-0.6359,0.0]]],
[[[128.5576,-0.6503,1.4534],[128.5562,-0.6478,0.0],[128.5533,-0.6484,0.4692],[128.5535,-0.6496,0.0],[128.5576,-0.6503,1.4534]]],
[[[127.4212,-0.6472,0.0],[127.4215,-0.6472,0.0],[127.4218,-0.647,0.0],[127.421,-0.6468,0.0],[127.4212,-0.6472,0.0]]],
[[[127.3234,-0.6616,1.8396],[127.3241,-0.6565,0.0],[127.316,-0.6476,0.0],[127.316,-0.6442,0.0],[127.3102,-0.6335,0.9626],[127.3074,-0.6314,31.6544],[127.3041,-0.6317,10.8304],[127.3017,-0.6336,7.936],[127.3011,-0.6368,0.0],[127.3023,-0.643,3.1617],[127.3012,-0.6437,0.7922],[127.3027,-0.646,1.0121],[127.3107,-0.6506,2.8202],[127.3129,-0.6561,0.0],[127.3206,-0.6623,0.9462],[127.3234,-0.6616,1.8396]]],
[[[127.3392,-0.6513,0.0],[127.3405,-0.6515,0.0],[127.3408,-0.6492,0.5916],[127.3383,-0.6475,2.0555],[127.3377,-0.6483,0.0],[127.3392,-0.6513,0.0]]],
[[[128.5504,-0.647,0.0],[128.5506,-0.6465,0.0],[128.55,-0.6464,0.0],[128.55,-0.6469,0.0],[128.5504,-0.647,0.0]]],
[[[128.5475,-0.6471,0.0],[128.548,-0.6469,0.0],[128.5482,-0.6463,0.0],[128.5472,-0.6463,0.0],[128.5475,-0.6471,0.0]]],
[[[127.2996,-0.6467,1.1968],[127.302,-0.647,0.0],[127.2999,-0.6437,0.7922],[127.299,-0.6442,0.4517],[127.2996,-0.6467,1.1968]]],
[[[128.5337,-0.6424,5.1906],[128.5266,-0.6416,1.2585],[128.529,-0.6441,2.3402],[128.5395,-0.6479,2.3968],[128.5441,-0.6482,0.0],[128.5436,-0.6459,0.0],[128.5404,-0.6454,0.7953],[128.5399,-0.6472,2.3968],[128.5375,-0.6435,4.505],[128.5337,-0.6424,5.1906]]],
[[[127.4238,-0.6434,2.1013],[127.4226,-0.6419,6.4246],[127.4213,-0.6428,6.4246],[127.4219,-0.6466,0.0],[127.4234,-0.6462,0.0],[127.4238,-0.6434,2.1013]]],
[[[127.3306,-0.6304,8.9368],[127.3284,-0.6213,2.525],[127.3225,-0.6185,0.0],[127.3137,-0.6195,0.7173],[127.309,-0.6248,0.0],[127.3169,-0.6399,0.0],[127.3233,-0.6465,0.0],[127.3238,-0.6497,0.0],[127.3279,-0.6519,0.0],[127.3308,-0.6577,1.4399],[127.3327,-0.6582,0.0],[127.3345,-0.6551,0.0],[127.33,-0.6415,23.6883],[127.3226,-0.6378,9.6198],[127.3254,-0.6381,0.0],[127.3257,-0.635,1.989],[127.3275,-0.6378,1.66],[127.3307,-0.6377,6.0572],[127.3306,-0.6304,8.9368]]],
[[[128.5156,-0.6403,11.1298],[128.5204,-0.6412,1.9122],[128.5208,-0.6398,1.9122],[128.5139,-0.6329,0.0],[128.5138,-0.636,6.1491],[128.5156,-0.6403,11.1298]]],
[[[128.1608,-0.793,3.4079],[128.1564,-0.7926,0.0],[128.1551,-0.7953,2.5638],[128.1518,-0.7966,1.4456],[128.1548,-0.7997,0.0],[128.159,-0.7982,0.0],[128.1623,-0.7939,0.0],[128.1608,-0.793,3.4079]]],
[[[128.1617,-0.7912,0.0],[128.1586,-0.7868,0.9796],[128.1565,-0.7875,0.0],[128.1574,-0.791,4.8593],[128.1617,-0.7912,0.0]]],
[[[127.6562,-0.7792,0.0],[127.6562,-0.779,0.0],[127.6561,-0.7789,0.0],[127.6559,-0.779,0.0],[127.6562,-0.7792,0.0]]],
[[[127.1986,-0.7779,0.0],[127.1982,-0.7772,0.0],[127.1963,-0.7771,0.0],[127.1975,-0.7786,0.0],[127.1986,-0.7779,0.0]]],
[[[127.6578,-0.7773,0.0],[127.6576,-0.7771,0.0],[127.6573,-0.7774,0.0],[127.6577,-0.7776,0.0],[127.6578,-0.7773,0.0]]],
[[[127.1917,-0.7759,2.4564],[127.1913,-0.7759,2.4564],[127.1912,-0.7763,0.0],[127.1917,-0.7763,0.0],[127.1917,-0.7759,2.4564]]],
[[[127.165,-0.7521,10.6851],[127.1616,-0.7506,0.3104],[127.1598,-0.7525,2.089],[127.16,-0.756,3.2742],[127.1626,-0.7589,0.0],[127.1736,-0.7627,0.0],[127.1774,-0.7701,0.0],[127.1912,-0.7757,2.4564],[127.1855,-0.7702,3.7196],[127.1803,-0.7681,8.0704],[127.1736,-0.7591,10.9504],[127.1691,-0.7581,14.7937],[127.1656,-0.7547,6.5924],[127.165,-0.7521,10.6851]]],
[[[127.8923,-0.7507,0.0],[127.8926,-0.7508,0.0],[127.8928,-0.7506,0.0],[127.8923,-0.7504,0.0],[127.8923,-0.7507,0.0]]],
[[[127.3275,-0.7762,0.8081],[127.3269,-0.7722,5.3962],[127.3121,-0.7536,0.9678],[127.3039,-0.7472,2.9793],[127.3022,-0.7417,6.2919],[127.2942,-0.7309,3.1734],[127.2957,-0.7158,0.9758],[127.2927,-0.7164,6.5055],[127.2906,-0.7134,3.238],[127.2956,-0.7123,1.3911],[127.2949,-0.7102,2.7534],[127.2912,-0.7107,1.9814],[127.2896,-0.705,0.0],[127.2974,-0.7042,0.0],[127.2978,-0.6989,0.0],[127.3002,-0.697,0.2301],[127.3006,-0.6942,0.4085],[127.2997,-0.6922,0.265],[127.2957,-0.6933,8.1418],[127.2931,-0.6922,2.7263],[127.2916,-0.6886,1.2391],[127.2948,-0.6869,1.6972],[127.3034,-0.689,0.0],[127.3039,-0.6833,1.6132],[127.2894,-0.6742,1.5583],[127.289,-0.6692,0.0],[127.274,-0.6627,3.643],[127.2695,-0.6645,0.3177],[127.2642,-0.6623,3.4403],[127.2643,-0.6549,0.0],[127.2612,-0.6525,4.39],[127.2612,-0.6497,4.7796],[127.2531,-0.6485,9.0749],[127.2525,-0.6442,2.2287],[127.2505,-0.6445,5.7725],[127.2507,-0.6392,3.782],[127.2473,-0.6357,4.7301],[127.2484,-0.6342,0.0],[127.2463,-0.629,3.3462],[127.2494,-0.6268,1.4125],[127.2547,-0.6293,3.7998],[127.2655,-0.6276,20.0721],[127.2713,-0.6218,0.0],[127.2704,-0.6179,0.0],[127.2595,-0.6095,9.0883],[127.2583,-0.6057,0.0],[127.2499,-0.603,30.73],[127.2453,-0.6055,38.4709],[127.2443,-0.6026,0.0],[127.2361,-0.6053,21.4608],[127.2209,-0.6033,7.5681],[127.2173,-0.6058,5.0724],[127.2067,-0.6191,10.5873],[127.2036,-0.6165,9.6189],[127.1947,-0.6144,7.3394],[127.1926,-0.6177,15.3629],[127.198,-0.6234,2.2963],[127.1973,-0.6251,0.0],[127.1989,-0.6254,3.861],[127.2023,-0.6326,5.0623],[127.2059,-0.6348,0.0],[127.2106,-0.6338,16.9818],[127.2169,-0.6372,9.5147],[127.2161,-0.6484,7.5941],[127.2091,-0.6523,19.1706],[127.207,-0.6652,5.5576],[127.2126,-0.6694,14.6037],[127.2127,-0.6719,9.9757],[127.2066,-0.6761,8.4011],[127.2003,-0.6729,0.0],[127.1952,-0.675,1.0267],[127.1976,-0.6767,5.7367],[127.1966,-0.6775,5.7367],[127.193,-0.6766,3.4166],[127.1878,-0.6781,1.1005],[127.1868,-0.6794,1.1005],[127.1936,-0.6806,3.4637],[127.191,-0.6925,5.1803],[127.1865,-0.6964,4.7975],[127.1784,-0.6989,8.0415],[127.1775,-0.7022,3.3589],[127.1731,-0.7058,0.0],[127.1736,-0.7078,0.99],[127.1675,-0.7084,0.0],[127.1691,-0.7127,3.2798],[127.1733,-0.7114,0.0],[127.1751,-0.712,7.8639],[127.1753,-0.7139,5.6579],[127.1744,-0.7165,39.702],[127.1682,-0.7164,8.15],[127.1688,-0.7175,8.15],[127.1674,-0.7179,0.0],[127.1678,-0.7213,0.0],[127.1699,-0.723,15.6517],[127.1683,-0.725,6.5237],[127.169,-0.734,2.3313],[127.1718,-0.7345,14.5525],[127.1719,-0.7362,9.0543],[127.1703,-0.7375,10.8575],[127.1688,-0.7361,0.0],[127.1675,-0.7386,0.726],[127.1644,-0.7474,0.0],[127.1656,-0.7508,19.3711],[127.1673,-0.7523,3.6361],[127.17,-0.7513,4.6821],[127.181,-0.7673,1.7356],[127.2025,-0.7772,21.7033],[127.1995,-0.7776,0.0],[127.2002,-0.7789,0.0],[127.2096,-0.7806,4.7995],[127.2265,-0.7803,1.5339],[127.2312,-0.7704,8.5612],[127.2346,-0.7679,15.0211],[127.2459,-0.7656,4.4109],[127.2491,-0.7681,0.0],[127.2585,-0.7711,10.7703],[127.2664,-0.7768,0.0],[127.2772,-0.7799,0.0],[127.2837,-0.7909,6.2462],[127.2901,-0.7966,0.0],[127.2965,-0.7993,3.9141],[127.312,-0.7965,0.0],[127.3344,-0.7867,0.0],[127.3275,-0.7762,0.8081]]],
[[[128.5696,-0.634,0.0],[128.5679,-0.6312,0.0],[128.565,-0.6317,7.008],[128.5668,-0.6346,0.0],[128.5697,-0.6356,0.0],[128.5696,-0.634,0.0]]],
[[[128.5904,-0.6297,2.5626],[128.5915,-0.6299,8.8367],[128.5917,-0.6279,0.0],[128.5905,-0.6281,6.7652],[128.5904,-0.6297,2.5626]]],
[[[128.5877,-0.6292,1.0876],[128.5869,-0.6306,0.0],[128.5887,-0.6289,1.0876],[128.5888,-0.6275,0.0],[128.5883,-0.6275,0.0],[128.5877,-0.6292,1.0876]]],
[[[128.5854,-0.629,0.0],[128.5846,-0.6304,0.0],[128.587,-0.627,1.3675],[128.5865,-0.6269,1.3675],[128.5854,-0.629,0.0]]],
[[[128.5861,-0.627,1.3675],[128.5858,-0.6268,1.3675],[128.5857,-0.6274,1.3675],[128.5858,-0.6274,1.3675],[128.5861,-0.627,1.3675]]],
[[[128.5845,-0.6277,0.0],[128.585,-0.6269,0.0],[128.585,-0.6264,0.0],[128.5843,-0.6273,0.0],[128.5845,-0.6277,0.0]]],
[[[128.5624,-0.631,0.0],[128.5628,-0.631,0.0],[128.5626,-0.6305,0.0],[128.5623,-0.6305,0.0],[128.5624,-0.631,0.0]]],
[[[128.5552,-0.63,0.0],[128.5569,-0.631,0.0],[128.5589,-0.6306,0.0],[128.5569,-0.6279,0.0],[128.5552,-0.63,0.0]]],
[[[128.5513,-0.6291,6.1306],[128.5532,-0.6294,0.0],[128.5524,-0.6241,0.0],[128.5477,-0.6266,0.0],[128.5513,-0.6291,6.1306]]],
[[[128.5674,-0.6264,0.0],[128.5683,-0.6254,9.5253],[128.5672,-0.6229,0.0],[128.5627,-0.6254,8.8037],[128.5637,-0.6286,0.0],[128.5674,-0.6264,0.0]]],
[[[128.5489,-0.6235,0.9265],[128.5482,-0.6242,0.0],[128.5484,-0.625,0.0],[128.5493,-0.6241,0.9265],[128.5489,-0.6235,0.9265]]],
[[[128.5586,-0.6216,0.0],[128.5576,-0.6218,0.0],[128.5578,-0.6229,0.0],[128.5586,-0.6223,0.0],[128.5586,-0.6216,0.0]]],
[[[128.5543,-0.6213,1.002],[128.5542,-0.6227,1.002],[128.5549,-0.6235,0.0],[128.556,-0.6209,2.1393],[128.5543,-0.6213,1.002]]],
[[[128.5513,-0.6222,3.5595],[128.5501,-0.6241,0.9265],[128.5521,-0.6232,1.5116],[128.5527,-0.6198,2.4343],[128.5525,-0.6199,2.4343],[128.5513,-0.6222,3.5595]]],
[[[128.5535,-0.6201,2.4343],[128.5532,-0.6214,1.002],[128.5535,-0.6218,1.002],[128.5541,-0.6208,2.4343],[128.5535,-0.6201,2.4343]]],
[[[128.5509,-0.6191,0.0],[128.5464,-0.62,13.1586],[128.5461,-0.6188,0.0],[128.5453,-0.6205,0.9128],[128.548,-0.6234,0.0],[128.5511,-0.6218,3.5595],[128.5509,-0.6191,0.0]]],
[[[127.1406,-0.6117,0.0],[127.1403,-0.6118,0.0],[127.1405,-0.6123,0.0],[127.1407,-0.6122,0.0],[127.1406,-0.6117,0.0]]],
[[[127.1396,-0.618,0.0],[127.1401,-0.62,0.0],[127.1403,-0.6202,0.0],[127.1395,-0.6169,0.0],[127.1396,-0.618,0.0]]],
[[[127.1457,-0.6331,0.0],[127.1465,-0.6345,0.0],[127.1449,-0.6309,0.0],[127.1448,-0.6312,0.0],[127.1457,-0.6331,0.0]]],
[[[127.4305,-0.6313,25.0794],[127.426,-0.6304,0.0],[127.4265,-0.6347,0.0],[127.4334,-0.6348,0.0],[127.4339,-0.6323,0.0],[127.4305,-0.6313,25.0794]]],
[[[127.1452,-0.6286,0.0],[127.1445,-0.6293,0.0],[127.1444,-0.6298,0.0],[127.1464,-0.6283,0.0],[127.1452,-0.6286,0.0]]],
[[[127.4133,-0.6504,0.0],[127.4158,-0.6437,11.344],[127.4146,-0.6365,0.0],[127.4077,-0.6367,33.4956],[127.405,-0.6313,2.2593],[127.4017,-0.629,53.8149],[127.402,-0.625,23.1921],[127.3982,-0.6214,2.2159],[127.3899,-0.6175,1.0235],[127.3861,-0.612,0.0],[127.3764,-0.6088,5.8881],[127.3741,-0.6114,0.0],[127.3749,-0.6144,0.0],[127.3701,-0.6127,0.4999],[127.3674,-0.6166,4.6117],[127.3651,-0.6173,2.6464],[127.3582,-0.6168,4.091],[127.3553,-0.6139,1.0294],[127.3516,-0.6147,10.8321],[127.3494,-0.6127,0.0],[127.3461,-0.6142,15.0072],[127.3421,-0.6119,12.5668],[127.3388,-0.6126,3.9308],[127.3362,-0.6111,7.0243],[127.3389,-0.6055,2.425],[127.3346,-0.5997,7.6642],[127.3243,-0.6064,8.4542],[127.3278,-0.6105,0.0],[127.3312,-0.6118,0.0],[127.3345,-0.6185,11.8171],[127.3372,-0.6318,3.2939],[127.3357,-0.6438,1.6382],[127.3372,-0.6457,1.4771],[127.3407,-0.6458,0.0],[127.3433,-0.6407,2.5269],[127.3446,-0.6408,8.4156],[127.3451,-0.6425,8.5521],[127.3421,-0.6487,0.5916],[127.3432,-0.6531,0.0],[127.3481,-0.6585,0.0],[127.3576,-0.6616,0.0],[127.3618,-0.6609,7.6461],[127.3676,-0.6657,0.5597],[127.3689,-0.6653,0.5597],[127.368,-0.6613,0.0],[127.3702,-0.6576,6.3411],[127.3724,-0.6601,2.9501],[127.3706,-0.6621,0.9801],[127.3736,-0.6643,2.9099],[127.3752,-0.661,6.886],[127.3745,-0.6556,10.3614],[127.3685,-0.6521,8.7464],[127.3686,-0.6508,6.8318],[127.3731,-0.6494,9.1489],[127.3768,-0.6532,3.4977],[127.3789,-0.6588,3.5889],[127.3765,-0.6664,4.3204],[127.3801,-0.6677,1.3493],[127.3859,-0.6627,0.0],[127.3831,-0.658,8.6719],[127.3844,-0.6566,0.0],[127.39,-0.6574,0.0],[127.3912,-0.6554,2.177],[127.3988,-0.6555,2.4777],[127.4116,-0.6606,0.0],[127.4149,-0.6561,0.0],[127.4133,-0.6504,0.0]]],
[[[127.1977,-0.6318,0.0],[127.1989,-0.6327,0.0],[127.1978,-0.6294,0.0],[127.1974,-0.6303,0.0],[127.1977,-0.6318,0.0]]],
[[[128.5143,-0.6298,0.0],[128.5145,-0.6308,0.0],[128.5155,-0.6312,0.0],[128.5158,-0.6294,0.0],[128.5143,-0.6298,0.0]]],
[[[127.1983,-0.6272,0.0],[127.1981,-0.6282,0.0],[127.1982,-0.6285,0.0],[127.1987,-0.6281,0.0],[127.1983,-0.6272,0.0]]],
[[[128.5429,-0.6257,0.0],[128.5439,-0.6258,0.0],[128.5446,-0.625,0.0],[128.5423,-0.6255,0.0],[128.5429,-0.6257,0.0]]],
[[[127.1934,-0.6223,1.3162],[127.1945,-0.6234,1.8836],[127.193,-0.6207,0.0],[127.1928,-0.6213,1.3162],[127.1934,-0.6223,1.3162]]],
[[[127.191,-0.6181,0.0],[127.1912,-0.6187,0.0],[127.193,-0.62,0.0],[127.1928,-0.6187,8.3747],[127.191,-0.6181,0.0]]],
[[[127.1966,-0.6246,0.0],[127.196,-0.6236,1.8836],[127.1947,-0.6238,1.8836],[127.1951,-0.6244,1.8836],[127.1966,-0.6246,0.0]]],
[[[127.2938,-0.6296,0.0],[127.2982,-0.6275,0.0],[127.2968,-0.6224,3.183],[127.2941,-0.6232,1.768],[127.2938,-0.6296,0.0]]],
[[[128.5414,-0.6253,0.0],[128.5422,-0.625,0.0],[128.5409,-0.6214,1.2196],[128.5389,-0.6253,0.0],[128.5414,-0.6253,0.0]]],
[[[128.5357,-0.6237,0.0],[128.5358,-0.6204,0.0],[128.5334,-0.6186,0.0],[128.5305,-0.6191,0.0],[128.5278,-0.6227,3.7907],[128.528,-0.6236,1.6368],[128.5308,-0.6223,0.0],[128.5357,-0.6237,0.0]]],
[[[128.5441,-0.6175,2.0081],[128.5443,-0.6154,0.0],[128.5427,-0.6196,0.0],[128.5429,-0.6196,0.0],[128.5441,-0.6175,2.0081]]],
[[[128.5221,-0.6084,0.0],[128.5217,-0.6104,0.0],[128.5221,-0.6108,0.0],[128.5226,-0.6086,0.0],[128.5221,-0.6084,0.0]]],
[[[128.5269,-0.6095,0.0],[128.5267,-0.6095,0.0],[128.5261,-0.6108,0.0],[128.5266,-0.6107,0.0],[128.5269,-0.6095,0.0]]],
[[[128.5264,-0.6094,0.0],[128.5238,-0.608,3.517],[128.5231,-0.6095,0.0],[128.524,-0.611,0.5609],[128.5264,-0.6094,0.0]]],
[[[128.5305,-0.6121,0.0],[128.5314,-0.6104,0.0],[128.5291,-0.6099,1.7363],[128.5281,-0.6133,0.0],[128.5289,-0.6139,0.0],[128.5305,-0.6121,0.0]]],
[[[128.5195,-0.6047,0.2148],[128.5169,-0.6014,0.0],[128.5158,-0.6022,0.0],[128.5174,-0.606,1.8198],[128.519,-0.6052,1.8198],[128.5195,-0.608,0.0],[128.5207,-0.6061,0.2148],[128.5195,-0.6047,0.2148]]],
[[[127.1915,-0.6174,1.2516],[127.1913,-0.6166,1.2516],[127.1905,-0.6163,1.2516],[127.1906,-0.6173,1.2516],[127.1915,-0.6174,1.2516]]],
[[[127.393,-0.6046,0.0],[127.3925,-0.605,0.0],[127.3927,-0.6054,0.0],[127.3933,-0.605,0.0],[127.393,-0.6046,0.0]]],
[[[127.3949,-0.6028,0.0],[127.3925,-0.5967,11.8577],[127.3886,-0.5922,5.5371],[127.3825,-0.5953,7.9876],[127.3808,-0.5987,0.0],[127.3834,-0.5998,0.0],[127.3855,-0.606,6.0331],[127.3887,-0.6064,0.0],[127.3949,-0.6028,0.0]]],
[[[127.3944,-0.6081,0.0],[127.3933,-0.6071,0.0],[127.3924,-0.6082,0.0],[127.3929,-0.6088,0.0],[127.3944,-0.6081,0.0]]],
[[[128.5022,-0.595,0.0],[128.4993,-0.5924,0.0],[128.496,-0.5926,0.0],[128.4968,-0.5955,0.8038],[128.4949,-0.5984,8.082],[128.4957,-0.6001,1.1838],[128.5069,-0.6158,0.0],[128.5101,-0.6178,0.0],[128.507,-0.6116,4.4064],[128.5039,-0.6091,0.5274],[128.5099,-0.6106,0.0],[128.5119,-0.6139,7.2469],[128.5115,-0.6184,2.3926],[128.5145,-0.6187,5.3605],[128.5173,-0.6155,0.0],[128.5157,-0.6154,0.0],[128.5166,-0.6097,0.0],[128.515,-0.6062,0.0],[128.512,-0.6038,0.0],[128.5111,-0.6006,0.0],[128.5087,-0.603,0.0],[128.5083,-0.5974,0.0],[128.5053,-0.5979,0.0],[128.5022,-0.595,0.0]]],
[[[128.419,-0.595,5.9096],[128.4156,-0.5976,1.073],[128.4137,-0.597,2.2306],[128.4114,-0.5844,0.0],[128.4126,-0.5926,0.0],[128.4093,-0.5999,3.475],[128.4097,-0.6037,0.0],[128.4136,-0.6036,0.0],[128.419,-0.5992,0.0],[128.4209,-0.593,0.0],[128.419,-0.595,5.9096]]],
[[[127.6138,-0.7611,3.1486],[127.6221,-0.7504,1.4506],[127.6245,-0.7443,8.4056],[127.6299,-0.7411,20.1155],[127.6357,-0.7417,0.0],[127.652,-0.7486,2.0021],[127.6596,-0.7683,15.6283],[127.6651,-0.7758,0.0],[127.6646,-0.7813,10.1144],[127.6591,-0.7878,0.0],[127.6595,-0.7901,9.4977],[127.6552,-0.7919,11.0672],[127.6596,-0.7963,23.3372],[127.6578,-0.8009,19.9719],[127.659,-0.8036,0.0],[127.659,-0.8018,1.6842],[127.6608,-0.8035,5.9827],[127.6596,-0.806,7.1884],[127.6625,-0.8063,16.416],[127.66,-0.8084,34.0322],[127.6594,-0.8066,0.0],[127.6575,-0.8076,0.0],[127.6584,-0.8126,46.5154],[127.6624,-0.8163,0.0],[127.6706,-0.8144,11.4296],[127.6653,-0.8194,0.0],[127.6683,-0.8245,20.638],[127.6762,-0.8199,0.0],[127.679,-0.8198,0.0],[127.6822,-0.8219,11.9802],[127.6849,-0.8261,7.5801],[127.686,-0.8327,0.0],[127.6816,-0.8383,0.0],[127.6875,-0.8424,3.3901],[127.6961,-0.8459,20.619],[127.7017,-0.8452,2.9825],[127.7077,-0.8491,1.6411],[127.7132,-0.8505,3.242],[127.7178,-0.8546,0.0],[127.7302,-0.8495,9.9489],[127.74,-0.8555,3.3542],[127.748,-0.8574,16.4564],[127.7498,-0.8608,0.0],[127.7533,-0.8616,5.1982],[127.749,-0.8628,0.0],[127.7481,-0.8652,14.6166],[127.7472,-0.8638,0.0],[127.7437,-0.8648,19.3825],[127.7426,-0.8611,0.0],[127.7381,-0.8614,15.0829],[127.7347,-0.8645,1.6599],[127.7316,-0.8633,4.6799],[127.7251,-0.8672,0.0],[127.7262,-0.8691,1.6286],[127.7323,-0.8713,0.0],[127.7525,-0.8699,0.0],[127.7553,-0.867,1.0533],[127.7596,-0.8657,4.8032],[127.7696,-0.8697,0.0],[127.7702,-0.8637,21.345],[127.7729,-0.8615,0.0],[127.7809,-0.859,16.0393],[127.7914,-0.8645,0.0],[127.7967,-0.8581,5.9404],[127.8054,-0.856,15.2036],[127.809,-0.8567,0.0],[127.8189,-0.8511,16.0432],[127.8208,-0.8533,0.0],[127.8276,-0.8548,0.0],[127.8278,-0.8524,13.2721],[127.8309,-0.8513,1.6181],[127.8317,-0.8481,14.7884],[127.8306,-0.8468,12.1146],[127.8335,-0.8434,6.342],[127.8412,-0.8444,7.685],[127.845,-0.8401,2.1639],[127.8473,-0.8403,0.0],[127.8445,-0.8379,0.0],[127.8447,-0.8351,0.0],[127.8472,-0.8318,2.0738],[127.8511,-0.8315,0.0],[127.8519,-0.827,3.8185],[127.8551,-0.8271,1.5282],[127.8581,-0.825,3.9783],[127.8607,-0.8276,8.301],[127.8633,-0.8256,15.2069],[127.8665,-0.8272,3.494],[127.8704,-0.8269,2.9386],[127.8718,-0.8208,1.8447],[127.8803,-0.8117,0.0],[127.8762,-0.8051,0.0],[127.8797,-0.7956,1.4774],[127.8848,-0.794,22.1215],[127.8846,-0.7973,16.6438],[127.8912,-0.8005,3.6177],[127.8962,-0.8,0.0],[127.899,-0.7966,3.7502],[127.8992,-0.7928,0.0],[127.8969,-0.7936,22.52],[127.8946,-0.79,0.0],[127.8916,-0.7915,45.6031],[127.8892,-0.789,5.3077],[127.8838,-0.7876,0.0],[127.884,-0.786,0.0],[127.8806,-0.7823,10.8009],[127.8823,-0.781,2.2227],[127.879,-0.7769,8.0071],[127.8803,-0.7748,0.0],[127.8919,-0.7805,6.8563],[127.9021,-0.7824,12.9021],[127.905,-0.7853,3.9453],[127.9062,-0.7839,17.5383],[127.9024,-0.7763,0.0],[127.9028,-0.7711,0.0],[127.9006,-0.7689,5.0731],[127.8964,-0.7694,0.0],[127.8908,-0.7638,12.9419],[127.8934,-0.7615,0.0],[127.8938,-0.7584,1.9384],[127.8907,-0.7597,18.8287],[127.8847,-0.7531,7.5196],[127.8794,-0.75,8.9542],[127.8781,-0.7518,20.0466],[127.88,-0.7532,24.6774],[127.8779,-0.7547,16.3866],[127.8775,-0.7577,19.6292],[127.8794,-0.755,16.3866],[127.8804,-0.756,23.0762],[127.879,-0.7596,16.432],[127.877,-0.7595,1.68],[127.8722,-0.7509,7.0902],[127.876,-0.7397,0.0],[127.8764,-0.7313,0.0],[127.873,-0.7309,12.1616],[127.8712,-0.7283,17.8671],[127.8701,-0.73,25.6308],[127.8687,-0.728,42.9423],[127.8737,-0.7184,3.7047],[127.869,-0.7163,15.1411],[127.863,-0.7091,6.2778],[127.8573,-0.7077,0.0],[127.8551,-0.7112,12.3754],[127.856,-0.7134,1.8532],[127.8606,-0.7112,14.6774],[127.8591,-0.7168,22.5831],[127.8572,-0.7153,16.4044],[127.8548,-0.7159,4.9132999999999996],[127.8541,-0.7144,0.0],[127.8517,-0.7155,14.3253],[127.8512,-0.7091,0.0],[127.8451,-0.7098,9.5833],[127.8439,-0.7055,1.552],[127.8376,-0.7008,3.3614],[127.826,-0.6988,0.0],[127.8178,-0.69,0.9815],[127.7976,-0.6786,5.0271],[127.7898,-0.683,6.5071],[127.7848,-0.6796,12.2413],[127.7746,-0.6821,5.1858],[127.767,-0.6869,6.8354],[127.7648,-0.6921,15.6754],[127.7619,-0.6933,7.1791],[127.7563,-0.6928,4.7969],[127.7523,-0.6894,0.0],[127.7421,-0.6858,3.4351],[127.738,-0.6864,6.3515],[127.7298,-0.692,3.0727],[127.722,-0.6922,6.045],[127.716,-0.6901,6.5844],[127.7084,-0.6949,0.0],[127.7038,-0.7002,7.0483],[127.699,-0.7012,0.0],[127.6973,-0.7051,10.2407],[127.6912,-0.7101,8.1815],[127.6842,-0.7116,12.2275],[127.6776,-0.7114,13.5571],[127.6757,-0.7087,2.6864],[127.6714,-0.7099,4.073],[127.6691,-0.7057,1.4766],[127.6641,-0.704,7.7772],[127.6635,-0.7009,0.0],[127.6557,-0.6936,38.789],[127.6558,-0.6903,13.8785],[127.6526,-0.6852,12.3851],[127.6531,-0.6799,3.0349],[127.651,-0.6829,0.0],[127.6483,-0.6827,12.1521],[127.6516,-0.6709,0.0],[127.6466,-0.6649,28.7096],[127.6521,-0.66,0.0],[127.6554,-0.6469,1.2699],[127.6514,-0.6443,0.0],[127.6503,-0.641,0.0],[127.6463,-0.6378,19.6362],[127.6471,-0.6291,0.0],[127.643,-0.6295,4.2748],[127.6424,-0.6265,24.8083],[127.6344,-0.6294,0.0],[127.6292,-0.6282,19.7445],[127.6231,-0.6303,18.0946],[127.6118,-0.6312,7.7531],[127.6053,-0.6283,5.1758],[127.6017,-0.6212,0.0],[127.5976,-0.6195,0.0],[127.6005,-0.6095,0.0],[127.5987,-0.6001,4.1139],[127.5961,-0.5978,0.0],[127.5999,-0.5901,0.0],[127.5988,-0.5866,6.57],[127.6014,-0.5887,0.0],[127.6037,-0.5876,6.1699],[127.6011,-0.584,7.4118],[127.6001,-0.5845,7.4118],[127.6002,-0.5771,3.6528],[127.6056,-0.5745,8.6503],[127.6113,-0.5741,5.6922],[127.6139,-0.5693,8.6085],[127.6215,-0.5628,4.4598],[127.6294,-0.5487,6.8537],[127.6354,-0.5424,2.4209],[127.6375,-0.537,7.6661],[127.6448,-0.5307,20.8104],[127.6488,-0.5292,3.2604],[127.6543,-0.522,5.9722],[127.6603,-0.5207,2.541],[127.6637,-0.5175,0.0],[127.6645,-0.5108,6.145],[127.6722,-0.5007,1.5229],[127.676,-0.4985,0.0],[127.6743,-0.494,0.0],[127.6744,-0.4871,0.0],[127.6778,-0.4807,16.1594],[127.6841,-0.4755,0.0],[127.6866,-0.471,7.584],[127.6902,-0.4696,0.0],[127.6927,-0.4568,0.0],[127.6846,-0.4553,7.7224],[127.681,-0.4529,7.3162],[127.6795,-0.4508,13.9624],[127.6828,-0.4483,0.0],[127.6798,-0.4461,4.4359],[127.6626,-0.4414,11.9971],[127.6584,-0.4387,2.4406],[127.6577,-0.4264,0.0],[127.6504,-0.4236,14.9582],[127.6524,-0.418,10.8029],[127.645,-0.4121,2.3034],[127.6394,-0.4104,3.6219],[127.6359,-0.4116,45.4133],[127.6281,-0.4105,0.0],[127.6268,-0.4129,8.5715],[127.6275,-0.417,187.7764],[127.6243,-0.4141,1.1863],[127.6211,-0.4162,3.0902],[127.6151,-0.4127,2.1693],[127.6171,-0.4106,7.8845],[127.619,-0.4112,5.6094],[127.6208,-0.4055,14.5852],[127.6197,-0.4027,0.0],[127.6176,-0.404,10.6688],[127.6149,-0.402,3.32],[127.6163,-0.3975,0.0],[127.6141,-0.3967,3.6461],[127.6153,-0.3954,0.0],[127.6145,-0.391,0.0],[127.6157,-0.386,0.0],[127.6139,-0.3815,2.7559],[127.6084,-0.3727,0.0],[127.6042,-0.3703,5.0928],[127.6017,-0.3709,2.5202],[127.5976,-0.3775,31.4951],[127.5926,-0.3797,18.5979],[127.5953,-0.3727,32.9832],[127.5943,-0.3711,16.6991],[127.5957,-0.3703,0.0],[127.5953,-0.3665,28.9558],[127.5915,-0.3638,1.9391],[127.5932,-0.359,2.1695],[127.5888,-0.3576,1.0185],[127.5887,-0.3527,0.4662],[127.5872,-0.3506,3.4462],[127.5788,-0.3473,5.1429],[127.5787,-0.3435,0.0],[127.5765,-0.3417,16.0137],[127.5812,-0.3377,0.0],[127.5815,-0.3337,0.0],[127.5771,-0.3283,0.0],[127.5743,-0.3289,13.898],[127.5743,-0.3256,20.4673],[127.5697,-0.3226,0.0],[127.5705,-0.319,0.0],[127.5689,-0.3155,0.0],[127.5447,-0.3147,89.0282],[127.5394,-0.313,12.0471],[127.5376,-0.3093,29.3394],[127.531,-0.3032,78.8752],[127.5206,-0.3017,6.3215],[127.5184,-0.3044,16.4049],[127.5188,-0.3062,17.0119],[127.5172,-0.3061,3.0595],[127.5161,-0.3082,58.9143],[127.5142,-0.3143,11.0689],[127.5147,-0.3176,0.0],[127.5182,-0.3182,4.8208],[127.5187,-0.3205,0.5563],[127.5141,-0.326,0.0],[127.5015,-0.3334,3.695],[127.4977,-0.3383,6.5988],[127.4928,-0.3415,11.2913],[127.4848,-0.34,43.842],[127.484,-0.3478,0.0],[127.4886,-0.3509,198.9795],[127.4888,-0.3525,265.8079],[127.4828,-0.3544,127.2104],[127.482,-0.3609,71.7235],[127.475,-0.3657,32.1855],[127.4786,-0.3711,4.8541],[127.4749,-0.3764,25.1219],[127.4761,-0.3806,0.0],[127.4791,-0.3838,0.8494],[127.4791,-0.3876,0.0],[127.4743,-0.392,75.1698],[127.4707,-0.3998,54.4886],[127.4675,-0.4029,0.0],[127.4656,-0.4033,26.0204],[127.463,-0.4013,12.0416],[127.4603,-0.4038,28.7735],[127.4567,-0.4023,6.974],[127.4525,-0.4035,3.9566],[127.4525,-0.4057,3.5307],[127.4577,-0.4088,10.228],[127.4587,-0.4119,3.9686],[127.4571,-0.4165,10.3546],[127.452,-0.419,2.372],[127.4412,-0.415,5.8104],[127.4318,-0.4074,1.1041],[127.4263,-0.406,7.8027],[127.4248,-0.401,0.0],[127.4221,-0.3988,3.6684],[127.423,-0.3956,0.0],[127.4201,-0.3957,16.5441],[127.4176,-0.3934,12.6528],[127.418,-0.3877,3.6637],[127.4149,-0.3839,0.8496],[127.4167,-0.3811,0.0],[127.4138,-0.3815,9.0649],[127.4143,-0.3782,3.6099],[127.4118,-0.3774,5.0245],[127.4123,-0.3712,3.9863],[127.4149,-0.3683,0.0],[127.412,-0.3637,11.1594],[127.4125,-0.3584,0.0],[127.4089,-0.3562,1.2289],[127.4075,-0.3521,3.9483],[127.4051,-0.3524,7.7816],[127.4024,-0.3503,2.4131],[127.4013,-0.3477,21.8052],[127.4032,-0.3469,0.0],[127.4025,-0.3448,0.0],[127.3976,-0.3437,5.9441],[127.393,-0.3452,10.095],[127.3883,-0.3368,4.7569],[127.3863,-0.3358,0.0],[127.3862,-0.3321,0.0],[127.3803,-0.3255,7.7662],[127.3743,-0.3236,15.2908],[127.3724,-0.3169,8.7123],[127.3696,-0.3157,0.0],[127.3648,-0.3181,9.9012],[127.3605,-0.3219,15.3496],[127.3599,-0.3249,68.7172],[127.3569,-0.3277,14.9434],[127.357,-0.3306,17.0154],[127.3536,-0.3332,28.1609],[127.3497,-0.331,8.9775],[127.3479,-0.3356,7.745],[127.341,-0.3347,23.6688],[127.3382,-0.3387,3.5231],[127.326,-0.3314,14.3367],[127.3241,-0.3282,0.0],[127.3242,-0.3323,17.2664],[127.3209,-0.3301,0.0],[127.3204,-0.3416,2.4269],[127.3246,-0.3454,0.0],[127.3271,-0.3455,2.9137],[127.3259,-0.3483,0.0],[127.327,-0.35,0.0],[127.3313,-0.3506,1.1648],[127.3299,-0.3539,0.0],[127.3314,-0.3572,0.0],[127.3332,-0.3572,8.4601],[127.3332,-0.3604,7.8816],[127.3351,-0.3624,8.2066],[127.3353,-0.37,1.9209],[127.3369,-0.3718,5.0183],[127.3356,-0.3741,0.0],[127.3377,-0.3763,4.7078],[127.3365,-0.378,7.9683],[127.3383,-0.3842,10.1224],[127.3365,-0.3854,8.5618],[127.3357,-0.3889,3.889],[127.3329,-0.3894,2.0994],[127.3337,-0.3918,1.2378],[127.3307,-0.3965,0.0],[127.3324,-0.3991,5.6003],[127.3315,-0.4062,0.0],[127.3246,-0.4181,13.2381],[127.3187,-0.4238,4.8157],[127.3187,-0.4286,12.1636],[127.316,-0.4315,10.7697],[127.3131,-0.4315,0.0],[127.3121,-0.434,6.4429],[127.306,-0.4323,0.8774],[127.301,-0.4328,0.9047],[127.2952,-0.4376,15.7448],[127.2961,-0.4453,22.324],[127.2941,-0.4455,0.0],[127.2951,-0.4473,23.1855],[127.2933,-0.4487,8.3622],[127.2931,-0.454,9.6164],[127.2914,-0.456,5.8606],[127.2924,-0.4684,11.7231],[127.2912,-0.4708,8.8182],[127.2952,-0.4766,3.4024],[127.2956,-0.4825,1.1165],[127.30029999999999,-0.4843,5.636],[127.3,-0.4861,3.4571],[127.3044,-0.4892,3.237],[127.3053,-0.4925,0.0],[127.3085,-0.4958,11.425],[127.3069,-0.499,11.1551],[127.3082,-0.5021,17.7384],[127.3048,-0.5054,0.0],[127.3064,-0.5076,30.7048],[127.3052,-0.5095,0.0],[127.3062,-0.5138,0.0],[127.3082,-0.5132,4.3876],[127.31,-0.5168,0.0],[127.316,-0.5167,4.3523],[127.3175,-0.5194,0.5979],[127.3157,-0.5204,0.0],[127.322,-0.5241,10.3858],[127.3253,-0.5292,11.2138],[127.3332,-0.5311,23.9253],[127.3357,-0.5342,8.9821],[127.3356,-0.5377,2.4511],[127.3403,-0.5403,0.0],[127.3464,-0.5392,4.2013],[127.3464,-0.5408,0.0],[127.3484,-0.5415,15.7576],[127.3454,-0.5423,6.6104],[127.3451,-0.5446,65.358],[127.3424,-0.5469,0.0],[127.3482,-0.5509,0.0],[127.3503,-0.5579,13.0296],[127.3536,-0.56,0.0],[127.3614,-0.5568,2.0583],[127.3624,-0.5581,2.7528],[127.3596,-0.5623,9.2668],[127.3606,-0.5639,2.271],[127.359,-0.5671,32.983],[127.3602,-0.5721,2.8836],[127.3592,-0.5795,3.9812],[127.3687,-0.584,2.397],[127.3756,-0.592,3.5991],[127.3791,-0.5915,0.0],[127.3821,-0.5884,0.0],[127.3849,-0.5885,0.0],[127.3825,-0.5853,7.5441],[127.3837,-0.5856,0.9814],[127.3835,-0.584,3.5992],[127.3897,-0.5882,0.0],[127.3942,-0.5954,14.103],[127.3973,-0.5955,1.7973],[127.4008,-0.5983,0.0],[127.3995,-0.6015,0.0],[127.4026,-0.6059,9.8981],[127.4023,-0.6083,1.9984],[127.4064,-0.611,5.3413],[127.4063,-0.6137,1.2512],[127.4083,-0.614,6.5082],[127.4095,-0.6162,1.0557],[127.4078,-0.6209,0.0],[127.4097,-0.6214,0.0],[127.412,-0.6186,1.8385],[127.4127,-0.6214,0.0],[127.4146,-0.6203,4.4752],[127.4198,-0.6216,0.0],[127.4203,-0.6192,24.1986],[127.4144,-0.6118,23.1679],[127.4155,-0.608,0.5335],[127.421,-0.6074,9.9801],[127.4295,-0.6104,19.6601],[127.4314,-0.614,6.1029],[127.431,-0.6163,4.0964],[127.4306,-0.614,0.0],[127.43,-0.6151,0.5332],[127.4308,-0.6208,0.9841],[127.4422,-0.6258,2.864],[127.4444,-0.6284,0.0],[127.449,-0.6275,3.1475],[127.4514,-0.6302,0.0],[127.4576,-0.632,0.0],[127.4592,-0.6301,3.5845],[127.4591,-0.626,2.755],[127.4607,-0.6254,3.2554],[127.4648,-0.6294,6.3346],[127.4709,-0.6266,0.3294],[127.4805,-0.6306,4.145],[127.4781,-0.6453,0.0],[127.4783,-0.66,5.2608],[127.474,-0.6701,6.5788],[127.466,-0.6781,12.0472],[127.4609,-0.6893,0.0],[127.4546,-0.693,0.9563],[127.4423,-0.737,2.8771],[127.4435,-0.7507,5.6803],[127.4482,-0.7607,4.656],[127.4479,-0.7699,6.0616],[127.4531,-0.7797,0.0],[127.4604,-0.7885,2.0795],[127.4596,-0.793,0.0],[127.4631,-0.8141,0.0],[127.4677,-0.8146,0.0],[127.4721,-0.8175,40.6509],[127.4749,-0.8237,2.7855],[127.4942,-0.8106,23.3818],[127.5001,-0.8013,0.0],[127.506,-0.7987,5.7703],[127.5215,-0.7959,1.5422],[127.5386,-0.7868,0.0],[127.5451,-0.7866,0.0],[127.5525,-0.7791,0.0],[127.5623,-0.777,2.0664],[127.5721,-0.7704,4.5804],[127.5964,-0.7682,0.0],[127.6138,-0.7611,3.1486]]],
[[[127.7545,-0.4159,4.3677],[127.7558,-0.4156,4.3677],[127.7555,-0.4143,0.0],[127.7528,-0.416,4.4261],[127.7545,-0.4159,4.3677]]],
[[[127.7294,-0.4017,0.0],[127.7284,-0.3995,0.0],[127.7212,-0.403,24.0624],[127.7228,-0.4064,0.0],[127.7294,-0.4017,0.0]]],
[[[127.7353,-0.398,0.0],[127.7347,-0.3983,0.0],[127.7351,-0.3992,0.0],[127.7355,-0.399,0.0],[127.7353,-0.398,0.0]]],
[[[127.1089,-0.3895,0.0],[127.1092,-0.3888,0.0],[127.1084,-0.3887,0.0],[127.1085,-0.3894,0.0],[127.1089,-0.3895,0.0]]],
[[[127.1133,-0.414,0.0],[127.1134,-0.4134,0.0],[127.1131,-0.4134,0.0],[127.1129,-0.4141,0.0],[127.1133,-0.414,0.0]]],
[[[127.7628,-0.3703,0.0],[127.7611,-0.369,0.0],[127.7618,-0.3707,0.0],[127.7603,-0.3717,1.8173],[127.762,-0.3735,0.0],[127.7631,-0.3716,0.0],[127.7628,-0.3703,0.0]]],
[[[127.1164,-0.3911,0.0],[127.1163,-0.391,0.0],[127.1157,-0.3911,3.6316],[127.1165,-0.3916,0.0],[127.1164,-0.3911,0.0]]],
[[[127.1172,-0.3906,0.0],[127.117,-0.3907,0.0],[127.117,-0.3912,0.0],[127.1173,-0.3912,0.0],[127.1172,-0.3906,0.0]]],
[[[127.1168,-0.3812,0.0],[127.1163,-0.3806,0.0],[127.1161,-0.3815,10.1356],[127.1164,-0.3815,10.1356],[127.1168,-0.3812,0.0]]],
[[[127.113,-0.3808,13.731],[127.1142,-0.3814,0.0],[127.1155,-0.3794,3.6956],[127.1142,-0.3789,3.6956],[127.113,-0.3808,13.731]]],
[[[127.4333,-0.3554,0.0],[127.4327,-0.3498,25.7471],[127.4239,-0.3531,40.9517],[127.4183,-0.3532,0.0],[127.4281,-0.3596,0.0],[127.4311,-0.3594,0.0],[127.4333,-0.3554,0.0]]],
[[[127.7468,-0.3271,15.5439],[127.7433,-0.3265,0.0],[127.7425,-0.3334,0.0],[127.7439,-0.3383,89.7491],[127.74,-0.3393,2.427],[127.7373,-0.3431,14.6053],[127.7362,-0.3486,30.4293],[127.7391,-0.3535,4.4495],[127.7377,-0.3594,38.5483],[127.7392,-0.3686,3.4709],[127.7347,-0.3762,0.0],[127.7333,-0.3838,0.7104],[127.7267,-0.3913,0.0],[127.7264,-0.3969,0.0],[127.7284,-0.3955,7.5088],[127.7301,-0.3966,0.0],[127.7319,-0.3946,4.6447],[127.7342,-0.3958,9.1154],[127.7332,-0.392,68.5342],[127.7367,-0.3904,13.4717],[127.7396,-0.3935,0.0],[127.7397,-0.3893,0.0],[127.7374,-0.3891,23.5914],[127.7396,-0.3827,6.5678],[127.742,-0.3814,0.0],[127.7441,-0.3823,0.0],[127.7484,-0.3766,0.0],[127.7532,-0.3771,3.0585],[127.7599,-0.3731,2.287],[127.7577,-0.373,46.3227],[127.7569,-0.3712,22.0315],[127.7587,-0.3696,0.0],[127.7566,-0.3632,4.5015],[127.7543,-0.3628,0.0],[127.7514,-0.365,0.0],[127.7552,-0.3691,11.6474],[127.751,-0.3683,19.3432],[127.7495,-0.3658,55.7256],[127.7516,-0.3603,58.5264],[127.7582,-0.3573,0.0],[127.7481,-0.3415,0.0],[127.75,-0.3405,0.0],[127.7492,-0.3368,32.9882],[127.7507,-0.3358,17.3022],[127.748,-0.3321,0.0],[127.7485,-0.3282,9.2815],[127.7468,-0.3271,15.5439]]],
[[[127.3148,-0.3451,0.0],[127.3137,-0.3454,0.0],[127.3134,-0.3465,0.0],[127.3153,-0.3463,0.0],[127.3148,-0.3451,0.0]]],
[[[127.7639,-0.333,0.0],[127.7635,-0.3323,0.0],[127.7624,-0.3327,0.0],[127.763,-0.3338,0.0],[127.7639,-0.333,0.0]]],
[[[127.3196,-0.3445,0.0],[127.3209,-0.3459,0.0],[127.3209,-0.344,2.1599],[127.3196,-0.3434,0.0],[127.3196,-0.3445,0.0]]],
[[[127.4082,-0.3436,0.0],[127.4099,-0.3453,0.0],[127.4113,-0.3416,0.0],[127.4083,-0.3418,10.292],[127.4082,-0.3436,0.0]]],
[[[127.3093,-0.3424,0.0],[127.3093,-0.3421,0.0],[127.3091,-0.3419,0.0],[127.309,-0.3424,0.0],[127.3093,-0.3424,0.0]]],
[[[127.1289,-0.3289,17.1219],[127.1314,-0.326,0.0],[127.1205,-0.3307,0.0],[127.1274,-0.3311,16.2892],[127.1289,-0.3289,17.1219]]],
[[[127.1329,-0.3233,21.2261],[127.1333,-0.3227,0.0],[127.1331,-0.3225,0.0],[127.1326,-0.3229,0.0],[127.1329,-0.3233,21.2261]]],
[[[127.569,-0.3106,0.0],[127.5694,-0.3107,0.0],[127.5697,-0.3102,0.0],[127.569,-0.3102,0.0],[127.569,-0.3106,0.0]]],
[[[127.1316,-0.3172,0.0],[127.1318,-0.3172,0.0],[127.1318,-0.3169,0.0],[127.1316,-0.317,0.0],[127.1316,-0.3172,0.0]]],
[[[127.1336,-0.3158,4.8989],[127.1331,-0.3158,4.8989],[127.1329,-0.317,0.0],[127.1341,-0.3167,0.0],[127.1336,-0.3158,4.8989]]],
[[[127.1365,-0.3162,10.6291],[127.1352,-0.3155,10.6291],[127.1344,-0.317,0.0],[127.1357,-0.3168,0.0],[127.1365,-0.3162,10.6291]]],
[[[127.1296,-0.3317,0.0],[127.1298,-0.3322,0.0],[127.1303,-0.3317,0.0],[127.1301,-0.3315,0.0],[127.1296,-0.3317,0.0]]],
[[[127.1232,-0.3317,0.0],[127.1231,-0.3314,0.0],[127.1229,-0.3315,0.0],[127.1229,-0.3318,0.0],[127.1232,-0.3317,0.0]]],
[[[127.2956,-0.3363,7.8158],[127.2902,-0.3335,7.5547],[127.2872,-0.3342,3.3084],[127.2867,-0.3375,0.0],[127.2809,-0.3441,15.9556],[127.2808,-0.3472,5.5057],[127.2899,-0.3497,0.0],[127.2977,-0.3441,10.9475],[127.3024,-0.3458,2.7158],[127.2956,-0.3363,7.8158]]],
[[[127.3168,-0.3443,4.1709],[127.3182,-0.3418,0.0],[127.3129,-0.3382,1.0781],[127.3114,-0.3406,0.0],[127.3122,-0.3426,2.5429],[127.3168,-0.3443,4.1709]]],
[[[127.4086,-0.3295,1.5449],[127.4103,-0.326,29.6623],[127.4097,-0.3208,17.0476],[127.4056,-0.3194,0.0],[127.3999,-0.3226,0.0],[127.3988,-0.3261,1.6756],[127.3997,-0.3358,0.0],[127.4046,-0.3408,0.7534],[127.4073,-0.341,0.0],[127.4061,-0.3379,20.9813],[127.4086,-0.3295,1.5449]]],
[[[127.071,-0.3077,0.0],[127.0682,-0.3041,4.1538],[127.0653,-0.3071,4.2677],[127.0695,-0.3095,10.783],[127.071,-0.3077,0.0]]],
[[[127.1179,-0.4016,0.0],[127.1196,-0.4037,0.0],[127.1167,-0.4073,3.1536],[127.1225,-0.4089,10.5346],[127.1207,-0.4128,12.6531],[127.114,-0.4151,51.4795],[127.1164,-0.4184,13.4437],[127.1155,-0.4195,1.476],[127.1034,-0.415,0.0],[127.1032,-0.4214,0.0],[127.1045,-0.4235,9.9514],[127.1033,-0.4256,0.0],[127.1061,-0.4239,20.8555],[127.1227,-0.428,2.2898],[127.1237,-0.4309,6.2034],[127.1212,-0.4334,0.0],[127.1254,-0.4351,4.1261],[127.126,-0.4371,2.7689],[127.1225,-0.4416,12.6014],[127.1236,-0.4443,9.816],[127.1287,-0.449,3.6577],[127.1333,-0.4501,5.3427],[127.1504,-0.4618,11.1876],[127.148,-0.4679,47.0448],[127.1524,-0.4681,0.0],[127.1548,-0.4735,0.0],[127.1467,-0.4767,53.0995],[127.1209,-0.4732,39.8482],[127.1182,-0.476,14.5716],[127.1196,-0.4772,0.0],[127.1191,-0.4779,0.0],[127.1202,-0.4797,5.9169],[127.1198,-0.4806,0.0],[127.1177,-0.4831,51.4802],[127.1153,-0.4829,0.0],[127.1114,-0.4855,0.0],[127.1116,-0.4872,0.0],[127.1167,-0.4866,1.2814],[127.1187,-0.4884,2.9003],[127.1206,-0.4926,7.7314],[127.1182,-0.4975,55.7819],[127.1188,-0.4995,22.4051],[127.1281,-0.4973,8.6076],[127.1316,-0.5,0.0],[127.1367,-0.4995,12.3126],[127.1366,-0.5036,5.4918],[127.1283,-0.5053,3.3359],[127.1251,-0.5067,13.4415],[127.1244,-0.5091,15.2693],[127.1227,-0.5081,2.8625],[127.1278,-0.5186,0.0],[127.1291,-0.5189,2.7282],[127.1302,-0.5156,20.5051],[127.1336,-0.5146,0.0],[127.1363,-0.5165,0.0],[127.1362,-0.5198,0.0],[127.1384,-0.523,0.0],[127.1489,-0.5267,0.0],[127.152,-0.5242,12.14],[127.1552,-0.5266,0.0],[127.1603,-0.5268,7.6996],[127.1608,-0.5287,0.0],[127.1635,-0.5289,13.1812],[127.1638,-0.531,6.4034],[127.1712,-0.5309,18.8582],[127.1738,-0.5272,0.0],[127.1712,-0.5276,25.5395],[127.1711,-0.5256,9.9243],[127.1758,-0.5234,6.7033],[127.1798,-0.5243,22.2892],[127.1855,-0.5228,9.2921],[127.185,-0.5206,4.5325],[127.1868,-0.5183,0.0],[127.1887,-0.5218,0.0],[127.1929,-0.5218,0.0],[127.198,-0.5189,13.5987],[127.2016,-0.5193,4.0762],[127.2037,-0.5162,10.1964],[127.208,-0.5147,1.4095],[127.2157,-0.5184,0.0],[127.2211,-0.515,0.0],[127.2223,-0.5119,6.8338],[127.2288,-0.5122,0.0],[127.2277,-0.5082,0.0],[127.2312,-0.5087,0.0],[127.2318,-0.5069,0.0],[127.2277,-0.5026,0.0],[127.2288,-0.5009,2.2886],[127.2259,-0.4966,12.2844],[127.2278,-0.4934,0.0],[127.2316,-0.4943,3.7608],[127.2332,-0.4922,16.6728],[127.2358,-0.4922,15.0641],[127.2479,-0.496,5.5046],[127.264,-0.4922,3.4636],[127.2632,-0.4903,3.8288],[127.2651,-0.4906,0.0],[127.2648,-0.4876,0.0],[127.2589,-0.4833,16.5617],[127.2611,-0.4749,6.9616],[127.2586,-0.4758,4.2573],[127.2569,-0.4733,8.0731],[127.2632,-0.4667,1.4971],[127.2657,-0.4669,0.0],[127.2671,-0.4616,2.4886],[127.2693,-0.4618,0.0],[127.2725,-0.4588,4.4251],[127.277,-0.4574,2.8237],[127.2778,-0.4559,4.5781],[127.2757,-0.4552,11.9504],[127.2782,-0.4545,22.968],[127.2788,-0.4513,0.0],[127.2761,-0.4498,44.08],[127.27,-0.4503,23.3141],[127.2718,-0.4473,13.853],[127.2736,-0.4482,0.0],[127.2754,-0.4469,0.0],[127.2761,-0.4441,28.1485],[127.2674,-0.4314,29.5765],[127.2658,-0.4216,32.5171],[127.2672,-0.418,4.2522],[127.2657,-0.4146,12.0683],[127.264,-0.415,28.8452],[127.2626,-0.4126,0.0],[127.2633,-0.4063,0.0],[127.2736,-0.3992,5.3775],[127.2794,-0.399,0.0],[127.2801,-0.3955,5.658],[127.2829,-0.3997,0.0],[127.2869,-0.3995,0.0],[127.2875,-0.3911,4.7805],[127.2841,-0.3882,14.7449],[127.284,-0.383,11.9077],[127.2882,-0.3748,56.9266],[127.2795,-0.3637,0.0],[127.2747,-0.362,5.3403],[127.2762,-0.3592,8.7082],[127.2728,-0.355,0.0],[127.2691,-0.3538,5.9452],[127.2661,-0.3502,2.2738],[127.2655,-0.3463,0.7494],[127.268,-0.3453,2.891],[127.2703,-0.3413,17.0735],[127.268,-0.3361,1.4926],[127.2636,-0.3336,3.2569],[127.2603,-0.3373,5.5215],[127.2559,-0.3387,1.5679],[127.2537,-0.3375,15.9028],[127.253,-0.3267,9.7338],[127.2542,-0.3256,0.0],[127.2505,-0.3208,12.317],[127.2539,-0.3187,19.1425],[127.2525,-0.3123,18.3458],[127.2539,-0.3129,18.3458],[127.2537,-0.3112,40.9788],[127.2607,-0.3051,5.3637],[127.2617,-0.3023,31.4084],[127.2572,-0.2955,4.6316],[127.2552,-0.2947,16.298],[127.2585,-0.2911,18.3023],[127.262,-0.2906,10.4728],[127.2627,-0.2918,0.0],[127.2642,-0.2903,8.6686],[127.2655,-0.2937,3.2337],[127.2676,-0.2946,0.0],[127.2682,-0.2921,23.9634],[127.2649,-0.2889,8.8479],[127.2698,-0.2889,0.0],[127.2829,-0.2911,14.8265],[127.2797,-0.2927,2.808],[127.2812,-0.2929,11.4059],[127.2814,-0.2961,3.0685],[127.2839,-0.2949,0.0],[127.283,-0.2934,3.0134],[127.2855,-0.2935,1.9297],[127.2846,-0.2913,13.8415],[127.2891,-0.2925,0.0],[127.2967,-0.2887,18.1687],[127.2986,-0.2891,2.9725],[127.3016,-0.2853,10.019],[127.3029,-0.2876,2.9473],[127.3029,-0.2814,20.1306],[127.3059,-0.2799,0.0],[127.3052,-0.2702,42.469],[127.3005,-0.2686,17.1014],[127.2929,-0.2704,0.0],[127.2892,-0.2765,51.5035],[127.2823,-0.2791,4.2842],[127.2812,-0.2812,23.3421],[127.2758,-0.2801,0.0],[127.2751,-0.2826,22.2806],[127.273,-0.2821,7.3055],[127.2722,-0.28,3.9248],[127.2687,-0.2815,11.6051],[127.2684,-0.2796,0.0],[127.2717,-0.2783,0.0],[127.2686,-0.2772,9.6835],[127.2661,-0.2789,20.3143],[127.2648,-0.2763,2.3009],[127.2647,-0.2786,20.3143],[127.2621,-0.2803,33.3744],[127.2612,-0.2765,34.2948],[127.2628,-0.2757,0.0],[127.2576,-0.2744,14.1847],[127.2595,-0.2721,6.8951],[127.2579,-0.2708,34.1459],[127.2592,-0.2699,3.6332],[127.2547,-0.2677,1.7019],[127.253,-0.2639,8.8425],[127.2517,-0.2641,51.7627],[127.25,-0.257,2.9931],[127.2481,-0.2566,14.6476],[127.2499,-0.2554,0.0],[127.2461,-0.2566,40.7859],[127.2421,-0.2539,2.1346],[127.2404,-0.2549,42.3246],[127.241,-0.2527,31.6824],[127.2459,-0.2477,0.0],[127.2399,-0.2453,5.6468],[127.2386,-0.2476,11.7773],[127.2308,-0.2507,5.6574],[127.226,-0.2552,13.4176],[127.2241,-0.2541,0.0],[127.2238,-0.2562,8.934],[127.2194,-0.2583,68.3387],[127.2082,-0.2564,19.1746],[127.2062,-0.2548,7.261],[127.1995,-0.2572,18.1639],[127.1952,-0.2521,0.0],[127.1935,-0.2575,10.0602],[127.1892,-0.2552,2.4305],[127.1872,-0.2575,17.4075],[127.1838,-0.2578,0.0],[127.1839,-0.2609,7.4436],[127.1823,-0.2623,8.4965],[127.1752,-0.2643,3.9581],[127.1661,-0.2605,4.0312],[127.166,-0.2581,0.0],[127.1638,-0.2562,0.0],[127.1615,-0.2573,17.5951],[127.1625,-0.26,35.2008],[127.1594,-0.2607,33.5433],[127.1577,-0.2642,19.9551],[127.1552,-0.2645,3.1553],[127.151,-0.2623,28.2479],[127.1521,-0.2588,10.5955],[127.1504,-0.2566,2.4151],[127.1503,-0.2583,20.9836],[127.1477,-0.2587,8.6768],[127.1459,-0.2629,0.0],[127.1429,-0.2649,13.0626],[127.1409,-0.2681,24.7025],[127.1418,-0.2706,10.7549],[127.1391,-0.2704,6.2149],[127.1362,-0.2751,4.9051],[127.1318,-0.2749,47.5225],[127.1295,-0.2777,0.6691],[127.1225,-0.2802,21.4087],[127.1233,-0.2843,9.7242],[127.121,-0.2831,11.7973],[127.1184,-0.286,15.9298],[127.1135,-0.2844,0.0],[127.1126,-0.2867,42.6993],[127.1104,-0.2808,5.1549],[127.1085,-0.2874,8.9758],[127.1105,-0.2923,3.5595],[127.1122,-0.2886,16.1182],[127.1136,-0.2897,0.0],[127.1168,-0.2878,23.4573],[127.1218,-0.2931,0.0],[127.1219,-0.2964,32.1268],[127.1193,-0.2974,2.2459],[127.1195,-0.2992,8.7969],[127.1165,-0.2997,45.3681],[127.1145,-0.2981,23.9987],[127.1133,-0.2995,5.2173],[127.1152,-0.3005,26.5349],[127.115,-0.3031,0.0],[127.1236,-0.3078,21.1751],[127.13,-0.3057,15.8282],[127.1359,-0.3076,7.8325],[127.1362,-0.3099,0.0],[127.1384,-0.31,0.0],[127.1398,-0.3125,8.2699],[127.1367,-0.315,9.2733],[127.1388,-0.318,7.5616],[127.1393,-0.3229,5.8869],[127.1382,-0.324,30.8566],[127.1334,-0.3234,21.2261],[127.133,-0.3285,43.8195],[127.1305,-0.3324,18.5267],[127.1319,-0.3331,62.118899999999996],[127.1293,-0.3369,0.0],[127.131,-0.3396,0.0],[127.1339,-0.3391,6.7325],[127.1359,-0.3416,0.0],[127.1333,-0.3579,8.2901],[127.1355,-0.3609,4.2328],[127.1337,-0.3641,3.8497],[127.1312,-0.3645,5.1135],[127.1313,-0.368,21.7896],[127.1287,-0.3703,18.5365],[127.1217,-0.3704,0.0],[127.1189,-0.3737,7.6532],[127.1202,-0.3781,13.4883],[127.1168,-0.3823,10.1356],[127.1181,-0.384,0.0],[127.1158,-0.3874,8.3787],[127.1093,-0.3882,0.0],[127.1125,-0.3889,40.9162],[127.1132,-0.3905,4.1484],[127.1176,-0.3894,13.7193],[127.1209,-0.3926,26.3911],[127.1162,-0.3951,9.7237],[127.1172,-0.3972,17.4102],[127.1154,-0.4,5.5897],[127.1179,-0.4016,0.0]]],
[[[127.123,-0.3142,0.0],[127.1275,-0.3116,4.4686],[127.1172,-0.315,29.7446],[127.1162,-0.3191,1.4685],[127.1199,-0.3179,50.8549],[127.123,-0.3142,0.0]]],
[[[127.554,-0.2985,8.0212],[127.5484,-0.2991,6.1854],[127.5459,-0.296,0.0],[127.5443,-0.297,5.0665],[127.5422,-0.3021,15.0312],[127.5457,-0.3092,7.6185],[127.5551,-0.311,5.447],[127.5587,-0.3088,4.6567],[127.5583,-0.3113,0.0],[127.5628,-0.3124,0.0],[127.5653,-0.3106,0.0],[127.5638,-0.3082,0.0],[127.5635,-0.3097,1.6234],[127.5625,-0.309,2.3438],[127.5637,-0.3072,3.5783],[127.5688,-0.3099,0.0],[127.5671,-0.304,0.0],[127.5633,-0.3004,0.0],[127.5598,-0.3001,0.0],[127.5584,-0.3039,6.4644],[127.5549,-0.3041,7.2792],[127.5562,-0.3,10.3757],[127.554,-0.2985,8.0212]]],
[[[127.1107,-0.304,6.1034],[127.112,-0.3037,0.0],[127.1104,-0.3019,3.6608],[127.1098,-0.3032,0.0],[127.1107,-0.304,6.1034]]],
[[[127.1098,-0.3079,0.0],[127.1095,-0.3079,0.0],[127.1094,-0.3084,0.0],[127.1097,-0.3083,0.0],[127.1098,-0.3079,0.0]]],
[[[127.2606,-0.3057,5.3637],[127.2601,-0.3066,3.2074],[127.2617,-0.3082,0.0],[127.2627,-0.3053,2.6591],[127.2606,-0.3057,5.3637]]],
[[[127.2645,-0.3048,0.0],[127.2638,-0.3059,2.6591],[127.2652,-0.3064,0.0],[127.2654,-0.3058,0.0],[127.2645,-0.3048,0.0]]],
[[[127.7148,-0.2916,0.0],[127.7311,-0.3032,0.0],[127.7358,-0.3037,24.1995],[127.7384,-0.2988,8.4515],[127.7397,-0.3019,42.0674],[127.736,-0.3041,24.1995],[127.7396,-0.3053,30.7683],[127.7402,-0.3088,5.7704],[127.7425,-0.3061,34.844],[127.7461,-0.308,11.3699],[127.7466,-0.3101,42.8107],[127.7447,-0.3123,26.4496],[127.7518,-0.3152,0.0],[127.7505,-0.3201,4.2068],[127.7556,-0.32,2.4678],[127.7713,-0.3274,6.75],[127.7792,-0.3286,0.0],[127.7833,-0.3275,1.9736],[127.7858,-0.329,10.2008],[127.7888,-0.336,0.0],[127.793,-0.3383,0.0],[127.803,-0.3401,0.0],[127.8112,-0.3368,2.1425],[127.8184,-0.3378,7.6716],[127.8208,-0.3412,1.5325],[127.8256,-0.3433,4.5725],[127.8265,-0.3474,7.919],[127.8296,-0.3503,0.0],[127.8333,-0.3521,0.0],[127.8377,-0.3517,0.0],[127.8445,-0.3552,3.9244],[127.8457,-0.3605,0.0],[127.8505,-0.3641,4.3794],[127.8593,-0.3639,9.2387],[127.8644,-0.366,6.0668],[127.8687,-0.3803,0.0],[127.8744,-0.3808,4.3501],[127.8768,-0.3836,12.1694],[127.8772,-0.3874,2.7294],[127.8812,-0.3896,0.0],[127.8806,-0.399,2.5691],[127.8836,-0.4104,39.3273],[127.8903,-0.4218,0.0],[127.8946,-0.4233,4.5499],[127.8957,-0.4304,1.7034],[127.9003,-0.4344,35.3285],[127.9001,-0.442,1.625],[127.9052,-0.4461,20.6026],[127.9064,-0.4742,10.5903],[127.9095,-0.4759,3.5302],[127.9135,-0.4816,1.1083],[127.9192,-0.4841,20.1365],[127.9248,-0.4943,9.261],[127.9322,-0.4955,1.5846],[127.9339,-0.5011,5.5529],[127.9384,-0.5036,9.0473],[127.9412,-0.511,1.7929],[127.9414,-0.5166,6.6648],[127.9459,-0.5233,25.7028],[127.9466,-0.5305,5.5977],[127.9508,-0.5334,1.8306],[127.9507,-0.5391,0.0],[127.9537,-0.5413,27.9375],[127.9546,-0.5561,56.6684],[127.9588,-0.5676,6.1444],[127.9648,-0.5782,2.7924],[127.969,-0.5802,10.032],[127.9712,-0.5855,0.0],[127.9749,-0.5869,10.2324],[127.9761,-0.5909,0.0],[127.9752,-0.5959,7.8853],[127.9884,-0.6115,0.0],[127.9908,-0.6228,18.312],[127.9957,-0.6293,4.8838],[127.9929,-0.6438,10.7177],[127.9942,-0.648,0.0],[127.9982,-0.6515,0.0],[127.9965,-0.6578,0.0],[128.001,-0.6598,2.6329],[128.0024,-0.6676,1.6963],[128.0089,-0.672,3.6848],[128.012,-0.6786,2.4502],[128.0183,-0.6827,31.9096],[128.0195,-0.6864,2.9441],[128.0303,-0.6928,16.9083],[128.0354,-0.699,4.012],[128.0571,-0.7097,0.0],[128.0656,-0.718,0.0],[128.086,-0.7229,13.5087],[128.1119,-0.7343,3.0213],[128.1153,-0.7334,6.4263],[128.1181,-0.7366,0.0],[128.1257,-0.7367,6.7086],[128.1289,-0.7393,5.3327],[128.1324,-0.7381,0.4519],[128.1476,-0.745,13.7543],[128.1512,-0.7491,2.6372],[128.1553,-0.7479,9.0332],[128.1623,-0.7509,10.5148],[128.1672,-0.7504,6.9945],[128.187,-0.7608,5.7565],[128.2019,-0.7631,0.7396],[128.2169,-0.7724,2.0523],[128.2206,-0.7701,0.3861],[128.2194,-0.7657,3.5392],[128.223,-0.7638,9.4888],[128.2251,-0.7561,14.5609],[128.2272,-0.7568,6.0382],[128.2308,-0.7538,0.0],[128.23,-0.7523,1.1578],[128.2321,-0.7524,0.0],[128.2338,-0.7502,1.4269],[128.2344,-0.7528,1.0419],[128.2276,-0.7588,31.4979],[128.2242,-0.7669,0.0],[128.2247,-0.7698,0.0],[128.232,-0.7687,0.0],[128.24,-0.7699,1.6715],[128.2433,-0.76,3.2543],[128.2433,-0.7642,0.0],[128.2474,-0.7641,1.9552],[128.2445,-0.7673,4.7134],[128.2472,-0.7699,8.2292],[128.245,-0.772,14.7003],[128.2417,-0.7708,11.9973],[128.2389,-0.7726,2.161],[128.2399,-0.7794,14.1468],[128.2378,-0.778,5.3553],[128.2375,-0.7742,1.2665],[128.2349,-0.778,5.6258],[128.2355,-0.7723,0.0],[128.2331,-0.7735,13.0772],[128.2303,-0.7709,4.8923],[128.227,-0.7732,0.0],[128.2298,-0.7795,3.7682],[128.2388,-0.7869,0.0],[128.2459,-0.7881,3.3233],[128.2492,-0.7925,3.8542],[128.2483,-0.7935,1.6701],[128.2533,-0.7986,0.0],[128.2547,-0.7981,0.0],[128.2533,-0.7965,0.0],[128.256,-0.7963,0.0],[128.2578,-0.8035,0.0],[128.2606,-0.8047,5.3777],[128.2601,-0.8064,0.0],[128.2618,-0.8088,0.0],[128.2632,-0.8085,12.2546],[128.2632,-0.811,3.7131],[128.2654,-0.8114,6.8393],[128.2681,-0.8219,0.0],[128.2704,-0.8204,0.5659],[128.271,-0.8245,5.3006],[128.2739,-0.8271,3.4031],[128.2799,-0.826,17.4288],[128.2836,-0.8326,10.3548],[128.2822,-0.8383,10.9568],[128.2791,-0.8386,4.0458],[128.2712,-0.8315,1.312],[128.2538,-0.8216,9.0976],[128.2482,-0.8203,6.0086],[128.2406,-0.8211,0.0],[128.2419,-0.8223,2.6985],[128.2409,-0.8268,5.0711],[128.232,-0.827,3.4121],[128.2259,-0.8322,0.0],[128.2257,-0.8393,0.0],[128.23,-0.8465,0.0],[128.2449,-0.8571,6.0141],[128.2604,-0.8633,5.1866],[128.262,-0.8667,0.0],[128.2653,-0.8687,0.0],[128.2686,-0.8672,1.8034],[128.274,-0.8679,13.3169],[128.2796,-0.8724,14.3189],[128.2812,-0.876,6.9833],[128.2859,-0.8791,2.6147],[128.2905,-0.8811,4.1483],[128.2995,-0.8816,0.0],[128.3079,-0.879,0.0],[128.3119,-0.8742,3.0367],[128.3136,-0.8648,6.3786],[128.3162,-0.864,1.105],[128.3236,-0.8684,4.3419],[128.3308,-0.8762,3.5287],[128.3408,-0.8809,24.8781],[128.3462,-0.8864,0.0],[128.3522,-0.8895,2.3476],[128.3542,-0.8885,0.0],[128.3546,-0.8823,3.2971],[128.3578,-0.8822,0.3904],[128.3623,-0.8781,0.0],[128.3686,-0.8808,7.0492],[128.3717,-0.8801,0.0],[128.3725,-0.878,1.0382],[128.3803,-0.878,1.0936],[128.3812,-0.8801,0.0],[128.3927,-0.882,0.3858],[128.4011,-0.8856,2.0041],[128.4117,-0.8948,0.0],[128.4187,-0.8944,14.684],[128.4206,-0.8962,7.0876],[128.4193,-0.8984,10.7609],[128.4203,-0.8997,0.0],[128.4385,-0.9031,2.6347],[128.4443,-0.9068,1.9105],[128.4501,-0.914,3.6098],[128.4539,-0.9139,0.0],[128.4576,-0.908,0.0],[128.4562,-0.9027,0.0],[128.4506,-0.8962,0.0],[128.4405,-0.8889,3.4158],[128.4355,-0.8821,0.0],[128.4297,-0.8783,3.8232],[128.4187,-0.8757,0.0],[128.3815,-0.853,11.9668],[128.3635,-0.8361,0.0],[128.3563,-0.8262,0.0],[128.3539,-0.8259,0.6316],[128.3543,-0.8238,1.3244],[128.3485,-0.8163,6.9652],[128.3311,-0.8075,4.2097],[128.3244,-0.8017,0.0],[128.3197,-0.795,14.4973],[128.3092,-0.7901,10.1389],[128.3073,-0.7772,1.6956],[128.299,-0.7648,16.8978],[128.295,-0.7635,11.1472],[128.2862,-0.754,22.9062],[128.2656,-0.7422,10.5506],[128.2554,-0.7324,2.046],[128.2534,-0.7331,18.8148],[128.2385,-0.7215,1.051],[128.2344,-0.721,9.0187],[128.2328,-0.7149,8.8968],[128.2297,-0.7142,5.7408],[128.2292,-0.7123,2.3993],[128.227,-0.7128,11.3734],[128.2266,-0.7095,3.8058],[128.2219,-0.7073,1.4139],[128.2122,-0.6952,5.1527],[128.2093,-0.6903,0.0],[128.2099,-0.6813,0.0],[128.1989,-0.6718,13.7373],[128.1931,-0.6556,0.0],[128.1887,-0.6497,6.3665],[128.1854,-0.6285,4.4356],[128.18,-0.6236,5.2563],[128.1606,-0.5961,1.644],[128.1494,-0.5746,0.0],[128.1262,-0.5387,11.4341],[128.1206,-0.5356,0.0],[128.1104,-0.5181,3.1877],[128.1083,-0.5174,0.0],[128.1053,-0.512,2.7079],[128.102,-0.5113,3.2497],[128.0909,-0.4925,12.1198],[128.0915,-0.4907,0.0],[128.0845,-0.4767,5.6569],[128.0833,-0.4673,0.0],[128.0794,-0.4577,0.0],[128.0646,-0.4373,12.0962],[128.0647,-0.4268,0.0],[128.0601,-0.4245,4.7893],[128.0564,-0.4176,0.0],[128.0526,-0.4194,10.0987],[128.0495,-0.4174,10.4578],[128.0408,-0.3864,0.0],[128.0273,-0.3552,12.4926],[128.016,-0.3226,0.0],[128.0119,-0.3212,0.0],[128.0058,-0.3122,5.3503],[128.0027,-0.2996,2.5829],[127.9914,-0.2853,2.8065],[127.9818,-0.264,1.8108],[127.9775,-0.2315,2.6921],[127.9719,-0.2119,9.9898],[127.9716,-0.2003,10.6686],[127.97,-0.1972,10.6444],[127.9655,-0.1636,0.0],[127.9526,-0.1375,6.1759],[127.9488,-0.1263,14.3399],[127.9462,-0.111,0.0],[127.9333,-0.0864,0.0],[127.9269,-0.0799,6.1526],[127.9111,-0.0569,0.0],[127.9029,-0.0257,0.0],[127.8942,-0.0181,0.0],[127.8897,0.0007,3.8112],[127.8876,0.0313,1.8053],[127.8898,0.0424,0.0],[127.8942,0.0493,0.0],[127.8929,0.0561,0.7334],[127.8901,0.0583,0.6256],[127.8942,0.0629,0.0],[127.8951,0.0665,0.0],[127.8911,0.0685,2.7633],[127.8881,0.0743,0.0],[127.8882,0.0838,0.0],[127.8936,0.0928,5.0419],[127.9038,0.1049,0.0],[127.9087,0.106,87.5391],[127.91,0.1042,21.6097],[127.9173,0.1066,6.7519],[127.9294,0.1071,0.0],[127.9301,0.1095,0.0],[127.92529999999999,0.1081,6.7499],[127.9239,0.1106,4.5153],[127.9263,0.1177,7.3373],[127.9238,0.1344,8.5842],[127.9248,0.1437,0.0],[127.9228,0.1496,0.0],[127.9244,0.1537,8.1128],[127.9218,0.16,13.7985],[127.9219,0.1793,2.1033],[127.9196,0.1806,15.3075],[127.9186,0.1858,14.072],[127.9219,0.1869,0.0],[127.9199,0.1942,5.4441],[127.9213,0.2007,0.0],[127.9186,0.202,10.9153],[127.9209,0.203,0.0],[127.924,0.2155,2.8029],[127.9185,0.2358,4.8151],[127.918,0.2418,3.4286],[127.9193,0.2435,0.0],[127.9179,0.2465,1.3703],[127.9146,0.2481,0.0],[127.9142,0.2456,1.5988],[127.9128,0.2461,1.5988],[127.9138,0.2538,13.4784],[127.9158,0.2554,3.1928],[127.9171,0.2599,4.2817],[127.9148,0.2722,12.5448],[127.9165,0.2719,2.3592],[127.9167,0.2739,8.2526],[127.9201,0.2719,0.0],[127.9211,0.2735,0.0],[127.9007,0.2838,0.0],[127.888,0.2856,0.0],[127.8805,0.2945,2.5488],[127.8805,0.3004,2.0938],[127.8791,0.3019,7.2597],[127.8758,0.3017,19.7534],[127.8777,0.2998,6.6198],[127.8758,0.2949,33.4431],[127.8792,0.2932,3.5459],[127.8751,0.2916,16.3827],[127.8752,0.2887,15.6294],[127.8726,0.2954,37.2736],[127.8627,0.2961,14.3012],[127.8644,0.2969,0.0],[127.8632,0.3005,18.9271],[127.8647,0.3012,18.9271],[127.8655,0.2978,12.3541],[127.8674,0.2969,0.0],[127.8718,0.2977,0.0],[127.871,0.3002,29.6759],[127.8739,0.2978,3.0596],[127.8746,0.299,16.92],[127.8726,0.3026,1.2245],[127.8694,0.3027,0.0],[127.8693,0.3041,16.8385],[127.8721,0.3055,6.2387],[127.869,0.309,12.1019],[127.8721,0.31,1.4441],[127.8744,0.3131,3.2029],[127.8728,0.3175,3.3503],[127.8821,0.336,0.6025],[127.8805,0.3367,2.4771],[127.8804,0.3411,6.8511],[127.8825,0.3444,7.3638],[127.8795,0.3451,7.8387],[127.8786,0.348,11.8914],[127.8814,0.3493,23.1091],[127.8793,0.3535,16.9102],[127.8806,0.3543,20.5594],[127.8835,0.3489,0.0],[127.8823,0.3552,19.0831],[127.884,0.3575,6.3517],[127.8872,0.3585,5.1574],[127.8924,0.3563,0.4923],[127.8934,0.3579,9.8282],[127.8897,0.3595,19.8414],[127.886,0.3653,9.367],[127.8872,0.3641,9.367],[127.8889,0.3676,17.8514],[127.8881,0.3634,2.6311],[127.8913,0.3613,5.1961],[127.8914,0.3629,21.7561],[127.8937,0.362,0.0],[127.8902,0.3646,10.624],[127.8903,0.3662,20.2528],[127.8944,0.3641,0.0],[127.8921,0.3684,13.7491],[127.8966,0.3643,4.8892],[127.8971,0.366,19.1822],[127.8978,0.3657,19.1822],[127.8982,0.3643,15.7105],[127.8991,0.3643,15.7105],[127.901,0.3655,21.064],[127.9004,0.3668,21.064],[127.9028,0.3667,27.2896],[127.9012,0.3646,4.9151],[127.9021,0.3616,0.0],[127.9033,0.3646,14.8056],[127.9052,0.3626,0.0],[127.9062,0.3645,9.7675],[127.9044,0.3662,1.9856],[127.9051,0.3698,1.8991],[127.9026,0.3708,8.7868],[127.9053,0.3715,1.9171],[127.9044,0.3748,0.0],[127.903,0.3742,4.5118],[127.9021,0.3766,20.178],[127.90089999999999,0.3756,20.178],[127.9011,0.3775,0.0],[127.8973,0.3772,23.8061],[127.8994,0.3791,12.3694],[127.8981,0.3807,8.7393],[127.8999,0.3812,8.7393],[127.9006,0.3795,3.8879],[127.9021,0.3805,9.152],[127.9003,0.3819,9.152],[127.8961,0.3821,7.9931],[127.8953,0.3844,13.931],[127.8961,0.3857,20.6492],[127.8975,0.3826,7.9931],[127.9015,0.3828,11.9295],[127.8972,0.3868,20.6492],[127.9018,0.3845,4.9627],[127.901,0.3872,30.6014],[127.9036,0.3856,8.2044],[127.9034,0.3894,17.6812],[127.9046,0.3888,0.0],[127.9064,0.3946,9.0418],[127.9098,0.3949,9.6146],[127.9089,0.4008,21.5671],[127.9122,0.4005,8.03],[127.9066,0.4106,0.0],[127.9085,0.4159,3.1952],[127.9031,0.4259,0.0],[127.9008,0.4272,2.7074],[127.9014,0.4325,6.5173],[127.9168,0.4552,0.0],[127.9217,0.4591,4.2711],[127.9264,0.4593,4.0553],[127.9293,0.4651,0.0],[127.9317,0.4656,4.8769],[127.9353,0.4637,0.0],[127.9389,0.4684,1.153],[127.9503,0.4667,0.0],[127.9562,0.4679,0.0],[127.9684,0.4818,0.6874],[127.9716,0.4799,0.0],[127.9772,0.4832,14.446],[127.9765,0.4782,15.0739],[127.9786,0.4738,16.7813],[127.978,0.4711,0.0],[127.9821,0.4768,2.0321],[127.9859,0.4792,9.2464],[127.9915,0.4751,3.3224],[127.9983,0.4736,0.0],[128.0072,0.4754,5.5437],[128.0095,0.4734,0.0],[128.0111,0.4745,7.457],[128.0142,0.4715,3.906],[128.0181,0.4726,0.0],[128.0219,0.4762,4.9659],[128.0268,0.473,0.6931],[128.0398,0.4786,1.6799],[128.0518,0.4717,1.9635],[128.0643,0.469,55.1167],[128.069,0.4707,0.0],[128.0728,0.4759,8.8664],[128.0789,0.4773,8.7604],[128.0845,0.4713,0.8358],[128.089,0.461,1.3079],[128.1008,0.4617,0.4746],[128.1076,0.4588,5.0909],[128.1111,0.4551,0.0],[128.1214,0.4539,2.1474],[128.1259,0.4579,9.6566],[128.1405,0.4639,9.4943],[128.1564,0.4571,7.7682],[128.1578,0.4519,0.0],[128.162,0.4545,3.265],[128.1624,0.457,7.2705],[128.1682,0.4571,27.388],[128.174,0.4543,19.1587],[128.1722,0.4515,5.3333],[128.1724,0.4485,1.9694],[128.1757,0.4471,10.4656],[128.1726,0.4459,0.0],[128.1755,0.4405,6.7979],[128.1818,0.4415,6.2812],[128.1817,0.4402,0.0],[128.1844,0.4396,12.3997],[128.1818,0.4377,0.0],[128.1823,0.4365,6.5089],[128.1795,0.4366,0.0],[128.1824,0.4334,7.9336],[128.1781,0.4324,0.0],[128.1791,0.4288,11.6017],[128.1987,0.4314,2.9501],[128.2016,0.4297,9.3897],[128.203,0.4273,15.3147],[128.2014,0.4274,2.6524],[128.2068,0.4228,24.6303],[128.2176,0.4211,13.4814],[128.2175,0.4186,3.9816],[128.2225,0.4131,1.4773],[128.2318,0.4111,4.0847],[128.2363,0.414,0.0],[128.2362,0.4222,14.1079],[128.2387,0.422,0.0],[128.2403,0.4246,6.0519],[128.2428,0.4126,0.0],[128.2492,0.4081,2.2698],[128.264,0.4043,8.1478],[128.2674,0.409,9.5593],[128.269,0.4064,3.5051],[128.2681,0.4034,0.0],[128.2731,0.4031,5.1349],[128.2783,0.3996,0.0],[128.2816,0.4015,6.7084],[128.2796,0.3981,2.4632],[128.2842,0.3961,2.224],[128.2882,0.3969,0.0],[128.291,0.3993,6.7645],[128.295,0.3979,0.0],[128.298,0.4002,0.0],[128.3158,0.3966,0.0],[128.3388,0.4049,3.2037],[128.3474,0.4034,0.0],[128.3561,0.3992,2.5926],[128.3797,0.4064,4.7625],[128.3887,0.4053,2.8121],[128.3926,0.4033,0.0],[128.3983,0.3966,3.4034],[128.4053,0.3936,0.0],[128.4222,0.3929,6.4168],[128.4237,0.3948,3.9537],[128.4333,0.3974,4.377],[128.4411,0.4032,7.247],[128.4498,0.4033,8.1669],[128.4509,0.4015,0.0],[128.4559,0.4005,1.8648],[128.4579,0.4036,4.6158],[128.4606,0.4019,12.6547],[128.458,0.4003,2.1535],[128.4632,0.3981,0.0],[128.463,0.3953,0.0],[128.4659,0.3953,0.0],[128.4682,0.392,0.0],[128.4709,0.3931,6.257],[128.4732,0.3913,1.5004],[128.4784,0.3943,9.2895],[128.4818,0.3908,8.6377],[128.485,0.3902,1.8129],[128.4867,0.3867,8.6288],[128.4852,0.3833,2.1777],[128.4869,0.3788,3.2867],[128.4918,0.3774,8.8582],[128.4916,0.3753,0.0],[128.4937,0.3759,2.7435],[128.4928,0.3731,6.7389],[128.4963,0.3685,0.0],[128.5005,0.369,11.0576],[128.4982,0.3662,0.0],[128.4987,0.3644,0.0],[128.5012,0.3646,11.0991],[128.4982,0.363,0.0],[128.4986,0.3617,0.0],[128.5007,0.3627,6.3317],[128.4998,0.3574,4.5454],[128.5011,0.3544,2.8302],[128.5067,0.354,4.1153],[128.5075,0.3503,0.0],[128.5126,0.3479,0.0],[128.5158,0.3435,2.2203],[128.5275,0.3419,0.0],[128.5302,0.3392,2.6787],[128.5341,0.3403,4.8193],[128.5443,0.3296,5.4578],[128.5529,0.327,4.3859],[128.5591,0.3178,1.0184],[128.5683,0.3197,1.7849],[128.5841,0.3183,0.0],[128.5983,0.3196,5.3611],[128.6039,0.3172,35.9231],[128.619,0.3157,8.2316],[128.6227,0.3132,5.2742],[128.629,0.3136,0.0],[128.6448,0.309,18.4437],[128.6515,0.3027,3.2707],[128.6537,0.3035,0.8168],[128.6567,0.3008,9.3513],[128.6632,0.3014,4.1102],[128.6751,0.2952,0.0],[128.6967,0.2971,10.0],[128.7134,0.2918,0.0],[128.7199,0.2864,3.0233],[128.7308,0.2827,3.4686],[128.7452,0.2812,3.3311],[128.7548,0.282,0.0],[128.7697,0.2767,0.0],[128.7755,0.2769,0.0],[128.7846,0.2726,4.4921],[128.7891,0.2728,18.905],[128.8013,0.2679,0.0],[128.8072,0.268,2.9433],[128.8152,0.2639,16.6702],[128.8245,0.2619,18.9936],[128.8289,0.2589,17.4894],[128.8427,0.2593,0.0],[128.843,0.2614,5.4057],[128.8457,0.26,0.0],[128.8511,0.2512,43.4814],[128.8494,0.2466,11.0597],[128.8522,0.2436,4.6629],[128.8529,0.2387,0.0],[128.8653,0.2235,0.0],[128.8771,0.2199,0.0],[128.8867,0.2108,22.8015],[128.8931,0.2114,7.0354],[128.9034,0.2075,0.0],[128.8941,0.2166,0.0],[128.8757,0.2278,0.0],[128.8683,0.2408,7.055],[128.869,0.2495,5.2211],[128.8649,0.2658,27.3687],[128.8534,0.2799,3.2253],[128.8361,0.2925,4.3305],[128.8183,0.2988,0.0],[128.8161,0.3013,0.0],[128.8118,0.3026,48.326],[128.8114,0.3048,26.2995],[128.8057,0.3067,6.1475],[128.802,0.3108,0.0],[128.7942,0.3142,3.9832],[128.7894,0.3141,2.7533],[128.7792,0.3184,9.5751],[128.7682,0.3188,0.0],[128.763,0.316,5.5172],[128.7599,0.3178,1.1395],[128.7572,0.3167,13.7791],[128.7506,0.3193,5.599],[128.7474,0.3188,0.0],[128.7412,0.3238,0.0],[128.7294,0.3259,0.6232],[128.7139,0.3329,2.6603],[128.7059,0.3276,12.267],[128.7036,0.3294,6.3631],[128.6928,0.3297,5.2796],[128.6884,0.3323,0.0],[128.6854,0.3315,11.188],[128.6831,0.3345,1.9834],[128.6754,0.3387,20.493],[128.6712,0.3436,12.4629],[128.6689,0.3475,7.1581],[128.6661,0.3612,0.0],[128.6699,0.365,0.0],[128.6765,0.3769,0.0],[128.6797,0.3874,9.1061],[128.6798,0.3928,8.4939],[128.6869,0.4045,2.286],[128.6849,0.4109,0.0],[128.6865,0.4128,0.0],[128.6857,0.4185,8.8059],[128.6821,0.4311,0.0],[128.6853,0.4397,3.0256],[128.6876,0.44,0.0],[128.6884,0.4429,2.568],[128.6875,0.4589,7.6344],[128.6805,0.4767,7.2843],[128.6683,0.4913,1.5545],[128.6702,0.4922,0.7671],[128.6689,0.4962,7.3882],[128.6711,0.4955,10.0067],[128.675,0.5004,0.0],[128.677,0.5008,6.192],[128.6879,0.5197,4.0925],[128.6895,0.5256,8.0222],[128.6896,0.5298,6.1743],[128.6866,0.538,0.0],[128.6834,0.5446,0.0],[128.6798,0.5471,11.3013],[128.6801,0.549,0.0],[128.6676,0.5492,4.1304],[128.6676,0.5463,9.4889],[128.6637,0.5484,8.3445],[128.6611,0.5451,11.2348],[128.6534,0.5441,2.8057],[128.6471,0.5476,0.0],[128.6479,0.5511,0.0],[128.646,0.5531,10.2496],[128.6412,0.5547,6.2773],[128.6373,0.5533,10.8981],[128.6229,0.5582,3.0222],[128.6208,0.5554,9.8509],[128.6166,0.5551,7.0663],[128.6073,0.5594,4.3125],[128.5847,0.562,11.7554],[128.5717,0.5617,12.3104],[128.5578,0.5689,4.0821],[128.5476,0.5772,2.0952],[128.5338,0.584,20.4501],[128.5233,0.5917,2.8021],[128.5186,0.5889,0.7671],[128.5125,0.5926,1.1846],[128.4987,0.5952,2.7174],[128.4957,0.5944,1.1053],[128.4911,0.5966,1.218],[128.4868,0.5959,0.0],[128.481,0.5979,0.0],[128.4762,0.6004,0.1323],[128.471,0.607,7.2526],[128.4511,0.6203,7.5794],[128.4462,0.6255,0.0],[128.4342,0.6323,1.2236],[128.4268,0.6335,0.9319],[128.4249,0.6322,0.9319],[128.4115,0.6361,0.0],[128.4133,0.6348,5.1165],[128.4125,0.6333,9.3809],[128.4021,0.64,9.2849],[128.3969,0.6407,2.0192],[128.3887,0.6446,2.8542],[128.382,0.6441,3.9339],[128.3822,0.641,3.3133],[128.3848,0.638,10.172],[128.3837,0.6388,12.3412],[128.3818,0.6367,7.6334],[128.3851,0.6363,11.2205],[128.3853,0.6356,11.2205],[128.3844,0.6342,9.3549],[128.3815,0.6364,9.3603],[128.3796,0.6351,20.3299],[128.3775,0.6404,9.6907],[128.3755,0.6398,3.6879],[128.3709,0.643,7.795],[128.3669,0.6438,0.0],[128.3653,0.6391,11.1734],[128.3602,0.6414,5.0078],[128.3552,0.6408,5.7873],[128.3552,0.6422,0.0],[128.3487,0.6447,0.0],[128.3498,0.6473,7.6227],[128.3614,0.65,0.0],[128.3633,0.652,0.0],[128.3572,0.6532,14.9682],[128.3555,0.6557,5.3711],[128.3483,0.6561,5.0871],[128.3463,0.6543,6.6886],[128.3378,0.6588,0.0],[128.3347,0.6588,0.0],[128.3326,0.6579,11.7307],[128.3314,0.6546,6.29],[128.3264,0.6542,1.1841],[128.3244,0.6515,8.7593],[128.3214,0.6566,3.7703],[128.3197,0.6554,16.4122],[128.3123,0.6603,1.5257],[128.2956,0.6946,1.8859],[128.2953,0.7014,0.0],[128.2936,0.7004,0.6468],[128.2844,0.7069,2.5086],[128.2841,0.7091,1.6375],[128.2798,0.7124,0.7809],[128.281,0.7126,0.0],[128.2798,0.715,0.0],[128.2602,0.7384,9.3053],[128.2581,0.7384,53.9686],[128.2542,0.7415,12.376],[128.2494,0.7386,1.3513],[128.2479,0.7314,0.0],[128.2505,0.7304,12.1021],[128.2489,0.7286,13.1396],[128.2387,0.7351,9.0229],[128.2341,0.7442,1.929],[128.2225,0.7544,5.1752],[128.2184,0.7548,6.823],[128.2184,0.7601,0.0],[128.2154,0.7612,8.8144],[128.2131,0.7644,0.0],[128.2094,0.7784,0.0],[128.2027,0.7835,26.7187],[128.2035,0.7854,0.0],[128.1983,0.7896,5.5207],[128.2033,0.7957,0.0],[128.2038,0.7992,8.2363],[128.2023,0.8014,18.2816],[128.2058,0.8077,22.1037],[128.2163,0.8078,5.4996],[128.2198,0.8124,6.8891],[128.2233,0.8144,9.0597],[128.2287,0.8138,10.6867],[128.2398,0.8161,1.7052],[128.2417,0.818,0.0],[128.2409,0.8201,3.888],[128.2431,0.8227,3.1399],[128.2432,0.8261,3.8301],[128.2482,0.8268,0.0],[128.2512,0.8251,0.0],[128.2512,0.8266,2.108],[128.2471,0.8279,4.8851],[128.246,0.8322,0.0],[128.2468,0.8377,2.314],[128.2494,0.8414,9.2274],[128.2576,0.8373,2.5517],[128.2608,0.8379,4.4276],[128.264,0.8345,4.0369],[128.2684,0.8339,49.5306],[128.2727,0.8272,33.5408],[128.2822,0.8202,0.0],[128.2865,0.82,0.0],[128.2881,0.8225,13.1774],[128.2919,0.8235,1.4063],[128.2952,0.8191,12.3464],[128.2939,0.8167,0.0],[128.3033,0.8175,7.3924],[128.3118,0.8158,12.6738],[128.3137,0.8219,0.0],[128.313,0.8279,27.3874],[128.3096,0.8323,0.0],[128.3081,0.8298,38.7257],[128.3026,0.8308,0.0],[128.3,0.8282,10.6184],[128.2954,0.832,37.3227],[128.295,0.8344,25.2048],[128.3018,0.839,0.0],[128.3012,0.8414,23.5317],[128.2984,0.8441,0.0],[128.2926,0.8441,3.4631],[128.2902,0.8486,13.089],[128.2818,0.8524,0.0],[128.281,0.8575,0.0],[128.2825,0.8615,4.7493],[128.2797,0.8657,0.0],[128.2877,0.8761,1.0462],[128.297,0.8817,3.4389],[128.2988,0.888,0.5899],[128.3036,0.8931,0.0],[128.317,0.8974,2.8056],[128.3252,0.9048,0.7468],[128.3303,0.9069,0.0],[128.3347,0.9119,0.0],[128.3419,0.9113,0.4324],[128.3474,0.9087,0.0],[128.3562,0.9132,1.9439],[128.3632,0.9123,2.2076],[128.3728,0.9139,3.1454],[128.3848,0.9109,0.7698],[128.392,0.9205,5.3777],[128.3956,0.9218,1.7823],[128.4053,0.9203,0.0],[128.4112,0.9284,0.0],[128.416,0.9314,6.1068],[128.4307,0.9288,6.6047],[128.4417,0.9296,4.9359],[128.447,0.9325,10.9688],[128.4542,0.9427,0.0],[128.4622,0.9488,10.5841],[128.4842,0.9592,7.7542],[128.4918,0.9609,1.4048],[128.5046,0.9715,2.0749],[128.5139,0.9722,2.3767],[128.5227,0.9686,0.0],[128.5334,0.9708,8.5501],[128.5394,0.976,7.236],[128.5464,0.9888,0.5701],[128.5522,0.996,2.3342],[128.5745,1.0096,7.0477],[128.5915,1.0254,0.0],[128.6015,1.0321,10.9915],[128.6103,1.0424,2.1499],[128.6128,1.043,8.7534],[128.6138,1.0414,0.0],[128.6162,1.0451,0.0],[128.6196,1.0471,20.3365],[128.6224,1.0454,0.0],[128.6267,1.0466,10.5627],[128.6299,1.0417,0.0],[128.6336,1.0447,14.52],[128.6445,1.0487,6.6766],[128.6482,1.0553,0.0],[128.6601,1.0562,5.4813],[128.6711,1.0622,18.5736],[128.6761,1.0618,0.0],[128.6834,1.0679,3.5999],[128.6967,1.0632,0.0],[128.7008,1.0669,0.0],[128.6981,1.0755,0.0],[128.6956,1.0754,8.8419],[128.6933,1.0782,0.0],[128.6883,1.0947,0.0],[128.6891,1.1053,3.5471],[128.6949,1.1175,0.0],[128.6947,1.1389,7.0026],[128.6966,1.141,0.0],[128.6956,1.1485,18.3655],[128.692,1.1539,3.3641],[128.6939,1.1602,8.5138],[128.6918,1.1625,0.0],[128.6919,1.1737,0.0],[128.6901,1.1775,109.2419],[128.6935,1.1845,0.0],[128.691,1.1892,0.0],[128.691,1.1985,0.0],[128.6944,1.2012,0.0],[128.6944,1.2068,0.0],[128.698,1.2147,51.7335],[128.7024,1.2345,1.5576],[128.705,1.2384,0.0],[128.7099,1.2411,0.0],[128.7106,1.2443,5.7226],[128.7194,1.2477,0.0],[128.7206,1.2561,4.3457],[128.717,1.2584,0.0],[128.7111,1.2677,0.0],[128.7093,1.2828,0.0],[128.7105,1.2895,4.9946],[128.7131,1.2942,3.3605],[128.7207,1.3011,4.5334],[128.7238,1.302,0.0],[128.7301,1.3003,0.0],[128.7416,1.3099,2.8984],[128.7382,1.3151,0.0],[128.7401,1.3182,1.0181],[128.7423,1.3181,0.5898],[128.7427,1.323,4.031],[128.7467,1.3312,0.0],[128.7443,1.3356,0.0],[128.7477,1.3463,2.9003],[128.746,1.3555,0.0],[128.7422,1.3639,0.0],[128.7421,1.371,4.3495],[128.7465,1.379,1.7771],[128.7526,1.3812,0.0],[128.755,1.3838,1.0556],[128.7586,1.3924,0.0],[128.7558,1.3992,0.0],[128.7503,1.4001999999999999,5.9501],[128.7437,1.3971,0.0],[128.7363,1.3988,0.0],[128.7218,1.4084,2.0774],[128.7123,1.4182,4.3658],[128.695,1.443,0.0],[128.6868,1.4602,0.7118],[128.684,1.4632,5.5303],[128.6841,1.4651,0.0],[128.6858,1.4639,0.0],[128.6862,1.4694,0.0],[128.6801,1.4953,0.0],[128.6828,1.5039,0.0],[128.6873,1.5086,0.9079],[128.6968,1.5046,0.0],[128.6959,1.508,10.8007],[128.6972,1.5158,3.5743],[128.7002,1.5207,3.8207],[128.6973,1.5211,7.3427],[128.6965,1.5246,1.4888],[128.6978,1.5263,13.6204],[128.6962,1.5317,16.3499],[128.6969,1.5368,4.967],[128.7022,1.5356,17.0515],[128.7091,1.5385,8.7769],[128.7176,1.5292,34.6113],[128.722,1.5273,38.9565],[128.725,1.5285,8.145],[128.7285,1.5332,10.0505],[128.7314,1.534,0.0],[128.7313,1.5399,15.8823],[128.7297,1.5419,3.9222],[128.7276,1.5408,7.0015],[128.7244,1.5486,16.1286],[128.7236,1.5575,1.6089],[128.7262,1.5641,4.1899],[128.7222,1.5732,1.105],[128.6998,1.5782,10.4909],[128.6987,1.5823,0.0],[128.6841,1.582,8.9258],[128.6767,1.5886,5.1572],[128.6699,1.5899,13.2828],[128.6428,1.579,0.0],[128.6401,1.5789,0.0],[128.6347,1.5831,10.396],[128.6267,1.5826,0.0],[128.6135,1.5751,12.0542],[128.6145,1.5711,91.84],[128.6131,1.5693,3.4256],[128.6081,1.5729,0.0],[128.5996,1.569,2.5171],[128.592,1.569,0.0],[128.5877,1.5711,0.0],[128.5664,1.5691,9.7645],[128.5637,1.5704,31.8908],[128.5533,1.5669,26.3908],[128.5428,1.5603,21.2301],[128.5432,1.5492,34.706],[128.5381,1.543,8.8822],[128.5257,1.5367,94.4983],[128.507,1.5316,13.691],[128.5051,1.5385,0.0],[128.5032,1.5405,0.0],[128.4999,1.5397,1.6759],[128.4999,1.5416,0.0],[128.4973,1.5433,9.0823],[128.4976,1.5448,5.4003],[128.4937,1.5495,0.0],[128.4765,1.5481,24.7701],[128.4761,1.5495,0.0],[128.4728,1.5497,0.0],[128.4727,1.5516,0.0],[128.4673,1.5507,0.0],[128.4569,1.5428,16.3927],[128.4498,1.5417,16.4342],[128.4418,1.5381,7.9063],[128.4414,1.5364,28.5829],[128.4403,1.5375,0.0],[128.436,1.5361,0.0],[128.4238,1.5287,21.2185],[128.4205,1.5292,0.0],[128.4152,1.5268,20.8462],[128.4122,1.5211,0.4904],[128.4081,1.5214,0.0],[128.399,1.5145,7.6771],[128.3979,1.5154,17.721],[128.3936,1.5132,0.0],[128.3826,1.5047,2.932],[128.3698,1.5007,4.2783],[128.3663,1.4972,0.0],[128.3593,1.484,12.3029],[128.3594,1.4759,7.4749],[128.3537,1.4717,2.8107],[128.3519,1.4679,3.5858],[128.346,1.4649,0.0],[128.3473,1.4629,0.9713],[128.3451,1.46,7.8269],[128.3298,1.4542,0.0],[128.3167,1.4469,19.7889],[128.3106,1.4398,1.9095],[128.3031,1.4372,0.0],[128.2985,1.4332,4.8123],[128.2928,1.4331,6.2938],[128.2793,1.4294,5.4728],[128.2568,1.4199,9.6673],[128.2504,1.4217,5.2694],[128.2456,1.4206,0.0],[128.2237,1.4022,0.0],[128.2189,1.3938,0.0],[128.2005,1.3934,20.5875],[128.1923,1.3898,8.0531],[128.1862,1.3846,3.6409],[128.1675,1.3675,0.0],[128.1665,1.3631,47.6121],[128.1639,1.3624,0.0],[128.1565,1.3539,0.0],[128.1484,1.3401,6.1221],[128.1381,1.3134,0.0],[128.1274,1.3025,0.0],[128.1199,1.2903,1.1463],[128.1107,1.287,3.4851],[128.1046,1.2895,0.0],[128.0939,1.285,2.2215],[128.0863,1.257,9.3726],[128.0874,1.2496,6.4455],[128.0905,1.2441,1.5953],[128.1005,1.2386,0.0],[128.104,1.2392,0.0],[128.111,1.2486,4.3082],[128.1185,1.2474,7.8432],[128.1305,1.2518,16.3811],[128.1358,1.2511,18.2558],[128.146,1.2536,0.0],[128.1573,1.2517,2.2321],[128.1626,1.2477,0.0],[128.1634,1.2488,2.255],[128.1714,1.2477,11.1508],[128.1797,1.2428,3.2853],[128.1861,1.232,15.7261],[128.1853,1.2305,0.0],[128.1894,1.2233,0.0],[128.189,1.2214,0.0],[128.1979,1.2103,0.0],[128.2,1.2056,0.0],[128.199,1.2045,0.0],[128.2009,1.2,22.0584],[128.2006,1.1959,12.5567],[128.195,1.1895,2.0845],[128.1951,1.1863,7.1236],[128.1986,1.1816,9.2733],[128.1946,1.1647,10.1667],[128.1902,1.1618,0.0],[128.19,1.1587,18.825],[128.1809,1.156,0.0],[128.1782,1.1507,0.8172],[128.1756,1.1368,7.4269],[128.172,1.134,1.6133],[128.1721,1.1292,7.0588],[128.166,1.1248,8.5235],[128.1502,1.1243,0.0],[128.1445,1.1198,4.8001],[128.1381,1.1217,4.3379],[128.1346,1.1253,3.6423],[128.1288,1.1279,5.9491],[128.1091,1.1207,0.0],[128.0999,1.1259,0.0],[128.0893,1.1267,5.0201],[128.0879,1.1247,10.0549],[128.0901,1.1229,8.7526],[128.0944,1.1239,14.5127],[128.0992,1.1217,12.5774],[128.0949,1.1211,8.7433],[128.09,1.1226,8.7526],[128.0862,1.1201,19.2589],[128.0831,1.1241,0.0],[128.0775,1.124,0.0],[128.0689,1.123,9.1799],[128.0621,1.1164,13.2969],[128.0534,1.1165,12.4326],[128.0443,1.1139,2.236],[128.0347,1.1143,2.4072],[128.0327,1.1163,0.0],[128.0223,1.112,13.2821],[128.0225,1.1084,8.5525],[128.0182,1.1041,4.4044],[128.0107,1.1022,0.0],[128.0038,1.0963,3.6791],[127.9813,1.0874,0.0],[127.9816,1.0798,9.3351],[127.9758,1.0697,0.0],[127.9771,1.0615,6.1353],[127.9667,1.0507,4.6996],[127.9647,1.0463,6.323],[127.9618,1.0452,1.6505],[127.9635,1.0382,0.0],[127.9605,1.0347,4.0373],[127.9556,1.0324,0.0],[127.9524,1.019,3.5373],[127.9477,1.0171,1.3636],[127.9462,1.0126,25.7877],[127.9432,1.0122,0.0],[127.9406,1.0056,0.0],[127.9353,1.0069,11.5716],[127.9325,1.0051,0.0],[127.9353,0.9971,46.636],[127.9378,0.9964,0.0],[127.9381,0.9995,2.4848],[127.9398,1.0004,2.3292],[127.9405,0.9967,0.0],[127.9453,0.9942,7.5393],[127.9426,0.9929,13.6529],[127.9397,0.9943,0.0],[127.9387,0.993,22.3595],[127.9345,0.9929,0.0],[127.937,0.9853,0.0],[127.9363,0.9775,0.0],[127.929,0.9667,11.6363],[127.9248,0.9656,0.0],[127.9312,0.9295,11.2328],[127.9306,0.9222,0.0],[127.9326,0.9172,5.6324],[127.9302,0.8976,3.1683],[127.9327,0.895,0.0],[127.934,0.8872,4.6007],[127.9307,0.8762,2.3205],[127.9271,0.8736,13.8716],[127.9246,0.8749,0.0],[127.9149,0.8661,9.1124],[127.9075,0.8562,2.3466],[127.9025,0.8539,0.6493],[127.8926,0.8544,2.5796],[127.8891,0.8525,0.7303],[127.8878,0.8504,6.3814],[127.8877,0.8392,0.0],[127.8831,0.8289,0.0],[127.879,0.8267,7.1293],[127.871,0.8264,1.3501],[127.8684,0.821,6.7228],[127.8604,0.8179,3.8141],[127.8482,0.8073,1.3927],[127.8428,0.8045,4.1907],[127.8315,0.8052,0.0],[127.8293,0.8019,6.928],[127.8226,0.8015,5.6713],[127.8194,0.7989,1.7057],[127.8,0.7974,0.0],[127.7977,0.7959,4.3137],[127.7797,0.8073,0.0],[127.7714,0.8047,5.7389],[127.754,0.8075,0.0],[127.7543,0.8101,0.0],[127.7519,0.8147,0.0],[127.7487,0.8129,3.2446],[127.7346,0.8232,12.2324],[127.7349,0.827,18.2578],[127.7384,0.8293,0.0],[127.7361,0.8318,0.0],[127.7367,0.8358,0.0],[127.7355,0.8375,0.0],[127.7314,0.8371,0.0],[127.7285,0.8443,0.0],[127.7237,0.8426,1.1553],[127.7204,0.8463,2.342],[127.7203,0.8501,5.519],[127.716,0.8488,8.6329],[127.7152,0.8505,0.0],[127.7088,0.8516,11.6602],[127.7057,0.8552,44.242],[127.7064,0.8567,14.309],[127.702,0.8621,0.0],[127.7027,0.8658,0.0],[127.7006,0.868,0.0],[127.7026,0.8688,0.0],[127.7006,0.8752,0.0],[127.7039,0.8749,0.0],[127.703,0.8766,3.0276],[127.6906,0.88,20.7435],[127.6871,0.8776,7.5186],[127.6826,0.8791,0.0],[127.6809,0.8768,24.252],[127.6784,0.8787,16.814],[127.6768,0.8829,0.0],[127.6744,0.8835,12.7548],[127.6739,0.881,36.4519],[127.6693,0.8805,0.0],[127.6669,0.8743,10.8982],[127.6765,0.8734,9.8381],[127.67529999999999,0.8698,2.98],[127.6774,0.8702,0.0],[127.6805,0.8676,3.1258],[127.6742,0.8643,11.2324],[127.6726,0.8656,0.0],[127.6692,0.8652,29.915],[127.6685,0.8676,2.07],[127.6617,0.872,8.0459],[127.6611,0.8683,29.7627],[127.6528,0.8765,21.1022],[127.6574,0.8796,15.6299],[127.6601,0.8781,0.0],[127.6629,0.8791,4.8686],[127.6623,0.8804,4.8686],[127.6646,0.881,12.5264],[127.6647,0.8832,28.5505],[127.6617,0.887,0.0],[127.6556,0.8848,20.8497],[127.656,0.8881,10.3832],[127.6589,0.8886,0.0],[127.6588,0.8915,0.0],[127.6564,0.8919,31.2649],[127.6573,0.8955,0.0],[127.6518,0.8996,13.2856],[127.6536,0.9057,0.0],[127.6482,0.9124,0.0],[127.6497,0.9175,0.0],[127.6468,0.9194,0.0],[127.6435,0.9155,6.2118],[127.64,0.9171,0.0],[127.6396,0.9126,32.85],[127.6367,0.9153,25.5911],[127.6342,0.9151,43.595],[127.6336,0.9179,13.015],[127.6366,0.9213,18.2013],[127.6318,0.9209,1.4924],[127.632,0.9259,25.8728],[127.6341,0.9254,0.0],[127.6364,0.9294,58.2475],[127.6388,0.9296,0.0],[127.6412,0.935,0.0],[127.6358,0.9337,65.9857],[127.6331,0.9348,13.2485],[127.6396,0.9409,0.0],[127.6355,0.9441,0.0],[127.6344,0.9417,23.1786],[127.6314,0.9422,0.0],[127.6297,0.9449,20.9468],[127.6309,0.9463,0.0],[127.6301,0.95009999999999994,55.0197],[127.632,0.9527,6.7492],[127.6309,0.9599,0.0],[127.6283,0.9633,19.5702],[127.6297,0.9662,33.8476],[127.6262,0.9723,18.5311],[127.6315,0.9766,0.0],[127.6294,0.984,16.3914],[127.6333,0.9849,0.0],[127.635,0.9906,28.6616],[127.6406,0.9923,9.6659],[127.6487,1.0022,0.9268],[127.6467,1.0041,7.6564],[127.647,1.0084,0.0],[127.6514,1.0154,0.0],[127.6513,1.022,0.6135],[127.6551,1.0269,17.0424],[127.6673,1.0305,12.4995],[127.6742,1.036,9.8823],[127.6838,1.0372,12.9848],[127.6865,1.039,6.1309],[127.6974,1.0383,0.0],[127.7093,1.0421,5.0615],[127.7219,1.0505,11.4734],[127.7237,1.0533,4.4008],[127.7348,1.0617,3.3375],[127.7429,1.0622,17.7026],[127.7442,1.0637,3.0011],[127.7465,1.063,3.3017],[127.7585,1.0688,10.5164],[127.7653,1.0816,7.6233],[127.771,1.0871,14.5192],[127.7739,1.0869,0.0],[127.7751,1.0897,5.921],[127.7843,1.0971,21.2083],[127.7842,1.0995,18.0442],[127.7883,1.0993,29.6848],[127.7904,1.1062,1.0663],[127.793,1.1087,11.517],[127.7969,1.1073,16.9288],[127.7976,1.109,62.6922],[127.8007,1.1055,14.0296],[127.8031,1.107,0.0],[127.8086,1.1217,0.0],[127.8156,1.13,0.0],[127.8158,1.1348,0.0],[127.8241,1.1421,0.0],[127.8236,1.1447,7.6122],[127.8252,1.1469,0.0],[127.8309,1.1484,0.0],[127.8463,1.1483,0.9532],[127.8491,1.1553,8.4657],[127.8503,1.1532,0.0],[127.8558,1.1549,5.7962],[127.8579,1.1522,7.3325],[127.8622,1.1531,6.3315],[127.8633,1.1514,0.0],[127.8744,1.1497,0.0],[127.8804,1.1537,7.0141],[127.8886,1.1501,9.729],[127.8961,1.1521,8.6611],[127.9034,1.1502,0.0],[127.9024,1.1722,0.0],[127.914,1.1948,3.4804],[127.9143,1.2152,4.0826],[127.9194,1.2276,0.0],[127.9269,1.2348,0.0],[127.9318,1.2343,1.1944],[127.945,1.242,1.4215],[127.9472,1.2527,4.9741],[127.9504,1.2559,3.4031],[127.9519,1.2601,0.0],[127.958,1.2603,0.0],[127.9618,1.2625,0.0],[127.9685,1.2727,1.4643],[127.9725,1.2758,0.0],[127.9744,1.2801,0.0],[127.9709,1.2877,4.9264],[127.971,1.2924,14.3667],[127.9781,1.3068,2.273],[127.9848,1.3097,2.3628],[127.9878,1.3094,3.1192],[127.9889,1.3072,3.4583],[127.995,1.3071,13.2783],[127.9978,1.3086,2.2247],[127.9994,1.3076,2.7226],[128.0082,1.3111,3.0483],[128.0103,1.314,10.4439],[128.0054,1.3226,2.4842],[127.9941,1.3319,14.8706],[127.9924,1.336,9.888],[127.9929,1.3432,0.0],[127.9875,1.3652,9.5165],[127.9894,1.3683,6.5564],[127.9886,1.3805,11.9772],[127.9895,1.3792,6.8941],[127.995,1.3922,5.7345],[128.0012,1.3959,2.6893],[128.0049,1.3946,0.0],[128.0085,1.3954,0.0],[128.011,1.3937,0.0],[128.0152,1.4003,12.1726],[128.0183,1.4018,0.0],[128.022,1.4011,2.8695],[128.024,1.4047,6.2822],[128.0229,1.4143,7.2004],[128.0154,1.4173,0.0],[128.0096,1.4257,0.0],[128.0133,1.432,0.0],[128.0141,1.4396,10.013],[128.0169,1.4416,0.0],[128.019,1.4475,11.4398],[128.0218,1.4656,18.4201],[128.0242,1.4686,10.9429],[128.0244,1.4765,27.5563],[128.0226,1.4808,34.4058],[128.0238,1.4815,7.6186],[128.0231,1.4897,33.5804],[128.0269,1.5049,0.0],[128.0255,1.5125,35.4531],[128.0288,1.5149,3.9193],[128.031,1.523,27.3396],[128.0353,1.5305,0.0],[128.03,1.5453,2.7835],[128.0254,1.547,50.0771],[128.024,1.5507,4.3124],[128.0307,1.5528,5.6944],[128.0343,1.5588,0.0],[128.0301,1.5655,4.7995],[128.0321,1.5676,6.471],[128.0353,1.5654,0.0],[128.0366,1.5674,0.0],[128.0327,1.5787,12.622],[128.0363,1.5796,0.0],[128.0374,1.583,5.8506],[128.0344,1.5894,0.0],[128.0288,1.5931,4.716],[128.0268,1.5926,3.2636],[128.0254,1.5849,11.4374],[128.0174,1.5933,0.0],[128.0097,1.594,3.6919],[128.0093,1.5987,0.0],[128.0032,1.5962,2.8477],[128.0004,1.5976,1.1441],[127.9985,1.6006,9.1587],[128.0003,1.6066,2.0946],[127.999,1.6096,0.0],[127.9962,1.6072,0.0],[127.9916,1.6077,0.0],[127.9886,1.6116,7.2438],[127.9871,1.6175,5.0181],[127.9901,1.6247,6.1687],[127.9971,1.6218,0.0],[127.9995,1.6221,0.0],[127.9998,1.6238,0.0],[127.999,1.6314,0.0],[127.9968,1.6334,5.5323],[127.9989,1.6353,0.0],[127.9996,1.6393,0.0],[127.9961,1.6416,9.7677],[127.9965,1.6521,8.9091],[127.9911,1.6609,0.0],[127.9934,1.664,0.0],[127.9932,1.6679,1.9085],[127.9967,1.6709,9.0308],[128.0011,1.6693,0.0],[128.0073,1.6772,0.0],[128.0086,1.6817,2.1107],[128.0179,1.6857,2.036],[128.0215,1.6893,0.0],[128.0219,1.7039,0.7025],[128.0151,1.7175,5.0013],[128.0156,1.7242,0.0],[128.0124,1.7254,6.2103],[128.009,1.7346,5.7337],[128.012,1.7372,0.0],[128.0052,1.7418,3.8425],[127.9973,1.7511,2.5702],[127.9917,1.7624,0.0],[127.9891,1.7615,5.4056],[127.9823,1.7661,2.3015],[127.9826,1.7673,0.0],[127.9743,1.7673,0.0],[127.971,1.7708,0.0],[127.9653,1.7708,0.0],[127.9604,1.7676,10.5187],[127.9595,1.7727,13.0051],[127.9561,1.7771,0.0],[127.958,1.7794,0.0],[127.9543,1.7921,0.0],[127.9514,1.7939,0.0],[127.9493,1.7923,0.0],[127.945,1.7931,15.1636],[127.9386,1.8013,4.1312],[127.9399,1.8025,6.554],[127.9437,1.797,0.0],[127.9452,1.7981,4.5807],[127.9419,1.8021,0.0],[127.9389,1.8054,5.3719],[127.9355,1.8035,11.1811],[127.9346,1.8054,13.4468],[127.9361,1.8068,5.9989],[127.9331,1.8091,0.0],[127.9302,1.8073,0.0],[127.9292,1.8116,0.0],[127.9273,1.8116,0.0],[127.928,1.8102,0.0],[127.9256,1.8082,3.902],[127.92,1.8076,0.0],[127.9038,1.8013,5.5646],[127.8997,1.8013,0.0],[127.8982,1.7974,3.8832],[127.8856,1.7977,1.8792],[127.8837,1.7996,0.0],[127.8836,1.807,0.0],[127.8816,1.8083,9.3102],[127.8789,1.803,16.4056],[127.8745,1.8056,14.0494],[127.8722,1.8101,9.7123],[127.8627,1.8052,25.1875],[127.8608,1.8056,9.8249],[127.8591,1.8099,0.0],[127.8571,1.8104,23.2242],[127.8551,1.814,7.0456],[127.8572,1.8153,0.0],[127.8564,1.8171,12.1436],[127.86,1.8182,0.0],[127.857,1.8221,0.0],[127.8556,1.821,5.2016],[127.8534,1.8229,0.0],[127.8536,1.8209,3.8512],[127.8523,1.822,0.0],[127.8532,1.8201,6.8213],[127.8508,1.8194,5.1291],[127.8469,1.8207,0.0],[127.8416,1.8451,0.0],[127.8417,1.8482,0.0],[127.8457,1.8524,1.0449],[127.8533,1.8667,0.0],[127.8509,1.875,0.0],[127.8497,1.9021,0.0],[127.8482,1.9066,10.7101],[127.8525,1.9259,5.8679],[127.8669,1.9347,22.5745],[127.8726,1.9365,1.3201],[127.8746,1.9404,1.3178],[127.8885,1.953,0.0],[127.9199,1.961,0.0],[127.9266,1.9691,7.8212],[127.9294,1.9789,0.8819],[127.9519,1.9913,1.0541],[127.9511,2.0015,4.5085],[127.9534,2.0104,6.4485],[127.9513,2.0191,1.0503],[127.9487,2.0207,0.0],[127.948,2.0232,0.0],[127.9547,2.0404,0.0],[127.9659,2.0495,4.1889],[127.9707,2.0639,3.4511],[127.9805,2.0686,0.0],[127.9932,2.0836,0.0],[127.9998,2.0878,0.0],[127.999,2.0891,0.0],[128.0007,2.0915,5.3827],[128.0051,2.0956,36.3324],[128.0073,2.0952,0.0],[128.0085,2.0982,1.3741],[128.0141,2.1021,36.3555],[128.0244,2.1137,3.3055],[128.0338,2.1267,30.9362],[128.0347,2.1323,3.7308],[128.038,2.1355,0.0],[128.0436,2.146,8.4839],[128.053,2.156,0.0],[128.0572,2.1649,9.4371],[128.0653,2.1738,2.4782],[128.0689,2.1901,0.0],[128.0681,2.1969,12.2563],[128.0531,2.201,4.0829],[128.0191,2.1964,6.0479],[128.0062,2.1908,0.0],[128.0056,2.1892,2.2386],[127.9968,2.1876,0.0],[127.9835,2.1805,0.0],[127.9799,2.184,3.3179],[127.98,2.1864,5.0872],[127.9815,2.187,0.0],[127.9813,2.1913,0.0],[127.9773,2.2086,12.5374],[127.97,2.2147,16.5238],[127.9566,2.2216,0.0],[127.9544,2.2196,29.5051],[127.9601,2.2094,7.8078],[127.9601,2.1979,7.1795],[127.9581,2.1951,25.2573],[127.949,2.1911,4.2437],[127.9469,2.1884,10.3662],[127.9446,2.1885,0.0],[127.9425,2.1858,0.0],[127.9376,2.1858,0.4457],[127.9367,2.1819,0.0],[127.9334,2.1814,1.5313],[127.929,2.1682,20.5802],[127.9303,2.1645,3.3697],[127.9295,2.1623,5.6327],[127.9208,2.1574,3.1948],[127.9116,2.1581,0.0],[127.91,2.1556,0.0],[127.9114,2.1528,76.2357],[127.9107,2.1491,91.6579],[127.9048,2.1445,1.7398],[127.9027,2.141,4.8284],[127.903,2.138,8.0797],[127.8994,2.1342,0.0],[127.8903,2.1329,0.0],[127.8899,2.1302,49.1353],[127.8865,2.1282,25.6695],[127.8852,2.122,26.3401],[127.873,2.1152,3.4043],[127.8687,2.1079,12.3575],[127.86279999999999,2.1039,0.0],[127.8537,2.1029,0.0],[127.8509,2.1012,35.0762],[127.8502,2.096,2.6865],[127.8376,2.0911,0.0],[127.8366,2.0821,3.4141],[127.8291,2.0754,2.4548],[127.8249,2.0686,35.6256],[127.8167,2.0654,10.641],[127.8139,2.0561,61.3856],[127.8064,2.0509,2.6559],[127.8033,2.0424,0.0],[127.7979,2.0389,13.4919],[127.7963,2.0338,0.0],[127.7881,2.0244,0.0],[127.7883,2.0162,0.0],[127.7856,2.0093,1.7828],[127.7745,1.999,2.034],[127.7711,1.9982,22.2759],[127.7688,1.9944,16.2279],[127.7639,1.9924,0.0],[127.7647,1.9907,36.9379],[127.7627,1.9885,30.5621],[127.763,1.9856,59.2769],[127.7596,1.9805,0.0],[127.756,1.9772,0.0],[127.7544,1.9779,0.0],[127.7498,1.9687,12.7943],[127.7449,1.9678,3.5113],[127.7439,1.9589,154.9799],[127.7374,1.9611,1.9321],[127.7333,1.9574,0.0],[127.7308,1.9571,0.0],[127.7276,1.9525,46.2497],[127.7207,1.9501,2.2309],[127.7147,1.9453,6.799],[127.712,1.9467,15.2601],[127.709,1.9443,7.6118],[127.7069,1.9454,25.1918],[127.7008,1.9345,10.7202],[127.6978,1.9316,13.8934],[127.6937,1.9314,8.6127],[127.6932,1.9297,6.8596],[127.6956,1.9294,6.7179],[127.6962,1.9267,0.0],[127.6936,1.9197,1.4592],[127.6915,1.9182,12.6263],[127.6894,1.9189,0.0],[127.6883,1.9137,37.1939],[127.6837,1.9086,21.8385],[127.682,1.9099,0.0],[127.6817,1.9068,21.879],[127.6783,1.9058,7.1011],[127.6777,1.9038,0.0],[127.6763,1.9047,0.0],[127.674,1.9036,49.1179],[127.6758,1.8992,107.0938],[127.6752,1.8961,14.1706],[127.6791,1.8935,0.0],[127.6788,1.8909,0.0],[127.6761,1.8866,7.1255],[127.6692,1.8873,0.0],[127.6655,1.8839,38.3478],[127.6663,1.8792,60.6885],[127.6619,1.8774,0.0],[127.6654,1.8727,0.0],[127.6632,1.868,0.0],[127.66,1.8688,0.0],[127.6543,1.8767,0.0],[127.66,1.8653,58.2383],[127.6582,1.8623,30.7953],[127.6559,1.8627,0.0],[127.6577,1.8581,59.6293],[127.6546,1.8543,0.0],[127.6559,1.8526,12.4514],[127.6546,1.8491,0.0],[127.6512,1.8507,0.0],[127.6494,1.8454,36.843],[127.647,1.8477,0.0],[127.646,1.8409,0.0],[127.642,1.8373,0.0],[127.646,1.8342,28.0342],[127.6466,1.8247,0.0],[127.6421,1.8206,2.9302],[127.6385,1.8207,0.0],[127.6343,1.8163,10.6629],[127.6269,1.8061,5.3995],[127.6268,1.8017,34.4978],[127.6229,1.8019,60.5448],[127.6226,1.7977,51.2294],[127.6137,1.7954,36.2828],[127.612,1.7914,166.8815],[127.6138,1.7834,30.1116],[127.6039,1.7774,24.0864],[127.6001,1.7719,91.6622],[127.5961,1.7693,37.0783],[127.5901,1.7708,0.0],[127.5883,1.7696,58.3404],[127.5855,1.7711,0.0],[127.5844,1.7622,0.0],[127.5775,1.7594,19.3231],[127.5764,1.7612,0.0],[127.5734,1.7562,25.8775],[127.5718,1.7516,8.6354],[127.5734,1.7506,37.9193],[127.5734,1.7461,12.2908],[127.5698,1.744,11.4938],[127.5696,1.7423,42.1313],[127.572,1.738,7.0621],[127.5751,1.7365,4.215],[127.5752,1.7348,8.0634],[127.5735,1.7343,0.0],[127.5753,1.7341,8.0634],[127.5763,1.7308,0.0],[127.5734,1.7329,0.0],[127.57,1.7324,4.2423],[127.5732,1.7276,5.5576],[127.5781,1.7292,16.0395],[127.5764,1.7251,1.0549],[127.5748,1.7237,20.8808],[127.5721,1.7249,4.2419],[127.5718,1.7232,20.4356],[127.5694,1.7238,0.0],[127.5694,1.7203,48.7105],[127.5676,1.7199,16.8928],[127.5665,1.7215,0.0],[127.5586,1.7154,33.4859],[127.5522,1.7134,9.6341],[127.5505,1.7108,26.7072],[127.5537,1.7065,0.0],[127.5546,1.7095,14.2202],[127.5619,1.7118,3.966],[127.5668,1.7063,21.0254],[127.5659,1.7041,0.0],[127.5682,1.7035,0.0],[127.5678,1.701,0.0],[127.571,1.7008,23.0237],[127.5688,1.6995,7.9963],[127.5706,1.699,7.9963],[127.57,1.6978,1.5321],[127.5746,1.6948,0.0],[127.578,1.6946,5.7987],[127.5775,1.6931,0.0],[127.5796,1.6939,15.2461],[127.5823,1.6888,3.6134],[127.5844,1.69,1.7664],[127.5838,1.6874,2.9335],[127.5801,1.6857,0.0],[127.5817,1.6843,14.2636],[127.5802,1.682,8.135],[127.5816,1.6735,2.3963],[127.5792,1.6706,2.2524],[127.5825,1.6694,5.0927],[127.5816,1.6672,5.863],[127.5809,1.6688,0.0],[127.5798,1.6673,3.3891],[127.5841,1.6639,4.371],[127.5824,1.6637,6.337],[127.5847,1.66,6.5368],[127.5811,1.6638,0.0],[127.5787,1.6627,1.6911],[127.5806,1.6616,6.3206],[127.5793,1.6584,17.2607],[127.5765,1.6596,0.0],[127.5748,1.6584,16.8062],[127.5747,1.6608,4.0151],[127.5721,1.6624,0.0],[127.5729,1.6597,12.3882],[127.5712,1.6572,9.8133],[127.5723,1.656,5.6446],[127.5703,1.6553,4.5601],[127.5694,1.653,16.1114],[127.5649,1.6615,0.0],[127.5641,1.6565,9.9749],[127.562,1.6556,2.1791],[127.5637,1.6543,11.9126],[127.563,1.6491,17.7936],[127.5606,1.6492,4.0513],[127.5612,1.645,10.2612],[127.5593,1.6457,0.0],[127.5606,1.6426,19.7864],[127.5578,1.6431,2.746],[127.5577,1.641,1.5358],[127.5553,1.6393,6.4919],[127.5526,1.6491,3.1592],[127.5559,1.6516,3.5795],[127.5596,1.6643,2.9534],[127.551,1.663,28.1326],[127.5502,1.6654,6.8166],[127.549,1.6647,6.8166],[127.5494,1.6503,13.1362],[127.5439,1.6465,22.3283],[127.5421,1.6507,0.0],[127.5405,1.6506,0.0],[127.5426,1.6446,38.2696],[127.5416,1.6431,0.0],[127.5438,1.642,24.6505],[127.5426,1.6367,28.3563],[127.5454,1.6361,16.4556],[127.5452,1.6335,0.0],[127.5483,1.6359,22.7123],[127.5492,1.6339,7.5211],[127.5484,1.6308,19.24],[127.5501,1.6256,0.0],[127.5454,1.6216,13.2812],[127.5514,1.6183,6.9957],[127.5535,1.6069,12.9239],[127.5516,1.5987,0.0],[127.554,1.5973,11.3832],[127.5512,1.5959,7.4927],[127.5522,1.5922,7.8751],[127.5494,1.5905,0.0],[127.5506,1.5886,29.156],[127.5488,1.5888,0.0],[127.5499,1.586,0.0],[127.5471,1.5865,0.0],[127.5469,1.5835,6.7377],[127.5441,1.5803,20.7473],[127.5395,1.5803,8.4491],[127.538,1.5827,0.0],[127.5397,1.5849,7.4178],[127.5377,1.5868,12.5577],[127.5355,1.5852,21.387],[127.5338,1.5863,0.0],[127.5305,1.5835,11.6105],[127.5279,1.5857,0.0],[127.528,1.5804,39.7855],[127.5257,1.5768,68.1893],[127.5232,1.5764,0.0],[127.5227,1.5702,20.6492],[127.5195,1.5723,0.0],[127.5198,1.5695,31.4358],[127.5163,1.5691,0.0],[127.5167,1.5638,47.7449],[127.5143,1.5629,0.0],[127.514,1.559,10.4427],[127.5124,1.5605,0.0],[127.5108,1.5576,2.4158],[127.5112,1.5547,0.0],[127.5196,1.555,9.5648],[127.5203,1.5504,0.0],[127.5284,1.5519,5.3081],[127.5291,1.5492,1.9882],[127.5267,1.5457,17.2768],[127.525,1.5344,0.0],[127.5274,1.5306,16.5686],[127.527,1.5285,0.0],[127.5295,1.5278,0.0],[127.5276,1.5262,0.0],[127.5289,1.5256,29.3094],[127.5284,1.5229,5.3089],[127.5299,1.5224,42.3991],[127.5288,1.521,0.0],[127.5307,1.5205,29.4608],[127.5291,1.5193,0.0],[127.5315,1.5157,0.0],[127.5298,1.5132,36.0941],[127.5346,1.5086,2.4066],[127.5359,1.5032,44.1337],[127.5358,1.4913,0.0],[127.5337,1.4797,0.0],[127.521,1.4343,0.0],[127.5152,1.4238,0.0],[127.4959,1.4052,8.3467],[127.4859,1.3922,0.0],[127.4858,1.3607,0.0],[127.4826,1.3503,34.3814],[127.4718,1.3383,0.0],[127.4716,1.3329,0.0],[127.4682,1.328,29.086],[127.4661,1.3197,79.1172],[127.4611,1.3151,23.3493],[127.4577,1.3142,15.0311],[127.4546,1.3078,0.0],[127.4458,1.3018,47.1149],[127.4465,1.3,37.8073],[127.4431,1.298,0.0],[127.4403,1.2908,19.4464],[127.4383,1.2898,15.877],[127.4309,1.2711,36.4349],[127.4237,1.2652,33.3002],[127.4239,1.261,14.3765],[127.4172,1.2503,11.5374],[127.4173,1.2435,19.4911],[127.4067,1.2315,10.676],[127.4062,1.2254,19.5373],[127.409,1.2206,32.2172],[127.4076,1.2084,0.0],[127.4041,1.2046,0.0],[127.4022,1.1984,74.92],[127.3992,1.1961,0.0],[127.4013,1.1926,0.0],[127.4048,1.1925,33.2323],[127.4079,1.1862,0.0],[127.4118,1.1873,44.8713],[127.4093,1.1841,0.0],[127.4112,1.1816,42.9646],[127.4101,1.1774,0.0],[127.415,1.177,33.296],[127.4182,1.172,0.0],[127.4172,1.1677,10.3808],[127.4194,1.1657,12.1945],[127.4212,1.1662,16.6256],[127.4256,1.1587,0.0],[127.4278,1.1596,11.9702],[127.429,1.1582,84.7362],[127.4315,1.1432,2.3597],[127.4244,1.113,1.3677],[127.4197,1.1075,0.0],[127.4178,1.1024,0.0],[127.4101,1.0972,0.0],[127.4059,1.0929,0.0],[127.4043,1.0881,88.7787],[127.3993,1.0842,0.0],[127.3973,1.0606,6.4673],[127.4007,1.0542,5.149],[127.4021,1.0549,8.0606],[127.4053,1.0513,1.3173],[127.4127,1.0474,14.9741],[127.4041,1.044,4.1063],[127.3991,1.0488,0.0],[127.4009,1.0412,0.0],[127.4048,1.0395,19.0111],[127.4098,1.0406,76.7035],[127.4141,1.0396,5.4422],[127.4175,1.0334,0.0],[127.4199,1.032,0.0],[127.4242,1.0323,40.8333],[127.4265,1.0385,80.5921],[127.4287,1.0402,26.0458],[127.425,1.0467,2.6471],[127.4219,1.0476,3.6609],[127.4249,1.0505,7.3387],[127.4279,1.0506,11.9092],[127.4336,1.0459,2.8199],[127.4388,1.0464,2.3441],[127.4413,1.0496,13.0558],[127.4438,1.048,2.6605],[127.4446,1.0511,22.4024],[127.4558,1.0519,0.0],[127.4589,1.0554,1.914],[127.4655,1.0576,2.1019],[127.4676,1.0568,0.0],[127.4674,1.0592,4.8071],[127.469,1.0586,0.0],[127.4683,1.0612,2.4186],[127.4728,1.0638,7.6624],[127.4742,1.0626,3.2305],[127.4793,1.0644,5.4],[127.4818,1.0624,6.5057],[127.4822,1.0588,4.4622],[127.4863,1.0605,6.3474],[127.4935,1.0565,1.7684],[127.5006,1.0464,0.8723],[127.5019,1.0412,4.8039],[127.4986,1.0406,0.0],[127.4991,1.0344,6.8051],[127.4965,1.0273,0.0],[127.4971,1.021,8.1752],[127.4949,1.0188,6.1604],[127.4945,1.0147,3.0503999999999998],[127.4857,1.0155,0.0],[127.4837,1.0178,0.0],[127.4825,1.0134,85.6839],[127.4805,1.0138,0.0],[127.4793,1.016,0.0],[127.4748,1.0064,19.078],[127.4723,1.0064,11.3866],[127.4804,1.0014,150.6382],[127.4809,0.9933,0.0],[127.4896,0.996,6.5092],[127.4916,0.9948,0.0],[127.4956,0.9955,16.068],[127.4963,0.9896,0.0],[127.5013,0.99,4.0979],[127.5001,0.9895,0.0],[127.503,0.9835,0.7473],[127.506,0.9822,1.3861],[127.5062,0.9782,0.0],[127.51,0.9764,1.5103],[127.5118,0.9725,4.6056],[127.5108,0.9681,0.0],[127.5126,0.9627,1.0984],[127.5116,0.9576,4.421],[127.5125,0.9533,3.8324],[127.5077,0.9507,1.07],[127.5042,0.9437,3.5876],[127.4968,0.9358,3.395],[127.4972,0.9318,4.5562],[127.4919,0.9281,3.2196],[127.4908,0.9257,7.4468],[127.4903,0.9181,0.0],[127.4932,0.9173,3.7187],[127.4919,0.9121,2.1651],[127.4927,0.9076,6.2784],[127.4911,0.9046,5.3288],[127.4935,0.899,0.706],[127.4917,0.8936,0.0],[127.4927,0.8916,1.0934],[127.4944,0.8896,0.0],[127.499,0.8926,8.9491],[127.4999,0.8907,5.5051],[127.4976,0.89,0.0],[127.4966,0.8867,0.0],[127.502,0.8844,0.0],[127.5031,0.8857,3.9698],[127.505,0.8849,0.0],[127.5073,0.8885,0.0],[127.515,0.8874,2.3018],[127.5184,0.8887,0.8507],[127.5218,0.886,2.6023],[127.5295,0.8852,3.7675],[127.5237,0.8826,0.0],[127.5261,0.8772,1.1615],[127.5375,0.8833,0.7211],[127.541,0.882,0.0],[127.5427,0.8829,5.0663],[127.5463,0.8808,4.8932],[127.5414,0.8802,2.0713],[127.537,0.8776,1.342],[127.5402,0.8738,4.0334],[127.5397,0.8726,1.7423],[127.537,0.8739,0.0],[127.538,0.8713,4.3231],[127.5362,0.8729,2.0032],[127.5339,0.8727,1.7766],[127.5338,0.8699,1.1368],[127.5332,0.8713,1.1301],[127.5308,0.8713,0.0],[127.5326,0.8675,0.8175],[127.5348,0.868,0.0],[127.5353,0.8703,1.1368],[127.5361,0.8662,3.6403],[127.5375,0.8689,3.7644],[127.5394,0.8686,0.7983],[127.5394,0.8672,0.7983],[127.536,0.864,5.0013],[127.531,0.8621,1.9365],[127.53,0.8639,0.0],[127.5292,0.8623,0.0],[127.5268,0.8632,1.3181],[127.5246,0.8606,0.0],[127.5257,0.8585,0.0],[127.5433,0.8615,0.0],[127.5454,0.8682,0.6868],[127.5434,0.8746,0.7725],[127.5463,0.8762,0.0],[127.5486,0.8806,4.1066],[127.5476,0.8757,0.0],[127.5493,0.8745,1.9369],[127.5504,0.8772,4.3284],[127.5497,0.8742,1.9369],[127.5514,0.8732,0.0],[127.5568,0.8749,0.0],[127.5549,0.8761,2.5588],[127.56,0.8771,2.0575],[127.5592,0.8756,0.0],[127.5609,0.8725,3.1357],[127.5617,0.8733,3.1357],[127.5624,0.8688,1.9634],[127.5593,0.8662,1.8776],[127.5559,0.866,0.0],[127.5572,0.8634,0.0],[127.5635,0.8648,0.0],[127.5662,0.8741,4.0145],[127.5689,0.8689,4.3519],[127.5662,0.8692,0.0],[127.5666,0.8653,0.0],[127.5732,0.865,0.0],[127.5742,0.8681,1.7314],[127.5763,0.8666,0.0],[127.58,0.8671,7.072],[127.5822,0.8635,0.0],[127.5887,0.8609,2.7058],[127.6001,0.8657,6.3959],[127.6035,0.8653,2.1513],[127.6051,0.862,0.0],[127.6101,0.8645,8.264],[127.6096,0.8605,0.0],[127.6135,0.8539,3.1412],[127.6185,0.8539,0.0],[127.618,0.8618,4.4788],[127.6195,0.863,3.1086],[127.6288,0.8611,3.1478],[127.6247,0.856,9.0572],[127.6269,0.8543,4.7457],[127.6264,0.8498,6.0269],[127.624,0.8462,2.4588],[127.6249,0.8438,13.46],[127.6281,0.8451,3.6272],[127.6273,0.8485,4.4345],[127.6301,0.8485,1.54],[127.6306,0.8511,4.8702],[127.6361,0.8522,6.3148],[127.6401,0.8505,2.5178],[127.6338,0.8402,2.2518],[127.6356,0.8362,1.2049],[127.6394,0.8361,9.3239],[127.636,0.8291,0.0],[127.6364,0.8249,0.0],[127.6386,0.8218,0.0],[127.6361,0.8101,1.0793],[127.6333,0.8067,5.2053],[127.6219,0.8025,0.0],[127.6153,0.7828,0.8586],[127.6106,0.7798,3.3624],[127.6024,0.7791,0.0],[127.5989,0.7726,0.0],[127.6005,0.7704,0.0],[127.6027,0.7714,2.4871],[127.6025,0.7684,0.0],[127.6056,0.7655,2.1881],[127.6035,0.7665,0.0],[127.6014,0.765,0.0],[127.6042,0.7641,4.8465],[127.6019,0.7613,0.5966],[127.6019,0.7575,2.0142],[127.5993,0.7558,0.0],[127.5997,0.7503,4.98],[127.5973,0.7495,2.88],[127.5963,0.7506,0.0],[127.5963,0.755,0.9304],[127.6014,0.7588,0.0],[127.5978,0.7582,1.3556],[127.5969,0.7601,1.2133],[127.5884,0.7556,0.0],[127.5746,0.7537,1.5855],[127.5604,0.7413,1.9947],[127.5577,0.7409,0.0],[127.5473,0.7288,0.0],[127.5501,0.7206,0.0],[127.5479,0.7043,0.0],[127.552,0.6949,1.7886],[127.5512,0.6824,14.6168],[127.5455,0.6663,1.1706],[127.5455,0.6607,4.4744],[127.54,0.6547,4.5924],[127.5414,0.6435,0.0],[127.5393,0.6367,0.0],[127.541,0.6321,0.0],[127.5342,0.6232,4.5142],[127.5295,0.6129,0.0],[127.5368,0.574,2.266],[127.5349,0.5668,4.1503],[127.5277,0.5584,10.1146],[127.5269,0.5544,3.4406],[127.5344,0.5435,0.0],[127.5366,0.5427,5.8121],[127.5396,0.5331,0.0],[127.5436,0.5294,3.9194],[127.548,0.5285,0.0],[127.5585,0.5217,2.4106],[127.5619,0.5159,6.0062],[127.5647,0.4957,9.3029],[127.5681,0.4883,0.0],[127.5668,0.4784,7.1526],[127.57,0.4715,7.6965],[127.5681,0.4687,0.0],[127.5702,0.4583,5.6286],[127.5689,0.4547,14.1005],[127.5748,0.4506,4.1578],[127.5748,0.4487,3.8847],[127.5713,0.4471,1.6949],[127.5716,0.4457,8.6734],[127.5747,0.4458,7.5919],[127.5768,0.4438,0.0],[127.5731,0.4407,2.2493],[127.5749,0.439,1.4193],[127.5726,0.4355,0.0],[127.575,0.4325,7.4279],[127.5731,0.4285,2.7285],[127.5809,0.4287,0.0],[127.5815,0.4232,2.5676],[127.5856,0.4229,10.9233],[127.5819,0.4191,2.397],[127.5789,0.4184,3.2806],[127.5786,0.4148,2.2573],[127.5818,0.4139,7.707],[127.5849,0.4089,0.0],[127.5941,0.4078,5.4599],[127.5955,0.401,0.0],[127.6012,0.403,5.0974],[127.6029,0.3995,0.0],[127.609,0.397,0.0],[127.6116,0.3987,4.0892],[127.6143,0.3982,0.0],[127.6165,0.4005,7.9913],[127.6166,0.3973,6.5451],[127.6223,0.396,31.6252],[127.6228,0.3859,7.2156],[127.6215,0.3798,0.0],[127.618,0.3749,0.0],[127.6217,0.3603,0.0],[127.6347,0.3571,13.2059],[127.638,0.3589,12.4413],[127.6436,0.3572,17.529],[127.6459,0.3583,6.4707],[127.6487,0.3577,4.5002],[127.6519,0.3553,2.5562],[127.6573,0.3448,6.9012],[127.6613,0.3422,5.5129],[127.6653,0.3458,17.6784],[127.6754,0.3481,1.6163],[127.6768,0.35,5.1801],[127.6856,0.3483,1.2642],[127.6889,0.3499,5.4375],[127.6939,0.3453,0.0],[127.7095,0.3529,15.995],[127.7103,0.3504,0.0],[127.7166,0.3478,1.9082],[127.721,0.3423,2.4582],[127.7342,0.3114,0.0],[127.734,0.302,6.3008],[127.7244,0.275,0.0],[127.7159,0.2642,0.0],[127.7173,0.2566,15.0003],[127.7148,0.2424,0.0],[127.7085,0.2307,0.0],[127.7065,0.2223,0.0],[127.7085,0.216,0.0],[127.708,0.2107,0.0],[127.7002,0.1988,0.0],[127.7014,0.1953,74.0876],[127.696,0.1852,0.0],[127.6962,0.1718,3.9209],[127.6944,0.1676,55.6613],[127.696,0.1591,0.766],[127.6919,0.1461,0.0],[127.694,0.1402,0.0],[127.7004,0.1358,3.3057],[127.6992,0.1346,1.5684],[127.7018,0.1251,5.6188],[127.6997,0.1207,0.0],[127.6964,0.1185,27.0715],[127.6967,0.1158,5.4353],[127.6902,0.112,34.8379],[127.689,0.1087,0.0],[127.6899,0.104,0.0],[127.6846,0.0985,5.0224],[127.6879,0.0976,11.9764],[127.6913,0.1001,6.5813],[127.7046,0.1009,0.0],[127.7075,0.1039,15.6641],[127.7122,0.1026,0.0],[127.7137,0.1003,3.8331],[127.7117,0.0964,1.5893],[127.7136,0.0881,1.6125],[127.7167,0.0852,0.0],[127.7169,0.0783,0.0],[127.7209,0.0756,1.2786],[127.7218,0.0724,1.3037],[127.7206,0.0603,3.4322],[127.7175,0.0512,14.5563],[127.7149,0.0478,1.9046],[127.7167,0.0444,0.0],[127.7139,0.0414,1.9811],[127.711,0.0421,0.0],[127.7128,0.0398,0.9686],[127.7101,0.0325,8.1973],[127.6998,0.0171,0.0],[127.6974,0.0078,0.0],[127.6972,-0.0026,6.8495],[127.7007,-0.0116,12.0676],[127.7009,-0.0181,15.5461],[127.6943,-0.0286,4.237],[127.6982,-0.0472,0.0],[127.6967,-0.0603,0.5499],[127.6984,-0.0767,4.6037],[127.6966,-0.0888,4.9601],[127.6999,-0.0999,0.0],[127.6953,-0.1054,2.1227],[127.6893,-0.109,0.0],[127.69,-0.1167,0.0],[127.6872,-0.1207,5.7111],[127.6859,-0.1262,0.0],[127.6875,-0.1313,0.0],[127.6871,-0.1374,0.0],[127.6804,-0.153,2.1471],[127.6814,-0.1583,0.8006],[127.6765,-0.1629,0.0],[127.6758,-0.1741,29.7798],[127.6679,-0.1878,2.9859],[127.6691,-0.1941,1.9662],[127.667,-0.1985,5.1058],[127.6672,-0.2022,2.2001],[127.661,-0.2088,0.0],[127.6632,-0.2212,0.0],[127.667,-0.2239,0.7348],[127.6684,-0.2223,5.1192],[127.671,-0.2228,8.107],[127.6711,-0.2293,0.0],[127.6792,-0.2384,0.0],[127.6801,-0.2429,3.9684],[127.6893,-0.2476,2.4077],[127.6869,-0.27,1.44],[127.7025,-0.2776,5.0845],[127.7048,-0.2769,3.8902],[127.7148,-0.2916,0.0]],
[[127.9569,1.7822,0.0],[127.9572,1.7818,2.113],[127.9569,1.7814,2.113],[127.9565,1.7818,2.113],[127.9569,1.7822,0.0]]]]}}