{"type":"Feature","properties":{"GID_1":"IDN.12_1","GID_0":"IDN","country":"Indonesia","province":"KalimantanBarat","VARNAME_1":"NA","NL_NAME_1":"NA","TYPE_1":"Propinisi","ENGTYPE_1":"Province","CC_1":"61","HASC_1":"ID.KB","ISO_1":"ID-KB","name":"Kalimantan_Barat.province"},
"geometry":{"type": "MultiPolygon","coordinates": [[[[110.2029,-3.0649,0.7704],[110.2025,-3.0662,0.7704],[110.2044,-3.0676,9.4605],[110.2045,-3.0648,7.5904],[110.2029,-3.0649,0.7704]]],
[[[109.3243,-0.5762,3.1297],[109.3242,-0.5816,0.0],[109.3333,-0.5762,7.0089],[109.3341,-0.5742,4.0761],[109.3322,-0.5726,4.273],[109.3247,-0.5736,3.9276],[109.3243,-0.5762,3.1297]]],
[[[109.3098,-0.6128,8.5242],[109.3115,-0.6118,0.0],[109.3068,-0.6129,2.5807],[109.3086,-0.6133,1.9064],[109.3098,-0.6128,8.5242]]],
[[[109.3114,-0.6095,3.25],[109.3105,-0.611,8.6853],[109.3106,-0.6114,0.0],[109.3126,-0.6099,0.0],[109.3114,-0.6095,3.25]]],
[[[109.3826,-0.6094,0.0],[109.3823,-0.61,0.0421],[109.3826,-0.611,0.0],[109.383,-0.6096,0.0],[109.3826,-0.6094,0.0]]],
[[[109.3032,-0.5972,0.0],[109.2983,-0.594,0.0],[109.2906,-0.5962,0.0],[109.286,-0.5996,20.0313],[109.284,-0.607,16.8654],[109.281,-0.6107,0.0],[109.2813,-0.6132,0.0],[109.2885,-0.6119,3.0497],[109.2901,-0.6094,17.3789],[109.3069,-0.6016,2.676],[109.3065,-0.5994,0.0],[109.3032,-0.5972,0.0]]],
[[[109.2606,-0.9415,4.6569],[109.2586,-0.9398,17.9391],[109.2571,-0.9406,17.9391],[109.2583,-0.9434,19.6607],[109.2606,-0.9415,4.6569]]],
[[[109.5883,-0.7403,1.1562],[109.5747,-0.7333,3.0123],[109.5733,-0.7475,0.0],[109.5666,-0.7548,8.0088],[109.567,-0.7575,7.9825],[109.583,-0.7669,6.6561],[109.594,-0.7661,8.7843],[109.6011,-0.7683,4.8753],[109.6037,-0.7734,4.5161],[109.6041,-0.7786,2.1409],[109.6194,-0.784,6.3912],[109.6248,-0.7949,0.9754],[109.63,-0.7949,1.2234],[109.6354,-0.7912,9.3507],[109.6367,-0.787,0.0],[109.6329,-0.7824,8.4861],[109.6319,-0.7606,0.0],[109.6261,-0.7509,0.0],[109.6229,-0.7497,4.2082],[109.613,-0.7518,2.8507],[109.6074,-0.7485,3.807],[109.5987,-0.7483,5.5455],[109.5934,-0.7429,0.0],[109.5883,-0.7403,1.1562]]],
[[[109.5605,-0.7457,0.0],[109.5598,-0.7452,0.0],[109.5598,-0.7464,0.0],[109.5603,-0.7465,0.0],[109.5605,-0.7457,0.0]]],
[[[109.493455,-0.69938,8.1912],[109.4956,-0.7025,7.7992],[109.4966,-0.7016,6.0729],[109.493455,-0.69938,8.1912]]],
[[[109.493455,-0.69938,8.1912],[109.4934,-0.6993,8.1912],[109.49334519572953,-0.699302491103203,8.1912],[109.493455,-0.69938,8.1912]]],
[[[109.6955,-0.7175,1.3816],[109.6929,-0.7155,1.466],[109.6883,-0.7155,2.8888],[109.6769,-0.7186,8.5174],[109.6698,-0.7157,3.4102],[109.6676,-0.7174,1.9978],[109.6651,-0.7246,6.3056],[109.663,-0.7257,1.614],[109.6476,-0.7193,1.3798],[109.6451,-0.7286,6.7195],[109.6422,-0.7324,1.5797],[109.6295,-0.7338,1.1333],[109.6236,-0.7285,3.7827],[109.6159,-0.7326,0.0],[109.6059,-0.7342,0.0],[109.6089,-0.7405,9.3394],[109.6078,-0.7453,0.0],[109.6147,-0.7493,8.3654],[109.6244,-0.7471,6.5827],[109.6394,-0.75,4.1671],[109.6592,-0.7483,9.4815],[109.6697,-0.7521,7.0886],[109.6699,-0.7462,9.8617],[109.6713,-0.7446,0.0],[109.6757,-0.7441,1.7596],[109.6699,-0.7388,8.5013],[109.6766,-0.7368,7.2608],[109.6845,-0.7269,6.9292],[109.6897,-0.7246,6.18],[109.6917,-0.7265,5.5851],[109.6953,-0.7206,2.935],[109.6955,-0.7175,1.3816]]],
[[[109.571,-0.735,20.0848],[109.5715,-0.7316,3.0935],[109.577,-0.7269,0.5807],[109.5772,-0.7247,1.3307],[109.5755,-0.7178,5.7718],[109.5687,-0.7123,0.0],[109.5655,-0.7145,0.0],[109.5607,-0.7229,0.0],[109.5537,-0.7277,1.2654],[109.5511,-0.7325,0.0],[109.5578,-0.7331,7.5067],[109.5675,-0.7438,3.2764],[109.5709,-0.7381,0.5954],[109.571,-0.735,20.0848]]],
[[[109.5781,-0.7179,4.6642],[109.5753,-0.7106,0.0],[109.5707,-0.7118,1.7367],[109.5769,-0.7189,7.7611],[109.5778,-0.7294,2.4457],[109.593,-0.7383,8.4474],[109.5992,-0.7437,5.8314],[109.6054,-0.7442,5.0561],[109.6063,-0.7415,7.9602],[109.6038,-0.7322,4.7842],[109.6066,-0.7263,9.1697],[109.5932,-0.7156,1.5127],[109.591,-0.7165,9.8067],[109.5896,-0.7198,8.8004],[109.5827,-0.7199,4.5242],[109.5781,-0.7179,4.6642]]],
[[[109.6619,-0.7006,0.0],[109.6547,-0.6998,6.1474],[109.647,-0.7036,4.2283],[109.6308,-0.7056,0.0],[109.6219,-0.7054,1.6142],[109.6149,-0.7026,0.0],[109.61,-0.7046,9.3655],[109.6028,-0.7045,0.0],[109.6004,-0.7087,0.0],[109.5969,-0.7098,6.254],[109.5855,-0.7073,1.502],[109.5779,-0.7099,0.0],[109.5787,-0.7165,4.6642],[109.5801,-0.7179,9.8459],[109.5865,-0.7189,3.1993],[109.5903,-0.7152,0.0],[109.595,-0.7148,6.1164],[109.6069,-0.7249,6.09],[109.6086,-0.7302,0.0],[109.6265,-0.7269,7.9357],[109.6298,-0.7321,4.5519],[109.634,-0.73,4.1564],[109.6415,-0.7307,7.3611],[109.6475,-0.7173,6.7216],[109.6634,-0.7246,1.614],[109.6668,-0.7171,1.9978],[109.6693,-0.7149,3.4102],[109.6793,-0.7166,1.2286],[109.6867,-0.7145,12.1099],[109.6883,-0.7127,7.9852],[109.6876,-0.7095,10.6064],[109.688,-0.7069,6.068],[109.6839,-0.7056,4.0519],[109.68,-0.7022,6.3082],[109.6619,-0.7006,0.0]]],
[[[109.5306,-0.7019,0.0],[109.5229,-0.6987,1.5337],[109.5149,-0.7016,4.656],[109.4969,-0.7001,3.3447],[109.4976,-0.7027,6.0729],[109.4961,-0.7031,12.7926],[109.4919,-0.6997,7.2317],[109.4921,-0.7063,9.4232],[109.4914,-0.7073,5.8758],[109.4844,-0.7064,7.5805],[109.4828,-0.7075,3.8907],[109.4853,-0.7138,4.9366],[109.4831,-0.7174,4.7815],[109.4694,-0.7169,4.5907],[109.4621,-0.7209,0.0],[109.4572,-0.72,7.9188],[109.4477,-0.7089,1.921],[109.4447,-0.7084,5.2523],[109.4543,-0.7267,1.6091],[109.4599,-0.7299,3.701],[109.4686,-0.7319,4.3237],[109.5265,-0.7272,3.5094],[109.5417,-0.7315,0.0],[109.5482,-0.7249,1.0651],[109.5557,-0.7207,0.0],[109.5592,-0.7161,2.0775],[109.5493,-0.7064,0.0],[109.5422,-0.7059,0.0],[109.5306,-0.7019,0.0]]],
[[[109.6667,-0.6833,1.6543],[109.6594,-0.68,3.5531],[109.6562,-0.6718,2.2636],[109.6512,-0.6772,1.2984],[109.6486,-0.6836,5.2151],[109.6402,-0.6854,3.8755],[109.6324,-0.6902,4.0368],[109.6176,-0.6907,0.0],[109.6164,-0.6857,5.2076],[109.614,-0.6844,2.2952],[109.6076,-0.6867,2.5181],[109.5978,-0.6953,3.855],[109.5832,-0.6921,1.2412],[109.5738,-0.6921,0.0],[109.552,-0.7072,3.5965],[109.5624,-0.7122,4.242],[109.569,-0.7079,9.0042],[109.578,-0.7075,7.0084],[109.5861,-0.7052,4.6457],[109.5912,-0.7053,8.7892],[109.5958,-0.708,1.1071],[109.5989,-0.704,5.8958],[109.6029,-0.7021,4.2677],[109.6157,-0.701,8.6707],[109.6217,-0.7036,6.1044],[109.6314,-0.7039,7.7071],[109.6475,-0.702,4.6555],[109.6552,-0.6985,1.8164],[109.6719,-0.6982,1.384],[109.6746,-0.6968,6.4186],[109.6745,-0.6948,8.3274],[109.672,-0.6913,3.446],[109.6691,-0.6902,4.228],[109.6667,-0.6833,1.6543]]],
[[[109.4899,-0.6858,6.8993],[109.4834,-0.6835,2.8562],[109.4836,-0.6875,13.0917],[109.4905,-0.6939,6.4752],[109.4938,-0.6956,7.2786],[109.4974,-0.6947,2.8038],[109.4976,-0.6886,6.9865],[109.4899,-0.6858,6.8993]]],
[[[109.3813,-0.6567,5.4534],[109.37,-0.6503,1.7879],[109.36,-0.6569,8.9118],[109.3544,-0.6555,0.0],[109.3517,-0.6519,0.0],[109.3494,-0.6539,0.0],[109.3527,-0.6637,4.2416],[109.3601,-0.6729,17.0884],[109.365,-0.6755,15.5661],[109.3695,-0.6761,23.4953],[109.3798,-0.6726,17.5566],[109.4055,-0.6747,0.0],[109.3877,-0.6587,7.7134],[109.3813,-0.6567,5.4534]]],
[[[109.4533,-0.6719,0.0],[109.4464,-0.6715,5.3933],[109.4405,-0.6684,7.5463],[109.4397,-0.6738,0.0],[109.4358,-0.6764,14.0632],[109.4203,-0.6694,0.0],[109.4119,-0.6745,3.6527],[109.425,-0.6816,14.567],[109.4365,-0.6958,13.767],[109.4436,-0.6967,8.622],[109.4547,-0.7051,10.1527],[109.4549,-0.7065,8.2187],[109.4522,-0.7079,0.0],[109.4529,-0.7106,17.5736],[109.4581,-0.7188,1.5305],[109.4688,-0.7157,10.9184],[109.483,-0.7166,4.7815],[109.484,-0.7149,4.5876],[109.482,-0.7081,4.0571],[109.4827,-0.7062,9.5864],[109.4915,-0.7064,9.4232],[109.4907,-0.7015,4.6949],[109.4912,-0.6994,11.7277],[109.49334519572953,-0.699302491103203,8.1912],[109.4796,-0.6896,3.4922],[109.471,-0.6892,3.5828],[109.4676,-0.6814,6.4667],[109.4577,-0.6771,7.8658],[109.4533,-0.6719,0.0]]],
[[[109.4906,-0.627,8.6227],[109.4832,-0.6286,12.0196],[109.4738,-0.6236,7.0571],[109.4682,-0.6292,0.0],[109.4594,-0.6313,19.7909],[109.4583,-0.636,0.0],[109.4674,-0.6382,4.0303],[109.4708,-0.6404,8.7494],[109.4693,-0.6415,0.0],[109.4664,-0.6397,12.1375],[109.4594,-0.6393,0.0],[109.4557,-0.6369,8.0795],[109.4524,-0.6319,0.0],[109.4503,-0.6317,9.0029],[109.4318,-0.6342,0.0],[109.4268,-0.6378,0.0],[109.4284,-0.6397,9.8781],[109.4274,-0.6425,3.6157],[109.4663,-0.6642,7.2058],[109.4806,-0.6768,7.4004],[109.484,-0.6822,8.8305],[109.4978,-0.6884,9.3035],[109.4989,-0.6907,5.3232],[109.4985,-0.6936,7.3545],[109.4994,-0.6943,7.3545],[109.5291,-0.6957,11.5502],[109.5461,-0.7032,3.0983],[109.5747,-0.6873,7.5094],[109.5832,-0.686,0.0],[109.5808,-0.6758,5.7119],[109.5846,-0.6612,0.0],[109.5836,-0.653,1.8906],[109.5778,-0.6551,4.714],[109.5729,-0.6531,2.1908],[109.5716,-0.6563,4.7202],[109.5687,-0.6571,4.1728],[109.5639,-0.6526,0.0],[109.558,-0.6568,10.7741],[109.5548,-0.6557,7.03],[109.5516,-0.6519,2.7409],[109.5476,-0.656,13.0497],[109.544,-0.6536,4.9867],[109.5421,-0.6464,3.9413],[109.5333,-0.6457,0.0],[109.5282,-0.6471,11.687],[109.525,-0.6391,0.0],[109.5173,-0.6448,13.1071],[109.5102,-0.6379,0.0],[109.5039,-0.6392,0.0],[109.4928,-0.6262,0.0],[109.4906,-0.627,8.6227]]],
[[[109.3671,-0.6189,2.8207],[109.3633,-0.6171,5.557],[109.3581,-0.6186,15.473],[109.3547,-0.6239,20.3398],[109.3512,-0.6348,0.0],[109.3593,-0.6477,13.159],[109.3601,-0.6533,5.0091],[109.3685,-0.6487,5.7196],[109.3729,-0.6482,6.2266],[109.3796,-0.6535,2.2306],[109.3913,-0.6585,11.2664],[109.4059,-0.6727,16.2956],[109.4188,-0.6678,9.9666],[109.4234,-0.6675,17.2456],[109.4363,-0.6743,5.5473],[109.4391,-0.6671,11.6931],[109.4418,-0.6666,4.2319],[109.4467,-0.6698,5.3859],[109.4533,-0.6703,7.6502],[109.4582,-0.6751,1.5545],[109.4679,-0.68,3.7673],[109.472,-0.6882,3.5828],[109.4746,-0.6881,3.8008],[109.4768,-0.6857,12.0033],[109.4769,-0.6809,8.03],[109.4743,-0.6769,2.5213],[109.4502,-0.6606,7.8163],[109.4331,-0.6512,0.0],[109.4246,-0.6489,0.0],[109.4165,-0.6425,0.0],[109.4038,-0.6371,3.509],[109.3856,-0.6247,12.2683],[109.3769,-0.6239,4.5396],[109.3671,-0.6189,2.8207]]],
[[[109.1705,-1.2644,0.0],[109.1714,-1.2655,0.0],[109.1722,-1.2642,0.0],[109.1712,-1.2633,0.0],[109.1705,-1.2644,0.0]]],
[[[109.9383,-1.2488,0.0],[109.9377,-1.2488,0.0],[109.9375,-1.2492,0.0],[109.9384,-1.2495,0.0],[109.9383,-1.2488,0.0]]],
[[[109.284,-1.2121,0.0],[109.2853,-1.2117,0.0],[109.2828,-1.2099,3.7243],[109.2825,-1.212,2.7866],[109.284,-1.2121,0.0]]],
[[[109.2726,-1.209,21.5267],[109.275,-1.2109,31.9404],[109.277,-1.2086,0.0],[109.2741,-1.1991,0.0],[109.2719,-1.2012,5.8808],[109.2712,-1.2064,0.0],[109.2726,-1.209,21.5267]]],
[[[109.2985,-1.2298,0.0],[109.2974,-1.2274,0.0],[109.2956,-1.2275,0.0],[109.2964,-1.2306,19.8143],[109.2985,-1.2298,0.0]]],
[[[109.2076,-1.2384,0.0],[109.2082,-1.2343,0.0],[109.2053,-1.2308,0.0],[109.2044,-1.2351,7.8897],[109.2025,-1.2349,3.1091],[109.1999,-1.2376,10.8127],[109.2003,-1.2414,11.0229],[109.2035,-1.241,48.8292],[109.2056,-1.2437,0.0],[109.2083,-1.2419,0.0],[109.2076,-1.2384,0.0]]],
[[[109.2034,-1.2328,1.5784],[109.2042,-1.2319,0.0],[109.2033,-1.2291,0.0],[109.2025,-1.2317,1.5784],[109.2034,-1.2328,1.5784]]],
[[[109.2528,-1.2361,7.2391],[109.2545,-1.2365,9.26],[109.255,-1.235,0.0],[109.2534,-1.2343,0.0],[109.2528,-1.2361,7.2391]]],
[[[109.2964,-1.2345,0.0],[109.2965,-1.236,28.9007],[109.2984,-1.2354,0.0],[109.2979,-1.234,0.0],[109.2964,-1.2345,0.0]]],
[[[109.2657,-1.1867,10.1245],[109.2632,-1.1857,0.0],[109.2602,-1.1816,1.5883],[109.2575,-1.1858,56.8314],[109.2544,-1.1869,0.0],[109.2473,-1.1936,5.9353],[109.2458,-1.1978,0.0],[109.2429,-1.1964,0.0],[109.2371,-1.1966,12.2212],[109.2352,-1.1976,0.0],[109.235,-1.2001,17.6552],[109.2274,-1.2002,4.835],[109.2243,-1.2121,32.1191],[109.2283,-1.2133,27.6274],[109.2281,-1.2188,35.3507],[109.2188,-1.2301,3.904],[109.2174,-1.237,8.0684],[109.2221,-1.2384,50.964],[109.2241,-1.2419,0.0],[109.225,-1.2402,16.8584],[109.2331,-1.2437,3.4044],[109.2349,-1.2426,45.2995],[109.2423,-1.2436,5.4778],[109.2456,-1.2388,23.7774],[109.2513,-1.2351,0.0],[109.2546,-1.2246,2.4014],[109.2632,-1.2195,3.8532],[109.2653,-1.2151,7.9601],[109.2695,-1.2163,0.0],[109.2711,-1.2087,8.0925],[109.2681,-1.1996,0.0],[109.269,-1.1943,0.0],[109.2657,-1.1867,10.1245]]],
[[[109.2998,-1.0569,6.2061],[109.3004,-1.0559,0.0],[109.2988,-1.0561,0.0],[109.2989,-1.0567,6.2061],[109.2998,-1.0569,6.2061]]],
[[[109.8166,-1.0916,0.0],[109.817,-1.0911,0.0],[109.8162,-1.091,0.0],[109.8162,-1.0912,0.0],[109.8166,-1.0916,0.0]]],
[[[109.4532,-1.0211,0.0],[109.4524,-1.0221,3.6918],[109.4547,-1.0212,9.6406],[109.4541,-1.0205,0.0],[109.4532,-1.0211,0.0]]],
[[[109.7579,-1.0124,2.1498],[109.7576,-1.0134,0.0],[109.758,-1.0135,0.0],[109.7584,-1.0131,0.0],[109.7579,-1.0124,2.1498]]],
[[[109.67529999999999,-1.0037,6.5237],[109.67529999999999,-1.0043,6.5237],[109.6763,-1.0043,6.5237],[109.6762,-1.0037,6.5237],[109.67529999999999,-1.0037,6.5237]]],
[[[109.6743,-1.0034,2.6688],[109.6739,-1.0033,2.6688],[109.6738,-1.0036,2.6688],[109.6742,-1.0037,2.6688],[109.6743,-1.0034,2.6688]]],
[[[109.385,-0.9611,0.0],[109.3848,-0.962,0.0],[109.3852,-0.9631,0.0],[109.3857,-0.962,0.0],[109.385,-0.9611,0.0]]],
[[[109.3882,-0.9593,0.0],[109.3874,-0.9596,0.0267],[109.3879,-0.9605,0.0267],[109.3885,-0.96,0.0267],[109.3882,-0.9593,0.0]]],
[[[109.3614,-0.946,1.5854],[109.3585,-0.945,3.4145],[109.3582,-0.9499,0.9274],[109.361,-0.9482,9.4365],[109.3614,-0.946,1.5854]]],
[[[109.6696,-1.0024,1.2396],[109.6691,-1.0029,1.2396],[109.6695,-1.0034,0.8225],[109.6699,-1.0027,1.2396],[109.6696,-1.0024,1.2396]]],
[[[109.6685,-1.0004,2.3521],[109.6682,-1.0008,0.2593],[109.6685,-1.0011,2.3521],[109.6688,-1.0007,2.3521],[109.6685,-1.0004,2.3521]]],
[[[109.6685,-0.9991,1.3556],[109.6682,-0.9993,0.0],[109.6684,-0.9998,0.2593],[109.6687,-0.9995,1.3556],[109.6685,-0.9991,1.3556]]],
[[[109.4026,-1.2221,0.0],[109.4028,-1.2233,0.0],[109.4036,-1.2233,1.0159],[109.4035,-1.2223,0.0],[109.4026,-1.2221,0.0]]],
[[[109.9059,-1.2037,0.0],[109.9054,-1.2044,0.0],[109.9057,-1.205,0.0],[109.9062,-1.2045,0.0],[109.9059,-1.2037,0.0]]],
[[[109.252,-0.9464,4.6165],[109.2548,-0.944,26.5067],[109.2523,-0.9412,0.0],[109.2509,-0.945,56.036],[109.2477,-0.9446,10.3771],[109.2455,-0.9472,10.5327],[109.2467,-0.9486,2.6341],[109.2481,-0.9464,30.7362],[109.252,-0.9464,4.6165]]],
[[[109.275,-0.873,0.0],[109.2871,-0.8879,4.4284],[109.30029999999999,-0.9002,1.3181],[109.3044,-0.9003,13.2053],[109.3063,-0.9049,5.6137],[109.314,-0.9101,2.2532],[109.3309,-0.9174,9.671],[109.3589,-0.9173,10.5744],[109.3742,-0.9265,4.6276],[109.3992,-0.9332,1.1932],[109.4061,-0.9324,13.2516],[109.4108,-0.9241,13.352],[109.4188,-0.9171,0.0],[109.4162,-0.9142,0.0],[109.4179,-0.9123,19.607],[109.4211,-0.9127,18.5973],[109.4252,-0.9031,2.4116],[109.4275,-0.9023,7.9113],[109.4278,-0.899,4.6753],[109.4327,-0.8963,3.1891],[109.4258,-0.8881,0.0],[109.4219,-0.8755,0.0],[109.4163,-0.8714,5.7718],[109.4155,-0.8688,0.0],[109.4176,-0.8639,18.2656],[109.421,-0.8641,9.1413],[109.4289,-0.8562,11.5899],[109.436,-0.8526,11.956],[109.4388,-0.8524,11.5458],[109.4397,-0.8576,2.3406],[109.4495,-0.8608,16.6171],[109.457,-0.8654,16.7241],[109.4809,-0.8689,16.6522],[109.4856,-0.872,3.8765],[109.4877,-0.8711,17.0729],[109.4932,-0.8725,14.7552],[109.4977,-0.8757,2.18],[109.4998,-0.8741,20.0549],[109.5051,-0.8742,24.3446],[109.5173,-0.8778,14.2554],[109.523,-0.8777,4.0898],[109.5367,-0.8863,0.0],[109.5431,-0.8835,0.305],[109.5524,-0.885,0.8428],[109.5585,-0.889,3.5117],[109.5635,-0.8978,0.0],[109.5653,-0.8977,32.7416],[109.5674,-0.9003,3.5214],[109.5696,-0.8995,11.668],[109.5709,-0.9023,3.6034],[109.5731,-0.9018,8.6503],[109.5735,-0.8989,5.199],[109.581,-0.8971,3.2667],[109.5839,-0.8977,2.7899],[109.5922,-0.9059,6.1416],[109.5977,-0.9198,0.5229],[109.6,-0.9326,0.0],[109.6089,-0.9433,17.8741],[109.6093,-0.9643,22.3294],[109.6129,-0.9721,22.337],[109.6219,-0.978,2.4283],[109.6258,-0.9754,0.0],[109.6268,-0.972,1.7804],[109.6306,-0.972,11.6085],[109.6311,-0.974,7.3815],[109.6397,-0.9763,14.6842],[109.644,-0.9823,20.5283],[109.6494,-0.9985,4.5321],[109.6534,-1.0001,10.0371],[109.6571,-0.9987,16.1714],[109.6569,-1.0002,5.9326],[109.6598,-0.9986,14.7427],[109.6585,-1.0001,10.0404],[109.6602,-1.0004,10.0404],[109.6652,-0.9997,3.056],[109.6687,-0.9971,10.0524],[109.6759,-1.0026,17.188],[109.6824,-1.0138,10.1743],[109.6845,-1.0125,20.1519],[109.6909,-0.9954,14.4133],[109.6975,-0.9873,2.4815],[109.7215,-0.9735,10.5082],[109.7229,-0.965,0.0],[109.7204,-0.9413,3.8184],[109.7205,-0.9134,3.2947],[109.7281,-0.9049,5.5671],[109.7431,-0.9013,0.0],[109.7461,-0.8993,4.527],[109.7445,-0.895,5.8672],[109.7365,-0.8855,0.0],[109.736,-0.8813,4.9355],[109.7391,-0.8764,2.989],[109.7479,-0.8736,10.7719],[109.7484,-0.8721,13.7476],[109.7451,-0.8654,0.0],[109.7395,-0.8624,0.0],[109.7361,-0.8638,0.0],[109.7279,-0.8734,3.6824],[109.7225,-0.8739,0.0],[109.7182,-0.8723,0.0],[109.7137,-0.8671,11.3786],[109.7132,-0.8636,7.2915],[109.7184,-0.8508,0.0],[109.711,-0.8319,5.737],[109.6927,-0.8276,0.0],[109.683,-0.8327,0.0],[109.6767,-0.832,1.1498],[109.663,-0.8202,0.0],[109.66,-0.811,0.0],[109.6534,-0.8095,0.0],[109.6414,-0.8035,3.529],[109.6342,-0.8026,0.0],[109.6316,-0.8038,4.943],[109.6227,-0.8003,4.9695],[109.6186,-0.7976,0.7429],[109.6145,-0.7889,1.5561],[109.6114,-0.789,1.6994],[109.5991,-0.7829,0.975],[109.594,-0.7738,3.1957],[109.5831,-0.7738,0.0],[109.5612,-0.7633,1.2601],[109.5571,-0.757,2.0565],[109.5588,-0.7493,0.0],[109.5528,-0.7435,0.0],[109.5498,-0.7465,1.8831],[109.5462,-0.7475,0.0],[109.5412,-0.7457,0.0],[109.5347,-0.7384,3.3722],[109.5094,-0.7394,0.0],[109.5035,-0.7419,0.0],[109.5044,-0.7453,15.181],[109.4903,-0.7493,0.0],[109.4784,-0.7505,0.0],[109.4724,-0.7538,4.0246],[109.4665,-0.7544,2.0613],[109.4615,-0.751,0.0],[109.4541,-0.7493,1.8058],[109.4466,-0.7437,0.0],[109.4454,-0.7443,10.0065],[109.4459,-0.7432,10.0065],[109.4301,-0.7292,0.0],[109.4035,-0.7104,0.0],[109.3917,-0.7063,6.0111],[109.3871,-0.7084,7.0236],[109.3739,-0.7102,1.5881],[109.3688,-0.714,0.0],[109.3633,-0.7129,0.0],[109.3565,-0.7139,1.4324],[109.3551,-0.7124,0.0],[109.3498,-0.7123,0.0],[109.3486,-0.711,0.0],[109.3473,-0.712,2.6928],[109.3445,-0.7099,3.3708],[109.3379,-0.7101,4.6103],[109.3245,-0.7055,1.8715],[109.3097,-0.703,13.4082],[109.2884,-0.6913,2.6722],[109.2793,-0.6817,1.9924],[109.2764,-0.6776,0.0],[109.2766,-0.675,0.0],[109.2749,-0.676,4.1362],[109.2656,-0.665,1.869],[109.2492,-0.6606,0.0],[109.2458,-0.6665,1.9802],[109.2424,-0.6942,4.7298],[109.2425,-0.7536,7.9508],[109.2377,-0.8017,1.7333],[109.2405,-0.8174,2.5308],[109.2471,-0.8344,7.0433],[109.2547,-0.8469,4.9643],[109.275,-0.873,0.0]]],
[[[108.7096,0.7861,0.0],[108.711,0.8,0.0],[108.7096,0.8019,0.0],[108.7005,0.8043,0.0],[108.6914,0.7987,0.0],[108.6949,0.7756,0.0],[108.7024,0.7661,10.5354],[108.7061,0.7582,0.0],[108.7066,0.7463,4.7006],[108.709,0.7391,0.0],[108.7145,0.7318,0.0],[108.7273,0.7321,27.9817],[108.7282,0.7495,0.0],[108.7272,0.7524,0.0],[108.7164,0.7605,0.0],[108.7154,0.7653,1.4592],[108.7066,0.7781,1.6921],[108.7096,0.7861,0.0]]],
[[[108.792,0.832,0.0],[108.7943,0.8365,0.0],[108.7912,0.8403,21.1558],[108.778,0.8388,2.4796],[108.7759,0.8346,61.6386],[108.7759,0.8331,124.8455],[108.7783,0.8321,167.8222],[108.7758,0.8307,88.1414],[108.7765,0.8226,28.8894],[108.7818,0.8213,0.6504],[108.7866,0.8231,0.0],[108.792,0.832,0.0]]],
[[[108.7631,0.7345,44.4036],[108.7683,0.7292,29.1332],[108.772,0.7328,0.0],[108.7714,0.7381,0.0],[108.7673,0.7482,0.0],[108.7668,0.7616,23.0664],[108.7654,0.7637,5.949],[108.7624,0.7644,5.1573],[108.7588,0.761,0.0],[108.7585,0.7587,0.0],[108.7591,0.7443,8.7421],[108.7631,0.7345,44.4036]]],
[[[108.7957,0.7521,0.0],[108.7902,0.7539,0.0],[108.7883,0.7562,0.0],[108.7868,0.7521,0.0],[108.7886,0.7516,42.2361],[108.7859,0.7493,37.3638],[108.7873,0.748,59.124],[108.786,0.7445,18.9925],[108.789,0.7442,0.0],[108.792,0.7475,10.0424],[108.7942,0.7464,0.0],[108.7934,0.7489,62.9897],[108.796,0.7488,0.0],[108.7957,0.7521,0.0]]],
[[[109.1352,-0.2035,6.583],[109.1254,-0.2018,5.6068],[109.1128,-0.2028,0.0],[109.1033,-0.2069,8.4172],[109.1016,-0.2058,0.0],[109.0988,-0.2066,3.1693],[109.0963,-0.2095,0.0],[109.0894,-0.2076,0.0],[109.0776,-0.2177,2.8775],[109.0721,-0.2204,6.5975],[109.0649,-0.2206,4.5863],[109.0607,-0.2172,4.5864],[109.0612,-0.2151,6.5451],[109.0584,-0.2154,2.2941],[109.0526,-0.2493,0.0],[109.0527,-0.2581,0.0],[109.0553,-0.2699,0.0],[109.0583,-0.278,0.0],[109.0691,-0.2961,0.0],[109.0807,-0.309,3.289],[109.0944,-0.3293,2.8764],[109.0989,-0.3293,2.2833],[109.1018,-0.3272,4.7106],[109.101,-0.3236,0.8056],[109.0995,-0.3243,3.5405],[109.1014,-0.3173,0.0],[109.0982,-0.305,2.0628],[109.0884,-0.2956,1.7467],[109.0837,-0.2885,4.5773],[109.0836,-0.2696,1.4523],[109.0883,-0.2684,0.0],[109.0927,-0.2651,1.5121],[109.1106,-0.2607,6.4848],[109.1176,-0.2568,0.0],[109.1231,-0.2515,6.7576],[109.1325,-0.2358,10.7307],[109.153,-0.2336,3.2843],[109.1627,-0.2295,5.9123],[109.1727,-0.231,2.8783],[109.1768,-0.2248,2.8296],[109.1869,-0.223,2.2248],[109.1933,-0.2187,0.0],[109.1888,-0.2131,4.6787],[109.1782,-0.2072,1.2732],[109.1722,-0.2064,3.5836],[109.1598,-0.2108,0.0],[109.1424,-0.2042,0.0],[109.1352,-0.2035,6.583]]],
[[[109.0688,-0.1953,5.5963],[109.0742,-0.1949,0.0],[109.0694,-0.1904,2.7076],[109.0654,-0.1947,1.1129],[109.0688,-0.1953,5.5963]]],
[[[109.0858,-0.1695,0.0],[109.0812,-0.1663,1.6013],[109.0794,-0.1681,0.0],[109.0815,-0.1703,0.7292],[109.0858,-0.1695,0.0]]],
[[[109.1191,-0.1121,9.7594],[109.12,-0.116,10.0074],[109.122,-0.1163,1.6576],[109.1256,-0.1094,3.2681],[109.1233,-0.103,3.4306],[109.1185,-0.108,5.8978],[109.1191,-0.1121,9.7594]]],
[[[109.1759,-0.0967,5.9829],[109.1757,-0.0883,4.2094],[109.1705,-0.088,7.6187],[109.1703,-0.0934,0.0],[109.1748,-0.1032,5.6104],[109.1761,-0.1026,8.6415],[109.1759,-0.0967,5.9829]]],
[[[109.1152,-0.1704,2.0787],[109.1081,-0.1678,0.0],[109.103,-0.1684,7.9323],[109.1024,-0.1705,10.7252],[109.0994,-0.1692,1.8775],[109.1003,-0.1724,0.0],[109.0927,-0.1801,9.9171],[109.088,-0.181,0.0],[109.086,-0.1843,0.0],[109.0879,-0.1904,0.0],[109.0993,-0.1952,1.2518],[109.1175,-0.1978,11.1612],[109.1324,-0.1968,2.3146],[109.1326,-0.1949,7.8431],[109.1592,-0.2079,11.07],[109.1634,-0.2075,2.1659],[109.1732,-0.2014,0.0],[109.17,-0.1959,6.3845],[109.1619,-0.1889,7.4235],[109.1424,-0.1822,4.205],[109.1331,-0.177,6.306],[109.127,-0.1762,5.7939],[109.1152,-0.1704,2.0787]]],
[[[109.0929,-0.1705,3.4099],[109.0829,-0.1709,6.0142],[109.0823,-0.1737,4.0789],[109.0898,-0.1729,15.2073],[109.09,-0.1748,2.5755],[109.0928,-0.1747,0.0],[109.0945,-0.1722,0.9133],[109.0929,-0.1705,3.4099]]],
[[[109.1338,-0.1486,4.7063],[109.1305,-0.1459,0.8432],[109.1274,-0.1472,9.8679],[109.1254,-0.1621,6.5754],[109.1266,-0.1671,0.0],[109.1422,-0.1796,0.0],[109.1607,-0.1853,2.0973],[109.1597,-0.1783,9.1942],[109.148,-0.1683,0.0],[109.1379,-0.1521,0.0],[109.1338,-0.1486,4.7063]]],
[[[109.1245,-0.1443,9.3916],[109.1222,-0.1393,0.0],[109.1141,-0.13,9.0074],[109.1164,-0.1235,11.3531],[109.1146,-0.1193,2.4721],[109.1101,-0.118,3.7702],[109.1027,-0.1216,5.3076],[109.0969,-0.128,2.4953],[109.0939,-0.1404,4.1167],[109.0892,-0.1509,0.0],[109.0919,-0.1522,0.0],[109.0974,-0.1512,1.5764],[109.1047,-0.1592,2.2885],[109.1062,-0.1581,2.2885],[109.111,-0.1611,4.36],[109.1138,-0.1658,8.9874],[109.1191,-0.1682,5.7746],[109.1235,-0.1682,2.5374],[109.1256,-0.1541,5.5169],[109.1245,-0.1443,9.3916]]],
[[[109.1734,-0.108,2.5683],[109.1742,-0.1063,2.6478],[109.1714,-0.1042,2.9873],[109.1702,-0.0988,8.4429],[109.1659,-0.092,5.9673],[109.1676,-0.0795,3.6786],[109.1643,-0.0677,2.399],[109.1648,-0.0618,0.0],[109.1637,-0.0592,0.0],[109.1612,-0.0581,0.408],[109.136,-0.0845,1.8053],[109.1251,-0.104,3.4306],[109.1285,-0.1106,11.416],[109.1284,-0.1128,6.5962],[109.1247,-0.1141,3.7105],[109.1247,-0.1168,1.6737],[109.1287,-0.1173,9.3014],[109.1286,-0.1272,7.129],[109.1311,-0.1333,6.2444],[109.1283,-0.1333,12.0033],[109.1311,-0.1364,1.5284],[109.1318,-0.1405,7.3796],[109.1395,-0.1494,5.3618],[109.1425,-0.1507,6.8457],[109.1408,-0.1526,0.0],[109.1433,-0.1591,1.5334],[109.1497,-0.1679,1.9848],[109.1604,-0.1765,1.7627],[109.1636,-0.1862,11.0242],[109.1766,-0.1943,6.6787],[109.1818,-0.1786,0.0],[109.1814,-0.1616,0.0],[109.1869,-0.1375,9.4214],[109.1848,-0.1272,7.3934],[109.1734,-0.108,2.5683]]],
[[[109.2441,0.0228,3.0064],[109.2473,0.018,1.0606],[109.2534,0.0163,0.0],[109.248,0.023,4.0824],[109.244,0.0244,1.0406],[109.2441,0.0228,3.0064]]],
[[[109.2289,0.0303,4.4913],[109.2302,0.0292,5.728],[109.232,0.0285,5.2182],[109.2279,0.0317,2.0088],[109.2289,0.0303,4.4913]]],
[[[109.2388,0.0216,1.1029],[109.2437,0.0198,1.1156],[109.2407,0.0258,0.0],[109.2321,0.0295,5.728],[109.2326,0.0278,5.8112],[109.2388,0.0216,1.1029]]],
[[[109.2064,0.0445,0.6418],[109.1962,0.0487,6.6101],[109.1946,0.0474,5.5826],[109.1905,0.0513,2.5927],[109.1918,0.0477,10.46],[109.2003,0.0398,4.482],[109.1926,0.0454,6.3666],[109.1903,0.0461,4.8296],[109.1892,0.0449,7.4831],[109.1802,0.0478,6.3113],[109.178,0.0454,0.0],[109.1788,0.0363,12.8025],[109.2111,0.0245,4.9774],[109.2183,0.0198,3.5198],[109.239,0.0189,3.1357],[109.2349,0.0252,1.0944],[109.2206,0.0368,4.6881],[109.2064,0.0445,0.6418]]],
[[[108.8591,0.5015,8.9189],[108.8577,0.5051,7.709],[108.8606,0.5131,11.0881],[108.8595,0.516,62.4019],[108.8574,0.5168,34.9447],[108.8576,0.5116,6.1243],[108.8557,0.5108,6.1243],[108.8501,0.5138,9.8484],[108.8518,0.5112,3.0363],[108.8507,0.5064,7.6269],[108.8481,0.5041,36.0951],[108.8396,0.5048,57.059],[108.8389,0.503,0.0],[108.8408,0.5011,34.8045],[108.8382,0.4994,50.2851],[108.8397,0.4951,0.0],[108.8433,0.4933,0.0],[108.8472,0.4936,0.0],[108.8492,0.4896,0.0],[108.8544,0.4869,2.983],[108.8575,0.481,0.0],[108.8584,0.4752,0.0],[108.8628,0.481,15.264099999999999],[108.8639,0.4871,0.0],[108.8619,0.4905,1.4804],[108.8622,0.4963,4.8476],[108.8591,0.5015,8.9189]]],
[[[108.8661,0.7078,0.0],[108.863,0.7141,0.0],[108.8608,0.7149,6.695],[108.8606,0.7067,23.9156],[108.866,0.7031,0.0],[108.8672,0.7057,0.0],[108.8661,0.7078,0.0]]],
[[[110.225,-3.0414,0.0],[110.2255,-3.0409,0.6005],[110.2245,-3.0386,0.0],[110.2243,-3.0416,0.0],[110.225,-3.0414,0.0]]],
[[[110.0918,-2.88,1.5264],[110.0924,-2.8779,0.0],[110.0909,-2.8764,0.0],[110.089,-2.878,12.8554],[110.0892,-2.8815,2.014],[110.0918,-2.88,1.5264]]],
[[[110.0797,-2.8417,1.3203],[110.0789,-2.8422,1.3203],[110.0792,-2.8432,1.104],[110.0798,-2.8428,1.3203],[110.0797,-2.8417,1.3203]]],
[[[110.0834,-2.8357,10.2188],[110.085,-2.8358,0.0],[110.0855,-2.8321,1.338],[110.0829,-2.8285,0.0],[110.0815,-2.83,0.0],[110.0834,-2.8357,10.2188]]],
[[[110.0923,-2.8932,3.9247],[110.092,-2.8941,3.9247],[110.093,-2.8953,0.0],[110.0937,-2.8936,0.0],[110.0923,-2.8932,3.9247]]],
[[[110.092,-2.8907,0.0],[110.092,-2.892,2.4281],[110.093,-2.8926,0.0],[110.0929,-2.8913,0.0],[110.092,-2.8907,0.0]]],
[[[110.175,-2.8551,1.5476],[110.1731,-2.853,1.3592],[110.1691,-2.8521,0.0],[110.1611,-2.8548,6.9931],[110.1591,-2.8571,3.7581],[110.1613,-2.8652,8.0355],[110.155,-2.8789,1.0911],[110.1515,-2.8825,0.0],[110.1412,-2.8849,1.042],[110.1315,-2.8906,3.4646],[110.1337,-2.898,2.672],[110.1361,-2.9006,7.5024],[110.139,-2.9003,9.9286],[110.1406,-2.903,0.0],[110.1452,-2.898,0.0],[110.1472,-2.8989,8.1997],[110.1475,-2.9027,0.0],[110.1521,-2.899,11.1884],[110.1548,-2.9001,8.8397],[110.1569,-2.9027,11.463],[110.1561,-2.905,0.0],[110.1595,-2.9054,3.5467],[110.1598,-2.9108,0.0],[110.1619,-2.9144,1.4553],[110.1631,-2.9121,6.5789],[110.1665,-2.9115,4.4265],[110.1723,-2.9144,13.0247],[110.1838,-2.9086,2.8263],[110.189,-2.9092,7.7364],[110.1923,-2.9122,3.6969],[110.1948,-2.9094,0.0],[110.1918,-2.9065,0.0],[110.1919,-2.903,0.7905],[110.1949,-2.898,4.4463],[110.2005,-2.8931,0.8496],[110.2,-2.8881,0.0],[110.2018,-2.8827,0.0],[110.1793,-2.8621,0.0],[110.175,-2.8551,1.5476]]],
[[[110.1146,-2.6769,5.8643],[110.1117,-2.672,0.0],[110.1067,-2.6743,0.0],[110.1029,-2.6727,0.0],[110.0978,-2.6743,0.0],[110.0902,-2.6921,0.0],[110.0864,-2.6953,8.9585],[110.0808,-2.693,3.3308],[110.0748,-2.7005,0.8125],[110.0743,-2.7044,9.5327],[110.0725,-2.7054,0.0],[110.0738,-2.7085,0.0],[110.0714,-2.7178,0.0],[110.0682,-2.722,0.0],[110.0666,-2.731,4.5954],[110.0636,-2.7331,4.2674],[110.0611,-2.7326,0.0],[110.0593,-2.7362,0.0],[110.0527,-2.7407,0.0],[110.0445,-2.7431,5.5724],[110.0432,-2.7444,5.5724],[110.0444,-2.7482,0.0],[110.0551,-2.7473,14.4213],[110.0612,-2.7524,7.6864],[110.0691,-2.7529,10.4499],[110.0747,-2.7578,14.0172],[110.0837,-2.7607,12.1948],[110.0919,-2.7572,6.2744],[110.0961,-2.7591,9.9801],[110.1002,-2.7576,12.3351],[110.1034,-2.7586,0.0],[110.1056,-2.7531,2.0995],[110.1146,-2.7519,4.1864],[110.1156,-2.7495,13.3234],[110.1201,-2.7498,0.0],[110.1223,-2.7481,1.1388],[110.1214,-2.7455,3.1426],[110.1293,-2.7416,1.0078],[110.124,-2.7384,4.4104],[110.1257,-2.735,0.0],[110.1245,-2.7307,8.4893],[110.1268,-2.7286,0.0],[110.1239,-2.7275,0.874],[110.1207,-2.7215,4.307],[110.1167,-2.7206,8.5963],[110.1157,-2.7188,5.4443],[110.1163,-2.7162,10.4586],[110.1203,-2.7162,8.9721],[110.1227,-2.7125,8.5579],[110.1227,-2.7106,2.1978],[110.1191,-2.7076,0.0],[110.1201,-2.7062,0.0],[110.1183,-2.7019,0.9534],[110.124,-2.6977,8.7343],[110.1281,-2.7029,0.0],[110.1289,-2.7005,0.0],[110.1269,-2.6953,3.1154],[110.1284,-2.6943,0.0],[110.1197,-2.6862,0.0],[110.122,-2.6809,1.0916],[110.1211,-2.6779,0.0],[110.1146,-2.6769,5.8643]]],
[[[110.1209,-2.6706,1.7943],[110.1176,-2.6695,0.0],[110.1189,-2.6728,8.6142],[110.1209,-2.6723,6.256],[110.1209,-2.6706,1.7943]]],
[[[110.1134,-2.6697,2.1998],[110.1127,-2.6703,0.0],[110.114,-2.671,2.1998],[110.1139,-2.67,2.1998],[110.1134,-2.6697,2.1998]]],
[[[110.099,-2.669,0.0],[110.0982,-2.6695,0.0],[110.0991,-2.67,0.0],[110.0994,-2.6694,0.0],[110.099,-2.669,0.0]]],
[[[110.1186,-2.6652,8.5231],[110.1184,-2.6662,8.5231],[110.1204,-2.6671,1.733],[110.1198,-2.6655,0.0],[110.1186,-2.6652,8.5231]]],
[[[110.1293,-2.6278,0.0],[110.1274,-2.6265,0.0],[110.1222,-2.628,3.3902],[110.1159,-2.6329,1.6906],[110.1203,-2.6343,15.7784],[110.1206,-2.6376,4.7617],[110.123,-2.6385,0.6767],[110.1293,-2.6278,0.0]]],
[[[110.1508,-2.6291,7.8568],[110.1511,-2.6268,9.351],[110.1488,-2.6268,6.2872],[110.1481,-2.6303,18.9932],[110.151,-2.6328,12.1211],[110.1506,-2.6366,9.567],[110.1534,-2.638,0.0],[110.1542,-2.6361,0.0],[110.1508,-2.6291,7.8568]]],
[[[110.1445,-2.6248,0.0],[110.1441,-2.6268,0.0],[110.1447,-2.6277,0.0],[110.1456,-2.6242,0.0],[110.1445,-2.6248,0.0]]],
[[[110.0653,-2.3737,5.5311],[110.0602,-2.3727,0.0],[110.0584,-2.3769,5.6742],[110.0702,-2.3788,0.0],[110.0707,-2.3744,0.0],[110.0653,-2.3737,5.5311]]],
[[[110.0711,-2.3699,3.0632],[110.0703,-2.3705,3.0632],[110.0715,-2.3727,2.1104],[110.0729,-2.3706,3.3337],[110.0711,-2.3699,3.0632]]],
[[[109.9889,-2.2578,0.0],[109.9901,-2.2593,0.0],[109.9916,-2.2595,0.0],[109.9885,-2.2556,0.0],[109.9889,-2.2578,0.0]]],
[[[109.9906,-2.2549,0.0],[109.99,-2.2548,0.0],[109.9897,-2.2549,0.0],[109.99,-2.2555,0.0],[109.9906,-2.2549,0.0]]],
[[[110.0842,-2.1711,0.0],[110.082,-2.1684,0.0],[110.0811,-2.1689,0.0],[110.0839,-2.1732,0.0],[110.0842,-2.1711,0.0]]],
[[[110.0783,-2.1689,1.5366],[110.0793,-2.1702,0.0],[110.0806,-2.1684,0.0],[110.0793,-2.1663,0.0],[110.078,-2.1681,1.5366],[110.0783,-2.1689,1.5366]]],
[[[109.92,-1.8223,7.1823],[109.9225,-1.8216,2.9769],[109.9203,-1.8191,0.0],[109.9176,-1.8189,0.0],[109.9173,-1.8204,0.0],[109.92,-1.8223,7.1823]]],
[[[109.9227,-1.819,0.0],[109.9236,-1.8201,0.0],[109.924,-1.8202,7.2804],[109.9225,-1.8186,0.0],[109.9227,-1.819,0.0]]],
[[[109.938,-1.7737,3.1067],[109.9389,-1.7737,0.8298],[109.9389,-1.7733,0.8298],[109.9375,-1.7729,2.8922],[109.938,-1.7737,3.1067]]],
[[[109.935,-1.7717,7.1094],[109.9361,-1.7726,2.8922],[109.9381,-1.7722,0.0],[109.9364,-1.7709,0.0],[109.935,-1.7717,7.1094]]],
[[[109.9348,-1.7704,3.9564],[109.9355,-1.7708,3.9564],[109.9361,-1.7702,0.0],[109.9352,-1.7694,0.0],[109.9348,-1.7704,3.9564]]],
[[[109.9314,-1.7642,3.1173],[109.9286,-1.7635,1.9238],[109.9296,-1.7652,3.2921],[109.9327,-1.7655,2.7393],[109.9314,-1.7642,3.1173]]],
[[[109.9294,-1.7629,0.0],[109.93,-1.7633,3.1173],[109.9302,-1.7628,0.0],[109.93,-1.7626,0.0],[109.9294,-1.7629,0.0]]],
[[[109.3331,-1.7422,0.0012],[109.3339,-1.7432,0.0],[109.3336,-1.7378,0.0],[109.3331,-1.739,-0.1746],[109.3331,-1.7422,0.0012]]],
[[[109.2968,-1.7268,1.9655],[109.2958,-1.7278,0.0],[109.2964,-1.7301,5.2343],[109.2975,-1.7298,5.2343],[109.2968,-1.7268,1.9655]]],
[[[109.2935,-1.7147,0.0],[109.2939,-1.7153,0.0],[109.2974,-1.7139,1.0228],[109.2956,-1.7133,5.4361],[109.2935,-1.7147,0.0]]],
[[[108.7726,-1.7012,0.0],[108.7677,-1.7,0.0],[108.7554,-1.702,6.6079],[108.7483,-1.7001,6.8508],[108.7371,-1.701,0.0],[108.7263,-1.7036,31.2856],[108.7249,-1.7066,100.4288],[108.7203,-1.7088,4.2353],[108.7156,-1.7029,0.0],[108.7123,-1.7071,12.4657],[108.704,-1.7044,0.0],[108.7009,-1.7083,10.9148],[108.6996,-1.7059,0.0],[108.694,-1.7104,1.8906],[108.6918,-1.7096,3.2276],[108.6892,-1.7033,0.0],[108.6854,-1.7029,0.0],[108.6805,-1.7062,1.7077],[108.6839,-1.7093,8.3442],[108.6842,-1.7141,0.0],[108.6807,-1.7162,0.0],[108.6811,-1.7177,1.5765],[108.6789,-1.7174,0.0],[108.6778,-1.7189,5.0471],[108.681,-1.7227,42.3718],[108.6961,-1.7216,4.2788],[108.6984,-1.7243,9.8155],[108.7095,-1.7243,16.8268],[108.7181,-1.7272,9.6967],[108.7312,-1.7257,10.3255],[108.7375,-1.7216,2.9918],[108.7412,-1.7219,0.0],[108.7517,-1.7177,17.9725],[108.7743,-1.7169,2.8005],[108.7873,-1.7109,21.7055],[108.7877,-1.7072,16.2988],[108.7839,-1.7033,0.0],[108.7726,-1.7012,0.0]]],
[[[108.7636,-1.6238,4.3705],[108.7608,-1.6236,3.8207],[108.7627,-1.6248,8.3361],[108.7643,-1.6245,4.3705],[108.7636,-1.6238,4.3705]]],
[[[108.7878,-1.6136,0.0],[108.7877,-1.6118,4.0583],[108.7859,-1.6118,4.0583],[108.783,-1.6139,0.0],[108.7832,-1.6153,0.0],[108.7855,-1.6165,4.7626],[108.7878,-1.6136,0.0]]],
[[[109.1567,-1.5985,0.0],[109.1533,-1.5976,0.0],[109.1507,-1.5997,0.0],[109.1508,-1.6052,5.5],[109.1567,-1.6035,0.0],[109.1567,-1.5985,0.0]]],
[[[109.0966,-1.696,0.0],[109.0946,-1.695,4.4488],[109.092,-1.6966,7.499],[109.0952,-1.6999,5.7442],[109.097,-1.6984,0.0],[109.0966,-1.696,0.0]]],
[[[109.1136,-1.6965,0.0],[109.1158,-1.6957,0.0],[109.1145,-1.6936,0.0],[109.1113,-1.6944,0.0],[109.1136,-1.6965,0.0]]],
[[[109.3341,-1.5236,8.772],[109.3322,-1.5215,6.8451],[109.3292,-1.522,6.6347],[109.3326,-1.5254,0.8308],[109.3348,-1.5253,12.8919],[109.3341,-1.5236,8.772]]],
[[[109.3457,-1.518,0.0],[109.3435,-1.5169,4.0615],[109.3394,-1.5185,35.6131],[109.3418,-1.5235,10.6149],[109.3462,-1.5187,0.0],[109.3457,-1.518,0.0]]],
[[[109.1895,-1.5935,31.1103],[109.1944,-1.5953,3.7355],[109.1908,-1.5909,0.0],[109.1887,-1.5924,0.0],[109.1895,-1.5935,31.1103]]],
[[[108.7507,-1.5904,0.0],[108.7533,-1.5883,0.0],[108.7529,-1.5841,0.0],[108.7489,-1.5913,4.9071],[108.7504,-1.5917,4.9071],[108.7507,-1.5904,0.0]]],
[[[108.9206,-1.549,0.0],[108.9169,-1.5491,0.0],[108.9114,-1.5448,5.2721],[108.9113,-1.5417,0.0],[108.902,-1.5443,0.0],[108.9002,-1.5401,0.8018],[108.9016,-1.5368,0.0],[108.8974,-1.5338,0.0],[108.8922,-1.536,0.0],[108.893,-1.5491,41.7787],[108.8757,-1.5648,0.0],[108.8681,-1.5594,0.0],[108.8639,-1.5623,50.1473],[108.858,-1.5721,13.7394],[108.8545,-1.571,0.0],[108.8552,-1.5635,0.0],[108.8524,-1.5639,0.0],[108.846,-1.5697,40.7628],[108.8433,-1.5685,1.051],[108.8426,-1.5636,3.4863],[108.8388,-1.5622,5.431],[108.8388,-1.5604,16.7523],[108.8409,-1.5599,5.558],[108.8392,-1.5548,0.0],[108.835,-1.553,27.0255],[108.8293,-1.5558,7.336],[108.8314,-1.5581,37.8809],[108.8308,-1.5604,9.2639],[108.8251,-1.562,12.9322],[108.8249,-1.5674,48.5972],[108.8203,-1.5704,10.764],[108.8132,-1.5676,0.0],[108.8002,-1.5719,12.4291],[108.7918,-1.5781,0.0],[108.7902,-1.5819,38.2712],[108.7966,-1.5845,10.0296],[108.7986,-1.5836,0.0],[108.7993,-1.5807,31.0284],[108.8028,-1.5792,36.9952],[108.8034,-1.5817,2.7913],[108.8047,-1.5799,11.056],[108.8078,-1.5808,14.01],[108.8067,-1.5838,20.4159],[108.8094,-1.5858,8.8153],[108.8024,-1.5908,44.9361],[108.7974,-1.5916,7.731],[108.7983,-1.5931,12.2329],[108.8169,-1.5913,0.0],[108.8216,-1.5894,0.0],[108.8247,-1.5857,1.6811],[108.8287,-1.5847,0.5],[108.8402,-1.5859,1.0],[108.8399,-1.5875,2.1692],[108.8319,-1.5871,4.5979],[108.8289,-1.5895,14.1329],[108.8336,-1.6026,5.3635],[108.8293,-1.6081,10.8954],[108.836,-1.6235,2.0194],[108.8389,-1.6243,10.8063],[108.8411,-1.628,0.0],[108.8399,-1.6327,7.9921],[108.8376,-1.6356,11.3295],[108.8344,-1.6348,3.0471],[108.8294,-1.6369,3.3825],[108.8294,-1.6417,10.5589],[108.822,-1.645,7.848],[108.8186,-1.6491,0.0],[108.8192,-1.6502,5.8667],[108.8232,-1.6491,19.0918],[108.8278,-1.6502,2.6539],[108.83,-1.6639,9.9689],[108.8335,-1.6676,49.9556],[108.8373,-1.6671,26.4187],[108.8523,-1.6714,2.5812],[108.8585,-1.676,52.7794],[108.8662,-1.6766,0.533],[108.8723,-1.6731,4.1829],[108.8775,-1.6744,22.5663],[108.8829,-1.6719,0.0],[108.8838,-1.6698,1.9315],[108.8919,-1.6683,3.4667],[108.8961,-1.6648,7.8261],[108.8981,-1.6606,25.2418],[108.9073,-1.6603,0.0],[108.9103,-1.6585,2.9936],[108.9136,-1.6602,0.0],[108.9166,-1.6588,2.7512],[108.9222,-1.6601,0.0],[108.9454,-1.6418,1.0518],[108.9601,-1.6346,0.0],[108.9618,-1.6302,2.6587],[108.9663,-1.6295,6.3469],[108.9696,-1.6267,0.0],[108.9729,-1.6168,6.7328],[108.9751,-1.6156,0.0],[108.9834,-1.6009,0.0],[108.9731,-1.5935,0.0],[108.9719,-1.5878,0.0],[108.9595,-1.5797,3.7352],[108.9532,-1.5734,0.0],[108.954,-1.5664,3.2991],[108.9429,-1.5582,0.0],[108.9406,-1.5545,22.6169],[108.9411,-1.5513,8.9613],[108.9383,-1.5512,0.0],[108.9387,-1.5491,0.0],[108.9206,-1.549,0.0]]],
[[[108.7621,-1.5868,0.0],[108.7614,-1.5872,0.0],[108.7624,-1.5876999999999999,0.0],[108.7626,-1.5871,0.0],[108.7621,-1.5868,0.0]]],
[[[109.2035,-1.5867,7.2463],[109.201,-1.586,0.0],[109.2066,-1.5876999999999999,0.0],[109.2064,-1.5872,0.0],[109.2035,-1.5867,7.2463]]],
[[[108.7414,-1.578,0.0],[108.7378,-1.5703,14.7513],[108.7345,-1.5684,3.099],[108.7307,-1.5697,7.4315],[108.731,-1.5754,5.4982],[108.7391,-1.5791,15.4853],[108.7414,-1.578,0.0]]],
[[[108.7771,-1.5792,0.0],[108.7767,-1.5749,3.1875],[108.7655,-1.5762,0.0],[108.7635,-1.5806,22.7372],[108.7636,-1.5912,40.8034],[108.7675,-1.5914,0.0],[108.777,-1.587,3.3529],[108.7783,-1.5835,0.0],[108.7768,-1.5826,0.0],[108.7771,-1.5792,0.0]]],
[[[109.1587,-1.5742,0.0],[109.1587,-1.5751,1.7542],[109.1596,-1.5752,1.7542],[109.1596,-1.5743,0.0],[109.1587,-1.5742,0.0]]],
[[[108.7839,-1.5786,0.0],[108.7841,-1.5798,0.0],[108.7846,-1.5797,0.0],[108.7848,-1.5791,0.0],[108.7839,-1.5786,0.0]]],
[[[109.1555,-1.5761,0.0],[109.1549,-1.5767,2.2934],[109.1551,-1.5771,2.2934],[109.1561,-1.577,0.0],[109.1555,-1.5761,0.0]]],
[[[108.7814,-1.566,0.0],[108.7814,-1.567,0.0],[108.7826,-1.5664,1.1422],[108.7822,-1.5655,0.0],[108.7814,-1.566,0.0]]],
[[[108.7818,-1.5593,5.7276],[108.7824,-1.5578,0.0],[108.7805,-1.5579,0.0],[108.7805,-1.5585,2.0159],[108.7818,-1.5593,5.7276]]],
[[[108.826,-1.5574,25.8064],[108.8277,-1.5565,7.8347],[108.8258,-1.5533,14.2363],[108.825,-1.5544,14.2363],[108.826,-1.5574,25.8064]]],
[[[108.7524,-1.5525,0.0],[108.7519,-1.5529,0.0],[108.7522,-1.554,6.083],[108.7528,-1.5535,0.0],[108.7524,-1.5525,0.0]]],
[[[108.8066,-1.5597,0.0],[108.8082,-1.5584,26.9903],[108.8064,-1.5559,0.0],[108.8023,-1.5586,73.1535],[108.7972,-1.5582,18.2251],[108.7965,-1.5599,26.9219],[108.804,-1.5603,25.786],[108.8066,-1.5629,0.0],[108.8066,-1.5597,0.0]]],
[[[108.7778,-1.5545,0.0],[108.773,-1.5536,5.95],[108.7701,-1.5571,2.8641],[108.7783,-1.5578,1.7399],[108.7778,-1.5545,0.0]]],
[[[109.0444,-1.4801,9.3655],[109.0455,-1.4768,0.0],[109.0433,-1.4733,0.0],[109.0395,-1.4786,74.514],[109.0412,-1.4829,82.0691],[109.0402,-1.4855,47.0967],[109.0416,-1.4875,23.683],[109.0445,-1.4875,20.4296],[109.0443,-1.4948,2.3564],[109.0464,-1.4956,69.2794],[109.0491,-1.4937,12.8044],[109.0518,-1.4949,33.4439],[109.0534,-1.5004,2.2335],[109.055,-1.4926,37.5189],[109.057,-1.4912,0.0],[109.0559,-1.4881,0.0],[109.0569,-1.4844,0.0],[109.0516,-1.4882,113.2837],[109.051,-1.4861,212.6005],[109.0545,-1.4826,40.2721],[109.054,-1.4789,0.0],[109.0512,-1.4782,37.6282],[109.045,-1.484,44.7421],[109.0444,-1.4801,9.3655]]],
[[[109.3781,-1.4796,0.0],[109.3784,-1.4802,1.242],[109.3796,-1.4801,1.242],[109.3792,-1.4793,0.0],[109.3781,-1.4796,0.0]]],
[[[109.3533,-1.5007,6.3465],[109.3522,-1.4996,6.3465],[109.3501,-1.5008,5.7399],[109.3511,-1.5019,5.9572],[109.3533,-1.5007,6.3465]]],
[[[109.3893,-1.4909,0.0],[109.3874,-1.4857,0.0],[109.3827,-1.4887,38.5902],[109.3816,-1.4925,38.5336],[109.3833,-1.4949,37.5645],[109.3768,-1.5009,7.288],[109.379,-1.5023,21.8587],[109.3807,-1.5014,4.4989],[109.3803,-1.5046,0.0],[109.3839,-1.5035,8.6451],[109.3827,-1.4991,4.939],[109.3871,-1.4955,8.9324],[109.3869,-1.4933,5.6492],[109.3893,-1.4909,0.0]]],
[[[110.0529,-1.4328,0.0],[110.0493,-1.4327,0.0],[110.0482,-1.43,2.4844],[110.0474,-1.4354,54.4909],[110.0498,-1.4381,0.0],[110.054,-1.4347,2.5355],[110.0529,-1.4328,0.0]]],
[[[110.0245,-1.4367,0.0],[110.0241,-1.4359,0.0],[110.0228,-1.4355,0.0],[110.024,-1.437,5.3747],[110.0245,-1.4367,0.0]]],
[[[110.0161,-1.4286,2.3555],[110.0135,-1.4266,4.4271],[110.0135,-1.4306,37.5696],[110.017,-1.4361,53.9297],[110.0191,-1.4362,26.936],[110.0209,-1.4341,0.0],[110.0184,-1.4321,0.0],[110.0182,-1.4294,6.6055],[110.0161,-1.4286,2.3555]]],
[[[109.3842,-1.4778,0.0],[109.3828,-1.4771,0.0],[109.382,-1.4778,0.0],[109.3833,-1.4791,11.9824],[109.3842,-1.4778,0.0]]],
[[[109.2202,-1.4092,0.0],[109.2179,-1.4086,5.7396],[109.2174,-1.4111,6.0542],[109.2236,-1.4129,27.0809],[109.2249,-1.4116,0.0],[109.2239,-1.4102,4.7135],[109.2202,-1.4092,0.0]]],
[[[109.8867,-1.3681,1.9899],[109.8885,-1.3663,20.2621],[109.8884,-1.3657,0.0],[109.886,-1.3671,0.0],[109.8867,-1.3681,1.9899]]],
[[[109.9025,-1.3445,6.3685],[109.9004,-1.3427,0.0],[109.8968,-1.3506,0.0],[109.9001,-1.3519,0.0],[109.9035,-1.3486,0.0],[109.9055,-1.3462,0.0],[109.9025,-1.3445,6.3685]]],
[[[109.1163,-1.3426,3.4664],[109.1143,-1.3418,5.4422],[109.113,-1.3435,54.61],[109.1163,-1.3467,12.4556],[109.1168,-1.3451,51.2168],[109.1163,-1.3426,3.4664]]],
[[[109.2288,-1.4129,7.9607],[109.2286,-1.4109,0.0],[109.2268,-1.4115,28.3342],[109.2279,-1.4134,7.6726],[109.2288,-1.4129,7.9607]]],
[[[110.0079,-1.426,16.3509],[110.0069,-1.424,0.0],[110.0045,-1.4252,21.4489],[110.0042,-1.4283,40.7929],[110.0065,-1.4293,2.5178],[110.0079,-1.426,16.3509]]],
[[[110.0332,-1.3217,0.0],[110.0338,-1.3228,0.0],[110.0343,-1.3223,0.0],[110.034,-1.3214,0.0],[110.0332,-1.3217,0.0]]],
[[[109.1101,-1.3151,-0.1646],[109.1097,-1.3159,-0.1646],[109.1101,-1.3163,0.0],[109.1106,-1.3157,-0.1646],[109.1101,-1.3151,-0.1646]]],
[[[110.0289,-1.3099,0.0],[110.0285,-1.3114,0.0],[110.0294,-1.3116,0.0],[110.0296,-1.3095,0.7496],[110.0289,-1.3099,0.0]]],
[[[108.8802,-1.2886,0.0],[108.8798,-1.2893,0.0],[108.8803,-1.2897,0.0],[108.881,-1.288,0.0],[108.8802,-1.2886,0.0]]],
[[[108.8898,-1.2837,12.1087],[108.8904,-1.285,2.1053],[108.8906,-1.282,3.0991],[108.8898,-1.2828,3.0991],[108.8898,-1.2837,12.1087]]],
[[[109.1353,-1.2783,63.2722],[109.1314,-1.2765,27.671],[109.1264,-1.2818,4.1336],[109.1262,-1.2858,14.3696],[109.1336,-1.2843,6.9337],[109.1353,-1.2783,63.2722]]],
[[[108.9009,-1.2875,41.6757],[108.9023,-1.2832,3.0759],[108.9012,-1.2856,1.942],[108.8989,-1.2858,3.4471],[108.8993,-1.288,0.0],[108.9009,-1.2875,41.6757]]],
[[[109.1489,-1.2901,4.1464],[109.1462,-1.2892,0.0],[109.1451,-1.2862,0.0],[109.1405,-1.2876,0.0],[109.1403,-1.3156,17.1982],[109.1355,-1.323,85.7628],[109.1369,-1.3248,22.8654],[109.1364,-1.3303,0.0],[109.138,-1.3277,72.717],[109.143,-1.3254,13.5798],[109.1468,-1.3179,43.0028],[109.1518,-1.3131,10.1335],[109.1531,-1.3005,3.2839],[109.158,-1.3017,6.5103],[109.1616,-1.2985,18.3897],[109.1635,-1.2927,0.0],[109.1596,-1.2887,0.0],[109.1604,-1.2899,2.4518],[109.1554,-1.2905,0.0],[109.1543,-1.2939,59.9647],[109.1522,-1.2949,10.5942],[109.15,-1.2935,0.0],[109.1489,-1.2901,4.1464]]],
[[[110.014,-1.3008,8.8035],[110.0149,-1.3004,0.0],[110.0148,-1.2988,0.0],[110.0138,-1.2998,8.8035],[110.014,-1.3008,8.8035]]],
[[[109.3112,-1.2892,0.0],[109.3116,-1.29,0.9302],[109.3124,-1.2892,0.0],[109.3122,-1.2889,0.0],[109.3112,-1.2892,0.0]]],
[[[109.136,-1.2919,0.0],[109.1387,-1.2891,0.0],[109.1344,-1.2872,1.5979],[109.1303,-1.2894,0.0],[109.128,-1.294,29.5805],[109.122,-1.2969,5.9071],[109.1172,-1.3095,88.4374],[109.1139,-1.3091,0.0],[109.1138,-1.3131,9.2387],[109.1183,-1.3135,3.8858],[109.1198,-1.3117,2.1772],[109.1238,-1.3111,27.6709],[109.1266,-1.3048,56.0189],[109.1303,-1.3028,0.0],[109.1323,-1.2977,53.7155],[109.1345,-1.2964,6.0727],[109.1339,-1.2946,11.047],[109.136,-1.2919,0.0]]],
[[[109.1614,-1.266,0.0],[109.1577,-1.2658,0.0],[109.1557,-1.2674,3.568],[109.1527,-1.2719,111.9077],[109.1531,-1.2754,78.4045],[109.156,-1.2774,22.2283],[109.1578,-1.2814,2.7058],[109.1616,-1.2829,65.7193],[109.1641,-1.2903,20.2271],[109.1706,-1.2893,118.8248],[109.1727,-1.2916,84.0806],[109.1718,-1.2955,37.6437],[109.1749,-1.2961,44.2307],[109.1789,-1.2917,0.0],[109.1788,-1.2806,0.0],[109.1705,-1.271,0.0],[109.1614,-1.266,0.0]]],
[[[108.8696,-1.2737,3.6652],[108.8716,-1.2733,13.6519],[108.8716,-1.2719,7.0338],[108.8695,-1.2729,0.0],[108.8696,-1.2737,3.6652]]],
[[[109.1904,-1.2731,3.6409],[109.1933,-1.271,0.0],[109.1922,-1.2694,0.0],[109.1903,-1.2719,16.1822],[109.1871,-1.2708,0.0],[109.1857,-1.2724,4.5083],[109.1879,-1.275,0.0],[109.1904,-1.2731,3.6409]]],
[[[109.9511,-1.2662,0.0],[109.9484,-1.2659,0.0],[109.9496,-1.2691,12.5797],[109.951,-1.2682,0.0],[109.9511,-1.2662,0.0]]],
[[[109.6463,-1.0115,9.0852],[109.6421,-1.0049,7.9488],[109.6404,-0.9915,1.9758],[109.6372,-0.9861,0.0],[109.6133,-0.9857,3.1081],[109.5965,-0.9807,0.0],[109.585,-0.9861,0.0],[109.5807,-0.9913,5.993],[109.5772,-0.9936,4.2963],[109.5719,-0.9945,0.0],[109.5676,-0.999,2.1451],[109.5538,-1.0032,10.0078],[109.5358,-1.0001,3.8998],[109.5316,-0.997,2.001],[109.5289,-0.9988,3.2629],[109.5169,-0.9903,9.054],[109.5134,-0.9896,8.5984],[109.492,-0.973,6.7126],[109.488,-0.9731,5.7001],[109.4801,-0.9926,4.5646],[109.4724,-1.0027,0.6838],[109.467,-1.0032,1.8842],[109.4618,-1.0006,0.0],[109.458,-1.0032,0.0],[109.4607,-1.0069,61.1521],[109.4593,-1.0084,25.9719],[109.4618,-1.0093,56.6766],[109.4618,-1.0122,11.6912],[109.4607,-1.0168,11.7866],[109.455,-1.0183,12.268],[109.4572,-1.0227,31.9124],[109.4565,-1.026,0.0],[109.453,-1.0274,0.0],[109.4511,-1.0309,38.7429],[109.4518,-1.0373,51.8263],[109.4557,-1.0415,18.9195],[109.4558,-1.045,5.3563],[109.4551,-1.0622,4.588],[109.4487,-1.1063,2.5939],[109.4464,-1.1099,5.0392],[109.4375,-1.1525,1.8971],[109.4337,-1.1559,0.0],[109.4365,-1.1575,26.8577],[109.4357,-1.1656,3.1325],[109.426,-1.2056,10.8562],[109.4178,-1.2248,11.0619],[109.4064,-1.2448,10.912],[109.4012,-1.2472,9.5026],[109.3891,-1.2473,3.3016],[109.3832,-1.2499,15.2167],[109.3796,-1.2552,0.0],[109.3818,-1.2594,8.8125],[109.4024,-1.2761,9.9919],[109.4307,-1.2934,1.8744],[109.4668,-1.3059,5.9941],[109.5011,-1.3094,8.0482],[109.5094,-1.2981,10.4448],[109.5341,-1.2784,6.679],[109.5501,-1.268,0.5522],[109.5886,-1.2494,3.9182],[109.5905,-1.2467,0.0],[109.6602,-1.2177,3.7718],[109.6808,-1.2142,2.7622],[109.6837,-1.2147,18.4001],[109.6833,-1.2167,11.39],[109.6875,-1.2168,0.0],[109.6887,-1.2154,0.0],[109.688,-1.212,0.0],[109.6868,-1.2139,7.1826],[109.6839,-1.2103,8.71],[109.6832,-1.2023,0.3287],[109.6901,-1.1925,2.9403],[109.7156,-1.1785,1.7539],[109.7379,-1.1688,2.6038],[109.7587,-1.1553,3.6137],[109.7639,-1.1545,1.5962],[109.7642,-1.1529,7.1359],[109.769,-1.1501,5.1821],[109.7778,-1.1475,0.0],[109.7807,-1.1433,2.1802],[109.7796,-1.1351,0.0],[109.7773,-1.1292,1.2831],[109.7721,-1.1252,5.5365],[109.7678,-1.1183,0.0],[109.7658,-1.1095,4.5398],[109.7659,-1.0901,6.4951],[109.7702,-1.0795,0.0],[109.7594,-1.0451,0.0],[109.7594,-1.0348,0.0],[109.7561,-1.0235,5.0848],[109.7561,-1.0132,9.0784],[109.7619,-1.01,0.0],[109.7617,-1.0047,1.3703],[109.7375,-1.0018,5.9527],[109.7275,-0.998,15.1243],[109.7195,-0.9892,0.0],[109.7167,-0.989,0.0],[109.701,-0.9931,5.0547],[109.6969,-1.0069,0.0],[109.6846,-1.0193,0.0],[109.67529999999999,-1.0204,0.5],[109.6633,-1.0106,0.0],[109.6526,-1.0122,4.9377],[109.6463,-1.0115,9.0852]]],
[[[110.8539,-2.8896,9.863],[110.8792,-2.8825,0.9771],[110.8854,-2.8747,0.0],[110.8916,-2.8707,0.0],[110.915,-2.8665,0.7943],[110.9303,-2.868,2.7461],[110.9466,-2.865,0.7846],[110.9666,-2.8579,6.102],[110.9718,-2.852,4.0194],[110.9762,-2.8414,2.4744],[110.992,-2.8338,1.0994],[110.9988,-2.8269,6.301],[111.006,-2.8025,2.4057],[111.0121,-2.7945,6.4844],[111.0322,-2.7858,4.5462],[111.042,-2.7858,4.4919],[111.0581,-2.7824,4.0973],[111.0737,-2.7776,5.9456],[111.0823,-2.7721,2.8936],[111.1011,-2.768,2.8887],[111.1129,-2.7582,3.3682],[111.1278,-2.753,1.0748],[111.1463,-2.7415,0.5061],[111.1557,-2.7253,2.1359],[111.1574,-2.7178,1.4942],[111.166,-2.7101,1.2333],[111.172,-2.6898,4.5192],[111.1706,-2.6821,1.7838],[111.1648,-2.6722,2.613],[111.1593,-2.6708,4.9777],[111.144,-2.672,8.7293],[111.1357,-2.6704,11.8497],[111.1282,-2.6661,16.419],[111.1186,-2.6526,16.3057],[111.1183,-2.647,21.0379],[111.12,-2.6427,23.9239],[111.128,-2.6349,18.1029],[111.1337,-2.6244,18.6599],[111.1363,-2.6113,20.3144],[111.1344,-2.5955,22.557],[111.1161,-2.5417,23.2758],[111.1143,-2.5152,22.3607],[111.1055,-2.4842,17.5409],[111.106,-2.449,33.6398],[111.1032,-2.4241,20.1133],[111.096,-2.3997,24.5379],[111.0895,-2.3629,17.0172],[111.0798,-2.3389,17.0306],[111.0702,-2.3008,23.7365],[111.0585,-2.2781,17.6308],[111.0494,-2.2723,23.4877],[111.0414,-2.2625,27.4278],[111.0326,-2.247,30.4669],[111.0318,-2.2422,36.3224],[111.0346,-2.2325,33.659],[111.0406,-2.2222,23.8865],[111.063,-2.2029,44.7157],[111.0658,-2.1972,31.1214],[111.0638,-2.184,29.4505],[111.0732,-2.1775,33.5031],[111.0788,-2.1612,39.3563],[111.0787,-2.1549,52.3928],[111.0712,-2.1427,56.0822],[111.0676,-2.1309,172.6364],[111.0659,-2.1153,170.279],[111.0593,-2.0885,72.2024],[111.0573,-2.0718,193.2242],[111.0601,-2.0582,186.116],[111.0667,-2.053,154.6537],[111.0831,-2.0451,184.1078],[111.0886,-2.0232,142.9813],[111.091,-2.0201,117.8206],[111.0897,-2.0148,65.7563],[111.0859,-2.0162,71.1677],[111.085,-2.0126,83.3018],[111.0752,-2.0153,89.5152],[111.0575,-2.0136,73.0089],[111.0542,-2.0096,75.0974],[111.0551,-2.0074,75.9019],[111.0535,-2.0022,72.1226],[111.056,-1.999,71.7051],[111.0554,-1.9932,66.3623],[111.0532,-1.9896,75.5089],[111.018,-1.9561,158.2136],[111.0128,-1.9543,133.4033],[110.9904,-1.9572,495.2036],[110.9845,-1.9557,314.1135],[110.9798,-1.9503,422.8465],[110.9811,-1.941,422.8782],[110.9904,-1.9296,422.2951],[110.9947,-1.92,265.4779],[110.996,-1.9091,496.3616],[110.9936,-1.8974,215.1036],[110.9821,-1.8896,109.1826],[110.9769,-1.8837,115.6523],[110.9744,-1.8779,83.1271],[110.9781,-1.8377,111.5199],[110.9865,-1.8174,91.8579],[111.0043,-1.8023,212.4399],[111.0139,-1.7777,451.1403],[111.0122,-1.7579,113.6737],[111.0162,-1.7443,140.6718],[111.0132,-1.7365,113.0178],[111.0053,-1.7266,120.6823],[111.0067,-1.7065,146.34],[111.0047,-1.6994,139.918],[110.986,-1.6764,262.9805],[110.9745,-1.6691,377.4089],[110.963,-1.6722,437.2619],[110.9557,-1.679,186.9357],[110.9527,-1.6841,136.9509],[110.9486,-1.7,123.6949],[110.9429,-1.7104,129.7758],[110.9288,-1.7181,226.9409],[110.9166,-1.7203,202.5845],[110.9043,-1.7124,651.9605],[110.9006,-1.7131,449.9548],[110.8935,-1.7016,233.3593],[110.8927,-1.6892,413.0856],[110.8865,-1.6815,239.895],[110.8825,-1.6794,303.2789],[110.8638,-1.6826,461.598],[110.8551,-1.6738,514.3387],[110.8567,-1.6449,317.1093],[110.8538,-1.6364,370.8232],[110.8589,-1.6305,556.8668],[110.8816,-1.6189,263.5634],[110.8897,-1.6125,211.2565],[110.8939,-1.6011,251.8414],[110.8997,-1.5917,227.574],[110.9133,-1.5846,365.3699],[110.9452,-1.5822,376.637],[110.9522,-1.5791,488.3559],[110.9557,-1.5748,628.6445],[110.9564,-1.57,708.2277],[110.9623,-1.5594,1000.6214],[110.9691,-1.5521,988.4745],[110.9731,-1.5441,875.9431],[110.9793,-1.5392,696.6304],[110.9839,-1.5387,824.9875],[110.9897,-1.5405,607.6179],[110.9955,-1.5558,254.0295],[111.0084,-1.5619,300.2999],[111.0133,-1.5625,350.9474],[111.0171,-1.5625,442.5033],[111.0215,-1.5584,648.1503],[111.0275,-1.5481,638.6578],[111.0349,-1.5407,586.8691],[111.0491,-1.5397,394.6439],[111.0598,-1.5355,374.2713],[111.0683,-1.5392,478.43],[111.0696,-1.5515,466.5143],[111.0718,-1.5567,396.7003],[111.0754,-1.5595,548.5319],[111.0843,-1.5588,327.6364],[111.098,-1.5524,311.7451],[111.1187,-1.5528,620.7241],[111.1223,-1.5495,848.205],[111.1232,-1.5443,692.6599],[111.1186,-1.5311,742.1221],[111.1182,-1.5174,623.4659],[111.1218,-1.5072,284.0387],[111.1277,-1.4988,260.05],[111.129,-1.4734,331.7743],[111.1327,-1.4598,194.9821],[111.1384,-1.451,165.2215],[111.1479,-1.4415,225.1993],[111.1573,-1.4343,502.6052],[111.1634,-1.4333,336.0593],[111.1965,-1.438,718.4526],[111.2005,-1.4372,732.6024],[111.2073,-1.4343,467.7037],[111.2186,-1.4228,647.6639],[111.2228,-1.4208,762.4489],[111.2475,-1.4196,414.3718],[111.2596,-1.4163,355.4825],[111.2784,-1.4059,845.4788],[111.3175,-1.37,771.7382],[111.3246,-1.3652,711.056],[111.3317,-1.3498,829.6416],[111.3311,-1.342,753.5483],[111.3327,-1.3324,941.222],[111.3407,-1.3255,733.3964],[111.3517,-1.3256,456.083],[111.3582,-1.321,320.9091],[111.3628,-1.3154,354.2063],[111.3656,-1.3093,560.3484],[111.3715,-1.285,215.7998],[111.3785,-1.2785,375.0817],[111.3901,-1.2734,384.0931],[111.3971,-1.2764,204.9636],[111.4005,-1.2705,284.5036],[111.4012,-1.2476,276.1802],[111.4065,-1.2416,252.9449],[111.4576,-1.2304,344.8308],[111.4783,-1.2332,211.0922],[111.4868,-1.2308,214.5991],[111.4939,-1.2211,337.1165],[111.5188,-1.2152,365.3005],[111.5286,-1.2163,254.9263],[111.5394,-1.2136,370.6017],[111.5429,-1.2095,417.0612],[111.5593,-1.2097,270.0561],[111.5682,-1.203,182.619],[111.5733,-1.1944,186.4877],[111.5727,-1.1857,330.0201],[111.5551,-1.1748,361.8086],[111.5542,-1.1672,311.8481],[111.5702,-1.1457,337.7383],[111.567,-1.1313,379.4881],[111.5524,-1.1213,394.1955],[111.5535,-1.0991,355.979],[111.57,-1.0754,550.4299],[111.5967,-1.0715,402.2549],[111.6001,-1.0607,466.7116],[111.6082,-1.0476,426.5626],[111.6123,-1.0453,444.8788],[111.6181,-1.0494,402.6767],[111.6209,-1.0491,377.5089],[111.6235,-1.0409,413.2868],[111.6146,-1.0115,364.3821],[111.6183,-0.992,399.3153],[111.6236,-0.9856,518.1492],[111.6272,-0.9831,590.3102],[111.657,-0.9766,221.9468],[111.6651,-0.9731,219.3846],[111.6748,-0.9657,155.9473],[111.7169,-0.9446,368.7066],[111.7234,-0.9377,311.5836],[111.7285,-0.9242,270.2109],[111.7521,-0.9225,280.2649],[111.7875,-0.9089,788.1234],[111.8216,-0.9128,388.9326],[111.8347,-0.9117,586.5137],[111.8487,-0.9064,584.2797],[111.8554,-0.9026,501.4867],[111.8617,-0.8962,426.8878],[111.8671,-0.8833,604.6015],[111.867,-0.8724,864.1125],[111.8698,-0.8666,838.8962],[111.878,-0.863,836.3914],[111.8907,-0.8628,475.7838],[111.9015,-0.8683,502.2043],[111.9123,-0.8711,526.2639],[111.9207,-0.8694,593.2181],[111.9161,-0.8586,742.6267],[111.9057,-0.8428,791.9038],[111.9018,-0.8308,633.0884],[111.9064,-0.8054,475.9355],[111.9063,-0.7754,435.2651],[111.9096,-0.7724,380.062],[111.9134,-0.7721,374.8099],[111.9197,-0.777,545.4775],[111.9281,-0.7987,577.2916],[111.9352,-0.8065,408.3953],[111.9517,-0.816,292.0071],[111.9611,-0.8167,463.6836],[111.9897,-0.8032,861.0321],[112.0021,-0.8003,784.6773],[112.0089,-0.7996,813.2069],[112.0159,-0.8017,672.2727],[112.0323,-0.7928,535.8461],[112.0355,-0.787,430.0331],[112.0357,-0.7818,504.8011],[112.0245,-0.7542,412.1545],[112.0146,-0.7223,242.5257],[112.0165,-0.7104,184.2675],[112.0234,-0.7025,189.9779],[112.0346,-0.7002,276.0175],[112.0508,-0.7002,448.7042],[112.0786,-0.7066,752.8488],[112.1019,-0.715,585.4988],[112.1115,-0.7158,373.3876],[112.1272,-0.7266,553.8995],[112.1389,-0.7288,679.7414],[112.1548,-0.7289,1059.6423],[112.1588,-0.7273,1146.5248],[112.1618,-0.7235,1120.4822],[112.1532,-0.7062,588.1219],[112.146,-0.6823,260.7314],[112.1477,-0.6798,207.4667],[112.1526,-0.678,351.0514],[112.1571,-0.6831,548.5862],[112.1589,-0.6816,557.5134],[112.1587,-0.6583,507.0808],[112.1603,-0.6538,492.476],[112.1656,-0.6491,456.6183],[112.1732,-0.6365,716.934],[112.1832,-0.6364,798.9966],[112.1866,-0.6321,652.4175],[112.1913,-0.6193,427.3148],[112.1981,-0.6146,648.408],[112.2111,-0.6133,1040.6907],[112.225,-0.6189,536.7806],[112.2437,-0.6348,329.1757],[112.268,-0.6682,240.5129],[112.2884,-0.7122,547.6791],[112.2983,-0.7266,734.0157],[112.3059,-0.7339,645.8781],[112.3086,-0.7348,662.7192],[112.3117,-0.7328,803.699],[112.3163,-0.7212,1033.9355],[112.3305,-0.7044,1065.4037],[112.3343,-0.7042,1168.6265],[112.3422,-0.716,1084.1697],[112.3491,-0.7167,1223.5813],[112.3662,-0.7134,1579.1342],[112.4014,-0.6989,926.7871],[112.413,-0.6899,1015.099],[112.421,-0.6751,1011.2681],[112.425,-0.6725,1100.1632],[112.4308,-0.6715,1148.6643],[112.4421,-0.6742,1054.8171],[112.4489,-0.6807,947.4922],[112.4521,-0.6894,842.1713],[112.4523,-0.7137,500.7511],[112.4552,-0.7204,549.5159],[112.4664,-0.7292,777.4335],[112.4758,-0.7307,891.1309],[112.4815,-0.7271,957.8673],[112.4832,-0.7224,901.303],[112.485,-0.6951,723.4138],[112.4883,-0.692,701.1658],[112.5064,-0.692,909.1979],[112.5383,-0.6987,1045.1794],[112.5415,-0.6972,1050.7318],[112.5447,-0.6911,1048.5764],[112.55029999999999,-0.6864,864.2454],[112.557,-0.6862,821.8166],[112.5726,-0.6893,960.7708],[112.5909,-0.688,1159.7518],[112.5978,-0.6846,1191.4661],[112.6035,-0.6681,925.2567],[112.6063,-0.665,954.8847],[112.6184,-0.6616,719.0921],[112.6288,-0.6537,957.8031],[112.6376,-0.653,1422.9729],[112.6393,-0.6558,1504.1162],[112.6431,-0.6575,1480.063],[112.647,-0.6538,1419.833],[112.6508,-0.6527,1442.2937],[112.6561,-0.6557,1438.9025],[112.6663,-0.6546,1416.4277],[112.6776,-0.6504,1812.9287],[112.6865,-0.651,1976.3655],[112.6903,-0.6497,2087.3367],[112.694,-0.6414,1840.6104],[112.7016,-0.6355,2079.9639],[112.702,-0.6302,2055.9905],[112.7004,-0.627,1977.2766],[112.7044,-0.6212,1877.3301],[112.7122,-0.626,1712.8219],[112.723,-0.6222,1419.579],[112.7395,-0.6233,1227.1599],[112.7435,-0.6205,1027.739],[112.7451,-0.6151,1062.4818],[112.7421,-0.6051,1095.4769],[112.7413,-0.5839,820.1333],[112.7419,-0.5799,804.7715],[112.751,-0.5681,795.4903],[112.7565,-0.5661,808.3969],[112.7977,-0.5649,486.9635],[112.8135,-0.5751,508.2569],[112.8205,-0.5759,473.6046],[112.8255,-0.5737,477.99],[112.8504,-0.5691,485.1801],[112.8556,-0.5657,453.9158],[112.8592,-0.5594,470.5179],[112.8721,-0.5447,523.3257],[112.8937,-0.5309,460.7789],[112.9044,-0.528,442.3981],[112.9166,-0.5276,361.1476],[112.9263,-0.5207,440.0666],[112.9607,-0.5111,662.467],[112.9766,-0.5099,568.2596],[112.981,-0.5054,551.1697],[112.9868,-0.4902,511.8791],[112.9899,-0.4857,547.4892],[112.9945,-0.4865,611.1689],[112.9981,-0.4928,350.7037],[113.0034,-0.4938,294.3631],[113.0228,-0.4861,295.4385],[113.0297,-0.4849,293.329],[113.0354,-0.4859,279.2382],[113.0398,-0.4869,317.6764],[113.0532,-0.4976,351.9104],[113.0616,-0.4989,335.2456],[113.095,-0.4843,339.7905],[113.1097,-0.4865,530.2166],[113.1114,-0.484,430.2647],[113.1126,-0.4743,378.9743],[113.1214,-0.4656,444.3432],[113.1249,-0.4571,509.7966],[113.1304,-0.4498,566.6516],[113.1421,-0.4431,377.7026],[113.1505,-0.4474,368.1715],[113.1539,-0.4531,265.0473],[113.1545,-0.4654,319.8082],[113.1579,-0.4699,299.7045],[113.165,-0.4696,293.1463],[113.1821,-0.4646,296.3664],[113.1851,-0.4655,305.002],[113.1878,-0.4676,341.4649],[113.1914,-0.4783,463.1074],[113.1986,-0.4776,455.6193],[113.1996,-0.4797,447.7934],[113.1986,-0.4955,359.1397],[113.2015,-0.4994,464.811],[113.2098,-0.5046,677.3779],[113.2152,-0.5054,671.3843],[113.2199,-0.5026,632.6169],[113.2262,-0.4916,474.9854],[113.2266,-0.4801,310.6548],[113.2289,-0.4743,315.9409],[113.2404,-0.4636,293.7408],[113.2458,-0.453,302.6056],[113.2635,-0.4377,285.0937],[113.2663,-0.431,274.9072],[113.2669,-0.418,334.8051],[113.2569,-0.408,521.5106],[113.2589,-0.4,619.994],[113.2624,-0.3955,674.4495],[113.2631,-0.3902,790.9099],[113.2594,-0.3856,1085.192],[113.2462,-0.3789,1048.6819],[113.2383,-0.3701,942.5369],[113.2297,-0.3643,822.6192],[113.2217,-0.347,1022.0743],[113.2073,-0.3446,731.6859],[113.2058,-0.3422,874.221],[113.207,-0.338,1011.1821],[113.2108,-0.3348,1069.7461],[113.2179,-0.334,1118.8179],[113.2257,-0.3289,1123.3921],[113.2348,-0.2976,1158.437],[113.2552,-0.2744,1077.3687],[113.2604,-0.2715,1027.5603],[113.271,-0.2704,1071.8892],[113.2756,-0.2653,1138.9655],[113.2782,-0.2517,1204.5381],[113.2877,-0.2404,1198.797],[113.292,-0.2376,1152.6047],[113.3154,-0.2365,1083.2017],[113.3236,-0.2348,1097.5527],[113.3377,-0.2255,1166.9199],[113.3523,-0.2213,1219.6954],[113.373,-0.1936,1136.8103],[113.3854,-0.1861,778.2056],[113.3872,-0.1796,708.8755],[113.3857,-0.1699,450.807],[113.3866,-0.1656,303.1982],[113.3893,-0.1628,283.7201],[113.3982,-0.1603,291.9666],[113.406,-0.1625,303.3882],[113.4101,-0.1608,365.7884],[113.4198,-0.1442,589.5605],[113.4211,-0.139,671.4097],[113.4194,-0.1365,668.8331],[113.4147,-0.1346,617.4564],[113.4041,-0.1332,495.2321],[113.3969,-0.1297,634.0507],[113.3973,-0.1226,700.4522],[113.4011,-0.119,702.0116],[113.4164,-0.1185,616.5953],[113.4202,-0.1152,732.1188],[113.422,-0.1116,766.9934],[113.4212,-0.0981,573.3109],[113.4235,-0.0919,572.1203],[113.4363,-0.0775,586.1373],[113.4399,-0.0709,622.7532],[113.438,-0.0577,656.9112],[113.4346,-0.0529,689.9247],[113.4192,-0.0504,632.3331],[113.4165,-0.0473,617.1032],[113.4165,-0.0411,647.4995],[113.4201,-0.0351,679.2475],[113.4288,-0.0294,775.1688],[113.4274,-0.0166,875.9769],[113.4287,-0.0083,885.76],[113.4334,-0.0001,772.584],[113.4365,0.0015,705.5963],[113.44,0.0067,708.5759],[113.4421,0.0116,719.8367],[113.4402,0.0154,952.2324],[113.4129,0.0436,721.2786],[113.4105,0.0525,709.6676],[113.4164,0.0765,585.0687],[113.4125,0.1032,1142.7334],[113.4143,0.108,1134.5962],[113.4226,0.1158,1002.3284],[113.4198,0.123,938.7065],[113.4137,0.1305,901.0339],[113.3806,0.1539,991.318],[113.3592,0.1585,1035.3794],[113.3408,0.1674,1042.2219],[113.3254,0.1802,999.7578],[113.2823,0.2284,966.1281],[113.2762,0.2301,1083.7684],[113.2729,0.2339,1252.259],[113.273,0.2404,1028.636],[113.2842,0.2477,1486.0428],[113.2943,0.2574,1118.4095],[113.3152,0.2669,1357.354],[113.324,0.2728,1111.1475],[113.3359,0.2727,1106.3679],[113.352,0.2784,1030.1517],[113.3662,0.2755,1071.6714],[113.3738,0.2717,1102.5935],[113.3817,0.2704,1099.3507],[113.3895,0.272,1066.5179],[113.4042,0.2661,1192.6683],[113.423,0.2636,1483.1747],[113.44,0.2653,1372.219],[113.452,0.2714,1363.8229],[113.4844,0.3008,859.1683],[113.5131,0.3211,735.8594],[113.5161,0.3248,664.1666],[113.5141,0.3306,786.7281],[113.52,0.3368,741.4708],[113.5361,0.3467,1018.2543],[113.55029999999999,0.3593,1269.3518],[113.5564,0.367,1455.2375],[113.5605,0.3767,1277.8317],[113.5661,0.3794,1277.2166],[113.5715,0.3794,1331.2635],[113.577,0.3835,1378.8658],[113.5824,0.3982,1471.1257],[113.5883,0.4071,1270.1211],[113.6361,0.4253,1107.4922],[113.6587,0.4406,1246.4395],[113.6631,0.4454,1153.7864],[113.6644,0.4666,1083.5443],[113.6698,0.4943,1538.6365],[113.6729,0.5023,1432.6537],[113.6788,0.5059,1254.0359],[113.6892,0.5066,1453.3945],[113.6937,0.5097,1363.2915],[113.6988,0.5219,1071.8345],[113.703,0.5258,977.9891],[113.7102,0.5248,1057.6331],[113.7232,0.5321,952.9891],[113.7354,0.5301,1019.1846],[113.7372,0.5311,957.3171],[113.7422,0.5483,1051.575],[113.7484,0.5559,1342.3025],[113.7575,0.5628,1067.1085],[113.7649,0.5646,1045.9781],[113.771,0.5627,1161.8623],[113.7746,0.5646,778.7651],[113.777,0.5833,847.4948],[113.7809,0.5913,871.3231],[113.7919,0.6,1006.5341],[113.8031,0.6061,859.882],[113.8073,0.6134,776.6951],[113.8105,0.6324,1287.72],[113.8143,0.6419,1459.9146],[113.8202,0.6482,1214.364],[113.8358,0.6549,1317.4855],[113.843,0.662,1313.6066],[113.8367,0.6826,1223.6794],[113.8439,0.7029,1216.759],[113.8485,0.707,1150.6293],[113.8579,0.7111,1018.6284],[113.8766,0.7137,1195.0925],[113.8949,0.7369,1024.3303],[113.8983,0.7432,855.4338],[113.8986,0.749,811.3388],[113.8917,0.7605,819.4199],[113.8901,0.7779,638.3099],[113.8914,0.7862,753.5786],[113.8943,0.7937,830.4858],[113.8997,0.8012,1071.6033],[113.9245,0.8213,668.7978],[113.9283,0.8406,1193.3354],[113.9269,0.8459,1212.1475],[113.8837,0.8838,1193.3862],[113.8796,0.8892,1321.1396],[113.878,0.8962,1525.5957],[113.8824,0.9116,1218.568],[113.8805,0.9261,1405.7249],[113.8959,0.9495,1541.9398],[113.9075,0.9538,1542.9296],[113.9183,0.9801,1460.222],[113.9216,0.9919,1301.9882],[113.9188,1.007,1365.2898],[113.9134,1.0119,1612.1418],[113.8976,1.0178,1745.0802],[113.8954,1.0204,1803.9044],[113.8914,1.0353,1790.4316],[113.8915,1.045,1710.4556],[113.8931,1.0483,1631.5952],[113.8991,1.0567,1620.7083],[113.9076,1.0624,1518.0198],[113.9131,1.0635,1466.369],[113.9328,1.0623,1599.1306],[113.9409,1.064,1445.1792],[113.9476,1.0739,1355.916],[113.9567,1.0963,1291.7668],[113.9573,1.1091,1170.5065],[113.9598,1.1151,1164.8936],[113.9667,1.123,1257.4554],[113.9704,1.1254,1354.1591],[113.9776,1.1269,1199.6967],[113.9803,1.1297,1319.1711],[113.9852,1.1443,1067.4717],[114.0005,1.1473,902.7241],[114.0061,1.1456,1096.1334],[114.0118,1.1396,1306.3928],[114.027,1.1482,999.6675],[114.0311,1.1489,996.2299],[114.0344,1.1455,1145.1239],[114.0363,1.1389,1109.9542],[114.0447,1.1324,1244.986],[114.0498,1.1342,1222.6848],[114.0565,1.1399,1328.1233],[114.0714,1.148,1330.2413],[114.0787,1.1591,1444.707],[114.0852,1.165,1618.2277],[114.088,1.1633,1652.1315],[114.0953,1.1492,1545.6176],[114.1,1.1482,1564.4153],[114.1064,1.1492,1436.7543],[114.115,1.1525,1263.4308],[114.1175,1.1554,1308.2097],[114.1199,1.1587,1266.3175],[114.1226,1.1705,1266.0211],[114.1355,1.1864,1288.3567],[114.1418,1.2005,1201.0062],[114.1411,1.2088,1154.4539],[114.138,1.2149,1438.4219],[114.1296,1.2192,1318.573],[114.1272,1.2224,1210.7358],[114.1277,1.225,1282.2546],[114.1347,1.2346,1167.9773],[114.1384,1.2494,767.2734],[114.145,1.2576,874.4149],[114.1507,1.2612,942.1957],[114.1578,1.2607,940.4648],[114.1616,1.2639,896.2367],[114.1615,1.2684,856.8624],[114.1553,1.2771,900.5298],[114.155,1.2853,942.8655],[114.1493,1.2904,1024.5253],[114.1432,1.2927,966.9593],[114.1423,1.2954,941.6139],[114.1499,1.3016,819.1395],[114.1541,1.3103,710.3582],[114.154,1.3238,764.7652],[114.1501,1.3455,1189.1997],[114.1529,1.3701,1434.3271],[114.1484,1.3802,1276.2894],[114.1495,1.3837,1296.2029],[114.154,1.3879,1431.4724],[114.1664,1.3951,1300.6559],[114.1709,1.3972,1465.4172],[114.1841,1.3978,1396.3519],[114.1913,1.406,1384.2517],[114.1982,1.4073,1442.2168],[114.2011,1.4128,1332.043],[114.1977,1.4212,1305.6245],[114.1652,1.4385,1153.3101],[114.158,1.4443,1291.1603],[114.1442,1.4615,1161.6743],[114.1373,1.464,1213.0465],[114.1112,1.455,1093.7103],[114.1054,1.4563,1146.1777],[114.0947,1.4631,967.8813],[114.0795,1.4628,1080.3352],[114.0251,1.4468,735.2762],[114.0158,1.4464,767.1962],[113.9999,1.4534,908.1044],[113.9788,1.4529,840.7296],[113.9668,1.4456,913.0741],[113.9533,1.4424,986.6994],[113.9474,1.4384,1004.688],[113.9395,1.4298,811.9185],[113.9363,1.4198,914.5162],[113.934,1.4173,1099.917],[113.9272,1.4157,1011.1105],[113.9181,1.4104,1063.8877],[113.9113,1.412,1190.0383],[113.8986,1.406,1149.2478],[113.8864,1.4028,1147.7316],[113.8719,1.3873,1224.9639],[113.8511,1.3852,1204.51],[113.8418,1.3802,1071.6622],[113.8316,1.3776,1033.9899],[113.8214,1.3709,1070.0165],[113.8187,1.3667,932.6338],[113.8184,1.3587,875.0974],[113.8265,1.3517,883.1257],[113.8283,1.3378,1250.595],[113.8273,1.3327,1201.6428],[113.8172,1.3113,1221.4326],[113.8009,1.2978,1169.0393],[113.7916,1.2928,909.9313],[113.759,1.2809,1064.0477],[113.7438,1.2719,1075.2214],[113.7032,1.2609,1212.2646],[113.6996,1.2585,1222.7905],[113.6812,1.2369,1366.8823],[113.6722,1.2315,1302.4558],[113.6624,1.2214,1202.5347],[113.6368,1.2177,1228.6326],[113.6235,1.2204,1319.8831],[113.6207,1.2286,1521.5461],[113.6221,1.2427,1297.5452],[113.6212,1.2478,1201.2789],[113.6063,1.2536,1191.8556],[113.5979,1.2593,1273.8232],[113.5917,1.2796,1277.4673],[113.5808,1.3019,1471.9496],[113.5724,1.3062,1774.1692],[113.5622,1.3063,1639.8538],[113.5512,1.3149,1329.4226],[113.5417,1.3196,1435.6528],[113.5277,1.3206,1221.0549],[113.5132,1.3147,1355.246],[113.4924,1.3125,1056.0969],[113.4626,1.3016,1108.7549],[113.442,1.2854,1286.1351],[113.424,1.2834,1259.6334],[113.4131,1.2907,1055.2961],[113.3932,1.315,962.7869],[113.3871,1.3192,1007.979],[113.3668,1.3262,965.5396],[113.3554,1.3548,644.9691],[113.3503,1.3597,576.9455],[113.3355,1.3665,826.921],[113.3214,1.3771,667.9636],[113.3157,1.378,773.2067],[113.3005,1.3763,674.8275],[113.2719,1.387,804.0338],[113.2639,1.3918,647.629],[113.2488,1.383,949.7117],[113.2398,1.3846,744.0518],[113.2302,1.391,1094.2584],[113.2254,1.392,1119.9796],[113.2203,1.3903,1004.8807],[113.2149,1.3857,798.8785],[113.2,1.3808,787.926],[113.1791,1.3784,902.2649],[113.1722,1.3793,685.079],[113.1518,1.3891,799.2626],[113.1395,1.3898,555.0566],[113.1324,1.3942,458.7467],[113.1154,1.425,578.7577],[113.1104,1.4317,670.4423],[113.1002,1.4393,626.3239],[113.0896,1.4384,628.8733],[113.0817,1.4282,588.6735],[113.077,1.4269,559.7408],[113.0701,1.4278,747.8914],[113.0578,1.4212,982.8501],[113.0439,1.4189,848.4862],[113.0346,1.4139,1018.719],[113.0121,1.4072,823.6001],[112.98779999999999,1.4097,935.446],[112.9735,1.4081,929.6112],[112.97,1.412,1160.8799],[112.9697,1.4182,851.2909],[112.967,1.4257,877.9518],[112.9691,1.4354,808.4852],[112.9763,1.4483,955.7404],[112.9821,1.452,1115.7046],[112.996,1.4555,1113.9242],[113.0167,1.4673,821.7549],[113.0269,1.47,873.5356],[113.0326,1.4738,784.1274],[113.0344,1.4805,531.2415],[113.0298,1.4899,488.5117],[113.0304,1.4931,576.6038],[113.0393,1.4982,527.788],[113.0412,1.5012,447.469],[113.0426,1.512,539.2654],[113.0471,1.5193,572.8222],[113.0598,1.5276,482.9164],[113.0618,1.5308,469.0591],[113.0615,1.5448,510.1695],[113.0565,1.5542,438.7669],[113.0251,1.565,479.6992],[113.0062,1.5694,563.1483],[113.0003,1.5721,803.5577],[112.9829,1.5694,504.0535],[112.9706,1.5639,461.7063],[112.9626,1.5657,415.8534],[112.9476,1.5728,341.9911],[112.938,1.5693,481.7688],[112.9259,1.5683,501.5763],[112.9047,1.5843,672.527],[112.8982,1.587,602.7814],[112.8876,1.5875,529.0922],[112.8808,1.5855,563.3762],[112.8752,1.5812,505.0297],[112.8642,1.5632,594.4063],[112.8528,1.5547,564.3138],[112.8452,1.5428,633.2476],[112.8399,1.5376,731.5345],[112.8256,1.5414,818.5076],[112.8118,1.5386,800.2433],[112.8014,1.5397,461.934],[112.7962,1.5445,505.3116],[112.7893,1.5554,544.7386],[112.777,1.5618,838.1655],[112.7664,1.5615,993.4069],[112.7493,1.5579,895.6271],[112.7322,1.5651,609.0947],[112.7251,1.5654,639.3544],[112.7024,1.5562,845.6785],[112.6815,1.5524,743.0946],[112.6654,1.5578,986.4677],[112.6536,1.5681,1074.3096],[112.6501,1.5693,1225.4858],[112.6299,1.5634,615.0443],[112.5954,1.5694,839.2247],[112.5416,1.5721,847.6962],[112.526,1.5757,862.775],[112.5098,1.5747,817.9145],[112.5033,1.5763,709.0054],[112.4861,1.5761,668.0472],[112.4723,1.571,560.6727],[112.4618,1.5612,699.6411],[112.4485,1.5544,766.2726],[112.4374,1.5332,735.1228],[112.4291,1.5249,699.2323],[112.4084,1.5204,456.9966],[112.3939,1.5196,362.7217],[112.3832,1.5137,452.8006],[112.3632,1.5092,495.4999],[112.355,1.5039,611.4941],[112.3484,1.5018,603.5807],[112.3314,1.5041,826.769],[112.3228,1.5035,709.4962],[112.3163,1.5011,684.4252],[112.2731,1.4691,550.5126],[112.2672,1.4662,524.9796],[112.2425,1.4587,635.4585],[112.2225,1.4566,544.0358],[112.2087,1.4493,535.0139],[112.2046,1.4445,537.6591],[112.199,1.4314,526.7013],[112.1991,1.4102,723.9771],[112.2067,1.4011,606.7119],[112.2213,1.393,667.3712],[112.2229,1.3831,486.1137],[112.2179,1.3648,662.6641],[112.2101,1.3446,679.4285],[112.2036,1.3326,522.5443],[112.1969,1.3247,594.8506],[112.1813,1.3133,496.3914],[112.1745,1.3019,587.869],[112.1706,1.2812,628.9575],[112.1702,1.2623,592.3572],[112.168,1.2566,446.6895],[112.1598,1.2459,575.8036],[112.1593,1.2375,654.7995],[112.1626,1.2185,390.0316],[112.1612,1.2111,411.6021],[112.1581,1.2029,445.5204],[112.1453,1.1868,386.7556],[112.1436,1.1809,445.5813],[112.1461,1.1713,275.9169],[112.1531,1.156,294.0562],[112.1524,1.152,210.1813],[112.1458,1.1463,224.0827],[112.1339,1.143,250.897],[112.09,1.143,207.6804],[112.0429,1.1341,220.9421],[112.0067,1.1332,141.0911],[111.9843,1.1277,148.9586],[111.9626,1.1272,191.9552],[111.9455,1.1217,457.0686],[111.9418,1.1168,253.0107],[111.9305,1.0938,68.2517],[111.9146,1.0822,51.1703],[111.9093,1.0759,48.6939],[111.8975,1.0703,45.9359],[111.892,1.0658,41.6214],[111.8778,1.0464,53.5853],[111.8746,1.0155,41.8245],[111.8715,1.0073,40.5293],[111.8683,1.0051,41.6844],[111.8547,1.002,45.3863],[111.8305,1.0046,113.8552],[111.8053,1.0171,189.8903],[111.799,1.0185,318.7394],[111.7951,1.0162,481.048],[111.7934,1.0057,281.5883],[111.7907,1.0017,191.3213],[111.785,1.0018,164.2408],[111.7763,1.0091,352.2385],[111.7725,1.0165,586.1412],[111.7658,1.0222,479.9854],[111.7596,1.0217,651.214],[111.7414,1.0138,146.1504],[111.7279,1.0109,125.9509],[111.7216,1.014,264.196],[111.7158,1.0257,683.5448],[111.7077,1.0278,638.4753],[111.7078,1.0243,805.8231],[111.7071,1.0279,669.9677],[111.6996,1.0306,486.5758],[111.6948,1.0344,300.1982],[111.6852,1.0372,120.995],[111.677,1.0439,300.4403],[111.6686,1.0467,569.2271],[111.6581,1.0439,492.5748],[111.6423,1.0356,215.222],[111.6018,1.0001,153.7649],[111.5944,0.998,141.696],[111.5892,0.9936,175.5386],[111.5847,0.9923,152.6175],[111.5742,0.9951,91.8767],[111.5673,0.9941,48.7808],[111.5607,0.9882,157.1656],[111.5519,0.9872,120.7469],[111.5485,0.9852,154.5945],[111.5429,0.9635,88.13],[111.5352,0.9606,124.6736],[111.5263,0.9655,378.4455],[111.521,0.9907,415.538],[111.5123,1.0105,527.425],[111.5013,1.0224,788.5936],[111.4807,1.0355,540.4125],[111.4746,1.0366,461.9561],[111.4658,1.0356,485.6186],[111.462,1.033,463.473],[111.453,1.0217,568.7103],[111.4426,1.0135,431.9609],[111.4261,1.0099,379.4642],[111.4112,1.0091,359.4305],[111.378,1.0203,454.5732],[111.3648,1.0306,364.4536],[111.353,1.0368,352.3823],[111.3328,1.0432,339.2465],[111.3129,1.0466,306.4661],[111.2965,1.0544,348.6577],[111.2857,1.0563,370.4697],[111.2714,1.0674,276.0009],[111.2527,1.07,371.8152],[111.2522,1.0677,392.4592],[111.2467,1.0712,334.4504],[111.2388,1.081,313.8093],[111.2296,1.085,311.5075],[111.2258,1.0839,259.1433],[111.2105,1.0719,235.4902],[111.1936,1.063,244.9618],[111.1854,1.0599,321.057],[111.1653,1.0611,224.5883],[111.1616,1.0596,227.1341],[111.1589,1.0558,249.9252],[111.1459,1.0508,283.7325],[111.113,1.0515,375.0822],[111.1088,1.0494,475.9119],[111.1033,1.0506,487.917],[111.0928,1.0483,708.1547],[111.0814,1.0506,709.4468],[111.0624,1.0491,472.4387],[111.0418,1.0388,871.6746],[111.0215,1.0339,770.8152],[111.0009,1.0325,633.6724],[110.9939,1.0285,688.509],[110.9633,1.0288,732.2411],[110.9339,1.024,827.2369],[110.9124,1.0279,736.0844],[110.9045,1.025,770.8062],[110.8983,1.0194,536.1863],[110.8923,1.0099,670.5662],[110.8895,1.0026,646.5955],[110.89,0.9929,582.8546],[110.8863,0.9838,324.1197],[110.8615,0.9631,464.8676],[110.8536,0.9514,552.7604],[110.8512,0.9496,471.3358],[110.8393,0.9521,357.3045],[110.8157,0.95,105.3424],[110.8012,0.944,33.883],[110.8002,0.936,44.7558],[110.8028,0.9282,86.1059],[110.8076,0.9225,83.1194],[110.809,0.9159,88.3541],[110.8083,0.9092,93.2165],[110.8113,0.9031,133.9867],[110.8104,0.9007,125.7414],[110.801,0.8952,158.8014],[110.7987,0.8896,141.7541],[110.8002,0.8831,104.7385],[110.8113,0.8686,110.949],[110.8115,0.8627,145.9461],[110.8083,0.8595,114.2618],[110.8092,0.8654,120.3882],[110.8073,0.8694,108.8603],[110.7984,0.874,105.2328],[110.7849,0.884,97.0874],[110.7816,0.8887,108.8436],[110.7765,0.8911,147.8604],[110.7789,0.8942,169.7952],[110.7975,0.906,181.6191],[110.7931,0.908,175.5606],[110.7913,0.9122,81.4273],[110.7852,0.9123,98.0457],[110.782,0.9261,117.6288],[110.7784,0.9304,142.2092],[110.7729,0.9321,116.286],[110.7671,0.9294,172.8912],[110.7662,0.9244,133.2314],[110.7632,0.9233,191.0647],[110.7618,0.9177,257.7425],[110.7644,0.9156,222.006],[110.7662,0.9081,130.1172],[110.7609,0.9057,131.4489],[110.757,0.8992,95.1202],[110.7514,0.8996,95.8163],[110.7498,0.9032,88.3345],[110.7427,0.9033,75.248],[110.7361,0.9073,163.4469],[110.7288,0.9073,192.578],[110.7275,0.9056,183.4296],[110.723,0.9068,147.2938],[110.7203,0.9047,130.8083],[110.7177,0.906,83.6327],[110.7132,0.8964,80.3501],[110.7117,0.897,71.1725],[110.7103,0.8942,68.7577],[110.7058,0.8913,70.9809],[110.7041,0.8863,74.3452],[110.699,0.8841,82.3844],[110.6989,0.8779,64.4641],[110.6973,0.8768,112.443],[110.6978,0.8745,94.0584],[110.7005,0.8731,89.2319],[110.7004,0.8695,75.8874],[110.6973,0.8677,59.8202],[110.6975,0.8645,51.3054],[110.6939,0.8609,98.1776],[110.6929,0.8632,87.3215],[110.6896,0.8648,85.4223],[110.6894,0.8687,61.0192],[110.6878,0.8703,66.4134],[110.6846,0.8677,75.1986],[110.6822,0.8689,68.3924],[110.6813,0.8718,65.0681],[110.676,0.8755,67.4365],[110.6773,0.8775,61.8608],[110.6763,0.8782,85.4592],[110.674,0.8761,61.9019],[110.672,0.8774,59.7917],[110.6716,0.8756,64.1592],[110.6645,0.8734,68.7651],[110.6636,0.8705,56.4631],[110.6603,0.871,57.7122],[110.658,0.8756,67.8088],[110.655,0.8756,81.8244],[110.6533,0.8776,69.9637],[110.6537,0.8825,72.3658],[110.6477,0.8882,68.9054],[110.646,0.8973,67.5218],[110.6445,0.8976,68.8513],[110.6435,0.8948,77.3727],[110.6395,0.8923,73.9478],[110.6347,0.8954,85.4849],[110.634,0.8946,85.4849],[110.6362,0.8931,80.4992],[110.6376,0.8887,78.6855],[110.6339,0.8834,161.1311],[110.6381,0.88,102.0244],[110.6365,0.8757,77.9642],[110.6331,0.8742,81.2602],[110.6319,0.8753,81.2602],[110.6286,0.8712,109.1912],[110.6302,0.869,135.578],[110.6249,0.8691,153.968],[110.6224,0.8659,98.3301],[110.6144,0.8689,95.4084],[110.6113,0.8664,149.528],[110.6032,0.8688,120.5388],[110.6011,0.8666,102.3461],[110.599,0.8587,237.6989],[110.597,0.8576,257.2215],[110.5911,0.8602,376.1115],[110.5876,0.8577,402.2611],[110.5804,0.8582,426.1887],[110.5768,0.8537,563.9043],[110.5733,0.8567,492.6303],[110.5713,0.8562,445.2532],[110.5699,0.8606,364.3789],[110.5549,0.8594,568.1859],[110.5334,0.8691,381.7075],[110.4994,0.8743,494.1429],[110.4823,0.881,376.1849],[110.4758,0.8908,279.5105],[110.4687,0.8925,297.5813],[110.4569,0.9059,410.5274],[110.4499,0.9085,794.3722],[110.448,0.9074,881.0293],[110.4376,0.9169,311.0643],[110.4336,0.9276,158.8434],[110.4394,0.9378,117.5573],[110.4363,0.9452,126.5983],[110.4321,0.9466,113.0833],[110.4308,0.9447,101.2117],[110.4249,0.9479,88.9921],[110.4127,0.9485,134.0938],[110.4061,0.9521,119.4816],[110.4072,0.9647,123.5013],[110.4052,0.977,126.0177],[110.4014,0.9857,131.4306],[110.3933,0.9936,127.3673],[110.385,0.9959,119.7739],[110.38,0.9957,121.2727],[110.3722,0.9912,113.8269],[110.3721,0.9878,166.0401],[110.3674,0.9871,104.5458],[110.3616,0.9833,106.017],[110.3591,0.9844,107.214],[110.3606,0.9858,96.4856],[110.3544,0.9864,117.5323],[110.3464,0.9904,168.0035],[110.3398,0.997,263.6962],[110.3362,0.9984,130.3676],[110.33,0.9985,161.7174],[110.3295,0.9952,194.1594],[110.3265,0.992,561.8265],[110.3206,1.0007,158.3163],[110.317,1.0018,162.0782],[110.3153,0.9997,154.2146],[110.3105,1.0003,147.6855],[110.3093,1.0037,159.422],[110.3067,1.0034,164.0101],[110.3057,0.9989,151.7469],[110.304,0.9994,151.2879],[110.3009,0.9958,155.2949],[110.294,0.9981,160.5346],[110.2915,0.9954,173.679],[110.2785,0.9958,155.3332],[110.2753,0.9977,162.3419],[110.2729,1.0028,120.0426],[110.2772,1.0162,342.4574],[110.2734,1.0332,727.2505],[110.2787,1.0435,389.7735],[110.2778,1.0474,422.9995],[110.2754,1.0499,365.2284],[110.2611,1.0528,146.169],[110.2599,1.0687,210.4718],[110.2462,1.0794,340.1238],[110.244,1.083,361.8573],[110.2437,1.102,788.8884],[110.24,1.1119,846.3163],[110.231,1.1173,1060.7502],[110.2283,1.1177,1124.3746],[110.2249,1.1141,1243.5524],[110.2123,1.116,870.8442],[110.2078,1.1185,973.4858],[110.2045,1.1292,952.4783],[110.2067,1.1441,834.637],[110.206,1.1521,707.9087],[110.1892,1.1785,500.5994],[110.1822,1.1831,754.7538],[110.1707,1.1862,814.8737],[110.1564,1.1967,1091.9875],[110.1446,1.1996,974.5979],[110.1403,1.1998,1051.4753],[110.1357,1.1975,1005.4493],[110.1334,1.1991,982.5442],[110.1321,1.1966,998.9678],[110.1151,1.195,837.3851],[110.0963,1.1975,397.8948],[110.0912,1.2008,328.2531],[110.0848,1.2133,537.7398],[110.0817,1.2157,466.6352],[110.0683,1.2098,640.9297],[110.0413,1.2047,108.2517],[110.0399,1.2073,114.4518],[110.0423,1.2152,237.6507],[110.0609,1.232,259.6398],[110.0652,1.2393,145.3578],[110.0646,1.2494,197.3521],[110.0615,1.2591,104.5404],[110.0569,1.2654,126.1997],[110.0538,1.2666,267.0293],[110.0464,1.2644,67.0801],[110.0429,1.2664,65.1465],[110.0373,1.2735,72.7901],[110.0208,1.2815,55.7243],[110.0039,1.2947,227.8867],[109.9837,1.2943,236.0683],[109.9786,1.2986,317.7823],[109.9743,1.308,177.4583],[109.9599,1.3623,45.1639],[109.9596,1.3685,49.6991],[109.9641,1.3865,34.2251],[109.9592,1.3943,52.6906],[109.9376,1.4158,52.9777],[109.9239,1.4219,123.4003],[109.9093,1.4221,208.1999],[109.8934,1.4156,170.0115],[109.8779,1.419,192.0507],[109.8602,1.418,145.6727],[109.8463,1.4238,141.2974],[109.8337,1.4222,59.5759],[109.8304,1.4244,49.0494],[109.8316,1.4376,40.3565],[109.8278,1.4513,44.2637],[109.8277,1.4575,58.1467],[109.8363,1.4824,72.8131],[109.8343,1.484,68.8837],[109.8289,1.4828,63.9972],[109.8121,1.4664,45.626],[109.808,1.465,30.2149],[109.8006,1.4695,45.3753],[109.7949,1.4776,20.4181],[109.7948,1.4835,20.1568],[109.7988,1.4898,26.3356],[109.7952,1.4986,27.4676],[109.7811,1.503,34.5375],[109.7685,1.5208,21.5034],[109.7561,1.5304,43.2063],[109.7491,1.5336,228.9417],[109.742,1.5414,32.8275],[109.7383,1.5485,28.2774],[109.7311,1.553,27.2993],[109.7236,1.5616,46.7389],[109.7168,1.5658,25.9394],[109.7083,1.5792,47.9],[109.6928,1.5921,35.6032],[109.6857,1.6081,38.3826],[109.6781,1.6121,43.9736],[109.6694,1.6135,62.6578],[109.6611,1.6187,180.9332],[109.658,1.6398,663.9689],[109.6628,1.6503,1006.4004],[109.6626,1.66,1128.8969],[109.6568,1.6704,1179.954],[109.6611,1.6954,1400.3738],[109.668,1.7015,1406.4592],[109.6657,1.7168,1398.3928],[109.6667,1.7338,1343.0634],[109.6714,1.7442,1200.2789],[109.6773,1.7507,1122.593],[109.6836,1.7676,1295.4225],[109.6829,1.785,1265.2919],[109.6798,1.7829,1107.3993],[109.6764,1.7874,1002.0748],[109.6714,1.7887,935.7965],[109.6632,1.7955,424.1382],[109.6562,1.7983,280.3931],[109.6477,1.7969,171.3249],[109.6417,1.7978,201.5254],[109.6354,1.8051,110.2823],[109.6282,1.8011,108.0603],[109.6244,1.8041,193.0657],[109.6213,1.8038,150.0602],[109.6115,1.7967,232.9793],[109.6039,1.7962,283.6848],[109.5994,1.7976,244.4561],[109.5846,1.791,83.152],[109.5759,1.8001,50.071],[109.5807,1.8092,48.477],[109.5796,1.8145,36.4847],[109.5821,1.8181,42.9244],[109.574,1.8186,36.0507],[109.5724,1.8204,36.3256],[109.5776,1.8243,40.8908],[109.5781,1.8272,51.8178],[109.5758,1.8299,54.7728],[109.576,1.8328,174.8676],[109.5801,1.838,296.6924],[109.5763,1.8456,289.9148],[109.5696,1.8436,213.0889],[109.5626,1.8445,212.7605],[109.5605,1.8508,195.9147],[109.5531,1.8578,34.5939],[109.5517,1.8618,43.1836],[109.5531,1.8715,35.5205],[109.5466,1.8782,32.7896],[109.547,1.8822,35.2019],[109.5444,1.8913,44.743899999999996],[109.5421,1.8938,45.1764],[109.5442,1.8981,50.2829],[109.5397,1.9049,40.0782],[109.5439,1.91,48.8884],[109.5561,1.9178,37.9264],[109.5535,1.9281,53.1576],[109.5567,1.9351,42.9976],[109.5597,1.9369,44.2541],[109.5582,1.941,29.9891],[109.5636,1.9446,37.1447],[109.5635,1.9469,37.8186],[109.5604,1.9484,38.9173],[109.5607,1.9525,44.7196],[109.5544,1.9558,47.0168],[109.548,1.956,37.768],[109.5518,1.9668,33.7493],[109.5618,1.9734,31.6877],[109.5728,1.9723,31.6033],[109.5808,1.9754,23.3468],[109.5897,1.9708,21.8532],[109.597,1.9762,19.3369],[109.6153,1.9844,59.2931],[109.6241,1.9959,200.4555],[109.6257,2.0014,30.2729],[109.6288,2.0047,22.2452],[109.6289,2.0143,38.4901],[109.636,2.028,532.0558],[109.6294,2.0366,470.3792],[109.629,2.0462,501.7548],[109.6439,2.081,16.1044],[109.6362,2.076,28.1137],[109.6312,2.0686,27.4195],[109.6284,2.0679,12.0586],[109.6254,2.0645,55.2366],[109.6245,2.0569,15.8285],[109.6207,2.054,2.2748],[109.6166,2.0435,3.2877],[109.6066,2.0272,0.0],[109.6047,2.0265,10.377],[109.6021,2.014,2.8844],[109.5987,2.0121,1.7786],[109.5926,1.9958,5.5478],[109.5875,1.991,2.2693],[109.5789,1.9889,0.0],[109.5392,1.9899,0.0],[109.5131,1.9887,0.0],[109.5077,1.9865,0.0],[109.4991,1.9871,0.0],[109.4932,1.9845,0.0],[109.4824,1.9845,0.0],[109.4626,1.9784,1.0404],[109.4543,1.9781,0.0],[109.4551,1.976,0.0],[109.4529,1.9748,5.7118],[109.4534,1.9728,11.2368],[109.4506,1.9672,6.2913],[109.4342,1.9514,12.3118],[109.4106,1.9465,3.5309],[109.3931,1.945,11.6458],[109.3463,1.944,5.7524],[109.3386,1.9419,7.5846],[109.3345,1.9338,1.4915],[109.3238,1.9266,13.2536],[109.3244,1.9207,5.871],[109.3444,1.8762,2.7079],[109.3448,1.8734,3.326],[109.3402,1.8652,1.6311],[109.3406,1.8618,2.068],[109.3384,1.8564,4.8195],[109.3388,1.8438,2.1077],[109.3371,1.8323,0.0],[109.3322,1.8247,3.1061],[109.2952,1.7829,7.2204],[109.2974,1.7735,0.0],[109.3015,1.768,2.7489],[109.2978,1.7614,2.6303],[109.2885,1.7526,0.0],[109.2879,1.7438,6.866],[109.2848,1.7405,0.0],[109.2861,1.7357,12.6428],[109.285,1.7329,0.0],[109.2858,1.7249,11.9148],[109.2802,1.7191,4.6096],[109.2702,1.7157,0.0],[109.2703,1.7078,7.0983],[109.2667,1.6914,0.0],[109.2585,1.6695,3.9135],[109.2417,1.6495,5.8174],[109.2196,1.632,7.9187],[109.2073,1.6242,3.762],[109.1507,1.5989,0.0],[109.1289,1.5865,3.4025],[109.1182,1.5786,4.8888],[109.0903,1.5552,3.966],[109.0903,1.5537,3.4564],[109.0627,1.5283,2.066],[109.0507,1.5092,1.327],[109.0419,1.4836,5.3353],[109.0369,1.4488,2.689],[109.0382,1.4138,1.3297],[109.0396,1.4128,8.6037],[109.0405,1.4034,7.7585],[109.0421,1.4019,4.6546],[109.0444,1.3867,8.5489],[109.0441,1.3776,9.5421],[109.0458,1.3752,7.7465],[109.045,1.3542,4.8168],[109.0386,1.3348,0.5904],[109.0254,1.3137,5.8773],[109.0088,1.2928,4.8666],[108.9896,1.2758,22.0044],[108.9899,1.2736,62.5248],[108.9872,1.2715,4.0765],[108.9896,1.2695,10.7507],[108.9898,1.2665,5.155],[108.9869,1.2558,2.544],[108.9626,1.2154,0.0],[108.9598,1.2048,0.0],[108.9627,1.1978,24.7545],[108.9661,1.1966,0.0],[108.9687,1.1928,0.0],[108.9695,1.1879,0.0],[108.9678,1.1833,4.9245],[108.9712,1.176,4.2952],[108.9646,1.1698,1.5786],[108.95,1.1655,0.0],[108.9407,1.1682,2.3071],[108.9268,1.1761,0.0],[108.9078,1.1744,4.3124],[108.9049,1.1713,2.0934],[108.9044,1.1651,8.4494],[108.906,1.1592,7.8074],[108.9178,1.1349,4.6059],[108.9234,1.1195,0.0],[108.9271,1.1162,2.2987],[108.9331,1.1208,5.3136],[108.9345,1.1193,3.362],[108.9312,1.1067,0.0],[108.9325,1.102,9.6532],[108.9315,1.0975,0.0],[108.9387,1.0946,13.8147],[108.9506,1.0684,4.9851],[108.958,1.069,6.4772],[108.9621,1.0661,3.5066],[108.9581,1.0636,2.1577],[108.9579,1.0605,2.3498],[108.9652,1.0482,6.0887],[108.974,1.0276,2.1601],[108.9781,1.0083,6.9858],[108.9789,0.9932,1.2724],[108.9774,0.9698,4.0498],[108.973,0.95,5.0693],[108.9686,0.9365,0.0],[108.9526,0.9044,7.3539],[108.934,0.8805,4.7175],[108.9238,0.8708,1.137],[108.9162,0.8674,0.0],[108.9113,0.8627,3.15],[108.9078,0.8651,1.3396],[108.9037,0.8656,1.6999],[108.9016,0.8687,0.0],[108.8994,0.8659,4.0433],[108.8933,0.8709,0.0],[108.8924,0.8666,4.6943],[108.8907,0.8655,4.6943],[108.8915,0.8581,7.0189],[108.8729,0.8387,7.1287],[108.8706,0.8372,0.7027],[108.8668,0.8376,0.0],[108.8588,0.83,5.6837],[108.8494,0.8247,12.0038],[108.8425,0.8166,19.5961],[108.8422,0.814,51.0345],[108.8447,0.807,0.0],[108.8479,0.8043,8.2354],[108.8472,0.7954,35.9837],[108.8486,0.7928,9.0179],[108.8508,0.7925,8.2209],[108.8529,0.7867,5.601],[108.8606,0.7913,2.5978],[108.864,0.7916,10.4118],[108.8716,0.7852,1.1495],[108.8812,0.771,10.2316],[108.8839,0.7635,5.9964],[108.8853,0.7485,3.1489],[108.8831,0.7458,0.0],[108.8843,0.7429,0.0],[108.8824,0.7347,8.2435],[108.8785,0.7313,0.0],[108.8788,0.7248,8.1196],[108.8749,0.7238,0.0],[108.8744,0.7223,64.684],[108.874,0.7086,14.2397],[108.8746,0.7074,0.0],[108.8783,0.7084,2.0892],[108.8814,0.7064,6.5171],[108.882,0.7087,7.4056],[108.8836,0.709,9.6071],[108.891,0.6984,0.0],[108.8958,0.6967,2.3367],[108.9044,0.6842,9.0138],[108.9049,0.6774,0.0],[108.9166,0.6629,5.7898],[108.9199,0.6564,3.0518],[108.9202,0.6483,0.0],[108.9277,0.6235,2.0483],[108.9305,0.5959,1.6098],[108.9291,0.5751,2.8799],[108.9264,0.5612,3.7121],[108.9076,0.5049,18.5123],[108.9087,0.5,0.0],[108.9082,0.4785,0.0],[108.9128,0.4717,0.0],[108.9192,0.4686,0.0],[108.9312,0.459,0.0],[108.9389,0.4484,0.0],[108.9452,0.4324,2.4519],[108.9462,0.4063,4.3352],[108.9449,0.3844,1.8924],[108.9398,0.3669,1.8636],[108.9307,0.3523,7.0077],[108.9125,0.3373,0.0],[108.9194,0.3231,0.0],[108.9326,0.3174,0.0],[108.941,0.3168,0.0],[108.9547,0.3106,0.0],[108.9638,0.3138,1.4954],[108.9672,0.3134,0.0],[108.9912,0.3055,0.0],[109.0217,0.293,0.0],[109.0496,0.2768,0.0],[109.0794,0.2556,2.1508],[109.0934,0.2431,0.0],[109.1099,0.2238,4.1352],[109.1179,0.2106,6.4421],[109.1272,0.1901,0.0],[109.1325,0.1654,0.0],[109.1325,0.1408,0.0],[109.1342,0.1357,0.0],[109.1418,0.1228,4.6939],[109.1574,0.1077,0.0],[109.1693,0.0848,1.3308],[109.1795,0.0724,2.4528],[109.2295,0.037,0.0],[109.2476,0.0266,0.903],[109.2893,0.0086,0.0],[109.2963,0.0077,3.3065],[109.3004,0.005,0.5323],[109.3096,0.0038,2.0774],[109.3214,-0.0002,2.3644],[109.3443,-0.0209,2.6266],[109.3676,-0.0185,1.3173],[109.3838,-0.0239,1.802],[109.3831,-0.0264,4.258],[109.3681,-0.0212,0.0],[109.363,-0.0209,0.0],[109.3455,-0.0237,1.6705],[109.352,-0.0361,3.2523],[109.3732,-0.0616,2.4615],[109.3717,-0.0629,2.8832],[109.3506,-0.0377,1.2309],[109.3428,-0.0233,6.7114],[109.315,-0.003,3.6941],[109.306,-0.0009,0.0],[109.2951,-0.0014,3.5331],[109.2641,0.0105,0.0],[109.2409,0.0163,0.578],[109.2208,0.0175,0.0],[109.1812,0.0333,0.0],[109.1709,0.0337,7.557],[109.1687,0.0258,7.0321],[109.167,0.0018,8.0393],[109.1613,-0.0223,0.0],[109.1592,-0.0403,1.7998],[109.1607,-0.0467,1.1021],[109.1664,-0.0506,4.4179],[109.1775,-0.064,1.4758],[109.1755,-0.0702,1.75],[109.1777,-0.078,0.0],[109.1795,-0.0821,4.0086],[109.1849,-0.0857,5.2251],[109.1877,-0.091,4.893],[109.1853,-0.096,0.0],[109.1823,-0.0976,2.4048],[109.1839,-0.1178,3.1306],[109.1889,-0.1277,3.4856],[109.1899,-0.136,4.4262],[109.1839,-0.1604,1.477],[109.1843,-0.1767,0.0],[109.1814,-0.1909,6.7108],[109.1818,-0.1963,3.5797],[109.1888,-0.2064,0.986],[109.2136,-0.2229,1.1416],[109.2257,-0.242,1.1091],[109.2543,-0.2628,2.1798],[109.2676,-0.2662,2.7613],[109.281,-0.2772,3.6823],[109.2893,-0.2787,2.629],[109.289,-0.2826,0.0],[109.279,-0.28,3.0323],[109.2659,-0.2689,0.5775],[109.2521,-0.2653,1.1304],[109.2245,-0.2482,1.2543],[109.2194,-0.243,4.134],[109.2106,-0.2272,1.1519],[109.1985,-0.2206,0.0],[109.1771,-0.2254,2.8296],[109.1727,-0.2316,4.6452],[109.162,-0.2304,2.1979],[109.1532,-0.2344,3.2843],[109.1458,-0.2345,4.9528],[109.1328,-0.2382,2.9995],[109.121,-0.256,0.0],[109.1228,-0.2565,5.8428],[109.1204,-0.2591,2.9961],[109.1067,-0.2674,3.8981],[109.1033,-0.2675,0.0],[109.0897,-0.2746,6.7468],[109.0875,-0.2795,4.859],[109.0879,-0.2862,4.7068],[109.0906,-0.2906,13.1169],[109.095,-0.2933,12.6168],[109.0977,-0.2982,2.8048],[109.1001,-0.2985,8.4918],[109.1051,-0.3063,12.8809],[109.1073,-0.3193,5.8664],[109.1114,-0.3237,3.281],[109.1139,-0.3305,6.5587],[109.1151,-0.3436,4.2665],[109.1501,-0.3578,7.4883],[109.1588,-0.3682,3.4521],[109.1651,-0.3697,0.0],[109.1615,-0.372,3.2319],[109.142,-0.3628,0.0],[109.126,-0.3618,5.0726],[109.1188,-0.3591,1.3247],[109.1098,-0.3528,0.0],[109.1034,-0.3444,0.0],[109.0993,-0.3494,0.0],[109.098,-0.3611,0.0],[109.1163,-0.4355,0.0],[109.1131,-0.4535,5.5602],[109.1121,-0.4781,0.0],[109.1131,-0.4972,2.2965],[109.1164,-0.5141,0.0],[109.1271,-0.5393,0.0],[109.1425,-0.5627,1.236],[109.1473,-0.5663,3.456],[109.1524,-0.5681,6.5417],[109.1589,-0.5733,0.0],[109.1635,-0.5739,0.0],[109.1839,-0.5701,0.0],[109.1896,-0.5681,0.0],[109.1936,-0.5643,0.0],[109.1926,-0.5599,1.593],[109.1867,-0.5542,2.1467],[109.1876,-0.5521,9.929],[109.1955,-0.5533,2.2083],[109.2019,-0.5521,6.9037],[109.2162,-0.5611,17.9724],[109.218,-0.5653,10.3556],[109.2219,-0.5671,2.0473],[109.2231,-0.5707,14.2474],[109.2269,-0.5717,8.2078],[109.2246,-0.5834,19.8692],[109.2272,-0.5893,13.9935],[109.2321,-0.5927,2.2371],[109.2444,-0.5971,1.1787],[109.2514,-0.605,3.0783],[109.2564,-0.6036,10.1877],[109.2583,-0.5994,8.2545],[109.2631,-0.601,8.9179],[109.2691,-0.599,11.8639],[109.2821,-0.5983,7.021],[109.2943,-0.5919,9.5713],[109.3023,-0.5921,11.9902],[109.3095,-0.5943,17.5779],[109.3179,-0.5933,1.7403],[109.3239,-0.588,1.6436],[109.3224,-0.5842,4.4538],[109.3236,-0.5732,3.9276],[109.3332,-0.5716,4.9749],[109.3346,-0.5733,4.0761],[109.334,-0.5764,4.3657],[109.3246,-0.5838,0.0],[109.3266,-0.5869,1.6503],[109.3296,-0.5885,5.4633],[109.3414,-0.5896,0.0],[109.3555,-0.5836,7.1029],[109.3742,-0.5846,0.0],[109.3813,-0.5903,7.7844],[109.3824,-0.5973,4.814],[109.3897,-0.61,11.7671],[109.3981,-0.6168,2.1828],[109.4023,-0.6232,4.0688],[109.4147,-0.6311,13.6219],[109.4455,-0.6262,15.743],[109.4532,-0.6225,20.752],[109.4612,-0.6256,5.5636],[109.4754,-0.6161,12.0078],[109.4768,-0.6166,0.0],[109.4769,-0.6205,0.0],[109.4812,-0.6254,14.5349],[109.495,-0.6244,7.4132],[109.5032,-0.6361,4.7051],[109.5119,-0.6358,9.5467],[109.5169,-0.6424,6.2497],[109.5232,-0.6377,11.0623],[109.5265,-0.6373,15.2693],[109.5286,-0.6392,14.7513],[109.5293,-0.6441,5.6452],[109.5429,-0.6446,0.0],[109.5452,-0.6469,6.4612],[109.5465,-0.6519,1.4352],[109.5531,-0.6499,1.3113],[109.5573,-0.6541,8.2784],[109.5623,-0.6503,4.8164],[109.5664,-0.6505,14.445],[109.569,-0.6536,2.4979],[109.573,-0.65,4.4458],[109.5775,-0.6526,9.6395],[109.5845,-0.6507,10.0554],[109.5862,-0.6527,10.7009],[109.5875,-0.6629,0.0],[109.5834,-0.6778,6.024],[109.5872,-0.6827,6.6689],[109.5877,-0.6895,6.0106],[109.596,-0.6936,4.1653],[109.6009,-0.6915,2.2427],[109.6073,-0.6851,3.6001],[109.6125,-0.6831,2.5778],[109.6176,-0.6848,9.314],[109.618,-0.6896,0.0],[109.6323,-0.6889,7.602],[109.64,-0.6841,7.8234],[109.6472,-0.6834,2.251],[109.6525,-0.6735,2.0439],[109.6575,-0.6712,9.9156],[109.6585,-0.6774,9.2548],[109.6672,-0.6826,9.4824],[109.6698,-0.69,4.228],[109.6722,-0.6905,7.8391],[109.6754,-0.6949,4.7946],[109.6742,-0.6979,6.4186],[109.6674,-0.7004,1.5992],[109.6791,-0.7014,6.3082],[109.6849,-0.7054,4.0519],[109.6889,-0.7057,8.5183],[109.6878,-0.709,10.6064],[109.6888,-0.7121,7.9852],[109.6881,-0.7142,9.6768],[109.6968,-0.7161,6.643],[109.6962,-0.7202,2.935],[109.6918,-0.7273,5.5851],[109.6893,-0.7252,6.18],[109.6878,-0.727,8.5498],[109.685,-0.7278,4.0938],[109.677,-0.7374,3.0947],[109.6722,-0.7395,4.0943],[109.6756,-0.7422,7.1534],[109.6765,-0.7449,0.0],[109.6762,-0.746,0.0],[109.6713,-0.7462,0.0],[109.6709,-0.7543,9.5185],[109.6595,-0.75,4.783],[109.6319,-0.7515,5.6819],[109.6347,-0.7753,0.0],[109.6341,-0.7808,3.3547],[109.6381,-0.7865,8.3967],[109.6356,-0.796,9.2899],[109.6469,-0.8001,6.0249],[109.6513,-0.8033,0.0],[109.6618,-0.8058,7.1751],[109.6655,-0.8102,6.1824],[109.6678,-0.8195,4.5872],[109.6792,-0.8292,9.1693],[109.6832,-0.8293,5.7683],[109.6912,-0.8233,4.756],[109.7136,-0.828,0.0],[109.7211,-0.8489,1.2183],[109.7202,-0.8563,17.2283],[109.7161,-0.8631,22.9464],[109.7188,-0.8691,9.2379],[109.723,-0.8709,15.9678],[109.7266,-0.8705,2.1124],[109.7316,-0.8615,10.9684],[109.7372,-0.8594,9.452],[109.7445,-0.8607,7.1606],[109.75,-0.867,8.7537],[109.7506,-0.875,5.4321],[109.7463,-0.8789,0.0],[109.7404,-0.8804,0.0],[109.7392,-0.8835,3.0677],[109.7503,-0.894,2.2549],[109.7582,-0.8963,7.0639],[109.758,-0.9033,13.3954],[109.7482,-0.9138,1.0298],[109.7339,-0.915,3.6163],[109.7305,-0.9171,1.0162],[109.7271,-0.9225,3.5362],[109.7315,-0.935,0.0],[109.734,-0.9489,5.5013],[109.7324,-0.9874,19.8351],[109.7421,-0.9928,19.7811],[109.7477,-0.9894,17.115],[109.7547,-0.9891,11.4143],[109.7634,-0.9939,4.0411],[109.769,-1.0034,2.1882],[109.768,-1.0332,10.079],[109.7756,-1.0443,13.0947],[109.7878,-1.0418,5.6135],[109.7996,-1.0452,3.8347],[109.8036,-1.0487,9.4009],[109.8044,-1.0541,15.0849],[109.8201,-1.0837,9.2325],[109.8193,-1.0913,4.7807],[109.826,-1.0946,0.0],[109.8308,-1.0882,2.5955],[109.8429,-1.0878,6.1127],[109.8557,-1.0905,6.1715],[109.8858,-1.1002,3.8382],[109.9371,-1.1225,9.0157],[109.9403,-1.1232,1.3971],[109.9424,-1.1209,1.4565],[109.9466,-1.125,11.1594],[109.9393,-1.1365,2.227],[109.9336,-1.1544,0.0],[109.9229,-1.176,0.0],[109.9211,-1.1852,2.8255],[109.9169,-1.1913,12.822],[109.9134,-1.191,0.0],[109.9114,-1.1927,1.6321],[109.9109,-1.201,0.0],[109.9099,-1.2032,15.5119],[109.9069,-1.204,0.0],[109.9078,-1.209,17.6399],[109.9118,-1.2093,39.4132],[109.9131,-1.212,3.2333],[109.9124,-1.2171,5.2035],[109.9152,-1.2172,14.2306],[109.9168,-1.2206,9.4089],[109.9265,-1.2136,9.3168],[109.9353,-1.2195,7.9121],[109.9331,-1.2232,0.0],[109.9347,-1.2271,18.3231],[109.9335,-1.233,0.0],[109.9365,-1.2323,15.967],[109.9394,-1.2354,10.8649],[109.9424,-1.2317,4.9731],[109.9441,-1.2322,4.9731],[109.9472,-1.2361,2.9257],[109.9486,-1.2425,3.3568],[109.9452,-1.2496,9.6469],[109.9419,-1.2491,0.0],[109.939,-1.2514,3.4729],[109.9411,-1.2525,21.2838],[109.9416,-1.2549,0.0],[109.9504,-1.2579,6.4572],[109.9485,-1.2611,0.0],[109.951,-1.2649,0.0],[109.9523,-1.2617,3.9864],[109.9559,-1.2617,3.6561],[109.9608,-1.2641,26.0407],[109.9603,-1.2723,9.0824],[109.9624,-1.277,11.2173],[109.9644,-1.2785,0.0],[109.976,-1.2751999999999999,4.7547],[109.9806,-1.2763,1.2896],[109.9813,-1.278,0.0],[109.9818,-1.2767,3.0726],[109.9867,-1.2784,0.0],[109.9876,-1.2742,8.8868],[109.9925,-1.275,0.0],[109.9935,-1.2738,11.0194],[110.0151,-1.2851,7.2515],[110.0328,-1.3029,8.5566],[110.0326,-1.3074,1.497],[110.0306,-1.309,0.7496],[110.0316,-1.3112,38.6503],[110.0355,-1.3095,11.9406],[110.04,-1.3129,11.4349],[110.0471,-1.321,7.2092],[110.0576,-1.3374,8.1098],[110.065,-1.3557,0.0],[110.0661,-1.3609,3.5599],[110.0641,-1.3642,0.0],[110.0676,-1.3649,1.4318],[110.0718,-1.377,9.1154],[110.074,-1.3873,10.3789],[110.0745,-1.4047,12.8659],[110.0706,-1.4217,4.4895],[110.065,-1.4292,0.0],[110.0576,-1.4338,10.3685],[110.0612,-1.4431,0.0],[110.0639,-1.4595,4.5476],[110.0612,-1.4627,0.0],[110.0577,-1.4742,9.264],[110.0442,-1.4954,1.3134],[110.0363,-1.5227,0.0],[110.0355,-1.533,2.6911],[110.0395,-1.5504,5.4455],[110.0418,-1.58,4.2773],[110.0363,-1.6451,2.6078],[110.0332,-1.6634,4.065],[110.0267,-1.6827,3.5059],[110.0169,-1.7006,3.7557],[109.9979,-1.7166,6.6254],[109.9843,-1.7397,7.1424],[109.9753,-1.7494,0.0],[109.9575,-1.7623,2.2333],[109.9488,-1.7639,2.9153],[109.9409,-1.7623,0.0],[109.9402,-1.7649,4.9082],[109.9459,-1.7741,2.772],[109.943,-1.7774,0.5],[109.9299,-1.7766,5.1678],[109.9244,-1.7742,0.0],[109.9206,-1.7746,4.8697],[109.9169,-1.7722,0.0],[109.9121,-1.7736,2.0337],[109.909,-1.8052,2.3506],[109.9243,-1.8191,6.812],[109.9286,-1.8303,4.2871],[109.9269,-1.8317,0.9923],[109.9194,-1.8299,3.479],[109.9167,-1.827,0.0],[109.9132,-1.8263,2.2051],[109.9098,-1.8279,1.1594],[109.9055,-1.8247,3.8313],[109.9017,-1.8257,0.0],[109.9008,-1.8277,0.0],[109.9167,-1.8511,1.8301],[109.9232,-1.8567,0.0],[109.9615,-1.8735,1.4076],[109.9821,-1.8876,3.3573],[109.9964,-1.8998,1.1024],[110.0113,-1.9077,1.9428],[110.0478,-1.9189,3.491],[110.0628,-1.9274,2.8983],[110.0762,-1.9394,2.8833],[110.0886,-1.9585,3.2693],[110.0913,-1.9587,3.1468],[110.0913,-1.9618,3.324],[110.0964,-1.9696,1.3052],[110.098,-1.9759,0.7739],[110.1001,-1.9776,3.08],[110.1001,-1.9828,0.0],[110.1029,-1.9879,2.927],[110.1059,-2.0061,2.4512],[110.1074,-2.0075,4.2328],[110.1088,-2.0253,0.0],[110.1114,-2.0273,4.7113],[110.1146,-2.0269,2.1386],[110.1217,-2.0296,2.6138],[110.1208,-2.0326,0.5],[110.1189,-2.033,5.8464],[110.1186,-2.0311,0.0],[110.113,-2.0386,0.6964],[110.1122,-2.0442,1.99],[110.1182,-2.059,6.5325],[110.1197,-2.0805,5.1991],[110.1197,-2.0911,3.2524],[110.1153,-2.1102,1.2585],[110.1155,-2.1284,3.4943],[110.1088,-2.1552,0.0],[110.0992,-2.1705,0.0],[110.0905,-2.1786,11.9622],[110.0858,-2.1785,0.0],[110.0839,-2.1873,0.0],[110.087,-2.1931,0.0],[110.092,-2.1939,1.7947],[110.0941,-2.1991,1.1195],[110.0944,-2.209,0.0],[110.0917,-2.2246,4.3912],[110.086,-2.2356,0.0],[110.0827,-2.2389,3.0355],[110.0774,-2.2418,4.8282],[110.0708,-2.2366,0.383],[110.062,-2.2452,0.4604],[110.0648,-2.2477,11.0115],[110.0683,-2.246,36.7287],[110.0767,-2.2468,3.9854],[110.0788,-2.2427,2.2757],[110.085,-2.2427,9.4987],[110.0867,-2.2406,12.86],[110.0918,-2.2419,6.9777],[110.1104,-2.2575,3.399],[110.1225,-2.2748,0.8291],[110.126,-2.2834,4.1665],[110.1334,-2.2944,0.0],[110.1349,-2.3002,0.0],[110.1375,-2.302,1.1664],[110.1405,-2.3084,1.9755],[110.145,-2.3253,3.2821],[110.1459,-2.3408,4.853],[110.1449,-2.3456,2.3166],[110.1427,-2.3456,0.0],[110.145,-2.3473,2.1536],[110.1435,-2.3536,0.0],[110.1488,-2.371,3.8427],[110.1507,-2.3974,0.0],[110.1532,-2.4107,6.5178],[110.153,-2.4155,4.7918],[110.151,-2.4192,1.1439],[110.152,-2.4231,0.0],[110.1491,-2.4288,2.0255],[110.1533,-2.4303,17.5995],[110.1546,-2.4333,21.3585],[110.161,-2.4345,11.7297],[110.1649,-2.4375,18.8885],[110.1729,-2.4471,7.9804],[110.1739,-2.4504,2.6035],[110.1759,-2.4503,2.5006],[110.182,-2.4568,4.6727],[110.1841,-2.4818,0.0],[110.1861,-2.4891,0.8207],[110.1847,-2.4983,0.0],[110.1885,-2.4989,7.8817],[110.1912,-2.5028,6.3446],[110.1962,-2.5177,6.351],[110.1955,-2.5341,11.587],[110.1921,-2.5442,5.4725],[110.1903,-2.5688,6.7838],[110.1842,-2.5898,14.8788],[110.1791,-2.5903,0.0],[110.1779,-2.5934,9.6211],[110.1764,-2.5929,0.0],[110.1763,-2.5955,0.0],[110.1732,-2.597,5.2896],[110.1762,-2.5981,3.7025],[110.174,-2.5996,4.2606],[110.1736,-2.6027,2.7809],[110.1688,-2.5996,1.426],[110.1676,-2.6013,5.4871],[110.1661,-2.5996,5.0111],[110.1631,-2.6016,23.1754],[110.1619,-2.6078,0.0],[110.1573,-2.6084,0.0],[110.1594,-2.6105,0.0],[110.1558,-2.6115,0.0],[110.1572,-2.6143,14.0856],[110.1534,-2.6132,4.9961],[110.156,-2.6165,4.9742],[110.1541,-2.6163,4.9742],[110.1532,-2.6181,14.7572],[110.1507,-2.6175,0.0],[110.1491,-2.6211,5.7204],[110.1525,-2.6227,21.3849],[110.1509,-2.6252,10.1637],[110.158,-2.6287,2.9186],[110.1596,-2.6345,4.7248],[110.1635,-2.6335,3.1759],[110.1657,-2.631,20.4549],[110.1679,-2.6321,3.8316],[110.1716,-2.6304,7.3679],[110.1799,-2.6342,9.2019],[110.1901,-2.6339,10.6195],[110.1992,-2.6375,9.5746],[110.2146,-2.6482,9.6736],[110.2187,-2.6598,3.1423],[110.2189,-2.6668,5.5774],[110.2172,-2.6689,2.8421],[110.2196,-2.6713,2.6217],[110.2185,-2.6736,1.9166],[110.2212,-2.6745,7.4493],[110.2223,-2.6828,7.798],[110.231,-2.6896,0.0],[110.2337,-2.6971,5.3244],[110.2286,-2.7119,4.9665],[110.2321,-2.7166,0.0],[110.231,-2.7239,0.0],[110.2289,-2.7284,4.9833],[110.2187,-2.7392,4.6075],[110.2238,-2.7396,1.0246],[110.2269,-2.7428,5.4972],[110.2378,-2.7476,6.4507],[110.2446,-2.7529,5.2942],[110.2573,-2.7583,6.3632],[110.2594,-2.7628,9.7203],[110.2642,-2.7787,0.7679],[110.2652,-2.7954,1.6293],[110.2594,-2.828,2.6894],[110.252,-2.8497,4.207],[110.2405,-2.8682,0.0],[110.2242,-2.886,1.6542],[110.2294,-2.8959,1.6561],[110.2393,-2.9053,2.4673],[110.2483,-2.9196,0.0],[110.2525,-2.9321,1.2819],[110.2564,-2.9531,0.0],[110.26,-2.9612,3.1977],[110.2652,-2.9647,0.0],[110.2834,-2.9714,0.0],[110.2944,-2.9791,4.9918],[110.3017,-2.986,0.0],[110.3006,-2.9898,0.0],[110.3063,-2.996,1.7036],[110.3076,-2.9907,0.928],[110.3184,-2.9781,2.0343],[110.3515,-2.9473,6.2406],[110.415,-2.899,7.1527],[110.4768,-2.8662,8.7019],[110.5113,-2.8503,5.35],[110.524,-2.8483,6.7045],[110.5293,-2.8445,6.6167],[110.5382,-2.8418,7.1981],[110.5542,-2.838,1.9581],[110.5647,-2.8376,3.8921],[110.5785,-2.8421,4.8077],[110.5977,-2.8544,5.6851],[110.6149,-2.873,0.0],[110.6234,-2.8903,2.5807],[110.6309,-2.9136,1.0311],[110.6336,-2.9284,1.9707],[110.6378,-2.9831,3.5711],[110.6416,-2.9878,0.5],[110.648,-2.9887,2.0925],[110.6374,-2.9923,3.4472],[110.63,-2.9923,6.6672],[110.6245,-2.9912,6.8102],[110.612,-2.9849,7.4236],[110.6111,-2.9909,3.5731],[110.6311,-3.0172,5.1622],[110.6327,-3.0236,6.8361],[110.6309,-3.0271,5.8614],[110.6333,-3.0302,3.6945],[110.6396,-3.0329,1.7365],[110.6496,-3.0405,0.0],[110.6574,-3.0414,0.0],[110.6602,-3.0408,0.0],[110.6665,-3.0354,0.0],[110.6736,-3.0332,0.0],[110.6777,-3.0286,0.0],[110.6798,-3.0293,0.0],[110.6793,-3.0275,0.0],[110.6935,-3.0172,0.0],[110.7271,-3.0022,0.0],[110.7289,-2.9878,3.6637],[110.7322,-2.9873,0.0],[110.7368,-2.9823,0.0],[110.7443,-2.9629,0.6805],[110.7552,-2.9424,0.0],[110.7807,-2.9216,1.0737],[110.7882,-2.9131,9.775],[110.7995,-2.9071,9.0393],[110.8285,-2.9058,0.0],[110.8393,-2.8948,0.7901],[110.8539,-2.8896,9.863]]]]}}